annualized_return,max_drawdown,sharpe,final_nav,core,anti_max,lowrisk_cluster,period
0.0688238625080817,-0.2234613778936666,0.49826919371481976,1.4896379041833745,0.0,0.0,1.0,设计期2018-2023
0.2885636096738262,-0.08655421783139194,1.5653482847192595,1.2874460688755471,0.0,0.0,1.0,验证期2024
0.008907355681368356,-0.16609263933470464,0.13620877331654468,1.014821868393991,0.0,0.0,1.0,验证期2025-2026-08
0.07992987756635572,-0.2234613778936666,0.5732181806762234,1.946254264881425,0.0,0.0,1.0,全周期
0.06694945148747933,-0.21761859980119158,0.49019907912723404,1.474063951258316,0.0,0.05,0.95,设计期2018-2023
0.2860570126131403,-0.08550224918558946,1.5563872519677602,1.2849502083351905,0.0,0.05,0.95,验证期2024
0.00920462728195548,-0.16447851959936555,0.13845901175590594,1.0153180224194598,0.0,0.05,0.95,验证期2025-2026-08
0.0784392264678242,-0.21761859980119158,0.5675454711868673,1.9231126288649134,0.0,0.05,0.95,全周期
0.06506258901723938,-0.21174272576866005,0.4817453760987608,1.4585237653066394,0.0,0.1,0.9,设计期2018-2023
0.2835217215790229,-0.08445168287228622,1.546050139775956,1.2824257597912094,0.0,0.1,0.9,验证期2024
0.009491968386150074,-0.16286621262007983,0.1406775163195482,1.015797693755341,0.0,0.1,0.9,验证期2025-2026-08
0.076934340418789,-0.21174272576866005,0.5614720277743291,1.8999972196619292,0.0,0.1,0.9,全周期
0.06316335671356965,-0.20583366396867164,0.47290471979002674,1.4430197572741366,0.0,0.15000000000000002,0.85,设计期2018-2023
0.2809579304597407,-0.08340252563503558,1.5343568515394408,1.2798729156920408,0.0,0.15000000000000002,0.85,验证期2024
0.009769373129132619,-0.1612557402937751,0.14285845189847912,1.0162608632678676,0.0,0.15000000000000002,0.85,验证期2025-2026-08
0.07541528851038959,-0.20583366396867164,0.5549921743915013,1.8769137982588426,0.0,0.15000000000000002,0.85,全周期
0.06125183652938859,-0.20197621522902165,0.4636754387507528,1.4275543016572052,0.0,0.2,0.8,设计期2018-2023
0.27836583485864375,-0.082354784214133,1.5213379627572665,1.2772918701902354,0.0,0.2,0.8,验证期2024
0.0100368359302061,-0.15964712453036678,0.14499586969911957,1.0167075126151932,0.0,0.2,0.8,验证期2025-2026-08
0.07388214031905838,-0.20197621522902165,0.5481021250346803,1.8538680408035355,0.0,0.2,0.8,全周期
0.05932811074904798,-0.20042947908416098,0.4540577032171157,1.4121297360761775,0.0,0.25,0.75,设计期2018-2023
0.27574563207060976,-0.08130846534655922,1.5070343225630416,1.2746828191191546,0.0,0.25,0.75,验证期2024
0.010294351492975418,-0.15804038725229963,0.14708375514085636,1.0171376242485757,0.0,0.25,0.75,验证期2025-2026-08
0.07233496590167987,-0.20042947908416098,0.5408001489880006,1.8308655367212525,0.0,0.25,0.75,全周期
0.05739226198304537,-0.1988862718082336,0.44405365980942724,1.3967483608697522,0.0,0.30000000000000004,0.7,设计期2018-2023
0.2730975210583002,-0.08026357576591514,1.491496435181874,1.2720459599694796,0.0,0.30000000000000004,0.7,验证期2024
0.01054191480544775,-0.15643555039412904,0.1491160806302906,1.017551181413387,0.0,0.30000000000000004,0.7,验证期2025-2026-08
0.07077383579071506,-0.1988862718082336,0.5330867162438746,1.8079117869111387,0.0,0.30000000000000004,0.7,全周期
0.05544437316272055,-0.19734662358767197,0.43366754826221654,1.381412438710469,0.0,0.35000000000000003,0.65,设计期2018-2023
0.2704217024283133,-0.07998752849262891,1.4747836425491692,1.2693814918656192,0.0,0.35000000000000003,0.65,验证期2024
0.01077952114018843,-0.15483263590207452,0.1510868625253477,1.0179481681501752,0.0,0.35000000000000003,0.65,验证期2025-2026-08
0.06919882098930885,-0.19734662358767197,0.5249646179912103,1.7850122020240735,0.0,0.35000000000000003,0.65,全周期
0.05348452753495203,-0.1958105645765159,0.42290579584552046,1.366124194241281,0.0,0.4,0.6,设计期2018-2023
0.26771837840718415,-0.08203894546611867,1.4569631372258307,1.2666896155419656,0.0,0.4,0.6,验证期2024
0.011007166054395334,-0.1532316657335775,0.15299022140478427,1.018328569295553,0.0,0.4,0.6,验证期2025-2026-08
0.06760999296637249,-0.1958105645765159,0.5164390573693061,1.7621721008219087,0.0,0.4,0.6,全周期
0.05151280865684038,-0.19427812489545881,0.4117770853393515,1.3508858137330706,0.0,0.45,0.55,设计期2018-2023
0.26498775281723663,-0.08426679097972012,1.4381088408539067,1.2639705333190028,0.0,0.45,0.55,验证期2024
0.011224845390021887,-0.15163266185686697,0.15482044457304026,1.0186923704831208,0.0,0.45,0.55,验证期2025-2026-08
0.06600742365164658,-0.19427812489545881,0.5075177062250067,1.7393967086184088,0.0,0.45,0.55,全周期
0.04952930039039316,-0.1927493346308945,0.4002923928170757,1.3356994447631398,0.0,0.5,0.5,设计期2018-2023
0.26223003105231313,-0.08649464582483235,1.4183001873745447,1.2612244490792954,0.0,0.5,0.5,验证期2024
0.011432555273848788,-0.15003564625050625,0.15657204956761783,1.0190395581442708,0.0,0.5,0.5,验证期2025-2026-08
0.06439118543074596,-0.1927493346308945,0.4982107243805743,1.7166911558019657,0.0,0.5,0.5,全周期
0.04753408689719074,-0.19133690978486328,0.38846499208195967,1.3205671959144345,0.0,0.55,0.45,设计期2018-2023
0.25944542005340043,-0.08872248449336417,1.3976208519264866,1.2584515682433721,0.0,0.55,0.45,验证期2024
0.01163029211754818,-0.1484406409029655,0.15823984730714755,1.0193701195089298,0.0,0.55,0.45,验证期2025-2026-08
0.06276135114017456,-0.19133690978486328,0.4885307389006888,1.6940604764399847,0.0,0.55,0.45,全周期
0.0455272526330579,-0.1905163190739504,0.3763104233766846,1.3054911364955906,0.0,0.6000000000000001,0.4,设计期2018-2023
0.25663412828408694,-0.09095028154093021,1.3761574658032107,1.255652097745443,0.0,0.6000000000000001,0.4,验证期2024
0.011818052617754038,-0.14684766781216452,0.15981900343295233,1.0196840426062779,0.0,0.6000000000000001,0.4,验证期2025-2026-08
0.06111799406233276,-0.1905163190739504,0.47849278200395945,1.6715096069651902,0.0,0.6000000000000001,0.4,全周期
0.043508882342719435,-0.18969892993654214,0.36384642492747765,1.2904732962815282,0.0,0.65,0.35,设计期2018-2023
0.25379636570594166,-0.09317801158722738,1.3539983552900738,1.2528262460090407,0.0,0.65,0.35,验证期2024
0.011995833756095697,-0.14525674898502838,0.16130509636365098,1.0199813162653621,0.0,0.65,0.35,验证期2025-2026-08
0.05946118792049271,-0.18969892993654214,0.46811418754744366,1.6490433849433976,0.0,0.65,0.35,全周期
0.041479061054457755,-0.18888475253681714,0.3510928269589697,1.2755156652746198,0.0,0.7000000000000001,0.3,设计期2018-2023
0.25093234375375295,-0.09540564931640194,1.3312323379856743,1.249974222922518,0.0,0.7000000000000001,0.3,验证期2024
0.012163632799226942,-0.14366790643704808,0.16269417060690824,1.02026193011566,0.0,0.7000000000000001,0.3,验证期2025-2026-08
0.05779100687376282,-0.18888475253681714,0.4574144473600657,1.6266665479228288,0.0,0.7000000000000001,0.3,全周期
0.039437874074760515,-0.1880737970010945,0.33807140897741117,1.2606201934861763,0.0,0.75,0.25,设计期2018-2023
0.24804227531066725,-0.09763316947741463,1.3079476047781,1.2470962398144512,0.0,0.75,0.25,验证期2024
0.012321447298851318,-0.14208116219182354,0.16398278395747173,1.0205258745875987,0.0,0.75,0.25,验证期2025-2026-08
0.05610752551202891,-0.1880737970010945,0.4464150300426863,1.6043837323645551,0.0,0.75,0.25,全周期
0.03738540698297177,-0.18726607341763912,0.32480572231361615,1.2457887907382565,0.0,0.8,0.2,设计期2018-2023
0.2451263746832255,-0.10057269856089734,1.2842307094766006,1.244192509428939,0.0,0.8,0.2,验证期2024
0.012469275091714582,-0.14163967939309652,0.1651680473550777,1.020773140912978,0.0,0.8,0.2,验证期2025-2026-08
0.054410818850882725,-0.18726607341763912,0.43513916611649606,1.582199472653892,0.0,0.8,0.2,全周期
0.03532174562592516,-0.18646159183646005,0.3113208810821184,1.2310233264854449,0.0,0.8500000000000001,0.15,设计期2018-2023
0.24218485757625952,-0.10353136896892456,1.2601656816598485,1.2412632459007622,0.0,0.8500000000000001,0.15,验证期2024
0.012607114299614919,-0.14183157783698874,0.16624765637475442,1.0210037211253795,0.0,0.8500000000000001,0.15,验证期2025-2026-08
0.052700962326521106,-0.18646159183646005,0.4236116045178885,1.5601182001920688,0.0,0.8500000000000001,0.15,全周期
0.03324697611258842,-0.18566036226910132,0.2976433257873523,1.2163256296566831,0.0,0.9,0.1,设计期2018-2023
0.23921794106774907,-0.10651513689835757,1.2358332720094738,1.2383086647305048,0.0,0.9,0.1,验证期2024
0.012734963329355642,-0.14203150645907436,0.16721991356697746,1.0212176080604405,0.0,0.9,0.1,验证期2025-2026-08
0.05097803179064364,-0.18566036226910132,0.4118583463462156,1.5381442425681153,0.0,0.9,0.1,全周期
0.0311611848086919,-0.18486239468844978,0.28380056473222587,1.2016974885167484,0.0,0.9500000000000001,0.05,设计期2018-2023
0.23622584358352472,-0.10950301781038052,1.2113103335898503,1.2353289827595229,0.0,0.9500000000000001,0.05,验证期2024
0.012852820872736537,-0.1422394577052748,0.16808374114436386,1.021414795356151,0.0,0.9500000000000001,0.05,验证期2025-2026-08
0.04924210350531455,-0.18486239468844978,0.3999063624236076,1.5162818228099946,0.0,0.9500000000000001,0.05,全周期
0.02906445833136484,-0.18406769902852804,0.2698208991083623,1.1871406505474082,0.0,1.0,0.0,设计期2018-2023
0.23320878487191776,-0.11248638339483685,1.1866693374578008,1.2323244181448585,0.0,1.0,0.0,验证期2024
0.012960685906482139,-0.14245542381024068,0.16883868381110687,1.0215952774530053,0.0,1.0,0.0,验证期2025-2026-08
0.04749325413782701,-0.18406769902852804,0.38778330159321195,1.4945350587148098,0.0,1.0,0.0,全周期
0.0713696963876711,-0.21998993456449334,0.5135948169601658,1.5110098192964654,0.05,0.0,0.95,设计期2018-2023
0.27689478622600494,-0.08513680176924099,1.5098492421785425,1.275827084671289,0.05,0.0,0.95,验证期2024
0.017110893180923847,-0.16469949798524863,0.1980522043722787,1.0285491099273054,0.05,0.0,0.95,验证期2025-2026-08
0.08225382080654686,-0.21998993456449334,0.5875956002233185,1.9828238628554264,0.05,0.0,0.95,全周期
0.06949043167665425,-0.21412408042597342,0.5056493861269612,1.4952091694386231,0.05,0.05,0.9,设计期2018-2023
0.2743924207653865,-0.08408586692467701,1.5000990025607128,1.2733353599714532,0.05,0.05,0.9,验证期2024
0.017410554149956736,-0.16308235403429305,0.20084597780745195,1.0290519286861377,0.05,0.05,0.9,验证期2025-2026-08
0.080757882135426,-0.21412408042597342,0.5819894243636626,1.9592147516397946,0.05,0.05,0.9,全周期
0.06759868637076627,-0.20822502635419993,0.4973140527904448,1.4794428325200062,0.05,0.1,0.85,设计期2018-2023
0.2718617016140177,-0.08303634152673112,1.4890340027048954,1.27081538511855,0.05,0.1,0.85,验证期2024
0.017700203166250983,-0.1614670251458905,0.2035855479265679,1.0295380405883403,0.05,0.1,0.85,验证期2025-2026-08
0.07924768366370061,-0.20822502635419993,0.5759746987977346,1.935633145063578,0.05,0.1,0.85,全周期
0.06569454229882932,-0.2022926804671079,0.48858491250329594,1.4637132540653526,0.05,0.15000000000000002,0.8,设计期2018-2023
0.2693028220625622,-0.08198823231673458,1.4766799126586172,1.2682673519741945,0.05,0.15000000000000002,0.8,验证期2024
0.01797983431960959,-0.15985353325785623,0.2062628869723948,1.0300074262454695,0.05,0.15000000000000002,0.8,验证期2025-2026-08
0.07772329471140216,-0.2022926804671079,0.5695454372585784,1.9120849106980657,0.05,0.15000000000000002,0.8,全周期
0.06377808162711895,-0.1963269514883237,0.47945976336647467,1.4480228426049309,0.05,0.2,0.75,设计期2018-2023
0.2667159770893148,-0.08094154603270065,1.4630724232062717,1.2656914540769422,0.05,0.2,0.75,验证期2024
0.018249441986315063,-0.15824190032102803,0.20886986027789028,1.030460067071841,0.05,0.2,0.75,验证期2025-2026-08
0.07618478508438753,-0.1963269514883237,0.5626975826805595,1.888575829298091,0.05,0.2,0.75,全周期
0.06184938685405994,-0.19417862996348512,0.46993826032409963,1.4323739692419273,0.05,0.25,0.7,设计期2018-2023
0.2641013633367373,-0.07989628940926252,1.4482567378584739,1.2630878866190745,0.05,0.25,0.7,验证期2024
0.01850902082927397,-0.15663214829883454,0.2113982960721313,1.0308959452856707,0.05,0.25,0.7,验证期2025-2026-08
0.07463222506946976,-0.19417862996348512,0.5554291767985137,1.865111592889613,0.05,0.25,0.7,全周期
0.059908540804928245,-0.19262282805966502,0.46002205610596625,1.416768967241405,0.05,0.30000000000000004,0.65,设计期2018-2023
0.2614591790878418,-0.07975527603532084,1.4322868659621313,1.2604568464232337,0.05,0.30000000000000004,0.65,验证期2024
0.018758565798182136,-0.15502429916684168,0.21384006161875954,1.0313150439102043,0.05,0.30000000000000004,0.65,验证期2025-2026-08
0.07306568542953706,-0.19262282805966502,0.5477405093481427,1.8416978029400752,0.05,0.30000000000000004,0.65,全周期
0.05795562662653486,-0.1910706125500342,0.44971492432704924,1.4012101316405754,0.05,0.35000000000000003,0.6,设计期2018-2023
0.2587896242424508,-0.08198917609901035,1.4152247416268169,1.2577985319189353,0.05,0.35000000000000003,0.6,验证期2024
0.018998072129611465,-0.15341837491233246,0.21618714461754554,1.0317173467746756,0.05,0.35000000000000003,0.6,验证期2025-2026-08
0.07148523739863921,-0.1910706125500342,0.5396342416313873,1.8183399686114758,0.05,0.35000000000000003,0.6,全周期
0.05599072778190983,-0.18952201383878386,0.43902286026305526,1.3856997188804887,0.05,0.4,0.55,设计期2018-2023
0.25609290029331055,-0.08425463665536104,1.3971391997300158,1.2551131431189353,0.05,0.4,0.55,验证期2024
0.019227535347143387,-0.1518143975338475,0.21843173852616252,1.0321028385153048,0.05,0.4,0.55,验证期2025-2026-08
0.06989095267706014,-0.18952201383878386,0.5311154995342963,1.7950435050967322,0.05,0.4,0.55,全周期
0.05401392804497274,-0.1882839567422563,0.42795415501121975,1.3702399464589679,0.05,0.45,0.5,设计期2018-2023
0.25336921030206194,-0.0865199278538028,1.3781048449355384,1.2524008815954555,0.05,0.45,0.5,验证期2024
0.019446951261455014,-0.1502123890407565,0.22056633020727753,1.0324715045761717,0.05,0.45,0.5,验证期2025-2026-08
0.06828290342636634,-0.1882839567422563,0.5221919316487235,1.7718137320393388,0.05,0.45,0.5,全周期
0.05202531149519407,-0.18745211265745954,0.41651943913144274,1.354832992604745,0.05,0.5,0.45,设计期2018-2023
0.25061875887511786,-0.08878502415717093,1.3582008522131517,1.2496619504563167,0.05,0.5,0.45,验证期2024
0.019656315970401295,-0.14861237145281136,0.22258378809118293,1.0328233312100439,0.05,0.5,0.45,验证期2025-2026-08
0.06666116226442709,-0.18745211265745954,0.5128737289486863,1.7486558720363714,0.05,0.5,0.45,全周期
0.050024962512264404,-0.1866234686434488,0.4047316924496803,1.339480995972851,0.05,0.55,0.4,设计期2018-2023
0.24784175213938475,-0.09104990009620006,1.3375097377459595,1.2468965543209174,0.05,0.55,0.4,验证期2024
0.019855625859099835,-0.14701436679969881,0.22447744888166604,1.0331583054791664,0.05,0.55,0.4,验证期2025-2026-08
0.06502580226043198,-0.1866234686434488,0.5031736034867911,1.7255750492251947,0.05,0.55,0.4,全周期
0.04801296577073222,-0.1857980350009779,0.3926062174862762,1.3241860553608262,0.05,0.6000000000000001,0.35,设计期2018-2023
0.24503839771786629,-0.09331453026988223,1.316116137492905,1.244104899296094,0.05,0.6000000000000001,0.35,验证期2024
0.020044877599964206,-0.145418397120598,0.22624120073648676,1.033476415255925,0.05,0.6000000000000001,0.35,验证期2025-2026-08
0.06337689692986315,-0.1857980350009779,0.49310672476883327,1.702576287953219,0.05,0.6000000000000001,0.35,全周期
0.04598940623466152,-0.18497582199312945,0.38016057492618777,1.3089502294460797,0.05,0.65,0.3,设计期2018-2023
0.24220890470519363,-0.09557888934582226,1.2941056273206764,1.2412871929519105,0.05,0.65,0.3,验证期2024
0.02022406815276545,-0.14382448446373552,0.22786956083472654,1.033777649223514,0.05,0.65,0.3,验证期2025-2026-08
0.061714520229473546,-0.18497582199312945,0.4826906137835218,1.6796645115312983,0.05,0.65,0.3,全周期
0.0439543691522708,-0.18415683984510056,0.3674144806420479,1.293775536543943,0.05,0.7000000000000001,0.25,设计期2018-2023
0.23935348364297004,-0.09784295206059723,1.2715636139202147,1.2384436442972615,0.05,0.7000000000000001,0.25,验证期2024
0.02039319476465251,-0.14223265088593307,0.22935774530860095,1.0340619968764937,0.05,0.7000000000000001,0.25,验证期2025-2026-08
0.06003874655222696,-0.18415683984510056,0.4719449960451278,1.6568445410699613,0.05,0.7000000000000001,0.25,全周期
0.04190794005056375,-0.18334109874401094,0.35438966496850927,1.2786639543863685,0.05,0.75,0.2,设计期2018-2023
0.23647234649506021,-0.10066639614638573,1.2485743201211785,1.2355744637554218,0.05,0.75,0.2,验证期2024
0.02055225497017865,-0.14064291845216503,0.23070172966937288,1.0343294485213166,0.05,0.75,0.2,验证期2025-2026-08
0.05834965072222542,-0.18334109874401094,0.460891616377908,1.6341210943984943,0.05,0.75,0.2,全周期
0.03985020472996781,-0.18252860883869537,0.3411096961513497,1.2636174199212702,0.05,0.8,0.15,设计期2018-2023
0.23356570662278675,-0.10366145639134683,1.22521988216501,1.2326798631395037,0.05,0.8,0.15,验证期2024
0.020701246591296796,-0.1390553092351029,0.23189829809272605,1.03457999527676,0.05,0.8,0.15,验证期2025-2026-08
0.056647307989625695,-0.18252860883869537,0.4495540194581513,1.6114987850666183,0.05,0.8,0.15,全周期
0.03778124925895732,-0.18171938023948897,0.3275997710950597,1.2486378291321516,0.05,0.8500000000000001,0.1,设计期2018-2023
0.23063377875994817,-0.10665205137035483,1.2015795704123342,1.229760055627736,0.05,0.8500000000000001,0.1,验证期2024
0.020840167737353754,-0.13755427486927863,0.23294508023968402,1.0348136290743164,0.05,0.8500000000000001,0.1,验证期2025-2026-08
0.05493179402552162,-0.18171938023948897,0.4379573012619206,1.58898212142798,0.05,0.8500000000000001,0.1,全周期
0.03570115996867873,-0.1809134230180396,0.3138864776439969,1.233727036877998,0.05,0.9,0.05,设计期2018-2023
0.22767677898785177,-0.10963816020743511,1.1777291391987745,1.2268152557387582,0.05,0.9,0.05,验证期2024
0.02096901680506713,-0.1377533580639394,0.23384057466111652,1.0350303426585084,0.05,0.9,0.05,验证期2025-2026-08
0.05320318491682552,-0.1809134230180396,0.42612783748255867,1.5665755058054358,0.05,0.9,0.05,全周期
0.03361002344757158,-0.18061497204187293,0.29999753359373754,1.2188868567532063,0.05,0.9500000000000001,-0.0,设计期2018-2023
0.22469492471015196,-0.11261976217644809,1.1537403063880152,1.2238456793067218,0.05,0.9500000000000001,-0.0,验证期2024
0.02108779247849779,-0.13796050583282904,0.23458415824897896,1.0352301295871609,0.05,0.9500000000000001,-0.0,验证期2025-2026-08
0.05146155716112322,-0.18061497204187293,0.4140929956344344,1.5442832337372154,0.05,0.9500000000000001,-0.0,全周期
0.07389958744385106,-0.21651015408116991,0.5285567018425313,1.5325003083240107,0.1,0.0,0.9,设计期2018-2023
0.2652487125285903,-0.08386237802111407,1.4514892444957876,1.2642303907243115,0.1,0.0,0.9,验证期2024
0.02533132362566315,-0.1633081470905139,0.2598015390315457,1.0423780179083317,0.1,0.0,0.9,验证期2025-2026-08
0.08454912405671089,-0.21651015408116991,0.6012804422337884,2.019538053593285,0.1,0.0,0.9,全周期
0.072015495718325,-0.2106211860805136,0.5207354049112501,1.5164716339241613,0.1,0.05,0.85,设计期2018-2023
0.262750874149255,-0.08285147617613042,1.441026147987077,1.2617430958012263,0.1,0.05,0.85,验证期2024
0.025633382413977612,-0.16168798049481237,0.2631334976094356,1.042887556469769,0.1,0.05,0.85,验证期2025-2026-08
0.08304792996499022,-0.2106211860805136,0.5957347343285689,1.9954585623052883,0.1,0.05,0.85,全周期
0.07011889442900898,-0.20469891413989405,0.5125185814018189,1.5004778226967308,0.1,0.1,0.8,设计期2018-2023
0.26022502083483556,-0.08184208411387695,1.429318946119981,1.2592278870723437,0.1,0.1,0.8,验证期2024
0.0259253476003507,-0.16006963126093887,0.2663887026857794,1.0433801623007475,0.1,0.1,0.8,验证期2025-2026-08
0.08153245161101808,-0.20469891413989405,0.5897738263704997,1.9714078847541006,0.1,0.1,0.8,全周期
0.06820986561625708,-0.19874324632413953,0.5039018255550253,1.4845213549398169,0.1,0.15000000000000002,0.75,设计期2018-2023
0.25767134525718416,-0.08083420840763667,1.4163983150105555,1.2566849557914164,0.1,0.15000000000000002,0.75,验证期2024
0.026207213229023196,-0.15845312136757872,0.26955695502111476,1.0438558157559878,0.1,0.15000000000000002,0.75,验证期2025-2026-08
0.08000275854223005,-0.19874324632413953,0.5833915034704589,1.9473919954341126,0.1,0.15000000000000002,0.75,全周期
0.06628849165859863,-0.19275409130768295,0.49488243943699,1.468604673408315,0.1,0.2,0.7,设计期2018-2023
0.2550900417485158,-0.07982785562612582,1.402304169061735,1.2541144948621448,0.1,0.2,0.7,验证期2024
0.02647897363308571,-0.15683847280648988,0.27262795738101697,1.0443144980039092,0.1,0.2,0.7,验证期2025-2026-08
0.07845892079239314,-0.19275409130768295,0.5765835120095425,1.92341678002494,0.1,0.2,0.7,全周期
0.0643548552674309,-0.1878949827345966,0.4854595923731157,1.452730182875548,0.1,0.25,0.65,设计期2018-2023
0.2524813062780564,-0.08003937678522433,1.387085066143846,1.251516698815071,0.1,0.25,0.65,验证期2024
0.026740623434609034,-0.15522570758205123,0.2755914061074913,1.044756191027754,0.1,0.25,0.65,验证期2025-2026-08
0.07690100887672902,-0.1878949827345966,0.5693477318865804,1.8994880334512294,0.1,0.25,0.65,全周期
0.062409039481702955,-0.18632651290251068,0.4756344672901046,1.4369002497166385,0.1,0.30000000000000004,0.6,设计期2018-2023
0.2498453364285549,-0.08230290464624246,1.3707974385212554,1.2488917637843426,0.1,0.30000000000000004,0.6,验证期2024
0.026992157544797335,-0.15361484771083866,0.2784370904222965,1.0451808776267153,0.1,0.30000000000000004,0.6,验证期2025-2026-08
0.07532909378701502,-0.18632651290251068,0.5616843278487363,1.875611458026771,0.1,0.30000000000000004,0.6,全周期
0.060451127662588755,-0.1852479549095004,0.46541038937959706,1.4211172015135787,0.1,0.35000000000000003,0.55,设计期2018-2023
0.24718233137263224,-0.08456629419793193,1.3535046763847454,1.2462398874843104,0.1,0.35000000000000003,0.55,验证期2024
0.02723357116410563,-0.15200591522117135,0.2811549980096216,1.0455885414169561,0.1,0.35000000000000003,0.55,验证期2025-2026-08
0.07374324698665835,-0.1852479549095004,0.5535958745991547,1.851792661683122,0.1,0.35000000000000003,0.55,全周期
0.058481203488155664,-0.1844048064935918,0.45479293249165254,1.4053833266820022,0.1,0.4,0.5,设计期2018-2023
0.24449249184903388,-0.08682951984879539,1.3352760959988283,1.2435612691860332,0.1,0.4,0.5,验证期2024
0.02746485978233748,-0.15039893215268207,0.28373542507824095,1.0459791668325575,0.1,0.4,0.5,验证期2025-2026-08
0.07214354040575088,-0.1844048064935918,0.5450874507182909,1.8280371562831825,0.1,0.4,0.5,全周期
0.05649935094801806,-0.18356485631688124,0.4437899988441224,1.3897008741194747,0.1,0.45,0.45,设计期2018-2023
0.24177602013871557,-0.08909255607472266,1.3161858277279526,1.240856109693616,0.1,0.45,0.45,验证期2024
0.02768601917877289,-0.1487939205558666,0.28616908878722297,1.0463527391264753,0.1,0.45,0.45,验证期2025-2026-08
0.07053004643610317,-0.18356485631688124,0.536166697021685,1.8043503560197574,0.1,0.45,0.45,全周期
0.054505654337992704,-0.1827281148170068,0.4324118680113082,1.3740720528753994,0.1,0.5,0.4,设计期2018-2023
0.2390331200408602,-0.09135537741935151,1.2963116604547804,1.2381246113204802,0.1,0.5,0.4,验证期2024
0.02789704542221716,-0.14719090249164268,0.2884472396546363,1.046709244371319,0.1,0.5,0.4,验证期2025-2026-08
0.06890283792625351,-0.1827281148170068,0.5268438358008913,1.7807375758992519,0.1,0.5,0.4,全周期
0.0525001982547455,-0.18189459239411565,0.42067121173816746,1.3584990318423484,0.1,0.55,0.35,设计期2018-2023
0.23626399684870814,-0.093617958494429,1.275733878204733,1.2353669778654488,0.1,0.55,0.35,验证期2024
0.028097934871091912,-0.14558990003090622,0.29056177137510397,1.0470486694601648,0.1,0.55,0.35,验证期2025-2026-08
0.067261988176466,-0.18189459239411565,0.5171316484340014,1.7572040303105863,0.1,0.55,0.35,全周期
0.05048306759042531,-0.18106429941066982,0.4085830719083948,1.3429839394686676,0.1,0.6000000000000001,0.3,设计期2018-2023
0.23346885732532785,-0.09588027398016674,1.254534122349168,1.2325834145887717,0.1,0.6000000000000001,0.3,验证期2024
0.028288684173485068,-0.1439909352540799,0.2925053253668627,1.0473710021072502,0.1,0.6000000000000001,0.3,验证期2025-2026-08
0.06560757093369407,-0.18106429941066982,0.5070454100691426,1.7337548316790259,0.1,0.6000000000000001,0.3,全周期
0.04845434752729649,-0.18023724619122627,0.3961647999559488,1.327528863492367,0.1,0.65,0.25,设计期2018-2023
0.23064790967922288,-0.09814229862559765,1.2327943088945241,1.229774128187989,0.1,0.65,0.25,验证期2024
0.028469290267203684,-0.14239403025067077,0.2942713873659484,1.0476762308486396,0.1,0.65,0.25,验证期2025-2026-08
0.06393966038653476,-0.18023724619122627,0.49660278142489656,1.7103949892050778,0.1,0.65,0.25,全周期
0.04641412353237473,-0.17941344302223694,0.3834359571162477,1.3121358506961724,0.1,0.7000000000000001,0.2,设计期2018-2023
0.22780136353988367,-0.10081132603871934,1.210595625468639,1.2269393267737394,0.1,0.7000000000000001,0.2,验证期2024
0.028639750379785944,-0.14079920711882699,0.2958543734925319,1.0479643450427718,0.1,0.7000000000000001,0.2,验证期2025-2026-08
0.062258331160165215,-0.17941344302223694,0.4858236591502494,1.6871294076881125,0.1,0.7000000000000001,0.2,全周期
0.04436248135203691,-0.17859290015183416,0.37041817611886607,1.2968069066833992,0.1,0.75,0.15,设计期2018-2023
0.22492942993318454,-0.10380458308321727,1.1880176271072231,1.2240792198454151,0.1,0.75,0.15,验证期2024
0.0288000620285338,-0.13920648796487356,0.29724970343424983,1.048235334871005,0.1,0.75,0.15,验证期2025-2026-08
0.06056365831124744,-0.17859290015183416,0.4747299875705129,1.6639628864342835,0.1,0.75,0.15,全周期
0.04229950700664609,-0.1790701399524428,0.3571349861713859,1.2815439956748074,0.1,0.8,0.1,设计期2018-2023
0.22203232125671035,-0.10679338335527055,1.165137444229166,1.2211940182667462,0.1,0.8,0.1,验证期2024
0.028950223020515198,-0.13761589490287496,0.2984538587184213,1.0484891913380654,0.1,0.8,0.1,验证期2025-2026-08
0.05885571732282946,-0.1790701399524428,0.46334553593972794,1.6409001182486787,0.1,0.8,0.1,全周期
0.040225286785168235,-0.18029183074193933,0.34361160431083104,1.2663490403261004,0.1,0.8500000000000001,0.05,设计期2018-2023
0.21911025125498007,-0.10977770597044345,1.1420291106282763,1.2182839342412832,0.1,0.8500000000000001,0.05,验证期2024
0.02909023145254941,-0.1360274500541756,0.29946442446684224,1.048725906272426,0.1,0.8500000000000001,0.05,验证期2025-2026-08
0.05713458409922367,-0.18029183074193933,0.4516956464534877,1.6179456885110717,0.1,0.8500000000000001,0.05,全周期
0.038139907239773674,-0.18204532606643153,0.32987469733939684,1.2512239215658492,0.1,0.9,0.0,设计期2018-2023
0.2161634349945527,-0.1127575301939826,1.1187630141917875,1.2153491812877621,0.1,0.9,0.0,验证期2024
0.029220085711185728,-0.134441175546955,0.30028011352444006,1.0489454723266338,0.1,0.9,0.0,验证期2025-2026-08
0.055400334960860054,-0.18204532606643153,0.4398069591876736,1.5951040743347127,0.1,0.9,0.0,全周期
0.07641339504861322,-0.21302205793844853,0.54311885506626,1.5541057538706378,0.15000000000000002,0.0,0.85,设计期2018-2023
0.2536266287252922,-0.08381429925838724,1.3907031153514013,1.2526572207662072,0.15000000000000002,0.0,0.85,验证期2024
0.03356797906012998,-0.16191860302514038,0.3209509883649082,1.056307710746629,0.15000000000000002,0.0,0.85,验证期2025-2026-08
0.08681557692824815,-0.21302205793844853,0.6142215704943268,2.056379494433172,0.15000000000000002,0.0,0.85,全周期
0.07452450325168658,-0.20710993849685777,0.5354202349367532,1.5378477645872313,0.15000000000000002,0.05,0.8,设计期2018-2023
0.25113360930041706,-0.08384939112943823,1.3796148651085078,1.250174645993386,0.15000000000000002,0.05,0.8,验证期2024
0.033872444002594815,-0.1602954153850804,0.32480252884106303,1.0568240239795283,0.15000000000000002,0.05,0.8,验证期2025-2026-08
0.08530916002306488,-0.20710993849685777,0.608729571675559,2.0318269192359937,0.15000000000000002,0.05,0.8,全周期
0.07262307309990268,-0.2011644110968901,0.527321180798176,1.5216251929017477,0.15000000000000002,0.1,0.75,设计期2018-2023
0.24861291213383474,-0.08388478968249302,1.367360690205188,1.2476644922237217,0.15000000000000002,0.1,0.75,验证期2024
0.034166733507175806,-0.15867404739886593,0.32855502709087664,1.0573231769142837,0.15000000000000002,0.1,0.75,验证期2025-2026-08
0.08378843478467557,-0.2011644110968901,0.6028169620770168,2.007304498077573,0.15000000000000002,0.1,0.75,全周期
0.07070918684404037,-0.19518538375183858,0.5188168295300676,1.5054405540742126,0.15000000000000002,0.15000000000000002,0.7,设计期2018-2023
0.2460647292577085,-0.08392049485683073,1.353975380721145,1.2451269500823894,0.15000000000000002,0.15000000000000002,0.7,验证期2024
0.03445084157240075,-0.1570545210860369,0.3321962150746551,1.057805149646683,0.15000000000000002,0.15000000000000002,0.7,验证期2025-2026-08
0.08225347098640468,-0.19518538375183858,0.5964773845208056,1.9828183126603127,0.15000000000000002,0.15000000000000002,0.7,全周期
0.06878292707377498,-0.18917276508851855,0.5099040273450779,1.489296325269311,0.15000000000000002,0.2,0.65,设计期2018-2023
0.24348925433750024,-0.08395650659149845,1.3395020881930673,1.2425622118177198,0.15000000000000002,0.2,0.65,验证期2024
0.03472476248799161,-0.15543685847924682,0.33571374002492654,1.0582699230971793,0.15000000000000002,0.2,0.65,验证期2025-2026-08
0.08070433888840212,-0.18917276508851855,0.5897064674711902,1.9583743538541105,0.15000000000000002,0.2,0.65,全周期
0.06684437671236321,-0.1831264643566708,0.5005814934292111,1.473194945112186,0.15000000000000002,0.25,0.6,设计期2018-2023
0.24088668264873503,-0.08399282482530879,1.3239916694167366,1.2399704712782074,0.15000000000000002,0.25,0.6,验证期2024
0.03498849083502864,-0.15382108162381847,0.3390952766091611,1.0587174790120881,0.15000000000000002,0.25,0.6,验证期2025-2026-08
0.07914110923275652,-0.1831264643566708,0.5825019981391635,1.9339785197284987,0.15000000000000002,0.25,0.6,全周期
0.06489361901131274,-0.1813746964213081,0.49084997075557973,1.4571388132662575,0.15000000000000002,0.30000000000000004,0.55,设计期2018-2023
0.23825721105361297,-0.08488235899731988,1.3075018824144766,1.237351923889371,0.15000000000000002,0.30000000000000004,0.55,验证期2024
0.035242021486073805,-0.15220721257731318,0.34232864803695706,1.059147799964673,0.15000000000000002,0.30000000000000004,0.55,验证期2025-2026-08
0.0775638532385794,-0.1813746964213081,0.5748640742222553,1.9096366136707077,0.15000000000000002,0.30000000000000004,0.55,全周期
0.06293073754503609,-0.18052338948308733,0.4807123594179734,1.441130290032983,0.15000000000000002,0.35000000000000003,0.5,设计期2018-2023
0.23560103797748222,-0.08714350926848302,1.2900964622764892,1.2347067666304756,0.15000000000000002,0.35000000000000003,0.5,验证期2024
0.035485349605311134,-0.1505952734090812,0.3454019542952891,1.059560869356219,0.15000000000000002,0.35000000000000003,0.5,验证期2025-2026-08
0.07597264259706304,-0.18052338948308733,0.5667952289651561,1.8853543425900143,0.15000000000000002,0.35000000000000003,0.5,全周期
0.06095581620551238,-0.1796752891958836,0.47017382781252287,1.4251716959737493,0.15000000000000002,0.4,0.45,设计期2018-2023
0.2329183633852394,-0.08940447557987907,1.271844108344303,1.2320351980111806,0.15000000000000002,0.4,0.45,验证期2024
0.03571847064864486,-0.14898528619982354,0.34830370528330545,1.0599566714169921,0.15000000000000002,0.4,0.45,验证期2025-2026-08
0.0743675494665259,-0.1796752891958836,0.5583005245888953,1.8611373152087807,0.15000000000000002,0.4,0.45,全周期
0.05896893919691992,-0.17883040609722134,0.4592418971624298,1.4092653115534843,0.15000000000000002,0.45,0.4,设计期2018-2023
0.23020938875750474,-0.09166523248817582,1.2528174161628494,1.229337418047966,0.15000000000000002,0.45,0.4,验证期2024
0.03594138036380312,-0.14737727304115,0.3510229562468303,1.060335191207163,0.15000000000000002,0.45,0.4,验证期2025-2026-08
0.0727486464674234,-0.17883040609722134,0.5493876097420631,1.8369910404400753,0.15000000000000002,0.45,0.4,全周期
0.05697019103029044,-0.17798875068712017,0.4479264952491441,1.3934133768063517,0.15000000000000002,0.5,0.35,设计期2018-2023
0.22747431706679255,-0.09392575461799713,1.2330917877694576,1.2266136282405544,0.15000000000000002,0.5,0.35,验证期2024
0.03615407479041677,-0.14577125603512864,0.3535494426063096,1.0606964146176507,0.15000000000000002,0.5,0.35,验证期2025-2026-08
0.07111600667735618,-0.17798875068712017,0.5400667374698596,1.8129209258523742,0.15000000000000002,0.5,0.35,全周期
0.05495965651812562,-0.17827690960207887,0.4362399757902389,1.377618091022933,0.15000000000000002,0.55,0.3,设计期2018-2023
0.22471335275344773,-0.09618601666228455,1.212744352341221,1.2238640315481002,0.15000000000000002,0.55,0.3,验证期2024
0.036356550260102205,-0.14416725729384516,0.3558737110537739,1.0610403283709264,0.15000000000000002,0.55,0.3,验证期2025-2026-08
0.06946970362603566,-0.17827690960207887,0.5303507412521234,1.7889322762207793,0.15000000000000002,0.55,0.3,全周期
0.05293742076902874,-0.1794527762276461,0.42419710068378286,1.3618816124592468,0.15000000000000002,0.6000000000000001,0.25,设计期2018-2023
0.22192670170158113,-0.09844599338264803,1.1918529262329796,1.221088832365376,0.15000000000000002,0.6000000000000001,0.25,验证期2024
0.036548803396499574,-0.14256529893895598,0.35798724368492646,1.061366920021701,0.15000000000000002,0.6000000000000001,0.25,验证期2025-2026-08
0.06780981129024899,-0.1794527762276461,0.5202549678901376,1.7650302921652659,0.15000000000000002,0.6000000000000001,0.25,全周期
0.05090356918232164,-0.18063062521906392,0.4118149833016772,1.3462060580672106,0.15000000000000002,0.65,0.2,设计期2018-2023
0.21911457121479438,-0.1009606981275315,1.1704950373361143,1.2182882364987524,0.15000000000000002,0.65,0.2,验证期2024
0.036730831115337814,-0.14096540310123606,0.3598825719474692,1.0616761779576156,0.15000000000000002,0.65,0.2,验证期2025-2026-08
0.06613640408878774,-0.18063062521906392,0.5097971673693613,1.7412200688753023,0.15000000000000002,0.65,0.2,全周期
0.04885818744266257,-0.18181044193307772,0.39911299212669255,1.3305935032465859,0.15000000000000002,0.7000000000000001,0.15,设计期2018-2023
0.21627716999188595,-0.10395213782279689,1.1487470338465366,1.215462451142159,0.15000000000000002,0.7000000000000001,0.15,验证期2024
0.03690263062444177,-0.1393675919201367,0.3615533773354855,1.0619680913997904,0.15000000000000002,0.7000000000000001,0.15,验证期2025-2026-08
0.06444955687737575,-0.18181044193307772,0.49899734122525946,1.7175065949211112,0.15000000000000002,0.7000000000000001,0.15,全周期
0.04680136151464942,-0.18299221173214297,0.3861126152433457,1.3150459816181166,0.15000000000000002,0.75,0.1,设计期2018-2023
0.21341470810238627,-0.10693912925569282,1.1266832923267145,1.2126116848528734,0.15000000000000002,0.75,0.1,验证期2024
0.03706419942377215,-0.1377718875433228,0.362994576043445,1.0622426504033857,0.15000000000000002,0.75,0.1,验证期2025-2026-08
0.0627493449435621,-0.18299221173214297,0.4878775523190529,1.693894751150748,0.15000000000000002,0.75,0.1,全周期
0.044733177637424015,-0.18417591998465332,0.37283728745438494,1.2995654848178366,0.15000000000000002,0.8,0.05,设计期2018-2023
0.21052739696202583,-0.10992165153344002,1.1043755347307322,1.2097361475272452,0.15000000000000002,0.8,0.05,验证期2024
0.037215535305418435,-0.13617831212623577,0.36420238520494513,1.0624998458580441,0.15000000000000002,0.8,0.05,验证期2025-2026-08
0.061035844001596784,-0.18417591998465332,0.4764617002150562,1.670389309672934,0.15000000000000002,0.8,0.05,全周期
0.04265372231927733,-0.18536155206517424,0.35931218303870127,1.2841539623124054,0.15000000000000002,0.8500000000000001,-0.0,设计期2018-2023
0.20761544930811815,-0.1128996839127876,1.0818922591294193,1.206836050376336,0.15000000000000002,0.8500000000000001,-0.0,验证期2024
0.03735663635358355,-0.13458688783163442,0.36517436886474774,1.0627396694882703,0.15000000000000002,0.8500000000000001,-0.0,验证期2025-2026-08
0.059309130187304326,-0.18536155206517424,0.4647752674712691,1.6469949329253177,0.15000000000000002,0.8500000000000001,-0.0,全周期
0.0789109791860001,-0.20952566791733496,0.5572479968133082,1.5758224445444948,0.2,0.0,0.8,设计期2018-2023
0.24202975999331766,-0.09173625519404882,1.327957371426087,1.2411087937547924,0.2,0.0,0.8,验证期2024
0.041820183212585293,-0.16053088216669598,0.3810067652485328,1.0703372694791056,0.2,0.0,0.8,验证期2025-2026-08
0.0890529710047201,-0.20952566791733496,0.6263760957260307,2.0933304104015877,0.2,0.0,0.8,全周期
0.07701731452707183,-0.20359035969509465,0.5496697500700595,1.559333888320153,0.2,0.05,0.75,设计期2018-2023
0.23954184774941067,-0.09177169649474326,1.316339742138457,1.238631225904502,0.2,0.05,0.75,验证期2024
0.0421270625256811,-0.15890467511222472,0.3853466280035754,1.070860412036513,0.2,0.05,0.75,验证期2025-2026-08
0.08754136434692805,-0.20359035969509465,0.62093057975093,2.068302254801275,0.2,0.05,0.75,全周期
0.07511108290158974,-0.19762153948618255,0.5416868992115457,1.5428813082336106,0.2,0.1,0.7,设计期2018-2023
0.23702659336029863,-0.09180744188788814,1.3036399001109515,1.2361264122936553,0.2,0.1,0.7,验证期2024
0.042423684384446325,-0.15728028999632138,0.38956576432043455,1.0713661650478237,0.2,0.1,0.7,验证期2025-2026-08
0.08601542567787379,-0.19762153948618255,0.615060338721753,2.0433056246454515,0.2,0.1,0.7,全周期
0.07319236676964147,-0.19161911525392994,0.5332941725366026,1.5264672546895126,0.2,0.15000000000000002,0.65,设计期2018-2023
0.23448418819793182,-0.09184349131272695,1.2898957821661816,1.233594542898484,0.2,0.15000000000000002,0.65,验证期2024
0.042710042741516574,-0.15565774887935846,0.3936500173233512,1.0718545083477509,0.2,0.15000000000000002,0.65,验证期2025-2026-08
0.08447522499523585,-0.19161911525392994,0.6087589616033627,2.018346709075085,0.2,0.15000000000000002,0.65,全周期
0.07126124893093189,-0.18558299557912616,0.5244880055466997,1.5100942394417114,0.2,0.2,0.6,设计期2018-2023
0.23191482524068996,-0.09187984470827248,1.2751527545611776,1.2310358092917735,0.2,0.2,0.6,验证期2024
0.042986131843090414,-0.15403707383487364,0.39758516489092305,1.0723254226067545,0.2,0.2,0.6,验证期2025-2026-08
0.08292083278400253,-0.18558299557912616,0.602022039157882,1.9934316043622395,0.2,0.2,0.6,全周期
0.06931781251945202,-0.17951308966944435,0.5152667078034601,1.493764735143155,0.2,0.25,0.55,设计期2018-2023
0.22931869905026003,-0.09191650201330592,1.259462921382239,1.2284504046199842,0.2,0.25,0.55,验证期2024
0.043251946229091676,-0.15241828694911763,0.40135705025735147,1.0727788893322487,0.2,0.25,0.55,验证期2025-2026-08
0.08135232001156667,-0.17951308966944435,0.5948473360913584,1.968566311914614,0.2,0.25,0.55,全周期
0.06736214099813886,-0.17759518477953384,0.5056306172231697,1.4774811749181298,0.2,0.30000000000000004,0.5,设计期2018-2023
0.22669600574837556,-0.09195346316637565,1.242884311724819,1.225838523580237,0.2,0.30000000000000004,0.5,验证期2024
0.0435074807332998,-0.1508014103206171,0.4049517224678033,1.0732148908697137,0.2,0.30000000000000004,0.5,验证期2025-2026-08
0.07976975812279896,-0.17759518477953384,0.5872349414730715,1.9437567363678776,0.2,0.30000000000000004,0.5,全周期
0.06539431815351215,-0.17875257732447036,0.4955822371168445,1.4612459519567396,0.2,0.35000000000000003,0.45,设计期2018-2023
0.224046942993414,-0.09199072810579789,1.225479973010817,1.2232003623971555,0.2,0.35000000000000003,0.45,验证期2024
0.04375273048347661,-0.14918646605974062,0.40835558454634213,1.0736334104037564,0.2,0.35000000000000003,0.45,验证期2025-2026-08
0.07817321903508967,-0.17875257732447036,0.5791873921667278,1.9190086837658897,0.2,0.35000000000000003,0.45,全周期
0.06341442809032283,-0.17991201746813779,0.48512635125645104,1.4450614191318267,0.2,0.4,0.4,设计期2018-2023
0.2213717099568917,-0.0920282967696574,1.2073170002860385,1.2205361187996098,0.2,0.4,0.4,验证期2024
0.04398769090148069,-0.14757347628824047,0.4115555467731004,1.0740344319591084,0.2,0.4,0.4,验证期2025-2026-08
0.07656277513337684,-0.17991201746813779,0.5707097643942287,1.894327859829378,0.2,0.4,0.4,全周期
0.061422555226177344,-0.181073490631544,0.4742701124048586,1.428929888638004,0.2,0.45,0.35,设计期2018-2023
0.21867050729982074,-0.09423791262059433,1.1884655321943784,1.2178459919973197,0.2,0.45,0.35,验证期2024
0.0442123577033684,-0.14596246313882333,0.4145391820551683,1.0744179404015577,0.2,0.45,0.35,验证期2025-2026-08
0.07493849926515161,-0.181073490631544,0.5618097291745542,1.8697198683130474,0.2,0.45,0.35,全周期
0.05941878428616798,-0.18223698224015272,0.46302310010651704,1.4128536316529177,0.2,0.5,0.3,设计期2018-2023
0.21594353714894332,-0.09649611140565106,1.168997743600181,1.21513018265734,0.2,0.5,0.3,验证期2024
0.04442672689946492,-0.14435344875469502,0.41729488004022847,1.0747839214387878,0.2,0.5,0.3,验证期2025-2026-08
0.07330046473543606,-0.18223698224015272,0.5524975682339306,1.845190209451142,0.2,0.5,0.3,全周期
0.05740320029748802,-0.18340247772411145,0.4513973441048734,1.3968348780205246,0.2,0.55,0.25,设计期2018-2023
0.21319100307287053,-0.09875403037861452,1.1489868626995745,1.212388892880447,0.2,0.55,0.25,验证期2024
0.04463079479445575,-0.14274645528911412,0.4198119963892455,1.075132361621205,0.2,0.55,0.25,验证期2025-2026-08
0.07164874530175536,-0.18340247772411145,0.5427861480442512,1.8207442784917307,0.2,0.55,0.25,全周期
0.05537588858403919,-0.18456996251847935,0.43940731052590776,1.3808758159563048,0.2,0.6000000000000001,0.2,设计期2018-2023
0.21041311005809327,-0.10117487118087354,1.1285062371874763,1.209622326177402,0.2,0.6000000000000001,0.2,验证期2024
0.044824557987419356,-0.1411415049049557,0.42208099351712014,1.0754632483426272,0.2,0.6000000000000001,0.2,验证期2025-2026-08
0.06998341516906637,-0.18456996251847935,0.5326908508739299,1.796387364319118,0.2,0.6000000000000001,0.2,全周期
0.0533369347610424,-0.1857394220634655,0.42706984892575256,1.3649785917743846,0.2,0.65,0.15,设计期2018-2023
0.20761006448489416,-0.10410411692406074,1.1076284699469983,1.206830687445113,0.2,0.65,0.15,验证期2024
0.045008013371895306,-0.13953861977424387,0.4240935691451974,1.0757765698409842,0.2,0.65,0.15,验证期2025-2026-08
0.06830454898468963,-0.1857394220634655,0.5222294630742456,1.7721246481648625,0.2,0.65,0.15,全周期
0.05128642472963785,-0.18691084180464124,0.414404099411104,1.3491453096363566,0.2,0.7000000000000001,0.1,设计期2018-2023
0.20478207410316962,-0.10708928541733742,1.0864246401401239,1.2040141829427093,0.2,0.7000000000000001,0.1,验证期2024
0.04518115813590051,-0.13793782207771865,0.4258427691964333,1.0760723151988931,0.2,0.7000000000000001,0.1,验证期2025-2026-08
0.06661222183321303,-0.18691084180464124,0.5114220222090694,1.7479612024066893,0.2,0.7000000000000001,0.1,全周期
0.049224444671475576,-0.18808420719318464,0.40143136025789433,1.3333780313216232,0.2,0.75,0.05,设计期2018-2023
0.20192934800811724,-0.11006999327374578,1.0649636208295084,1.2011730202674822,0.2,0.75,0.05,验证期2024
0.04534398976195164,-0.13633913400437492,0.4273230819034966,1.0763504743441934,0.2,0.75,0.05,验证期2025-2026-08
0.06490650923137076,-0.18808420719318464,0.5002906259945819,1.7239019894550414,0.2,0.75,0.05,全周期
0.04715108104330801,-0.18925950368609545,0.3881749177198041,1.3176787760192321,0.2,0.8,0.0,设计期2018-2023
0.19905209661586287,-0.1130462197416573,1.0433114996406263,1.1983074083307639,0.2,0.8,0.0,验证期2024
0.04549650602706157,-0.13474257775101361,0.42853051048298135,1.0766110380504,0.2,0.8,0.0,验证期2025-2026-08
0.06318748712291056,-0.18925950368609545,0.48885920727532517,1.6999518607270427,0.2,0.8,0.0,全周期
0.08139220046447515,-0.20602100608570006,0.5709139398895932,1.5976465754436937,0.25,0.0,0.75,设计期2018-2023
0.2304593163811306,-0.09959992798039907,1.2637340894465314,1.2295863137123002,0.25,0.0,0.75,验证期2024
0.05008725154381799,-0.16026103022319438,0.4395068187413851,1.0844657375209876,0.25,0.0,0.75,验证期2025-2026-08
0.09126109987060183,-0.20602100608570006,0.6377100736187729,2.130372605281237,0.25,0.0,0.75,全周期
0.0794937904182893,-0.20006247198397964,0.5634529938946127,1.580926239517431,0.25,0.05,0.7,设计期2018-2023
0.227976795860805,-0.09963571118715175,1.2516874480582483,1.2271140359184134,0.25,0.05,0.7,验证期2024
0.05039655332323534,-0.15820802428680836,0.4442925309197738,1.0849957638245726,0.25,0.05,0.7,验证期2025-2026-08
0.08974433697327977,-0.20006247198397964,0.6323035830934883,2.104866586333998,0.25,0.05,0.7,全周期
0.07758278497474125,-0.1940703218592359,0.5555840255670705,1.5642424423025019,0.25,0.1,0.65,设计期2018-2023
0.2254672671610305,-0.09967179591492603,1.238645784534396,1.2246148439939435,0.25,0.1,0.65,验证期2024
0.05069551545766671,-0.15615578143396358,0.44893677133967075,1.0855081696679934,0.25,0.1,0.65,验证期2025-2026-08
0.08821321878171595,-0.1940703218592359,0.626469587415808,2.0793934952055673,0.25,0.1,0.65,全周期
0.075659266802099,-0.18804446362642324,0.5473014072934812,1.5475977695248126,0.25,0.15000000000000002,0.6,设计期2018-2023
0.22293092097335432,-0.09970818210293442,1.2246491970588709,1.2220889272461408,0.25,0.15000000000000002,0.6,验证期2024
0.050984131853683445,-0.15426282121642765,0.4534237407160955,1.0860029346227607,0.25,0.15000000000000002,0.6,验证期2025-2026-08
0.08666781551638891,-0.18804446362642324,0.6202017095133011,2.053959628650455,0.25,0.15000000000000002,0.6,全周期
0.073723318908967,-0.1819848058218939,0.538601213036209,1.5309947677008058,0.25,0.2,0.55,设计期2018-2023
0.22036794956909,-0.09974486969015894,1.2097442641829752,1.2195364765524104,0.25,0.2,0.55,验证期2024
0.05126239671380173,-0.1526391353717359,0.4577376013448814,1.0864800391073115,0.25,0.2,0.55,验证期2025-2026-08
0.08510819788555879,-0.1819848058218939,0.6134955816439418,2.028571188499944,0.25,0.2,0.55,全周期
0.07177502463893726,-0.1815928784789227,0.5294813873826415,1.5144359436813628,0.25,0.25,0.5,设计期2018-2023
0.21777854677631225,-0.09978185861535305,1.1939833423693957,1.2169576843375505,0.25,0.25,0.5,验证期2024
0.05153030453663021,-0.1510173400857554,0.46186262315831084,1.0869394643882009,0.25,0.25,0.5,验证期2025-2026-08
0.08353443708034436,-0.1815928784789227,0.6063490148091658,2.003234279639251,0.25,0.25,0.5,全周期
0.06981446766523414,-0.1827399196086994,0.5199419022873062,1.4979237642184406,0.25,0.30000000000000004,0.45,设计期2018-2023
0.21516290795671678,-0.09981914881703768,1.177423767761472,1.214352744550854,0.25,0.30000000000000004,0.45,验证期2024
0.05178785011701814,-0.14939745749796696,0.46578334015889916,1.0873811925812606,0.25,0.30000000000000004,0.45,验证期2025-2026-08
0.08194660476978077,-0.1827399196086994,0.5987621461772742,1.9779549080742393,0.25,0.30000000000000004,0.45,全周期
0.06784173198534127,-0.18388901476924835,0.5099848968076559,1.4814606555542822,0.25,0.35000000000000003,0.4,设计期2018-2023
0.2125212299823429,-0.09985674023350644,1.160126988174768,1.2117218526430762,0.25,0.35000000000000003,0.4,验证期2024
0.05203502854616371,-0.14777950975973042,0.469484714820188,1.0878052066526374,0.25,0.35000000000000003,0.4,验证期2025-2026-08
0.08034477309584642,-0.18388901476924835,0.5907375593703793,1.9527389790878136,0.25,0.35000000000000003,0.4,全周期
0.06585690191563165,-0.1850401494664694,0.4996147950992619,1.4650490030333254,0.25,0.4,0.35,设计期2018-2023
0.20985371121219476,-0.09989463280282151,1.1421576527140116,1.2090652055433002,0.25,0.4,0.35,验证期2024
0.05227183521174128,-0.14616351903384128,0.4729523075514575,1.0882114904198261,0.25,0.4,0.35,验证期2025-2026-08
0.07872901466847892,-0.1850401494664694,0.5822803728676395,1.9275922954865001,0.25,0.4,0.35,全周期
0.06386006208598904,-0.18619330921038202,0.4888383980851048,1.4486911507366593,0.25,0.45,0.3,设计期2018-2023
0.2071605514687198,-0.09993282646281432,1.1235826863976546,1.2063830016356625,0.25,0.45,0.3,验证期2024
0.05249826579800021,-0.14454950749408257,0.47617244788846075,1.0886000285526096,0.25,0.45,0.3,验证期2025-2026-08
0.07709940256056669,-0.18619330921038202,0.5733982924110552,1.9025205559372018,0.25,0.45,0.3,全周期
0.06185129743440965,-0.18734847951535183,0.47766494456419967,1.4323894011388283,0.25,0.5,0.25,设计期2018-2023
0.20444195201418403,-0.0999713211510882,1.1044703758313668,1.2036754407359733,0.25,0.5,0.25,验证期2024
0.05271431628583345,-0.14293749732478345,0.4791324037236259,1.088970806573899,0.25,0.5,0.25,验证期2025-2026-08
0.07545601030290983,-0.18734847951535183,0.5641016241575101,1.8775293533940265,0.25,0.5,0.25,全周期
0.05983069320161305,-0.18850564590032381,0.46610613808434465,1.4161460147871388,0.25,0.55,0.2,设计期2018-2023
0.20169811552695371,-0.10181102026680688,1.0848894895060837,1.2009427240682466,0.25,0.55,0.2,验证期2024
0.052919982952875255,-0.14132751072036087,0.48182054465398266,1.0893238108605878,0.25,0.55,0.2,验证期2025-2026-08
0.0737989118791762,-0.18850564590032381,0.554403246376271,1.852624173615624,0.25,0.55,0.2,全周期
0.057798334925636796,-0.18966479388904434,0.45417613666744894,1.3999632100031636,0.25,0.6000000000000001,0.15,设计期2018-2023
0.1989292460776233,-0.10469450175830419,1.0649084529633048,1.1981850542410768,0.25,0.6000000000000001,0.15,验证期2024
0.053115262373529815,-0.1397195698848891,0.4842264954268732,1.089659028644235,0.25,0.6000000000000001,0.15,验证期2025-2026-08
0.07212818172082192,-0.18966479388904434,0.5443185387038201,1.8278103937724082,0.25,0.6000000000000001,0.15,全周期
0.05575430843643181,-0.19082590901029517,0.4418915034250567,1.3838431626064414,0.25,0.65,0.1,设计期2018-2023
0.19613554910509334,-0.10757430601249307,1.044594595160186,1.1954026352239644,0.25,0.65,0.1,验证期2024
0.0533001514190401,-0.13811369703162923,0.4863412755197374,1.0899764480117817,0.25,0.65,0.1,验证期2025-2026-08
0.07044389470200585,-0.19082590901029517,0.5338652692833148,1.8030932811439448,0.25,0.65,0.1,全周期
0.053698699850444065,-0.19198897679811877,0.42927111720384536,1.3677880056601441,0.25,0.7000000000000001,0.05,设计期2018-2023
0.19331723139251844,-0.11045040991795774,1.0240134781730081,1.1925956723235147,0.25,0.7000000000000001,0.05,验证期2024
0.05347464725750317,-0.13650991438259474,0.4881574211102144,1.090276057906125,0.25,0.7000000000000001,0.05,验证期2025-2026-08
0.06874612613447484,-0.19198897679811877,0.5230634414696871,1.7784779919058973,0.25,0.7000000000000001,0.05,全周期
0.051631595565198696,-0.19315398279204066,0.4163360436105783,1.3517998292386848,0.25,0.75,0.0,设计期2018-2023
0.1904745010431541,-0.11332279050498117,1.0032283181718096,1.1897643721595337,0.25,0.75,0.0,验证期2024
0.05363874735389129,-0.13490824416809166,0.48966908607617243,1.090557848126664,0.25,0.75,0.0,验证期2025-2026-08
0.06703495176243268,-0.19315398279204066,0.5119351031033833,1.7539695700063784,0.25,0.75,0.0,全周期
0.08385692012926493,-0.20250809479889553,0.5840899078859303,1.6195742487068299,0.30000000000000004,0.0,0.7,设计期2018-2023
0.21891649265189428,-0.10740568219772428,1.1985151236443945,1.2180909695691728,0.30000000000000004,0.0,0.7,验证期2024
0.058368491298288694,-0.1600169159753232,0.4960381256930989,1.0986921204279385,0.30000000000000004,0.0,0.7,验证期2025-2026-08
0.09343975913984282,-0.20250809479889553,0.648198924539089,2.1674874734580025,0.30000000000000004,0.0,0.7,全周期
0.08195379243494716,-0.19652629796154653,0.5767425113100846,1.6026209606214492,0.30000000000000004,0.05,0.65,设计期2018-2023
0.2164396446780712,-0.10744179986862334,1.186141012248755,1.2156242612914314,0.30000000000000004,0.05,0.65,验证期2024
0.05868022351650071,-0.15796162289972482,0.5012181378200546,1.0992290846522144,0.30000000000000004,0.05,0.65,验证期2025-2026-08
0.091917873966745,-0.19652629796154653,0.6428240056443117,2.141501527867952,0.30000000000000004,0.05,0.65,全周期
0.08003804109485269,-0.1905107810585982,0.5689844344742542,1.5857047777710198,0.30000000000000004,0.1,0.6,设计期2018-2023
0.21393612082663904,-0.10747821650713396,1.1728605566927988,1.2131309688738106,0.30000000000000004,0.1,0.6,验证期2024
0.058981533731230495,-0.15590708663330954,0.5062371866231884,1.0997481958508841,0.30000000000000004,0.1,0.6,验证期2025-2026-08
0.09038161061364658,-0.1905107810585982,0.6370201531483418,2.1155499432692024,0.30000000000000004,0.1,0.6,全周期
0.07810974898429546,-0.18446145195821484,0.5608097493830794,1.5688283213732157,0.30000000000000004,0.15000000000000002,0.55,设计期2018-2023
0.21140611108888985,-0.1075149320524389,1.158715064763737,1.2106112809348735,0.30000000000000004,0.15000000000000002,0.55,验证期2024
0.05927241580282794,-0.15385333565985182,0.5110781272233005,1.1002494333301616,0.30000000000000004,0.15000000000000002,0.55,验证期2025-2026-08
0.08883103952225846,-0.18446145195821484,0.6307811085246494,2.0896391241481793,0.30000000000000004,0.15000000000000002,0.55,全周期
0.07616899931963705,-0.1855865193152444,0.5522142206408536,1.5519941728743727,0.30000000000000004,0.2,0.5,设计期2018-2023
0.20884980700943956,-0.10755194644349786,1.1437513926616216,1.208065387637158,0.30000000000000004,0.2,0.5,验证期2024
0.0595528638899685,-0.1518003985143488,0.5157238106471508,1.100732777254431,0.30000000000000004,0.2,0.5,验证期2025-2026-08
0.08726623162252745,-0.1855865193152444,0.6241026212232693,2.063775377996535,0.30000000000000004,0.2,0.5,全周期
0.07421587565292476,-0.18672325583593274,0.5431954756505846,1.5352048734874342,0.30000000000000004,0.25,0.45,设计期2018-2023
0.2062674016633257,-0.10758925961903709,1.1280212533033975,1.2054934806645157,0.30000000000000004,0.25,0.45,验证期2024
0.05982287244979623,-0.1497483037824563,0.520157241745597,1.1011982086474532,0.30000000000000004,0.25,0.45,验证期2025-2026-08
0.08568725832770041,-0.18672325583593274,0.6169826136740297,2.037964913261238,0.30000000000000004,0.25,0.45,全周期
0.07225046186651762,-0.18786205264504552,0.5337531627504821,1.5184629237529186,0.30000000000000004,0.30000000000000004,0.4,设计期2018-2023
0.20365908963298973,-0.10762687151755768,1.1115804520583952,1.2028957531993325,0.30000000000000004,0.30000000000000004,0.4,验证期2024
0.06008243623806697,-0.14799537066914703,0.5243617475909461,1.1016457093935206,0.30000000000000004,0.30000000000000004,0.4,验证期2025-2026-08
0.08409419152935915,-0.18786205264504552,0.6094213241521356,2.0122138373858123,0.30000000000000004,0.30000000000000004,0.4,全周期
0.07027284216770768,-0.1890028953334416,0.5238890926104304,1.5017707831228837,0.30000000000000004,0.35000000000000003,0.35,设计期2018-2023
0.20102506698513123,-0.10766478207733121,1.0944880738172436,1.200272399899627,0.30000000000000004,0.35000000000000003,0.35,验证期2024
0.060331550309285165,-0.1463744210982394,0.5283211537412491,1.1020752622385612,0.30000000000000004,0.35000000000000003,0.35,验证期2025-2026-08
0.08248710359244726,-0.1890028953334416,0.601421422529383,1.9865281549433411,0.30000000000000004,0.35000000000000003,0.35,全周期
0.06828310108333557,-0.19014576949576423,0.5136073581719716,1.485130869567832,0.30000000000000004,0.4,0.3,设计期2018-2023
0.1983655312474384,-0.10770299123640104,1.0768056458353283,1.1976236168760233,0.30000000000000004,0.4,0.3,验证期2024
0.06057021001679863,-0.1447554310551774,0.5320199652583347,1.1024868507911278,0.30000000000000004,0.4,0.3,验证期2025-2026-08
0.08086606735026014,-0.19014576949576423,0.59298809434973,1.9609137658610374,0.30000000000000004,0.4,0.3,全周期
0.06628132345439042,-0.19129066073067014,0.5029144285580618,1.4685455592064278,0.30000000000000004,0.45,0.25,设计期2018-2023
0.19568068138522987,-0.107741498932584,1.0585963001332939,1.1949496016686354,0.30000000000000004,0.45,0.25,验证期2024
0.06079841101291672,-0.14313842275480426,0.5354435489286905,1.1028804595233779,0.30000000000000004,0.45,0.25,验证期2025-2026-08
0.07923115609942677,-0.19129066073067014,0.5841290893080455,1.935376463736909,0.30000000000000004,0.45,0.25,全周期
0.06426759443060592,-0.1924375546410586,0.4918192127207894,1.4520171859579998,0.30000000000000004,0.5,0.2,设计期2018-2023
0.1929707177779405,-0.10778030510346748,1.0399239575146642,1.192250553223799,0.30000000000000004,0.5,0.2,验证期2024
0.0610161492489778,-0.14152341842255434,0.5385783127910789,1.1032560737719272,0.30000000000000004,0.5,0.2,验证期2025-2026-08
0.07758244359485578,-0.1924375546410586,0.5748547310640113,1.9099219342482217,0.30000000000000004,0.5,0.2,全周期
0.06224199946505893,-0.1935864368342981,0.4803330891439034,1.4355480412178256,0.30000000000000004,0.55,0.15,设计期2018-2023
0.19023584219553658,-0.1078194096864118,1.0208525526727015,1.1895266718707302,0.30000000000000004,0.55,0.15,验证期2024
0.06122342097544009,-0.1399104402939909,0.5414118788493909,1.1036136797386968,0.30000000000000004,0.55,0.15,验证期2025-2026-08
0.07592000404467791,-0.1935864368342981,0.5651778863628362,1.884555753652142,0.30000000000000004,0.55,0.15,全周期
0.06020462430874374,-0.194737292922454,0.468469898667667,1.4191403735548291,0.30000000000000004,0.6000000000000001,0.1,设计期2018-2023
0.18747625777481702,-0.1082077339677825,1.0014453166432757,1.1867781592980744,0.30000000000000004,0.6000000000000001,0.1,验证期2024
0.06142022274192316,-0.13829951061436396,0.543933244766963,1.1039532644916308,0.30000000000000004,0.6000000000000001,0.1,验证期2025-2026-08
0.07424391210515235,-0.194737292922454,0.55511389261986,1.8592833873779897,0.30000000000000004,0.6000000000000001,0.1,全周期
0.05815555500515579,-0.19589010852251587,0.4562458984381674,1.402796388431896,0.30000000000000004,0.65,0.05,设计期2018-2023
0.18469216899559737,-0.11108041522280865,0.9817641292710454,1.1840052185303347,0.30000000000000004,0.65,0.05,验证期2024
0.061606551397257237,-0.13669065163816185,0.5461329304161832,1.1042748159653846,0.30000000000000004,0.65,0.05,验证期2025-2026-08
0.07255424287556411,-0.19589010852251587,0.5446804444040143,1.8341101887112854,0.30000000000000004,0.65,0.05,全周期
0.056094877884868666,-0.19704486925662235,0.4436796760699951,1.3865182479484726,0.30000000000000004,0.7000000000000001,-0.0,设计期2018-2023
0.18188378165682706,-0.11394938374922126,0.9618689506382232,1.1812080539042382,0.30000000000000004,0.7000000000000001,-0.0,验证期2024
0.061782404089520515,-0.13508388562865303,0.5480031054032491,1.1045783229619461,0.30000000000000004,0.7000000000000001,-0.0,验证期2025-2026-08
0.07085107189310103,-0.19704486925662235,0.5338974405631318,1.8090413975691813,0.30000000000000004,0.7000000000000001,-0.0,全周期
0.08630500007466879,-0.19898695670035393,0.59675278465963,1.6416014741281222,0.35000000000000003,0.0,0.65,设计期2018-2023
0.20740246813260366,-0.1151538805180281,1.1327677220003445,1.206623935013468,0.35000000000000003,0.0,0.65,验证期2024
0.06666320155756367,-0.16071345087889966,0.5502500804860952,1.1130153856695184,0.35000000000000003,0.0,0.65,验证期2025-2026-08
0.09558874648422044,-0.19898695670035393,0.6578275657072028,2.2046560125426518,0.35000000000000003,0.0,0.65,全周期
0.08439718273473562,-0.1929818605157072,0.5895146082792384,1.6244141027320023,0.35000000000000003,0.05,0.6,设计期2018-2023
0.2049315697741465,-0.11519032529217421,1.1201657281476405,1.2041630720031573,0.35000000000000003,0.05,0.6,验证期2024
0.06697737206137089,-0.15772256578909638,0.5557663630079791,1.1135593417258467,0.35000000000000003,0.05,0.6,验证期2025-2026-08
0.0940617734481608,-0.1929818605157072,0.6524769901055609,2.178188302639334,0.35000000000000003,0.05,0.6,全周期
0.08247671368450837,-0.18845158830309983,0.5818638562818474,1.6072644069581885,0.35000000000000003,0.1,0.55,设计期2018-2023
0.20243432614351575,-0.11522706649843417,1.1067457254250817,1.201675953172117,0.35000000000000003,0.1,0.55,验证期2024
0.06728103804182939,-0.1556657505592377,0.5611037277479162,1.1140852105551418,0.35000000000000003,0.1,0.55,验证期2025-2026-08
0.09252039974568449,-0.18845158830309983,0.6466974008856111,2.151756417491957,0.35000000000000003,0.1,0.55,全周期
0.08054367600520096,-0.18957598646015417,0.573794357610053,1.5901550436802891,0.35000000000000003,0.15000000000000002,0.5,设计期2018-2023
0.1999109265122745,-0.11526410407597021,1.0925493554386236,1.199162766430892,0.35000000000000003,0.15000000000000002,0.5,验证期2024
0.06757419331290238,-0.15360971434687687,0.5662440121523434,1.114592971196212,0.35000000000000003,0.15000000000000002,0.5,验证期2025-2026-08
0.09096469603814716,-0.18957598646015417,0.6404827370191171,2.125366869379385,0.35000000000000003,0.15000000000000002,0.5,全周期
0.07859815311977614,-0.19070246531712898,0.565301621627964,1.5730886294355715,0.35000000000000003,0.2,0.45,设计期2018-2023
0.19736156167904895,-0.11530143796371661,1.0776229214702826,1.1966237012079999,0.35000000000000003,0.2,0.45,验证期2024
0.06785683198925918,-0.1515544857087019,0.5711690905317939,1.1150826035573576,0.35000000000000003,0.2,0.45,验证期2025-2026-08
0.08939473347557536,-0.19070246531712898,0.6338289351097469,2.099026071497764,0.35000000000000003,0.2,0.45,全周期
0.07664022878757981,-0.1918310105466805,0.5563830084327475,1.5560677399570295,0.35000000000000003,0.25,0.4,设计期2018-2023
0.19478642394676182,-0.11533906810038064,1.0620167252192583,1.194058948427402,0.35000000000000003,0.25,0.4,验证期2024
0.06812894848642692,-0.14950009325226443,0.5758610399117626,1.1155540884176027,0.35000000000000003,0.25,0.4,验证期2025-2026-08
0.08781058369172379,-0.1918310105466805,0.626734088463405,2.0727403358838754,0.35000000000000003,0.25,0.4,全周期
0.07466998709894512,-0.19296160782468652,0.5470378873344116,1.5390949097286097,0.35000000000000003,0.30000000000000004,0.35,设计期2018-2023
0.1921857070997428,-0.11537699442444449,1.0457843512627627,1.191468700485853,0.35000000000000003,0.30000000000000004,0.35,验证期2024
0.06839053752093482,-0.14744656563540282,0.5803023160520651,1.1160074074278685,0.35000000000000003,0.30000000000000004,0.35,验证期2025-2026-08
0.08621231879909463,-0.19296160782468652,0.6191985839989494,2.046515871431263,0.35000000000000003,0.30000000000000004,0.35,全周期
0.07268751246980809,-0.1940942428304806,0.5372677788770187,1.522172631563925,0.35000000000000003,0.35000000000000003,0.3,设计期2018-2023
0.18955960638069702,-0.11541521687416312,1.0289819205750879,1.1888531512301088,0.35000000000000003,0.35000000000000003,0.3,验证期2024
0.06864159411043524,-0.14539393156566993,0.5844759368971542,1.1164425431120606,0.35000000000000003,0.35000000000000003,0.3,验证期2025-2026-08
0.08460001138394602,-0.1940942428304806,0.6112252122425015,2.0203587819998265,0.35000000000000003,0.35000000000000003,0.3,全周期
0.0706928896362995,-0.19522890124707226,0.527076475734423,1.50530335620806,0.35000000000000003,0.4,0.25,设计期2018-2023
0.1869083184675826,-0.11545373538756609,1.0116673343369946,1.1862124959340445,0.35000000000000003,0.4,0.25,验证期2024
0.06888211357381979,-0.14334922897315683,0.5883656702305456,1.116859478868105,0.35000000000000003,0.4,0.25,验证期2025-2026-08
0.08297373450127132,-0.19522890124707226,0.6028192460767768,1.9942750646188678,0.35000000000000003,0.4,0.25,全周期
0.06868620364934275,-0.19636556876138545,0.5164701379518919,1.488489491962693,0.35000000000000003,0.45,0.2,设计期2018-2023
0.18423204145035887,-0.11549254990245628,0.9938995281904004,1.1835469312756446,0.35000000000000003,0.45,0.2,验证期2024
0.06911209153132636,-0.141729225571257,0.5919562218844457,1.1172581989689234,0.35000000000000003,0.45,0.2,验证期2025-2026-08
0.08133356166976635,-0.19636556876138545,0.5939884845578638,1.968270607783922,0.35000000000000003,0.45,0.2,全周期
0.0666675398692298,-0.19750423106447934,0.5054573583386757,1.4717334043341654,0.35000000000000003,0.5,0.15,设计期2018-2023
0.18153097480763125,-0.11553166035641127,0.9757377551890448,1.180856655313889,0.35000000000000003,0.5,0.15,验证期2024
0.06933152390461728,-0.14011122872759685,0.5952334205291429,1.1176386885633123,0.35000000000000003,0.5,0.15,验证期2025-2026-08
0.07967956686676114,-0.19750423106447934,0.5847432589526588,1.942351189847083,0.35000000000000003,0.5,0.15,全周期
0.064636983960207,-0.19864487385178076,0.49404919435301253,1.4550374157047195,0.35000000000000003,0.55,0.1,设计期2018-2023
0.1788053193832102,-0.11557106668678241,0.9572409131513315,1.178141867465556,0.35000000000000003,0.55,0.1,验证期2024
0.06954040691685037,-0.13849526071886642,0.5981843948619193,1.1180009336767673,0.35000000000000003,0.55,0.1,验证期2025-2026-08
0.07801182452314692,-0.19864487385178076,0.5750963991638641,1.9165224775012686,0.35000000000000003,0.55,0.1,全周期
0.0625946218850395,-0.19978748282329817,0.4822591635557052,1.4384038050264845,0.35000000000000003,0.6000000000000001,0.05,设计期2018-2023
0.17605527736253368,-0.1156107688306951,0.9384669291469491,1.1754027684818869,0.35000000000000003,0.6000000000000001,0.05,验证期2024
0.06973873709274181,-0.13688134383148698,0.6007977389539406,1.1183449212122454,0.35000000000000003,0.6000000000000001,0.05,验证期2025-2026-08
0.07633040951827175,-0.19978748282329817,0.5650631598559069,1.890790024357808,0.35000000000000003,0.6000000000000001,0.05,全周期
0.060540539899577084,-0.20093204368386453,0.47010320062366123,1.4218348075383132,0.35000000000000003,0.65,-0.0,设计期2018-2023
0.17328105224900892,-0.11565076672504981,0.9194722106571654,1.172639560425173,0.35000000000000003,0.65,-0.0,验证期2024
0.06992651125861293,-0.1352695003611447,0.6030636616112762,1.1186706389508565,0.35000000000000003,0.65,-0.0,验证期2025-2026-08
0.07463539717481993,-0.20093204368386453,0.5546611068229148,1.8651592696174768,0.35000000000000003,0.65,-0.0,全周期
0.08873630285633705,-0.19545761472218992,0.6088832901105081,1.6637241698375829,0.4,0.0,0.6,设计期2018-2023
0.19591840656898296,-0.12284488371303504,1.0669323373610704,1.1951863683459463,0.4,0.0,0.6,验证期2024
0.07497067329607732,-0.16465696141401542,0.6018630895678316,1.1274344624143093,0.4,0.0,0.6,验证期2025-2026-08
0.09770786166148215,-0.19545761472218992,0.6665902633842351,2.241858836761407,0.4,0.0,0.6,全周期
0.08682382413568512,-0.19305028276223557,0.6017495344201217,1.6463016262802515,0.4,0.05,0.55,设计期2018-2023
0.19345373110772068,-0.1228816483098889,1.0541974207866187,1.1927316226129405,0.4,0.05,0.55,验证期2024
0.07528728980416921,-0.16140436115280055,0.6076539178214315,1.1279854639347675,0.4,0.05,0.55,验证期2025-2026-08
0.09617583562266963,-0.19305028276223557,0.6612572274432998,2.2149077563468906,0.4,0.05,0.55,全周期
0.08489866582561412,-0.1941064943353329,0.5942020666127485,1.628917332507144,0.4,0.1,0.5,设计期2018-2023
0.19096303925156466,-0.12291870682117101,1.040730892778654,1.1902509476752443,0.4,0.1,0.5,验证期2024
0.07559331911420064,-0.1581455171606878,0.6132496506228622,1.1285181424067336,0.4,0.1,0.5,验证期2025-2026-08
0.09462938683245481,-0.1941064943353329,0.6554964226828176,2.1879939948026377,0.4,0.1,0.5,全周期
0.08296091121207771,-0.19516531011755156,0.5862345305963927,1.6115739812054644,0.4,0.15000000000000002,0.45,设计期2018-2023
0.18844651953320235,-0.12295605918602048,1.0265739594674987,1.1877445307163745,0.4,0.15000000000000002,0.45,验证期2024
0.07588875499359715,-0.15488045304157683,0.618631446627465,1.1290324765995343,0.4,0.15000000000000002,0.45,验证期2025-2026-08
0.0930685861702294,-0.19516531011755156,0.6493020568548261,2.161124172201576,0.4,0.15000000000000002,0.45,全周期
0.08101064392347967,-0.19622671501270994,0.577842235465892,1.5942742241581251,0.4,0.2,0.4,设计期2018-2023
0.18590436198634408,-0.12299370534335452,1.0117716681371514,1.1852125604120356,0.4,0.2,0.4,验证期2024
0.07617359151286163,-0.1516091926210209,0.6237805472101031,1.1295284461633652,0.4,0.2,0.4,验证期2025-2026-08
0.09149350500448117,-0.19622671501270994,0.6426703160794639,2.1343048074305786,0.4,0.2,0.4,全周期
0.07904794792529213,-0.19729069391679377,0.5690223249137667,1.5770206717698216,0.4,0.25,0.35,设计期2018-2023
0.1833367581230807,-0.12303164523186416,0.9963722857105677,1.1826552269077129,0.4,0.25,0.35,验证期2024
0.07644782304575526,-0.1492592943443548,0.6286784462620622,1.1300060316305853,0.4,0.25,0.35,验证期2025-2026-08
0.08990421518783309,-0.19729069391679377,0.6355995166563975,2.1075423160871574,0.4,0.25,0.35,全周期
0.07707290751465146,-0.1983572317182538,0.5597739350258871,1.5598158926166228,0.4,0.30000000000000004,0.3,设计期2018-2023
0.1807439009111218,-0.12306987879001619,0.9804266419987515,1.1800727217961477,0.4,0.30000000000000004,0.3,验证期2024
0.07671144426942655,-0.14720347720938032,0.6333070694872796,1.1304652144168774,0.4,0.30000000000000004,0.3,验证期2025-2026-08
0.08830078905205574,-0.1983572317182538,0.6280902348289517,2.0808430084708887,0.4,0.30000000000000004,0.3,全周期
0.07508560731495684,-0.19942631329828764,0.5500983359132166,1.542662413019297,0.4,0.35000000000000003,0.25,设计期2018-2023
0.17812598475088492,-0.12310840595605355,0.9639874562696349,1.1774652380946635,0.4,0.35000000000000003,0.25,验证期2024
0.07696445016454656,-0.1451485474104538,0.6376489604126798,1.1309059768223737,0.4,0.35000000000000003,0.25,验证期2025-2026-08
0.08668329940305664,-0.19942631329828764,0.6201454100060312,2.0542130876698885,0.4,0.35000000000000003,0.25,全周期
0.07308613227045213,-0.20049792353113316,0.5399990525924633,1.5255627166401426,0.4,0.4,0.2,设计期2018-2023
0.17548320545251905,-0.12314722666799405,0.9471086651443773,1.1748329702224285,0.4,0.4,0.2,验证期2024
0.07720683601541012,-0.1430945337265448,0.6416874698671868,1.131328302032677,0.4,0.4,0.2,验证期2025-2026-08
0.0850518195158505,-0.20049792353113316,0.6117704173840015,2.027658647742625,0.4,0.4,0.2,全周期
0.07107456764080289,-0.2015720472843534,0.5294819606639762,1.5085192441033155,0.4,0.45,0.15,设计期2018-2023
0.17281576021278022,-0.12318634086363256,0.9298447685194416,1.172176113977569,0.4,0.45,0.15,验证期2024
0.07743859741005954,-0.14104146498537873,0.6454069452929418,1.131732174119875,0.4,0.45,0.15,验证期2025-2026-08
0.0834064231295033,-0.2015720472843534,0.6029731065465607,2.0011856719950734,0.4,0.45,0.15,全周期
0.06905099899567224,-0.20264866941912063,0.5185553526610259,1.4915343926386426,0.4,0.5,0.1,设计期2018-2023
0.17012384759181787,-0.12322574848053935,0.9122502082824229,1.1694948665141973,0.4,0.5,0.1,验证期2024
0.07765973024034456,-0.1389893700628514,0.6487929159565473,1.1321175780433992,0.4,0.5,0.1,验证期2025-2026-08
0.08174718444206097,-0.20264866941912063,0.5937638034412291,1.9748000313534086,0.4,0.5,0.1,全周期
0.0670155122092797,-0.2037277747905062,0.5072299714676579,1.474610515748673,0.4,0.55,0.05,设计期2018-2023
0.16740766748986857,-0.12326544945606022,0.8943787922053678,1.1667894263193446,0.4,0.55,0.05,验证期2024
0.0778702307020116,-0.13708493033496738,0.6518322699517763,1.1324844996508896,0.4,0.55,0.05,验证期2025-2026-08
0.0800741781054568,-0.2037277747905062,0.5841552741094487,1.9485074828320785,0.4,0.55,0.05,全周期
0.06496819345496041,-0.20481538741246297,0.49551900791812625,1.4577499228989763,0.4,0.6000000000000001,-0.0,设计期2018-2023
0.16466742112382637,-0.12330544372731655,0.8762831727392062,1.164059993189772,0.4,0.6000000000000001,-0.0,验证期2024
0.07807009529476416,-0.13546508627656773,0.6545134188477251,1.1328329256789627,0.4,0.6000000000000001,-0.0,验证期2025-2026-08
0.07838747922039113,-0.20481538741246297,0.5741626496444804,1.9223136680970248,0.4,0.6000000000000001,-0.0,全周期
0.09115069170351897,-0.1976948601006977,0.6204660800522462,1.685938163046701,0.45,0.0,0.55,设计期2018-2023
0.18446545598602992,-0.1304790506621777,1.00141312270687,1.183779412340732,0.45,0.0,0.55,验证期2024
0.08329018943922839,-0.16859556583000135,0.6506721285440614,1.1419482413269741,0.45,0.0,0.55,验证期2025-2026-08
0.09979690654328444,-0.1976948601006977,0.6744902278525455,2.279076191108334,0.45,0.0,0.55,全周期
0.08923358012838789,-0.19873954240370006,0.6134315861538588,1.668279401767418,0.45,0.05,0.5,设计期2018-2023
0.18200727288522045,-0.1305161278809127,0.9886335012848876,1.1813310521219604,0.45,0.05,0.5,验证期2024
0.08360925953969955,-0.16535528282958334,0.6566747929154457,1.142506341647979,0.45,0.05,0.5,验证期2025-2026-08
0.09825986280758658,-0.19873954240370006,0.669168521440974,2.251640371162945,0.45,0.05,0.5,全周期
0.08730376127159434,-0.19978683124939145,0.6059829929929854,1.6506594681168716,0.45,0.1,0.45,设计期2018-2023
0.17952340050759186,-0.13055349651409365,0.9752054123358412,1.1788570875805608,0.45,0.1,0.45,验证期2024
0.08391765961918152,-0.16210876486639403,0.662468146221343,1.1430458814956126,0.45,0.1,0.45,验证期2025-2026-08
0.09670837463899495,-0.19978683124939145,0.6634215728267301,2.224243394272581,0.45,0.1,0.45,全周期
0.08536131862265917,-0.2008367116603511,0.5981138171240266,1.6330810907468705,0.45,0.15000000000000002,0.4,设计期2018-2023
0.17701402662816235,-0.13059115650084352,0.9611689818492248,1.176357705154361,0.45,0.15000000000000002,0.4,验证期2024
0.08421538339838808,-0.15885603539287485,0.6680329993877023,1.1435668393676095,0.45,0.15000000000000002,0.4,验证期2025-2026-08
0.09514251313330702,-0.2008367116603511,0.6572439205586864,2.196891988245938,0.45,0.15000000000000002,0.4,全周期
0.08340633601425518,-0.20188916865097883,0.5898192221394243,1.6155469568341632,0.45,0.2,0.35,设计期2018-2023
0.17447934049714364,-0.1306291077800642,0.9465674364174973,1.1738330927477978,0.45,0.2,0.35,验证期2024
0.08450242490351534,-0.15559711808248222,0.6733502945004126,1.1440691946540786,0.45,0.2,0.35,验证期2025-2026-08
0.09356234987583045,-0.20188916865097883,0.6506320536236759,2.1695927775877695,0.45,0.2,0.35,全周期
0.08143889761679879,-0.20294418722777685,0.5810961862093383,1.5980597116003763,0.45,0.25,0.3,设计期2018-2023
0.171919532817437,-0.13066735029043464,0.9314465324456848,1.1712834397096485,0.45,0.25,0.3,验证期2024
0.0847787784664027,-0.1524825902480611,0.6784012747623828,1.1445529276387778,0.45,0.25,0.3,验证期2025-2026-08
0.09196795693640158,-0.20294418722777685,0.6435845549018904,2.1423522813692153,0.45,0.25,0.3,全周期
0.0794590879330479,-0.20400175238963936,0.5719436582094813,1.580621957856065,0.45,0.30000000000000004,0.25,设计期2018-2023
0.16933479572197685,-0.13070588397040994,0.915853963900546,1.1687089368106076,0.45,0.30000000000000004,0.25,验证期2024
0.08504443872467826,-0.14946404350924047,0.6831676630052644,1.1450180195003157,0.45,0.30000000000000004,0.25,验证期2025-2026-08
0.09035940686439003,-0.20400175238963936,0.6361022228256005,2.1151769111947805,0.45,0.30000000000000004,0.25,全周期
0.07746699179267269,-0.20506184912813885,0.5623626979919392,1.56323625556854,0.45,0.35000000000000003,0.2,设计期2018-2023
0.16672532275096463,-0.13074470875822553,0.8998387643593936,1.1661097762207564,0.45,0.35000000000000003,0.2,验证期2024
0.08529940062188635,-0.14644168392092893,0.6876318459963314,1.1454644523132758,0.45,0.35000000000000003,0.2,验证期2025-2026-08
0.08873677268366653,-0.20506184912813885,0.6281881670410973,2.0880729692659425,0.45,0.35000000000000003,0.2,全周期
0.07546269434683883,-0.2061244624278108,0.5523565963195417,1.5459051214537787,0.45,0.4,0.15,设计期2018-2023
0.16409130882903433,-0.1307838245918913,0.8834507183011473,1.1634861514869645,0.45,0.4,0.15,验证期2024
0.08554365940759312,-0.14341554534921652,0.6917770613631054,1.1458922090492571,0.45,0.4,0.15,验证期2025-2026-08
0.08710012788756893,-0.2061244624278108,0.6198478743151637,2.061046646542141,0.45,0.4,0.15,全周期
0.07344628106275719,-0.20718957726644216,0.5419309701185941,1.5286310285919262,0.45,0.45,0.1,设计期2018-2023
0.1614329502422387,-0.13082323140919605,0.8667397951869041,1.160838257510113,0.45,0.45,0.1,验证期2024
0.08577721063751542,-0.14079894971877882,0.6955875836091752,1.1463012735779108,0.45,0.45,0.1,验证期2025-2026-08
0.08544954643382363,-0.20718957726644216,0.6110892415520999,2.03410402099855,0.45,0.45,0.1,全周期
0.07141783771825638,-0.20825717861535398,0.53109382902296,1.511416406066796,0.45,0.5,0.05,设计期2018-2023
0.15875044461501142,-0.13086292914770703,0.8497556180319302,1.1581662905222938,0.45,0.5,0.05,验证期2024
0.08600005017356915,-0.13874455494758575,0.6990489054377925,1.1466916306677855,0.45,0.5,0.05,验证期2025-2026-08
0.08378510273946604,-0.20825717861535398,0.6019225735804176,2.007251055981383,0.45,0.5,0.05,全周期
0.06937745039632315,-0.20932725143968778,0.5198556096911036,1.4942636386287798,0.45,0.55,0.0,设计期2018-2023
0.1560439908869693,-0.13090291774476914,0.8325469760188039,1.1554704480638498,0.45,0.55,0.0,验证期2024
0.08621217418397098,-0.1366911567733896,0.7021479104563064,1.1470632659872266,0.45,0.55,0.0,验证期2025-2026-08
0.08210687167572828,-0.20932725143968778,0.5923605443032126,1.9804935986600916,0.45,0.55,0.0,全周期
0.0935480305312717,-0.20336374893342346,0.6314897707924791,1.708239190859918,0.5,0.0,0.5,设计期2018-2023
0.17304474855433316,-0.13805673836055443,0.9365712913860691,1.1724041941116645,0.5,0.0,0.5,验证期2024
0.09162102492379987,-0.17252917402455614,0.6965456227819652,1.1565555743774902,0.5,0.0,0.5,验证期2025-2026-08
0.10185568514290311,-0.20336374893342346,0.681538986428586,2.3162879662502514,0.5,0.0,0.5,全周期
0.09162631488818818,-0.20439957974892442,0.6245491311114924,1.6903432105686378,0.5,0.05,0.45,设计期2018-2023
0.17059332342853684,-0.13809412107940844,0.9238269240603465,1.1699624838409686,0.5,0.05,0.45,验证期2024
0.09194255607167157,-0.1693012114168133,0.7026988472558052,1.1571208265232682,0.5,0.05,0.45,验证期2025-2026-08
0.10031365946006154,-0.20439957974892442,0.6762231260743496,2.2883662804868417,0.5,0.05,0.45,全周期
0.0896918644595579,-0.20543800436815673,0.6171947393628328,1.6724866393383897,0.5,0.1,0.4,设计期2018-2023
0.16811653435444796,-0.13813179273032838,0.9105129604434226,1.1674954923655625,0.5,0.1,0.4,验证期2024
0.09225333423409987,-0.1660918166461478,0.708630630323368,1.1576672791845786,0.5,0.1,0.4,验证期2025-2026-08
0.09875716806835455,-0.20543800436815673,0.6704857712500457,2.2604849917169365,0.5,0.1,0.4,全周期
0.08774476293729294,-0.20647900792376572,0.6094200410891587,1.6546722419298867,0.5,0.15000000000000002,0.35,设计期2018-2023
0.16561456833096955,-0.1381697532524243,0.8966679330811105,1.1650034053592646,0.5,0.15000000000000002,0.35,验证期2024
0.09255335308492718,-0.16309746819396942,0.7143217427158468,1.1581949105854832,0.5,0.15000000000000002,0.35,验证期2025-2026-08
0.09718628227834358,-0.20647900792376572,0.6643218429537023,2.2326509353659327,0.5,0.15000000000000002,0.35,全周期
0.08578509435714254,-0.2075225755401482,0.6012201079482694,1.6369027410551387,0.5,0.2,0.3,设计期2018-2023
0.16308761380660686,-0.13820800258458632,0.8823328216537115,1.1624864099371612,0.5,0.2,0.3,验证期2024
0.09284260660588584,-0.16009920293593394,0.7197531348173762,1.1587036998540003,0.5,0.2,0.3,验证期2025-2026-08
0.09560107389049133,-0.2075225755401482,0.6577281764545757,2.204870841423631,0.5,0.2,0.3,全周期
0.08381294309328258,-0.20856869233373887,0.5925918024703978,1.619180816891453,0.5,0.25,0.25,设计期2018-2023
0.16053586065704684,-0.1382465406654848,0.8675505379624383,1.1599446946334162,0.5,0.25,0.25,验证期2024
0.09312108908675243,-0.1570970539122739,0.7249061034050859,1.1591936270233814,0.5,0.25,0.25,验证期2025-2026-08
0.09400161519017614,-0.20856869233373887,0.6507036555429727,2.1771513322887213,0.5,0.25,0.25,全周期
0.08182839385289364,-0.20961734341329485,0.5835339315959998,1.6015091066197082,0.5,0.30000000000000004,0.2,设计期2018-2023
0.1579595001626657,-0.13828536743356856,0.8523654001635758,1.1573784493790116,0.5,0.30000000000000004,0.2,验证期2024
0.09338879512548592,-0.1540910543673546,0.7297624658203717,1.1596646730333124,0.5,0.30000000000000004,0.2,验证期2025-2026-08
0.09238797894267514,-0.20961734341329485,0.6432493253715825,2.14949892071145,0.5,0.30000000000000004,0.2,全周期
0.07983153167072299,-0.21066851388018226,0.57404738467562,1.5838902039868545,0.5,0.35000000000000003,0.15,设计期2018-2023
0.15535872498588388,-0.13832448282706544,0.8368226093538226,1.1547878654793344,0.5,0.35000000000000003,0.15,验证期2024
0.09364571962836421,-0.15108123774940196,0.7343047389022298,1.160116819731068,0.5,0.35000000000000003,0.15,验证期2025-2026-08
0.09076023838812475,-0.21066851388018226,0.6353684800063937,2.121920007834889,0.5,0.35000000000000003,0.15,全周期
0.07782244190364374,-0.2117221888286569,0.5641352515854362,1.5663266588926759,0.5,0.4,0.1,设计期2018-2023
0.1527337291484545,-0.13836388678398404,0.8209677406598481,1.1521731355917006,0.5,0.4,0.1,验证期2024
0.09389185781010734,-0.14806763771022025,0.7385163196459108,1.1605500498725942,0.5,0.4,0.1,验证期2025-2026-08
0.08911846723646377,-0.2117221888286569,0.627066721246192,2.0944208813351164,0.5,0.4,0.1,全周期
0.07580121022521147,-0.21277835334615258,0.5538029167462849,1.5488209770007237,0.5,0.45,0.05,设计期2018-2023
0.15008470800861762,-0.13840357924210966,0.8048462596094359,1.1495344537027423,0.5,0.45,0.05,验证期2024
0.09412720519395457,-0.14505028810491172,0.7423816642491041,1.1609643471234643,0.5,0.45,0.05,验证期2025-2026-08
0.08746273966234974,-0.21277835334615258,0.6183519858773712,2.067007713660233,0.5,0.45,0.05,全周期
0.07376792262020371,-0.2138369925135608,0.5430581251447453,1.5313756193732495,0.5,0.5,0.0,设计期2018-2023
0.14741185823817649,-0.13844356013901116,0.7885030728718658,1.1468720151057195,0.5,0.5,0.0,验证期2024
0.09435175761178072,-0.14202922299157628,0.7458864619935582,1.1613596960598562,0.5,0.5,0.0,验证期2025-2026-08
0.08579313030006297,-0.2138369925135608,0.6092345392899433,2.0396865603684398,0.5,0.5,0.0,全周期
0.0959281839526347,-0.2090034140274576,0.6419468916681847,1.7306229011522258,0.55,0.0,0.45,设计期2018-2023
0.1616574004620397,-0.14557830192686438,0.8727212552868985,1.1610618249842264,0.55,0.0,0.45,验证期2024
0.09996244676070076,-0.17727235681186082,0.7394204655950338,1.17125527466281,0.55,0.0,0.45,验证期2025-2026-08
0.10388400364271955,-0.2090034140274576,0.68775557856029,2.353473714173826,0.55,0.0,0.45,全周期
0.09400189328732855,-0.2100304516118432,0.6350945572994829,1.7124887458021658,0.55,0.05,0.4,设计期2018-2023
0.15921299504840758,-0.14561598310250223,0.8600829042593755,1.158627025263614,0.55,0.05,0.4,验证期2024
0.10028644627543826,-0.17394812128403425,0.7456663872966118,1.1718277313287018,0.55,0.05,0.4,验证期2025-2026-08
0.10233703220450097,-0.2100304516118432,0.6824409024175518,2.3250652844298925,0.55,0.05,0.4,全周期
0.09206284052242752,-0.21106007027697637,0.6278295322171074,1.694394584435651,0.55,0.1,0.35,设计期2018-2023
0.156743549195832,-0.14565395074532383,0.8469488267397297,1.1561672656625983,0.55,0.1,0.35,验证期2024
0.10059960970551263,-0.1707203050082059,0.7516808803821591,1.1723811479306179,0.55,0.1,0.35,验证期2025-2026-08
0.10077557418896532,-0.21106007027697637,0.6767096244802754,2.2966988350171804,0.55,0.1,0.35,全周期
0.09011110955103785,-0.21209225526498432,0.6201452450525639,1.6763432180596096,0.55,0.15000000000000002,0.3,设计期2018-2023
0.1542492491090235,-0.14569220479443012,0.8333555771975195,1.1536827310730342,0.55,0.15000000000000002,0.3,验证期2024
0.10090193067775144,-0.16767808781486748,0.7574449478032204,1.1729155024169031,0.55,0.15000000000000002,0.3,验证期2025-2026-08
0.09919970111977161,-0.21209225526498432,0.6705570888932103,2.268381308796853,0.55,0.15000000000000002,0.3,全周期
0.08814678461079328,-0.21312699180967853,0.6120367269948038,1.6583374050560271,0.55,0.2,0.25,设计期2018-2023
0.1517302824168978,-0.14573074518870444,0.819341592372621,1.1511736078028916,0.55,0.2,0.25,验证期2024
0.10119340312926983,-0.16469238256962415,0.7629398182963112,1.1734307736514935,0.55,0.2,0.25,验证期2025-2026-08
0.09760948501086375,-0.21312699180967853,0.6639805102618226,2.2401195410502353,0.55,0.2,0.25,全周期
0.08616995027842855,-0.21416426513684417,0.603500772927292,1.640379860689875,0.55,0.25,0.2,设计期2018-2023
0.14918683815029055,-0.1457695718668114,0.8049467337817333,1.1486400835542,0.55,0.25,0.2,验证期2024
0.10147402130762861,-0.1617027899292075,0.7681471070793956,1.1739269414152125,0.55,0.25,0.2,验证期2025-2026-08
0.09600499836146725,-0.21416426513684417,0.656979098100145,2.2119202572975922,0.55,0.25,0.2,全周期
0.08418069146433838,-0.21520406046452167,0.5945360915301257,1.6224732566416165,0.55,0.30000000000000004,0.15,设计期2018-2023
0.1466191067195728,-0.14580868476719633,0.790211827457871,1.1460823474008932,0.55,0.30000000000000004,0.15,验证期2024
0.10174377977098104,-0.15870934292510164,0.7730489827734549,1.174403986407004,0.55,0.30000000000000004,0.15,验证期2025-2026-08
0.09438631415105903,-0.21520406046452167,0.6495541603903694,2.1837900712169023,0.55,0.30000000000000004,0.15,全周期
0.08217909340713114,-0.21624636300329003,0.585143440176043,1.6046202205643527,0.55,0.35000000000000003,0.1,设计期2018-2023
0.1440272798921831,-0.1458480838280849,0.7751782116087088,1.143500589766572,0.55,0.35000000000000003,0.1,验证期2024
0.1020026733882109,-0.15571207479214644,0.7776283380226308,1.1748618902450976,0.55,0.35000000000000003,0.1,验证期2025-2026-08
0.09275350583431652,-0.21624636300329003,0.6417091827042871,2.1557354826630806,0.55,0.35000000000000003,0.1,全周期
0.08016524166818284,-0.21729115795654952,0.5753257404291596,1.58682333566558,0.55,0.4,0.05,设计期2018-2023
0.14141155077000644,-0.14588776898748612,0.7598873018962224,1.1408950024021156,0.55,0.4,0.05,验证期2024
0.10225069733903625,-0.15271101896826944,0.7818689609725825,1.175300635468073,0.55,0.4,0.05,验证期2025-2026-08
0.09110664733604779,-0.21729115795654952,0.6334498797722056,2.1277628757878597,0.55,0.4,0.05,全周期
0.0781392221261632,-0.21833843052080448,0.565088170090339,1.5690851403132478,0.55,0.45,-0.0,设计期2018-2023
0.13877211376670728,-0.14592774018318821,0.7443801827535582,1.1382657783632457,0.55,0.45,-0.0,验证期2024
0.10248784711412151,-0.1497062090941923,0.7857557045154182,1.175720205535887,0.55,0.45,-0.0,验证期2025-2026-08
0.08944581304608978,-0.21833843052080448,0.62478421697044,2.099878517260154,0.55,0.45,-0.0,全周期
0.09829101729076872,-0.21461391315057976,0.6518337710959128,1.7530848535131924,0.6000000000000001,0.0,0.4,设计期2018-2023
0.15030451179257986,-0.15304409461132262,0.810129252574686,1.1497534003731487,0.6000000000000001,0.0,0.4,验证期2024
0.10831371410010582,-0.1822889964132276,0.7792942411983621,1.1860461162413392,0.6000000000000001,0.0,0.4,验证期2025-2026-08
0.10588167042149266,-0.21461391315057976,0.693165621861525,2.3906126645630823,0.6000000000000001,0.0,0.4,全周期
0.09636018090706888,-0.21563221553071887,0.645064152970914,1.7347116132643365,0.6000000000000001,0.05,0.35,设计期2018-2023
0.14786738392356025,-0.15308206727819618,0.7976580659699065,1.1473257679454476,0.6000000000000001,0.05,0.35,验证期2024
0.10864018916309082,-0.17889533969357374,0.7855798789244408,1.1866258297768646,0.6000000000000001,0.05,0.35,验证期2025-2026-08
0.10432978985977703,-0.21563221553071887,0.6878483464561066,2.361716866020341,0.6000000000000001,0.05,0.35,全周期
0.09441655530102655,-0.21665308628502167,0.6378835947031101,1.7163789553113744,0.6000000000000001,0.1,0.3,设计期2018-2023
0.14540553727685168,-0.1531203239647675,0.7847595593850335,1.144873495139277,0.6000000000000001,0.1,0.3,验证期2024
0.10895574491429239,-0.17549394628402637,0.7916262379457903,1.1871862611189745,0.6000000000000001,0.1,0.3,验证期2025-2026-08
0.10276340226178404,-0.21665308628502167,0.6821204178851282,2.3328646601531067,0.6000000000000001,0.1,0.3,全周期
0.09246022456574043,-0.21767651076451033,0.6302855590838045,1.6980897170377445,0.6000000000000001,0.15000000000000002,0.25,设计期2018-2023
0.14291915724524373,-0.15315886461013306,0.77146804359242,1.142396766046916,0.6000000000000001,0.15000000000000002,0.25,验证期2024
0.10926037493335827,-0.17241360522862637,0.7974147835703206,1.1877273879382215,0.6000000000000001,0.15000000000000002,0.25,验证期2025-2026-08
0.10118257936258512,-0.21767651076451033,0.6759776330768729,2.304063097014717,0.6000000000000001,0.15000000000000002,0.25,全周期
0.09049127313951955,-0.21870247431183332,0.6222650854103,1.6798466926231157,0.6000000000000001,0.2,0.2,设计期2018-2023
0.14040843062054997,-0.1531976891531719,0.7578192325819513,1.13989576615182,0.6000000000000001,0.2,0.2,验证期2024
0.10955407311263632,-0.1693470306690762,0.8029272486292316,1.1882491888324784,0.6000000000000001,0.2,0.2,验证期2025-2026-08
0.0995873933879059,-0.21870247431183332,0.6694176086994265,2.2753191169227516,0.6000000000000001,0.2,0.2,全周期
0.08850978580044333,-0.2197309622615441,0.613818946249622,1.66165263254525,0.6000000000000001,0.25,0.15,设计期2018-2023
0.13787354557145726,-0.15323679753254593,0.7438498427340793,1.137370682306696,0.6000000000000001,0.25,0.15,验证期2024
0.10983683365733721,-0.16629968464509115,0.8081457859264809,1.1887516433282603,0.6000000000000001,0.25,0.15,验证期2025-2026-08
0.09797791704910952,-0.2197309622615441,0.6624398954568725,2.246639548252456,0.6000000000000001,0.25,0.15,全周期
0.08651584766090425,-0.22076195994038905,0.604945793347898,1.6435102431067377,0.6000000000000001,0.30000000000000004,0.1,设计期2018-2023
0.1353146916212764,-0.15327618968670143,0.7295971949047353,1.1348217027114813,0.6000000000000001,0.30000000000000004,0.1,验证期2024
0.11010865108566392,-0.16331879507560143,0.8130531257085453,1.1892347318819378,0.6000000000000001,0.30000000000000004,0.1,验证期2025-2026-08
0.09635422353814782,-0.22076195994038905,0.6550460721395458,2.2180311053319413,0.6000000000000001,0.30000000000000004,0.1,全周期
0.08450954416215506,-0.22179545266758105,0.5956462886790771,1.6254221859868032,0.6000000000000001,0.35000000000000003,0.05,设计期2018-2023
0.1327320596255961,-0.15331586555386556,0.7150988279830723,1.132249016891226,0.6000000000000001,0.35000000000000003,0.05,验证期2024
0.11036952022896407,-0.16033408048865816,0.8176327358090321,1.1896984358809426,0.6000000000000001,0.35000000000000003,0.05,验证期2025-2026-08
0.09471638652249847,-0.22179545266758105,0.6472398162153344,2.1895003864396845,0.6000000000000001,0.35000000000000003,0.05,全周期
0.08249096106884046,-0.22283142575508696,0.5859232166158496,1.6073910778179004,0.6000000000000001,0.4,-0.0,设计期2018-2023
0.13012584174982478,-0.15335582507205048,0.7003921315343069,1.1296528156738637,0.6000000000000001,0.4,-0.0,验证期2024
0.11061943623183601,-0.15734557410871108,0.8218689818619566,1.1901427376448455,0.6000000000000001,0.4,-0.0,验证期2025-2026-08
0.09306448014008284,-0.22283142575508696,0.6390269481744596,2.1610538719044494,0.6000000000000001,0.4,-0.0,全周期
0.1006363965910535,-0.22019530478724159,0.6611503635818473,1.7756205202575341,0.65,0.0,0.35,设计期2018-2023
0.13898716640805664,-0.16045446780354555,0.7490140507224744,1.1384799996656079,0.65,0.0,0.35,验证期2024
0.11667407829887133,-0.18728988804199775,0.8162157757032236,1.2009268339802697,0.65,0.0,0.35,验证期2025-2026-08
0.10784849608137792,-0.22019530478724159,0.697800298829446,2.4276837418930817,0.65,0.0,0.35,全周期
0.0987010440497611,-0.22120492976000516,0.6544579251337039,1.757007332430366,0.65,0.05,0.3,设计期2018-2023
0.1365575699854984,-0.1604927250732645,0.7367615816155199,1.1360597873884988,0.65,0.05,0.3,验证期2024
0.11700303595090356,-0.18391374679535732,0.8224939827816822,1.201513856372091,0.65,0.05,0.3,验证期2025-2026-08
0.10629174346619608,-0.22120492976000516,0.6924775397337364,2.3983002081144065,0.65,0.05,0.3,全周期
0.09675287535613575,-0.22221711041716552,0.647356957086875,1.7384353184981018,0.65,0.1,0.25,设计期2018-2023
0.13410357457020639,-0.16053126393248918,0.7241445062780215,1.1336152523844196,0.65,0.1,0.25,验证期2024
0.11732099094304149,-0.18052989223542737,0.8285271341996117,1.202081352910175,0.65,0.1,0.25,验证期2025-2026-08
0.10472046376720057,-0.22221711041716552,0.6867510331656947,2.368961907930715,0.65,0.1,0.25,全周期
0.09479197480205692,-0.22323183221806242,0.6398410037758253,1.7199073523437949,0.65,0.15000000000000002,0.2,设计期2018-2023
0.13162536472568465,-0.16057008432031405,0.7111947310405208,1.1311465779288221,0.65,0.15000000000000002,0.2,验证期2024
0.11762793680761097,-0.17737057621880836,0.8342973424725507,1.2026293009852533,0.65,0.15000000000000002,0.2,验证期2025-2026-08
0.10313472892917708,-0.22323183221806242,0.6806170477386446,2.3396759982805944,0.65,0.15000000000000002,0.2,全周期
0.09281842702529208,-0.22424908061359605,0.6319051576413,1.701426264065452,0.65,0.2,0.15,设计期2018-2023
0.12912312638948498,-0.1606091861756187,0.6979451663874731,1.1286539486635954,0.65,0.2,0.15,验证期2024
0.11792386739204774,-0.17431906947921483,0.8397870234884439,1.2031576789271752,0.65,0.2,0.15,验证期2025-2026-08
0.10153461138792053,-0.22424908061359605,0.6740736150192131,2.3104495242002265,0.65,0.2,0.15,全周期
0.09083231700403638,-0.22526884104651201,0.6235462109606812,1.6829948394717258,0.65,0.25,0.1,设计期2018-2023
0.1265970468512172,-0.16064856943706718,0.6844293800553375,1.1261375505753008,0.65,0.25,0.1,验证期2024
0.11820877685905429,-0.1712626943670903,0.8449790391391558,1.2036664660062288,0.65,0.25,0.1,验证期2025-2026-08
0.0999201840651942,-0.22526884104651201,0.6671206335523092,2.2812894165917164,0.65,0.25,0.1,全周期
0.08883373005145834,-0.22629109895168054,0.6147627969047736,1.6646158196030696,0.65,0.30000000000000004,0.05,设计期2018-2023
0.12404731473041153,-0.16068823404310772,0.6706812568469749,1.1235975709732609,0.65,0.30000000000000004,0.05,验证期2024
0.11848265968676164,-0.16820147863251567,0.8498568438342742,1.2041556424344286,0.65,0.30000000000000004,0.05,验证期2025-2026-08
0.09829152036368449,-0.22629109895168054,0.659759953390843,2.252202490095392,0.65,0.30000000000000004,0.05,全周期
0.08682275181021781,-0.2273158397563766,0.6055555160940317,1.6462919002779606,0.65,0.35000000000000003,-0.0,设计期2018-2023
0.12147411995432811,-0.16072817993197375,0.6567346719085462,1.1210341984675942,0.65,0.35000000000000003,-0.0,验证期2024
0.11874551066883998,-0.16513545023029497,0.8544046327573076,1.2046251893666595,0.65,0.35000000000000003,-0.0,验证期2025-2026-08
0.09664869416191091,-0.2273158397563766,0.6519954382508415,2.2231954410657346,0.65,0.35000000000000003,-0.0,全周期
0.10296418863314427,-0.22574764813043458,0.6699000265269819,1.798225287502437,0.7000000000000001,0.0,0.3,设计期2018-2023
0.12770643183834585,-0.16780977104041728,0.689549255337102,1.127242686110057,0.7000000000000001,0.0,0.3,验证期2024
0.1250427829903702,-0.19227496527784027,0.8502750397550144,1.2158961234162708,0.7000000000000001,0.0,0.3,验证期2025-2026-08
0.10978429347472174,-0.22574764813043458,0.7016953114700049,2.4646655832250888,0.7000000000000001,0.0,0.3,全周期
0.10102434975088248,-0.22674865326222593,0.6632793660771912,1.779371337521156,0.7000000000000001,0.05,0.25,设计期2018-2023
0.12528461680900183,-0.16784830610111956,0.6775578220836312,1.1248301429314869,0.7000000000000001,0.05,0.25,验证期2024
0.1253742301291234,-0.18891630698420736,0.8565049872818967,1.2164905062709201,0.7000000000000001,0.05,0.25,验证期2025-2026-08
0.10822270631222675,-0.22674865326222593,0.6963650717589994,2.434794210998363,0.7000000000000001,0.05,0.25,全周期
0.09907166798050393,-0.2277522014058836,0.6562532135070607,1.7605591562145106,0.7000000000000001,0.1,0.2,设计期2018-2023
0.12283872066810875,-0.1678871203383272,0.6652587664892032,1.1223935927996764,0.7000000000000001,0.1,0.2,验证期2024
0.12569459114588866,-0.18554995882863068,0.8624860626053372,1.2170651181003462,0.7000000000000001,0.1,0.2,验证期2025-2026-08
0.10664657243171205,-0.2277522014058836,0.6906388415635515,2.404969741391147,0.7000000000000001,0.1,0.2,全周期
0.0971062278114474,-0.2287582781284797,0.6488152378722571,1.7417916540809661,0.7000000000000001,0.15000000000000002,0.15,设计期2018-2023
0.1203689271328583,-0.16792621369113792,0.6526815181737095,1.1199332181563288,0.7000000000000001,0.15000000000000002,0.15,验证期2024
0.12600385952551973,-0.1823129925876813,0.8682011654778605,1.217619936013427,0.7000000000000001,0.15000000000000002,0.15,验证期2025-2026-08
0.10505596398596295,-0.2287582781284797,0.6845133700315476,2.3751994378561627,0.7000000000000001,0.15000000000000002,0.15,全周期
0.09512811407970734,-0.22976686898859,0.6409606257391961,1.7230716972502402,0.7000000000000001,0.2,0.1,设计期2018-2023
0.11787542126974815,-0.16803868059719285,0.6398561841442276,1.1174492027850789,0.7000000000000001,0.2,0.1,验证期2024
0.12630202907039112,-0.17927653280847156,0.8736335280775138,1.218154938070022,0.7000000000000001,0.2,0.1,验证期2025-2026-08
0.10345095361910439,-0.22976686898859,0.6779871073350339,2.345490449767257,0.7000000000000001,0.2,0.1,全周期
0.09313741196236602,-0.23077795953657476,0.6326862273204698,1.7044021069729844,0.7000000000000001,0.25,0.05,设计期2018-2023
0.11535838947272414,-0.1681731863210666,0.6268132518287244,1.1149417317898556,0.7000000000000001,0.25,0.05,验证期2024
0.12658909390057338,-0.17623521246299034,0.878766846842526,1.218670103282346,0.7000000000000001,0.25,0.05,验证期2025-2026-08
0.1018316144615583,-0.23077795953657476,0.6710602985101847,2.315849810163391,0.7000000000000001,0.25,0.05,全周期
0.09113420697212238,-0.2317915353148503,0.6239906921217012,1.6857856591361133,0.7000000000000001,0.30000000000000004,-0.0,设计期2018-2023
0.11281801944120051,-0.1683079618469313,0.6135833011643107,1.1124109915731277,0.7000000000000001,0.30000000000000004,-0.0,验证期2024
0.12686504845396795,-0.17318905910327664,0.8835854171617641,1.2191654116162163,0.7000000000000001,0.30000000000000004,-0.0,验证期2025-2026-08
0.10019802012497725,-0.2317915353148503,0.6637350586444913,2.286284433598034,0.7000000000000001,0.30000000000000004,-0.0,全周期
0.10527426094298664,-0.23127100307356796,0.678089256531233,1.8208944563116836,0.75,0.0,0.25,设计期2018-2023
0.11646335917583195,-0.17519559886370384,0.6318667572869564,1.1160425067106172,0.75,0.0,0.25,验证期2024
0.13341906415662796,-0.19724416270136758,0.8815932298649325,1.2309526406295803,0.75,0.0,0.25,验证期2025-2026-08
0.11168887773060443,-0.23127100307356796,0.7048898458776331,2.5015365566860606,0.75,0.0,0.25,全周期
0.10332996579102383,-0.23226344569987034,0.6715351781881554,1.80179897863616,0.75,0.05,0.2,设计期2018-2023
0.11404957150829542,-0.1753284442796026,0.620170050583403,1.1136378776456306,0.75,0.05,0.2,验证期2024
0.1337530075341158,-0.19390295447866768,0.887740497575382,1.2315544351560563,0.75,0.05,0.2,验证期2025-2026-08
0.1101224939609855,-0.23226344569987034,0.6995509773755464,2.471177510665027,0.75,0.05,0.2,全周期
0.10137280121081504,-0.233258418683156,0.6645792358453364,1.7827458674871164,0.75,0.1,0.15,设计期2018-2023
0.11161201867984816,-0.1754615575356181,0.6082170899176771,1.1112095554967112,0.75,0.1,0.15,验证期2024
0.13407578122061303,-0.19055407991906026,0.8936368867230289,1.2321362119949908,0.75,0.1,0.15,验证期2025-2026-08
0.10854154425435114,-0.233258418683156,0.6938246169919836,2.4408670638839323,0.75,0.1,0.15,全周期
0.09940285188811804,-0.2342559076976497,0.6572152618779661,1.7637380700866447,0.75,0.15000000000000002,0.1,设计期2018-2023
0.10915088354469704,-0.17559493847621066,0.5960348275055347,1.1087577218552445,0.75,0.15000000000000002,0.1,验证期2024
0.1343873786533547,-0.18724077878453393,0.8992661825517754,1.2326979479713898,0.75,0.15000000000000002,0.1,验证期2025-2026-08
0.10694610096974144,-0.2342559076976497,0.6877079941631782,2.410612585873384,0.75,0.15000000000000002,0.1,全周期
0.09742020285591635,-0.23525589840902605,0.649438573542138,1.7447784887022535,0.75,0.2,0.05,设计期2018-2023
0.1066663502818539,-0.17572858694565419,0.583650629874582,1.1062825596302768,0.75,0.2,0.05,验证期2024
0.13468779358951455,-0.1842193447459407,0.9046125246369316,1.2332396208731862,0.75,0.2,0.05,验证期2025-2026-08
0.10533623695786432,-0.23525589840902605,0.6811999732439963,2.3804213299003254,0.75,0.2,0.05,全周期
0.09542493948893482,-0.23625837647467574,0.6412461130546605,1.725869980130387,0.75,0.25,0.0,设计期2018-2023
0.10415860437339264,-0.17586250278804128,0.5710920261318975,1.1037842530269928,0.75,0.25,0.0,验证期2024
0.13497702010638557,-0.18119305805568364,0.9096605274620793,1.2337612094526393,0.75,0.25,0.0,验证期2025-2026-08
0.10371202555603443,-0.23625837647467574,0.6743011374253046,2.350300430687727,0.75,0.25,0.0,全周期
0.10756648180479145,-0.23676543020236362,0.6857273952587013,1.8436232439066833,0.8,0.0,0.2,设计期2018-2023
0.105258982975867,-0.18282660864528844,0.5760608928009668,1.1048804921271211,0.8,0.0,0.2,验证期2024
0.14180215020287346,-0.20219741589329454,0.910313619927186,1.2460950021319437,0.8,0.0,0.2,验证期2025-2026-08
0.1135620662811403,-0.23676543020236362,0.7074255818550536,2.538274780614318,0.8,0.0,0.2,全周期
0.10561776070784856,-0.23774936742731123,0.6792349676718331,1.8242855229525554,0.8,0.05,0.15,设计期2018-2023
0.1028534646388628,-0.18295887381671005,0.5646847433081891,1.1024840182360256,0.8,0.05,0.15,验证期2024
0.1421385964228814,-0.19887362450017232,0.9163499852142742,1.2467042591240964,0.8,0.05,0.15,验证期2025-2026-08
0.11199092427648005,-0.23774936742731123,0.7020777248012015,2.507428497746535,0.8,0.05,0.15,全周期
0.10365614383961574,-0.23873582237240865,0.6723448558714546,1.8049907693374043,0.8,0.1,0.1,设计期2018-2023
0.10042449513498375,-0.1830914042604388,0.5530983198883116,1.1000641631999433,0.8,0.1,0.1,验证期2024
0.14246378928314907,-0.19554219036782627,0.9221350998322063,1.2472932502965501,0.8,0.1,0.1,验证期2025-2026-08
0.11040519753285793,-0.23873582237240865,0.6963515052849033,2.476632537786401,0.8,0.1,0.1,全周期
0.10168171608092558,-0.23972478081845983,0.6650510893368928,1.7857419671076473,0.8,0.15000000000000002,0.05,设计期2018-2023
0.09797225643915208,-0.18322419982178528,0.5413261521052152,1.097621107743738,0.8,0.15000000000000002,0.05,验证期2024
0.14277772217313722,-0.19220313129093392,0.9276536957194733,1.24786195218841,0.8,0.15000000000000002,0.05,验证期2025-2026-08
0.10880495861381578,-0.23972478081845983,0.6902446248303497,2.445894375840835,0.8,0.15000000000000002,0.05,全周期
0.09969456266049925,-0.24071622853765684,0.6573491479360558,1.7665420547671213,0.8,0.2,-0.0,设计期2018-2023
0.09549693182680641,-0.1833572603458773,0.5293929756615148,1.0951550338858742,0.8,0.2,-0.0,验证期2024
0.14308038880468277,-0.18914743038368753,0.9328908740204819,1.2484103423137618,0.8,0.2,-0.0,验证期2025-2026-08
0.10719028057487412,-0.24071622853765684,0.6837563505741981,2.415221368560741,0.8,0.2,-0.0,全周期
0.10984072027296277,-0.24223099078678145,0.6928263148183756,1.8664067849443275,0.8500000000000001,0.0,0.15,设计期2018-2023
0.09409432116282557,-0.1903968087907011,0.5221929567706475,1.0937576565806773,0.8500000000000001,0.0,0.15,验证期2024
0.15019126203437194,-0.2071346614335372,0.9365935450470522,1.2613217847684082,0.8500000000000001,0.0,0.15,验证期2025-2026-08
0.11540367888752101,-0.24223099078678145,0.7093457747922394,2.5748581433513102,0.8500000000000001,0.0,0.15,全周期
0.10788760380799323,-0.24320647948272722,0.6863909176425593,1.8468261559903782,0.8500000000000001,0.05,0.1,设计期2018-2023
0.09169731010493098,-0.19052849305030184,0.5111561901010447,1.0913695749486243,0.8500000000000001,0.05,0.1,验证期2024
0.1505302175499179,-0.20382825327215348,0.9424965600137533,1.2619385545872361,0.8500000000000001,0.05,0.1,验证期2025-2026-08
0.1138278174495937,-0.24320647948272722,0.7039892816922989,2.5435253370833957,0.8500000000000001,0.05,0.1,全周期
0.10592156542719944,-0.24418447328044846,0.679562526626264,1.8272890980344139,0.8500000000000001,0.1,0.05,设计期2018-2023
0.08927715989224394,-0.19066044003501403,0.49995004687042943,1.088958422154922,0.8500000000000001,0.1,0.05,验证期2024
0.15085783594443614,-0.20051422604082803,0.9481493960564361,1.2625348090059425,0.8500000000000001,0.1,0.05,验证期2025-2026-08
0.11223735288961567,-0.24418447328044846,0.6982640769544686,2.512244603850133,0.8500000000000001,0.1,0.05,全周期
0.10394269020523739,-0.24516495806674965,0.6723353972221466,1.8077986320401482,0.8500000000000001,0.15000000000000002,-0.0,设计期2018-2023
0.08683405160446411,-0.1907926495909974,0.48859672963860046,1.086524378042068,0.8500000000000001,0.15000000000000002,-0.0,验证期2024
0.15117411055948016,-0.19719259736341865,0.9535377615527415,1.26311052427576,0.8500000000000001,0.15000000000000002,-0.0,验证期2025-2026-08
0.11063235797386306,-0.24516495806674965,0.692168319280043,2.4810235237671185,0.8500000000000001,0.15000000000000002,-0.0,全周期
0.11209684618397464,-0.24766774677294257,0.6994000921082518,1.8892401328615605,0.9,0.0,0.1,设计期2018-2023
0.0829703749418178,-0.19790661742040072,0.47029578442120107,1.0826749977648216,0.9,0.0,0.1,验证期2024
0.15858561313571107,-0.21205583690024365,0.9605976848551788,1.2766315256335243,0.9,0.0,0.1,验证期2025-2026-08
0.11721353766580056,-0.24766774677294257,0.7106944290224697,2.611264323657992,0.9,0.0,0.1,全周期
0.11013936517891798,-0.24863484358006183,0.6930174504775779,1.8694159829436814,0.9,0.05,0.05,设计期2018-2023
0.08058210507252639,-0.19803772014507248,0.45961110506472536,1.0802955414827111,0.9,0.05,0.05,验证期2024
0.15892708424645186,-0.20876677801908494,0.9663501216032693,1.2772558581892248,0.9,0.05,0.05,验证期2025-2026-08
0.11563299602380583,-0.24863484358006183,0.705330278197174,2.579445987908553,0.9,0.05,0.05,全周期
0.10816893631343838,-0.24960443288943746,0.6862469733694847,1.8496360104125587,0.9,0.1,-0.0,设计期2018-2023
0.07817100605395955,-0.19816908306813552,0.44879321903199754,1.0778933220421656,0.9,0.1,-0.0,验证期2024
0.15925713438964784,-0.2054701238078117,0.9718546999890894,1.2778594243383807,0.9,0.1,-0.0,验证期2025-2026-08
0.11403783329731532,-0.24960443288943746,0.6996074820959278,2.547681501152777,0.9,0.1,-0.0,全周期
0.1143347301682085,-0.25307576077509464,0.705464680749034,1.9121182612866574,0.9500000000000001,0.0,0.05,设计期2018-2023
0.07188812871599981,-0.20654746742939156,0.42037819055226294,1.071633496762196,0.9500000000000001,0.0,0.05,验证期2024
0.1669844096523796,-0.2169608808687673,0.9824926654310884,1.2920227220018996,0.9500000000000001,0.0,0.05,验证期2025-2026-08
0.11899146711242015,-0.25307576077509464,0.7115155743495752,2.6474708117329784,0.9500000000000001,0.0,0.05,全周期
0.11237291570073449,-0.2540345221009891,0.6991308884270505,1.8920500300778444,0.9500000000000001,0.05,-0.0,设计期2018-2023
0.06950882988820384,-0.20548697080957068,0.4100530509120729,1.0692628949089842,0.9500000000000001,0.05,-0.0,验证期2024
0.16732840250203584,-0.21368913696545522,0.988081895460371,1.2926546667358185,0.9500000000000001,0.05,-0.0,验证期2025-2026-08
0.11740628492066851,-0.2540345221009891,0.7061452781529932,2.615168224624144,0.9500000000000001,0.05,-0.0,全周期
0.11655424366173595,-0.25845509606757355,0.7110375881855342,1.935036065516883,1.0,0.0,0.0,设计期2018-2023
0.06084855000948464,-0.21523405359279701,0.37242912216887947,1.060634117966757,1.0,0.0,0.0,验证期2024
0.17538685047473224,-0.22184973291057797,1.002442898610649,1.3074938312735118,1.0,0.0,0.0,验证期2025-2026-08
0.12073729412946088,-0.25845509606757355,0.7118526508191789,2.6834549308077364,1.0,0.0,0.0,全周期
