日期,时间,代码,名称,操作,成交价,数量,金额,佣金,印花税
2026-09-01,09:31:00,603368.SH,柳药集团,卖出,15.738,-5300,-83413.84,25.02,83.41
2026-09-01,09:31:00,605056.SH,咸亨国际,买入,14.088,19300,271900.72,81.57,0.00
2026-09-01,09:31:00,605580.SH,恒盛能源,买入,17.886,20500,366656.85,110.00,0.00
2026-09-01,09:31:00,605060.SH,联德股份,卖出,43.563,-17600,-766703.52,230.01,766.70
2026-09-01,09:31:00,601636.SH,旗滨集团,买入,5.782,226300,1308362.50,392.51,0.00
2026-09-01,09:31:00,605299.SH,舒华体育,买入,13.146,54600,717784.70,215.34,0.00
2026-09-01,09:31:00,603075.SH,热威股份,卖出,19.281,-9700,-187029.19,56.11,187.03
2026-09-01,09:31:00,603897.SH,长城科技,卖出,31.028,-6600,-204783.61,61.44,204.78
2026-09-01,09:31:00,600578.SH,京能电力,买入,5.481,231600,1269385.70,380.82,0.00
2026-09-01,09:31:00,603218.SH,日月股份,买入,9.319,36300,338265.18,101.48,0.00
2026-09-01,09:31:00,605099.SH,共创草坪,买入,30.661,12800,392463.36,117.74,0.00
2026-09-01,09:31:00,603006.SH,联明股份,卖出,11.008,-24800,-272996.91,81.90,273.00
2026-09-01,09:31:00,603998.SH,方盛制药,卖出,10.958,-17400,-190669.90,57.20,190.67
2026-09-01,09:31:00,603167.SH,渤海轮渡,卖出,8.134,-24900,-202529.13,60.76,202.53
2026-09-01,09:31:00,603163.SH,圣晖集成,买入,80.571,6100,491482.00,147.44,0.00
2026-09-01,09:31:00,601928.SH,凤凰传媒,卖出,8.563,-17200,-147280.85,44.18,147.28
2026-09-01,09:31:00,601199.SH,江南水务,卖出,6.008,-31900,-191653.92,57.50,191.65
2026-09-01,09:31:00,603115.SH,海星股份,卖出,83.383,-900,-75044.61,22.51,75.04
2026-09-01,09:31:00,603071.SH,物产环能,卖出,12.595,-500,-6297.38,5.00,6.30
2026-09-01,09:31:00,605377.SH,华旺科技,卖出,8.273,-26000,-215108.92,64.53,215.11
2026-09-01,09:31:00,603929.SH,亚翔集成,买入,165.661,900,149094.59,44.73,0.00
2026-09-01,09:31:00,003018.SZ,金富科技,卖出,51.896,-29300,-1520552.80,456.17,1520.55
2026-09-01,09:31:00,603279.SH,景津装备,买入,11.262,56400,635203.87,190.56,0.00
2026-09-01,09:31:00,603183.SH,建研院,卖出,4.820,-19500,-93996.63,28.20,94.00
2026-09-01,09:31:00,605098.SH,行动教育,卖出,55.469,-6200,-343906.81,103.17,343.91
2026-09-01,09:31:00,605589.SH,圣泉集团,卖出,40.619,-4800,-194969.28,58.49,194.97
2026-09-01,09:31:00,603856.SH,东宏股份,卖出,11.677,-21500,-251046.90,75.31,251.05
2026-09-01,09:31:00,603788.SH,宁波高发,卖出,13.772,-7400,-101915.76,30.57,101.92
2026-09-01,09:31:00,603002.SH,宏昌电子,卖出,17.515,-89100,-1560577.59,468.17,1560.58
2026-09-01,09:31:00,601886.SH,江河集团,卖出,13.872,-119900,-1663276.78,498.98,1663.28
2026-09-01,09:31:00,603948.SH,建业股份,卖出,20.120,-5900,-118706.11,35.61,118.71
2026-09-01,09:31:00,601033.SH,永兴股份,卖出,14.601,-20900,-305155.47,91.55,305.16
2026-09-01,09:31:00,002560.SZ,通达股份,买入,6.222,67000,416902.14,125.07,0.00
2026-09-01,09:31:00,002080.SZ,中材科技,卖出,54.291,-3500,-190019.20,57.01,190.02
2026-09-01,09:31:00,601107.SH,四川成渝,卖出,5.938,-64100,-380632.21,114.19,380.63
2026-09-01,09:31:00,603213.SH,镇洋发展,卖出,14.132,-13400,-189364.51,56.81,189.36
2026-09-01,09:31:00,601231.SH,环旭电子,卖出,26.856,-8500,-228277.53,68.48,228.28
2026-09-01,09:31:00,605168.SH,三人行,卖出,49.231,-30600,-1506479.00,451.94,1506.48
2026-09-01,09:31:00,600790.SH,轻纺城,卖出,3.393,-4300,-14590.76,5.00,14.59
2026-09-01,09:31:00,600522.SH,中天科技,卖出,35.229,-3400,-119779.96,35.93,119.78
2026-09-01,09:31:00,600007.SH,中国国贸,卖出,18.752,-6900,-129391.70,38.82,129.39
2026-09-01,09:31:00,601126.SH,四方股份,买入,42.355,5900,249891.79,74.97,0.00
2026-09-01,09:31:00,002327.SZ,富安娜,卖出,6.337,-34800,-220538.04,66.16,220.54
2026-09-01,09:31:00,600713.SH,南京医药,卖出,5.220,-28800,-150322.75,45.10,150.32
2026-09-01,09:31:00,603967.SH,中创物流,卖出,11.577,-18000,-208382.40,62.51,208.38
2026-09-01,09:31:00,601615.SH,明阳智能,卖出,10.579,-32300,-341695.24,102.51,341.70
2026-08-03,09:31:00,002560.SZ,通达股份,买入,6.162,151300,932355.99,279.71,0.00
2026-08-03,09:31:00,605580.SH,恒盛能源,买入,16.693,26300,439034.32,131.71,0.00
2026-08-03,09:31:00,603897.SH,长城科技,买入,24.669,39300,969501.13,290.85,0.00
2026-08-03,09:31:00,603586.SH,金麒麟,卖出,12.744,-2200,-28037.81,8.41,28.04
2026-08-03,09:31:00,603929.SH,亚翔集成,买入,148.296,7400,1097390.40,329.22,0.00
2026-08-03,09:31:00,605098.SH,行动教育,卖出,57.385,-6900,-395956.50,118.79,395.96
2026-08-03,09:31:00,603600.SH,永艺股份,卖出,9.581,-4400,-42155.52,12.65,42.16
2026-08-03,09:31:00,601126.SH,四方股份,买入,38.577,29500,1138021.50,341.41,0.00
2026-08-03,09:31:00,603856.SH,东宏股份,卖出,11.218,-15500,-173871.56,52.16,173.87
2026-08-03,09:31:00,603788.SH,宁波高发,卖出,13.902,-5600,-77851.98,23.36,77.85
2026-08-03,09:31:00,603116.SH,红蜻蜓,卖出,5.289,-14700,-77754.18,23.33,77.75
2026-08-03,09:31:00,603075.SH,热威股份,卖出,18.223,-8900,-162188.97,48.66,162.19
2026-08-03,09:31:00,603995.SH,甬金股份,卖出,20.239,-10100,-204418.34,61.33,204.42
2026-08-03,09:31:00,605056.SH,咸亨国际,买入,13.507,38700,522719.35,156.82,0.00
2026-08-03,09:31:00,603519.SH,立霸股份,卖出,15.299,-14800,-226430.23,67.93,226.43
2026-08-03,09:31:00,601615.SH,明阳智能,买入,11.212,179900,2017107.16,605.13,0.00
2026-08-03,09:31:00,002080.SZ,中材科技,买入,42.886,21800,934906.08,280.47,0.00
2026-08-03,09:31:00,002993.SZ,奥海科技,买入,34.449,27400,943896.02,283.17,0.00
2026-08-03,09:31:00,600522.SH,中天科技,买入,28.206,38700,1091583.81,327.48,0.00
2026-08-03,09:31:00,605060.SH,联德股份,买入,36.072,21400,771940.80,231.58,0.00
2026-08-03,09:31:00,601231.SH,环旭电子,买入,21.603,64100,1384759.99,415.43,0.00
2026-08-03,09:31:00,605377.SH,华旺科技,卖出,8.683,-28200,-244849.32,73.45,244.85
2026-08-03,09:31:00,603115.SH,海星股份,买入,68.006,14000,952080.36,285.62,0.00
2026-08-03,09:31:00,605168.SH,三人行,买入,36.232,35900,1300740.29,390.22,0.00
2026-08-03,09:31:00,605299.SH,舒华体育,买入,11.523,70500,812371.50,243.71,0.00
2026-08-03,09:31:00,603998.SH,方盛制药,卖出,9.481,-31100,-294859.10,88.46,294.86
2026-08-03,09:31:00,603706.SH,东方环宇,卖出,18.782,-2300,-43199.43,12.96,43.20
2026-08-03,09:31:00,603970.SH,中农立华,卖出,10.279,-3100,-31866.14,9.56,31.87
2026-08-03,09:31:00,603948.SH,建业股份,卖出,19.291,-6900,-133110.25,39.93,133.11
2026-08-03,09:31:00,603928.SH,兴业股份,卖出,10.579,-57500,-608281.00,182.48,608.28
2026-08-03,09:31:00,003018.SZ,金富科技,买入,33.066,29300,968833.80,290.65,0.00
2026-08-03,09:31:00,603163.SH,圣晖集成,买入,72.946,13600,992060.16,297.62,0.00
2026-08-03,09:31:00,603967.SH,中创物流,卖出,11.467,-16800,-192645.94,57.79,192.65
2026-08-03,09:31:00,603167.SH,渤海轮渡,卖出,8.732,-21300,-186002.25,55.80,186.00
2026-08-03,09:31:00,600350.SH,山东高速,卖出,11.347,-57800,-655871.63,196.76,655.87
2026-08-03,09:31:00,605589.SH,圣泉集团,买入,33.848,34200,1157586.55,347.28,0.00
2026-08-03,09:31:00,603682.SH,锦和商管,卖出,9.970,-15400,-153538.31,46.06,153.54
2026-08-03,09:31:00,603006.SH,联明股份,卖出,10.349,-18800,-194566.09,58.37,194.57
2026-08-03,09:31:00,600790.SH,轻纺城,卖出,3.253,-97200,-316238.26,94.87,316.24
2026-08-03,09:31:00,603002.SH,宏昌电子,买入,12.124,89100,1080266.22,324.08,0.00
2026-08-03,09:31:00,603700.SH,宁水集团,卖出,10.928,-20900,-228397.29,68.52,228.40
2026-08-03,09:31:00,601528.SH,瑞丰银行,卖出,5.050,-56900,-287338.17,86.20,287.34
2026-08-03,09:31:00,603213.SH,镇洋发展,卖出,13.762,-10200,-140376.68,42.11,140.38
2026-08-03,09:31:00,603639.SH,海利尔,卖出,10.569,-4400,-46502.81,13.95,46.50
2026-08-03,09:31:00,603071.SH,物产环能,卖出,12.036,-15200,-182945.38,54.88,182.95
2026-08-03,09:31:00,601199.SH,江南水务,卖出,5.589,-61900,-345946.72,103.78,345.95
2026-08-03,09:31:00,002327.SZ,富安娜,卖出,6.547,-22300,-145995.42,43.80,146.00
2026-08-03,09:31:00,601928.SH,凤凰传媒,卖出,9.990,-65500,-654343.69,196.30,654.34
2026-08-03,09:31:00,601827.SH,三峰环境,卖出,8.443,-17900,-151131.13,45.34,151.13
2026-08-03,09:31:00,601886.SH,江河集团,卖出,8.573,-19200,-164598.14,49.38,164.60
2026-08-03,09:31:00,600713.SH,南京医药,卖出,5.060,-48900,-247427.15,74.23,247.43
2026-08-03,09:31:00,603183.SH,建研院,卖出,4.082,-62700,-255930.11,76.78,255.93
2026-08-03,09:31:00,601033.SH,永兴股份,卖出,14.511,-20800,-301827.14,90.55,301.83
2026-08-03,09:31:00,600368.SH,五洲交通,卖出,3.872,-41300,-159923.51,47.98,159.92
2026-08-03,09:31:00,603368.SH,柳药集团,卖出,15.689,-13500,-211795.56,63.54,211.80
2026-08-03,09:31:00,600007.SH,中国国贸,卖出,19.052,-15800,-301018.76,90.31,301.02
2026-08-03,09:31:00,601107.SH,四川成渝,卖出,5.918,-103100,-610160.23,183.05,610.16
2026-07-01,09:31:00,600368.SH,五洲交通,买入,3.377,41300,139459.36,41.84,0.00
2026-07-01,09:31:00,601827.SH,三峰环境,买入,7.285,17900,130393.27,39.12,0.00
2026-07-01,09:31:00,605377.SH,华旺科技,买入,9.399,54200,509412.79,152.82,0.00
2026-07-01,09:31:00,603167.SH,渤海轮渡,卖出,8.563,-14800,-126730.03,38.02,126.73
2026-07-01,09:31:00,603948.SH,建业股份,买入,24.048,16400,394387.20,118.32,0.00
2026-07-01,09:31:00,601107.SH,四川成渝,买入,4.930,87000,428896.08,128.67,0.00
2026-07-01,09:31:00,003008.SZ,开普检测,卖出,17.006,-3800,-64622.50,19.39,64.62
2026-07-01,09:31:00,605098.SH,行动教育,买入,53.827,8700,468298.73,140.49,0.00
2026-07-01,09:31:00,603682.SH,锦和商管,卖出,7.585,-90400,-685665.92,205.70,685.67
2026-07-01,09:31:00,603183.SH,建研院,卖出,3.543,-71300,-252608.77,75.78,252.61
2026-07-01,09:31:00,601928.SH,凤凰传媒,买入,8.747,33700,294789.40,88.44,0.00
2026-07-01,09:31:00,601033.SH,永兴股份,买入,13.457,18000,242223.48,72.67,0.00
2026-07-01,09:31:00,603700.SH,宁水集团,买入,11.633,20900,243134.30,72.94,0.00
2026-07-01,09:31:00,603998.SH,方盛制药,买入,9.048,48500,438830.91,131.65,0.00
2026-07-01,09:31:00,603706.SH,东方环宇,卖出,17.235,-8700,-149948.50,44.98,149.95
2026-07-01,09:31:00,603970.SH,中农立华,卖出,9.571,-14800,-141648.14,42.49,141.65
2026-07-01,09:31:00,603071.SH,物产环能,买入,11.072,15700,173831.97,52.15,0.00
2026-07-01,09:31:00,603995.SH,甬金股份,卖出,23.223,-44300,-1028799.28,308.64,1028.80
2026-07-01,09:31:00,601199.SH,江南水务,买入,5.551,93800,520691.30,156.21,0.00
2026-07-01,09:31:00,603213.SH,镇洋发展,卖出,13.922,-21300,-296540.73,88.96,296.54
2026-07-01,09:31:00,600007.SH,中国国贸,卖出,18.872,-12800,-241563.90,72.47,241.56
2026-07-01,09:31:00,002327.SZ,富安娜,卖出,5.918,-27100,-160381.59,48.11,160.38
2026-07-01,09:31:00,601339.SH,百隆东方,卖出,6.756,-13900,-93914.79,28.17,93.91
2026-07-01,09:31:00,601886.SH,江河集团,买入,8.046,24100,193910.05,58.17,0.00
2026-07-01,09:31:00,603967.SH,中创物流,卖出,10.359,-24100,-249657.68,74.90,249.66
2026-07-01,09:31:00,603519.SH,立霸股份,卖出,15.210,-41600,-632716.03,189.81,632.72
2026-07-01,09:31:00,601528.SH,瑞丰银行,买入,4.419,56900,251430.86,75.43,0.00
2026-07-01,09:31:00,603368.SH,柳药集团,买入,14.769,18800,277666.22,83.30,0.00
2026-07-01,09:31:00,603639.SH,海利尔,卖出,9.910,-10600,-105047.48,31.51,105.05
2026-07-01,09:31:00,603586.SH,金麒麟,卖出,12.465,-13600,-169524.27,50.86,169.52
2026-07-01,09:31:00,600350.SH,山东高速,卖出,11.038,-35300,-389637.16,116.89,389.64
2026-07-01,09:31:00,600713.SH,南京医药,买入,5.010,77700,389277.00,116.78,0.00
2026-07-01,09:31:00,603856.SH,东宏股份,买入,13.677,41100,562137.03,168.64,0.00
2026-07-01,09:31:00,603928.SH,兴业股份,买入,16.280,57500,936100.00,280.83,0.00
2026-07-01,09:31:00,603365.SH,水星家纺,卖出,15.469,-12800,-198003.20,59.40,198.00
2026-07-01,09:31:00,603062.SH,麦加芯彩,卖出,39.072,-2400,-93772.08,28.13,93.77
2026-07-01,09:31:00,603600.SH,永艺股份,卖出,8.842,-41800,-369607.30,110.88,369.61
2026-07-01,09:31:00,603788.SH,宁波高发,卖出,13.732,-12100,-166163.01,49.85,166.16
2026-07-01,09:31:00,603075.SH,热威股份,卖出,22.555,-9500,-214270.60,64.28,214.27
2026-07-01,09:31:00,600790.SH,轻纺城,卖出,3.273,-76600,-250745.50,75.22,250.75
2026-07-01,09:31:00,601579.SH,会稽山,卖出,14.810,-12200,-180685.90,54.21,180.69
2026-07-01,09:31:00,603116.SH,红蜻蜓,卖出,5.689,-51000,-290118.60,87.04,290.12
2026-07-01,09:31:00,603006.SH,联明股份,买入,14.258,36800,524711.33,157.41,0.00
2026-06-01,09:31:00,603970.SH,中农立华,卖出,11.457,-12300,-140921.59,42.28,140.92
2026-06-01,09:31:00,603043.SH,广州酒家,卖出,14.042,-7300,-102505.58,30.75,102.51
2026-06-01,09:31:00,605001.SH,威奥股份,卖出,6.267,-1600,-10027.90,5.00,10.03
2026-06-01,09:31:00,601928.SH,凤凰传媒,买入,8.898,49000,435990.24,130.80,0.00
2026-06-01,09:31:00,603967.SH,中创物流,买入,12.044,22700,273399.71,82.02,0.00
2026-06-01,09:31:00,603682.SH,锦和商管,卖出,8.633,-39800,-343581.46,103.07,343.58
2026-06-01,09:31:00,603519.SH,立霸股份,买入,12.355,21300,263154.26,78.95,0.00
2026-06-01,09:31:00,603071.SH,物产环能,卖出,14.072,-22600,-318022.68,95.41,318.02
2026-06-01,09:31:00,600790.SH,轻纺城,卖出,4.082,-124900,-509819.32,152.95,509.82
2026-06-01,09:31:00,601107.SH,四川成渝,买入,6.323,82500,521616.15,156.48,0.00
2026-06-01,09:31:00,603116.SH,红蜻蜓,卖出,7.385,-62200,-459359.44,137.81,459.36
2026-06-01,09:31:00,600350.SH,山东高速,买入,12.274,58300,715603.35,214.68,0.00
2026-06-01,09:31:00,603586.SH,金麒麟,买入,16.954,15800,267870.67,80.36,0.00
2026-06-01,09:31:00,603075.SH,热威股份,买入,27.946,58300,1629238.97,488.77,0.00
2026-06-01,09:31:00,603213.SH,镇洋发展,买入,14.780,46100,681334.95,204.40,0.00
2026-06-01,09:31:00,603788.SH,宁波高发,买入,15.741,20000,314828.40,94.45,0.00
2026-06-01,09:31:00,001225.SZ,和泰机电,卖出,45.529,-6700,-305042.69,91.51,305.04
2026-06-01,09:31:00,601579.SH,会稽山,卖出,16.896,-35300,-596433.74,178.93,596.43
2026-06-01,09:31:00,002327.SZ,富安娜,买入,6.844,44800,306595.97,91.98,0.00
2026-06-01,09:31:00,601033.SH,永兴股份,买入,14.469,36000,520879.68,156.26,0.00
2026-06-01,09:31:00,605098.SH,行动教育,买入,57.936,7900,457691.56,137.31,0.00
2026-06-01,09:31:00,603995.SH,甬金股份,卖出,20.309,-33400,-678330.62,203.50,678.33
2026-06-01,09:31:00,001206.SZ,依依股份,卖出,16.766,-4700,-78802.08,23.64,78.80
2026-06-01,09:31:00,603040.SH,新坐标,卖出,84.880,-500,-42439.95,12.73,42.44
2026-06-01,09:31:00,603062.SH,麦加芯彩,卖出,43.762,-4300,-188177.89,56.45,188.18
2026-06-01,09:31:00,603006.SH,联明股份,买入,13.968,52100,727726.55,218.32,0.00
2026-06-01,09:31:00,603706.SH,东方环宇,买入,22.074,11000,242814.66,72.84,0.00
2026-06-01,09:31:00,603639.SH,海利尔,卖出,11.048,-14600,-161298.76,48.39,161.30
2026-06-01,09:31:00,603600.SH,永艺股份,卖出,10.639,-43500,-462782.58,138.83,462.78
2026-06-01,09:31:00,603365.SH,水星家纺,卖出,17.954,-17800,-319581.56,95.87,319.58
2026-06-01,09:31:00,603183.SH,建研院,买入,4.078,68100,277721.33,83.32,0.00
2026-06-01,09:31:00,003008.SZ,开普检测,卖出,19.860,-10600,-210518.12,63.16,210.52
2026-06-01,09:31:00,600007.SH,中国国贸,买入,21.473,15700,337123.90,101.14,0.00
2026-06-01,09:31:00,603008.SH,ST喜临门,卖出,8.882,-60200,-534708.44,160.41,534.71
2026-06-01,09:31:00,601339.SH,百隆东方,卖出,7.425,-81100,-602177.23,180.65,602.18
2026-06-01,09:31:00,601886.SH,江河集团,卖出,8.902,-39400,-350745.10,105.22,350.75
2026-06-01,09:31:00,603167.SH,渤海轮渡,买入,9.118,33000,300900.60,90.27,0.00
2026-06-01,09:31:00,002404.SZ,嘉欣丝绸,卖出,6.098,-67500,-411600.15,123.48,411.60
2026-06-01,09:31:00,000596.SZ,古井贡酒,卖出,92.814,-4200,-389818.80,116.95,389.82
2026-05-06,09:31:00,600350.SH,山东高速,买入,10.701,34800,372407.33,111.72,0.00
2026-05-06,09:31:00,600007.SH,中国国贸,买入,21.032,19800,416433.20,124.93,0.00
2026-05-06,09:31:00,605001.SH,威奥股份,卖出,7.595,-39500,-299993.81,90.00,299.99
2026-05-06,09:31:00,601579.SH,会稽山,卖出,17.794,-48400,-861246.06,258.37,861.25
2026-05-06,09:31:00,603815.SH,交建股份,卖出,7.265,-48000,-348741.12,104.62,348.74
2026-05-06,09:31:00,603682.SH,锦和商管,买入,8.667,99000,858062.70,257.42,0.00
2026-05-06,09:31:00,601061.SH,中信金属,卖出,13.902,-75100,-1044050.71,313.22,1044.05
2026-05-06,09:31:00,603116.SH,红蜻蜓,买入,6.533,127900,835575.82,250.67,0.00
2026-05-06,09:31:00,603558.SH,健盛集团,卖出,13.074,-12200,-159500.36,47.85,159.50
2026-05-06,09:31:00,605098.SH,行动教育,卖出,61.607,-13800,-850170.25,255.05,850.17
2026-05-06,09:31:00,603970.SH,中农立华,卖出,13.204,-14800,-195412.39,58.62,195.41
2026-05-06,09:31:00,603788.SH,宁波高发,买入,16.914,26300,444831.89,133.45,0.00
2026-05-06,09:31:00,601339.SH,百隆东方,买入,9.499,90700,861555.67,258.47,0.00
2026-05-06,09:31:00,603993.SH,洛阳钼业,卖出,18.862,-54600,-1029876.12,308.96,1029.88
2026-05-06,09:31:00,002327.SZ,富安娜,买入,7.385,47500,350775.15,105.23,0.00
2026-05-06,09:31:00,603365.SH,水星家纺,买入,22.415,30600,685891.04,205.77,0.00
2026-05-06,09:31:00,603995.SH,甬金股份,买入,19.399,36500,708053.28,212.42,0.00
2026-05-06,09:31:00,603697.SH,有友食品,卖出,10.519,-31900,-335553.55,100.67,335.55
2026-05-06,09:31:00,603639.SH,海利尔,买入,12.826,29600,379637.76,113.89,0.00
2026-05-06,09:31:00,603600.SH,永艺股份,买入,12.184,41000,499557.12,149.87,0.00
2026-05-06,09:31:00,603187.SH,海容冷链,卖出,14.072,-40100,-564279.18,169.28,564.28
2026-05-06,09:31:00,603519.SH,立霸股份,买入,14.469,35100,507857.69,152.36,0.00
2026-05-06,09:31:00,603889.SH,新澳股份,卖出,8.573,-43000,-368631.26,110.59,368.63
2026-05-06,09:31:00,603312.SH,西典新能,卖出,39.730,-8100,-321816.08,96.54,321.82
2026-05-06,09:31:00,605389.SH,长龄液压,卖出,119.710,-1500,-179565.15,53.87,179.57
2026-05-06,09:31:00,603281.SH,江瀚新材,卖出,33.832,-2700,-91346.94,27.40,91.35
2026-05-06,09:31:00,603579.SH,荣泰健康,卖出,22.146,-19000,-420766.78,126.23,420.77
2026-05-06,09:31:00,603326.SH,我乐家居,卖出,8.683,-31300,-271765.38,81.53,271.77
2026-05-06,09:31:00,603167.SH,渤海轮渡,买入,9.028,23000,207644.46,62.29,0.00
2026-05-06,09:31:00,001206.SZ,依依股份,卖出,18.902,-11300,-213593.96,64.08,213.59
2026-05-06,09:31:00,600362.SH,江西铜业,卖出,45.509,-28700,-1306102.56,391.83,1306.10
2026-05-06,09:31:00,603444.SH,吉比特,卖出,404.190,-5100,-2061369.00,618.41,2061.37
2026-05-06,09:31:00,603305.SH,旭升集团,卖出,15.519,-107200,-1663626.08,499.09,1663.63
2026-05-06,09:31:00,601886.SH,江河集团,买入,9.619,56400,542522.88,162.76,0.00
2026-05-06,09:31:00,002048.SZ,宁波华翔,卖出,26.148,-60300,-1576700.28,473.01,1576.70
2026-05-06,09:31:00,003008.SZ,开普检测,买入,23.547,14400,339076.80,101.72,0.00
2026-05-06,09:31:00,603071.SH,物产环能,买入,14.088,22600,318391.51,95.52,0.00
2026-05-06,09:31:00,600790.SH,轻纺城,买入,4.218,303000,1278181.26,383.45,0.00
2026-05-06,09:31:00,603183.SH,建研院,卖出,4.870,-97100,-472900.30,141.87,472.90
2026-05-06,09:31:00,600531.SH,豫光金铅,卖出,14.920,-72200,-1077231.22,323.17,1077.23
2026-05-06,09:31:00,601168.SH,西部矿业,卖出,29.860,-43700,-1304888.99,391.47,1304.89
2026-05-06,09:31:00,603321.SH,梅轮电梯,卖出,7.725,-11400,-88059.53,26.42,88.06
2026-05-06,09:31:00,002404.SZ,嘉欣丝绸,买入,7.054,67500,476150.40,142.85,0.00
2026-05-06,09:31:00,603062.SH,麦加芯彩,买入,53.998,6700,361785.13,108.54,0.00
2026-05-06,09:31:00,605058.SH,澳弘电子,卖出,34.631,-1200,-41556.72,12.47,41.56
2026-05-06,09:31:00,603967.SH,中创物流,买入,13.908,20400,283718.30,85.12,0.00
2026-05-06,09:31:00,603040.SH,新坐标,卖出,79.640,-9000,-716763.60,215.03,716.76
2026-05-06,09:31:00,600865.SH,百大集团,卖出,11.697,-26400,-308789.18,92.64,308.79
2026-05-06,09:31:00,601827.SH,三峰环境,卖出,8.224,-17500,-143911.60,43.17,143.91
2026-05-06,09:31:00,000596.SZ,古井贡酒,卖出,105.169,-11400,-1198929.34,359.68,1198.93
2026-05-06,09:31:00,002315.SZ,焦点科技,卖出,30.509,-49270,-1503171.53,450.95,1503.17
2026-05-06,09:31:00,603043.SH,广州酒家,卖出,15.469,-25800,-399100.20,119.73,399.10
2026-05-06,09:31:00,001225.SZ,和泰机电,卖出,50.599,-5600,-283352.16,85.01,283.35
2026-04-01,09:31:00,603579.SH,荣泰健康,买入,20.421,19000,387994.44,116.40,0.00
2026-04-01,09:31:00,603040.SH,新坐标,买入,80.461,9500,764375.70,229.31,0.00
2026-04-01,09:31:00,605058.SH,澳弘电子,卖出,33.663,-18400,-619390.74,185.82,619.39
2026-04-01,09:31:00,603967.SH,中创物流,卖出,13.483,-28100,-378871.74,113.66,378.87
2026-04-01,09:31:00,603897.SH,长城科技,卖出,31.836,-44400,-1413527.28,424.06,1413.53
2026-04-01,09:31:00,603317.SH,天味食品,卖出,12.385,-31400,-388894.65,116.67,388.89
2026-04-01,09:31:00,002048.SZ,宁波华翔,买入,25.992,60300,1567310.36,470.19,0.00
2026-04-01,09:31:00,600865.SH,百大集团,买入,11.232,26400,296535.89,88.96,0.00
2026-04-01,09:31:00,001225.SZ,和泰机电,买入,49.900,12300,613765.08,184.13,0.00
2026-04-01,09:31:00,601061.SH,中信金属,买入,11.904,75100,893972.38,268.19,0.00
2026-04-01,09:31:00,601579.SH,会稽山,买入,17.535,95900,1681606.50,504.48,0.00
2026-04-01,09:31:00,603788.SH,宁波高发,卖出,15.120,-7900,-119445.63,35.83,119.45
2026-04-01,09:31:00,605507.SH,国邦医药,卖出,26.237,-13600,-356828.91,107.05,356.83
2026-04-01,09:31:00,000596.SZ,古井贡酒,买入,104.308,15600,1627207.92,488.16,0.00
2026-04-01,09:31:00,600362.SH,江西铜业,买入,44.379,28700,1273665.25,382.10,0.00
2026-04-01,09:31:00,605001.SH,威奥股份,卖出,7.675,-46100,-353799.98,106.14,353.80
2026-04-01,09:31:00,601168.SH,西部矿业,买入,26.052,43700,1138472.40,341.54,0.00
2026-04-01,09:31:00,603600.SH,永艺股份,卖出,10.429,-24900,-259684.59,77.91,259.68
2026-04-01,09:31:00,603309.SH,维力医疗,卖出,15.060,-22700,-341857.91,102.56,341.86
2026-04-01,09:31:00,603008.SH,ST喜临门,买入,15.270,60200,919282.90,275.78,0.00
2026-04-01,09:31:00,603889.SH,新澳股份,卖出,7.715,-52200,-402698.99,120.81,402.70
2026-04-01,09:31:00,002315.SZ,焦点科技,买入,40.561,37900,1537260.38,461.18,0.00
2026-04-01,09:31:00,600531.SH,豫光金铅,买入,13.627,72200,983883.84,295.17,0.00
2026-04-01,09:31:00,603558.SH,健盛集团,卖出,14.571,-73400,-1069496.72,320.85,1069.50
2026-04-01,09:31:00,603183.SH,建研院,卖出,4.731,-60400,-285723.41,85.72,285.72
2026-04-01,09:31:00,603970.SH,中农立华,卖出,12.774,-10300,-131576.32,39.47,131.58
2026-04-01,09:31:00,605389.SH,长龄液压,卖出,72.076,-3700,-266679.57,80.00,266.68
2026-04-01,09:31:00,603995.SH,甬金股份,卖出,17.615,-13500,-237798.45,71.34,237.80
2026-04-01,09:31:00,603682.SH,锦和商管,卖出,6.637,-52300,-347099.41,104.13,347.10
2026-04-01,09:31:00,603697.SH,有友食品,买入,10.010,31900,319318.36,95.80,0.00
2026-04-01,09:31:00,601886.SH,江河集团,卖出,8.663,-57800,-500700.59,150.21,500.70
2026-04-01,09:31:00,603326.SH,我乐家居,卖出,8.663,-48800,-422736.83,126.82,422.74
2026-04-01,09:31:00,603167.SH,渤海轮渡,卖出,9.301,-24400,-226953.18,68.09,226.95
2026-04-01,09:31:00,601339.SH,百隆东方,卖出,7.166,-44200,-316721.29,95.02,316.72
2026-04-01,09:31:00,603305.SH,旭升集团,买入,14.930,107200,1600474.56,480.14,0.00
2026-04-01,09:31:00,603020.SH,爱普股份,卖出,11.098,-1300,-14427.09,5.00,14.43
2026-04-01,09:31:00,001206.SZ,依依股份,买入,21.192,16000,339076.80,101.72,0.00
2026-04-01,09:31:00,603815.SH,交建股份,买入,6.052,48000,290499.84,87.15,0.00
2026-04-01,09:31:00,603321.SH,梅轮电梯,卖出,7.485,-24300,-181885.50,54.57,181.89
2026-04-01,09:31:00,601827.SH,三峰环境,卖出,8.303,-139500,-1158318.72,347.50,1158.32
2026-04-01,09:31:00,603281.SH,江瀚新材,卖出,33.453,-11500,-384709.04,115.41,384.71
2026-04-01,09:31:00,603993.SH,洛阳钼业,买入,17.936,54600,979294.68,293.79,0.00
2026-04-01,09:31:00,601330.SH,绿色动力,卖出,8.463,-59300,-501858.27,150.56,501.86
2026-04-01,09:31:00,603639.SH,海利尔,卖出,13.852,-22400,-310290.18,93.09,310.29
2026-04-01,09:31:00,605098.SH,行动教育,卖出,52.814,-6900,-364417.70,109.33,364.42
2026-04-01,09:31:00,603187.SH,海容冷链,卖出,14.241,-43200,-615231.07,184.57,615.23
2026-04-01,09:31:00,603312.SH,西典新能,买入,40.892,8100,331222.12,99.37,0.00
2026-04-01,09:31:00,605338.SH,巴比食品,卖出,25.599,-4800,-122873.76,36.86,122.87
2026-04-01,09:31:00,600982.SH,宁波能源,卖出,5.888,-164900,-970964.18,291.29,970.96
2026-04-01,09:31:00,603043.SH,广州酒家,卖出,15.669,-19400,-303970.84,91.19,303.97
2026-04-01,09:31:00,603444.SH,吉比特,买入,368.736,5100,1880553.60,564.17,0.00
2026-03-02,09:31:00,603897.SH,长城科技,买入,30.160,44400,1339112.88,401.73,0.00
2026-03-02,09:31:00,603970.SH,中农立华,买入,13.938,21800,303844.48,91.15,0.00
2026-03-02,09:31:00,603600.SH,永艺股份,卖出,11.607,-38600,-448020.16,134.41,448.02
2026-03-02,09:31:00,603281.SH,江瀚新材,买入,33.767,14200,479497.08,143.85,0.00
2026-03-02,09:31:00,605001.SH,威奥股份,卖出,8.034,-33100,-265922.09,79.78,265.92
2026-03-02,09:31:00,603317.SH,天味食品,卖出,13.263,-34300,-454935.31,136.48,454.94
2026-03-02,09:31:00,603321.SH,梅轮电梯,买入,8.036,35700,286886.63,86.07,0.00
2026-03-02,09:31:00,603995.SH,甬金股份,卖出,20.030,-9200,-184274.71,55.28,184.27
2026-03-02,09:31:00,605098.SH,行动教育,买入,46.733,9700,453312.82,135.99,0.00
2026-03-02,09:31:00,603889.SH,新澳股份,卖出,9.152,-46100,-421891.53,126.57,421.89
2026-03-02,09:31:00,603183.SH,建研院,买入,4.800,83400,400284.97,120.09,0.00
2026-03-02,09:31:00,603682.SH,锦和商管,买入,8.317,98900,822511.74,246.75,0.00
2026-03-02,09:31:00,603639.SH,海利尔,买入,14.629,22400,327694.08,98.31,0.00
2026-03-02,09:31:00,605058.SH,澳弘电子,买入,32.385,15000,485769.60,145.73,0.00
2026-03-02,09:31:00,603689.SH,皖天然气,卖出,8.593,-16800,-144358.70,43.31,144.36
2026-03-02,09:31:00,603365.SH,水星家纺,卖出,19.870,-16800,-333819.02,100.15,333.82
2026-03-02,09:31:00,603167.SH,渤海轮渡,买入,9.719,48700,473334.78,142.00,0.00
2026-03-02,09:31:00,605368.SH,蓝天燃气,卖出,8.423,-15300,-128873.74,38.66,128.87
2026-03-02,09:31:00,601330.SH,绿色动力,买入,7.335,59300,434944.15,130.48,0.00
2026-03-02,09:31:00,605599.SH,菜百股份,卖出,25.050,-41200,-1032051.76,309.62,1032.05
2026-03-02,09:31:00,603967.SH,中创物流,卖出,13.074,-19200,-251016.96,75.31,251.02
2026-03-02,09:31:00,600982.SH,宁波能源,买入,4.990,164900,822844.40,246.85,0.00
2026-03-02,09:31:00,603043.SH,广州酒家,卖出,17.365,-28600,-496644.72,148.99,496.64
2026-03-02,09:31:00,605507.SH,国邦医药,卖出,27.854,-19400,-540371.09,162.11,540.37
2026-03-02,09:31:00,605389.SH,长龄液压,卖出,73.852,-6600,-487423.20,146.23,487.42
2026-03-02,09:31:00,605258.SH,协和电子,卖出,35.130,-2100,-73772.16,22.13,73.77
2026-03-02,09:31:00,605028.SH,世茂能源,卖出,27.695,-10400,-288022.80,86.41,288.02
2026-03-02,09:31:00,603587.SH,地素时尚,卖出,12.784,-5800,-74149.40,22.24,74.15
2026-03-02,09:31:00,603309.SH,维力医疗,买入,15.120,22700,343228.09,102.97,0.00
2026-03-02,09:31:00,603558.SH,健盛集团,买入,12.024,19700,236872.80,71.06,0.00
2026-03-02,09:31:00,605338.SH,巴比食品,卖出,27.944,-16100,-449898.40,134.97,449.90
2026-03-02,09:31:00,601163.SH,三角轮胎,卖出,15.499,-200,-3099.79,5.00,3.10
2026-03-02,09:31:00,605056.SH,咸亨国际,卖出,24.501,-37500,-918783.75,275.64,918.78
2026-03-02,09:31:00,601886.SH,江河集团,买入,9.379,17300,162251.86,48.68,0.00
2026-03-02,09:31:00,601827.SH,三峰环境,买入,8.928,42000,374968.44,112.49,0.00
2026-03-02,09:31:00,603326.SH,我乐家居,买入,9.830,20600,202490.17,60.75,0.00
2026-03-02,09:31:00,603020.SH,爱普股份,卖出,10.838,-28000,-303471.84,91.04,303.47
2026-03-02,09:31:00,603132.SH,金徽股份,卖出,18.613,-35300,-657028.31,197.11,657.03
2026-03-02,09:31:00,603187.SH,海容冷链,买入,15.972,18100,289091.03,86.73,0.00
2026-03-02,09:31:00,603788.SH,宁波高发,卖出,16.547,-13000,-215108.92,64.53,215.11
2026-03-02,09:31:00,601339.SH,百隆东方,卖出,7.046,-92100,-648925.55,194.68,648.93
2026-02-02,09:31:00,605001.SH,威奥股份,买入,8.106,41500,336406.47,100.92,0.00
2026-02-02,09:31:00,603970.SH,中农立华,买入,13.968,33500,467923.98,140.38,0.00
2026-02-02,09:31:00,603788.SH,宁波高发,卖出,16.267,-12400,-201715.76,60.51,201.72
2026-02-02,09:31:00,605098.SH,行动教育,买入,45.631,8100,369611.75,110.88,0.00
2026-02-02,09:31:00,603926.SH,铁流股份,卖出,26.297,-37900,-996667.67,299.00,996.67
2026-02-02,09:31:00,603889.SH,新澳股份,卖出,9.192,-13400,-123167.17,36.95,123.17
2026-02-02,09:31:00,603566.SH,普莱柯,卖出,13.802,-21700,-299510.78,89.85,299.51
2026-02-02,09:31:00,605368.SH,蓝天燃气,卖出,8.303,-27200,-225851.39,67.76,225.85
2026-02-02,09:31:00,605056.SH,咸亨国际,卖出,22.305,-6300,-140523.39,42.16,140.52
2026-02-02,09:31:00,605507.SH,国邦医药,卖出,27.305,-32100,-876499.49,262.95,876.50
2026-02-02,09:31:00,603689.SH,皖天然气,卖出,8.453,-37500,-316989.75,95.10,316.99
2026-02-02,09:31:00,605258.SH,协和电子,卖出,33.074,-9400,-310892.97,93.27,310.89
2026-02-02,09:31:00,605389.SH,长龄液压,卖出,81.876,-6100,-499443.11,149.83,499.44
2026-02-02,09:31:00,605028.SH,世茂能源,卖出,26.547,-9300,-246885.24,74.07,246.89
2026-02-02,09:31:00,603187.SH,海容冷链,买入,15.822,37700,596473.57,178.94,0.00
2026-02-02,09:31:00,603020.SH,爱普股份,卖出,11.108,-19200,-213268.61,63.98,213.27
2026-02-02,09:31:00,605338.SH,巴比食品,卖出,31.118,-8600,-267611.70,80.28,267.61
2026-02-02,09:31:00,605058.SH,澳弘电子,卖出,30.519,-8400,-256358.26,76.91,256.36
2026-02-02,09:31:00,603365.SH,水星家纺,卖出,21.267,-14600,-310503.75,93.15,310.50
2026-02-02,09:31:00,603995.SH,甬金股份,买入,19.178,45900,880283.05,264.08,0.00
2026-02-02,09:31:00,603648.SH,畅联股份,卖出,10.778,-6700,-72215.28,21.66,72.22
2026-02-02,09:31:00,603279.SH,景津装备,卖出,19.820,-45800,-907768.82,272.33,907.77
2026-02-02,09:31:00,601163.SH,三角轮胎,卖出,15.399,-37100,-571308.09,171.39,571.31
2026-02-02,09:31:00,603317.SH,天味食品,卖出,13.084,-11400,-149155.09,44.75,149.16
2026-02-02,09:31:00,605599.SH,菜百股份,买入,20.351,100,2035.06,5.00,0.00
2026-02-02,09:31:00,603183.SH,建研院,买入,4.679,86200,403359.11,121.01,0.00
2026-02-02,09:31:00,603001.SH,奥康国际,卖出,10.319,-33900,-349824.95,104.95,349.82
2026-02-02,09:31:00,601886.SH,江河集团,买入,9.669,63500,614000.55,184.20,0.00
2026-02-02,09:31:00,603600.SH,永艺股份,买入,11.964,21800,260812.58,78.24,0.00
2026-02-02,09:31:00,603967.SH,中创物流,卖出,12.715,-19200,-244118.78,73.24,244.12
2026-02-02,09:31:00,603326.SH,我乐家居,买入,10.190,50000,509517.00,152.86,0.00
2026-02-02,09:31:00,603043.SH,广州酒家,卖出,18.054,-6600,-119155.21,35.75,119.16
2026-02-02,09:31:00,603587.SH,地素时尚,卖出,13.184,-14600,-192480.27,57.74,192.48
2026-02-02,09:31:00,601827.SH,三峰环境,买入,9.018,53800,485168.40,145.55,0.00
2026-02-02,09:31:00,601339.SH,百隆东方,买入,7.084,37300,264238.42,79.27,0.00
2026-02-02,09:31:00,603167.SH,渤海轮渡,买入,9.699,63300,613969.49,184.19,0.00
2026-02-02,09:31:00,603551.SH,奥普科技,卖出,11.218,-2200,-24678.54,7.40,24.68
2026-02-02,09:31:00,603558.SH,健盛集团,买入,11.914,26800,319289.30,95.79,0.00
2026-01-05,09:31:00,603279.SH,景津装备,买入,17.064,45800,781533.95,234.46,0.00
2026-01-05,09:31:00,605599.SH,菜百股份,买入,16.453,41100,676211.72,202.86,0.00
2026-01-05,09:31:00,601339.SH,百隆东方,买入,5.912,103300,610688.94,183.21,0.00
2026-01-05,09:31:00,603889.SH,新澳股份,买入,7.956,48300,384269.00,115.28,0.00
2026-01-05,09:31:00,603926.SH,铁流股份,买入,17.495,37900,663057.47,198.92,0.00
2026-01-05,09:31:00,605266.SH,健之佳,卖出,19.261,-1900,-36596.66,10.98,36.60
2026-01-05,09:31:00,605056.SH,咸亨国际,卖出,16.487,-38800,-639694.05,191.91,639.69
2026-01-05,09:31:00,603886.SH,元祖股份,卖出,13.942,-21800,-303936.91,91.18,303.94
2026-01-05,09:31:00,603317.SH,天味食品,卖出,12.505,-22300,-278860.16,83.66,278.86
2026-01-05,09:31:00,603365.SH,水星家纺,卖出,21.108,-16800,-354609.36,106.38,354.61
2026-01-05,09:31:00,605058.SH,澳弘电子,卖出,30.469,-10300,-313830.08,94.15,313.83
2026-01-05,09:31:00,605377.SH,华旺科技,卖出,8.523,-42900,-365633.27,109.69,365.63
2026-01-05,09:31:00,605365.SH,立达信,卖出,26.287,-20100,-528375.13,158.51,528.38
2026-01-05,09:31:00,605155.SH,西大门,卖出,17.465,-23500,-410427.50,123.13,410.43
2026-01-05,09:31:00,603995.SH,甬金股份,买入,18.116,28100,509064.10,152.72,0.00
2026-01-05,09:31:00,605098.SH,行动教育,卖出,41.896,-7800,-326789.11,98.04,326.79
2026-01-05,09:31:00,605338.SH,巴比食品,买入,31.092,14900,463271.69,138.98,0.00
2026-01-05,09:31:00,605077.SH,华康股份,卖出,14.810,-5200,-77013.66,23.10,77.01
2026-01-05,09:31:00,603566.SH,普莱柯,卖出,12.415,-18300,-227196.70,68.16,227.20
2026-01-05,09:31:00,605028.SH,世茂能源,买入,29.579,19700,582707.09,174.81,0.00
2026-01-05,09:31:00,603187.SH,海容冷链,买入,15.711,27500,432062.40,129.62,0.00
2026-01-05,09:31:00,603967.SH,中创物流,买入,14.830,121600,1803279.36,540.98,0.00
2026-01-05,09:31:00,603558.SH,健盛集团,卖出,11.218,-19400,-217619.89,65.29,217.62
2026-01-05,09:31:00,601163.SH,三角轮胎,买入,14.319,37300,534083.03,160.22,0.00
2026-01-05,09:31:00,601518.SH,吉林高速,卖出,2.814,-110000,-309579.60,92.87,309.58
2026-01-05,09:31:00,603001.SH,奥康国际,卖出,8.832,-42300,-373606.29,112.08,373.61
2026-01-05,09:31:00,603043.SH,广州酒家,卖出,17.615,-19700,-347009.59,104.10,347.01
2026-01-05,09:31:00,603170.SH,宝立食品,卖出,14.251,-13700,-195244.73,58.57,195.24
2026-01-05,09:31:00,605507.SH,国邦医药,卖出,24.750,-21200,-524708.48,157.41,524.71
2026-01-05,09:31:00,603551.SH,奥普科技,卖出,11.597,-17100,-198304.60,59.49,198.30
2026-01-05,09:31:00,601827.SH,三峰环境,买入,8.507,61200,520627.18,156.19,0.00
2026-01-05,09:31:00,605389.SH,长龄液压,买入,77.956,8900,693804.84,208.14,0.00
2026-01-05,09:31:00,605368.SH,蓝天燃气,卖出,7.705,-41900,-322821.06,96.85,322.82
2026-01-05,09:31:00,603689.SH,皖天然气,卖出,8.104,-16400,-132901.66,39.87,132.90
2026-01-05,09:31:00,603587.SH,地素时尚,买入,13.387,20400,273089.09,81.93,0.00
2026-01-05,09:31:00,605001.SH,威奥股份,卖出,7.615,-50000,-380737.00,114.22,380.74
2026-01-05,09:31:00,603788.SH,宁波高发,卖出,16.307,-10100,-164703.93,49.41,164.70
2026-01-05,09:31:00,603600.SH,永艺股份,卖出,11.956,-22900,-273793.32,82.14,273.79
2026-01-05,09:31:00,603167.SH,渤海轮渡,买入,9.449,42900,405356.09,121.61,0.00
2026-01-05,09:31:00,603020.SH,爱普股份,卖出,10.120,-12400,-125484.53,37.65,125.48
2026-01-05,09:31:00,603648.SH,畅联股份,卖出,10.878,-25300,-275218.46,82.57,275.22
2026-01-05,09:31:00,603183.SH,建研院,买入,4.319,60000,259117.20,77.74,0.00
2026-01-05,09:31:00,605258.SH,协和电子,卖出,31.217,-7400,-231009.06,69.30,231.01
2026-01-05,09:31:00,600854.SH,春兰股份,卖出,4.970,-39300,-195322.57,58.60,195.32
2026-01-05,09:31:00,603132.SH,金徽股份,买入,14.699,25200,370423.37,111.13,0.00
2026-01-05,09:31:00,603326.SH,我乐家居,卖出,8.952,-23100,-206792.59,62.04,206.79
2026-01-05,09:31:00,601886.SH,江河集团,卖出,8.134,-32800,-266785.36,80.04,266.79
2026-01-05,09:31:00,603217.SH,元利科技,卖出,25.569,-4300,-109945.67,32.98,109.95
2025-12-01,09:31:00,603886.SH,元祖股份,买入,12.916,21800,281564.00,84.47,0.00
2025-12-01,09:31:00,605507.SH,国邦医药,买入,23.988,37900,909140.65,272.74,0.00
2025-12-01,09:31:00,605258.SH,协和电子,卖出,32.405,-8000,-259240.48,77.77,259.24
2025-12-01,09:31:00,605155.SH,西大门,卖出,16.347,-12000,-196166.88,58.85,196.17
2025-12-01,09:31:00,605077.SH,华康股份,卖出,15.898,-19200,-305244.29,91.57,305.24
2025-12-01,09:31:00,605368.SH,蓝天燃气,卖出,9.561,-20400,-195041.14,58.51,195.04
2025-12-01,09:31:00,600854.SH,春兰股份,买入,5.371,39300,211069.30,63.32,0.00
2025-12-01,09:31:00,605056.SH,咸亨国际,买入,19.078,25900,494122.27,148.24,0.00
2025-12-01,09:31:00,605389.SH,长龄液压,买入,72.264,9000,650378.16,195.11,0.00
2025-12-01,09:31:00,603648.SH,畅联股份,卖出,10.329,-10100,-104325.93,31.30,104.33
2025-12-01,09:31:00,603020.SH,爱普股份,卖出,10.309,-13700,-141237.96,42.37,141.24
2025-12-01,09:31:00,603170.SH,宝立食品,买入,15.080,13700,206597.37,61.98,0.00
2025-12-01,09:31:00,603217.SH,元利科技,卖出,28.643,-37600,-1076961.76,323.09,1076.96
2025-12-01,09:31:00,603167.SH,渤海轮渡,买入,9.900,35600,352431.46,105.73,0.00
2025-12-01,09:31:00,605365.SH,立达信,卖出,17.565,-35200,-618280.96,185.48,618.28
2025-12-01,09:31:00,605098.SH,行动教育,卖出,40.339,-6300,-254136.71,76.24,254.14
2025-12-01,09:31:00,603600.SH,永艺股份,买入,12.405,55800,692185.61,207.66,0.00
2025-12-01,09:31:00,603566.SH,普莱柯,卖出,13.473,-23400,-315268.20,94.58,315.27
2025-12-01,09:31:00,601518.SH,吉林高速,买入,2.946,110000,324046.80,97.21,0.00
2025-12-01,09:31:00,603001.SH,奥康国际,买入,10.010,76200,762760.48,228.83,0.00
2025-12-01,09:31:00,603551.SH,奥普科技,买入,11.673,19300,225294.69,67.59,0.00
2025-12-01,09:31:00,605266.SH,健之佳,卖出,20.200,-8000,-161596.16,48.48,161.60
2025-12-01,09:31:00,603043.SH,广州酒家,买入,17.685,33300,588920.49,176.68,0.00
2025-12-01,09:31:00,603889.SH,新澳股份,卖出,7.665,-45300,-347208.19,104.16,347.21
2025-12-01,09:31:00,603689.SH,皖天然气,买入,8.256,23200,191550.34,57.47,0.00
2025-12-01,09:31:00,605001.SH,威奥股份,买入,7.585,16900,128188.87,38.46,0.00
2025-12-01,09:31:00,603326.SH,我乐家居,买入,9.669,32600,315219.18,94.57,0.00
2025-12-01,09:31:00,605377.SH,华旺科技,买入,8.517,42900,365379.30,109.61,0.00
2025-12-01,09:31:00,605338.SH,巴比食品,卖出,28.094,-19600,-550636.52,165.19,550.64
2025-12-01,09:31:00,603132.SH,金徽股份,卖出,13.742,-37300,-512593.76,153.78,512.59
2025-12-01,09:31:00,603365.SH,水星家纺,买入,21.523,13800,297016.85,89.11,0.00
2025-12-01,09:31:00,605058.SH,澳弘电子,买入,30.351,23300,707168.51,212.15,0.00
2025-12-01,09:31:00,603183.SH,建研院,卖出,4.651,-46500,-216256.62,64.88,216.26
2025-12-01,09:31:00,603558.SH,健盛集团,卖出,11.457,-20100,-230286.50,69.09,230.29
2025-12-01,09:31:00,601886.SH,江河集团,买入,7.986,20000,159718.80,47.92,0.00
2025-12-01,09:31:00,603788.SH,宁波高发,卖出,15.988,-8000,-127903.68,38.37,127.90
2025-12-01,09:31:00,603317.SH,天味食品,买入,12.966,27800,360451.46,108.14,0.00
2025-11-03,09:31:00,605155.SH,西大门,买入,17.615,1500,26422.74,7.93,0.00
2025-11-03,09:31:00,605001.SH,威奥股份,买入,8.166,82300,672086.49,201.63,0.00
2025-11-03,09:31:00,603365.SH,水星家纺,买入,21.773,34400,749007.02,224.70,0.00
2025-11-03,09:31:00,605258.SH,协和电子,卖出,34.391,-500,-17195.54,5.16,17.20
2025-11-03,09:31:00,603788.SH,宁波高发,买入,16.834,16300,274387.68,82.32,0.00
2025-11-03,09:31:00,603558.SH,健盛集团,买入,12.124,47300,573474.66,172.04,0.00
2025-11-03,09:31:00,603116.SH,红蜻蜓,卖出,5.858,-10200,-59754.25,17.93,59.75
2025-11-03,09:31:00,603043.SH,广州酒家,买入,17.054,60900,1038591.04,311.58,0.00
2025-11-03,09:31:00,605077.SH,华康股份,卖出,17.545,-23000,-403531.32,121.06,403.53
2025-11-03,09:31:00,603317.SH,天味食品,买入,11.924,71600,853744.08,256.12,0.00
2025-11-03,09:31:00,605266.SH,健之佳,卖出,20.589,-9300,-191475.28,57.44,191.48
2025-11-03,09:31:00,603648.SH,畅联股份,卖出,10.888,-14400,-156789.79,47.04,156.79
2025-11-03,09:31:00,603095.SH,越剑智能,卖出,15.669,-30200,-473191.72,141.96,473.19
2025-11-03,09:31:00,603183.SH,建研院,买入,4.639,59800,277427.75,83.23,0.00
2025-11-03,09:31:00,605056.SH,咸亨国际,买入,16.473,3000,49418.64,14.83,0.00
2025-11-03,09:31:00,603600.SH,永艺股份,买入,11.503,57500,661420.20,198.43,0.00
2025-11-03,09:31:00,603889.SH,新澳股份,卖出,7.984,-70400,-562073.60,168.62,562.07
2025-11-03,09:31:00,603566.SH,普莱柯,买入,14.028,25300,354908.40,106.47,0.00
2025-11-03,09:31:00,603132.SH,金徽股份,卖出,13.742,-24000,-329819.04,98.95,329.82
2025-11-03,09:31:00,601886.SH,江河集团,买入,7.766,35900,278781.45,83.63,0.00
2025-11-03,09:31:00,601339.SH,百隆东方,卖出,5.329,-62900,-335214.23,100.56,335.21
2025-11-03,09:31:00,603217.SH,元利科技,卖出,25.948,-5300,-137524.40,41.26,137.52
2025-11-03,09:31:00,605507.SH,国邦医药,卖出,22.834,-15600,-356214.14,106.86,356.21
2025-11-03,09:31:00,605389.SH,长龄液压,卖出,67.864,-11700,-794008.80,238.20,794.01
2025-11-03,09:31:00,605368.SH,蓝天燃气,买入,9.539,24100,229890.86,68.97,0.00
2025-11-03,09:31:00,605338.SH,巴比食品,买入,25.070,20200,506414.81,151.92,0.00
2025-11-03,09:31:00,605365.SH,立达信,买入,18.407,55300,1017892.72,305.37,0.00
2025-11-03,09:31:00,603886.SH,元祖股份,卖出,12.275,-8700,-106795.98,32.04,106.80
2025-11-03,09:31:00,601326.SH,秦港股份,卖出,3.772,-55800,-210502.15,63.15,210.50
2025-11-03,09:31:00,600997.SH,开滦股份,卖出,6.527,-89700,-585464.72,175.64,585.46
2025-11-03,09:31:00,603689.SH,皖天然气,买入,8.888,47500,422167.65,126.65,0.00
2025-11-03,09:31:00,605089.SH,味知香,卖出,26.168,-4300,-112520.51,33.76,112.52
2025-11-03,09:31:00,605098.SH,行动教育,买入,41.062,11100,455787.76,136.74,0.00
2025-11-03,09:31:00,603170.SH,宝立食品,卖出,14.970,-40600,-607782.00,182.33,607.78
2025-11-03,09:31:00,603020.SH,爱普股份,卖出,11.497,-43600,-501267.46,150.38,501.27
2025-11-03,09:31:00,605268.SH,王力安防,卖出,10.379,-9400,-97564.48,29.27,97.56
2025-10-09,09:31:00,600997.SH,开滦股份,买入,6.804,89700,610281.13,183.08,0.00
2025-10-09,09:31:00,605077.SH,华康股份,买入,18.868,11000,207544.26,62.26,0.00
2025-10-09,09:31:00,605389.SH,长龄液压,买入,61.122,11700,715127.40,214.54,0.00
2025-10-09,09:31:00,605056.SH,咸亨国际,买入,16.333,53700,877060.62,263.12,0.00
2025-10-09,09:31:00,605155.SH,西大门,买入,16.533,34000,562122.00,168.64,0.00
2025-10-09,09:31:00,605098.SH,行动教育,买入,37.194,6700,249201.41,74.76,0.00
2025-10-09,09:31:00,605268.SH,王力安防,卖出,9.970,-21800,-217346.44,65.20,217.35
2025-10-09,09:31:00,601339.SH,百隆东方,买入,5.371,62900,337818.29,101.35,0.00
2025-10-09,09:31:00,603301.SH,振德医疗,卖出,46.906,-39400,-1848096.40,554.43,1848.10
2025-10-09,09:31:00,603788.SH,宁波高发,买入,17.966,38500,691685.61,207.51,0.00
2025-10-09,09:31:00,603566.SH,普莱柯,卖出,13.723,-20700,-284055.75,85.22,284.06
2025-10-09,09:31:00,605266.SH,健之佳,卖出,20.459,-7300,-149350.70,44.81,149.35
2025-10-09,09:31:00,605001.SH,威奥股份,买入,7.615,29600,225409.92,67.62,0.00
2025-10-09,09:31:00,603080.SH,新疆火炬,卖出,23.972,-6000,-143831.76,43.15,143.83
2025-10-09,09:31:00,603043.SH,广州酒家,卖出,15.968,-24600,-392812.80,117.84,392.81
2025-10-09,09:31:00,603886.SH,元祖股份,卖出,12.006,-17300,-207702.76,62.31,207.70
2025-10-09,09:31:00,605580.SH,恒盛能源,卖出,27.844,-30800,-857601.36,257.28,857.60
2025-10-09,09:31:00,605258.SH,协和电子,买入,33.878,11200,379429.34,113.83,0.00
2025-10-09,09:31:00,605089.SH,味知香,卖出,25.958,-10200,-264771.40,79.43,264.77
2025-10-09,09:31:00,603217.SH,元利科技,买入,22.976,10000,229758.60,68.93,0.00
2025-10-09,09:31:00,603132.SH,金徽股份,卖出,14.671,-3700,-54281.22,16.28,54.28
2025-10-09,09:31:00,605368.SH,蓝天燃气,买入,9.669,32300,312318.39,93.70,0.00
2025-10-09,09:31:00,603213.SH,镇洋发展,卖出,13.553,-2900,-39303.24,11.79,39.30
2025-10-09,09:31:00,603558.SH,健盛集团,买入,9.990,31300,312685.12,93.81,0.00
2025-10-09,09:31:00,603889.SH,新澳股份,买入,7.104,163800,1163664.68,349.10,0.00
2025-10-09,09:31:00,603095.SH,越剑智能,买入,15.792,30200,476903.90,143.07,0.00
2025-10-09,09:31:00,605365.SH,立达信,卖出,15.369,-11800,-181356.56,54.41,181.36
2025-10-09,09:31:00,605058.SH,澳弘电子,卖出,29.571,-19800,-585500.65,175.65,585.50
2025-10-09,09:31:00,603170.SH,宝立食品,买入,14.409,9600,138324.10,41.50,0.00
2025-10-09,09:31:00,605507.SH,国邦医药,买入,22.765,19800,450755.71,135.23,0.00
2025-10-09,09:31:00,605338.SH,巴比食品,买入,23.146,14000,324046.80,97.21,0.00
2025-10-09,09:31:00,601326.SH,秦港股份,卖出,3.393,-131300,-445527.16,133.66,445.53
2025-10-09,09:31:00,603648.SH,畅联股份,卖出,10.878,-15500,-168612.10,50.58,168.61
2025-10-09,09:31:00,603116.SH,红蜻蜓,卖出,5.758,-23100,-133020.43,39.91,133.02
2025-10-09,09:31:00,603020.SH,爱普股份,卖出,9.890,-39200,-387695.06,116.31,387.70
2025-10-09,09:31:00,601886.SH,江河集团,卖出,7.305,-35200,-257148.67,77.14,257.15
2025-09-01,09:31:00,605089.SH,味知香,买入,26.583,14500,385454.37,115.64,0.00
2025-09-01,09:31:00,605507.SH,国邦医药,卖出,23.533,-31600,-743637.74,223.09,743.64
2025-09-01,09:31:00,603726.SH,朗迪集团,卖出,19.631,-34300,-673331.64,202.00,673.33
2025-09-01,09:31:00,603380.SH,易德龙,卖出,43.413,-5800,-251795.40,75.54,251.80
2025-09-01,09:31:00,603043.SH,广州酒家,买入,17.034,37800,643885.20,193.17,0.00
2025-09-01,09:31:00,603886.SH,元祖股份,买入,13.297,26000,345710.04,103.71,0.00
2025-09-01,09:31:00,603217.SH,元利科技,买入,20.000,37200,743997.02,223.20,0.00
2025-09-01,09:31:00,603889.SH,新澳股份,买入,6.032,58300,351667.93,105.50,0.00
2025-09-01,09:31:00,603277.SH,银都股份,卖出,17.275,-7935,-137080.14,41.12,137.08
2025-09-01,09:31:00,605368.SH,蓝天燃气,买入,10.040,48400,485937.94,145.78,0.00
2025-09-01,09:31:00,603170.SH,宝立食品,买入,14.990,31000,464687.52,139.41,0.00
2025-09-01,09:31:00,605266.SH,健之佳,买入,21.333,15000,319988.70,96.00,0.00
2025-09-01,09:31:00,601326.SH,秦港股份,买入,3.437,187100,643036.51,192.91,0.00
2025-09-01,09:31:00,603648.SH,畅联股份,卖出,11.168,-19600,-218885.35,65.67,218.89
2025-09-01,09:31:00,603355.SH,莱克电气,卖出,22.954,-16600,-381036.40,114.31,381.04
2025-09-01,09:31:00,603301.SH,振德医疗,买入,24.379,16400,399810.02,119.94,0.00
2025-09-01,09:31:00,605258.SH,协和电子,买入,33.677,16200,545570.96,163.67,0.00
2025-09-01,09:31:00,605365.SH,立达信,买入,15.731,11800,185630.52,55.69,0.00
2025-09-01,09:31:00,605077.SH,华康股份,买入,19.689,20700,407568.51,122.27,0.00
2025-09-01,09:31:00,603566.SH,普莱柯,买入,14.890,36100,537518.89,161.26,0.00
2025-09-01,09:31:00,605580.SH,恒盛能源,卖出,20.958,-30500,-639219.00,191.77,639.22
2025-09-01,09:31:00,603058.SH,永吉股份,卖出,8.802,-44200,-389064.31,116.72,389.06
2025-09-01,09:31:00,601886.SH,江河集团,卖出,7.685,-42000,-322753.20,96.83,322.75
2025-09-01,09:31:00,603339.SH,四方科技,卖出,15.539,-33400,-518997.92,155.70,519.00
2025-09-01,09:31:00,603080.SH,新疆火炬,卖出,21.098,-22100,-466259.61,139.88,466.26
2025-09-01,09:31:00,605056.SH,咸亨国际,卖出,14.401,-6300,-90727.18,27.22,90.73
2025-09-01,09:31:00,605050.SH,福然德,卖出,15.160,-73400,-1112716.11,333.81,1112.72
2025-09-01,09:31:00,603132.SH,金徽股份,买入,13.667,9100,124372.25,37.31,0.00
2025-09-01,09:31:00,605268.SH,王力安防,卖出,10.399,-35600,-370210.10,111.06,370.21
2025-09-01,09:31:00,603020.SH,爱普股份,买入,10.892,157400,1714359.88,514.31,0.00
2025-09-01,09:31:00,605028.SH,世茂能源,卖出,23.034,-2100,-48371.06,14.51,48.37
2025-09-01,09:31:00,603757.SH,大元泵业,卖出,51.527,-47400,-2442367.48,732.71,2442.37
2025-09-01,09:31:00,605058.SH,澳弘电子,卖出,29.930,-17500,-523775.35,157.13,523.78
2025-09-01,09:31:00,601811.SH,新华文轩,卖出,16.168,-11800,-190777.68,57.23,190.78
2025-09-01,09:31:00,603733.SH,仙鹤股份,卖出,25.010,-8700,-217585.96,65.28,217.59
2025-09-01,09:31:00,601002.SH,晋亿实业,卖出,5.419,-8400,-45520.78,13.66,45.52
2025-09-01,09:31:00,603071.SH,物产环能,卖出,13.233,-10100,-133658.15,40.10,133.66
2025-09-01,09:31:00,603970.SH,中农立华,卖出,13.862,-14100,-195457.30,58.64,195.46
2025-09-01,09:31:00,603908.SH,牧高笛,卖出,25.000,-10900,-272498.91,81.75,272.50
2025-09-01,09:31:00,600713.SH,南京医药,卖出,5.100,-164000,-836363.92,250.91,836.36
2025-09-01,09:31:00,603116.SH,红蜻蜓,卖出,6.098,-25800,-157322.72,47.20,157.32
2025-08-01,09:31:00,605098.SH,行动教育,卖出,35.429,-1200,-42514.80,12.75,42.51
2025-08-01,09:31:00,603277.SH,银都股份,卖出,16.587,-6400,-106155.26,31.85,106.16
2025-08-01,09:31:00,603648.SH,畅联股份,买入,11.373,91600,1041739.32,312.52,0.00
2025-08-01,09:31:00,603355.SH,莱克电气,卖出,22.944,-7500,-172080.15,51.62,172.08
2025-08-01,09:31:00,601811.SH,新华文轩,买入,15.150,11800,178772.83,53.63,0.00
2025-08-01,09:31:00,605268.SH,王力安防,买入,10.421,66800,696109.44,208.83,0.00
2025-08-01,09:31:00,603058.SH,永吉股份,买入,9.539,44200,421625.57,126.49,0.00
2025-08-01,09:31:00,603071.SH,物产环能,买入,13.166,10100,132979.43,39.89,0.00
2025-08-01,09:31:00,603080.SH,新疆火炬,买入,18.437,28100,518074.08,155.42,0.00
2025-08-01,09:31:00,605003.SH,众望布艺,卖出,20.798,-15300,-318214.30,95.46,318.21
2025-08-01,09:31:00,603726.SH,朗迪集团,卖出,17.265,-13200,-227903.28,68.37,227.90
2025-08-01,09:31:00,601010.SH,ST文峰,卖出,2.585,-3700,-9563.83,5.00,9.56
2025-08-01,09:31:00,605056.SH,咸亨国际,卖出,14.641,-8800,-128837.81,38.65,128.84
2025-08-01,09:31:00,603116.SH,红蜻蜓,卖出,6.756,-49700,-335796.06,100.74,335.80
2025-08-01,09:31:00,600971.SH,恒源煤电,卖出,6.826,-16400,-111951.65,33.59,111.95
2025-08-01,09:31:00,603357.SH,设计总院,卖出,8.613,-9500,-81821.03,24.55,81.82
2025-08-01,09:31:00,603908.SH,牧高笛,买入,26.202,10900,285605.07,85.68,0.00
2025-08-01,09:31:00,603757.SH,大元泵业,买入,27.204,47400,1289483.82,386.85,0.00
2025-08-01,09:31:00,605507.SH,国邦医药,买入,23.707,60000,1422439.20,426.73,0.00
2025-08-01,09:31:00,605001.SH,威奥股份,卖出,7.565,-29800,-225432.23,67.63,225.43
2025-08-01,09:31:00,603811.SH,诚意药业,卖出,12.804,-40500,-518575.77,155.57,518.58
2025-08-01,09:31:00,603339.SH,四方科技,买入,12.916,33400,431387.05,129.42,0.00
2025-08-01,09:31:00,603970.SH,中农立华,买入,14.319,14100,201891.98,60.57,0.00
2025-08-01,09:31:00,603566.SH,普莱柯,买入,14.820,22700,336404.47,100.92,0.00
2025-08-01,09:31:00,605580.SH,恒盛能源,卖出,15.349,-11600,-178051.18,53.42,178.05
2025-08-01,09:31:00,605389.SH,长龄液压,卖出,50.898,-9600,-488620.80,146.59,488.62
2025-08-01,09:31:00,605058.SH,澳弘电子,卖出,28.972,-16100,-466448.23,139.93,466.45
2025-08-01,09:31:00,603801.SH,志邦家居,卖出,9.930,-6100,-60573.61,18.17,60.57
2025-08-01,09:31:00,603301.SH,振德医疗,买入,22.214,15400,342100.84,102.63,0.00
2025-08-01,09:31:00,601886.SH,江河集团,卖出,7.844,-64100,-502818.35,150.85,502.82
2025-08-01,09:31:00,603132.SH,金徽股份,卖出,12.635,-11300,-142771.88,42.83,142.77
2025-08-01,09:31:00,603733.SH,仙鹤股份,买入,21.493,8700,186988.23,56.10,0.00
2025-08-01,09:31:00,603558.SH,健盛集团,卖出,9.271,-1400,-12979.99,5.00,12.98
2025-08-01,09:31:00,001301.SZ,尚太科技,卖出,50.010,-1100,-55010.76,16.50,55.01
2025-08-01,09:31:00,603380.SH,易德龙,卖出,29.391,-16800,-493770.48,148.13,493.77
2025-08-01,09:31:00,000785.SZ,居然智家,卖出,3.054,-104000,-317603.52,95.28,317.60
2025-08-01,09:31:00,605266.SH,健之佳,买入,21.643,11500,248896.80,74.67,0.00
2025-08-01,09:31:00,605077.SH,华康股份,买入,18.106,15700,284266.40,85.28,0.00
2025-08-01,09:31:00,603217.SH,元利科技,卖出,18.333,-11400,-208999.16,62.70,209.00
2025-08-01,09:31:00,605050.SH,福然德,买入,17.395,27200,473136.38,141.94,0.00
2025-08-01,09:31:00,600713.SH,南京医药,买入,5.220,108700,567459.65,170.24,0.00
2025-08-01,09:31:00,603213.SH,镇洋发展,卖出,12.824,-22800,-292394.04,87.72,292.39
2025-08-01,09:31:00,601002.SH,晋亿实业,卖出,5.140,-44200,-227174.74,68.15,227.17
2025-08-01,09:31:00,605028.SH,世茂能源,卖出,19.910,-11100,-221002.11,66.30,221.00
2025-07-01,09:31:00,600713.SH,南京医药,买入,5.070,55300,280377.64,84.11,0.00
2025-07-01,09:31:00,603132.SH,金徽股份,买入,13.146,77300,1016204.35,304.86,0.00
2025-07-01,09:31:00,605166.SH,聚合顺,卖出,11.138,-13700,-152586.22,45.78,152.59
2025-07-01,09:31:00,601002.SH,晋亿实业,买入,4.940,52600,259836.64,77.95,0.00
2025-07-01,09:31:00,603811.SH,诚意药业,买入,9.258,40500,374968.44,112.49,0.00
2025-07-01,09:31:00,603380.SH,易德龙,买入,26.763,22600,604853.29,181.46,0.00
2025-07-01,09:31:00,605066.SH,天正电气,卖出,7.435,-41500,-308556.65,92.57,308.56
2025-07-01,09:31:00,601865.SH,福莱特,卖出,15.259,-72800,-1110885.78,333.27,1110.89
2025-07-01,09:31:00,601010.SH,ST文峰,卖出,2.764,-56500,-156191.99,46.86,156.19
2025-07-01,09:31:00,600971.SH,恒源煤电,卖出,6.577,-35400,-232819.43,69.85,232.82
2025-07-01,09:31:00,605100.SH,华丰股份,卖出,19.930,-13900,-277027.83,83.11,277.03
2025-07-01,09:31:00,603600.SH,永艺股份,卖出,10.619,-3700,-39289.26,11.79,39.29
2025-07-01,09:31:00,603088.SH,宁波精达,卖出,9.072,-23500,-213187.77,63.96,213.19
2025-07-01,09:31:00,002918.SZ,蒙娜丽莎,卖出,8.273,-5800,-47985.84,14.40,47.99
2025-07-01,09:31:00,605003.SH,众望布艺,买入,20.922,15300,320102.93,96.03,0.00
2025-07-01,09:31:00,605001.SH,威奥股份,买入,7.204,29800,214690.52,64.41,0.00
2025-07-01,09:31:00,605028.SH,世茂能源,买入,19.329,13200,255137.26,76.54,0.00
2025-07-01,09:31:00,605050.SH,福然德,买入,13.687,46200,632354.18,189.71,0.00
2025-07-01,09:31:00,600390.SH,五矿资本,卖出,5.828,-276600,-1612113.31,483.63,1612.11
2025-07-01,09:31:00,002991.SZ,甘源食品,卖出,61.776,-4900,-302703.38,90.81,302.70
2025-07-01,09:31:00,605056.SH,咸亨国际,买入,15.431,15100,233005.08,69.90,0.00
2025-07-01,09:31:00,603877.SH,太平鸟,卖出,14.551,-1100,-16005.92,5.00,16.01
2025-07-01,09:31:00,603116.SH,红蜻蜓,买入,5.912,85500,505458.90,151.64,0.00
2025-07-01,09:31:00,605580.SH,恒盛能源,买入,13.627,27200,370659.84,111.20,0.00
2025-07-01,09:31:00,603357.SH,设计总院,卖出,8.683,-26100,-226615.86,67.98,226.62
2025-07-01,09:31:00,603203.SH,快克智能,卖出,25.249,-400,-10099.76,5.00,10.10
2025-07-01,09:31:00,603165.SH,荣晟环保,卖出,11.307,-8300,-93850.92,28.16,93.85
2025-07-01,09:31:00,603726.SH,朗迪集团,买入,16.543,47500,785793.45,235.74,0.00
2025-07-01,09:31:00,605507.SH,国邦医药,买入,19.810,15800,312990.73,93.90,0.00
2025-07-01,09:31:00,603213.SH,镇洋发展,买入,11.222,25700,288415.68,86.52,0.00
2025-07-01,09:31:00,603301.SH,振德医疗,买入,21.132,7600,160604.57,48.18,0.00
2025-07-01,09:31:00,603801.SH,志邦家居,卖出,9.661,-19700,-190314.61,57.09,190.31
2025-07-01,09:31:00,605376.SH,博迁新材,卖出,38.104,-14700,-560123.51,168.04,560.12
2025-07-01,09:31:00,601156.SH,东航物流,卖出,13.064,-43500,-568276.17,170.48,568.28
2025-07-01,09:31:00,605098.SH,行动教育,卖出,35.738,-4600,-164396.55,49.32,164.40
2025-07-01,09:31:00,002416.SZ,爱施德,卖出,11.936,-74300,-886850.74,266.06,886.85
2025-07-01,09:31:00,603558.SH,健盛集团,卖出,9.122,-11500,-104899.78,31.47,104.90
2025-07-01,09:31:00,002937.SZ,兴瑞科技,卖出,16.517,-12600,-208112.94,62.43,208.11
2025-07-01,09:31:00,601886.SH,江河集团,买入,6.152,193200,1188620.50,356.59,0.00
2025-07-01,09:31:00,605389.SH,长龄液压,卖出,48.373,-700,-33861.14,10.16,33.86
2025-07-01,09:31:00,001301.SZ,尚太科技,卖出,48.702,-19000,-925345.60,277.60,925.35
2025-07-01,09:31:00,001269.SZ,欧晶科技,卖出,27.315,-5100,-139307.83,41.79,139.31
2025-07-01,09:31:00,603217.SH,元利科技,买入,17.826,11400,203211.61,60.96,0.00
2025-07-01,09:31:00,605058.SH,澳弘电子,买入,33.066,53400,1765724.40,529.72,0.00
2025-07-01,09:31:00,603929.SH,亚翔集成,卖出,34.511,-7800,-269184.55,80.76,269.18
2025-07-01,09:31:00,002129.SZ,TCL中环,卖出,7.635,-189900,-1449829.53,434.95,1449.83
2025-07-01,09:31:00,601699.SH,潞安环能,卖出,10.509,-61000,-641045.34,192.31,641.05
2025-07-01,09:31:00,002756.SZ,永兴材料,卖出,31.547,-12600,-397489.43,119.25,397.49
2025-07-01,09:31:00,002459.SZ,晶澳科技,卖出,9.910,-99600,-987049.94,296.11,987.05
2025-07-01,09:31:00,603871.SH,嘉友国际,卖出,10.748,-32760,-352119.55,105.64,352.12
2025-07-01,09:31:00,600438.SH,通威股份,卖出,16.437,-52200,-858014.53,257.40,858.01
2025-07-01,09:31:00,000785.SZ,居然智家,卖出,3.044,-203400,-619129.26,185.74,619.13
2025-07-01,09:31:00,603355.SH,莱克电气,卖出,22.285,-8100,-180511.25,54.15,180.51
2025-07-01,09:31:00,603277.SH,银都股份,卖出,15.988,-9300,-148688.03,44.61,148.69
2025-06-03,09:31:00,002991.SZ,甘源食品,买入,63.627,4900,311772.30,93.53,0.00
2025-06-03,09:31:00,002937.SZ,兴瑞科技,买入,16.232,12600,204528.24,61.36,0.00
2025-06-03,09:31:00,605098.SH,行动教育,卖出,35.609,-3600,-128191.10,38.46,128.19
2025-06-03,09:31:00,603926.SH,铁流股份,卖出,11.966,-12400,-148378.65,44.51,148.38
2025-06-03,09:31:00,603355.SH,莱克电气,买入,21.653,9200,199209.62,59.76,0.00
2025-06-03,09:31:00,603167.SH,渤海轮渡,卖出,9.331,-11400,-106376.82,31.91,106.38
2025-06-03,09:31:00,603088.SH,宁波精达,买入,8.998,23500,211452.06,63.44,0.00
2025-06-03,09:31:00,603877.SH,太平鸟,卖出,15.030,-6600,-99197.21,29.76,99.20
2025-06-03,09:31:00,601865.SH,福莱特,卖出,14.231,-3400,-48387.03,14.52,48.39
2025-06-03,09:31:00,603848.SH,好太太,卖出,14.341,-5100,-73140.43,21.94,73.14
2025-06-03,09:31:00,603558.SH,健盛集团,卖出,8.952,-37500,-335702.25,100.71,335.70
2025-06-03,09:31:00,603277.SH,银都股份,卖出,23.683,-3600,-85257.14,25.58,85.26
2025-06-03,09:31:00,603165.SH,荣晟环保,卖出,10.758,-17700,-190424.39,57.13,190.42
2025-06-03,09:31:00,605580.SH,恒盛能源,卖出,10.808,-11400,-123215.08,36.96,123.22
2025-06-03,09:31:00,600971.SH,恒源煤电,买入,6.503,51800,336854.36,101.06,0.00
2025-06-03,09:31:00,603357.SH,设计总院,卖出,8.483,-21900,-185777.70,55.73,185.78
2025-06-03,09:31:00,600546.SH,山煤国际,卖出,9.750,-114300,-1114477.58,334.34,1114.48
2025-06-03,09:31:00,601156.SH,东航物流,卖出,13.094,-59000,-772531.84,231.76,772.53
2025-06-03,09:31:00,002416.SZ,爱施德,买入,11.132,6400,71246.21,21.37,0.00
2025-06-03,09:31:00,001269.SZ,欧晶科技,卖出,23.024,-7500,-172678.95,51.80,172.68
2025-06-03,09:31:00,605066.SH,天正电气,买入,7.094,41500,294407.64,88.32,0.00
2025-06-03,09:31:00,601699.SH,潞安环能,买入,10.782,61000,657672.72,197.30,0.00
2025-06-03,09:31:00,603929.SH,亚翔集成,买入,26.814,7800,209145.46,62.74,0.00
2025-06-03,09:31:00,603163.SH,圣晖集成,卖出,27.724,-5700,-158029.31,47.41,158.03
2025-06-03,09:31:00,600438.SH,通威股份,卖出,16.068,-30800,-494888.24,148.47,494.89
2025-06-03,09:31:00,603600.SH,永艺股份,卖出,9.970,-29600,-295112.59,88.53,295.11
2025-06-03,09:31:00,603801.SH,志邦家居,买入,10.521,25800,271441.80,81.43,0.00
2025-06-03,09:31:00,605166.SH,聚合顺,卖出,11.427,-32500,-371380.75,111.41,371.38
2025-06-03,09:31:00,603871.SH,嘉友国际,卖出,14.002,-31100,-435460.33,130.64,435.46
2025-06-03,09:31:00,603823.SH,百合花,卖出,10.259,-18200,-186721.81,56.02,186.72
2025-06-03,09:31:00,603203.SH,快克智能,卖出,23.653,-9700,-229430.22,68.83,229.43
2025-06-03,09:31:00,603116.SH,红蜻蜓,卖出,5.858,-37700,-220856.40,66.26,220.86
2025-06-03,09:31:00,002918.SZ,蒙娜丽莎,卖出,8.313,-16400,-136338.78,40.90,136.34
2025-06-03,09:31:00,002129.SZ,TCL中环,买入,7.535,23400,176319.94,52.90,0.00
2025-06-03,09:31:00,001301.SZ,尚太科技,买入,44.629,20100,897044.51,269.11,0.00
2025-06-03,09:31:00,600390.SH,五矿资本,买入,5.271,16800,88544.74,26.56,0.00
2025-06-03,09:31:00,601811.SH,新华文轩,卖出,15.479,-24700,-382330.81,114.70,382.33
2025-06-03,09:31:00,002949.SZ,华阳国际,卖出,13.553,-17100,-231753.56,69.53,231.75
2025-06-03,09:31:00,601010.SH,ST文峰,买入,2.806,60200,168897.12,50.67,0.00
2025-06-03,09:31:00,605376.SH,博迁新材,买入,31.743,14700,466627.39,139.99,0.00
2025-06-03,09:31:00,605100.SH,华丰股份,买入,18.777,13900,261006.97,78.30,0.00
2025-06-03,09:31:00,603599.SH,广信股份,卖出,10.988,-3900,-42853.12,12.86,42.85
2025-06-03,09:31:00,603429.SH,*ST集友,卖出,8.074,-12400,-100115.37,30.03,100.12
2025-06-03,09:31:00,000550.SZ,江铃汽车,卖出,21.168,-22200,-469920.28,140.98,469.92
2025-06-03,09:31:00,605389.SH,长龄液压,卖出,32.146,-16100,-517543.84,155.26,517.54
2025-06-03,09:31:00,000785.SZ,居然智家,买入,3.166,31300,99105.82,29.73,0.00
2025-06-03,09:31:00,605286.SH,同力天启,卖出,36.317,-1000,-36317.22,10.90,36.32
2025-06-03,09:31:00,002459.SZ,晶澳科技,卖出,9.072,-36600,-332028.61,99.61,332.03
2025-06-03,09:31:00,601138.SH,工业富联,卖出,18.782,-51800,-972926.25,291.88,972.93
2025-06-03,09:31:00,002756.SZ,永兴材料,卖出,30.409,-25900,-787594.65,236.28,787.59
2025-06-03,09:31:00,603132.SH,金徽股份,卖出,11.477,-4200,-48203.40,14.46,48.20
2025-05-06,09:31:00,603429.SH,*ST集友,卖出,9.022,-58000,-523271.36,156.98,523.27
2025-05-06,09:31:00,603116.SH,红蜻蜓,买入,5.281,61000,322112.94,96.63,0.00
2025-05-06,09:31:00,603992.SH,松霖科技,卖出,21.567,-7500,-161750.85,48.53,161.75
2025-05-06,09:31:00,603357.SH,设计总院,卖出,8.343,-47100,-392968.49,117.89,392.97
2025-05-06,09:31:00,002756.SZ,永兴材料,买入,30.962,38500,1192029.30,357.61,0.00
2025-05-06,09:31:00,002129.SZ,TCL中环,买入,7.675,166500,1277940.78,383.38,0.00
2025-05-06,09:31:00,605255.SH,天普股份,卖出,16.896,-43200,-729913.25,218.97,729.91
2025-05-06,09:31:00,605166.SH,聚合顺,卖出,11.088,-38000,-421335.64,126.40,421.34
2025-05-06,09:31:00,603599.SH,广信股份,卖出,10.888,-23100,-251516.96,75.46,251.52
2025-05-06,09:31:00,601156.SH,东航物流,买入,12.305,102500,1261217.40,378.37,0.00
2025-05-06,09:31:00,600546.SH,山煤国际,买入,9.489,114300,1084585.84,325.38,0.00
2025-05-06,09:31:00,605286.SH,同力天启,卖出,36.457,-9300,-339049.54,101.71,339.05
2025-05-06,09:31:00,605089.SH,味知香,卖出,23.413,-7700,-180280.72,54.08,180.28
2025-05-06,09:31:00,603823.SH,百合花,卖出,10.130,-43200,-437603.04,131.28,437.60
2025-05-06,09:31:00,603757.SH,大元泵业,卖出,20.878,-4300,-89776.09,26.93,89.78
2025-05-06,09:31:00,603337.SH,杰克科技,卖出,33.353,-11100,-370220.08,111.07,370.22
2025-05-06,09:31:00,001269.SZ,欧晶科技,买入,21.333,12600,268790.51,80.64,0.00
2025-05-06,09:31:00,601865.SH,福莱特,买入,15.130,76200,1152921.24,345.88,0.00
2025-05-06,09:31:00,603877.SH,太平鸟,卖出,15.878,-11500,-182599.07,54.78,182.60
2025-05-06,09:31:00,603676.SH,卫信康,卖出,10.279,-2900,-29810.26,8.94,29.81
2025-05-06,09:31:00,603601.SH,再升科技,卖出,3.513,-67400,-236773.50,71.03,236.77
2025-05-06,09:31:00,603277.SH,银都股份,买入,22.214,15700,348765.14,104.63,0.00
2025-05-06,09:31:00,600390.SH,五矿资本,买入,5.250,259800,1364074.70,409.22,0.00
2025-05-06,09:31:00,603871.SH,嘉友国际,买入,13.968,54500,761249.46,228.37,0.00
2025-05-06,09:31:00,002459.SZ,晶澳科技,买入,9.669,136200,1316958.66,395.09,0.00
2025-05-06,09:31:00,605580.SH,恒盛能源,卖出,10.858,-22000,-238881.28,71.66,238.88
2025-05-06,09:31:00,603819.SH,神力股份,卖出,15.070,-25100,-378251.98,113.48,378.25
2025-05-06,09:31:00,605389.SH,长龄液压,卖出,32.076,-5500,-176416.46,52.92,176.42
2025-05-06,09:31:00,002416.SZ,爱施德,买入,11.683,67900,793297.43,237.99,0.00
2025-05-06,09:31:00,002949.SZ,华阳国际,买入,13.978,17100,239022.09,71.71,0.00
2025-05-06,09:31:00,605599.SH,菜百股份,卖出,13.972,-78900,-1102390.80,330.72,1102.39
2025-05-06,09:31:00,603995.SH,甬金股份,卖出,16.367,-47900,-783988.88,235.20,783.99
2025-05-06,09:31:00,603558.SH,健盛集团,卖出,8.633,-20500,-176970.35,53.09,176.97
2025-05-06,09:31:00,000550.SZ,江铃汽车,买入,18.978,22200,421308.94,126.39,0.00
2025-05-06,09:31:00,603966.SH,法兰泰克,卖出,9.072,-18200,-165107.12,49.53,165.11
2025-05-06,09:31:00,000785.SZ,居然智家,买入,3.337,276100,921251.83,276.38,0.00
2025-05-06,09:31:00,603355.SH,莱克电气,买入,21.493,23000,494336.70,148.30,0.00
2025-05-06,09:31:00,601138.SH,工业富联,买入,18.337,51800,949835.88,284.95,0.00
2025-05-06,09:31:00,603630.SH,拉芳家化,卖出,19.441,-23400,-454920.34,136.48,454.92
2025-05-06,09:31:00,601811.SH,新华文轩,卖出,15.529,-36400,-565251.23,169.58,565.25
2025-05-06,09:31:00,002918.SZ,蒙娜丽莎,买入,8.126,22200,180402.08,54.12,0.00
2025-05-06,09:31:00,603600.SH,永艺股份,买入,9.739,33300,324323.35,97.30,0.00
2025-05-06,09:31:00,603132.SH,金徽股份,卖出,11.277,-17600,-198482.24,59.54,198.48
2025-05-06,09:31:00,603167.SH,渤海轮渡,卖出,8.703,-45300,-394225.97,118.27,394.23
2025-05-06,09:31:00,603203.SH,快克智能,卖出,23.643,-10700,-252976.03,75.89,252.98
2025-05-06,09:31:00,603057.SH,紫燕食品,卖出,22.555,-12200,-275168.56,82.55,275.17
2025-05-06,09:31:00,603848.SH,好太太,卖出,14.601,-9200,-134326.81,40.30,134.33
2025-05-06,09:31:00,603758.SH,秦安股份,卖出,11.856,-3600,-42682.46,12.80,42.68
2025-05-06,09:31:00,601187.SH,厦门银行,卖出,5.748,-65600,-377100.29,113.13,377.10
2025-05-06,09:31:00,603163.SH,圣晖集成,卖出,27.495,-8000,-219959.20,65.99,219.96
2025-05-06,09:31:00,603165.SH,荣晟环保,卖出,11.796,-16600,-195819.58,58.75,195.82
2025-05-06,09:31:00,600997.SH,开滦股份,卖出,6.058,-34500,-208996.17,62.70,209.00
2025-05-06,09:31:00,603013.SH,亚普股份,卖出,16.267,-11000,-178941.40,53.68,178.94
2025-05-06,09:31:00,603156.SH,养元饮品,卖出,24.241,-16700,-404831.71,121.45,404.83
2025-05-06,09:31:00,600438.SH,通威股份,买入,16.413,83000,1362259.08,408.68,0.00
2025-05-06,09:31:00,605098.SH,行动教育,卖出,37.914,-6400,-242649.73,72.79,242.65
2025-05-06,09:31:00,603926.SH,铁流股份,卖出,10.329,-28200,-291286.26,87.39,291.29
2025-04-01,09:31:00,603601.SH,再升科技,买入,3.547,67400,239073.19,71.72,0.00
2025-04-01,09:31:00,605389.SH,长龄液压,买入,30.270,3300,99892.39,29.97,0.00
2025-04-01,09:31:00,605286.SH,同力天启,卖出,40.299,-11900,-479560.96,143.87,479.56
2025-04-01,09:31:00,603788.SH,宁波高发,卖出,16.517,-26300,-434394.47,130.32,434.39
2025-04-01,09:31:00,603676.SH,卫信康,卖出,9.880,-28100,-277633.62,83.29,277.63
2025-04-01,09:31:00,603637.SH,镇海股份,卖出,9.551,-2200,-21011.89,6.30,21.01
2025-04-01,09:31:00,603995.SH,甬金股份,卖出,20.170,-13400,-270272.37,81.08,270.27
2025-04-01,09:31:00,603819.SH,神力股份,卖出,14.770,-21400,-316086.56,94.83,316.09
2025-04-01,09:31:00,603337.SH,杰克科技,买入,32.455,11100,360248.06,108.07,0.00
2025-04-01,09:31:00,605098.SH,行动教育,买入,41.062,15800,648778.97,194.63,0.00
2025-04-01,09:31:00,603966.SH,法兰泰克,卖出,9.431,-85300,-804472.83,241.34,804.47
2025-04-01,09:31:00,600997.SH,开滦股份,买入,6.964,34500,240254.55,72.08,0.00
2025-04-01,09:31:00,603203.SH,快克智能,买入,24.850,20800,516871.68,155.06,0.00
2025-04-01,09:31:00,605255.SH,天普股份,买入,16.282,43200,703404.00,211.02,0.00
2025-04-01,09:31:00,603758.SH,秦安股份,卖出,11.986,-34600,-414714.91,124.41,414.71
2025-04-01,09:31:00,601187.SH,厦门银行,买入,5.902,65600,387156.77,116.15,0.00
2025-04-01,09:31:00,603926.SH,铁流股份,买入,10.381,12300,127682.86,38.30,0.00
2025-04-01,09:31:00,603757.SH,大元泵业,卖出,23.124,-13500,-312169.41,93.65,312.17
2025-04-01,09:31:00,603156.SH,养元饮品,买入,22.585,16700,377170.84,113.15,0.00
2025-04-01,09:31:00,605580.SH,恒盛能源,买入,11.844,24400,288984.82,86.70,0.00
2025-04-01,09:31:00,603992.SH,松霖科技,卖出,22.605,-16500,-372977.55,111.89,372.98
2025-04-01,09:31:00,603886.SH,元祖股份,卖出,13.902,-10600,-147362.68,44.21,147.36
2025-04-01,09:31:00,603848.SH,好太太,卖出,13.802,-4800,-66251.23,19.88,66.25
2025-04-01,09:31:00,601619.SH,嘉泽新能,卖出,3.563,-102900,-366618.29,109.99,366.62
2025-04-01,09:31:00,603429.SH,*ST集友,买入,8.277,70400,582667.01,174.80,0.00
2025-04-01,09:31:00,603823.SH,百合花,卖出,10.210,-52300,-533958.94,160.19,533.96
2025-04-01,09:31:00,603355.SH,莱克电气,卖出,26.637,-17600,-468804.51,140.64,468.80
2025-04-01,09:31:00,603057.SH,紫燕食品,买入,19.509,12200,238009.07,71.40,0.00
2025-04-01,09:31:00,603132.SH,金徽股份,买入,11.874,21800,258846.66,77.65,0.00
2025-04-01,09:31:00,603877.SH,太平鸟,卖出,15.629,-23700,-370399.72,111.12,370.40
2025-04-01,09:31:00,603408.SH,建霖家居,卖出,13.373,-10200,-136406.64,40.92,136.41
2025-04-01,09:31:00,605599.SH,菜百股份,买入,11.774,6800,80059.80,24.02,0.00
2025-04-01,09:31:00,603599.SH,广信股份,卖出,11.677,-25000,-291915.00,87.57,291.91
2025-04-01,09:31:00,603167.SH,渤海轮渡,买入,8.517,43400,369637.80,110.89,0.00
2025-04-01,09:31:00,603163.SH,圣晖集成,卖出,24.880,-6300,-156744.88,47.02,156.74
2025-04-01,09:31:00,603165.SH,荣晟环保,卖出,12.275,-17700,-217274.58,65.18,217.27
2025-04-01,09:31:00,605388.SH,均瑶健康,卖出,6.287,-21500,-135179.10,40.55,135.18
2025-04-01,09:31:00,603558.SH,健盛集团,买入,9.870,31900,314843.43,94.45,0.00
2025-04-01,09:31:00,603357.SH,设计总院,买入,9.840,104600,1029226.34,308.77,0.00
2025-04-01,09:31:00,603277.SH,银都股份,卖出,26.417,-8900,-235111.83,70.53,235.11
2025-04-01,09:31:00,603630.SH,拉芳家化,卖出,14.371,-61400,-882391.68,264.72,882.39
2025-04-01,09:31:00,601811.SH,新华文轩,买入,15.240,58600,893088.61,267.93,0.00
2025-04-01,09:31:00,605166.SH,聚合顺,买入,13.236,17600,232960.99,69.89,0.00
2025-04-01,09:31:00,603013.SH,亚普股份,卖出,16.567,-27400,-453930.32,136.18,453.93
2025-04-01,09:31:00,603817.SH,海峡环保,卖出,5.499,-4300,-23645.61,7.09,23.65
2025-04-01,09:31:00,605089.SH,味知香,卖出,23.373,-2900,-67782.16,20.33,67.78
2025-04-01,09:31:00,603012.SH,创力集团,卖出,5.908,-27300,-161292.77,48.39,161.29
2025-03-03,09:31:00,603926.SH,铁流股份,买入,10.020,28300,283566.00,85.07,0.00
2025-03-03,09:31:00,605580.SH,恒盛能源,卖出,10.689,-17700,-189187.87,56.76,189.19
2025-03-03,09:31:00,605118.SH,力鼎光电,卖出,19.311,-15100,-291600.63,87.48,291.60
2025-03-03,09:31:00,603995.SH,甬金股份,买入,19.349,32600,630765.01,189.23,0.00
2025-03-03,09:31:00,603886.SH,元祖股份,卖出,13.503,-15600,-210645.86,63.19,210.65
2025-03-03,09:31:00,603637.SH,镇海股份,卖出,9.790,-60300,-590359.91,177.11,590.36
2025-03-03,09:31:00,603630.SH,拉芳家化,买入,12.705,38400,487885.82,146.37,0.00
2025-03-03,09:31:00,603355.SH,莱克电气,买入,25.481,17600,448463.14,134.54,0.00
2025-03-03,09:31:00,603599.SH,广信股份,买入,11.553,29700,343125.88,102.94,0.00
2025-03-03,09:31:00,605365.SH,立达信,卖出,15.858,-5500,-87220.21,26.17,87.22
2025-03-03,09:31:00,605089.SH,味知香,卖出,25.080,-5400,-135430.60,40.63,135.43
2025-03-03,09:31:00,603983.SH,丸美生物,卖出,33.064,-8600,-284348.16,85.30,284.35
2025-03-03,09:31:00,603819.SH,神力股份,买入,13.527,46500,629005.50,188.70,0.00
2025-03-03,09:31:00,601619.SH,嘉泽新能,买入,3.327,102900,342311.26,102.69,0.00
2025-03-03,09:31:00,605388.SH,均瑶健康,卖出,6.307,-36100,-227695.70,68.31,227.70
2025-03-03,09:31:00,603848.SH,好太太,卖出,13.972,-10100,-141117.20,42.34,141.12
2025-03-03,09:31:00,603823.SH,百合花,买入,10.130,91100,922863.04,276.86,0.00
2025-03-03,09:31:00,605599.SH,菜百股份,买入,11.493,18300,210320.80,63.10,0.00
2025-03-03,09:31:00,603992.SH,松霖科技,买入,21.743,24000,521841.60,156.55,0.00
2025-03-03,09:31:00,603788.SH,宁波高发,买入,15.431,26300,405830.04,121.75,0.00
2025-03-03,09:31:00,605389.SH,长龄液压,买入,29.549,9600,283670.21,85.10,0.00
2025-03-03,09:31:00,603757.SH,大元泵业,买入,21.613,17800,384713.89,115.41,0.00
2025-03-03,09:31:00,605377.SH,华旺科技,卖出,12.186,-6300,-76769.15,23.03,76.77
2025-03-03,09:31:00,603277.SH,银都股份,买入,28.457,7100,202043.28,60.61,0.00
2025-03-03,09:31:00,603408.SH,建霖家居,卖出,12.415,-15900,-197400.41,59.22,197.40
2025-03-03,09:31:00,603167.SH,渤海轮渡,卖出,8.044,-20500,-164899.54,49.47,164.90
2025-03-03,09:31:00,605286.SH,同力天启,卖出,39.920,-12200,-487024.00,146.11,487.02
2025-03-03,09:31:00,603012.SH,创力集团,卖出,5.579,-144300,-805023.73,241.51,805.02
2025-03-03,09:31:00,605319.SH,无锡振华,卖出,31.227,-44200,-1380251.96,414.08,1380.25
2025-03-03,09:31:00,605300.SH,佳禾食品,卖出,18.393,-6200,-114037.47,34.21,114.04
2025-03-03,09:31:00,605299.SH,舒华体育,卖出,8.962,-31900,-285889.08,85.77,285.89
2025-03-03,09:31:00,605166.SH,聚合顺,卖出,12.535,-6800,-85237.18,25.57,85.24
2025-03-03,09:31:00,603966.SH,法兰泰克,买入,8.176,24800,202772.74,60.83,0.00
2025-03-03,09:31:00,603758.SH,秦安股份,卖出,11.497,-61900,-711661.82,213.50,711.66
2025-03-03,09:31:00,603165.SH,荣晟环保,买入,13.587,10800,146740.90,44.02,0.00
2025-03-03,09:31:00,603676.SH,卫信康,卖出,9.301,-19900,-185097.06,55.53,185.10
2025-03-03,09:31:00,603817.SH,海峡环保,卖出,5.758,-21700,-124958.58,37.49,124.96
2025-03-03,09:31:00,603558.SH,健盛集团,卖出,10.210,-35000,-357333.90,107.20,357.33
2025-03-03,09:31:00,601811.SH,新华文轩,卖出,13.852,-25400,-351846.90,105.55,351.85
2025-03-03,09:31:00,603170.SH,宝立食品,卖出,13.972,-5600,-78243.20,23.47,78.24
2025-03-03,09:31:00,605318.SH,法狮龙,卖出,20.958,-7200,-150897.60,45.27,150.90
2025-03-03,09:31:00,603677.SH,奇精机械,卖出,15.868,-4300,-68233.26,20.47,68.23
2025-03-03,09:31:00,603877.SH,太平鸟,卖出,14.521,-11100,-161181.99,48.35,161.18
2025-03-03,09:31:00,603163.SH,圣晖集成,买入,25.952,17200,446370.96,133.91,0.00
2025-03-03,09:31:00,603013.SH,亚普股份,买入,15.852,27800,440675.59,132.20,0.00
2025-02-05,09:31:00,605388.SH,均瑶健康,卖出,5.918,-15100,-89363.91,26.81,89.36
2025-02-05,09:31:00,605318.SH,法狮龙,卖出,20.259,-2100,-42544.74,12.76,42.54
2025-02-05,09:31:00,605300.SH,佳禾食品,卖出,12.744,-9000,-114700.14,34.41,114.70
2025-02-05,09:31:00,603165.SH,荣晟环保,买入,12.926,49500,639827.10,191.95,0.00
2025-02-05,09:31:00,603966.SH,法兰泰克,卖出,7.944,-18700,-148554.30,44.57,148.55
2025-02-05,09:31:00,603995.SH,甬金股份,买入,20.190,28700,579461.61,173.84,0.00
2025-02-05,09:31:00,603811.SH,诚意药业,卖出,8.054,-2700,-21745.42,6.52,21.75
2025-02-05,09:31:00,605299.SH,舒华体育,买入,8.317,31900,265299.54,79.59,0.00
2025-02-05,09:31:00,605050.SH,福然德,卖出,9.990,-12300,-122876.75,36.86,122.88
2025-02-05,09:31:00,603987.SH,康德莱,卖出,7.285,-6200,-45169.48,13.55,45.17
2025-02-05,09:31:00,603630.SH,拉芳家化,卖出,12.136,-10100,-122570.37,36.77,122.57
2025-02-05,09:31:00,603983.SH,丸美生物,买入,33.026,8600,284022.91,85.21,0.00
2025-02-05,09:31:00,605377.SH,华旺科技,卖出,12.505,-20700,-258852.26,77.66,258.85
2025-02-05,09:31:00,601811.SH,新华文轩,买入,15.110,27900,421573.46,126.47,0.00
2025-02-05,09:31:00,605580.SH,恒盛能源,卖出,10.978,-17900,-196506.20,58.95,196.51
2025-02-05,09:31:00,603599.SH,广信股份,买入,11.784,22300,262772.50,78.83,0.00
2025-02-05,09:31:00,603013.SH,亚普股份,买入,15.331,10600,162504.36,48.75,0.00
2025-02-05,09:31:00,603758.SH,秦安股份,买入,9.719,100100,972911.94,291.87,0.00
2025-02-05,09:31:00,605599.SH,菜百股份,卖出,11.148,-24000,-267543.84,80.26,267.54
2025-02-05,09:31:00,605286.SH,同力天启,买入,31.713,3000,95139.90,28.54,0.00
2025-02-05,09:31:00,603877.SH,太平鸟,买入,14.709,13000,191221.68,57.37,0.00
2025-02-05,09:31:00,603916.SH,苏博特,卖出,7.455,-5500,-41002.83,12.30,41.00
2025-02-05,09:31:00,603677.SH,奇精机械,卖出,13.962,-8300,-115884.77,34.77,115.88
2025-02-05,09:31:00,603823.SH,百合花,买入,9.419,22600,212864.88,63.86,0.00
2025-02-05,09:31:00,605319.SH,无锡振华,买入,24.299,32800,796990.80,239.10,0.00
2025-02-05,09:31:00,605118.SH,力鼎光电,卖出,18.333,-32000,-586664.32,176.00,586.66
2025-02-05,09:31:00,603277.SH,银都股份,买入,25.701,6000,154207.80,46.26,0.00
2025-02-05,09:31:00,603989.SH,艾华集团,卖出,15.459,-35600,-550341.11,165.10,550.34
2025-02-05,09:31:00,603886.SH,元祖股份,卖出,13.732,-10700,-146937.54,44.08,146.94
2025-02-05,09:31:00,603167.SH,渤海轮渡,买入,8.387,33800,283471.81,85.04,0.00
2025-02-05,09:31:00,603163.SH,圣晖集成,卖出,26.706,-2300,-61424.90,18.43,61.42
2025-02-05,09:31:00,603558.SH,健盛集团,买入,11.142,33900,377721.94,113.32,0.00
2025-02-05,09:31:00,605365.SH,立达信,卖出,15.200,-9700,-147435.54,44.23,147.44
2025-02-05,09:31:00,603637.SH,镇海股份,买入,8.747,30000,262423.80,78.73,0.00
2025-02-05,09:31:00,605086.SH,龙高股份,卖出,29.691,-10000,-296905.00,89.07,296.91
2025-02-05,09:31:00,603817.SH,海峡环保,卖出,5.699,-25500,-145313.79,43.59,145.31
2025-02-05,09:31:00,603170.SH,宝立食品,卖出,14.850,-17400,-258394.18,77.52,258.39
2025-02-05,09:31:00,603012.SH,创力集团,买入,5.481,62100,340366.37,102.11,0.00
2025-02-05,09:31:00,603408.SH,建霖家居,买入,13.627,26100,355669.92,106.70,0.00
2025-02-05,09:31:00,601002.SH,晋亿实业,卖出,4.511,-63300,-285543.77,85.66,285.54
2025-02-05,09:31:00,605389.SH,长龄液压,卖出,25.190,-9400,-236781.49,71.03,236.78
2025-02-05,09:31:00,605166.SH,聚合顺,卖出,11.896,-4900,-58291.18,17.49,58.29
2025-02-05,09:31:00,603676.SH,卫信康,卖出,9.870,-10900,-107585.40,32.28,107.59
2025-02-05,09:31:00,603848.SH,好太太,卖出,13.603,-4600,-62572.60,18.77,62.57
2025-02-05,09:31:00,605089.SH,味知香,卖出,23.683,-3100,-73415.87,22.02,73.42
2025-02-05,09:31:00,600731.SH,湖南海利,卖出,5.888,-6100,-35918.02,10.78,35.92
2025-02-05,09:31:00,603339.SH,四方科技,卖出,12.485,-1200,-14981.98,5.00,14.98
2025-01-02,09:31:00,605001.SH,威奥股份,卖出,6.457,-19600,-126558.38,37.97,126.56
2025-01-02,09:31:00,603848.SH,好太太,卖出,16.347,-11000,-179819.64,53.95,179.82
2025-01-02,09:31:00,605050.SH,福然德,买入,9.759,12300,120041.60,36.01,0.00
2025-01-02,09:31:00,603689.SH,皖天然气,卖出,8.942,-27600,-246801.41,74.04,246.80
2025-01-02,09:31:00,605089.SH,味知香,卖出,24.950,-9300,-232035.00,69.61,232.03
2025-01-02,09:31:00,603987.SH,康德莱,卖出,7.146,-25700,-183643.98,55.09,183.64
2025-01-02,09:31:00,603811.SH,诚意药业,卖出,7.725,-22600,-174574.15,52.37,174.57
2025-01-02,09:31:00,605300.SH,佳禾食品,卖出,13.842,-36800,-509395.17,152.82,509.40
2025-01-02,09:31:00,605319.SH,无锡振华,买入,20.902,11400,238279.61,71.48,0.00
2025-01-02,09:31:00,605286.SH,同力天启,买入,30.240,7800,235874.81,70.76,0.00
2025-01-02,09:31:00,603170.SH,宝立食品,卖出,15.190,-18700,-284044.77,85.21,284.04
2025-01-02,09:31:00,600731.SH,湖南海利,卖出,5.699,-42400,-241619.79,72.49,241.62
2025-01-02,09:31:00,603637.SH,镇海股份,买入,8.307,32500,269963.85,80.99,0.00
2025-01-02,09:31:00,603886.SH,元祖股份,买入,14.429,36900,532422.72,159.73,0.00
2025-01-02,09:31:00,605388.SH,均瑶健康,卖出,6.277,-59500,-373506.49,112.05,373.51
2025-01-02,09:31:00,603966.SH,法兰泰克,买入,7.755,39900,309443.65,92.83,0.00
2025-01-02,09:31:00,603676.SH,卫信康,卖出,9.940,-13800,-137173.10,41.15,137.17
2025-01-02,09:31:00,605086.SH,龙高股份,卖出,31.018,-8300,-257448.07,77.23,257.45
2025-01-02,09:31:00,603630.SH,拉芳家化,卖出,13.603,-24600,-334627.40,100.39,334.63
2025-01-02,09:31:00,603030.SH,全筑股份,卖出,2.505,-70500,-176601.09,52.98,176.60
2025-01-02,09:31:00,605378.SH,野马电池,卖出,19.840,-37600,-745993.02,223.80,745.99
2025-01-02,09:31:00,601616.SH,广电电气,卖出,4.222,-114400,-482944.18,144.88,482.94
2025-01-02,09:31:00,603012.SH,创力集团,卖出,5.299,-46900,-248540.92,74.56,248.54
2025-01-02,09:31:00,603759.SH,海天股份,卖出,8.832,-2700,-23847.21,7.15,23.85
2025-01-02,09:31:00,600929.SH,雪天盐业,卖出,5.569,-4300,-23946.01,7.18,23.95
2025-01-02,09:31:00,603587.SH,地素时尚,卖出,12.475,-23400,-291915.00,87.57,291.92
2025-01-02,09:31:00,603817.SH,海峡环保,卖出,5.529,-28200,-155915.54,46.77,155.92
2025-01-02,09:31:00,603677.SH,奇精机械,买入,13.667,12600,172207.73,51.66,0.00
2025-01-02,09:31:00,605580.SH,恒盛能源,买入,11.473,90300,1036002.87,310.80,0.00
2025-01-02,09:31:00,605166.SH,聚合顺,买入,11.904,55400,659468.30,197.84,0.00
2025-01-02,09:31:00,603339.SH,四方科技,卖出,12.615,-50300,-634520.42,190.36,634.52
2025-01-02,09:31:00,603989.SH,艾华集团,买入,15.030,35600,535068.00,160.52,0.00
2025-01-02,09:31:00,603429.SH,*ST集友,卖出,6.247,-37100,-231781.51,69.53,231.78
2025-01-02,09:31:00,603330.SH,天洋新材,卖出,6.287,-65300,-410567.22,123.17,410.57
2025-01-02,09:31:00,603558.SH,健盛集团,买入,10.741,40100,430731.74,129.22,0.00
2025-01-02,09:31:00,605389.SH,长龄液压,买入,26.683,10500,280174.23,84.05,0.00
2025-01-02,09:31:00,603916.SH,苏博特,卖出,7.455,-27200,-202777.63,60.83,202.78
2025-01-02,09:31:00,605318.SH,法狮龙,买入,20.641,4100,84628.92,25.39,0.00
2025-01-02,09:31:00,601200.SH,上海环境,卖出,8.194,-34100,-279401.08,83.82,279.40
2025-01-02,09:31:00,603877.SH,太平鸟,买入,14.820,41000,607602.78,182.28,0.00
2025-01-02,09:31:00,603163.SH,圣晖集成,买入,26.663,5100,135982.42,40.79,0.00
2025-01-02,09:31:00,605365.SH,立达信,买入,15.771,15200,239726.50,71.92,0.00
2025-01-02,09:31:00,605377.SH,华旺科技,买入,13.377,27000,361170.90,108.35,0.00
2025-01-02,09:31:00,605118.SH,力鼎光电,买入,17.625,47100,830145.98,249.04,0.00
2025-01-02,09:31:00,601956.SH,东贝集团,卖出,4.850,-56500,-274040.82,82.21,274.04
2025-01-02,09:31:00,603697.SH,有友食品,卖出,10.160,-1200,-12191.57,5.00,12.19
2025-01-02,09:31:00,603299.SH,苏盐井神,卖出,11.138,-24600,-273986.93,82.20,273.99
2025-01-02,09:31:00,600865.SH,百大集团,卖出,11.577,-76300,-883309.84,264.99,883.31
2025-01-02,09:31:00,601002.SH,晋亿实业,卖出,4.341,-55000,-238771.50,71.63,238.77
2025-01-02,09:31:00,603600.SH,永艺股份,卖出,11.806,-5800,-68476.77,20.54,68.48
2025-01-02,09:31:00,605599.SH,菜百股份,买入,11.543,77800,898048.51,269.41,0.00
2024-12-02,09:31:00,603299.SH,苏盐井神,卖出,10.938,-48700,-532684.50,159.81,532.68
2024-12-02,09:31:00,603848.SH,好太太,买入,16.794,44800,752349.70,225.70,0.00
2024-12-02,09:31:00,603987.SH,康德莱,买入,7.776,31900,248039.09,74.41,0.00
2024-12-02,09:31:00,605389.SH,长龄液压,买入,25.651,17900,459156.48,137.75,0.00
2024-12-02,09:31:00,603227.SH,雪峰科技,卖出,8.882,-80800,-717681.76,215.30,717.68
2024-12-02,09:31:00,603012.SH,创力集团,买入,5.461,156400,854084.76,256.23,0.00
2024-12-02,09:31:00,603916.SH,苏博特,买入,8.417,32700,275229.36,82.57,0.00
2024-12-02,09:31:00,605300.SH,佳禾食品,买入,17.610,52000,915720.00,274.72,0.00
2024-12-02,09:31:00,605166.SH,聚合顺,买入,11.643,22900,266630.20,79.99,0.00
2024-12-02,09:31:00,603199.SH,九华旅游,卖出,33.503,-5300,-177565.16,53.27,177.57
2024-12-02,09:31:00,601200.SH,上海环境,卖出,8.403,-42800,-359655.25,107.90,359.66
2024-12-02,09:31:00,605388.SH,均瑶健康,买入,7.164,132200,947120.46,284.14,0.00
2024-12-02,09:31:00,603759.SH,海天股份,卖出,7.136,-29400,-209789.58,62.94,209.79
2024-12-02,09:31:00,603429.SH,*ST集友,卖出,7.126,-51000,-363411.72,109.02,363.41
2024-12-02,09:31:00,603330.SH,天洋新材,卖出,7.186,-62100,-446225.76,133.87,446.23
2024-12-02,09:31:00,605318.SH,法狮龙,卖出,19.750,-18000,-355507.56,106.65,355.51
2024-12-02,09:31:00,605286.SH,同力天启,买入,34.429,23600,812517.79,243.76,0.00
2024-12-02,09:31:00,603170.SH,宝立食品,买入,16.383,41700,683158.59,204.95,0.00
2024-12-02,09:31:00,605086.SH,龙高股份,卖出,27.445,-11400,-312873.00,93.86,312.87
2024-12-02,09:31:00,603676.SH,卫信康,买入,10.621,23300,247473.96,74.24,0.00
2024-12-02,09:31:00,603966.SH,法兰泰克,买入,8.166,57500,469562.25,140.87,0.00
2024-12-02,09:31:00,603811.SH,诚意药业,买入,8.166,25300,206607.39,61.98,0.00
2024-12-02,09:31:00,603587.SH,地素时尚,买入,12.415,23400,290505.85,87.15,0.00
2024-12-02,09:31:00,605001.SH,威奥股份,卖出,6.198,-38100,-236127.80,70.84,236.13
2024-12-02,09:31:00,603689.SH,皖天然气,买入,9.168,27600,253045.08,75.91,0.00
2024-12-02,09:31:00,603630.SH,拉芳家化,买入,13.918,63600,885170.81,265.55,0.00
2024-12-02,09:31:00,603101.SH,汇嘉时代,卖出,7.814,-40800,-318825.07,95.65,318.83
2024-12-02,09:31:00,603866.SH,桃李面包,卖出,6.447,-15900,-102508.57,30.75,102.51
2024-12-02,09:31:00,603817.SH,海峡环保,买入,5.972,39900,238279.61,71.48,0.00
2024-12-02,09:31:00,603600.SH,永艺股份,卖出,11.756,-32800,-385611.23,115.68,385.61
2024-12-02,09:31:00,601963.SH,重庆银行,卖出,8.832,-30800,-272034.84,81.61,272.03
2024-12-02,09:31:00,601616.SH,广电电气,卖出,3.802,-175600,-667697.93,200.31,667.70
2024-12-02,09:31:00,600929.SH,雪天盐业,卖出,5.868,-83100,-487650.74,146.30,487.65
2024-12-02,09:31:00,601010.SH,ST文峰,卖出,2.355,-161000,-379200.08,113.76,379.20
2024-12-02,09:31:00,603697.SH,有友食品,卖出,11.327,-97700,-1106677.21,332.00,1106.68
2024-12-02,09:31:00,601956.SH,东贝集团,买入,5.361,56500,302879.55,90.86,0.00
2024-12-02,09:31:00,601528.SH,瑞丰银行,卖出,5.619,-92800,-521419.07,156.43,521.42
2024-12-02,09:31:00,601002.SH,晋亿实业,卖出,4.441,-99600,-442333.56,132.70,442.33
2024-12-02,09:31:00,603339.SH,四方科技,卖出,12.764,-19400,-247629.75,74.29,247.63
2024-12-02,09:31:00,600742.SH,富维股份,卖出,9.481,-59400,-563171.40,168.95,563.17
2024-12-02,09:31:00,600865.SH,百大集团,卖出,10.030,-56800,-569698.32,170.91,569.70
2024-12-02,09:31:00,605089.SH,味知香,买入,24.960,28400,708858.89,212.66,0.00
2024-12-02,09:31:00,603066.SH,音飞储存,卖出,12.545,-33200,-416489.35,124.95,416.49
2024-12-02,09:31:00,603030.SH,全筑股份,卖出,2.794,-181500,-507183.60,152.16,507.18
2024-12-02,09:31:00,601326.SH,秦港股份,卖出,3.463,-71200,-246569.87,73.97,246.57
2024-12-02,09:31:00,600731.SH,湖南海利,卖出,6.228,-43900,-273388.13,82.02,273.39
2024-12-02,09:31:00,605378.SH,野马电池,买入,17.405,15600,271513.94,81.45,0.00
2024-11-01,09:31:00,601002.SH,晋亿实业,买入,4.709,217900,1026178.26,307.85,0.00
2024-11-01,09:31:00,603630.SH,拉芳家化,买入,12.525,17500,219187.50,65.76,0.00
2024-11-01,09:31:00,605001.SH,威奥股份,买入,6.583,57700,379847.18,113.95,0.00
2024-11-01,09:31:00,603214.SH,爱婴室,卖出,19.162,-59300,-1136282.88,340.88,1136.28
2024-11-01,09:31:00,603066.SH,音飞储存,卖出,11.078,-60000,-664668.00,199.40,664.67
2024-11-01,09:31:00,603016.SH,新宏泰,卖出,32.525,-19900,-647243.92,194.17,647.24
2024-11-01,09:31:00,605086.SH,龙高股份,卖出,31.257,-14000,-437603.04,131.28,437.60
2024-11-01,09:31:00,605378.SH,野马电池,买入,17.214,22000,378715.92,113.61,0.00
2024-11-01,09:31:00,603339.SH,四方科技,买入,13.908,70900,986060.18,295.82,0.00
2024-11-01,09:31:00,603030.SH,全筑股份,买入,2.305,252000,580759.20,174.23,0.00
2024-11-01,09:31:00,603699.SH,纽威股份,卖出,21.996,-40300,-886435.58,265.93,886.44
2024-11-01,09:31:00,601326.SH,秦港股份,卖出,3.383,-153300,-518647.63,155.59,518.65
2024-11-01,09:31:00,600731.SH,湖南海利,买入,6.263,92400,578655.00,173.60,0.00
2024-11-01,09:31:00,603429.SH,*ST集友,买入,8.066,88100,710623.41,213.19,0.00
2024-11-01,09:31:00,601616.SH,广电电气,买入,3.908,290000,1133262.00,339.98,0.00
2024-11-01,09:31:00,603600.SH,永艺股份,买入,12.485,38600,481917.91,144.58,0.00
2024-11-01,09:31:00,603697.SH,有友食品,买入,8.707,98900,861159.88,258.35,0.00
2024-11-01,09:31:00,603759.SH,海天股份,买入,6.683,32100,214535.21,64.36,0.00
2024-11-01,09:31:00,603101.SH,汇嘉时代,买入,5.912,40800,241201.44,72.36,0.00
2024-11-01,09:31:00,603817.SH,海峡环保,买入,5.641,39800,224522.15,67.36,0.00
2024-11-01,09:31:00,603551.SH,奥普科技,卖出,10.319,-4800,-49532.74,14.86,49.53
2024-11-01,09:31:00,605318.SH,法狮龙,买入,22.715,23200,526995.89,158.10,0.00
2024-11-01,09:31:00,603676.SH,卫信康,买入,10.050,52300,525618.14,157.69,0.00
2024-11-01,09:31:00,603227.SH,雪峰科技,卖出,8.782,-79300,-696444.32,208.93,696.44
2024-11-01,09:31:00,601528.SH,瑞丰银行,卖出,5.160,-118200,-609871.81,182.96,609.87
2024-11-01,09:31:00,600865.SH,百大集团,买入,11.543,133100,1536378.62,460.91,0.00
2024-11-01,09:31:00,603866.SH,桃李面包,卖出,5.968,-75600,-451183.82,135.36,451.18
2024-11-01,09:31:00,601963.SH,重庆银行,卖出,8.463,-144700,-1224601.89,367.38,1224.60
2024-11-01,09:31:00,601200.SH,上海环境,卖出,8.383,-50600,-424189.92,127.26,424.19
2024-11-01,09:31:00,603199.SH,九华旅游,卖出,34.341,-16000,-549458.88,164.84,549.46
2024-11-01,09:31:00,601010.SH,ST文峰,买入,2.214,161000,356521.62,106.96,0.00
2024-11-01,09:31:00,603299.SH,苏盐井神,卖出,11.287,-59100,-667084.16,200.13,667.08
2024-11-01,09:31:00,603330.SH,天洋新材,买入,6.473,127400,824650.01,247.40,0.00
2024-11-01,09:31:00,600929.SH,雪天盐业,卖出,5.589,-78900,-440956.32,132.29,440.96
2024-11-01,09:31:00,600742.SH,富维股份,卖出,9.022,-78600,-709122.91,212.74,709.12
2024-10-08,09:31:00,603016.SH,新宏泰,买入,23.377,19900,465195.53,139.56,0.00
2024-10-08,09:31:00,603066.SH,音飞储存,买入,11.730,93200,1093236.00,327.97,0.00
2024-10-08,09:31:00,603299.SH,苏盐井神,买入,12.836,132400,1699436.09,509.83,0.00
2024-10-08,09:31:00,603699.SH,纽威股份,买入,23.637,40300,952578.35,285.77,0.00
2024-10-08,09:31:00,603679.SH,华体科技,卖出,13.792,-49200,-678584.11,203.58,678.58
2024-10-08,09:31:00,603801.SH,志邦家居,卖出,14.102,-66100,-932125.01,279.64,932.13
2024-10-08,09:31:00,601326.SH,秦港股份,买入,3.988,224500,895297.02,268.59,0.00
2024-10-08,09:31:00,605098.SH,行动教育,卖出,45.160,-20300,-916737.85,275.02,916.74
2024-10-08,09:31:00,603833.SH,欧派家居,卖出,67.984,-19800,-1346078.45,403.82,1346.08
2024-10-08,09:31:00,603688.SH,石英股份,卖出,32.934,-42200,-1389814.80,416.94,1389.81
2024-10-08,09:31:00,600742.SH,富维股份,买入,9.870,138000,1362018.60,408.61,0.00
2024-10-08,09:31:00,603214.SH,爱婴室,买入,16.563,59300,982189.46,294.66,0.00
2024-10-08,09:31:00,603866.SH,桃李面包,买入,7.264,91500,664701.75,199.41,0.00
2024-10-08,09:31:00,603199.SH,九华旅游,买入,42.124,21300,897242.90,269.17,0.00
2024-10-08,09:31:00,603227.SH,雪峰科技,买入,9.210,160100,1474521.00,442.36,0.00
2024-10-08,09:31:00,003011.SZ,海象新材,卖出,15.519,-3000,-46556.70,13.97,46.56
2024-10-08,09:31:00,605086.SH,龙高股份,买入,23.246,43700,1015867.68,304.76,0.00
2024-10-08,09:31:00,603882.SH,金域医学,卖出,40.549,-30900,-1252956.07,375.89,1252.96
2024-10-08,09:31:00,600929.SH,雪天盐业,买入,6.733,166300,1119771.07,335.93,0.00
2024-10-08,09:31:00,605258.SH,协和电子,卖出,32.126,-14400,-462608.93,138.78,462.61
2024-10-08,09:31:00,601200.SH,上海环境,买入,9.248,127500,1179178.65,353.75,0.00
2024-10-08,09:31:00,601865.SH,福莱特,卖出,22.196,-54600,-1211875.39,363.56,1211.88
2024-10-08,09:31:00,600702.SH,舍得酒业,卖出,65.728,-13900,-913623.09,274.09,913.62
2024-10-08,09:31:00,603816.SH,顾家家居,卖出,33.792,-51800,-1750440.10,525.13,1750.44
2024-10-08,09:31:00,601528.SH,瑞丰银行,买入,5.962,211000,1257960.90,377.39,0.00
2024-10-08,09:31:00,600481.SH,双良节能,卖出,5.080,-275400,-1398982.43,419.69,1398.98
2024-10-08,09:31:00,600133.SH,东湖高新,卖出,10.998,-100200,-1101995.59,330.60,1102.00
2024-10-08,09:31:00,601963.SH,重庆银行,买入,8.910,175500,1563705.00,469.11,0.00
2024-10-08,09:31:00,603551.SH,奥普科技,卖出,11.557,-40300,-465740.65,139.72,465.74
2024-10-08,09:31:00,603517.SH,ST绝味,卖出,18.673,-42200,-787982.88,236.39,787.98
2024-10-08,09:31:00,600449.SH,宁夏建材,卖出,14.172,-26500,-375547.40,112.66,375.55
2024-10-08,09:31:00,002459.SZ,晶澳科技,卖出,14.880,-86900,-1293087.64,387.93,1293.09
2024-10-08,09:31:00,603626.SH,科森科技,卖出,9.940,-55300,-549686.42,164.91,549.69
2024-10-08,09:31:00,600729.SH,重百集团,卖出,26.976,-22000,-593470.68,178.04,593.47
2024-10-08,09:31:00,002154.SZ,报喜鸟,卖出,4.810,-193900,-932728.80,279.82,932.73
2024-10-08,09:31:00,600060.SH,海信视像,卖出,24.571,-36200,-889461.51,266.84,889.46
2024-10-08,09:31:00,002803.SZ,吉宏股份,卖出,14.870,-33100,-492203.62,147.66,492.20
2024-10-08,09:31:00,600499.SH,科达制造,卖出,9.531,-9500,-90543.55,27.16,90.54
2024-10-08,09:31:00,601699.SH,潞安环能,卖出,19.261,-72300,-1392599.22,417.78,1392.60
2024-10-08,09:31:00,002749.SZ,国光股份,卖出,15.309,-200,-3061.86,5.00,3.06
2024-10-08,09:31:00,603658.SH,安图生物,卖出,52.864,-6400,-338329.98,101.50,338.33
2024-10-08,09:31:00,600557.SH,康缘药业,卖出,16.956,-49800,-844409.80,253.32,844.41
2024-10-08,09:31:00,600162.SH,香江控股,卖出,1.896,-79900,-151506.38,45.45,151.51
2024-09-02,09:31:00,603517.SH,ST绝味,买入,12.886,42200,543777.38,163.13,0.00
2024-09-02,09:31:00,605368.SH,蓝天燃气,卖出,13.413,-10800,-144861.70,43.46,144.86
2024-09-02,09:31:00,605168.SH,三人行,卖出,25.549,-25800,-659159.04,197.75,659.16
2024-09-02,09:31:00,603551.SH,奥普科技,卖出,9.241,-4900,-45283.25,13.58,45.28
2024-09-02,09:31:00,603365.SH,水星家纺,卖出,11.347,-12700,-144110.20,43.23,144.11
2024-09-02,09:31:00,603866.SH,桃李面包,卖出,5.459,-23100,-126104.29,37.83,126.10
2024-09-02,09:31:00,603816.SH,顾家家居,买入,24.148,27900,673734.78,202.12,0.00
2024-09-02,09:31:00,603118.SH,共进股份,卖出,6.986,-38100,-266166.60,79.85,266.17
2024-09-02,09:31:00,002154.SZ,报喜鸟,买入,3.477,193900,674178.67,202.25,0.00
2024-09-02,09:31:00,600499.SH,科达制造,卖出,6.996,-58700,-410664.03,123.20,410.66
2024-09-02,09:31:00,605258.SH,协和电子,买入,26.783,14400,385681.82,115.70,0.00
2024-09-02,09:31:00,603801.SH,志邦家居,买入,9.840,39600,389649.74,116.89,0.00
2024-09-02,09:31:00,002459.SZ,晶澳科技,买入,9.850,400,3939.86,5.00,0.00
2024-09-02,09:31:00,605098.SH,行动教育,卖出,32.724,-4900,-160349.66,48.10,160.35
2024-09-02,09:31:00,600548.SH,深高速,卖出,9.142,-7200,-65820.10,19.75,65.82
2024-09-02,09:31:00,600557.SH,康缘药业,买入,13.256,49800,660171.71,198.05,0.00
2024-09-02,09:31:00,603882.SH,金域医学,买入,27.565,4100,113016.58,33.90,0.00
2024-09-02,09:31:00,603466.SH,风语筑,卖出,7.106,-56400,-400764.86,120.23,400.76
2024-09-02,09:31:00,601811.SH,新华文轩,卖出,14.401,-600,-8640.68,5.00,8.64
2024-09-02,09:31:00,601699.SH,潞安环能,买入,14.319,12100,173254.82,51.98,0.00
2024-09-02,09:31:00,603566.SH,普莱柯,卖出,12.275,-2900,-35598.66,10.68,35.60
2024-09-02,09:31:00,600449.SH,宁夏建材,买入,9.539,26500,252784.56,75.84,0.00
2024-09-02,09:31:00,603355.SH,莱克电气,卖出,21.038,-4000,-84151.36,25.25,84.15
2024-09-02,09:31:00,601865.SH,福莱特,买入,17.234,11400,196472.16,58.94,0.00
2024-09-02,09:31:00,601187.SH,厦门银行,卖出,4.840,-85300,-412877.59,123.86,412.88
2024-09-02,09:31:00,600729.SH,重百集团,买入,17.585,22000,386872.20,116.06,0.00
2024-09-02,09:31:00,603897.SH,长城科技,卖出,17.824,-2400,-42778.27,12.83,42.78
2024-09-02,09:31:00,603658.SH,安图生物,卖出,40.529,-15300,-620090.33,186.03,620.09
2024-09-02,09:31:00,601963.SH,重庆银行,卖出,6.786,-23700,-160837.68,48.25,160.84
2024-09-02,09:31:00,600133.SH,东湖高新,买入,7.605,100200,762039.04,228.61,0.00
2024-09-02,09:31:00,603833.SH,欧派家居,买入,43.286,6400,277032.96,83.11,0.00
2024-09-02,09:31:00,603688.SH,石英股份,买入,24.569,9000,221121.36,66.34,0.00
2024-09-02,09:31:00,603558.SH,健盛集团,卖出,8.912,-3500,-31192.49,9.36,31.19
2024-09-02,09:31:00,600060.SH,海信视像,买入,15.601,36200,564761.27,169.43,0.00
2024-09-02,09:31:00,601208.SH,东材科技,卖出,6.677,-51400,-343178.27,102.95,343.18
2024-09-02,09:31:00,603679.SH,华体科技,买入,10.822,49200,532422.72,159.73,0.00
2024-09-02,09:31:00,603626.SH,科森科技,卖出,9.012,-24600,-221693.72,66.51,221.69
2024-09-02,09:31:00,600702.SH,舍得酒业,卖出,44.211,-5000,-221057.00,66.32,221.06
2024-09-02,09:31:00,002469.SZ,三维化学,卖出,4.960,-2700,-13392.16,5.00,13.39
2024-09-02,09:31:00,002749.SZ,国光股份,卖出,13.523,-8700,-117649.23,35.29,117.65
2024-09-02,09:31:00,002803.SZ,吉宏股份,卖出,10.220,-16300,-166578.18,49.97,166.58
2024-09-02,09:31:00,002030.SZ,达安基因,卖出,5.439,-400,-2175.64,5.00,2.18
2024-09-02,09:31:00,000906.SZ,浙商中拓,卖出,5.239,-40700,-213247.65,63.97,213.25
2024-09-02,09:31:00,600612.SH,老凤祥,卖出,51.237,-10700,-548239.32,164.47,548.24
2024-09-02,09:31:00,600589.SH,大位科技,卖出,2.445,-19600,-47923.96,14.38,47.92
2024-09-02,09:31:00,600162.SH,香江控股,卖出,1.317,-96200,-126730.03,38.02,126.73
2024-09-02,09:31:00,003011.SZ,海象新材,卖出,12.245,-5600,-68574.58,20.57,68.57
2024-09-02,09:31:00,600618.SH,氯碱化工,卖出,7.844,-3100,-24317.27,7.30,24.32
2024-09-02,09:31:00,600481.SH,双良节能,买入,3.888,88400,343677.98,103.10,0.00
2024-08-01,09:31:00,603118.SH,共进股份,买入,6.112,38100,232874.82,69.86,0.00
2024-08-01,09:31:00,603706.SH,东方环宇,卖出,15.768,-4300,-67804.12,20.34,67.80
2024-08-01,09:31:00,600612.SH,老凤祥,买入,52.605,10700,562873.50,168.86,0.00
2024-08-01,09:31:00,605168.SH,三人行,买入,24.910,13200,328808.30,98.64,0.00
2024-08-01,09:31:00,603551.SH,奥普科技,卖出,9.890,-5200,-51428.94,15.43,51.43
2024-08-01,09:31:00,601963.SH,重庆银行,卖出,7.236,-39500,-285802.25,85.74,285.80
2024-08-01,09:31:00,603799.SH,华友钴业,卖出,23.313,-44900,-1046766.27,314.03,1046.77
2024-08-01,09:31:00,603355.SH,莱克电气,卖出,21.667,-13400,-290332.17,87.10,290.33
2024-08-01,09:31:00,601018.SH,宁波港,卖出,3.533,-18500,-65359.02,19.61,65.36
2024-08-01,09:31:00,600548.SH,深高速,卖出,10.389,-35200,-365699.14,109.71,365.70
2024-08-01,09:31:00,605368.SH,蓝天燃气,卖出,12.964,-16700,-216499.13,64.95,216.50
2024-08-01,09:31:00,603883.SH,老百姓,卖出,13.862,-39900,-553102.58,165.93,553.10
2024-08-01,09:31:00,600499.SH,科达制造,买入,7.194,68200,490655.35,147.20,0.00
2024-08-01,09:31:00,603897.SH,长城科技,卖出,17.445,-17400,-303543.70,91.06,303.54
2024-08-01,09:31:00,002749.SZ,国光股份,卖出,15.070,-11400,-171795.72,51.54,171.80
2024-08-01,09:31:00,603983.SH,丸美生物,卖出,23.583,-2700,-63673.40,19.10,63.67
2024-08-01,09:31:00,603365.SH,水星家纺,卖出,13.483,-10300,-138874.69,41.66,138.87
2024-08-01,09:31:00,601187.SH,厦门银行,卖出,5.249,-45900,-240951.13,72.29,240.95
2024-08-01,09:31:00,603816.SH,顾家家居,买入,25.260,23900,603724.04,181.12,0.00
2024-08-01,09:31:00,603688.SH,石英股份,买入,28.567,5000,142835.10,42.85,0.00
2024-08-01,09:31:00,601865.SH,福莱特,买入,18.717,43200,808589.95,242.58,0.00
2024-08-01,09:31:00,603626.SH,科森科技,买入,5.060,79900,404301.99,121.29,0.00
2024-08-01,09:31:00,603866.SH,桃李面包,卖出,5.539,-25800,-142903.62,42.87,142.90
2024-08-01,09:31:00,603466.SH,风语筑,买入,7.595,29200,221778.67,66.53,0.00
2024-08-01,09:31:00,601811.SH,新华文轩,卖出,13.792,-21300,-293777.27,88.13,293.78
2024-08-01,09:31:00,601208.SH,东材科技,买入,6.663,51400,342493.62,102.75,0.00
2024-08-01,09:31:00,603658.SH,安图生物,买入,42.184,21700,915397.14,274.62,0.00
2024-08-01,09:31:00,603833.SH,欧派家居,买入,45.661,13400,611859.28,183.56,0.00
2024-08-01,09:31:00,603558.SH,健盛集团,卖出,8.533,-34200,-291825.18,87.55,291.83
2024-08-01,09:31:00,603408.SH,建霖家居,卖出,11.617,-2600,-30203.47,9.06,30.20
2024-08-01,09:31:00,600481.SH,双良节能,买入,4.449,113700,505837.66,151.75,0.00
2024-08-01,09:31:00,600702.SH,舍得酒业,买入,54.910,3200,175710.72,52.71,0.00
2024-08-01,09:31:00,002812.SZ,恩捷股份,卖出,30.698,-28600,-877976.53,263.39,877.98
2024-08-01,09:31:00,002803.SZ,吉宏股份,买入,10.621,28500,302704.20,90.81,0.00
2024-08-01,09:31:00,601699.SH,潞安环能,买入,15.721,60200,946427.08,283.93,0.00
2024-08-01,09:31:00,603165.SH,荣晟环保,卖出,10.579,-2100,-22215.48,6.66,22.22
2024-08-01,09:31:00,600162.SH,香江控股,卖出,1.357,-61400,-83336.99,25.00,83.34
2024-08-01,09:31:00,603801.SH,志邦家居,买入,11.413,26500,302438.67,90.73,0.00
2024-08-01,09:31:00,605218.SH,伟时电子,卖出,17.764,-13200,-234490.08,70.35,234.49
2024-08-01,09:31:00,605123.SH,派克新材,卖出,52.335,-4300,-225041.02,67.51,225.04
2024-08-01,09:31:00,600618.SH,氯碱化工,卖出,8.882,-23600,-209619.92,62.89,209.62
2024-08-01,09:31:00,600589.SH,大位科技,卖出,2.784,-51100,-142283.86,42.69,142.28
2024-08-01,09:31:00,002459.SZ,晶澳科技,买入,10.802,25500,275439.78,82.63,0.00
2024-08-01,09:31:00,603882.SH,金域医学,卖出,29.341,-1600,-46945.92,14.08,46.95
2024-08-01,09:31:00,603566.SH,普莱柯,卖出,12.794,-13200,-168885.55,50.67,168.89
2024-08-01,09:31:00,600449.SH,宁夏建材,卖出,11.287,-18000,-203172.84,60.95,203.17
2024-08-01,09:31:00,605009.SH,豪悦护理,卖出,37.515,-100,-3751.48,5.00,3.75
2024-08-01,09:31:00,002469.SZ,三维化学,卖出,5.349,-19600,-104845.89,31.45,104.85
2024-08-01,09:31:00,600020.SH,中原高速,卖出,3.693,-30900,-114101.34,34.23,114.10
2024-08-01,09:31:00,000906.SZ,浙商中拓,卖出,6.357,-27900,-177367.55,53.21,177.37
2024-08-01,09:31:00,002030.SZ,达安基因,卖出,5.060,-49200,-248945.11,74.68,248.95
2024-08-01,09:31:00,003011.SZ,海象新材,卖出,12.385,-4900,-60687.38,18.21,60.69
2024-08-01,09:31:00,605098.SH,行动教育,买入,32.575,14800,482110.30,144.63,0.00
2024-08-01,09:31:00,002466.SZ,天齐锂业,卖出,29.192,-37200,-1085923.80,325.78,1085.92
2024-08-01,09:31:00,603517.SH,ST绝味,卖出,15.359,-37600,-577506.67,173.25,577.51
2024-07-01,09:31:00,605218.SH,伟时电子,买入,16.242,13200,214399.94,64.32,0.00
2024-07-01,09:31:00,002812.SZ,恩捷股份,买入,31.413,28600,898403.22,269.52,0.00
2024-07-01,09:31:00,603883.SH,老百姓,买入,18.397,39900,734029.13,220.21,0.00
2024-07-01,09:31:00,603566.SH,普莱柯,买入,13.627,16100,219397.92,65.82,0.00
2024-07-01,09:31:00,605077.SH,华康股份,卖出,15.309,-6200,-94917.78,28.48,94.92
2024-07-01,09:31:00,600548.SH,深高速,卖出,10.748,-19600,-210669.82,63.20,210.67
2024-07-01,09:31:00,603558.SH,健盛集团,卖出,9.930,-18500,-183706.85,55.11,183.71
2024-07-01,09:31:00,603132.SH,金徽股份,卖出,13.583,-18900,-256714.54,77.01,256.71
2024-07-01,09:31:00,601963.SH,重庆银行,卖出,7.705,-47700,-367507.51,110.25,367.51
2024-07-01,09:31:00,605009.SH,豪悦护理,卖出,39.591,-3100,-122731.05,36.82,122.73
2024-07-01,09:31:00,603897.SH,长城科技,卖出,17.615,-16000,-281835.20,84.55,281.84
2024-07-01,09:31:00,603799.SH,华友钴业,买入,21.994,44900,987526.11,296.26,0.00
2024-07-01,09:31:00,002030.SZ,达安基因,买入,5.010,49600,248496.00,74.55,0.00
2024-07-01,09:31:00,002466.SZ,天齐锂业,买入,29.459,37200,1095867.36,328.76,0.00
2024-07-01,09:31:00,605123.SH,派克新材,买入,56.162,4300,241497.03,72.45,0.00
2024-07-01,09:31:00,603466.SH,风语筑,买入,8.487,27200,230844.77,69.25,0.00
2024-07-01,09:31:00,605168.SH,三人行,买入,26.333,12600,331790.26,99.54,0.00
2024-07-01,09:31:00,603866.SH,桃李面包,买入,5.080,48900,248418.85,74.53,0.00
2024-07-01,09:31:00,600589.SH,大位科技,买入,3.246,70700,229526.14,68.86,0.00
2024-07-01,09:31:00,002459.SZ,晶澳科技,买入,11.152,61000,680287.86,204.09,0.00
2024-07-01,09:31:00,603355.SH,莱克电气,卖出,21.497,-9400,-202071.05,60.62,202.07
2024-07-01,09:31:00,600449.SH,宁夏建材,买入,11.723,18000,211021.20,63.31,0.00
2024-07-01,09:31:00,603517.SH,ST绝味,买入,15.411,37600,579444.58,173.83,0.00
2024-07-01,09:31:00,603983.SH,丸美生物,卖出,27.355,-8200,-224312.48,67.29,224.31
2024-07-01,09:31:00,603519.SH,立霸股份,卖出,11.168,-15200,-169747.82,50.92,169.75
2024-07-01,09:31:00,603365.SH,水星家纺,卖出,15.519,-9400,-145877.66,43.76,145.88
2024-07-01,09:31:00,600702.SH,舍得酒业,买入,56.613,15700,888824.10,266.65,0.00
2024-07-01,09:31:00,601187.SH,厦门银行,卖出,5.319,-70600,-375545.40,112.66,375.55
2024-07-01,09:31:00,605368.SH,蓝天燃气,卖出,13.643,-31000,-422922.46,126.88,422.92
2024-07-01,09:31:00,603688.SH,石英股份,买入,29.589,28200,834411.49,250.32,0.00
2024-07-01,09:31:00,603882.SH,金域医学,买入,27.124,28400,770325.58,231.10,0.00
2024-07-01,09:31:00,601018.SH,宁波港,卖出,3.393,-105400,-357643.28,107.29,357.64
2024-07-01,09:31:00,002469.SZ,三维化学,卖出,5.679,-36800,-208973.22,62.69,208.97
2024-07-01,09:31:00,600618.SH,氯碱化工,卖出,8.772,-21900,-192116.00,57.63,192.12
2024-07-01,09:31:00,600162.SH,香江控股,卖出,1.327,-87300,-115876.78,34.76,115.88
2024-07-01,09:31:00,603258.SH,电魂网络,卖出,16.148,-2300,-37139.57,11.14,37.14
2024-07-01,09:31:00,000906.SZ,浙商中拓,卖出,6.766,-19600,-132622.22,39.79,132.62
2024-07-01,09:31:00,003011.SZ,海象新材,卖出,13.403,-5600,-75057.58,22.52,75.06
2024-07-01,09:31:00,002803.SZ,吉宏股份,买入,11.122,20900,232453.98,69.74,0.00
2024-07-01,09:31:00,600481.SH,双良节能,买入,4.679,73300,342995.62,102.90,0.00
2024-07-01,09:31:00,603706.SH,东方环宇,卖出,14.671,-6600,-96825.96,29.05,96.83
2024-07-01,09:31:00,603551.SH,奥普科技,卖出,9.810,-9300,-91236.16,27.37,91.24
2024-07-01,09:31:00,603408.SH,建霖家居,卖出,13.204,-12100,-159762.83,47.93,159.76
2024-07-01,09:31:00,600020.SH,中原高速,卖出,3.533,-47500,-167813.70,50.34,167.81
2024-07-01,09:31:00,002749.SZ,国光股份,卖出,14.920,-17800,-265577.78,79.67,265.58
2024-07-01,09:31:00,601811.SH,新华文轩,卖出,14.022,-23700,-332319.03,99.70,332.32
2024-07-01,09:31:00,605098.SH,行动教育,卖出,42.704,-3500,-149465.47,44.84,149.47
2024-07-01,09:31:00,603165.SH,荣晟环保,卖出,10.599,-11600,-122945.62,36.88,122.95
2024-07-01,09:31:00,002818.SZ,富森美,卖出,12.226,-2800,-34231.40,10.27,34.23
2024-07-01,09:31:00,603353.SH,和顺石油,卖出,12.904,-2700,-34841.18,10.45,34.84
2024-07-01,09:31:00,002884.SZ,凌霄泵业,卖出,19.172,-3000,-57514.74,17.25,57.51
2024-06-03,09:31:00,603612.SH,索通发展,卖出,14.401,-19300,-277942.00,83.38,277.94
2024-06-03,09:31:00,603355.SH,莱克电气,卖出,26.587,-11200,-297771.26,89.33,297.77
2024-06-03,09:31:00,603258.SH,电魂网络,卖出,17.834,-13900,-247896.21,74.37,247.90
2024-06-03,09:31:00,603983.SH,丸美生物,买入,30.150,10900,328636.96,98.59,0.00
2024-06-03,09:31:00,601187.SH,厦门银行,买入,5.872,101600,596566.75,178.97,0.00
2024-06-03,09:31:00,603399.SH,永杉锂业,卖出,7.415,-55500,-411540.27,123.46,411.54
2024-06-03,09:31:00,605009.SH,豪悦护理,卖出,45.968,-3100,-142500.43,42.75,142.50
2024-06-03,09:31:00,603897.SH,长城科技,买入,21.262,3300,70166.05,21.05,0.00
2024-06-03,09:31:00,603353.SH,和顺石油,卖出,14.311,-15800,-226118.86,67.84,226.12
2024-06-03,09:31:00,603519.SH,立霸股份,卖出,13.194,-15900,-209777.60,62.93,209.78
2024-06-03,09:31:00,603132.SH,金徽股份,买入,13.868,18900,262099.15,78.63,0.00
2024-06-03,09:31:00,600162.SH,香江控股,买入,1.774,324800,576045.79,172.81,0.00
2024-06-03,09:31:00,603165.SH,荣晟环保,卖出,11.477,-17500,-200847.50,60.25,200.85
2024-06-03,09:31:00,605098.SH,行动教育,买入,48.377,5600,270908.74,81.27,0.00
2024-06-03,09:31:00,605368.SH,蓝天燃气,买入,13.417,19300,258943.85,77.68,0.00
2024-06-03,09:31:00,600020.SH,中原高速,买入,3.637,78400,285161.18,85.55,0.00
2024-06-03,09:31:00,601811.SH,新华文轩,买入,15.160,4400,66705.14,20.01,0.00
2024-06-03,09:31:00,605077.SH,华康股份,买入,16.453,6200,102007.61,30.60,0.00
2024-06-03,09:31:00,601018.SH,宁波港,买入,3.547,123900,439483.21,131.84,0.00
2024-06-03,09:31:00,002469.SZ,三维化学,买入,6.032,59100,356493.56,106.95,0.00
2024-06-03,09:31:00,603706.SH,东方环宇,买入,17.034,10900,185670.60,55.70,0.00
2024-06-03,09:31:00,002884.SZ,凌霄泵业,卖出,20.519,-15600,-320094.53,96.03,320.09
2024-06-03,09:31:00,600618.SH,氯碱化工,卖出,9.491,-22700,-215445.25,64.63,215.45
2024-06-03,09:31:00,601963.SH,重庆银行,买入,7.876,64100,504833.65,151.45,0.00
2024-06-03,09:31:00,603408.SH,建霖家居,卖出,15.160,-12500,-189495.25,56.85,189.50
2024-06-03,09:31:00,003011.SZ,海象新材,卖出,14.541,-9300,-135230.00,40.57,135.23
2024-06-03,09:31:00,603332.SH,苏州龙杰,卖出,8.443,-30500,-257513.94,77.25,257.51
2024-06-03,09:31:00,603551.SH,奥普科技,买入,11.874,25000,296842.50,89.05,0.00
2024-06-03,09:31:00,002818.SZ,富森美,卖出,13.383,-12000,-160598.16,48.18,160.60
2024-06-03,09:31:00,600548.SH,深高速,买入,10.691,24200,258730.43,77.62,0.00
2024-06-03,09:31:00,603558.SH,健盛集团,买入,10.922,20200,220620.36,66.19,0.00
2024-06-03,09:31:00,002497.SZ,雅化集团,卖出,10.459,-27400,-286577.70,85.97,286.58
2024-06-03,09:31:00,603365.SH,水星家纺,卖出,19.172,-8900,-170627.06,51.19,170.63
2024-06-03,09:31:00,000906.SZ,浙商中拓,买入,7.635,36300,277159.21,83.15,0.00
2024-06-03,09:31:00,002749.SZ,国光股份,买入,17.946,21100,378656.80,113.60,0.00
2024-06-03,09:31:00,002878.SZ,元隆雅图,卖出,13.643,-11100,-151433.53,45.43,151.43
2024-06-03,09:31:00,603949.SH,雪龙集团,卖出,13.443,-7000,-94101.42,28.23,94.10
2024-05-06,09:31:00,601811.SH,新华文轩,买入,14.048,41200,578779.25,173.63,0.00
2024-05-06,09:31:00,605098.SH,行动教育,买入,52.705,8300,437453.16,131.24,0.00
2024-05-06,09:31:00,002884.SZ,凌霄泵业,买入,22.495,18600,418405.14,125.52,0.00
2024-05-06,09:31:00,603949.SH,雪龙集团,卖出,15.060,-10300,-155116.15,46.53,155.12
2024-05-06,09:31:00,600548.SH,深高速,买入,10.070,37800,380649.78,114.19,0.00
2024-05-06,09:31:00,605368.SH,蓝天燃气,买入,12.635,39200,495300.62,148.59,0.00
2024-05-06,09:31:00,603258.SH,电魂网络,卖出,18.962,-21700,-411475.40,123.44,411.48
2024-05-06,09:31:00,603185.SH,弘元绿能,卖出,22.215,-30900,-686458.33,205.94,686.46
2024-05-06,09:31:00,600828.SH,茂业商业,卖出,2.924,-18800,-54973.83,16.49,54.97
2024-05-06,09:31:00,002497.SZ,雅化集团,卖出,10.639,-81800,-870244.02,261.07,870.24
2024-05-06,09:31:00,603558.SH,健盛集团,买入,11.212,36000,403645.68,121.09,0.00
2024-05-06,09:31:00,603399.SH,永杉锂业,卖出,7.535,-92200,-694717.78,208.42,694.72
2024-05-06,09:31:00,601187.SH,厦门银行,买入,5.621,100200,563246.24,168.97,0.00
2024-05-06,09:31:00,603897.SH,长城科技,买入,20.892,32500,678980.25,203.69,0.00
2024-05-06,09:31:00,002749.SZ,国光股份,买入,16.212,17000,275610.12,82.68,0.00
2024-05-06,09:31:00,002818.SZ,富森美,买入,14.359,14800,212508.17,63.75,0.00
2024-05-06,09:31:00,605218.SH,伟时电子,卖出,18.862,-1400,-26407.08,7.92,26.41
2024-05-06,09:31:00,603165.SH,荣晟环保,买入,11.984,31200,373898.30,112.17,0.00
2024-05-06,09:31:00,603353.SH,和顺石油,卖出,16.707,-26400,-441052.13,132.32,441.05
2024-05-06,09:31:00,603355.SH,莱克电气,买入,26.974,38000,1025005.92,307.50,0.00
2024-05-06,09:31:00,603203.SH,快克智能,卖出,21.866,-7600,-166182.97,49.85,166.18
2024-05-06,09:31:00,600618.SH,氯碱化工,买入,9.329,71300,665130.61,199.54,0.00
2024-05-06,09:31:00,000906.SZ,浙商中拓,买入,7.776,51900,403549.49,121.06,0.00
2024-05-06,09:31:00,605009.SH,豪悦护理,买入,44.970,6300,283309.49,84.99,0.00
2024-05-06,09:31:00,603408.SH,建霖家居,买入,16.433,27200,446972.16,134.09,0.00
2024-05-06,09:31:00,603383.SH,顶点软件,卖出,38.613,-16800,-648692.02,194.61,648.69
2024-05-06,09:31:00,600665.SH,天地源,卖出,2.575,-22400,-57676.42,17.30,57.68
2024-05-06,09:31:00,600383.SH,金地集团,卖出,4.112,-253500,-1042331.16,312.70,1042.33
2024-05-06,09:31:00,603551.SH,奥普科技,买入,11.503,39500,454366.92,136.31,0.00
2024-05-06,09:31:00,603612.SH,索通发展,卖出,14.172,-67100,-950914.36,285.27,950.91
2024-05-06,09:31:00,603332.SH,苏州龙杰,卖出,8.204,-36200,-296968.87,89.09,296.97
2024-05-06,09:31:00,003011.SZ,海象新材,卖出,15.090,-12900,-194657.90,58.40,194.66
2024-05-06,09:31:00,603519.SH,立霸股份,买入,12.605,31100,392020.48,117.61,0.00
2024-05-06,09:31:00,002821.SZ,凯莱英,卖出,84.720,-8600,-728593.89,218.58,728.59
2024-05-06,09:31:00,002300.SZ,太阳电缆,卖出,6.188,-32800,-202953.28,60.89,202.95
2024-05-06,09:31:00,603365.SH,水星家纺,买入,19.208,41300,793304.44,237.99,0.00
2024-05-06,09:31:00,002952.SZ,亚世光电,卖出,24.800,-18700,-463765.61,139.13,463.77
2024-05-06,09:31:00,600266.SH,城建发展,卖出,4.092,-274200,-1121971.56,336.59,1121.97
2024-05-06,09:31:00,002795.SZ,永和智控,卖出,4.142,-26500,-109755.05,32.93,109.76
2024-05-06,09:31:00,603259.SH,药明康德,卖出,44.351,-11700,-518908.10,155.67,518.91
2024-05-06,09:31:00,601963.SH,重庆银行,买入,7.535,46800,352639.87,105.79,0.00
2024-05-06,09:31:00,603444.SH,吉比特,卖出,198.702,-4100,-814677.38,244.40,814.68
2024-05-06,09:31:00,600326.SH,西藏天路,卖出,4.052,-281900,-1142224.97,342.67,1142.22
2024-05-06,09:31:00,002878.SZ,元隆雅图,卖出,14.431,-44500,-642183.06,192.65,642.18
2024-05-06,09:31:00,000421.SZ,南京公用,卖出,4.731,-160800,-760667.62,228.20,760.67
2024-04-01,09:31:00,603259.SH,药明康德,买入,46.272,11700,541386.61,162.42,0.00
2024-04-01,09:31:00,603444.SH,吉比特,卖出,190.428,-2200,-418942.44,125.68,418.94
2024-04-01,09:31:00,600665.SH,天地源,卖出,2.764,-49600,-137117.22,41.14,137.12
2024-04-01,09:31:00,603326.SH,我乐家居,卖出,7.525,-33100,-249074.85,74.72,249.07
2024-04-01,09:31:00,002821.SZ,凯莱英,买入,85.972,8600,739355.76,221.81,0.00
2024-04-01,09:31:00,603399.SH,永杉锂业,买入,7.615,13300,101282.16,30.38,0.00
2024-04-01,09:31:00,603612.SH,索通发展,买入,11.874,24700,293280.39,87.98,0.00
2024-04-01,09:31:00,002878.SZ,元隆雅图,买入,14.248,23600,336263.18,100.88,0.00
2024-04-01,09:31:00,603788.SH,宁波高发,卖出,13.992,-22700,-317617.49,95.29,317.62
2024-04-01,09:31:00,603949.SH,雪龙集团,卖出,15.180,-10000,-151795.80,45.54,151.80
2024-04-01,09:31:00,600266.SH,城建发展,买入,3.928,241900,950144.50,285.04,0.00
2024-04-01,09:31:00,002300.SZ,太阳电缆,买入,6.383,32800,209353.87,62.81,0.00
2024-04-01,09:31:00,603203.SH,快克智能,买入,20.050,7600,152380.15,45.71,0.00
2024-04-01,09:31:00,603332.SH,苏州龙杰,买入,8.367,31000,259367.70,77.81,0.00
2024-04-01,09:31:00,600383.SH,金地集团,买入,3.768,253500,955066.32,286.52,0.00
2024-04-01,09:31:00,605218.SH,伟时电子,卖出,20.469,-41200,-843321.98,253.00,843.32
2024-04-01,09:31:00,002952.SZ,亚世光电,买入,27.545,18700,515091.13,154.53,0.00
2024-04-01,09:31:00,603185.SH,弘元绿能,买入,24.138,30900,745869.76,223.76,0.00
2024-04-01,09:31:00,603279.SH,景津装备,卖出,20.239,-26200,-530273.33,159.08,530.27
2024-04-01,09:31:00,000421.SZ,南京公用,买入,5.110,76100,388886.22,116.67,0.00
2024-04-01,09:31:00,002201.SZ,九鼎新材,卖出,5.788,-9700,-56147.48,16.84,56.15
2024-04-01,09:31:00,002497.SZ,雅化集团,买入,10.471,109200,1143422.28,343.03,0.00
2024-04-01,09:31:00,603383.SH,顶点软件,买入,36.733,16800,617119.78,185.14,0.00
2024-04-01,09:31:00,002585.SZ,双星新材,卖出,6.467,-36700,-237340.37,71.20,237.34
2024-04-01,09:31:00,002795.SZ,永和智控,卖出,5.269,-122100,-643398.62,193.02,643.40
2024-04-01,09:31:00,002803.SZ,吉宏股份,卖出,17.295,-65300,-1129385.70,338.82,1129.39
2024-04-01,09:31:00,603353.SH,和顺石油,买入,17.274,15700,271209.34,81.36,0.00
2024-04-01,09:31:00,600828.SH,茂业商业,卖出,3.293,-32600,-107364.84,32.21,107.36
2024-04-01,09:31:00,603002.SH,宏昌电子,卖出,5.579,-76600,-427337.61,128.20,427.34
2024-04-01,09:31:00,603258.SH,电魂网络,卖出,19.341,-7900,-152795.80,45.84,152.80
2024-04-01,09:31:00,002632.SZ,道明光学,卖出,8.683,-103800,-901253.88,270.38,901.25
2024-04-01,09:31:00,003011.SZ,海象新材,买入,15.832,13600,215309.76,64.59,0.00
2024-04-01,09:31:00,601900.SH,南方传媒,卖出,15.249,-16000,-243991.04,73.20,243.99
2024-04-01,09:31:00,600326.SH,西藏天路,买入,3.878,13800,53512.81,16.05,0.00
2024-03-01,09:31:00,002878.SZ,元隆雅图,买入,13.777,32000,440880.00,132.26,0.00
2024-03-01,09:31:00,603788.SH,宁波高发,买入,11.864,22700,269305.54,80.79,0.00
2024-03-01,09:31:00,603612.SH,索通发展,买入,11.994,36000,431781.84,129.53,0.00
2024-03-01,09:31:00,603279.SH,景津装备,卖出,20.100,-33600,-675350.59,202.61,675.35
2024-03-01,09:31:00,603929.SH,亚翔集成,卖出,20.359,-28500,-580237.20,174.07,580.24
2024-03-01,09:31:00,603611.SH,诺力股份,卖出,17.874,-4500,-80433.81,24.13,80.43
2024-03-01,09:31:00,600481.SH,双良节能,卖出,8.303,-11400,-94658.30,28.40,94.66
2024-03-01,09:31:00,002632.SZ,道明光学,买入,6.433,103800,667728.79,200.32,0.00
2024-03-01,09:31:00,603332.SH,苏州龙杰,买入,7.505,35700,267927.79,80.38,0.00
2024-03-01,09:31:00,603326.SH,我乐家居,买入,7.034,33100,232826.72,69.85,0.00
2024-03-01,09:31:00,000421.SZ,南京公用,买入,4.850,84700,410767.90,123.23,0.00
2024-03-01,09:31:00,600665.SH,天地源,买入,2.715,72000,195510.24,58.65,0.00
2024-03-01,09:31:00,603444.SH,吉比特,买入,216.432,900,194788.80,58.44,0.00
2024-03-01,09:31:00,601900.SH,南方传媒,卖出,13.483,-75400,-1016616.69,304.99,1016.62
2024-03-01,09:31:00,600828.SH,茂业商业,买入,3.287,51400,168929.18,50.68,0.00
2024-03-01,09:31:00,603383.SH,顶点软件,卖出,42.285,-26800,-1133244.97,339.97,1133.24
2024-03-01,09:31:00,603353.SH,和顺石油,买入,18.527,29200,540987.82,162.30,0.00
2024-03-01,09:31:00,002194.SZ,武汉凡谷,卖出,9.062,-50600,-458529.10,137.56,458.53
2024-03-01,09:31:00,003011.SZ,海象新材,买入,15.671,27700,434094.46,130.23,0.00
2024-03-01,09:31:00,600326.SH,西藏天路,买入,3.697,268100,991267.58,297.38,0.00
2024-03-01,09:31:00,605218.SH,伟时电子,买入,18.567,21400,397335.08,119.20,0.00
2024-03-01,09:31:00,603949.SH,雪龙集团,买入,14.329,14900,213496.14,64.05,0.00
2024-03-01,09:31:00,002536.SZ,飞龙股份,卖出,12.156,-59900,-728122.84,218.44,728.12
2024-03-01,09:31:00,603185.SH,弘元绿能,卖出,27.964,-30800,-861289.97,258.39,861.29
2024-03-01,09:31:00,603258.SH,电魂网络,买入,20.240,600,12144.24,5.00,0.00
2024-03-01,09:31:00,002497.SZ,雅化集团,卖出,11.397,-78600,-895816.78,268.75,895.82
2024-03-01,09:31:00,002795.SZ,永和智控,买入,4.820,47600,229413.91,68.82,0.00
2024-03-01,09:31:00,603002.SH,宏昌电子,买入,5.050,76600,386836.13,116.05,0.00
2024-03-01,09:31:00,600266.SH,城建发展,卖出,4.281,-213800,-915367.60,274.61,915.37
2024-03-01,09:31:00,603801.SH,志邦家居,卖出,15.040,-10700,-160926.50,48.28,160.93
2024-03-01,09:31:00,002585.SZ,双星新材,卖出,6.597,-64000,-422193.92,126.66,422.19
2024-03-01,09:31:00,002803.SZ,吉宏股份,买入,16.122,8200,132201.88,39.66,0.00
2024-03-01,09:31:00,603399.SH,永杉锂业,买入,8.016,79900,640478.40,192.14,0.00
2024-03-01,09:31:00,002201.SZ,九鼎新材,卖出,5.629,-44400,-249915.17,74.97,249.92
2024-02-01,09:31:00,603929.SH,亚翔集成,买入,17.034,28500,485469.00,145.64,0.00
2024-02-01,09:31:00,002585.SZ,双星新材,买入,5.882,100700,592291.22,177.69,0.00
2024-02-01,09:31:00,002795.SZ,永和智控,买入,5.040,101000,509046.06,152.71,0.00
2024-02-01,09:31:00,603612.SH,索通发展,买入,11.303,25700,290475.79,87.14,0.00
2024-02-01,09:31:00,603801.SH,志邦家居,卖出,14.740,-35200,-518864.19,155.66,518.86
2024-02-01,09:31:00,600970.SH,中材国际,卖出,10.888,-46800,-509566.82,152.87,509.57
2024-02-01,09:31:00,600383.SH,金地集团,卖出,4.002,-182400,-729961.15,218.99,729.96
2024-02-01,09:31:00,601336.SH,新华保险,卖出,30.269,-42400,-1283420.02,385.03,1283.42
2024-02-01,09:31:00,002555.SZ,三七互娱,卖出,16.337,-21800,-356152.27,106.85,356.15
2024-02-01,09:31:00,603444.SH,吉比特,买入,180.440,3400,613496.54,184.05,0.00
2024-02-01,09:31:00,002201.SZ,九鼎新材,买入,5.271,54100,285135.13,85.54,0.00
2024-02-01,09:31:00,603949.SH,雪龙集团,买入,13.697,12400,169847.02,50.95,0.00
2024-02-01,09:31:00,002497.SZ,雅化集团,买入,9.599,78600,754493.98,226.35,0.00
2024-02-01,09:31:00,603180.SH,金牌家居,卖出,20.070,-6800,-136474.50,40.94,136.47
2024-02-01,09:31:00,002536.SZ,飞龙股份,买入,10.170,59900,609200.97,182.76,0.00
2024-02-01,09:31:00,002803.SZ,吉宏股份,买入,14.599,57100,833610.89,250.08,0.00
2024-02-01,09:31:00,603185.SH,弘元绿能,卖出,24.481,-7400,-181158.96,54.35,181.16
2024-02-01,09:31:00,600481.SH,双良节能,卖出,6.846,-108700,-744190.64,223.26,744.19
2024-02-01,09:31:00,603279.SH,景津装备,买入,17.505,24300,425370.04,127.61,0.00
2024-02-01,09:31:00,600266.SH,城建发展,买入,4.188,104900,439358.96,131.81,0.00
2024-02-01,09:31:00,600438.SH,通威股份,卖出,23.852,-49200,-1173528.24,352.06,1173.53
2024-02-01,09:31:00,603399.SH,永杉锂业,买入,6.934,54500,377894.28,113.37,0.00
2024-02-01,09:31:00,601949.SH,中国出版,卖出,7.615,-64500,-491150.73,147.35,491.15
2024-02-01,09:31:00,601800.SH,中国交建,卖出,8.543,-180400,-1541135.55,462.34,1541.14
2024-02-01,09:31:00,002194.SZ,武汉凡谷,买入,7.385,50600,373667.84,112.10,0.00
2024-02-01,09:31:00,603611.SH,诺力股份,卖出,15.489,-31400,-486353.34,145.91,486.35
2024-02-01,09:31:00,600325.SH,华发股份,卖出,6.537,-160500,-1049172.45,314.75,1049.17
2024-02-01,09:31:00,000928.SZ,中钢国际,卖出,6.627,-199500,-1322030.64,396.61,1322.03
2024-02-01,09:31:00,603258.SH,电魂网络,买入,18.136,25300,458845.86,137.65,0.00
2024-02-01,09:31:00,603855.SH,华荣股份,卖出,15.689,-1500,-23532.84,7.06,23.53
2024-02-01,09:31:00,601858.SH,中国科传,卖出,22.974,-21500,-493940.14,148.18,493.94
2024-02-01,09:31:00,605218.SH,伟时电子,买入,17.044,21200,361333.22,108.40,0.00
2024-02-01,09:31:00,601900.SH,南方传媒,买入,11.232,59200,664959.26,199.49,0.00
2024-02-01,09:31:00,600057.SH,厦门象屿,卖出,6.317,-21700,-137086.28,41.13,137.09
2024-02-01,09:31:00,600048.SH,保利发展,卖出,9.421,-98000,-923269.76,276.98,923.27
2024-02-01,09:31:00,603383.SH,顶点软件,买入,36.403,16000,582442.56,174.73,0.00
2024-01-02,09:31:00,603611.SH,诺力股份,卖出,18.892,-25700,-485528.00,145.66,485.53
2024-01-02,09:31:00,603444.SH,吉比特,卖出,247.704,-1600,-396325.76,118.90,396.33
2024-01-02,09:31:00,002555.SZ,三七互娱,买入,19.238,21800,419397.12,125.82,0.00
2024-01-02,09:31:00,603612.SH,索通发展,卖出,15.419,-10700,-164984.37,49.50,164.98
2024-01-02,09:31:00,603855.SH,华荣股份,卖出,19.920,-7600,-151392.61,45.42,151.39
2024-01-02,09:31:00,600057.SH,厦门象屿,卖出,6.697,-48300,-323444.81,97.03,323.44
2024-01-02,09:31:00,600048.SH,保利发展,买入,9.870,10200,100670.94,30.20,0.00
2024-01-02,09:31:00,603383.SH,顶点软件,买入,49.699,10800,536751.36,161.03,0.00
2024-01-02,09:31:00,601949.SH,中国出版,卖出,8.114,-20900,-169577.17,50.87,169.58
2024-01-02,09:31:00,601858.SH,中国科传,买入,24.820,21500,533620.11,160.09,0.00
2024-01-02,09:31:00,600481.SH,双良节能,买入,8.367,50400,421681.68,126.50,0.00
2024-01-02,09:31:00,601900.SH,南方传媒,卖出,13.054,-4000,-52215.36,15.66,52.22
2024-01-02,09:31:00,603258.SH,电魂网络,卖出,23.064,-24700,-569675.37,170.90,569.68
2024-01-02,09:31:00,603185.SH,弘元绿能,买入,33.347,15900,530210.30,159.06,0.00
2024-01-02,09:31:00,601336.SH,新华保险,买入,31.142,6600,205538.26,61.66,0.00
2024-01-02,09:31:00,603876.SH,鼎胜新材,卖出,12.435,-14000,-174091.12,52.23,174.09
2024-01-02,09:31:00,603801.SH,志邦家居,买入,17.034,4400,74949.60,22.48,0.00
2024-01-02,09:31:00,600438.SH,通威股份,买入,25.050,12500,313125.00,93.94,0.00
2024-01-02,09:31:00,601138.SH,工业富联,卖出,14.970,-54400,-814368.00,244.31,814.37
2024-01-02,09:31:00,603180.SH,金牌家居,卖出,25.239,-3600,-90861.91,27.26,90.86
2024-01-02,09:31:00,603866.SH,桃李面包,卖出,7.645,-30500,-233162.74,69.95,233.16
2024-01-02,09:31:00,000928.SZ,中钢国际,买入,5.862,65900,386286.03,115.89,0.00
2024-01-02,09:31:00,600325.SH,华发股份,买入,7.224,75900,548333.48,164.50,0.00
2024-01-02,09:31:00,601390.SH,中国中铁,卖出,5.689,-243600,-1385742.96,415.72,1385.74
2024-01-02,09:31:00,600383.SH,金地集团,买入,4.379,45100,197481.17,59.24,0.00
2024-01-02,09:31:00,601800.SH,中国交建,买入,7.605,19700,149822.05,44.95,0.00
2024-01-02,09:31:00,603279.SH,景津装备,买入,22.325,18100,404074.54,121.22,0.00
2024-01-02,09:31:00,600266.SH,城建发展,买入,4.830,68800,332279.23,99.68,0.00
2023-12-01,09:31:00,600266.SH,城建发展,买入,5.281,72400,382311.10,114.69,0.00
2023-12-01,09:31:00,601336.SH,新华保险,买入,31.172,35800,1115965.48,334.79,0.00
2023-12-01,09:31:00,605168.SH,三人行,卖出,67.195,-13700,-920576.16,276.17,920.58
2023-12-01,09:31:00,603185.SH,弘元绿能,卖出,33.094,-5100,-168777.77,50.63,168.78
2023-12-01,09:31:00,603128.SH,华贸物流,卖出,7.854,-171900,-1350147.29,405.04,1350.15
2023-12-01,09:31:00,600383.SH,金地集团,买入,5.130,24100,123638.78,37.09,0.00
2023-12-01,09:31:00,601390.SH,中国中铁,买入,5.651,243600,1376651.81,413.00,0.00
2023-12-01,09:31:00,600325.SH,华发股份,买入,7.515,84600,635769.00,190.73,0.00
2023-12-01,09:31:00,603855.SH,华荣股份,卖出,19.890,-9600,-190945.34,57.28,190.95
2023-12-01,09:31:00,601949.SH,中国出版,卖出,8.523,-70200,-598308.98,179.49,598.31
2023-12-01,09:31:00,600438.SH,通威股份,买入,24.479,36700,898374.16,269.51,0.00
2023-12-01,09:31:00,603636.SH,南威软件,卖出,13.723,-8700,-119385.75,35.82,119.39
2023-12-01,09:31:00,603866.SH,桃李面包,卖出,8.303,-45900,-381124.22,114.34,381.12
2023-12-01,09:31:00,603801.SH,志邦家居,买入,18.637,8800,164007.36,49.20,0.00
2023-12-01,09:31:00,603279.SH,景津装备,买入,22.816,17400,396990.40,119.10,0.00
2023-12-01,09:31:00,601801.SH,皖新传媒,卖出,7.315,-106100,-776157.57,232.85,776.16
2023-12-01,09:31:00,600481.SH,双良节能,买入,8.587,69700,598523.66,179.56,0.00
2023-12-01,09:31:00,603180.SH,金牌家居,卖出,26.307,-3200,-84183.30,25.25,84.18
2023-12-01,09:31:00,601858.SH,中国科传,卖出,28.243,-22600,-638300.84,191.49,638.30
2023-12-01,09:31:00,601800.SH,中国交建,买入,7.735,63400,490426.90,147.13,0.00
2023-12-01,09:31:00,600048.SH,保利发展,买入,10.281,87800,902629.66,270.79,0.00
2023-12-01,09:31:00,000928.SZ,中钢国际,买入,6.032,40600,244900.82,73.47,0.00
2023-12-01,09:31:00,002624.SZ,完美世界,卖出,12.605,-114900,-1448284.63,434.49,1448.28
2023-12-01,09:31:00,601900.SH,南方传媒,卖出,14.561,-6600,-96101.41,28.83,96.10
2023-12-01,09:31:00,600757.SH,长江传媒,卖出,7.884,-6200,-48882.04,14.66,48.88
2023-12-01,09:31:00,600329.SH,达仁堂,卖出,35.808,-24000,-859397.76,257.82,859.40
2023-12-01,09:31:00,603444.SH,吉比特,买入,256.823,1700,436598.45,130.98,0.00
2023-12-01,09:31:00,601138.SH,工业富联,买入,15.080,17400,262393.74,78.72,0.00
2023-12-01,09:31:00,603309.SH,维力医疗,卖出,15.180,-11000,-166975.38,50.09,166.98
2023-12-01,09:31:00,600970.SH,中材国际,买入,9.299,46800,435172.61,130.55,0.00
2023-12-01,09:31:00,600057.SH,厦门象屿,卖出,6.617,-83300,-551174.44,165.35,551.17
2023-12-01,09:31:00,002555.SZ,三七互娱,卖出,22.136,-64900,-1436603.04,430.98,1436.60
2023-12-01,09:31:00,603611.SH,诺力股份,买入,18.918,7400,139991.42,42.00,0.00
2023-12-01,09:31:00,603876.SH,鼎胜新材,卖出,12.974,-20500,-265967.00,79.79,265.97
2023-12-01,09:31:00,603612.SH,索通发展,卖出,15.978,-14100,-225289.52,67.59,225.29
2023-12-01,09:31:00,002895.SZ,川恒股份,卖出,18.862,-500,-9431.10,5.00,9.43
2023-12-01,09:31:00,603258.SH,电魂网络,卖出,24.381,-700,-17066.80,5.12,17.07
2023-11-01,09:31:00,603196.SH,璞源材料,卖出,16.128,-10200,-164502.34,49.35,164.50
2023-11-01,09:31:00,601949.SH,中国出版,买入,8.467,92900,786575.01,235.97,0.00
2023-11-01,09:31:00,000928.SZ,中钢国际,买入,6.212,93000,577753.20,173.33,0.00
2023-11-01,09:31:00,603185.SH,弘元绿能,买入,37.445,400,14977.90,5.00,0.00
2023-11-01,09:31:00,601900.SH,南方传媒,买入,14.208,10100,143504.44,43.05,0.00
2023-11-01,09:31:00,002756.SZ,永兴材料,卖出,49.561,-25100,-1243973.07,373.19,1243.97
2023-11-01,09:31:00,601138.SH,工业富联,买入,14.790,37000,547212.24,164.16,0.00
2023-11-01,09:31:00,603612.SH,索通发展,卖出,17.665,-18900,-333860.94,100.16,333.86
2023-11-01,09:31:00,603529.SH,爱玛科技,卖出,28.114,-2700,-75906.88,22.77,75.91
2023-11-01,09:31:00,603444.SH,吉比特,卖出,263.402,-800,-210721.71,63.22,210.72
2023-11-01,09:31:00,601858.SH,中国科传,买入,25.812,22600,583340.35,175.00,0.00
2023-11-01,09:31:00,600757.SH,长江传媒,卖出,7.565,-37700,-285194.47,85.56,285.19
2023-11-01,09:31:00,002895.SZ,川恒股份,卖出,18.663,-27900,-520686.54,156.21,520.69
2023-11-01,09:31:00,603855.SH,华荣股份,买入,17.034,18700,318535.80,95.56,0.00
2023-11-01,09:31:00,605168.SH,三人行,买入,60.320,1900,114608.76,34.38,0.00
2023-11-01,09:31:00,603998.SH,方盛制药,卖出,10.948,-4700,-51455.88,15.44,51.46
2023-11-01,09:31:00,601949.SH,中国出版,买入,8.467,92900,786575.01,235.97,0.00
2023-11-01,09:31:00,601801.SH,皖新传媒,买入,6.613,31900,210961.08,63.29,0.00
2023-11-01,09:31:00,002624.SZ,完美世界,买入,11.974,27300,326887.47,98.07,0.00
2023-11-01,09:31:00,603876.SH,鼎胜新材,卖出,13.493,-35200,-474952.19,142.49,474.95
2023-11-01,09:31:00,600057.SH,厦门象屿,买入,6.443,34100,219701.53,65.91,0.00
2023-11-01,09:31:00,603636.SH,南威软件,卖出,11.876,-69100,-820645.42,246.19,820.65
2023-11-01,09:31:00,002555.SZ,三七互娱,买入,20.641,29800,615107.76,184.53,0.00
2023-11-01,09:31:00,603180.SH,金牌家居,卖出,25.948,-4500,-116766.00,35.03,116.77
2023-11-01,09:31:00,600383.SH,金地集团,买入,5.170,113200,585280.22,175.58,0.00
2023-11-01,09:31:00,603258.SH,电魂网络,买入,24.198,30800,745307.64,223.59,0.00
2023-11-01,09:31:00,601900.SH,南方传媒,买入,14.208,10100,143504.44,43.05,0.00
2023-11-01,09:31:00,603309.SH,维力医疗,卖出,14.720,-44600,-656534.30,196.96,656.53
2023-11-01,09:31:00,603185.SH,弘元绿能,买入,37.445,400,14977.90,5.00,0.00
2023-11-01,09:31:00,601811.SH,新华文轩,卖出,12.804,-11100,-142128.17,42.64,142.13
2023-11-01,09:31:00,601800.SH,中国交建,买入,8.136,97300,791656.15,237.50,0.00
2023-11-01,09:31:00,601138.SH,工业富联,买入,14.790,37000,547212.24,164.16,0.00
2023-11-01,09:31:00,000928.SZ,中钢国际,买入,6.212,93000,577753.20,173.33,0.00
2023-11-01,09:31:00,603196.SH,璞源材料,卖出,16.128,-10200,-164502.34,49.35,164.50
2023-11-01,09:31:00,603128.SH,华贸物流,买入,7.295,55800,407036.45,122.11,0.00
2023-10-09,09:31:00,002555.SZ,三七互娱,买入,21.643,35100,759676.32,227.90,0.00
2023-10-09,09:31:00,603399.SH,永杉锂业,买入,9.359,23900,223672.45,67.10,0.00
2023-10-09,09:31:00,603185.SH,弘元绿能,买入,41.944,3600,150997.39,45.30,0.00
2023-10-09,09:31:00,603912.SH,佳力图,买入,7.926,81400,645161.75,193.55,0.00
2023-10-09,09:31:00,601900.SH,南方传媒,买入,15.721,32700,514089.13,154.23,0.00
2023-10-09,09:31:00,603866.SH,桃李面包,买入,8.407,48500,407728.83,122.32,0.00
2023-10-09,09:31:00,603128.SH,华贸物流,买入,7.104,54400,386467.39,115.94,0.00
2023-10-09,09:31:00,002756.SZ,永兴材料,买入,45.210,25100,1134777.02,340.43,0.00
2023-10-09,09:31:00,605168.SH,三人行,买入,68.106,3400,231560.20,69.47,0.00
2023-10-09,09:31:00,603529.SH,爱玛科技,卖出,29.601,-16200,-479531.02,143.86,479.53
2023-10-09,09:31:00,603636.SH,南威软件,买入,12.305,16900,207947.06,62.38,0.00
2023-10-09,09:31:00,603309.SH,维力医疗,买入,12.806,14500,185680.62,55.70,0.00
2023-10-09,09:31:00,603612.SH,索通发展,卖出,17.984,-23100,-415429.48,124.63,415.43
2023-10-09,09:31:00,603258.SH,电魂网络,卖出,27.445,-14300,-392463.50,117.74,392.46
2023-10-09,09:31:00,603882.SH,金域医学,卖出,62.006,-4300,-266624.68,79.99,266.62
2023-10-09,09:31:00,603180.SH,金牌家居,买入,27.134,6100,165518.38,49.66,0.00
2023-10-09,09:31:00,603998.SH,方盛制药,卖出,11.018,-108900,-1199851.49,359.96,1199.85
2023-10-09,09:31:00,601811.SH,新华文轩,卖出,13.473,-11600,-156286.80,46.89,156.29
2023-10-09,09:31:00,601949.SH,中国出版,买入,9.118,62700,571711.14,171.51,0.00
2023-10-09,09:31:00,603196.SH,璞源材料,卖出,17.126,-13500,-231196.68,69.36,231.20
2023-10-09,09:31:00,600481.SH,双良节能,卖出,10.589,-47700,-505084.81,151.53,505.08
2023-10-09,09:31:00,002895.SZ,川恒股份,卖出,17.794,-21500,-382578.31,114.77,382.58
2023-10-09,09:31:00,002624.SZ,完美世界,买入,13.236,12900,170749.82,51.22,0.00
2023-10-09,09:31:00,603876.SH,鼎胜新材,买入,14.619,21900,320160.04,96.05,0.00
2023-10-09,09:31:00,601801.SH,皖新传媒,买入,7.234,74200,536795.45,161.04,0.00
2023-10-09,09:31:00,601928.SH,凤凰传媒,卖出,10.409,-6100,-63495.75,19.05,63.50
2023-10-09,09:31:00,603283.SH,赛腾股份,卖出,46.657,-3800,-177294.70,53.19,177.29
2023-10-09,09:31:00,600057.SH,厦门象屿,买入,6.824,39000,266121.18,79.84,0.00
2023-10-09,09:31:00,600373.SH,中文传媒,卖出,12.475,-32700,-407932.50,122.38,407.93
2023-10-09,09:31:00,002258.SZ,利尔化学,卖出,12.784,-3400,-43466.89,13.04,43.47
2023-10-09,09:31:00,600757.SH,长江传媒,买入,7.645,43900,335626.91,100.69,0.00
2023-10-09,09:31:00,600269.SH,赣粤高速,卖出,4.182,-46000,-192354.52,57.71,192.35
2023-10-09,09:31:00,603444.SH,吉比特,买入,365.730,300,109719.00,32.92,0.00
2023-09-01,09:31:00,603612.SH,索通发展,卖出,15.948,-10700,-170644.03,51.19,170.64
2023-09-01,09:31:00,603529.SH,爱玛科技,买入,28.176,18900,532530.94,159.76,0.00
2023-09-01,09:31:00,603399.SH,永杉锂业,买入,9.920,22600,224187.48,67.26,0.00
2023-09-01,09:31:00,601811.SH,新华文轩,卖出,14.032,-20500,-287653.54,86.30,287.65
2023-09-01,09:31:00,601666.SH,平煤股份,卖出,8.573,-181100,-1552537.70,465.76,1552.54
2023-09-01,09:31:00,603444.SH,吉比特,卖出,415.168,-100,-41516.80,12.46,41.52
2023-09-01,09:31:00,603180.SH,金牌家居,买入,28.337,12000,340038.72,102.01,0.00
2023-09-01,09:31:00,603866.SH,桃李面包,买入,8.768,62400,547092.00,164.13,0.00
2023-09-01,09:31:00,002955.SZ,鸿合科技,卖出,23.353,-9500,-221855.40,66.56,221.86
2023-09-01,09:31:00,600481.SH,双良节能,买入,10.200,47700,486557.17,145.97,0.00
2023-09-01,09:31:00,603882.SH,金域医学,买入,59.719,4300,256792.56,77.04,0.00
2023-09-01,09:31:00,601858.SH,中国科传,卖出,34.930,-20400,-712572.00,213.77,712.57
2023-09-01,09:31:00,603998.SH,方盛制药,买入,9.319,50100,466861.86,140.06,0.00
2023-09-01,09:31:00,603636.SH,南威软件,买入,12.846,26600,341694.02,102.51,0.00
2023-09-01,09:31:00,603309.SH,维力医疗,买入,12.655,17500,221467.05,66.44,0.00
2023-09-01,09:31:00,603258.SH,电魂网络,买入,32.926,9100,299624.05,89.89,0.00
2023-09-01,09:31:00,601928.SH,凤凰传媒,卖出,10.838,-77200,-836715.22,251.01,836.72
2023-09-01,09:31:00,600694.SH,大商股份,卖出,17.705,-100,-1770.45,5.00,1.77
2023-09-01,09:31:00,600350.SH,山东高速,卖出,6.756,-11100,-74996.71,22.50,75.00
2023-09-01,09:31:00,600269.SH,赣粤高速,卖出,3.653,-88500,-323262.18,96.98,323.26
2023-09-01,09:31:00,002895.SZ,川恒股份,买入,17.194,35000,601801.20,180.54,0.00
2023-09-01,09:31:00,600057.SH,厦门象屿,买入,7.004,80200,561719.20,168.52,0.00
2023-09-01,09:31:00,603185.SH,弘元绿能,买入,41.763,6400,267285.50,80.19,0.00
2023-09-01,09:31:00,600373.SH,中文传媒,卖出,12.625,-53200,-671634.04,201.49,671.63
2023-09-01,09:31:00,603196.SH,璞源材料,买入,18.647,23700,441939.11,132.58,0.00
2023-09-01,09:31:00,605168.SH,三人行,卖出,76.477,-2000,-152953.48,45.89,152.95
2023-09-01,09:31:00,603283.SH,赛腾股份,卖出,42.764,-8600,-367772.98,110.33,367.77
2023-09-01,09:31:00,603208.SH,江山欧派,卖出,37.535,-2700,-101343.91,30.40,101.34
2023-09-01,09:31:00,601949.SH,中国出版,卖出,11.028,-50800,-560217.32,168.07,560.22
2023-09-01,09:31:00,603128.SH,华贸物流,买入,7.515,61700,463675.50,139.10,0.00
2023-09-01,09:31:00,601963.SH,重庆银行,卖出,7.824,-1200,-9389.18,5.00,9.39
2023-09-01,09:31:00,600757.SH,长江传媒,卖出,8.303,-83000,-689178.88,206.75,689.18
2023-09-01,09:31:00,600377.SH,宁沪高速,卖出,9.671,-9900,-95739.14,28.72,95.74
2023-09-01,09:31:00,002932.SZ,*ST明德,卖出,23.253,-1000,-23253.40,6.98,23.25
2023-09-01,09:31:00,603876.SH,鼎胜新材,买入,15.771,28900,455795.77,136.74,0.00
2023-09-01,09:31:00,600177.SH,雅戈尔,卖出,6.906,-3800,-26243.41,7.87,26.24
2023-09-01,09:31:00,600035.SH,楚天高速,卖出,3.693,-63100,-233003.06,69.90,233.00
2023-09-01,09:31:00,002624.SZ,完美世界,买入,13.858,4800,66516.77,19.96,0.00
2023-09-01,09:31:00,002258.SZ,利尔化学,卖出,12.824,-16900,-216730.67,65.02,216.73
2023-09-01,09:31:00,601801.SH,皖新传媒,卖出,7.904,-60400,-477411.26,143.22,477.41
2023-09-01,09:31:00,601900.SH,南方传媒,卖出,19.601,-24700,-484137.78,145.24,484.14
2023-08-01,09:31:00,603208.SH,江山欧派,卖出,41.916,-11200,-469459.20,140.84,469.46
2023-08-01,09:31:00,600694.SH,大商股份,卖出,19.651,-13500,-265283.37,79.59,265.28
2023-08-01,09:31:00,600655.SH,豫园股份,卖出,7.565,-39900,-301837.12,90.55,301.84
2023-08-01,09:31:00,600376.SH,首开股份,卖出,4.601,-74400,-342298.03,102.69,342.30
2023-08-01,09:31:00,600373.SH,中文传媒,买入,12.685,52100,660905.17,198.27,0.00
2023-08-01,09:31:00,600757.SH,长江传媒,买入,8.617,83000,715227.60,214.57,0.00
2023-08-01,09:31:00,601949.SH,中国出版,买入,10.671,50800,542102.04,162.63,0.00
2023-08-01,09:31:00,603699.SH,纽威股份,卖出,14.920,-13100,-195453.31,58.64,195.45
2023-08-01,09:31:00,603998.SH,方盛制药,买入,9.960,63500,632452.38,189.74,0.00
2023-08-01,09:31:00,603589.SH,口子窖,卖出,60.449,-15300,-924867.56,277.46,924.87
2023-08-01,09:31:00,603612.SH,索通发展,买入,18.757,37000,694025.28,208.21,0.00
2023-08-01,09:31:00,603309.SH,维力医疗,卖出,14.671,-16700,-244999.02,73.50,245.00
2023-08-01,09:31:00,600801.SH,华新建材,卖出,13.942,-63800,-889503.43,266.85,889.50
2023-08-01,09:31:00,603113.SH,金能科技,卖出,8.673,-3300,-28619.65,8.59,28.62
2023-08-01,09:31:00,600248.SH,陕建股份,卖出,5.060,-197200,-997804.39,299.34,997.80
2023-08-01,09:31:00,601811.SH,新华文轩,买入,14.078,15300,215394.93,64.62,0.00
2023-08-01,09:31:00,600350.SH,山东高速,卖出,6.607,-50200,-331659.35,99.50,331.66
2023-08-01,09:31:00,603636.SH,南威软件,买入,13.176,34300,451947.09,135.58,0.00
2023-08-01,09:31:00,603876.SH,鼎胜新材,买入,17.936,18900,338986.62,101.70,0.00
2023-08-01,09:31:00,601928.SH,凤凰传媒,买入,10.521,83300,876399.30,262.92,0.00
2023-08-01,09:31:00,002955.SZ,鸿合科技,买入,20.401,9500,193806.84,58.14,0.00
2023-08-01,09:31:00,603258.SH,电魂网络,买入,34.048,19700,670744.81,201.22,0.00
2023-08-01,09:31:00,603185.SH,弘元绿能,买入,50.791,17000,863453.46,259.04,0.00
2023-08-01,09:31:00,600383.SH,金地集团,卖出,8.463,-127200,-1076498.69,322.95,1076.50
2023-08-01,09:31:00,601963.SH,重庆银行,卖出,8.243,-21600,-178059.17,53.42,178.06
2023-08-01,09:31:00,600256.SH,广汇能源,卖出,7.126,-197300,-1405904.56,421.77,1405.90
2023-08-01,09:31:00,601666.SH,平煤股份,买入,8.036,19300,155095.57,46.53,0.00
2023-08-01,09:31:00,605377.SH,华旺科技,卖出,20.958,-19700,-412872.60,123.86,412.87
2023-08-01,09:31:00,605168.SH,三人行,买入,78.958,5400,426371.04,127.91,0.00
2023-08-01,09:31:00,601187.SH,厦门银行,卖出,5.589,-76300,-426425.44,127.93,426.43
2023-08-01,09:31:00,603283.SH,赛腾股份,买入,33.767,12400,418715.76,125.61,0.00
2023-08-01,09:31:00,600403.SH,大有能源,卖出,4.371,-25800,-112777.99,33.83,112.78
2023-08-01,09:31:00,600377.SH,宁沪高速,卖出,9.461,-38200,-361411.73,108.42,361.41
2023-08-01,09:31:00,002624.SZ,完美世界,买入,15.000,69900,1048495.81,314.55,0.00
2023-08-01,09:31:00,603866.SH,桃李面包,卖出,10.569,-47700,-504132.71,151.24,504.13
2023-08-01,09:31:00,002932.SZ,*ST明德,卖出,25.050,-7600,-190378.48,57.11,190.38
2023-08-01,09:31:00,600586.SH,金晶科技,卖出,7.944,-95700,-760248.46,228.07,760.25
2023-08-01,09:31:00,603444.SH,吉比特,买入,430.830,2500,1077074.85,323.12,0.00
2023-08-01,09:31:00,601801.SH,皖新传媒,买入,7.926,60400,478719.53,143.62,0.00
2023-08-01,09:31:00,601900.SH,南方传媒,买入,18.737,24700,462813.78,138.84,0.00
2023-08-01,09:31:00,002258.SZ,利尔化学,卖出,14.491,-19800,-286921.01,86.08,286.92
2023-08-01,09:31:00,000581.SZ,威孚高科,卖出,17.874,-11300,-201978.23,60.59,201.98
2023-08-01,09:31:00,002895.SZ,川恒股份,卖出,21.297,-37700,-802908.96,240.87,802.91
2023-08-01,09:31:00,002818.SZ,富森美,卖出,15.469,-2700,-41766.30,12.53,41.77
2023-08-01,09:31:00,600269.SH,赣粤高速,卖出,3.922,-74400,-291807.22,87.54,291.81
2023-08-01,09:31:00,002532.SZ,天山铝业,卖出,7.046,-144600,-1018834.25,305.65,1018.83
2023-08-01,09:31:00,601858.SH,中国科传,买入,29.248,20400,596666.95,179.00,0.00
2023-08-01,09:31:00,600007.SH,中国国贸,卖出,20.239,-8800,-178107.07,53.43,178.11
2023-08-01,09:31:00,600035.SH,楚天高速,卖出,4.212,-97800,-411890.57,123.57,411.89
2023-08-01,09:31:00,600177.SH,雅戈尔,卖出,7.156,-80300,-574599.50,172.38,574.60
2023-07-03,09:31:00,601298.SH,青岛港,卖出,7.385,-123600,-912810.72,273.84,912.81
2023-07-03,09:31:00,600655.SH,豫园股份,卖出,6.866,-49200,-337819.01,101.35,337.82
2023-07-03,09:31:00,600586.SH,金晶科技,买入,8.176,10100,82580.83,24.77,0.00
2023-07-03,09:31:00,600383.SH,金地集团,买入,7.244,5500,39844.53,11.95,0.00
2023-07-03,09:31:00,600188.SH,兖矿能源,卖出,30.050,-18600,-558925.91,167.68,558.93
2023-07-03,09:31:00,002597.SZ,金禾实业,卖出,23.423,-27800,-651161.07,195.35,651.16
2023-07-03,09:31:00,603208.SH,江山欧派,买入,36.473,13900,506971.92,152.09,0.00
2023-07-03,09:31:00,600269.SH,赣粤高速,卖出,3.653,-66000,-241076.88,72.32,241.08
2023-07-03,09:31:00,002818.SZ,富森美,卖出,13.303,-13700,-182255.76,54.68,182.26
2023-07-03,09:31:00,600376.SH,首开股份,买入,3.918,74400,291485.81,87.45,0.00
2023-07-03,09:31:00,603589.SH,口子窖,买入,49.609,15300,759018.01,227.71,0.00
2023-07-03,09:31:00,603612.SH,索通发展,买入,17.495,40500,708544.26,212.56,0.00
2023-07-03,09:31:00,605168.SH,三人行,买入,86.082,5000,430409.10,129.12,0.00
2023-07-03,09:31:00,603855.SH,华荣股份,卖出,26.168,-6200,-162238.87,48.67,162.24
2023-07-03,09:31:00,603399.SH,永杉锂业,卖出,11.587,-31200,-361507.54,108.45,361.51
2023-07-03,09:31:00,601636.SH,旗滨集团,卖出,8.633,-78900,-681120.03,204.34,681.12
2023-07-03,09:31:00,601811.SH,新华文轩,买入,14.128,27900,394176.78,118.25,0.00
2023-07-03,09:31:00,601187.SH,厦门银行,卖出,5.020,-54600,-274088.72,82.23,274.09
2023-07-03,09:31:00,600403.SH,大有能源,卖出,4.092,-54800,-224230.64,67.27,224.23
2023-07-03,09:31:00,002532.SZ,天山铝业,买入,6.002,144600,867886.31,260.37,0.00
2023-07-03,09:31:00,600256.SH,广汇能源,买入,6.894,110000,758313.60,227.49,0.00
2023-07-03,09:31:00,002932.SZ,*ST明德,买入,25.962,8600,223271.65,66.98,0.00
2023-07-03,09:31:00,600007.SH,中国国贸,卖出,18.513,-7500,-138846.75,41.65,138.85
2023-07-03,09:31:00,601666.SH,平煤股份,买入,7.555,53300,402685.76,120.81,0.00
2023-07-03,09:31:00,002895.SZ,川恒股份,买入,19.739,29500,582312.30,174.69,0.00
2023-07-03,09:31:00,605377.SH,华旺科技,买入,18.046,19700,355506.59,106.65,0.00
2023-07-03,09:31:00,600248.SH,陕建股份,买入,4.790,197200,944501.23,283.35,0.00
2023-07-03,09:31:00,603309.SH,维力医疗,买入,15.521,40300,625495.49,187.65,0.00
2023-07-03,09:31:00,600373.SH,中文传媒,买入,13.347,33800,451116.43,135.33,0.00
2023-07-03,09:31:00,603877.SH,太平鸟,卖出,25.100,-2000,-50199.40,15.06,50.20
2023-07-03,09:31:00,600729.SH,重百集团,卖出,31.367,-2300,-72144.42,21.64,72.14
2023-07-03,09:31:00,600499.SH,科达制造,卖出,11.337,-75500,-855964.64,256.79,855.96
2023-07-03,09:31:00,600177.SH,雅戈尔,卖出,6.397,-56200,-359521.52,107.86,359.52
2023-07-03,09:31:00,002539.SZ,云图控股,卖出,8.992,-100,-899.20,5.00,0.90
2023-07-03,09:31:00,603878.SH,武进不锈,卖出,8.423,-15300,-128873.74,38.66,128.87
2023-07-03,09:31:00,601963.SH,重庆银行,卖出,7.914,-15500,-122669.17,36.80,122.67
2023-07-03,09:31:00,600694.SH,大商股份,卖出,17.774,-9900,-175966.36,52.79,175.97
2023-07-03,09:31:00,600035.SH,楚天高速,卖出,4.082,-70700,-288584.67,86.58,288.58
2023-07-03,09:31:00,603866.SH,桃李面包,买入,10.170,47900,487157.37,146.15,0.00
2023-07-03,09:31:00,601001.SH,晋控煤业,卖出,9.371,-39600,-371100.31,111.33,371.10
2023-07-03,09:31:00,600350.SH,山东高速,卖出,6.367,-80300,-511289.37,153.39,511.29
2023-07-03,09:31:00,603699.SH,纽威股份,卖出,14.980,-19200,-287615.62,86.28,287.62
2023-07-03,09:31:00,600801.SH,华新建材,买入,12.425,34700,431140.56,129.34,0.00
2023-07-03,09:31:00,002043.SZ,兔宝宝,卖出,10.848,-54600,-592315.00,177.69,592.31
2023-07-03,09:31:00,002258.SZ,利尔化学,买入,12.936,40000,517432.80,155.23,0.00
2023-07-03,09:31:00,000581.SZ,威孚高科,卖出,15.768,-33500,-528241.40,158.47,528.24
2023-07-03,09:31:00,600389.SH,江山股份,卖出,24.032,-15080,-362400.15,108.72,362.40
2023-07-03,09:31:00,603113.SH,金能科技,卖出,8.084,-33100,-267573.78,80.27,267.57
2023-07-03,09:31:00,002518.SZ,科士达,卖出,39.551,-7700,-304540.70,91.36,304.54
2023-07-03,09:31:00,600377.SH,宁沪高速,卖出,9.810,-26500,-259974.01,77.99,259.97
2023-06-01,09:31:00,002258.SZ,利尔化学,买入,13.026,100,1302.60,5.00,0.00
2023-06-01,09:31:00,002539.SZ,云图控股,买入,8.627,100,862.72,5.00,0.00
2023-06-01,09:31:00,002518.SZ,科士达,买入,38.747,7700,298354.52,89.51,0.00
2023-06-01,09:31:00,000581.SZ,威孚高科,买入,15.000,44800,671997.31,201.60,0.00
2023-06-01,09:31:00,600383.SH,金地集团,买入,7.264,121700,884089.65,265.23,0.00
2023-06-01,09:31:00,603399.SH,永杉锂业,买入,10.200,31200,318251.23,95.48,0.00
2023-06-01,09:31:00,601963.SH,重庆银行,卖出,8.293,-18300,-151768.85,45.53,151.77
2023-06-01,09:31:00,603730.SH,岱美股份,卖出,18.383,-3200,-58826.11,17.65,58.83
2023-06-01,09:31:00,601666.SH,平煤股份,买入,8.006,108500,868648.83,260.59,0.00
2023-06-01,09:31:00,600499.SH,科达制造,买入,10.641,75500,803413.62,241.02,0.00
2023-06-01,09:31:00,603855.SH,华荣股份,卖出,28.233,-5500,-155283.81,46.59,155.28
2023-06-01,09:31:00,603113.SH,金能科技,卖出,8.323,-12600,-104873.83,31.46,104.87
2023-06-01,09:31:00,002895.SZ,川恒股份,买入,19.008,23100,439083.41,131.73,0.00
2023-06-01,09:31:00,601298.SH,青岛港,卖出,7.265,-63100,-458449.26,137.53,458.45
2023-06-01,09:31:00,002597.SZ,金禾实业,买入,22.936,27800,637614.68,191.28,0.00
2023-06-01,09:31:00,600269.SH,赣粤高速,卖出,3.703,-78400,-290282.27,87.08,290.28
2023-06-01,09:31:00,600729.SH,重百集团,卖出,29.371,-8800,-258466.03,77.54,258.47
2023-06-01,09:31:00,603699.SH,纽威股份,卖出,14.281,-13500,-192798.63,57.84,192.80
2023-06-01,09:31:00,600035.SH,楚天高速,卖出,4.132,-66500,-274759.38,82.43,274.76
2023-06-01,09:31:00,600403.SH,大有能源,卖出,4.132,-30500,-126017.46,37.81,126.02
2023-06-01,09:31:00,603878.SH,武进不锈,卖出,8.643,-26000,-224709.68,67.41,224.71
2023-06-01,09:31:00,600377.SH,宁沪高速,卖出,9.561,-33700,-322200.31,96.66,322.20
2023-06-01,09:31:00,600177.SH,雅戈尔,卖出,6.866,-59000,-405108.16,121.53,405.11
2023-06-01,09:31:00,600389.SH,江山股份,买入,29.579,10400,307622.02,92.29,0.00
2023-06-01,09:31:00,600007.SH,中国国贸,卖出,19.072,-9100,-173553.20,52.07,173.55
2023-06-01,09:31:00,600586.SH,金晶科技,买入,7.776,85600,665584.51,199.68,0.00
2023-06-01,09:31:00,600801.SH,华新建材,买入,12.786,29100,372058.63,111.62,0.00
2023-06-01,09:31:00,601001.SH,晋控煤业,买入,9.118,39600,361080.72,108.32,0.00
2023-06-01,09:31:00,600188.SH,兖矿能源,买入,27.124,18600,504509.00,151.35,0.00
2023-06-01,09:31:00,601636.SH,旗滨集团,买入,8.116,78900,640368.18,192.11,0.00
2023-06-01,09:31:00,603758.SH,秦安股份,卖出,9.491,-2900,-27523.84,8.26,27.52
2023-06-01,09:31:00,600655.SH,豫园股份,卖出,7.096,-30600,-217130.87,65.14,217.13
2023-06-01,09:31:00,002043.SZ,兔宝宝,买入,9.719,54600,530679.24,159.20,0.00
2023-06-01,09:31:00,600256.SH,广汇能源,买入,7.234,87300,631566.61,189.47,0.00
2023-06-01,09:31:00,002818.SZ,富森美,卖出,12.754,-7400,-94382.86,28.31,94.38
2023-06-01,09:31:00,603877.SH,太平鸟,卖出,23.732,-20200,-479395.29,143.82,479.40
2023-06-01,09:31:00,601187.SH,厦门银行,卖出,5.559,-41300,-229580.92,68.87,229.58
2023-06-01,09:31:00,600694.SH,大商股份,卖出,19.471,-6800,-132402.66,39.72,132.40
2023-06-01,09:31:00,600350.SH,山东高速,卖出,7.245,-39900,-289094.65,86.73,289.09
2023-06-01,09:31:00,603519.SH,立霸股份,卖出,13.573,-35100,-476405.28,142.92,476.41
2023-05-04,09:31:00,603730.SH,岱美股份,卖出,17.445,-12100,-211084.98,63.33,211.08
2023-05-04,09:31:00,603258.SH,电魂网络,卖出,49.391,-32500,-1605208.15,481.56,1605.21
2023-05-04,09:31:00,600035.SH,楚天高速,买入,4.128,298100,1230628.34,369.19,0.00
2023-05-04,09:31:00,600790.SH,轻纺城,卖出,4.541,-19300,-87639.37,26.29,87.64
2023-05-04,09:31:00,600403.SH,大有能源,买入,4.760,69500,330785.25,99.24,0.00
2023-05-04,09:31:00,002991.SZ,甘源食品,卖出,87.674,-1500,-131511.45,39.45,131.51
2023-05-04,09:31:00,600377.SH,宁沪高速,买入,9.128,108300,988586.23,296.58,0.00
2023-05-04,09:31:00,603096.SH,新经典,卖出,23.862,-22200,-529740.40,158.92,529.74
2023-05-04,09:31:00,601801.SH,皖新传媒,卖出,8.593,-95200,-818032.66,245.41,818.03
2023-05-04,09:31:00,600350.SH,山东高速,买入,7.415,131500,975046.20,292.51,0.00
2023-05-04,09:31:00,600386.SH,北巴传媒,卖出,4.521,-70800,-320082.55,96.02,320.08
2023-05-04,09:31:00,603699.SH,纽威股份,买入,13.928,45800,637893.24,191.37,0.00
2023-05-04,09:31:00,601963.SH,重庆银行,买入,7.896,56600,446900.02,134.07,0.00
2023-05-04,09:31:00,600284.SH,浦东建设,卖出,7.036,-12200,-85837.98,25.75,85.84
2023-05-04,09:31:00,601992.SH,金隅集团,卖出,2.395,-320100,-766703.52,230.01,766.70
2023-05-04,09:31:00,601566.SH,九牧王,卖出,10.579,-15000,-158682.00,47.60,158.68
2023-05-04,09:31:00,603878.SH,武进不锈,买入,12.385,24500,303425.64,91.03,0.00
2023-05-04,09:31:00,600269.SH,赣粤高速,买入,3.798,353300,1341685.01,402.51,0.00
2023-05-04,09:31:00,601900.SH,南方传媒,卖出,19.930,-38400,-765314.30,229.59,765.31
2023-05-04,09:31:00,601098.SH,中南传媒,卖出,13.972,-30600,-427543.20,128.26,427.54
2023-05-04,09:31:00,603239.SH,浙江仙通,卖出,14.451,-5800,-83816.03,25.14,83.82
2023-05-04,09:31:00,601019.SH,山东出版,卖出,11.537,-93200,-1075237.22,322.57,1075.24
2023-05-04,09:31:00,601339.SH,百隆东方,卖出,5.908,-54900,-324357.98,97.31,324.36
2023-05-04,09:31:00,603758.SH,秦安股份,卖出,9.331,-17200,-160498.36,48.15,160.50
2023-05-04,09:31:00,601298.SH,青岛港,买入,7.204,95900,690900.04,207.27,0.00
2023-05-04,09:31:00,002818.SZ,富森美,买入,14.178,23800,337443.54,101.23,0.00
2023-05-04,09:31:00,600694.SH,大商股份,买入,19.609,30300,594156.94,178.25,0.00
2023-05-04,09:31:00,603519.SH,立霸股份,买入,14.018,35100,492031.10,147.61,0.00
2023-05-04,09:31:00,603515.SH,欧普照明,卖出,20.659,-2600,-53712.36,16.11,53.71
2023-05-04,09:31:00,603113.SH,金能科技,卖出,9.032,-13200,-119221.08,35.77,119.22
2023-05-04,09:31:00,600007.SH,中国国贸,买入,18.777,25400,476947.99,143.08,0.00
2023-05-04,09:31:00,600808.SH,马钢股份,卖出,2.725,-75200,-204885.41,61.47,204.89
2023-05-04,09:31:00,600729.SH,重百集团,卖出,29.511,-12000,-354130.32,106.24,354.13
2023-05-04,09:31:00,603877.SH,太平鸟,买入,22.806,22200,506282.54,151.88,0.00
2023-05-04,09:31:00,600846.SH,同济科技,卖出,10.180,-1100,-11197.56,5.00,11.20
2023-05-04,09:31:00,600177.SH,雅戈尔,买入,6.753,151600,1023827.57,307.15,0.00
2023-05-04,09:31:00,603639.SH,海利尔,卖出,19.681,-100,-1968.06,5.00,1.97
2023-05-04,09:31:00,603855.SH,华荣股份,买入,27.535,11700,322159.03,96.65,0.00
2023-05-04,09:31:00,601997.SH,贵阳银行,卖出,5.609,-204900,-1149234.92,344.77,1149.23
2023-05-04,09:31:00,600612.SH,老凤祥,卖出,71.187,-11400,-811535.68,243.46,811.54
2023-05-04,09:31:00,601512.SH,中新集团,卖出,9.122,-13100,-119494.53,35.85,119.49
2023-05-04,09:31:00,601187.SH,厦门银行,买入,5.571,128800,717560.26,215.27,0.00
2023-05-04,09:31:00,600655.SH,豫园股份,买入,8.046,64400,518166.26,155.45,0.00
2023-04-03,09:31:00,603730.SH,岱美股份,买入,19.058,15300,291588.01,87.48,0.00
2023-04-03,09:31:00,603515.SH,欧普照明,卖出,19.321,-8000,-154570.24,46.37,154.57
2023-04-03,09:31:00,601566.SH,九牧王,卖出,10.379,-48000,-498201.60,149.46,498.20
2023-04-03,09:31:00,601512.SH,中新集团,买入,9.780,13100,128111.71,38.43,0.00
2023-04-03,09:31:00,600386.SH,北巴传媒,买入,4.619,70800,327040.78,98.11,0.00
2023-04-03,09:31:00,603258.SH,电魂网络,买入,28.517,31200,889727.90,266.92,0.00
2023-04-03,09:31:00,600729.SH,重百集团,买入,27.184,12900,350676.95,105.20,0.00
2023-04-03,09:31:00,600350.SH,山东高速,买入,6.152,50000,307614.00,92.28,0.00
2023-04-03,09:31:00,002991.SZ,甘源食品,卖出,91.786,-4100,-376322.85,112.90,376.32
2023-04-03,09:31:00,600612.SH,老凤祥,买入,54.108,7000,378756.00,113.63,0.00
2023-04-03,09:31:00,600655.SH,豫园股份,买入,8.116,55300,448825.86,134.65,0.00
2023-04-03,09:31:00,601298.SH,青岛港,买入,6.353,90800,576823.34,173.05,0.00
2023-04-03,09:31:00,600846.SH,同济科技,卖出,8.732,-21000,-183382.50,55.01,183.38
2023-04-03,09:31:00,600808.SH,马钢股份,卖出,2.894,-164600,-476385.32,142.92,476.39
2023-04-03,09:31:00,601098.SH,中南传媒,卖出,11.567,-61100,-706732.70,212.02,706.73
2023-04-03,09:31:00,603113.SH,金能科技,买入,10.020,62200,623244.00,186.97,0.00
2023-04-03,09:31:00,603878.SH,武进不锈,卖出,12.026,-30300,-364384.77,109.32,364.38
2023-04-03,09:31:00,002543.SZ,万和电气,卖出,8.972,-23300,-209048.07,62.71,209.05
2023-04-03,09:31:00,600742.SH,富维股份,卖出,8.683,-21600,-187544.16,56.26,187.54
2023-04-03,09:31:00,601187.SH,厦门银行,买入,5.411,43400,234828.72,70.45,0.00
2023-04-03,09:31:00,600177.SH,雅戈尔,买入,6.533,47700,311626.01,93.49,0.00
2023-04-03,09:31:00,601019.SH,山东出版,买入,8.006,93200,746157.34,223.85,0.00
2023-04-03,09:31:00,603699.SH,纽威股份,卖出,12.355,-25100,-310116.52,93.03,310.12
2023-04-03,09:31:00,601992.SH,金隅集团,卖出,2.435,-150200,-365755.02,109.73,365.76
2023-04-03,09:31:00,601339.SH,百隆东方,买入,6.934,54900,380667.82,114.20,0.00
2023-04-03,09:31:00,603758.SH,秦安股份,卖出,10.808,-20900,-225894.31,67.77,225.89
2023-04-03,09:31:00,603639.SH,海利尔,卖出,21.716,-14000,-304030.72,91.21,304.03
2023-04-03,09:31:00,600403.SH,大有能源,买入,5.140,41600,213834.82,64.15,0.00
2023-04-03,09:31:00,603096.SH,新经典,买入,22.725,22200,504502.99,151.35,0.00
2023-04-03,09:31:00,605009.SH,豪悦护理,卖出,45.868,-6000,-275208.48,82.56,275.21
2023-04-03,09:31:00,601997.SH,贵阳银行,卖出,5.499,-13100,-72036.64,21.61,72.04
2023-04-03,09:31:00,603897.SH,长城科技,卖出,21.108,-900,-18996.93,5.70,19.00
2023-04-03,09:31:00,601801.SH,皖新传媒,卖出,6.337,-500,-3168.65,5.00,3.17
2023-04-03,09:31:00,603239.SH,浙江仙通,卖出,15.709,-8800,-138234.98,41.47,138.23
2023-04-03,09:31:00,600662.SH,外服控股,卖出,6.188,-40000,-247504.00,74.25,247.50
2023-04-03,09:31:00,600967.SH,内蒙一机,卖出,9.501,-31000,-294529.76,88.36,294.53
2023-04-03,09:31:00,601900.SH,南方传媒,买入,9.749,38400,374379.26,112.31,0.00
2023-04-03,09:31:00,600790.SH,轻纺城,卖出,4.631,-125000,-578840.00,173.65,578.84
2023-04-03,09:31:00,002469.SZ,三维化学,卖出,6.078,-19300,-117301.93,35.19,117.30
2023-04-03,09:31:00,600284.SH,浦东建设,卖出,7.056,-70300,-496026.96,148.81,496.03
2023-04-03,09:31:00,600097.SH,开创国际,卖出,10.978,-1700,-18662.60,5.60,18.66
2023-03-01,09:31:00,603897.SH,长城科技,卖出,22.385,-9000,-201466.26,60.44,201.47
2023-03-01,09:31:00,601577.SH,长沙银行,卖出,8.034,-54900,-441061.11,132.32,441.06
2023-03-01,09:31:00,600284.SH,浦东建设,买入,7.295,25000,182364.00,54.71,0.00
2023-03-01,09:31:00,600808.SH,马钢股份,买入,3.116,114400,356495.57,106.95,0.00
2023-03-01,09:31:00,600662.SH,外服控股,卖出,6.088,-23600,-143672.08,43.10,143.67
2023-03-01,09:31:00,605009.SH,豪悦护理,买入,50.761,6000,304567.92,91.37,0.00
2023-03-01,09:31:00,603639.SH,海利尔,买入,27.625,14100,389514.47,116.85,0.00
2023-03-01,09:31:00,603878.SH,武进不锈,买入,13.577,6600,89608.86,26.88,0.00
2023-03-01,09:31:00,600790.SH,轻纺城,买入,4.880,61000,297664.14,89.30,0.00
2023-03-01,09:31:00,603515.SH,欧普照明,买入,19.379,10600,205414.01,61.62,0.00
2023-03-01,09:31:00,603908.SH,牧高笛,卖出,75.070,-4300,-322799.11,96.84,322.80
2023-03-01,09:31:00,603318.SH,水发燃气,卖出,8.832,-7700,-68008.71,20.40,68.01
2023-03-01,09:31:00,603298.SH,杭叉集团,卖出,21.207,-14000,-296905.00,89.07,296.91
2023-03-01,09:31:00,600729.SH,重百集团,买入,26.242,10200,267672.28,80.30,0.00
2023-03-01,09:31:00,603239.SH,浙江仙通,买入,19.379,14600,282928.73,84.88,0.00
2023-03-01,09:31:00,601992.SH,金隅集团,买入,2.625,306600,804898.58,241.47,0.00
2023-03-01,09:31:00,603258.SH,电魂网络,卖出,24.830,-11700,-290513.81,87.15,290.51
2023-03-01,09:31:00,600967.SH,内蒙一机,卖出,9.701,-61300,-594644.33,178.39,594.64
2023-03-01,09:31:00,002469.SZ,三维化学,卖出,6.487,-39000,-252993.00,75.90,252.99
2023-03-01,09:31:00,603699.SH,纽威股份,买入,11.533,25100,289478.80,86.84,0.00
2023-03-01,09:31:00,603758.SH,秦安股份,卖出,11.487,-700,-8040.89,5.00,8.04
2023-03-01,09:31:00,002991.SZ,甘源食品,卖出,89.870,-300,-26960.97,8.09,26.96
2023-03-01,09:31:00,600846.SH,同济科技,买入,9.509,22100,210148.46,63.04,0.00
2023-03-01,09:31:00,601801.SH,皖新传媒,买入,5.621,43500,244523.07,73.36,0.00
2023-03-01,09:31:00,601965.SH,中国汽研,卖出,25.070,-13400,-335934.78,100.78,335.93
2023-03-01,09:31:00,601098.SH,中南传媒,买入,10.020,58800,589176.00,176.75,0.00
2023-03-01,09:31:00,601997.SH,贵阳银行,买入,5.661,143300,811264.29,243.38,0.00
2023-03-01,09:31:00,002543.SZ,万和电气,卖出,9.561,-30100,-287781.28,86.33,287.78
2023-03-01,09:31:00,600282.SH,南钢股份,卖出,4.052,-124200,-503243.50,150.97,503.24
2023-03-01,09:31:00,600688.SH,上海石化,卖出,3.263,-132600,-432734.80,129.82,432.73
2023-03-01,09:31:00,600612.SH,老凤祥,买入,48.898,4400,215149.44,64.54,0.00
2023-03-01,09:31:00,600097.SH,开创国际,卖出,10.569,-11600,-122598.31,36.78,122.60
2023-03-01,09:31:00,600814.SH,杭州解百,卖出,7.864,-29700,-233567.93,70.07,233.57
2023-03-01,09:31:00,601566.SH,九牧王,买入,12.224,63000,770137.20,231.04,0.00
2023-03-01,09:31:00,600742.SH,富维股份,买入,9.359,21600,202147.49,60.64,0.00
2023-02-01,09:31:00,600808.SH,马钢股份,买入,2.956,125400,370669.86,111.20,0.00
2023-02-01,09:31:00,600790.SH,轻纺城,买入,4.709,83300,392293.02,117.69,0.00
2023-02-01,09:31:00,603077.SH,和邦生物,卖出,3.214,-22500,-72305.10,21.69,72.31
2023-02-01,09:31:00,600348.SH,华阳股份,卖出,15.649,-52300,-818423.87,245.53,818.42
2023-02-01,09:31:00,600062.SH,华润双鹤,卖出,18.313,-19400,-355278.02,106.58,355.28
2023-02-01,09:31:00,600662.SH,外服控股,买入,5.952,63600,378539.57,113.56,0.00
2023-02-01,09:31:00,600688.SH,上海石化,买入,3.206,132600,425168.64,127.55,0.00
2023-02-01,09:31:00,600814.SH,杭州解百,买入,7.755,29700,230337.76,69.10,0.00
2023-02-01,09:31:00,603289.SH,泰瑞机器,卖出,11.447,-26500,-303347.09,91.00,303.35
2023-02-01,09:31:00,603897.SH,长城科技,卖出,23.433,-23900,-560049.66,168.01,560.05
2023-02-01,09:31:00,600967.SH,内蒙一机,买入,9.148,92300,844384.40,253.32,0.00
2023-02-01,09:31:00,603327.SH,福蓉科技,卖出,16.118,-15300,-246600.81,73.98,246.60
2023-02-01,09:31:00,603055.SH,台华新材,卖出,12.575,-43500,-547003.80,164.10,547.00
2023-02-01,09:31:00,600282.SH,南钢股份,买入,3.477,124200,431835.95,129.55,0.00
2023-02-01,09:31:00,601965.SH,中国汽研,买入,19.559,13400,262091.14,78.63,0.00
2023-02-01,09:31:00,601577.SH,长沙银行,买入,6.894,54900,378467.42,113.54,0.00
2023-02-01,09:31:00,603758.SH,秦安股份,买入,11.192,35300,395089.60,118.53,0.00
2023-02-01,09:31:00,002543.SZ,万和电气,卖出,9.451,-40900,-386548.35,115.96,386.55
2023-02-01,09:31:00,601098.SH,中南传媒,买入,9.860,32900,324383.47,97.32,0.00
2023-02-01,09:31:00,002553.SZ,南方精工,卖出,13.034,-51500,-671244.82,201.37,671.24
2023-02-01,09:31:00,600256.SH,广汇能源,卖出,10.200,-81000,-826164.36,247.85,826.16
2023-02-01,09:31:00,603298.SH,杭叉集团,买入,19.479,14000,272704.32,81.81,0.00
2023-02-01,09:31:00,601997.SH,贵阳银行,买入,5.591,74700,417659.65,125.30,0.00
2023-02-01,09:31:00,603757.SH,大元泵业,卖出,26.936,-18600,-501009.97,150.30,501.01
2023-02-01,09:31:00,603217.SH,元利科技,卖出,31.736,-1500,-47604.60,14.28,47.60
2023-02-01,09:31:00,002991.SZ,甘源食品,买入,83.026,5900,489851.75,146.96,0.00
2023-02-01,09:31:00,601801.SH,皖新传媒,买入,5.551,52200,289766.38,86.93,0.00
2023-02-01,09:31:00,601717.SH,中创智领,卖出,12.774,-95200,-1216122.88,364.84,1216.12
2023-02-01,09:31:00,601388.SH,怡球资源,卖出,3.653,-241500,-882122.22,264.64,882.12
2023-02-01,09:31:00,600438.SH,通威股份,卖出,42.295,-27800,-1175807.67,352.74,1175.81
2023-02-01,09:31:00,600097.SH,开创国际,买入,10.401,13300,138330.11,41.50,0.00
2023-02-01,09:31:00,601992.SH,金隅集团,买入,2.535,163700,414989.32,124.50,0.00
2023-02-01,09:31:00,603318.SH,水发燃气,卖出,9.082,-42400,-385068.32,115.52,385.07
2023-02-01,09:31:00,601872.SH,招商轮船,卖出,6.397,-137300,-878332.81,263.50,878.33
2023-02-01,09:31:00,601001.SH,晋控煤业,卖出,12.824,-73000,-936173.90,280.85,936.17
2023-02-01,09:31:00,603612.SH,索通发展,卖出,28.922,-23200,-670991.33,201.30,670.99
2023-02-01,09:31:00,603258.SH,电魂网络,买入,22.966,13000,298555.92,89.57,0.00
2023-02-01,09:31:00,603908.SH,牧高笛,卖出,64.551,-7700,-497039.93,149.11,497.04
2023-02-01,09:31:00,002585.SZ,双星新材,卖出,14.381,-44900,-645714.98,193.71,645.71
2023-02-01,09:31:00,600284.SH,浦东建设,买入,7.164,57500,411947.25,123.58,0.00
2023-02-01,09:31:00,002469.SZ,三维化学,卖出,6.517,-76300,-497242.52,149.17,497.24
2023-02-01,09:31:00,600188.SH,兖矿能源,卖出,34.261,-21600,-740044.94,222.01,740.04
2023-02-01,09:31:00,603878.SH,武进不锈,买入,13.196,28700,378734.96,113.62,0.00
2023-02-01,09:31:00,601311.SH,骆驼股份,卖出,8.912,-42100,-375201.09,112.56,375.20
2023-02-01,09:31:00,603088.SH,宁波精达,卖出,9.261,-3900,-36119.62,10.84,36.12
2023-02-01,09:31:00,002603.SZ,以岭药业,卖出,28.972,-11000,-318691.34,95.61,318.69
2023-01-03,09:31:00,603077.SH,和邦生物,卖出,3.044,-335300,-1020619.67,306.19,1020.62
2023-01-03,09:31:00,603908.SH,牧高笛,买入,60.962,3500,213365.88,64.01,0.00
2023-01-03,09:31:00,603327.SH,福蓉科技,卖出,15.958,-33700,-537785.27,161.34,537.79
2023-01-03,09:31:00,603055.SH,台华新材,卖出,9.880,-34200,-337902.84,101.37,337.90
2023-01-03,09:31:00,603013.SH,亚普股份,卖出,14.321,-2300,-32938.99,9.88,32.94
2023-01-03,09:31:00,603289.SH,泰瑞机器,买入,9.018,26500,238977.00,71.69,0.00
2023-01-03,09:31:00,601717.SH,中创智领,买入,11.222,95200,1068372.48,320.51,0.00
2023-01-03,09:31:00,603897.SH,长城科技,买入,21.303,2400,51126.05,15.34,0.00
2023-01-03,09:31:00,603612.SH,索通发展,买入,26.222,3600,94400.42,28.32,0.00
2023-01-03,09:31:00,601001.SH,晋控煤业,买入,12.014,30200,362822.20,108.85,0.00
2023-01-03,09:31:00,603318.SH,水发燃气,买入,8.557,50100,428709.71,128.61,0.00
2023-01-03,09:31:00,600389.SH,江山股份,卖出,43.992,-13600,-598289.02,179.49,598.29
2023-01-03,09:31:00,002585.SZ,双星新材,卖出,12.685,-11400,-144604.21,43.38,144.60
2023-01-03,09:31:00,601872.SH,招商轮船,买入,5.611,137300,770417.76,231.13,0.00
2023-01-03,09:31:00,603825.SH,ST华扬,卖出,14.241,-25900,-368853.81,110.66,368.85
2023-01-03,09:31:00,600348.SH,华阳股份,买入,14.248,52300,745193.41,223.56,0.00
2023-01-03,09:31:00,600188.SH,兖矿能源,买入,33.727,21600,728510.11,218.55,0.00
2023-01-03,09:31:00,603757.SH,大元泵业,卖出,19.251,-16400,-315723.29,94.72,315.72
2023-01-03,09:31:00,603088.SH,宁波精达,卖出,7.196,-18900,-135996.46,40.80,136.00
2023-01-03,09:31:00,002603.SZ,以岭药业,买入,30.020,11000,330219.12,99.07,0.00
2023-01-03,09:31:00,603916.SH,苏博特,卖出,16.038,-10100,-161982.39,48.59,161.98
2023-01-03,09:31:00,600438.SH,通威股份,买入,38.627,7500,289703.25,86.91,0.00
2023-01-03,09:31:00,601311.SH,骆驼股份,买入,8.166,42100,343801.23,103.14,0.00
2023-01-03,09:31:00,002543.SZ,万和电气,买入,8.567,20800,178195.68,53.46,0.00
2023-01-03,09:31:00,600256.SH,广汇能源,买入,9.068,81000,734516.10,220.35,0.00
2023-01-03,09:31:00,603217.SH,元利科技,卖出,31.138,-14700,-457722.72,137.32,457.72
2023-01-03,09:31:00,601388.SH,怡球资源,买入,3.347,84500,282794.46,84.84,0.00
2023-01-03,09:31:00,600062.SH,华润双鹤,买入,19.038,19400,369337.20,110.80,0.00
2023-01-03,09:31:00,603758.SH,秦安股份,卖出,7.954,-23500,-186920.41,56.08,186.92
2023-01-03,09:31:00,600586.SH,金晶科技,卖出,8.683,-97500,-846553.50,253.97,846.55
2023-01-03,09:31:00,002469.SZ,三维化学,买入,5.872,35900,210794.75,63.24,0.00
2023-01-03,09:31:00,605168.SH,三人行,卖出,88.622,-7300,-646943.52,194.08,646.94
2023-01-03,09:31:00,600180.SH,*ST瑞茂,卖出,5.609,-16700,-93666.29,28.10,93.67
2023-01-03,09:31:00,002553.SZ,南方精工,买入,11.333,1100,12465.88,5.00,0.00
2022-12-01,09:31:00,600389.SH,江山股份,买入,43.447,13600,590875.39,177.26,0.00
2022-12-01,09:31:00,603816.SH,顾家家居,卖出,36.217,-22700,-822135.43,246.64,822.14
2022-12-01,09:31:00,600657.SH,信达地产,卖出,6.737,-112900,-760550.85,228.17,760.55
2022-12-01,09:31:00,603757.SH,大元泵业,买入,23.046,35000,806610.00,241.98,0.00
2022-12-01,09:31:00,600586.SH,金晶科技,买入,8.256,97500,805006.80,241.50,0.00
2022-12-01,09:31:00,603825.SH,ST华扬,买入,13.567,25900,351387.37,105.42,0.00
2022-12-01,09:31:00,601789.SH,宁波建工,卖出,4.721,-97400,-459780.60,137.93,459.78
2022-12-01,09:31:00,603217.SH,元利科技,卖出,27.006,-6400,-172837.63,51.85,172.84
2022-12-01,09:31:00,603077.SH,和邦生物,买入,3.196,83800,267856.64,80.36,0.00
2022-12-01,09:31:00,002469.SZ,三维化学,买入,6.613,98700,652722.84,195.82,0.00
2022-12-01,09:31:00,600438.SH,通威股份,买入,43.888,20300,890918.28,267.28,0.00
2022-12-01,09:31:00,002553.SZ,南方精工,买入,12.575,50400,633785.04,190.14,0.00
2022-12-01,09:31:00,605168.SH,三人行,卖出,80.429,-100,-8042.88,5.00,8.04
2022-12-01,09:31:00,603916.SH,苏博特,卖出,17.944,-23600,-423479.34,127.04,423.48
2022-12-01,09:31:00,603010.SH,万盛股份,卖出,12.734,-17200,-219033.06,65.71,219.03
2022-12-01,09:31:00,603908.SH,牧高笛,买入,61.393,1700,104367.32,31.31,0.00
2022-12-01,09:31:00,002761.SZ,浙江建投,卖出,24.002,-46600,-1118488.54,335.55,1118.49
2022-12-01,09:31:00,601388.SH,怡球资源,买入,3.617,157000,567903.54,170.37,0.00
2022-12-01,09:31:00,600502.SH,安徽建工,卖出,5.489,-202500,-1111522.50,333.46,1111.52
2022-12-01,09:31:00,603013.SH,亚普股份,卖出,15.379,-8100,-124571.36,37.37,124.57
2022-12-01,09:31:00,601636.SH,旗滨集团,卖出,9.970,-87400,-871379.75,261.41,871.38
2022-12-01,09:31:00,601001.SH,晋控煤业,买入,13.888,42800,594394.42,178.32,0.00
2022-12-01,09:31:00,002543.SZ,万和电气,买入,10.200,73500,749726.46,224.92,0.00
2022-12-01,09:31:00,600180.SH,*ST瑞茂,卖出,6.128,-32900,-201601.99,60.48,201.60
2022-12-01,09:31:00,603327.SH,福蓉科技,买入,14.559,19600,285357.58,85.61,0.00
2022-12-01,09:31:00,600328.SH,中盐化工,卖出,16.557,-51700,-855987.59,256.80,855.99
2022-12-01,09:31:00,603055.SH,台华新材,买入,9.499,8600,81691.06,24.51,0.00
2022-12-01,09:31:00,603848.SH,好太太,卖出,13.154,-2000,-26307.28,7.89,26.31
2022-12-01,09:31:00,603897.SH,长城科技,买入,22.495,1300,29243.37,8.77,0.00
2022-12-01,09:31:00,603612.SH,索通发展,卖出,30.539,-9500,-290118.60,87.04,290.12
2022-12-01,09:31:00,603758.SH,秦安股份,买入,8.918,29900,266642.22,79.99,0.00
2022-12-01,09:31:00,002561.SZ,徐家汇,卖出,11.148,-70800,-789254.33,236.78,789.25
2022-12-01,09:31:00,002585.SZ,双星新材,买入,15.461,18400,284479.82,85.34,0.00
2022-12-01,09:31:00,603088.SH,宁波精达,买入,7.906,22800,180251.78,54.08,0.00
2022-12-01,09:31:00,600383.SH,金地集团,卖出,11.677,-65100,-760146.66,228.04,760.15
2022-12-01,09:31:00,603662.SH,柯力传感,卖出,15.439,-600,-9263.44,5.00,9.26
2022-11-01,09:31:00,600180.SH,*ST瑞茂,买入,5.391,49600,267381.70,80.21,0.00
2022-11-01,09:31:00,603013.SH,亚普股份,卖出,13.762,-11900,-163772.80,49.13,163.77
2022-11-01,09:31:00,603916.SH,苏博特,买入,14.749,25800,380535.55,114.16,0.00
2022-11-01,09:31:00,603077.SH,和邦生物,买入,2.916,274000,798934.68,239.68,0.00
2022-11-01,09:31:00,601636.SH,旗滨集团,买入,7.926,87400,692716.67,207.82,0.00
2022-11-01,09:31:00,603848.SH,好太太,卖出,11.826,-5800,-68592.54,20.58,68.59
2022-11-01,09:31:00,600383.SH,金地集团,买入,7.876,65100,512709.37,153.81,0.00
2022-11-01,09:31:00,601126.SH,四方股份,卖出,14.770,-45100,-666145.04,199.84,666.15
2022-11-01,09:31:00,600328.SH,中盐化工,买入,13.687,6300,86230.12,25.87,0.00
2022-11-01,09:31:00,603327.SH,福蓉科技,买入,15.000,29400,440998.24,132.30,0.00
2022-11-01,09:31:00,603010.SH,万盛股份,买入,11.814,17200,203193.58,60.96,0.00
2022-11-01,09:31:00,603612.SH,索通发展,买入,27.535,14500,399256.92,119.78,0.00
2022-11-01,09:31:00,603217.SH,元利科技,买入,24.178,12600,304646.08,91.39,0.00
2022-11-01,09:31:00,603055.SH,台华新材,买入,8.707,25100,218555.24,65.57,0.00
2022-11-01,09:31:00,600062.SH,华润双鹤,卖出,18.104,-42100,-762166.61,228.65,762.17
2022-11-01,09:31:00,603758.SH,秦安股份,卖出,8.214,-6100,-50102.59,15.03,50.10
2022-11-01,09:31:00,603667.SH,五洲新春,卖出,15.818,-20800,-329020.64,98.71,329.02
2022-11-01,09:31:00,600502.SH,安徽建工,买入,4.609,55100,253966.92,76.19,0.00
2022-11-01,09:31:00,603816.SH,顾家家居,买入,30.361,22700,689185.62,206.76,0.00
2022-11-01,09:31:00,603897.SH,长城科技,买入,22.385,8900,199223.65,59.77,0.00
2022-11-01,09:31:00,603797.SH,联泰环保,卖出,5.499,-11900,-65437.86,19.63,65.44
2022-11-01,09:31:00,600880.SH,博瑞传播,卖出,4.561,-53700,-244918.18,73.48,244.92
2022-11-01,09:31:00,002561.SZ,徐家汇,买入,7.295,70800,516454.85,154.94,0.00
2022-11-01,09:31:00,603444.SH,吉比特,卖出,254.141,-2800,-711593.96,213.48,711.59
2022-11-01,09:31:00,603908.SH,牧高笛,买入,56.373,6800,383333.14,115.00,0.00
2022-11-01,09:31:00,603357.SH,设计总院,卖出,9.082,-17000,-154390.60,46.32,154.39
2022-11-01,09:31:00,605366.SH,宏柏新材,卖出,15.699,-26000,-408162.04,122.45,408.16
2022-11-01,09:31:00,605166.SH,聚合顺,卖出,13.223,-8000,-105788.00,31.74,105.79
2022-11-01,09:31:00,603968.SH,醋化股份,卖出,19.750,-5300,-104677.23,31.40,104.68
2022-11-01,09:31:00,603123.SH,翠微股份,卖出,10.579,-55500,-587123.40,176.14,587.12
2022-11-01,09:31:00,603966.SH,法兰泰克,卖出,12.774,-16400,-209500.16,62.85,209.50
2022-11-01,09:31:00,601789.SH,宁波建工,卖出,4.172,-89600,-373778.94,112.13,373.78
2022-11-01,09:31:00,002585.SZ,双星新材,买入,11.072,2300,25465.83,7.64,0.00
2022-11-01,09:31:00,601311.SH,骆驼股份,卖出,8.533,-68800,-587063.52,176.12,587.06
2022-11-01,09:31:00,600657.SH,信达地产,买入,4.138,109600,453553.30,136.07,0.00
2022-11-01,09:31:00,603662.SH,柯力传感,卖出,15.569,-8100,-126107.28,37.83,126.11
2022-11-01,09:31:00,605168.SH,三人行,买入,70.040,7400,518294.52,155.49,0.00
2022-11-01,09:31:00,002101.SZ,广东鸿图,卖出,22.126,-20800,-460213.73,138.06,460.21
2022-11-01,09:31:00,600976.SH,健民集团,卖出,57.515,-10600,-609656.24,182.90,609.66
2022-11-01,09:31:00,002761.SZ,浙江建投,买入,20.000,18500,369998.52,111.00,0.00
2022-11-01,09:31:00,002090.SZ,金智科技,卖出,12.764,-46700,-596098.41,178.83,596.10
2022-11-01,09:31:00,600782.SH,新钢股份,卖出,3.553,-17500,-62175.40,18.65,62.18
2022-11-01,09:31:00,601222.SH,林洋能源,卖出,7.415,-80200,-594694.23,178.41,594.69
2022-11-01,09:31:00,600835.SH,上海机电,卖出,11.377,-4400,-50059.68,15.02,50.06
2022-10-10,09:31:00,002090.SZ,金智科技,买入,11.022,46700,514727.40,154.42,0.00
2022-10-10,09:31:00,601311.SH,骆驼股份,买入,8.367,68800,575628.96,172.69,0.00
2022-10-10,09:31:00,605166.SH,聚合顺,卖出,13.204,-7400,-97706.20,29.31,97.71
2022-10-10,09:31:00,603662.SH,柯力传感,卖出,14.321,-5100,-73038.63,21.91,73.04
2022-10-10,09:31:00,002101.SZ,广东鸿图,买入,20.802,20800,432671.62,129.80,0.00
2022-10-10,09:31:00,603797.SH,联泰环保,卖出,5.349,-8900,-47608.59,14.28,47.61
2022-10-10,09:31:00,603848.SH,好太太,卖出,12.884,-4000,-51536.72,15.46,51.54
2022-10-10,09:31:00,002761.SZ,浙江建投,买入,20.561,500,10280.52,5.00,0.00
2022-10-10,09:31:00,601882.SH,海天精工,卖出,17.575,-10600,-186292.67,55.89,186.29
2022-10-10,09:31:00,002585.SZ,双星新材,买入,15.000,35600,533997.86,160.20,0.00
2022-10-10,09:31:00,603968.SH,醋化股份,卖出,19.760,-13500,-266765.40,80.03,266.77
2022-10-10,09:31:00,600976.SH,健民集团,卖出,38.982,-8600,-335244.17,100.57,335.24
2022-10-10,09:31:00,600835.SH,上海机电,卖出,11.168,-21200,-236753.54,71.03,236.75
2022-10-10,09:31:00,603667.SH,五洲新春,买入,13.607,20800,283028.93,84.91,0.00
2022-10-10,09:31:00,600880.SH,博瑞传播,买入,4.389,53700,235676.41,70.70,0.00
2022-10-10,09:31:00,603217.SH,元利科技,买入,27.615,10000,276151.20,82.85,0.00
2022-10-10,09:31:00,603612.SH,索通发展,买入,28.226,14600,412104.56,123.63,0.00
2022-10-10,09:31:00,603758.SH,秦安股份,卖出,8.134,-11400,-92724.18,27.82,92.72
2022-10-10,09:31:00,603444.SH,吉比特,买入,248.997,1400,348595.80,104.58,0.00
2022-10-10,09:31:00,600668.SH,尖峰集团,卖出,11.108,-17700,-196607.00,58.98,196.61
2022-10-10,09:31:00,603100.SH,川仪股份,卖出,28.203,-21900,-617656.21,185.30,617.66
2022-10-10,09:31:00,603966.SH,法兰泰克,卖出,11.198,-27100,-303453.88,91.04,303.45
2022-10-10,09:31:00,603916.SH,苏博特,卖出,16.577,-11300,-187317.61,56.20,187.32
2022-10-10,09:31:00,603730.SH,岱美股份,卖出,14.261,-8900,-126926.64,38.08,126.93
2022-10-10,09:31:00,600328.SH,中盐化工,买入,15.180,45400,689185.62,206.76,0.00
2022-10-10,09:31:00,605366.SH,宏柏新材,买入,16.633,26000,432463.20,129.74,0.00
2022-10-10,09:31:00,601222.SH,林洋能源,买入,6.794,80200,544843.51,163.45,0.00
2022-10-10,09:31:00,603676.SH,卫信康,卖出,11.557,-9800,-113257.03,33.98,113.26
2022-10-10,09:31:00,600782.SH,新钢股份,卖出,3.852,-144500,-556654.46,167.00,556.65
2022-10-10,09:31:00,603123.SH,翠微股份,买入,9.619,16600,159678.72,47.90,0.00
2022-10-10,09:31:00,600502.SH,安徽建工,买入,5.000,8600,42999.83,12.90,0.00
2022-10-10,09:31:00,603897.SH,长城科技,买入,23.176,10800,250303.61,75.09,0.00
2022-10-10,09:31:00,601789.SH,宁波建工,买入,4.208,35600,149819.04,44.95,0.00
2022-10-10,09:31:00,601126.SH,四方股份,买入,12.806,45100,577530.76,173.26,0.00
2022-10-10,09:31:00,603055.SH,台华新材,买入,10.471,27200,284808.48,85.44,0.00
2022-10-10,09:31:00,603013.SH,亚普股份,卖出,13.273,-6400,-84949.76,25.48,84.95
2022-10-10,09:31:00,600456.SH,宝钛股份,卖出,43.313,-9300,-402812.76,120.84,402.81
2022-10-10,09:31:00,002561.SZ,徐家汇,卖出,9.102,-91300,-830990.69,249.30,830.99
2022-10-10,09:31:00,603357.SH,设计总院,卖出,9.092,-13800,-125466.56,37.64,125.47
2022-10-10,09:31:00,600062.SH,华润双鹤,买入,17.655,5600,98869.34,29.66,0.00
2022-10-10,09:31:00,600056.SH,中国医药,卖出,12.076,-61500,-742661.70,222.80,742.66
2022-10-10,09:31:00,000756.SZ,新华制药,卖出,18.673,-28500,-532168.53,159.65,532.17
2022-10-10,09:31:00,600979.SH,广安爱众,卖出,3.174,-43200,-137101.25,41.13,137.10
2022-10-10,09:31:00,603611.SH,诺力股份,卖出,15.130,-8400,-127089.31,38.13,127.09
2022-10-10,09:31:00,002432.SZ,九安医疗,卖出,43.712,-11900,-520177.56,156.05,520.18
2022-10-10,09:31:00,600657.SH,信达地产,卖出,4.810,-144000,-692691.84,207.81,692.69
2022-09-01,09:31:00,600056.SH,中国医药,买入,12.806,61500,787541.94,236.26,0.00
2022-09-01,09:31:00,603055.SH,台华新材,买入,10.812,16800,181634.54,54.49,0.00
2022-09-01,09:31:00,603126.SH,中材节能,卖出,7.984,-29600,-236326.40,70.90,236.33
2022-09-01,09:31:00,600668.SH,尖峰集团,买入,12.194,17700,215839.82,64.75,0.00
2022-09-01,09:31:00,000756.SZ,新华制药,买入,17.615,28500,502032.06,150.61,0.00
2022-09-01,09:31:00,601882.SH,海天精工,卖出,19.561,-17200,-336445.76,100.93,336.45
2022-09-01,09:31:00,002561.SZ,徐家汇,买入,8.968,91300,818769.27,245.63,0.00
2022-09-01,09:31:00,603897.SH,长城科技,买入,27.765,10400,288760.37,86.63,0.00
2022-09-01,09:31:00,603848.SH,好太太,卖出,14.112,-5100,-71969.77,21.59,71.97
2022-09-01,09:31:00,603611.SH,诺力股份,卖出,17.186,-32700,-561967.81,168.59,561.97
2022-09-01,09:31:00,603013.SH,亚普股份,卖出,14.621,-7600,-111117.32,33.34,111.12
2022-09-01,09:31:00,600979.SH,广安爱众,卖出,3.503,-132700,-464845.45,139.45,464.85
2022-09-01,09:31:00,600782.SH,新钢股份,买入,4.269,162000,691500.24,207.45,0.00
2022-09-01,09:31:00,002761.SZ,浙江建投,买入,23.497,27600,648514.44,194.55,0.00
2022-09-01,09:31:00,601019.SH,山东出版,卖出,6.707,-32700,-219304.51,65.79,219.30
2022-09-01,09:31:00,600835.SH,上海机电,卖出,12.565,-14100,-177163.96,53.15,177.16
2022-09-01,09:31:00,603970.SH,中农立华,卖出,29.810,-3200,-95392.83,28.62,95.39
2022-09-01,09:31:00,600456.SH,宝钛股份,买入,44.980,9300,418311.95,125.49,0.00
2022-09-01,09:31:00,603966.SH,法兰泰克,卖出,10.329,-11900,-122918.67,36.88,122.92
2022-09-01,09:31:00,600236.SH,桂冠电力,卖出,6.198,-600,-3718.55,5.00,3.72
2022-09-01,09:31:00,603318.SH,水发燃气,卖出,7.864,-28500,-224130.84,67.24,224.13
2022-09-01,09:31:00,600987.SH,航民股份,卖出,6.287,-4400,-27664.56,8.30,27.66
2022-09-01,09:31:00,600657.SH,信达地产,买入,5.230,147300,770443.81,231.13,0.00
2022-09-01,09:31:00,603758.SH,秦安股份,买入,8.928,17500,156236.85,46.87,0.00
2022-09-01,09:31:00,603967.SH,中创物流,卖出,10.170,-9500,-96611.39,28.98,96.61
2022-09-01,09:31:00,603916.SH,苏博特,买入,18.727,14600,273419.75,82.03,0.00
2022-09-01,09:31:00,603730.SH,岱美股份,卖出,13.643,-22200,-302867.05,90.86,302.87
2022-09-01,09:31:00,603357.SH,设计总院,买入,9.810,30800,302135.06,90.64,0.00
2022-09-01,09:31:00,603444.SH,吉比特,买入,285.971,1400,400359.12,120.11,0.00
2022-09-01,09:31:00,603123.SH,翠微股份,买入,11.313,38900,440059.36,132.02,0.00
2022-09-01,09:31:00,605166.SH,聚合顺,卖出,12.645,-10000,-126446.60,37.93,126.45
2022-09-01,09:31:00,603279.SH,景津装备,卖出,29.221,-13300,-388645.15,116.59,388.65
2022-09-01,09:31:00,601298.SH,青岛港,卖出,5.279,-10000,-52794.20,15.84,52.79
2022-09-01,09:31:00,603968.SH,醋化股份,卖出,21.557,-15700,-338441.76,101.53,338.44
2022-09-01,09:31:00,600502.SH,安徽建工,买入,5.721,138800,794133.10,238.24,0.00
2022-09-01,09:31:00,600976.SH,健民集团,买入,41.513,19200,797046.91,239.11,0.00
2022-09-01,09:31:00,601789.SH,宁波建工,买入,4.649,151400,703900.99,211.17,0.00
2022-09-01,09:31:00,603706.SH,东方环宇,卖出,16.547,-16000,-264749.44,79.42,264.75
2022-09-01,09:31:00,600901.SH,江苏金租,卖出,5.090,-47100,-239729.58,71.92,239.73
2022-09-01,09:31:00,002432.SZ,九安医疗,买入,49.809,11900,592732.10,177.82,0.00
2022-09-01,09:31:00,600062.SH,华润双鹤,买入,18.988,36500,693058.35,207.92,0.00
2022-09-01,09:31:00,603156.SH,养元饮品,卖出,19.202,-2900,-55684.41,16.71,55.68
2022-09-01,09:31:00,603100.SH,川仪股份,卖出,19.012,-13600,-258561.84,77.57,258.56
2022-09-01,09:31:00,603676.SH,卫信康,卖出,12.226,-24700,-301969.85,90.59,301.97
2022-09-01,09:31:00,603662.SH,柯力传感,卖出,16.148,-8600,-138869.70,41.66,138.87
2022-09-01,09:31:00,002605.SZ,姚记科技,卖出,14.750,-17700,-261082.79,78.32,261.08
2022-09-01,09:31:00,603797.SH,联泰环保,卖出,5.818,-16600,-96584.44,28.98,96.58
2022-09-01,09:31:00,600475.SH,华光环能,卖出,8.473,-21500,-182169.93,54.65,182.17
2022-09-01,09:31:00,601098.SH,中南传媒,卖出,9.840,-9200,-90530.58,27.16,90.53
2022-08-01,09:31:00,603126.SH,中材节能,买入,7.214,29600,213546.24,64.06,0.00
2022-08-01,09:31:00,603100.SH,川仪股份,买入,19.439,35500,690077.40,207.02,0.00
2022-08-01,09:31:00,603662.SH,柯力传感,买入,16.784,22400,375950.40,112.79,0.00
2022-08-01,09:31:00,603318.SH,水发燃气,买入,8.206,28500,233881.83,70.16,0.00
2022-08-01,09:31:00,603968.SH,醋化股份,买入,24.319,5100,124024.55,37.21,0.00
2022-08-01,09:31:00,603966.SH,法兰泰克,买入,12.325,33300,410409.18,123.12,0.00
2022-08-01,09:31:00,603013.SH,亚普股份,买入,16.333,36300,592873.38,177.86,0.00
2022-08-01,09:31:00,603279.SH,景津装备,买入,33.046,13300,439511.27,131.85,0.00
2022-08-01,09:31:00,601882.SH,海天精工,买入,23.337,27800,648756.92,194.63,0.00
2022-08-01,09:31:00,600835.SH,上海机电,买入,16.002,39700,635277.02,190.58,0.00
2022-08-01,09:31:00,603967.SH,中创物流,卖出,9.900,-10700,-105931.71,31.78,105.93
2022-08-01,09:31:00,603970.SH,中农立华,卖出,31.986,-9700,-310263.23,93.08,310.26
2022-08-01,09:31:00,600475.SH,华光环能,买入,8.848,21500,190224.69,57.07,0.00
2022-08-01,09:31:00,603730.SH,岱美股份,买入,15.982,31100,497037.09,149.11,0.00
2022-08-01,09:31:00,603758.SH,秦安股份,卖出,12.046,-27100,-326442.81,97.93,326.44
2022-08-01,09:31:00,603611.SH,诺力股份,买入,18.737,700,13116.18,5.00,0.00
2022-08-01,09:31:00,603848.SH,好太太,买入,16.363,2100,34361.59,10.31,0.00
2022-08-01,09:31:00,603676.SH,卫信康,买入,13.236,18600,246197.41,73.86,0.00
2022-08-01,09:31:00,603332.SH,苏州龙杰,卖出,13.074,-20600,-269320.28,80.80,269.32
2022-08-01,09:31:00,605166.SH,聚合顺,买入,14.299,25400,363182.92,108.95,0.00
2022-08-01,09:31:00,603797.SH,联泰环保,买入,6.263,37400,234217.50,70.27,0.00
2022-08-01,09:31:00,601515.SH,衢州东峰,卖出,4.401,-12300,-54134.51,16.24,54.13
2022-08-01,09:31:00,600901.SH,江苏金租,买入,5.090,47100,239746.54,71.92,0.00
2022-08-01,09:31:00,601019.SH,山东出版,卖出,5.938,-17000,-100947.70,30.28,100.95
2022-08-01,09:31:00,603788.SH,宁波高发,卖出,13.882,-8800,-122163.18,36.65,122.16
2022-08-01,09:31:00,600784.SH,鲁银投资,卖出,8.034,-46000,-369559.40,110.87,369.56
2022-08-01,09:31:00,601098.SH,中南传媒,卖出,8.972,-23500,-210842.47,63.25,210.84
2022-08-01,09:31:00,601298.SH,青岛港,卖出,5.449,-35300,-192352.52,57.71,192.35
2022-08-01,09:31:00,603156.SH,养元饮品,卖出,20.209,-9000,-181885.50,54.57,181.89
2022-08-01,09:31:00,600979.SH,广安爱众,买入,3.487,97300,339281.21,101.78,0.00
2022-08-01,09:31:00,603617.SH,君禾股份,卖出,10.279,-47100,-484159.74,145.25,484.16
2022-08-01,09:31:00,603916.SH,苏博特,卖出,20.908,-20400,-426525.24,127.96,426.53
2022-08-01,09:31:00,603706.SH,东方环宇,买入,16.944,16000,271101.12,81.33,0.00
2022-08-01,09:31:00,600987.SH,航民股份,卖出,5.259,-41200,-216689.75,65.01,216.69
2022-08-01,09:31:00,002925.SZ,盈趣科技,卖出,19.970,-5400,-107837.89,32.35,107.84
2022-08-01,09:31:00,002605.SZ,姚记科技,卖出,14.461,-12300,-177870.55,53.36,177.87
2022-08-01,09:31:00,600236.SH,桂冠电力,卖出,6.247,-88800,-554776.22,166.43,554.78
2022-07-01,09:31:00,603758.SH,秦安股份,买入,10.771,27100,291907.65,87.57,0.00
2022-07-01,09:31:00,600987.SH,航民股份,买入,5.341,45600,243534.10,73.06,0.00
2022-07-01,09:31:00,601019.SH,山东出版,买入,6.503,49700,323198.11,96.96,0.00
2022-07-01,09:31:00,601515.SH,衢州东峰,卖出,4.621,-54700,-252754.48,75.83,252.75
2022-07-01,09:31:00,002088.SZ,鲁阳节能,卖出,20.998,-22000,-461954.24,138.59,461.95
2022-07-01,09:31:00,601298.SH,青岛港,买入,5.491,45300,248740.49,74.62,0.00
2022-07-01,09:31:00,601098.SH,中南传媒,买入,9.459,32700,309305.38,92.79,0.00
2022-07-01,09:31:00,600976.SH,健民集团,卖出,51.058,-17900,-913932.47,274.18,913.93
2022-07-01,09:31:00,600056.SH,中国医药,卖出,14.790,-32480,-480390.89,144.12,480.39
2022-07-01,09:31:00,603970.SH,中农立华,买入,30.761,12900,396822.06,119.05,0.00
2022-07-01,09:31:00,603967.SH,中创物流,买入,9.970,20200,201391.98,60.42,0.00
2022-07-01,09:31:00,603332.SH,苏州龙杰,买入,23.236,20600,478669.43,143.60,0.00
2022-07-01,09:31:00,603156.SH,养元饮品,买入,22.796,11900,271266.45,81.38,0.00
2022-07-01,09:31:00,603897.SH,长城科技,卖出,31.088,-18300,-568904.91,170.67,568.90
2022-07-01,09:31:00,600236.SH,桂冠电力,买入,6.132,89400,548222.26,164.47,0.00
2022-07-01,09:31:00,603678.SH,火炬电子,卖出,47.185,-23500,-1108857.84,332.66,1108.86
2022-07-01,09:31:00,601236.SH,红塔证券,卖出,9.072,-60800,-551566.66,165.47,551.57
2022-07-01,09:31:00,002925.SZ,盈趣科技,卖出,21.527,-20600,-443453.32,133.04,443.45
2022-07-01,09:31:00,002585.SZ,双星新材,卖出,18.174,-65400,-1188552.13,356.57,1188.55
2022-07-01,09:31:00,600499.SH,科达制造,卖出,20.469,-35800,-732789.48,219.84,732.79
2022-07-01,09:31:00,603611.SH,诺力股份,买入,17.295,40400,698698.61,209.61,0.00
2022-07-01,09:31:00,603916.SH,苏博特,买入,25.671,25000,641781.00,192.53,0.00
2022-07-01,09:31:00,603617.SH,君禾股份,买入,9.820,47100,462503.16,138.75,0.00
2022-07-01,09:31:00,603676.SH,卫信康,买入,10.120,15900,160911.18,48.27,0.00
2022-07-01,09:31:00,600510.SH,黑牡丹,卖出,8.782,-61700,-541874.08,162.56,541.87
2022-07-01,09:31:00,600784.SH,鲁银投资,买入,7.305,46000,336010.68,100.80,0.00
2022-07-01,09:31:00,603788.SH,宁波高发,买入,12.525,8800,110220.00,33.07,0.00
2022-07-01,09:31:00,600979.SH,广安爱众,买入,3.216,78600,252810.61,75.84,0.00
2022-07-01,09:31:00,603968.SH,醋化股份,买入,20.731,29400,609502.57,182.85,0.00
2022-07-01,09:31:00,603848.SH,好太太,买入,17.194,14800,254475.94,76.34,0.00
2022-07-01,09:31:00,002757.SZ,南兴股份,卖出,11.527,-35900,-413815.71,124.14,413.82
2022-07-01,09:31:00,000739.SZ,普洛药业,卖出,20.519,-21500,-441155.92,132.35,441.16
2022-07-01,09:31:00,000537.SZ,绿发电力,卖出,12.894,-49900,-643418.58,193.03,643.42
2022-07-01,09:31:00,002605.SZ,姚记科技,卖出,16.547,-18800,-311080.59,93.32,311.08
2022-07-01,09:31:00,002534.SZ,西子洁能,卖出,16.267,-36400,-592133.36,177.64,592.13
2022-07-01,09:31:00,002008.SZ,大族激光,卖出,33.353,-26600,-887194.06,266.16,887.19
2022-07-01,09:31:00,002191.SZ,劲嘉股份,卖出,10.379,-88800,-921672.96,276.50,921.67
2022-07-01,09:31:00,002104.SZ,恒宝股份,卖出,8.283,-67900,-562442.86,168.73,562.44
2022-07-01,09:31:00,600516.SH,方大炭素,卖出,7.535,-113400,-854457.66,256.34,854.46
2022-07-01,09:31:00,603966.SH,法兰泰克,买入,10.351,22100,228749.59,68.62,0.00
2022-07-01,09:31:00,000656.SZ,金科股份,卖出,2.854,-107200,-305978.82,91.79,305.98
2022-06-01,09:31:00,601236.SH,红塔证券,买入,7.896,60800,480062.21,144.02,0.00
2022-06-01,09:31:00,600056.SH,中国医药,买入,20.471,23200,474923.95,142.48,0.00
2022-06-01,09:31:00,601515.SH,衢州东峰,买入,4.359,67000,292032.90,87.61,0.00
2022-06-01,09:31:00,601311.SH,骆驼股份,卖出,9.232,-59000,-544658.50,163.40,544.66
2022-06-01,09:31:00,002335.SZ,科华数据,卖出,23.393,-28600,-669043.23,200.71,669.04
2022-06-01,09:31:00,002218.SZ,拓日新能,卖出,4.711,-90900,-428189.90,128.46,428.19
2022-06-01,09:31:00,603678.SH,火炬电子,买入,38.878,23500,913623.60,274.09,0.00
2022-06-01,09:31:00,002925.SZ,盈趣科技,买入,19.469,26000,506190.36,151.86,0.00
2022-06-01,09:31:00,000656.SZ,金科股份,买入,3.136,107200,336207.07,100.86,0.00
2022-06-01,09:31:00,002757.SZ,南兴股份,买入,12.094,35900,434179.63,130.25,0.00
2022-06-01,09:31:00,002191.SZ,劲嘉股份,买入,8.898,39700,353241.07,105.97,0.00
2022-06-01,09:31:00,600510.SH,黑牡丹,买入,8.757,61700,540336.52,162.10,0.00
2022-06-01,09:31:00,000537.SZ,绿发电力,买入,13.186,6300,83073.82,24.92,0.00
2022-06-01,09:31:00,603877.SH,太平鸟,卖出,18.473,-13200,-243843.34,73.15,243.84
2022-06-01,09:31:00,002434.SZ,万里扬,卖出,7.605,-90100,-685188.88,205.56,685.19
2022-06-01,09:31:00,002270.SZ,华明装备,卖出,7.495,-104700,-784724.41,235.42,784.72
2022-06-01,09:31:00,002585.SZ,双星新材,买入,15.030,65400,982962.00,294.89,0.00
2022-06-01,09:31:00,603218.SH,日月股份,卖出,21.207,-41800,-886473.50,265.94,886.47
2022-06-01,09:31:00,603197.SH,保隆科技,卖出,39.002,-15700,-612328.89,183.70,612.33
2022-06-01,09:31:00,600499.SH,科达制造,买入,15.351,35800,549552.91,164.87,0.00
2022-06-01,09:31:00,600516.SH,方大炭素,买入,7.064,113400,801068.94,240.32,0.00
2022-06-01,09:31:00,603897.SH,长城科技,卖出,26.397,-9600,-253412.16,76.02,253.41
2022-06-01,09:31:00,002165.SZ,红宝丽,卖出,4.172,-27400,-114302.94,34.29,114.30
2022-06-01,09:31:00,002534.SZ,西子洁能,买入,14.128,2000,28256.40,8.48,0.00
2022-06-01,09:31:00,601567.SH,三星电气,卖出,10.080,-56800,-572532.64,171.76,572.53
2022-06-01,09:31:00,002008.SZ,大族激光,买入,29.850,5700,170142.61,51.04,0.00
2022-06-01,09:31:00,002088.SZ,鲁阳节能,卖出,19.950,-17900,-357105.36,107.13,357.11
2022-06-01,09:31:00,600976.SH,健民集团,买入,43.387,17900,776620.14,232.99,0.00
2022-06-01,09:31:00,002605.SZ,姚记科技,买入,15.721,28300,444915.05,133.47,0.00
2022-06-01,09:31:00,603997.SH,继峰股份,卖出,8.583,-67600,-580197.28,174.06,580.20
2022-06-01,09:31:00,002531.SZ,天顺风能,卖出,13.423,-69600,-934247.76,280.27,934.25
2022-06-01,09:31:00,002104.SZ,恒宝股份,买入,8.267,8400,69438.60,20.83,0.00
2022-06-01,09:31:00,600210.SH,紫江企业,卖出,5.519,-141600,-781481.90,234.44,781.48
2022-06-01,09:31:00,000739.SZ,普洛药业,卖出,20.788,-3800,-78995.69,23.70,79.00
2022-06-01,09:31:00,002206.SZ,海利得,卖出,6.008,-138600,-832703.26,249.81,832.70
2022-05-05,09:31:00,002218.SZ,拓日新能,买入,3.828,90900,347932.48,104.38,0.00
2022-05-05,09:31:00,002191.SZ,劲嘉股份,买入,8.848,49100,434420.11,130.33,0.00
2022-05-05,09:31:00,603997.SH,继峰股份,买入,7.204,20600,148410.23,44.52,0.00
2022-05-05,09:31:00,601010.SH,ST文峰,卖出,3.184,-39800,-126708.08,38.01,126.71
2022-05-05,09:31:00,600310.SH,广西能源,卖出,3.683,-99000,-364579.38,109.37,364.58
2022-05-05,09:31:00,600143.SH,金发科技,卖出,8.273,-16700,-138166.11,41.45,138.17
2022-05-05,09:31:00,002088.SZ,鲁阳节能,卖出,17.405,-4700,-81804.06,24.54,81.80
2022-05-05,09:31:00,002705.SZ,新宝股份,卖出,16.766,-26700,-447662.88,134.30,447.66
2022-05-05,09:31:00,002434.SZ,万里扬,卖出,6.577,-20400,-134167.13,40.25,134.17
2022-05-05,09:31:00,002531.SZ,天顺风能,买入,9.529,69600,663219.79,198.97,0.00
2022-05-05,09:31:00,002104.SZ,恒宝股份,买入,7.956,59500,473374.86,142.01,0.00
2022-05-05,09:31:00,603035.SH,常熟汽饰,卖出,14.172,-42900,-607961.64,182.39,607.96
2022-05-05,09:31:00,603218.SH,日月股份,买入,16.413,41800,686053.37,205.82,0.00
2022-05-05,09:31:00,601616.SH,广电电气,卖出,2.874,-36700,-105484.61,31.65,105.48
2022-05-05,09:31:00,601126.SH,四方股份,卖出,10.888,-47500,-517188.55,155.16,517.19
2022-05-05,09:31:00,000739.SZ,普洛药业,买入,18.667,25300,472281.68,141.68,0.00
2022-05-05,09:31:00,601567.SH,三星电气,买入,8.798,8000,70380.48,21.11,0.00
2022-05-05,09:31:00,600933.SH,爱柯迪,卖出,10.848,-22900,-248425.15,74.53,248.43
2022-05-05,09:31:00,002867.SZ,周大生,卖出,12.804,-36200,-463517.11,139.06,463.52
2022-05-05,09:31:00,002206.SZ,海利得,买入,4.770,80900,385854.17,115.76,0.00
2022-05-05,09:31:00,000928.SZ,中钢国际,卖出,5.679,-6700,-38046.75,11.41,38.05
2022-05-05,09:31:00,603897.SH,长城科技,买入,21.493,7900,169793.91,50.94,0.00
2022-05-05,09:31:00,601311.SH,骆驼股份,买入,8.387,59000,494817.66,148.45,0.00
2022-05-05,09:31:00,603877.SH,太平鸟,卖出,18.024,-19100,-344256.11,103.28,344.26
2022-05-05,09:31:00,600210.SH,紫江企业,买入,4.679,28300,132425.32,39.73,0.00
2022-05-05,09:31:00,002605.SZ,姚记科技,买入,14.579,20500,298871.55,89.66,0.00
2022-05-05,09:31:00,600742.SH,富维股份,卖出,8.273,-34400,-284605.65,85.38,284.61
2022-05-05,09:31:00,002270.SZ,华明装备,买入,6.102,57800,352706.00,105.81,0.00
2022-05-05,09:31:00,002008.SZ,大族激光,买入,27.946,20900,584066.80,175.22,0.00
2022-05-05,09:31:00,600483.SH,福能股份,卖出,12.635,-45700,-577404.88,173.22,577.40
2022-05-05,09:31:00,002534.SZ,西子洁能,买入,13.166,7900,104013.61,31.20,0.00
2022-05-05,09:31:00,601633.SH,长城汽车,卖出,24.251,-26100,-632961.54,189.89,632.96
2022-05-05,09:31:00,601369.SH,陕鼓动力,卖出,7.635,-30300,-231331.41,69.40,231.33
2022-05-05,09:31:00,002335.SZ,科华数据,买入,19.739,28600,564546.84,169.36,0.00
2022-05-05,09:31:00,000537.SZ,绿发电力,买入,11.052,43600,481869.82,144.56,0.00
2022-05-05,09:31:00,603556.SH,海兴电力,卖出,12.066,-10500,-126691.11,38.01,126.69
2022-05-05,09:31:00,603197.SH,保隆科技,卖出,30.938,-200,-6187.60,5.00,6.19
2022-05-05,09:31:00,002165.SZ,红宝丽,卖出,3.723,-43400,-161558.24,48.47,161.56
2022-04-01,09:31:00,601633.SH,长城汽车,买入,27.174,7000,190219.68,57.07,0.00
2022-04-01,09:31:00,601616.SH,广电电气,卖出,3.373,-41100,-138640.16,41.59,138.64
2022-04-01,09:31:00,600143.SH,金发科技,卖出,9.681,-54900,-531464.94,159.44,531.46
2022-04-01,09:31:00,601801.SH,皖新传媒,卖出,5.210,-50800,-264645.65,79.39,264.65
2022-04-01,09:31:00,603203.SH,快克智能,卖出,29.072,-2500,-72679.35,21.80,72.68
2022-04-01,09:31:00,600901.SH,江苏金租,卖出,4.830,-51000,-246346.32,73.90,246.35
2022-04-01,09:31:00,002538.SZ,ST司特,卖出,8.613,-15900,-136942.57,41.08,136.94
2022-04-01,09:31:00,002434.SZ,万里扬,买入,7.535,65400,492791.62,147.84,0.00
2022-04-01,09:31:00,600483.SH,福能股份,买入,11.032,45700,504163.31,151.25,0.00
2022-04-01,09:31:00,603197.SH,保隆科技,买入,40.080,15900,637272.00,191.18,0.00
2022-04-01,09:31:00,002088.SZ,鲁阳节能,买入,16.633,13900,231201.48,69.36,0.00
2022-04-01,09:31:00,603058.SH,永吉股份,卖出,8.782,-19500,-171256.80,51.38,171.26
2022-04-01,09:31:00,601998.SH,中信银行,卖出,5.040,-6400,-32255.36,9.68,32.26
2022-04-01,09:31:00,601567.SH,三星电气,卖出,10.778,-1100,-11856.24,5.00,11.86
2022-04-01,09:31:00,002127.SZ,南极电商,卖出,5.389,-97800,-527063.76,158.12,527.06
2022-04-01,09:31:00,000625.SZ,长安汽车,卖出,11.307,-69900,-790383.07,237.11,790.38
2022-04-01,09:31:00,002165.SZ,红宝丽,卖出,4.790,-64700,-309938.88,92.98,309.94
2022-04-01,09:31:00,002157.SZ,正邦科技,卖出,7.764,-58800,-456549.07,136.96,456.55
2022-04-01,09:31:00,603997.SH,继峰股份,买入,9.098,47000,427613.52,128.28,0.00
2022-04-01,09:31:00,601369.SH,陕鼓动力,买入,8.597,30300,260493.95,78.15,0.00
2022-04-01,09:31:00,601126.SH,四方股份,买入,12.826,8200,105169.92,31.55,0.00
2022-04-01,09:31:00,002705.SZ,新宝股份,买入,16.603,26700,443303.84,132.99,0.00
2022-04-01,09:31:00,600310.SH,广西能源,买入,4.038,99000,399767.94,119.93,0.00
2022-04-01,09:31:00,603855.SH,华荣股份,卖出,20.439,-4400,-89931.78,26.98,89.93
2022-04-01,09:31:00,600742.SH,富维股份,卖出,9.661,-39500,-381595.28,114.48,381.60
2022-04-01,09:31:00,603035.SH,常熟汽饰,买入,13.347,42900,572570.86,171.77,0.00
2022-04-01,09:31:00,002534.SZ,西子洁能,买入,19.719,26500,522563.04,156.77,0.00
2022-04-01,09:31:00,600740.SH,山西焦化,卖出,6.148,-89400,-549602.59,164.88,549.60
2022-04-01,09:31:00,600933.SH,爱柯迪,买入,11.774,22900,269613.15,80.88,0.00
2022-04-01,09:31:00,601010.SH,ST文峰,卖出,3.433,-86800,-297994.82,89.40,297.99
2022-04-01,09:31:00,002867.SZ,周大生,买入,13.507,36200,488951.95,146.69,0.00
2022-04-01,09:31:00,603556.SH,海兴电力,卖出,11.726,-5400,-63323.10,19.00,63.32
2022-04-01,09:31:00,601636.SH,旗滨集团,卖出,13.094,-33400,-437331.58,131.20,437.33
2022-04-01,09:31:00,002270.SZ,华明装备,买入,6.894,46900,323317.34,97.00,0.00
2022-04-01,09:31:00,603897.SH,长城科技,买入,30.391,6100,185383.03,55.61,0.00
2022-04-01,09:31:00,601928.SH,凤凰传媒,卖出,7.545,-16500,-124490.52,37.35,124.49
2022-04-01,09:31:00,600683.SH,京投发展,卖出,5.798,-65800,-381533.40,114.46,381.53
2022-04-01,09:31:00,603877.SH,太平鸟,买入,21.122,7600,160528.42,48.16,0.00
2022-04-01,09:31:00,600981.SH,苏豪汇鸿,卖出,3.443,-70400,-242394.24,72.72,242.39
2022-04-01,09:31:00,002206.SZ,海利得,买入,6.042,57700,348626.86,104.59,0.00
2022-04-01,09:31:00,000928.SZ,中钢国际,卖出,6.687,-92800,-620516.48,186.15,620.52
2022-04-01,09:31:00,600210.SH,紫江企业,卖出,5.878,-18600,-109334.89,32.80,109.33
2022-04-01,09:31:00,600490.SH,鹏欣资源,卖出,4.301,-180500,-776399.09,232.92,776.40
2022-04-01,09:31:00,603776.SH,永安行,卖出,15.419,-7900,-121810.89,36.54,121.81
2022-04-01,09:31:00,601158.SH,重庆水务,卖出,6.277,-7900,-49591.62,14.88,49.59
2022-03-01,09:31:00,002127.SZ,南极电商,买入,5.601,97800,547795.40,164.34,0.00
2022-03-01,09:31:00,603855.SH,华荣股份,卖出,25.379,-7600,-192881.46,57.86,192.88
2022-03-01,09:31:00,601616.SH,广电电气,卖出,3.443,-72900,-251001.99,75.30,251.00
2022-03-01,09:31:00,601567.SH,三星电气,买入,12.816,49900,639497.44,191.85,0.00
2022-03-01,09:31:00,603088.SH,宁波精达,卖出,10.828,-100,-1082.83,5.00,1.08
2022-03-01,09:31:00,601098.SH,中南传媒,卖出,9.531,-31000,-295457.90,88.64,295.46
2022-03-01,09:31:00,002088.SZ,鲁阳节能,买入,18.327,30700,562626.01,168.79,0.00
2022-03-01,09:31:00,002157.SZ,正邦科技,买入,7.104,58800,417725.78,125.32,0.00
2022-03-01,09:31:00,603908.SH,牧高笛,卖出,39.381,-200,-7876.22,5.00,7.88
2022-03-01,09:31:00,601158.SH,重庆水务,卖出,6.108,-44600,-272406.10,81.72,272.41
2022-03-01,09:31:00,600740.SH,山西焦化,卖出,6.078,-15000,-91167.30,27.35,91.17
2022-03-01,09:31:00,603877.SH,太平鸟,买入,23.667,13100,310040.84,93.01,0.00
2022-03-01,09:31:00,603203.SH,快克智能,卖出,36.627,-5200,-190458.32,57.14,190.46
2022-03-01,09:31:00,600981.SH,苏豪汇鸿,卖出,3.214,-131200,-421619.07,126.49,421.62
2022-03-01,09:31:00,601010.SH,ST文峰,卖出,3.164,-33400,-105666.24,31.70,105.67
2022-03-01,09:31:00,603100.SH,川仪股份,卖出,18.263,-12000,-219160.80,65.75,219.16
2022-03-01,09:31:00,600683.SH,京投发展,买入,4.910,39700,194919.06,58.48,0.00
2022-03-01,09:31:00,600490.SH,鹏欣资源,买入,4.709,64000,301401.60,90.42,0.00
2022-03-01,09:31:00,603556.SH,海兴电力,卖出,12.844,-4500,-57799.17,17.34,57.80
2022-03-01,09:31:00,601636.SH,旗滨集团,买入,15.741,33400,525763.43,157.73,0.00
2022-03-01,09:31:00,601928.SH,凤凰传媒,卖出,7.734,-57500,-444733.75,133.42,444.73
2022-03-01,09:31:00,603699.SH,纽威股份,卖出,10.968,-16400,-179875.53,53.96,179.88
2022-03-01,09:31:00,601801.SH,皖新传媒,卖出,4.930,-25400,-125225.05,37.57,125.23
2022-03-01,09:31:00,600143.SH,金发科技,买入,10.771,71600,771239.40,231.37,0.00
2022-03-01,09:31:00,600456.SH,宝钛股份,卖出,56.377,-9600,-541219.39,162.37,541.22
2022-03-01,09:31:00,603897.SH,长城科技,买入,40.190,3600,144684.79,43.41,0.00
2022-03-01,09:31:00,601298.SH,青岛港,卖出,5.748,-34600,-198897.41,59.67,198.90
2022-03-01,09:31:00,600409.SH,三友化工,卖出,8.962,-110800,-992994.03,297.90,992.99
2022-03-01,09:31:00,603776.SH,永安行,买入,15.521,7900,122615.74,36.78,0.00
2022-03-01,09:31:00,603788.SH,宁波高发,卖出,12.804,-3500,-44815.19,13.44,44.82
2022-03-01,09:31:00,603360.SH,百傲化学,卖出,11.916,-700,-8341.28,5.00,8.34
2022-03-01,09:31:00,603017.SH,中衡设计,卖出,9.421,-30400,-286402.05,85.92,286.40
2022-03-01,09:31:00,600901.SH,江苏金租,卖出,5.110,-69300,-354106.37,106.23,354.11
2022-03-01,09:31:00,002538.SZ,ST司特,卖出,9.431,-52300,-493246.53,147.97,493.25
2022-03-01,09:31:00,002165.SZ,红宝丽,买入,5.070,135500,687001.26,206.10,0.00
2022-03-01,09:31:00,601633.SH,长城汽车,买入,37.164,19100,709835.84,212.95,0.00
2022-03-01,09:31:00,600210.SH,紫江企业,买入,6.964,44900,312679.11,93.80,0.00
2022-03-01,09:31:00,002434.SZ,万里扬,卖出,8.732,-400,-3493.00,5.00,3.49
2022-03-01,09:31:00,600742.SH,富维股份,买入,11.252,35400,398337.08,119.50,0.00
2022-03-01,09:31:00,600141.SH,兴发集团,卖出,40.918,-3500,-143213.00,42.96,143.21
2022-03-01,09:31:00,000928.SZ,中钢国际,买入,7.355,99500,731790.66,219.54,0.00
2022-03-01,09:31:00,600596.SH,新安股份,卖出,27.485,-31200,-857529.50,257.26,857.53
2022-03-01,09:31:00,002651.SZ,利君股份,卖出,9.870,-14800,-146079.26,43.82,146.08
2022-03-01,09:31:00,601998.SH,中信银行,卖出,4.591,-109000,-500397.20,150.12,500.40
2022-03-01,09:31:00,601126.SH,四方股份,买入,16.553,8300,137390.23,41.22,0.00
2022-03-01,09:31:00,603058.SH,永吉股份,卖出,8.094,-12300,-99553.49,29.87,99.55
2022-02-07,09:31:00,000625.SZ,长安汽车,买入,13.166,69900,920322.97,276.10,0.00
2022-02-07,09:31:00,603897.SH,长城科技,买入,41.242,10300,424795.90,127.44,0.00
2022-02-07,09:31:00,603166.SH,福达股份,卖出,7.425,-34900,-259136.69,77.74,259.14
2022-02-07,09:31:00,603556.SH,海兴电力,卖出,12.725,-9300,-118337.85,35.50,118.34
2022-02-07,09:31:00,603358.SH,华达科技,卖出,19.052,-4600,-87638.37,26.29,87.64
2022-02-07,09:31:00,002434.SZ,万里扬,买入,10.200,45500,464116.38,139.23,0.00
2022-02-07,09:31:00,002651.SZ,利君股份,买入,10.080,14800,149185.78,44.76,0.00
2022-02-07,09:31:00,600740.SH,山西焦化,买入,5.281,104400,551288.38,165.39,0.00
2022-02-07,09:31:00,603886.SH,元祖股份,卖出,21.417,-1300,-27842.20,8.35,27.84
2022-02-07,09:31:00,603203.SH,快克智能,卖出,35.070,-5800,-203404.38,61.02,203.40
2022-02-07,09:31:00,603058.SH,永吉股份,卖出,8.144,-23100,-188119.01,56.44,188.12
2022-02-07,09:31:00,601158.SH,重庆水务,卖出,5.918,-51300,-303600.58,91.08,303.60
2022-02-07,09:31:00,603908.SH,牧高笛,卖出,41.078,-3700,-151987.42,45.60,151.99
2022-02-07,09:31:00,603617.SH,君禾股份,卖出,13.293,-7000,-93053.52,27.92,93.05
2022-02-07,09:31:00,603458.SH,勘设股份,卖出,12.934,-39800,-514776.38,154.43,514.78
2022-02-07,09:31:00,603088.SH,宁波精达,买入,10.321,100,1032.06,5.00,0.00
2022-02-07,09:31:00,600742.SH,富维股份,买入,10.782,38500,415088.52,124.53,0.00
2022-02-07,09:31:00,600409.SH,三友化工,买入,7.866,110800,871519.56,261.46,0.00
2022-02-07,09:31:00,600490.SH,鹏欣资源,买入,4.339,116500,505453.89,151.64,0.00
2022-02-07,09:31:00,600596.SH,新安股份,买入,22.104,31200,689648.54,206.89,0.00
2022-02-07,09:31:00,603006.SH,联明股份,卖出,9.880,-2600,-25688.52,7.71,25.69
2022-02-07,09:31:00,603855.SH,华荣股份,卖出,26.746,-8700,-232693.68,69.81,232.69
2022-02-07,09:31:00,601928.SH,凤凰传媒,卖出,7.425,-57800,-429171.94,128.75,429.17
2022-02-07,09:31:00,603708.SH,家家悦,卖出,13.922,-40300,-561060.63,168.32,561.06
2022-02-07,09:31:00,601566.SH,九牧王,卖出,11.756,-500,-5878.22,5.00,5.88
2022-02-07,09:31:00,601616.SH,广电电气,卖出,3.403,-44300,-150760.87,45.23,150.76
2022-02-07,09:31:00,603877.SH,太平鸟,买入,24.128,11600,279886.66,83.97,0.00
2022-02-07,09:31:00,002538.SZ,ST司特,买入,8.467,68200,577442.58,173.23,0.00
2022-02-07,09:31:00,601801.SH,皖新传媒,卖出,4.820,-34900,-168229.87,50.47,168.23
2022-02-07,09:31:00,600683.SH,京投发展,买入,4.729,26100,123438.38,37.03,0.00
2022-02-07,09:31:00,601298.SH,青岛港,卖出,5.569,-58700,-326890.91,98.07,326.89
2022-02-07,09:31:00,603100.SH,川仪股份,卖出,17.265,-12900,-222723.66,66.82,222.72
2022-02-07,09:31:00,601126.SH,四方股份,买入,17.034,31000,528054.00,158.42,0.00
2022-02-07,09:31:00,600210.SH,紫江企业,买入,7.034,87000,611961.48,183.59,0.00
2022-02-07,09:31:00,603788.SH,宁波高发,卖出,12.854,-7300,-93835.95,28.15,93.84
2022-02-07,09:31:00,603360.SH,百傲化学,卖出,11.597,-5800,-67261.21,20.18,67.26
2022-02-07,09:31:00,603106.SH,恒银科技,卖出,5.858,-89800,-526071.75,157.82,526.07
2022-02-07,09:31:00,603699.SH,纽威股份,卖出,10.569,-20900,-220888.34,66.27,220.89
2022-02-07,09:31:00,600901.SH,江苏金租,卖出,4.960,-64300,-318931.86,95.68,318.93
2022-02-07,09:31:00,603323.SH,苏农银行,卖出,5.349,-54800,-293140.54,87.94,293.14
2022-02-07,09:31:00,601010.SH,ST文峰,卖出,3.194,-46400,-148183.04,44.45,148.18
2022-02-07,09:31:00,601098.SH,中南传媒,卖出,9.391,-39300,-369073.37,110.72,369.07
2022-02-07,09:31:00,600456.SH,宝钛股份,买入,47.094,9600,452102.40,135.63,0.00
2022-02-07,09:31:00,600981.SH,苏豪汇鸿,卖出,3.194,-77600,-247823.36,74.35,247.82
2022-02-07,09:31:00,600643.SH,爱建集团,卖出,6.547,-13900,-91001.63,27.30,91.00
2022-02-07,09:31:00,601998.SH,中信银行,卖出,4.681,-116100,-543419.98,163.03,543.42
2022-02-07,09:31:00,600141.SH,兴发集团,买入,30.541,3500,106893.36,32.07,0.00
2022-01-04,09:31:00,603556.SH,海兴电力,买入,13.898,13100,182060.39,54.62,0.00
2022-01-04,09:31:00,600502.SH,安徽建工,卖出,4.152,-54700,-227096.90,68.13,227.10
2022-01-04,09:31:00,002948.SZ,青岛银行,卖出,4.621,-17900,-82711.25,24.81,82.71
2022-01-04,09:31:00,603699.SH,纽威股份,买入,10.972,37300,409251.87,122.78,0.00
2022-01-04,09:31:00,600981.SH,苏豪汇鸿,买入,3.808,279200,1063081.92,318.92,0.00
2022-01-04,09:31:00,601998.SH,中信银行,买入,4.629,23100,106935.44,32.08,0.00
2022-01-04,09:31:00,603058.SH,永吉股份,买入,9.108,54900,500039.08,150.01,0.00
2022-01-04,09:31:00,600901.SH,江苏金租,买入,5.100,83600,426375.05,127.91,0.00
2022-01-04,09:31:00,601616.SH,广电电气,买入,3.808,12800,48737.28,14.62,0.00
2022-01-04,09:31:00,603358.SH,华达科技,卖出,20.309,-10200,-207154.86,62.15,207.15
2022-01-04,09:31:00,603708.SH,家家悦,买入,16.844,40300,678797.89,203.64,0.00
2022-01-04,09:31:00,603203.SH,快克智能,卖出,36.986,-8100,-299585.63,89.88,299.59
2022-01-04,09:31:00,603908.SH,牧高笛,卖出,40.918,-4000,-163672.00,49.10,163.67
2022-01-04,09:31:00,603886.SH,元祖股份,卖出,23.633,-20300,-479742.59,143.92,479.74
2022-01-04,09:31:00,603839.SH,安正时尚,卖出,8.723,-16500,-143921.58,43.18,143.92
2022-01-04,09:31:00,603360.SH,百傲化学,卖出,13.164,-7900,-103992.60,31.20,103.99
2022-01-04,09:31:00,601010.SH,ST文峰,买入,3.487,112100,390888.22,117.27,0.00
2022-01-04,09:31:00,603458.SH,勘设股份,买入,13.277,39800,528404.70,158.52,0.00
2022-01-04,09:31:00,603017.SH,中衡设计,买入,10.721,30400,325930.56,97.78,0.00
2022-01-04,09:31:00,603617.SH,君禾股份,卖出,12.505,-5500,-68777.17,20.63,68.78
2022-01-04,09:31:00,601801.SH,皖新传媒,买入,5.210,111100,578875.44,173.66,0.00
2022-01-04,09:31:00,600368.SH,五洲交通,卖出,4.082,-23900,-97555.50,29.27,97.56
2022-01-04,09:31:00,002546.SZ,新联电子,卖出,4.192,-12000,-50299.20,15.09,50.30
2022-01-04,09:31:00,603855.SH,华荣股份,卖出,25.329,-4300,-108915.73,32.67,108.92
2022-01-04,09:31:00,603366.SH,日出东方,卖出,5.090,-98300,-500327.34,150.10,500.33
2022-01-04,09:31:00,603166.SH,福达股份,卖出,8.673,-19600,-169983.35,51.00,169.98
2022-01-04,09:31:00,603006.SH,联明股份,卖出,10.918,-22500,-245657.70,73.70,245.66
2022-01-04,09:31:00,601566.SH,九牧王,卖出,12.335,-10800,-133221.02,39.97,133.22
2022-01-04,09:31:00,601298.SH,青岛港,买入,5.711,81300,464336.82,139.30,0.00
2022-01-04,09:31:00,603323.SH,苏农银行,卖出,4.870,-58500,-284909.04,85.47,284.91
2022-01-04,09:31:00,601158.SH,重庆水务,卖出,6.417,-1400,-8984.00,5.00,8.98
2022-01-04,09:31:00,600269.SH,赣粤高速,卖出,3.423,-800,-2738.51,5.00,2.74
2022-01-04,09:31:00,601928.SH,凤凰传媒,买入,8.126,15600,126769.03,38.03,0.00
2022-01-04,09:31:00,600717.SH,天津港,卖出,4.232,-46200,-195496.22,58.65,195.50
2022-01-04,09:31:00,603106.SH,恒银科技,买入,6.012,89800,539877.60,161.96,0.00
2022-01-04,09:31:00,603788.SH,宁波高发,卖出,14.261,-19700,-280949.97,84.28,280.95
2022-01-04,09:31:00,601098.SH,中南传媒,买入,9.589,27600,264660.26,79.40,0.00
2022-01-04,09:31:00,002790.SZ,瑞尔特,卖出,9.441,-20400,-192598.03,57.78,192.60
2022-01-04,09:31:00,600643.SH,爱建集团,卖出,6.756,-56700,-383091.28,114.93,383.09
2022-01-04,09:31:00,603100.SH,川仪股份,买入,21.202,6300,133574.62,40.07,0.00
2022-01-04,09:31:00,002746.SZ,仙坛股份,卖出,9.581,-46900,-449339.52,134.80,449.34
2021-12-01,09:31:00,603889.SH,新澳股份,卖出,6.198,-300,-1859.27,5.00,1.86
2021-12-01,09:31:00,603001.SH,奥康国际,卖出,8.044,-1800,-14478.98,5.00,14.48
2021-12-01,09:31:00,603303.SH,得邦照明,卖出,17.066,-20800,-354968.64,106.49,354.97
2021-12-01,09:31:00,601928.SH,凤凰传媒,买入,6.794,34500,234377.82,70.31,0.00
2021-12-01,09:31:00,603788.SH,宁波高发,买入,16.042,30500,489281.61,146.78,0.00
2021-12-01,09:31:00,603912.SH,佳力图,卖出,15.529,-6500,-100937.72,30.28,100.94
2021-12-01,09:31:00,603697.SH,有友食品,卖出,16.168,-400,-6467.04,5.00,6.47
2021-12-01,09:31:00,601010.SH,ST文峰,买入,3.166,94300,298583.98,89.58,0.00
2021-12-01,09:31:00,603006.SH,联明股份,买入,11.012,25100,276400.70,82.92,0.00
2021-12-01,09:31:00,603358.SH,华达科技,卖出,22.605,-19000,-429489.30,128.85,429.49
2021-12-01,09:31:00,603100.SH,川仪股份,卖出,20.848,-9500,-198058.09,59.42,198.06
2021-12-01,09:31:00,603058.SH,永吉股份,卖出,8.204,-4300,-35275.31,10.58,35.28
2021-12-01,09:31:00,601098.SH,中南传媒,买入,9.088,42700,388063.58,116.42,0.00
2021-12-01,09:31:00,603886.SH,元祖股份,买入,20.471,5200,106448.47,31.93,0.00
2021-12-01,09:31:00,603839.SH,安正时尚,卖出,8.363,-6800,-56870.03,17.06,56.87
2021-12-01,09:31:00,603166.SH,福达股份,买入,9.940,37600,373737.98,112.12,0.00
2021-12-01,09:31:00,603360.SH,百傲化学,买入,14.960,14400,215421.98,64.63,0.00
2021-12-01,09:31:00,600269.SH,赣粤高速,卖出,3.263,-42100,-137391.67,41.22,137.39
2021-12-01,09:31:00,603617.SH,君禾股份,买入,13.236,12500,165455.25,49.64,0.00
2021-12-01,09:31:00,601566.SH,九牧王,卖出,12.754,-3200,-40814.21,12.24,40.81
2021-12-01,09:31:00,601298.SH,青岛港,卖出,5.439,-16400,-89201.24,26.76,89.20
2021-12-01,09:31:00,600987.SH,航民股份,卖出,5.399,-15100,-81527.62,24.46,81.53
2021-12-01,09:31:00,600502.SH,安徽建工,卖出,3.752,-86800,-325715.26,97.71,325.72
2021-12-01,09:31:00,603855.SH,华荣股份,买入,24.629,1200,29554.99,8.87,0.00
2021-12-01,09:31:00,603926.SH,铁流股份,卖出,18.513,-5000,-92564.50,27.77,92.56
2021-12-01,09:31:00,603825.SH,ST华扬,卖出,16.766,-10300,-172693.92,51.81,172.69
2021-12-01,09:31:00,603366.SH,日出东方,买入,4.830,45400,219265.66,65.78,0.00
2021-12-01,09:31:00,603203.SH,快克智能,买入,39.288,7500,294663.15,88.40,0.00
2021-12-01,09:31:00,600643.SH,爱建集团,卖出,6.487,-35300,-228991.10,68.70,228.99
2021-12-01,09:31:00,600335.SH,国机汽车,卖出,7.435,-95800,-712282.58,213.68,712.28
2021-12-01,09:31:00,603323.SH,苏农银行,卖出,4.790,-40000,-191616.00,57.48,191.62
2021-12-01,09:31:00,603908.SH,牧高笛,买入,38.607,7900,304995.77,91.50,0.00
2021-12-01,09:31:00,603556.SH,海兴电力,买入,14.389,16600,238852.75,71.66,0.00
2021-12-01,09:31:00,002546.SZ,新联电子,卖出,3.952,-51200,-202346.50,60.70,202.35
2021-12-01,09:31:00,600637.SH,东方明珠,卖出,7.834,-34000,-266366.20,79.91,266.37
2021-12-01,09:31:00,600742.SH,富维股份,卖出,14.082,-91600,-1289891.05,386.97,1289.89
2021-12-01,09:31:00,002746.SZ,仙坛股份,卖出,6.637,-22300,-147998.41,44.40,148.00
2021-12-01,09:31:00,600717.SH,天津港,卖出,3.872,-33000,-127783.92,38.34,127.78
2021-12-01,09:31:00,601998.SH,中信银行,买入,4.509,70700,318786.30,95.64,0.00
2021-12-01,09:31:00,601158.SH,重庆水务,买入,6.343,41200,261317.59,78.40,0.00
2021-12-01,09:31:00,600020.SH,中原高速,卖出,3.124,-5100,-15931.07,5.00,15.93
2021-12-01,09:31:00,601616.SH,广电电气,买入,3.627,62700,227427.95,68.23,0.00
2021-12-01,09:31:00,002790.SZ,瑞尔特,卖出,8.842,-33200,-293563.70,88.07,293.56
2021-12-01,09:31:00,600368.SH,五洲交通,卖出,3.713,-61000,-226466.16,67.94,226.47
2021-12-01,09:31:00,002948.SZ,青岛银行,卖出,4.731,-47800,-226118.86,67.84,226.12
2021-12-01,09:31:00,600901.SH,江苏金租,买入,5.090,39400,200552.30,60.17,0.00
2021-12-01,09:31:00,601700.SH,风范股份,卖出,4.621,-42000,-194071.08,58.22,194.07
2021-11-01,09:31:00,002790.SZ,瑞尔特,买入,6.563,53600,351782.16,105.53,0.00
2021-11-01,09:31:00,603886.SH,元祖股份,卖出,19.950,-3400,-67830.07,20.35,67.83
2021-11-01,09:31:00,600987.SH,航民股份,卖出,5.429,-14900,-80893.89,24.27,80.89
2021-11-01,09:31:00,600269.SH,赣粤高速,卖出,3.333,-70600,-235332.39,70.60,235.33
2021-11-01,09:31:00,603303.SH,得邦照明,卖出,15.699,-5800,-91051.53,27.32,91.05
2021-11-01,09:31:00,601616.SH,广电电气,卖出,3.263,-76100,-248349.31,74.50,248.35
2021-11-01,09:31:00,603358.SH,华达科技,买入,20.090,13800,277243.38,83.17,0.00
2021-11-01,09:31:00,603277.SH,银都股份,卖出,18.493,-2000,-36985.88,11.10,36.99
2021-11-01,09:31:00,601700.SH,风范股份,卖出,4.162,-23300,-96966.68,29.09,96.97
2021-11-01,09:31:00,002948.SZ,青岛银行,买入,4.689,65700,308090.95,92.43,0.00
2021-11-01,09:31:00,603808.SH,歌力思,卖出,14.371,-4200,-60359.04,18.11,60.36
2021-11-01,09:31:00,002746.SZ,仙坛股份,卖出,7.076,-38900,-275249.40,82.57,275.25
2021-11-01,09:31:00,002546.SZ,新联电子,卖出,3.703,-75400,-279174.53,83.75,279.17
2021-11-01,09:31:00,603165.SH,荣晟环保,卖出,13.293,-20000,-265867.20,79.76,265.87
2021-11-01,09:31:00,600820.SH,隧道股份,卖出,5.110,-84400,-431263.74,129.38,431.26
2021-11-01,09:31:00,603855.SH,华荣股份,买入,23.146,7900,182854.98,54.86,0.00
2021-11-01,09:31:00,603058.SH,永吉股份,卖出,7.116,-12800,-91081.47,27.32,91.08
2021-11-01,09:31:00,600643.SH,爱建集团,卖出,6.457,-21900,-141409.61,42.42,141.41
2021-11-01,09:31:00,600717.SH,天津港,买入,4.058,79200,321401.52,96.42,0.00
2021-11-01,09:31:00,601998.SH,中信银行,买入,4.549,137700,626408.32,187.92,0.00
2021-11-01,09:31:00,603889.SH,新澳股份,卖出,5.928,-51600,-305890.99,91.77,305.89
2021-11-01,09:31:00,600637.SH,东方明珠,买入,7.695,34000,261642.24,78.49,0.00
2021-11-01,09:31:00,603912.SH,佳力图,卖出,13.124,-11900,-156172.03,46.85,156.17
2021-11-01,09:31:00,603839.SH,安正时尚,卖出,8.283,-7700,-63782.18,19.13,63.78
2021-11-01,09:31:00,603697.SH,有友食品,卖出,15.728,-8100,-127400.69,38.22,127.40
2021-11-01,09:31:00,601158.SH,重庆水务,卖出,5.639,-43700,-246411.19,73.92,246.41
2021-11-01,09:31:00,603458.SH,勘设股份,卖出,10.369,-10500,-108876.81,32.66,108.88
2021-11-01,09:31:00,601566.SH,九牧王,卖出,14.102,-3600,-50766.26,15.23,50.77
2021-11-01,09:31:00,600502.SH,安徽建工,卖出,3.872,-19500,-75508.68,22.65,75.51
2021-11-01,09:31:00,600479.SH,千金药业,卖出,8.383,-18200,-152574.24,45.77,152.57
2021-11-01,09:31:00,600901.SH,江苏金租,买入,5.271,61600,324664.03,97.40,0.00
2021-11-01,09:31:00,603100.SH,川仪股份,买入,16.834,19200,323205.12,96.96,0.00
2021-11-01,09:31:00,600368.SH,五洲交通,卖出,3.623,-54800,-198526.15,59.56,198.53
2021-11-01,09:31:00,603926.SH,铁流股份,卖出,13.922,-4800,-66826.08,20.05,66.83
2021-11-01,09:31:00,603339.SH,四方科技,卖出,10.369,-6800,-70510.70,21.15,70.51
2021-11-01,09:31:00,603323.SH,苏农银行,买入,5.491,1100,6040.06,5.00,0.00
2021-11-01,09:31:00,603001.SH,奥康国际,卖出,7.365,-7900,-58185.40,17.46,58.19
2021-11-01,09:31:00,601298.SH,青岛港,卖出,5.519,-23200,-128039.41,38.41,128.04
2021-11-01,09:31:00,600020.SH,中原高速,卖出,3.114,-41800,-130155.17,39.05,130.16
2021-11-01,09:31:00,600335.SH,国机汽车,买入,6.323,95800,605707.00,181.71,0.00
2021-11-01,09:31:00,603203.SH,快克智能,买入,36.102,14100,509039.05,152.71,0.00
2021-11-01,09:31:00,600742.SH,富维股份,买入,10.701,91600,980244.58,294.07,0.00
2021-11-01,09:31:00,603825.SH,ST华扬,买入,16.363,10300,168535.40,50.56,0.00
2021-11-01,09:31:00,603366.SH,日出东方,买入,4.499,52900,237996.04,71.40,0.00
2021-11-01,09:31:00,601928.SH,凤凰传媒,买入,7.014,81700,573043.80,171.91,0.00
2021-11-01,09:31:00,603166.SH,福达股份,卖出,7.216,-24600,-177502.28,53.25,177.50
2021-11-01,09:31:00,601019.SH,山东出版,卖出,6.008,-39200,-235512.03,70.65,235.51
2021-10-08,09:31:00,603165.SH,荣晟环保,买入,13.377,12700,169884.09,50.97,0.00
2021-10-08,09:31:00,603058.SH,永吉股份,买入,7.876,17100,134674.81,40.40,0.00
2021-10-08,09:31:00,601298.SH,青岛港,买入,5.832,51600,300912.62,90.27,0.00
2021-10-08,09:31:00,603339.SH,四方科技,买入,10.591,6800,72019.75,21.61,0.00
2021-10-08,09:31:00,603889.SH,新澳股份,买入,6.753,24400,164784.91,49.44,0.00
2021-10-08,09:31:00,603358.SH,华达科技,卖出,17.615,-10100,-177908.47,53.37,177.91
2021-10-08,09:31:00,603303.SH,得邦照明,卖出,15.619,-1900,-29675.53,8.90,29.68
2021-10-08,09:31:00,600020.SH,中原高速,买入,3.407,46900,159778.92,47.93,0.00
2021-10-08,09:31:00,603100.SH,川仪股份,卖出,18.493,-15800,-292188.45,87.66,292.19
2021-10-08,09:31:00,601158.SH,重庆水务,买入,6.523,107700,702529.25,210.76,0.00
2021-10-08,09:31:00,603926.SH,铁流股份,卖出,14.701,-3500,-51451.89,15.44,51.45
2021-10-08,09:31:00,603002.SH,宏昌电子,卖出,7.655,-74300,-568741.24,170.62,568.74
2021-10-08,09:31:00,601019.SH,山东出版,买入,6.162,39200,241562.16,72.47,0.00
2021-10-08,09:31:00,603886.SH,元祖股份,买入,19.168,19800,379531.55,113.86,0.00
2021-10-08,09:31:00,601700.SH,风范股份,买入,4.850,65300,316684.10,95.01,0.00
2021-10-08,09:31:00,600269.SH,赣粤高速,买入,3.587,113500,407142.66,122.14,0.00
2021-10-08,09:31:00,603277.SH,银都股份,卖出,19.501,-3700,-72153.40,21.65,72.15
2021-10-08,09:31:00,603697.SH,有友食品,卖出,16.876,-8900,-150198.00,45.06,150.20
2021-10-08,09:31:00,603968.SH,醋化股份,卖出,16.936,-13900,-235411.23,70.62,235.41
2021-10-08,09:31:00,603855.SH,华荣股份,卖出,21.706,-8700,-188846.55,56.65,188.85
2021-10-08,09:31:00,600681.SH,百川能源,卖出,5.928,-60100,-356280.01,106.88,356.28
2021-10-08,09:31:00,002746.SZ,仙坛股份,买入,7.405,108100,800456.72,240.14,0.00
2021-10-08,09:31:00,002546.SZ,新联电子,买入,4.339,138600,601338.28,180.40,0.00
2021-10-08,09:31:00,600987.SH,航民股份,买入,5.721,30000,171642.60,51.49,0.00
2021-10-08,09:31:00,603808.SH,歌力思,卖出,13.932,-8800,-122602.30,36.78,122.60
2021-10-08,09:31:00,603166.SH,福达股份,卖出,8.114,-20200,-163897.55,49.17,163.90
2021-10-08,09:31:00,603203.SH,快克智能,卖出,33.313,-9100,-303150.48,90.95,303.15
2021-10-08,09:31:00,600635.SH,大众公用,卖出,4.202,-156500,-657547.27,197.26,657.55
2021-10-08,09:31:00,601616.SH,广电电气,买入,3.968,195600,776125.15,232.84,0.00
2021-10-08,09:31:00,603458.SH,勘设股份,买入,11.042,10500,115941.42,34.78,0.00
2021-10-08,09:31:00,603912.SH,佳力图,卖出,14.601,-6800,-99285.03,29.79,99.29
2021-10-08,09:31:00,603323.SH,苏农银行,卖出,5.190,-59500,-308781.20,92.63,308.78
2021-10-08,09:31:00,603001.SH,奥康国际,卖出,8.104,-23500,-190438.36,57.13,190.44
2021-10-08,09:31:00,603839.SH,安正时尚,卖出,7.994,-4500,-35972.91,10.79,35.97
2021-10-08,09:31:00,603879.SH,永悦科技,卖出,6.178,-24700,-152587.21,45.78,152.59
2021-10-08,09:31:00,600502.SH,安徽建工,卖出,3.902,-96800,-377731.02,113.32,377.73
2021-10-08,09:31:00,600479.SH,千金药业,卖出,8.483,-30600,-259579.80,77.87,259.58
2021-10-08,09:31:00,603380.SH,易德龙,卖出,29.890,-1700,-50813.17,15.24,50.81
2021-10-08,09:31:00,600643.SH,爱建集团,买入,7.074,30600,216468.07,64.94,0.00
2021-10-08,09:31:00,601566.SH,九牧王,卖出,15.499,-4100,-63545.65,19.06,63.55
2021-10-08,09:31:00,600368.SH,五洲交通,卖出,4.042,-23700,-95793.03,28.74,95.79
2021-10-08,09:31:00,600820.SH,隧道股份,卖出,5.699,-109100,-621715.08,186.51,621.72
2021-10-08,09:31:00,601200.SH,上海环境,卖出,13.403,-66600,-892649.12,267.79,892.65
2021-09-01,09:31:00,603889.SH,新澳股份,买入,7.465,27500,205284.75,61.59,0.00
2021-09-01,09:31:00,603808.SH,歌力思,卖出,15.539,-25700,-399348.70,119.80,399.35
2021-09-01,09:31:00,603323.SH,苏农银行,买入,4.840,600,2903.80,5.00,0.00
2021-09-01,09:31:00,603002.SH,宏昌电子,买入,7.886,74300,585910.48,175.77,0.00
2021-09-01,09:31:00,601200.SH,上海环境,买入,11.743,66600,782113.10,234.63,0.00
2021-09-01,09:31:00,600368.SH,五洲交通,买入,3.938,163400,643446.32,193.03,0.00
2021-09-01,09:31:00,603358.SH,华达科技,买入,17.525,10400,182259.79,54.68,0.00
2021-09-01,09:31:00,601566.SH,九牧王,卖出,15.579,-8600,-133977.51,40.19,133.98
2021-09-01,09:31:00,603970.SH,中农立华,卖出,19.760,-1600,-31616.64,9.48,31.62
2021-09-01,09:31:00,603303.SH,得邦照明,买入,17.886,6700,119834.19,35.95,0.00
2021-09-01,09:31:00,603166.SH,福达股份,买入,9.389,18200,170875.07,51.26,0.00
2021-09-01,09:31:00,601139.SH,深圳燃气,卖出,10.629,-62400,-663230.88,198.97,663.23
2021-09-01,09:31:00,603879.SH,永悦科技,卖出,7.236,-30700,-222129.85,66.64,222.13
2021-09-01,09:31:00,603766.SH,隆鑫通用,卖出,3.752,-21600,-81053.57,24.32,81.05
2021-09-01,09:31:00,603726.SH,朗迪集团,卖出,14.571,-200,-2914.16,5.00,2.91
2021-09-01,09:31:00,603100.SH,川仪股份,卖出,23.503,-3900,-91661.31,27.50,91.66
2021-09-01,09:31:00,601928.SH,凤凰传媒,卖出,6.856,-82700,-567012.70,170.10,567.01
2021-09-01,09:31:00,600643.SH,爱建集团,买入,7.064,97200,686630.52,205.99,0.00
2021-09-01,09:31:00,600820.SH,隧道股份,买入,5.441,146500,797085.99,239.13,0.00
2021-09-01,09:31:00,600635.SH,大众公用,买入,3.808,156500,595889.40,178.77,0.00
2021-09-01,09:31:00,603277.SH,银都股份,卖出,22.225,-7600,-168913.50,50.67,168.91
2021-09-01,09:31:00,603912.SH,佳力图,买入,17.555,25200,442387.01,132.72,0.00
2021-09-01,09:31:00,603203.SH,快克智能,卖出,35.229,-7900,-278312.26,83.49,278.31
2021-09-01,09:31:00,603968.SH,醋化股份,买入,14.930,13900,207524.22,62.26,0.00
2021-09-01,09:31:00,603926.SH,铁流股份,买入,16.052,13300,213492.13,64.05,0.00
2021-09-01,09:31:00,603757.SH,大元泵业,卖出,20.958,-9000,-188622.00,56.59,188.62
2021-09-01,09:31:00,603165.SH,荣晟环保,卖出,12.166,-9000,-109490.58,32.85,109.49
2021-09-01,09:31:00,600681.SH,百川能源,买入,5.471,60100,328802.29,98.64,0.00
2021-09-01,09:31:00,603839.SH,安正时尚,卖出,8.343,-6800,-56734.30,17.02,56.73
2021-09-01,09:31:00,601882.SH,海天精工,卖出,32.136,-25500,-819457.80,245.84,819.46
2021-09-01,09:31:00,603855.SH,华荣股份,买入,25.912,24600,637428.31,191.23,0.00
2021-09-01,09:31:00,603001.SH,奥康国际,卖出,8.912,-14700,-131008.46,39.30,131.01
2021-09-01,09:31:00,603380.SH,易德龙,卖出,29.511,-9000,-265597.74,79.68,265.60
2021-09-01,09:31:00,600285.SH,羚锐制药,卖出,10.429,-30600,-319130.46,95.74,319.13
2021-09-01,09:31:00,002082.SZ,ST万邦,卖出,10.818,-2200,-23800.30,7.14,23.80
2021-09-01,09:31:00,603697.SH,有友食品,卖出,16.716,-6900,-115343.85,34.60,115.34
2021-09-01,09:31:00,002724.SZ,海洋王,卖出,16.856,-5200,-87652.34,26.30,87.65
2021-09-01,09:31:00,600508.SH,上海能源,卖出,11.287,-43200,-487614.82,146.28,487.61
2021-09-01,09:31:00,600502.SH,安徽建工,买入,4.088,118700,485264.59,145.58,0.00
2021-09-01,09:31:00,600479.SH,千金药业,卖出,8.313,-24000,-199520.16,59.86,199.52
2021-09-01,09:31:00,603368.SH,柳药集团,卖出,16.377,-11200,-183424.42,55.03,183.42
2021-09-01,09:31:00,002687.SZ,乔治白,卖出,8.533,-97700,-833664.33,250.10,833.66
2021-09-01,09:31:00,600510.SH,黑牡丹,卖出,8.742,-68600,-599734.13,179.92,599.73
2021-09-01,09:31:00,002788.SZ,鹭燕医药,卖出,7.475,-12900,-96427.76,28.93,96.43
2021-09-01,09:31:00,600064.SH,南京高科,卖出,8.902,-45600,-405938.50,121.78,405.94
2021-09-01,09:31:00,600377.SH,宁沪高速,卖出,8.633,-12900,-111361.83,33.41,111.36
2021-08-02,09:31:00,600377.SH,宁沪高速,卖出,8.563,-56700,-485513.03,145.65,485.51
2021-08-02,09:31:00,603380.SH,易德龙,买入,27.695,10700,296339.50,88.90,0.00
2021-08-02,09:31:00,603166.SH,福达股份,买入,8.236,43500,358285.14,107.49,0.00
2021-08-02,09:31:00,603766.SH,隆鑫通用,卖出,3.323,-37000,-122963.58,36.89,122.96
2021-08-02,09:31:00,002687.SZ,乔治白,买入,8.146,97700,795889.60,238.77,0.00
2021-08-02,09:31:00,603839.SH,安正时尚,卖出,8.613,-6100,-52537.71,15.76,52.54
2021-08-02,09:31:00,002788.SZ,鹭燕医药,卖出,7.126,-6800,-48454.90,14.54,48.45
2021-08-02,09:31:00,603697.SH,有友食品,卖出,17.535,-1000,-17534.86,5.26,17.53
2021-08-02,09:31:00,600502.SH,安徽建工,买入,3.788,69300,262477.91,78.74,0.00
2021-08-02,09:31:00,603165.SH,荣晟环保,卖出,11.996,-4800,-57580.61,17.27,57.58
2021-08-02,09:31:00,603203.SH,快克智能,买入,32.565,17000,553605.00,166.08,0.00
2021-08-02,09:31:00,603877.SH,太平鸟,卖出,49.910,-8800,-439207.82,131.76,439.21
2021-08-02,09:31:00,603303.SH,得邦照明,买入,16.533,21800,360419.40,108.13,0.00
2021-08-02,09:31:00,603368.SH,柳药集团,买入,19.960,11200,223550.21,67.07,0.00
2021-08-02,09:31:00,603757.SH,大元泵业,买入,19.719,9000,177474.24,53.24,0.00
2021-08-02,09:31:00,603970.SH,中农立华,卖出,20.090,-10400,-208933.30,62.68,208.93
2021-08-02,09:31:00,603722.SH,阿科力,卖出,42.914,-1600,-68662.40,20.60,68.66
2021-08-02,09:31:00,603323.SH,苏农银行,买入,4.539,96200,436657.57,131.00,0.00
2021-08-02,09:31:00,603001.SH,奥康国际,卖出,8.184,-17800,-145668.08,43.70,145.67
2021-08-02,09:31:00,600350.SH,山东高速,卖出,6.158,-4000,-24630.64,7.39,24.63
2021-08-02,09:31:00,601882.SH,海天精工,买入,19.589,1800,35260.38,10.58,0.00
2021-08-02,09:31:00,600901.SH,江苏金租,卖出,5.090,-23400,-119101.32,35.73,119.10
2021-08-02,09:31:00,600012.SH,皖通高速,卖出,5.569,-4600,-25616.66,7.68,25.62
2021-08-02,09:31:00,600820.SH,隧道股份,买入,4.880,47000,229347.78,68.80,0.00
2021-08-02,09:31:00,603358.SH,华达科技,买入,18.086,19700,356296.17,106.89,0.00
2021-08-02,09:31:00,603879.SH,永悦科技,买入,7.375,20600,151919.23,45.58,0.00
2021-08-02,09:31:00,600508.SH,上海能源,买入,9.780,43200,422475.26,126.74,0.00
2021-08-02,09:31:00,600965.SH,*ST福成,卖出,5.998,-14700,-88170.31,26.45,88.17
2021-08-02,09:31:00,601139.SH,深圳燃气,买入,7.224,62400,450803.81,135.24,0.00
2021-08-02,09:31:00,603808.SH,歌力思,卖出,14.431,-12000,-173172.96,51.95,173.17
2021-08-02,09:31:00,603726.SH,朗迪集团,卖出,14.681,-14600,-214336.47,64.30,214.34
2021-08-02,09:31:00,601928.SH,凤凰传媒,卖出,6.387,-34700,-221635.84,66.49,221.64
2021-08-02,09:31:00,601566.SH,九牧王,卖出,15.150,-7900,-119682.16,35.90,119.68
2021-08-02,09:31:00,600742.SH,富维股份,卖出,8.882,-37900,-336635.38,100.99,336.64
2021-08-02,09:31:00,600510.SH,黑牡丹,买入,7.836,68600,537524.90,161.26,0.00
2021-08-02,09:31:00,603328.SH,依顿电子,卖出,7.505,-19900,-149348.70,44.80,149.35
2021-08-02,09:31:00,600475.SH,华光环能,卖出,9.880,-14900,-147214.98,44.16,147.21
2021-08-02,09:31:00,603277.SH,银都股份,卖出,19.271,-4100,-79012.66,23.70,79.01
2021-08-02,09:31:00,600285.SH,羚锐制药,卖出,10.070,-52900,-532693.48,159.81,532.69
2021-08-02,09:31:00,002082.SZ,ST万邦,卖出,11.257,-13100,-147472.46,44.24,147.47
2021-08-02,09:31:00,603100.SH,川仪股份,买入,16.713,6200,103622.83,31.09,0.00
2021-08-02,09:31:00,002923.SZ,润都股份,卖出,25.539,-11100,-283480.90,85.04,283.48
2021-08-02,09:31:00,600479.SH,千金药业,卖出,8.144,-15100,-122969.57,36.89,122.97
2021-08-02,09:31:00,002724.SZ,海洋王,卖出,15.868,-32200,-510956.04,153.29,510.96
2021-08-02,09:31:00,002884.SZ,凌霄泵业,卖出,18.782,-500,-9391.18,5.00,9.39
2021-08-02,09:31:00,600064.SH,南京高科,卖出,8.014,-33600,-269268.38,80.78,269.27
2021-07-01,09:31:00,600548.SH,深高速,卖出,8.713,-1200,-10455.05,5.00,10.46
2021-07-01,09:31:00,603328.SH,依顿电子,买入,7.465,19900,148551.51,44.57,0.00
2021-07-01,09:31:00,603886.SH,元祖股份,卖出,17.415,-600,-10449.06,5.00,10.45
2021-07-01,09:31:00,600901.SH,江苏金租,卖出,5.210,-32600,-169831.66,50.95,169.83
2021-07-01,09:31:00,600663.SH,陆家嘴,卖出,13.194,-67900,-895842.72,268.75,895.84
2021-07-01,09:31:00,600285.SH,羚锐制药,买入,10.521,48500,510268.50,153.08,0.00
2021-07-01,09:31:00,600742.SH,富维股份,买入,10.230,37900,387732.92,116.32,0.00
2021-07-01,09:31:00,601566.SH,九牧王,买入,16.132,38700,624316.14,187.29,0.00
2021-07-01,09:31:00,601882.SH,海天精工,买入,15.651,14800,231638.35,69.49,0.00
2021-07-01,09:31:00,603697.SH,有友食品,买入,20.260,25300,512589.13,153.78,0.00
2021-07-01,09:31:00,603808.SH,歌力思,买入,15.962,6400,102155.90,30.65,0.00
2021-07-01,09:31:00,603165.SH,荣晟环保,卖出,13.214,-12200,-161204.94,48.36,161.20
2021-07-01,09:31:00,600461.SH,洪城环境,卖出,7.245,-23000,-166646.04,49.99,166.65
2021-07-01,09:31:00,603277.SH,银都股份,卖出,23.124,-3700,-85557.54,25.67,85.56
2021-07-01,09:31:00,002724.SZ,海洋王,卖出,13.583,-3500,-47539.73,14.26,47.54
2021-07-01,09:31:00,603323.SH,苏农银行,买入,4.399,114900,505419.82,151.63,0.00
2021-07-01,09:31:00,603722.SH,阿科力,卖出,51.906,-8600,-446391.43,133.92,446.39
2021-07-01,09:31:00,603100.SH,川仪股份,买入,17.816,22400,399068.54,119.72,0.00
2021-07-01,09:31:00,603766.SH,隆鑫通用,买入,3.637,58600,213143.44,63.94,0.00
2021-07-01,09:31:00,603879.SH,永悦科技,买入,7.254,34800,252455.90,75.74,0.00
2021-07-01,09:31:00,600475.SH,华光环能,卖出,10.180,-11500,-117065.40,35.12,117.07
2021-07-01,09:31:00,600350.SH,山东高速,卖出,6.138,-19200,-117843.84,35.35,117.84
2021-07-01,09:31:00,002884.SZ,凌霄泵业,卖出,23.134,-11400,-263723.50,79.12,263.72
2021-07-01,09:31:00,601928.SH,凤凰传媒,买入,7.134,15000,107013.60,32.10,0.00
2021-07-01,09:31:00,603001.SH,奥康国际,买入,10.220,65700,671480.28,201.44,0.00
2021-07-01,09:31:00,600502.SH,安徽建工,卖出,3.862,-28800,-111233.09,33.37,111.23
2021-07-01,09:31:00,603726.SH,朗迪集团,买入,14.268,14800,211173.50,63.35,0.00
2021-07-01,09:31:00,600052.SH,东望时代,卖出,3.363,-9800,-32959.95,9.89,32.96
2021-07-01,09:31:00,603970.SH,中农立华,买入,23.116,12000,277393.68,83.22,0.00
2021-07-01,09:31:00,603839.SH,安正时尚,买入,9.599,11000,105590.76,31.68,0.00
2021-07-01,09:31:00,600012.SH,皖通高速,卖出,6.487,-18100,-117414.70,35.22,117.41
2021-07-01,09:31:00,002788.SZ,鹭燕医药,卖出,7.605,-24600,-187077.10,56.12,187.08
2021-07-01,09:31:00,600479.SH,千金药业,买入,9.038,31500,284698.26,85.41,0.00
2021-07-01,09:31:00,600377.SH,宁沪高速,卖出,9.760,-13700,-133718.03,40.12,133.72
2021-07-01,09:31:00,603877.SH,太平鸟,买入,54.018,8800,475356.82,142.61,0.00
2021-07-01,09:31:00,600064.SH,南京高科,买入,9.289,25300,235000.06,70.50,0.00
2021-07-01,09:31:00,002327.SZ,富安娜,卖出,7.725,-5700,-44029.76,13.21,44.03
2021-07-01,09:31:00,002082.SZ,ST万邦,卖出,12.335,-14600,-180095.09,54.03,180.10
2021-07-01,09:31:00,002923.SZ,润都股份,卖出,24.351,-11400,-277603.68,83.28,277.60
2021-07-01,09:31:00,600965.SH,*ST福成,卖出,5.748,-9700,-55760.26,16.73,55.76
2021-06-01,09:31:00,002082.SZ,ST万邦,买入,13.497,29900,403558.51,121.07,0.00
2021-06-01,09:31:00,002788.SZ,鹭燕医药,买入,8.858,44300,392395.22,117.72,0.00
2021-06-01,09:31:00,603557.SH,*ST起步,卖出,4.800,-45400,-217937.25,65.38,217.94
2021-06-01,09:31:00,002724.SZ,海洋王,买入,11.273,40900,461045.25,138.31,0.00
2021-06-01,09:31:00,600965.SH,*ST福成,买入,6.052,24400,147670.75,44.30,0.00
2021-06-01,09:31:00,603283.SH,赛腾股份,卖出,21.846,-6400,-139815.81,41.94,139.82
2021-06-01,09:31:00,600377.SH,宁沪高速,买入,10.050,38600,387932.32,116.38,0.00
2021-06-01,09:31:00,600901.SH,江苏金租,买入,5.681,56000,318155.04,95.45,0.00
2021-06-01,09:31:00,601098.SH,中南传媒,卖出,9.691,-39800,-385685.08,115.71,385.69
2021-06-01,09:31:00,600012.SH,皖通高速,卖出,6.786,-19100,-129620.24,38.89,129.62
2021-06-01,09:31:00,600064.SH,南京高科,买入,10.321,53900,556280.34,166.88,0.00
2021-06-01,09:31:00,603167.SH,渤海轮渡,卖出,8.214,-31600,-259547.86,77.86,259.55
2021-06-01,09:31:00,603306.SH,华懋科技,卖出,29.441,-17800,-524049.80,157.21,524.05
2021-06-01,09:31:00,600350.SH,山东高速,卖出,6.327,-40500,-256256.46,76.88,256.26
2021-06-01,09:31:00,600548.SH,深高速,卖出,9.032,-28300,-255602.77,76.68,255.60
2021-06-01,09:31:00,600475.SH,华光环能,买入,10.521,26400,277754.40,83.33,0.00
2021-06-01,09:31:00,603722.SH,阿科力,买入,41.884,10200,427212.72,128.16,0.00
2021-06-01,09:31:00,600502.SH,安徽建工,买入,4.018,47500,190855.95,57.26,0.00
2021-06-01,09:31:00,603839.SH,安正时尚,买入,10.932,37400,408850.07,122.66,0.00
2021-06-01,09:31:00,002923.SZ,润都股份,买入,20.731,22500,466456.05,139.94,0.00
2021-06-01,09:31:00,002884.SZ,凌霄泵业,买入,24.118,11900,287005.87,86.10,0.00
2021-06-01,09:31:00,603886.SH,元祖股份,卖出,18.014,-20800,-374689.12,112.41,374.69
2021-06-01,09:31:00,603165.SH,荣晟环保,买入,15.060,33300,501500.00,150.45,0.00
2021-06-01,09:31:00,603277.SH,银都股份,买入,23.206,7300,169406.14,50.82,0.00
2021-06-01,09:31:00,601882.SH,海天精工,卖出,14.671,-15200,-222993.12,66.90,222.99
2021-06-01,09:31:00,601928.SH,凤凰传媒,买入,7.705,5000,38526.90,11.56,0.00
2021-06-01,09:31:00,600686.SH,金龙汽车,卖出,6.856,-28900,-198145.91,59.44,198.15
2021-06-01,09:31:00,600663.SH,陆家嘴,买入,11.673,67900,792617.07,237.79,0.00
2021-06-01,09:31:00,603808.SH,歌力思,买入,14.719,44300,652068.53,195.62,0.00
2021-06-01,09:31:00,600461.SH,洪城环境,卖出,7.365,-39500,-290926.98,87.28,290.93
2021-06-01,09:31:00,600285.SH,羚锐制药,卖出,10.319,-21800,-224961.18,67.49,224.96
2021-06-01,09:31:00,600037.SH,歌华有线,卖出,10.130,-22900,-231970.13,69.59,231.97
2021-06-01,09:31:00,600170.SH,上海建工,卖出,2.914,-78800,-229635.81,68.89,229.64
2021-06-01,09:31:00,603920.SH,世运电路,卖出,16.287,-6400,-104239.10,31.27,104.24
2021-06-01,09:31:00,000906.SZ,浙商中拓,卖出,11.188,-45900,-513509.92,154.05,513.51
2021-06-01,09:31:00,600577.SH,精达股份,卖出,5.768,-110400,-636835.78,191.05,636.84
2021-06-01,09:31:00,002084.SZ,海鸥住工,卖出,5.778,-12100,-69918.88,20.98,69.92
2021-06-01,09:31:00,600479.SH,千金药业,买入,9.840,34800,342419.47,102.73,0.00
2021-06-01,09:31:00,600052.SH,东望时代,卖出,3.273,-27600,-90346.94,27.10,90.35
2021-06-01,09:31:00,002763.SZ,汇洁股份,卖出,10.429,-34600,-360846.86,108.25,360.85
2021-06-01,09:31:00,002869.SZ,金溢科技,卖出,20.060,-15900,-318950.82,95.69,318.95
2021-06-01,09:31:00,002327.SZ,富安娜,卖出,9.092,-24600,-223657.79,67.10,223.66
2021-06-01,09:31:00,002449.SZ,国星光电,卖出,8.962,-17300,-155043.29,46.51,155.04
2021-05-06,09:31:00,601882.SH,海天精工,买入,17.174,24100,413900.15,124.17,0.00
2021-05-06,09:31:00,603886.SH,元祖股份,买入,18.918,21400,404840.06,121.45,0.00
2021-05-06,09:31:00,601928.SH,凤凰传媒,买入,7.455,97400,726105.31,217.83,0.00
2021-05-06,09:31:00,600285.SH,羚锐制药,买入,9.860,56800,560029.82,168.01,0.00
2021-05-06,09:31:00,601098.SH,中南传媒,买入,10.230,39800,407170.72,122.15,0.00
2021-05-06,09:31:00,600461.SH,洪城环境,买入,7.184,62500,449021.25,134.71,0.00
2021-05-06,09:31:00,600170.SH,上海建工,买入,2.906,78800,228977.04,68.69,0.00
2021-05-06,09:31:00,600377.SH,宁沪高速,买入,10.291,44700,459987.14,138.00,0.00
2021-05-06,09:31:00,603035.SH,常熟汽饰,卖出,16.008,-4700,-75237.22,22.57,75.24
2021-05-06,09:31:00,601633.SH,长城汽车,卖出,33.363,-15700,-523801.30,157.14,523.80
2021-05-06,09:31:00,603277.SH,银都股份,买入,19.790,13800,273095.10,81.93,0.00
2021-05-06,09:31:00,600012.SH,皖通高速,买入,7.575,41800,316640.02,94.99,0.00
2021-05-06,09:31:00,600548.SH,深高速,买入,10.100,29500,297954.72,89.39,0.00
2021-05-06,09:31:00,603306.SH,华懋科技,买入,23.797,17800,423595.50,127.08,0.00
2021-05-06,09:31:00,600859.SH,王府井,卖出,33.523,-27900,-935286.68,280.59,935.29
2021-05-06,09:31:00,600197.SH,伊力特,卖出,26.118,-39800,-1039482.87,311.84,1039.48
2021-05-06,09:31:00,002304.SZ,洋河股份,卖出,191.915,-3400,-652512.36,195.75,652.51
2021-05-06,09:31:00,600479.SH,千金药业,买入,9.319,21600,201281.76,60.38,0.00
2021-05-06,09:31:00,603920.SH,世运电路,卖出,15.978,-31800,-508099.76,152.43,508.10
2021-05-06,09:31:00,600350.SH,山东高速,买入,6.954,63700,442962.16,132.89,0.00
2021-05-06,09:31:00,600577.SH,精达股份,买入,3.647,110400,402659.71,120.80,0.00
2021-05-06,09:31:00,002327.SZ,富安娜,买入,9.208,30300,279013.91,83.70,0.00
2021-05-06,09:31:00,000906.SZ,浙商中拓,买入,8.788,45900,403348.09,121.00,0.00
2021-05-06,09:31:00,601899.SH,紫金矿业,卖出,11.537,-48500,-559538.68,167.86,559.54
2021-05-06,09:31:00,600511.SH,国药股份,卖出,36.427,-24000,-874248.00,262.27,874.25
2021-05-06,09:31:00,600502.SH,安徽建工,买入,4.028,51100,205832.84,61.75,0.00
2021-05-06,09:31:00,600052.SH,东望时代,买入,3.487,37400,130412.30,39.12,0.00
2021-05-06,09:31:00,002601.SZ,龙佰集团,卖出,33.732,-10800,-364309.92,109.29,364.31
2021-05-06,09:31:00,002763.SZ,汇洁股份,买入,9.389,34600,324850.40,97.46,0.00
2021-05-06,09:31:00,603167.SH,渤海轮渡,卖出,8.104,-19200,-155592.19,46.68,155.59
2021-05-06,09:31:00,600346.SH,恒力石化,卖出,29.501,-12300,-362860.82,108.86,362.86
2021-05-06,09:31:00,600686.SH,金龙汽车,卖出,6.467,-35200,-227639.81,68.29,227.64
2021-05-06,09:31:00,002416.SZ,爱施德,卖出,7.705,-47400,-365196.14,109.56,365.20
2021-05-06,09:31:00,601628.SH,中国人寿,卖出,32.734,-29900,-978758.56,293.63,978.76
2021-05-06,09:31:00,002869.SZ,金溢科技,卖出,19.162,-14000,-268262.40,80.48,268.26
2021-05-06,09:31:00,002084.SZ,海鸥住工,卖出,6.607,-66200,-437367.51,131.21,437.37
2021-05-06,09:31:00,002449.SZ,国星光电,卖出,8.693,-36900,-320756.20,96.23,320.76
2021-05-06,09:31:00,600616.SH,金枫酒业,卖出,7.126,-82000,-584309.04,175.29,584.31
2021-05-06,09:31:00,603283.SH,赛腾股份,卖出,21.367,-7300,-155980.41,46.79,155.98
2021-05-06,09:31:00,002600.SZ,领益智造,卖出,8.174,-83000,-678410.46,203.52,678.41
2021-05-06,09:31:00,600037.SH,歌华有线,卖出,8.922,-58200,-519267.38,155.78,519.27
2021-05-06,09:31:00,600340.SH,*ST华幸,卖出,5.359,-77100,-413198.95,123.96,413.20
2021-05-06,09:31:00,000048.SZ,京基智农,卖出,29.341,-8200,-240597.84,72.18,240.60
2021-05-06,09:31:00,603976.SH,正川股份,卖出,47.904,-14000,-670656.00,201.20,670.66
2021-04-01,09:31:00,603167.SH,渤海轮渡,卖出,8.653,-24500,-211990.17,63.60,211.99
2021-04-01,09:31:00,603035.SH,常熟汽饰,卖出,11.128,-14500,-161351.65,48.41,161.35
2021-04-01,09:31:00,002416.SZ,爱施德,买入,8.377,47400,397056.53,119.12,0.00
2021-04-01,09:31:00,603283.SH,赛腾股份,买入,25.260,4900,123776.06,37.13,0.00
2021-04-01,09:31:00,002756.SZ,永兴材料,卖出,46.756,-8400,-392752.92,117.83,392.75
2021-04-01,09:31:00,002042.SZ,华孚时尚,卖出,4.561,-18900,-86200.25,25.86,86.20
2021-04-01,09:31:00,002304.SZ,洋河股份,买入,165.330,3400,562122.00,168.64,0.00
2021-04-01,09:31:00,603332.SH,苏州龙杰,卖出,17.545,-29700,-521081.75,156.32,521.08
2021-04-01,09:31:00,603557.SH,*ST起步,卖出,9.481,-64200,-608680.20,182.60,608.68
2021-04-01,09:31:00,000501.SZ,武商集团,卖出,12.605,-31200,-393267.89,117.98,393.27
2021-04-01,09:31:00,600521.SH,华海药业,卖出,25.788,-26500,-683390.48,205.02,683.39
2021-04-01,09:31:00,601899.SH,紫金矿业,买入,9.739,48500,472362.84,141.71,0.00
2021-04-01,09:31:00,002600.SZ,领益智造,买入,8.216,83000,681961.20,204.59,0.00
2021-04-01,09:31:00,600037.SH,歌华有线,卖出,8.912,-34000,-303012.76,90.90,303.01
2021-04-01,09:31:00,601633.SH,长城汽车,买入,30.531,1200,36637.13,10.99,0.00
2021-04-01,09:31:00,600859.SH,王府井,买入,30.060,9500,285570.00,85.67,0.00
2021-04-01,09:31:00,600511.SH,国药股份,买入,33.547,24000,805127.04,241.54,0.00
2021-04-01,09:31:00,603976.SH,正川股份,买入,42.585,5600,238476.00,71.54,0.00
2021-04-01,09:31:00,002869.SZ,金溢科技,买入,26.723,6500,173701.71,52.11,0.00
2021-04-01,09:31:00,600686.SH,金龙汽车,买入,6.373,28700,182897.06,54.87,0.00
2021-04-01,09:31:00,600616.SH,金枫酒业,买入,6.703,800,5362.70,5.00,0.00
2021-04-01,09:31:00,600340.SH,*ST华幸,买入,6.252,28800,180071.42,54.02,0.00
2021-04-01,09:31:00,600346.SH,恒力石化,买入,29.078,12300,357659.89,107.30,0.00
2021-04-01,09:31:00,601628.SH,中国人寿,买入,31.964,6700,214157.46,64.25,0.00
2021-04-01,09:31:00,000048.SZ,京基智农,卖出,26.068,-6400,-166833.66,50.05,166.83
2021-04-01,09:31:00,002084.SZ,海鸥住工,卖出,6.707,-49200,-329962.75,98.99,329.96
2021-04-01,09:31:00,002449.SZ,国星光电,买入,8.176,27100,221578.27,66.47,0.00
2021-04-01,09:31:00,000011.SZ,深物业A,卖出,13.353,-10000,-133532.40,40.06,133.53
2021-04-01,09:31:00,600211.SH,西藏药业,卖出,48.353,-12200,-589907.82,176.97,589.91
2021-04-01,09:31:00,002601.SZ,龙佰集团,买入,28.617,10800,309064.90,92.72,0.00
2021-04-01,09:31:00,603920.SH,世运电路,买入,16.743,9500,159062.49,47.72,0.00
2021-04-01,09:31:00,600197.SH,伊力特,买入,19.990,8400,167915.16,50.37,0.00
2021-03-01,09:31:00,601633.SH,长城汽车,买入,31.663,14500,459116.40,137.73,0.00
2021-03-01,09:31:00,603500.SH,祥和实业,卖出,12.575,-18100,-227603.88,68.28,227.60
2021-03-01,09:31:00,002234.SZ,民和股份,卖出,15.359,-24100,-370157.20,111.05,370.16
2021-03-01,09:31:00,000048.SZ,京基智农,卖出,25.609,-11800,-302182.42,90.65,302.18
2021-03-01,09:31:00,600720.SH,中交设计,卖出,14.701,-73000,-1073139.42,321.94,1073.14
2021-03-01,09:31:00,002042.SZ,华孚时尚,卖出,4.800,-110000,-528041.80,158.41,528.04
2021-03-01,09:31:00,601628.SH,中国人寿,买入,32.966,23200,764806.56,229.44,0.00
2021-03-01,09:31:00,002940.SZ,昂利康,卖出,33.932,-6300,-213771.60,64.13,213.77
2021-03-01,09:31:00,000501.SZ,武商集团,卖出,11.287,-40400,-456010.15,136.80,456.01
2021-03-01,09:31:00,600616.SH,金枫酒业,买入,6.413,81200,520719.36,156.22,0.00
2021-03-01,09:31:00,603976.SH,正川股份,卖出,42.016,-400,-16806.32,5.04,16.81
2021-03-01,09:31:00,603167.SH,渤海轮渡,买入,8.727,12800,111710.98,33.51,0.00
2021-03-01,09:31:00,603557.SH,*ST起步,买入,8.838,33700,297828.47,89.35,0.00
2021-03-01,09:31:00,600686.SH,金龙汽车,买入,6.463,35400,228786.66,68.64,0.00
2021-03-01,09:31:00,603035.SH,常熟汽饰,买入,11.413,19200,219125.38,65.74,0.00
2021-03-01,09:31:00,603890.SH,春秋电子,卖出,14.960,-25700,-384472.51,115.34,384.47
2021-03-01,09:31:00,000011.SZ,深物业A,卖出,10.998,-50800,-558696.37,167.61,558.70
2021-03-01,09:31:00,002756.SZ,永兴材料,买入,39.459,8400,331453.58,99.44,0.00
2021-03-01,09:31:00,603878.SH,武进不锈,卖出,7.794,-5100,-39751.34,11.93,39.75
2021-03-01,09:31:00,603283.SH,赛腾股份,卖出,27.575,-15600,-430165.94,129.05,430.17
2021-03-01,09:31:00,002449.SZ,国星光电,买入,8.437,27100,228638.36,68.59,0.00
2021-03-01,09:31:00,600197.SH,伊力特,买入,20.230,31400,635233.93,190.57,0.00
2021-03-01,09:31:00,600211.SH,西藏药业,买入,51.944,1600,83109.89,24.93,0.00
2021-03-01,09:31:00,600340.SH,*ST华幸,买入,7.926,48300,382817.11,114.85,0.00
2021-03-01,09:31:00,603920.SH,世运电路,买入,19.469,12400,241413.86,72.42,0.00
2021-03-01,09:31:00,603332.SH,苏州龙杰,买入,20.040,29700,595188.00,178.56,0.00
2021-03-01,09:31:00,603665.SH,康隆达,卖出,16.218,-14900,-241640.75,72.49,241.64
2021-03-01,09:31:00,600859.SH,王府井,买入,30.801,4700,144766.96,43.43,0.00
2021-03-01,09:31:00,600037.SH,歌华有线,买入,8.427,7400,62358.47,18.71,0.00
2021-03-01,09:31:00,600521.SH,华海药业,买入,28.306,4700,133040.55,39.91,0.00
2021-03-01,09:31:00,002869.SZ,金溢科技,卖出,28.832,-900,-25949.00,7.78,25.95
2021-03-01,09:31:00,002084.SZ,海鸥住工,买入,6.433,17500,112574.70,33.77,0.00
2021-02-01,09:31:00,603878.SH,武进不锈,卖出,7.056,-7900,-55741.29,16.72,55.74
2021-02-01,09:31:00,603283.SH,赛腾股份,买入,28.657,3900,111763.08,33.53,0.00
2021-02-01,09:31:00,002234.SZ,民和股份,买入,13.357,15600,208363.90,62.51,0.00
2021-02-01,09:31:00,000501.SZ,武商集团,买入,10.641,7200,76616.93,22.99,0.00
2021-02-01,09:31:00,600211.SH,西藏药业,买入,51.352,1400,71893.50,21.57,0.00
2021-02-01,09:31:00,603167.SH,渤海轮渡,卖出,8.323,-33100,-275501.89,82.65,275.50
2021-02-01,09:31:00,601216.SH,君正集团,卖出,5.888,-153300,-902661.06,270.80,902.66
2021-02-01,09:31:00,603665.SH,康隆达,买入,14.679,11200,164408.16,49.32,0.00
2021-02-01,09:31:00,002042.SZ,华孚时尚,买入,4.068,63800,259546.06,77.86,0.00
2021-02-01,09:31:00,603976.SH,正川股份,买入,49.890,8800,439028.30,131.71,0.00
2021-02-01,09:31:00,000011.SZ,深物业A,卖出,10.130,-4500,-45583.65,13.68,45.58
2021-02-01,09:31:00,603500.SH,祥和实业,买入,10.381,18100,187891.03,56.37,0.00
2021-02-01,09:31:00,600223.SH,福瑞达,卖出,12.365,-41500,-513156.63,153.95,513.16
2021-02-01,09:31:00,603920.SH,世运电路,买入,21.493,16300,350334.27,105.10,0.00
2021-02-01,09:31:00,600521.SH,华海药业,买入,24.629,21800,536915.69,161.07,0.00
2021-02-01,09:31:00,603890.SH,春秋电子,卖出,12.515,-45600,-570680.35,171.20,570.68
2021-02-01,09:31:00,002084.SZ,海鸥住工,买入,5.932,32500,192784.80,57.84,0.00
2021-02-01,09:31:00,000048.SZ,京基智农,卖出,22.914,-10100,-231432.21,69.43,231.43
2021-02-01,09:31:00,603929.SH,亚翔集成,卖出,9.980,-8400,-83832.00,25.15,83.83
2021-02-01,09:31:00,600720.SH,中交设计,买入,12.615,7600,95875.37,28.76,0.00
2021-02-01,09:31:00,002869.SZ,金溢科技,买入,29.058,9000,261522.00,78.46,0.00
2021-02-01,09:31:00,002605.SZ,姚记科技,卖出,28.203,-27500,-775595.70,232.68,775.60
2021-02-01,09:31:00,002940.SZ,昂利康,买入,34.960,4300,150327.05,45.10,0.00
2021-02-01,09:31:00,600037.SH,歌华有线,买入,8.547,40200,343591.81,103.08,0.00
2021-02-01,09:31:00,603557.SH,*ST起步,买入,6.974,30000,209217.60,62.77,0.00
2021-01-04,09:31:00,600720.SH,中交设计,买入,13.547,9700,131406.29,39.42,0.00
2021-01-04,09:31:00,603283.SH,赛腾股份,买入,39.399,7000,275790.48,82.74,0.00
2021-01-04,09:31:00,000524.SZ,岭南控股,卖出,7.894,-4600,-36313.23,10.89,36.31
2021-01-04,09:31:00,603025.SH,大豪科技,卖出,28.443,-41900,-1191761.70,357.53,1191.76
2021-01-04,09:31:00,000501.SZ,武商集团,买入,11.593,8700,100860.32,30.26,0.00
2021-01-04,09:31:00,603500.SH,祥和实业,卖出,11.377,-6700,-76227.24,22.87,76.23
2021-01-04,09:31:00,603339.SH,四方科技,卖出,11.038,-11800,-130246.98,39.07,130.25
2021-01-04,09:31:00,000048.SZ,京基智农,买入,22.966,25100,576442.58,172.93,0.00
2021-01-04,09:31:00,603890.SH,春秋电子,买入,11.623,6300,73226.16,21.97,0.00
2021-01-04,09:31:00,002940.SZ,昂利康,卖出,40.948,-5700,-233403.26,70.02,233.40
2021-01-04,09:31:00,002918.SZ,蒙娜丽莎,卖出,32.694,-21300,-696392.42,208.92,696.39
2021-01-04,09:31:00,603557.SH,*ST起步,买入,9.178,17100,156949.27,47.08,0.00
2021-01-04,09:31:00,603167.SH,渤海轮渡,买入,8.798,55200,485625.31,145.69,0.00
2021-01-04,09:31:00,603929.SH,亚翔集成,买入,11.373,8400,95530.68,28.66,0.00
2021-01-04,09:31:00,000011.SZ,深物业A,买入,12.224,31800,388735.92,116.62,0.00
2021-01-04,09:31:00,002458.SZ,益生股份,卖出,11.178,-2500,-27944.00,8.38,27.94
2021-01-04,09:31:00,600223.SH,福瑞达,买入,8.467,41500,351376.35,105.41,0.00
2021-01-04,09:31:00,601216.SH,君正集团,买入,4.880,75600,368908.34,110.67,0.00
2021-01-04,09:31:00,600859.SH,王府井,买入,32.465,2100,68176.08,20.45,0.00
2021-01-04,09:31:00,603665.SH,康隆达,买入,19.820,3700,73332.37,22.00,0.00
2021-01-04,09:31:00,002869.SZ,金溢科技,卖出,33.403,-2400,-80167.34,24.05,80.17
2021-01-04,09:31:00,002626.SZ,金达威,卖出,34.531,-18100,-625007.48,187.50,625.01
2021-01-04,09:31:00,002234.SZ,民和股份,买入,15.371,5100,78390.47,23.52,0.00
2021-01-04,09:31:00,603393.SH,新天然气,卖出,23.543,-3900,-91817.00,27.55,91.82
2021-01-04,09:31:00,600211.SH,西藏药业,买入,68.136,3000,204408.00,61.32,0.00
2021-01-04,09:31:00,600037.SH,歌华有线,卖出,9.102,-8300,-75544.61,22.66,75.54
2021-01-04,09:31:00,002084.SZ,海鸥住工,买入,7.074,48000,339557.76,101.87,0.00
2021-01-04,09:31:00,002838.SZ,道恩股份,卖出,25.768,-17300,-445792.63,133.74,445.79
2021-01-04,09:31:00,002042.SZ,华孚时尚,买入,4.399,65100,286360.58,85.91,0.00
2021-01-04,09:31:00,603878.SH,武进不锈,卖出,7.595,-8700,-66074.59,19.82,66.07
2021-01-04,09:31:00,603871.SH,嘉友国际,卖出,21.447,-4100,-87932.78,26.38,87.93
2021-01-04,09:31:00,002605.SZ,姚记科技,买入,24.549,700,17184.30,5.16,0.00
2021-01-04,09:31:00,002555.SZ,三七互娱,卖出,31.387,-24700,-775261.37,232.58,775.26
2020-12-01,09:31:00,002838.SZ,道恩股份,买入,22.224,17300,384481.43,115.34,0.00
2020-12-01,09:31:00,603819.SH,神力股份,卖出,12.824,-1200,-15389.16,5.00,15.39
2020-12-01,09:31:00,603733.SH,仙鹤股份,卖出,24.441,-30400,-743007.01,222.90,743.01
2020-12-01,09:31:00,603339.SH,四方科技,卖出,10.659,-20300,-216370.39,64.91,216.37
2020-12-01,09:31:00,002084.SZ,海鸥住工,买入,7.936,28400,225377.86,67.61,0.00
2020-12-01,09:31:00,603527.SH,众源新材,卖出,10.279,-12800,-131576.32,39.47,131.58
2020-12-01,09:31:00,002626.SZ,金达威,买入,32.966,18100,596680.98,179.00,0.00
2020-12-01,09:31:00,603977.SH,国泰集团,卖出,7.754,-18000,-139580.28,41.87,139.58
2020-12-01,09:31:00,603706.SH,东方环宇,卖出,17.345,-1100,-19079.76,5.72,19.08
2020-12-01,09:31:00,603500.SH,祥和实业,卖出,13.004,-8200,-106632.31,31.99,106.63
2020-12-01,09:31:00,002940.SZ,昂利康,买入,45.371,7700,349353.31,104.81,0.00
2020-12-01,09:31:00,601898.SH,中煤能源,卖出,4.451,-41800,-186055.14,55.82,186.06
2020-12-01,09:31:00,600859.SH,王府井,卖出,34.361,-4500,-154625.13,46.39,154.63
2020-12-01,09:31:00,000048.SZ,京基智农,买入,22.966,11400,261810.58,78.54,0.00
2020-12-01,09:31:00,603968.SH,醋化股份,卖出,17.465,-9100,-158931.50,47.68,158.93
2020-12-01,09:31:00,603878.SH,武进不锈,卖出,8.263,-12300,-101640.31,30.49,101.64
2020-12-01,09:31:00,600863.SH,华能蒙电,卖出,2.605,-26400,-68766.19,20.63,68.77
2020-12-01,09:31:00,002234.SZ,民和股份,卖出,16.996,-22800,-387507.43,116.25,387.51
2020-12-01,09:31:00,600642.SH,申能股份,卖出,5.579,-27800,-155091.20,46.53,155.09
2020-12-01,09:31:00,000524.SZ,岭南控股,卖出,7.764,-17800,-138207.03,41.46,138.21
2020-12-01,09:31:00,603970.SH,中农立华,卖出,19.940,-11700,-233298.47,69.99,233.30
2020-12-01,09:31:00,603283.SH,赛腾股份,买入,42.034,4400,184949.16,55.48,0.00
2020-12-01,09:31:00,603110.SH,东方材料,卖出,20.060,-5600,-112334.88,33.70,112.33
2020-12-01,09:31:00,000011.SZ,深物业A,买入,13.788,800,11030.02,5.00,0.00
2020-12-01,09:31:00,603871.SH,嘉友国际,卖出,22.954,-6600,-151496.40,45.45,151.50
2020-12-01,09:31:00,601928.SH,凤凰传媒,卖出,6.896,-8400,-57927.91,17.38,57.93
2020-12-01,09:31:00,603920.SH,世运电路,卖出,30.918,-11000,-340098.44,102.03,340.10
2020-12-01,09:31:00,603357.SH,设计总院,卖出,10.060,-1800,-18107.71,5.43,18.11
2020-12-01,09:31:00,601858.SH,中国科传,卖出,10.978,-29100,-319459.80,95.84,319.46
2020-12-01,09:31:00,002605.SZ,姚记科技,买入,27.264,26800,730686.46,219.21,0.00
2020-12-01,09:31:00,002869.SZ,金溢科技,买入,37.916,17700,671107.54,201.33,0.00
2020-12-01,09:31:00,603167.SH,渤海轮渡,卖出,9.301,-19700,-183236.79,54.97,183.24
2020-12-01,09:31:00,603615.SH,茶花股份,卖出,13.174,-16100,-212094.96,63.63,212.09
2020-12-01,09:31:00,600037.SH,歌华有线,买入,10.551,75800,799770.35,239.93,0.00
2020-12-01,09:31:00,603890.SH,春秋电子,买入,12.625,21800,275229.36,82.57,0.00
2020-12-01,09:31:00,603393.SH,新天然气,卖出,25.299,-14800,-374429.64,112.33,374.43
2020-12-01,09:31:00,601216.SH,君正集团,卖出,5.239,-2200,-11526.90,5.00,11.53
2020-12-01,09:31:00,600211.SH,西藏药业,买入,61.072,1900,116036.61,34.81,0.00
2020-12-01,09:31:00,603557.SH,*ST起步,买入,10.471,28800,301561.92,90.47,0.00
2020-12-01,09:31:00,603358.SH,华达科技,卖出,16.856,-4600,-77538.61,23.26,77.54
2020-12-01,09:31:00,603116.SH,红蜻蜓,卖出,6.796,-6700,-45535.75,13.66,45.54
2020-12-01,09:31:00,601949.SH,中国出版,卖出,5.858,-51700,-302872.04,90.86,302.87
2020-12-01,09:31:00,002458.SZ,益生股份,卖出,12.076,-43400,-524089.72,157.23,524.09
2020-12-01,09:31:00,002567.SZ,唐人神,卖出,8.134,-103800,-844278.06,253.28,844.28
2020-12-01,09:31:00,002918.SZ,蒙娜丽莎,买入,28.096,5800,162957.26,48.89,0.00
2020-12-01,09:31:00,600720.SH,中交设计,买入,15.170,2500,37925.70,11.38,0.00
2020-12-01,09:31:00,002555.SZ,三七互娱,买入,26.132,10900,284840.54,85.45,0.00
2020-12-01,09:31:00,000828.SZ,东莞控股,卖出,9.202,-33800,-311012.73,93.30,311.01
2020-11-02,09:31:00,600720.SH,中交设计,买入,14.529,53200,772942.80,231.88,0.00
2020-11-02,09:31:00,603733.SH,仙鹤股份,买入,18.417,30400,559869.50,167.96,0.00
2020-11-02,09:31:00,002458.SZ,益生股份,买入,10.842,45900,497631.28,149.29,0.00
2020-11-02,09:31:00,603970.SH,中农立华,卖出,16.347,-7400,-120969.58,36.29,120.97
2020-11-02,09:31:00,603166.SH,福达股份,卖出,6.567,-7900,-51878.04,15.56,51.88
2020-11-02,09:31:00,603890.SH,春秋电子,买入,13.016,43200,562290.34,168.69,0.00
2020-11-02,09:31:00,603025.SH,大豪科技,买入,7.755,41900,324954.61,97.49,0.00
2020-11-02,09:31:00,603918.SH,金桥信息,卖出,11.796,-34200,-403435.51,121.03,403.44
2020-11-02,09:31:00,600211.SH,西藏药业,买入,83.156,4300,357570.71,107.27,0.00
2020-11-02,09:31:00,600859.SH,王府井,买入,40.471,16100,651579.56,195.47,0.00
2020-11-02,09:31:00,603357.SH,设计总院,卖出,9.790,-7800,-76364.96,22.91,76.36
2020-11-02,09:31:00,601949.SH,中国出版,卖出,5.030,-36300,-182586.10,54.78,182.59
2020-11-02,09:31:00,603920.SH,世运电路,卖出,23.593,-20200,-476572.94,142.97,476.57
2020-11-02,09:31:00,600663.SH,陆家嘴,卖出,11.557,-1700,-19646.63,5.89,19.65
2020-11-02,09:31:00,002918.SZ,蒙娜丽莎,买入,29.870,15500,462979.11,138.89,0.00
2020-11-02,09:31:00,603393.SH,新天然气,买入,25.962,18700,485486.03,145.65,0.00
2020-11-02,09:31:00,603977.SH,国泰集团,卖出,6.956,-27100,-188509.23,56.55,188.51
2020-11-02,09:31:00,603808.SH,歌力思,卖出,14.311,-10900,-155993.39,46.80,155.99
2020-11-02,09:31:00,603886.SH,元祖股份,卖出,17.894,-19200,-343567.49,103.07,343.57
2020-11-02,09:31:00,601928.SH,凤凰传媒,卖出,6.906,-21000,-145029.36,43.51,145.03
2020-11-02,09:31:00,000828.SZ,东莞控股,买入,8.617,33800,291261.36,87.38,0.00
2020-11-02,09:31:00,002234.SZ,民和股份,买入,14.940,26200,391423.28,117.43,0.00
2020-11-02,09:31:00,603900.SH,莱绅通灵,卖出,8.693,-26700,-232091.89,69.63,232.09
2020-11-02,09:31:00,603458.SH,勘设股份,卖出,14.980,-10000,-149799.80,44.94,149.80
2020-11-02,09:31:00,603878.SH,武进不锈,卖出,8.064,-18500,-149181.04,44.75,149.18
2020-11-02,09:31:00,603283.SH,赛腾股份,买入,42.685,9100,388435.32,116.53,0.00
2020-11-02,09:31:00,603500.SH,祥和实业,买入,14.609,14900,217676.48,65.30,0.00
2020-11-02,09:31:00,603968.SH,醋化股份,卖出,16.407,-15200,-249388.22,74.82,249.39
2020-11-02,09:31:00,603877.SH,太平鸟,卖出,38.902,-11300,-439593.05,131.88,439.59
2020-11-02,09:31:00,002567.SZ,唐人神,买入,7.816,103800,811259.28,243.38,0.00
2020-11-02,09:31:00,603167.SH,渤海轮渡,买入,9.379,60100,563661.07,169.10,0.00
2020-11-02,09:31:00,601898.SH,中煤能源,卖出,3.922,-43400,-170220.88,51.07,170.22
2020-11-02,09:31:00,000524.SZ,岭南控股,买入,7.715,22400,172824.96,51.85,0.00
2020-11-02,09:31:00,601216.SH,君正集团,买入,7.044,79900,562820.39,168.85,0.00
2020-11-02,09:31:00,002555.SZ,三七互娱,买入,29.208,13800,403074.54,120.92,0.00
2020-11-02,09:31:00,603871.SH,嘉友国际,卖出,24.760,-10200,-252555.88,75.77,252.56
2020-11-02,09:31:00,603706.SH,东方环宇,卖出,16.836,-5100,-85864.93,25.76,85.86
2020-11-02,09:31:00,603587.SH,地素时尚,卖出,21.617,-2400,-51880.03,15.56,51.88
2020-11-02,09:31:00,000501.SZ,武商集团,买入,13.086,55700,728896.88,218.67,0.00
2020-11-02,09:31:00,603326.SH,我乐家居,卖出,12.575,-12600,-158442.48,47.53,158.44
2020-11-02,09:31:00,000011.SZ,深物业A,买入,14.108,32700,461336.83,138.40,0.00
2020-11-02,09:31:00,603730.SH,岱美股份,卖出,26.287,-21200,-557291.18,167.19,557.29
2020-11-02,09:31:00,603358.SH,华达科技,卖出,18.363,-15500,-284629.60,85.39,284.63
2020-11-02,09:31:00,601992.SH,金隅集团,卖出,3.004,-51600,-155005.37,46.50,155.01
2020-11-02,09:31:00,600757.SH,长江传媒,卖出,5.359,-23700,-127014.46,38.10,127.01
2020-11-02,09:31:00,603527.SH,众源新材,卖出,8.483,-6500,-55139.50,16.54,55.14
2020-11-02,09:31:00,603868.SH,飞科电器,卖出,52.415,-4900,-256833.30,77.05,256.83
2020-11-02,09:31:00,603339.SH,四方科技,卖出,9.271,-6000,-55628.52,16.69,55.63
2020-11-02,09:31:00,600863.SH,华能蒙电,卖出,2.565,-47100,-120804.91,36.24,120.80
2020-11-02,09:31:00,603110.SH,东方材料,卖出,21.257,-13200,-280597.68,84.18,280.60
2020-11-02,09:31:00,601828.SH,美凯龙,卖出,9.271,-11100,-102912.76,30.87,102.91
2020-11-02,09:31:00,603615.SH,茶花股份,卖出,10.729,-10100,-108357.85,32.51,108.36
2020-11-02,09:31:00,603819.SH,神力股份,卖出,13.533,-8500,-115029.48,34.51,115.03
2020-11-02,09:31:00,603116.SH,红蜻蜓,卖出,6.756,-13500,-91212.21,27.36,91.21
2020-11-02,09:31:00,600642.SH,申能股份,卖出,5.249,-49500,-259849.26,77.95,259.85
2020-11-02,09:31:00,603298.SH,杭叉集团,卖出,19.142,-31700,-606789.99,182.04,606.79
2020-11-02,09:31:00,601858.SH,中国科传,卖出,10.699,-38100,-407615.14,122.28,407.62
2020-11-02,09:31:00,600674.SH,川投能源,卖出,10.030,-24400,-244729.56,73.42,244.73
2020-10-09,09:31:00,603871.SH,嘉友国际,买入,30.361,500,15180.30,5.00,0.00
2020-10-09,09:31:00,601928.SH,凤凰传媒,买入,7.224,29400,212397.95,63.72,0.00
2020-10-09,09:31:00,603988.SH,中电电机,卖出,14.271,-3200,-45668.48,13.70,45.67
2020-10-09,09:31:00,603968.SH,醋化股份,卖出,16.657,-6600,-109933.69,32.98,109.93
2020-10-09,09:31:00,603886.SH,元祖股份,卖出,17.265,-10200,-176107.08,52.83,176.11
2020-10-09,09:31:00,603877.SH,太平鸟,卖出,27.625,-6300,-174035.23,52.21,174.04
2020-10-09,09:31:00,603819.SH,神力股份,卖出,12.974,-20600,-267264.40,80.18,267.26
2020-10-09,09:31:00,603339.SH,四方科技,卖出,9.361,-6400,-59911.94,17.97,59.91
2020-10-09,09:31:00,603326.SH,我乐家居,卖出,11.058,-19500,-215627.88,64.69,215.63
2020-10-09,09:31:00,601858.SH,中国科传,卖出,10.719,-26600,-285112.63,85.53,285.11
2020-10-09,09:31:00,603788.SH,宁波高发,卖出,16.746,-8100,-135646.16,40.69,135.65
2020-10-09,09:31:00,603527.SH,众源新材,卖出,8.932,-4200,-37514.82,11.25,37.51
2020-10-09,09:31:00,601992.SH,金隅集团,买入,3.106,51600,160279.92,48.08,0.00
2020-10-09,09:31:00,603706.SH,东方环宇,卖出,17.106,-6200,-106055.46,31.82,106.06
2020-10-09,09:31:00,603587.SH,地素时尚,卖出,20.419,-24100,-492099.83,147.63,492.10
2020-10-09,09:31:00,603116.SH,红蜻蜓,卖出,6.936,-5400,-37454.94,11.24,37.45
2020-10-09,09:31:00,603918.SH,金桥信息,买入,11.473,34200,392373.18,117.71,0.00
2020-10-09,09:31:00,603615.SH,茶花股份,买入,9.589,26200,251235.47,75.37,0.00
2020-10-09,09:31:00,603970.SH,中农立华,卖出,15.968,-11400,-182035.20,54.61,182.04
2020-10-09,09:31:00,603868.SH,飞科电器,卖出,48.403,-4400,-212973.20,63.89,212.97
2020-10-09,09:31:00,603699.SH,纽威股份,卖出,15.579,-15300,-238355.33,71.51,238.36
2020-10-09,09:31:00,603920.SH,世运电路,买入,25.160,31200,784998.86,235.50,0.00
2020-10-09,09:31:00,603166.SH,福达股份,卖出,6.986,-20500,-143213.00,42.96,143.21
2020-10-09,09:31:00,603110.SH,东方材料,买入,18.677,800,14941.82,5.00,0.00
2020-10-09,09:31:00,600863.SH,华能蒙电,买入,2.595,73500,190745.73,57.22,0.00
2020-10-09,09:31:00,603298.SH,杭叉集团,买入,16.303,31700,516790.52,155.04,0.00
2020-10-09,09:31:00,601828.SH,美凯龙,买入,9.669,11100,107329.23,32.20,0.00
2020-10-09,09:31:00,601898.SH,中煤能源,买入,3.968,49700,197205.62,59.16,0.00
2020-10-09,09:31:00,603808.SH,歌力思,买入,14.379,10900,156727.83,47.02,0.00
2020-10-09,09:31:00,601965.SH,中国汽研,卖出,12.196,-1500,-18293.34,5.49,18.29
2020-10-09,09:31:00,600674.SH,川投能源,买入,9.910,24400,241798.63,72.54,0.00
2020-10-09,09:31:00,603977.SH,国泰集团,卖出,7.914,-19700,-155908.56,46.77,155.91
2020-10-09,09:31:00,603900.SH,莱绅通灵,卖出,8.094,-7100,-57465.84,17.24,57.47
2020-10-09,09:31:00,603809.SH,豪能股份,卖出,25.778,-8900,-229427.23,68.83,229.43
2020-10-09,09:31:00,603458.SH,勘设股份,卖出,14.780,-7600,-112330.89,33.70,112.33
2020-10-09,09:31:00,603357.SH,设计总院,卖出,10.130,-7800,-79011.66,23.70,79.01
2020-10-09,09:31:00,600757.SH,长江传媒,卖出,5.519,-37800,-208615.93,62.58,208.62
2020-10-09,09:31:00,601949.SH,中国出版,买入,5.200,41700,216855.85,65.06,0.00
2020-10-09,09:31:00,600642.SH,申能股份,买入,5.561,45400,252473.94,75.74,0.00
2020-10-09,09:31:00,603878.SH,武进不锈,买入,8.988,32400,291209.26,87.36,0.00
2020-10-09,09:31:00,600663.SH,陆家嘴,卖出,11.557,-10600,-122502.50,36.75,122.50
2020-10-09,09:31:00,603306.SH,华懋科技,卖出,17.764,-13600,-241595.84,72.48,241.60
2020-10-09,09:31:00,603358.SH,华达科技,买入,16.964,1400,23749.40,7.12,0.00
2020-10-09,09:31:00,603730.SH,岱美股份,买入,28.667,4200,120402.32,36.12,0.00
2020-09-01,09:31:00,601898.SH,中煤能源,买入,4.078,35500,144773.97,43.43,0.00
2020-09-01,09:31:00,600642.SH,申能股份,买入,5.711,31900,182193.66,54.66,0.00
2020-09-01,09:31:00,603871.SH,嘉友国际,买入,31.934,20400,651448.30,195.43,0.00
2020-09-01,09:31:00,603357.SH,设计总院,买入,11.062,17400,192480.19,57.74,0.00
2020-09-01,09:31:00,601949.SH,中国出版,买入,6.202,46300,287170.19,86.15,0.00
2020-09-01,09:31:00,603977.SH,国泰集团,买入,8.727,34300,299350.51,89.81,0.00
2020-09-01,09:31:00,603900.SH,莱绅通灵,卖出,8.383,-9500,-79640.40,23.89,79.64
2020-09-01,09:31:00,603527.SH,众源新材,卖出,9.661,-13800,-133316.83,40.00,133.32
2020-09-01,09:31:00,002293.SZ,罗莱生活,卖出,12.794,-4800,-61412.93,18.42,61.41
2020-09-01,09:31:00,600757.SH,长江传媒,买入,5.942,61500,365424.39,109.63,0.00
2020-09-01,09:31:00,603730.SH,岱美股份,买入,24.920,17000,423635.58,127.09,0.00
2020-09-01,09:31:00,603706.SH,东方环宇,卖出,18.613,-5400,-100508.58,30.15,100.51
2020-09-01,09:31:00,603587.SH,地素时尚,买入,22.505,14300,321820.36,96.55,0.00
2020-09-01,09:31:00,603239.SH,浙江仙通,卖出,17.864,-7000,-125049.40,37.51,125.05
2020-09-01,09:31:00,600761.SH,安徽合力,卖出,12.695,-23600,-299591.62,89.88,299.59
2020-09-01,09:31:00,603358.SH,华达科技,买入,18.767,18700,350951.50,105.29,0.00
2020-09-01,09:31:00,603306.SH,华懋科技,卖出,16.986,-15000,-254789.40,76.44,254.79
2020-09-01,09:31:00,603877.SH,太平鸟,买入,25.280,17600,444936.10,133.48,0.00
2020-09-01,09:31:00,603339.SH,四方科技,卖出,10.349,-8400,-86933.78,26.08,86.93
2020-09-01,09:31:00,603116.SH,红蜻蜓,卖出,7.565,-5600,-42363.10,12.71,42.36
2020-09-01,09:31:00,603868.SH,飞科电器,买入,57.064,2500,142659.75,42.80,0.00
2020-09-01,09:31:00,603699.SH,纽威股份,卖出,16.337,-15600,-254861.26,76.46,254.86
2020-09-01,09:31:00,603110.SH,东方材料,买入,17.214,18000,309858.48,92.96,0.00
2020-09-01,09:31:00,603968.SH,醋化股份,买入,19.088,1200,22905.72,6.87,0.00
2020-09-01,09:31:00,603458.SH,勘设股份,买入,16.713,17600,294155.14,88.25,0.00
2020-09-01,09:31:00,603988.SH,中电电机,卖出,16.766,-14700,-246466.08,73.94,246.47
2020-09-01,09:31:00,603809.SH,豪能股份,卖出,28.333,-24200,-685663.92,205.70,685.66
2020-09-01,09:31:00,603788.SH,宁波高发,卖出,18.752,-6000,-112514.52,33.75,112.51
2020-09-01,09:31:00,603607.SH,京华激光,卖出,16.567,-4600,-76207.28,22.86,76.21
2020-09-01,09:31:00,603167.SH,渤海轮渡,卖出,17.215,-61400,-1057031.70,317.11,1057.03
2020-09-01,09:31:00,603878.SH,武进不锈,卖出,8.473,-36400,-308417.93,92.53,308.42
2020-09-01,09:31:00,603819.SH,神力股份,买入,20.391,3800,77484.66,23.25,0.00
2020-09-01,09:31:00,603970.SH,中农立华,卖出,15.978,-9600,-153388.61,46.02,153.39
2020-09-01,09:31:00,600663.SH,陆家嘴,卖出,12.385,-10800,-133759.94,40.13,133.76
2020-09-01,09:31:00,601965.SH,中国汽研,卖出,13.633,-57300,-781152.56,234.35,781.15
2020-09-01,09:31:00,603181.SH,皇马科技,卖出,28.782,-8100,-233136.79,69.94,233.14
2020-09-01,09:31:00,603298.SH,杭叉集团,卖出,15.918,-21200,-337463.72,101.24,337.46
2020-09-01,09:31:00,603326.SH,我乐家居,卖出,16.417,-4300,-70593.53,21.18,70.59
2020-09-01,09:31:00,603166.SH,福达股份,卖出,7.206,-20200,-145552.31,43.67,145.55
2020-09-01,09:31:00,603886.SH,元祖股份,卖出,21.587,-2500,-53966.85,16.19,53.97
2020-09-01,09:31:00,603016.SH,新宏泰,卖出,26.667,-8500,-226665.76,68.00,226.67
2020-09-01,09:31:00,601858.SH,中国科传,买入,10.491,93800,984050.17,295.22,0.00
2020-08-03,09:31:00,601965.SH,中国汽研,买入,11.493,58800,675784.87,202.74,0.00
2020-08-03,09:31:00,603706.SH,东方环宇,买入,19.709,17800,350826.25,105.25,0.00
2020-08-03,09:31:00,603669.SH,灵康药业,卖出,10.639,-45720,-486400.45,145.92,486.40
2020-08-03,09:31:00,603181.SH,皇马科技,卖出,25.060,-23600,-591410.81,177.42,591.41
2020-08-03,09:31:00,603809.SH,豪能股份,买入,20.140,33100,666640.62,199.99,0.00
2020-08-03,09:31:00,603878.SH,武进不锈,买入,8.437,36800,310475.71,93.14,0.00
2020-08-03,09:31:00,603855.SH,华荣股份,卖出,18.443,-16700,-307998.77,92.40,308.00
2020-08-03,09:31:00,603166.SH,福达股份,买入,7.395,48600,359385.34,107.82,0.00
2020-08-03,09:31:00,603306.SH,华懋科技,买入,16.443,28600,470264.65,141.08,0.00
2020-08-03,09:31:00,603527.SH,众源新材,买入,11.273,37300,420464.25,126.14,0.00
2020-08-03,09:31:00,603900.SH,莱绅通灵,买入,8.517,43300,368786.10,110.64,0.00
2020-08-03,09:31:00,603016.SH,新宏泰,买入,29.759,8500,252954.90,75.89,0.00
2020-08-03,09:31:00,603988.SH,中电电机,卖出,18.982,-11000,-208801.56,62.64,208.80
2020-08-03,09:31:00,603733.SH,仙鹤股份,卖出,25.130,-30300,-761428.09,228.43,761.43
2020-08-03,09:31:00,603607.SH,京华激光,卖出,16.457,-18700,-307746.27,92.32,307.75
2020-08-03,09:31:00,603970.SH,中农立华,买入,16.834,40100,675027.36,202.51,0.00
2020-08-03,09:31:00,603339.SH,四方科技,买入,11.934,52900,631299.08,189.39,0.00
2020-08-03,09:31:00,603788.SH,宁波高发,卖出,17.166,-13000,-223152.80,66.95,223.15
2020-08-03,09:31:00,603116.SH,红蜻蜓,卖出,7.894,-16600,-131043.39,39.31,131.04
2020-08-03,09:31:00,600761.SH,安徽合力,卖出,10.868,-30700,-333654.35,100.10,333.65
2020-08-03,09:31:00,603167.SH,渤海轮渡,买入,8.798,61400,540170.18,162.05,0.00
2020-08-03,09:31:00,603587.SH,地素时尚,买入,18.848,12200,229940.96,68.98,0.00
2020-08-03,09:31:00,603977.SH,国泰集团,卖出,7.066,-47600,-336333.98,100.90,336.33
2020-08-03,09:31:00,000531.SZ,穗恒运A,卖出,10.479,-36200,-379339.80,113.80,379.34
2020-08-03,09:31:00,603968.SH,醋化股份,买入,18.146,29700,538942.73,161.68,0.00
2020-08-03,09:31:00,600523.SH,贵航股份,卖出,17.914,-3800,-68073.58,20.42,68.07
2020-08-03,09:31:00,600377.SH,宁沪高速,卖出,9.800,-16000,-156805.76,47.04,156.81
2020-08-03,09:31:00,600663.SH,陆家嘴,卖出,12.635,-45000,-568560.60,170.57,568.56
2020-08-03,09:31:00,603886.SH,元祖股份,买入,16.733,6000,100400.40,30.12,0.00
2020-08-03,09:31:00,603868.SH,飞科电器,买入,61.513,1100,67664.06,20.30,0.00
2020-08-03,09:31:00,603298.SH,杭叉集团,卖出,12.595,-31100,-391697.04,117.51,391.70
2020-08-03,09:31:00,603239.SH,浙江仙通,卖出,17.215,-27300,-469983.15,140.99,469.98
2020-08-03,09:31:00,002293.SZ,罗莱生活,卖出,10.978,-18000,-197604.00,59.28,197.60
2020-08-03,09:31:00,603819.SH,神力股份,买入,12.084,26500,320229.18,96.07,0.00
2020-08-03,09:31:00,603088.SH,宁波精达,卖出,9.002,-18800,-169236.85,50.77,169.24
2020-08-03,09:31:00,603218.SH,日月股份,卖出,19.152,-22700,-434741.77,130.42,434.74
2020-08-03,09:31:00,000544.SZ,中原环保,卖出,7.475,-65300,-488118.81,146.44,488.12
2020-08-03,09:31:00,600337.SH,ST美克,卖出,5.060,-55000,-278292.30,83.49,278.29
2020-08-03,09:31:00,603500.SH,祥和实业,卖出,15.160,-22800,-345639.34,103.69,345.64
2020-08-03,09:31:00,603985.SH,恒润股份,卖出,28.084,-23900,-671200.91,201.36,671.20
2020-08-03,09:31:00,002632.SZ,道明光学,卖出,9.860,-38200,-376661.17,113.00,376.66
2020-08-03,09:31:00,603326.SH,我乐家居,买入,16.573,36400,603260.11,180.98,0.00
2020-08-03,09:31:00,603699.SH,纽威股份,买入,17.104,6300,107756.08,32.33,0.00
2020-08-03,09:31:00,002238.SZ,天威视讯,卖出,7.685,-15930,-122415.68,36.72,122.42
2020-07-01,09:31:00,603733.SH,仙鹤股份,买入,16.102,30300,487894.84,146.37,0.00
2020-07-01,09:31:00,603985.SH,恒润股份,买入,16.282,23900,389151.75,116.75,0.00
2020-07-01,09:31:00,603886.SH,元祖股份,卖出,16.367,-2500,-40918.00,12.28,40.92
2020-07-01,09:31:00,600376.SH,首开股份,卖出,5.858,-6100,-35735.39,10.72,35.74
2020-07-01,09:31:00,002632.SZ,道明光学,卖出,8.483,-21400,-181536.20,54.46,181.54
2020-07-01,09:31:00,603988.SH,中电电机,买入,13.627,28900,393826.08,118.15,0.00
2020-07-01,09:31:00,603323.SH,苏农银行,卖出,4.411,-22700,-100133.33,30.04,100.13
2020-07-01,09:31:00,600995.SH,南网储能,卖出,7.535,-200,-1506.98,5.00,1.51
2020-07-01,09:31:00,603868.SH,飞科电器,买入,49.409,5700,281629.13,84.49,0.00
2020-07-01,09:31:00,603298.SH,杭叉集团,买入,11.052,52300,578022.74,173.41,0.00
2020-07-01,09:31:00,603607.SH,京华激光,买入,15.521,23300,361638.83,108.49,0.00
2020-07-01,09:31:00,603919.SH,金徽酒,卖出,17.365,-23200,-402872.64,120.86,402.87
2020-07-01,09:31:00,603708.SH,家家悦,卖出,48.363,-11000,-531993.88,159.60,531.99
2020-07-01,09:31:00,603088.SH,宁波精达,买入,8.156,18800,153338.06,46.00,0.00
2020-07-01,09:31:00,603116.SH,红蜻蜓,买入,8.066,47800,385559.58,115.67,0.00
2020-07-01,09:31:00,603166.SH,福达股份,卖出,6.367,-31000,-197384.44,59.22,197.38
2020-07-01,09:31:00,603699.SH,纽威股份,买入,15.721,24600,386745.95,116.02,0.00
2020-07-01,09:31:00,600761.SH,安徽合力,买入,9.689,40800,395325.07,118.60,0.00
2020-07-01,09:31:00,600603.SH,广汇物流,卖出,4.701,-8900,-41835.16,12.55,41.84
2020-07-01,09:31:00,002238.SZ,天威视讯,卖出,6.806,-47900,-326024.64,97.81,326.02
2020-07-01,09:31:00,603855.SH,华荣股份,卖出,17.844,-24500,-437183.88,131.16,437.18
2020-07-01,09:31:00,601908.SH,京运通,卖出,4.371,-134300,-587057.53,176.12,587.06
2020-07-01,09:31:00,600523.SH,贵航股份,卖出,16.936,-32400,-548728.34,164.62,548.73
2020-07-01,09:31:00,002128.SZ,电投能源,卖出,7.764,-36600,-284178.50,85.25,284.18
2020-07-01,09:31:00,600337.SH,ST美克,卖出,4.401,-106000,-466525.08,139.96,466.53
2020-07-01,09:31:00,603218.SH,日月股份,买入,18.457,22700,418970.27,125.69,0.00
2020-07-01,09:31:00,603788.SH,宁波高发,买入,18.317,27100,496378.78,148.91,0.00
2020-07-01,09:31:00,600377.SH,宁沪高速,卖出,9.790,-22100,-216367.40,64.91,216.37
2020-07-01,09:31:00,600655.SH,豫园股份,卖出,8.882,-72100,-640406.62,192.12,640.41
2020-07-01,09:31:00,000544.SZ,中原环保,卖出,6.517,-18500,-120563.39,36.17,120.56
2020-07-01,09:31:00,603878.SH,武进不锈,买入,7.375,19700,145281.98,43.58,0.00
2020-07-01,09:31:00,600663.SH,陆家嘴,买入,11.252,24600,276810.52,83.04,0.00
2020-07-01,09:31:00,603669.SH,灵康药业,买入,7.906,2300,18183.29,5.45,0.00
2020-07-01,09:31:00,603181.SH,皇马科技,买入,22.745,9200,209257.68,62.78,0.00
2020-07-01,09:31:00,603239.SH,浙江仙通,买入,14.649,15100,221203.52,66.36,0.00
2020-07-01,09:31:00,000531.SZ,穗恒运A,卖出,7.515,-32500,-244235.55,73.27,244.24
2020-07-01,09:31:00,603977.SH,国泰集团,买入,7.806,30500,238070.19,71.42,0.00
2020-07-01,09:31:00,603500.SH,祥和实业,卖出,14.481,-8500,-123088.33,36.93,123.09
2020-07-01,09:31:00,002293.SZ,罗莱生活,卖出,9.222,-11500,-106047.48,31.81,106.05
2020-06-01,09:31:00,603855.SH,华荣股份,买入,14.268,41200,587861.38,176.36,0.00
2020-06-01,09:31:00,600820.SH,隧道股份,卖出,6.277,-78000,-489638.76,146.89,489.64
2020-06-01,09:31:00,600761.SH,安徽合力,卖出,9.192,-29900,-274828.24,82.45,274.83
2020-06-01,09:31:00,002632.SZ,道明光学,买入,7.916,29500,233516.10,70.05,0.00
2020-06-01,09:31:00,603239.SH,浙江仙通,买入,12.826,19200,246251.52,73.88,0.00
2020-06-01,09:31:00,603787.SH,新日股份,卖出,11.397,-200,-2279.43,5.00,2.28
2020-06-01,09:31:00,600377.SH,宁沪高速,卖出,10.060,-13100,-131783.90,39.54,131.78
2020-06-01,09:31:00,601222.SH,林洋能源,卖出,5.060,-59300,-300049.70,90.01,300.05
2020-06-01,09:31:00,000011.SZ,深物业A,卖出,9.671,-22400,-216621.89,64.99,216.62
2020-06-01,09:31:00,002293.SZ,罗莱生活,买入,9.419,34300,323064.84,96.92,0.00
2020-06-01,09:31:00,603181.SH,皇马科技,买入,18.016,22500,405359.10,121.61,0.00
2020-06-01,09:31:00,601908.SH,京运通,买入,4.258,128900,548920.65,164.68,0.00
2020-06-01,09:31:00,600350.SH,山东高速,卖出,5.439,-127000,-690765.70,207.23,690.77
2020-06-01,09:31:00,002381.SZ,双箭股份,卖出,8.453,-12800,-108199.17,32.46,108.20
2020-06-01,09:31:00,603919.SH,金徽酒,买入,15.541,23200,360551.66,108.17,0.00
2020-06-01,09:31:00,603886.SH,元祖股份,买入,16.453,28400,467260.66,140.18,0.00
2020-06-01,09:31:00,600603.SH,广汇物流,卖出,4.691,-34900,-163701.94,49.11,163.70
2020-06-01,09:31:00,600655.SH,豫园股份,买入,8.337,72100,601071.74,180.32,0.00
2020-06-01,09:31:00,002563.SZ,森马服饰,卖出,6.966,-13000,-90558.52,27.17,90.56
2020-06-01,09:31:00,603323.SH,苏农银行,卖出,4.331,-54500,-236056.94,70.82,236.06
2020-06-01,09:31:00,002756.SZ,永兴材料,卖出,17.465,-1500,-26197.50,7.86,26.20
2020-06-01,09:31:00,600995.SH,南网储能,卖出,7.665,-25700,-196981.25,59.09,196.98
2020-06-01,09:31:00,603708.SH,家家悦,买入,39.278,11000,432062.40,129.62,0.00
2020-06-01,09:31:00,600663.SH,陆家嘴,买入,11.523,43500,501250.50,150.38,0.00
2020-06-01,09:31:00,600376.SH,首开股份,卖出,6.118,-48400,-296098.62,88.83,296.10
2020-06-01,09:31:00,603166.SH,福达股份,买入,6.814,31000,211221.60,63.37,0.00
2020-06-01,09:31:00,603669.SH,灵康药业,买入,7.054,9400,66308.35,19.89,0.00
2020-06-01,09:31:00,603500.SH,祥和实业,买入,15.260,12300,187703.66,56.31,0.00
2020-06-01,09:31:00,600337.SH,ST美克,买入,4.609,132700,611640.84,183.49,0.00
2020-06-01,09:31:00,002397.SZ,梦洁股份,卖出,7.804,-35500,-277054.78,83.12,277.05
2020-06-01,09:31:00,000544.SZ,中原环保,买入,6.433,3800,24444.79,7.33,0.00
2020-06-01,09:31:00,601567.SH,三星电气,卖出,6.876,-3200,-22003.90,6.60,22.00
2020-06-01,09:31:00,600908.SH,无锡银行,卖出,5.030,-25600,-128765.95,38.63,128.77
2020-06-01,09:31:00,600814.SH,杭州解百,卖出,5.000,-14900,-74499.70,22.35,74.50
2020-06-01,09:31:00,002238.SZ,天威视讯,买入,10.060,17400,175045.39,52.51,0.00
2020-06-01,09:31:00,600523.SH,贵航股份,买入,16.563,36200,599582.77,179.87,0.00
2020-06-01,09:31:00,603519.SH,立霸股份,卖出,12.335,-12900,-159125.11,47.74,159.13
2020-06-01,09:31:00,600710.SH,苏美达,卖出,4.521,-17400,-78664.36,23.60,78.66
2020-06-01,09:31:00,603977.SH,国泰集团,买入,8.076,47600,384423.31,115.33,0.00
2020-06-01,09:31:00,600808.SH,马钢股份,卖出,2.605,-238600,-621500.51,186.45,621.50
2020-06-01,09:31:00,002128.SZ,电投能源,卖出,8.064,-56900,-458832.50,137.65,458.83
2020-06-01,09:31:00,000531.SZ,穗恒运A,卖出,7.305,-7800,-56981.81,17.09,56.98
2020-05-06,09:31:00,603323.SH,苏农银行,买入,4.389,77200,338812.27,101.64,0.00
2020-05-06,09:31:00,603787.SH,新日股份,卖出,10.669,-11100,-118421.68,35.53,118.42
2020-05-06,09:31:00,603626.SH,科森科技,卖出,11.058,-22900,-253224.54,75.97,253.22
2020-05-06,09:31:00,603360.SH,百傲化学,卖出,18.952,-10500,-198996.21,59.70,199.00
2020-05-06,09:31:00,600933.SH,爱柯迪,卖出,11.417,-21800,-248893.22,74.67,248.89
2020-05-06,09:31:00,600710.SH,苏美达,卖出,4.621,-23800,-109973.61,32.99,109.97
2020-05-06,09:31:00,600114.SH,东睦股份,卖出,9.311,-45600,-424597.10,127.38,424.60
2020-05-06,09:31:00,002563.SZ,森马服饰,卖出,7.066,-25500,-180178.92,54.05,180.18
2020-05-06,09:31:00,002416.SZ,爱施德,卖出,7.535,-86200,-649508.38,194.85,649.51
2020-05-06,09:31:00,600820.SH,隧道股份,买入,5.691,78000,443926.08,133.18,0.00
2020-05-06,09:31:00,601908.SH,京运通,卖出,3.194,-81100,-259000.96,77.70,259.00
2020-05-06,09:31:00,600808.SH,马钢股份,买入,2.585,86000,222323.76,66.70,0.00
2020-05-06,09:31:00,603669.SH,灵康药业,买入,11.142,24300,270756.43,81.23,0.00
2020-05-06,09:31:00,000544.SZ,中原环保,买入,7.014,80000,561120.00,168.34,0.00
2020-05-06,09:31:00,002128.SZ,电投能源,买入,7.826,93500,731695.47,219.51,0.00
2020-05-06,09:31:00,603920.SH,世运电路,卖出,24.900,-24400,-607562.44,182.27,607.56
2020-05-06,09:31:00,002397.SZ,梦洁股份,卖出,4.281,-13400,-57371.03,17.21,57.37
2020-05-06,09:31:00,002238.SZ,天威视讯,买入,9.619,31700,304928.64,91.48,0.00
2020-05-06,09:31:00,600376.SH,首开股份,买入,6.523,54500,355504.59,106.65,0.00
2020-05-06,09:31:00,601222.SH,林洋能源,买入,5.110,59300,303034.86,90.91,0.00
2020-05-06,09:31:00,002632.SZ,道明光学,买入,8.377,30100,252139.27,75.64,0.00
2020-05-06,09:31:00,600814.SH,杭州解百,买入,4.749,14900,70767.25,21.23,0.00
2020-05-06,09:31:00,002091.SZ,江苏国泰,卖出,5.928,-52400,-310633.49,93.19,310.63
2020-05-06,09:31:00,600603.SH,广汇物流,买入,5.110,36600,187033.32,56.11,0.00
2020-05-06,09:31:00,000100.SZ,TCL科技,卖出,4.541,-87700,-398236.93,119.47,398.24
2020-05-06,09:31:00,600703.SH,三安光电,卖出,21.706,-20000,-434130.00,130.24,434.13
2020-05-06,09:31:00,002351.SZ,漫步者,卖出,16.996,-25900,-440194.85,132.06,440.19
2020-05-06,09:31:00,603808.SH,歌力思,卖出,11.018,-10500,-115688.16,34.71,115.69
2020-05-06,09:31:00,000700.SZ,模塑科技,卖出,7.944,-37100,-294725.37,88.42,294.73
2020-05-06,09:31:00,600995.SH,南网储能,买入,7.766,25900,201126.45,60.34,0.00
2020-05-06,09:31:00,000531.SZ,穗恒运A,买入,7.465,76500,571064.85,171.32,0.00
2020-05-06,09:31:00,000011.SZ,深物业A,买入,9.048,22400,202676.54,60.80,0.00
2020-05-06,09:31:00,603026.SH,石大胜华,卖出,24.810,-18200,-451547.10,135.46,451.55
2020-05-06,09:31:00,603519.SH,立霸股份,卖出,11.327,-4200,-47574.66,14.27,47.57
2020-05-06,09:31:00,002756.SZ,永兴材料,卖出,15.589,-14100,-219801.52,65.94,219.80
2020-05-06,09:31:00,600350.SH,山东高速,买入,5.761,127000,731710.50,219.51,0.00
2020-05-06,09:31:00,601689.SH,拓普集团,卖出,23.952,-23500,-562872.00,168.86,562.87
2020-05-06,09:31:00,600642.SH,申能股份,卖出,5.269,-35400,-186538.18,55.96,186.54
2020-05-06,09:31:00,002884.SZ,凌霄泵业,卖出,15.259,-14400,-219735.65,65.92,219.74
2020-05-06,09:31:00,600337.SH,ST美克,买入,4.008,28300,113426.40,34.03,0.00
2020-05-06,09:31:00,600377.SH,宁沪高速,买入,10.521,51200,538675.20,161.60,0.00
2020-05-06,09:31:00,603108.SH,润达医疗,卖出,9.651,-5800,-55973.83,16.79,55.97
2020-05-06,09:31:00,601567.SH,三星电气,卖出,7.545,-35100,-264825.29,79.45,264.83
2020-05-06,09:31:00,600908.SH,无锡银行,卖出,5.000,-33900,-169499.32,50.85,169.50
2020-05-06,09:31:00,002466.SZ,天齐锂业,卖出,16.267,-16500,-268412.10,80.52,268.41
2020-05-06,09:31:00,002315.SZ,焦点科技,卖出,13.623,-18800,-256106.76,76.83,256.11
2020-05-06,09:31:00,600761.SH,安徽合力,买入,9.118,37100,338285.22,101.49,0.00
2020-05-06,09:31:00,603500.SH,祥和实业,买入,13.557,19000,257584.14,77.28,0.00
2020-05-06,09:31:00,002381.SZ,双箭股份,卖出,7.874,-29000,-228352.38,68.51,228.35
2020-05-06,09:31:00,600810.SH,神马股份,卖出,7.255,-7400,-53690.40,16.11,53.69
2020-04-01,09:31:00,600114.SH,东睦股份,买入,8.597,45600,392030.50,117.61,0.00
2020-04-01,09:31:00,601908.SH,京运通,卖出,2.994,-31200,-93412.80,28.02,93.41
2020-04-01,09:31:00,002807.SZ,江阴银行,卖出,4.112,-25500,-104849.88,31.45,104.85
2020-04-01,09:31:00,002315.SZ,焦点科技,买入,14.950,18800,281056.99,84.32,0.00
2020-04-01,09:31:00,603626.SH,科森科技,买入,9.188,22900,210412.99,63.12,0.00
2020-04-01,09:31:00,603801.SH,志邦家居,卖出,20.259,-8500,-172204.90,51.66,172.20
2020-04-01,09:31:00,603360.SH,百傲化学,买入,24.489,7500,183666.60,55.10,0.00
2020-04-01,09:31:00,601567.SH,三星电气,卖出,7.295,-20800,-151743.90,45.52,151.74
2020-04-01,09:31:00,000100.SZ,TCL科技,买入,4.138,87700,362925.40,108.88,0.00
2020-04-01,09:31:00,600761.SH,安徽合力,卖出,9.212,-30900,-284636.59,85.39,284.64
2020-04-01,09:31:00,002091.SZ,江苏国泰,买入,5.842,52400,306102.98,91.83,0.00
2020-04-01,09:31:00,600933.SH,爱柯迪,买入,9.609,21800,209480.12,62.84,0.00
2020-04-01,09:31:00,603179.SH,新泉股份,卖出,20.359,-1600,-32574.72,9.77,32.57
2020-04-01,09:31:00,600810.SH,神马股份,卖出,7.295,-50900,-371334.84,111.40,371.33
2020-04-01,09:31:00,603878.SH,武进不锈,卖出,11.227,-25800,-289669.50,86.90,289.67
2020-04-01,09:31:00,002416.SZ,爱施德,买入,5.761,86200,496641.30,148.99,0.00
2020-04-01,09:31:00,002351.SZ,漫步者,买入,15.291,25900,396024.47,118.81,0.00
2020-04-01,09:31:00,600908.SH,无锡银行,卖出,4.980,-40600,-202188.81,60.66,202.19
2020-04-01,09:31:00,600808.SH,马钢股份,卖出,2.495,-100400,-250498.00,75.15,250.50
2020-04-01,09:31:00,600603.SH,广汇物流,卖出,5.778,-49900,-288343.16,86.50,288.34
2020-04-01,09:31:00,002563.SZ,森马服饰,买入,7.034,38500,270810.54,81.24,0.00
2020-04-01,09:31:00,603808.SH,歌力思,买入,11.042,10500,115941.42,34.78,0.00
2020-04-01,09:31:00,603167.SH,渤海轮渡,卖出,7.804,-11400,-88969.70,26.69,88.97
2020-04-01,09:31:00,002756.SZ,永兴材料,买入,15.441,15600,240876.79,72.26,0.00
2020-04-01,09:31:00,603026.SH,石大胜华,买入,28.918,18200,526302.50,157.89,0.00
2020-04-01,09:31:00,603519.SH,立霸股份,买入,12.074,17100,206467.11,61.94,0.00
2020-04-01,09:31:00,601965.SH,中国汽研,卖出,8.912,-32400,-288753.34,86.63,288.75
2020-04-01,09:31:00,600642.SH,申能股份,卖出,5.249,-28800,-151185.02,45.36,151.19
2020-04-01,09:31:00,600057.SH,厦门象屿,卖出,5.060,-93700,-474108.88,142.23,474.11
2020-04-01,09:31:00,603787.SH,新日股份,买入,11.303,11300,127718.93,38.32,0.00
2020-04-01,09:31:00,601689.SH,拓普集团,买入,16.794,23500,394647.72,118.39,0.00
2020-04-01,09:31:00,600703.SH,三安光电,买入,19.208,20000,384166.80,115.25,0.00
2020-04-01,09:31:00,002381.SZ,双箭股份,卖出,7.475,-13600,-101660.27,30.50,101.66
2020-04-01,09:31:00,002706.SZ,良信股份,卖出,11.776,-39200,-461634.88,138.49,461.63
2020-04-01,09:31:00,603839.SH,安正时尚,卖出,12.615,-1900,-23967.97,7.19,23.97
2020-04-01,09:31:00,000700.SZ,模塑科技,买入,8.677,37100,321928.57,96.58,0.00
2020-04-01,09:31:00,600548.SH,深高速,卖出,8.613,-8200,-70624.47,21.19,70.62
2020-04-01,09:31:00,000030.SZ,富奥股份,卖出,5.489,-81500,-447353.50,134.21,447.35
2020-04-01,09:31:00,603108.SH,润达医疗,卖出,9.980,-17800,-177644.00,53.29,177.64
2020-04-01,09:31:00,002884.SZ,凌霄泵业,卖出,14.072,-5700,-80209.26,24.06,80.21
2020-04-01,09:31:00,600688.SH,上海石化,卖出,3.852,-114800,-442241.74,132.67,442.24
2020-04-01,09:31:00,600468.SH,百利电气,卖出,4.222,-81500,-344055.51,103.22,344.06
2020-04-01,09:31:00,002466.SZ,天齐锂业,买入,18.808,16500,310324.41,93.10,0.00
2020-04-01,09:31:00,600710.SH,苏美达,卖出,4.920,-37200,-183029.21,54.91,183.03
2020-04-01,09:31:00,002397.SZ,梦洁股份,卖出,4.381,-22900,-100329.94,30.10,100.33
2020-04-01,09:31:00,600873.SH,梅花生物,卖出,4.371,-120100,-524985.92,157.50,524.99
2020-04-01,09:31:00,603920.SH,世运电路,买入,18.317,24400,446924.06,134.08,0.00
2020-04-01,09:31:00,600395.SH,盘江股份,卖出,5.329,-21200,-112981.58,33.89,112.98
2020-03-02,09:31:00,002381.SZ,双箭股份,买入,8.116,55400,449637.48,134.89,0.00
2020-03-02,09:31:00,002884.SZ,凌霄泵业,买入,17.174,20100,345203.03,103.56,0.00
2020-03-02,09:31:00,603108.SH,润达医疗,卖出,10.509,-38800,-407746.87,122.32,407.75
2020-03-02,09:31:00,601567.SH,三星电气,买入,8.166,20100,164142.63,49.24,0.00
2020-03-02,09:31:00,603608.SH,天创时尚,卖出,9.501,-52100,-495000.02,148.50,495.00
2020-03-02,09:31:00,603167.SH,渤海轮渡,卖出,8.353,-20300,-169571.18,50.87,169.57
2020-03-02,09:31:00,601965.SH,中国汽研,买入,8.587,32400,278223.34,83.47,0.00
2020-03-02,09:31:00,603801.SH,志邦家居,卖出,20.160,-20900,-421335.64,126.40,421.34
2020-03-02,09:31:00,600971.SH,恒源煤电,卖出,4.930,-56600,-279044.79,83.71,279.04
2020-03-02,09:31:00,600688.SH,上海石化,买入,4.299,114800,493476.98,148.04,0.00
2020-03-02,09:31:00,603878.SH,武进不锈,买入,10.711,21600,231365.81,69.41,0.00
2020-03-02,09:31:00,603025.SH,大豪科技,卖出,8.114,-2800,-22718.47,6.82,22.72
2020-03-02,09:31:00,603016.SH,新宏泰,卖出,17.655,-700,-12358.23,5.00,12.36
2020-03-02,09:31:00,600908.SH,无锡银行,买入,5.150,7700,39657.16,11.90,0.00
2020-03-02,09:31:00,600820.SH,隧道股份,卖出,5.639,-107400,-605596.38,181.68,605.60
2020-03-02,09:31:00,000030.SZ,富奥股份,买入,6.162,81500,502227.45,150.67,0.00
2020-03-02,09:31:00,002397.SZ,梦洁股份,买入,5.391,71800,387056.57,116.12,0.00
2020-03-02,09:31:00,600395.SH,盘江股份,卖出,5.569,-69900,-389261.92,116.78,389.26
2020-03-02,09:31:00,600710.SH,苏美达,买入,5.802,78400,454843.87,136.45,0.00
2020-03-02,09:31:00,603839.SH,安正时尚,卖出,14.770,-17400,-257004.96,77.10,257.00
2020-03-02,09:31:00,603730.SH,岱美股份,卖出,32.455,-11600,-376477.54,112.94,376.48
2020-03-02,09:31:00,600377.SH,宁沪高速,卖出,10.060,-20400,-205220.74,61.57,205.22
2020-03-02,09:31:00,002807.SZ,江阴银行,卖出,4.202,-86400,-363016.51,108.90,363.02
2020-03-02,09:31:00,600057.SH,厦门象屿,买入,3.978,93700,372732.98,111.82,0.00
2020-03-02,09:31:00,603179.SH,新泉股份,卖出,21.966,-10200,-224053.00,67.22,224.05
2020-03-02,09:31:00,600808.SH,马钢股份,买入,2.776,118700,329456.60,98.84,0.00
2020-03-02,09:31:00,600477.SH,杭萧钢构,卖出,4.281,-19300,-82631.41,24.79,82.63
2020-03-02,09:31:00,600642.SH,申能股份,买入,5.271,64200,338367.38,101.51,0.00
2020-03-02,09:31:00,600933.SH,爱柯迪,卖出,14.172,-11200,-158721.92,47.62,158.72
2020-03-02,09:31:00,600468.SH,百利电气,买入,3.978,70800,281638.15,84.49,0.00
2020-03-02,09:31:00,600761.SH,安徽合力,买入,9.319,37200,346651.92,104.00,0.00
2020-03-02,09:31:00,600603.SH,广汇物流,买入,5.020,57100,286643.14,85.99,0.00
2020-03-02,09:31:00,600970.SH,中材国际,卖出,6.128,-76300,-467545.04,140.26,467.55
2020-03-02,09:31:00,600548.SH,深高速,卖出,9.531,-25000,-238272.50,71.48,238.27
2020-03-02,09:31:00,601908.SH,京运通,买入,3.136,117700,369137.80,110.74,0.00
2020-03-02,09:31:00,603600.SH,永艺股份,卖出,11.746,-31100,-365314.91,109.59,365.31
2020-03-02,09:31:00,600810.SH,神马股份,买入,8.447,58300,492451.94,147.74,0.00
2020-03-02,09:31:00,601222.SH,林洋能源,卖出,5.210,-114600,-597015.58,179.10,597.02
2020-03-02,09:31:00,600873.SH,梅花生物,卖出,4.381,-24900,-109092.38,32.73,109.09
2020-03-02,09:31:00,603456.SH,九洲药业,卖出,19.960,-36900,-736524.00,220.96,736.52
2020-02-03,09:31:00,600873.SH,梅花生物,买入,3.868,145000,560819.40,168.25,0.00
2020-02-03,09:31:00,600468.SH,百利电气,买入,3.447,10700,36881.62,11.06,0.00
2020-02-03,09:31:00,603016.SH,新宏泰,买入,16.082,700,11257.47,5.00,0.00
2020-02-03,09:31:00,600477.SH,杭萧钢构,买入,3.146,19300,60723.20,18.22,0.00
2020-02-03,09:31:00,603025.SH,大豪科技,买入,7.886,2800,22080.07,6.62,0.00
2020-02-03,09:31:00,603878.SH,武进不锈,买入,10.731,4200,45071.96,13.52,0.00
2020-02-03,09:31:00,603108.SH,润达医疗,买入,9.559,62400,596486.59,178.95,0.00
2020-02-03,09:31:00,002706.SZ,良信股份,买入,7.535,39200,295373.57,88.61,0.00
2020-02-03,09:31:00,600395.SH,盘江股份,买入,5.281,26100,137822.09,41.35,0.00
2020-02-03,09:31:00,601567.SH,三星电气,买入,7.275,39000,283706.28,85.11,0.00
2020-02-03,09:31:00,600933.SH,爱柯迪,买入,12.625,11200,141402.24,42.42,0.00
2020-02-03,09:31:00,600337.SH,ST美克,卖出,4.591,-66000,-302992.80,90.90,302.99
2020-01-02,09:31:00,600820.SH,隧道股份,买入,6.102,107400,655374.13,196.61,0.00
2020-01-02,09:31:00,600971.SH,恒源煤电,买入,6.062,56600,343114.86,102.93,0.00
2020-01-02,09:31:00,600970.SH,中材国际,买入,7.054,76300,538226.30,161.47,0.00
2020-01-02,09:31:00,600908.SH,无锡银行,买入,5.621,92400,519400.73,155.82,0.00
2020-01-02,09:31:00,603839.SH,安正时尚,买入,13.266,19300,256043.06,76.81,0.00
2020-01-02,09:31:00,600337.SH,ST美克,买入,4.449,66000,293626.08,88.09,0.00
2020-01-02,09:31:00,603179.SH,新泉股份,买入,18.868,11800,222638.39,66.79,0.00
2020-01-02,09:31:00,603167.SH,渤海轮渡,买入,10.852,31700,343997.62,103.20,0.00
2020-01-02,09:31:00,600808.SH,马钢股份,买入,3.096,134300,415816.97,124.75,0.00
2020-01-02,09:31:00,601222.SH,林洋能源,买入,4.900,114600,561514.79,168.45,0.00
2020-01-02,09:31:00,603456.SH,九洲药业,买入,13.918,36900,513566.08,154.07,0.00
2020-01-02,09:31:00,600548.SH,深高速,买入,11.543,33200,383228.93,114.97,0.00
2020-01-02,09:31:00,600377.SH,宁沪高速,买入,11.323,20400,230981.04,69.29,0.00
2020-01-02,09:31:00,002807.SZ,江阴银行,买入,4.739,111900,530345.57,159.10,0.00
2020-01-02,09:31:00,603608.SH,天创时尚,买入,9.319,52100,485499.06,145.65,0.00
2020-01-02,09:31:00,600395.SH,盘江股份,买入,6.152,65000,399898.20,119.97,0.00
2020-01-02,09:31:00,603730.SH,岱美股份,买入,30.260,11600,351020.64,105.31,0.00
2020-01-02,09:31:00,603801.SH,志邦家居,买入,23.036,29400,677257.81,203.18,0.00
2020-01-02,09:31:00,603600.SH,永艺股份,买入,12.405,31100,385788.04,115.74,0.00
