code,code_name,ipoDate,outDate,type,status,board,symbol
sh.600000,浦发银行,1999-11-10,,1,1,main,600000.SH
sh.600004,白云机场,2003-04-28,,1,1,main,600004.SH
sh.600006,东风股份,1999-07-27,,1,1,main,600006.SH
sh.600007,中国国贸,1999-03-12,,1,1,main,600007.SH
sh.600008,首创环保,2000-04-27,,1,1,main,600008.SH
sh.600009,上海机场,1998-02-18,,1,1,main,600009.SH
sh.600010,包钢股份,2001-03-09,,1,1,main,600010.SH
sh.600011,华能国际,2001-12-06,,1,1,main,600011.SH
sh.600012,皖通高速,2003-01-07,,1,1,main,600012.SH
sh.600015,华夏银行,2003-09-12,,1,1,main,600015.SH
sh.600016,民生银行,2000-12-19,,1,1,main,600016.SH
sh.600017,日照港,2006-10-17,,1,1,main,600017.SH
sh.600018,上港集团,2006-10-26,,1,1,main,600018.SH
sh.600019,宝钢股份,2000-12-12,,1,1,main,600019.SH
sh.600020,中原高速,2003-08-08,,1,1,main,600020.SH
sh.600021,上海电力,2003-10-29,,1,1,main,600021.SH
sh.600022,山东钢铁,2004-06-29,,1,1,main,600022.SH
sh.600023,浙能电力,2013-12-19,,1,1,main,600023.SH
sh.600025,华能水电,2017-12-15,,1,1,main,600025.SH
sh.600026,中远海能,2002-05-23,,1,1,main,600026.SH
sh.600027,华电国际,2005-02-03,,1,1,main,600027.SH
sh.600028,中国石化,2001-08-08,,1,1,main,600028.SH
sh.600029,南方航空,2003-07-25,,1,1,main,600029.SH
sh.600030,中信证券,2003-01-06,,1,1,main,600030.SH
sh.600031,三一重工,2003-07-03,,1,1,main,600031.SH
sh.600032,浙江新能,2021-05-25,,1,1,main,600032.SH
sh.600033,福建高速,2001-02-09,,1,1,main,600033.SH
sh.600035,楚天高速,2004-03-10,,1,1,main,600035.SH
sh.600036,招商银行,2002-04-09,,1,1,main,600036.SH
sh.600037,歌华有线,2001-02-08,,1,1,main,600037.SH
sh.600038,中直股份,2000-12-18,,1,1,main,600038.SH
sh.600039,四川路桥,2003-03-25,,1,1,main,600039.SH
sh.600048,保利发展,2006-07-31,,1,1,main,600048.SH
sh.600050,中国联通,2002-10-09,,1,1,main,600050.SH
sh.600051,宁波联合,1997-04-10,,1,1,main,600051.SH
sh.600052,东望时代,1997-04-15,,1,1,main,600052.SH
sh.600053,*ST九鼎,1997-04-18,,1,1,main,600053.SH
sh.600054,黄山旅游,1997-05-06,,1,1,main,600054.SH
sh.600055,万东医疗,1997-05-19,,1,1,main,600055.SH
sh.600056,中国医药,1997-05-15,,1,1,main,600056.SH
sh.600057,厦门象屿,1997-06-04,,1,1,main,600057.SH
sh.600058,五矿发展,1997-05-28,,1,1,main,600058.SH
sh.600059,古越龙山,1997-05-16,,1,1,main,600059.SH
sh.600060,海信视像,1997-04-22,,1,1,main,600060.SH
sh.600061,国投资本,1997-05-19,,1,1,main,600061.SH
sh.600062,华润双鹤,1997-05-22,,1,1,main,600062.SH
sh.600063,皖维高新,1997-05-28,,1,1,main,600063.SH
sh.600064,南京高科,1997-05-06,,1,1,main,600064.SH
sh.600066,宇通客车,1997-05-08,,1,1,main,600066.SH
sh.600067,冠城新材,1997-05-08,,1,1,main,600067.SH
sh.600068,葛洲坝,1997-05-26,2021-09-13,1,0,main,600068.SH
sh.600069,退市银鸽,1997-04-30,2020-08-27,1,0,main,600069.SH
sh.600070,*ST富润,1997-06-04,2025-04-30,1,0,main,600070.SH
sh.600071,凤凰光学,1997-05-28,,1,1,main,600071.SH
sh.600072,中船科技,1997-06-03,,1,1,main,600072.SH
sh.600073,光明肉业,1997-07-04,,1,1,main,600073.SH
sh.600074,退市保千,1997-06-23,2020-06-02,1,0,main,600074.SH
sh.600075,新疆天业,1997-06-17,,1,1,main,600075.SH
sh.600076,康欣新材,1997-05-26,,1,1,main,600076.SH
sh.600077,*ST宋都,1997-05-20,2023-07-25,1,0,main,600077.SH
sh.600078,澄星股份,1997-06-27,,1,1,main,600078.SH
sh.600079,ST人福,1997-06-06,,1,1,main,600079.SH
sh.600080,ST金花,1997-06-12,,1,1,main,600080.SH
sh.600081,东风科技,1997-07-03,,1,1,main,600081.SH
sh.600082,ST海泰,1997-06-20,,1,1,main,600082.SH
sh.600083,*ST博信,1997-06-06,2025-03-05,1,0,main,600083.SH
sh.600084,*ST尼雅,1997-07-11,,1,1,main,600084.SH
sh.600085,同仁堂,1997-06-25,,1,1,main,600085.SH
sh.600086,退市金钰,1997-06-06,2021-03-17,1,0,main,600086.SH
sh.600088,中视传媒,1997-06-16,,1,1,main,600088.SH
sh.600089,特变电工,1997-06-18,,1,1,main,600089.SH
sh.600090,退市济堂,1997-06-16,2022-07-07,1,0,main,600090.SH
sh.600091,退市明科,1997-07-04,2022-06-21,1,0,main,600091.SH
sh.600093,退市易见,1997-06-26,2022-06-23,1,0,main,600093.SH
sh.600094,大名城,1997-07-03,,1,1,main,600094.SH
sh.600095,湘财股份,1997-07-08,,1,1,main,600095.SH
sh.600096,云天化,1997-07-09,,1,1,main,600096.SH
sh.600097,开创国际,1997-06-19,,1,1,main,600097.SH
sh.600098,广州发展,1997-07-18,,1,1,main,600098.SH
sh.600099,林海股份,1997-07-04,,1,1,main,600099.SH
sh.600100,同方股份,1997-06-27,,1,1,main,600100.SH
sh.600101,明星电力,1997-06-27,,1,1,main,600101.SH
sh.600103,青山纸业,1997-07-03,,1,1,main,600103.SH
sh.600104,上汽集团,1997-11-25,,1,1,main,600104.SH
sh.600105,永鼎股份,1997-09-29,,1,1,main,600105.SH
sh.600106,重庆路桥,1997-06-18,,1,1,main,600106.SH
sh.600107,*ST尔雅,1997-11-06,,1,1,main,600107.SH
sh.600108,亚盛集团,1997-08-18,,1,1,main,600108.SH
sh.600109,国金证券,1997-08-07,,1,1,main,600109.SH
sh.600110,诺德股份,1997-10-07,,1,1,main,600110.SH
sh.600111,北方稀土,1997-09-24,,1,1,main,600111.SH
sh.600112,*ST天成,1997-11-27,2024-08-15,1,0,main,600112.SH
sh.600113,浙江东日,1997-10-21,,1,1,main,600113.SH
sh.600114,东睦股份,2004-05-11,,1,1,main,600114.SH
sh.600115,中国东航,1997-11-05,,1,1,main,600115.SH
sh.600116,三峡水利,1997-08-04,,1,1,main,600116.SH
sh.600117,西宁特钢,1997-10-15,,1,1,main,600117.SH
sh.600118,中国卫星,1997-09-08,,1,1,main,600118.SH
sh.600119,*ST长投,1998-01-15,,1,1,main,600119.SH
sh.600120,浙江东方,1997-12-01,,1,1,main,600120.SH
sh.600121,郑州煤电,1998-01-07,,1,1,main,600121.SH
sh.600122,*ST宏图,1998-04-20,2023-06-26,1,0,main,600122.SH
sh.600123,兰花科创,1998-12-17,,1,1,main,600123.SH
sh.600125,铁龙物流,1998-05-11,,1,1,main,600125.SH
sh.600126,杭钢股份,1998-03-11,,1,1,main,600126.SH
sh.600127,金健米业,1998-05-06,,1,1,main,600127.SH
sh.600128,苏豪弘业,1997-09-01,,1,1,main,600128.SH
sh.600129,太极集团,1997-11-18,,1,1,main,600129.SH
sh.600130,波导股份,2000-07-06,,1,1,main,600130.SH
sh.600131,国网信通,1998-04-02,,1,1,main,600131.SH
sh.600132,重庆啤酒,1997-10-30,,1,1,main,600132.SH
sh.600133,东湖高新,1998-02-12,,1,1,main,600133.SH
sh.600135,乐凯胶片,1998-01-22,,1,1,main,600135.SH
sh.600136,ST明诚,1998-03-03,,1,1,main,600136.SH
sh.600137,浪莎股份,1998-04-16,,1,1,main,600137.SH
sh.600138,中青旅,1997-12-03,,1,1,main,600138.SH
sh.600139,*ST西源,1998-02-25,2023-03-27,1,0,main,600139.SH
sh.600141,兴发集团,1999-06-16,,1,1,main,600141.SH
sh.600143,金发科技,2004-06-23,,1,1,main,600143.SH
sh.600145,退市新亿,1999-09-23,2022-04-28,1,0,main,600145.SH
sh.600146,退市环球,1999-07-07,2022-06-30,1,0,main,600146.SH
sh.600148,长春一东,1998-05-20,,1,1,main,600148.SH
sh.600149,廊坊发展,1999-10-14,,1,1,main,600149.SH
sh.600150,中国船舶,1998-05-20,,1,1,main,600150.SH
sh.600151,航天机电,1998-06-05,,1,1,main,600151.SH
sh.600152,维科技术,1998-06-09,,1,1,main,600152.SH
sh.600153,建发股份,1998-06-16,,1,1,main,600153.SH
sh.600155,华创云信,1998-09-18,,1,1,main,600155.SH
sh.600156,华升股份,1998-05-27,,1,1,main,600156.SH
sh.600157,永泰能源,1998-05-13,,1,1,main,600157.SH
sh.600158,中体产业,1998-03-27,,1,1,main,600158.SH
sh.600159,大龙地产,1998-05-26,,1,1,main,600159.SH
sh.600160,巨化股份,1998-06-26,,1,1,main,600160.SH
sh.600161,天坛生物,1998-06-16,,1,1,main,600161.SH
sh.600162,香江控股,1998-06-09,,1,1,main,600162.SH
sh.600163,中闽能源,1998-06-02,,1,1,main,600163.SH
sh.600165,宁科生物,1998-05-29,,1,1,main,600165.SH
sh.600166,福田汽车,1998-06-02,,1,1,main,600166.SH
sh.600167,联美控股,1999-01-28,,1,1,main,600167.SH
sh.600168,武汉控股,1998-04-27,,1,1,main,600168.SH
sh.600169,ST太重,1998-09-04,,1,1,main,600169.SH
sh.600170,上海建工,1998-06-23,,1,1,main,600170.SH
sh.600171,上海贝岭,1998-09-24,,1,1,main,600171.SH
sh.600172,黄河旋风,1998-11-26,,1,1,main,600172.SH
sh.600173,卧龙新能,1999-04-15,,1,1,main,600173.SH
sh.600175,退市美都,1999-04-08,2020-08-14,1,0,main,600175.SH
sh.600176,中国巨石,1999-04-22,,1,1,main,600176.SH
sh.600177,雅戈尔,1998-11-19,,1,1,main,600177.SH
sh.600178,东安动力,1998-10-14,,1,1,main,600178.SH
sh.600179,安通控股,1998-11-04,,1,1,main,600179.SH
sh.600180,*ST瑞茂,1998-07-03,,1,1,main,600180.SH
sh.600182,S佳通,1999-05-07,,1,1,main,600182.SH
sh.600183,生益科技,1998-10-28,,1,1,main,600183.SH
sh.600184,光电股份,2003-11-06,,1,1,main,600184.SH
sh.600185,珠免集团,1999-06-11,,1,1,main,600185.SH
sh.600186,莲花控股,1998-08-25,,1,1,main,600186.SH
sh.600187,*ST国中,1998-11-11,,1,1,main,600187.SH
sh.600188,兖矿能源,1998-07-01,,1,1,main,600188.SH
sh.600189,泉阳泉,1998-10-07,,1,1,main,600189.SH
sh.600190,退市锦港,1999-06-09,2025-07-25,1,0,main,600190.SH
sh.600191,华资实业,1998-12-10,,1,1,main,600191.SH
sh.600192,长城电工,1998-12-24,,1,1,main,600192.SH
sh.600193,退市创兴,1999-05-27,2026-07-06,1,0,main,600193.SH
sh.600195,中牧股份,1999-01-07,,1,1,main,600195.SH
sh.600196,复星医药,1998-08-07,,1,1,main,600196.SH
sh.600197,伊力特,1999-09-16,,1,1,main,600197.SH
sh.600198,大唐电信,1998-10-21,,1,1,main,600198.SH
sh.600199,金种子酒,1998-08-12,,1,1,main,600199.SH
sh.600200,退市苏吴,1999-04-01,2025-12-31,1,0,main,600200.SH
sh.600201,生物股份,1999-01-15,,1,1,main,600201.SH
sh.600202,哈空调,1999-06-03,,1,1,main,600202.SH
sh.600203,福日电子,1999-05-14,,1,1,main,600203.SH
sh.600206,有研新材,1999-03-19,,1,1,main,600206.SH
sh.600207,安彩高科,1999-07-14,,1,1,main,600207.SH
sh.600208,衢州发展,1999-06-23,,1,1,main,600208.SH
sh.600209,退市罗顿,1999-03-25,2022-06-22,1,0,main,600209.SH
sh.600210,紫江企业,1999-08-24,,1,1,main,600210.SH
sh.600211,西藏药业,1999-07-21,,1,1,main,600211.SH
sh.600212,绿能慧充,1999-08-17,,1,1,main,600212.SH
sh.600213,*ST亚星,1999-08-31,2024-10-17,1,0,main,600213.SH
sh.600215,派斯林,1999-09-09,,1,1,main,600215.SH
sh.600216,浙江医药,1999-10-21,,1,1,main,600216.SH
sh.600217,中再资环,1999-12-16,,1,1,main,600217.SH
sh.600218,全柴动力,1998-12-03,,1,1,main,600218.SH
sh.600219,南山铝业,1999-12-23,,1,1,main,600219.SH
sh.600220,ST阳光,1999-09-27,2024-07-10,1,0,main,600220.SH
sh.600221,海航控股,1999-11-25,,1,1,main,600221.SH
sh.600222,太龙药业,1999-11-05,,1,1,main,600222.SH
sh.600223,福瑞达,2000-01-13,,1,1,main,600223.SH
sh.600225,退市卓朗,2000-01-27,2025-03-06,1,0,main,600225.SH
sh.600226,亨通股份,1999-11-16,,1,1,main,600226.SH
sh.600227,赤天化,2000-02-21,,1,1,main,600227.SH
sh.600228,返利科技,1999-01-19,,1,1,main,600228.SH
sh.600229,城市传媒,2000-03-09,,1,1,main,600229.SH
sh.600230,沧州大化,2000-04-06,,1,1,main,600230.SH
sh.600231,凌钢股份,2000-05-11,,1,1,main,600231.SH
sh.600232,金鹰股份,2000-06-02,,1,1,main,600232.SH
sh.600233,圆通速递,2000-06-08,,1,1,main,600233.SH
sh.600234,科新发展,2000-06-15,,1,1,main,600234.SH
sh.600235,民丰特纸,2000-06-15,,1,1,main,600235.SH
sh.600236,桂冠电力,2000-03-23,,1,1,main,600236.SH
sh.600237,铜峰电子,2000-06-09,,1,1,main,600237.SH
sh.600238,ST椰岛,2000-01-20,,1,1,main,600238.SH
sh.600239,ST云城,1999-12-02,,1,1,main,600239.SH
sh.600240,退市华业,2000-06-28,2020-02-05,1,0,main,600240.SH
sh.600241,时代万恒,2000-11-28,,1,1,main,600241.SH
sh.600242,退市中昌,2000-12-07,2023-06-29,1,0,main,600242.SH
sh.600243,*ST海华,2000-11-20,,1,1,main,600243.SH
sh.600246,万通发展,2000-09-22,,1,1,main,600246.SH
sh.600247,*ST成城,2000-11-23,2021-03-22,1,0,main,600247.SH
sh.600248,陕建股份,2000-06-22,,1,1,main,600248.SH
sh.600249,两面针,2004-01-30,,1,1,main,600249.SH
sh.600250,南京商旅,2001-03-06,,1,1,main,600250.SH
sh.600251,冠农股份,2003-06-09,,1,1,main,600251.SH
sh.600252,中恒集团,2000-11-30,,1,1,main,600252.SH
sh.600255,鑫科材料,2000-11-22,,1,1,main,600255.SH
sh.600256,广汇能源,2000-05-26,,1,1,main,600256.SH
sh.600257,大湖股份,2000-06-12,,1,1,main,600257.SH
sh.600258,首旅酒店,2000-06-01,,1,1,main,600258.SH
sh.600259,中稀有色,2000-05-25,,1,1,main,600259.SH
sh.600260,*ST凯乐,2000-07-06,2023-02-15,1,0,main,600260.SH
sh.600261,阳光照明,2000-07-20,,1,1,main,600261.SH
sh.600262,北方股份,2000-06-30,,1,1,main,600262.SH
sh.600265,*ST景谷,2000-08-25,,1,1,main,600265.SH
sh.600266,城建发展,1999-02-03,,1,1,main,600266.SH
sh.600267,海正药业,2000-07-25,,1,1,main,600267.SH
sh.600268,国电南自,1999-11-18,,1,1,main,600268.SH
sh.600269,赣粤高速,2000-05-18,,1,1,main,600269.SH
sh.600270,外运发展,2000-12-28,2018-12-28,1,0,main,600270.SH
sh.600271,航天信息,2003-07-11,,1,1,main,600271.SH
sh.600272,开开实业,2001-02-28,,1,1,main,600272.SH
sh.600273,嘉化能源,2003-06-27,,1,1,main,600273.SH
sh.600275,退市昌鱼,2000-08-10,2022-06-22,1,0,main,600275.SH
sh.600276,恒瑞医药,2000-10-18,,1,1,main,600276.SH
sh.600277,ST亿利,2000-07-25,2024-07-18,1,0,main,600277.SH
sh.600278,东方创业,2000-07-12,,1,1,main,600278.SH
sh.600279,重庆港,2000-07-31,,1,1,main,600279.SH
sh.600280,中央商场,2000-09-26,,1,1,main,600280.SH
sh.600281,华阳新材,2000-11-09,,1,1,main,600281.SH
sh.600282,南钢股份,2000-09-19,,1,1,main,600282.SH
sh.600283,钱江水利,2000-10-18,,1,1,main,600283.SH
sh.600284,浦东建设,2004-03-16,,1,1,main,600284.SH
sh.600285,羚锐制药,2000-10-18,,1,1,main,600285.SH
sh.600287,苏豪时尚,2000-09-01,,1,1,main,600287.SH
sh.600288,大恒科技,2000-11-29,,1,1,main,600288.SH
sh.600289,ST信通,2000-07-20,,1,1,main,600289.SH
sh.600290,*ST华仪,2000-11-06,2024-01-16,1,0,main,600290.SH
sh.600291,退市西水,2000-07-31,2022-06-14,1,0,main,600291.SH
sh.600292,电投水电,2000-11-01,,1,1,main,600292.SH
sh.600293,三峡新材,2000-09-19,,1,1,main,600293.SH
sh.600295,鄂尔多斯,2001-04-26,,1,1,main,600295.SH
sh.600297,广汇汽车,2000-11-16,2024-08-28,1,0,main,600297.SH
sh.600298,安琪酵母,2000-08-18,,1,1,main,600298.SH
sh.600299,安迪苏,2000-04-20,,1,1,main,600299.SH
sh.600300,维维股份,2000-06-30,,1,1,main,600300.SH
sh.600301,华锡有色,2000-07-12,,1,1,main,600301.SH
sh.600302,ST标准,2000-12-13,,1,1,main,600302.SH
sh.600303,曙光股份,2000-12-26,,1,1,main,600303.SH
sh.600305,恒顺醋业,2001-02-06,,1,1,main,600305.SH
sh.600306,退市商城,2000-12-26,2024-06-26,1,0,main,600306.SH
sh.600307,酒钢宏兴,2000-12-20,,1,1,main,600307.SH
sh.600308,华泰股份,2000-09-28,,1,1,main,600308.SH
sh.600309,万华化学,2001-01-05,,1,1,main,600309.SH
sh.600310,广西能源,2001-02-28,,1,1,main,600310.SH
sh.600311,*ST荣华,2001-06-26,2023-03-27,1,0,main,600311.SH
sh.600312,平高电气,2001-02-21,,1,1,main,600312.SH
sh.600313,农发种业,2001-01-19,,1,1,main,600313.SH
sh.600315,上海家化,2001-03-15,,1,1,main,600315.SH
sh.600316,洪都航空,2000-12-15,,1,1,main,600316.SH
sh.600317,营口港,2002-01-31,2021-01-29,1,0,main,600317.SH
sh.600318,新力金融,2000-12-08,,1,1,main,600318.SH
sh.600319,亚星化学,2001-03-26,,1,1,main,600319.SH
sh.600320,振华重工,2000-12-21,,1,1,main,600320.SH
sh.600321,正源股份,2001-05-24,2024-06-27,1,0,main,600321.SH
sh.600322,津投城开,2001-09-10,,1,1,main,600322.SH
sh.600323,瀚蓝环境,2000-12-25,,1,1,main,600323.SH
sh.600325,华发股份,2004-02-25,,1,1,main,600325.SH
sh.600326,西藏天路,2001-01-16,,1,1,main,600326.SH
sh.600327,大东方,2002-06-25,,1,1,main,600327.SH
sh.600328,中盐化工,2000-12-22,,1,1,main,600328.SH
sh.600329,达仁堂,2001-06-06,,1,1,main,600329.SH
sh.600330,天通股份,2001-01-18,,1,1,main,600330.SH
sh.600331,宏达股份,2001-12-20,,1,1,main,600331.SH
sh.600332,白云山,2001-02-06,,1,1,main,600332.SH
sh.600333,长春燃气,2000-12-11,,1,1,main,600333.SH
sh.600335,国机汽车,2001-03-05,,1,1,main,600335.SH
sh.600336,澳柯玛,2000-12-29,,1,1,main,600336.SH
sh.600337,ST美克,2000-11-27,,1,1,main,600337.SH
sh.600338,西藏珠峰,2000-12-27,,1,1,main,600338.SH
sh.600339,中油工程,2000-12-25,,1,1,main,600339.SH
sh.600340,*ST华幸,2003-12-30,,1,1,main,600340.SH
sh.600343,航天动力,2003-04-08,,1,1,main,600343.SH
sh.600345,长江通信,2000-12-22,,1,1,main,600345.SH
sh.600346,恒力石化,2001-08-20,,1,1,main,600346.SH
sh.600348,华阳股份,2003-08-21,,1,1,main,600348.SH
sh.600350,山东高速,2002-03-18,,1,1,main,600350.SH
sh.600351,亚宝药业,2002-09-26,,1,1,main,600351.SH
sh.600352,浙江龙盛,2003-08-01,,1,1,main,600352.SH
sh.600353,旭光电子,2002-11-20,,1,1,main,600353.SH
sh.600354,敦煌种业,2004-01-15,,1,1,main,600354.SH
sh.600355,*ST精伦,2002-06-13,2026-04-27,1,0,main,600355.SH
sh.600356,恒丰纸业,2001-04-19,,1,1,main,600356.SH
sh.600358,国旅联合,2000-09-22,,1,1,main,600358.SH
sh.600359,新农开发,1999-04-29,,1,1,main,600359.SH
sh.600360,华微电子,2001-03-16,,1,1,main,600360.SH
sh.600361,创新新材,2001-11-29,,1,1,main,600361.SH
sh.600362,江西铜业,2002-01-11,,1,1,main,600362.SH
sh.600363,ST联光,2001-03-29,,1,1,main,600363.SH
sh.600365,ST通葡,2001-01-15,,1,1,main,600365.SH
sh.600366,宁波韵升,2000-10-30,,1,1,main,600366.SH
sh.600367,红星发展,2001-03-20,,1,1,main,600367.SH
sh.600368,五洲交通,2000-12-21,,1,1,main,600368.SH
sh.600369,西南证券,2001-01-09,,1,1,main,600369.SH
sh.600370,*ST三房,2003-03-06,,1,1,main,600370.SH
sh.600371,万向德农,2002-09-16,,1,1,main,600371.SH
sh.600372,中航机载,2001-07-06,,1,1,main,600372.SH
sh.600373,中文传媒,2002-03-04,,1,1,main,600373.SH
sh.600375,汉马科技,2003-04-01,,1,1,main,600375.SH
sh.600376,首开股份,2001-03-12,,1,1,main,600376.SH
sh.600377,宁沪高速,2001-01-16,,1,1,main,600377.SH
sh.600378,昊华科技,2001-01-11,,1,1,main,600378.SH
sh.600379,宝光股份,2002-01-16,,1,1,main,600379.SH
sh.600380,健康元,2001-06-08,,1,1,main,600380.SH
sh.600381,*ST春天,2001-05-08,,1,1,main,600381.SH
sh.600382,广东明珠,2001-01-18,,1,1,main,600382.SH
sh.600383,金地集团,2001-04-12,,1,1,main,600383.SH
sh.600385,退市金泰,2001-07-23,2022-07-07,1,0,main,600385.SH
sh.600386,北巴传媒,2001-02-16,,1,1,main,600386.SH
sh.600387,退市海越,2004-02-18,2025-07-11,1,0,main,600387.SH
sh.600388,紫金龙净,2000-12-29,,1,1,main,600388.SH
sh.600389,江山股份,2001-01-10,,1,1,main,600389.SH
sh.600390,五矿资本,2001-01-15,,1,1,main,600390.SH
sh.600391,航发科技,2001-12-12,,1,1,main,600391.SH
sh.600392,盛和资源,2003-05-29,,1,1,main,600392.SH
sh.600393,ST粤泰,2001-03-19,2023-07-18,1,0,main,600393.SH
sh.600395,盘江股份,2001-05-31,,1,1,main,600395.SH
sh.600396,华电辽能,2001-03-28,,1,1,main,600396.SH
sh.600397,江钨装备,2002-07-02,,1,1,main,600397.SH
sh.600398,海澜之家,2000-12-28,,1,1,main,600398.SH
sh.600399,抚顺特钢,2000-12-29,,1,1,main,600399.SH
sh.600400,红豆股份,2001-01-08,,1,1,main,600400.SH
sh.600401,退市海润,2003-09-24,2019-07-12,1,0,main,600401.SH
sh.600403,大有能源,2003-10-09,,1,1,main,600403.SH
sh.600405,动力源,2004-04-01,,1,1,main,600405.SH
sh.600406,国电南瑞,2003-10-16,,1,1,main,600406.SH
sh.600408,安泰集团,2003-02-12,,1,1,main,600408.SH
sh.600409,三友化工,2003-06-18,,1,1,main,600409.SH
sh.600410,华胜天成,2004-04-27,,1,1,main,600410.SH
sh.600415,小商品城,2002-05-09,,1,1,main,600415.SH
sh.600416,湘电股份,2002-07-18,,1,1,main,600416.SH
sh.600418,江淮汽车,2001-08-24,,1,1,main,600418.SH
sh.600419,天润乳业,2001-06-28,,1,1,main,600419.SH
sh.600420,国药现代,2004-06-16,,1,1,main,600420.SH
sh.600421,退市华嵘,2004-06-07,2026-06-26,1,0,main,600421.SH
sh.600422,昆药集团,2000-12-06,,1,1,main,600422.SH
sh.600423,*ST柳化,2003-07-17,,1,1,main,600423.SH
sh.600425,青松建化,2003-07-24,,1,1,main,600425.SH
sh.600426,华鲁恒升,2002-06-20,,1,1,main,600426.SH
sh.600428,中远海特,2002-04-18,,1,1,main,600428.SH
sh.600429,三元股份,2003-09-15,,1,1,main,600429.SH
sh.600432,退市吉恩,2003-09-05,2018-07-13,1,0,main,600432.SH
sh.600433,冠豪高新,2003-06-19,,1,1,main,600433.SH
sh.600435,北方导航,2003-07-04,,1,1,main,600435.SH
sh.600436,片仔癀,2003-06-16,,1,1,main,600436.SH
sh.600438,通威股份,2004-03-02,,1,1,main,600438.SH
sh.600439,ST瑞贝卡,2003-07-10,,1,1,main,600439.SH
sh.600444,国机通用,2004-02-19,,1,1,main,600444.SH
sh.600446,金证股份,2003-12-24,,1,1,main,600446.SH
sh.600448,华纺股份,2001-09-03,,1,1,main,600448.SH
sh.600449,宁夏建材,2003-08-29,,1,1,main,600449.SH
sh.600452,涪陵电力,2004-03-03,,1,1,main,600452.SH
sh.600455,博通股份,2004-03-29,,1,1,main,600455.SH
sh.600456,宝钛股份,2002-04-12,,1,1,main,600456.SH
sh.600458,时代新材,2002-12-19,,1,1,main,600458.SH
sh.600459,贵研铂业,2003-05-16,,1,1,main,600459.SH
sh.600460,士兰微,2003-03-11,,1,1,main,600460.SH
sh.600461,洪城环境,2004-06-01,,1,1,main,600461.SH
sh.600462,退市九有,2003-09-03,2025-07-21,1,0,main,600462.SH
sh.600463,空港股份,2004-03-18,,1,1,main,600463.SH
sh.600466,*ST蓝光,2001-02-12,2023-06-06,1,0,main,600466.SH
sh.600467,好当家,2004-04-05,,1,1,main,600467.SH
sh.600468,百利电气,2001-06-15,,1,1,main,600468.SH
sh.600469,风神股份,2003-10-21,,1,1,main,600469.SH
sh.600470,六国化工,2004-03-05,,1,1,main,600470.SH
sh.600475,华光环能,2003-07-21,,1,1,main,600475.SH
sh.600476,*ST湘邮,2003-12-10,,1,1,main,600476.SH
sh.600477,杭萧钢构,2003-11-10,,1,1,main,600477.SH
sh.600478,科力远,2003-09-18,,1,1,main,600478.SH
sh.600479,千金药业,2004-03-12,,1,1,main,600479.SH
sh.600480,凌云股份,2003-08-15,,1,1,main,600480.SH
sh.600481,双良节能,2003-04-22,,1,1,main,600481.SH
sh.600482,中国动力,2004-07-14,,1,1,main,600482.SH
sh.600483,福能股份,2004-05-31,,1,1,main,600483.SH
sh.600485,*ST信威,2003-08-07,2021-06-01,1,0,main,600485.SH
sh.600486,扬农化工,2002-04-25,,1,1,main,600486.SH
sh.600487,亨通光电,2003-08-22,,1,1,main,600487.SH
sh.600488,津药药业,2001-06-18,,1,1,main,600488.SH
sh.600489,中金黄金,2003-08-14,,1,1,main,600489.SH
sh.600490,鹏欣资源,2003-06-26,,1,1,main,600490.SH
sh.600491,ST龙元,2004-05-24,,1,1,main,600491.SH
sh.600493,凤竹纺织,2004-04-21,,1,1,main,600493.SH
sh.600495,晋西车轴,2004-05-26,,1,1,main,600495.SH
sh.600496,精工钢构,2002-06-05,,1,1,main,600496.SH
sh.600497,驰宏锌锗,2004-04-20,,1,1,main,600497.SH
sh.600498,烽火通信,2001-08-23,,1,1,main,600498.SH
sh.600499,科达制造,2002-10-10,,1,1,main,600499.SH
sh.600500,中化国际,2000-03-01,,1,1,main,600500.SH
sh.600501,航天晨光,2001-06-15,,1,1,main,600501.SH
sh.600502,安徽建工,2003-04-15,,1,1,main,600502.SH
sh.600503,华丽家族,2002-07-09,,1,1,main,600503.SH
sh.600505,西昌电力,2002-05-30,,1,1,main,600505.SH
sh.600506,统一股份,2001-12-26,,1,1,main,600506.SH
sh.600507,方大特钢,2003-09-30,,1,1,main,600507.SH
sh.600508,上海能源,2001-08-29,,1,1,main,600508.SH
sh.600509,天富能源,2002-02-28,,1,1,main,600509.SH
sh.600510,黑牡丹,2002-06-18,,1,1,main,600510.SH
sh.600511,国药股份,2002-11-27,,1,1,main,600511.SH
sh.600512,腾达建设,2002-12-26,,1,1,main,600512.SH
sh.600513,联环药业,2003-03-19,,1,1,main,600513.SH
sh.600515,海南机场,2002-08-06,,1,1,main,600515.SH
sh.600516,方大炭素,2002-08-30,,1,1,main,600516.SH
sh.600517,国网英大,2003-10-10,,1,1,main,600517.SH
sh.600518,康美药业,2001-03-19,,1,1,main,600518.SH
sh.600519,贵州茅台,2001-08-27,,1,1,main,600519.SH
sh.600520,三佳科技,2002-01-08,,1,1,main,600520.SH
sh.600521,华海药业,2003-03-04,,1,1,main,600521.SH
sh.600522,中天科技,2002-10-24,,1,1,main,600522.SH
sh.600523,贵航股份,2001-12-27,,1,1,main,600523.SH
sh.600525,长园集团,2002-12-02,,1,1,main,600525.SH
sh.600526,菲达环保,2002-07-22,,1,1,main,600526.SH
sh.600527,江南高纤,2003-11-27,,1,1,main,600527.SH
sh.600528,中铁工业,2001-05-28,,1,1,main,600528.SH
sh.600529,山东药玻,2002-06-03,,1,1,main,600529.SH
sh.600530,ST交昂,2001-07-02,,1,1,main,600530.SH
sh.600531,豫光金铅,2002-07-30,,1,1,main,600531.SH
sh.600532,退市未来,2002-10-31,2023-06-28,1,0,main,600532.SH
sh.600533,栖霞建设,2002-03-28,,1,1,main,600533.SH
sh.600535,天士力,2002-08-23,,1,1,main,600535.SH
sh.600536,中国软件,2002-05-17,,1,1,main,600536.SH
sh.600537,*ST亿晶,2003-01-23,,1,1,main,600537.SH
sh.600538,国发股份,2003-01-14,,1,1,main,600538.SH
sh.600539,狮头股份,2001-08-24,,1,1,main,600539.SH
sh.600540,新赛股份,2004-01-07,,1,1,main,600540.SH
sh.600543,*ST莫高,2004-03-24,,1,1,main,600543.SH
sh.600545,卓郎智能,2003-12-03,,1,1,main,600545.SH
sh.600546,山煤国际,2003-07-31,,1,1,main,600546.SH
sh.600547,山东黄金,2003-08-28,,1,1,main,600547.SH
sh.600548,深高速,2001-12-25,,1,1,main,600548.SH
sh.600549,厦门钨业,2002-11-07,,1,1,main,600549.SH
sh.600550,保变电气,2001-02-28,,1,1,main,600550.SH
sh.600551,时代出版,2002-09-05,,1,1,main,600551.SH
sh.600552,凯盛科技,2002-11-08,,1,1,main,600552.SH
sh.600555,退市海创,2001-03-28,2022-07-13,1,0,main,600555.SH
sh.600556,天下秀,2001-08-07,,1,1,main,600556.SH
sh.600557,康缘药业,2002-09-18,,1,1,main,600557.SH
sh.600558,大西洋,2001-02-27,,1,1,main,600558.SH
sh.600559,老白干酒,2002-10-29,,1,1,main,600559.SH
sh.600560,金自天正,2002-09-19,,1,1,main,600560.SH
sh.600561,江西长运,2002-07-16,,1,1,main,600561.SH
sh.600562,国睿科技,2003-01-28,,1,1,main,600562.SH
sh.600563,法拉电子,2002-12-10,,1,1,main,600563.SH
sh.600565,ST迪马,2002-07-23,2024-08-07,1,0,main,600565.SH
sh.600566,济川药业,2001-08-22,,1,1,main,600566.SH
sh.600567,山鹰国际,2001-12-18,,1,1,main,600567.SH
sh.600568,ST中珠,2001-05-18,,1,1,main,600568.SH
sh.600569,安阳钢铁,2001-08-20,,1,1,main,600569.SH
sh.600570,恒生电子,2003-12-16,,1,1,main,600570.SH
sh.600571,信雅达,2002-11-01,,1,1,main,600571.SH
sh.600572,康恩贝,2004-04-12,,1,1,main,600572.SH
sh.600573,惠泉啤酒,2003-02-26,,1,1,main,600573.SH
sh.600575,淮河能源,2003-03-28,,1,1,main,600575.SH
sh.600576,祥源文旅,2003-02-20,,1,1,main,600576.SH
sh.600577,精达股份,2002-09-11,,1,1,main,600577.SH
sh.600578,京能电力,2002-05-10,,1,1,main,600578.SH
sh.600579,中化装备,2002-08-09,,1,1,main,600579.SH
sh.600580,卧龙电驱,2002-06-06,,1,1,main,600580.SH
sh.600581,*ST八钢,2002-08-16,,1,1,main,600581.SH
sh.600582,天地科技,2002-05-15,,1,1,main,600582.SH
sh.600583,海油工程,2002-02-05,,1,1,main,600583.SH
sh.600584,长电科技,2003-06-03,,1,1,main,600584.SH
sh.600585,海螺水泥,2002-02-07,,1,1,main,600585.SH
sh.600586,金晶科技,2002-08-15,,1,1,main,600586.SH
sh.600587,新华医疗,2002-09-27,,1,1,main,600587.SH
sh.600588,用友网络,2001-05-18,,1,1,main,600588.SH
sh.600589,大位科技,2001-06-12,,1,1,main,600589.SH
sh.600590,泰豪科技,2002-07-03,,1,1,main,600590.SH
sh.600592,龙溪股份,2002-08-05,,1,1,main,600592.SH
sh.600593,大连圣亚,2002-07-11,,1,1,main,600593.SH
sh.600594,益佰制药,2004-03-23,,1,1,main,600594.SH
sh.600595,中孚实业,2002-06-26,,1,1,main,600595.SH
sh.600596,新安股份,2001-09-06,,1,1,main,600596.SH
sh.600597,光明乳业,2002-08-28,,1,1,main,600597.SH
sh.600598,北大荒,2002-03-29,,1,1,main,600598.SH
sh.600599,退市熊猫,2001-08-28,2026-06-26,1,0,main,600599.SH
sh.600600,青岛啤酒,1993-08-27,,1,1,main,600600.SH
sh.600601,方正科技,1990-12-19,,1,1,main,600601.SH
sh.600602,云赛智联,1990-12-19,,1,1,main,600602.SH
sh.600603,广汇物流,1992-01-13,,1,1,main,600603.SH
sh.600604,市北高新,1992-03-27,,1,1,main,600604.SH
sh.600605,汇通能源,1992-03-27,,1,1,main,600605.SH
sh.600606,绿地控股,1992-03-27,,1,1,main,600606.SH
sh.600608,退市沪科,1992-03-27,2026-07-03,1,0,main,600608.SH
sh.600609,金杯汽车,1992-07-24,,1,1,main,600609.SH
sh.600610,中毅达,1992-08-05,,1,1,main,600610.SH
sh.600611,大众交通,1992-08-07,,1,1,main,600611.SH
sh.600612,老凤祥,1992-08-14,,1,1,main,600612.SH
sh.600613,神奇制药,1992-08-20,,1,1,main,600613.SH
sh.600614,退市鹏起,1992-08-28,2021-07-21,1,0,main,600614.SH
sh.600615,鑫源智造,1992-09-10,,1,1,main,600615.SH
sh.600616,金枫酒业,1992-09-29,,1,1,main,600616.SH
sh.600617,国新能源,1992-10-13,,1,1,main,600617.SH
sh.600618,氯碱化工,1992-11-13,,1,1,main,600618.SH
sh.600619,海立股份,1992-11-16,,1,1,main,600619.SH
sh.600620,天宸股份,1992-11-17,,1,1,main,600620.SH
sh.600621,华鑫股份,1992-12-02,,1,1,main,600621.SH
sh.600622,光大嘉宝,1992-12-03,,1,1,main,600622.SH
sh.600623,华谊集团,1992-12-04,,1,1,main,600623.SH
sh.600624,ST复华,1993-01-05,,1,1,main,600624.SH
sh.600626,申达股份,1993-01-07,,1,1,main,600626.SH
sh.600628,新世界,1993-01-19,,1,1,main,600628.SH
sh.600629,华建集团,1993-02-09,,1,1,main,600629.SH
sh.600630,龙头股份,1993-02-09,,1,1,main,600630.SH
sh.600633,浙数文化,1993-03-04,,1,1,main,600633.SH
sh.600634,退市富控,1993-03-04,2021-07-21,1,0,main,600634.SH
sh.600635,大众公用,1993-03-04,,1,1,main,600635.SH
sh.600636,退市国化,1993-03-16,2026-06-29,1,0,main,600636.SH
sh.600637,东方明珠,1993-03-16,,1,1,main,600637.SH
sh.600638,新黄浦,1993-03-26,,1,1,main,600638.SH
sh.600639,浦东金桥,1993-03-26,,1,1,main,600639.SH
sh.600640,国脉文化,1993-04-07,,1,1,main,600640.SH
sh.600641,先导基电,1993-04-07,,1,1,main,600641.SH
sh.600642,申能股份,1993-04-16,,1,1,main,600642.SH
sh.600643,爱建集团,1993-04-26,,1,1,main,600643.SH
sh.600644,乐山电力,1993-04-26,,1,1,main,600644.SH
sh.600645,中源协和,1993-05-04,,1,1,main,600645.SH
sh.600647,退市同达,1993-05-04,2024-07-03,1,0,main,600647.SH
sh.600648,外高桥,1993-05-04,,1,1,main,600648.SH
sh.600649,城投控股,1993-05-18,,1,1,main,600649.SH
sh.600650,锦江在线,1993-06-07,,1,1,main,600650.SH
sh.600651,飞乐音响,1990-12-19,,1,1,main,600651.SH
sh.600652,退市游久,1990-12-19,2022-06-21,1,0,main,600652.SH
sh.600653,申华控股,1990-12-19,,1,1,main,600653.SH
sh.600654,中安科,1990-12-19,,1,1,main,600654.SH
sh.600655,豫园股份,1992-09-02,,1,1,main,600655.SH
sh.600657,信达地产,1993-05-24,,1,1,main,600657.SH
sh.600658,电子城,1993-05-24,,1,1,main,600658.SH
sh.600660,福耀玻璃,1993-06-10,,1,1,main,600660.SH
sh.600661,昂立教育,1993-06-14,,1,1,main,600661.SH
sh.600662,外服控股,1993-06-14,,1,1,main,600662.SH
sh.600663,陆家嘴,1993-06-28,,1,1,main,600663.SH
sh.600664,哈药股份,1993-06-29,,1,1,main,600664.SH
sh.600665,天地源,1993-07-09,,1,1,main,600665.SH
sh.600666,奥瑞德,1993-07-12,,1,1,main,600666.SH
sh.600667,太极实业,1993-07-28,,1,1,main,600667.SH
sh.600668,尖峰集团,1993-07-28,,1,1,main,600668.SH
sh.600671,天目药业,1993-08-23,,1,1,main,600671.SH
sh.600673,东阳光,1993-09-17,,1,1,main,600673.SH
sh.600674,川投能源,1993-09-24,,1,1,main,600674.SH
sh.600675,中华企业,1993-09-24,,1,1,main,600675.SH
sh.600676,久事动娱,1993-09-28,,1,1,main,600676.SH
sh.600677,*ST航通,1993-09-28,2021-03-18,1,0,main,600677.SH
sh.600678,ST金顶,1993-10-08,,1,1,main,600678.SH
sh.600679,上海凤凰,1993-10-08,,1,1,main,600679.SH
sh.600680,*ST上普,1993-10-18,2019-05-24,1,0,main,600680.SH
sh.600681,百川能源,1993-10-18,,1,1,main,600681.SH
sh.600682,南京新百,1993-10-18,,1,1,main,600682.SH
sh.600683,京投发展,1993-10-25,,1,1,main,600683.SH
sh.600684,珠江股份,1993-10-28,,1,1,main,600684.SH
sh.600685,中船防务,1993-10-28,,1,1,main,600685.SH
sh.600686,金龙汽车,1993-11-08,,1,1,main,600686.SH
sh.600687,退市刚泰,1993-11-08,2021-03-03,1,0,main,600687.SH
sh.600688,上海石化,1993-11-08,,1,1,main,600688.SH
sh.600689,上海三毛,1993-11-08,,1,1,main,600689.SH
sh.600690,海尔智家,1993-11-19,,1,1,main,600690.SH
sh.600691,潞化科技,1993-11-19,,1,1,main,600691.SH
sh.600692,亚通股份,1993-11-19,,1,1,main,600692.SH
sh.600693,东百集团,1993-11-22,,1,1,main,600693.SH
sh.600694,大商股份,1993-11-22,,1,1,main,600694.SH
sh.600695,退市绿庭,1993-11-22,2022-06-14,1,0,main,600695.SH
sh.600696,退市岩石,1993-12-06,2026-06-29,1,0,main,600696.SH
sh.600697,欧亚集团,1993-12-06,,1,1,main,600697.SH
sh.600698,湖南天雁,1993-12-06,,1,1,main,600698.SH
sh.600699,均胜电子,1993-12-06,,1,1,main,600699.SH
sh.600701,退市工新,1996-05-28,2021-04-30,1,0,main,600701.SH
sh.600702,舍得酒业,1996-05-24,,1,1,main,600702.SH
sh.600703,三安光电,1996-05-28,,1,1,main,600703.SH
sh.600704,物产中大,1996-06-06,,1,1,main,600704.SH
sh.600705,中航产融,1996-05-16,2025-05-27,1,0,main,600705.SH
sh.600706,曲江文旅,1996-05-16,,1,1,main,600706.SH
sh.600707,彩虹股份,1996-05-20,,1,1,main,600707.SH
sh.600708,光明地产,1996-06-06,,1,1,main,600708.SH
sh.600710,苏美达,1996-07-01,,1,1,main,600710.SH
sh.600711,盛屯矿业,1996-05-31,,1,1,main,600711.SH
sh.600712,南宁百货,1996-06-26,,1,1,main,600712.SH
sh.600713,南京医药,1996-07-01,,1,1,main,600713.SH
sh.600714,金瑞矿业,1996-06-06,,1,1,main,600714.SH
sh.600715,文投控股,1996-07-01,,1,1,main,600715.SH
sh.600716,凤凰股份,1996-07-02,,1,1,main,600716.SH
sh.600717,天津港,1996-06-14,,1,1,main,600717.SH
sh.600718,东软集团,1996-06-18,,1,1,main,600718.SH
sh.600719,大连热电,1996-07-16,,1,1,main,600719.SH
sh.600720,中交设计,1996-07-16,,1,1,main,600720.SH
sh.600721,百花医药,1996-06-26,,1,1,main,600721.SH
sh.600722,金牛化工,1996-06-26,,1,1,main,600722.SH
sh.600723,首商股份,1996-07-16,2021-10-22,1,0,main,600723.SH
sh.600724,宁波富达,1996-07-16,,1,1,main,600724.SH
sh.600725,云维股份,1996-07-02,,1,1,main,600725.SH
sh.600726,华电能源,1996-07-01,,1,1,main,600726.SH
sh.600727,鲁北化工,1996-07-02,,1,1,main,600727.SH
sh.600728,佳都科技,1996-07-16,,1,1,main,600728.SH
sh.600729,重百集团,1996-07-02,,1,1,main,600729.SH
sh.600730,*ST高科,1996-07-26,,1,1,main,600730.SH
sh.600731,湖南海利,1996-08-02,,1,1,main,600731.SH
sh.600732,爱旭股份,1996-08-16,,1,1,main,600732.SH
sh.600733,北汽蓝谷,1996-08-16,,1,1,main,600733.SH
sh.600734,*ST实达,1996-08-08,,1,1,main,600734.SH
sh.600735,ST新华锦,1996-07-26,,1,1,main,600735.SH
sh.600736,苏州高新,1996-08-15,,1,1,main,600736.SH
sh.600737,中粮糖业,1996-07-31,,1,1,main,600737.SH
sh.600738,丽尚国潮,1996-08-02,,1,1,main,600738.SH
sh.600739,辽宁成大,1996-08-19,,1,1,main,600739.SH
sh.600740,山西焦化,1996-08-08,,1,1,main,600740.SH
sh.600741,华域汽车,1996-08-26,,1,1,main,600741.SH
sh.600742,富维股份,1996-08-26,,1,1,main,600742.SH
sh.600743,华远控股,1996-09-09,,1,1,main,600743.SH
sh.600744,华银电力,1996-09-05,,1,1,main,600744.SH
sh.600745,*ST闻泰,1996-08-28,,1,1,main,600745.SH
sh.600746,江苏索普,1996-09-18,,1,1,main,600746.SH
sh.600747,退市大控,1996-09-16,2019-12-12,1,0,main,600747.SH
sh.600748,上实发展,1996-09-25,,1,1,main,600748.SH
sh.600749,西藏旅游,1996-10-15,,1,1,main,600749.SH
sh.600750,华润江中,1996-09-23,,1,1,main,600750.SH
sh.600751,海航科技,1996-09-09,,1,1,main,600751.SH
sh.600753,ST海钦,1996-09-27,,1,1,main,600753.SH
sh.600754,锦江酒店,1996-10-11,,1,1,main,600754.SH
sh.600755,厦门国贸,1996-10-03,,1,1,main,600755.SH
sh.600756,浪潮软件,1996-09-23,,1,1,main,600756.SH
sh.600757,长江传媒,1996-10-03,,1,1,main,600757.SH
sh.600758,辽宁能源,1996-10-29,,1,1,main,600758.SH
sh.600759,ST洲际,1996-10-08,,1,1,main,600759.SH
sh.600760,中航沈飞,1996-10-11,,1,1,main,600760.SH
sh.600761,安徽合力,1996-10-09,,1,1,main,600761.SH
sh.600763,通策医疗,1996-10-30,,1,1,main,600763.SH
sh.600764,中国海防,1996-11-04,,1,1,main,600764.SH
sh.600765,中航重机,1996-11-06,,1,1,main,600765.SH
sh.600766,退市园城,1996-10-28,2024-07-03,1,0,main,600766.SH
sh.600767,退市运盛,1996-11-15,2023-06-29,1,0,main,600767.SH
sh.600768,富邦新材,1996-11-11,,1,1,main,600768.SH
sh.600769,祥龙电业,1996-11-01,,1,1,main,600769.SH
sh.600770,综艺股份,1996-11-20,,1,1,main,600770.SH
sh.600771,广誉远,1996-11-05,,1,1,main,600771.SH
sh.600773,西藏城投,1996-11-08,,1,1,main,600773.SH
sh.600774,汉商集团,1996-11-08,,1,1,main,600774.SH
sh.600775,南京熊猫,1996-11-18,,1,1,main,600775.SH
sh.600776,东方通信,1996-11-26,,1,1,main,600776.SH
sh.600777,新潮能源,1996-11-21,,1,1,main,600777.SH
sh.600778,友好集团,1996-12-03,,1,1,main,600778.SH
sh.600779,水井坊,1996-12-06,,1,1,main,600779.SH
sh.600780,通宝能源,1996-12-05,,1,1,main,600780.SH
sh.600781,退市辅仁,1996-12-18,2023-06-28,1,0,main,600781.SH
sh.600782,新钢股份,1996-12-25,,1,1,main,600782.SH
sh.600783,鲁信创投,1996-12-25,,1,1,main,600783.SH
sh.600784,鲁银投资,1996-12-25,,1,1,main,600784.SH
sh.600785,新华百货,1997-01-08,,1,1,main,600785.SH
sh.600787,中储股份,1997-01-21,,1,1,main,600787.SH
sh.600789,鲁抗医药,1997-02-26,,1,1,main,600789.SH
sh.600790,轻纺城,1997-02-28,,1,1,main,600790.SH
sh.600791,京能置业,1997-01-30,,1,1,main,600791.SH
sh.600792,云煤能源,1997-01-23,,1,1,main,600792.SH
sh.600793,宜宾纸业,1997-02-20,,1,1,main,600793.SH
sh.600794,保税科技,1997-03-06,,1,1,main,600794.SH
sh.600795,国电电力,1997-03-18,,1,1,main,600795.SH
sh.600796,钱江生化,1997-04-08,,1,1,main,600796.SH
sh.600797,浙大网新,1997-04-18,,1,1,main,600797.SH
sh.600798,宁波海运,1997-04-23,,1,1,main,600798.SH
sh.600800,渤海化学,1993-12-06,,1,1,main,600800.SH
sh.600801,华新建材,1994-01-03,,1,1,main,600801.SH
sh.600802,福建水泥,1994-01-03,,1,1,main,600802.SH
sh.600803,新奥股份,1994-01-03,,1,1,main,600803.SH
sh.600804,退市鹏博,1994-01-03,2025-07-03,1,0,main,600804.SH
sh.600805,悦达投资,1994-01-03,,1,1,main,600805.SH
sh.600806,退市昆机,1994-01-03,2018-07-13,1,0,main,600806.SH
sh.600807,济高发展,1994-01-03,,1,1,main,600807.SH
sh.600808,马钢股份,1994-01-06,,1,1,main,600808.SH
sh.600809,山西汾酒,1994-01-06,,1,1,main,600809.SH
sh.600810,神马股份,1994-01-06,,1,1,main,600810.SH
sh.600811,*ST东方,1994-01-06,2025-04-30,1,0,main,600811.SH
sh.600812,华北制药,1994-01-14,,1,1,main,600812.SH
sh.600814,杭州解百,1994-01-14,,1,1,main,600814.SH
sh.600815,厦工股份,1994-01-28,,1,1,main,600815.SH
sh.600816,建元信托,1994-01-28,,1,1,main,600816.SH
sh.600817,宇通重工,1994-01-28,,1,1,main,600817.SH
sh.600818,ST中路,1994-01-28,,1,1,main,600818.SH
sh.600819,耀皮玻璃,1994-01-28,,1,1,main,600819.SH
sh.600820,隧道股份,1994-01-28,,1,1,main,600820.SH
sh.600821,金开新能,1994-01-28,,1,1,main,600821.SH
sh.600822,上海物贸,1994-02-04,,1,1,main,600822.SH
sh.600823,*ST世茂,1994-02-04,2024-06-14,1,0,main,600823.SH
sh.600824,益民集团,1994-02-04,,1,1,main,600824.SH
sh.600825,新华传媒,1994-02-04,,1,1,main,600825.SH
sh.600826,兰生股份,1994-02-04,,1,1,main,600826.SH
sh.600827,百联股份,1994-02-04,,1,1,main,600827.SH
sh.600828,茂业商业,1994-02-24,,1,1,main,600828.SH
sh.600829,人民同泰,1994-02-24,,1,1,main,600829.SH
sh.600830,香溢融通,1994-02-24,,1,1,main,600830.SH
sh.600831,广电网络,1994-02-24,,1,1,main,600831.SH
sh.600833,第一医药,1994-02-24,,1,1,main,600833.SH
sh.600834,申通地铁,1994-02-24,,1,1,main,600834.SH
sh.600835,上海机电,1994-02-24,,1,1,main,600835.SH
sh.600836,*ST易连,1994-02-24,2024-07-11,1,0,main,600836.SH
sh.600837,海通证券,1994-02-24,2025-03-04,1,0,main,600837.SH
sh.600838,上海九百,1994-02-24,,1,1,main,600838.SH
sh.600839,四川长虹,1994-03-11,,1,1,main,600839.SH
sh.600841,动力新科,1994-03-11,,1,1,main,600841.SH
sh.600843,上工申贝,1994-03-11,,1,1,main,600843.SH
sh.600844,金煤科技,1994-03-11,,1,1,main,600844.SH
sh.600845,宝信软件,1994-03-11,,1,1,main,600845.SH
sh.600846,同济科技,1994-03-11,,1,1,main,600846.SH
sh.600847,万里股份,1994-03-24,,1,1,main,600847.SH
sh.600848,上海临港,1994-03-24,,1,1,main,600848.SH
sh.600850,电科数字,1994-03-24,,1,1,main,600850.SH
sh.600851,海欣股份,1994-04-04,,1,1,main,600851.SH
sh.600853,龙建股份,1994-04-04,,1,1,main,600853.SH
sh.600854,春兰股份,1994-04-25,,1,1,main,600854.SH
sh.600855,航天长峰,1994-04-25,,1,1,main,600855.SH
sh.600856,退市中天,1994-04-25,2022-06-22,1,0,main,600856.SH
sh.600857,宁波中百,1994-04-25,,1,1,main,600857.SH
sh.600858,银座股份,1994-05-06,,1,1,main,600858.SH
sh.600859,王府井,1994-05-06,,1,1,main,600859.SH
sh.600860,京城股份,1994-05-06,,1,1,main,600860.SH
sh.600861,北京人力,1994-05-20,,1,1,main,600861.SH
sh.600862,中航高科,1994-05-20,,1,1,main,600862.SH
sh.600863,华能蒙电,1994-05-20,,1,1,main,600863.SH
sh.600864,哈投股份,1994-08-09,,1,1,main,600864.SH
sh.600865,百大集团,1994-08-09,,1,1,main,600865.SH
sh.600866,星湖科技,1994-08-18,,1,1,main,600866.SH
sh.600867,通化东宝,1994-08-24,,1,1,main,600867.SH
sh.600868,梅雁吉祥,1994-09-12,,1,1,main,600868.SH
sh.600869,远东股份,1995-02-06,,1,1,main,600869.SH
sh.600870,退市厦华,1995-02-28,2022-06-30,1,0,main,600870.SH
sh.600871,石化油服,1995-04-11,,1,1,main,600871.SH
sh.600872,中炬高新,1995-01-24,,1,1,main,600872.SH
sh.600873,梅花生物,1995-02-17,,1,1,main,600873.SH
sh.600874,创业环保,1995-06-30,,1,1,main,600874.SH
sh.600875,东方电气,1995-10-10,,1,1,main,600875.SH
sh.600876,凯盛新能,1995-10-31,,1,1,main,600876.SH
sh.600877,电科芯片,1995-10-13,,1,1,main,600877.SH
sh.600879,航天电子,1995-11-15,,1,1,main,600879.SH
sh.600880,博瑞传播,1995-11-15,,1,1,main,600880.SH
sh.600881,亚泰集团,1995-11-15,,1,1,main,600881.SH
sh.600882,妙可蓝多,1995-12-06,,1,1,main,600882.SH
sh.600883,博闻科技,1995-12-08,,1,1,main,600883.SH
sh.600884,杉杉股份,1996-01-30,,1,1,main,600884.SH
sh.600885,宏发股份,1996-02-05,,1,1,main,600885.SH
sh.600886,国投电力,1996-01-18,,1,1,main,600886.SH
sh.600887,伊利股份,1996-03-12,,1,1,main,600887.SH
sh.600888,新疆众和,1996-02-15,,1,1,main,600888.SH
sh.600889,*ST京化,1996-03-08,,1,1,main,600889.SH
sh.600890,退市中房,1996-03-18,2022-06-21,1,0,main,600890.SH
sh.600891,退市秋林,1996-03-25,2021-05-12,1,0,main,600891.SH
sh.600892,大晟文化,1996-03-15,,1,1,main,600892.SH
sh.600893,航发动力,1996-04-08,,1,1,main,600893.SH
sh.600894,广日股份,1996-03-28,,1,1,main,600894.SH
sh.600895,张江高科,1996-04-22,,1,1,main,600895.SH
sh.600896,退市海医,1996-05-03,2022-07-25,1,0,main,600896.SH
sh.600897,厦门空港,1996-05-31,,1,1,main,600897.SH
sh.600898,*ST美讯,1996-04-18,2025-02-10,1,0,main,600898.SH
sh.600900,长江电力,2003-11-18,,1,1,main,600900.SH
sh.600901,江苏金租,2018-03-01,,1,1,main,600901.SH
sh.600903,贵州燃气,2017-11-07,,1,1,main,600903.SH
sh.600905,三峡能源,2021-06-10,,1,1,main,600905.SH
sh.600906,财达证券,2021-05-07,,1,1,main,600906.SH
sh.600908,无锡银行,2016-09-23,,1,1,main,600908.SH
sh.600909,华安证券,2016-12-06,,1,1,main,600909.SH
sh.600916,中国黄金,2021-02-05,,1,1,main,600916.SH
sh.600917,重庆燃气,2014-09-30,,1,1,main,600917.SH
sh.600918,中泰证券,2020-06-03,,1,1,main,600918.SH
sh.600919,江苏银行,2016-08-02,,1,1,main,600919.SH
sh.600925,苏能股份,2023-03-29,,1,1,main,600925.SH
sh.600926,杭州银行,2016-10-27,,1,1,main,600926.SH
sh.600927,永安期货,2021-12-23,,1,1,main,600927.SH
sh.600928,西安银行,2019-03-01,,1,1,main,600928.SH
sh.600929,雪天盐业,2018-03-26,,1,1,main,600929.SH
sh.600930,华电新能,2025-07-16,,1,1,main,600930.SH
sh.600933,爱柯迪,2017-11-17,,1,1,main,600933.SH
sh.600935,华塑股份,2021-11-26,,1,1,main,600935.SH
sh.600936,北投科技,2016-08-15,,1,1,main,600936.SH
sh.600938,中国海油,2022-04-21,,1,1,main,600938.SH
sh.600939,重庆建工,2017-02-21,,1,1,main,600939.SH
sh.600941,中国移动,2022-01-05,,1,1,main,600941.SH
sh.600955,维远股份,2021-09-15,,1,1,main,600955.SH
sh.600956,新天绿能,2020-06-29,,1,1,main,600956.SH
sh.600958,东方证券,2015-03-23,,1,1,main,600958.SH
sh.600959,江苏有线,2015-04-28,,1,1,main,600959.SH
sh.600960,渤海汽车,2004-04-07,,1,1,main,600960.SH
sh.600961,株冶集团,2004-08-30,,1,1,main,600961.SH
sh.600962,国投中鲁,2004-06-22,,1,1,main,600962.SH
sh.600963,岳阳林纸,2004-05-25,,1,1,main,600963.SH
sh.600965,*ST福成,2004-07-13,,1,1,main,600965.SH
sh.600966,博汇纸业,2004-06-08,,1,1,main,600966.SH
sh.600967,内蒙一机,2004-05-18,,1,1,main,600967.SH
sh.600968,海油发展,2019-06-26,,1,1,main,600968.SH
sh.600969,郴电国际,2004-04-08,,1,1,main,600969.SH
sh.600970,中材国际,2005-04-12,,1,1,main,600970.SH
sh.600971,恒源煤电,2004-08-17,,1,1,main,600971.SH
sh.600973,宝胜股份,2004-08-02,,1,1,main,600973.SH
sh.600975,新五丰,2004-06-09,,1,1,main,600975.SH
sh.600976,健民集团,2004-04-19,,1,1,main,600976.SH
sh.600977,中国电影,2016-08-09,,1,1,main,600977.SH
sh.600978,*ST宜生,2004-08-24,2021-03-22,1,0,main,600978.SH
sh.600979,广安爱众,2004-09-06,,1,1,main,600979.SH
sh.600980,北矿科技,2004-05-12,,1,1,main,600980.SH
sh.600981,苏豪汇鸿,2004-06-30,,1,1,main,600981.SH
sh.600982,宁波能源,2004-07-06,,1,1,main,600982.SH
sh.600983,惠而浦,2004-07-27,,1,1,main,600983.SH
sh.600984,建设机械,2004-07-07,,1,1,main,600984.SH
sh.600985,淮北矿业,2004-04-28,,1,1,main,600985.SH
sh.600986,浙文互联,2004-04-26,,1,1,main,600986.SH
sh.600987,航民股份,2004-08-09,,1,1,main,600987.SH
sh.600988,赤峰黄金,2004-04-14,,1,1,main,600988.SH
sh.600989,宝丰能源,2019-05-16,,1,1,main,600989.SH
sh.600990,四创电子,2004-05-10,,1,1,main,600990.SH
sh.600992,贵绳股份,2004-05-14,,1,1,main,600992.SH
sh.600993,马应龙,2004-05-17,,1,1,main,600993.SH
sh.600995,南网储能,2004-06-15,,1,1,main,600995.SH
sh.600996,贵广网络,2016-12-26,,1,1,main,600996.SH
sh.600997,开滦股份,2004-06-02,,1,1,main,600997.SH
sh.600998,九州通,2010-11-02,,1,1,main,600998.SH
sh.600999,招商证券,2009-11-17,,1,1,main,600999.SH
sh.601000,唐山港,2010-07-05,,1,1,main,601000.SH
sh.601001,晋控煤业,2006-06-23,,1,1,main,601001.SH
sh.601002,晋亿实业,2007-01-26,,1,1,main,601002.SH
sh.601003,柳钢股份,2007-02-27,,1,1,main,601003.SH
sh.601005,重庆钢铁,2007-02-28,,1,1,main,601005.SH
sh.601006,大秦铁路,2006-08-01,,1,1,main,601006.SH
sh.601007,金陵饭店,2007-04-06,,1,1,main,601007.SH
sh.601008,连云港,2007-04-26,,1,1,main,601008.SH
sh.601009,南京银行,2007-07-19,,1,1,main,601009.SH
sh.601010,ST文峰,2011-06-03,,1,1,main,601010.SH
sh.601011,宝泰隆,2011-03-09,,1,1,main,601011.SH
sh.601012,隆基绿能,2012-04-11,,1,1,main,601012.SH
sh.601015,陕西黑猫,2014-11-05,,1,1,main,601015.SH
sh.601016,节能风电,2014-09-29,,1,1,main,601016.SH
sh.601018,宁波港,2010-09-28,,1,1,main,601018.SH
sh.601019,山东出版,2017-11-22,,1,1,main,601019.SH
sh.601020,华钰矿业,2016-03-16,,1,1,main,601020.SH
sh.601021,春秋航空,2015-01-21,,1,1,main,601021.SH
sh.601022,宁波远洋,2022-12-08,,1,1,main,601022.SH
sh.601026,道生天合,2025-10-17,,1,1,main,601026.SH
sh.601028,玉龙股份,2011-11-07,2025-05-27,1,0,main,601028.SH
sh.601033,永兴股份,2024-01-18,,1,1,main,601033.SH
sh.601038,一拖股份,2012-08-08,,1,1,main,601038.SH
sh.601058,赛轮轮胎,2011-06-30,,1,1,main,601058.SH
sh.601059,信达证券,2023-02-01,,1,1,main,601059.SH
sh.601061,中信金属,2023-04-10,,1,1,main,601061.SH
sh.601065,江盐集团,2023-04-10,,1,1,main,601065.SH
sh.601066,中信建投,2018-06-20,,1,1,main,601066.SH
sh.601068,中铝国际,2018-08-31,,1,1,main,601068.SH
sh.601069,西部黄金,2015-01-22,,1,1,main,601069.SH
sh.601077,渝农商行,2019-10-29,,1,1,main,601077.SH
sh.601083,锦江航运,2023-12-05,,1,1,main,601083.SH
sh.601086,国芳集团,2017-09-29,,1,1,main,601086.SH
sh.601088,中国神华,2007-10-09,,1,1,main,601088.SH
sh.601089,福元医药,2022-06-30,,1,1,main,601089.SH
sh.601091,沈鼓集团,2026-09-17,,1,1,main,601091.SH
sh.601096,宏盛华源,2023-12-22,,1,1,main,601096.SH
sh.601098,中南传媒,2010-10-28,,1,1,main,601098.SH
sh.601099,太平洋,2007-12-28,,1,1,main,601099.SH
sh.601100,恒立液压,2011-10-28,,1,1,main,601100.SH
sh.601101,昊华能源,2010-03-31,,1,1,main,601101.SH
sh.601106,中国一重,2010-02-09,,1,1,main,601106.SH
sh.601107,四川成渝,2009-07-27,,1,1,main,601107.SH
sh.601108,财通证券,2017-10-24,,1,1,main,601108.SH
sh.601111,中国国航,2006-08-18,,1,1,main,601111.SH
sh.601112,振石股份,2026-01-29,,1,1,main,601112.SH
sh.601113,华鼎股份,2011-05-09,,1,1,main,601113.SH
sh.601116,三江购物,2011-03-02,,1,1,main,601116.SH
sh.601117,中国化学,2010-01-07,,1,1,main,601117.SH
sh.601118,海南橡胶,2011-01-07,,1,1,main,601118.SH
sh.601121,宝地矿业,2023-03-10,,1,1,main,601121.SH
sh.601123,马矿股份,2026-09-01,,1,1,main,601123.SH
sh.601126,四方股份,2010-12-31,,1,1,main,601126.SH
sh.601127,赛力斯,2016-06-15,,1,1,main,601127.SH
sh.601128,常熟银行,2016-09-30,,1,1,main,601128.SH
sh.601133,柏诚股份,2023-04-10,,1,1,main,601133.SH
sh.601136,首创证券,2022-12-22,,1,1,main,601136.SH
sh.601137,博威合金,2011-01-27,,1,1,main,601137.SH
sh.601138,工业富联,2018-06-08,,1,1,main,601138.SH
sh.601139,深圳燃气,2009-12-25,,1,1,main,601139.SH
sh.601155,新城控股,2015-12-04,,1,1,main,601155.SH
sh.601156,东航物流,2021-06-09,,1,1,main,601156.SH
sh.601158,重庆水务,2010-03-29,,1,1,main,601158.SH
sh.601162,天风证券,2018-10-19,,1,1,main,601162.SH
sh.601163,三角轮胎,2016-09-09,,1,1,main,601163.SH
sh.601166,兴业银行,2007-02-05,,1,1,main,601166.SH
sh.601168,西部矿业,2007-07-12,,1,1,main,601168.SH
sh.601169,北京银行,2007-09-19,,1,1,main,601169.SH
sh.601177,杭齿前进,2010-10-11,,1,1,main,601177.SH
sh.601179,中国西电,2010-01-28,,1,1,main,601179.SH
sh.601186,中国铁建,2008-03-10,,1,1,main,601186.SH
sh.601187,厦门银行,2020-10-27,,1,1,main,601187.SH
sh.601188,龙江交通,2010-03-19,,1,1,main,601188.SH
sh.601198,东兴证券,2015-02-26,,1,1,main,601198.SH
sh.601199,江南水务,2011-03-17,,1,1,main,601199.SH
sh.601200,上海环境,2017-03-31,,1,1,main,601200.SH
sh.601208,东材科技,2011-05-20,,1,1,main,601208.SH
sh.601211,国泰海通,2015-06-26,,1,1,main,601211.SH
sh.601212,白银有色,2017-02-15,,1,1,main,601212.SH
sh.601216,君正集团,2011-02-22,,1,1,main,601216.SH
sh.601218,吉鑫科技,2011-05-06,,1,1,main,601218.SH
sh.601222,林洋能源,2011-08-08,,1,1,main,601222.SH
sh.601225,陕西煤业,2014-01-28,,1,1,main,601225.SH
sh.601226,华电科工,2014-12-11,,1,1,main,601226.SH
sh.601228,广州港,2017-03-29,,1,1,main,601228.SH
sh.601229,上海银行,2016-11-16,,1,1,main,601229.SH
sh.601231,环旭电子,2012-02-20,,1,1,main,601231.SH
sh.601233,桐昆股份,2011-05-18,,1,1,main,601233.SH
sh.601236,红塔证券,2019-07-05,,1,1,main,601236.SH
sh.601238,广汽集团,2012-03-29,,1,1,main,601238.SH
sh.601258,*ST庞大,2011-04-28,2023-06-30,1,0,main,601258.SH
sh.601279,英利汽车,2021-04-15,,1,1,main,601279.SH
sh.601288,农业银行,2010-07-15,,1,1,main,601288.SH
sh.601298,青岛港,2019-01-21,,1,1,main,601298.SH
sh.601311,骆驼股份,2011-06-02,,1,1,main,601311.SH
sh.601318,中国平安,2007-03-01,,1,1,main,601318.SH
sh.601319,中国人保,2018-11-16,,1,1,main,601319.SH
sh.601326,秦港股份,2017-08-16,,1,1,main,601326.SH
sh.601328,交通银行,2007-05-15,,1,1,main,601328.SH
sh.601330,绿色动力,2018-06-11,,1,1,main,601330.SH
sh.601333,广深铁路,2006-12-22,,1,1,main,601333.SH
sh.601336,新华保险,2011-12-16,,1,1,main,601336.SH
sh.601339,百隆东方,2012-06-12,,1,1,main,601339.SH
sh.601360,三六零,2012-01-16,,1,1,main,601360.SH
sh.601366,利群股份,2017-04-12,,1,1,main,601366.SH
sh.601368,绿城水务,2015-06-12,,1,1,main,601368.SH
sh.601369,陕鼓动力,2010-04-28,,1,1,main,601369.SH
sh.601375,中原证券,2017-01-03,,1,1,main,601375.SH
sh.601377,兴业证券,2010-10-13,,1,1,main,601377.SH
sh.601388,怡球资源,2012-04-23,,1,1,main,601388.SH
sh.601390,中国中铁,2007-12-03,,1,1,main,601390.SH
sh.601398,工商银行,2006-10-27,,1,1,main,601398.SH
sh.601399,国机重装,2020-06-08,,1,1,main,601399.SH
sh.601456,国联民生,2020-07-31,,1,1,main,601456.SH
sh.601500,通用股份,2016-09-19,,1,1,main,601500.SH
sh.601512,中新集团,2019-12-20,,1,1,main,601512.SH
sh.601515,衢州东峰,2012-02-16,,1,1,main,601515.SH
sh.601518,吉林高速,2010-03-19,,1,1,main,601518.SH
sh.601519,大智慧,2011-01-28,,1,1,main,601519.SH
sh.601528,瑞丰银行,2021-06-25,,1,1,main,601528.SH
sh.601555,东吴证券,2011-12-12,,1,1,main,601555.SH
sh.601558,退市锐电,2011-01-13,2020-07-02,1,0,main,601558.SH
sh.601566,九牧王,2011-05-30,,1,1,main,601566.SH
sh.601567,三星电气,2011-06-15,,1,1,main,601567.SH
sh.601568,北元化工,2020-10-20,,1,1,main,601568.SH
sh.601577,长沙银行,2018-09-26,,1,1,main,601577.SH
sh.601579,会稽山,2014-08-25,,1,1,main,601579.SH
sh.601588,北辰实业,2006-10-16,,1,1,main,601588.SH
sh.601595,上海电影,2016-08-17,,1,1,main,601595.SH
sh.601598,中国外运,2019-01-18,,1,1,main,601598.SH
sh.601599,浙文影业,2011-05-27,,1,1,main,601599.SH
sh.601600,中国铝业,2007-04-30,,1,1,main,601600.SH
sh.601601,中国太保,2007-12-25,,1,1,main,601601.SH
sh.601606,长城军工,2018-08-06,,1,1,main,601606.SH
sh.601607,上海医药,1994-03-24,,1,1,main,601607.SH
sh.601608,中信重工,2012-07-06,,1,1,main,601608.SH
sh.601609,金田股份,2020-04-22,,1,1,main,601609.SH
sh.601611,中国核建,2016-06-06,,1,1,main,601611.SH
sh.601615,明阳智能,2019-01-23,,1,1,main,601615.SH
sh.601616,广电电气,2011-02-01,,1,1,main,601616.SH
sh.601618,中国中冶,2009-09-21,,1,1,main,601618.SH
sh.601619,嘉泽新能,2017-07-20,,1,1,main,601619.SH
sh.601628,中国人寿,2007-01-09,,1,1,main,601628.SH
sh.601633,长城汽车,2011-09-28,,1,1,main,601633.SH
sh.601636,旗滨集团,2011-08-12,,1,1,main,601636.SH
sh.601658,邮储银行,2019-12-10,,1,1,main,601658.SH
sh.601665,齐鲁银行,2021-06-18,,1,1,main,601665.SH
sh.601666,平煤股份,2006-11-23,,1,1,main,601666.SH
sh.601668,中国建筑,2009-07-29,,1,1,main,601668.SH
sh.601669,中国电建,2011-10-18,,1,1,main,601669.SH
sh.601677,明泰铝业,2011-09-19,,1,1,main,601677.SH
sh.601678,滨化股份,2010-02-23,,1,1,main,601678.SH
sh.601686,友发集团,2020-12-04,,1,1,main,601686.SH
sh.601688,华泰证券,2010-02-26,,1,1,main,601688.SH
sh.601689,拓普集团,2015-03-19,,1,1,main,601689.SH
sh.601696,中银证券,2020-02-26,,1,1,main,601696.SH
sh.601698,中国卫通,2019-06-28,,1,1,main,601698.SH
sh.601699,潞安环能,2006-09-22,,1,1,main,601699.SH
sh.601700,风范股份,2011-01-18,,1,1,main,601700.SH
sh.601702,华峰铝业,2020-09-07,,1,1,main,601702.SH
sh.601717,中创智领,2010-08-03,,1,1,main,601717.SH
sh.601718,ST际华,2010-08-16,,1,1,main,601718.SH
sh.601727,上海电气,2008-12-05,,1,1,main,601727.SH
sh.601728,中国电信,2021-08-20,,1,1,main,601728.SH
sh.601766,中国中车,2008-08-18,,1,1,main,601766.SH
sh.601777,千里科技,2010-11-25,,1,1,main,601777.SH
sh.601778,晶科科技,2020-05-19,,1,1,main,601778.SH
sh.601788,光大证券,2009-08-18,,1,1,main,601788.SH
sh.601789,宁波建工,2011-08-16,,1,1,main,601789.SH
sh.601798,蓝科高新,2011-06-22,,1,1,main,601798.SH
sh.601799,星宇股份,2011-02-01,,1,1,main,601799.SH
sh.601800,中国交建,2012-03-09,,1,1,main,601800.SH
sh.601801,皖新传媒,2010-01-18,,1,1,main,601801.SH
sh.601808,中海油服,2007-09-28,,1,1,main,601808.SH
sh.601811,新华文轩,2016-08-08,,1,1,main,601811.SH
sh.601816,京沪高铁,2020-01-16,,1,1,main,601816.SH
sh.601818,光大银行,2010-08-18,,1,1,main,601818.SH
sh.601825,沪农商行,2021-08-19,,1,1,main,601825.SH
sh.601827,三峰环境,2020-06-05,,1,1,main,601827.SH
sh.601828,美凯龙,2018-01-17,,1,1,main,601828.SH
sh.601838,成都银行,2018-01-31,,1,1,main,601838.SH
sh.601857,中国石油,2007-11-05,,1,1,main,601857.SH
sh.601858,中国科传,2017-01-18,,1,1,main,601858.SH
sh.601860,紫金银行,2019-01-03,,1,1,main,601860.SH
sh.601865,福莱特,2019-02-15,,1,1,main,601865.SH
sh.601866,中远海发,2007-12-12,,1,1,main,601866.SH
sh.601868,中国能建,2021-09-28,,1,1,main,601868.SH
sh.601869,长飞光纤,2018-07-20,,1,1,main,601869.SH
sh.601872,招商轮船,2006-12-01,,1,1,main,601872.SH
sh.601877,正泰电器,2010-01-21,,1,1,main,601877.SH
sh.601878,浙商证券,2017-06-26,,1,1,main,601878.SH
sh.601880,辽港股份,2010-12-06,,1,1,main,601880.SH
sh.601881,中国银河,2017-01-23,,1,1,main,601881.SH
sh.601882,海天精工,2016-11-07,,1,1,main,601882.SH
sh.601886,江河集团,2011-08-18,,1,1,main,601886.SH
sh.601888,中国中免,2009-10-15,,1,1,main,601888.SH
sh.601890,亚星锚链,2010-12-28,,1,1,main,601890.SH
sh.601898,中煤能源,2008-02-01,,1,1,main,601898.SH
sh.601899,紫金矿业,2008-04-25,,1,1,main,601899.SH
sh.601900,南方传媒,2016-02-15,,1,1,main,601900.SH
sh.601901,方正证券,2011-08-10,,1,1,main,601901.SH
sh.601908,京运通,2011-09-08,,1,1,main,601908.SH
sh.601916,浙商银行,2019-11-26,,1,1,main,601916.SH
sh.601918,新集能源,2007-12-19,,1,1,main,601918.SH
sh.601919,中远海控,2007-06-26,,1,1,main,601919.SH
sh.601921,浙版传媒,2021-07-23,,1,1,main,601921.SH
sh.601928,凤凰传媒,2011-11-30,,1,1,main,601928.SH
sh.601929,吉视传媒,2012-02-23,,1,1,main,601929.SH
sh.601933,永辉超市,2010-12-15,,1,1,main,601933.SH
sh.601939,建设银行,2007-09-25,,1,1,main,601939.SH
sh.601949,中国出版,2017-08-21,,1,1,main,601949.SH
sh.601952,苏垦农发,2017-05-15,,1,1,main,601952.SH
sh.601956,东贝集团,2020-12-25,,1,1,main,601956.SH
sh.601958,金钼股份,2008-04-17,,1,1,main,601958.SH
sh.601963,重庆银行,2021-02-05,,1,1,main,601963.SH
sh.601965,中国汽研,2012-06-11,,1,1,main,601965.SH
sh.601966,玲珑轮胎,2016-07-06,,1,1,main,601966.SH
sh.601968,宝钢包装,2015-06-11,,1,1,main,601968.SH
sh.601969,海南矿业,2014-12-09,,1,1,main,601969.SH
sh.601975,招商南油,2019-01-08,,1,1,main,601975.SH
sh.601985,中国核电,2015-06-10,,1,1,main,601985.SH
sh.601988,中国银行,2006-07-05,,1,1,main,601988.SH
sh.601989,中国重工,2009-12-16,2025-09-05,1,0,main,601989.SH
sh.601990,南京证券,2018-06-13,,1,1,main,601990.SH
sh.601991,大唐发电,2006-12-20,,1,1,main,601991.SH
sh.601992,金隅集团,2011-03-01,,1,1,main,601992.SH
sh.601995,中金公司,2020-11-02,,1,1,main,601995.SH
sh.601996,丰林集团,2011-09-29,,1,1,main,601996.SH
sh.601997,贵阳银行,2016-08-16,,1,1,main,601997.SH
sh.601998,中信银行,2007-04-27,,1,1,main,601998.SH
sh.601999,出版传媒,2007-12-21,,1,1,main,601999.SH
sh.603000,人民网,2012-04-27,,1,1,main,603000.SH
sh.603001,奥康国际,2012-04-26,,1,1,main,603001.SH
sh.603002,宏昌电子,2012-05-18,,1,1,main,603002.SH
sh.603003,退市龙宇,2012-08-17,2025-07-03,1,0,main,603003.SH
sh.603004,鼎龙科技,2023-12-27,,1,1,main,603004.SH
sh.603005,晶方科技,2014-02-10,,1,1,main,603005.SH
sh.603006,联明股份,2014-06-30,,1,1,main,603006.SH
sh.603007,顺景科技,2016-08-26,,1,1,main,603007.SH
sh.603008,ST喜临门,2012-07-17,,1,1,main,603008.SH
sh.603009,北特科技,2014-07-18,,1,1,main,603009.SH
sh.603010,万盛股份,2014-10-10,,1,1,main,603010.SH
sh.603011,合锻智能,2014-11-07,,1,1,main,603011.SH
sh.603012,创力集团,2015-03-20,,1,1,main,603012.SH
sh.603013,亚普股份,2018-05-09,,1,1,main,603013.SH
sh.603014,威高血净,2025-05-19,,1,1,main,603014.SH
sh.603015,弘讯科技,2015-03-03,,1,1,main,603015.SH
sh.603016,新宏泰,2016-07-01,,1,1,main,603016.SH
sh.603017,中衡设计,2014-12-31,,1,1,main,603017.SH
sh.603018,华设集团,2014-10-13,,1,1,main,603018.SH
sh.603019,中科曙光,2014-11-06,,1,1,main,603019.SH
sh.603020,爱普股份,2015-03-25,,1,1,main,603020.SH
sh.603021,*ST华鹏,2015-04-23,,1,1,main,603021.SH
sh.603022,新通联,2015-05-18,,1,1,main,603022.SH
sh.603023,威帝股份,2015-05-27,,1,1,main,603023.SH
sh.603025,大豪科技,2015-04-22,,1,1,main,603025.SH
sh.603026,石大胜华,2015-05-29,,1,1,main,603026.SH
sh.603027,千禾味业,2016-03-07,,1,1,main,603027.SH
sh.603028,赛福天,2016-03-31,,1,1,main,603028.SH
sh.603029,天鹅股份,2016-04-27,,1,1,main,603029.SH
sh.603030,全筑股份,2015-03-20,,1,1,main,603030.SH
sh.603031,安孚科技,2016-08-22,,1,1,main,603031.SH
sh.603032,德新科技,2017-01-05,,1,1,main,603032.SH
sh.603033,三维股份,2016-12-07,,1,1,main,603033.SH
sh.603035,常熟汽饰,2017-01-05,,1,1,main,603035.SH
sh.603036,如通股份,2016-12-09,,1,1,main,603036.SH
sh.603037,凯众股份,2017-01-20,,1,1,main,603037.SH
sh.603038,华立股份,2017-01-16,,1,1,main,603038.SH
sh.603039,泛微网络,2017-01-13,,1,1,main,603039.SH
sh.603040,新坐标,2017-02-09,,1,1,main,603040.SH
sh.603041,美思德,2017-03-30,,1,1,main,603041.SH
sh.603042,华脉科技,2017-06-02,,1,1,main,603042.SH
sh.603043,广州酒家,2017-06-27,,1,1,main,603043.SH
sh.603045,福达合金,2018-05-17,,1,1,main,603045.SH
sh.603048,浙江黎明,2021-11-16,,1,1,main,603048.SH
sh.603049,中策橡胶,2025-06-05,,1,1,main,603049.SH
sh.603050,科林电气,2017-04-14,,1,1,main,603050.SH
sh.603051,鹿山新材,2022-03-25,,1,1,main,603051.SH
sh.603052,可川科技,2022-10-11,,1,1,main,603052.SH
sh.603053,成都燃气,2019-12-17,,1,1,main,603053.SH
sh.603055,台华新材,2017-09-21,,1,1,main,603055.SH
sh.603056,德邦股份,2018-01-16,2026-03-31,1,0,main,603056.SH
sh.603057,紫燕食品,2022-09-26,,1,1,main,603057.SH
sh.603058,永吉股份,2016-12-23,,1,1,main,603058.SH
sh.603059,倍加洁,2018-03-02,,1,1,main,603059.SH
sh.603060,国检集团,2016-11-09,,1,1,main,603060.SH
sh.603061,金海通,2023-03-03,,1,1,main,603061.SH
sh.603062,麦加芯彩,2023-11-07,,1,1,main,603062.SH
sh.603063,禾望电气,2017-07-28,,1,1,main,603063.SH
sh.603065,宿迁联盛,2023-03-21,,1,1,main,603065.SH
sh.603066,音飞储存,2015-06-11,,1,1,main,603066.SH
sh.603067,振华股份,2016-09-13,,1,1,main,603067.SH
sh.603068,博通集成,2019-04-15,,1,1,main,603068.SH
sh.603069,海汽集团,2016-07-12,,1,1,main,603069.SH
sh.603070,万控智造,2022-03-10,,1,1,main,603070.SH
sh.603071,物产环能,2021-12-16,,1,1,main,603071.SH
sh.603072,天和磁材,2025-01-03,,1,1,main,603072.SH
sh.603073,彩蝶实业,2023-03-16,,1,1,main,603073.SH
sh.603075,热威股份,2023-09-11,,1,1,main,603075.SH
sh.603076,乐惠国际,2017-11-13,,1,1,main,603076.SH
sh.603077,和邦生物,2012-07-31,,1,1,main,603077.SH
sh.603078,江化微,2017-04-10,,1,1,main,603078.SH
sh.603079,圣达生物,2017-08-23,,1,1,main,603079.SH
sh.603080,新疆火炬,2018-01-03,,1,1,main,603080.SH
sh.603081,大丰实业,2017-04-20,,1,1,main,603081.SH
sh.603082,北自科技,2024-01-30,,1,1,main,603082.SH
sh.603083,剑桥科技,2017-11-10,,1,1,main,603083.SH
sh.603085,天成自控,2015-06-30,,1,1,main,603085.SH
sh.603086,先达股份,2017-05-11,,1,1,main,603086.SH
sh.603087,甘李药业,2020-06-29,,1,1,main,603087.SH
sh.603088,宁波精达,2014-11-11,,1,1,main,603088.SH
sh.603089,正裕工业,2017-01-26,,1,1,main,603089.SH
sh.603090,宏盛股份,2016-08-31,,1,1,main,603090.SH
sh.603091,众鑫股份,2024-09-20,,1,1,main,603091.SH
sh.603092,德力佳,2025-11-07,,1,1,main,603092.SH
sh.603093,南华期货,2019-08-30,,1,1,main,603093.SH
sh.603095,越剑智能,2020-04-15,,1,1,main,603095.SH
sh.603096,新经典,2017-04-25,,1,1,main,603096.SH
sh.603097,江苏华辰,2022-05-12,,1,1,main,603097.SH
sh.603098,森特股份,2016-12-16,,1,1,main,603098.SH
sh.603099,长白山,2014-08-22,,1,1,main,603099.SH
sh.603100,川仪股份,2014-08-05,,1,1,main,603100.SH
sh.603101,汇嘉时代,2016-05-06,,1,1,main,603101.SH
sh.603102,百合股份,2022-01-25,,1,1,main,603102.SH
sh.603103,横店影视,2017-10-12,,1,1,main,603103.SH
sh.603105,芯能科技,2018-07-09,,1,1,main,603105.SH
sh.603106,恒银科技,2017-09-20,,1,1,main,603106.SH
sh.603107,上海汽配,2023-11-01,,1,1,main,603107.SH
sh.603108,润达医疗,2015-05-27,,1,1,main,603108.SH
sh.603109,神驰机电,2019-12-31,,1,1,main,603109.SH
sh.603110,东方材料,2017-10-13,,1,1,main,603110.SH
sh.603111,康尼机电,2014-08-01,,1,1,main,603111.SH
sh.603112,华翔股份,2020-09-17,,1,1,main,603112.SH
sh.603113,金能科技,2017-05-11,,1,1,main,603113.SH
sh.603115,海星股份,2019-08-09,,1,1,main,603115.SH
sh.603116,红蜻蜓,2015-06-29,,1,1,main,603116.SH
sh.603117,万林物流,2015-06-29,,1,1,main,603117.SH
sh.603118,共进股份,2015-02-25,,1,1,main,603118.SH
sh.603119,浙江荣泰,2023-08-01,,1,1,main,603119.SH
sh.603120,肯特催化,2025-04-16,,1,1,main,603120.SH
sh.603121,华培动力,2019-01-11,,1,1,main,603121.SH
sh.603122,合富中国,2022-02-16,,1,1,main,603122.SH
sh.603123,翠微股份,2012-05-03,,1,1,main,603123.SH
sh.603124,江南新材,2025-03-20,,1,1,main,603124.SH
sh.603125,常青科技,2023-04-10,,1,1,main,603125.SH
sh.603126,中材节能,2014-07-31,,1,1,main,603126.SH
sh.603127,昭衍新药,2017-08-25,,1,1,main,603127.SH
sh.603128,华贸物流,2012-05-29,,1,1,main,603128.SH
sh.603129,春风动力,2017-08-18,,1,1,main,603129.SH
sh.603130,云中马,2022-11-18,,1,1,main,603130.SH
sh.603131,上海沪工,2016-06-07,,1,1,main,603131.SH
sh.603132,金徽股份,2022-02-22,,1,1,main,603132.SH
sh.603133,退市碳元,2017-03-20,2024-07-03,1,0,main,603133.SH
sh.603135,中重科技,2023-04-10,,1,1,main,603135.SH
sh.603136,天目湖,2017-09-27,,1,1,main,603136.SH
sh.603137,恒尚节能,2023-04-19,,1,1,main,603137.SH
sh.603138,海量数据,2017-03-06,,1,1,main,603138.SH
sh.603139,康惠股份,2017-04-21,,1,1,main,603139.SH
sh.603150,万朗磁塑,2022-01-24,,1,1,main,603150.SH
sh.603151,邦基科技,2022-10-19,,1,1,main,603151.SH
sh.603153,上海建科,2023-03-13,,1,1,main,603153.SH
sh.603155,新亚强,2020-09-01,,1,1,main,603155.SH
sh.603156,养元饮品,2018-02-12,,1,1,main,603156.SH
sh.603157,退市拉夏,2017-09-25,2022-05-24,1,0,main,603157.SH
sh.603158,腾龙股份,2015-03-20,,1,1,main,603158.SH
sh.603159,上海亚虹,2016-08-12,,1,1,main,603159.SH
sh.603160,汇顶科技,2016-10-17,,1,1,main,603160.SH
sh.603161,科华控股,2018-01-05,,1,1,main,603161.SH
sh.603162,海通发展,2023-03-29,,1,1,main,603162.SH
sh.603163,圣晖集成,2022-10-13,,1,1,main,603163.SH
sh.603165,荣晟环保,2017-01-17,,1,1,main,603165.SH
sh.603166,福达股份,2014-11-27,,1,1,main,603166.SH
sh.603167,渤海轮渡,2012-09-06,,1,1,main,603167.SH
sh.603168,莎普爱思,2014-07-02,,1,1,main,603168.SH
sh.603169,兰石重装,2014-10-09,,1,1,main,603169.SH
sh.603170,宝立食品,2022-07-15,,1,1,main,603170.SH
sh.603171,税友股份,2021-06-30,,1,1,main,603171.SH
sh.603172,万丰股份,2023-05-10,,1,1,main,603172.SH
sh.603173,福斯达,2023-01-30,,1,1,main,603173.SH
sh.603175,超颖电子,2025-10-24,,1,1,main,603175.SH
sh.603176,汇通集团,2021-12-31,,1,1,main,603176.SH
sh.603177,德创环保,2017-02-07,,1,1,main,603177.SH
sh.603178,圣龙股份,2017-03-28,,1,1,main,603178.SH
sh.603179,新泉股份,2017-03-17,,1,1,main,603179.SH
sh.603180,金牌家居,2017-05-12,,1,1,main,603180.SH
sh.603181,皇马科技,2017-08-24,,1,1,main,603181.SH
sh.603182,嘉华股份,2022-09-09,,1,1,main,603182.SH
sh.603183,建研院,2017-09-05,,1,1,main,603183.SH
sh.603185,弘元绿能,2018-12-28,,1,1,main,603185.SH
sh.603186,华正新材,2017-01-03,,1,1,main,603186.SH
sh.603187,海容冷链,2018-11-29,,1,1,main,603187.SH
sh.603188,亚邦股份,2014-09-09,,1,1,main,603188.SH
sh.603189,*ST网达,2016-09-14,,1,1,main,603189.SH
sh.603190,亚通精工,2023-02-17,,1,1,main,603190.SH
sh.603191,望变电气,2022-04-28,,1,1,main,603191.SH
sh.603192,汇得科技,2018-08-28,,1,1,main,603192.SH
sh.603193,润本股份,2023-10-17,,1,1,main,603193.SH
sh.603194,中力股份,2024-12-24,,1,1,main,603194.SH
sh.603195,公牛集团,2020-02-06,,1,1,main,603195.SH
sh.603196,璞源材料,2017-05-31,,1,1,main,603196.SH
sh.603197,保隆科技,2017-05-19,,1,1,main,603197.SH
sh.603198,迎驾贡酒,2015-05-28,,1,1,main,603198.SH
sh.603199,九华旅游,2015-03-26,,1,1,main,603199.SH
sh.603200,上海洗霸,2017-06-01,,1,1,main,603200.SH
sh.603201,常润股份,2022-07-29,,1,1,main,603201.SH
sh.603202,天有为,2025-04-24,,1,1,main,603202.SH
sh.603203,快克智能,2016-11-08,,1,1,main,603203.SH
sh.603205,健尔康,2024-11-07,,1,1,main,603205.SH
sh.603206,嘉环科技,2022-05-06,,1,1,main,603206.SH
sh.603207,小方制药,2024-08-26,,1,1,main,603207.SH
sh.603208,江山欧派,2017-02-10,,1,1,main,603208.SH
sh.603209,兴通股份,2022-03-24,,1,1,main,603209.SH
sh.603210,泰鸿万立,2025-04-09,,1,1,main,603210.SH
sh.603211,晋拓股份,2022-07-25,,1,1,main,603211.SH
sh.603212,赛伍技术,2020-04-30,,1,1,main,603212.SH
sh.603213,镇洋发展,2021-11-11,,1,1,main,603213.SH
sh.603214,爱婴室,2018-03-30,,1,1,main,603214.SH
sh.603215,比依股份,2022-02-18,,1,1,main,603215.SH
sh.603216,梦天家居,2021-12-15,,1,1,main,603216.SH
sh.603217,元利科技,2019-06-20,,1,1,main,603217.SH
sh.603218,日月股份,2016-12-28,,1,1,main,603218.SH
sh.603219,富佳股份,2021-11-22,,1,1,main,603219.SH
sh.603220,中贝通信,2018-11-15,,1,1,main,603220.SH
sh.603221,爱丽家居,2020-03-23,,1,1,main,603221.SH
sh.603222,济民健康,2015-02-17,,1,1,main,603222.SH
sh.603223,恒通股份,2015-06-30,,1,1,main,603223.SH
sh.603225,新凤鸣,2017-04-18,,1,1,main,603225.SH
sh.603226,菲林格尔,2017-06-15,,1,1,main,603226.SH
sh.603227,雪峰科技,2015-05-15,,1,1,main,603227.SH
sh.603228,景旺电子,2017-01-06,,1,1,main,603228.SH
sh.603229,奥翔药业,2017-05-09,,1,1,main,603229.SH
sh.603230,内蒙新华,2021-12-24,,1,1,main,603230.SH
sh.603231,索宝蛋白,2023-12-15,,1,1,main,603231.SH
sh.603232,格尔软件,2017-04-21,,1,1,main,603232.SH
sh.603233,大参林,2017-07-31,,1,1,main,603233.SH
sh.603235,天新药业,2022-07-12,,1,1,main,603235.SH
sh.603236,移远通信,2019-07-16,,1,1,main,603236.SH
sh.603237,五芳斋,2022-08-31,,1,1,main,603237.SH
sh.603238,诺邦股份,2017-02-22,,1,1,main,603238.SH
sh.603239,浙江仙通,2016-12-30,,1,1,main,603239.SH
sh.603248,锡华科技,2025-12-23,,1,1,main,603248.SH
sh.603255,鼎际得,2022-08-18,,1,1,main,603255.SH
sh.603256,宏和科技,2019-07-19,,1,1,main,603256.SH
sh.603257,中国瑞林,2025-04-08,,1,1,main,603257.SH
sh.603258,电魂网络,2016-10-26,,1,1,main,603258.SH
sh.603259,药明康德,2018-05-08,,1,1,main,603259.SH
sh.603260,合盛硅业,2017-10-30,,1,1,main,603260.SH
sh.603261,立航科技,2022-03-15,,1,1,main,603261.SH
sh.603262,技源集团,2025-07-23,,1,1,main,603262.SH
sh.603266,天龙股份,2017-01-10,,1,1,main,603266.SH
sh.603267,鸿远电子,2019-05-15,,1,1,main,603267.SH
sh.603268,松发股份,2015-03-19,,1,1,main,603268.SH
sh.603269,海鸥股份,2017-05-17,,1,1,main,603269.SH
sh.603270,金帝股份,2023-09-01,,1,1,main,603270.SH
sh.603271,永杰新材,2025-03-11,,1,1,main,603271.SH
sh.603272,*ST联翔,2022-05-20,,1,1,main,603272.SH
sh.603273,天元智能,2023-10-23,,1,1,main,603273.SH
sh.603275,众辰科技,2023-08-23,,1,1,main,603275.SH
sh.603276,恒兴新材,2023-09-25,,1,1,main,603276.SH
sh.603277,银都股份,2017-09-11,,1,1,main,603277.SH
sh.603278,大业股份,2017-11-13,,1,1,main,603278.SH
sh.603279,景津装备,2019-07-29,,1,1,main,603279.SH
sh.603280,南方路机,2022-11-08,,1,1,main,603280.SH
sh.603281,江瀚新材,2023-01-31,,1,1,main,603281.SH
sh.603282,亚光股份,2023-03-15,,1,1,main,603282.SH
sh.603283,赛腾股份,2017-12-25,,1,1,main,603283.SH
sh.603284,林平发展,2026-02-10,,1,1,main,603284.SH
sh.603285,键邦股份,2024-07-05,,1,1,main,603285.SH
sh.603286,日盈电子,2017-06-27,,1,1,main,603286.SH
sh.603288,海天味业,2014-02-11,,1,1,main,603288.SH
sh.603289,泰瑞机器,2017-10-31,,1,1,main,603289.SH
sh.603290,斯达半导,2020-02-04,,1,1,main,603290.SH
sh.603291,联合水务,2023-03-27,,1,1,main,603291.SH
sh.603293,埃泰克,2026-04-16,,1,1,main,603293.SH
sh.603296,华勤技术,2023-08-08,,1,1,main,603296.SH
sh.603297,永新光学,2018-09-10,,1,1,main,603297.SH
sh.603298,杭叉集团,2016-12-27,,1,1,main,603298.SH
sh.603299,苏盐井神,2015-12-31,,1,1,main,603299.SH
sh.603300,海南华铁,2015-05-29,,1,1,main,603300.SH
sh.603301,振德医疗,2018-04-12,,1,1,main,603301.SH
sh.603303,得邦照明,2017-03-30,,1,1,main,603303.SH
sh.603305,旭升集团,2017-07-10,,1,1,main,603305.SH
sh.603306,华懋科技,2014-09-26,,1,1,main,603306.SH
sh.603307,扬州金泉,2023-02-16,,1,1,main,603307.SH
sh.603308,应流股份,2014-01-22,,1,1,main,603308.SH
sh.603309,维力医疗,2015-03-02,,1,1,main,603309.SH
sh.603310,巍华新材,2024-08-14,,1,1,main,603310.SH
sh.603311,金海高科,2015-05-18,,1,1,main,603311.SH
sh.603312,西典新能,2024-01-11,,1,1,main,603312.SH
sh.603313,梦百合,2016-10-13,,1,1,main,603313.SH
sh.603315,福鞍股份,2015-04-24,,1,1,main,603315.SH
sh.603316,诚邦股份,2017-06-19,,1,1,main,603316.SH
sh.603317,天味食品,2019-04-16,,1,1,main,603317.SH
sh.603318,水发燃气,2015-04-24,,1,1,main,603318.SH
sh.603319,美湖股份,2016-11-30,,1,1,main,603319.SH
sh.603320,迪贝电气,2017-05-02,,1,1,main,603320.SH
sh.603321,梅轮电梯,2017-09-15,,1,1,main,603321.SH
sh.603322,超讯科技,2016-07-28,,1,1,main,603322.SH
sh.603323,苏农银行,2016-11-29,,1,1,main,603323.SH
sh.603324,盛剑科技,2021-04-07,,1,1,main,603324.SH
sh.603325,博隆技术,2024-01-10,,1,1,main,603325.SH
sh.603326,我乐家居,2017-06-16,,1,1,main,603326.SH
sh.603327,福蓉科技,2019-05-23,,1,1,main,603327.SH
sh.603328,依顿电子,2014-07-01,,1,1,main,603328.SH
sh.603329,上海雅仕,2017-12-29,,1,1,main,603329.SH
sh.603330,天洋新材,2017-02-13,,1,1,main,603330.SH
sh.603331,百达精工,2017-07-05,,1,1,main,603331.SH
sh.603332,苏州龙杰,2019-01-17,,1,1,main,603332.SH
sh.603333,福华尚纬,2012-05-07,,1,1,main,603333.SH
sh.603334,丰倍生物,2025-11-05,,1,1,main,603334.SH
sh.603335,迪生力,2017-06-20,,1,1,main,603335.SH
sh.603336,宏辉果蔬,2016-11-24,,1,1,main,603336.SH
sh.603337,杰克科技,2017-01-19,,1,1,main,603337.SH
sh.603338,浙江鼎力,2015-03-25,,1,1,main,603338.SH
sh.603339,四方科技,2016-05-19,,1,1,main,603339.SH
sh.603341,龙旗科技,2024-03-01,,1,1,main,603341.SH
sh.603344,星德胜,2024-03-20,,1,1,main,603344.SH
sh.603345,安井食品,2017-02-22,,1,1,main,603345.SH
sh.603348,文灿股份,2018-04-26,,1,1,main,603348.SH
sh.603350,安乃达,2024-07-03,,1,1,main,603350.SH
sh.603351,威尔药业,2019-01-30,,1,1,main,603351.SH
sh.603352,至信股份,2026-01-15,,1,1,main,603352.SH
sh.603353,和顺石油,2020-04-07,,1,1,main,603353.SH
sh.603355,莱克电气,2015-05-13,,1,1,main,603355.SH
sh.603356,华菱精工,2018-01-24,,1,1,main,603356.SH
sh.603357,设计总院,2017-08-01,,1,1,main,603357.SH
sh.603358,华达科技,2017-01-25,,1,1,main,603358.SH
sh.603359,*ST东珠,2017-09-01,,1,1,main,603359.SH
sh.603360,百傲化学,2017-02-06,,1,1,main,603360.SH
sh.603363,傲农生物,2017-09-26,,1,1,main,603363.SH
sh.603365,水星家纺,2017-11-20,,1,1,main,603365.SH
sh.603366,日出东方,2012-05-21,,1,1,main,603366.SH
sh.603367,辰欣药业,2017-09-29,,1,1,main,603367.SH
sh.603368,柳药集团,2014-12-04,,1,1,main,603368.SH
sh.603369,今世缘,2014-07-03,,1,1,main,603369.SH
sh.603370,华新精科,2025-09-05,,1,1,main,603370.SH
sh.603373,安邦护卫,2023-12-20,,1,1,main,603373.SH
sh.603375,盛景微,2024-01-24,,1,1,main,603375.SH
sh.603376,大明电子,2025-11-06,,1,1,main,603376.SH
sh.603377,ST东时,2016-02-05,,1,1,main,603377.SH
sh.603378,*ST亚士,2017-09-28,,1,1,main,603378.SH
sh.603379,三美股份,2019-04-02,,1,1,main,603379.SH
sh.603380,易德龙,2017-06-22,,1,1,main,603380.SH
sh.603381,永臻股份,2024-06-26,,1,1,main,603381.SH
sh.603382,海阳科技,2025-06-12,,1,1,main,603382.SH
sh.603383,顶点软件,2017-05-22,,1,1,main,603383.SH
sh.603385,惠达卫浴,2017-04-05,,1,1,main,603385.SH
sh.603386,骏亚科技,2017-09-12,,1,1,main,603386.SH
sh.603387,基蛋生物,2017-07-17,,1,1,main,603387.SH
sh.603388,*ST元成,2017-03-24,2025-12-05,1,0,main,603388.SH
sh.603389,亚振家居,2016-12-15,,1,1,main,603389.SH
sh.603390,通达电气,2019-11-25,,1,1,main,603390.SH
sh.603391,力聚热能,2024-07-31,,1,1,main,603391.SH
sh.603392,万泰生物,2020-04-29,,1,1,main,603392.SH
sh.603393,新天然气,2016-09-12,,1,1,main,603393.SH
sh.603395,红四方,2024-11-26,,1,1,main,603395.SH
sh.603396,金辰股份,2017-10-18,,1,1,main,603396.SH
sh.603398,*ST沐邦,2015-12-09,,1,1,main,603398.SH
sh.603399,永杉锂业,2012-08-24,,1,1,main,603399.SH
sh.603400,华之杰,2025-06-20,,1,1,main,603400.SH
sh.603402,陕西旅游,2026-01-06,,1,1,main,603402.SH
sh.603406,天富龙,2025-08-08,,1,1,main,603406.SH
sh.603407,长裕集团,2026-05-11,,1,1,main,603407.SH
sh.603408,建霖家居,2020-07-30,,1,1,main,603408.SH
sh.603409,汇通控股,2025-03-04,,1,1,main,603409.SH
sh.603416,信捷电气,2016-12-21,,1,1,main,603416.SH
sh.603418,友升股份,2025-09-23,,1,1,main,603418.SH
sh.603421,鼎信通讯,2016-10-11,,1,1,main,603421.SH
sh.603429,*ST集友,2017-01-24,,1,1,main,603429.SH
sh.603435,嘉德利,2026-05-22,,1,1,main,603435.SH
sh.603439,三力制药,2020-04-28,,1,1,main,603439.SH
sh.603444,吉比特,2017-01-04,,1,1,main,603444.SH
sh.603448,天博智能,2026-09-07,,1,1,main,603448.SH
sh.603456,九洲药业,2014-10-10,,1,1,main,603456.SH
sh.603458,勘设股份,2017-08-09,,1,1,main,603458.SH
sh.603459,红板科技,2026-04-08,,1,1,main,603459.SH
sh.603466,风语筑,2017-10-20,,1,1,main,603466.SH
sh.603468,津富士达,2026-08-06,,1,1,main,603468.SH
sh.603477,巨星农牧,2017-12-18,,1,1,main,603477.SH
sh.603486,科沃斯,2018-05-28,,1,1,main,603486.SH
sh.603488,展鹏科技,2017-05-16,,1,1,main,603488.SH
sh.603489,八方股份,2019-11-11,,1,1,main,603489.SH
sh.603496,恒为科技,2017-06-07,,1,1,main,603496.SH
sh.603499,翔港科技,2017-10-16,,1,1,main,603499.SH
sh.603500,祥和实业,2017-09-04,,1,1,main,603500.SH
sh.603501,豪威集团,2017-05-04,,1,1,main,603501.SH
sh.603505,金石资源,2017-05-03,,1,1,main,603505.SH
sh.603506,南都物业,2018-02-01,,1,1,main,603506.SH
sh.603507,振江股份,2017-11-06,,1,1,main,603507.SH
sh.603508,思维列控,2015-12-24,,1,1,main,603508.SH
sh.603511,爱慕股份,2021-05-31,,1,1,main,603511.SH
sh.603515,欧普照明,2016-08-19,,1,1,main,603515.SH
sh.603516,淳中科技,2018-02-02,,1,1,main,603516.SH
sh.603517,ST绝味,2017-03-17,,1,1,main,603517.SH
sh.603518,锦泓集团,2014-12-03,,1,1,main,603518.SH
sh.603519,立霸股份,2015-03-19,,1,1,main,603519.SH
sh.603520,司太立,2016-03-09,,1,1,main,603520.SH
sh.603527,众源新材,2017-09-07,,1,1,main,603527.SH
sh.603528,多伦科技,2016-05-03,,1,1,main,603528.SH
sh.603529,爱玛科技,2021-06-15,,1,1,main,603529.SH
sh.603530,神马电力,2019-08-05,,1,1,main,603530.SH
sh.603533,掌阅科技,2017-09-21,,1,1,main,603533.SH
sh.603535,嘉诚国际,2017-08-08,,1,1,main,603535.SH
sh.603536,惠发食品,2017-06-13,,1,1,main,603536.SH
sh.603538,美诺华,2017-04-07,,1,1,main,603538.SH
sh.603551,奥普科技,2020-01-15,,1,1,main,603551.SH
sh.603555,ST贵人,2014-01-24,2024-03-29,1,0,main,603555.SH
sh.603556,海兴电力,2016-11-10,,1,1,main,603556.SH
sh.603557,*ST起步,2017-08-18,,1,1,main,603557.SH
sh.603558,健盛集团,2015-01-27,,1,1,main,603558.SH
sh.603559,中通国脉,2016-12-02,,1,1,main,603559.SH
sh.603565,中谷物流,2020-09-25,,1,1,main,603565.SH
sh.603566,普莱柯,2015-05-18,,1,1,main,603566.SH
sh.603567,珍宝岛,2015-04-24,,1,1,main,603567.SH
sh.603568,伟明环保,2015-05-28,,1,1,main,603568.SH
sh.603569,长久物流,2016-08-10,,1,1,main,603569.SH
sh.603577,汇金通,2016-12-22,,1,1,main,603577.SH
sh.603578,三星新材,2017-03-06,,1,1,main,603578.SH
sh.603579,荣泰健康,2017-01-11,,1,1,main,603579.SH
sh.603580,艾艾精工,2017-05-25,,1,1,main,603580.SH
sh.603583,捷昌驱动,2018-09-21,,1,1,main,603583.SH
sh.603585,苏利股份,2016-12-14,,1,1,main,603585.SH
sh.603586,金麒麟,2017-04-06,,1,1,main,603586.SH
sh.603587,地素时尚,2018-06-22,,1,1,main,603587.SH
sh.603588,高能环境,2014-12-29,,1,1,main,603588.SH
sh.603589,口子窖,2015-06-29,,1,1,main,603589.SH
sh.603590,康辰药业,2018-08-27,,1,1,main,603590.SH
sh.603595,ST东尼,2017-07-12,,1,1,main,603595.SH
sh.603596,伯特利,2018-04-27,,1,1,main,603596.SH
sh.603598,引力传媒,2015-05-27,,1,1,main,603598.SH
sh.603599,广信股份,2015-05-13,,1,1,main,603599.SH
sh.603600,永艺股份,2015-01-23,,1,1,main,603600.SH
sh.603601,再升科技,2015-01-22,,1,1,main,603601.SH
sh.603602,纵横通信,2017-08-10,,1,1,main,603602.SH
sh.603603,退市博天,2017-02-17,2024-04-25,1,0,main,603603.SH
sh.603605,珀莱雅,2017-11-15,,1,1,main,603605.SH
sh.603606,东方电缆,2014-10-15,,1,1,main,603606.SH
sh.603607,京华激光,2017-10-25,,1,1,main,603607.SH
sh.603608,天创时尚,2016-02-18,,1,1,main,603608.SH
sh.603609,禾丰股份,2014-08-08,,1,1,main,603609.SH
sh.603610,麒盛科技,2019-10-29,,1,1,main,603610.SH
sh.603611,诺力股份,2015-01-28,,1,1,main,603611.SH
sh.603612,索通发展,2017-07-18,,1,1,main,603612.SH
sh.603613,国联股份,2019-07-30,,1,1,main,603613.SH
sh.603615,茶花股份,2017-02-13,,1,1,main,603615.SH
sh.603616,韩建河山,2015-06-11,,1,1,main,603616.SH
sh.603617,君禾股份,2017-07-03,,1,1,main,603617.SH
sh.603618,杭电股份,2015-02-17,,1,1,main,603618.SH
sh.603619,中曼石油,2017-11-17,,1,1,main,603619.SH
sh.603626,科森科技,2017-02-09,,1,1,main,603626.SH
sh.603628,清源股份,2017-01-12,,1,1,main,603628.SH
sh.603629,利通电子,2018-12-24,,1,1,main,603629.SH
sh.603630,拉芳家化,2017-03-13,,1,1,main,603630.SH
sh.603633,徕木股份,2016-11-17,,1,1,main,603633.SH
sh.603636,南威软件,2014-12-30,,1,1,main,603636.SH
sh.603637,镇海股份,2017-02-08,,1,1,main,603637.SH
sh.603638,艾迪精密,2017-01-20,,1,1,main,603638.SH
sh.603639,海利尔,2017-01-12,,1,1,main,603639.SH
sh.603648,畅联股份,2017-09-13,,1,1,main,603648.SH
sh.603650,彤程新材,2018-06-27,,1,1,main,603650.SH
sh.603655,朗博科技,2017-12-29,,1,1,main,603655.SH
sh.603656,泰禾智能,2017-03-21,,1,1,main,603656.SH
sh.603657,春光科技,2018-07-30,,1,1,main,603657.SH
sh.603658,安图生物,2016-09-01,,1,1,main,603658.SH
sh.603659,璞泰来,2017-11-03,,1,1,main,603659.SH
sh.603660,苏州科达,2016-12-01,,1,1,main,603660.SH
sh.603661,恒林股份,2017-11-21,,1,1,main,603661.SH
sh.603662,柯力传感,2019-08-06,,1,1,main,603662.SH
sh.603663,三祥新材,2016-08-01,,1,1,main,603663.SH
sh.603665,康隆达,2017-03-13,,1,1,main,603665.SH
sh.603666,亿嘉和,2018-06-12,,1,1,main,603666.SH
sh.603667,五洲新春,2016-10-25,,1,1,main,603667.SH
sh.603668,天马科技,2017-01-17,,1,1,main,603668.SH
sh.603669,灵康药业,2015-05-28,,1,1,main,603669.SH
sh.603676,卫信康,2017-07-21,,1,1,main,603676.SH
sh.603677,奇精机械,2017-02-06,,1,1,main,603677.SH
sh.603678,火炬电子,2015-01-26,,1,1,main,603678.SH
sh.603679,华体科技,2017-06-21,,1,1,main,603679.SH
sh.603680,今创集团,2018-02-27,,1,1,main,603680.SH
sh.603681,永冠新材,2019-03-26,,1,1,main,603681.SH
sh.603682,锦和商管,2020-04-21,,1,1,main,603682.SH
sh.603683,晶华新材,2017-10-20,,1,1,main,603683.SH
sh.603685,晨丰科技,2017-11-27,,1,1,main,603685.SH
sh.603686,福龙马,2015-01-26,,1,1,main,603686.SH
sh.603687,大胜达,2019-07-26,,1,1,main,603687.SH
sh.603688,石英股份,2014-10-31,,1,1,main,603688.SH
sh.603689,皖天然气,2017-01-10,,1,1,main,603689.SH
sh.603690,至纯科技,2017-01-13,,1,1,main,603690.SH
sh.603693,江苏新能,2018-07-03,,1,1,main,603693.SH
sh.603696,安记食品,2015-12-09,,1,1,main,603696.SH
sh.603697,有友食品,2019-05-08,,1,1,main,603697.SH
sh.603698,航天工程,2015-01-28,,1,1,main,603698.SH
sh.603699,纽威股份,2014-01-17,,1,1,main,603699.SH
sh.603700,宁水集团,2019-01-22,,1,1,main,603700.SH
sh.603701,德宏股份,2016-04-12,,1,1,main,603701.SH
sh.603703,盛洋科技,2015-04-23,,1,1,main,603703.SH
sh.603706,东方环宇,2018-07-09,,1,1,main,603706.SH
sh.603707,健友股份,2017-07-19,,1,1,main,603707.SH
sh.603708,家家悦,2016-12-13,,1,1,main,603708.SH
sh.603709,中源家居,2018-02-08,,1,1,main,603709.SH
sh.603711,香飘飘,2017-11-30,,1,1,main,603711.SH
sh.603712,七一二,2018-02-26,,1,1,main,603712.SH
sh.603713,密尔克卫,2018-07-13,,1,1,main,603713.SH
sh.603716,塞力医疗,2016-10-31,,1,1,main,603716.SH
sh.603717,天域生物,2017-03-27,,1,1,main,603717.SH
sh.603718,*ST海利,2015-05-15,,1,1,main,603718.SH
sh.603719,良品铺子,2020-02-24,,1,1,main,603719.SH
sh.603721,中广天择,2017-08-11,,1,1,main,603721.SH
sh.603722,阿科力,2017-10-25,,1,1,main,603722.SH
sh.603725,天安新材,2017-09-06,,1,1,main,603725.SH
sh.603726,朗迪集团,2016-04-21,,1,1,main,603726.SH
sh.603727,博迈科,2016-11-22,,1,1,main,603727.SH
sh.603728,鸣志电器,2017-05-09,,1,1,main,603728.SH
sh.603729,ST龙韵,2015-03-24,,1,1,main,603729.SH
sh.603730,岱美股份,2017-07-28,,1,1,main,603730.SH
sh.603733,仙鹤股份,2018-04-20,,1,1,main,603733.SH
sh.603737,三棵树,2016-06-03,,1,1,main,603737.SH
sh.603738,泰晶科技,2016-09-28,,1,1,main,603738.SH
sh.603739,蔚蓝生物,2019-01-16,,1,1,main,603739.SH
sh.603755,日辰股份,2019-08-28,,1,1,main,603755.SH
sh.603757,大元泵业,2017-07-11,,1,1,main,603757.SH
sh.603758,秦安股份,2017-05-17,,1,1,main,603758.SH
sh.603759,海天股份,2021-03-26,,1,1,main,603759.SH
sh.603766,隆鑫通用,2012-08-10,,1,1,main,603766.SH
sh.603767,中马传动,2017-06-13,,1,1,main,603767.SH
sh.603768,常青股份,2017-03-24,,1,1,main,603768.SH
sh.603773,沃格光电,2018-04-17,,1,1,main,603773.SH
sh.603776,永安行,2017-08-17,,1,1,main,603776.SH
sh.603777,来伊份,2016-10-12,,1,1,main,603777.SH
sh.603778,国晟科技,2015-12-31,,1,1,main,603778.SH
sh.603779,威龙股份,2016-05-16,,1,1,main,603779.SH
sh.603786,科博达,2019-10-15,,1,1,main,603786.SH
sh.603787,新日股份,2017-04-27,,1,1,main,603787.SH
sh.603788,宁波高发,2015-01-20,,1,1,main,603788.SH
sh.603789,ST星农,2015-04-27,,1,1,main,603789.SH
sh.603790,雅运股份,2018-09-12,,1,1,main,603790.SH
sh.603797,联泰环保,2017-04-13,,1,1,main,603797.SH
sh.603798,康普顿,2016-04-06,,1,1,main,603798.SH
sh.603799,华友钴业,2015-01-29,,1,1,main,603799.SH
sh.603800,洪田股份,2015-12-10,,1,1,main,603800.SH
sh.603801,志邦家居,2017-06-30,,1,1,main,603801.SH
sh.603803,瑞斯康达,2017-04-20,,1,1,main,603803.SH
sh.603806,福斯特,2014-09-05,,1,1,main,603806.SH
sh.603808,歌力思,2015-04-22,,1,1,main,603808.SH
sh.603809,豪能股份,2017-11-28,,1,1,main,603809.SH
sh.603810,丰山集团,2018-09-17,,1,1,main,603810.SH
sh.603811,诚意药业,2017-03-15,,1,1,main,603811.SH
sh.603813,原尚股份,2017-09-18,,1,1,main,603813.SH
sh.603815,交建股份,2019-10-21,,1,1,main,603815.SH
sh.603816,顾家家居,2016-10-14,,1,1,main,603816.SH
sh.603817,海峡环保,2017-02-20,,1,1,main,603817.SH
sh.603818,曲美家居,2015-04-22,,1,1,main,603818.SH
sh.603819,神力股份,2016-11-25,,1,1,main,603819.SH
sh.603822,ST嘉澳,2016-04-28,,1,1,main,603822.SH
sh.603823,百合花,2016-12-20,,1,1,main,603823.SH
sh.603825,ST华扬,2017-08-02,,1,1,main,603825.SH
sh.603826,坤彩科技,2017-04-14,,1,1,main,603826.SH
sh.603828,*ST利达,2015-02-26,,1,1,main,603828.SH
sh.603829,洛凯股份,2017-10-17,,1,1,main,603829.SH
sh.603833,欧派家居,2017-03-28,,1,1,main,603833.SH
sh.603836,海程邦达,2021-05-26,,1,1,main,603836.SH
sh.603838,*ST四通,2015-07-01,,1,1,main,603838.SH
sh.603839,安正时尚,2017-02-14,,1,1,main,603839.SH
sh.603843,*ST正平,2016-09-05,,1,1,main,603843.SH
sh.603848,好太太,2017-12-01,,1,1,main,603848.SH
sh.603855,华荣股份,2017-05-24,,1,1,main,603855.SH
sh.603856,东宏股份,2017-11-06,,1,1,main,603856.SH
sh.603858,步长制药,2016-11-18,,1,1,main,603858.SH
sh.603859,能科科技,2016-10-21,,1,1,main,603859.SH
sh.603860,中公高科,2017-08-02,,1,1,main,603860.SH
sh.603861,白云电器,2016-03-22,,1,1,main,603861.SH
sh.603863,松炀资源,2019-06-21,,1,1,main,603863.SH
sh.603866,桃李面包,2015-12-22,,1,1,main,603866.SH
sh.603867,新化股份,2019-06-27,,1,1,main,603867.SH
sh.603868,飞科电器,2016-04-18,,1,1,main,603868.SH
sh.603869,ST智知,2015-03-26,,1,1,main,603869.SH
sh.603871,嘉友国际,2018-02-06,,1,1,main,603871.SH
sh.603876,鼎胜新材,2018-04-18,,1,1,main,603876.SH
sh.603877,太平鸟,2017-01-09,,1,1,main,603877.SH
sh.603878,武进不锈,2016-12-19,,1,1,main,603878.SH
sh.603879,永悦科技,2017-06-14,,1,1,main,603879.SH
sh.603880,南卫股份,2017-08-07,,1,1,main,603880.SH
sh.603881,数据港,2017-02-08,,1,1,main,603881.SH
sh.603882,金域医学,2017-09-08,,1,1,main,603882.SH
sh.603883,老百姓,2015-04-23,,1,1,main,603883.SH
sh.603885,吉祥航空,2015-05-27,,1,1,main,603885.SH
sh.603886,元祖股份,2016-12-28,,1,1,main,603886.SH
sh.603887,城地香江,2016-10-10,,1,1,main,603887.SH
sh.603888,新华网,2016-10-28,,1,1,main,603888.SH
sh.603889,新澳股份,2014-12-31,,1,1,main,603889.SH
sh.603890,春秋电子,2017-12-12,,1,1,main,603890.SH
sh.603893,瑞芯微,2020-02-07,,1,1,main,603893.SH
sh.603895,天永智能,2018-01-22,,1,1,main,603895.SH
sh.603896,寿仙谷,2017-05-10,,1,1,main,603896.SH
sh.603897,长城科技,2018-04-10,,1,1,main,603897.SH
sh.603898,好莱客,2015-02-17,,1,1,main,603898.SH
sh.603899,晨光股份,2015-01-27,,1,1,main,603899.SH
sh.603900,莱绅通灵,2016-11-23,,1,1,main,603900.SH
sh.603901,永创智能,2015-05-29,,1,1,main,603901.SH
sh.603903,中持股份,2017-03-14,,1,1,main,603903.SH
sh.603906,龙蟠科技,2017-04-10,,1,1,main,603906.SH
sh.603908,牧高笛,2017-03-07,,1,1,main,603908.SH
sh.603909,建发合诚,2016-06-28,,1,1,main,603909.SH
sh.603912,佳力图,2017-11-01,,1,1,main,603912.SH
sh.603915,国茂股份,2019-06-14,,1,1,main,603915.SH
sh.603916,苏博特,2017-11-10,,1,1,main,603916.SH
sh.603917,合力科技,2017-12-04,,1,1,main,603917.SH
sh.603918,金桥信息,2015-05-28,,1,1,main,603918.SH
sh.603919,金徽酒,2016-03-10,,1,1,main,603919.SH
sh.603920,世运电路,2017-04-26,,1,1,main,603920.SH
sh.603922,ST金鸿顺,2017-10-23,,1,1,main,603922.SH
sh.603926,铁流股份,2017-05-10,,1,1,main,603926.SH
sh.603927,中科软,2019-09-09,,1,1,main,603927.SH
sh.603928,兴业股份,2016-12-12,,1,1,main,603928.SH
sh.603929,亚翔集成,2016-12-30,,1,1,main,603929.SH
sh.603931,格林达,2020-08-19,,1,1,main,603931.SH
sh.603933,睿能科技,2017-07-06,,1,1,main,603933.SH
sh.603936,博敏电子,2015-12-09,,1,1,main,603936.SH
sh.603937,丽岛新材,2017-11-02,,1,1,main,603937.SH
sh.603938,三孚股份,2017-06-28,,1,1,main,603938.SH
sh.603939,益丰药房,2015-02-17,,1,1,main,603939.SH
sh.603948,建业股份,2020-03-02,,1,1,main,603948.SH
sh.603949,雪龙集团,2020-03-10,,1,1,main,603949.SH
sh.603950,长源东谷,2020-05-26,,1,1,main,603950.SH
sh.603955,大千生态,2017-03-10,,1,1,main,603955.SH
sh.603956,威派格,2019-02-22,,1,1,main,603956.SH
sh.603958,哈森股份,2016-06-29,,1,1,main,603958.SH
sh.603959,ST百利,2016-05-17,,1,1,main,603959.SH
sh.603960,克来机电,2017-03-14,,1,1,main,603960.SH
sh.603963,*ST大药,2017-09-22,2025-03-21,1,0,main,603963.SH
sh.603966,法兰泰克,2017-01-25,,1,1,main,603966.SH
sh.603967,中创物流,2019-04-29,,1,1,main,603967.SH
sh.603968,醋化股份,2015-05-18,,1,1,main,603968.SH
sh.603969,银龙股份,2015-02-27,,1,1,main,603969.SH
sh.603970,中农立华,2017-11-16,,1,1,main,603970.SH
sh.603976,正川股份,2017-08-22,,1,1,main,603976.SH
sh.603977,国泰集团,2016-11-11,,1,1,main,603977.SH
sh.603978,深圳新星,2017-08-07,,1,1,main,603978.SH
sh.603979,金诚信,2015-06-30,,1,1,main,603979.SH
sh.603980,吉华集团,2017-06-15,,1,1,main,603980.SH
sh.603982,泉峰汽车,2019-05-22,,1,1,main,603982.SH
sh.603983,丸美生物,2019-07-25,,1,1,main,603983.SH
sh.603985,恒润股份,2017-05-05,,1,1,main,603985.SH
sh.603986,兆易创新,2016-08-18,,1,1,main,603986.SH
sh.603987,康德莱,2016-11-21,,1,1,main,603987.SH
sh.603988,中电电机,2014-11-04,,1,1,main,603988.SH
sh.603989,艾华集团,2015-05-15,,1,1,main,603989.SH
sh.603990,麦迪科技,2016-12-08,,1,1,main,603990.SH
sh.603991,领先股份,2017-03-08,,1,1,main,603991.SH
sh.603992,松霖科技,2019-08-26,,1,1,main,603992.SH
sh.603993,洛阳钼业,2012-10-09,,1,1,main,603993.SH
sh.603995,甬金股份,2019-12-24,,1,1,main,603995.SH
sh.603996,退市中新,2015-12-22,2022-05-24,1,0,main,603996.SH
sh.603997,继峰股份,2015-03-02,,1,1,main,603997.SH
sh.603998,方盛制药,2014-12-05,,1,1,main,603998.SH
sh.603999,读者传媒,2015-12-10,,1,1,main,603999.SH
sh.605001,威奥股份,2020-05-22,,1,1,main,605001.SH
sh.605003,众望布艺,2020-09-08,,1,1,main,605003.SH
sh.605005,合兴股份,2021-01-19,,1,1,main,605005.SH
sh.605006,山东玻纤,2020-09-03,,1,1,main,605006.SH
sh.605007,五洲特纸,2020-11-10,,1,1,main,605007.SH
sh.605008,长鸿高科,2020-08-21,,1,1,main,605008.SH
sh.605009,豪悦护理,2020-09-11,,1,1,main,605009.SH
sh.605011,杭州热电,2021-06-30,,1,1,main,605011.SH
sh.605016,百龙创园,2021-04-21,,1,1,main,605016.SH
sh.605018,长华集团,2020-09-29,,1,1,main,605018.SH
sh.605020,永和股份,2021-07-09,,1,1,main,605020.SH
sh.605028,世茂能源,2021-07-12,,1,1,main,605028.SH
sh.605033,美邦股份,2021-09-16,,1,1,main,605033.SH
sh.605050,福然德,2020-09-24,,1,1,main,605050.SH
sh.605055,迎丰股份,2021-01-29,,1,1,main,605055.SH
sh.605056,咸亨国际,2021-07-20,,1,1,main,605056.SH
sh.605058,澳弘电子,2020-10-21,,1,1,main,605058.SH
sh.605060,联德股份,2021-03-01,,1,1,main,605060.SH
sh.605066,天正电气,2020-08-07,,1,1,main,605066.SH
sh.605068,明新旭腾,2020-11-23,,1,1,main,605068.SH
sh.605069,正和生态,2021-08-16,,1,1,main,605069.SH
sh.605077,华康股份,2021-02-09,,1,1,main,605077.SH
sh.605080,浙江自然,2021-05-06,,1,1,main,605080.SH
sh.605081,退市太和,2021-02-09,2026-07-03,1,0,main,605081.SH
sh.605086,龙高股份,2021-04-16,,1,1,main,605086.SH
sh.605088,冠盛股份,2020-08-17,,1,1,main,605088.SH
sh.605089,味知香,2021-04-27,,1,1,main,605089.SH
sh.605090,九丰能源,2021-05-25,,1,1,main,605090.SH
sh.605098,行动教育,2021-04-21,,1,1,main,605098.SH
sh.605099,共创草坪,2020-09-30,,1,1,main,605099.SH
sh.605100,华丰股份,2020-08-11,,1,1,main,605100.SH
sh.605108,同庆楼,2020-07-16,,1,1,main,605108.SH
sh.605111,新洁能,2020-09-28,,1,1,main,605111.SH
sh.605116,奥锐特,2020-09-21,,1,1,main,605116.SH
sh.605117,德业股份,2021-04-20,,1,1,main,605117.SH
sh.605118,力鼎光电,2020-07-30,,1,1,main,605118.SH
sh.605122,四方新材,2021-03-10,,1,1,main,605122.SH
sh.605123,派克新材,2020-08-25,,1,1,main,605123.SH
sh.605128,上海沿浦,2020-09-15,,1,1,main,605128.SH
sh.605133,嵘泰股份,2021-02-24,,1,1,main,605133.SH
sh.605136,丽人丽妆,2020-09-29,,1,1,main,605136.SH
sh.605138,盛泰集团,2021-10-27,,1,1,main,605138.SH
sh.605151,西上海,2020-12-15,,1,1,main,605151.SH
sh.605155,西大门,2020-12-31,,1,1,main,605155.SH
sh.605158,华达新材,2020-08-05,,1,1,main,605158.SH
sh.605162,新中港,2021-07-07,,1,1,main,605162.SH
sh.605166,聚合顺,2020-06-18,,1,1,main,605166.SH
sh.605167,利柏特,2021-07-26,,1,1,main,605167.SH
sh.605168,三人行,2020-05-28,,1,1,main,605168.SH
sh.605169,洪通燃气,2020-10-30,,1,1,main,605169.SH
sh.605177,东亚药业,2020-11-25,,1,1,main,605177.SH
sh.605178,时空科技,2020-08-21,,1,1,main,605178.SH
sh.605179,一鸣食品,2020-12-28,,1,1,main,605179.SH
sh.605180,华生科技,2021-04-30,,1,1,main,605180.SH
sh.605183,确成股份,2020-12-07,,1,1,main,605183.SH
sh.605186,健麾信息,2020-12-22,,1,1,main,605186.SH
sh.605188,国光连锁,2020-07-28,,1,1,main,605188.SH
sh.605189,富春染织,2021-05-28,,1,1,main,605189.SH
sh.605196,华通线缆,2021-05-11,,1,1,main,605196.SH
sh.605198,安德利,2020-09-18,,1,1,main,605198.SH
sh.605199,ST葫芦娃,2020-07-10,,1,1,main,605199.SH
sh.605208,永茂泰,2021-03-08,,1,1,main,605208.SH
sh.605218,伟时电子,2020-09-28,,1,1,main,605218.SH
sh.605222,起帆电缆,2020-07-31,,1,1,main,605222.SH
sh.605228,神通科技,2021-01-20,,1,1,main,605228.SH
sh.605255,天普股份,2020-08-25,,1,1,main,605255.SH
sh.605258,协和电子,2020-12-03,,1,1,main,605258.SH
sh.605259,绿田机械,2021-06-15,,1,1,main,605259.SH
sh.605266,健之佳,2020-12-01,,1,1,main,605266.SH
sh.605268,王力安防,2021-02-24,,1,1,main,605268.SH
sh.605277,新亚电子,2021-01-06,,1,1,main,605277.SH
sh.605286,同力天启,2021-03-22,,1,1,main,605286.SH
sh.605287,德才股份,2021-07-06,,1,1,main,605287.SH
sh.605288,凯迪股份,2020-06-01,,1,1,main,605288.SH
sh.605289,罗曼股份,2021-04-26,,1,1,main,605289.SH
sh.605296,神农集团,2021-05-28,,1,1,main,605296.SH
sh.605298,必得科技,2021-03-01,,1,1,main,605298.SH
sh.605299,舒华体育,2020-12-15,,1,1,main,605299.SH
sh.605300,佳禾食品,2021-04-30,,1,1,main,605300.SH
sh.605303,园林股份,2021-03-01,,1,1,main,605303.SH
sh.605305,中际联合,2021-05-06,,1,1,main,605305.SH
sh.605318,法狮龙,2020-08-03,,1,1,main,605318.SH
sh.605319,无锡振华,2021-06-07,,1,1,main,605319.SH
sh.605333,沪光股份,2020-08-18,,1,1,main,605333.SH
sh.605336,*ST帅电,2020-10-19,,1,1,main,605336.SH
sh.605337,李子园,2021-02-08,,1,1,main,605337.SH
sh.605338,巴比食品,2020-10-12,,1,1,main,605338.SH
sh.605339,南侨食品,2021-05-18,,1,1,main,605339.SH
sh.605358,立昂微,2020-09-11,,1,1,main,605358.SH
sh.605365,立达信,2021-07-20,,1,1,main,605365.SH
sh.605366,宏柏新材,2020-08-12,,1,1,main,605366.SH
sh.605368,蓝天燃气,2021-01-29,,1,1,main,605368.SH
sh.605369,拱东医疗,2020-09-16,,1,1,main,605369.SH
sh.605376,博迁新材,2020-12-08,,1,1,main,605376.SH
sh.605377,华旺科技,2020-12-28,,1,1,main,605377.SH
sh.605378,野马电池,2021-04-12,,1,1,main,605378.SH
sh.605388,均瑶健康,2020-08-18,,1,1,main,605388.SH
sh.605389,长龄液压,2021-03-22,,1,1,main,605389.SH
sh.605398,新炬网络,2021-01-21,,1,1,main,605398.SH
sh.605399,晨光新材,2020-08-04,,1,1,main,605399.SH
sh.605488,福莱新材,2021-05-13,,1,1,main,605488.SH
sh.605499,东鹏饮料,2021-05-27,,1,1,main,605499.SH
sh.605500,森林包装,2020-12-22,,1,1,main,605500.SH
sh.605507,国邦医药,2021-08-02,,1,1,main,605507.SH
sh.605555,德昌股份,2021-10-21,,1,1,main,605555.SH
sh.605566,福莱蒽特,2021-10-25,,1,1,main,605566.SH
sh.605567,春雪食品,2021-10-13,,1,1,main,605567.SH
sh.605577,龙版传媒,2021-08-24,,1,1,main,605577.SH
sh.605580,恒盛能源,2021-08-19,,1,1,main,605580.SH
sh.605588,冠石科技,2021-08-12,,1,1,main,605588.SH
sh.605589,圣泉集团,2021-08-10,,1,1,main,605589.SH
sh.605598,上海港湾,2021-09-17,,1,1,main,605598.SH
sh.605599,菜百股份,2021-09-09,,1,1,main,605599.SH
sh.688001,华兴源创,2019-07-22,,1,1,star,688001.SH
sh.688002,睿创微纳,2019-07-22,,1,1,star,688002.SH
sh.688003,天准科技,2019-07-22,,1,1,star,688003.SH
sh.688004,博汇科技,2020-06-12,,1,1,star,688004.SH
sh.688005,容百科技,2019-07-22,,1,1,star,688005.SH
sh.688006,杭可科技,2019-07-22,,1,1,star,688006.SH
sh.688007,光峰科技,2019-07-22,,1,1,star,688007.SH
sh.688008,澜起科技,2019-07-22,,1,1,star,688008.SH
sh.688009,中国通号,2019-07-22,,1,1,star,688009.SH
sh.688010,福光股份,2019-07-22,,1,1,star,688010.SH
sh.688011,新光光电,2019-07-22,,1,1,star,688011.SH
sh.688012,中微公司,2019-07-22,,1,1,star,688012.SH
sh.688013,天臣医疗,2020-09-28,,1,1,star,688013.SH
sh.688015,交控科技,2019-07-22,,1,1,star,688015.SH
sh.688016,心脉医疗,2019-07-22,,1,1,star,688016.SH
sh.688017,绿的谐波,2020-08-28,,1,1,star,688017.SH
sh.688018,乐鑫科技,2019-07-22,,1,1,star,688018.SH
sh.688019,安集科技,2019-07-22,,1,1,star,688019.SH
sh.688020,方邦股份,2019-07-22,,1,1,star,688020.SH
sh.688021,奥福科技,2019-11-06,,1,1,star,688021.SH
sh.688022,ST瀚川,2019-07-22,,1,1,star,688022.SH
sh.688023,安恒信息,2019-11-05,,1,1,star,688023.SH
sh.688025,杰普特,2019-10-31,,1,1,star,688025.SH
sh.688026,洁特生物,2020-01-22,,1,1,star,688026.SH
sh.688027,国盾量子,2020-07-09,,1,1,star,688027.SH
sh.688028,沃尔德,2019-07-22,,1,1,star,688028.SH
sh.688029,南微医学,2019-07-22,,1,1,star,688029.SH
sh.688030,山石网科,2019-09-30,,1,1,star,688030.SH
sh.688031,星环科技,2022-10-18,,1,1,star,688031.SH
sh.688032,禾迈股份,2021-12-20,,1,1,star,688032.SH
sh.688033,*ST天宜,2019-07-22,,1,1,star,688033.SH
sh.688035,德邦科技,2022-09-19,,1,1,star,688035.SH
sh.688036,传音控股,2019-09-30,,1,1,star,688036.SH
sh.688037,芯源微,2019-12-16,,1,1,star,688037.SH
sh.688038,中科通达,2021-07-13,,1,1,star,688038.SH
sh.688039,当虹科技,2019-12-11,,1,1,star,688039.SH
sh.688041,海光信息,2022-08-12,,1,1,star,688041.SH
sh.688045,必易微,2022-05-26,,1,1,star,688045.SH
sh.688046,药康生物,2022-04-25,,1,1,star,688046.SH
sh.688047,龙芯中科,2022-06-24,,1,1,star,688047.SH
sh.688048,长光华芯,2022-04-01,,1,1,star,688048.SH
sh.688049,炬芯科技,2021-11-29,,1,1,star,688049.SH
sh.688050,爱博医疗,2020-07-29,,1,1,star,688050.SH
sh.688051,佳华科技,2020-03-20,,1,1,star,688051.SH
sh.688052,纳芯微,2022-04-22,,1,1,star,688052.SH
sh.688053,ST思科瑞,2022-07-08,,1,1,star,688053.SH
sh.688055,龙腾光电,2020-08-17,,1,1,star,688055.SH
sh.688056,莱伯泰科,2020-09-02,,1,1,star,688056.SH
sh.688057,金达莱,2020-11-11,,1,1,star,688057.SH
sh.688058,宝兰德,2019-11-01,,1,1,star,688058.SH
sh.688059,华锐精密,2021-02-08,,1,1,star,688059.SH
sh.688060,云涌科技,2020-07-10,,1,1,star,688060.SH
sh.688061,灿瑞科技,2022-10-18,,1,1,star,688061.SH
sh.688062,迈威生物,2022-01-18,,1,1,star,688062.SH
sh.688063,派能科技,2020-12-30,,1,1,star,688063.SH
sh.688065,凯赛生物,2020-08-12,,1,1,star,688065.SH
sh.688066,*ST航图,2019-07-22,,1,1,star,688066.SH
sh.688067,爱威科技,2021-06-16,,1,1,star,688067.SH
sh.688068,热景生物,2019-09-30,,1,1,star,688068.SH
sh.688069,德林海,2020-07-22,,1,1,star,688069.SH
sh.688070,纵横股份,2021-02-10,,1,1,star,688070.SH
sh.688071,华依科技,2021-07-29,,1,1,star,688071.SH
sh.688072,拓荆科技,2022-04-20,,1,1,star,688072.SH
sh.688073,毕得医药,2022-10-11,,1,1,star,688073.SH
sh.688075,安旭生物,2021-11-18,,1,1,star,688075.SH
sh.688076,ST诺泰,2021-05-20,,1,1,star,688076.SH
sh.688077,大地熊,2020-07-22,,1,1,star,688077.SH
sh.688078,龙软科技,2019-12-30,,1,1,star,688078.SH
sh.688079,美迪凯,2021-03-02,,1,1,star,688079.SH
sh.688080,映翰通,2020-02-12,,1,1,star,688080.SH
sh.688081,兴图新科,2020-01-06,,1,1,star,688081.SH
sh.688082,盛美上海,2021-11-18,,1,1,star,688082.SH
sh.688083,中望软件,2021-03-11,,1,1,star,688083.SH
sh.688084,晶品特装,2022-12-08,,1,1,star,688084.SH
sh.688085,三友医疗,2020-04-09,,1,1,star,688085.SH
sh.688086,退市紫晶,2020-02-26,2023-07-07,1,0,star,688086.SH
sh.688087,英科再生,2021-07-09,,1,1,star,688087.SH
sh.688088,虹软科技,2019-07-22,,1,1,star,688088.SH
sh.688089,ST嘉必优,2019-12-19,,1,1,star,688089.SH
sh.688090,瑞松科技,2020-02-17,,1,1,star,688090.SH
sh.688091,上海谊众,2021-09-09,,1,1,star,688091.SH
sh.688092,爱科科技,2021-03-19,,1,1,star,688092.SH
sh.688093,世华科技,2020-09-30,,1,1,star,688093.SH
sh.688095,福昕软件,2020-09-08,,1,1,star,688095.SH
sh.688096,京源环保,2020-04-09,,1,1,star,688096.SH
sh.688097,博众精工,2021-05-12,,1,1,star,688097.SH
sh.688098,申联生物,2019-10-28,,1,1,star,688098.SH
sh.688099,晶晨股份,2019-08-08,,1,1,star,688099.SH
sh.688100,威胜信息,2020-01-21,,1,1,star,688100.SH
sh.688101,三达膜,2019-11-15,,1,1,star,688101.SH
sh.688102,斯瑞新材,2022-03-16,,1,1,star,688102.SH
sh.688103,国力电子,2021-09-10,,1,1,star,688103.SH
sh.688105,诺唯赞,2021-11-15,,1,1,star,688105.SH
sh.688106,金宏气体,2020-06-16,,1,1,star,688106.SH
sh.688107,安路科技,2021-11-12,,1,1,star,688107.SH
sh.688108,赛诺医疗,2019-10-30,,1,1,star,688108.SH
sh.688109,品茗科技,2021-03-30,,1,1,star,688109.SH
sh.688110,东芯股份,2021-12-10,,1,1,star,688110.SH
sh.688111,金山办公,2019-11-18,,1,1,star,688111.SH
sh.688112,鼎阳科技,2021-12-01,,1,1,star,688112.SH
sh.688113,联测科技,2021-05-06,,1,1,star,688113.SH
sh.688114,华大智造,2022-09-09,,1,1,star,688114.SH
sh.688115,思林杰,2022-03-14,,1,1,star,688115.SH
sh.688116,天奈科技,2019-09-25,,1,1,star,688116.SH
sh.688117,圣诺生物,2021-06-03,,1,1,star,688117.SH
sh.688118,普元信息,2019-12-04,,1,1,star,688118.SH
sh.688119,中钢洛耐,2022-06-06,,1,1,star,688119.SH
sh.688120,华海清科,2022-06-08,,1,1,star,688120.SH
sh.688121,*ST卓然,2021-09-06,,1,1,star,688121.SH
sh.688122,西部超导,2019-07-22,,1,1,star,688122.SH
sh.688123,聚辰股份,2019-12-23,,1,1,star,688123.SH
sh.688125,安达智能,2022-04-15,,1,1,star,688125.SH
sh.688126,沪硅产业,2020-04-20,,1,1,star,688126.SH
sh.688127,蓝特光学,2020-09-21,,1,1,star,688127.SH
sh.688128,中国电研,2019-11-05,,1,1,star,688128.SH
sh.688129,东来技术,2020-10-23,,1,1,star,688129.SH
sh.688130,晶华微,2022-07-29,,1,1,star,688130.SH
sh.688131,皓元医药,2021-06-08,,1,1,star,688131.SH
sh.688132,邦彦技术,2022-09-23,,1,1,star,688132.SH
sh.688133,泰坦科技,2020-10-30,,1,1,star,688133.SH
sh.688135,利扬芯片,2020-11-11,,1,1,star,688135.SH
sh.688136,科兴制药,2020-12-14,,1,1,star,688136.SH
sh.688137,近岸蛋白,2022-09-29,,1,1,star,688137.SH
sh.688138,清溢光电,2019-11-20,,1,1,star,688138.SH
sh.688139,海尔生物,2019-10-25,,1,1,star,688139.SH
sh.688141,杰华特,2022-12-23,,1,1,star,688141.SH
sh.688143,长盈通,2022-12-12,,1,1,star,688143.SH
sh.688146,中船特气,2023-04-21,,1,1,star,688146.SH
sh.688147,微导纳米,2022-12-23,,1,1,star,688147.SH
sh.688148,芳源股份,2021-08-06,,1,1,star,688148.SH
sh.688150,莱特光电,2022-03-18,,1,1,star,688150.SH
sh.688151,华强科技,2021-12-06,,1,1,star,688151.SH
sh.688152,麒麟信安,2022-10-28,,1,1,star,688152.SH
sh.688153,唯捷创芯,2022-04-12,,1,1,star,688153.SH
sh.688155,先惠技术,2020-08-11,,1,1,star,688155.SH
sh.688156,路德科技,2020-09-22,,1,1,star,688156.SH
sh.688157,松井股份,2020-06-09,,1,1,star,688157.SH
sh.688158,优刻得,2020-01-20,,1,1,star,688158.SH
sh.688159,有方科技,2020-01-23,,1,1,star,688159.SH
sh.688160,步科股份,2020-11-12,,1,1,star,688160.SH
sh.688161,威高骨科,2021-06-30,,1,1,star,688161.SH
sh.688162,巨一科技,2021-11-10,,1,1,star,688162.SH
sh.688163,赛伦生物,2022-03-11,,1,1,star,688163.SH
sh.688165,埃夫特,2020-07-15,,1,1,star,688165.SH
sh.688166,博瑞医药,2019-11-08,,1,1,star,688166.SH
sh.688167,炬光科技,2021-12-24,,1,1,star,688167.SH
sh.688168,安博通,2019-09-06,,1,1,star,688168.SH
sh.688169,石头科技,2020-02-21,,1,1,star,688169.SH
sh.688170,德龙激光,2022-04-29,,1,1,star,688170.SH
sh.688171,纬德信息,2022-01-27,,1,1,star,688171.SH
sh.688172,燕东微,2022-12-16,,1,1,star,688172.SH
sh.688173,希荻微,2022-01-21,,1,1,star,688173.SH
sh.688175,高凌信息,2022-03-15,,1,1,star,688175.SH
sh.688176,亚虹医药,2022-01-07,,1,1,star,688176.SH
sh.688177,百奥泰,2020-02-21,,1,1,star,688177.SH
sh.688178,万德斯,2020-01-14,,1,1,star,688178.SH
sh.688179,阿拉丁,2020-10-26,,1,1,star,688179.SH
sh.688180,君实生物,2020-07-15,,1,1,star,688180.SH
sh.688181,八亿时空,2020-01-06,,1,1,star,688181.SH
sh.688182,灿勤科技,2021-11-16,,1,1,star,688182.SH
sh.688183,生益电子,2021-02-25,,1,1,star,688183.SH
sh.688184,ST帕瓦,2022-09-19,,1,1,star,688184.SH
sh.688185,康希诺,2020-08-13,,1,1,star,688185.SH
sh.688186,广大特材,2020-02-11,,1,1,star,688186.SH
sh.688187,时代电气,2021-09-07,,1,1,star,688187.SH
sh.688188,柏楚电子,2019-08-08,,1,1,star,688188.SH
sh.688189,ST南新,2020-03-26,,1,1,star,688189.SH
sh.688190,云路股份,2021-11-26,,1,1,star,688190.SH
sh.688191,智洋创新,2021-04-08,,1,1,star,688191.SH
sh.688192,迪哲医药,2021-12-10,,1,1,star,688192.SH
sh.688193,仁度生物,2022-03-30,,1,1,star,688193.SH
sh.688195,腾景科技,2021-03-26,,1,1,star,688195.SH
sh.688196,卓越新能,2019-11-21,,1,1,star,688196.SH
sh.688197,首药控股,2022-03-23,,1,1,star,688197.SH
sh.688198,佰仁医疗,2019-12-09,,1,1,star,688198.SH
sh.688199,久日新材,2019-11-05,,1,1,star,688199.SH
sh.688200,华峰测控,2020-02-18,,1,1,star,688200.SH
sh.688201,ST信安,2021-04-21,,1,1,star,688201.SH
sh.688202,美迪西,2019-11-05,,1,1,star,688202.SH
sh.688203,海正生材,2022-08-16,,1,1,star,688203.SH
sh.688205,德科立,2022-08-09,,1,1,star,688205.SH
sh.688206,概伦电子,2021-12-28,,1,1,star,688206.SH
sh.688207,格灵深瞳,2022-03-17,,1,1,star,688207.SH
sh.688208,道通科技,2020-02-13,,1,1,star,688208.SH
sh.688209,英集芯,2022-04-19,,1,1,star,688209.SH
sh.688210,统联精密,2021-12-27,,1,1,star,688210.SH
sh.688211,中科微至,2021-10-26,,1,1,star,688211.SH
sh.688212,澳华内镜,2021-11-15,,1,1,star,688212.SH
sh.688213,思特威,2022-05-20,,1,1,star,688213.SH
sh.688215,瑞晟智能,2020-08-28,,1,1,star,688215.SH
sh.688216,气派科技,2021-06-23,,1,1,star,688216.SH
sh.688217,睿昂基因,2021-05-17,,1,1,star,688217.SH
sh.688218,江苏北人,2019-12-11,,1,1,star,688218.SH
sh.688219,会通股份,2020-11-18,,1,1,star,688219.SH
sh.688220,翱捷科技,2022-01-14,,1,1,star,688220.SH
sh.688221,前沿生物,2020-10-28,,1,1,star,688221.SH
sh.688222,成都先导,2020-04-16,,1,1,star,688222.SH
sh.688223,晶科能源,2022-01-26,,1,1,star,688223.SH
sh.688225,亚信安全,2022-02-09,,1,1,star,688225.SH
sh.688226,威腾电气,2021-07-07,,1,1,star,688226.SH
sh.688227,品高股份,2021-12-30,,1,1,star,688227.SH
sh.688228,开普云,2020-03-27,,1,1,star,688228.SH
sh.688229,博睿数据,2020-08-17,,1,1,star,688229.SH
sh.688230,芯导科技,2021-12-01,,1,1,star,688230.SH
sh.688231,隆达股份,2022-07-22,,1,1,star,688231.SH
sh.688232,新点软件,2021-11-17,,1,1,star,688232.SH
sh.688233,神工股份,2020-02-21,,1,1,star,688233.SH
sh.688234,天岳先进,2022-01-12,,1,1,star,688234.SH
sh.688235,百济神州,2021-12-15,,1,1,star,688235.SH
sh.688236,春立医疗,2021-12-30,,1,1,star,688236.SH
sh.688237,超卓航科,2022-07-01,,1,1,star,688237.SH
sh.688238,和元生物,2022-03-22,,1,1,star,688238.SH
sh.688239,航宇科技,2021-07-05,,1,1,star,688239.SH
sh.688244,永信至诚,2022-10-19,,1,1,star,688244.SH
sh.688246,嘉和美康,2021-12-14,,1,1,star,688246.SH
sh.688247,宣泰医药,2022-08-25,,1,1,star,688247.SH
sh.688248,南网科技,2021-12-22,,1,1,star,688248.SH
sh.688249,晶合集成,2023-05-05,,1,1,star,688249.SH
sh.688251,井松智能,2022-06-06,,1,1,star,688251.SH
sh.688252,天德钰,2022-09-27,,1,1,star,688252.SH
sh.688253,英诺特,2022-07-28,,1,1,star,688253.SH
sh.688255,凯尔达,2021-10-25,,1,1,star,688255.SH
sh.688256,寒武纪,2020-07-20,,1,1,star,688256.SH
sh.688257,新锐股份,2021-10-27,,1,1,star,688257.SH
sh.688258,卓易信息,2019-12-09,,1,1,star,688258.SH
sh.688259,创耀科技,2022-01-12,,1,1,star,688259.SH
sh.688260,昀冢科技,2021-04-06,,1,1,star,688260.SH
sh.688261,东微半导,2022-02-10,,1,1,star,688261.SH
sh.688262,国芯科技,2022-01-06,,1,1,star,688262.SH
sh.688265,南模生物,2021-12-28,,1,1,star,688265.SH
sh.688266,泽璟制药,2020-01-23,,1,1,star,688266.SH
sh.688267,中触媒,2022-02-16,,1,1,star,688267.SH
sh.688268,华特气体,2019-12-26,,1,1,star,688268.SH
sh.688269,凯立新材,2021-06-09,,1,1,star,688269.SH
sh.688270,ST臻镭,2022-01-27,,1,1,star,688270.SH
sh.688271,联影医疗,2022-08-22,,1,1,star,688271.SH
sh.688272,富吉瑞,2021-10-18,,1,1,star,688272.SH
sh.688273,麦澜德,2022-08-11,,1,1,star,688273.SH
sh.688275,万润新能,2022-09-29,,1,1,star,688275.SH
sh.688276,百克生物,2021-06-25,,1,1,star,688276.SH
sh.688277,天智航,2020-07-07,,1,1,star,688277.SH
sh.688278,特宝生物,2020-01-17,,1,1,star,688278.SH
sh.688279,峰岹科技,2022-04-20,,1,1,star,688279.SH
sh.688280,精进电动,2021-10-27,,1,1,star,688280.SH
sh.688281,华秦科技,2022-03-07,,1,1,star,688281.SH
sh.688282,理工导航,2022-03-18,,1,1,star,688282.SH
sh.688283,坤恒顺维,2022-02-15,,1,1,star,688283.SH
sh.688285,高铁电气,2021-10-20,,1,1,star,688285.SH
sh.688286,敏芯股份,2020-08-10,,1,1,star,688286.SH
sh.688287,退市观典,2022-05-25,2026-06-10,1,0,star,688287.SH
sh.688288,鸿泉技术,2019-11-06,,1,1,star,688288.SH
sh.688289,圣湘生物,2020-08-28,,1,1,star,688289.SH
sh.688290,景业智能,2022-04-29,,1,1,star,688290.SH
sh.688291,金橙子,2022-10-26,,1,1,star,688291.SH
sh.688292,浩瀚深度,2022-08-18,,1,1,star,688292.SH
sh.688293,奥浦迈,2022-09-02,,1,1,star,688293.SH
sh.688295,中复神鹰,2022-04-06,,1,1,star,688295.SH
sh.688296,和达科技,2021-07-27,,1,1,star,688296.SH
sh.688297,中无人机,2022-06-29,,1,1,star,688297.SH
sh.688298,东方生物,2020-02-05,,1,1,star,688298.SH
sh.688299,长阳科技,2019-11-06,,1,1,star,688299.SH
sh.688300,联瑞新材,2019-11-15,,1,1,star,688300.SH
sh.688301,奕瑞科技,2020-09-18,,1,1,star,688301.SH
sh.688302,海创药业,2022-04-12,,1,1,star,688302.SH
sh.688303,大全能源,2021-07-22,,1,1,star,688303.SH
sh.688305,科德数控,2021-07-09,,1,1,star,688305.SH
sh.688306,均普智能,2022-03-22,,1,1,star,688306.SH
sh.688307,中润光学,2023-02-16,,1,1,star,688307.SH
sh.688308,欧科亿,2020-12-10,,1,1,star,688308.SH
sh.688309,恒誉科技,2020-07-14,,1,1,star,688309.SH
sh.688310,迈得医疗,2019-12-03,,1,1,star,688310.SH
sh.688311,盟升电子,2020-07-31,,1,1,star,688311.SH
sh.688312,燕麦科技,2020-06-08,,1,1,star,688312.SH
sh.688313,仕佳光子,2020-08-12,,1,1,star,688313.SH
sh.688314,康拓医疗,2021-05-18,,1,1,star,688314.SH
sh.688315,诺禾致源,2021-04-13,,1,1,star,688315.SH
sh.688316,青云科技,2021-03-16,,1,1,star,688316.SH
sh.688317,之江生物,2021-01-18,,1,1,star,688317.SH
sh.688318,财富趋势,2020-04-27,,1,1,star,688318.SH
sh.688319,欧林生物,2021-06-08,,1,1,star,688319.SH
sh.688320,禾川科技,2022-04-28,,1,1,star,688320.SH
sh.688321,微芯生物,2019-08-12,,1,1,star,688321.SH
sh.688322,奥比中光,2022-07-07,,1,1,star,688322.SH
sh.688323,瑞华泰,2021-04-28,,1,1,star,688323.SH
sh.688325,赛微微电,2022-04-22,,1,1,star,688325.SH
sh.688326,经纬恒润,2022-04-19,,1,1,star,688326.SH
sh.688327,云从科技,2022-05-27,,1,1,star,688327.SH
sh.688328,深科达,2021-03-09,,1,1,star,688328.SH
sh.688329,艾隆科技,2021-03-29,,1,1,star,688329.SH
sh.688330,宏力达,2020-10-15,,1,1,star,688330.SH
sh.688331,荣昌生物,2022-03-31,,1,1,star,688331.SH
sh.688332,中科蓝讯,2022-07-15,,1,1,star,688332.SH
sh.688333,铂力特,2019-07-22,,1,1,star,688333.SH
sh.688334,西高院,2023-06-19,,1,1,star,688334.SH
sh.688335,复洁科技,2020-08-17,,1,1,star,688335.SH
sh.688336,三生国健,2020-07-22,,1,1,star,688336.SH
sh.688337,普源精电,2022-04-08,,1,1,star,688337.SH
sh.688338,赛科希德,2020-08-06,,1,1,star,688338.SH
sh.688339,亿华通,2020-08-10,,1,1,star,688339.SH
sh.688343,云天励飞,2023-04-04,,1,1,star,688343.SH
sh.688345,博力威,2021-06-11,,1,1,star,688345.SH
sh.688347,华虹宏力,2023-08-07,,1,1,star,688347.SH
sh.688348,昱能科技,2022-06-08,,1,1,star,688348.SH
sh.688349,三一重能,2022-06-22,,1,1,star,688349.SH
sh.688350,富淼科技,2021-01-28,,1,1,star,688350.SH
sh.688351,微电生理,2022-08-31,,1,1,star,688351.SH
sh.688352,颀中科技,2023-04-20,,1,1,star,688352.SH
sh.688353,华盛锂电,2022-07-13,,1,1,star,688353.SH
sh.688355,明志科技,2021-05-12,,1,1,star,688355.SH
sh.688356,键凯科技,2020-08-26,,1,1,star,688356.SH
sh.688357,建龙微纳,2019-12-04,,1,1,star,688357.SH
sh.688358,祥生医疗,2019-12-03,,1,1,star,688358.SH
sh.688359,三孚新科,2021-05-21,,1,1,star,688359.SH
sh.688360,德马科技,2020-06-02,,1,1,star,688360.SH
sh.688361,中科飞测,2023-05-19,,1,1,star,688361.SH
sh.688362,甬矽电子,2022-11-16,,1,1,star,688362.SH
sh.688363,华熙生物,2019-11-06,,1,1,star,688363.SH
sh.688365,光云科技,2020-04-29,,1,1,star,688365.SH
sh.688366,昊海生科,2019-10-30,,1,1,star,688366.SH
sh.688367,工大高科,2021-06-28,,1,1,star,688367.SH
sh.688368,晶丰明源,2019-10-14,,1,1,star,688368.SH
sh.688369,致远互联,2019-10-31,,1,1,star,688369.SH
sh.688370,丛麟科技,2022-08-25,,1,1,star,688370.SH
sh.688371,菲沃泰,2022-08-02,,1,1,star,688371.SH
sh.688372,伟测科技,2022-10-26,,1,1,star,688372.SH
sh.688373,盟科药业,2022-08-05,,1,1,star,688373.SH
sh.688375,国博电子,2022-07-22,,1,1,star,688375.SH
sh.688376,美埃科技,2022-11-18,,1,1,star,688376.SH
sh.688377,迪威尔,2020-07-08,,1,1,star,688377.SH
sh.688378,奥来德,2020-09-03,,1,1,star,688378.SH
sh.688379,华光新材,2020-08-19,,1,1,star,688379.SH
sh.688380,中微半导,2022-08-05,,1,1,star,688380.SH
sh.688381,帝奥微,2022-08-23,,1,1,star,688381.SH
sh.688382,益方生物,2022-07-25,,1,1,star,688382.SH
sh.688383,新益昌,2021-04-28,,1,1,star,688383.SH
sh.688385,复旦微电,2021-08-04,,1,1,star,688385.SH
sh.688386,泛亚微透,2020-10-16,,1,1,star,688386.SH
sh.688387,信科移动,2022-09-26,,1,1,star,688387.SH
sh.688388,嘉元科技,2019-07-22,,1,1,star,688388.SH
sh.688389,普门科技,2019-11-05,,1,1,star,688389.SH
sh.688390,固德威,2020-09-04,,1,1,star,688390.SH
sh.688391,钜泉科技,2022-09-13,,1,1,star,688391.SH
sh.688392,骄成超声,2022-09-27,,1,1,star,688392.SH
sh.688393,安必平,2020-08-20,,1,1,star,688393.SH
sh.688395,正弦电气,2021-04-29,,1,1,star,688395.SH
sh.688396,华润微,2020-02-27,,1,1,star,688396.SH
sh.688398,赛特新材,2020-02-11,,1,1,star,688398.SH
sh.688399,硕世生物,2019-12-05,,1,1,star,688399.SH
sh.688400,凌云光,2022-07-06,,1,1,star,688400.SH
sh.688401,路维光电,2022-08-17,,1,1,star,688401.SH
sh.688403,汇成股份,2022-08-18,,1,1,star,688403.SH
sh.688408,中信博,2020-08-28,,1,1,star,688408.SH
sh.688409,富创精密,2022-10-10,,1,1,star,688409.SH
sh.688410,山外山,2022-12-26,,1,1,star,688410.SH
sh.688411,海博思创,2025-01-27,,1,1,star,688411.SH
sh.688416,恒烁股份,2022-08-29,,1,1,star,688416.SH
sh.688418,震有科技,2020-07-22,,1,1,star,688418.SH
sh.688419,耐科装备,2022-11-07,,1,1,star,688419.SH
sh.688420,美腾科技,2022-12-09,,1,1,star,688420.SH
sh.688425,铁建重工,2021-06-22,,1,1,star,688425.SH
sh.688426,康为世纪,2022-10-25,,1,1,star,688426.SH
sh.688428,诺诚健华,2022-09-21,,1,1,star,688428.SH
sh.688429,时创能源,2023-06-29,,1,1,star,688429.SH
sh.688432,有研硅,2022-11-10,,1,1,star,688432.SH
sh.688433,华曙高科,2023-04-17,,1,1,star,688433.SH
sh.688435,英方软件,2023-01-19,,1,1,star,688435.SH
sh.688439,振华风光,2022-08-26,,1,1,star,688439.SH
sh.688443,智翔金泰,2023-06-20,,1,1,star,688443.SH
sh.688448,磁谷科技,2022-09-21,,1,1,star,688448.SH
sh.688449,联芸科技,2024-11-29,,1,1,star,688449.SH
sh.688450,光格科技,2023-07-24,,1,1,star,688450.SH
sh.688455,科捷智能,2022-09-15,,1,1,star,688455.SH
sh.688456,有研粉材,2021-03-17,,1,1,star,688456.SH
sh.688458,美芯晟,2023-05-22,,1,1,star,688458.SH
sh.688459,哈铁科技,2022-10-12,,1,1,star,688459.SH
sh.688466,金科环境,2020-05-08,,1,1,star,688466.SH
sh.688468,科美诊断,2021-04-09,,1,1,star,688468.SH
sh.688469,芯联集成,2023-05-10,,1,1,star,688469.SH
sh.688472,阿特斯,2023-06-09,,1,1,star,688472.SH
sh.688475,萤石网络,2022-12-28,,1,1,star,688475.SH
sh.688478,晶升股份,2023-04-24,,1,1,star,688478.SH
sh.688479,友车科技,2023-05-11,,1,1,star,688479.SH
sh.688480,赛恩斯,2022-11-25,,1,1,star,688480.SH
sh.688484,南芯科技,2023-04-07,,1,1,star,688484.SH
sh.688485,九州一轨,2023-01-18,,1,1,star,688485.SH
sh.688486,龙迅股份,2023-02-21,,1,1,star,688486.SH
sh.688488,艾迪药业,2020-07-20,,1,1,star,688488.SH
sh.688489,三未信安,2022-12-02,,1,1,star,688489.SH
sh.688496,*ST清越,2022-12-28,,1,1,star,688496.SH
sh.688498,源杰科技,2022-12-21,,1,1,star,688498.SH
sh.688499,利元亨,2021-07-01,,1,1,star,688499.SH
sh.688500,慧辰股份,2020-07-16,,1,1,star,688500.SH
sh.688501,青达环保,2021-07-16,,1,1,star,688501.SH
sh.688502,茂莱光学,2023-03-09,,1,1,star,688502.SH
sh.688503,聚和材料,2022-12-09,,1,1,star,688503.SH
sh.688505,复旦张江,2020-06-19,,1,1,star,688505.SH
sh.688506,百利天恒,2023-01-06,,1,1,star,688506.SH
sh.688507,索辰科技,2023-04-18,,1,1,star,688507.SH
sh.688508,芯朋微,2020-07-22,,1,1,star,688508.SH
sh.688509,正元地信,2021-07-30,,1,1,star,688509.SH
sh.688510,航亚科技,2020-12-16,,1,1,star,688510.SH
sh.688511,天微电子,2021-07-30,,1,1,star,688511.SH
sh.688512,慧智微,2023-05-16,,1,1,star,688512.SH
sh.688513,苑东生物,2020-09-02,,1,1,star,688513.SH
sh.688515,裕太微,2023-02-10,,1,1,star,688515.SH
sh.688516,奥特维,2020-05-21,,1,1,star,688516.SH
sh.688517,金冠电气,2021-06-18,,1,1,star,688517.SH
sh.688518,联赢激光,2020-06-22,,1,1,star,688518.SH
sh.688519,南亚新材,2020-08-18,,1,1,star,688519.SH
sh.688520,神州细胞,2020-06-22,,1,1,star,688520.SH
sh.688521,芯原股份,2020-08-18,,1,1,star,688521.SH
sh.688522,纳睿雷达,2023-03-01,,1,1,star,688522.SH
sh.688523,航天环宇,2023-06-02,,1,1,star,688523.SH
sh.688525,佰维存储,2022-12-30,,1,1,star,688525.SH
sh.688526,科前生物,2020-09-22,,1,1,star,688526.SH
sh.688528,秦川物联,2020-07-01,,1,1,star,688528.SH
sh.688529,豪森智能,2020-11-09,,1,1,star,688529.SH
sh.688530,欧莱新材,2024-05-09,,1,1,star,688530.SH
sh.688531,日联科技,2023-03-31,,1,1,star,688531.SH
sh.688533,上声电子,2021-04-19,,1,1,star,688533.SH
sh.688535,华海诚科,2023-04-04,,1,1,star,688535.SH
sh.688536,思瑞浦,2020-09-21,,1,1,star,688536.SH
sh.688538,和辉光电,2021-05-28,,1,1,star,688538.SH
sh.688539,高华科技,2023-04-18,,1,1,star,688539.SH
sh.688543,国科军工,2023-06-21,,1,1,star,688543.SH
sh.688545,兴福电子,2025-01-22,,1,1,star,688545.SH
sh.688548,广钢气体,2023-08-15,,1,1,star,688548.SH
sh.688549,中巨芯,2023-09-08,,1,1,star,688549.SH
sh.688550,瑞联新材,2020-09-02,,1,1,star,688550.SH
sh.688551,科威尔,2020-09-10,,1,1,star,688551.SH
sh.688552,航天南湖,2023-05-18,,1,1,star,688552.SH
sh.688553,汇宇制药,2021-10-26,,1,1,star,688553.SH
sh.688555,退市泽达,2020-06-23,2023-07-07,1,0,star,688555.SH
sh.688556,高测股份,2020-08-07,,1,1,star,688556.SH
sh.688557,兰剑智能,2020-12-02,,1,1,star,688557.SH
sh.688558,国盛智科,2020-06-30,,1,1,star,688558.SH
sh.688559,海目星,2020-09-09,,1,1,star,688559.SH
sh.688560,明冠新材,2020-12-24,,1,1,star,688560.SH
sh.688561,奇安信,2020-07-22,,1,1,star,688561.SH
sh.688562,航天软件,2023-05-24,,1,1,star,688562.SH
sh.688563,航材股份,2023-07-19,,1,1,star,688563.SH
sh.688565,力源科技,2021-05-13,,1,1,star,688565.SH
sh.688566,吉贝尔,2020-05-18,,1,1,star,688566.SH
sh.688567,孚能科技,2020-07-17,,1,1,star,688567.SH
sh.688568,中科星图,2020-07-08,,1,1,star,688568.SH
sh.688569,铁科轨道,2020-08-31,,1,1,star,688569.SH
sh.688570,天玛智控,2023-06-05,,1,1,star,688570.SH
sh.688571,杭华股份,2020-12-11,,1,1,star,688571.SH
sh.688573,信宇人,2023-08-17,,1,1,star,688573.SH
sh.688575,亚辉龙,2021-05-17,,1,1,star,688575.SH
sh.688576,西山科技,2023-06-06,,1,1,star,688576.SH
sh.688577,浙海德曼,2020-09-16,,1,1,star,688577.SH
sh.688578,艾力斯,2020-12-02,,1,1,star,688578.SH
sh.688579,地纬智能,2020-07-17,,1,1,star,688579.SH
sh.688580,伟思医疗,2020-07-21,,1,1,star,688580.SH
sh.688581,安杰思,2023-05-19,,1,1,star,688581.SH
sh.688582,芯动联科,2023-06-30,,1,1,star,688582.SH
sh.688583,思看科技,2025-01-15,,1,1,star,688583.SH
sh.688584,上海合晶,2024-02-08,,1,1,star,688584.SH
sh.688585,上纬新材,2020-09-28,,1,1,star,688585.SH
sh.688586,江航装备,2020-07-31,,1,1,star,688586.SH
sh.688588,凌志软件,2020-05-11,,1,1,star,688588.SH
sh.688589,力合微,2020-07-22,,1,1,star,688589.SH
sh.688590,新致软件,2020-12-07,,1,1,star,688590.SH
sh.688591,泰凌微,2023-08-25,,1,1,star,688591.SH
sh.688592,司南导航,2023-08-16,,1,1,star,688592.SH
sh.688593,新相微,2023-06-01,,1,1,star,688593.SH
sh.688595,芯海科技,2020-09-28,,1,1,star,688595.SH
sh.688596,正帆科技,2020-08-20,,1,1,star,688596.SH
sh.688597,煜邦电力,2021-06-17,,1,1,star,688597.SH
sh.688598,金博股份,2020-05-18,,1,1,star,688598.SH
sh.688599,天合光能,2020-06-10,,1,1,star,688599.SH
sh.688600,皖仪科技,2020-07-03,,1,1,star,688600.SH
sh.688601,力芯微,2021-06-28,,1,1,star,688601.SH
sh.688602,康鹏科技,2023-07-20,,1,1,star,688602.SH
sh.688603,天承科技,2023-07-10,,1,1,star,688603.SH
sh.688605,先锋精科,2024-12-12,,1,1,star,688605.SH
sh.688606,奥泰生物,2021-03-25,,1,1,star,688606.SH
sh.688607,康众科技,2021-02-01,,1,1,star,688607.SH
sh.688608,恒玄科技,2020-12-16,,1,1,star,688608.SH
sh.688609,九联科技,2021-03-23,,1,1,star,688609.SH
sh.688610,埃科光电,2023-07-19,,1,1,star,688610.SH
sh.688611,杭州柯林,2021-04-12,,1,1,star,688611.SH
sh.688612,威迈斯,2023-07-26,,1,1,star,688612.SH
sh.688613,奥精医疗,2021-05-21,,1,1,star,688613.SH
sh.688615,合合信息,2024-09-26,,1,1,star,688615.SH
sh.688616,西力科技,2021-03-18,,1,1,star,688616.SH
sh.688617,惠泰医疗,2021-01-07,,1,1,star,688617.SH
sh.688618,三旺通信,2020-12-30,,1,1,star,688618.SH
sh.688619,罗普特,2021-02-23,,1,1,star,688619.SH
sh.688620,安凯微,2023-06-27,,1,1,star,688620.SH
sh.688621,阳光诺和,2021-06-21,,1,1,star,688621.SH
sh.688622,*ST禾信,2021-09-13,,1,1,star,688622.SH
sh.688623,双元科技,2023-06-08,,1,1,star,688623.SH
sh.688625,呈和科技,2021-06-07,,1,1,star,688625.SH
sh.688626,翔宇医疗,2021-03-31,,1,1,star,688626.SH
sh.688627,精智达,2023-07-18,,1,1,star,688627.SH
sh.688628,优利德,2021-02-01,,1,1,star,688628.SH
sh.688629,华丰科技,2023-06-27,,1,1,star,688629.SH
sh.688630,芯碁微装,2021-04-01,,1,1,star,688630.SH
sh.688631,莱斯信息,2023-06-28,,1,1,star,688631.SH
sh.688633,星球石墨,2021-03-24,,1,1,star,688633.SH
sh.688635,长进光子,2026-05-27,,1,1,star,688635.SH
sh.688636,智明达,2021-04-08,,1,1,star,688636.SH
sh.688638,誉辰智能,2023-07-12,,1,1,star,688638.SH
sh.688639,华恒生物,2021-04-22,,1,1,star,688639.SH
sh.688646,逸飞激光,2023-07-28,,1,1,star,688646.SH
sh.688648,中邮科技,2023-11-13,,1,1,star,688648.SH
sh.688651,盛邦安全,2023-07-26,,1,1,star,688651.SH
sh.688652,京仪装备,2023-11-29,,1,1,star,688652.SH
sh.688653,康希通信,2023-11-17,,1,1,star,688653.SH
sh.688655,迅捷兴,2021-05-11,,1,1,star,688655.SH
sh.688656,浩欧博,2021-01-13,,1,1,star,688656.SH
sh.688657,浩辰软件,2023-10-10,,1,1,star,688657.SH
sh.688658,悦康药业,2020-12-24,,1,1,star,688658.SH
sh.688659,元琛科技,2021-03-31,,1,1,star,688659.SH
sh.688660,电气风电,2021-05-19,,1,1,star,688660.SH
sh.688661,和林微纳,2021-03-29,,1,1,star,688661.SH
sh.688662,富信科技,2021-04-01,,1,1,star,688662.SH
sh.688663,新风光,2021-04-13,,1,1,star,688663.SH
sh.688665,四方光电,2021-02-09,,1,1,star,688665.SH
sh.688667,菱电电控,2021-03-12,,1,1,star,688667.SH
sh.688668,鼎通科技,2020-12-21,,1,1,star,688668.SH
sh.688669,聚石化学,2021-01-25,,1,1,star,688669.SH
sh.688670,金迪克,2021-08-02,,1,1,star,688670.SH
sh.688671,碧兴物联,2023-08-09,,1,1,star,688671.SH
sh.688676,金盘科技,2021-03-09,,1,1,star,688676.SH
sh.688677,海泰新光,2021-02-26,,1,1,star,688677.SH
sh.688678,福立旺,2020-12-23,,1,1,star,688678.SH
sh.688679,通源环境,2020-12-25,,1,1,star,688679.SH
sh.688680,海优新材,2021-01-22,,1,1,star,688680.SH
sh.688681,科汇股份,2021-06-16,,1,1,star,688681.SH
sh.688682,霍莱沃,2021-04-20,,1,1,star,688682.SH
sh.688683,莱尔科技,2021-04-12,,1,1,star,688683.SH
sh.688685,迈信林,2021-05-13,,1,1,star,688685.SH
sh.688686,奥普特,2020-12-31,,1,1,star,688686.SH
sh.688687,凯因科技,2021-02-08,,1,1,star,688687.SH
sh.688689,银河微电,2021-01-27,,1,1,star,688689.SH
sh.688690,纳微科技,2021-06-23,,1,1,star,688690.SH
sh.688691,灿芯股份,2024-04-11,,1,1,star,688691.SH
sh.688692,达梦数据,2024-06-12,,1,1,star,688692.SH
sh.688693,锴威特,2023-08-18,,1,1,star,688693.SH
sh.688695,中创股份,2024-03-13,,1,1,star,688695.SH
sh.688696,极米科技,2021-03-03,,1,1,star,688696.SH
sh.688697,纽威数控,2021-09-17,,1,1,star,688697.SH
sh.688698,伟创电气,2020-12-29,,1,1,star,688698.SH
sh.688699,明微电子,2020-12-18,,1,1,star,688699.SH
sh.688700,东威科技,2021-06-15,,1,1,star,688700.SH
sh.688701,卓锦股份,2021-09-16,,1,1,star,688701.SH
sh.688702,盛科通信,2023-09-14,,1,1,star,688702.SH
sh.688707,振华新材,2021-09-14,,1,1,star,688707.SH
sh.688708,佳驰科技,2024-12-05,,1,1,star,688708.SH
sh.688709,成都华微,2024-02-07,,1,1,star,688709.SH
sh.688710,益诺思,2024-09-03,,1,1,star,688710.SH
sh.688711,宏微科技,2021-09-01,,1,1,star,688711.SH
sh.688712,北芯生命,2026-02-05,,1,1,star,688712.SH
sh.688716,中研股份,2023-09-20,,1,1,star,688716.SH
sh.688717,艾罗能源,2024-01-03,,1,1,star,688717.SH
sh.688718,唯赛勃,2021-07-28,,1,1,star,688718.SH
sh.688719,爱科赛博,2023-09-28,,1,1,star,688719.SH
sh.688720,艾森股份,2023-12-06,,1,1,star,688720.SH
sh.688721,龙图光罩,2024-08-06,,1,1,star,688721.SH
sh.688722,同益中,2021-10-19,,1,1,star,688722.SH
sh.688726,拉普拉斯,2024-10-29,,1,1,star,688726.SH
sh.688727,恒坤新材,2025-11-18,,1,1,star,688727.SH
sh.688728,格科微,2021-08-18,,1,1,star,688728.SH
sh.688729,屹唐股份,2025-07-08,,1,1,star,688729.SH
sh.688733,壹石通,2021-08-17,,1,1,star,688733.SH
sh.688737,中自科技,2021-10-22,,1,1,star,688737.SH
sh.688739,成大生物,2021-10-28,,1,1,star,688739.SH
sh.688750,金天钛业,2024-11-20,,1,1,star,688750.SH
sh.688755,汉邦科技,2025-05-16,,1,1,star,688755.SH
sh.688757,胜科纳米,2025-03-25,,1,1,star,688757.SH
sh.688758,赛分科技,2025-01-10,,1,1,star,688758.SH
sh.688759,必贝特,2025-10-28,,1,1,star,688759.SH
sh.688765,禾元生物,2025-10-28,,1,1,star,688765.SH
sh.688766,普冉股份,2021-08-23,,1,1,star,688766.SH
sh.688767,博拓生物,2021-09-08,,1,1,star,688767.SH
sh.688768,容知日新,2021-07-26,,1,1,star,688768.SH
sh.688772,珠海冠宇,2021-10-15,,1,1,star,688772.SH
sh.688775,影石创新,2025-06-11,,1,1,star,688775.SH
sh.688776,国光电气,2021-08-31,,1,1,star,688776.SH
sh.688777,中控技术,2020-11-24,,1,1,star,688777.SH
sh.688778,厦钨新能,2021-08-05,,1,1,star,688778.SH
sh.688779,五矿新能,2021-08-11,,1,1,star,688779.SH
sh.688781,视涯科技,2026-03-25,,1,1,star,688781.SH
sh.688783,西安奕材,2025-10-28,,1,1,star,688783.SH
sh.688785,恒运昌,2026-01-28,,1,1,star,688785.SH
sh.688786,悦安新材,2021-08-26,,1,1,star,688786.SH
sh.688787,海天瑞声,2021-08-13,,1,1,star,688787.SH
sh.688788,科思科技,2020-10-22,,1,1,star,688788.SH
sh.688789,宏华数科,2021-07-08,,1,1,star,688789.SH
sh.688790,昂瑞微,2025-12-16,,1,1,star,688790.SH
sh.688793,倍轻松,2021-07-15,,1,1,star,688793.SH
sh.688795,摩尔线程,2025-12-05,,1,1,star,688795.SH
sh.688796,百奥赛图,2025-12-10,,1,1,star,688796.SH
sh.688797,臻宝科技,2026-06-24,,1,1,star,688797.SH
sh.688798,艾为电子,2021-08-16,,1,1,star,688798.SH
sh.688799,华纳药厂,2021-07-13,,1,1,star,688799.SH
sh.688800,瑞可达,2021-07-22,,1,1,star,688800.SH
sh.688801,燧原科技,2026-09-11,,1,1,star,688801.SH
sh.688802,沐曦股份,2025-12-17,,1,1,star,688802.SH
sh.688805,健信超导,2025-12-24,,1,1,star,688805.SH
sh.688806,泰诺麦博,2026-07-21,,1,1,star,688806.SH
sh.688807,优迅股份,2025-12-19,,1,1,star,688807.SH
sh.688808,联讯仪器,2026-04-24,,1,1,star,688808.SH
sh.688809,强一股份,2025-12-30,,1,1,star,688809.SH
sh.688811,有研复材,2026-04-10,,1,1,star,688811.SH
sh.688813,泰金新能,2026-03-31,,1,1,star,688813.SH
sh.688816,易思维,2026-02-11,,1,1,star,688816.SH
sh.688818,电科蓝天,2026-02-10,,1,1,star,688818.SH
sh.688819,天能股份,2021-01-18,,1,1,star,688819.SH
sh.688820,盛合晶微,2026-04-21,,1,1,star,688820.SH
sh.688825,长鑫科技,2026-07-27,,1,1,star,688825.SH
sh.688826,频准激光,2026-08-18,,1,1,star,688826.SH
sh.688828,国仪公司,2026-08-11,,1,1,star,688828.SH
sh.688835,高凯技术,2026-08-25,,1,1,star,688835.SH
sh.688836,宇树科技,2026-08-19,,1,1,star,688836.SH
sh.688837,信诺维,2026-09-16,,1,1,star,688837.SH
sh.688981,中芯国际,2020-07-16,,1,1,star,688981.SH
sh.689009,九号公司,2020-10-29,,1,1,star,689009.SH
sz.000001,平安银行,1991-04-03,,1,1,main,000001.SZ
sz.000002,万科A,1991-01-29,,1,1,main,000002.SZ
sz.000004,国华退,1991-01-14,2026-07-14,1,0,main,000004.SZ
sz.000005,ST星源,1990-12-10,2024-04-26,1,0,main,000005.SZ
sz.000006,深振业A,1992-04-27,,1,1,main,000006.SZ
sz.000007,全新好,1992-04-13,,1,1,main,000007.SZ
sz.000008,神州高铁,1992-05-07,,1,1,main,000008.SZ
sz.000009,中国宝安,1991-06-25,,1,1,main,000009.SZ
sz.000010,*ST美丽,1995-10-27,,1,1,main,000010.SZ
sz.000011,深物业A,1992-03-30,,1,1,main,000011.SZ
sz.000012,南玻A,1992-02-28,,1,1,main,000012.SZ
sz.000014,沙河股份,1992-06-02,,1,1,main,000014.SZ
sz.000016,*ST康佳A,1992-03-27,,1,1,main,000016.SZ
sz.000017,深中华A,1992-03-31,,1,1,main,000017.SZ
sz.000018,神城A退,1992-06-16,2020-01-07,1,0,main,000018.SZ
sz.000019,深粮控股,1992-10-12,,1,1,main,000019.SZ
sz.000020,深华发A,1992-04-28,,1,1,main,000020.SZ
sz.000021,深科技,1994-02-02,,1,1,main,000021.SZ
sz.000022,深赤湾A,1993-05-05,2018-12-26,1,0,main,000022.SZ
sz.000023,*ST深天,1993-04-29,2024-09-02,1,0,main,000023.SZ
sz.000025,特力A,1993-06-21,,1,1,main,000025.SZ
sz.000026,飞亚达,1993-06-03,,1,1,main,000026.SZ
sz.000027,深圳能源,1993-09-03,,1,1,main,000027.SZ
sz.000028,国药一致,1993-08-09,,1,1,main,000028.SZ
sz.000029,深深房A,1993-09-15,,1,1,main,000029.SZ
sz.000030,富奥股份,1993-09-29,,1,1,main,000030.SZ
sz.000031,大悦城,1993-10-08,,1,1,main,000031.SZ
sz.000032,深桑达A,1993-10-28,,1,1,main,000032.SZ
sz.000034,神州数码,1994-05-09,,1,1,main,000034.SZ
sz.000035,中国天楹,1994-04-08,,1,1,main,000035.SZ
sz.000036,华联控股,1994-06-17,,1,1,main,000036.SZ
sz.000037,深南电A,1994-07-01,,1,1,main,000037.SZ
sz.000038,大通退,1994-08-08,2023-07-12,1,0,main,000038.SZ
sz.000039,中集集团,1994-04-08,,1,1,main,000039.SZ
sz.000040,*ST旭蓝,1994-08-08,2025-04-30,1,0,main,000040.SZ
sz.000042,中洲控股,1994-09-21,,1,1,main,000042.SZ
sz.000043,中航善达,1994-09-28,2019-12-16,1,0,main,000043.SZ
sz.000045,深纺织A,1994-08-15,,1,1,main,000045.SZ
sz.000046,*ST泛海,1994-09-12,2024-02-07,1,0,main,000046.SZ
sz.000048,京基智农,1994-11-01,,1,1,main,000048.SZ
sz.000049,德赛电池,1995-03-20,,1,1,main,000049.SZ
sz.000050,深天马A,1995-03-15,,1,1,main,000050.SZ
sz.000055,方大集团,1996-04-15,,1,1,main,000055.SZ
sz.000056,*ST皇庭,1996-07-08,,1,1,main,000056.SZ
sz.000058,深赛格,1996-12-26,,1,1,main,000058.SZ
sz.000059,华锦股份,1997-01-30,,1,1,main,000059.SZ
sz.000060,中金岭南,1997-01-23,,1,1,main,000060.SZ
sz.000061,农产品,1997-01-10,,1,1,main,000061.SZ
sz.000062,深圳华强,1997-01-30,,1,1,main,000062.SZ
sz.000063,中兴通讯,1997-11-18,,1,1,main,000063.SZ
sz.000065,北方国际,1998-06-05,,1,1,main,000065.SZ
sz.000066,中国长城,1997-06-26,,1,1,main,000066.SZ
sz.000068,华控赛格,1997-06-11,,1,1,main,000068.SZ
sz.000069,华侨城A,1997-09-10,,1,1,main,000069.SZ
sz.000070,特发信息,2000-05-11,,1,1,main,000070.SZ
sz.000078,ST海王,1998-12-18,,1,1,main,000078.SZ
sz.000088,盐田港,1997-07-28,,1,1,main,000088.SZ
sz.000089,深圳机场,1998-04-20,,1,1,main,000089.SZ
sz.000090,天健集团,1999-07-21,,1,1,main,000090.SZ
sz.000096,广聚能源,2000-07-24,,1,1,main,000096.SZ
sz.000099,中信海直,2000-07-31,,1,1,main,000099.SZ
sz.000100,TCL科技,2004-01-30,,1,1,main,000100.SZ
sz.000150,*ST宜康,2000-08-07,2023-06-09,1,0,main,000150.SZ
sz.000151,中成股份,2000-09-06,,1,1,main,000151.SZ
sz.000153,丰原药业,2000-09-20,,1,1,main,000153.SZ
sz.000155,川能动力,2000-09-26,,1,1,main,000155.SZ
sz.000156,华数传媒,2000-09-06,,1,1,main,000156.SZ
sz.000157,中联重科,2000-10-12,,1,1,main,000157.SZ
sz.000158,常山北明,2000-07-24,,1,1,main,000158.SZ
sz.000159,国际实业,2000-09-26,,1,1,main,000159.SZ
sz.000166,申万宏源,2015-01-26,,1,1,main,000166.SZ
sz.000301,东方盛虹,2000-05-29,,1,1,main,000301.SZ
sz.000333,美的集团,2013-09-18,,1,1,main,000333.SZ
sz.000338,潍柴动力,2007-04-30,,1,1,main,000338.SZ
sz.000400,许继电气,1997-04-18,,1,1,main,000400.SZ
sz.000401,金隅冀东,1996-06-14,,1,1,main,000401.SZ
sz.000402,金融街,1996-06-26,,1,1,main,000402.SZ
sz.000403,派林生物,1996-06-28,,1,1,main,000403.SZ
sz.000404,长虹华意,1996-06-19,,1,1,main,000404.SZ
sz.000407,胜利股份,1996-07-03,,1,1,main,000407.SZ
sz.000408,藏格矿业,1996-06-28,,1,1,main,000408.SZ
sz.000409,云鼎科技,1996-06-27,,1,1,main,000409.SZ
sz.000410,沈阳机床,1996-07-18,,1,1,main,000410.SZ
sz.000411,英特集团,1996-07-16,,1,1,main,000411.SZ
sz.000413,ST旭电,1996-09-25,2024-10-11,1,0,main,000413.SZ
sz.000415,渤海租赁,1996-07-16,,1,1,main,000415.SZ
sz.000416,*ST民控,1996-07-19,2024-06-05,1,0,main,000416.SZ
sz.000417,合百集团,1996-08-12,,1,1,main,000417.SZ
sz.000418,小天鹅A,1997-03-28,2019-06-21,1,0,main,000418.SZ
sz.000419,通程控股,1996-08-16,,1,1,main,000419.SZ
sz.000420,吉林化纤,1996-08-02,,1,1,main,000420.SZ
sz.000421,南京公用,1996-08-06,,1,1,main,000421.SZ
sz.000422,湖北宜化,1996-08-15,,1,1,main,000422.SZ
sz.000423,东阿阿胶,1996-07-29,,1,1,main,000423.SZ
sz.000425,徐工机械,1996-08-28,,1,1,main,000425.SZ
sz.000426,兴业银锡,1996-08-28,,1,1,main,000426.SZ
sz.000428,华天酒店,1996-08-08,,1,1,main,000428.SZ
sz.000429,粤高速A,1998-02-20,,1,1,main,000429.SZ
sz.000430,张家界,1996-08-29,,1,1,main,000430.SZ
sz.000488,ST晨鸣,2000-11-20,,1,1,main,000488.SZ
sz.000498,山东路桥,1997-06-09,,1,1,main,000498.SZ
sz.000501,武商集团,1992-11-20,,1,1,main,000501.SZ
sz.000502,绿景退,1992-11-23,2022-06-27,1,0,main,000502.SZ
sz.000503,国新健康,1992-11-30,,1,1,main,000503.SZ
sz.000504,南华生物,1992-12-08,,1,1,main,000504.SZ
sz.000505,京粮控股,1992-12-21,,1,1,main,000505.SZ
sz.000506,招金黄金,1993-03-12,,1,1,main,000506.SZ
sz.000507,珠海港,1993-03-26,,1,1,main,000507.SZ
sz.000509,华塑控股,1993-05-07,,1,1,main,000509.SZ
sz.000510,新金路,1993-05-07,,1,1,main,000510.SZ
sz.000511,烯碳退,1993-05-18,2018-07-18,1,0,main,000511.SZ
sz.000513,丽珠集团,1993-10-28,,1,1,main,000513.SZ
sz.000514,渝开发,1993-07-12,,1,1,main,000514.SZ
sz.000516,国际医学,1993-08-09,,1,1,main,000516.SZ
sz.000517,荣安地产,1993-08-06,,1,1,main,000517.SZ
sz.000518,四环生物,1993-09-08,,1,1,main,000518.SZ
sz.000519,中兵红箭,1993-10-08,,1,1,main,000519.SZ
sz.000520,凤凰航运,1993-10-25,,1,1,main,000520.SZ
sz.000521,长虹美菱,1993-10-18,,1,1,main,000521.SZ
sz.000523,红棉股份,1993-11-08,,1,1,main,000523.SZ
sz.000524,岭南控股,1993-11-18,,1,1,main,000524.SZ
sz.000525,红太阳,1993-10-28,,1,1,main,000525.SZ
sz.000526,学大教育,1993-11-01,,1,1,main,000526.SZ
sz.000528,柳工,1993-11-18,,1,1,main,000528.SZ
sz.000529,广弘控股,1993-11-18,,1,1,main,000529.SZ
sz.000530,冰山冷热,1993-12-08,,1,1,main,000530.SZ
sz.000531,穗恒运A,1994-01-06,,1,1,main,000531.SZ
sz.000532,华金资本,1994-01-03,,1,1,main,000532.SZ
sz.000533,顺钠股份,1994-01-03,,1,1,main,000533.SZ
sz.000534,万泽股份,1994-01-10,,1,1,main,000534.SZ
sz.000536,华映科技,1993-11-26,,1,1,main,000536.SZ
sz.000537,绿发电力,1993-12-10,,1,1,main,000537.SZ
sz.000538,云南白药,1993-12-15,,1,1,main,000538.SZ
sz.000539,粤电力A,1993-11-26,,1,1,main,000539.SZ
sz.000540,*ST中天,1994-02-02,2023-06-30,1,0,main,000540.SZ
sz.000541,佛山照明,1993-11-23,,1,1,main,000541.SZ
sz.000543,皖能电力,1993-12-20,,1,1,main,000543.SZ
sz.000544,中原环保,1993-12-08,,1,1,main,000544.SZ
sz.000545,金浦钛业,1993-12-15,,1,1,main,000545.SZ
sz.000546,金圆股份,1993-12-15,,1,1,main,000546.SZ
sz.000547,航天发展,1993-11-30,,1,1,main,000547.SZ
sz.000548,湖南投资,1993-12-20,,1,1,main,000548.SZ
sz.000550,江铃汽车,1993-12-01,,1,1,main,000550.SZ
sz.000551,创元科技,1994-01-06,,1,1,main,000551.SZ
sz.000552,甘肃能化,1994-01-06,,1,1,main,000552.SZ
sz.000553,安道麦A,1993-12-03,,1,1,main,000553.SZ
sz.000554,泰山石油,1993-12-15,,1,1,main,000554.SZ
sz.000555,神州信息,1994-04-08,,1,1,main,000555.SZ
sz.000557,西部创业,1994-06-17,,1,1,main,000557.SZ
sz.000558,天府文旅,1994-05-09,,1,1,main,000558.SZ
sz.000559,万向钱潮,1994-01-10,,1,1,main,000559.SZ
sz.000560,我爱我家,1994-02-02,,1,1,main,000560.SZ
sz.000561,烽火电子,1994-05-09,,1,1,main,000561.SZ
sz.000563,陕国投A,1994-01-10,,1,1,main,000563.SZ
sz.000564,供销大集,1994-01-10,,1,1,main,000564.SZ
sz.000565,渝三峡A,1994-04-08,,1,1,main,000565.SZ
sz.000566,海南海药,1994-05-25,,1,1,main,000566.SZ
sz.000567,海德股份,1994-05-25,,1,1,main,000567.SZ
sz.000568,泸州老窖,1994-05-09,,1,1,main,000568.SZ
sz.000570,苏常柴A,1994-07-01,,1,1,main,000570.SZ
sz.000571,新大洲A,1994-05-25,,1,1,main,000571.SZ
sz.000572,海马汽车,1994-08-08,,1,1,main,000572.SZ
sz.000573,粤宏远A,1994-08-15,,1,1,main,000573.SZ
sz.000576,甘化科工,1994-09-07,,1,1,main,000576.SZ
sz.000581,威孚高科,1998-09-24,,1,1,main,000581.SZ
sz.000582,北部湾港,1995-11-02,,1,1,main,000582.SZ
sz.000584,工智退,1995-11-28,2025-07-11,1,0,main,000584.SZ
sz.000585,东电退,1995-12-13,2022-05-24,1,0,main,000585.SZ
sz.000586,汇源通信,1995-12-20,,1,1,main,000586.SZ
sz.000587,*ST金洲,1996-04-25,2023-04-03,1,0,main,000587.SZ
sz.000589,贵州轮胎,1996-03-08,,1,1,main,000589.SZ
sz.000590,古汉医药,1996-01-19,,1,1,main,000590.SZ
sz.000591,太阳能,1996-02-08,,1,1,main,000591.SZ
sz.000592,平潭发展,1996-03-27,,1,1,main,000592.SZ
sz.000593,德龙汇能,1996-03-12,,1,1,main,000593.SZ
sz.000595,新能股份,1996-04-19,,1,1,main,000595.SZ
sz.000596,古井贡酒,1996-09-27,,1,1,main,000596.SZ
sz.000597,东北制药,1996-05-23,,1,1,main,000597.SZ
sz.000598,兴蓉环境,1996-05-29,,1,1,main,000598.SZ
sz.000599,青岛双星,1996-04-30,,1,1,main,000599.SZ
sz.000600,建投能源,1996-06-06,,1,1,main,000600.SZ
sz.000601,韶能股份,1996-08-30,,1,1,main,000601.SZ
sz.000603,盛达资源,1996-08-23,,1,1,main,000603.SZ
sz.000605,渤海股份,1996-09-13,,1,1,main,000605.SZ
sz.000606,顺利退,1996-10-04,2023-07-06,1,0,main,000606.SZ
sz.000607,华媒控股,1996-08-30,,1,1,main,000607.SZ
sz.000608,阳光股份,1996-09-19,,1,1,main,000608.SZ
sz.000609,*ST中迪,1996-10-10,,1,1,main,000609.SZ
sz.000610,*ST西旅,1996-09-26,,1,1,main,000610.SZ
sz.000611,天首退,1996-10-08,2022-06-28,1,0,main,000611.SZ
sz.000612,焦作万方,1996-09-26,,1,1,main,000612.SZ
sz.000613,东海A退,1997-01-28,2022-06-29,1,0,main,000613.SZ
sz.000615,*ST美谷,1996-10-16,,1,1,main,000615.SZ
sz.000616,*ST海投,1996-11-08,2023-08-23,1,0,main,000616.SZ
sz.000617,中油资本,1996-10-22,,1,1,main,000617.SZ
sz.000619,海螺新材,1996-10-23,,1,1,main,000619.SZ
sz.000620,盈新发展,1996-10-29,,1,1,main,000620.SZ
sz.000622,恒立退,1996-11-07,2025-07-16,1,0,main,000622.SZ
sz.000623,吉林敖东,1996-10-28,,1,1,main,000623.SZ
sz.000625,长安汽车,1997-06-10,,1,1,main,000625.SZ
sz.000626,远大控股,1996-11-28,,1,1,main,000626.SZ
sz.000627,*ST天茂,1996-11-12,2025-09-30,1,0,main,000627.SZ
sz.000628,高新发展,1996-11-18,,1,1,main,000628.SZ
sz.000629,钒钛股份,1996-11-15,,1,1,main,000629.SZ
sz.000630,铜陵有色,1996-11-20,,1,1,main,000630.SZ
sz.000631,顺发恒能,1996-11-22,,1,1,main,000631.SZ
sz.000632,ST三木,1996-11-21,,1,1,main,000632.SZ
sz.000633,合金投资,1996-11-12,,1,1,main,000633.SZ
sz.000635,英力特,1996-11-20,,1,1,main,000635.SZ
sz.000636,风华高科,1996-11-29,,1,1,main,000636.SZ
sz.000637,茂化实华,1996-11-14,,1,1,main,000637.SZ
sz.000638,*ST万方,1996-11-26,2026-06-03,1,0,main,000638.SZ
sz.000639,ST西王,1996-11-26,,1,1,main,000639.SZ
sz.000650,仁和药业,1996-12-10,,1,1,main,000650.SZ
sz.000651,格力电器,1996-11-18,,1,1,main,000651.SZ
sz.000652,泰达股份,1996-11-28,,1,1,main,000652.SZ
sz.000655,金岭矿业,1996-11-28,,1,1,main,000655.SZ
sz.000656,金科股份,1996-11-28,,1,1,main,000656.SZ
sz.000657,中钨高新,1996-12-05,,1,1,main,000657.SZ
sz.000659,珠海中富,1996-12-03,,1,1,main,000659.SZ
sz.000661,长春高新,1996-12-18,,1,1,main,000661.SZ
sz.000662,天夏退,1996-12-16,2021-04-12,1,0,main,000662.SZ
sz.000663,永安林业,1996-12-06,,1,1,main,000663.SZ
sz.000665,湖北广电,1996-12-10,,1,1,main,000665.SZ
sz.000666,经纬纺机,1996-12-10,2023-10-26,1,0,main,000666.SZ
sz.000667,ST美置,1996-12-05,2023-07-14,1,0,main,000667.SZ
sz.000668,荣丰控股,1996-12-10,,1,1,main,000668.SZ
sz.000669,ST金鸿,1996-12-10,,1,1,main,000669.SZ
sz.000670,盈方微,1996-12-17,,1,1,main,000670.SZ
sz.000671,ST阳光城,1996-12-18,2023-08-16,1,0,main,000671.SZ
sz.000672,上峰材料,1996-12-18,,1,1,main,000672.SZ
sz.000673,当代退,1997-01-24,2022-07-04,1,0,main,000673.SZ
sz.000676,智度股份,1996-12-24,,1,1,main,000676.SZ
sz.000677,ST海龙,1996-12-26,,1,1,main,000677.SZ
sz.000678,襄阳轴承,1997-01-06,,1,1,main,000678.SZ
sz.000679,大连友谊,1997-01-24,,1,1,main,000679.SZ
sz.000680,山推股份,1997-01-22,,1,1,main,000680.SZ
sz.000681,视觉中国,1997-01-21,,1,1,main,000681.SZ
sz.000682,东方电子,1997-01-21,,1,1,main,000682.SZ
sz.000683,博源化工,1997-01-31,,1,1,main,000683.SZ
sz.000685,中山公用,1997-01-23,,1,1,main,000685.SZ
sz.000686,东北证券,1997-02-27,,1,1,main,000686.SZ
sz.000687,华讯退,1997-02-21,2022-06-17,1,0,main,000687.SZ
sz.000688,国城矿业,1997-01-20,,1,1,main,000688.SZ
sz.000690,宝新能源,1997-01-28,,1,1,main,000690.SZ
sz.000691,亚太实业,1997-02-28,,1,1,main,000691.SZ
sz.000692,惠天热电,1997-02-27,,1,1,main,000692.SZ
sz.000693,华泽退,1997-02-26,2019-07-09,1,0,main,000693.SZ
sz.000695,滨海能源,1997-02-18,,1,1,main,000695.SZ
sz.000697,炼石航空,1997-03-25,,1,1,main,000697.SZ
sz.000698,ST沈化,1997-02-20,,1,1,main,000698.SZ
sz.000700,模塑科技,1997-02-28,,1,1,main,000700.SZ
sz.000701,厦门信达,1997-02-26,,1,1,main,000701.SZ
sz.000702,正虹科技,1997-03-18,,1,1,main,000702.SZ
sz.000703,恒逸石化,1997-03-28,,1,1,main,000703.SZ
sz.000705,浙江震元,1997-04-10,,1,1,main,000705.SZ
sz.000707,双环科技,1997-04-15,,1,1,main,000707.SZ
sz.000708,中信特钢,1997-03-26,,1,1,main,000708.SZ
sz.000709,河钢股份,1997-04-16,,1,1,main,000709.SZ
sz.000710,贝瑞基因,1997-04-22,,1,1,main,000710.SZ
sz.000711,京蓝科技,1997-04-11,,1,1,main,000711.SZ
sz.000712,锦龙股份,1997-04-15,,1,1,main,000712.SZ
sz.000713,国投丰乐,1997-04-22,,1,1,main,000713.SZ
sz.000715,中兴商业,1997-05-08,,1,1,main,000715.SZ
sz.000716,黑芝麻,1997-04-18,,1,1,main,000716.SZ
sz.000717,中南股份,1997-05-08,,1,1,main,000717.SZ
sz.000718,苏宁环球,1997-04-08,,1,1,main,000718.SZ
sz.000719,中原传媒,1997-03-31,,1,1,main,000719.SZ
sz.000720,新能泰山,1997-05-09,,1,1,main,000720.SZ
sz.000721,西安饮食,1997-04-30,,1,1,main,000721.SZ
sz.000722,湖南发展,1997-05-22,,1,1,main,000722.SZ
sz.000723,美锦能源,1997-05-15,,1,1,main,000723.SZ
sz.000725,京东方A,2001-01-12,,1,1,main,000725.SZ
sz.000726,鲁泰A,2000-12-25,,1,1,main,000726.SZ
sz.000727,冠捷科技,1997-05-20,,1,1,main,000727.SZ
sz.000728,国元证券,1997-06-16,,1,1,main,000728.SZ
sz.000729,燕京啤酒,1997-07-16,,1,1,main,000729.SZ
sz.000731,四川美丰,1997-06-17,,1,1,main,000731.SZ
sz.000732,ST泰禾,1997-07-04,2023-08-04,1,0,main,000732.SZ
sz.000733,振华科技,1997-07-03,,1,1,main,000733.SZ
sz.000735,罗牛山,1997-06-11,,1,1,main,000735.SZ
sz.000736,中交发展,1997-04-25,,1,1,main,000736.SZ
sz.000737,北方铜业,1997-04-28,,1,1,main,000737.SZ
sz.000738,航发控制,1997-06-26,,1,1,main,000738.SZ
sz.000739,普洛药业,1997-05-09,,1,1,main,000739.SZ
sz.000750,国海证券,1997-07-09,,1,1,main,000750.SZ
sz.000751,锌业股份,1997-06-26,,1,1,main,000751.SZ
sz.000752,*ST西发,1997-06-25,,1,1,main,000752.SZ
sz.000753,漳州发展,1997-06-26,,1,1,main,000753.SZ
sz.000755,山西高速,1997-06-27,,1,1,main,000755.SZ
sz.000756,新华制药,1997-08-06,,1,1,main,000756.SZ
sz.000757,浩物股份,1997-06-27,,1,1,main,000757.SZ
sz.000758,中色股份,1997-04-16,,1,1,main,000758.SZ
sz.000759,中百集团,1997-05-19,,1,1,main,000759.SZ
sz.000760,斯太退,1997-06-27,2021-07-23,1,0,main,000760.SZ
sz.000761,本钢板材,1998-01-15,,1,1,main,000761.SZ
sz.000762,西藏矿业,1997-07-08,,1,1,main,000762.SZ
sz.000766,通化金马,1997-04-30,,1,1,main,000766.SZ
sz.000767,晋控电力,1997-06-09,,1,1,main,000767.SZ
sz.000768,中航西飞,1997-06-26,,1,1,main,000768.SZ
sz.000776,广发证券,1997-06-11,,1,1,main,000776.SZ
sz.000777,中核科技,1997-07-10,,1,1,main,000777.SZ
sz.000778,新兴铸管,1997-06-06,,1,1,main,000778.SZ
sz.000779,甘咨询,1997-05-28,,1,1,main,000779.SZ
sz.000780,ST平能,1997-06-06,2022-01-24,1,0,main,000780.SZ
sz.000782,恒申新材,1997-06-19,,1,1,main,000782.SZ
sz.000783,长江证券,1997-07-31,,1,1,main,000783.SZ
sz.000785,居然智家,1997-07-11,,1,1,main,000785.SZ
sz.000786,北新建材,1997-06-06,,1,1,main,000786.SZ
sz.000788,北大医药,1997-06-16,,1,1,main,000788.SZ
sz.000789,万年青,1997-09-23,,1,1,main,000789.SZ
sz.000790,华神科技,1998-03-27,,1,1,main,000790.SZ
sz.000791,甘肃能源,1997-10-14,,1,1,main,000791.SZ
sz.000792,盐湖股份,1997-09-04,,1,1,main,000792.SZ
sz.000793,ST华闻,1997-07-29,,1,1,main,000793.SZ
sz.000795,英洛华,1997-08-08,,1,1,main,000795.SZ
sz.000796,凯撒旅业,1997-07-03,,1,1,main,000796.SZ
sz.000797,中国武夷,1997-07-15,,1,1,main,000797.SZ
sz.000798,中水渔业,1998-02-12,,1,1,main,000798.SZ
sz.000799,酒鬼酒,1997-07-18,,1,1,main,000799.SZ
sz.000800,一汽解放,1997-06-18,,1,1,main,000800.SZ
sz.000801,四川九洲,1998-05-06,,1,1,main,000801.SZ
sz.000802,北京文化,1998-01-08,,1,1,main,000802.SZ
sz.000803,山高环能,1998-03-03,,1,1,main,000803.SZ
sz.000806,银河退,1998-04-16,2023-07-06,1,0,main,000806.SZ
sz.000807,云铝股份,1998-04-08,,1,1,main,000807.SZ
sz.000809,和展能源,1998-06-16,,1,1,main,000809.SZ
sz.000810,创维数字,1998-06-02,,1,1,main,000810.SZ
sz.000811,冰轮环境,1998-05-28,,1,1,main,000811.SZ
sz.000812,陕西金叶,1998-06-23,,1,1,main,000812.SZ
sz.000813,德展健康,1998-05-19,,1,1,main,000813.SZ
sz.000815,美利云,1998-06-09,,1,1,main,000815.SZ
sz.000816,智慧农业,1997-08-18,,1,1,main,000816.SZ
sz.000818,航锦科技,1997-10-17,,1,1,main,000818.SZ
sz.000819,岳阳兴长,1997-06-25,,1,1,main,000819.SZ
sz.000820,神雾节能,1998-06-30,,1,1,main,000820.SZ
sz.000821,ST京机,1998-06-26,,1,1,main,000821.SZ
sz.000822,山东海化,1998-07-03,,1,1,main,000822.SZ
sz.000823,超声电子,1997-10-08,,1,1,main,000823.SZ
sz.000825,太钢不锈,1998-10-21,,1,1,main,000825.SZ
sz.000826,*ST启环,1998-02-25,,1,1,main,000826.SZ
sz.000828,东莞控股,1997-06-17,,1,1,main,000828.SZ
sz.000829,天音控股,1997-12-02,,1,1,main,000829.SZ
sz.000830,鲁西化工,1998-08-07,,1,1,main,000830.SZ
sz.000831,中国稀土,1998-09-11,,1,1,main,000831.SZ
sz.000833,粤桂股份,1998-11-11,,1,1,main,000833.SZ
sz.000835,长动退,1999-06-25,2022-05-23,1,0,main,000835.SZ
sz.000836,ST富通,1997-09-29,2024-08-12,1,0,main,000836.SZ
sz.000837,秦川机床,1998-09-28,,1,1,main,000837.SZ
sz.000838,*ST发展,1997-06-26,,1,1,main,000838.SZ
sz.000839,国安股份,1997-10-31,,1,1,main,000839.SZ
sz.000848,承德露露,1997-11-13,,1,1,main,000848.SZ
sz.000850,华茂股份,1998-10-07,,1,1,main,000850.SZ
sz.000851,*ST高鸿,1998-06-09,2025-11-11,1,0,main,000851.SZ
sz.000852,石化机械,1998-11-26,,1,1,main,000852.SZ
sz.000856,冀东装备,1998-08-13,,1,1,main,000856.SZ
sz.000858,五粮液,1998-04-27,,1,1,main,000858.SZ
sz.000859,国风新材,1998-11-19,,1,1,main,000859.SZ
sz.000860,顺鑫农业,1998-11-04,,1,1,main,000860.SZ
sz.000861,海印股份,1998-10-28,2024-09-18,1,0,main,000861.SZ
sz.000862,银星能源,1998-09-15,,1,1,main,000862.SZ
sz.000863,三湘印象,1997-09-25,,1,1,main,000863.SZ
sz.000868,安凯客车,1997-07-25,,1,1,main,000868.SZ
sz.000869,张裕A,2000-10-26,,1,1,main,000869.SZ
sz.000875,电投绿能,2002-09-26,,1,1,main,000875.SZ
sz.000876,新希望,1998-03-11,,1,1,main,000876.SZ
sz.000877,天山股份,1999-01-07,,1,1,main,000877.SZ
sz.000878,云南铜业,1998-06-02,,1,1,main,000878.SZ
sz.000880,潍柴重机,1998-04-02,,1,1,main,000880.SZ
sz.000881,中广核技,1998-09-02,,1,1,main,000881.SZ
sz.000882,华联股份,1998-06-16,,1,1,main,000882.SZ
sz.000883,湖北能源,1998-05-19,,1,1,main,000883.SZ
sz.000885,城发环境,1999-03-19,,1,1,main,000885.SZ
sz.000886,海南高速,1998-01-23,,1,1,main,000886.SZ
sz.000887,中鼎股份,1998-12-03,,1,1,main,000887.SZ
sz.000888,峨眉山A,1997-10-21,,1,1,main,000888.SZ
sz.000889,中嘉博创,1997-12-18,,1,1,main,000889.SZ
sz.000890,法尔胜,1999-01-19,,1,1,main,000890.SZ
sz.000892,欢瑞世纪,1999-01-15,,1,1,main,000892.SZ
sz.000893,亚钾国际,1998-12-24,,1,1,main,000893.SZ
sz.000895,双汇发展,1998-12-10,,1,1,main,000895.SZ
sz.000897,津滨发展,1999-04-22,,1,1,main,000897.SZ
sz.000898,鞍钢股份,1997-12-25,,1,1,main,000898.SZ
sz.000899,赣能股份,1997-11-26,,1,1,main,000899.SZ
sz.000900,现代投资,1999-01-28,,1,1,main,000900.SZ
sz.000901,航天科技,1999-04-01,,1,1,main,000901.SZ
sz.000902,新洋丰,1999-04-08,,1,1,main,000902.SZ
sz.000903,ST云动,1999-04-15,,1,1,main,000903.SZ
sz.000905,厦门港务,1999-04-29,,1,1,main,000905.SZ
sz.000906,浙商中拓,1999-07-07,,1,1,main,000906.SZ
sz.000908,石药景峰,1999-02-03,,1,1,main,000908.SZ
sz.000909,*ST数源,1999-05-07,,1,1,main,000909.SZ
sz.000910,大亚圣象,1999-06-30,,1,1,main,000910.SZ
sz.000911,*ST广糖,1999-05-27,,1,1,main,000911.SZ
sz.000912,泸天化,1999-06-03,,1,1,main,000912.SZ
sz.000913,钱江摩托,1999-05-14,,1,1,main,000913.SZ
sz.000915,华特达因,1999-06-09,,1,1,main,000915.SZ
sz.000917,电广传媒,1999-03-25,,1,1,main,000917.SZ
sz.000918,*ST嘉凯,1999-07-20,2023-07-28,1,0,main,000918.SZ
sz.000919,金陵药业,1999-11-18,,1,1,main,000919.SZ
sz.000920,沃顿科技,1999-06-16,,1,1,main,000920.SZ
sz.000921,海信家电,1999-07-13,,1,1,main,000921.SZ
sz.000922,佳电股份,1999-06-18,,1,1,main,000922.SZ
sz.000923,河钢资源,1999-07-14,,1,1,main,000923.SZ
sz.000925,众合科技,1999-06-11,,1,1,main,000925.SZ
sz.000926,福星股份,1999-06-18,,1,1,main,000926.SZ
sz.000927,中国铁物,1999-07-27,,1,1,main,000927.SZ
sz.000928,中钢国际,1999-03-12,,1,1,main,000928.SZ
sz.000929,兰州黄河,1999-06-23,,1,1,main,000929.SZ
sz.000930,中粮科技,1999-07-12,,1,1,main,000930.SZ
sz.000931,中关村,1999-07-12,,1,1,main,000931.SZ
sz.000932,华菱钢铁,1999-08-03,,1,1,main,000932.SZ
sz.000933,神火股份,1999-08-31,,1,1,main,000933.SZ
sz.000935,四川双马,1999-08-24,,1,1,main,000935.SZ
sz.000936,华西股份,1999-08-10,,1,1,main,000936.SZ
sz.000937,冀中能源,1999-09-09,,1,1,main,000937.SZ
sz.000938,紫光股份,1999-11-04,,1,1,main,000938.SZ
sz.000939,凯迪退,1999-09-23,2020-12-17,1,0,main,000939.SZ
sz.000948,南天信息,1999-10-14,,1,1,main,000948.SZ
sz.000949,新乡化纤,1999-10-21,,1,1,main,000949.SZ
sz.000950,重药控股,1999-09-16,,1,1,main,000950.SZ
sz.000951,中国重汽,1999-11-25,,1,1,main,000951.SZ
sz.000952,广济药业,1999-11-12,,1,1,main,000952.SZ
sz.000953,中哲精化,1999-12-02,,1,1,main,000953.SZ
sz.000955,欣龙控股,1999-12-09,,1,1,main,000955.SZ
sz.000957,中通客车,2000-01-13,,1,1,main,000957.SZ
sz.000958,电投产融,1999-12-23,,1,1,main,000958.SZ
sz.000959,首钢股份,1999-12-16,,1,1,main,000959.SZ
sz.000960,锡业股份,2000-02-21,,1,1,main,000960.SZ
sz.000961,ST中南,2000-03-01,2024-07-11,1,0,main,000961.SZ
sz.000962,东方钽业,2000-01-20,,1,1,main,000962.SZ
sz.000963,华东医药,2000-01-27,,1,1,main,000963.SZ
sz.000965,天保基建,2000-04-06,,1,1,main,000965.SZ
sz.000966,长源电力,2000-03-16,,1,1,main,000966.SZ
sz.000967,盈峰环境,2000-03-30,,1,1,main,000967.SZ
sz.000968,蓝焰控股,2000-06-22,,1,1,main,000968.SZ
sz.000969,安泰科技,2000-05-29,,1,1,main,000969.SZ
sz.000970,中科三环,2000-04-20,,1,1,main,000970.SZ
sz.000971,*ST高升,2000-04-27,2024-07-24,1,0,main,000971.SZ
sz.000972,中基健康,2000-09-26,,1,1,main,000972.SZ
sz.000973,佛塑科技,2000-05-25,,1,1,main,000973.SZ
sz.000975,山金国际,2000-06-08,,1,1,main,000975.SZ
sz.000976,*ST华铁,2000-06-01,2024-08-27,1,0,main,000976.SZ
sz.000977,浪潮信息,2000-06-08,,1,1,main,000977.SZ
sz.000978,桂林旅游,2000-05-18,,1,1,main,000978.SZ
sz.000979,中弘退,2000-06-16,2018-12-28,1,0,main,000979.SZ
sz.000980,众泰汽车,2000-06-16,,1,1,main,000980.SZ
sz.000981,山子高科,2000-06-22,,1,1,main,000981.SZ
sz.000982,中银绒业,2000-07-06,2024-08-12,1,0,main,000982.SZ
sz.000983,山西焦煤,2000-07-26,,1,1,main,000983.SZ
sz.000985,大庆华科,2000-07-26,,1,1,main,000985.SZ
sz.000987,越秀资本,2000-07-18,,1,1,main,000987.SZ
sz.000988,华工科技,2000-06-08,,1,1,main,000988.SZ
sz.000989,九芝堂,2000-06-28,,1,1,main,000989.SZ
sz.000990,诚志股份,2000-07-06,,1,1,main,000990.SZ
sz.000993,闽东电力,2000-07-31,,1,1,main,000993.SZ
sz.000995,皇台酒业,2000-08-07,,1,1,main,000995.SZ
sz.000996,中期退,2000-07-18,2024-06-28,1,0,main,000996.SZ
sz.000997,新大陆,2000-08-07,,1,1,main,000997.SZ
sz.000998,隆平高科,2000-12-11,,1,1,main,000998.SZ
sz.000999,华润三九,2000-03-09,,1,1,main,000999.SZ
sz.001201,东瑞股份,2021-04-28,,1,1,main,001201.SZ
sz.001202,炬申股份,2021-04-29,,1,1,main,001202.SZ
sz.001203,大中矿业,2021-05-10,,1,1,main,001203.SZ
sz.001205,盛航股份,2021-05-13,,1,1,main,001205.SZ
sz.001206,依依股份,2021-05-18,,1,1,main,001206.SZ
sz.001207,联科科技,2021-06-23,,1,1,main,001207.SZ
sz.001208,华菱线缆,2021-06-24,,1,1,main,001208.SZ
sz.001209,洪兴股份,2021-07-23,,1,1,main,001209.SZ
sz.001210,金房能源,2021-07-29,,1,1,main,001210.SZ
sz.001211,双枪科技,2021-08-05,,1,1,main,001211.SZ
sz.001212,中旗新材,2021-08-23,,1,1,main,001212.SZ
sz.001213,中铁特货,2021-09-08,,1,1,main,001213.SZ
sz.001215,千味央厨,2021-09-06,,1,1,main,001215.SZ
sz.001216,华瓷股份,2021-10-19,,1,1,main,001216.SZ
sz.001217,华尔泰,2021-09-29,,1,1,main,001217.SZ
sz.001218,丽臣实业,2021-10-15,,1,1,main,001218.SZ
sz.001219,青岛食品,2021-10-21,,1,1,main,001219.SZ
sz.001220,世盟股份,2026-02-03,,1,1,main,001220.SZ
sz.001221,悍高集团,2025-07-30,,1,1,main,001221.SZ
sz.001222,源飞宠物,2022-08-18,,1,1,main,001222.SZ
sz.001223,欧克科技,2022-12-12,,1,1,main,001223.SZ
sz.001225,和泰机电,2023-02-22,,1,1,main,001225.SZ
sz.001226,拓山重工,2022-06-22,,1,1,main,001226.SZ
sz.001227,兰州银行,2022-01-17,,1,1,main,001227.SZ
sz.001228,永泰运,2022-04-29,,1,1,main,001228.SZ
sz.001229,魅视科技,2022-08-08,,1,1,main,001229.SZ
sz.001230,劲旅环境,2022-07-15,,1,1,main,001230.SZ
sz.001231,农心科技,2022-08-19,,1,1,main,001231.SZ
sz.001232,嘉立创,2026-08-04,,1,1,main,001232.SZ
sz.001233,海安集团,2025-11-25,,1,1,main,001233.SZ
sz.001234,泰慕士,2022-01-11,,1,1,main,001234.SZ
sz.001236,弘业期货,2022-08-05,,1,1,main,001236.SZ
sz.001237,惠康科技,2026-05-22,,1,1,main,001237.SZ
sz.001238,浙江正特,2022-09-19,,1,1,main,001238.SZ
sz.001239,永达股份,2023-12-12,,1,1,main,001239.SZ
sz.001246,力勤资源,2026-09-30,,1,1,main,001246.SZ
sz.001248,华润新能源,2026-07-02,,1,1,main,001248.SZ
sz.001255,博菲电气,2022-09-30,,1,1,main,001255.SZ
sz.001256,炜冈科技,2022-12-05,,1,1,main,001256.SZ
sz.001257,盛龙股份,2026-03-31,,1,1,main,001257.SZ
sz.001258,立新能源,2022-07-27,,1,1,main,001258.SZ
sz.001259,利仁科技,2022-08-31,,1,1,main,001259.SZ
sz.001260,坤泰股份,2023-02-16,,1,1,main,001260.SZ
sz.001266,宏英智能,2022-02-28,,1,1,main,001266.SZ
sz.001267,汇绿生态,2021-11-17,,1,1,main,001267.SZ
sz.001268,联合精密,2022-06-30,,1,1,main,001268.SZ
sz.001269,欧晶科技,2022-09-30,,1,1,main,001269.SZ
sz.001270,铖昌科技,2022-06-06,,1,1,main,001270.SZ
sz.001277,速达股份,2024-09-03,,1,1,main,001277.SZ
sz.001278,一彬科技,2023-03-08,,1,1,main,001278.SZ
sz.001279,强邦新材,2024-10-11,,1,1,main,001279.SZ
sz.001280,中国铀业,2025-12-03,,1,1,main,001280.SZ
sz.001282,三联锻造,2023-05-24,,1,1,main,001282.SZ
sz.001283,豪鹏科技,2022-09-05,,1,1,main,001283.SZ
sz.001285,瑞立科密,2025-09-30,,1,1,main,001285.SZ
sz.001286,陕西能源,2023-04-10,,1,1,main,001286.SZ
sz.001287,中电港,2023-04-10,,1,1,main,001287.SZ
sz.001288,运机集团,2021-11-01,,1,1,main,001288.SZ
sz.001289,龙源电力,2022-01-24,,1,1,main,001289.SZ
sz.001296,长江材料,2021-12-24,,1,1,main,001296.SZ
sz.001298,好上好,2022-10-31,,1,1,main,001298.SZ
sz.001299,美能能源,2022-10-31,,1,1,main,001299.SZ
sz.001300,三柏硕,2022-10-19,,1,1,main,001300.SZ
sz.001301,尚太科技,2022-12-28,,1,1,main,001301.SZ
sz.001306,夏厦精密,2023-11-16,,1,1,main,001306.SZ
sz.001308,康冠科技,2022-03-18,,1,1,main,001308.SZ
sz.001309,德明利,2022-07-01,,1,1,main,001309.SZ
sz.001311,多利科技,2023-02-27,,1,1,main,001311.SZ
sz.001312,福恩股份,2026-04-21,,1,1,main,001312.SZ
sz.001313,粤海饲料,2022-02-16,,1,1,main,001313.SZ
sz.001314,亿道信息,2023-02-14,,1,1,main,001314.SZ
sz.001316,润贝航科,2022-06-24,,1,1,main,001316.SZ
sz.001317,三羊马,2021-11-30,,1,1,main,001317.SZ
sz.001318,阳光乳业,2022-05-20,,1,1,main,001318.SZ
sz.001319,铭科精技,2022-05-12,,1,1,main,001319.SZ
sz.001322,箭牌家居,2022-10-26,,1,1,main,001322.SZ
sz.001323,慕思股份,2022-06-23,,1,1,main,001323.SZ
sz.001324,长青科技,2023-05-22,,1,1,main,001324.SZ
sz.001325,元创股份,2025-12-18,,1,1,main,001325.SZ
sz.001326,联域股份,2023-11-09,,1,1,main,001326.SZ
sz.001328,登康口腔,2023-04-10,,1,1,main,001328.SZ
sz.001330,博纳影业,2022-08-18,,1,1,main,001330.SZ
sz.001331,胜通能源,2022-09-08,,1,1,main,001331.SZ
sz.001332,锡装股份,2022-09-20,,1,1,main,001332.SZ
sz.001333,光华股份,2022-12-08,,1,1,main,001333.SZ
sz.001335,信凯科技,2025-04-15,,1,1,main,001335.SZ
sz.001336,楚环科技,2022-07-25,,1,1,main,001336.SZ
sz.001337,四川黄金,2023-03-03,,1,1,main,001337.SZ
sz.001338,永顺泰,2022-11-16,,1,1,main,001338.SZ
sz.001339,智微智能,2022-08-15,,1,1,main,001339.SZ
sz.001356,富岭股份,2025-01-23,,1,1,main,001356.SZ
sz.001358,兴欣新材,2023-12-21,,1,1,main,001358.SZ
sz.001359,平安电工,2024-03-28,,1,1,main,001359.SZ
sz.001360,南矿集团,2023-04-10,,1,1,main,001360.SZ
sz.001365,天海电子,2026-05-18,,1,1,main,001365.SZ
sz.001366,播恩集团,2023-03-07,,1,1,main,001366.SZ
sz.001367,海森药业,2023-04-10,,1,1,main,001367.SZ
sz.001368,通达创智,2023-03-13,,1,1,main,001368.SZ
sz.001369,双欣材料,2025-12-30,,1,1,main,001369.SZ
sz.001373,翔腾新材,2023-06-01,,1,1,main,001373.SZ
sz.001376,百通能源,2023-11-03,,1,1,main,001376.SZ
sz.001378,德冠新材,2023-10-30,,1,1,main,001378.SZ
sz.001379,腾达科技,2024-01-19,,1,1,main,001379.SZ
sz.001380,华纬科技,2023-05-16,,1,1,main,001380.SZ
sz.001382,新亚电缆,2025-03-21,,1,1,main,001382.SZ
sz.001386,马可波罗,2025-10-22,,1,1,main,001386.SZ
sz.001387,雪祺电气,2024-01-11,,1,1,main,001387.SZ
sz.001388,信通电子,2025-07-01,,1,1,main,001388.SZ
sz.001389,广合科技,2024-04-02,,1,1,main,001389.SZ
sz.001390,古麒绒材,2025-05-29,,1,1,main,001390.SZ
sz.001391,国货航,2024-12-30,,1,1,main,001391.SZ
sz.001393,维通利,2026-05-15,,1,1,main,001393.SZ
sz.001395,亚联机械,2025-01-27,,1,1,main,001395.SZ
sz.001396,誉帆科技,2025-12-30,,1,1,main,001396.SZ
sz.001399,惠科股份,2026-06-26,,1,1,main,001399.SZ
sz.001400,江顺科技,2025-04-24,,1,1,main,001400.SZ
sz.001696,宗申动力,1997-03-06,,1,1,main,001696.SZ
sz.001872,招商港口,1993-05-05,,1,1,main,001872.SZ
sz.001896,豫能控股,1998-01-22,,1,1,main,001896.SZ
sz.001914,招商积余,1994-09-28,,1,1,main,001914.SZ
sz.001965,招商公路,2017-12-25,,1,1,main,001965.SZ
sz.001979,招商蛇口,2015-12-30,,1,1,main,001979.SZ
sz.002001,新和成,2004-06-25,,1,1,main,002001.SZ
sz.002002,ST鸿达,2004-06-25,2024-03-18,1,0,main,002002.SZ
sz.002003,伟星股份,2004-06-25,,1,1,main,002003.SZ
sz.002004,华邦健康,2004-06-25,,1,1,main,002004.SZ
sz.002005,德豪润达,2004-06-25,,1,1,main,002005.SZ
sz.002006,精工科技,2004-06-25,,1,1,main,002006.SZ
sz.002007,华兰生物,2004-06-25,,1,1,main,002007.SZ
sz.002008,大族激光,2004-06-25,,1,1,main,002008.SZ
sz.002009,天奇股份,2004-06-29,,1,1,main,002009.SZ
sz.002010,传化智联,2004-06-29,,1,1,main,002010.SZ
sz.002011,盾安环境,2004-07-05,,1,1,main,002011.SZ
sz.002012,凯恩股份,2004-07-05,,1,1,main,002012.SZ
sz.002013,中航机电,2004-07-05,2023-03-17,1,0,main,002013.SZ
sz.002014,永新股份,2004-07-08,,1,1,main,002014.SZ
sz.002015,协鑫能科,2004-07-08,,1,1,main,002015.SZ
sz.002016,世荣兆业,2004-07-08,,1,1,main,002016.SZ
sz.002017,东信和平,2004-07-13,,1,1,main,002017.SZ
sz.002018,华信退,2004-07-13,2019-11-01,1,0,main,002018.SZ
sz.002019,亿帆医药,2004-07-13,,1,1,main,002019.SZ
sz.002020,京新药业,2004-07-15,,1,1,main,002020.SZ
sz.002021,中捷资源,2004-07-15,,1,1,main,002021.SZ
sz.002022,科华生物,2004-07-21,,1,1,main,002022.SZ
sz.002023,海特高新,2004-07-21,,1,1,main,002023.SZ
sz.002024,ST易购,2004-07-21,,1,1,main,002024.SZ
sz.002025,航天电器,2004-07-26,,1,1,main,002025.SZ
sz.002026,山东威达,2004-07-27,,1,1,main,002026.SZ
sz.002027,分众传媒,2004-08-04,,1,1,main,002027.SZ
sz.002028,思源电气,2004-08-05,,1,1,main,002028.SZ
sz.002029,七匹狼,2004-08-06,,1,1,main,002029.SZ
sz.002030,达安基因,2004-08-09,,1,1,main,002030.SZ
sz.002031,巨轮智能,2004-08-16,,1,1,main,002031.SZ
sz.002032,苏泊尔,2004-08-17,,1,1,main,002032.SZ
sz.002033,丽江股份,2004-08-25,,1,1,main,002033.SZ
sz.002034,旺能环境,2004-08-26,,1,1,main,002034.SZ
sz.002035,华帝股份,2004-09-01,,1,1,main,002035.SZ
sz.002036,联创电子,2004-09-03,,1,1,main,002036.SZ
sz.002037,保利联合,2004-09-08,,1,1,main,002037.SZ
sz.002038,双鹭药业,2004-09-09,,1,1,main,002038.SZ
sz.002039,黔源电力,2005-03-03,,1,1,main,002039.SZ
sz.002040,南京港,2005-03-25,,1,1,main,002040.SZ
sz.002041,登海种业,2005-04-18,,1,1,main,002041.SZ
sz.002042,华孚时尚,2005-04-27,,1,1,main,002042.SZ
sz.002043,兔宝宝,2005-05-10,,1,1,main,002043.SZ
sz.002044,美年健康,2005-05-18,,1,1,main,002044.SZ
sz.002045,国光电器,2005-05-23,,1,1,main,002045.SZ
sz.002046,国机精工,2005-05-26,,1,1,main,002046.SZ
sz.002047,宝鹰股份,2005-05-31,,1,1,main,002047.SZ
sz.002048,宁波华翔,2005-06-03,,1,1,main,002048.SZ
sz.002049,紫光国微,2005-06-06,,1,1,main,002049.SZ
sz.002050,三花智控,2005-06-07,,1,1,main,002050.SZ
sz.002051,中工国际,2006-06-19,,1,1,main,002051.SZ
sz.002052,同洲电子,2006-06-27,,1,1,main,002052.SZ
sz.002053,云南能投,2006-06-27,,1,1,main,002053.SZ
sz.002054,德美化工,2006-07-25,,1,1,main,002054.SZ
sz.002055,ST得润,2006-07-25,,1,1,main,002055.SZ
sz.002056,横店东磁,2006-08-02,,1,1,main,002056.SZ
sz.002057,中钢天源,2006-08-02,,1,1,main,002057.SZ
sz.002058,紫竹高科,2006-08-02,,1,1,main,002058.SZ
sz.002059,云南旅游,2006-08-10,,1,1,main,002059.SZ
sz.002060,广东建工,2006-08-10,,1,1,main,002060.SZ
sz.002061,浙江交科,2006-08-16,,1,1,main,002061.SZ
sz.002062,宏润建设,2006-08-16,,1,1,main,002062.SZ
sz.002063,远光软件,2006-08-23,,1,1,main,002063.SZ
sz.002064,华峰化学,2006-08-23,,1,1,main,002064.SZ
sz.002065,东华软件,2006-08-23,,1,1,main,002065.SZ
sz.002066,瑞泰科技,2006-08-23,,1,1,main,002066.SZ
sz.002067,景兴纸业,2006-09-15,,1,1,main,002067.SZ
sz.002068,黑猫股份,2006-09-15,,1,1,main,002068.SZ
sz.002069,獐子岛,2006-09-28,,1,1,main,002069.SZ
sz.002070,众和退,2006-10-12,2019-07-09,1,0,main,002070.SZ
sz.002071,长城退,2006-10-12,2021-05-07,1,0,main,002071.SZ
sz.002072,凯瑞德,2006-10-18,,1,1,main,002072.SZ
sz.002073,软控股份,2006-10-18,,1,1,main,002073.SZ
sz.002074,国轩高科,2006-10-18,,1,1,main,002074.SZ
sz.002075,沙钢股份,2006-10-25,,1,1,main,002075.SZ
sz.002076,星光股份,2006-10-25,,1,1,main,002076.SZ
sz.002077,大港股份,2006-11-16,,1,1,main,002077.SZ
sz.002078,太阳纸业,2006-11-16,,1,1,main,002078.SZ
sz.002079,苏州固锝,2006-11-16,,1,1,main,002079.SZ
sz.002080,中材科技,2006-11-20,,1,1,main,002080.SZ
sz.002081,金螳螂,2006-11-20,,1,1,main,002081.SZ
sz.002082,ST万邦,2006-11-20,,1,1,main,002082.SZ
sz.002083,孚日股份,2006-11-24,,1,1,main,002083.SZ
sz.002084,海鸥住工,2006-11-24,,1,1,main,002084.SZ
sz.002085,万丰奥威,2006-11-28,,1,1,main,002085.SZ
sz.002086,东方海洋,2006-11-28,,1,1,main,002086.SZ
sz.002087,新纺退,2006-11-30,2024-06-28,1,0,main,002087.SZ
sz.002088,鲁阳节能,2006-11-30,,1,1,main,002088.SZ
sz.002089,新海退,2006-11-30,2024-04-18,1,0,main,002089.SZ
sz.002090,金智科技,2006-12-08,,1,1,main,002090.SZ
sz.002091,江苏国泰,2006-12-08,,1,1,main,002091.SZ
sz.002092,中泰化学,2006-12-08,,1,1,main,002092.SZ
sz.002093,国脉科技,2006-12-15,,1,1,main,002093.SZ
sz.002094,青岛金王,2006-12-15,,1,1,main,002094.SZ
sz.002095,生意宝,2006-12-15,,1,1,main,002095.SZ
sz.002096,易普力,2006-12-22,,1,1,main,002096.SZ
sz.002097,山河智能,2006-12-22,,1,1,main,002097.SZ
sz.002098,浔兴股份,2006-12-22,,1,1,main,002098.SZ
sz.002099,海翔药业,2006-12-26,,1,1,main,002099.SZ
sz.002100,天康生物,2006-12-26,,1,1,main,002100.SZ
sz.002101,广东鸿图,2006-12-29,,1,1,main,002101.SZ
sz.002102,ST能特,2006-12-29,,1,1,main,002102.SZ
sz.002103,广博股份,2007-01-10,,1,1,main,002103.SZ
sz.002104,恒宝股份,2007-01-10,,1,1,main,002104.SZ
sz.002105,信隆健康,2007-01-12,,1,1,main,002105.SZ
sz.002106,莱宝高科,2007-01-12,,1,1,main,002106.SZ
sz.002107,沃华医药,2007-01-24,,1,1,main,002107.SZ
sz.002108,沧州明珠,2007-01-24,,1,1,main,002108.SZ
sz.002109,ST兴化,2007-01-26,,1,1,main,002109.SZ
sz.002110,三钢闽光,2007-01-26,,1,1,main,002110.SZ
sz.002111,威海广泰,2007-01-26,,1,1,main,002111.SZ
sz.002112,三变科技,2007-02-08,,1,1,main,002112.SZ
sz.002113,*ST天润,2007-02-08,2023-08-11,1,0,main,002113.SZ
sz.002114,罗平锌电,2007-02-15,,1,1,main,002114.SZ
sz.002115,三维通信,2007-02-15,,1,1,main,002115.SZ
sz.002116,中国海诚,2007-02-15,,1,1,main,002116.SZ
sz.002117,东港股份,2007-03-02,,1,1,main,002117.SZ
sz.002118,*ST紫鑫,2007-03-02,2023-08-04,1,0,main,002118.SZ
sz.002119,康强电子,2007-03-02,,1,1,main,002119.SZ
sz.002120,韵达股份,2007-03-06,,1,1,main,002120.SZ
sz.002121,科陆电子,2007-03-06,,1,1,main,002121.SZ
sz.002122,ST汇洲,2007-03-28,,1,1,main,002122.SZ
sz.002123,梦网科技,2007-03-28,,1,1,main,002123.SZ
sz.002124,天邦食品,2007-04-03,,1,1,main,002124.SZ
sz.002125,湘潭电化,2007-04-03,,1,1,main,002125.SZ
sz.002126,银轮股份,2007-04-18,,1,1,main,002126.SZ
sz.002127,南极电商,2007-04-18,,1,1,main,002127.SZ
sz.002128,电投能源,2007-04-18,,1,1,main,002128.SZ
sz.002129,TCL中环,2007-04-20,,1,1,main,002129.SZ
sz.002130,沃尔核材,2007-04-20,,1,1,main,002130.SZ
sz.002131,利欧股份,2007-04-27,,1,1,main,002131.SZ
sz.002132,恒星科技,2007-04-27,,1,1,main,002132.SZ
sz.002133,广宇集团,2007-04-27,,1,1,main,002133.SZ
sz.002134,天津普林,2007-05-16,,1,1,main,002134.SZ
sz.002135,东南网架,2007-05-30,,1,1,main,002135.SZ
sz.002136,安纳达,2007-05-30,,1,1,main,002136.SZ
sz.002137,实益达,2007-06-13,,1,1,main,002137.SZ
sz.002138,顺络电子,2007-06-13,,1,1,main,002138.SZ
sz.002139,拓邦股份,2007-06-29,,1,1,main,002139.SZ
sz.002140,东华科技,2007-07-12,,1,1,main,002140.SZ
sz.002141,贤丰控股,2007-07-20,,1,1,main,002141.SZ
sz.002142,宁波银行,2007-07-19,,1,1,main,002142.SZ
sz.002143,印纪退,2007-07-20,2019-11-29,1,0,main,002143.SZ
sz.002144,宏达高科,2007-08-03,,1,1,main,002144.SZ
sz.002145,钛能化学,2007-08-03,,1,1,main,002145.SZ
sz.002146,荣盛发展,2007-08-08,,1,1,main,002146.SZ
sz.002147,新光退,2007-08-08,2022-06-23,1,0,main,002147.SZ
sz.002148,北纬科技,2007-08-10,,1,1,main,002148.SZ
sz.002149,西部材料,2007-08-10,,1,1,main,002149.SZ
sz.002150,正泰电源,2007-08-10,,1,1,main,002150.SZ
sz.002151,北斗星通,2007-08-13,,1,1,main,002151.SZ
sz.002152,广电运通,2007-08-13,,1,1,main,002152.SZ
sz.002153,石基信息,2007-08-13,,1,1,main,002153.SZ
sz.002154,报喜鸟,2007-08-16,,1,1,main,002154.SZ
sz.002155,湖南黄金,2007-08-16,,1,1,main,002155.SZ
sz.002156,通富微电,2007-08-16,,1,1,main,002156.SZ
sz.002157,正邦科技,2007-08-17,,1,1,main,002157.SZ
sz.002158,汉钟精机,2007-08-17,,1,1,main,002158.SZ
sz.002159,三特索道,2007-08-17,,1,1,main,002159.SZ
sz.002160,常铝股份,2007-08-21,,1,1,main,002160.SZ
sz.002161,远望谷,2007-08-21,,1,1,main,002161.SZ
sz.002162,悦心健康,2007-08-23,,1,1,main,002162.SZ
sz.002163,海南发展,2007-08-23,,1,1,main,002163.SZ
sz.002164,宁波东力,2007-08-23,,1,1,main,002164.SZ
sz.002165,红宝丽,2007-09-13,,1,1,main,002165.SZ
sz.002166,莱茵生物,2007-09-13,,1,1,main,002166.SZ
sz.002167,东方锆业,2007-09-13,,1,1,main,002167.SZ
sz.002168,ST惠程,2007-09-19,,1,1,main,002168.SZ
sz.002169,智光电气,2007-09-19,,1,1,main,002169.SZ
sz.002170,芭田股份,2007-09-19,,1,1,main,002170.SZ
sz.002171,楚江新材,2007-09-21,,1,1,main,002171.SZ
sz.002172,澳洋健康,2007-09-21,,1,1,main,002172.SZ
sz.002173,创新医疗,2007-09-25,,1,1,main,002173.SZ
sz.002174,游族网络,2007-09-25,,1,1,main,002174.SZ
sz.002175,*ST东智,2007-10-12,,1,1,main,002175.SZ
sz.002176,江特电机,2007-10-12,,1,1,main,002176.SZ
sz.002177,御银股份,2007-11-01,,1,1,main,002177.SZ
sz.002178,延华智能,2007-11-01,,1,1,main,002178.SZ
sz.002179,中航光电,2007-11-01,,1,1,main,002179.SZ
sz.002180,奔图科技,2007-11-13,,1,1,main,002180.SZ
sz.002181,粤传媒,2007-11-16,,1,1,main,002181.SZ
sz.002182,宝武镁业,2007-11-13,,1,1,main,002182.SZ
sz.002183,怡亚通,2007-11-13,,1,1,main,002183.SZ
sz.002184,海得控制,2007-11-16,,1,1,main,002184.SZ
sz.002185,华天科技,2007-11-20,,1,1,main,002185.SZ
sz.002186,全聚德,2007-11-20,,1,1,main,002186.SZ
sz.002187,广百股份,2007-11-22,,1,1,main,002187.SZ
sz.002188,中天服务,2007-11-22,,1,1,main,002188.SZ
sz.002189,中光学,2007-12-03,,1,1,main,002189.SZ
sz.002190,成飞集成,2007-12-03,,1,1,main,002190.SZ
sz.002191,劲嘉股份,2007-12-05,,1,1,main,002191.SZ
sz.002192,融捷股份,2007-12-05,,1,1,main,002192.SZ
sz.002193,ST如意,2007-12-07,,1,1,main,002193.SZ
sz.002194,武汉凡谷,2007-12-07,,1,1,main,002194.SZ
sz.002195,岩山科技,2007-12-12,,1,1,main,002195.SZ
sz.002196,方正电机,2007-12-12,,1,1,main,002196.SZ
sz.002197,证通电子,2007-12-18,,1,1,main,002197.SZ
sz.002198,ST嘉应,2007-12-18,,1,1,main,002198.SZ
sz.002199,东晶电子,2007-12-21,,1,1,main,002199.SZ
sz.002200,交投生态,2007-12-21,,1,1,main,002200.SZ
sz.002201,九鼎新材,2007-12-26,,1,1,main,002201.SZ
sz.002202,金风科技,2007-12-26,,1,1,main,002202.SZ
sz.002203,海亮股份,2008-01-16,,1,1,main,002203.SZ
sz.002204,大连重工,2008-01-16,,1,1,main,002204.SZ
sz.002205,国统股份,2008-01-23,,1,1,main,002205.SZ
sz.002206,海利得,2008-01-23,,1,1,main,002206.SZ
sz.002207,*ST准油,2008-01-28,,1,1,main,002207.SZ
sz.002208,合肥城建,2008-01-28,,1,1,main,002208.SZ
sz.002209,达意隆,2008-01-30,,1,1,main,002209.SZ
sz.002210,飞马国际,2008-01-30,,1,1,main,002210.SZ
sz.002211,ST宏达,2008-02-01,,1,1,main,002211.SZ
sz.002212,天融信,2008-02-01,,1,1,main,002212.SZ
sz.002213,大为股份,2008-02-01,,1,1,main,002213.SZ
sz.002214,大立科技,2008-02-18,,1,1,main,002214.SZ
sz.002215,诺普信,2008-02-18,,1,1,main,002215.SZ
sz.002216,三全食品,2008-02-20,,1,1,main,002216.SZ
sz.002217,ST合力泰,2008-02-20,,1,1,main,002217.SZ
sz.002218,拓日新能,2008-02-28,,1,1,main,002218.SZ
sz.002219,新里程,2008-03-06,,1,1,main,002219.SZ
sz.002220,天宝退,2008-02-28,2020-08-11,1,0,main,002220.SZ
sz.002221,东华能源,2008-03-06,,1,1,main,002221.SZ
sz.002222,福晶科技,2008-03-19,,1,1,main,002222.SZ
sz.002223,鱼跃医疗,2008-04-18,,1,1,main,002223.SZ
sz.002224,三力士,2008-04-25,,1,1,main,002224.SZ
sz.002225,濮耐股份,2008-04-25,,1,1,main,002225.SZ
sz.002226,江南化工,2008-05-06,,1,1,main,002226.SZ
sz.002227,*ST特迅,2008-05-06,,1,1,main,002227.SZ
sz.002228,合兴包装,2008-05-08,,1,1,main,002228.SZ
sz.002229,鸿博股份,2008-05-08,,1,1,main,002229.SZ
sz.002230,科大讯飞,2008-05-12,,1,1,main,002230.SZ
sz.002231,*ST奥维,2008-05-12,2026-03-27,1,0,main,002231.SZ
sz.002232,启明信息,2008-05-09,,1,1,main,002232.SZ
sz.002233,塔牌集团,2008-05-16,,1,1,main,002233.SZ
sz.002234,民和股份,2008-05-16,,1,1,main,002234.SZ
sz.002235,安妮股份,2008-05-16,,1,1,main,002235.SZ
sz.002236,大华股份,2008-05-20,,1,1,main,002236.SZ
sz.002237,恒邦股份,2008-05-20,,1,1,main,002237.SZ
sz.002238,天威视讯,2008-05-26,,1,1,main,002238.SZ
sz.002239,奥特佳,2008-05-22,,1,1,main,002239.SZ
sz.002240,盛新锂能,2008-05-23,,1,1,main,002240.SZ
sz.002241,歌尔股份,2008-05-22,,1,1,main,002241.SZ
sz.002242,九阳股份,2008-05-28,,1,1,main,002242.SZ
sz.002243,力合科创,2008-05-28,,1,1,main,002243.SZ
sz.002244,滨江集团,2008-05-29,,1,1,main,002244.SZ
sz.002245,蔚蓝锂芯,2008-06-05,,1,1,main,002245.SZ
sz.002246,北化股份,2008-06-05,,1,1,main,002246.SZ
sz.002247,聚力文化,2008-06-12,,1,1,main,002247.SZ
sz.002248,华东数控,2008-06-12,,1,1,main,002248.SZ
sz.002249,大洋电机,2008-06-19,,1,1,main,002249.SZ
sz.002250,联化科技,2008-06-19,,1,1,main,002250.SZ
sz.002251,步步高,2008-06-19,,1,1,main,002251.SZ
sz.002252,上海莱士,2008-06-23,,1,1,main,002252.SZ
sz.002253,川大智胜,2008-06-23,,1,1,main,002253.SZ
sz.002254,泰和新材,2008-06-25,,1,1,main,002254.SZ
sz.002255,海陆重工,2008-06-25,,1,1,main,002255.SZ
sz.002256,兆新股份,2008-06-25,,1,1,main,002256.SZ
sz.002258,利尔化学,2008-07-08,,1,1,main,002258.SZ
sz.002259,升达林业,2008-07-16,,1,1,main,002259.SZ
sz.002260,德奥退,2008-07-16,2022-06-17,1,0,main,002260.SZ
sz.002261,拓维信息,2008-07-23,,1,1,main,002261.SZ
sz.002262,恩华药业,2008-07-23,,1,1,main,002262.SZ
sz.002263,大东南,2008-07-28,,1,1,main,002263.SZ
sz.002264,新华都,2008-07-31,,1,1,main,002264.SZ
sz.002265,建设工业,2008-08-06,,1,1,main,002265.SZ
sz.002266,浙富控股,2008-08-06,,1,1,main,002266.SZ
sz.002267,陕天然气,2008-08-13,,1,1,main,002267.SZ
sz.002268,电科网安,2008-08-11,,1,1,main,002268.SZ
sz.002269,美邦服饰,2008-08-28,,1,1,main,002269.SZ
sz.002270,华明装备,2008-09-05,,1,1,main,002270.SZ
sz.002271,东方雨虹,2008-09-10,,1,1,main,002271.SZ
sz.002272,川润股份,2008-09-19,,1,1,main,002272.SZ
sz.002273,水晶光电,2008-09-19,,1,1,main,002273.SZ
sz.002274,华昌化工,2008-09-25,,1,1,main,002274.SZ
sz.002275,桂林三金,2009-07-10,,1,1,main,002275.SZ
sz.002276,万马股份,2009-07-10,,1,1,main,002276.SZ
sz.002277,友阿股份,2009-07-17,,1,1,main,002277.SZ
sz.002278,神开股份,2009-08-11,,1,1,main,002278.SZ
sz.002279,久其软件,2009-08-11,,1,1,main,002279.SZ
sz.002280,ST联络,2009-08-21,2024-08-16,1,0,main,002280.SZ
sz.002281,光迅科技,2009-08-21,,1,1,main,002281.SZ
sz.002282,博深股份,2009-08-21,,1,1,main,002282.SZ
sz.002283,天润工业,2009-08-21,,1,1,main,002283.SZ
sz.002284,亚太股份,2009-08-28,,1,1,main,002284.SZ
sz.002285,世联行,2009-08-28,,1,1,main,002285.SZ
sz.002286,保龄宝,2009-08-28,,1,1,main,002286.SZ
sz.002287,奇正藏药,2009-08-28,,1,1,main,002287.SZ
sz.002288,*ST超华,2009-09-03,2024-08-19,1,0,main,002288.SZ
sz.002289,宇顺电子,2009-09-03,,1,1,main,002289.SZ
sz.002290,禾盛新材,2009-09-03,,1,1,main,002290.SZ
sz.002291,遥望科技,2009-09-03,,1,1,main,002291.SZ
sz.002292,奥飞娱乐,2009-09-10,,1,1,main,002292.SZ
sz.002293,罗莱生活,2009-09-10,,1,1,main,002293.SZ
sz.002294,信立泰,2009-09-10,,1,1,main,002294.SZ
sz.002295,精艺股份,2009-09-29,,1,1,main,002295.SZ
sz.002296,辉煌科技,2009-09-29,,1,1,main,002296.SZ
sz.002297,博云新材,2009-09-29,,1,1,main,002297.SZ
sz.002298,中电鑫龙,2009-09-29,,1,1,main,002298.SZ
sz.002299,圣农发展,2009-10-21,,1,1,main,002299.SZ
sz.002300,太阳电缆,2009-10-21,,1,1,main,002300.SZ
sz.002301,齐心集团,2009-10-21,,1,1,main,002301.SZ
sz.002302,西部建设,2009-11-03,,1,1,main,002302.SZ
sz.002303,美盈森,2009-11-03,,1,1,main,002303.SZ
sz.002304,洋河股份,2009-11-06,,1,1,main,002304.SZ
sz.002305,*ST南置,2009-11-06,,1,1,main,002305.SZ
sz.002306,ST云网,2009-11-11,,1,1,main,002306.SZ
sz.002307,北新路桥,2009-11-11,,1,1,main,002307.SZ
sz.002308,*ST威创,2009-11-27,2024-09-27,1,0,main,002308.SZ
sz.002309,中利集团,2009-11-27,,1,1,main,002309.SZ
sz.002310,东方新能,2009-11-27,,1,1,main,002310.SZ
sz.002311,海大集团,2009-11-27,,1,1,main,002311.SZ
sz.002312,川发龙蟒,2009-12-03,,1,1,main,002312.SZ
sz.002313,日海智能,2009-12-03,,1,1,main,002313.SZ
sz.002314,南山控股,2009-12-03,,1,1,main,002314.SZ
sz.002315,焦点科技,2009-12-09,,1,1,main,002315.SZ
sz.002316,亚联发展,2009-12-09,,1,1,main,002316.SZ
sz.002317,众生药业,2009-12-11,,1,1,main,002317.SZ
sz.002318,久立特材,2009-12-11,,1,1,main,002318.SZ
sz.002319,乐通股份,2009-12-11,,1,1,main,002319.SZ
sz.002320,海峡股份,2009-12-16,,1,1,main,002320.SZ
sz.002321,华英农业,2009-12-16,,1,1,main,002321.SZ
sz.002322,理工能科,2009-12-18,,1,1,main,002322.SZ
sz.002323,*ST雅博,2009-12-18,,1,1,main,002323.SZ
sz.002324,普利特,2009-12-18,,1,1,main,002324.SZ
sz.002325,*ST洪涛,2009-12-22,2024-08-15,1,0,main,002325.SZ
sz.002326,永太科技,2009-12-22,,1,1,main,002326.SZ
sz.002327,富安娜,2009-12-30,,1,1,main,002327.SZ
sz.002328,新朋股份,2009-12-30,,1,1,main,002328.SZ
sz.002329,皇氏集团,2010-01-06,,1,1,main,002329.SZ
sz.002330,得利斯,2010-01-06,,1,1,main,002330.SZ
sz.002331,皖通科技,2010-01-06,,1,1,main,002331.SZ
sz.002332,仙琚制药,2010-01-12,,1,1,main,002332.SZ
sz.002333,罗普斯金,2010-01-12,,1,1,main,002333.SZ
sz.002334,英威腾,2010-01-13,,1,1,main,002334.SZ
sz.002335,科华数据,2010-01-13,,1,1,main,002335.SZ
sz.002336,人乐退,2010-01-13,2025-07-04,1,0,main,002336.SZ
sz.002337,赛象科技,2010-01-15,,1,1,main,002337.SZ
sz.002338,奥普光电,2010-01-15,,1,1,main,002338.SZ
sz.002339,积成电子,2010-01-22,,1,1,main,002339.SZ
sz.002340,格林美,2010-01-22,,1,1,main,002340.SZ
sz.002341,ST新纶,2010-01-22,2024-08-23,1,0,main,002341.SZ
sz.002342,巨力索具,2010-01-26,,1,1,main,002342.SZ
sz.002343,慈文传媒,2010-01-26,,1,1,main,002343.SZ
sz.002344,海宁皮城,2010-01-26,,1,1,main,002344.SZ
sz.002345,潮宏基,2010-01-28,,1,1,main,002345.SZ
sz.002346,柘中股份,2010-01-28,,1,1,main,002346.SZ
sz.002347,泰尔股份,2010-01-28,,1,1,main,002347.SZ
sz.002348,高乐股份,2010-02-03,,1,1,main,002348.SZ
sz.002349,精华制药,2010-02-03,,1,1,main,002349.SZ
sz.002350,北京科锐,2010-02-03,,1,1,main,002350.SZ
sz.002351,漫步者,2010-02-05,,1,1,main,002351.SZ
sz.002352,顺丰控股,2010-02-05,,1,1,main,002352.SZ
sz.002353,杰瑞股份,2010-02-05,,1,1,main,002353.SZ
sz.002354,天娱数科,2010-02-09,,1,1,main,002354.SZ
sz.002355,兴民智通,2010-02-09,,1,1,main,002355.SZ
sz.002356,鹏飞绿能,2010-02-09,,1,1,main,002356.SZ
sz.002357,富临运业,2010-02-10,,1,1,main,002357.SZ
sz.002358,森源电气,2010-02-10,,1,1,main,002358.SZ
sz.002359,北讯退,2010-02-10,2021-07-23,1,0,main,002359.SZ
sz.002360,ST同德,2010-03-03,,1,1,main,002360.SZ
sz.002361,神剑股份,2010-03-03,,1,1,main,002361.SZ
sz.002362,汉王科技,2010-03-03,,1,1,main,002362.SZ
sz.002363,隆基机械,2010-03-05,,1,1,main,002363.SZ
sz.002364,中恒电气,2010-03-05,,1,1,main,002364.SZ
sz.002365,永安药业,2010-03-05,,1,1,main,002365.SZ
sz.002366,融发核电,2010-03-12,,1,1,main,002366.SZ
sz.002367,康力电梯,2010-03-12,,1,1,main,002367.SZ
sz.002368,太极股份,2010-03-12,,1,1,main,002368.SZ
sz.002369,卓翼科技,2010-03-16,,1,1,main,002369.SZ
sz.002370,亚太药业,2010-03-16,,1,1,main,002370.SZ
sz.002371,北方华创,2010-03-16,,1,1,main,002371.SZ
sz.002372,伟星新材,2010-03-18,,1,1,main,002372.SZ
sz.002373,千方科技,2010-03-18,,1,1,main,002373.SZ
sz.002374,中锐股份,2010-03-18,,1,1,main,002374.SZ
sz.002375,亚厦股份,2010-03-23,,1,1,main,002375.SZ
sz.002376,新北洋,2010-03-23,,1,1,main,002376.SZ
sz.002377,国创高新,2010-03-23,,1,1,main,002377.SZ
sz.002378,章源钨业,2010-03-31,,1,1,main,002378.SZ
sz.002379,宏桥控股,2010-03-31,,1,1,main,002379.SZ
sz.002380,科远智慧,2010-03-31,,1,1,main,002380.SZ
sz.002381,双箭股份,2010-04-02,,1,1,main,002381.SZ
sz.002382,蓝帆医疗,2010-04-02,,1,1,main,002382.SZ
sz.002383,合众思壮,2010-04-02,,1,1,main,002383.SZ
sz.002384,东山精密,2010-04-09,,1,1,main,002384.SZ
sz.002385,大北农,2010-04-09,,1,1,main,002385.SZ
sz.002386,天原股份,2010-04-09,,1,1,main,002386.SZ
sz.002387,维信诺,2010-04-13,,1,1,main,002387.SZ
sz.002388,新亚制程,2010-04-13,,1,1,main,002388.SZ
sz.002389,航天彩虹,2010-04-13,,1,1,main,002389.SZ
sz.002390,信邦制药,2010-04-16,,1,1,main,002390.SZ
sz.002391,长青股份,2010-04-16,,1,1,main,002391.SZ
sz.002392,北京利尔,2010-04-23,,1,1,main,002392.SZ
sz.002393,力生制药,2010-04-23,,1,1,main,002393.SZ
sz.002394,联发股份,2010-04-23,,1,1,main,002394.SZ
sz.002395,双象股份,2010-04-29,,1,1,main,002395.SZ
sz.002396,星网锐捷,2010-06-23,,1,1,main,002396.SZ
sz.002397,梦洁股份,2010-04-29,,1,1,main,002397.SZ
sz.002398,垒知集团,2010-05-06,,1,1,main,002398.SZ
sz.002399,海普瑞,2010-05-06,,1,1,main,002399.SZ
sz.002400,省广集团,2010-05-06,,1,1,main,002400.SZ
sz.002401,中远海科,2010-05-06,,1,1,main,002401.SZ
sz.002402,和而泰,2010-05-11,,1,1,main,002402.SZ
sz.002403,爱仕达,2010-05-11,,1,1,main,002403.SZ
sz.002404,嘉欣丝绸,2010-05-11,,1,1,main,002404.SZ
sz.002405,四维图新,2010-05-18,,1,1,main,002405.SZ
sz.002406,远东传动,2010-05-18,,1,1,main,002406.SZ
sz.002407,多氟多,2010-05-18,,1,1,main,002407.SZ
sz.002408,齐翔腾达,2010-05-18,,1,1,main,002408.SZ
sz.002409,雅克科技,2010-05-25,,1,1,main,002409.SZ
sz.002410,广联达,2010-05-25,,1,1,main,002410.SZ
sz.002411,必康退,2010-05-25,2023-07-12,1,0,main,002411.SZ
sz.002412,汉森制药,2010-05-25,,1,1,main,002412.SZ
sz.002413,雷科防务,2010-05-28,,1,1,main,002413.SZ
sz.002414,高德红外,2010-07-16,,1,1,main,002414.SZ
sz.002415,海康威视,2010-05-28,,1,1,main,002415.SZ
sz.002416,爱施德,2010-05-28,,1,1,main,002416.SZ
sz.002417,深南退,2010-06-01,2023-07-10,1,0,main,002417.SZ
sz.002418,康盛股份,2010-06-01,,1,1,main,002418.SZ
sz.002419,天虹股份,2010-06-01,,1,1,main,002419.SZ
sz.002420,毅昌科技,2010-06-01,,1,1,main,002420.SZ
sz.002421,达实智能,2010-06-03,,1,1,main,002421.SZ
sz.002422,科伦药业,2010-06-03,,1,1,main,002422.SZ
sz.002423,中粮资本,2010-06-03,,1,1,main,002423.SZ
sz.002424,ST百灵,2010-06-03,,1,1,main,002424.SZ
sz.002425,凯撒文化,2010-06-08,,1,1,main,002425.SZ
sz.002426,胜利精密,2010-06-08,,1,1,main,002426.SZ
sz.002427,尤夫股份,2010-06-08,,1,1,main,002427.SZ
sz.002428,云南锗业,2010-06-08,,1,1,main,002428.SZ
sz.002429,兆驰股份,2010-06-10,,1,1,main,002429.SZ
sz.002430,杭氧股份,2010-06-10,,1,1,main,002430.SZ
sz.002431,ST棕榈,2010-06-10,,1,1,main,002431.SZ
sz.002432,九安医疗,2010-06-10,,1,1,main,002432.SZ
sz.002433,太安退,2010-06-18,2024-07-05,1,0,main,002433.SZ
sz.002434,万里扬,2010-06-18,,1,1,main,002434.SZ
sz.002435,ST长康,2010-06-18,2024-08-15,1,0,main,002435.SZ
sz.002436,兴森科技,2010-06-18,,1,1,main,002436.SZ
sz.002437,誉衡药业,2010-06-23,,1,1,main,002437.SZ
sz.002438,江苏神通,2010-06-23,,1,1,main,002438.SZ
sz.002439,启明星辰,2010-06-23,,1,1,main,002439.SZ
sz.002440,闰土股份,2010-07-06,,1,1,main,002440.SZ
sz.002441,众业达,2010-07-06,,1,1,main,002441.SZ
sz.002442,龙星科技,2010-07-06,,1,1,main,002442.SZ
sz.002443,金洲管道,2010-07-06,,1,1,main,002443.SZ
sz.002444,巨星科技,2010-07-13,,1,1,main,002444.SZ
sz.002445,中南文化,2010-07-13,,1,1,main,002445.SZ
sz.002446,盛路通信,2010-07-13,,1,1,main,002446.SZ
sz.002447,晨鑫退,2010-07-13,2022-06-27,1,0,main,002447.SZ
sz.002448,中原内配,2010-07-16,,1,1,main,002448.SZ
sz.002449,国星光电,2010-07-16,,1,1,main,002449.SZ
sz.002450,康得退,2010-07-16,2021-05-31,1,0,main,002450.SZ
sz.002451,摩恩电气,2010-07-20,,1,1,main,002451.SZ
sz.002452,长高电气,2010-07-20,,1,1,main,002452.SZ
sz.002453,华软科技,2010-07-20,,1,1,main,002453.SZ
sz.002454,松芝股份,2010-07-20,,1,1,main,002454.SZ
sz.002455,百川股份,2010-08-03,,1,1,main,002455.SZ
sz.002456,欧菲光,2010-08-03,,1,1,main,002456.SZ
sz.002457,青龙管业,2010-08-03,,1,1,main,002457.SZ
sz.002458,益生股份,2010-08-10,,1,1,main,002458.SZ
sz.002459,晶澳科技,2010-08-10,,1,1,main,002459.SZ
sz.002460,赣锋锂业,2010-08-10,,1,1,main,002460.SZ
sz.002461,珠江啤酒,2010-08-18,,1,1,main,002461.SZ
sz.002462,嘉事堂,2010-08-18,,1,1,main,002462.SZ
sz.002463,沪电股份,2010-08-18,,1,1,main,002463.SZ
sz.002464,众应退,2010-08-31,2022-06-28,1,0,main,002464.SZ
sz.002465,海格通信,2010-08-31,,1,1,main,002465.SZ
sz.002466,天齐锂业,2010-08-31,,1,1,main,002466.SZ
sz.002467,二六三,2010-09-08,,1,1,main,002467.SZ
sz.002468,申通快递,2010-09-08,,1,1,main,002468.SZ
sz.002469,三维化学,2010-09-08,,1,1,main,002469.SZ
sz.002470,金正大,2010-09-08,,1,1,main,002470.SZ
sz.002471,中超控股,2010-09-10,,1,1,main,002471.SZ
sz.002472,双环传动,2010-09-10,,1,1,main,002472.SZ
sz.002473,圣莱退,2010-09-10,2022-06-22,1,0,main,002473.SZ
sz.002474,榕基软件,2010-09-15,,1,1,main,002474.SZ
sz.002475,立讯精密,2010-09-15,,1,1,main,002475.SZ
sz.002476,新叶股份,2010-09-15,,1,1,main,002476.SZ
sz.002477,雏鹰退,2010-09-15,2019-10-16,1,0,main,002477.SZ
sz.002478,常宝股份,2010-09-21,,1,1,main,002478.SZ
sz.002479,富春环保,2010-09-21,,1,1,main,002479.SZ
sz.002480,新筑股份,2010-09-21,,1,1,main,002480.SZ
sz.002481,双塔食品,2010-09-21,,1,1,main,002481.SZ
sz.002482,广田集团,2010-09-29,,1,1,main,002482.SZ
sz.002483,润邦股份,2010-09-29,,1,1,main,002483.SZ
sz.002484,江海股份,2010-09-29,,1,1,main,002484.SZ
sz.002485,ST雪发,2010-10-15,,1,1,main,002485.SZ
sz.002486,嘉麟杰,2010-10-15,,1,1,main,002486.SZ
sz.002487,大金重工,2010-10-15,,1,1,main,002487.SZ
sz.002488,金固股份,2010-10-21,,1,1,main,002488.SZ
sz.002489,浙江永强,2010-10-21,,1,1,main,002489.SZ
sz.002490,山东墨龙,2010-10-21,,1,1,main,002490.SZ
sz.002491,通鼎互联,2010-10-21,,1,1,main,002491.SZ
sz.002492,恒基达鑫,2010-11-02,,1,1,main,002492.SZ
sz.002493,荣盛石化,2010-11-02,,1,1,main,002493.SZ
sz.002494,华斯股份,2010-11-02,,1,1,main,002494.SZ
sz.002495,佳隆股份,2010-11-02,,1,1,main,002495.SZ
sz.002496,辉丰股份,2010-11-09,,1,1,main,002496.SZ
sz.002497,雅化集团,2010-11-09,,1,1,main,002497.SZ
sz.002498,汉缆股份,2010-11-09,,1,1,main,002498.SZ
sz.002499,科林退,2010-11-09,2023-04-18,1,0,main,002499.SZ
sz.002500,山西证券,2010-11-15,,1,1,main,002500.SZ
sz.002501,*ST利源,2010-11-17,,1,1,main,002501.SZ
sz.002502,ST鼎龙,2010-11-17,2024-09-05,1,0,main,002502.SZ
sz.002503,*ST搜特,2010-11-17,2023-08-11,1,0,main,002503.SZ
sz.002504,*ST弘高,2010-11-18,2023-08-21,1,0,main,002504.SZ
sz.002505,鹏都农牧,2010-11-18,2024-08-30,1,0,main,002505.SZ
sz.002506,协鑫集成,2010-11-18,,1,1,main,002506.SZ
sz.002507,涪陵榨菜,2010-11-23,,1,1,main,002507.SZ
sz.002508,老板电器,2010-11-23,,1,1,main,002508.SZ
sz.002509,天茂退,2010-11-23,2020-07-20,1,0,main,002509.SZ
sz.002510,天汽模,2010-11-25,,1,1,main,002510.SZ
sz.002511,中顺洁柔,2010-11-25,,1,1,main,002511.SZ
sz.002512,ST达华,2010-12-03,,1,1,main,002512.SZ
sz.002513,蓝丰生化,2010-12-03,,1,1,main,002513.SZ
sz.002514,*ST宝馨,2010-12-03,,1,1,main,002514.SZ
sz.002515,金字火腿,2010-12-03,,1,1,main,002515.SZ
sz.002516,旷达科技,2010-12-07,,1,1,main,002516.SZ
sz.002517,恺英网络,2010-12-07,,1,1,main,002517.SZ
sz.002518,科士达,2010-12-07,,1,1,main,002518.SZ
sz.002519,银河电子,2010-12-07,,1,1,main,002519.SZ
sz.002520,日发精机,2010-12-10,,1,1,main,002520.SZ
sz.002521,齐峰新材,2010-12-10,,1,1,main,002521.SZ
sz.002522,浙江众成,2010-12-10,,1,1,main,002522.SZ
sz.002523,天桥起重,2010-12-10,,1,1,main,002523.SZ
sz.002524,光正眼科,2010-12-17,,1,1,main,002524.SZ
sz.002526,山东矿机,2010-12-17,,1,1,main,002526.SZ
sz.002527,新时达,2010-12-24,,1,1,main,002527.SZ
sz.002528,*ST英飞,2010-12-24,,1,1,main,002528.SZ
sz.002529,海源复材,2010-12-24,,1,1,main,002529.SZ
sz.002530,金财互联,2010-12-31,,1,1,main,002530.SZ
sz.002531,天顺风能,2010-12-31,,1,1,main,002531.SZ
sz.002532,天山铝业,2010-12-31,,1,1,main,002532.SZ
sz.002533,金杯电工,2010-12-31,,1,1,main,002533.SZ
sz.002534,西子洁能,2011-01-10,,1,1,main,002534.SZ
sz.002535,林州重机,2011-01-11,,1,1,main,002535.SZ
sz.002536,飞龙股份,2011-01-11,,1,1,main,002536.SZ
sz.002537,海联金汇,2011-01-10,,1,1,main,002537.SZ
sz.002538,ST司特,2011-01-18,,1,1,main,002538.SZ
sz.002539,云图控股,2011-01-18,,1,1,main,002539.SZ
sz.002540,亚太科技,2011-01-18,,1,1,main,002540.SZ
sz.002541,鸿路钢构,2011-01-18,,1,1,main,002541.SZ
sz.002542,*ST中岩,2011-01-28,,1,1,main,002542.SZ
sz.002543,万和电气,2011-01-28,,1,1,main,002543.SZ
sz.002544,普天科技,2011-01-28,,1,1,main,002544.SZ
sz.002545,东方铁塔,2011-02-11,,1,1,main,002545.SZ
sz.002546,新联电子,2011-02-11,,1,1,main,002546.SZ
sz.002547,*ST春兴,2011-02-18,,1,1,main,002547.SZ
sz.002548,金新农,2011-02-18,,1,1,main,002548.SZ
sz.002549,凯美特气,2011-02-18,,1,1,main,002549.SZ
sz.002550,千红制药,2011-02-18,,1,1,main,002550.SZ
sz.002551,尚荣医疗,2011-02-25,,1,1,main,002551.SZ
sz.002552,宝鼎科技,2011-02-25,,1,1,main,002552.SZ
sz.002553,南方精工,2011-02-25,,1,1,main,002553.SZ
sz.002554,惠博普,2011-02-25,,1,1,main,002554.SZ
sz.002555,三七互娱,2011-03-02,,1,1,main,002555.SZ
sz.002556,辉隆股份,2011-03-02,,1,1,main,002556.SZ
sz.002557,洽洽食品,2011-03-02,,1,1,main,002557.SZ
sz.002558,巨人网络,2011-03-02,,1,1,main,002558.SZ
sz.002559,亚威股份,2011-03-03,,1,1,main,002559.SZ
sz.002560,通达股份,2011-03-03,,1,1,main,002560.SZ
sz.002561,徐家汇,2011-03-03,,1,1,main,002561.SZ
sz.002562,兄弟科技,2011-03-10,,1,1,main,002562.SZ
sz.002563,森马服饰,2011-03-11,,1,1,main,002563.SZ
sz.002564,天沃科技,2011-03-10,,1,1,main,002564.SZ
sz.002565,顺灏股份,2011-03-18,,1,1,main,002565.SZ
sz.002566,益盛药业,2011-03-18,,1,1,main,002566.SZ
sz.002567,唐人神,2011-03-25,,1,1,main,002567.SZ
sz.002568,百润股份,2011-03-25,,1,1,main,002568.SZ
sz.002569,*ST步森,2011-04-12,,1,1,main,002569.SZ
sz.002570,贝因美,2011-04-12,,1,1,main,002570.SZ
sz.002571,德力股份,2011-04-12,,1,1,main,002571.SZ
sz.002572,索菲亚,2011-04-12,,1,1,main,002572.SZ
sz.002573,清新环境,2011-04-22,,1,1,main,002573.SZ
sz.002574,明牌珠宝,2011-04-22,,1,1,main,002574.SZ
sz.002575,群兴玩具,2011-04-22,,1,1,main,002575.SZ
sz.002576,通达动力,2011-04-28,,1,1,main,002576.SZ
sz.002577,雷柏科技,2011-04-28,,1,1,main,002577.SZ
sz.002578,闽发铝业,2011-04-28,,1,1,main,002578.SZ
sz.002579,中京电子,2011-05-06,,1,1,main,002579.SZ
sz.002580,圣阳股份,2011-05-06,,1,1,main,002580.SZ
sz.002581,*ST未名,2011-05-20,,1,1,main,002581.SZ
sz.002582,好想你,2011-05-20,,1,1,main,002582.SZ
sz.002583,海能达,2011-05-27,,1,1,main,002583.SZ
sz.002584,西陇科学,2011-06-02,,1,1,main,002584.SZ
sz.002585,双星新材,2011-06-02,,1,1,main,002585.SZ
sz.002586,围海股份,2011-06-02,,1,1,main,002586.SZ
sz.002587,奥拓电子,2011-06-10,,1,1,main,002587.SZ
sz.002588,史丹利,2011-06-10,,1,1,main,002588.SZ
sz.002589,瑞康医药,2011-06-10,,1,1,main,002589.SZ
sz.002590,万安科技,2011-06-10,,1,1,main,002590.SZ
sz.002591,恒大高新,2011-06-21,,1,1,main,002591.SZ
sz.002592,ST八菱,2011-11-11,,1,1,main,002592.SZ
sz.002593,日上集团,2011-06-28,,1,1,main,002593.SZ
sz.002594,比亚迪,2011-06-30,,1,1,main,002594.SZ
sz.002595,豪迈科技,2011-06-28,,1,1,main,002595.SZ
sz.002596,海南瑞泽,2011-07-07,,1,1,main,002596.SZ
sz.002597,金禾实业,2011-07-07,,1,1,main,002597.SZ
sz.002598,ST章鼓,2011-07-07,,1,1,main,002598.SZ
sz.002599,盛通股份,2011-07-15,,1,1,main,002599.SZ
sz.002600,领益智造,2011-07-15,,1,1,main,002600.SZ
sz.002601,龙佰集团,2011-07-15,,1,1,main,002601.SZ
sz.002602,世纪华通,2011-07-28,,1,1,main,002602.SZ
sz.002603,以岭药业,2011-07-28,,1,1,main,002603.SZ
sz.002604,龙力退,2011-07-28,2020-07-15,1,0,main,002604.SZ
sz.002605,姚记科技,2011-08-05,,1,1,main,002605.SZ
sz.002606,大连电瓷,2011-08-05,,1,1,main,002606.SZ
sz.002607,中公教育,2011-08-10,,1,1,main,002607.SZ
sz.002608,江苏国信,2011-08-10,,1,1,main,002608.SZ
sz.002609,捷顺科技,2011-08-15,,1,1,main,002609.SZ
sz.002610,ST爱康,2011-08-15,2024-08-12,1,0,main,002610.SZ
sz.002611,东方精工,2011-08-30,,1,1,main,002611.SZ
sz.002612,朗姿股份,2011-08-30,,1,1,main,002612.SZ
sz.002613,北玻股份,2011-08-30,,1,1,main,002613.SZ
sz.002614,奥佳华,2011-09-09,,1,1,main,002614.SZ
sz.002615,哈尔斯,2011-09-09,,1,1,main,002615.SZ
sz.002616,长青集团,2011-09-20,,1,1,main,002616.SZ
sz.002617,露笑科技,2011-09-20,,1,1,main,002617.SZ
sz.002618,丹邦退,2011-09-20,2022-06-22,1,0,main,002618.SZ
sz.002619,*ST艾格,2011-09-29,2022-04-28,1,0,main,002619.SZ
sz.002620,*ST瑞和,2011-09-29,,1,1,main,002620.SZ
sz.002621,*ST美吉,2011-09-29,2024-08-05,1,0,main,002621.SZ
sz.002622,皓宸医疗,2011-10-18,,1,1,main,002622.SZ
sz.002623,亚玛顿,2011-10-13,,1,1,main,002623.SZ
sz.002624,完美世界,2011-10-28,,1,1,main,002624.SZ
sz.002625,光启技术,2011-11-03,,1,1,main,002625.SZ
sz.002626,金达威,2011-10-28,,1,1,main,002626.SZ
sz.002627,三峡旅游,2011-11-03,,1,1,main,002627.SZ
sz.002628,成都路桥,2011-11-03,,1,1,main,002628.SZ
sz.002629,仁智股份,2011-11-03,,1,1,main,002629.SZ
sz.002630,*ST华西,2011-11-11,,1,1,main,002630.SZ
sz.002631,德尔未来,2011-11-11,,1,1,main,002631.SZ
sz.002632,道明光学,2011-11-22,,1,1,main,002632.SZ
sz.002633,申科股份,2011-11-22,,1,1,main,002633.SZ
sz.002634,*ST棒杰,2011-12-05,,1,1,main,002634.SZ
sz.002635,安洁科技,2011-11-25,,1,1,main,002635.SZ
sz.002636,金安国纪,2011-11-25,,1,1,main,002636.SZ
sz.002637,赞宇科技,2011-11-25,,1,1,main,002637.SZ
sz.002638,勤上股份,2011-11-25,,1,1,main,002638.SZ
sz.002639,雪人集团,2011-12-05,,1,1,main,002639.SZ
sz.002640,跨境通,2011-12-08,,1,1,main,002640.SZ
sz.002641,公元股份,2011-12-08,,1,1,main,002641.SZ
sz.002642,荣联科技,2011-12-20,,1,1,main,002642.SZ
sz.002643,万润股份,2011-12-20,,1,1,main,002643.SZ
sz.002644,佛慈制药,2011-12-22,,1,1,main,002644.SZ
sz.002645,华宏科技,2011-12-20,,1,1,main,002645.SZ
sz.002646,天佑德酒,2011-12-22,,1,1,main,002646.SZ
sz.002647,仁东控股,2011-12-28,,1,1,main,002647.SZ
sz.002648,卫星化学,2011-12-28,,1,1,main,002648.SZ
sz.002649,博彦科技,2012-01-06,,1,1,main,002649.SZ
sz.002650,ST加加,2012-01-06,,1,1,main,002650.SZ
sz.002651,利君股份,2012-01-06,,1,1,main,002651.SZ
sz.002652,扬子新材,2012-01-19,,1,1,main,002652.SZ
sz.002653,海思科,2012-01-17,,1,1,main,002653.SZ
sz.002654,万润科技,2012-02-17,,1,1,main,002654.SZ
sz.002655,共达电声,2012-02-17,,1,1,main,002655.SZ
sz.002656,摩登大道,2012-02-28,,1,1,main,002656.SZ
sz.002657,中科金财,2012-02-28,,1,1,main,002657.SZ
sz.002658,雪迪龙,2012-03-09,,1,1,main,002658.SZ
sz.002659,凯文教育,2012-03-09,,1,1,main,002659.SZ
sz.002660,茂硕电源,2012-03-16,,1,1,main,002660.SZ
sz.002661,克明食品,2012-03-16,,1,1,main,002661.SZ
sz.002662,峰璟股份,2012-03-09,,1,1,main,002662.SZ
sz.002663,普邦股份,2012-03-16,,1,1,main,002663.SZ
sz.002664,信质集团,2012-03-16,,1,1,main,002664.SZ
sz.002665,ST航高,2012-03-27,2024-08-26,1,0,main,002665.SZ
sz.002666,德联集团,2012-03-27,,1,1,main,002666.SZ
sz.002667,*ST威领,2012-03-29,,1,1,main,002667.SZ
sz.002668,TCL智家,2012-04-16,,1,1,main,002668.SZ
sz.002669,康达新材,2012-04-16,,1,1,main,002669.SZ
sz.002670,国盛证券,2012-04-16,,1,1,main,002670.SZ
sz.002671,龙泉股份,2012-04-26,,1,1,main,002671.SZ
sz.002672,东江环保,2012-04-26,,1,1,main,002672.SZ
sz.002673,西部证券,2012-05-03,,1,1,main,002673.SZ
sz.002674,兴业科技,2012-05-07,,1,1,main,002674.SZ
sz.002675,东诚药业,2012-05-25,,1,1,main,002675.SZ
sz.002676,顺威股份,2012-05-25,,1,1,main,002676.SZ
sz.002677,浙江美大,2012-05-25,,1,1,main,002677.SZ
sz.002678,珠江钢琴,2012-05-30,,1,1,main,002678.SZ
sz.002679,福建金森,2012-06-05,,1,1,main,002679.SZ
sz.002680,长生退,2012-06-05,2019-11-27,1,0,main,002680.SZ
sz.002681,奋达科技,2012-06-05,,1,1,main,002681.SZ
sz.002682,龙洲股份,2012-06-12,,1,1,main,002682.SZ
sz.002683,广东宏大,2012-06-12,,1,1,main,002683.SZ
sz.002684,猛狮退,2012-06-12,2022-06-27,1,0,main,002684.SZ
sz.002685,华东重机,2012-06-12,,1,1,main,002685.SZ
sz.002686,亿利达,2012-07-03,,1,1,main,002686.SZ
sz.002687,乔治白,2012-07-13,,1,1,main,002687.SZ
sz.002688,金河生物,2012-07-13,,1,1,main,002688.SZ
sz.002689,ST远智,2012-07-17,,1,1,main,002689.SZ
sz.002690,美亚光电,2012-07-31,,1,1,main,002690.SZ
sz.002691,*ST冀凯,2012-07-31,,1,1,main,002691.SZ
sz.002692,远程股份,2012-08-08,,1,1,main,002692.SZ
sz.002693,双成药业,2012-08-08,,1,1,main,002693.SZ
sz.002694,*ST顾地,2012-08-16,,1,1,main,002694.SZ
sz.002695,煌上煌,2012-09-05,,1,1,main,002695.SZ
sz.002696,百洋股份,2012-09-05,,1,1,main,002696.SZ
sz.002697,红旗连锁,2012-09-05,,1,1,main,002697.SZ
sz.002698,博实股份,2012-09-11,,1,1,main,002698.SZ
sz.002699,*ST美盛,2012-09-11,2024-06-05,1,0,main,002699.SZ
sz.002700,万憬能源,2012-09-21,,1,1,main,002700.SZ
sz.002701,奥瑞金,2012-10-11,,1,1,main,002701.SZ
sz.002702,海欣食品,2012-10-11,,1,1,main,002702.SZ
sz.002703,浙江世宝,2012-11-02,,1,1,main,002703.SZ
sz.002705,新宝股份,2014-01-21,,1,1,main,002705.SZ
sz.002706,良信股份,2014-01-21,,1,1,main,002706.SZ
sz.002707,众信旅游,2014-01-23,,1,1,main,002707.SZ
sz.002708,光洋股份,2014-01-21,,1,1,main,002708.SZ
sz.002709,天赐材料,2014-01-23,,1,1,main,002709.SZ
sz.002711,欧浦退,2014-01-27,2021-07-15,1,0,main,002711.SZ
sz.002712,思美传媒,2014-01-23,,1,1,main,002712.SZ
sz.002713,东易日盛,2014-02-19,,1,1,main,002713.SZ
sz.002714,牧原股份,2014-01-28,,1,1,main,002714.SZ
sz.002715,登云股份,2014-02-19,,1,1,main,002715.SZ
sz.002716,湖南白银,2014-01-28,,1,1,main,002716.SZ
sz.002717,*ST岭南,2014-02-19,,1,1,main,002717.SZ
sz.002718,友邦吊顶,2014-01-28,,1,1,main,002718.SZ
sz.002719,ST麦趣,2014-01-28,,1,1,main,002719.SZ
sz.002721,金一文化,2014-01-27,,1,1,main,002721.SZ
sz.002722,物产金轮,2014-01-28,,1,1,main,002722.SZ
sz.002723,小崧股份,2014-01-29,,1,1,main,002723.SZ
sz.002724,海洋王,2014-11-04,,1,1,main,002724.SZ
sz.002725,跃岭股份,2014-01-29,,1,1,main,002725.SZ
sz.002726,ST龙大,2014-06-26,,1,1,main,002726.SZ
sz.002727,一心堂,2014-07-02,,1,1,main,002727.SZ
sz.002728,特一药业,2014-07-31,,1,1,main,002728.SZ
sz.002729,好利科技,2014-09-12,,1,1,main,002729.SZ
sz.002730,电光科技,2014-10-09,,1,1,main,002730.SZ
sz.002731,*ST萃华,2014-11-04,,1,1,main,002731.SZ
sz.002732,燕塘乳业,2014-12-05,,1,1,main,002732.SZ
sz.002733,雄韬股份,2014-12-03,,1,1,main,002733.SZ
sz.002734,利民股份,2015-01-27,,1,1,main,002734.SZ
sz.002735,王子新材,2014-12-03,,1,1,main,002735.SZ
sz.002736,国信证券,2014-12-29,,1,1,main,002736.SZ
sz.002737,葵花药业,2014-12-30,,1,1,main,002737.SZ
sz.002738,中矿资源,2014-12-30,,1,1,main,002738.SZ
sz.002739,儒意电影,2015-01-22,,1,1,main,002739.SZ
sz.002740,*ST爱迪,2015-01-22,2024-03-04,1,0,main,002740.SZ
sz.002741,光华科技,2015-02-16,,1,1,main,002741.SZ
sz.002742,冀衡医药,2015-02-17,,1,1,main,002742.SZ
sz.002743,ST富煌,2015-02-17,,1,1,main,002743.SZ
sz.002745,木林森,2015-02-17,,1,1,main,002745.SZ
sz.002746,仙坛股份,2015-02-16,,1,1,main,002746.SZ
sz.002747,埃斯顿,2015-03-20,,1,1,main,002747.SZ
sz.002748,世龙实业,2015-03-19,,1,1,main,002748.SZ
sz.002749,国光股份,2015-03-20,,1,1,main,002749.SZ
sz.002750,龙津退,2015-03-24,2025-06-27,1,0,main,002750.SZ
sz.002751,易尚退,2015-04-24,2023-07-13,1,0,main,002751.SZ
sz.002752,昇兴股份,2015-04-22,,1,1,main,002752.SZ
sz.002753,永东股份,2015-05-19,,1,1,main,002753.SZ
sz.002755,奥赛康,2015-05-15,,1,1,main,002755.SZ
sz.002756,永兴材料,2015-05-15,,1,1,main,002756.SZ
sz.002757,南兴股份,2015-05-27,,1,1,main,002757.SZ
sz.002758,浙农股份,2015-05-27,,1,1,main,002758.SZ
sz.002759,ST天际,2015-05-28,,1,1,main,002759.SZ
sz.002760,凤形股份,2015-06-11,,1,1,main,002760.SZ
sz.002761,浙江建投,2015-06-10,,1,1,main,002761.SZ
sz.002762,金发拉比,2015-06-10,,1,1,main,002762.SZ
sz.002763,汇洁股份,2015-06-10,,1,1,main,002763.SZ
sz.002765,蓝黛科技,2015-06-12,,1,1,main,002765.SZ
sz.002766,索菱股份,2015-06-11,,1,1,main,002766.SZ
sz.002767,先锋电子,2015-06-12,,1,1,main,002767.SZ
sz.002768,国恩股份,2015-06-30,,1,1,main,002768.SZ
sz.002769,普路通,2015-06-29,,1,1,main,002769.SZ
sz.002770,科迪退,2015-06-30,2022-06-23,1,0,main,002770.SZ
sz.002771,真视通,2015-06-29,,1,1,main,002771.SZ
sz.002772,众兴菌业,2015-06-26,,1,1,main,002772.SZ
sz.002773,康弘药业,2015-06-26,,1,1,main,002773.SZ
sz.002774,快意电梯,2017-03-24,,1,1,main,002774.SZ
sz.002775,文科股份,2015-06-29,,1,1,main,002775.SZ
sz.002776,*ST柏龙,2015-06-26,2024-01-25,1,0,main,002776.SZ
sz.002777,久远银海,2015-12-31,,1,1,main,002777.SZ
sz.002778,中晟高科,2016-01-06,,1,1,main,002778.SZ
sz.002779,中坚科技,2015-12-09,,1,1,main,002779.SZ
sz.002780,三夫户外,2015-12-09,,1,1,main,002780.SZ
sz.002781,奇信退,2015-12-22,2023-07-05,1,0,main,002781.SZ
sz.002782,可立克,2015-12-22,,1,1,main,002782.SZ
sz.002783,凯龙股份,2015-12-09,,1,1,main,002783.SZ
sz.002785,万里石,2015-12-23,,1,1,main,002785.SZ
sz.002786,银宝山新,2015-12-23,,1,1,main,002786.SZ
sz.002787,华源控股,2015-12-31,,1,1,main,002787.SZ
sz.002788,鹭燕医药,2016-02-18,,1,1,main,002788.SZ
sz.002789,*ST建艺,2016-03-11,,1,1,main,002789.SZ
sz.002790,瑞尔特,2016-03-08,,1,1,main,002790.SZ
sz.002791,坚朗五金,2016-03-29,,1,1,main,002791.SZ
sz.002792,通宇通讯,2016-03-28,,1,1,main,002792.SZ
sz.002793,罗欣药业,2016-04-15,,1,1,main,002793.SZ
sz.002795,永和智控,2016-04-28,,1,1,main,002795.SZ
sz.002796,世嘉科技,2016-05-10,,1,1,main,002796.SZ
sz.002797,第一创业,2016-05-11,,1,1,main,002797.SZ
sz.002798,帝欧水华,2016-05-25,,1,1,main,002798.SZ
sz.002799,环球印务,2016-06-08,,1,1,main,002799.SZ
sz.002800,天顺股份,2016-05-30,,1,1,main,002800.SZ
sz.002801,微光股份,2016-06-22,,1,1,main,002801.SZ
sz.002802,洪汇新材,2016-06-29,,1,1,main,002802.SZ
sz.002803,吉宏股份,2016-07-12,,1,1,main,002803.SZ
sz.002805,丰元股份,2016-07-07,,1,1,main,002805.SZ
sz.002806,华锋股份,2016-07-26,,1,1,main,002806.SZ
sz.002807,江阴银行,2016-09-02,,1,1,main,002807.SZ
sz.002808,恒久退,2016-08-12,2026-07-14,1,0,main,002808.SZ
sz.002809,红墙股份,2016-08-23,,1,1,main,002809.SZ
sz.002810,山东赫达,2016-08-26,,1,1,main,002810.SZ
sz.002811,郑中设计,2016-09-08,,1,1,main,002811.SZ
sz.002812,恩捷股份,2016-09-14,,1,1,main,002812.SZ
sz.002813,路畅科技,2016-10-12,,1,1,main,002813.SZ
sz.002815,崇达技术,2016-10-12,,1,1,main,002815.SZ
sz.002816,*ST和科,2016-10-25,,1,1,main,002816.SZ
sz.002817,黄山胶囊,2016-10-25,,1,1,main,002817.SZ
sz.002818,富森美,2016-11-09,,1,1,main,002818.SZ
sz.002819,东方中科,2016-11-11,,1,1,main,002819.SZ
sz.002820,桂发祥,2016-11-18,,1,1,main,002820.SZ
sz.002821,凯莱英,2016-11-18,,1,1,main,002821.SZ
sz.002822,ST中装,2016-11-29,,1,1,main,002822.SZ
sz.002823,凯中精密,2016-11-24,,1,1,main,002823.SZ
sz.002824,和胜股份,2017-01-12,,1,1,main,002824.SZ
sz.002825,纳尔股份,2016-11-29,,1,1,main,002825.SZ
sz.002826,易明医药,2016-12-09,,1,1,main,002826.SZ
sz.002827,高争民爆,2016-12-09,,1,1,main,002827.SZ
sz.002828,贝肯能源,2016-12-08,,1,1,main,002828.SZ
sz.002829,星网宇达,2016-12-13,,1,1,main,002829.SZ
sz.002830,名雕股份,2016-12-13,,1,1,main,002830.SZ
sz.002831,裕同科技,2016-12-16,,1,1,main,002831.SZ
sz.002832,比音勒芬,2016-12-23,,1,1,main,002832.SZ
sz.002833,弘亚数控,2016-12-28,,1,1,main,002833.SZ
sz.002835,同为股份,2016-12-28,,1,1,main,002835.SZ
sz.002836,新宏泽,2016-12-29,,1,1,main,002836.SZ
sz.002837,英维克,2016-12-29,,1,1,main,002837.SZ
sz.002838,道恩股份,2017-01-06,,1,1,main,002838.SZ
sz.002839,张家港行,2017-01-24,,1,1,main,002839.SZ
sz.002840,华统股份,2017-01-10,,1,1,main,002840.SZ
sz.002841,视源股份,2017-01-19,,1,1,main,002841.SZ
sz.002842,翔鹭钨业,2017-01-19,,1,1,main,002842.SZ
sz.002843,泰嘉股份,2017-01-20,,1,1,main,002843.SZ
sz.002845,同兴达,2017-01-25,,1,1,main,002845.SZ
sz.002846,英联股份,2017-02-07,,1,1,main,002846.SZ
sz.002847,盐津铺子,2017-02-08,,1,1,main,002847.SZ
sz.002848,高斯贝尔,2017-02-13,,1,1,main,002848.SZ
sz.002849,威星智能,2017-02-17,,1,1,main,002849.SZ
sz.002850,科达利,2017-03-02,,1,1,main,002850.SZ
sz.002851,麦格米特,2017-03-06,,1,1,main,002851.SZ
sz.002852,道道全,2017-03-10,,1,1,main,002852.SZ
sz.002853,皮阿诺,2017-03-10,,1,1,main,002853.SZ
sz.002855,捷荣技术,2017-03-21,,1,1,main,002855.SZ
sz.002856,*ST美芝,2017-03-20,,1,1,main,002856.SZ
sz.002857,三晖电气,2017-03-23,,1,1,main,002857.SZ
sz.002858,力盛体育,2017-03-24,,1,1,main,002858.SZ
sz.002859,洁美科技,2017-04-07,,1,1,main,002859.SZ
sz.002860,星帅尔,2017-04-12,,1,1,main,002860.SZ
sz.002861,瀛通通讯,2017-04-13,,1,1,main,002861.SZ
sz.002862,实丰文化,2017-04-11,,1,1,main,002862.SZ
sz.002863,今飞凯达,2017-04-18,,1,1,main,002863.SZ
sz.002864,盘龙药业,2017-11-16,,1,1,main,002864.SZ
sz.002865,钧达股份,2017-04-25,,1,1,main,002865.SZ
sz.002866,传艺科技,2017-04-26,,1,1,main,002866.SZ
sz.002867,周大生,2017-04-27,,1,1,main,002867.SZ
sz.002868,绿康生化,2017-05-03,,1,1,main,002868.SZ
sz.002869,金溢科技,2017-05-15,,1,1,main,002869.SZ
sz.002870,香山股份,2017-05-15,,1,1,main,002870.SZ
sz.002871,伟隆股份,2017-05-11,,1,1,main,002871.SZ
sz.002872,ST天圣,2017-05-19,,1,1,main,002872.SZ
sz.002873,新天药业,2017-05-19,,1,1,main,002873.SZ
sz.002875,安奈儿,2017-06-01,,1,1,main,002875.SZ
sz.002876,三利谱,2017-05-25,,1,1,main,002876.SZ
sz.002877,智能自控,2017-06-05,,1,1,main,002877.SZ
sz.002878,元隆雅图,2017-06-06,,1,1,main,002878.SZ
sz.002879,长缆科技,2017-07-07,,1,1,main,002879.SZ
sz.002880,卫光生物,2017-06-16,,1,1,main,002880.SZ
sz.002881,美格智能,2017-06-22,,1,1,main,002881.SZ
sz.002882,金龙羽,2017-07-17,,1,1,main,002882.SZ
sz.002883,*ST中设,2017-06-20,,1,1,main,002883.SZ
sz.002884,凌霄泵业,2017-07-11,,1,1,main,002884.SZ
sz.002885,京泉华,2017-06-27,,1,1,main,002885.SZ
sz.002886,沃特股份,2017-06-27,,1,1,main,002886.SZ
sz.002887,绿茵生态,2017-08-01,,1,1,main,002887.SZ
sz.002888,惠威科技,2017-07-21,,1,1,main,002888.SZ
sz.002889,东方嘉盛,2017-07-31,,1,1,main,002889.SZ
sz.002890,弘宇股份,2017-08-02,,1,1,main,002890.SZ
sz.002891,中宠股份,2017-08-21,,1,1,main,002891.SZ
sz.002892,科力尔,2017-08-17,,1,1,main,002892.SZ
sz.002893,京能热力,2017-09-15,,1,1,main,002893.SZ
sz.002895,川恒股份,2017-08-25,,1,1,main,002895.SZ
sz.002896,中大力德,2017-08-29,,1,1,main,002896.SZ
sz.002897,意华股份,2017-09-07,,1,1,main,002897.SZ
sz.002898,赛隆退,2017-09-12,2026-07-17,1,0,main,002898.SZ
sz.002899,英派斯,2017-09-15,,1,1,main,002899.SZ
sz.002900,哈三联,2017-09-22,,1,1,main,002900.SZ
sz.002901,大博医疗,2017-09-22,,1,1,main,002901.SZ
sz.002902,铭普光磁,2017-09-29,,1,1,main,002902.SZ
sz.002903,宇环数控,2017-10-13,,1,1,main,002903.SZ
sz.002905,金逸影视,2017-10-16,,1,1,main,002905.SZ
sz.002906,华阳集团,2017-10-13,,1,1,main,002906.SZ
sz.002907,华森制药,2017-10-20,,1,1,main,002907.SZ
sz.002908,德生科技,2017-10-20,,1,1,main,002908.SZ
sz.002909,集泰股份,2017-10-26,,1,1,main,002909.SZ
sz.002910,庄园牧场,2017-10-31,,1,1,main,002910.SZ
sz.002911,佛燃能源,2017-11-22,,1,1,main,002911.SZ
sz.002912,中新赛克,2017-11-21,,1,1,main,002912.SZ
sz.002913,奥士康,2017-12-01,,1,1,main,002913.SZ
sz.002915,中欣氟材,2017-12-05,,1,1,main,002915.SZ
sz.002916,深南电路,2017-12-13,,1,1,main,002916.SZ
sz.002917,金奥博,2017-12-08,,1,1,main,002917.SZ
sz.002918,蒙娜丽莎,2017-12-19,,1,1,main,002918.SZ
sz.002919,名臣健康,2017-12-18,,1,1,main,002919.SZ
sz.002920,德赛西威,2017-12-26,,1,1,main,002920.SZ
sz.002921,联诚精密,2017-12-27,,1,1,main,002921.SZ
sz.002922,伊戈尔,2017-12-29,,1,1,main,002922.SZ
sz.002923,润都股份,2018-01-05,,1,1,main,002923.SZ
sz.002925,盈趣科技,2018-01-15,,1,1,main,002925.SZ
sz.002926,华西证券,2018-02-05,,1,1,main,002926.SZ
sz.002927,泰永长征,2018-02-23,,1,1,main,002927.SZ
sz.002928,华夏航空,2018-03-02,,1,1,main,002928.SZ
sz.002929,润建股份,2018-03-01,,1,1,main,002929.SZ
sz.002930,宏川智慧,2018-03-28,,1,1,main,002930.SZ
sz.002931,锋龙股份,2018-04-03,,1,1,main,002931.SZ
sz.002932,*ST明德,2018-07-10,,1,1,main,002932.SZ
sz.002933,新兴装备,2018-08-28,,1,1,main,002933.SZ
sz.002935,天奥电子,2018-09-03,,1,1,main,002935.SZ
sz.002936,郑州银行,2018-09-19,,1,1,main,002936.SZ
sz.002937,兴瑞科技,2018-09-26,,1,1,main,002937.SZ
sz.002938,鹏鼎控股,2018-09-18,,1,1,main,002938.SZ
sz.002939,长城证券,2018-10-26,,1,1,main,002939.SZ
sz.002940,昂利康,2018-10-23,,1,1,main,002940.SZ
sz.002941,新疆交建,2018-11-28,,1,1,main,002941.SZ
sz.002942,新农股份,2018-12-05,,1,1,main,002942.SZ
sz.002943,宇晶股份,2018-11-29,,1,1,main,002943.SZ
sz.002945,华林证券,2019-01-17,,1,1,main,002945.SZ
sz.002946,新乳业,2019-01-25,,1,1,main,002946.SZ
sz.002947,恒铭达,2019-02-01,,1,1,main,002947.SZ
sz.002948,青岛银行,2019-01-16,,1,1,main,002948.SZ
sz.002949,华阳国际,2019-02-26,,1,1,main,002949.SZ
sz.002950,奥美医疗,2019-03-11,,1,1,main,002950.SZ
sz.002951,金时科技,2019-03-15,,1,1,main,002951.SZ
sz.002952,亚世光电,2019-03-28,,1,1,main,002952.SZ
sz.002953,日丰股份,2019-05-09,,1,1,main,002953.SZ
sz.002955,鸿合科技,2019-05-23,,1,1,main,002955.SZ
sz.002956,西麦食品,2019-06-19,,1,1,main,002956.SZ
sz.002957,科瑞技术,2019-07-26,,1,1,main,002957.SZ
sz.002958,青农商行,2019-03-26,,1,1,main,002958.SZ
sz.002959,小熊电器,2019-08-23,,1,1,main,002959.SZ
sz.002960,青鸟智控,2019-08-09,,1,1,main,002960.SZ
sz.002961,瑞达期货,2019-09-05,,1,1,main,002961.SZ
sz.002962,五方光电,2019-09-17,,1,1,main,002962.SZ
sz.002963,豪尔赛,2019-10-28,,1,1,main,002963.SZ
sz.002965,祥鑫科技,2019-10-25,,1,1,main,002965.SZ
sz.002966,苏州银行,2019-08-02,,1,1,main,002966.SZ
sz.002967,广电计量,2019-11-08,,1,1,main,002967.SZ
sz.002968,新大正,2019-12-03,,1,1,main,002968.SZ
sz.002969,嘉美包装,2019-12-02,,1,1,main,002969.SZ
sz.002970,锐明技术,2019-12-17,,1,1,main,002970.SZ
sz.002971,和远气体,2020-01-13,,1,1,main,002971.SZ
sz.002972,科安达,2019-12-27,,1,1,main,002972.SZ
sz.002973,侨银股份,2020-01-06,,1,1,main,002973.SZ
sz.002975,博杰股份,2020-02-05,,1,1,main,002975.SZ
sz.002976,瑞玛精密,2020-03-06,,1,1,main,002976.SZ
sz.002977,*ST天箭,2020-03-17,,1,1,main,002977.SZ
sz.002978,安宁股份,2020-04-17,,1,1,main,002978.SZ
sz.002979,雷赛智能,2020-04-08,,1,1,main,002979.SZ
sz.002980,华盛昌,2020-04-15,,1,1,main,002980.SZ
sz.002981,朝阳科技,2020-04-17,,1,1,main,002981.SZ
sz.002982,湘佳股份,2020-04-24,,1,1,main,002982.SZ
sz.002983,芯瑞达,2020-04-28,,1,1,main,002983.SZ
sz.002984,森麒麟,2020-09-11,,1,1,main,002984.SZ
sz.002985,北摩高科,2020-04-29,,1,1,main,002985.SZ
sz.002986,宇新股份,2020-06-02,,1,1,main,002986.SZ
sz.002987,京北方,2020-05-07,,1,1,main,002987.SZ
sz.002988,豪美新材,2020-05-18,,1,1,main,002988.SZ
sz.002989,中天精装,2020-06-10,,1,1,main,002989.SZ
sz.002990,盛视科技,2020-05-25,,1,1,main,002990.SZ
sz.002991,甘源食品,2020-07-31,,1,1,main,002991.SZ
sz.002992,宝明科技,2020-08-03,,1,1,main,002992.SZ
sz.002993,奥海科技,2020-08-17,,1,1,main,002993.SZ
sz.002995,天地在线,2020-08-05,,1,1,main,002995.SZ
sz.002996,顺博合金,2020-08-28,,1,1,main,002996.SZ
sz.002997,瑞鹄模具,2020-09-03,,1,1,main,002997.SZ
sz.002998,优彩资源,2020-09-25,,1,1,main,002998.SZ
sz.002999,天禾股份,2020-09-03,,1,1,main,002999.SZ
sz.003000,劲仔食品,2020-09-14,,1,1,main,003000.SZ
sz.003001,中岩大地,2020-10-13,,1,1,main,003001.SZ
sz.003002,壶化股份,2020-09-22,,1,1,main,003002.SZ
sz.003003,天元股份,2020-09-21,,1,1,main,003003.SZ
sz.003004,声迅股份,2020-11-26,,1,1,main,003004.SZ
sz.003005,竞业达,2020-09-22,,1,1,main,003005.SZ
sz.003006,百亚股份,2020-09-21,,1,1,main,003006.SZ
sz.003007,直真科技,2020-09-23,,1,1,main,003007.SZ
sz.003008,开普检测,2020-09-23,,1,1,main,003008.SZ
sz.003009,中天火箭,2020-09-25,,1,1,main,003009.SZ
sz.003010,若羽臣,2020-09-25,,1,1,main,003010.SZ
sz.003011,海象新材,2020-09-30,,1,1,main,003011.SZ
sz.003012,东鹏控股,2020-10-19,,1,1,main,003012.SZ
sz.003013,地铁设计,2020-10-22,,1,1,main,003013.SZ
sz.003015,日久光电,2020-10-21,,1,1,main,003015.SZ
sz.003016,欣贺股份,2020-10-26,,1,1,main,003016.SZ
sz.003017,大洋生物,2020-10-26,,1,1,main,003017.SZ
sz.003018,金富科技,2020-11-06,,1,1,main,003018.SZ
sz.003019,宸展光电,2020-11-17,,1,1,main,003019.SZ
sz.003020,立方制药,2020-12-15,,1,1,main,003020.SZ
sz.003021,兆威机电,2020-12-04,,1,1,main,003021.SZ
sz.003022,联泓新科,2020-12-08,,1,1,main,003022.SZ
sz.003023,彩虹集团,2020-12-11,,1,1,main,003023.SZ
sz.003025,思进智能,2020-12-11,,1,1,main,003025.SZ
sz.003026,中晶科技,2020-12-18,,1,1,main,003026.SZ
sz.003027,同兴科技,2020-12-18,,1,1,main,003027.SZ
sz.003028,振邦智能,2020-12-28,,1,1,main,003028.SZ
sz.003029,吉大正元,2020-12-24,,1,1,main,003029.SZ
sz.003030,祖名股份,2021-01-06,,1,1,main,003030.SZ
sz.003031,中瓷电子,2021-01-04,,1,1,main,003031.SZ
sz.003032,传智教育,2021-01-12,,1,1,main,003032.SZ
sz.003033,征和工业,2021-01-11,,1,1,main,003033.SZ
sz.003035,南网能源,2021-01-19,,1,1,main,003035.SZ
sz.003036,泰坦股份,2021-01-28,,1,1,main,003036.SZ
sz.003037,三和管桩,2021-02-04,,1,1,main,003037.SZ
sz.003038,鑫铂股份,2021-02-10,,1,1,main,003038.SZ
sz.003039,顺控发展,2021-03-08,,1,1,main,003039.SZ
sz.003040,楚天龙,2021-03-22,,1,1,main,003040.SZ
sz.003041,真爱美家,2021-04-06,,1,1,main,003041.SZ
sz.003042,中农联合,2021-04-06,,1,1,main,003042.SZ
sz.003043,华亚智能,2021-04-06,,1,1,main,003043.SZ
sz.003816,中国广核,2019-08-26,,1,1,main,003816.SZ
