日期,总资产,现金,证券,数量,持仓,收盘价, 收益
2026-09-18,431063.26,114950.26,,,,,
,,,柳药集团(603368.SH),3000,46110.00,15.37,2269.37
,,,凤凰传媒(601928.SH),6700,55275.00,8.25,-872.03
,,,华旺科技(605377.SH),3300,26730.00,8.1,-3436.76
,,,宁水集团(603700.SH),3900,43641.00,11.19,-1937.62
,,,江河集团(601886.SH),4700,64202.00,13.66,26091.52
,,,行动教育(605098.SH),500,26855.00,53.71,1705.90
,,,五洲交通(600368.SH),13000,53300.00,4.1,4404.59
2026-09-17,431193.26,114950.26,,,,,
,,,凤凰传媒(601928.SH),6700,55342.00,8.26,-805.03
,,,宁水集团(603700.SH),3900,43875.00,11.25,-1703.62
,,,五洲交通(600368.SH),13000,53690.00,4.13,4794.59
,,,江河集团(601886.SH),4700,63121.00,13.43,25010.52
,,,华旺科技(605377.SH),3300,26730.00,8.1,-3436.76
,,,行动教育(605098.SH),500,27645.00,55.29,2495.90
,,,柳药集团(603368.SH),3000,45840.00,15.28,1999.37
2026-09-16,428594.26,114950.26,,,,,
,,,凤凰传媒(601928.SH),6700,55610.00,8.3,-537.03
,,,柳药集团(603368.SH),3000,45780.00,15.26,1939.37
,,,宁水集团(603700.SH),3900,42978.00,11.02,-2600.62
,,,五洲交通(600368.SH),13000,53820.00,4.14,4924.59
,,,江河集团(601886.SH),4700,61711.00,13.13,23600.52
,,,华旺科技(605377.SH),3300,26400.00,8,-3766.76
,,,行动教育(605098.SH),500,27345.00,54.69,2195.90
2026-09-15,430481.26,114950.26,,,,,
,,,凤凰传媒(601928.SH),6700,56615.00,8.45,467.97
,,,江河集团(601886.SH),4700,61523.00,13.09,23412.52
,,,柳药集团(603368.SH),3000,45720.00,15.24,1879.37
,,,宁水集团(603700.SH),3900,42900.00,11,-2678.62
,,,五洲交通(600368.SH),13000,55250.00,4.25,6354.59
,,,华旺科技(605377.SH),3300,26103.00,7.91,-4063.76
,,,行动教育(605098.SH),500,27420.00,54.84,2270.90
2026-09-14,437282.26,114950.26,,,,,
,,,行动教育(605098.SH),500,27750.00,55.5,2600.90
,,,江河集团(601886.SH),4700,63262.00,13.46,25151.52
,,,五洲交通(600368.SH),13000,56290.00,4.33,7394.59
,,,华旺科技(605377.SH),3300,26598.00,8.06,-3568.76
,,,柳药集团(603368.SH),3000,46080.00,15.36,2239.37
,,,宁水集团(603700.SH),3900,45201.00,11.59,-377.62
,,,凤凰传媒(601928.SH),6700,57151.00,8.53,1003.97
2026-09-11,431788.26,114950.26,,,,,
,,,凤凰传媒(601928.SH),6700,56682.00,8.46,534.97
,,,宁水集团(603700.SH),3900,45474.00,11.66,-104.62
,,,柳药集团(603368.SH),3000,45690.00,15.23,1849.37
,,,行动教育(605098.SH),500,27275.00,54.55,2125.90
,,,江河集团(601886.SH),4700,59549.00,12.67,21438.52
,,,五洲交通(600368.SH),13000,55900.00,4.3,7004.59
,,,华旺科技(605377.SH),3300,26268.00,7.96,-3898.76
2026-09-10,436469.26,114950.26,,,,,
,,,宁水集团(603700.SH),3900,46332.00,11.88,753.38
,,,行动教育(605098.SH),500,27350.00,54.7,2200.90
,,,凤凰传媒(601928.SH),6700,57017.00,8.51,869.97
,,,柳药集团(603368.SH),3000,46830.00,15.61,2989.37
,,,江河集团(601886.SH),4700,60912.00,12.96,22801.52
,,,华旺科技(605377.SH),3300,26268.00,7.96,-3898.76
,,,五洲交通(600368.SH),13000,56810.00,4.37,7914.59
2026-09-09,441801.26,114950.26,,,,,
,,,宁水集团(603700.SH),3900,47112.00,12.08,1533.38
,,,行动教育(605098.SH),500,27635.00,55.27,2485.90
,,,凤凰传媒(601928.SH),6700,57553.00,8.59,1405.97
,,,华旺科技(605377.SH),3300,26631.00,8.07,-3535.76
,,,柳药集团(603368.SH),3000,47610.00,15.87,3769.37
,,,五洲交通(600368.SH),13000,57330.00,4.41,8434.59
,,,江河集团(601886.SH),4700,62980.00,13.4,24869.52
2026-09-08,443970.26,114290.26,,,,,
,,,行动教育(605098.SH),500,27650.00,55.3,2500.90
,,,华旺科技(605377.SH),3300,27126.00,8.22,-3700.76
,,,江河集团(601886.SH),4700,63027.00,13.41,24916.52
,,,柳药集团(603368.SH),3000,47640.00,15.88,3799.37
,,,凤凰传媒(601928.SH),6700,59496.00,8.88,3348.97
,,,五洲交通(600368.SH),13000,56810.00,4.37,7914.59
,,,宁水集团(603700.SH),3900,47931.00,12.29,2352.38
2026-09-07,443676.26,114290.26,,,,,
,,,凤凰传媒(601928.SH),6700,58826.00,8.78,2678.97
,,,五洲交通(600368.SH),13000,56680.00,4.36,7784.59
,,,柳药集团(603368.SH),3000,47340.00,15.78,3499.37
,,,宁水集团(603700.SH),3900,47736.00,12.24,2157.38
,,,华旺科技(605377.SH),3300,26994.00,8.18,-3832.76
,,,行动教育(605098.SH),500,27185.00,54.37,2035.90
,,,江河集团(601886.SH),4700,64625.00,13.75,26514.52
2026-09-04,439203.26,113690.26,,,,,
,,,江河集团(601886.SH),4700,63262.00,13.46,25151.52
,,,凤凰传媒(601928.SH),6700,57955.00,8.65,1807.97
,,,宁水集团(603700.SH),3900,45318.00,11.62,-260.62
,,,柳药集团(603368.SH),3000,47040.00,15.68,3199.37
,,,行动教育(605098.SH),500,28590.00,57.18,2840.90
,,,五洲交通(600368.SH),13000,56420.00,4.34,7524.59
,,,华旺科技(605377.SH),3300,26928.00,8.16,-3898.76
2026-09-03,435679.26,113690.26,,,,,
,,,宁水集团(603700.SH),3900,45006.00,11.54,-572.62
,,,华旺科技(605377.SH),3300,26895.00,8.15,-3931.76
,,,五洲交通(600368.SH),13000,55900.00,4.3,7004.59
,,,凤凰传媒(601928.SH),6700,56146.00,8.38,-1.03
,,,行动教育(605098.SH),500,28125.00,56.25,2375.90
,,,江河集团(601886.SH),4700,63027.00,13.41,24916.52
,,,柳药集团(603368.SH),3000,46890.00,15.63,3049.37
2026-09-02,435158.26,113690.26,,,,,
,,,江河集团(601886.SH),4700,61241.00,13.03,23130.52
,,,宁水集团(603700.SH),3900,45708.00,11.72,129.38
,,,凤凰传媒(601928.SH),6700,56146.00,8.38,-1.03
,,,五洲交通(600368.SH),13000,56680.00,4.36,7784.59
,,,行动教育(605098.SH),500,27905.00,55.81,2155.90
,,,柳药集团(603368.SH),3000,46860.00,15.62,3019.37
,,,华旺科技(605377.SH),3300,26928.00,8.16,-3898.76
2026-09-01,442017.26,113690.26,,,,,
,,,宁水集团(603700.SH),3900,46215.00,11.85,636.38
,,,五洲交通(600368.SH),13000,57330.00,4.41,8434.59
,,,江河集团(601886.SH),4700,63497.00,13.51,25386.52
,,,凤凰传媒(601928.SH),6700,57553.00,8.59,1405.97
,,,柳药集团(603368.SH),3000,47640.00,15.88,3799.37
,,,行动教育(605098.SH),500,28735.00,57.47,2985.90
,,,华旺科技(605377.SH),3300,27357.00,8.29,-3469.76
2026-08-31,441560.26,113690.26,,,,,
,,,行动教育(605098.SH),500,27950.00,55.9,2200.90
,,,柳药集团(603368.SH),3000,47310.00,15.77,3469.37
,,,宁水集团(603700.SH),3900,46410.00,11.9,831.38
,,,五洲交通(600368.SH),13000,56420.00,4.34,7524.59
,,,江河集团(601886.SH),4700,64437.00,13.71,26326.52
,,,华旺科技(605377.SH),3300,27522.00,8.34,-3304.76
,,,凤凰传媒(601928.SH),6700,57821.00,8.63,1673.97
2026-08-28,436403.26,113690.26,,,,,
,,,凤凰传媒(601928.SH),6700,56749.00,8.47,601.97
,,,柳药集团(603368.SH),3000,47760.00,15.92,3919.37
,,,五洲交通(600368.SH),13000,57330.00,4.41,8434.59
,,,行动教育(605098.SH),500,28275.00,56.55,2525.90
,,,宁水集团(603700.SH),3900,44928.00,11.52,-650.62
,,,江河集团(601886.SH),4700,60677.00,12.91,22566.52
,,,华旺科技(605377.SH),3300,26994.00,8.18,-3832.76
2026-08-27,436101.26,113690.26,,,,,
,,,凤凰传媒(601928.SH),6700,56615.00,8.45,467.97
,,,江河集团(601886.SH),4700,62604.00,13.32,24493.52
,,,华旺科技(605377.SH),3300,26928.00,8.16,-3898.76
,,,柳药集团(603368.SH),3000,47940.00,15.98,4099.37
,,,行动教育(605098.SH),500,27990.00,55.98,2240.90
,,,五洲交通(600368.SH),13000,55250.00,4.25,6354.59
,,,宁水集团(603700.SH),3900,45084.00,11.56,-494.62
2026-08-26,439441.26,113690.26,,,,,
,,,五洲交通(600368.SH),13000,55640.00,4.28,6744.59
,,,宁水集团(603700.SH),3900,47229.00,12.11,1650.38
,,,凤凰传媒(601928.SH),6700,57687.00,8.61,1539.97
,,,柳药集团(603368.SH),3000,47700.00,15.9,3859.37
,,,江河集团(601886.SH),4700,61006.00,12.98,22895.52
,,,华旺科技(605377.SH),3300,28479.00,8.63,-2347.76
,,,行动教育(605098.SH),500,28010.00,56.02,2260.90
2026-08-25,440831.26,113690.26,,,,,
,,,凤凰传媒(601928.SH),6700,59027.00,8.81,2879.97
,,,江河集团(601886.SH),4700,62839.00,13.37,24728.52
,,,行动教育(605098.SH),500,28425.00,56.85,2675.90
,,,柳药集团(603368.SH),3000,47610.00,15.87,3769.37
,,,华旺科技(605377.SH),3300,29205.00,8.85,-1621.76
,,,宁水集团(603700.SH),3900,46215.00,11.85,636.38
,,,五洲交通(600368.SH),13000,53820.00,4.14,4924.59
2026-08-24,436383.26,113690.26,,,,,
,,,凤凰传媒(601928.SH),6700,59027.00,8.81,2879.97
,,,行动教育(605098.SH),500,27790.00,55.58,2040.90
,,,华旺科技(605377.SH),3300,29469.00,8.93,-1357.76
,,,江河集团(601886.SH),4700,62181.00,13.23,24070.52
,,,宁水集团(603700.SH),3900,44226.00,11.34,-1352.62
,,,柳药集团(603368.SH),3000,47220.00,15.74,3379.37
,,,五洲交通(600368.SH),13000,52780.00,4.06,3884.59
2026-08-21,435315.26,113690.26,,,,,
,,,柳药集团(603368.SH),3000,47640.00,15.88,3799.37
,,,行动教育(605098.SH),500,27500.00,55,1750.90
,,,华旺科技(605377.SH),3300,29271.00,8.87,-1555.76
,,,五洲交通(600368.SH),13000,52260.00,4.02,3364.59
,,,江河集团(601886.SH),4700,61523.00,13.09,23412.52
,,,宁水集团(603700.SH),3900,44538.00,11.42,-1040.62
,,,凤凰传媒(601928.SH),6700,58893.00,8.79,2745.97
2026-08-20,437780.26,111010.26,,,,,
,,,凤凰传媒(601928.SH),6700,62846.00,9.38,4018.97
,,,宁水集团(603700.SH),3900,45318.00,11.62,-260.62
,,,江河集团(601886.SH),4700,60442.00,12.86,22331.52
,,,五洲交通(600368.SH),13000,51480.00,3.96,2584.59
,,,柳药集团(603368.SH),3000,49620.00,16.54,5779.37
,,,华旺科技(605377.SH),3300,29304.00,8.88,-1522.76
,,,行动教育(605098.SH),500,27760.00,55.52,2010.90
2026-08-19,434834.26,111010.26,,,,,
,,,柳药集团(603368.SH),3000,48810.00,16.27,4969.37
,,,江河集团(601886.SH),4700,59784.00,12.72,21673.52
,,,宁水集团(603700.SH),3900,44733.00,11.47,-845.62
,,,华旺科技(605377.SH),3300,29073.00,8.81,-1753.76
,,,五洲交通(600368.SH),13000,51220.00,3.94,2324.59
,,,行动教育(605098.SH),500,27760.00,55.52,2010.90
,,,凤凰传媒(601928.SH),6700,62444.00,9.32,3616.97
2026-08-18,438180.26,111010.26,,,,,
,,,行动教育(605098.SH),500,28305.00,56.61,2555.90
,,,江河集团(601886.SH),4700,59831.00,12.73,21720.52
,,,五洲交通(600368.SH),13000,51740.00,3.98,2844.59
,,,宁水集团(603700.SH),3900,46137.00,11.83,558.38
,,,凤凰传媒(601928.SH),6700,61573.00,9.19,2745.97
,,,柳药集团(603368.SH),3000,50280.00,16.76,6439.37
,,,华旺科技(605377.SH),3300,29304.00,8.88,-1522.76
2026-08-17,438780.26,111010.26,,,,,
,,,五洲交通(600368.SH),13000,51610.00,3.97,2714.59
,,,行动教育(605098.SH),500,27820.00,55.64,2070.90
,,,华旺科技(605377.SH),3300,30327.00,9.19,-499.76
,,,柳药集团(603368.SH),3000,49380.00,16.46,5539.37
,,,江河集团(601886.SH),4700,59925.00,12.75,21814.52
,,,凤凰传媒(601928.SH),6700,61908.00,9.24,3080.97
,,,宁水集团(603700.SH),3900,46800.00,12,1221.38
2026-08-14,431387.26,111010.26,,,,,
,,,凤凰传媒(601928.SH),6700,61640.00,9.2,2812.97
,,,行动教育(605098.SH),500,27070.00,54.14,1320.90
,,,五洲交通(600368.SH),13000,51090.00,3.93,2194.59
,,,宁水集团(603700.SH),3900,45123.00,11.57,-455.62
,,,华旺科技(605377.SH),3300,29799.00,9.03,-1027.76
,,,江河集团(601886.SH),4700,55225.00,11.75,17114.52
,,,柳药集团(603368.SH),3000,50430.00,16.81,6589.37
2026-08-13,432033.26,111010.26,,,,,
,,,行动教育(605098.SH),500,28140.00,56.28,2390.90
,,,柳药集团(603368.SH),3000,50730.00,16.91,6889.37
,,,宁水集团(603700.SH),3900,45045.00,11.55,-533.62
,,,华旺科技(605377.SH),3300,30195.00,9.15,-631.76
,,,五洲交通(600368.SH),13000,51350.00,3.95,2454.59
,,,凤凰传媒(601928.SH),6700,61372.00,9.16,2544.97
,,,江河集团(601886.SH),4700,54191.00,11.53,16080.52
2026-08-12,426145.26,111010.26,,,,,
,,,宁水集团(603700.SH),3900,45864.00,11.76,285.38
,,,华旺科技(605377.SH),3300,30063.00,9.11,-763.76
,,,行动教育(605098.SH),500,28470.00,56.94,2720.90
,,,柳药集团(603368.SH),3000,47850.00,15.95,4009.37
,,,五洲交通(600368.SH),13000,52260.00,4.02,3364.59
,,,凤凰传媒(601928.SH),6700,61372.00,9.16,2544.97
,,,江河集团(601886.SH),4700,49256.00,10.48,11145.52
2026-08-11,420658.26,111010.26,,,,,
,,,宁水集团(603700.SH),3900,45240.00,11.6,-338.62
,,,凤凰传媒(601928.SH),6700,61104.00,9.12,2276.97
,,,华旺科技(605377.SH),3300,29733.00,9.01,-1093.76
,,,江河集团(601886.SH),4700,44791.00,9.53,6680.52
,,,柳药集团(603368.SH),3000,47760.00,15.92,3919.37
,,,行动教育(605098.SH),500,29150.00,58.3,3400.90
,,,五洲交通(600368.SH),13000,51870.00,3.99,2974.59
2026-08-10,422199.26,111010.26,,,,,
,,,华旺科技(605377.SH),3300,31020.00,9.4,193.24
,,,宁水集团(603700.SH),3900,45981.00,11.79,402.38
,,,江河集团(601886.SH),4700,42770.00,9.1,4659.52
,,,行动教育(605098.SH),500,29140.00,58.28,3390.90
,,,柳药集团(603368.SH),3000,47460.00,15.82,3619.37
,,,凤凰传媒(601928.SH),6700,61908.00,9.24,3080.97
,,,五洲交通(600368.SH),13000,52910.00,4.07,4014.59
2026-08-07,411836.26,111010.26,,,,,
,,,江河集团(601886.SH),4700,38869.00,8.27,758.52
,,,宁水集团(603700.SH),3900,43953.00,11.27,-1625.62
,,,五洲交通(600368.SH),13000,51090.00,3.93,2194.59
,,,华旺科技(605377.SH),3300,29799.00,9.03,-1027.76
,,,行动教育(605098.SH),500,28585.00,57.17,2835.90
,,,柳药集团(603368.SH),3000,46890.00,15.63,3049.37
,,,凤凰传媒(601928.SH),6700,61640.00,9.2,2812.97
2026-08-06,413387.26,111010.26,,,,,
,,,凤凰传媒(601928.SH),6700,62913.00,9.39,4085.97
,,,江河集团(601886.SH),4700,39480.00,8.4,1369.52
,,,华旺科技(605377.SH),3300,30096.00,9.12,-730.76
,,,宁水集团(603700.SH),3900,43953.00,11.27,-1625.62
,,,行动教育(605098.SH),500,28315.00,56.63,2565.90
,,,五洲交通(600368.SH),13000,51090.00,3.93,2194.59
,,,柳药集团(603368.SH),3000,46530.00,15.51,2689.37
2026-08-05,416235.26,111010.26,,,,,
,,,华旺科技(605377.SH),3300,29865.00,9.05,-961.76
,,,行动教育(605098.SH),500,29500.00,59,3750.90
,,,五洲交通(600368.SH),13000,50960.00,3.92,2064.59
,,,江河集团(601886.SH),4700,39386.00,8.38,1275.52
,,,柳药集团(603368.SH),3000,46350.00,15.45,2509.37
,,,凤凰传媒(601928.SH),6700,64119.00,9.57,5291.97
,,,宁水集团(603700.SH),3900,45045.00,11.55,-533.62
2026-08-04,416745.26,111010.26,,,,,
,,,行动教育(605098.SH),500,30050.00,60.1,4300.90
,,,宁水集团(603700.SH),3900,43407.00,11.13,-2171.62
,,,华旺科技(605377.SH),3300,30030.00,9.1,-796.76
,,,江河集团(601886.SH),4700,39386.00,8.38,1275.52
,,,柳药集团(603368.SH),3000,46770.00,15.59,2929.37
,,,五洲交通(600368.SH),13000,50700.00,3.9,1804.59
,,,凤凰传媒(601928.SH),6700,65392.00,9.76,6564.97
2026-08-03,418564.26,111010.26,,,,,
,,,宁水集团(603700.SH),3900,43368.00,11.12,-2210.62
,,,凤凰传媒(601928.SH),6700,66397.00,9.91,7569.97
,,,五洲交通(600368.SH),13000,51480.00,3.96,2584.59
,,,柳药集团(603368.SH),3000,47490.00,15.83,3649.37
,,,华旺科技(605377.SH),3300,29502.00,8.94,-1324.76
,,,江河集团(601886.SH),4700,40702.00,8.66,2591.52
,,,行动教育(605098.SH),500,28615.00,57.23,2865.90
2026-07-31,417931.26,111010.26,,,,,
,,,凤凰传媒(601928.SH),6700,67134.00,10.02,8306.97
,,,五洲交通(600368.SH),13000,50440.00,3.88,1544.59
,,,柳药集团(603368.SH),3000,47310.00,15.77,3469.37
,,,宁水集团(603700.SH),3900,43134.00,11.06,-2444.62
,,,华旺科技(605377.SH),3300,29040.00,8.8,-1786.76
,,,行动教育(605098.SH),500,29255.00,58.51,3505.90
,,,江河集团(601886.SH),4700,40608.00,8.64,2497.52
2026-07-30,414948.26,111010.26,,,,,
,,,柳药集团(603368.SH),3000,46920.00,15.64,3079.37
,,,行动教育(605098.SH),500,28155.00,56.31,2405.90
,,,华旺科技(605377.SH),3300,28479.00,8.63,-2347.76
,,,江河集团(601886.SH),4700,40561.00,8.63,2450.52
,,,五洲交通(600368.SH),13000,50310.00,3.87,1414.59
,,,凤凰传媒(601928.SH),6700,65794.00,9.82,6966.97
,,,宁水集团(603700.SH),3900,43719.00,11.21,-1859.62
2026-07-29,414735.26,111010.26,,,,,
,,,凤凰传媒(601928.SH),6700,65325.00,9.75,6497.97
,,,柳药集团(603368.SH),3000,46530.00,15.51,2689.37
,,,宁水集团(603700.SH),3900,43446.00,11.14,-2132.62
,,,华旺科技(605377.SH),3300,29469.00,8.93,-1357.76
,,,五洲交通(600368.SH),13000,50050.00,3.85,1154.59
,,,江河集团(601886.SH),4700,40655.00,8.65,2544.52
,,,行动教育(605098.SH),500,28250.00,56.5,2500.90
2026-07-28,411512.26,111010.26,,,,,
,,,行动教育(605098.SH),500,28130.00,56.26,2380.90
,,,宁水集团(603700.SH),3900,42861.00,10.99,-2717.62
,,,江河集团(601886.SH),4700,39997.00,8.51,1886.52
,,,柳药集团(603368.SH),3000,45930.00,15.31,2089.37
,,,华旺科技(605377.SH),3300,29931.00,9.07,-895.76
,,,五洲交通(600368.SH),13000,49400.00,3.8,504.59
,,,凤凰传媒(601928.SH),6700,64253.00,9.59,5425.97
2026-07-27,409826.26,111010.26,,,,,
,,,行动教育(605098.SH),500,28480.00,56.96,2730.90
,,,凤凰传媒(601928.SH),6700,63315.00,9.45,4487.97
,,,五洲交通(600368.SH),13000,49010.00,3.77,114.59
,,,宁水集团(603700.SH),3900,42120.00,10.8,-3458.62
,,,华旺科技(605377.SH),3300,30558.00,9.26,-268.76
,,,江河集团(601886.SH),4700,39433.00,8.39,1322.52
,,,柳药集团(603368.SH),3000,45900.00,15.3,2059.37
2026-07-24,407936.26,111010.26,,,,,
,,,宁水集团(603700.SH),3900,41964.00,10.76,-3614.62
,,,柳药集团(603368.SH),3000,45210.00,15.07,1369.37
,,,行动教育(605098.SH),500,27390.00,54.78,1640.90
,,,江河集团(601886.SH),4700,39527.00,8.41,1416.52
,,,华旺科技(605377.SH),3300,29832.00,9.04,-994.76
,,,五洲交通(600368.SH),13000,48750.00,3.75,-145.41
,,,凤凰传媒(601928.SH),6700,64253.00,9.59,5425.97
2026-07-23,411061.26,111010.26,,,,,
,,,华旺科技(605377.SH),3300,31119.00,9.43,292.24
,,,五洲交通(600368.SH),13000,49400.00,3.8,504.59
,,,柳药集团(603368.SH),3000,46140.00,15.38,2299.37
,,,凤凰传媒(601928.SH),6700,64119.00,9.57,5291.97
,,,宁水集团(603700.SH),3900,42471.00,10.89,-3107.62
,,,行动教育(605098.SH),500,27745.00,55.49,1995.90
,,,江河集团(601886.SH),4700,39057.00,8.31,946.52
2026-07-22,407902.26,111010.26,,,,,
,,,凤凰传媒(601928.SH),6700,64320.00,9.6,5492.97
,,,江河集团(601886.SH),4700,38493.00,8.19,382.52
,,,行动教育(605098.SH),500,26985.00,53.97,1235.90
,,,五洲交通(600368.SH),13000,48360.00,3.72,-535.41
,,,宁水集团(603700.SH),3900,42120.00,10.8,-3458.62
,,,华旺科技(605377.SH),3300,30624.00,9.28,-202.76
,,,柳药集团(603368.SH),3000,45990.00,15.33,2149.37
2026-07-21,409965.26,111010.26,,,,,
,,,柳药集团(603368.SH),3000,46050.00,15.35,2209.37
,,,江河集团(601886.SH),4700,39903.00,8.49,1792.52
,,,行动教育(605098.SH),500,26685.00,53.37,935.90
,,,宁水集团(603700.SH),3900,43680.00,11.2,-1898.62
,,,华旺科技(605377.SH),3300,30426.00,9.22,-400.76
,,,凤凰传媒(601928.SH),6700,63851.00,9.53,5023.97
,,,五洲交通(600368.SH),13000,48360.00,3.72,-535.41
2026-07-20,409085.26,111010.26,,,,,
,,,五洲交通(600368.SH),13000,49140.00,3.78,244.59
,,,行动教育(605098.SH),500,26485.00,52.97,735.90
,,,柳药集团(603368.SH),3000,47130.00,15.71,3289.37
,,,江河集团(601886.SH),4700,37412.00,7.96,-698.48
,,,宁水集团(603700.SH),3900,42861.00,10.99,-2717.62
,,,华旺科技(605377.SH),3300,30459.00,9.23,-367.76
,,,凤凰传媒(601928.SH),6700,64588.00,9.64,5760.97
2026-07-17,407550.26,111010.26,,,,,
,,,宁水集团(603700.SH),3900,42627.00,10.93,-2951.62
,,,江河集团(601886.SH),4700,36754.00,7.82,-1356.48
,,,柳药集团(603368.SH),3000,46890.00,15.63,3049.37
,,,华旺科技(605377.SH),3300,31020.00,9.4,193.24
,,,五洲交通(600368.SH),13000,49660.00,3.82,764.59
,,,行动教育(605098.SH),500,26475.00,52.95,725.90
,,,凤凰传媒(601928.SH),6700,63114.00,9.42,4286.97
2026-07-16,414343.26,111010.26,,,,,
,,,行动教育(605098.SH),500,26675.00,53.35,925.90
,,,宁水集团(603700.SH),3900,45474.00,11.66,-104.62
,,,柳药集团(603368.SH),3000,48030.00,16.01,4189.37
,,,凤凰传媒(601928.SH),6700,62712.00,9.36,3884.97
,,,华旺科技(605377.SH),3300,31581.00,9.57,754.24
,,,五洲交通(600368.SH),13000,50180.00,3.86,1284.59
,,,江河集团(601886.SH),4700,38681.00,8.23,570.52
2026-07-15,415234.26,111010.26,,,,,
,,,宁水集团(603700.SH),3900,45513.00,11.67,-65.62
,,,华旺科技(605377.SH),3300,32505.00,9.85,1678.24
,,,五洲交通(600368.SH),13000,49790.00,3.83,894.59
,,,行动教育(605098.SH),500,27330.00,54.66,1580.90
,,,江河集团(601886.SH),4700,38681.00,8.23,570.52
,,,柳药集团(603368.SH),3000,47760.00,15.92,3919.37
,,,凤凰传媒(601928.SH),6700,62645.00,9.35,3817.97
2026-07-14,412142.26,111010.26,,,,,
,,,华旺科技(605377.SH),3300,32538.00,9.86,1711.24
,,,行动教育(605098.SH),500,27060.00,54.12,1310.90
,,,五洲交通(600368.SH),13000,49920.00,3.84,1024.59
,,,柳药集团(603368.SH),3000,47040.00,15.68,3199.37
,,,宁水集团(603700.SH),3900,45396.00,11.64,-182.62
,,,凤凰传媒(601928.SH),6700,62377.00,9.31,3549.97
,,,江河集团(601886.SH),4700,36801.00,7.83,-1309.48
2026-07-13,406291.26,111010.26,,,,,
,,,凤凰传媒(601928.SH),6700,61908.00,9.24,3080.97
,,,江河集团(601886.SH),4700,35955.00,7.65,-2155.48
,,,柳药集团(603368.SH),3000,45900.00,15.3,2059.37
,,,行动教育(605098.SH),500,26880.00,53.76,1130.90
,,,华旺科技(605377.SH),3300,32637.00,9.89,1810.24
,,,五洲交通(600368.SH),13000,47970.00,3.69,-925.41
,,,宁水集团(603700.SH),3900,44031.00,11.29,-1547.62
2026-07-10,406888.26,111010.26,,,,,
,,,柳药集团(603368.SH),3000,45840.00,15.28,1999.37
,,,江河集团(601886.SH),4700,36895.00,7.85,-1215.48
,,,华旺科技(605377.SH),3300,33429.00,10.13,2602.24
,,,行动教育(605098.SH),500,26685.00,53.37,935.90
,,,凤凰传媒(601928.SH),6700,61171.00,9.13,2343.97
,,,五洲交通(600368.SH),13000,46930.00,3.61,-1965.41
,,,宁水集团(603700.SH),3900,44928.00,11.52,-650.62
2026-07-09,402648.26,111010.26,,,,,
,,,江河集团(601886.SH),4700,36989.00,7.87,-1121.48
,,,五洲交通(600368.SH),13000,46150.00,3.55,-2745.41
,,,凤凰传媒(601928.SH),6700,60903.00,9.09,2075.97
,,,华旺科技(605377.SH),3300,31119.00,9.43,292.24
,,,行动教育(605098.SH),500,26480.00,52.96,730.90
,,,柳药集团(603368.SH),3000,45420.00,15.14,1579.37
,,,宁水集团(603700.SH),3900,44577.00,11.43,-1001.62
2026-07-08,401127.26,111010.26,,,,,
,,,行动教育(605098.SH),500,26335.00,52.67,585.90
,,,五洲交通(600368.SH),13000,46020.00,3.54,-2875.41
,,,宁水集团(603700.SH),3900,42042.00,10.78,-3536.62
,,,凤凰传媒(601928.SH),6700,61372.00,9.16,2544.97
,,,柳药集团(603368.SH),3000,45840.00,15.28,1999.37
,,,华旺科技(605377.SH),3300,31284.00,9.48,457.24
,,,江河集团(601886.SH),4700,37224.00,7.92,-886.48
2026-07-07,400803.26,111010.26,,,,,
,,,江河集团(601886.SH),4700,36895.00,7.85,-1215.48
,,,行动教育(605098.SH),500,26150.00,52.3,400.90
,,,宁水集团(603700.SH),3900,42822.00,10.98,-2756.62
,,,华旺科技(605377.SH),3300,31911.00,9.67,1084.24
,,,五洲交通(600368.SH),13000,45630.00,3.51,-3265.41
,,,凤凰传媒(601928.SH),6700,60635.00,9.05,1807.97
,,,柳药集团(603368.SH),3000,45750.00,15.25,1909.37
2026-07-06,405667.26,111010.26,,,,,
,,,行动教育(605098.SH),500,26775.00,53.55,1025.90
,,,五洲交通(600368.SH),13000,46280.00,3.56,-2615.41
,,,华旺科技(605377.SH),3300,32010.00,9.7,1183.24
,,,宁水集团(603700.SH),3900,43719.00,11.21,-1859.62
,,,凤凰传媒(601928.SH),6700,61037.00,9.11,2209.97
,,,柳药集团(603368.SH),3000,46860.00,15.62,3019.37
,,,江河集团(601886.SH),4700,37976.00,8.08,-134.48
2026-07-03,402124.26,111010.26,,,,,
,,,凤凰传媒(601928.SH),6700,59697.00,8.91,869.97
,,,宁水集团(603700.SH),3900,44889.00,11.51,-689.62
,,,华旺科技(605377.SH),3300,29106.00,8.82,-1720.76
,,,江河集团(601886.SH),4700,37882.00,8.06,-228.48
,,,五洲交通(600368.SH),13000,45110.00,3.47,-3785.41
,,,柳药集团(603368.SH),3000,46740.00,15.58,2899.37
,,,行动教育(605098.SH),500,27690.00,55.38,1940.90
2026-07-02,401214.26,111010.26,,,,,
,,,柳药集团(603368.SH),3000,45990.00,15.33,2149.37
,,,华旺科技(605377.SH),3300,29865.00,9.05,-961.76
,,,江河集团(601886.SH),4700,37365.00,7.95,-745.48
,,,行动教育(605098.SH),500,27095.00,54.19,1345.90
,,,宁水集团(603700.SH),3900,44538.00,11.42,-1040.62
,,,凤凰传媒(601928.SH),6700,60501.00,9.03,1673.97
,,,五洲交通(600368.SH),13000,44850.00,3.45,-4045.41
2026-07-01,400010.26,111010.26,,,,,
,,,行动教育(605098.SH),500,26940.00,53.88,1190.90
,,,宁水集团(603700.SH),3900,45084.00,11.56,-494.62
,,,江河集团(601886.SH),4700,37600.00,8,-510.48
,,,华旺科技(605377.SH),3300,30591.00,9.27,-235.76
,,,柳药集团(603368.SH),3000,45030.00,15.01,1189.37
,,,五洲交通(600368.SH),13000,44460.00,3.42,-4435.41
,,,凤凰传媒(601928.SH),6700,59295.00,8.85,467.97
2026-06-30,398136.36,97280.36,,,,,
,,,老凤祥(600612.SH),1000,32150.00,32.15,-9676.00
,,,五洲交通(600368.SH),11300,37855.00,3.35,-5311.99
,,,百联股份(600827.SH),5400,40014.00,7.41,-6208.09
,,,镇洋发展(603213.SH),3000,41490.00,13.83,865.03
,,,友发集团(601686.SH),6200,29946.00,4.83,-6904.58
,,,承德露露(000848.SZ),5400,39960.00,7.4,-855.88
,,,伟星股份(002003.SZ),4800,40416.00,8.42,-5293.32
,,,周大生(002867.SZ),3500,39025.00,11.15,-3176.87
2026-06-29,402875.66,95709.66,,,,,
,,,承德露露(000848.SZ),5400,40230.00,7.45,-585.88
,,,五洲交通(600368.SH),11300,39550.00,3.5,-5187.69
,,,周大生(002867.SZ),3500,40250.00,11.5,-1951.87
,,,友发集团(601686.SH),6200,30504.00,4.92,-6346.58
,,,百联股份(600827.SH),5400,41526.00,7.69,-4696.09
,,,伟星股份(002003.SZ),4800,40416.00,8.42,-5293.32
,,,老凤祥(600612.SH),1000,32630.00,32.63,-9196.00
,,,镇洋发展(603213.SH),3000,42060.00,14.02,1435.03
2026-06-26,398594.66,95709.66,,,,,
,,,百联股份(600827.SH),5400,40986.00,7.59,-5236.09
,,,老凤祥(600612.SH),1000,32240.00,32.24,-9586.00
,,,镇洋发展(603213.SH),3000,40740.00,13.58,115.03
,,,友发集团(601686.SH),6200,30070.00,4.85,-6780.58
,,,周大生(002867.SZ),3500,40180.00,11.48,-2021.87
,,,承德露露(000848.SZ),5400,39474.00,7.31,-1341.88
,,,伟星股份(002003.SZ),4800,39984.00,8.33,-5725.32
,,,五洲交通(600368.SH),11300,39211.00,3.47,-5526.69
2026-06-25,403488.66,95709.66,,,,,
,,,镇洋发展(603213.SH),3000,41190.00,13.73,565.03
,,,友发集团(601686.SH),6200,30504.00,4.92,-6346.58
,,,老凤祥(600612.SH),1000,32900.00,32.9,-8926.00
,,,承德露露(000848.SZ),5400,40554.00,7.51,-261.88
,,,百联股份(600827.SH),5400,41904.00,7.76,-4318.09
,,,伟星股份(002003.SZ),4800,40464.00,8.43,-5245.32
,,,五洲交通(600368.SH),11300,39663.00,3.51,-5074.69
,,,周大生(002867.SZ),3500,40600.00,11.6,-1601.87
2026-06-24,406972.66,95709.66,,,,,
,,,百联股份(600827.SH),5400,42444.00,7.86,-3778.09
,,,镇洋发展(603213.SH),3000,41730.00,13.91,1105.03
,,,伟星股份(002003.SZ),4800,40704.00,8.48,-5005.32
,,,五洲交通(600368.SH),11300,40228.00,3.56,-4509.69
,,,周大生(002867.SZ),3500,40845.00,11.67,-1356.87
,,,友发集团(601686.SH),6200,30938.00,4.99,-5912.58
,,,老凤祥(600612.SH),1000,33280.00,33.28,-8546.00
,,,承德露露(000848.SZ),5400,41094.00,7.61,278.12
2026-06-23,410360.66,95709.66,,,,,
,,,伟星股份(002003.SZ),4800,41664.00,8.68,-4045.32
,,,老凤祥(600612.SH),1000,33800.00,33.8,-8026.00
,,,承德露露(000848.SZ),5400,41472.00,7.68,656.12
,,,周大生(002867.SZ),3500,40985.00,11.71,-1216.87
,,,友发集团(601686.SH),6200,31248.00,5.04,-5602.58
,,,镇洋发展(603213.SH),3000,42000.00,14,1375.03
,,,五洲交通(600368.SH),11300,40228.00,3.56,-4509.69
,,,百联股份(600827.SH),5400,43254.00,8.01,-2968.09
2026-06-22,409748.66,95709.66,,,,,
,,,百联股份(600827.SH),5400,42822.00,7.93,-3400.09
,,,老凤祥(600612.SH),1000,34210.00,34.21,-7616.00
,,,承德露露(000848.SZ),5400,41148.00,7.62,332.12
,,,伟星股份(002003.SZ),4800,41760.00,8.7,-3949.32
,,,周大生(002867.SZ),3500,41090.00,11.74,-1111.87
,,,友发集团(601686.SH),6200,31496.00,5.08,-5354.58
,,,五洲交通(600368.SH),11300,39663.00,3.51,-5074.69
,,,镇洋发展(603213.SH),3000,41850.00,13.95,1225.03
2026-06-18,410269.66,95709.66,,,,,
,,,周大生(002867.SZ),3500,41405.00,11.83,-796.87
,,,老凤祥(600612.SH),1000,34430.00,34.43,-7396.00
,,,友发集团(601686.SH),6200,31434.00,5.07,-5416.58
,,,镇洋发展(603213.SH),3000,42300.00,14.1,1675.03
,,,百联股份(600827.SH),5400,42336.00,7.84,-3886.09
,,,伟星股份(002003.SZ),4800,41520.00,8.65,-4189.32
,,,五洲交通(600368.SH),11300,39663.00,3.51,-5074.69
,,,承德露露(000848.SZ),5400,41472.00,7.68,656.12
2026-06-17,413261.66,95709.66,,,,,
,,,友发集团(601686.SH),6200,31062.00,5.01,-5788.58
,,,承德露露(000848.SZ),5400,41364.00,7.66,548.12
,,,五洲交通(600368.SH),11300,41245.00,3.65,-3492.69
,,,周大生(002867.SZ),3500,41895.00,11.97,-306.87
,,,伟星股份(002003.SZ),4800,41424.00,8.63,-4285.32
,,,镇洋发展(603213.SH),3000,42600.00,14.2,1975.03
,,,老凤祥(600612.SH),1000,34870.00,34.87,-6956.00
,,,百联股份(600827.SH),5400,43092.00,7.98,-3130.09
2026-06-16,417713.66,95709.66,,,,,
,,,友发集团(601686.SH),6200,31496.00,5.08,-5354.58
,,,承德露露(000848.SZ),5400,41634.00,7.71,818.12
,,,百联股份(600827.SH),5400,43740.00,8.1,-2482.09
,,,五洲交通(600368.SH),11300,42262.00,3.74,-2475.69
,,,老凤祥(600612.SH),1000,35300.00,35.3,-6526.00
,,,伟星股份(002003.SZ),4800,41952.00,8.74,-3757.32
,,,周大生(002867.SZ),3500,42630.00,12.18,428.13
,,,镇洋发展(603213.SH),3000,42990.00,14.33,2365.03
2026-06-15,421800.66,95709.66,,,,,
,,,周大生(002867.SZ),3500,43015.00,12.29,813.13
,,,老凤祥(600612.SH),1000,35740.00,35.74,-6086.00
,,,镇洋发展(603213.SH),3000,43740.00,14.58,3115.03
,,,友发集团(601686.SH),6200,32054.00,5.17,-4796.58
,,,五洲交通(600368.SH),11300,42488.00,3.76,-2249.69
,,,承德露露(000848.SZ),5400,42228.00,7.82,1412.12
,,,百联股份(600827.SH),5400,44010.00,8.15,-2212.09
,,,伟星股份(002003.SZ),4800,42816.00,8.92,-2893.32
2026-06-12,422482.66,95709.66,,,,,
,,,镇洋发展(603213.SH),3000,44250.00,14.75,3625.03
,,,老凤祥(600612.SH),1000,35380.00,35.38,-6446.00
,,,百联股份(600827.SH),5400,43578.00,8.07,-2644.09
,,,承德露露(000848.SZ),5400,42606.00,7.89,1790.12
,,,友发集团(601686.SH),6200,31930.00,5.15,-4920.58
,,,伟星股份(002003.SZ),4800,43440.00,9.05,-2269.32
,,,五洲交通(600368.SH),11300,42714.00,3.78,-2023.69
,,,周大生(002867.SZ),3500,42875.00,12.25,673.13
2026-06-11,417109.66,95709.66,,,,,
,,,五洲交通(600368.SH),11300,42262.00,3.74,-2475.69
,,,老凤祥(600612.SH),1000,34600.00,34.6,-7226.00
,,,周大生(002867.SZ),3500,41930.00,11.98,-271.87
,,,镇洋发展(603213.SH),3000,44790.00,14.93,4165.03
,,,友发集团(601686.SH),6200,30876.00,4.98,-5974.58
,,,伟星股份(002003.SZ),4800,42864.00,8.93,-2845.32
,,,百联股份(600827.SH),5400,42606.00,7.89,-3616.09
,,,承德露露(000848.SZ),5400,41472.00,7.68,656.12
2026-06-10,420282.66,95709.66,,,,,
,,,镇洋发展(603213.SH),3000,44610.00,14.87,3985.03
,,,周大生(002867.SZ),3500,42315.00,12.09,113.13
,,,友发集团(601686.SH),6200,30814.00,4.97,-6036.58
,,,老凤祥(600612.SH),1000,35280.00,35.28,-6546.00
,,,承德露露(000848.SZ),5400,41958.00,7.77,1142.12
,,,五洲交通(600368.SH),11300,43166.00,3.82,-1571.69
,,,伟星股份(002003.SZ),4800,42960.00,8.95,-2749.32
,,,百联股份(600827.SH),5400,43470.00,8.05,-2752.09
2026-06-09,420227.66,95709.66,,,,,
,,,老凤祥(600612.SH),1000,34660.00,34.66,-7166.00
,,,镇洋发展(603213.SH),3000,43740.00,14.58,3115.03
,,,周大生(002867.SZ),3500,42210.00,12.06,8.13
,,,伟星股份(002003.SZ),4800,43488.00,9.06,-2221.32
,,,五洲交通(600368.SH),11300,43618.00,3.86,-1119.69
,,,百联股份(600827.SH),5400,43308.00,8.02,-2914.09
,,,友发集团(601686.SH),6200,31806.00,5.13,-5044.58
,,,承德露露(000848.SZ),5400,41688.00,7.72,872.12
2026-06-08,419556.66,95709.66,,,,,
,,,五洲交通(600368.SH),11300,43505.00,3.85,-1232.69
,,,承德露露(000848.SZ),5400,41904.00,7.76,1088.12
,,,周大生(002867.SZ),3500,41860.00,11.96,-341.87
,,,百联股份(600827.SH),5400,43956.00,8.14,-2266.09
,,,老凤祥(600612.SH),1000,34870.00,34.87,-6956.00
,,,镇洋发展(603213.SH),3000,42480.00,14.16,1855.03
,,,伟星股份(002003.SZ),4800,43776.00,9.12,-1933.32
,,,友发集团(601686.SH),6200,31496.00,5.08,-5354.58
2026-06-05,424566.66,95709.66,,,,,
,,,周大生(002867.SZ),3500,42945.00,12.27,743.13
,,,伟星股份(002003.SZ),4800,43632.00,9.09,-2077.32
,,,镇洋发展(603213.SH),3000,42600.00,14.2,1975.03
,,,老凤祥(600612.SH),1000,35660.00,35.66,-6166.00
,,,百联股份(600827.SH),5400,44064.00,8.16,-2158.09
,,,五洲交通(600368.SH),11300,44522.00,3.94,-215.69
,,,友发集团(601686.SH),6200,32612.00,5.26,-4238.58
,,,承德露露(000848.SZ),5400,42822.00,7.93,2006.12
2026-06-04,423779.66,95709.66,,,,,
,,,周大生(002867.SZ),3500,42525.00,12.15,323.13
,,,承德露露(000848.SZ),5400,42714.00,7.91,1898.12
,,,五洲交通(600368.SH),11300,44861.00,3.97,123.31
,,,友发集团(601686.SH),6200,33046.00,5.33,-3804.58
,,,镇洋发展(603213.SH),3000,41640.00,13.88,1015.03
,,,百联股份(600827.SH),5400,43578.00,8.07,-2644.09
,,,老凤祥(600612.SH),1000,35450.00,35.45,-6376.00
,,,伟星股份(002003.SZ),4800,44256.00,9.22,-1453.32
2026-06-03,431072.66,95709.66,,,,,
,,,老凤祥(600612.SH),1000,36000.00,36,-5826.00
,,,五洲交通(600368.SH),11300,45765.00,4.05,1027.31
,,,百联股份(600827.SH),5400,44334.00,8.21,-1888.09
,,,伟星股份(002003.SZ),4800,45792.00,9.54,82.68
,,,友发集团(601686.SH),6200,34472.00,5.56,-2378.58
,,,承德露露(000848.SZ),5400,43470.00,8.05,2654.12
,,,周大生(002867.SZ),3500,42630.00,12.18,428.13
,,,镇洋发展(603213.SH),3000,42900.00,14.3,2275.03
2026-06-02,435474.66,95709.66,,,,,
,,,百联股份(600827.SH),5400,45252.00,8.38,-970.09
,,,伟星股份(002003.SZ),4800,45072.00,9.39,-637.32
,,,承德露露(000848.SZ),5400,44118.00,8.17,3302.12
,,,五洲交通(600368.SH),11300,45087.00,3.99,349.31
,,,周大生(002867.SZ),3500,43050.00,12.3,848.13
,,,镇洋发展(603213.SH),3000,43770.00,14.59,3145.03
,,,友发集团(601686.SH),6200,36766.00,5.93,-84.58
,,,老凤祥(600612.SH),1000,36650.00,36.65,-5176.00
2026-06-01,433500.66,95709.66,,,,,
,,,老凤祥(600612.SH),1000,36800.00,36.8,-5026.00
,,,周大生(002867.SZ),3500,43890.00,12.54,1688.13
,,,五洲交通(600368.SH),11300,45087.00,3.99,349.31
,,,承德露露(000848.SZ),5400,44550.00,8.25,3734.12
,,,友发集团(601686.SH),6200,33418.00,5.39,-3432.58
,,,伟星股份(002003.SZ),4800,44640.00,9.3,-1069.32
,,,百联股份(600827.SH),5400,46116.00,8.54,-106.09
,,,镇洋发展(603213.SH),3000,43290.00,14.43,2665.03
2026-05-29,430973.66,95709.66,,,,,
,,,友发集团(601686.SH),6200,32364.00,5.22,-4486.58
,,,镇洋发展(603213.SH),3000,44100.00,14.7,3475.03
,,,老凤祥(600612.SH),1000,35950.00,35.95,-5876.00
,,,五洲交通(600368.SH),11300,44296.00,3.92,-441.69
,,,周大生(002867.SZ),3500,44100.00,12.6,1898.13
,,,伟星股份(002003.SZ),4800,44112.00,9.19,-1597.32
,,,承德露露(000848.SZ),5400,44496.00,8.24,3680.12
,,,百联股份(600827.SH),5400,45846.00,8.49,-376.09
2026-05-28,424645.66,93009.66,,,,,
,,,镇洋发展(603213.SH),3000,43230.00,14.41,2605.03
,,,老凤祥(600612.SH),1000,35420.00,35.42,-6406.00
,,,五洲交通(600368.SH),11300,43844.00,3.88,-893.69
,,,承德露露(000848.SZ),5400,46386.00,8.59,2870.12
,,,伟星股份(002003.SZ),4800,43824.00,9.13,-1885.32
,,,周大生(002867.SZ),3500,43400.00,12.4,1198.13
,,,百联股份(600827.SH),5400,43416.00,8.04,-2806.09
,,,友发集团(601686.SH),6200,32116.00,5.18,-4734.58
2026-05-27,426137.66,93009.66,,,,,
,,,伟星股份(002003.SZ),4800,42816.00,8.92,-2893.32
,,,百联股份(600827.SH),5400,43146.00,7.99,-3076.09
,,,五洲交通(600368.SH),11300,44409.00,3.93,-328.69
,,,承德露露(000848.SZ),5400,46926.00,8.69,3410.12
,,,友发集团(601686.SH),6200,32116.00,5.18,-4734.58
,,,老凤祥(600612.SH),1000,36370.00,36.37,-5456.00
,,,周大生(002867.SZ),3500,43155.00,12.33,953.13
,,,镇洋发展(603213.SH),3000,44190.00,14.73,3565.03
2026-05-26,425330.66,93009.66,,,,,
,,,镇洋发展(603213.SH),3000,42810.00,14.27,2185.03
,,,百联股份(600827.SH),5400,42768.00,7.92,-3454.09
,,,老凤祥(600612.SH),1000,36520.00,36.52,-5306.00
,,,伟星股份(002003.SZ),4800,42336.00,8.82,-3373.32
,,,承德露露(000848.SZ),5400,47412.00,8.78,3896.12
,,,友发集团(601686.SH),6200,32674.00,5.27,-4176.58
,,,周大生(002867.SZ),3500,43505.00,12.43,1303.13
,,,五洲交通(600368.SH),11300,44296.00,3.92,-441.69
2026-05-25,424013.66,93009.66,,,,,
,,,伟星股份(002003.SZ),4800,42960.00,8.95,-2749.32
,,,承德露露(000848.SZ),5400,46278.00,8.57,2762.12
,,,周大生(002867.SZ),3500,43330.00,12.38,1128.13
,,,友发集团(601686.SH),6200,32674.00,5.27,-4176.58
,,,镇洋发展(603213.SH),3000,41910.00,13.97,1285.03
,,,五洲交通(600368.SH),11300,44748.00,3.96,10.31
,,,百联股份(600827.SH),5400,42714.00,7.91,-3508.09
,,,老凤祥(600612.SH),1000,36390.00,36.39,-5436.00
2026-05-22,425768.66,92259.66,,,,,
,,,周大生(002867.SZ),3500,43330.00,12.38,1128.13
,,,镇洋发展(603213.SH),3000,41460.00,13.82,85.03
,,,承德露露(000848.SZ),5400,47034.00,8.71,3518.12
,,,友发集团(601686.SH),6200,32798.00,5.29,-4052.58
,,,百联股份(600827.SH),5400,43362.00,8.03,-2860.09
,,,五洲交通(600368.SH),11300,44183.00,3.91,-554.69
,,,伟星股份(002003.SZ),4800,44592.00,9.29,-1117.32
,,,老凤祥(600612.SH),1000,36750.00,36.75,-5076.00
2026-05-21,426728.66,92259.66,,,,,
,,,老凤祥(600612.SH),1000,36990.00,36.99,-4836.00
,,,周大生(002867.SZ),3500,43855.00,12.53,1653.13
,,,五洲交通(600368.SH),11300,44296.00,3.92,-441.69
,,,承德露露(000848.SZ),5400,46926.00,8.69,3410.12
,,,百联股份(600827.SH),5400,43794.00,8.11,-2428.09
,,,友发集团(601686.SH),6200,32922.00,5.31,-3928.58
,,,镇洋发展(603213.SH),3000,40950.00,13.65,-424.97
,,,伟星股份(002003.SZ),4800,44736.00,9.32,-973.32
2026-05-20,431137.66,92259.66,,,,,
,,,百联股份(600827.SH),5400,44550.00,8.25,-1672.09
,,,友发集团(601686.SH),6200,33418.00,5.39,-3432.58
,,,镇洋发展(603213.SH),3000,40920.00,13.64,-454.97
,,,承德露露(000848.SZ),5400,47790.00,8.85,4274.12
,,,老凤祥(600612.SH),1000,37180.00,37.18,-4646.00
,,,伟星股份(002003.SZ),4800,45792.00,9.54,82.68
,,,五洲交通(600368.SH),11300,44183.00,3.91,-554.69
,,,周大生(002867.SZ),3500,45045.00,12.87,2843.13
2026-05-19,431292.66,90339.66,,,,,
,,,老凤祥(600612.SH),1000,37590.00,37.59,-4236.00
,,,镇洋发展(603213.SH),3000,40590.00,13.53,-784.97
,,,伟星股份(002003.SZ),4800,47376.00,9.87,-253.32
,,,承德露露(000848.SZ),5400,48060.00,8.9,4544.12
,,,周大生(002867.SZ),3500,44205.00,12.63,2003.13
,,,百联股份(600827.SH),5400,45090.00,8.35,-1132.09
,,,友发集团(601686.SH),6200,33294.00,5.37,-3556.58
,,,五洲交通(600368.SH),11300,44748.00,3.96,10.31
2026-05-18,427808.66,90339.66,,,,,
,,,友发集团(601686.SH),6200,33108.00,5.34,-3742.58
,,,周大生(002867.SZ),3500,43505.00,12.43,1303.13
,,,承德露露(000848.SZ),5400,47898.00,8.87,4382.12
,,,五洲交通(600368.SH),11300,44070.00,3.9,-667.69
,,,镇洋发展(603213.SH),3000,40440.00,13.48,-934.97
,,,老凤祥(600612.SH),1000,36900.00,36.9,-4926.00
,,,百联股份(600827.SH),5400,44604.00,8.26,-1618.09
,,,伟星股份(002003.SZ),4800,46944.00,9.78,-685.32
2026-05-15,429883.66,90339.66,,,,,
,,,五洲交通(600368.SH),11300,43731.00,3.87,-1006.69
,,,承德露露(000848.SZ),5400,48222.00,8.93,4706.12
,,,友发集团(601686.SH),6200,33108.00,5.34,-3742.58
,,,老凤祥(600612.SH),1000,37390.00,37.39,-4436.00
,,,周大生(002867.SZ),3500,44205.00,12.63,2003.13
,,,百联股份(600827.SH),5400,45144.00,8.36,-1078.09
,,,镇洋发展(603213.SH),3000,40800.00,13.6,-574.97
,,,伟星股份(002003.SZ),4800,46944.00,9.78,-685.32
2026-05-14,433033.66,90339.66,,,,,
,,,伟星股份(002003.SZ),4800,46320.00,9.65,-1309.32
,,,老凤祥(600612.SH),1000,37990.00,37.99,-3836.00
,,,五洲交通(600368.SH),11300,44183.00,3.91,-554.69
,,,镇洋发展(603213.SH),3000,40800.00,13.6,-574.97
,,,百联股份(600827.SH),5400,46710.00,8.65,487.91
,,,周大生(002867.SZ),3500,44765.00,12.79,2563.13
,,,承德露露(000848.SZ),5400,48384.00,8.96,4868.12
,,,友发集团(601686.SH),6200,33542.00,5.41,-3308.58
2026-05-13,434848.66,90339.66,,,,,
,,,百联股份(600827.SH),5400,44658.00,8.27,-1564.09
,,,老凤祥(600612.SH),1000,38530.00,38.53,-3296.00
,,,五洲交通(600368.SH),11300,44974.00,3.98,236.31
,,,镇洋发展(603213.SH),3000,41190.00,13.73,-184.97
,,,伟星股份(002003.SZ),4800,46992.00,9.79,-637.32
,,,周大生(002867.SZ),3500,45325.00,12.95,3123.13
,,,承德露露(000848.SZ),5400,48492.00,8.98,4976.12
,,,友发集团(601686.SH),6200,34348.00,5.54,-2502.58
2026-05-12,436294.66,90339.66,,,,,
,,,友发集团(601686.SH),6200,34286.00,5.53,-2564.58
,,,老凤祥(600612.SH),1000,38520.00,38.52,-3306.00
,,,五洲交通(600368.SH),11300,44748.00,3.96,10.31
,,,镇洋发展(603213.SH),3000,41340.00,13.78,-34.97
,,,承德露露(000848.SZ),5400,48978.00,9.07,5462.12
,,,周大生(002867.SZ),3500,45605.00,13.03,3403.13
,,,百联股份(600827.SH),5400,44766.00,8.29,-1456.09
,,,伟星股份(002003.SZ),4800,47712.00,9.94,82.68
2026-05-11,438568.66,90339.66,,,,,
,,,伟星股份(002003.SZ),4800,46608.00,9.71,-1021.32
,,,镇洋发展(603213.SH),3000,41670.00,13.89,295.03
,,,承德露露(000848.SZ),5400,48870.00,9.05,5354.12
,,,百联股份(600827.SH),5400,45576.00,8.44,-646.09
,,,老凤祥(600612.SH),1000,38930.00,38.93,-2896.00
,,,友发集团(601686.SH),6200,34844.00,5.62,-2006.58
,,,周大生(002867.SZ),3500,46305.00,13.23,4103.13
,,,五洲交通(600368.SH),11300,45426.00,4.02,688.31
2026-05-08,440751.66,90339.66,,,,,
,,,周大生(002867.SZ),3500,46305.00,13.23,4103.13
,,,承德露露(000848.SZ),5400,49194.00,9.11,5678.12
,,,五洲交通(600368.SH),11300,46443.00,4.11,1705.31
,,,老凤祥(600612.SH),1000,39250.00,39.25,-2576.00
,,,友发集团(601686.SH),6200,34658.00,5.59,-2192.58
,,,伟星股份(002003.SZ),4800,47280.00,9.85,-349.32
,,,镇洋发展(603213.SH),3000,41490.00,13.83,115.03
,,,百联股份(600827.SH),5400,45792.00,8.48,-430.09
2026-05-07,437354.66,90339.66,,,,,
,,,周大生(002867.SZ),3500,46620.00,13.32,4418.13
,,,百联股份(600827.SH),5400,45360.00,8.4,-862.09
,,,老凤祥(600612.SH),1000,39390.00,39.39,-2436.00
,,,承德露露(000848.SZ),5400,48762.00,9.03,5246.12
,,,镇洋发展(603213.SH),3000,41070.00,13.69,-304.97
,,,友发集团(601686.SH),6200,34720.00,5.6,-2130.58
,,,伟星股份(002003.SZ),4800,47136.00,9.82,-493.32
,,,五洲交通(600368.SH),11300,43957.00,3.89,-780.69
2026-05-06,435802.66,90339.66,,,,,
,,,周大生(002867.SZ),3500,45605.00,13.03,3403.13
,,,老凤祥(600612.SH),1000,39300.00,39.3,-2526.00
,,,百联股份(600827.SH),5400,45792.00,8.48,-430.09
,,,镇洋发展(603213.SH),3000,40890.00,13.63,-484.97
,,,伟星股份(002003.SZ),4800,46656.00,9.72,-973.32
,,,承德露露(000848.SZ),5400,48492.00,8.98,4976.12
,,,五洲交通(600368.SH),11300,44070.00,3.9,-667.69
,,,友发集团(601686.SH),6200,34658.00,5.59,-2192.58
2026-04-30,436918.66,90339.66,,,,,
,,,友发集团(601686.SH),6200,34534.00,5.57,-2316.58
,,,百联股份(600827.SH),5400,44658.00,8.27,-1564.09
,,,镇洋发展(603213.SH),3000,41550.00,13.85,175.03
,,,五洲交通(600368.SH),11300,43957.00,3.89,-780.69
,,,周大生(002867.SZ),3500,46410.00,13.26,4208.13
,,,老凤祥(600612.SH),1000,39410.00,39.41,-2416.00
,,,承德露露(000848.SZ),5400,48060.00,8.9,4544.12
,,,伟星股份(002003.SZ),4800,48000.00,10,370.68
2026-04-29,438553.66,90339.66,,,,,
,,,五洲交通(600368.SH),11300,44070.00,3.9,-667.69
,,,伟星股份(002003.SZ),4800,48720.00,10.15,1090.68
,,,友发集团(601686.SH),6200,34720.00,5.6,-2130.58
,,,百联股份(600827.SH),5400,44496.00,8.24,-1726.09
,,,老凤祥(600612.SH),1000,39750.00,39.75,-2076.00
,,,承德露露(000848.SZ),5400,48168.00,8.92,4652.12
,,,周大生(002867.SZ),3500,46830.00,13.38,4628.13
,,,镇洋发展(603213.SH),3000,41460.00,13.82,85.03
2026-04-28,432109.66,90339.66,,,,,
,,,百联股份(600827.SH),5400,44334.00,8.21,-1888.09
,,,承德露露(000848.SZ),5400,47898.00,8.87,4382.12
,,,周大生(002867.SZ),3500,42560.00,12.16,358.13
,,,老凤祥(600612.SH),1000,39320.00,39.32,-2506.00
,,,五洲交通(600368.SH),11300,43844.00,3.88,-893.69
,,,镇洋发展(603213.SH),3000,40560.00,13.52,-814.97
,,,友发集团(601686.SH),6200,34534.00,5.57,-2316.58
,,,伟星股份(002003.SZ),4800,48720.00,10.15,1090.68
2026-04-27,428795.66,90339.66,,,,,
,,,镇洋发展(603213.SH),3000,40590.00,13.53,-784.97
,,,五洲交通(600368.SH),11300,43618.00,3.86,-1119.69
,,,伟星股份(002003.SZ),4800,48576.00,10.12,946.68
,,,周大生(002867.SZ),3500,42700.00,12.2,498.13
,,,百联股份(600827.SH),5400,43848.00,8.12,-2374.09
,,,老凤祥(600612.SH),1000,39300.00,39.3,-2526.00
,,,友发集团(601686.SH),6200,34410.00,5.55,-2440.58
,,,承德露露(000848.SZ),5400,45414.00,8.41,1898.12
2026-04-24,429389.66,90339.66,,,,,
,,,百联股份(600827.SH),5400,43740.00,8.1,-2482.09
,,,伟星股份(002003.SZ),4800,48912.00,10.19,1282.68
,,,承德露露(000848.SZ),5400,45144.00,8.36,1628.12
,,,周大生(002867.SZ),3500,43050.00,12.3,848.13
,,,老凤祥(600612.SH),1000,40310.00,40.31,-1516.00
,,,友发集团(601686.SH),6200,34844.00,5.62,-2006.58
,,,五洲交通(600368.SH),11300,42940.00,3.8,-1797.69
,,,镇洋发展(603213.SH),3000,40110.00,13.37,-1264.97
2026-04-23,432224.66,90339.66,,,,,
,,,镇洋发展(603213.SH),3000,40230.00,13.41,-1144.97
,,,老凤祥(600612.SH),1000,41340.00,41.34,-486.00
,,,友发集团(601686.SH),6200,35340.00,5.7,-1510.58
,,,承德露露(000848.SZ),5400,45306.00,8.39,1790.12
,,,百联股份(600827.SH),5400,43740.00,8.1,-2482.09
,,,伟星股份(002003.SZ),4800,48768.00,10.16,1138.68
,,,周大生(002867.SZ),3500,43995.00,12.57,1793.13
,,,五洲交通(600368.SH),11300,43166.00,3.82,-1571.69
2026-04-22,433125.66,90339.66,,,,,
,,,友发集团(601686.SH),6200,36394.00,5.87,-456.58
,,,五洲交通(600368.SH),11300,43618.00,3.86,-1119.69
,,,周大生(002867.SZ),3500,44310.00,12.66,2108.13
,,,百联股份(600827.SH),5400,43578.00,8.07,-2644.09
,,,老凤祥(600612.SH),1000,41500.00,41.5,-326.00
,,,承德露露(000848.SZ),5400,44982.00,8.33,1466.12
,,,伟星股份(002003.SZ),4800,48144.00,10.03,514.68
,,,镇洋发展(603213.SH),3000,40260.00,13.42,-1114.97
2026-04-21,433945.66,90339.66,,,,,
,,,百联股份(600827.SH),5400,44658.00,8.27,-1564.09
,,,承德露露(000848.SZ),5400,45198.00,8.37,1682.12
,,,周大生(002867.SZ),3500,43820.00,12.52,1618.13
,,,友发集团(601686.SH),6200,36518.00,5.89,-332.58
,,,伟星股份(002003.SZ),4800,48048.00,10.01,418.68
,,,镇洋发展(603213.SH),3000,40320.00,13.44,-1054.97
,,,老凤祥(600612.SH),1000,41200.00,41.2,-626.00
,,,五洲交通(600368.SH),11300,43844.00,3.88,-893.69
2026-04-20,433131.66,90339.66,,,,,
,,,承德露露(000848.SZ),5400,44604.00,8.26,1088.12
,,,伟星股份(002003.SZ),4800,48384.00,10.08,754.68
,,,百联股份(600827.SH),5400,44496.00,8.24,-1726.09
,,,周大生(002867.SZ),3500,43225.00,12.35,1023.13
,,,五洲交通(600368.SH),11300,43731.00,3.87,-1006.69
,,,镇洋发展(603213.SH),3000,40440.00,13.48,-934.97
,,,老凤祥(600612.SH),1000,41270.00,41.27,-556.00
,,,友发集团(601686.SH),6200,36642.00,5.91,-208.58
2026-04-17,432845.66,90339.66,,,,,
,,,镇洋发展(603213.SH),3000,40290.00,13.43,-1084.97
,,,伟星股份(002003.SZ),4800,48432.00,10.09,802.68
,,,承德露露(000848.SZ),5400,44064.00,8.16,548.12
,,,老凤祥(600612.SH),1000,41570.00,41.57,-256.00
,,,五洲交通(600368.SH),11300,44070.00,3.9,-667.69
,,,百联股份(600827.SH),5400,44442.00,8.23,-1780.09
,,,周大生(002867.SZ),3500,43120.00,12.32,918.13
,,,友发集团(601686.SH),6200,36518.00,5.89,-332.58
2026-04-16,433965.66,90339.66,,,,,
,,,友发集团(601686.SH),6200,36332.00,5.86,-518.58
,,,承德露露(000848.SZ),5400,44172.00,8.18,656.12
,,,百联股份(600827.SH),5400,45306.00,8.39,-916.09
,,,五洲交通(600368.SH),11300,43731.00,3.87,-1006.69
,,,伟星股份(002003.SZ),4800,47760.00,9.95,130.68
,,,周大生(002867.SZ),3500,43575.00,12.45,1373.13
,,,镇洋发展(603213.SH),3000,40830.00,13.61,-544.97
,,,老凤祥(600612.SH),1000,41920.00,41.92,94.00
2026-04-15,436307.66,90339.66,,,,,
,,,伟星股份(002003.SZ),4800,47424.00,9.88,-205.32
,,,百联股份(600827.SH),5400,45954.00,8.51,-268.09
,,,镇洋发展(603213.SH),3000,41070.00,13.69,-304.97
,,,友发集团(601686.SH),6200,36022.00,5.81,-828.58
,,,周大生(002867.SZ),3500,45675.00,13.05,3473.13
,,,老凤祥(600612.SH),1000,41920.00,41.92,94.00
,,,五洲交通(600368.SH),11300,43731.00,3.87,-1006.69
,,,承德露露(000848.SZ),5400,44172.00,8.18,656.12
2026-04-14,432744.66,90339.66,,,,,
,,,友发集团(601686.SH),6200,36022.00,5.81,-828.58
,,,五洲交通(600368.SH),11300,43618.00,3.86,-1119.69
,,,伟星股份(002003.SZ),4800,46848.00,9.76,-781.32
,,,百联股份(600827.SH),5400,46278.00,8.57,55.91
,,,镇洋发展(603213.SH),3000,40470.00,13.49,-904.97
,,,老凤祥(600612.SH),1000,41810.00,41.81,-16.00
,,,承德露露(000848.SZ),5400,44064.00,8.16,548.12
,,,周大生(002867.SZ),3500,43295.00,12.37,1093.13
2026-04-13,429696.66,90339.66,,,,,
,,,老凤祥(600612.SH),1000,41550.00,41.55,-276.00
,,,百联股份(600827.SH),5400,45954.00,8.51,-268.09
,,,友发集团(601686.SH),6200,36022.00,5.81,-828.58
,,,伟星股份(002003.SZ),4800,46128.00,9.61,-1501.32
,,,五洲交通(600368.SH),11300,43392.00,3.84,-1345.69
,,,镇洋发展(603213.SH),3000,40350.00,13.45,-1024.97
,,,承德露露(000848.SZ),5400,44766.00,8.29,1250.12
,,,周大生(002867.SZ),3500,41195.00,11.77,-1006.87
2026-04-10,428160.66,90339.66,,,,,
,,,承德露露(000848.SZ),5400,43038.00,7.97,-477.88
,,,五洲交通(600368.SH),11300,43618.00,3.86,-1119.69
,,,老凤祥(600612.SH),1000,41420.00,41.42,-406.00
,,,周大生(002867.SZ),3500,41125.00,11.75,-1076.87
,,,伟星股份(002003.SZ),4800,46608.00,9.71,-1021.32
,,,镇洋发展(603213.SH),3000,40290.00,13.43,-1084.97
,,,友发集团(601686.SH),6200,36146.00,5.83,-704.58
,,,百联股份(600827.SH),5400,45576.00,8.44,-646.09
2026-04-09,426904.66,90339.66,,,,,
,,,承德露露(000848.SZ),5400,42876.00,7.94,-639.88
,,,伟星股份(002003.SZ),4800,46272.00,9.64,-1357.32
,,,镇洋发展(603213.SH),3000,40200.00,13.4,-1174.97
,,,五洲交通(600368.SH),11300,43279.00,3.83,-1458.69
,,,百联股份(600827.SH),5400,45630.00,8.45,-592.09
,,,友发集团(601686.SH),6200,35898.00,5.79,-952.58
,,,老凤祥(600612.SH),1000,41390.00,41.39,-436.00
,,,周大生(002867.SZ),3500,41020.00,11.72,-1181.87
2026-04-08,431374.66,90339.66,,,,,
,,,镇洋发展(603213.SH),3000,40620.00,13.54,-754.97
,,,周大生(002867.SZ),3500,41615.00,11.89,-586.87
,,,友发集团(601686.SH),6200,36394.00,5.87,-456.58
,,,五洲交通(600368.SH),11300,44070.00,3.9,-667.69
,,,承德露露(000848.SZ),5400,43416.00,8.04,-99.88
,,,老凤祥(600612.SH),1000,42010.00,42.01,184.00
,,,伟星股份(002003.SZ),4800,46848.00,9.76,-781.32
,,,百联股份(600827.SH),5400,46062.00,8.53,-160.09
2026-04-07,425627.66,90339.66,,,,,
,,,周大生(002867.SZ),3500,40670.00,11.62,-1531.87
,,,友发集团(601686.SH),6200,35588.00,5.74,-1262.58
,,,百联股份(600827.SH),5400,45306.00,8.39,-916.09
,,,老凤祥(600612.SH),1000,41510.00,41.51,-316.00
,,,五洲交通(600368.SH),11300,43166.00,3.82,-1571.69
,,,伟星股份(002003.SZ),4800,45744.00,9.53,-1885.32
,,,镇洋发展(603213.SH),3000,40320.00,13.44,-1054.97
,,,承德露露(000848.SZ),5400,42984.00,7.96,-531.88
2026-04-03,424895.66,90339.66,,,,,
,,,老凤祥(600612.SH),1000,41140.00,41.14,-686.00
,,,承德露露(000848.SZ),5400,42768.00,7.92,-747.88
,,,友发集团(601686.SH),6200,35402.00,5.71,-1448.58
,,,五洲交通(600368.SH),11300,42940.00,3.8,-1797.69
,,,镇洋发展(603213.SH),3000,39960.00,13.32,-1414.97
,,,伟星股份(002003.SZ),4800,46128.00,9.61,-1501.32
,,,周大生(002867.SZ),3500,41020.00,11.72,-1181.87
,,,百联股份(600827.SH),5400,45198.00,8.37,-1024.09
2026-04-02,431212.66,90339.66,,,,,
,,,伟星股份(002003.SZ),4800,47472.00,9.89,-157.32
,,,镇洋发展(603213.SH),3000,40650.00,13.55,-724.97
,,,友发集团(601686.SH),6200,36208.00,5.84,-642.58
,,,五洲交通(600368.SH),11300,43844.00,3.88,-893.69
,,,百联股份(600827.SH),5400,46008.00,8.52,-214.09
,,,周大生(002867.SZ),3500,41895.00,11.97,-306.87
,,,承德露露(000848.SZ),5400,43146.00,7.99,-369.88
,,,老凤祥(600612.SH),1000,41650.00,41.65,-176.00
2026-04-01,432743.66,90339.66,,,,,
,,,百联股份(600827.SH),5400,46170.00,8.55,-52.09
,,,五洲交通(600368.SH),11300,44296.00,3.92,-441.69
,,,伟星股份(002003.SZ),4800,47328.00,9.86,-301.32
,,,友发集团(601686.SH),6200,36580.00,5.9,-270.58
,,,镇洋发展(603213.SH),3000,41460.00,13.82,85.03
,,,老凤祥(600612.SH),1000,41780.00,41.78,-46.00
,,,周大生(002867.SZ),3500,41860.00,11.96,-341.87
,,,承德露露(000848.SZ),5400,42930.00,7.95,-585.88
2026-03-31,433207.37,90625.37,,,,,
,,,菜百股份(605599.SH),3000,67650.00,22.55,18186.47
,,,地素时尚(603587.SH),1800,21942.00,12.19,-2107.20
,,,百隆东方(601339.SH),6300,45108.00,7.16,8105.07
,,,金徽股份(603132.SH),2100,35490.00,16.9,10153.88
,,,三峰环境(601827.SH),7200,59688.00,8.29,-1869.29
,,,中创物流(603967.SH),2800,37464.00,13.38,-2724.24
,,,新澳股份(603889.SH),4200,32214.00,7.67,-1126.53
,,,长龄液压(605389.SH),600,43026.00,71.71,12019.49
2026-03-30,440256.37,90625.37,,,,,
,,,长龄液压(605389.SH),600,42558.00,70.93,11551.49
,,,金徽股份(603132.SH),2100,35658.00,16.98,10321.88
,,,地素时尚(603587.SH),1800,22086.00,12.27,-1963.20
,,,菜百股份(605599.SH),3000,68700.00,22.9,19236.47
,,,新澳股份(603889.SH),4200,32298.00,7.69,-1042.53
,,,百隆东方(601339.SH),6300,45423.00,7.21,8420.07
,,,三峰环境(601827.SH),7200,64800.00,9,3242.71
,,,中创物流(603967.SH),2800,38108.00,13.61,-2080.24
2026-03-27,439353.37,90625.37,,,,,
,,,长龄液压(605389.SH),600,44010.00,73.35,13003.49
,,,地素时尚(603587.SH),1800,21744.00,12.08,-2305.20
,,,三峰环境(601827.SH),7200,66600.00,9.25,5042.71
,,,新澳股份(603889.SH),4200,32340.00,7.7,-1000.53
,,,百隆东方(601339.SH),6300,43785.00,6.95,6782.07
,,,中创物流(603967.SH),2800,37016.00,13.22,-3172.24
,,,菜百股份(605599.SH),3000,68100.00,22.7,18636.47
,,,金徽股份(603132.SH),2100,35133.00,16.73,9796.88
2026-03-26,433491.37,90625.37,,,,,
,,,百隆东方(601339.SH),6300,43029.00,6.83,6026.07
,,,菜百股份(605599.SH),3000,67350.00,22.45,17886.47
,,,金徽股份(603132.SH),2100,31941.00,15.21,6604.88
,,,三峰环境(601827.SH),7200,66312.00,9.21,4754.71
,,,中创物流(603967.SH),2800,35924.00,12.83,-4264.24
,,,新澳股份(603889.SH),4200,32214.00,7.67,-1126.53
,,,长龄液压(605389.SH),600,44388.00,73.98,13381.49
,,,地素时尚(603587.SH),1800,21708.00,12.06,-2341.20
2026-03-25,435744.37,90625.37,,,,,
,,,菜百股份(605599.SH),3000,67350.00,22.45,17886.47
,,,三峰环境(601827.SH),7200,67032.00,9.31,5474.71
,,,中创物流(603967.SH),2800,35840.00,12.8,-4348.24
,,,地素时尚(603587.SH),1800,21726.00,12.07,-2323.20
,,,金徽股份(603132.SH),2100,31941.00,15.21,6604.88
,,,百隆东方(601339.SH),6300,43848.00,6.96,6845.07
,,,新澳股份(603889.SH),4200,32802.00,7.81,-538.53
,,,长龄液压(605389.SH),600,44580.00,74.3,13573.49
2026-03-24,426519.37,90625.37,,,,,
,,,百隆东方(601339.SH),6300,43155.00,6.85,6152.07
,,,金徽股份(603132.SH),2100,31605.00,15.05,6268.88
,,,地素时尚(603587.SH),1800,21348.00,11.86,-2701.20
,,,菜百股份(605599.SH),3000,64500.00,21.5,15036.47
,,,新澳股份(603889.SH),4200,32130.00,7.65,-1210.53
,,,三峰环境(601827.SH),7200,64296.00,8.93,2738.71
,,,中创物流(603967.SH),2800,35084.00,12.53,-5104.24
,,,长龄液压(605389.SH),600,43776.00,72.96,12769.49
2026-03-23,417494.37,90625.37,,,,,
,,,三峰环境(601827.SH),7200,61920.00,8.6,362.71
,,,金徽股份(603132.SH),2100,30345.00,14.45,5008.88
,,,地素时尚(603587.SH),1800,20916.00,11.62,-3133.20
,,,菜百股份(605599.SH),3000,63600.00,21.2,14136.47
,,,长龄液压(605389.SH),600,44136.00,73.56,13129.49
,,,中创物流(603967.SH),2800,33544.00,11.98,-6644.24
,,,百隆东方(601339.SH),6300,41832.00,6.64,4829.07
,,,新澳股份(603889.SH),4200,30576.00,7.28,-2764.53
2026-03-20,438073.37,90625.37,,,,,
,,,金徽股份(603132.SH),2100,32928.00,15.68,7591.88
,,,新澳股份(603889.SH),4200,33180.00,7.9,-160.53
,,,百隆东方(601339.SH),6300,44478.00,7.06,7475.07
,,,三峰环境(601827.SH),7200,64440.00,8.95,2882.71
,,,长龄液压(605389.SH),600,46686.00,77.81,15679.49
,,,地素时尚(603587.SH),1800,22320.00,12.4,-1729.20
,,,中创物流(603967.SH),2800,35616.00,12.72,-4572.24
,,,菜百股份(605599.SH),3000,67800.00,22.6,18336.47
2026-03-19,443310.37,90625.37,,,,,
,,,中创物流(603967.SH),2800,36260.00,12.95,-3928.24
,,,三峰环境(601827.SH),7200,64152.00,8.91,2594.71
,,,百隆东方(601339.SH),6300,44856.00,7.12,7853.07
,,,长龄液压(605389.SH),600,46218.00,77.03,15211.49
,,,地素时尚(603587.SH),1800,22680.00,12.6,-1369.20
,,,菜百股份(605599.SH),3000,70710.00,23.57,21246.47
,,,新澳股份(603889.SH),4200,33684.00,8.02,343.47
,,,金徽股份(603132.SH),2100,34125.00,16.25,8788.88
2026-03-18,445739.37,90625.37,,,,,
,,,长龄液压(605389.SH),600,42018.00,70.03,11011.49
,,,地素时尚(603587.SH),1800,23004.00,12.78,-1045.20
,,,菜百股份(605599.SH),3000,70890.00,23.63,21426.47
,,,金徽股份(603132.SH),2100,35889.00,17.09,10552.88
,,,新澳股份(603889.SH),4200,34734.00,8.27,1393.47
,,,百隆东方(601339.SH),6300,46683.00,7.41,9680.07
,,,三峰环境(601827.SH),7200,65160.00,9.05,3602.71
,,,中创物流(603967.SH),2800,36736.00,13.12,-3452.24
2026-03-17,442217.37,90625.37,,,,,
,,,新澳股份(603889.SH),4200,34650.00,8.25,1309.47
,,,百隆东方(601339.SH),6300,45234.00,7.18,8231.07
,,,金徽股份(603132.SH),2100,36582.00,17.42,11245.88
,,,菜百股份(605599.SH),3000,71100.00,23.7,21636.47
,,,地素时尚(603587.SH),1800,22914.00,12.73,-1135.20
,,,中创物流(603967.SH),2800,36400.00,13,-3788.24
,,,三峰环境(601827.SH),7200,64944.00,9.02,3386.71
,,,长龄液压(605389.SH),600,39768.00,66.28,8761.49
2026-03-16,446943.37,90625.37,,,,,
,,,长龄液压(605389.SH),600,40890.00,68.15,9883.49
,,,百隆东方(601339.SH),6300,46053.00,7.31,9050.07
,,,金徽股份(603132.SH),2100,36435.00,17.35,11098.88
,,,中创物流(603967.SH),2800,36932.00,13.19,-3256.24
,,,地素时尚(603587.SH),1800,23040.00,12.8,-1009.20
,,,菜百股份(605599.SH),3000,71970.00,23.99,22506.47
,,,新澳股份(603889.SH),4200,35406.00,8.43,2065.47
,,,三峰环境(601827.SH),7200,65592.00,9.11,4034.71
2026-03-13,450486.37,90625.37,,,,,
,,,地素时尚(603587.SH),1800,22968.00,12.76,-1081.20
,,,百隆东方(601339.SH),6300,47502.00,7.54,10499.07
,,,菜百股份(605599.SH),3000,72120.00,24.04,22656.47
,,,中创物流(603967.SH),2800,36428.00,13.01,-3760.24
,,,三峰环境(601827.SH),7200,66816.00,9.28,5258.71
,,,金徽股份(603132.SH),2100,37023.00,17.63,11686.88
,,,新澳股份(603889.SH),4200,35112.00,8.36,1771.47
,,,长龄液压(605389.SH),600,41892.00,69.82,10885.49
2026-03-12,453037.37,90625.37,,,,,
,,,百隆东方(601339.SH),6300,48384.00,7.68,11381.07
,,,菜百股份(605599.SH),3000,73800.00,24.6,24336.47
,,,金徽股份(603132.SH),2100,38304.00,18.24,12967.88
,,,地素时尚(603587.SH),1800,23004.00,12.78,-1045.20
,,,长龄液压(605389.SH),600,40134.00,66.89,9127.49
,,,三峰环境(601827.SH),7200,66672.00,9.26,5114.71
,,,新澳股份(603889.SH),4200,35574.00,8.47,2233.47
,,,中创物流(603967.SH),2800,36540.00,13.05,-3648.24
2026-03-11,455202.37,90625.37,,,,,
,,,百隆东方(601339.SH),6300,48069.00,7.63,11066.07
,,,菜百股份(605599.SH),3000,73920.00,24.64,24456.47
,,,金徽股份(603132.SH),2100,38472.00,18.32,13135.88
,,,新澳股份(603889.SH),4200,35112.00,8.36,1771.47
,,,地素时尚(603587.SH),1800,23058.00,12.81,-991.20
,,,长龄液压(605389.SH),600,42690.00,71.15,11683.49
,,,三峰环境(601827.SH),7200,66240.00,9.2,4682.71
,,,中创物流(603967.SH),2800,37016.00,13.22,-3172.24
2026-03-10,451466.37,90625.37,,,,,
,,,百隆东方(601339.SH),6300,45738.00,7.26,8735.07
,,,菜百股份(605599.SH),3000,74250.00,24.75,24786.47
,,,长龄液压(605389.SH),600,42630.00,71.05,11623.49
,,,地素时尚(603587.SH),1800,22950.00,12.75,-1099.20
,,,金徽股份(603132.SH),2100,38997.00,18.57,13660.88
,,,新澳股份(603889.SH),4200,35280.00,8.4,1939.47
,,,中创物流(603967.SH),2800,36484.00,13.03,-3704.24
,,,三峰环境(601827.SH),7200,64512.00,8.96,2954.71
2026-03-09,449377.37,90625.37,,,,,
,,,金徽股份(603132.SH),2100,38325.00,18.25,12988.88
,,,新澳股份(603889.SH),4200,35364.00,8.42,2023.47
,,,三峰环境(601827.SH),7200,64440.00,8.95,2882.71
,,,地素时尚(603587.SH),1800,22608.00,12.56,-1441.20
,,,长龄液压(605389.SH),600,42630.00,71.05,11623.49
,,,菜百股份(605599.SH),3000,73380.00,24.46,23916.47
,,,百隆东方(601339.SH),6300,46053.00,7.31,9050.07
,,,中创物流(603967.SH),2800,35952.00,12.84,-4236.24
2026-03-06,450768.37,90625.37,,,,,
,,,三峰环境(601827.SH),7200,64440.00,8.95,2882.71
,,,中创物流(603967.SH),2800,37100.00,13.25,-3088.24
,,,长龄液压(605389.SH),600,43632.00,72.72,12625.49
,,,新澳股份(603889.SH),4200,37254.00,8.87,3913.47
,,,地素时尚(603587.SH),1800,22788.00,12.66,-1261.20
,,,百隆东方(601339.SH),6300,44226.00,7.02,7223.07
,,,菜百股份(605599.SH),3000,72420.00,24.14,22956.47
,,,金徽股份(603132.SH),2100,38283.00,18.23,12946.88
2026-03-05,445096.37,90625.37,,,,,
,,,三峰环境(601827.SH),7200,63144.00,8.77,1586.71
,,,新澳股份(603889.SH),4200,36666.00,8.73,3325.47
,,,中创物流(603967.SH),2800,36456.00,13.02,-3732.24
,,,菜百股份(605599.SH),3000,71190.00,23.73,21726.47
,,,百隆东方(601339.SH),6300,44100.00,7,7097.07
,,,地素时尚(603587.SH),1800,22320.00,12.4,-1729.20
,,,金徽股份(603132.SH),2100,37695.00,17.95,12358.88
,,,长龄液压(605389.SH),600,42900.00,71.5,11893.49
2026-03-04,444940.37,90625.37,,,,,
,,,中创物流(603967.SH),2800,36372.00,12.99,-3816.24
,,,菜百股份(605599.SH),3000,71400.00,23.8,21936.47
,,,金徽股份(603132.SH),2100,38724.00,18.44,13387.88
,,,长龄液压(605389.SH),600,42258.00,70.43,11251.49
,,,三峰环境(601827.SH),7200,62424.00,8.67,866.71
,,,新澳股份(603889.SH),4200,36204.00,8.62,2863.47
,,,百隆东方(601339.SH),6300,44667.00,7.09,7664.07
,,,地素时尚(603587.SH),1800,22266.00,12.37,-1783.20
2026-03-03,448809.37,90625.37,,,,,
,,,三峰环境(601827.SH),7200,63360.00,8.8,1802.71
,,,中创物流(603967.SH),2800,37688.00,13.46,-2500.24
,,,百隆东方(601339.SH),6300,46368.00,7.36,9365.07
,,,新澳股份(603889.SH),4200,37422.00,8.91,4081.47
,,,金徽股份(603132.SH),2100,36288.00,17.28,10951.88
,,,长龄液压(605389.SH),600,41970.00,69.95,10963.49
,,,地素时尚(603587.SH),1800,22608.00,12.56,-1441.20
,,,菜百股份(605599.SH),3000,72480.00,24.16,23016.47
2026-03-02,461618.37,90625.37,,,,,
,,,地素时尚(603587.SH),1800,23022.00,12.79,-1027.20
,,,百隆东方(601339.SH),6300,45045.00,7.15,8042.07
,,,中创物流(603967.SH),2800,36652.00,13.09,-3536.24
,,,新澳股份(603889.SH),4200,38766.00,9.23,5425.47
,,,长龄液压(605389.SH),600,45066.00,75.11,14059.49
,,,金徽股份(603132.SH),2100,39060.00,18.6,13723.88
,,,菜百股份(605599.SH),3000,79230.00,26.41,29766.47
,,,三峰环境(601827.SH),7200,64152.00,8.91,2594.71
2026-02-27,456687.37,90625.37,,,,,
,,,地素时尚(603587.SH),1800,23346.00,12.97,-703.20
,,,长龄液压(605389.SH),600,44502.00,74.17,13495.49
,,,三峰环境(601827.SH),7200,64872.00,9.01,3314.71
,,,百隆东方(601339.SH),6300,44982.00,7.14,7979.07
,,,金徽股份(603132.SH),2100,38304.00,18.24,12967.88
,,,中创物流(603967.SH),2800,37016.00,13.22,-3172.24
,,,新澳股份(603889.SH),4200,38640.00,9.2,5299.47
,,,菜百股份(605599.SH),3000,74400.00,24.8,24936.47
2026-02-26,452665.37,90625.37,,,,,
,,,金徽股份(603132.SH),2100,36939.00,17.59,11602.88
,,,新澳股份(603889.SH),4200,38850.00,9.25,5509.47
,,,百隆东方(601339.SH),6300,44793.00,7.11,7790.07
,,,长龄液压(605389.SH),600,44172.00,73.62,13165.49
,,,地素时尚(603587.SH),1800,23382.00,12.99,-667.20
,,,中创物流(603967.SH),2800,36792.00,13.14,-3396.24
,,,三峰环境(601827.SH),7200,64152.00,8.91,2594.71
,,,菜百股份(605599.SH),3000,72960.00,24.32,23496.47
2026-02-25,454160.37,90625.37,,,,,
,,,中创物流(603967.SH),2800,36484.00,13.03,-3704.24
,,,菜百股份(605599.SH),3000,74370.00,24.79,24906.47
,,,金徽股份(603132.SH),2100,37884.00,18.04,12547.88
,,,地素时尚(603587.SH),1800,23310.00,12.95,-739.20
,,,新澳股份(603889.SH),4200,39018.00,9.29,5677.47
,,,百隆东方(601339.SH),6300,44541.00,7.07,7538.07
,,,三峰环境(601827.SH),7200,63576.00,8.83,2018.71
,,,长龄液压(605389.SH),600,44352.00,73.92,13345.49
2026-02-24,454405.37,90625.37,,,,,
,,,百隆东方(601339.SH),6300,45108.00,7.16,8105.07
,,,三峰环境(601827.SH),7200,63144.00,8.77,1586.71
,,,菜百股份(605599.SH),3000,76140.00,25.38,26676.47
,,,长龄液压(605389.SH),600,43728.00,72.88,12721.49
,,,中创物流(603967.SH),2800,36456.00,13.02,-3732.24
,,,新澳股份(603889.SH),4200,39186.00,9.33,5845.47
,,,金徽股份(603132.SH),2100,36708.00,17.48,11371.88
,,,地素时尚(603587.SH),1800,23310.00,12.95,-739.20
2026-02-13,447238.37,90625.37,,,,,
,,,地素时尚(603587.SH),1800,22932.00,12.74,-1117.20
,,,金徽股份(603132.SH),2100,34965.00,16.65,9628.88
,,,三峰环境(601827.SH),7200,62568.00,8.69,1010.71
,,,菜百股份(605599.SH),3000,75960.00,25.32,26496.47
,,,新澳股份(603889.SH),4200,37422.00,8.91,4081.47
,,,百隆东方(601339.SH),6300,43218.00,6.86,6215.07
,,,中创物流(603967.SH),2800,35868.00,12.81,-4320.24
,,,长龄液压(605389.SH),600,43680.00,72.8,12673.49
2026-02-12,449723.37,90625.37,,,,,
,,,长龄液压(605389.SH),600,43794.00,72.99,12787.49
,,,三峰环境(601827.SH),7200,63216.00,8.78,1658.71
,,,菜百股份(605599.SH),3000,75150.00,25.05,25686.47
,,,金徽股份(603132.SH),2100,36414.00,17.34,11077.88
,,,地素时尚(603587.SH),1800,23400.00,13,-649.20
,,,中创物流(603967.SH),2800,35896.00,12.82,-4292.24
,,,百隆东方(601339.SH),6300,43470.00,6.9,6467.07
,,,新澳股份(603889.SH),4200,37758.00,8.99,4417.47
2026-02-11,452782.37,90625.37,,,,,
,,,长龄液压(605389.SH),600,44376.00,73.96,13369.49
,,,新澳股份(603889.SH),4200,38598.00,9.19,5257.47
,,,三峰环境(601827.SH),7200,63648.00,8.84,2090.71
,,,中创物流(603967.SH),2800,36708.00,13.11,-3480.24
,,,地素时尚(603587.SH),1800,23922.00,13.29,-127.20
,,,百隆东方(601339.SH),6300,44352.00,7.04,7349.07
,,,金徽股份(603132.SH),2100,35553.00,16.93,10216.88
,,,菜百股份(605599.SH),3000,75000.00,25,25536.47
2026-02-10,450260.37,90625.37,,,,,
,,,地素时尚(603587.SH),1800,23958.00,13.31,-91.20
,,,长龄液压(605389.SH),600,44520.00,74.2,13513.49
,,,三峰环境(601827.SH),7200,63216.00,8.78,1658.71
,,,金徽股份(603132.SH),2100,35217.00,16.77,9880.88
,,,中创物流(603967.SH),2800,36316.00,12.97,-3872.24
,,,百隆东方(601339.SH),6300,44856.00,7.12,7853.07
,,,菜百股份(605599.SH),3000,73500.00,24.5,24036.47
,,,新澳股份(603889.SH),4200,38052.00,9.06,4711.47
2026-02-09,459390.37,90625.37,,,,,
,,,新澳股份(603889.SH),4200,37800.00,9,4459.47
,,,百隆东方(601339.SH),6300,45045.00,7.15,8042.07
,,,金徽股份(603132.SH),2100,34566.00,16.46,9229.88
,,,三峰环境(601827.SH),7200,63648.00,8.84,2090.71
,,,长龄液压(605389.SH),600,45720.00,76.2,14713.49
,,,菜百股份(605599.SH),3000,81660.00,27.22,32196.47
,,,地素时尚(603587.SH),1800,23814.00,13.23,-235.20
,,,中创物流(603967.SH),2800,36512.00,13.04,-3676.24
2026-02-06,461548.37,90625.37,,,,,
,,,地素时尚(603587.SH),1800,23652.00,13.14,-397.20
,,,菜百股份(605599.SH),3000,84180.00,28.06,34716.47
,,,三峰环境(601827.SH),7200,63936.00,8.88,2378.71
,,,长龄液压(605389.SH),600,45960.00,76.6,14953.49
,,,中创物流(603967.SH),2800,36120.00,12.9,-4068.24
,,,新澳股份(603889.SH),4200,38010.00,9.05,4669.47
,,,百隆东方(601339.SH),6300,45045.00,7.15,8042.07
,,,金徽股份(603132.SH),2100,34020.00,16.2,8683.88
2026-02-05,458493.37,90625.37,,,,,
,,,长龄液压(605389.SH),600,46482.00,77.47,15475.49
,,,菜百股份(605599.SH),3000,79980.00,26.66,30516.47
,,,百隆东方(601339.SH),6300,45612.00,7.24,8609.07
,,,三峰环境(601827.SH),7200,64440.00,8.95,2882.71
,,,金徽股份(603132.SH),2100,33768.00,16.08,8431.88
,,,新澳股份(603889.SH),4200,37800.00,9,4459.47
,,,中创物流(603967.SH),2800,36008.00,12.86,-4180.24
,,,地素时尚(603587.SH),1800,23778.00,13.21,-271.20
2026-02-04,453969.37,90625.37,,,,,
,,,金徽股份(603132.SH),2100,35385.00,16.85,10048.88
,,,百隆东方(601339.SH),6300,43029.00,6.83,6026.07
,,,长龄液压(605389.SH),600,47118.00,78.53,16111.49
,,,菜百股份(605599.SH),3000,75690.00,25.23,26226.47
,,,地素时尚(603587.SH),1800,23418.00,13.01,-631.20
,,,三峰环境(601827.SH),7200,64728.00,8.99,3170.71
,,,新澳股份(603889.SH),4200,38052.00,9.06,4711.47
,,,中创物流(603967.SH),2800,35924.00,12.83,-4264.24
2026-02-03,449582.37,90625.37,,,,,
,,,菜百股份(605599.SH),3000,71790.00,23.93,22326.47
,,,金徽股份(603132.SH),2100,35847.00,17.07,10510.88
,,,长龄液压(605389.SH),600,47940.00,79.9,16933.49
,,,三峰环境(601827.SH),7200,64224.00,8.92,2666.71
,,,新澳股份(603889.SH),4200,37758.00,8.99,4417.47
,,,中创物流(603967.SH),2800,35644.00,12.73,-4544.24
,,,百隆东方(601339.SH),6300,42336.00,6.72,5333.07
,,,地素时尚(603587.SH),1800,23418.00,13.01,-631.20
2026-02-02,441630.37,90625.37,,,,,
,,,长龄液压(605389.SH),600,47592.00,79.32,16585.49
,,,金徽股份(603132.SH),2100,36750.00,17.5,11413.88
,,,新澳股份(603889.SH),4200,36330.00,8.65,2989.47
,,,菜百股份(605599.SH),3000,65250.00,21.75,15786.47
,,,中创物流(603967.SH),2800,35420.00,12.65,-4768.24
,,,百隆东方(601339.SH),6300,42147.00,6.69,5144.07
,,,地素时尚(603587.SH),1800,23436.00,13.02,-613.20
,,,三峰环境(601827.SH),7200,64080.00,8.9,2522.71
2026-01-30,453160.37,90625.37,,,,,
,,,百隆东方(601339.SH),6300,44667.00,7.09,7664.07
,,,菜百股份(605599.SH),3000,64560.00,21.52,15096.47
,,,地素时尚(603587.SH),1800,23760.00,13.2,-289.20
,,,长龄液压(605389.SH),600,49104.00,81.84,18097.49
,,,新澳股份(603889.SH),4200,38892.00,9.26,5551.47
,,,中创物流(603967.SH),2800,35784.00,12.78,-4404.24
,,,三峰环境(601827.SH),7200,64944.00,9.02,3386.71
,,,金徽股份(603132.SH),2100,40824.00,19.44,15487.88
2026-01-29,452132.37,90625.37,,,,,
,,,中创物流(603967.SH),2800,35308.00,12.61,-4880.24
,,,百隆东方(601339.SH),6300,44163.00,7.01,7160.07
,,,三峰环境(601827.SH),7200,65232.00,9.06,3674.71
,,,菜百股份(605599.SH),3000,63210.00,21.07,13746.47
,,,新澳股份(603889.SH),4200,38472.00,9.16,5131.47
,,,地素时尚(603587.SH),1800,23562.00,13.09,-487.20
,,,长龄液压(605389.SH),600,46200.00,77,15193.49
,,,金徽股份(603132.SH),2100,45360.00,21.6,20023.88
2026-01-28,457599.37,90625.37,,,,,
,,,新澳股份(603889.SH),4200,39102.00,9.31,5761.47
,,,三峰环境(601827.SH),7200,65088.00,9.04,3530.71
,,,地素时尚(603587.SH),1800,23418.00,13.01,-631.20
,,,金徽股份(603132.SH),2100,46578.00,22.18,21241.88
,,,长龄液压(605389.SH),600,47298.00,78.83,16291.49
,,,百隆东方(601339.SH),6300,45108.00,7.16,8105.07
,,,中创物流(603967.SH),2800,35252.00,12.59,-4936.24
,,,菜百股份(605599.SH),3000,65130.00,21.71,15666.47
2026-01-27,447299.37,90625.37,,,,,
,,,金徽股份(603132.SH),2100,42336.00,20.16,16999.88
,,,新澳股份(603889.SH),4200,38976.00,9.28,5635.47
,,,菜百股份(605599.SH),3000,59220.00,19.74,9756.47
,,,三峰环境(601827.SH),7200,64800.00,9,3242.71
,,,长龄液压(605389.SH),600,48132.00,80.22,17125.49
,,,百隆东方(601339.SH),6300,44352.00,7.04,7349.07
,,,地素时尚(603587.SH),1800,23382.00,12.99,-667.20
,,,中创物流(603967.SH),2800,35476.00,12.67,-4712.24
2026-01-26,447959.37,90625.37,,,,,
,,,菜百股份(605599.SH),3000,62160.00,20.72,12696.47
,,,新澳股份(603889.SH),4200,39228.00,9.34,5887.47
,,,中创物流(603967.SH),2800,36148.00,12.91,-4040.24
,,,长龄液压(605389.SH),600,48960.00,81.6,17953.49
,,,百隆东方(601339.SH),6300,43785.00,6.95,6782.07
,,,三峰环境(601827.SH),7200,64800.00,9,3242.71
,,,地素时尚(603587.SH),1800,23760.00,13.2,-289.20
,,,金徽股份(603132.SH),2100,38493.00,18.33,13156.88
2026-01-23,439798.37,90625.37,,,,,
,,,长龄液压(605389.SH),600,50040.00,83.4,19033.49
,,,菜百股份(605599.SH),3000,58500.00,19.5,9036.47
,,,百隆东方(601339.SH),6300,42273.00,6.71,5270.07
,,,三峰环境(601827.SH),7200,64224.00,8.92,2666.71
,,,地素时尚(603587.SH),1800,23886.00,13.27,-163.20
,,,金徽股份(603132.SH),2100,34986.00,16.66,9649.88
,,,新澳股份(603889.SH),4200,38724.00,9.22,5383.47
,,,中创物流(603967.SH),2800,36540.00,13.05,-3648.24
2026-01-22,437988.37,90625.37,,,,,
,,,新澳股份(603889.SH),4200,39690.00,9.45,6349.47
,,,中创物流(603967.SH),2800,36932.00,13.19,-3256.24
,,,金徽股份(603132.SH),2100,33789.00,16.09,8452.88
,,,长龄液压(605389.SH),600,49590.00,82.65,18583.49
,,,百隆东方(601339.SH),6300,42336.00,6.72,5333.07
,,,三峰环境(601827.SH),7200,64152.00,8.91,2594.71
,,,地素时尚(603587.SH),1800,23994.00,13.33,-55.20
,,,菜百股份(605599.SH),3000,56880.00,18.96,7416.47
2026-01-21,434512.37,90625.37,,,,,
,,,长龄液压(605389.SH),600,48684.00,81.14,17677.49
,,,百隆东方(601339.SH),6300,40320.00,6.4,3317.07
,,,菜百股份(605599.SH),3000,57150.00,19.05,7686.47
,,,新澳股份(603889.SH),4200,39186.00,9.33,5845.47
,,,地素时尚(603587.SH),1800,23868.00,13.26,-181.20
,,,中创物流(603967.SH),2800,37044.00,13.23,-3144.24
,,,金徽股份(603132.SH),2100,33915.00,16.15,8578.88
,,,三峰环境(601827.SH),7200,63720.00,8.85,2162.71
2026-01-20,429499.37,90625.37,,,,,
,,,百隆东方(601339.SH),6300,40509.00,6.43,3506.07
,,,三峰环境(601827.SH),7200,62928.00,8.74,1370.71
,,,中创物流(603967.SH),2800,36876.00,13.17,-3312.24
,,,长龄液压(605389.SH),600,47556.00,79.26,16549.49
,,,菜百股份(605599.SH),3000,55500.00,18.5,6036.47
,,,新澳股份(603889.SH),4200,38472.00,9.16,5131.47
,,,金徽股份(603132.SH),2100,33453.00,15.93,8116.88
,,,地素时尚(603587.SH),1800,23580.00,13.1,-469.20
2026-01-19,424964.37,90625.37,,,,,
,,,中创物流(603967.SH),2800,36736.00,13.12,-3452.24
,,,三峰环境(601827.SH),7200,61704.00,8.57,146.71
,,,菜百股份(605599.SH),3000,53760.00,17.92,4296.47
,,,长龄液压(605389.SH),600,47496.00,79.16,16489.49
,,,金徽股份(603132.SH),2100,33684.00,16.04,8347.88
,,,百隆东方(601339.SH),6300,38871.00,6.17,1868.07
,,,地素时尚(603587.SH),1800,23616.00,13.12,-433.20
,,,新澳股份(603889.SH),4200,38472.00,9.16,5131.47
2026-01-16,422013.37,90625.37,,,,,
,,,百隆东方(601339.SH),6300,38871.00,6.17,1868.07
,,,中创物流(603967.SH),2800,35924.00,12.83,-4264.24
,,,三峰环境(601827.SH),7200,61272.00,8.51,-285.29
,,,金徽股份(603132.SH),2100,34125.00,16.25,8788.88
,,,菜百股份(605599.SH),3000,53160.00,17.72,3696.47
,,,新澳股份(603889.SH),4200,37422.00,8.91,4081.47
,,,长龄液压(605389.SH),600,47232.00,78.72,16225.49
,,,地素时尚(603587.SH),1800,23382.00,12.99,-667.20
2026-01-15,420468.37,90625.37,,,,,
,,,地素时尚(603587.SH),1800,23508.00,13.06,-541.20
,,,菜百股份(605599.SH),3000,53460.00,17.82,3996.47
,,,百隆东方(601339.SH),6300,37989.00,6.03,986.07
,,,金徽股份(603132.SH),2100,34146.00,16.26,8809.88
,,,长龄液压(605389.SH),600,46200.00,77,15193.49
,,,三峰环境(601827.SH),7200,60984.00,8.47,-573.29
,,,新澳股份(603889.SH),4200,37380.00,8.9,4039.47
,,,中创物流(603967.SH),2800,36176.00,12.92,-4012.24
2026-01-14,417557.37,90625.37,,,,,
,,,金徽股份(603132.SH),2100,32886.00,15.66,7549.88
,,,中创物流(603967.SH),2800,35980.00,12.85,-4208.24
,,,菜百股份(605599.SH),3000,51960.00,17.32,2496.47
,,,三峰环境(601827.SH),7200,60696.00,8.43,-861.29
,,,百隆东方(601339.SH),6300,37296.00,5.92,293.07
,,,长龄液压(605389.SH),600,46500.00,77.5,15493.49
,,,地素时尚(603587.SH),1800,23562.00,13.09,-487.20
,,,新澳股份(603889.SH),4200,38052.00,9.06,4711.47
2026-01-13,419385.37,90625.37,,,,,
,,,新澳股份(603889.SH),4200,37380.00,8.9,4039.47
,,,三峰环境(601827.SH),7200,61488.00,8.54,-69.29
,,,长龄液压(605389.SH),600,46974.00,78.29,15967.49
,,,地素时尚(603587.SH),1800,23634.00,13.13,-415.20
,,,百隆东方(601339.SH),6300,38115.00,6.05,1112.07
,,,菜百股份(605599.SH),3000,51960.00,17.32,2496.47
,,,金徽股份(603132.SH),2100,32949.00,15.69,7612.88
,,,中创物流(603967.SH),2800,36260.00,12.95,-3928.24
2026-01-12,419753.37,90625.37,,,,,
,,,长龄液压(605389.SH),600,46572.00,77.62,15565.49
,,,新澳股份(603889.SH),4200,36582.00,8.71,3241.47
,,,三峰环境(601827.SH),7200,61560.00,8.55,2.71
,,,地素时尚(603587.SH),1800,23814.00,13.23,-235.20
,,,百隆东方(601339.SH),6300,39501.00,6.27,2498.07
,,,金徽股份(603132.SH),2100,32361.00,15.41,7024.88
,,,中创物流(603967.SH),2800,36988.00,13.21,-3200.24
,,,菜百股份(605599.SH),3000,51750.00,17.25,2286.47
2026-01-09,417249.37,90625.37,,,,,
,,,新澳股份(603889.SH),4200,34398.00,8.19,1057.47
,,,三峰环境(601827.SH),7200,61344.00,8.52,-213.29
,,,中创物流(603967.SH),2800,36428.00,13.01,-3760.24
,,,长龄液压(605389.SH),600,48474.00,80.79,17467.49
,,,百隆东方(601339.SH),6300,37611.00,5.97,608.07
,,,地素时尚(603587.SH),1800,23814.00,13.23,-235.20
,,,菜百股份(605599.SH),3000,51900.00,17.3,2436.47
,,,金徽股份(603132.SH),2100,32655.00,15.55,7318.88
2026-01-08,414297.37,90625.37,,,,,
,,,长龄液压(605389.SH),600,47400.00,79,16393.49
,,,地素时尚(603587.SH),1800,23562.00,13.09,-487.20
,,,三峰环境(601827.SH),7200,61416.00,8.53,-141.29
,,,百隆东方(601339.SH),6300,37044.00,5.88,41.07
,,,金徽股份(603132.SH),2100,31794.00,15.14,6457.88
,,,中创物流(603967.SH),2800,36764.00,13.13,-3424.24
,,,新澳股份(603889.SH),4200,33852.00,8.06,511.47
,,,菜百股份(605599.SH),3000,51840.00,17.28,2376.47
2026-01-07,413650.37,90625.37,,,,,
,,,新澳股份(603889.SH),4200,32508.00,7.74,-832.53
,,,金徽股份(603132.SH),2100,31710.00,15.1,6373.88
,,,长龄液压(605389.SH),600,47880.00,79.8,16873.49
,,,中创物流(603967.SH),2800,36876.00,13.17,-3312.24
,,,地素时尚(603587.SH),1800,23400.00,13,-649.20
,,,三峰环境(601827.SH),7200,61344.00,8.52,-213.29
,,,菜百股份(605599.SH),3000,52830.00,17.61,3366.47
,,,百隆东方(601339.SH),6300,36477.00,5.79,-525.93
2026-01-06,415190.37,90625.37,,,,,
,,,百隆东方(601339.SH),6300,37170.00,5.9,167.07
,,,中创物流(603967.SH),2800,37996.00,13.57,-2192.24
,,,金徽股份(603132.SH),2100,31395.00,14.95,6058.88
,,,菜百股份(605599.SH),3000,52830.00,17.61,3366.47
,,,新澳股份(603889.SH),4200,32718.00,7.79,-622.53
,,,地素时尚(603587.SH),1800,23850.00,13.25,-199.20
,,,长龄液压(605389.SH),600,46902.00,78.17,15895.49
,,,三峰环境(601827.SH),7200,61704.00,8.57,146.71
2026-01-05,414006.37,90625.37,,,,,
,,,长龄液压(605389.SH),600,46638.00,77.73,15631.49
,,,中创物流(603967.SH),2800,39536.00,14.12,-652.24
,,,金徽股份(603132.SH),2100,30786.00,14.66,5449.88
,,,百隆东方(601339.SH),6300,36855.00,5.85,-147.93
,,,地素时尚(603587.SH),1800,23760.00,13.2,-289.20
,,,三峰环境(601827.SH),7200,61776.00,8.58,218.71
,,,菜百股份(605599.SH),3000,51060.00,17.02,1596.47
,,,新澳股份(603889.SH),4200,32970.00,7.85,-370.53
2025-12-31,413914.85,153300.85,,,,,
,,,宝立食品(603170.SH),2600,37128.00,14.28,-789.03
,,,威奥股份(605001.SH),4500,34335.00,7.63,1991.49
,,,蓝天燃气(605368.SH),6400,49408.00,7.72,-12429.94
,,,长龄液压(605389.SH),300,23400.00,78,15336.15
,,,金徽股份(603132.SH),2100,30807.00,14.67,5470.88
,,,咸亨国际(605056.SH),2400,39600.00,16.5,2073.19
,,,行动教育(605098.SH),1100,45936.00,41.76,5780.57
2025-12-30,412745.85,153300.85,,,,,
,,,宝立食品(603170.SH),2600,36920.00,14.2,-997.03
,,,咸亨国际(605056.SH),2400,39744.00,16.56,2217.19
,,,金徽股份(603132.SH),2100,30555.00,14.55,5218.88
,,,威奥股份(605001.SH),4500,34830.00,7.74,2486.49
,,,蓝天燃气(605368.SH),6400,49344.00,7.71,-12493.94
,,,行动教育(605098.SH),1100,45804.00,41.64,5648.57
,,,长龄液压(605389.SH),300,22248.00,74.16,14184.15
2025-12-29,415236.85,153300.85,,,,,
,,,行动教育(605098.SH),1100,45672.00,41.52,5516.57
,,,咸亨国际(605056.SH),2400,39960.00,16.65,2433.19
,,,蓝天燃气(605368.SH),6400,49792.00,7.78,-12045.94
,,,长龄液压(605389.SH),300,22545.00,75.15,14481.15
,,,金徽股份(603132.SH),2100,31122.00,14.82,5785.88
,,,宝立食品(603170.SH),2600,37700.00,14.5,-217.03
,,,威奥股份(605001.SH),4500,35145.00,7.81,2801.49
2025-12-26,415924.85,153300.85,,,,,
,,,咸亨国际(605056.SH),2400,41112.00,17.13,3585.19
,,,行动教育(605098.SH),1100,46200.00,42,6044.57
,,,宝立食品(603170.SH),2600,37050.00,14.25,-867.03
,,,金徽股份(603132.SH),2100,31710.00,15.1,6373.88
,,,威奥股份(605001.SH),4500,33930.00,7.54,1586.49
,,,长龄液压(605389.SH),300,22830.00,76.1,14766.15
,,,蓝天燃气(605368.SH),6400,49792.00,7.78,-12045.94
2025-12-25,415832.85,153300.85,,,,,
,,,金徽股份(603132.SH),2100,30618.00,14.58,5281.88
,,,长龄液压(605389.SH),300,22200.00,74,14136.15
,,,威奥股份(605001.SH),4500,34155.00,7.59,1811.49
,,,蓝天燃气(605368.SH),6400,49792.00,7.78,-12045.94
,,,行动教育(605098.SH),1100,46145.00,41.95,5989.57
,,,宝立食品(603170.SH),2600,37622.00,14.47,-295.03
,,,咸亨国际(605056.SH),2400,42000.00,17.5,4473.19
2025-12-24,413994.85,153300.85,,,,,
,,,行动教育(605098.SH),1100,45958.00,41.78,5802.57
,,,咸亨国际(605056.SH),2400,42792.00,17.83,5265.19
,,,宝立食品(603170.SH),2600,37700.00,14.5,-217.03
,,,蓝天燃气(605368.SH),6400,49152.00,7.68,-12685.94
,,,长龄液压(605389.SH),300,21960.00,73.2,13896.15
,,,威奥股份(605001.SH),4500,32850.00,7.3,506.49
,,,金徽股份(603132.SH),2100,30282.00,14.42,4945.88
2025-12-23,413871.85,153300.85,,,,,
,,,威奥股份(605001.SH),4500,32625.00,7.25,281.49
,,,蓝天燃气(605368.SH),6400,48832.00,7.63,-13005.94
,,,行动教育(605098.SH),1100,45936.00,41.76,5780.57
,,,宝立食品(603170.SH),2600,37934.00,14.59,16.97
,,,咸亨国际(605056.SH),2400,43176.00,17.99,5649.19
,,,长龄液压(605389.SH),300,21513.00,71.71,13449.15
,,,金徽股份(603132.SH),2100,30555.00,14.55,5218.88
2025-12-22,417332.85,153300.85,,,,,
,,,行动教育(605098.SH),1100,46959.00,42.69,6803.57
,,,金徽股份(603132.SH),2100,30450.00,14.5,5113.88
,,,咸亨国际(605056.SH),2400,44208.00,18.42,6681.19
,,,威奥股份(605001.SH),4500,32760.00,7.28,416.49
,,,蓝天燃气(605368.SH),6400,49408.00,7.72,-12429.94
,,,长龄液压(605389.SH),300,21663.00,72.21,13599.15
,,,宝立食品(603170.SH),2600,38584.00,14.84,666.97
2025-12-19,416154.85,153300.85,,,,,
,,,宝立食品(603170.SH),2600,38454.00,14.79,536.97
,,,金徽股份(603132.SH),2100,30114.00,14.34,4777.88
,,,威奥股份(605001.SH),4500,32670.00,7.26,326.49
,,,蓝天燃气(605368.SH),6400,49408.00,7.72,-12429.94
,,,长龄液压(605389.SH),300,20703.00,69.01,12639.15
,,,咸亨国际(605056.SH),2400,44304.00,18.46,6777.19
,,,行动教育(605098.SH),1100,47201.00,42.91,7045.57
2025-12-18,412282.85,153300.85,,,,,
,,,宝立食品(603170.SH),2600,37492.00,14.42,-425.03
,,,行动教育(605098.SH),1100,46376.00,42.16,6220.57
,,,威奥股份(605001.SH),4500,31860.00,7.08,-483.51
,,,蓝天燃气(605368.SH),6400,49024.00,7.66,-12813.94
,,,金徽股份(603132.SH),2100,30219.00,14.39,4882.88
,,,咸亨国际(605056.SH),2400,43584.00,18.16,6057.19
,,,长龄液压(605389.SH),300,20427.00,68.09,12363.15
2025-12-17,412349.85,153300.85,,,,,
,,,金徽股份(603132.SH),2100,30072.00,14.32,4735.88
,,,长龄液压(605389.SH),300,20493.00,68.31,12429.15
,,,行动教育(605098.SH),1100,46112.00,41.92,5956.57
,,,宝立食品(603170.SH),2600,38480.00,14.8,562.97
,,,威奥股份(605001.SH),4500,31500.00,7,-843.51
,,,咸亨国际(605056.SH),2400,42984.00,17.91,5457.19
,,,蓝天燃气(605368.SH),6400,49408.00,7.72,-12429.94
2025-12-16,408544.85,153300.85,,,,,
,,,长龄液压(605389.SH),300,19881.00,66.27,11817.15
,,,咸亨国际(605056.SH),2400,42240.00,17.6,4713.19
,,,宝立食品(603170.SH),2600,37648.00,14.48,-269.03
,,,行动教育(605098.SH),1100,44583.00,40.53,4427.57
,,,威奥股份(605001.SH),4500,31590.00,7.02,-753.51
,,,金徽股份(603132.SH),2100,29190.00,13.9,3853.88
,,,蓝天燃气(605368.SH),6400,50112.00,7.83,-11725.94
2025-12-15,409663.85,153300.85,,,,,
,,,长龄液压(605389.SH),300,19770.00,65.9,11706.15
,,,行动教育(605098.SH),1100,44011.00,40.01,3855.57
,,,宝立食品(603170.SH),2600,37362.00,14.37,-555.03
,,,蓝天燃气(605368.SH),6400,49920.00,7.8,-11917.94
,,,金徽股份(603132.SH),2100,29610.00,14.1,4273.88
,,,咸亨国际(605056.SH),2400,43560.00,18.15,6033.19
,,,威奥股份(605001.SH),4500,32130.00,7.14,-213.51
2025-12-12,412882.85,153300.85,,,,,
,,,威奥股份(605001.SH),4500,31905.00,7.09,-438.51
,,,长龄液压(605389.SH),300,19902.00,66.34,11838.15
,,,蓝天燃气(605368.SH),6400,51008.00,7.97,-10829.94
,,,咸亨国际(605056.SH),2400,45336.00,18.89,7809.19
,,,金徽股份(603132.SH),2100,29442.00,14.02,4105.88
,,,行动教育(605098.SH),1100,45199.00,41.09,5043.57
,,,宝立食品(603170.SH),2600,36790.00,14.15,-1127.03
2025-12-11,413196.85,153300.85,,,,,
,,,蓝天燃气(605368.SH),6400,52480.00,8.2,-9357.94
,,,长龄液压(605389.SH),300,19917.00,66.39,11853.15
,,,威奥股份(605001.SH),4500,32265.00,7.17,-78.51
,,,宝立食品(603170.SH),2600,36400.00,14,-1517.03
,,,行动教育(605098.SH),1100,44671.00,40.61,4515.57
,,,咸亨国际(605056.SH),2400,45120.00,18.8,7593.19
,,,金徽股份(603132.SH),2100,29043.00,13.83,3706.88
2025-12-10,421870.85,153300.85,,,,,
,,,咸亨国际(605056.SH),2400,46848.00,19.52,9321.19
,,,威奥股份(605001.SH),4500,33075.00,7.35,731.49
,,,蓝天燃气(605368.SH),6400,57280.00,8.95,-4557.94
,,,宝立食品(603170.SH),2600,37076.00,14.26,-841.03
,,,行动教育(605098.SH),1100,44968.00,40.88,4812.57
,,,金徽股份(603132.SH),2100,29106.00,13.86,3769.88
,,,长龄液压(605389.SH),300,20217.00,67.39,12153.15
2025-12-09,423446.85,153300.85,,,,,
,,,宝立食品(603170.SH),2600,37076.00,14.26,-841.03
,,,长龄液压(605389.SH),300,20154.00,67.18,12090.15
,,,咸亨国际(605056.SH),2400,46392.00,19.33,8865.19
,,,蓝天燃气(605368.SH),6400,59328.00,9.27,-2509.94
,,,金徽股份(603132.SH),2100,28812.00,13.72,3475.88
,,,威奥股份(605001.SH),4500,33570.00,7.46,1226.49
,,,行动教育(605098.SH),1100,44814.00,40.74,4658.57
2025-12-08,426312.85,153300.85,,,,,
,,,长龄液压(605389.SH),300,20238.00,67.46,12174.15
,,,咸亨国际(605056.SH),2400,47280.00,19.7,9753.19
,,,威奥股份(605001.SH),4500,33930.00,7.54,1586.49
,,,宝立食品(603170.SH),2600,36972.00,14.22,-945.03
,,,金徽股份(603132.SH),2100,29064.00,13.84,3727.88
,,,蓝天燃气(605368.SH),6400,60032.00,9.38,-1805.94
,,,行动教育(605098.SH),1100,45496.00,41.36,5340.57
2025-12-05,427306.85,153300.85,,,,,
,,,蓝天燃气(605368.SH),6400,60160.00,9.4,-1677.94
,,,金徽股份(603132.SH),2100,29295.00,13.95,3958.88
,,,宝立食品(603170.SH),2600,38012.00,14.62,94.97
,,,长龄液压(605389.SH),300,20091.00,66.97,12027.15
,,,行动教育(605098.SH),1100,44836.00,40.76,4680.57
,,,威奥股份(605001.SH),4500,34020.00,7.56,1676.49
,,,咸亨国际(605056.SH),2400,47592.00,19.83,10065.19
2025-12-04,423998.85,153300.85,,,,,
,,,行动教育(605098.SH),1100,44704.00,40.64,4548.57
,,,威奥股份(605001.SH),4500,33795.00,7.51,1451.49
,,,蓝天燃气(605368.SH),6400,59968.00,9.37,-1869.94
,,,咸亨国际(605056.SH),2400,45816.00,19.09,8289.19
,,,长龄液压(605389.SH),300,19731.00,65.77,11667.15
,,,宝立食品(603170.SH),2600,38376.00,14.76,458.97
,,,金徽股份(603132.SH),2100,28308.00,13.48,2971.88
2025-12-03,425750.85,153300.85,,,,,
,,,咸亨国际(605056.SH),2400,44712.00,18.63,7185.19
,,,蓝天燃气(605368.SH),6400,60608.00,9.47,-1229.94
,,,长龄液压(605389.SH),300,19572.00,65.24,11508.15
,,,行动教育(605098.SH),1100,45760.00,41.6,5604.57
,,,威奥股份(605001.SH),4500,34155.00,7.59,1811.49
,,,宝立食品(603170.SH),2600,39104.00,15.04,1186.97
,,,金徽股份(603132.SH),2100,28539.00,13.59,3202.88
2025-12-02,426443.85,153300.85,,,,,
,,,长龄液压(605389.SH),300,19506.00,65.02,11442.15
,,,威奥股份(605001.SH),4500,33930.00,7.54,1586.49
,,,行动教育(605098.SH),1100,45529.00,41.39,5373.57
,,,宝立食品(603170.SH),2600,39052.00,15.02,1134.97
,,,金徽股份(603132.SH),2100,28686.00,13.66,3349.88
,,,蓝天燃气(605368.SH),6400,60864.00,9.51,-973.94
,,,咸亨国际(605056.SH),2400,45576.00,18.99,8049.19
2025-12-01,428676.85,153300.85,,,,,
,,,行动教育(605098.SH),1100,45188.00,41.08,5032.57
,,,长龄液压(605389.SH),300,20427.00,68.09,12363.15
,,,宝立食品(603170.SH),2600,39234.00,15.09,1316.97
,,,咸亨国际(605056.SH),2400,46368.00,19.32,8841.19
,,,金徽股份(603132.SH),2100,29064.00,13.84,3727.88
,,,蓝天燃气(605368.SH),6400,61120.00,9.55,-717.94
,,,威奥股份(605001.SH),4500,33975.00,7.55,1631.49
2025-11-28,427799.85,153300.85,,,,,
,,,咸亨国际(605056.SH),2400,45600.00,19,8073.19
,,,行动教育(605098.SH),1100,44462.00,40.42,4306.57
,,,威奥股份(605001.SH),4500,34200.00,7.6,1856.49
,,,长龄液压(605389.SH),300,21720.00,72.4,13656.15
,,,蓝天燃气(605368.SH),6400,61120.00,9.55,-717.94
,,,金徽股份(603132.SH),2100,28371.00,13.51,3034.88
,,,宝立食品(603170.SH),2600,39026.00,15.01,1108.97
2025-11-27,424426.85,153300.85,,,,,
,,,咸亨国际(605056.SH),2400,45072.00,18.78,7545.19
,,,蓝天燃气(605368.SH),6400,60864.00,9.51,-973.94
,,,长龄液压(605389.SH),300,20406.00,68.02,12342.15
,,,威奥股份(605001.SH),4500,33975.00,7.55,1631.49
,,,行动教育(605098.SH),1100,44759.00,40.69,4603.57
,,,宝立食品(603170.SH),2600,38246.00,14.71,328.97
,,,金徽股份(603132.SH),2100,27804.00,13.24,2467.88
2025-11-26,423215.85,153300.85,,,,,
,,,宝立食品(603170.SH),2600,38480.00,14.8,562.97
,,,行动教育(605098.SH),1100,44836.00,40.76,4680.57
,,,金徽股份(603132.SH),2100,27846.00,13.26,2509.88
,,,威奥股份(605001.SH),4500,33525.00,7.45,1181.49
,,,长龄液压(605389.SH),300,20220.00,67.4,12156.15
,,,蓝天燃气(605368.SH),6400,60800.00,9.5,-1037.94
,,,咸亨国际(605056.SH),2400,44208.00,18.42,6681.19
2025-11-25,423226.85,153300.85,,,,,
,,,行动教育(605098.SH),1100,44286.00,40.26,4130.57
,,,咸亨国际(605056.SH),2400,43824.00,18.26,6297.19
,,,金徽股份(603132.SH),2100,28056.00,13.36,2719.88
,,,宝立食品(603170.SH),2600,38818.00,14.93,900.97
,,,威奥股份(605001.SH),4500,33975.00,7.55,1631.49
,,,蓝天燃气(605368.SH),6400,60864.00,9.51,-973.94
,,,长龄液压(605389.SH),300,20103.00,67.01,12039.15
2025-11-24,419940.85,153300.85,,,,,
,,,行动教育(605098.SH),1100,43494.00,39.54,3338.57
,,,蓝天燃气(605368.SH),6400,60608.00,9.47,-1229.94
,,,金徽股份(603132.SH),2100,26985.00,12.85,1648.88
,,,长龄液压(605389.SH),300,19479.00,64.93,11415.15
,,,咸亨国际(605056.SH),2400,43152.00,17.98,5625.19
,,,威奥股份(605001.SH),4500,33480.00,7.44,1136.49
,,,宝立食品(603170.SH),2600,39442.00,15.17,1524.97
2025-11-21,418441.85,153300.85,,,,,
,,,长龄液压(605389.SH),300,19545.00,65.15,11481.15
,,,咸亨国际(605056.SH),2400,42600.00,17.75,5073.19
,,,宝立食品(603170.SH),2600,38220.00,14.7,302.97
,,,行动教育(605098.SH),1100,43142.00,39.22,2986.57
,,,威奥股份(605001.SH),4500,33030.00,7.34,686.49
,,,金徽股份(603132.SH),2100,27804.00,13.24,2467.88
,,,蓝天燃气(605368.SH),6400,60800.00,9.5,-1037.94
2025-11-20,427501.85,153300.85,,,,,
,,,长龄液压(605389.SH),300,21045.00,70.15,12981.15
,,,金徽股份(603132.SH),2100,30828.00,14.68,5491.88
,,,咸亨国际(605056.SH),2400,43344.00,18.06,5817.19
,,,蓝天燃气(605368.SH),6400,61568.00,9.62,-269.94
,,,威奥股份(605001.SH),4500,34920.00,7.76,2576.49
,,,宝立食品(603170.SH),2600,38870.00,14.95,952.97
,,,行动教育(605098.SH),1100,43626.00,39.66,3470.57
2025-11-19,429586.85,153300.85,,,,,
,,,咸亨国际(605056.SH),2400,44496.00,18.54,6969.19
,,,行动教育(605098.SH),1100,44847.00,40.77,4691.57
,,,金徽股份(603132.SH),2100,30219.00,14.39,4882.88
,,,长龄液压(605389.SH),300,20430.00,68.1,12366.15
,,,蓝天燃气(605368.SH),6400,61504.00,9.61,-333.94
,,,宝立食品(603170.SH),2600,39780.00,15.3,1862.97
,,,威奥股份(605001.SH),4500,35010.00,7.78,2666.49
2025-11-18,431600.85,153300.85,,,,,
,,,蓝天燃气(605368.SH),6400,62144.00,9.71,306.06
,,,咸亨国际(605056.SH),2400,44328.00,18.47,6801.19
,,,宝立食品(603170.SH),2600,39468.00,15.18,1550.97
,,,行动教育(605098.SH),1100,45540.00,41.4,5384.57
,,,长龄液压(605389.SH),300,20328.00,67.76,12264.15
,,,威奥股份(605001.SH),4500,35685.00,7.93,3341.49
,,,金徽股份(603132.SH),2100,30807.00,14.67,5470.88
2025-11-17,433537.85,153300.85,,,,,
,,,长龄液压(605389.SH),300,18480.00,61.6,10416.15
,,,宝立食品(603170.SH),2600,40534.00,15.59,2616.97
,,,行动教育(605098.SH),1100,45617.00,41.47,5461.57
,,,蓝天燃气(605368.SH),6400,62464.00,9.76,626.06
,,,威奥股份(605001.SH),4500,36045.00,8.01,3701.49
,,,金徽股份(603132.SH),2100,31857.00,15.17,6520.88
,,,咸亨国际(605056.SH),2400,45240.00,18.85,7713.19
2025-11-14,434936.85,153300.85,,,,,
,,,蓝天燃气(605368.SH),6400,63168.00,9.87,1330.06
,,,行动教育(605098.SH),1100,45177.00,41.07,5021.57
,,,咸亨国际(605056.SH),2400,45648.00,19.02,8121.19
,,,长龄液压(605389.SH),300,19014.00,63.38,10950.15
,,,宝立食品(603170.SH),2600,41522.00,15.97,3604.97
,,,威奥股份(605001.SH),4500,36405.00,8.09,4061.49
,,,金徽股份(603132.SH),2100,30702.00,14.62,5365.88
2025-11-13,434692.85,153300.85,,,,,
,,,长龄液压(605389.SH),300,18360.00,61.2,10296.15
,,,金徽股份(603132.SH),2100,31647.00,15.07,6310.88
,,,蓝天燃气(605368.SH),6400,62592.00,9.78,754.06
,,,威奥股份(605001.SH),4500,36135.00,8.03,3791.49
,,,行动教育(605098.SH),1100,45232.00,41.12,5076.57
,,,咸亨国际(605056.SH),2400,45072.00,18.78,7545.19
,,,宝立食品(603170.SH),2600,42354.00,16.29,4436.97
2025-11-12,430924.85,153300.85,,,,,
,,,金徽股份(603132.SH),2100,28770.00,13.7,3433.88
,,,咸亨国际(605056.SH),2400,44304.00,18.46,6777.19
,,,蓝天燃气(605368.SH),6400,62528.00,9.77,690.06
,,,长龄液压(605389.SH),300,18666.00,62.22,10602.15
,,,威奥股份(605001.SH),4500,36135.00,8.03,3791.49
,,,行动教育(605098.SH),1100,45023.00,40.93,4867.57
,,,宝立食品(603170.SH),2600,42198.00,16.23,4280.97
2025-11-11,429051.85,153300.85,,,,,
,,,行动教育(605098.SH),1100,44957.00,40.87,4801.57
,,,咸亨国际(605056.SH),2400,41472.00,17.28,3945.19
,,,威奥股份(605001.SH),4500,36585.00,8.13,4241.49
,,,宝立食品(603170.SH),2600,42380.00,16.3,4462.97
,,,金徽股份(603132.SH),2100,28980.00,13.8,3643.88
,,,蓝天燃气(605368.SH),6400,62720.00,9.8,882.06
,,,长龄液压(605389.SH),300,18657.00,62.19,10593.15
2025-11-10,427392.85,153300.85,,,,,
,,,咸亨国际(605056.SH),2400,40728.00,16.97,3201.19
,,,长龄液压(605389.SH),300,18663.00,62.21,10599.15
,,,威奥股份(605001.SH),4500,36405.00,8.09,4061.49
,,,行动教育(605098.SH),1100,44880.00,40.8,4724.57
,,,金徽股份(603132.SH),2100,29064.00,13.84,3727.88
,,,宝立食品(603170.SH),2600,42016.00,16.16,4098.97
,,,蓝天燃气(605368.SH),6400,62336.00,9.74,498.06
2025-11-07,423914.85,153300.85,,,,,
,,,威奥股份(605001.SH),4500,36540.00,8.12,4196.49
,,,长龄液压(605389.SH),300,19152.00,63.84,11088.15
,,,蓝天燃气(605368.SH),6400,61696.00,9.64,-141.94
,,,行动教育(605098.SH),1100,44473.00,40.43,4317.57
,,,咸亨国际(605056.SH),2400,40800.00,17,3273.19
,,,金徽股份(603132.SH),2100,28329.00,13.49,2992.88
,,,宝立食品(603170.SH),2600,39624.00,15.24,1706.97
2025-11-06,427355.85,152750.85,,,,,
,,,长龄液压(605389.SH),300,19239.00,64.13,11175.15
,,,行动教育(605098.SH),1100,45661.00,41.51,4955.57
,,,蓝天燃气(605368.SH),6400,61760.00,9.65,-77.94
,,,宝立食品(603170.SH),2600,40170.00,15.45,2252.97
,,,威奥股份(605001.SH),4500,37530.00,8.34,5186.49
,,,咸亨国际(605056.SH),2400,41160.00,17.15,3633.19
,,,金徽股份(603132.SH),2100,29085.00,13.85,3748.88
2025-11-05,426496.85,152750.85,,,,,
,,,蓝天燃气(605368.SH),6400,61504.00,9.61,-333.94
,,,行动教育(605098.SH),1100,45650.00,41.5,4944.57
,,,咸亨国际(605056.SH),2400,41760.00,17.4,4233.19
,,,长龄液压(605389.SH),300,18945.00,63.15,10881.15
,,,宝立食品(603170.SH),2600,40430.00,15.55,2512.97
,,,威奥股份(605001.SH),4500,37170.00,8.26,4826.49
,,,金徽股份(603132.SH),2100,28287.00,13.47,2950.88
2025-11-04,426660.85,152750.85,,,,,
,,,威奥股份(605001.SH),4500,36765.00,8.17,4421.49
,,,蓝天燃气(605368.SH),6400,61568.00,9.62,-269.94
,,,咸亨国际(605056.SH),2400,40824.00,17.01,3297.19
,,,金徽股份(603132.SH),2100,28518.00,13.58,3181.88
,,,行动教育(605098.SH),1100,46156.00,41.96,5450.57
,,,宝立食品(603170.SH),2600,40534.00,15.59,2616.97
,,,长龄液压(605389.SH),300,19545.00,65.15,11481.15
2025-11-03,427659.85,152750.85,,,,,
,,,威奥股份(605001.SH),4500,36765.00,8.17,4421.49
,,,金徽股份(603132.SH),2100,28896.00,13.76,3559.88
,,,行动教育(605098.SH),1100,45892.00,41.72,5186.57
,,,长龄液压(605389.SH),300,20538.00,68.46,12474.15
,,,宝立食品(603170.SH),2600,42042.00,16.17,4124.97
,,,蓝天燃气(605368.SH),6400,61056.00,9.54,-781.94
,,,咸亨国际(605056.SH),2400,39720.00,16.55,2193.19
2025-10-31,422183.85,152750.85,,,,,
,,,长龄液压(605389.SH),300,20250.00,67.5,12186.15
,,,威奥股份(605001.SH),4500,36360.00,8.08,4016.49
,,,行动教育(605098.SH),1100,44594.00,40.54,3888.57
,,,金徽股份(603132.SH),2100,28917.00,13.77,3580.88
,,,咸亨国际(605056.SH),2400,39072.00,16.28,1545.19
,,,宝立食品(603170.SH),2600,39312.00,15.12,1394.97
,,,蓝天燃气(605368.SH),6400,60928.00,9.52,-909.94
2025-10-30,421320.85,152750.85,,,,,
,,,行动教育(605098.SH),1100,44704.00,40.64,3998.57
,,,长龄液压(605389.SH),300,19590.00,65.3,11526.15
,,,宝立食品(603170.SH),2600,38116.00,14.66,198.97
,,,蓝天燃气(605368.SH),6400,62336.00,9.74,498.06
,,,威奥股份(605001.SH),4500,36315.00,8.07,3971.49
,,,咸亨国际(605056.SH),2400,38256.00,15.94,729.19
,,,金徽股份(603132.SH),2100,29253.00,13.93,3916.88
2025-10-29,422000.85,152750.85,,,,,
,,,行动教育(605098.SH),1100,44627.00,40.57,3921.57
,,,蓝天燃气(605368.SH),6400,62784.00,9.81,946.06
,,,长龄液压(605389.SH),300,19896.00,66.32,11832.15
,,,金徽股份(603132.SH),2100,29652.00,14.12,4315.88
,,,威奥股份(605001.SH),4500,35685.00,7.93,3341.49
,,,咸亨国际(605056.SH),2400,39192.00,16.33,1665.19
,,,宝立食品(603170.SH),2600,37414.00,14.39,-503.03
2025-10-28,421720.85,152750.85,,,,,
,,,威奥股份(605001.SH),4500,35595.00,7.91,3251.49
,,,行动教育(605098.SH),1100,44770.00,40.7,4064.57
,,,宝立食品(603170.SH),2600,37726.00,14.51,-191.03
,,,长龄液压(605389.SH),300,19899.00,66.33,11835.15
,,,金徽股份(603132.SH),2100,29148.00,13.88,3811.88
,,,咸亨国际(605056.SH),2400,39048.00,16.27,1521.19
,,,蓝天燃气(605368.SH),6400,62784.00,9.81,946.06
2025-10-27,421415.85,152750.85,,,,,
,,,蓝天燃气(605368.SH),6400,63168.00,9.87,1330.06
,,,咸亨国际(605056.SH),2400,39264.00,16.36,1737.19
,,,金徽股份(603132.SH),2100,28308.00,13.48,2971.88
,,,行动教育(605098.SH),1100,45265.00,41.15,4559.57
,,,宝立食品(603170.SH),2600,37700.00,14.5,-217.03
,,,长龄液压(605389.SH),300,19500.00,65,11436.15
,,,威奥股份(605001.SH),4500,35460.00,7.88,3116.49
2025-10-24,421154.85,152750.85,,,,,
,,,行动教育(605098.SH),1100,45111.00,41.01,4405.57
,,,咸亨国际(605056.SH),2400,38544.00,16.06,1017.19
,,,长龄液压(605389.SH),300,19578.00,65.26,11514.15
,,,宝立食品(603170.SH),2600,36738.00,14.13,-1179.03
,,,金徽股份(603132.SH),2100,29568.00,14.08,4231.88
,,,威奥股份(605001.SH),4500,35505.00,7.89,3161.49
,,,蓝天燃气(605368.SH),6400,63360.00,9.9,1522.06
2025-10-23,421159.85,152750.85,,,,,
,,,威奥股份(605001.SH),4500,35235.00,7.83,2891.49
,,,金徽股份(603132.SH),2100,29778.00,14.18,4441.88
,,,宝立食品(603170.SH),2600,36972.00,14.22,-945.03
,,,行动教育(605098.SH),1100,45430.00,41.3,4724.57
,,,长龄液压(605389.SH),300,19458.00,64.86,11394.15
,,,咸亨国际(605056.SH),2400,38304.00,15.96,777.19
,,,蓝天燃气(605368.SH),6400,63232.00,9.88,1394.06
2025-10-22,418496.85,152750.85,,,,,
,,,行动教育(605098.SH),1100,43890.00,39.9,3184.57
,,,宝立食品(603170.SH),2600,36660.00,14.1,-1257.03
,,,蓝天燃气(605368.SH),6400,62592.00,9.78,754.06
,,,威奥股份(605001.SH),4500,35190.00,7.82,2846.49
,,,长龄液压(605389.SH),300,19659.00,65.53,11595.15
,,,咸亨国际(605056.SH),2400,38376.00,15.99,849.19
,,,金徽股份(603132.SH),2100,29379.00,13.99,4042.88
2025-10-21,420159.85,152750.85,,,,,
,,,威奥股份(605001.SH),4500,35100.00,7.8,2756.49
,,,宝立食品(603170.SH),2600,36842.00,14.17,-1075.03
,,,长龄液压(605389.SH),300,20184.00,67.28,12120.15
,,,金徽股份(603132.SH),2100,29547.00,14.07,4210.88
,,,咸亨国际(605056.SH),2400,38712.00,16.13,1185.19
,,,行动教育(605098.SH),1100,44176.00,40.16,3470.57
,,,蓝天燃气(605368.SH),6400,62848.00,9.82,1010.06
2025-10-20,418367.85,152750.85,,,,,
,,,威奥股份(605001.SH),4500,34425.00,7.65,2081.49
,,,长龄液压(605389.SH),300,19614.00,65.38,11550.15
,,,宝立食品(603170.SH),2600,36660.00,14.1,-1257.03
,,,行动教育(605098.SH),1100,44660.00,40.6,3954.57
,,,咸亨国际(605056.SH),2400,38280.00,15.95,753.19
,,,蓝天燃气(605368.SH),6400,63040.00,9.85,1202.06
,,,金徽股份(603132.SH),2100,28938.00,13.78,3601.88
2025-10-17,417508.85,152750.85,,,,,
,,,蓝天燃气(605368.SH),6400,62208.00,9.72,370.06
,,,咸亨国际(605056.SH),2400,38808.00,16.17,1281.19
,,,金徽股份(603132.SH),2100,29358.00,13.98,4021.88
,,,行动教育(605098.SH),1100,43835.00,39.85,3129.57
,,,宝立食品(603170.SH),2600,37596.00,14.46,-321.03
,,,长龄液压(605389.SH),300,18798.00,62.66,10734.15
,,,威奥股份(605001.SH),4500,34155.00,7.59,1811.49
2025-10-16,421256.85,152750.85,,,,,
,,,宝立食品(603170.SH),2600,37726.00,14.51,-191.03
,,,长龄液压(605389.SH),300,19347.00,64.49,11283.15
,,,咸亨国际(605056.SH),2400,39072.00,16.28,1545.19
,,,威奥股份(605001.SH),4500,35100.00,7.8,2756.49
,,,行动教育(605098.SH),1100,44781.00,40.71,4075.57
,,,蓝天燃气(605368.SH),6400,62912.00,9.83,1074.06
,,,金徽股份(603132.SH),2100,29568.00,14.08,4231.88
2025-10-15,421812.85,152750.85,,,,,
,,,咸亨国际(605056.SH),2400,39936.00,16.64,2409.19
,,,金徽股份(603132.SH),2100,29925.00,14.25,4588.88
,,,宝立食品(603170.SH),2600,38324.00,14.74,406.97
,,,蓝天燃气(605368.SH),6400,62912.00,9.83,1074.06
,,,长龄液压(605389.SH),300,19749.00,65.83,11685.15
,,,威奥股份(605001.SH),4500,35415.00,7.87,3071.49
,,,行动教育(605098.SH),1100,42801.00,38.91,2095.57
2025-10-14,419327.85,152750.85,,,,,
,,,长龄液压(605389.SH),300,19875.00,66.25,11811.15
,,,蓝天燃气(605368.SH),6400,62976.00,9.84,1138.06
,,,金徽股份(603132.SH),2100,29715.00,14.15,4378.88
,,,咸亨国际(605056.SH),2400,39768.00,16.57,2241.19
,,,行动教育(605098.SH),1100,42174.00,38.34,1468.57
,,,宝立食品(603170.SH),2600,37284.00,14.34,-633.03
,,,威奥股份(605001.SH),4500,34785.00,7.73,2441.49
2025-10-13,420019.85,152750.85,,,,,
,,,宝立食品(603170.SH),2600,37336.00,14.36,-581.03
,,,金徽股份(603132.SH),2100,30324.00,14.44,4987.88
,,,咸亨国际(605056.SH),2400,41112.00,17.13,3585.19
,,,长龄液压(605389.SH),300,20496.00,68.32,12432.15
,,,行动教育(605098.SH),1100,41657.00,37.87,951.57
,,,蓝天燃气(605368.SH),6400,62144.00,9.71,306.06
,,,威奥股份(605001.SH),4500,34200.00,7.6,1856.49
2025-10-10,420568.85,152750.85,,,,,
,,,蓝天燃气(605368.SH),6400,63040.00,9.85,1202.06
,,,金徽股份(603132.SH),2100,30471.00,14.51,5134.88
,,,行动教育(605098.SH),1100,41052.00,37.32,346.57
,,,长龄液压(605389.SH),300,20385.00,67.95,12321.15
,,,威奥股份(605001.SH),4500,34290.00,7.62,1946.49
,,,咸亨国际(605056.SH),2400,40776.00,16.99,3249.19
,,,宝立食品(603170.SH),2600,37804.00,14.54,-113.03
2025-10-09,418279.85,152750.85,,,,,
,,,宝立食品(603170.SH),2600,37206.00,14.31,-711.03
,,,行动教育(605098.SH),1100,40590.00,36.9,-115.43
,,,威奥股份(605001.SH),4500,33795.00,7.51,1451.49
,,,咸亨国际(605056.SH),2400,40728.00,16.97,3201.19
,,,长龄液压(605389.SH),300,20226.00,67.42,12162.15
,,,金徽股份(603132.SH),2100,31416.00,14.96,6079.88
,,,蓝天燃气(605368.SH),6400,61568.00,9.62,-269.94
2025-09-30,414588.97,70116.97,,,,,
,,,威奥股份(605001.SH),3800,28690.00,7.55,1647.06
,,,长龄液压(605389.SH),300,18387.00,61.29,10323.15
,,,众望布艺(605003.SH),800,18216.00,22.77,1120.76
,,,金徽股份(603132.SH),3300,47685.00,14.45,7871.09
,,,世茂能源(605028.SH),2000,61580.00,30.79,22510.32
,,,易德龙(603380.SH),1700,81345.00,47.85,36498.06
,,,恒盛能源(605580.SH),2300,64239.00,27.93,37173.94
,,,咸亨国际(605056.SH),1500,24330.00,16.22,1236.99
2025-09-29,416622.97,70116.97,,,,,
,,,长龄液压(605389.SH),300,17190.00,57.3,9126.15
,,,恒盛能源(605580.SH),2300,62330.00,27.1,35264.94
,,,易德龙(603380.SH),1700,86054.00,50.62,41207.06
,,,金徽股份(603132.SH),3300,46662.00,14.14,6848.09
,,,威奥股份(605001.SH),3800,28728.00,7.56,1685.06
,,,咸亨国际(605056.SH),1500,24750.00,16.5,1656.99
,,,众望布艺(605003.SH),800,18592.00,23.24,1496.76
,,,世茂能源(605028.SH),2000,62200.00,31.1,23130.32
2025-09-26,414617.97,70116.97,,,,,
,,,世茂能源(605028.SH),2000,63140.00,31.57,24070.32
,,,易德龙(603380.SH),1700,86122.00,50.66,41275.06
,,,咸亨国际(605056.SH),1500,23625.00,15.75,531.99
,,,威奥股份(605001.SH),3800,28272.00,7.44,1229.06
,,,金徽股份(603132.SH),3300,45540.00,13.8,5726.09
,,,众望布艺(605003.SH),800,18472.00,23.09,1376.76
,,,长龄液压(605389.SH),300,16770.00,55.9,8706.15
,,,恒盛能源(605580.SH),2300,62560.00,27.2,35494.94
2025-09-25,412512.97,69736.97,,,,,
,,,长龄液压(605389.SH),300,16944.00,56.48,8880.15
,,,咸亨国际(605056.SH),1500,23895.00,15.93,801.99
,,,恒盛能源(605580.SH),2300,65389.00,28.43,38323.94
,,,世茂能源(605028.SH),2000,57400.00,28.7,18330.32
,,,众望布艺(605003.SH),800,18584.00,23.23,1488.76
,,,易德龙(603380.SH),1700,87125.00,51.25,42278.06
,,,金徽股份(603132.SH),3300,45243.00,13.71,5429.09
,,,威奥股份(605001.SH),3800,28196.00,7.42,773.06
2025-09-24,410589.97,69736.97,,,,,
,,,长龄液压(605389.SH),300,16806.00,56.02,8742.15
,,,恒盛能源(605580.SH),2300,65803.00,28.61,38737.94
,,,易德龙(603380.SH),1700,85000.00,50,40153.06
,,,金徽股份(603132.SH),3300,45969.00,13.93,6155.09
,,,咸亨国际(605056.SH),1500,23625.00,15.75,531.99
,,,威奥股份(605001.SH),3800,28766.00,7.57,1343.06
,,,世茂能源(605028.SH),2000,56300.00,28.15,17230.32
,,,众望布艺(605003.SH),800,18584.00,23.23,1488.76
2025-09-23,405877.97,69736.97,,,,,
,,,威奥股份(605001.SH),3800,28310.00,7.45,887.06
,,,咸亨国际(605056.SH),1500,23295.00,15.53,201.99
,,,恒盛能源(605580.SH),2300,63894.00,27.78,36828.94
,,,易德龙(603380.SH),1700,84575.00,49.75,39728.06
,,,金徽股份(603132.SH),3300,45474.00,13.78,5660.09
,,,众望布艺(605003.SH),800,18464.00,23.08,1368.76
,,,长龄液压(605389.SH),300,16509.00,55.03,8445.15
,,,世茂能源(605028.SH),2000,55620.00,27.81,16550.32
2025-09-22,405182.97,69736.97,,,,,
,,,世茂能源(605028.SH),2000,53940.00,26.97,14870.32
,,,金徽股份(603132.SH),3300,45837.00,13.89,6023.09
,,,众望布艺(605003.SH),800,18976.00,23.72,1880.76
,,,恒盛能源(605580.SH),2300,65320.00,28.4,38254.94
,,,咸亨国际(605056.SH),1500,22080.00,14.72,-1013.01
,,,易德龙(603380.SH),1700,85017.00,50.01,40170.06
,,,长龄液压(605389.SH),300,16194.00,53.98,8130.15
,,,威奥股份(605001.SH),3800,28082.00,7.39,659.06
2025-09-19,403100.97,69736.97,,,,,
,,,金徽股份(603132.SH),3300,45342.00,13.74,5528.09
,,,恒盛能源(605580.SH),2300,66194.00,28.78,39128.94
,,,威奥股份(605001.SH),3800,28310.00,7.45,887.06
,,,众望布艺(605003.SH),800,19472.00,24.34,2376.76
,,,世茂能源(605028.SH),2000,52580.00,26.29,13510.32
,,,长龄液压(605389.SH),300,16635.00,55.45,8571.15
,,,易德龙(603380.SH),1700,84116.00,49.48,39269.06
,,,咸亨国际(605056.SH),1500,20715.00,13.81,-2378.01
2025-09-18,409639.97,69736.97,,,,,
,,,长龄液压(605389.SH),300,17106.00,57.02,9042.15
,,,世茂能源(605028.SH),2000,53200.00,26.6,14130.32
,,,威奥股份(605001.SH),3800,29260.00,7.7,1837.06
,,,众望布艺(605003.SH),800,20040.00,25.05,2944.76
,,,咸亨国际(605056.SH),1500,20685.00,13.79,-2408.01
,,,恒盛能源(605580.SH),2300,66930.00,29.1,39864.94
,,,易德龙(603380.SH),1700,88264.00,51.92,43417.06
,,,金徽股份(603132.SH),3300,44418.00,13.46,4604.09
2025-09-17,408963.97,69736.97,,,,,
,,,咸亨国际(605056.SH),1500,21120.00,14.08,-1973.01
,,,众望布艺(605003.SH),800,19056.00,23.82,1960.76
,,,世茂能源(605028.SH),2000,56820.00,28.41,17750.32
,,,恒盛能源(605580.SH),2300,65826.00,28.62,38760.94
,,,金徽股份(603132.SH),3300,46002.00,13.94,6188.09
,,,长龄液压(605389.SH),300,16011.00,53.37,7947.15
,,,易德龙(603380.SH),1700,85170.00,50.1,40323.06
,,,威奥股份(605001.SH),3800,29222.00,7.69,1799.06
2025-09-16,403171.97,69736.97,,,,,
,,,世茂能源(605028.SH),2000,55180.00,27.59,16110.32
,,,长龄液压(605389.SH),300,14556.00,48.52,6492.15
,,,易德龙(603380.SH),1700,86564.00,50.92,41717.06
,,,金徽股份(603132.SH),3300,46728.00,14.16,6914.09
,,,众望布艺(605003.SH),800,18832.00,23.54,1736.76
,,,威奥股份(605001.SH),3800,28614.00,7.53,1191.06
,,,咸亨国际(605056.SH),1500,21045.00,14.03,-2048.01
,,,恒盛能源(605580.SH),2300,61916.00,26.92,34850.94
2025-09-15,401389.97,69076.97,,,,,
,,,咸亨国际(605056.SH),1500,20835.00,13.89,-2258.01
,,,威奥股份(605001.SH),3800,28196.00,7.42,773.06
,,,易德龙(603380.SH),1700,84490.00,49.7,39643.06
,,,长龄液压(605389.SH),300,14238.00,47.46,6174.15
,,,恒盛能源(605580.SH),2300,62445.00,27.15,35379.94
,,,金徽股份(603132.SH),3300,48741.00,14.77,8267.09
,,,世茂能源(605028.SH),2000,54640.00,27.32,15570.32
,,,众望布艺(605003.SH),800,18728.00,23.41,1632.76
2025-09-12,391342.97,69076.97,,,,,
,,,易德龙(603380.SH),1700,82042.00,48.26,37195.06
,,,长龄液压(605389.SH),300,13398.00,44.66,5334.15
,,,众望布艺(605003.SH),800,19088.00,23.86,1992.76
,,,世茂能源(605028.SH),2000,49680.00,24.84,10610.32
,,,金徽股份(603132.SH),3300,48741.00,14.77,8267.09
,,,咸亨国际(605056.SH),1500,21285.00,14.19,-1808.01
,,,恒盛能源(605580.SH),2300,59570.00,25.9,32504.94
,,,威奥股份(605001.SH),3800,28462.00,7.49,1039.06
2025-09-11,385482.97,69076.97,,,,,
,,,长龄液压(605389.SH),300,13479.00,44.93,5415.15
,,,易德龙(603380.SH),1700,76483.00,44.99,31636.06
,,,恒盛能源(605580.SH),2300,61111.00,26.57,34045.94
,,,威奥股份(605001.SH),3800,28728.00,7.56,1305.06
,,,世茂能源(605028.SH),2000,50220.00,25.11,11150.32
,,,金徽股份(603132.SH),3300,46662.00,14.14,6188.09
,,,咸亨国际(605056.SH),1500,21075.00,14.05,-2018.01
,,,众望布艺(605003.SH),800,18648.00,23.31,1552.76
2025-09-10,378253.97,69076.97,,,,,
,,,众望布艺(605003.SH),800,18688.00,23.36,1592.76
,,,世茂能源(605028.SH),2000,51100.00,25.55,12030.32
,,,长龄液压(605389.SH),300,13179.00,43.93,5115.15
,,,易德龙(603380.SH),1700,69530.00,40.9,24683.06
,,,咸亨国际(605056.SH),1500,20925.00,13.95,-2168.01
,,,金徽股份(603132.SH),3300,46827.00,14.19,6353.09
,,,威奥股份(605001.SH),3800,28576.00,7.52,1153.06
,,,恒盛能源(605580.SH),2300,60352.00,26.24,33286.94
2025-09-09,373053.97,69076.97,,,,,
,,,威奥股份(605001.SH),3800,28538.00,7.51,1115.06
,,,金徽股份(603132.SH),3300,46662.00,14.14,6188.09
,,,咸亨国际(605056.SH),1500,20700.00,13.8,-2393.01
,,,长龄液压(605389.SH),300,13620.00,45.4,5556.15
,,,易德龙(603380.SH),1700,69530.00,40.9,24683.06
,,,世茂能源(605028.SH),2000,46460.00,23.23,7390.32
,,,众望布艺(605003.SH),800,18920.00,23.65,1824.76
,,,恒盛能源(605580.SH),2300,59547.00,25.89,32481.94
2025-09-08,372458.97,69076.97,,,,,
,,,易德龙(603380.SH),1700,71961.00,42.33,27114.06
,,,长龄液压(605389.SH),300,13605.00,45.35,5541.15
,,,金徽股份(603132.SH),3300,46200.00,14,5726.09
,,,恒盛能源(605580.SH),2300,55269.00,24.03,28203.94
,,,咸亨国际(605056.SH),1500,20925.00,13.95,-2168.01
,,,威奥股份(605001.SH),3800,28690.00,7.55,1267.06
,,,众望布艺(605003.SH),800,19472.00,24.34,2376.76
,,,世茂能源(605028.SH),2000,47260.00,23.63,8190.32
2025-09-05,368189.97,69076.97,,,,,
,,,易德龙(603380.SH),1700,75650.00,44.5,30803.06
,,,长龄液压(605389.SH),300,13512.00,45.04,5448.15
,,,世茂能源(605028.SH),2000,45020.00,22.51,5950.32
,,,金徽股份(603132.SH),3300,45012.00,13.64,4538.09
,,,众望布艺(605003.SH),800,18520.00,23.15,1424.76
,,,威奥股份(605001.SH),3800,28462.00,7.49,1039.06
,,,恒盛能源(605580.SH),2300,52072.00,22.64,25006.94
,,,咸亨国际(605056.SH),1500,20865.00,13.91,-2228.01
2025-09-04,358666.97,69076.97,,,,,
,,,世茂能源(605028.SH),2000,43740.00,21.87,4670.32
,,,咸亨国际(605056.SH),1500,20475.00,13.65,-2618.01
,,,长龄液压(605389.SH),300,12723.00,42.41,4659.15
,,,威奥股份(605001.SH),3800,28234.00,7.43,811.06
,,,众望布艺(605003.SH),800,18200.00,22.75,1104.76
,,,易德龙(603380.SH),1700,71502.00,42.06,26655.06
,,,恒盛能源(605580.SH),2300,50232.00,21.84,23166.94
,,,金徽股份(603132.SH),3300,44484.00,13.48,4010.09
2025-09-03,363881.97,69076.97,,,,,
,,,威奥股份(605001.SH),3800,27892.00,7.34,469.06
,,,长龄液压(605389.SH),300,13518.00,45.06,5454.15
,,,易德龙(603380.SH),1700,75820.00,44.6,30973.06
,,,世茂能源(605028.SH),2000,44080.00,22.04,5010.32
,,,咸亨国际(605056.SH),1500,20595.00,13.73,-2498.01
,,,众望布艺(605003.SH),800,18240.00,22.8,1144.76
,,,恒盛能源(605580.SH),2300,49450.00,21.5,22384.94
,,,金徽股份(603132.SH),3300,45210.00,13.7,4736.09
2025-09-02,365246.97,69076.97,,,,,
,,,金徽股份(603132.SH),3300,45573.00,13.81,5099.09
,,,易德龙(603380.SH),1700,77520.00,45.6,32673.06
,,,咸亨国际(605056.SH),1500,20970.00,13.98,-2123.01
,,,恒盛能源(605580.SH),2300,46943.00,20.41,19877.94
,,,众望布艺(605003.SH),800,18760.00,23.45,1664.76
,,,世茂能源(605028.SH),2000,44600.00,22.3,5530.32
,,,长龄液压(605389.SH),300,13266.00,44.22,5202.15
,,,威奥股份(605001.SH),3800,28538.00,7.51,1115.06
2025-09-01,366067.97,68950.97,,,,,
,,,长龄液压(605389.SH),300,13926.00,46.42,5736.15
,,,威奥股份(605001.SH),3800,28690.00,7.55,1267.06
,,,咸亨国际(605056.SH),1500,21435.00,14.29,-1658.01
,,,恒盛能源(605580.SH),2300,48231.00,20.97,21165.94
,,,金徽股份(603132.SH),3300,45705.00,13.85,5231.09
,,,易德龙(603380.SH),1700,74426.00,43.78,29579.06
,,,世茂能源(605028.SH),2000,45600.00,22.8,6530.32
,,,众望布艺(605003.SH),800,19104.00,23.88,2008.76
2025-08-29,364839.97,68950.97,,,,,
,,,威奥股份(605001.SH),3800,28500.00,7.5,1077.06
,,,长龄液压(605389.SH),300,13581.00,45.27,5391.15
,,,咸亨国际(605056.SH),1500,21540.00,14.36,-1553.01
,,,金徽股份(603132.SH),3300,44748.00,13.56,4274.09
,,,世茂能源(605028.SH),2000,46180.00,23.09,7110.32
,,,众望布艺(605003.SH),800,19008.00,23.76,1912.76
,,,恒盛能源(605580.SH),2300,48484.00,21.08,21418.94
,,,易德龙(603380.SH),1700,73848.00,43.44,29001.06
2025-08-28,357730.97,68950.97,,,,,
,,,众望布艺(605003.SH),800,19280.00,24.1,2184.76
,,,易德龙(603380.SH),1700,70431.00,41.43,25584.06
,,,世茂能源(605028.SH),2000,45420.00,22.71,6350.32
,,,金徽股份(603132.SH),3300,45144.00,13.68,4670.09
,,,恒盛能源(605580.SH),2300,44551.00,19.37,17485.94
,,,威奥股份(605001.SH),3800,28728.00,7.56,1305.06
,,,长龄液压(605389.SH),300,13281.00,44.27,5091.15
,,,咸亨国际(605056.SH),1500,21945.00,14.63,-1148.01
2025-08-27,352782.97,68950.97,,,,,
,,,金徽股份(603132.SH),3300,44319.00,13.43,3845.09
,,,众望布艺(605003.SH),800,19440.00,24.3,2344.76
,,,长龄液压(605389.SH),300,13128.00,43.76,4938.15
,,,易德龙(603380.SH),1700,65807.00,38.71,20960.06
,,,世茂能源(605028.SH),2000,46340.00,23.17,7270.32
,,,威奥股份(605001.SH),3800,29184.00,7.68,1761.06
,,,恒盛能源(605580.SH),2300,42964.00,18.68,15898.94
,,,咸亨国际(605056.SH),1500,22650.00,15.1,-443.01
2025-08-26,366484.97,68950.97,,,,,
,,,易德龙(603380.SH),1700,68816.00,40.48,23969.06
,,,长龄液压(605389.SH),300,13473.00,44.91,5283.15
,,,威奥股份(605001.SH),3800,30476.00,8.02,3053.06
,,,金徽股份(603132.SH),3300,45969.00,13.93,5495.09
,,,世茂能源(605028.SH),2000,49000.00,24.5,9930.32
,,,众望布艺(605003.SH),800,21600.00,27,4504.76
,,,恒盛能源(605580.SH),2300,45310.00,19.7,18244.94
,,,咸亨国际(605056.SH),1500,22890.00,15.26,-203.01
2025-08-25,368902.97,68950.97,,,,,
,,,恒盛能源(605580.SH),2300,43654.00,18.98,16588.94
,,,易德龙(603380.SH),1700,69020.00,40.6,24173.06
,,,金徽股份(603132.SH),3300,45441.00,13.77,4967.09
,,,长龄液压(605389.SH),300,13851.00,46.17,5661.15
,,,众望布艺(605003.SH),800,21768.00,27.21,4672.76
,,,世茂能源(605028.SH),2000,53900.00,26.95,14830.32
,,,威奥股份(605001.SH),3800,29488.00,7.76,2065.06
,,,咸亨国际(605056.SH),1500,22830.00,15.22,-263.01
2025-08-22,367910.97,68950.97,,,,,
,,,金徽股份(603132.SH),3300,44880.00,13.6,4406.09
,,,长龄液压(605389.SH),300,13983.00,46.61,5793.15
,,,世茂能源(605028.SH),2000,59100.00,29.55,20030.32
,,,众望布艺(605003.SH),800,19792.00,24.74,2696.76
,,,咸亨国际(605056.SH),1500,22545.00,15.03,-548.01
,,,易德龙(603380.SH),1700,67881.00,39.93,23034.06
,,,恒盛能源(605580.SH),2300,41101.00,17.87,14035.94
,,,威奥股份(605001.SH),3800,29678.00,7.81,2255.06
2025-08-21,359235.97,68950.97,,,,,
,,,威奥股份(605001.SH),3800,29830.00,7.85,2407.06
,,,咸亨国际(605056.SH),1500,22575.00,15.05,-518.01
,,,众望布艺(605003.SH),800,19480.00,24.35,2384.76
,,,恒盛能源(605580.SH),2300,40066.00,17.42,13000.94
,,,金徽股份(603132.SH),3300,45177.00,13.69,4703.09
,,,世茂能源(605028.SH),2000,53720.00,26.86,14650.32
,,,易德龙(603380.SH),1700,66300.00,39,21453.06
,,,长龄液压(605389.SH),300,13137.00,43.79,4947.15
2025-08-20,356285.97,68950.97,,,,,
,,,威奥股份(605001.SH),3800,30020.00,7.9,2597.06
,,,恒盛能源(605580.SH),2300,39859.00,17.33,12793.94
,,,长龄液压(605389.SH),300,13278.00,44.26,5088.15
,,,众望布艺(605003.SH),800,19240.00,24.05,2144.76
,,,咸亨国际(605056.SH),1500,22725.00,15.15,-368.01
,,,金徽股份(603132.SH),3300,45441.00,13.77,4967.09
,,,易德龙(603380.SH),1700,67932.00,39.96,23085.06
,,,世茂能源(605028.SH),2000,48840.00,24.42,9770.32
2025-08-19,350941.97,68950.97,,,,,
,,,众望布艺(605003.SH),800,17904.00,22.38,808.76
,,,长龄液压(605389.SH),300,13095.00,43.65,4905.15
,,,咸亨国际(605056.SH),1500,22620.00,15.08,-473.01
,,,威奥股份(605001.SH),3800,29830.00,7.85,2407.06
,,,金徽股份(603132.SH),3300,44946.00,13.62,4472.09
,,,易德龙(603380.SH),1700,69360.00,40.8,24513.06
,,,恒盛能源(605580.SH),2300,39836.00,17.32,12770.94
,,,世茂能源(605028.SH),2000,44400.00,22.2,5330.32
2025-08-18,347791.97,68950.97,,,,,
,,,威奥股份(605001.SH),3800,29488.00,7.76,2065.06
,,,世茂能源(605028.SH),2000,40360.00,20.18,1290.32
,,,易德龙(603380.SH),1700,68799.00,40.47,23952.06
,,,长龄液压(605389.SH),300,13269.00,44.23,5079.15
,,,咸亨国际(605056.SH),1500,22485.00,14.99,-608.01
,,,众望布艺(605003.SH),800,17984.00,22.48,888.76
,,,金徽股份(603132.SH),3300,46068.00,13.96,5594.09
,,,恒盛能源(605580.SH),2300,40388.00,17.56,13322.94
2025-08-15,347227.97,68950.97,,,,,
,,,咸亨国际(605056.SH),1500,22260.00,14.84,-833.01
,,,威奥股份(605001.SH),3800,29716.00,7.82,2293.06
,,,恒盛能源(605580.SH),2300,41722.00,18.14,14656.94
,,,易德龙(603380.SH),1700,68170.00,40.1,23323.06
,,,众望布艺(605003.SH),800,17624.00,22.03,528.76
,,,世茂能源(605028.SH),2000,40480.00,20.24,1410.32
,,,金徽股份(603132.SH),3300,45144.00,13.68,4670.09
,,,长龄液压(605389.SH),300,13161.00,43.87,4971.15
2025-08-14,340990.97,68950.97,,,,,
,,,咸亨国际(605056.SH),1500,22065.00,14.71,-1028.01
,,,威奥股份(605001.SH),3800,29526.00,7.77,2103.06
,,,金徽股份(603132.SH),3300,44451.00,13.47,3977.09
,,,长龄液压(605389.SH),300,13071.00,43.57,4881.15
,,,众望布艺(605003.SH),800,17632.00,22.04,536.76
,,,世茂能源(605028.SH),2000,40780.00,20.39,1710.32
,,,恒盛能源(605580.SH),2300,42550.00,18.5,15484.94
,,,易德龙(603380.SH),1700,61965.00,36.45,17118.06
2025-08-13,347768.97,68950.97,,,,,
,,,长龄液压(605389.SH),300,13527.00,45.09,5337.15
,,,世茂能源(605028.SH),2000,41720.00,20.86,2650.32
,,,易德龙(603380.SH),1700,65858.00,38.74,21011.06
,,,恒盛能源(605580.SH),2300,40940.00,17.8,13874.94
,,,众望布艺(605003.SH),800,18440.00,23.05,1344.76
,,,威奥股份(605001.SH),3800,30590.00,8.05,3167.06
,,,咸亨国际(605056.SH),1500,22665.00,15.11,-428.01
,,,金徽股份(603132.SH),3300,45078.00,13.66,4604.09
2025-08-12,342024.97,68950.97,,,,,
,,,长龄液压(605389.SH),300,13476.00,44.92,5286.15
,,,咸亨国际(605056.SH),1500,22605.00,15.07,-488.01
,,,威奥股份(605001.SH),3800,30476.00,8.02,3053.06
,,,世茂能源(605028.SH),2000,41560.00,20.78,2490.32
,,,恒盛能源(605580.SH),2300,39997.00,17.39,12931.94
,,,众望布艺(605003.SH),800,18320.00,22.9,1224.76
,,,易德龙(603380.SH),1700,62288.00,36.64,17441.06
,,,金徽股份(603132.SH),3300,44352.00,13.44,3878.09
2025-08-11,345252.97,68950.97,,,,,
,,,世茂能源(605028.SH),2000,41940.00,20.97,2870.32
,,,长龄液压(605389.SH),300,13719.00,45.73,5529.15
,,,恒盛能源(605580.SH),2300,41515.00,18.05,14449.94
,,,易德龙(603380.SH),1700,62900.00,37,18053.06
,,,众望布艺(605003.SH),800,18296.00,22.87,1200.76
,,,金徽股份(603132.SH),3300,44451.00,13.47,3977.09
,,,咸亨国际(605056.SH),1500,22815.00,15.21,-278.01
,,,威奥股份(605001.SH),3800,30666.00,8.07,3243.06
2025-08-08,341206.97,68950.97,,,,,
,,,世茂能源(605028.SH),2000,42000.00,21,2930.32
,,,易德龙(603380.SH),1700,59500.00,35,14653.06
,,,长龄液压(605389.SH),300,13593.00,45.31,5403.15
,,,众望布艺(605003.SH),800,18520.00,23.15,1424.76
,,,威奥股份(605001.SH),3800,30704.00,8.08,3281.06
,,,咸亨国际(605056.SH),1500,22515.00,15.01,-578.01
,,,恒盛能源(605580.SH),2300,40940.00,17.8,13874.94
,,,金徽股份(603132.SH),3300,44484.00,13.48,4010.09
2025-08-07,337490.97,68950.97,,,,,
,,,恒盛能源(605580.SH),2300,39629.00,17.23,12563.94
,,,众望布艺(605003.SH),800,18928.00,23.66,1832.76
,,,金徽股份(603132.SH),3300,43923.00,13.31,3449.09
,,,长龄液压(605389.SH),300,13593.00,45.31,5403.15
,,,威奥股份(605001.SH),3800,29982.00,7.89,2559.06
,,,易德龙(603380.SH),1700,57970.00,34.1,13123.06
,,,世茂能源(605028.SH),2000,41940.00,20.97,2870.32
,,,咸亨国际(605056.SH),1500,22575.00,15.05,-518.01
2025-08-06,334019.97,68950.97,,,,,
,,,威奥股份(605001.SH),3800,30514.00,8.03,3091.06
,,,金徽股份(603132.SH),3300,43659.00,13.23,3185.09
,,,长龄液压(605389.SH),300,13758.00,45.86,5568.15
,,,易德龙(603380.SH),1700,56746.00,33.38,11899.06
,,,世茂能源(605028.SH),2000,40480.00,20.24,1410.32
,,,咸亨国际(605056.SH),1500,22845.00,15.23,-248.01
,,,恒盛能源(605580.SH),2300,39123.00,17.01,12057.94
,,,众望布艺(605003.SH),800,17944.00,22.43,848.76
2025-08-05,331902.97,68950.97,,,,,
,,,众望布艺(605003.SH),800,17904.00,22.38,808.76
,,,恒盛能源(605580.SH),2300,37674.00,16.38,10608.94
,,,长龄液压(605389.SH),300,14097.00,46.99,5907.15
,,,金徽股份(603132.SH),3300,43362.00,13.14,2888.09
,,,易德龙(603380.SH),1700,56287.00,33.11,11440.06
,,,世茂能源(605028.SH),2000,40920.00,20.46,1850.32
,,,威奥股份(605001.SH),3800,30058.00,7.91,2635.06
,,,咸亨国际(605056.SH),1500,22650.00,15.1,-443.01
2025-08-04,323839.97,68950.97,,,,,
,,,易德龙(603380.SH),1700,51170.00,30.1,6323.06
,,,众望布艺(605003.SH),800,17352.00,21.69,256.76
,,,金徽股份(603132.SH),3300,43230.00,13.1,2756.09
,,,咸亨国际(605056.SH),1500,22545.00,15.03,-548.01
,,,世茂能源(605028.SH),2000,40520.00,20.26,1450.32
,,,长龄液压(605389.SH),300,14280.00,47.6,6090.15
,,,恒盛能源(605580.SH),2300,36570.00,15.9,9504.94
,,,威奥股份(605001.SH),3800,29222.00,7.69,1799.06
2025-08-01,319266.97,68950.97,,,,,
,,,恒盛能源(605580.SH),2300,35627.00,15.49,8561.94
,,,金徽股份(603132.SH),3300,42042.00,12.74,1568.09
,,,咸亨国际(605056.SH),1500,22125.00,14.75,-968.01
,,,众望布艺(605003.SH),800,17280.00,21.6,184.76
,,,长龄液压(605389.SH),300,14340.00,47.8,6150.15
,,,威奥股份(605001.SH),3800,29032.00,7.64,1609.06
,,,世茂能源(605028.SH),2000,40060.00,20.03,990.32
,,,易德龙(603380.SH),1700,49810.00,29.3,4963.06
2025-07-31,317816.97,68950.97,,,,,
,,,众望布艺(605003.SH),800,16672.00,20.84,-423.24
,,,金徽股份(603132.SH),3300,41646.00,12.62,1172.09
,,,咸亨国际(605056.SH),1500,21990.00,14.66,-1103.01
,,,威奥股份(605001.SH),3800,28652.00,7.54,1229.06
,,,长龄液压(605389.SH),300,14697.00,48.99,6507.15
,,,世茂能源(605028.SH),2000,39860.00,19.93,790.32
,,,易德龙(603380.SH),1700,49929.00,29.37,5082.06
,,,恒盛能源(605580.SH),2300,35420.00,15.4,8354.94
2025-07-30,320198.97,68950.97,,,,,
,,,世茂能源(605028.SH),2000,40660.00,20.33,1590.32
,,,咸亨国际(605056.SH),1500,22350.00,14.9,-743.01
,,,易德龙(603380.SH),1700,51306.00,30.18,6459.06
,,,金徽股份(603132.SH),3300,42999.00,13.03,2525.09
,,,众望布艺(605003.SH),800,16832.00,21.04,-263.24
,,,威奥股份(605001.SH),3800,29032.00,7.64,1609.06
,,,恒盛能源(605580.SH),2300,34707.00,15.09,7641.94
,,,长龄液压(605389.SH),300,13362.00,44.54,5172.15
2025-07-29,319902.97,68950.97,,,,,
,,,易德龙(603380.SH),1700,50082.00,29.46,5235.06
,,,众望布艺(605003.SH),800,16776.00,20.97,-319.24
,,,长龄液压(605389.SH),300,13491.00,44.97,5301.15
,,,咸亨国际(605056.SH),1500,22635.00,15.09,-458.01
,,,恒盛能源(605580.SH),2300,35167.00,15.29,8101.94
,,,金徽股份(603132.SH),3300,43329.00,13.13,2855.09
,,,威奥股份(605001.SH),3800,29412.00,7.74,1989.06
,,,世茂能源(605028.SH),2000,40060.00,20.03,990.32
2025-07-28,318882.97,68950.97,,,,,
,,,威奥股份(605001.SH),3800,29336.00,7.72,1913.06
,,,世茂能源(605028.SH),2000,40480.00,20.24,1410.32
,,,众望布艺(605003.SH),800,16976.00,21.22,-119.24
,,,金徽股份(603132.SH),3300,43263.00,13.11,2789.09
,,,长龄液压(605389.SH),300,13665.00,45.55,5475.15
,,,易德龙(603380.SH),1700,48552.00,28.56,3705.06
,,,恒盛能源(605580.SH),2300,35190.00,15.3,8124.94
,,,咸亨国际(605056.SH),1500,22470.00,14.98,-623.01
2025-07-25,316654.97,68950.97,,,,,
,,,众望布艺(605003.SH),800,16848.00,21.06,-247.24
,,,易德龙(603380.SH),1700,47974.00,28.22,3127.06
,,,世茂能源(605028.SH),2000,39100.00,19.55,30.32
,,,咸亨国际(605056.SH),1500,22215.00,14.81,-878.01
,,,恒盛能源(605580.SH),2300,35075.00,15.25,8009.94
,,,威奥股份(605001.SH),3800,29336.00,7.72,1913.06
,,,长龄液压(605389.SH),300,13200.00,44,5010.15
,,,金徽股份(603132.SH),3300,43956.00,13.32,3482.09
2025-07-24,315720.97,68950.97,,,,,
,,,长龄液压(605389.SH),300,13077.00,43.59,4887.15
,,,易德龙(603380.SH),1700,47974.00,28.22,3127.06
,,,世茂能源(605028.SH),2000,38240.00,19.12,-829.68
,,,咸亨国际(605056.SH),1500,22290.00,14.86,-803.01
,,,金徽股份(603132.SH),3300,43626.00,13.22,3152.09
,,,众望布艺(605003.SH),800,16752.00,20.94,-343.24
,,,威奥股份(605001.SH),3800,29184.00,7.68,1761.06
,,,恒盛能源(605580.SH),2300,35627.00,15.49,8561.94
2025-07-23,313128.97,68950.97,,,,,
,,,世茂能源(605028.SH),2000,37360.00,18.68,-1709.68
,,,长龄液压(605389.SH),300,12090.00,40.3,3900.15
,,,众望布艺(605003.SH),800,16728.00,20.91,-367.24
,,,金徽股份(603132.SH),3300,43164.00,13.08,2690.09
,,,恒盛能源(605580.SH),2300,34983.00,15.21,7917.94
,,,咸亨国际(605056.SH),1500,22230.00,14.82,-863.01
,,,易德龙(603380.SH),1700,48705.00,28.65,3858.06
,,,威奥股份(605001.SH),3800,28918.00,7.61,1495.06
2025-07-22,313120.97,68950.97,,,,,
,,,威奥股份(605001.SH),3800,29298.00,7.71,1875.06
,,,恒盛能源(605580.SH),2300,33212.00,14.44,6146.94
,,,易德龙(603380.SH),1700,47464.00,27.92,2617.06
,,,长龄液压(605389.SH),300,12588.00,41.96,4398.15
,,,咸亨国际(605056.SH),1500,22965.00,15.31,-128.01
,,,众望布艺(605003.SH),800,16848.00,21.06,-247.24
,,,金徽股份(603132.SH),3300,43395.00,13.15,2921.09
,,,世茂能源(605028.SH),2000,38400.00,19.2,-669.68
2025-07-21,312779.97,68950.97,,,,,
,,,易德龙(603380.SH),1700,48280.00,28.4,3433.06
,,,咸亨国际(605056.SH),1500,22845.00,15.23,-248.01
,,,威奥股份(605001.SH),3800,29070.00,7.65,1647.06
,,,恒盛能源(605580.SH),2300,33051.00,14.37,5985.94
,,,众望布艺(605003.SH),800,16704.00,20.88,-391.24
,,,长龄液压(605389.SH),300,11766.00,39.22,3576.15
,,,金徽股份(603132.SH),3300,42933.00,13.01,2459.09
,,,世茂能源(605028.SH),2000,39180.00,19.59,110.32
2025-07-18,311368.97,68950.97,,,,,
,,,易德龙(603380.SH),1700,49028.00,28.84,4181.06
,,,众望布艺(605003.SH),800,16544.00,20.68,-551.24
,,,世茂能源(605028.SH),2000,38980.00,19.49,-89.68
,,,咸亨国际(605056.SH),1500,22335.00,14.89,-758.01
,,,恒盛能源(605580.SH),2300,33465.00,14.55,6399.94
,,,威奥股份(605001.SH),3800,28006.00,7.37,583.06
,,,金徽股份(603132.SH),3300,42471.00,12.87,1997.09
,,,长龄液压(605389.SH),300,11589.00,38.63,3399.15
2025-07-17,310995.97,68950.97,,,,,
,,,金徽股份(603132.SH),3300,41712.00,12.64,1238.09
,,,易德龙(603380.SH),1700,48841.00,28.73,3994.06
,,,众望布艺(605003.SH),800,16408.00,20.51,-687.24
,,,咸亨国际(605056.SH),1500,22590.00,15.06,-503.01
,,,长龄液压(605389.SH),300,11682.00,38.94,3492.15
,,,恒盛能源(605580.SH),2300,33304.00,14.48,6238.94
,,,世茂能源(605028.SH),2000,39160.00,19.58,90.32
,,,威奥股份(605001.SH),3800,28348.00,7.46,925.06
2025-07-16,310629.97,68950.97,,,,,
,,,咸亨国际(605056.SH),1500,22455.00,14.97,-638.01
,,,长龄液压(605389.SH),300,11757.00,39.19,3567.15
,,,众望布艺(605003.SH),800,16632.00,20.79,-463.24
,,,金徽股份(603132.SH),3300,41646.00,12.62,1172.09
,,,恒盛能源(605580.SH),2300,33580.00,14.6,6514.94
,,,易德龙(603380.SH),1700,48841.00,28.73,3994.06
,,,世茂能源(605028.SH),2000,38420.00,19.21,-649.68
,,,威奥股份(605001.SH),3800,28348.00,7.46,925.06
2025-07-15,313364.97,68950.97,,,,,
,,,金徽股份(603132.SH),3300,42174.00,12.78,1700.09
,,,易德龙(603380.SH),1700,51850.00,30.5,7003.06
,,,众望布艺(605003.SH),800,16488.00,20.61,-607.24
,,,长龄液压(605389.SH),300,11685.00,38.95,3495.15
,,,咸亨国际(605056.SH),1500,22395.00,14.93,-698.01
,,,世茂能源(605028.SH),2000,38460.00,19.23,-609.68
,,,恒盛能源(605580.SH),2300,33166.00,14.42,6100.94
,,,威奥股份(605001.SH),3800,28196.00,7.42,773.06
2025-07-14,314301.97,68950.97,,,,,
,,,易德龙(603380.SH),1700,49283.00,28.99,4436.06
,,,世茂能源(605028.SH),2000,39840.00,19.92,770.32
,,,众望布艺(605003.SH),800,16640.00,20.8,-455.24
,,,长龄液压(605389.SH),300,12177.00,40.59,3987.15
,,,金徽股份(603132.SH),3300,42438.00,12.86,1964.09
,,,威奥股份(605001.SH),3800,28804.00,7.58,1381.06
,,,恒盛能源(605580.SH),2300,33534.00,14.58,6468.94
,,,咸亨国际(605056.SH),1500,22635.00,15.09,-458.01
2025-07-11,309046.97,68950.97,,,,,
,,,长龄液压(605389.SH),300,12609.00,42.03,4419.15
,,,恒盛能源(605580.SH),2300,33350.00,14.5,6284.94
,,,咸亨国际(605056.SH),1500,22725.00,15.15,-368.01
,,,金徽股份(603132.SH),3300,42405.00,12.85,1931.09
,,,众望布艺(605003.SH),800,16640.00,20.8,-455.24
,,,易德龙(603380.SH),1700,44795.00,26.35,-51.94
,,,世茂能源(605028.SH),2000,39680.00,19.84,610.32
,,,威奥股份(605001.SH),3800,27892.00,7.34,469.06
2025-07-10,308236.97,68950.97,,,,,
,,,众望布艺(605003.SH),800,16776.00,20.97,-319.24
,,,咸亨国际(605056.SH),1500,22905.00,15.27,-188.01
,,,金徽股份(603132.SH),3300,41580.00,12.6,1106.09
,,,恒盛能源(605580.SH),2300,32545.00,14.15,5479.94
,,,长龄液压(605389.SH),300,11463.00,38.21,3273.15
,,,世茂能源(605028.SH),2000,40820.00,20.41,1750.32
,,,威奥股份(605001.SH),3800,27892.00,7.34,469.06
,,,易德龙(603380.SH),1700,45305.00,26.65,458.06
2025-07-09,310359.97,68950.97,,,,,
,,,世茂能源(605028.SH),2000,43400.00,21.7,4330.32
,,,威奥股份(605001.SH),3800,27930.00,7.35,507.06
,,,众望布艺(605003.SH),800,16608.00,20.76,-487.24
,,,长龄液压(605389.SH),300,11463.00,38.21,3273.15
,,,金徽股份(603132.SH),3300,41316.00,12.52,842.09
,,,易德龙(603380.SH),1700,45747.00,26.91,900.06
,,,咸亨国际(605056.SH),1500,23205.00,15.47,111.99
,,,恒盛能源(605580.SH),2300,31740.00,13.8,4674.94
2025-07-08,311300.97,68950.97,,,,,
,,,威奥股份(605001.SH),3800,27854.00,7.33,431.06
,,,众望布艺(605003.SH),800,17016.00,21.27,-79.24
,,,易德龙(603380.SH),1700,46478.00,27.34,1631.06
,,,长龄液压(605389.SH),300,11463.00,38.21,3273.15
,,,世茂能源(605028.SH),2000,42400.00,21.2,3330.32
,,,金徽股份(603132.SH),3300,41844.00,12.68,1370.09
,,,咸亨国际(605056.SH),1500,23325.00,15.55,231.99
,,,恒盛能源(605580.SH),2300,31970.00,13.9,4904.94
2025-07-07,309203.97,68950.97,,,,,
,,,易德龙(603380.SH),1700,44778.00,26.34,-68.94
,,,长龄液压(605389.SH),300,11463.00,38.21,3273.15
,,,威奥股份(605001.SH),3800,27702.00,7.29,279.06
,,,世茂能源(605028.SH),2000,42000.00,21,2930.32
,,,金徽股份(603132.SH),3300,41745.00,12.65,1271.09
,,,众望布艺(605003.SH),800,16904.00,21.13,-191.24
,,,咸亨国际(605056.SH),1500,23415.00,15.61,321.99
,,,恒盛能源(605580.SH),2300,32246.00,14.02,5180.94
2025-07-04,303665.97,68950.97,,,,,
,,,威奥股份(605001.SH),3800,27322.00,7.19,-100.94
,,,众望布艺(605003.SH),800,16424.00,20.53,-671.24
,,,长龄液压(605389.SH),300,11463.00,38.21,3273.15
,,,金徽股份(603132.SH),3300,41580.00,12.6,1106.09
,,,咸亨国际(605056.SH),1500,23565.00,15.71,471.99
,,,易德龙(603380.SH),1700,45407.00,26.71,560.06
,,,世茂能源(605028.SH),2000,38180.00,19.09,-889.68
,,,恒盛能源(605580.SH),2300,30774.00,13.38,3708.94
2025-07-03,306730.97,68950.97,,,,,
,,,金徽股份(603132.SH),3300,42174.00,12.78,1700.09
,,,易德龙(603380.SH),1700,45594.00,26.82,747.06
,,,世茂能源(605028.SH),2000,38360.00,19.18,-709.68
,,,长龄液压(605389.SH),300,11463.00,38.21,3273.15
,,,咸亨国际(605056.SH),1500,24150.00,16.1,1056.99
,,,众望布艺(605003.SH),800,17048.00,21.31,-47.24
,,,威奥股份(605001.SH),3800,27550.00,7.25,127.06
,,,恒盛能源(605580.SH),2300,31441.00,13.67,4375.94
2025-07-02,304675.97,68950.97,,,,,
,,,恒盛能源(605580.SH),2300,30613.00,13.31,3547.94
,,,众望布艺(605003.SH),800,16752.00,20.94,-343.24
,,,威奥股份(605001.SH),3800,27436.00,7.22,13.06
,,,长龄液压(605389.SH),300,12738.00,42.46,4548.15
,,,金徽股份(603132.SH),3300,42339.00,12.83,1865.09
,,,易德龙(603380.SH),1700,44897.00,26.41,50.06
,,,咸亨国际(605056.SH),1500,22530.00,15.02,-563.01
,,,世茂能源(605028.SH),2000,38420.00,19.21,-649.68
2025-07-01,308849.97,68950.97,,,,,
,,,金徽股份(603132.SH),3300,43065.00,13.05,2591.09
,,,众望布艺(605003.SH),800,17112.00,21.39,16.76
,,,恒盛能源(605580.SH),2300,31257.00,13.59,4191.94
,,,长龄液压(605389.SH),300,14154.00,47.18,5964.15
,,,威奥股份(605001.SH),3800,27436.00,7.22,13.06
,,,咸亨国际(605056.SH),1500,22935.00,15.29,-158.01
,,,世茂能源(605028.SH),2000,38380.00,19.19,-689.68
,,,易德龙(603380.SH),1700,45560.00,26.8,713.06
2025-06-30,307275.51,65913.51,,,,,
,,,金徽股份(603132.SH),2000,26540.00,13.27,3265.57
,,,聚合顺(605166.SH),2400,26856.00,11.19,-2233.54
,,,天普股份(605255.SH),1200,23472.00,19.56,3842.53
,,,养元饮品(603156.SH),1800,38088.00,21.16,-219.55
,,,行动教育(605098.SH),500,17890.00,35.78,-2282.16
,,,菜百股份(605599.SH),2300,37605.00,16.35,12012.46
,,,恒盛能源(605580.SH),2300,31257.00,13.59,4191.94
,,,长龄液压(605389.SH),900,39654.00,44.06,15084.44
2025-06-27,302331.51,65913.51,,,,,
,,,聚合顺(605166.SH),2400,27120.00,11.3,-1969.54
,,,恒盛能源(605580.SH),2300,31349.00,13.63,4283.94
,,,菜百股份(605599.SH),2300,36363.00,15.81,10770.46
,,,养元饮品(603156.SH),1800,38340.00,21.3,32.45
,,,金徽股份(603132.SH),2000,26380.00,13.19,3105.57
,,,行动教育(605098.SH),500,17625.00,35.25,-2547.16
,,,长龄液压(605389.SH),900,36045.00,40.05,11475.44
,,,天普股份(605255.SH),1200,23196.00,19.33,3566.53
2025-06-26,299430.51,65913.51,,,,,
,,,养元饮品(603156.SH),1800,38304.00,21.28,-3.55
,,,长龄液压(605389.SH),900,35505.00,39.45,10935.44
,,,恒盛能源(605580.SH),2300,30843.00,13.41,3777.94
,,,聚合顺(605166.SH),2400,27024.00,11.26,-2065.54
,,,金徽股份(603132.SH),2000,23980.00,11.99,705.57
,,,菜百股份(605599.SH),2300,37122.00,16.14,11529.46
,,,行动教育(605098.SH),500,17615.00,35.23,-2557.16
,,,天普股份(605255.SH),1200,23124.00,19.27,3494.53
2025-06-25,296791.51,65913.51,,,,,
,,,菜百股份(605599.SH),2300,36524.00,15.88,10931.46
,,,金徽股份(603132.SH),2000,24040.00,12.02,765.57
,,,行动教育(605098.SH),500,17745.00,35.49,-2427.16
,,,养元饮品(603156.SH),1800,38538.00,21.41,230.45
,,,长龄液压(605389.SH),900,34551.00,38.39,9981.44
,,,聚合顺(605166.SH),2400,27264.00,11.36,-1825.54
,,,天普股份(605255.SH),1200,22776.00,18.98,3146.53
,,,恒盛能源(605580.SH),2300,29440.00,12.8,2374.94
2025-06-24,297671.51,65913.51,,,,,
,,,天普股份(605255.SH),1200,22956.00,19.13,3326.53
,,,菜百股份(605599.SH),2300,37789.00,16.43,12196.46
,,,养元饮品(603156.SH),1800,38214.00,21.23,-93.55
,,,聚合顺(605166.SH),2400,27096.00,11.29,-1993.54
,,,行动教育(605098.SH),500,17635.00,35.27,-2537.16
,,,金徽股份(603132.SH),2000,24120.00,12.06,845.57
,,,长龄液压(605389.SH),900,34416.00,38.24,9846.44
,,,恒盛能源(605580.SH),2300,29532.00,12.84,2466.94
2025-06-23,296340.51,65913.51,,,,,
,,,天普股份(605255.SH),1200,22800.00,19,3170.53
,,,菜百股份(605599.SH),2300,39606.00,17.22,14013.46
,,,长龄液压(605389.SH),900,32481.00,36.09,7911.44
,,,金徽股份(603132.SH),2000,23920.00,11.96,645.57
,,,聚合顺(605166.SH),2400,26616.00,11.09,-2473.54
,,,行动教育(605098.SH),500,17420.00,34.84,-2752.16
,,,养元饮品(603156.SH),1800,38052.00,21.14,-255.55
,,,恒盛能源(605580.SH),2300,29532.00,12.84,2466.94
2025-06-20,295682.51,65913.51,,,,,
,,,天普股份(605255.SH),1200,22872.00,19.06,3242.53
,,,行动教育(605098.SH),500,17330.00,34.66,-2842.16
,,,菜百股份(605599.SH),2300,37927.00,16.49,12334.46
,,,恒盛能源(605580.SH),2300,27554.00,11.98,488.94
,,,长龄液压(605389.SH),900,35334.00,39.26,10764.44
,,,聚合顺(605166.SH),2400,26232.00,10.93,-2857.54
,,,养元饮品(603156.SH),1800,38700.00,21.5,392.45
,,,金徽股份(603132.SH),2000,23820.00,11.91,545.57
2025-06-19,295140.31,65594.31,,,,,
,,,养元饮品(603156.SH),1800,38538.00,21.41,230.45
,,,行动教育(605098.SH),500,17410.00,34.82,-2762.16
,,,聚合顺(605166.SH),2400,26784.00,11.16,-2624.74
,,,恒盛能源(605580.SH),2300,28267.00,12.29,1201.94
,,,天普股份(605255.SH),1200,23400.00,19.5,3770.53
,,,金徽股份(603132.SH),2000,23940.00,11.97,665.57
,,,菜百股份(605599.SH),2300,37214.00,16.18,11621.46
,,,长龄液压(605389.SH),900,33993.00,37.77,9423.44
2025-06-18,294419.31,65594.31,,,,,
,,,金徽股份(603132.SH),2000,24360.00,12.18,1085.57
,,,菜百股份(605599.SH),2300,38525.00,16.75,12932.46
,,,长龄液压(605389.SH),900,32562.00,36.18,7992.44
,,,养元饮品(603156.SH),1800,38790.00,21.55,482.45
,,,行动教育(605098.SH),500,17645.00,35.29,-2527.16
,,,聚合顺(605166.SH),2400,27048.00,11.27,-2360.74
,,,天普股份(605255.SH),1200,24204.00,20.17,4574.53
,,,恒盛能源(605580.SH),2300,25691.00,11.17,-1374.06
2025-06-17,292625.31,65594.31,,,,,
,,,养元饮品(603156.SH),1800,39060.00,21.7,752.45
,,,金徽股份(603132.SH),2000,24380.00,12.19,1105.57
,,,天普股份(605255.SH),1200,24072.00,20.06,4442.53
,,,聚合顺(605166.SH),2400,27384.00,11.41,-2024.74
,,,恒盛能源(605580.SH),2300,25668.00,11.16,-1397.06
,,,长龄液压(605389.SH),900,31788.00,35.32,7218.44
,,,行动教育(605098.SH),500,17695.00,35.39,-2477.16
,,,菜百股份(605599.SH),2300,36984.00,16.08,11391.46
2025-06-16,296261.31,65594.31,,,,,
,,,菜百股份(605599.SH),2300,39560.00,17.2,13967.46
,,,天普股份(605255.SH),1200,24756.00,20.63,5126.53
,,,聚合顺(605166.SH),2400,27744.00,11.56,-1664.74
,,,恒盛能源(605580.SH),2300,25967.00,11.29,-1098.06
,,,养元饮品(603156.SH),1800,39438.00,21.91,1130.45
,,,行动教育(605098.SH),500,17860.00,35.72,-2312.16
,,,金徽股份(603132.SH),2000,24400.00,12.2,1125.57
,,,长龄液压(605389.SH),900,30942.00,34.38,6372.44
2025-06-13,299574.31,63938.31,,,,,
,,,天普股份(605255.SH),1200,24708.00,20.59,5078.53
,,,行动教育(605098.SH),500,17845.00,35.69,-2327.16
,,,养元饮品(603156.SH),1800,39726.00,22.07,1418.45
,,,长龄液压(605389.SH),900,31545.00,35.05,6975.44
,,,金徽股份(603132.SH),2000,24700.00,12.35,1425.57
,,,恒盛能源(605580.SH),2300,26151.00,11.37,-914.06
,,,菜百股份(605599.SH),2300,43217.00,18.79,15968.46
,,,聚合顺(605166.SH),2400,27744.00,11.56,-1664.74
2025-06-12,299451.31,63938.31,,,,,
,,,行动教育(605098.SH),500,18195.00,36.39,-1977.16
,,,养元饮品(603156.SH),1800,40284.00,22.38,1976.45
,,,菜百股份(605599.SH),2300,41078.00,17.86,13829.46
,,,金徽股份(603132.SH),2000,24820.00,12.41,1545.57
,,,聚合顺(605166.SH),2400,28344.00,11.81,-1064.74
,,,长龄液压(605389.SH),900,30906.00,34.34,6336.44
,,,恒盛能源(605580.SH),2300,26266.00,11.42,-799.06
,,,天普股份(605255.SH),1200,25620.00,21.35,5990.53
2025-06-11,297263.31,63938.31,,,,,
,,,金徽股份(603132.SH),2000,24360.00,12.18,1085.57
,,,养元饮品(603156.SH),1800,40158.00,22.31,1850.45
,,,天普股份(605255.SH),1200,25284.00,21.07,5654.53
,,,行动教育(605098.SH),500,18220.00,36.44,-1952.16
,,,恒盛能源(605580.SH),2300,26565.00,11.55,-500.06
,,,菜百股份(605599.SH),2300,38870.00,16.9,11621.46
,,,长龄液压(605389.SH),900,31212.00,34.68,6642.44
,,,聚合顺(605166.SH),2400,28656.00,11.94,-752.74
2025-06-10,295855.31,63758.31,,,,,
,,,恒盛能源(605580.SH),2300,26496.00,11.52,-569.06
,,,长龄液压(605389.SH),900,30600.00,34,6030.44
,,,行动教育(605098.SH),500,18060.00,36.12,-2112.16
,,,菜百股份(605599.SH),2300,38801.00,16.87,11552.46
,,,养元饮品(603156.SH),1800,40464.00,22.48,2156.45
,,,金徽股份(603132.SH),2000,23820.00,11.91,545.57
,,,天普股份(605255.SH),1200,25464.00,21.22,5654.53
,,,聚合顺(605166.SH),2400,28392.00,11.83,-1016.74
2025-06-09,299721.31,63758.31,,,,,
,,,金徽股份(603132.SH),2000,23940.00,11.97,665.57
,,,行动教育(605098.SH),500,17995.00,35.99,-2177.16
,,,聚合顺(605166.SH),2400,30072.00,12.53,663.26
,,,长龄液压(605389.SH),900,30888.00,34.32,6318.44
,,,天普股份(605255.SH),1200,25620.00,21.35,5810.53
,,,养元饮品(603156.SH),1800,40932.00,22.74,2624.45
,,,恒盛能源(605580.SH),2300,26427.00,11.49,-638.06
,,,菜百股份(605599.SH),2300,40089.00,17.43,12840.46
2025-06-06,298404.31,63758.31,,,,,
,,,金徽股份(603132.SH),2000,24160.00,12.08,885.57
,,,长龄液压(605389.SH),900,31977.00,35.53,7407.44
,,,行动教育(605098.SH),500,17830.00,35.66,-2342.16
,,,养元饮品(603156.SH),1800,40680.00,22.6,2372.45
,,,天普股份(605255.SH),1200,26232.00,21.86,6422.53
,,,恒盛能源(605580.SH),2300,25622.00,11.14,-1443.06
,,,菜百股份(605599.SH),2300,39537.00,17.19,12288.46
,,,聚合顺(605166.SH),2400,28608.00,11.92,-800.74
2025-06-05,300373.31,61310.31,,,,,
,,,聚合顺(605166.SH),2400,28224.00,11.76,-1184.74
,,,天普股份(605255.SH),1200,26160.00,21.8,6350.53
,,,长龄液压(605389.SH),900,31617.00,35.13,7047.44
,,,恒盛能源(605580.SH),2300,25645.00,11.15,-1420.06
,,,行动教育(605098.SH),500,17790.00,35.58,-2382.16
,,,菜百股份(605599.SH),2300,41331.00,17.97,14082.46
,,,金徽股份(603132.SH),2000,23440.00,11.72,165.57
,,,养元饮品(603156.SH),1800,44856.00,24.92,4100.45
2025-06-04,300523.31,61310.31,,,,,
,,,长龄液压(605389.SH),900,30987.00,34.43,6417.44
,,,养元饮品(603156.SH),1800,45000.00,25,4244.45
,,,聚合顺(605166.SH),2400,28032.00,11.68,-1376.74
,,,天普股份(605255.SH),1200,25416.00,21.18,5606.53
,,,恒盛能源(605580.SH),2300,25415.00,11.05,-1650.06
,,,行动教育(605098.SH),500,17850.00,35.7,-2322.16
,,,菜百股份(605599.SH),2300,43033.00,18.71,15784.46
,,,金徽股份(603132.SH),2000,23480.00,11.74,205.57
2025-06-03,293958.31,61310.31,,,,,
,,,金徽股份(603132.SH),2000,23080.00,11.54,-194.43
,,,菜百股份(605599.SH),2300,39123.00,17.01,11874.46
,,,恒盛能源(605580.SH),2300,25024.00,10.88,-2041.06
,,,行动教育(605098.SH),500,17795.00,35.59,-2377.16
,,,天普股份(605255.SH),1200,24504.00,20.42,4694.53
,,,聚合顺(605166.SH),2400,27792.00,11.58,-1616.74
,,,长龄液压(605389.SH),900,30924.00,34.36,6354.44
,,,养元饮品(603156.SH),1800,44406.00,24.67,3650.45
2025-05-30,286801.31,61310.31,,,,,
,,,聚合顺(605166.SH),2400,27408.00,11.42,-2000.74
,,,养元饮品(603156.SH),1800,44010.00,24.45,3254.45
,,,金徽股份(603132.SH),2000,23080.00,11.54,-194.43
,,,菜百股份(605599.SH),2300,35558.00,15.46,8309.46
,,,长龄液压(605389.SH),900,28989.00,32.21,4419.44
,,,恒盛能源(605580.SH),2300,24932.00,10.84,-2133.06
,,,行动教育(605098.SH),500,17790.00,35.58,-2382.16
,,,天普股份(605255.SH),1200,23724.00,19.77,3914.53
2025-05-29,291270.31,61310.31,,,,,
,,,行动教育(605098.SH),500,17945.00,35.89,-2227.16
,,,金徽股份(603132.SH),2000,23100.00,11.55,-174.43
,,,长龄液压(605389.SH),900,29124.00,32.36,4554.44
,,,恒盛能源(605580.SH),2300,25691.00,11.17,-1374.06
,,,天普股份(605255.SH),1200,23688.00,19.74,3878.53
,,,菜百股份(605599.SH),2300,37260.00,16.2,10011.46
,,,养元饮品(603156.SH),1800,44568.00,24.76,3812.45
,,,聚合顺(605166.SH),2400,28584.00,11.91,-824.74
2025-05-28,291171.31,61310.31,,,,,
,,,长龄液压(605389.SH),900,29916.00,33.24,5346.44
,,,金徽股份(603132.SH),2000,23020.00,11.51,-254.43
,,,养元饮品(603156.SH),1800,44892.00,24.94,4136.45
,,,恒盛能源(605580.SH),2300,25392.00,11.04,-1673.06
,,,天普股份(605255.SH),1200,22020.00,18.35,2210.53
,,,菜百股份(605599.SH),2300,38502.00,16.74,11253.46
,,,聚合顺(605166.SH),2400,28344.00,11.81,-1064.74
,,,行动教育(605098.SH),500,17775.00,35.55,-2397.16
2025-05-27,284862.31,60465.31,,,,,
,,,恒盛能源(605580.SH),2300,26151.00,11.37,-1489.06
,,,养元饮品(603156.SH),1800,43812.00,24.34,3056.45
,,,聚合顺(605166.SH),2400,28128.00,11.72,-1280.74
,,,天普股份(605255.SH),1200,21060.00,17.55,1250.53
,,,菜百股份(605599.SH),2300,35006.00,15.22,7757.46
,,,长龄液压(605389.SH),900,29700.00,33,4860.44
,,,金徽股份(603132.SH),2000,22760.00,11.38,-514.43
,,,行动教育(605098.SH),500,17780.00,35.56,-2392.16
2025-05-26,283338.31,60465.31,,,,,
,,,聚合顺(605166.SH),2400,28704.00,11.96,-704.74
,,,金徽股份(603132.SH),2000,22880.00,11.44,-394.43
,,,行动教育(605098.SH),500,17815.00,35.63,-2357.16
,,,天普股份(605255.SH),1200,20532.00,17.11,722.53
,,,菜百股份(605599.SH),2300,33902.00,14.74,6653.46
,,,恒盛能源(605580.SH),2300,25852.00,11.24,-1788.06
,,,养元饮品(603156.SH),1800,43722.00,24.29,2966.45
,,,长龄液压(605389.SH),900,29466.00,32.74,4626.44
2025-05-23,283849.31,60465.31,,,,,
,,,行动教育(605098.SH),500,17830.00,35.66,-2342.16
,,,菜百股份(605599.SH),2300,34247.00,14.89,6998.46
,,,长龄液压(605389.SH),900,30222.00,33.58,5382.44
,,,养元饮品(603156.SH),1800,43632.00,24.24,2876.45
,,,聚合顺(605166.SH),2400,28368.00,11.82,-1040.74
,,,天普股份(605255.SH),1200,20496.00,17.08,686.53
,,,恒盛能源(605580.SH),2300,25829.00,11.23,-1811.06
,,,金徽股份(603132.SH),2000,22760.00,11.38,-514.43
2025-05-22,285822.31,60465.31,,,,,
,,,长龄液压(605389.SH),900,30717.00,34.13,5877.44
,,,聚合顺(605166.SH),2400,28560.00,11.9,-848.74
,,,菜百股份(605599.SH),2300,34523.00,15.01,7274.46
,,,金徽股份(603132.SH),2000,22740.00,11.37,-534.43
,,,恒盛能源(605580.SH),2300,26082.00,11.34,-1558.06
,,,行动教育(605098.SH),500,17755.00,35.51,-2417.16
,,,养元饮品(603156.SH),1800,44136.00,24.52,3380.45
,,,天普股份(605255.SH),1200,20844.00,17.37,1034.53
2025-05-21,288670.31,60465.31,,,,,
,,,聚合顺(605166.SH),2400,29640.00,12.35,231.26
,,,金徽股份(603132.SH),2000,22820.00,11.41,-454.43
,,,长龄液压(605389.SH),900,30690.00,34.1,5850.44
,,,恒盛能源(605580.SH),2300,26542.00,11.54,-1098.06
,,,养元饮品(603156.SH),1800,44442.00,24.69,3686.45
,,,行动教育(605098.SH),500,18375.00,36.75,-1797.16
,,,天普股份(605255.SH),1200,20736.00,17.28,926.53
,,,菜百股份(605599.SH),2300,34960.00,15.2,7711.46
2025-05-20,288292.31,60090.31,,,,,
,,,行动教育(605098.SH),500,18815.00,37.63,-1732.16
,,,金徽股份(603132.SH),2000,22900.00,11.45,-374.43
,,,养元饮品(603156.SH),1800,43794.00,24.33,3038.45
,,,聚合顺(605166.SH),2400,31200.00,13,1791.26
,,,长龄液压(605389.SH),900,30258.00,33.62,5418.44
,,,菜百股份(605599.SH),2300,34040.00,14.8,6791.46
,,,恒盛能源(605580.SH),2300,26519.00,11.53,-1121.06
,,,天普股份(605255.SH),1200,20676.00,17.23,866.53
2025-05-19,285564.31,60090.31,,,,,
,,,天普股份(605255.SH),1200,20532.00,17.11,722.53
,,,聚合顺(605166.SH),2400,31656.00,13.19,2247.26
,,,行动教育(605098.SH),500,18505.00,37.01,-2042.16
,,,养元饮品(603156.SH),1800,43776.00,24.32,3020.45
,,,菜百股份(605599.SH),2300,32039.00,13.93,4790.46
,,,长龄液压(605389.SH),900,30276.00,33.64,5436.44
,,,金徽股份(603132.SH),2000,22700.00,11.35,-574.43
,,,恒盛能源(605580.SH),2300,25990.00,11.3,-1650.06
2025-05-16,284439.31,60090.31,,,,,
,,,金徽股份(603132.SH),2000,22620.00,11.31,-654.43
,,,菜百股份(605599.SH),2300,31924.00,13.88,4675.46
,,,天普股份(605255.SH),1200,20568.00,17.14,758.53
,,,长龄液压(605389.SH),900,30663.00,34.07,5823.44
,,,行动教育(605098.SH),500,18485.00,36.97,-2062.16
,,,养元饮品(603156.SH),1800,42876.00,23.82,2120.45
,,,恒盛能源(605580.SH),2300,26013.00,11.31,-1627.06
,,,聚合顺(605166.SH),2400,31200.00,13,1791.26
2025-05-15,282288.31,60090.31,,,,,
,,,菜百股份(605599.SH),2300,31832.00,13.84,4583.46
,,,恒盛能源(605580.SH),2300,25921.00,11.27,-1719.06
,,,养元饮品(603156.SH),1800,43092.00,23.94,2336.45
,,,长龄液压(605389.SH),900,30555.00,33.95,5715.44
,,,金徽股份(603132.SH),2000,22600.00,11.3,-674.43
,,,行动教育(605098.SH),500,18170.00,36.34,-2377.16
,,,天普股份(605255.SH),1200,20220.00,16.85,410.53
,,,聚合顺(605166.SH),2400,29808.00,12.42,399.26
2025-05-14,283980.31,60090.31,,,,,
,,,金徽股份(603132.SH),2000,22760.00,11.38,-514.43
,,,菜百股份(605599.SH),2300,31648.00,13.76,4399.46
,,,行动教育(605098.SH),500,18275.00,36.55,-2272.16
,,,长龄液压(605389.SH),900,31050.00,34.5,6210.44
,,,天普股份(605255.SH),1200,20244.00,16.87,434.53
,,,养元饮品(603156.SH),1800,43110.00,23.95,2354.45
,,,聚合顺(605166.SH),2400,30744.00,12.81,1335.26
,,,恒盛能源(605580.SH),2300,26059.00,11.33,-1581.06
2025-05-13,284989.31,60090.31,,,,,
,,,养元饮品(603156.SH),1800,43740.00,24.3,2984.45
,,,聚合顺(605166.SH),2400,29616.00,12.34,207.26
,,,长龄液压(605389.SH),900,32175.00,35.75,7335.44
,,,行动教育(605098.SH),500,18280.00,36.56,-2267.16
,,,金徽股份(603132.SH),2000,22740.00,11.37,-534.43
,,,菜百股份(605599.SH),2300,31924.00,13.88,4675.46
,,,恒盛能源(605580.SH),2300,25760.00,11.2,-1880.06
,,,天普股份(605255.SH),1200,20664.00,17.22,854.53
2025-05-12,282346.31,60090.31,,,,,
,,,养元饮品(603156.SH),1800,43866.00,24.37,3110.45
,,,长龄液压(605389.SH),900,31878.00,35.42,7038.44
,,,聚合顺(605166.SH),2400,26928.00,11.22,-2480.74
,,,金徽股份(603132.SH),2000,22860.00,11.43,-414.43
,,,恒盛能源(605580.SH),2300,25921.00,11.27,-1719.06
,,,天普股份(605255.SH),1200,20556.00,17.13,746.53
,,,行动教育(605098.SH),500,18415.00,36.83,-2132.16
,,,菜百股份(605599.SH),2300,31832.00,13.84,4583.46
2025-05-09,280579.31,60090.31,,,,,
,,,恒盛能源(605580.SH),2300,25852.00,11.24,-1788.06
,,,天普股份(605255.SH),1200,20616.00,17.18,806.53
,,,菜百股份(605599.SH),2300,32223.00,14.01,4974.46
,,,长龄液压(605389.SH),900,29664.00,32.96,4824.44
,,,行动教育(605098.SH),500,18540.00,37.08,-2007.16
,,,养元饮品(603156.SH),1800,44406.00,24.67,3650.45
,,,聚合顺(605166.SH),2400,26568.00,11.07,-2840.74
,,,金徽股份(603132.SH),2000,22620.00,11.31,-654.43
2025-05-08,280348.31,59650.31,,,,,
,,,天普股份(605255.SH),1200,20940.00,17.45,1130.53
,,,金徽股份(603132.SH),2000,22980.00,11.49,-734.43
,,,聚合顺(605166.SH),2400,27264.00,11.36,-2144.74
,,,恒盛能源(605580.SH),2300,25668.00,11.16,-1972.06
,,,行动教育(605098.SH),500,18800.00,37.6,-1747.16
,,,菜百股份(605599.SH),2300,31786.00,13.82,4537.46
,,,长龄液压(605389.SH),900,29862.00,33.18,5022.44
,,,养元饮品(603156.SH),1800,43398.00,24.11,2642.45
2025-05-07,281591.31,59650.31,,,,,
,,,长龄液压(605389.SH),900,28737.00,31.93,3897.44
,,,金徽股份(603132.SH),2000,22980.00,11.49,-734.43
,,,恒盛能源(605580.SH),2300,25691.00,11.17,-1949.06
,,,行动教育(605098.SH),500,19000.00,38,-1547.16
,,,菜百股份(605599.SH),2300,33235.00,14.45,5986.46
,,,聚合顺(605166.SH),2400,27120.00,11.3,-2288.74
,,,天普股份(605255.SH),1200,20664.00,17.22,854.53
,,,养元饮品(603156.SH),1800,44514.00,24.73,3758.45
2025-05-06,280178.31,59650.31,,,,,
,,,养元饮品(603156.SH),1800,42930.00,23.85,2174.45
,,,行动教育(605098.SH),500,19195.00,38.39,-1352.16
,,,聚合顺(605166.SH),2400,27168.00,11.32,-2240.74
,,,金徽股份(603132.SH),2000,22920.00,11.46,-794.43
,,,菜百股份(605599.SH),2300,33304.00,14.48,6055.46
,,,恒盛能源(605580.SH),2300,25760.00,11.2,-1880.06
,,,长龄液压(605389.SH),900,28791.00,31.99,3951.44
,,,天普股份(605255.SH),1200,20460.00,17.05,650.53
2025-04-30,276888.31,59650.31,,,,,
,,,菜百股份(605599.SH),2300,32039.00,13.93,4790.46
,,,天普股份(605255.SH),1200,20316.00,16.93,506.53
,,,行动教育(605098.SH),500,18710.00,37.42,-1837.16
,,,恒盛能源(605580.SH),2300,24771.00,10.77,-2869.06
,,,金徽股份(603132.SH),2000,22420.00,11.21,-1294.43
,,,聚合顺(605166.SH),2400,26496.00,11.04,-2912.74
,,,长龄液压(605389.SH),900,28782.00,31.98,3942.44
,,,养元饮品(603156.SH),1800,43704.00,24.28,2948.45
2025-04-29,275415.31,59650.31,,,,,
,,,行动教育(605098.SH),500,18935.00,37.87,-1612.16
,,,长龄液压(605389.SH),900,28413.00,31.57,3573.44
,,,聚合顺(605166.SH),2400,26592.00,11.08,-2816.74
,,,金徽股份(603132.SH),2000,22360.00,11.18,-1354.43
,,,养元饮品(603156.SH),1800,44946.00,24.97,4190.45
,,,天普股份(605255.SH),1200,18468.00,15.39,-1341.47
,,,菜百股份(605599.SH),2300,31119.00,13.53,3870.46
,,,恒盛能源(605580.SH),2300,24932.00,10.84,-2708.06
2025-04-28,271381.31,59650.31,,,,,
,,,聚合顺(605166.SH),2400,25704.00,10.71,-3704.74
,,,长龄液压(605389.SH),900,28008.00,31.12,3168.44
,,,菜百股份(605599.SH),2300,28290.00,12.3,1041.46
,,,行动教育(605098.SH),500,19100.00,38.2,-1447.16
,,,恒盛能源(605580.SH),2300,25047.00,10.89,-2593.06
,,,天普股份(605255.SH),1200,17964.00,14.97,-1845.47
,,,养元饮品(603156.SH),1800,45558.00,25.31,4802.45
,,,金徽股份(603132.SH),2000,22060.00,11.03,-1654.43
2025-04-25,270390.31,59650.31,,,,,
,,,菜百股份(605599.SH),2300,28037.00,12.19,788.46
,,,聚合顺(605166.SH),2400,27000.00,11.25,-2408.74
,,,长龄液压(605389.SH),900,27504.00,30.56,2664.44
,,,行动教育(605098.SH),500,19820.00,39.64,-727.16
,,,金徽股份(603132.SH),2000,22380.00,11.19,-1334.43
,,,天普股份(605255.SH),1200,18372.00,15.31,-1437.47
,,,养元饮品(603156.SH),1800,42948.00,23.86,2192.45
,,,恒盛能源(605580.SH),2300,24679.00,10.73,-2961.06
2025-04-24,270428.31,59650.31,,,,,
,,,聚合顺(605166.SH),2400,26472.00,11.03,-2936.74
,,,养元饮品(603156.SH),1800,43776.00,24.32,3020.45
,,,行动教育(605098.SH),500,20050.00,40.1,-497.16
,,,天普股份(605255.SH),1200,18216.00,15.18,-1593.47
,,,菜百股份(605599.SH),2300,28382.00,12.34,1133.46
,,,恒盛能源(605580.SH),2300,23989.00,10.43,-3651.06
,,,金徽股份(603132.SH),2000,22380.00,11.19,-1334.43
,,,长龄液压(605389.SH),900,27513.00,30.57,2673.44
2025-04-23,270953.31,59650.31,,,,,
,,,养元饮品(603156.SH),1800,43092.00,23.94,2336.45
,,,金徽股份(603132.SH),2000,22460.00,11.23,-1254.43
,,,恒盛能源(605580.SH),2300,23713.00,10.31,-3927.06
,,,天普股份(605255.SH),1200,18420.00,15.35,-1389.47
,,,菜百股份(605599.SH),2300,28428.00,12.36,1179.46
,,,行动教育(605098.SH),500,20110.00,40.22,-437.16
,,,长龄液压(605389.SH),900,28440.00,31.6,3600.44
,,,聚合顺(605166.SH),2400,26640.00,11.1,-2768.74
2025-04-22,269620.31,59650.31,,,,,
,,,恒盛能源(605580.SH),2300,23621.00,10.27,-4019.06
,,,天普股份(605255.SH),1200,17748.00,14.79,-2061.47
,,,聚合顺(605166.SH),2400,25224.00,10.51,-4184.74
,,,长龄液压(605389.SH),900,27612.00,30.68,2772.44
,,,行动教育(605098.SH),500,20260.00,40.52,-287.16
,,,菜百股份(605599.SH),2300,29923.00,13.01,2674.46
,,,金徽股份(603132.SH),2000,22580.00,11.29,-1134.43
,,,养元饮品(603156.SH),1800,43002.00,23.89,2246.45
2025-04-21,269342.31,59650.31,,,,,
,,,聚合顺(605166.SH),2400,25368.00,10.57,-4040.74
,,,天普股份(605255.SH),1200,17856.00,14.88,-1953.47
,,,长龄液压(605389.SH),900,27639.00,30.71,2799.44
,,,养元饮品(603156.SH),1800,42948.00,23.86,2192.45
,,,行动教育(605098.SH),500,20030.00,40.06,-517.16
,,,恒盛能源(605580.SH),2300,23805.00,10.35,-3835.06
,,,金徽股份(603132.SH),2000,22560.00,11.28,-1154.43
,,,菜百股份(605599.SH),2300,29486.00,12.82,2237.46
2025-04-18,265902.31,59650.31,,,,,
,,,金徽股份(603132.SH),2000,22100.00,11.05,-1614.43
,,,天普股份(605255.SH),1200,17484.00,14.57,-2325.47
,,,菜百股份(605599.SH),2300,28704.00,12.48,1455.46
,,,聚合顺(605166.SH),2400,25080.00,10.45,-4328.74
,,,养元饮品(603156.SH),1800,42786.00,23.77,2030.45
,,,行动教育(605098.SH),500,19495.00,38.99,-1052.16
,,,恒盛能源(605580.SH),2300,23621.00,10.27,-4019.06
,,,长龄液压(605389.SH),900,26982.00,29.98,2142.44
2025-04-17,266447.31,59650.31,,,,,
,,,菜百股份(605599.SH),2300,29555.00,12.85,2306.46
,,,养元饮品(603156.SH),1800,43362.00,24.09,2606.45
,,,天普股份(605255.SH),1200,17292.00,14.41,-2517.47
,,,恒盛能源(605580.SH),2300,23299.00,10.13,-4341.06
,,,行动教育(605098.SH),500,19590.00,39.18,-957.16
,,,聚合顺(605166.SH),2400,25248.00,10.52,-4160.74
,,,金徽股份(603132.SH),2000,22000.00,11,-1714.43
,,,长龄液压(605389.SH),900,26451.00,29.39,1611.44
2025-04-16,266257.31,59650.31,,,,,
,,,聚合顺(605166.SH),2400,24888.00,10.37,-4520.74
,,,天普股份(605255.SH),1200,17244.00,14.37,-2565.47
,,,金徽股份(603132.SH),2000,21720.00,10.86,-1994.43
,,,行动教育(605098.SH),500,19380.00,38.76,-1167.16
,,,菜百股份(605599.SH),2300,30406.00,13.22,3157.46
,,,长龄液压(605389.SH),900,26460.00,29.4,1620.44
,,,恒盛能源(605580.SH),2300,23345.00,10.15,-4295.06
,,,养元饮品(603156.SH),1800,43164.00,23.98,2408.45
2025-04-15,267082.31,59650.31,,,,,
,,,行动教育(605098.SH),500,19420.00,38.84,-1127.16
,,,养元饮品(603156.SH),1800,42264.00,23.48,1508.45
,,,菜百股份(605599.SH),2300,29463.00,12.81,2214.46
,,,恒盛能源(605580.SH),2300,23851.00,10.37,-3789.06
,,,金徽股份(603132.SH),2000,22000.00,11,-1714.43
,,,聚合顺(605166.SH),2400,25560.00,10.65,-3848.74
,,,天普股份(605255.SH),1200,17856.00,14.88,-1953.47
,,,长龄液压(605389.SH),900,27018.00,30.02,2178.44
2025-04-14,265210.31,59650.31,,,,,
,,,金徽股份(603132.SH),2000,22060.00,11.03,-1654.43
,,,恒盛能源(605580.SH),2300,23529.00,10.23,-4111.06
,,,行动教育(605098.SH),500,19575.00,39.15,-972.16
,,,聚合顺(605166.SH),2400,25008.00,10.42,-4400.74
,,,养元饮品(603156.SH),1800,42372.00,23.54,1616.45
,,,长龄液压(605389.SH),900,27135.00,30.15,2295.44
,,,菜百股份(605599.SH),2300,28037.00,12.19,788.46
,,,天普股份(605255.SH),1200,17844.00,14.87,-1965.47
2025-04-11,263209.31,59650.31,,,,,
,,,聚合顺(605166.SH),2400,24960.00,10.4,-4448.74
,,,天普股份(605255.SH),1200,17400.00,14.5,-2409.47
,,,菜百股份(605599.SH),2300,28359.00,12.33,1110.46
,,,金徽股份(603132.SH),2000,21900.00,10.95,-1814.43
,,,行动教育(605098.SH),500,19365.00,38.73,-1182.16
,,,恒盛能源(605580.SH),2300,22977.00,9.99,-4663.06
,,,长龄液压(605389.SH),900,26208.00,29.12,1368.44
,,,养元饮品(603156.SH),1800,42390.00,23.55,1634.45
2025-04-10,263228.31,59650.31,,,,,
,,,养元饮品(603156.SH),1800,43236.00,24.02,2480.45
,,,菜百股份(605599.SH),2300,28497.00,12.39,1248.46
,,,聚合顺(605166.SH),2400,25416.00,10.59,-3992.74
,,,恒盛能源(605580.SH),2300,22816.00,9.92,-4824.06
,,,长龄液压(605389.SH),900,25488.00,28.32,648.44
,,,金徽股份(603132.SH),2000,21600.00,10.8,-2114.43
,,,天普股份(605255.SH),1200,17280.00,14.4,-2529.47
,,,行动教育(605098.SH),500,19245.00,38.49,-1302.16
2025-04-09,259256.31,59650.31,,,,,
,,,菜百股份(605599.SH),2300,27807.00,12.09,558.46
,,,养元饮品(603156.SH),1800,43560.00,24.2,2804.45
,,,行动教育(605098.SH),500,18970.00,37.94,-1577.16
,,,天普股份(605255.SH),1200,16524.00,13.77,-3285.47
,,,恒盛能源(605580.SH),2300,22333.00,9.71,-5307.06
,,,聚合顺(605166.SH),2400,24624.00,10.26,-4784.74
,,,长龄液压(605389.SH),900,24588.00,27.32,-251.56
,,,金徽股份(603132.SH),2000,21200.00,10.6,-2514.43
2025-04-08,256939.31,59650.31,,,,,
,,,金徽股份(603132.SH),2000,21020.00,10.51,-2694.43
,,,天普股份(605255.SH),1200,16356.00,13.63,-3453.47
,,,养元饮品(603156.SH),1800,42858.00,23.81,2102.45
,,,聚合顺(605166.SH),2400,24960.00,10.4,-4448.74
,,,行动教育(605098.SH),500,18245.00,36.49,-2302.16
,,,长龄液压(605389.SH),900,24561.00,27.29,-278.56
,,,恒盛能源(605580.SH),2300,22379.00,9.73,-5261.06
,,,菜百股份(605599.SH),2300,26910.00,11.7,-338.54
2025-04-07,259874.31,59650.31,,,,,
,,,天普股份(605255.SH),1200,18168.00,15.14,-1641.47
,,,菜百股份(605599.SH),2300,25898.00,11.26,-1350.54
,,,恒盛能源(605580.SH),2300,23276.00,10.12,-4364.06
,,,养元饮品(603156.SH),1800,41346.00,22.97,590.45
,,,金徽股份(603132.SH),2000,21100.00,10.55,-2614.43
,,,聚合顺(605166.SH),2400,27072.00,11.28,-2336.74
,,,长龄液压(605389.SH),900,25569.00,28.41,729.44
,,,行动教育(605098.SH),500,17795.00,35.59,-2752.16
2025-04-03,277490.31,59650.31,,,,,
,,,恒盛能源(605580.SH),2300,25852.00,11.24,-1788.06
,,,养元饮品(603156.SH),1800,42336.00,23.52,1580.45
,,,长龄液压(605389.SH),900,28413.00,31.57,3573.44
,,,天普股份(605255.SH),1200,20184.00,16.82,374.53
,,,行动教育(605098.SH),500,19690.00,39.38,-857.16
,,,聚合顺(605166.SH),2400,30072.00,12.53,663.26
,,,菜百股份(605599.SH),2300,27853.00,12.11,604.46
,,,金徽股份(603132.SH),2000,23440.00,11.72,-274.43
2025-04-02,279492.31,59650.31,,,,,
,,,行动教育(605098.SH),500,19815.00,39.63,-732.16
,,,聚合顺(605166.SH),2400,31464.00,13.11,2055.26
,,,天普股份(605255.SH),1200,20172.00,16.81,362.53
,,,长龄液压(605389.SH),900,28350.00,31.5,3510.44
,,,金徽股份(603132.SH),2000,23860.00,11.93,145.57
,,,恒盛能源(605580.SH),2300,26496.00,11.52,-1144.06
,,,养元饮品(603156.SH),1800,41832.00,23.24,1076.45
,,,菜百股份(605599.SH),2300,27853.00,12.11,604.46
2025-04-01,278734.31,59650.31,,,,,
,,,行动教育(605098.SH),500,19625.00,39.25,-922.16
,,,养元饮品(603156.SH),1800,41400.00,23,644.45
,,,金徽股份(603132.SH),2000,24040.00,12.02,325.57
,,,长龄液压(605389.SH),900,27783.00,30.87,2943.44
,,,恒盛能源(605580.SH),2300,26841.00,11.67,-799.06
,,,天普股份(605255.SH),1200,20424.00,17.02,614.53
,,,聚合顺(605166.SH),2400,31440.00,13.1,2031.26
,,,菜百股份(605599.SH),2300,27531.00,11.97,282.46
2025-03-31,276678.64,60916.64,,,,,
,,,健盛集团(603558.SH),3000,29400.00,9.8,-3194.82
,,,恒盛能源(605580.SH),1900,21717.00,11.43,-1344.93
,,,福然德(605050.SH),2700,27864.00,10.32,2072.56
,,,无锡振华(605319.SH),1300,40859.00,31.43,13457.10
,,,长龄液压(605389.SH),600,18126.00,30.21,2357.54
,,,聚合顺(605166.SH),1700,22236.00,13.08,2027.62
,,,菜百股份(605599.SH),2600,30680.00,11.8,-122.70
,,,华旺科技(605377.SH),2000,24880.00,12.44,-1921.52
2025-03-28,279769.64,60916.64,,,,,
,,,无锡振华(605319.SH),1300,42549.00,32.73,15147.10
,,,华旺科技(605377.SH),2000,25460.00,12.73,-1341.52
,,,菜百股份(605599.SH),2600,30706.00,11.81,-96.70
,,,健盛集团(603558.SH),3000,30060.00,10.02,-2534.82
,,,聚合顺(605166.SH),1700,21896.00,12.88,1687.62
,,,福然德(605050.SH),2700,28107.00,10.41,2315.56
,,,恒盛能源(605580.SH),1900,21793.00,11.47,-1268.93
,,,长龄液压(605389.SH),600,18282.00,30.47,2513.54
2025-03-27,280969.64,60916.64,,,,,
,,,无锡振华(605319.SH),1300,41977.00,32.29,14575.10
,,,恒盛能源(605580.SH),1900,22192.00,11.68,-869.93
,,,华旺科技(605377.SH),2000,25540.00,12.77,-1261.52
,,,健盛集团(603558.SH),3000,30510.00,10.17,-2084.82
,,,长龄液压(605389.SH),600,18168.00,30.28,2399.54
,,,菜百股份(605599.SH),2600,30602.00,11.77,-200.70
,,,福然德(605050.SH),2700,28539.00,10.57,2747.56
,,,聚合顺(605166.SH),1700,22525.00,13.25,2316.62
2025-03-26,283116.64,60916.64,,,,,
,,,健盛集团(603558.SH),3000,31050.00,10.35,-1544.82
,,,福然德(605050.SH),2700,29025.00,10.75,3233.56
,,,华旺科技(605377.SH),2000,25600.00,12.8,-1201.52
,,,无锡振华(605319.SH),1300,41977.00,32.29,14575.10
,,,恒盛能源(605580.SH),1900,22629.00,11.91,-432.93
,,,菜百股份(605599.SH),2600,30862.00,11.87,59.30
,,,长龄液压(605389.SH),600,18600.00,31,2831.54
,,,聚合顺(605166.SH),1700,22457.00,13.21,2248.62
2025-03-25,282372.64,60916.64,,,,,
,,,聚合顺(605166.SH),1700,22253.00,13.09,2044.62
,,,福然德(605050.SH),2700,28998.00,10.74,3206.56
,,,长龄液压(605389.SH),600,18858.00,31.43,3089.54
,,,菜百股份(605599.SH),2600,30290.00,11.65,-512.70
,,,无锡振华(605319.SH),1300,41834.00,32.18,14432.10
,,,华旺科技(605377.SH),2000,25660.00,12.83,-1141.52
,,,健盛集团(603558.SH),3000,30630.00,10.21,-1964.82
,,,恒盛能源(605580.SH),1900,22933.00,12.07,-128.93
2025-03-24,285068.64,60916.64,,,,,
,,,福然德(605050.SH),2700,29106.00,10.78,3314.56
,,,无锡振华(605319.SH),1300,43771.00,33.67,16369.10
,,,菜百股份(605599.SH),2600,30576.00,11.76,-226.70
,,,健盛集团(603558.SH),3000,31170.00,10.39,-1424.82
,,,长龄液压(605389.SH),600,18342.00,30.57,2573.54
,,,华旺科技(605377.SH),2000,25560.00,12.78,-1241.52
,,,恒盛能源(605580.SH),1900,23408.00,12.32,346.07
,,,聚合顺(605166.SH),1700,22219.00,13.07,2010.62
2025-03-21,284611.64,60916.64,,,,,
,,,华旺科技(605377.SH),2000,25980.00,12.99,-821.52
,,,健盛集团(603558.SH),3000,30960.00,10.32,-1634.82
,,,福然德(605050.SH),2700,29673.00,10.99,3881.56
,,,无锡振华(605319.SH),1300,44070.00,33.9,16668.10
,,,菜百股份(605599.SH),2600,30394.00,11.69,-408.70
,,,恒盛能源(605580.SH),1900,22192.00,11.68,-869.93
,,,长龄液压(605389.SH),600,18462.00,30.77,2693.54
,,,聚合顺(605166.SH),1700,21964.00,12.92,1755.62
2025-03-20,290138.64,60916.64,,,,,
,,,菜百股份(605599.SH),2600,30888.00,11.88,85.30
,,,长龄液压(605389.SH),600,18960.00,31.6,3191.54
,,,无锡振华(605319.SH),1300,47671.00,36.67,20269.10
,,,聚合顺(605166.SH),1700,22406.00,13.18,2197.62
,,,健盛集团(603558.SH),3000,31080.00,10.36,-1514.82
,,,恒盛能源(605580.SH),1900,22401.00,11.79,-660.93
,,,华旺科技(605377.SH),2000,25900.00,12.95,-901.52
,,,福然德(605050.SH),2700,29916.00,11.08,4124.56
2025-03-19,290594.64,60916.64,,,,,
,,,聚合顺(605166.SH),1700,22355.00,13.15,2146.62
,,,无锡振华(605319.SH),1300,47502.00,36.54,20100.10
,,,恒盛能源(605580.SH),1900,22667.00,11.93,-394.93
,,,华旺科技(605377.SH),2000,25420.00,12.71,-1381.52
,,,健盛集团(603558.SH),3000,31020.00,10.34,-1574.82
,,,长龄液压(605389.SH),600,19140.00,31.9,3371.54
,,,菜百股份(605599.SH),2600,31928.00,12.28,1125.30
,,,福然德(605050.SH),2700,29646.00,10.98,3854.56
2025-03-18,289627.64,60916.64,,,,,
,,,无锡振华(605319.SH),1300,46514.00,35.78,19112.10
,,,聚合顺(605166.SH),1700,22576.00,13.28,2367.62
,,,健盛集团(603558.SH),3000,31260.00,10.42,-1334.82
,,,福然德(605050.SH),2700,29916.00,11.08,4124.56
,,,恒盛能源(605580.SH),1900,22591.00,11.89,-470.93
,,,菜百股份(605599.SH),2600,31434.00,12.09,631.30
,,,华旺科技(605377.SH),2000,25460.00,12.73,-1341.52
,,,长龄液压(605389.SH),600,18960.00,31.6,3191.54
2025-03-17,289044.64,60916.64,,,,,
,,,无锡振华(605319.SH),1300,46683.00,35.91,19281.10
,,,长龄液压(605389.SH),600,18840.00,31.4,3071.54
,,,聚合顺(605166.SH),1700,22287.00,13.11,2078.62
,,,恒盛能源(605580.SH),1900,22439.00,11.81,-622.93
,,,福然德(605050.SH),2700,30861.00,11.43,5069.56
,,,健盛集团(603558.SH),3000,30240.00,10.08,-2354.82
,,,菜百股份(605599.SH),2600,31278.00,12.03,475.30
,,,华旺科技(605377.SH),2000,25500.00,12.75,-1301.52
2025-03-14,285337.64,60916.64,,,,,
,,,恒盛能源(605580.SH),1900,21698.00,11.42,-1363.93
,,,华旺科技(605377.SH),2000,25660.00,12.83,-1141.52
,,,长龄液压(605389.SH),600,18810.00,31.35,3041.54
,,,菜百股份(605599.SH),2600,31590.00,12.15,787.30
,,,健盛集团(603558.SH),3000,30240.00,10.08,-2354.82
,,,福然德(605050.SH),2700,30321.00,11.23,4529.56
,,,无锡振华(605319.SH),1300,44070.00,33.9,16668.10
,,,聚合顺(605166.SH),1700,22032.00,12.96,1823.62
2025-03-13,281267.64,60916.64,,,,,
,,,长龄液压(605389.SH),600,18990.00,31.65,3221.54
,,,华旺科技(605377.SH),2000,25280.00,12.64,-1521.52
,,,无锡振华(605319.SH),1300,42250.00,32.5,14848.10
,,,菜百股份(605599.SH),2600,31044.00,11.94,241.30
,,,聚合顺(605166.SH),1700,21573.00,12.69,1364.62
,,,福然德(605050.SH),2700,30186.00,11.18,4394.56
,,,健盛集团(603558.SH),3000,29520.00,9.84,-3074.82
,,,恒盛能源(605580.SH),1900,21508.00,11.32,-1553.93
2025-03-12,284346.64,60916.64,,,,,
,,,无锡振华(605319.SH),1300,45890.00,35.3,18488.10
,,,恒盛能源(605580.SH),1900,21337.00,11.23,-1724.93
,,,健盛集团(603558.SH),3000,29550.00,9.85,-3044.82
,,,聚合顺(605166.SH),1700,21709.00,12.77,1500.62
,,,华旺科技(605377.SH),2000,25440.00,12.72,-1361.52
,,,菜百股份(605599.SH),2600,30160.00,11.6,-642.70
,,,长龄液压(605389.SH),600,19050.00,31.75,3281.54
,,,福然德(605050.SH),2700,30294.00,11.22,4502.56
2025-03-11,283602.64,60916.64,,,,,
,,,健盛集团(603558.SH),3000,29520.00,9.84,-3074.82
,,,福然德(605050.SH),2700,29916.00,11.08,4124.56
,,,长龄液压(605389.SH),600,19410.00,32.35,3641.54
,,,恒盛能源(605580.SH),1900,20615.00,10.85,-2446.93
,,,华旺科技(605377.SH),2000,25300.00,12.65,-1501.52
,,,聚合顺(605166.SH),1700,21862.00,12.86,1653.62
,,,菜百股份(605599.SH),2600,29614.00,11.39,-1188.70
,,,无锡振华(605319.SH),1300,46449.00,35.73,19047.10
2025-03-10,283672.64,60916.64,,,,,
,,,恒盛能源(605580.SH),1900,21185.00,11.15,-1876.93
,,,聚合顺(605166.SH),1700,22321.00,13.13,2112.62
,,,福然德(605050.SH),2700,29835.00,11.05,4043.56
,,,无锡振华(605319.SH),1300,47359.00,36.43,19957.10
,,,长龄液压(605389.SH),600,19086.00,31.81,3317.54
,,,华旺科技(605377.SH),2000,24960.00,12.48,-1841.52
,,,健盛集团(603558.SH),3000,29280.00,9.76,-3314.82
,,,菜百股份(605599.SH),2600,28730.00,11.05,-2072.70
2025-03-07,285465.64,60916.64,,,,,
,,,恒盛能源(605580.SH),1900,20748.00,10.92,-2313.93
,,,福然德(605050.SH),2700,30321.00,11.23,4529.56
,,,长龄液压(605389.SH),600,18234.00,30.39,2465.54
,,,健盛集团(603558.SH),3000,29520.00,9.84,-3074.82
,,,华旺科技(605377.SH),2000,24480.00,12.24,-2321.52
,,,聚合顺(605166.SH),1700,22440.00,13.2,2231.62
,,,无锡振华(605319.SH),1300,50180.00,38.6,22778.10
,,,菜百股份(605599.SH),2600,28626.00,11.01,-2176.70
2025-03-06,283423.64,60916.64,,,,,
,,,华旺科技(605377.SH),2000,24340.00,12.17,-2461.52
,,,福然德(605050.SH),2700,30456.00,11.28,4664.56
,,,菜百股份(605599.SH),2600,29328.00,11.28,-1474.70
,,,长龄液压(605389.SH),600,18210.00,30.35,2441.54
,,,聚合顺(605166.SH),1700,21828.00,12.84,1619.62
,,,恒盛能源(605580.SH),1900,20520.00,10.8,-2541.93
,,,无锡振华(605319.SH),1300,48035.00,36.95,20633.10
,,,健盛集团(603558.SH),3000,29790.00,9.93,-2804.82
2025-03-05,281133.64,60916.64,,,,,
,,,聚合顺(605166.SH),1700,21828.00,12.84,1619.62
,,,菜百股份(605599.SH),2600,29718.00,11.43,-1084.70
,,,长龄液压(605389.SH),600,18552.00,30.92,2783.54
,,,健盛集团(603558.SH),3000,30270.00,10.09,-2324.82
,,,恒盛能源(605580.SH),1900,20140.00,10.6,-2921.93
,,,福然德(605050.SH),2700,30051.00,11.13,4259.56
,,,无锡振华(605319.SH),1300,45318.00,34.86,17916.10
,,,华旺科技(605377.SH),2000,24340.00,12.17,-2461.52
2025-03-04,276258.64,60916.64,,,,,
,,,健盛集团(603558.SH),3000,30390.00,10.13,-2204.82
,,,长龄液压(605389.SH),600,17904.00,29.84,2135.54
,,,恒盛能源(605580.SH),1900,20501.00,10.79,-2560.93
,,,无锡振华(605319.SH),1300,41197.00,31.69,13795.10
,,,聚合顺(605166.SH),1700,20961.00,12.33,752.62
,,,菜百股份(605599.SH),2600,29016.00,11.16,-1786.70
,,,福然德(605050.SH),2700,30753.00,11.39,4961.56
,,,华旺科技(605377.SH),2000,24620.00,12.31,-2181.52
2025-03-03,276572.64,60916.64,,,,,
,,,恒盛能源(605580.SH),1900,19912.00,10.48,-3149.93
,,,福然德(605050.SH),2700,31212.00,11.56,5420.56
,,,无锡振华(605319.SH),1300,41769.00,32.13,14367.10
,,,聚合顺(605166.SH),1700,20995.00,12.35,786.62
,,,健盛集团(603558.SH),3000,30270.00,10.09,-2324.82
,,,菜百股份(605599.SH),2600,29510.00,11.35,-1292.70
,,,华旺科技(605377.SH),2000,24600.00,12.3,-2201.52
,,,长龄液压(605389.SH),600,17388.00,28.98,1619.54
2025-02-28,275309.64,60916.64,,,,,
,,,聚合顺(605166.SH),1700,21352.00,12.56,1143.62
,,,华旺科技(605377.SH),2000,24400.00,12.2,-2401.52
,,,长龄液压(605389.SH),600,17436.00,29.06,1667.54
,,,无锡振华(605319.SH),1300,39663.00,30.51,12261.10
,,,菜百股份(605599.SH),2600,29848.00,11.48,-954.70
,,,健盛集团(603558.SH),3000,30630.00,10.21,-1964.82
,,,恒盛能源(605580.SH),1900,20311.00,10.69,-2750.93
,,,福然德(605050.SH),2700,30753.00,11.39,4961.56
2025-02-27,280165.64,60916.64,,,,,
,,,菜百股份(605599.SH),2600,29848.00,11.48,-954.70
,,,聚合顺(605166.SH),1700,22100.00,13,1891.62
,,,长龄液压(605389.SH),600,17658.00,29.43,1889.54
,,,恒盛能源(605580.SH),1900,20520.00,10.8,-2541.93
,,,无锡振华(605319.SH),1300,41496.00,31.92,14094.10
,,,华旺科技(605377.SH),2000,24840.00,12.42,-1961.52
,,,福然德(605050.SH),2700,31887.00,11.81,6095.56
,,,健盛集团(603558.SH),3000,30900.00,10.3,-1694.82
2025-02-26,279429.64,60916.64,,,,,
,,,菜百股份(605599.SH),2600,29614.00,11.39,-1188.70
,,,聚合顺(605166.SH),1700,23239.00,13.67,3030.62
,,,无锡振华(605319.SH),1300,40781.00,31.37,13379.10
,,,恒盛能源(605580.SH),1900,20558.00,10.82,-2503.93
,,,华旺科技(605377.SH),2000,24320.00,12.16,-2481.52
,,,长龄液压(605389.SH),600,18114.00,30.19,2345.54
,,,健盛集团(603558.SH),3000,30540.00,10.18,-2054.82
,,,福然德(605050.SH),2700,31347.00,11.61,5555.56
2025-02-25,273909.64,60916.64,,,,,
,,,无锡振华(605319.SH),1300,38870.00,29.9,11468.10
,,,聚合顺(605166.SH),1700,22525.00,13.25,2316.62
,,,长龄液压(605389.SH),600,17916.00,29.86,2147.54
,,,华旺科技(605377.SH),2000,24140.00,12.07,-2661.52
,,,恒盛能源(605580.SH),1900,20463.00,10.77,-2598.93
,,,菜百股份(605599.SH),2600,29328.00,11.28,-1474.70
,,,健盛集团(603558.SH),3000,30240.00,10.08,-2354.82
,,,福然德(605050.SH),2700,29511.00,10.93,3719.56
2025-02-24,274496.64,60916.64,,,,,
,,,福然德(605050.SH),2700,29214.00,10.82,3422.56
,,,聚合顺(605166.SH),1700,21199.00,12.47,990.62
,,,长龄液压(605389.SH),600,18300.00,30.5,2531.54
,,,健盛集团(603558.SH),3000,31230.00,10.41,-1364.82
,,,菜百股份(605599.SH),2600,29380.00,11.3,-1422.70
,,,无锡振华(605319.SH),1300,39741.00,30.57,12339.10
,,,恒盛能源(605580.SH),1900,20216.00,10.64,-2845.93
,,,华旺科技(605377.SH),2000,24300.00,12.15,-2501.52
2025-02-21,269519.64,60916.64,,,,,
,,,福然德(605050.SH),2700,28971.00,10.73,3179.56
,,,健盛集团(603558.SH),3000,31020.00,10.34,-1574.82
,,,菜百股份(605599.SH),2600,29380.00,11.3,-1422.70
,,,聚合顺(605166.SH),1700,20706.00,12.18,497.62
,,,长龄液压(605389.SH),600,17976.00,29.96,2207.54
,,,恒盛能源(605580.SH),1900,20083.00,10.57,-2978.93
,,,无锡振华(605319.SH),1300,36127.00,27.79,8725.10
,,,华旺科技(605377.SH),2000,24340.00,12.17,-2461.52
2025-02-20,269617.64,60916.64,,,,,
,,,长龄液压(605389.SH),600,17640.00,29.4,1871.54
,,,健盛集团(603558.SH),3000,31380.00,10.46,-1214.82
,,,无锡振华(605319.SH),1300,34710.00,26.7,7308.10
,,,福然德(605050.SH),2700,28593.00,10.59,2801.56
,,,恒盛能源(605580.SH),1900,20558.00,10.82,-2503.93
,,,华旺科技(605377.SH),2000,25340.00,12.67,-1461.52
,,,菜百股份(605599.SH),2600,29536.00,11.36,-1266.70
,,,聚合顺(605166.SH),1700,20944.00,12.32,735.62
2025-02-19,265408.64,60916.64,,,,,
,,,菜百股份(605599.SH),2600,29042.00,11.17,-1760.70
,,,华旺科技(605377.SH),2000,25620.00,12.81,-1181.52
,,,健盛集团(603558.SH),3000,31260.00,10.42,-1334.82
,,,无锡振华(605319.SH),1300,34333.00,26.41,6931.10
,,,长龄液压(605389.SH),600,16542.00,27.57,773.54
,,,聚合顺(605166.SH),1700,20247.00,11.91,38.62
,,,福然德(605050.SH),2700,27270.00,10.1,1478.56
,,,恒盛能源(605580.SH),1900,20178.00,10.62,-2883.93
2025-02-18,262276.64,60376.64,,,,,
,,,菜百股份(605599.SH),2600,28756.00,11.06,-2046.70
,,,恒盛能源(605580.SH),1900,19969.00,10.51,-3092.93
,,,福然德(605050.SH),2700,27891.00,10.33,1559.56
,,,健盛集团(603558.SH),3000,30960.00,10.32,-1634.82
,,,无锡振华(605319.SH),1300,33332.00,25.64,5930.10
,,,长龄液压(605389.SH),600,16128.00,26.88,359.54
,,,聚合顺(605166.SH),1700,19584.00,11.52,-624.38
,,,华旺科技(605377.SH),2000,25280.00,12.64,-1521.52
2025-02-17,265159.64,60376.64,,,,,
,,,恒盛能源(605580.SH),1900,20140.00,10.6,-2921.93
,,,健盛集团(603558.SH),3000,31260.00,10.42,-1334.82
,,,长龄液压(605389.SH),600,16062.00,26.77,293.54
,,,福然德(605050.SH),2700,27783.00,10.29,1451.56
,,,聚合顺(605166.SH),1700,19856.00,11.68,-352.38
,,,菜百股份(605599.SH),2600,30004.00,11.54,-798.70
,,,无锡振华(605319.SH),1300,33878.00,26.06,6476.10
,,,华旺科技(605377.SH),2000,25800.00,12.9,-1001.52
2025-02-14,264264.64,60376.64,,,,,
,,,健盛集团(603558.SH),3000,31560.00,10.52,-1034.82
,,,无锡振华(605319.SH),1300,33852.00,26.04,6450.10
,,,恒盛能源(605580.SH),1900,20482.00,10.78,-2579.93
,,,华旺科技(605377.SH),2000,25220.00,12.61,-1581.52
,,,菜百股份(605599.SH),2600,29874.00,11.49,-928.70
,,,福然德(605050.SH),2700,27567.00,10.21,1235.56
,,,长龄液压(605389.SH),600,15630.00,26.05,-138.46
,,,聚合顺(605166.SH),1700,19703.00,11.59,-505.38
2025-02-13,263726.64,60376.64,,,,,
,,,无锡振华(605319.SH),1300,33683.00,25.91,6281.10
,,,菜百股份(605599.SH),2600,29562.00,11.37,-1240.70
,,,华旺科技(605377.SH),2000,25280.00,12.64,-1521.52
,,,长龄液压(605389.SH),600,15834.00,26.39,65.54
,,,恒盛能源(605580.SH),1900,20691.00,10.89,-2370.93
,,,聚合顺(605166.SH),1700,19227.00,11.31,-981.38
,,,福然德(605050.SH),2700,27513.00,10.19,1181.56
,,,健盛集团(603558.SH),3000,31560.00,10.52,-1034.82
2025-02-12,267349.64,60376.64,,,,,
,,,聚合顺(605166.SH),1700,19618.00,11.54,-590.38
,,,菜百股份(605599.SH),2600,29796.00,11.46,-1006.70
,,,无锡振华(605319.SH),1300,35061.00,26.97,7659.10
,,,健盛集团(603558.SH),3000,32220.00,10.74,-374.82
,,,福然德(605050.SH),2700,27567.00,10.21,1235.56
,,,长龄液压(605389.SH),600,16014.00,26.69,245.54
,,,华旺科技(605377.SH),2000,25360.00,12.68,-1441.52
,,,恒盛能源(605580.SH),1900,21337.00,11.23,-1724.93
2025-02-11,267796.64,60376.64,,,,,
,,,华旺科技(605377.SH),2000,25480.00,12.74,-1321.52
,,,菜百股份(605599.SH),2600,30992.00,11.92,189.30
,,,长龄液压(605389.SH),600,15828.00,26.38,59.54
,,,福然德(605050.SH),2700,27567.00,10.21,1235.56
,,,健盛集团(603558.SH),3000,32760.00,10.92,165.18
,,,无锡振华(605319.SH),1300,34567.00,26.59,7165.10
,,,聚合顺(605166.SH),1700,19516.00,11.48,-692.38
,,,恒盛能源(605580.SH),1900,20710.00,10.9,-2351.93
2025-02-10,264595.64,60376.64,,,,,
,,,聚合顺(605166.SH),1700,19431.00,11.43,-777.38
,,,华旺科技(605377.SH),2000,25160.00,12.58,-1641.52
,,,健盛集团(603558.SH),3000,32250.00,10.75,-344.82
,,,长龄液压(605389.SH),600,15276.00,25.46,-492.46
,,,福然德(605050.SH),2700,27675.00,10.25,1343.56
,,,菜百股份(605599.SH),2600,28184.00,10.84,-2618.70
,,,恒盛能源(605580.SH),1900,21052.00,11.08,-2009.93
,,,无锡振华(605319.SH),1300,35191.00,27.07,7789.10
2025-02-07,263552.64,60376.64,,,,,
,,,聚合顺(605166.SH),1700,19720.00,11.6,-488.38
,,,无锡振华(605319.SH),1300,34905.00,26.85,7503.10
,,,健盛集团(603558.SH),3000,32160.00,10.72,-434.82
,,,菜百股份(605599.SH),2600,28236.00,10.86,-2566.70
,,,恒盛能源(605580.SH),1900,20767.00,10.93,-2294.93
,,,华旺科技(605377.SH),2000,24560.00,12.28,-2241.52
,,,长龄液压(605389.SH),600,15288.00,25.48,-480.46
,,,福然德(605050.SH),2700,27540.00,10.2,1208.56
2025-02-06,263517.64,60376.64,,,,,
,,,菜百股份(605599.SH),2600,28028.00,10.78,-2774.70
,,,福然德(605050.SH),2700,26919.00,9.97,587.56
,,,华旺科技(605377.SH),2000,24480.00,12.24,-2321.52
,,,无锡振华(605319.SH),1300,35789.00,27.53,8387.10
,,,健盛集团(603558.SH),3000,32220.00,10.74,-374.82
,,,长龄液压(605389.SH),600,15186.00,25.31,-582.46
,,,恒盛能源(605580.SH),1900,20748.00,10.92,-2313.93
,,,聚合顺(605166.SH),1700,19771.00,11.63,-437.38
2025-02-05,260914.64,60376.64,,,,,
,,,长龄液压(605389.SH),600,15096.00,25.16,-672.46
,,,恒盛能源(605580.SH),1900,20786.00,10.94,-2275.93
,,,福然德(605050.SH),2700,26460.00,9.8,128.56
,,,无锡振华(605319.SH),1300,33735.00,25.95,6333.10
,,,华旺科技(605377.SH),2000,24600.00,12.3,-2201.52
,,,菜百股份(605599.SH),2600,28054.00,10.79,-2748.70
,,,健盛集团(603558.SH),3000,32070.00,10.69,-524.82
,,,聚合顺(605166.SH),1700,19737.00,11.61,-471.38
2025-01-27,262484.64,60376.64,,,,,
,,,聚合顺(605166.SH),1700,20111.00,11.83,-97.38
,,,无锡振华(605319.SH),1300,31577.00,24.29,4175.10
,,,华旺科技(605377.SH),2000,25160.00,12.58,-1641.52
,,,长龄液压(605389.SH),600,15036.00,25.06,-732.46
,,,菜百股份(605599.SH),2600,29224.00,11.24,-1578.70
,,,健盛集团(603558.SH),3000,33300.00,11.1,705.18
,,,福然德(605050.SH),2700,26838.00,9.94,506.56
,,,恒盛能源(605580.SH),1900,20862.00,10.98,-2199.93
2025-01-24,261316.64,60376.64,,,,,
,,,恒盛能源(605580.SH),1900,20596.00,10.84,-2465.93
,,,无锡振华(605319.SH),1300,32149.00,24.73,4747.10
,,,华旺科技(605377.SH),2000,24700.00,12.35,-2101.52
,,,菜百股份(605599.SH),2600,28756.00,11.06,-2046.70
,,,健盛集团(603558.SH),3000,32970.00,10.99,375.18
,,,聚合顺(605166.SH),1700,19754.00,11.62,-454.38
,,,福然德(605050.SH),2700,26703.00,9.89,371.56
,,,长龄液压(605389.SH),600,15312.00,25.52,-456.46
2025-01-23,262286.64,60376.64,,,,,
,,,聚合顺(605166.SH),1700,19635.00,11.55,-573.38
,,,菜百股份(605599.SH),2600,28392.00,10.92,-2410.70
,,,福然德(605050.SH),2700,26703.00,9.89,371.56
,,,无锡振华(605319.SH),1300,32409.00,24.93,5007.10
,,,长龄液压(605389.SH),600,15744.00,26.24,-24.46
,,,恒盛能源(605580.SH),1900,21147.00,11.13,-1914.93
,,,华旺科技(605377.SH),2000,24940.00,12.47,-1861.52
,,,健盛集团(603558.SH),3000,32940.00,10.98,345.18
2025-01-22,262716.64,60376.64,,,,,
,,,菜百股份(605599.SH),2600,28340.00,10.9,-2462.70
,,,恒盛能源(605580.SH),1900,21907.00,11.53,-1154.93
,,,福然德(605050.SH),2700,26649.00,9.87,317.56
,,,聚合顺(605166.SH),1700,19669.00,11.57,-539.38
,,,华旺科技(605377.SH),2000,25120.00,12.56,-1681.52
,,,健盛集团(603558.SH),3000,33120.00,11.04,525.18
,,,无锡振华(605319.SH),1300,32253.00,24.81,4851.10
,,,长龄液压(605389.SH),600,15282.00,25.47,-486.46
2025-01-21,262197.64,60376.64,,,,,
,,,健盛集团(603558.SH),3000,33060.00,11.02,465.18
,,,福然德(605050.SH),2700,26865.00,9.95,533.56
,,,华旺科技(605377.SH),2000,25700.00,12.85,-1101.52
,,,恒盛能源(605580.SH),1900,21755.00,11.45,-1306.93
,,,长龄液压(605389.SH),600,13890.00,23.15,-1878.46
,,,无锡振华(605319.SH),1300,32929.00,25.33,5527.10
,,,聚合顺(605166.SH),1700,19516.00,11.48,-692.38
,,,菜百股份(605599.SH),2600,28106.00,10.81,-2696.70
2025-01-20,263861.64,60376.64,,,,,
,,,华旺科技(605377.SH),2000,25440.00,12.72,-1361.52
,,,恒盛能源(605580.SH),1900,22268.00,11.72,-793.93
,,,长龄液压(605389.SH),600,14220.00,23.7,-1548.46
,,,聚合顺(605166.SH),1700,19108.00,11.24,-1100.38
,,,菜百股份(605599.SH),2600,28236.00,10.86,-2566.70
,,,福然德(605050.SH),2700,27081.00,10.03,749.56
,,,无锡振华(605319.SH),1300,33202.00,25.54,5800.10
,,,健盛集团(603558.SH),3000,33930.00,11.31,1335.18
2025-01-17,259925.64,60376.64,,,,,
,,,无锡振华(605319.SH),1300,31096.00,23.92,3694.10
,,,华旺科技(605377.SH),2000,25420.00,12.71,-1381.52
,,,健盛集团(603558.SH),3000,34020.00,11.34,1425.18
,,,菜百股份(605599.SH),2600,28080.00,10.8,-2722.70
,,,聚合顺(605166.SH),1700,18836.00,11.08,-1372.38
,,,长龄液压(605389.SH),600,13458.00,22.43,-2310.46
,,,福然德(605050.SH),2700,26865.00,9.95,533.56
,,,恒盛能源(605580.SH),1900,21774.00,11.46,-1287.93
2025-01-16,259041.64,60376.64,,,,,
,,,长龄液压(605389.SH),600,13920.00,23.2,-1848.46
,,,聚合顺(605166.SH),1700,18632.00,10.96,-1576.38
,,,华旺科技(605377.SH),2000,25380.00,12.69,-1421.52
,,,健盛集团(603558.SH),3000,33660.00,11.22,1065.18
,,,恒盛能源(605580.SH),1900,21318.00,11.22,-1743.93
,,,福然德(605050.SH),2700,26514.00,9.82,182.56
,,,无锡振华(605319.SH),1300,31161.00,23.97,3759.10
,,,菜百股份(605599.SH),2600,28080.00,10.8,-2722.70
2025-01-15,261107.64,60376.64,,,,,
,,,长龄液压(605389.SH),600,15060.00,25.1,-708.46
,,,华旺科技(605377.SH),2000,25500.00,12.75,-1301.52
,,,健盛集团(603558.SH),3000,34440.00,11.48,1845.18
,,,恒盛能源(605580.SH),1900,21945.00,11.55,-1116.93
,,,无锡振华(605319.SH),1300,31057.00,23.89,3655.10
,,,福然德(605050.SH),2700,26082.00,9.66,-249.44
,,,聚合顺(605166.SH),1700,18853.00,11.09,-1355.38
,,,菜百股份(605599.SH),2600,27794.00,10.69,-3008.70
2025-01-14,263811.64,60376.64,,,,,
,,,聚合顺(605166.SH),1700,18802.00,11.06,-1406.38
,,,健盛集团(603558.SH),3000,34320.00,11.44,1725.18
,,,福然德(605050.SH),2700,26325.00,9.75,-6.44
,,,长龄液压(605389.SH),600,16734.00,27.89,965.54
,,,华旺科技(605377.SH),2000,25360.00,12.68,-1441.52
,,,菜百股份(605599.SH),2600,27404.00,10.54,-3398.70
,,,无锡振华(605319.SH),1300,31538.00,24.26,4136.10
,,,恒盛能源(605580.SH),1900,22952.00,12.08,-109.93
2025-01-13,256106.64,60376.64,,,,,
,,,健盛集团(603558.SH),3000,33150.00,11.05,555.18
,,,恒盛能源(605580.SH),1900,22230.00,11.7,-831.93
,,,福然德(605050.SH),2700,25164.00,9.32,-1167.44
,,,聚合顺(605166.SH),1700,17901.00,10.53,-2307.38
,,,无锡振华(605319.SH),1300,28899.00,22.23,1497.10
,,,长龄液压(605389.SH),600,16734.00,27.89,965.54
,,,华旺科技(605377.SH),2000,24820.00,12.41,-1981.52
,,,菜百股份(605599.SH),2600,26832.00,10.32,-3970.70
2025-01-10,256301.64,60376.64,,,,,
,,,聚合顺(605166.SH),1700,17799.00,10.47,-2409.38
,,,无锡振华(605319.SH),1300,27547.00,21.19,145.10
,,,健盛集团(603558.SH),3000,33960.00,11.32,1365.18
,,,菜百股份(605599.SH),2600,26754.00,10.29,-4048.70
,,,恒盛能源(605580.SH),1900,22952.00,12.08,-109.93
,,,长龄液压(605389.SH),600,16734.00,27.89,965.54
,,,华旺科技(605377.SH),2000,24880.00,12.44,-1921.52
,,,福然德(605050.SH),2700,25299.00,9.37,-1032.44
2025-01-09,255618.64,60376.64,,,,,
,,,菜百股份(605599.SH),2600,27690.00,10.65,-3112.70
,,,健盛集团(603558.SH),3000,32700.00,10.9,105.18
,,,长龄液压(605389.SH),600,15540.00,25.9,-228.46
,,,华旺科技(605377.SH),2000,25120.00,12.56,-1681.52
,,,聚合顺(605166.SH),1700,18224.00,10.72,-1984.38
,,,福然德(605050.SH),2700,26244.00,9.72,-87.44
,,,恒盛能源(605580.SH),1900,22515.00,11.85,-546.93
,,,无锡振华(605319.SH),1300,27209.00,20.93,-192.90
2025-01-08,258270.64,60376.64,,,,,
,,,无锡振华(605319.SH),1300,27404.00,21.08,2.10
,,,长龄液压(605389.SH),600,15210.00,25.35,-558.46
,,,华旺科技(605377.SH),2000,25520.00,12.76,-1281.52
,,,菜百股份(605599.SH),2600,28574.00,10.99,-2228.70
,,,健盛集团(603558.SH),3000,33240.00,11.08,645.18
,,,聚合顺(605166.SH),1700,18394.00,10.82,-1814.38
,,,福然德(605050.SH),2700,26163.00,9.69,-168.44
,,,恒盛能源(605580.SH),1900,23389.00,12.31,327.07
2025-01-07,257160.64,60376.64,,,,,
,,,健盛集团(603558.SH),3000,32040.00,10.68,-554.82
,,,菜百股份(605599.SH),2600,28730.00,11.05,-2072.70
,,,无锡振华(605319.SH),1300,27131.00,20.87,-270.90
,,,长龄液压(605389.SH),600,14940.00,24.9,-828.46
,,,恒盛能源(605580.SH),1900,23256.00,12.24,194.07
,,,福然德(605050.SH),2700,26595.00,9.85,263.56
,,,华旺科技(605377.SH),2000,25460.00,12.73,-1341.52
,,,聚合顺(605166.SH),1700,18632.00,10.96,-1576.38
2025-01-06,255784.64,60376.64,,,,,
,,,菜百股份(605599.SH),2600,29042.00,11.17,-1760.70
,,,华旺科技(605377.SH),2000,25600.00,12.8,-1201.52
,,,聚合顺(605166.SH),1700,18020.00,10.6,-2188.38
,,,福然德(605050.SH),2700,26487.00,9.81,155.56
,,,无锡振华(605319.SH),1300,26481.00,20.37,-920.90
,,,长龄液压(605389.SH),600,14928.00,24.88,-840.46
,,,健盛集团(603558.SH),3000,31290.00,10.43,-1304.82
,,,恒盛能源(605580.SH),1900,23560.00,12.4,498.07
2025-01-03,255043.64,60376.64,,,,,
,,,福然德(605050.SH),2700,26055.00,9.65,-276.44
,,,华旺科技(605377.SH),2000,25980.00,12.99,-821.52
,,,长龄液压(605389.SH),600,14604.00,24.34,-1164.46
,,,无锡振华(605319.SH),1300,26598.00,20.46,-803.90
,,,菜百股份(605599.SH),2600,29276.00,11.26,-1526.70
,,,聚合顺(605166.SH),1700,18207.00,10.71,-2001.38
,,,健盛集团(603558.SH),3000,31470.00,10.49,-1124.82
,,,恒盛能源(605580.SH),1900,22477.00,11.83,-584.93
2025-01-02,258887.64,60376.64,,,,,
,,,无锡振华(605319.SH),1300,27053.00,20.81,-348.90
,,,聚合顺(605166.SH),1700,19159.00,11.27,-1049.38
,,,福然德(605050.SH),2700,26271.00,9.73,-60.44
,,,华旺科技(605377.SH),2000,26800.00,13.4,-1.52
,,,恒盛能源(605580.SH),1900,21204.00,11.16,-1857.93
,,,健盛集团(603558.SH),3000,32460.00,10.82,-134.82
,,,长龄液压(605389.SH),600,15144.00,25.24,-624.46
,,,菜百股份(605599.SH),2600,30420.00,11.7,-382.70
2024-12-31,264065.97,120926.97,,,,,
,,,龙高股份(605086.SH),1200,37440.00,31.2,9997.50
,,,重庆银行(601963.SH),3700,34336.00,9.28,5930.91
,,,上海环境(601200.SH),2400,19608.00,8.17,-2594.96
,,,爱婴室(603214.SH),1100,24816.00,22.56,6205.28
,,,雪峰科技(603227.SH),3100,26939.00,8.69,-683.40
2024-12-30,267701.97,120926.97,,,,,
,,,重庆银行(601963.SH),3700,34817.00,9.41,6411.91
,,,龙高股份(605086.SH),1200,39036.00,32.53,11593.50
,,,雪峰科技(603227.SH),3100,27652.00,8.92,29.60
,,,上海环境(601200.SH),2400,19992.00,8.33,-2210.96
,,,爱婴室(603214.SH),1100,25278.00,22.98,6667.28
2024-12-27,266775.97,120926.97,,,,,
,,,上海环境(601200.SH),2400,20040.00,8.35,-2162.96
,,,爱婴室(603214.SH),1100,25465.00,23.15,6854.28
,,,雪峰科技(603227.SH),3100,27156.00,8.76,-466.40
,,,龙高股份(605086.SH),1200,38556.00,32.13,11113.50
,,,重庆银行(601963.SH),3700,34632.00,9.36,6226.91
2024-12-26,265909.97,120926.97,,,,,
,,,上海环境(601200.SH),2400,19848.00,8.27,-2354.96
,,,龙高股份(605086.SH),1200,38880.00,32.4,11437.50
,,,爱婴室(603214.SH),1100,24728.00,22.48,6117.28
,,,重庆银行(601963.SH),3700,34743.00,9.39,6337.91
,,,雪峰科技(603227.SH),3100,26784.00,8.64,-838.40
2024-12-25,266428.97,120926.97,,,,,
,,,重庆银行(601963.SH),3700,35335.00,9.55,6929.91
,,,龙高股份(605086.SH),1200,38424.00,32.02,10981.50
,,,上海环境(601200.SH),2400,19800.00,8.25,-2402.96
,,,雪峰科技(603227.SH),3100,26753.00,8.63,-869.40
,,,爱婴室(603214.SH),1100,25190.00,22.9,6579.28
2024-12-24,268100.97,120926.97,,,,,
,,,爱婴室(603214.SH),1100,24541.00,22.31,5930.28
,,,雪峰科技(603227.SH),3100,27838.00,8.98,215.60
,,,重庆银行(601963.SH),3700,34891.00,9.43,6485.91
,,,龙高股份(605086.SH),1200,40152.00,33.46,12709.50
,,,上海环境(601200.SH),2400,19752.00,8.23,-2450.96
2024-12-23,270373.17,120790.17,,,,,
,,,龙高股份(605086.SH),1200,40116.00,33.43,12536.70
,,,重庆银行(601963.SH),3700,34669.00,9.37,6263.91
,,,上海环境(601200.SH),2400,19536.00,8.14,-2666.96
,,,爱婴室(603214.SH),1100,27269.00,24.79,8658.28
,,,雪峰科技(603227.SH),3100,27993.00,9.03,370.60
2024-12-20,272377.17,120790.17,,,,,
,,,龙高股份(605086.SH),1200,43956.00,36.63,16376.70
,,,上海环境(601200.SH),2400,19752.00,8.23,-2450.96
,,,雪峰科技(603227.SH),3100,27342.00,8.82,-280.40
,,,重庆银行(601963.SH),3700,34632.00,9.36,6226.91
,,,爱婴室(603214.SH),1100,25905.00,23.55,7294.28
2024-12-19,272857.17,120790.17,,,,,
,,,重庆银行(601963.SH),3700,34854.00,9.42,6448.91
,,,上海环境(601200.SH),2400,19800.00,8.25,-2402.96
,,,雪峰科技(603227.SH),3100,27993.00,9.03,370.60
,,,爱婴室(603214.SH),1100,25080.00,22.8,6469.28
,,,龙高股份(605086.SH),1200,44340.00,36.95,16760.70
2024-12-18,276700.17,120790.17,,,,,
,,,重庆银行(601963.SH),3700,35409.00,9.57,7003.91
,,,龙高股份(605086.SH),1200,44688.00,37.24,17108.70
,,,雪峰科技(603227.SH),3100,28365.00,9.15,742.60
,,,爱婴室(603214.SH),1100,27456.00,24.96,8845.28
,,,上海环境(601200.SH),2400,19992.00,8.33,-2210.96
2024-12-17,271595.17,120790.17,,,,,
,,,重庆银行(601963.SH),3700,35520.00,9.6,7114.91
,,,龙高股份(605086.SH),1200,40620.00,33.85,13040.70
,,,上海环境(601200.SH),2400,20016.00,8.34,-2186.96
,,,爱婴室(603214.SH),1100,25850.00,23.5,7239.28
,,,雪峰科技(603227.SH),3100,28799.00,9.29,1176.60
2024-12-16,268628.17,120790.17,,,,,
,,,上海环境(601200.SH),2400,20352.00,8.48,-1850.96
,,,龙高股份(605086.SH),1200,36924.00,30.77,9344.70
,,,爱婴室(603214.SH),1100,25597.00,23.27,6986.28
,,,重庆银行(601963.SH),3700,35298.00,9.54,6892.91
,,,雪峰科技(603227.SH),3100,29667.00,9.57,2044.60
2024-12-13,262612.17,120790.17,,,,,
,,,龙高股份(605086.SH),1200,33564.00,27.97,5984.70
,,,雪峰科技(603227.SH),3100,30287.00,9.77,2664.60
,,,爱婴室(603214.SH),1100,23331.00,21.21,4720.28
,,,重庆银行(601963.SH),3700,34336.00,9.28,5930.91
,,,上海环境(601200.SH),2400,20304.00,8.46,-1898.96
2024-12-12,263464.17,120790.17,,,,,
,,,雪峰科技(603227.SH),3100,29388.00,9.48,1765.60
,,,重庆银行(601963.SH),3700,35372.00,9.56,6966.91
,,,上海环境(601200.SH),2400,20784.00,8.66,-1418.96
,,,爱婴室(603214.SH),1100,22330.00,20.3,3719.28
,,,龙高股份(605086.SH),1200,34800.00,29,7220.70
2024-12-11,260331.17,120790.17,,,,,
,,,龙高股份(605086.SH),1200,34116.00,28.43,6536.70
,,,雪峰科技(603227.SH),3100,28737.00,9.27,1114.60
,,,重庆银行(601963.SH),3700,34743.00,9.39,6337.91
,,,爱婴室(603214.SH),1100,21329.00,19.39,2718.28
,,,上海环境(601200.SH),2400,20616.00,8.59,-1586.96
2024-12-10,257922.17,120790.17,,,,,
,,,雪峰科技(603227.SH),3100,28768.00,9.28,1145.60
,,,上海环境(601200.SH),2400,20280.00,8.45,-1922.96
,,,爱婴室(603214.SH),1100,20504.00,18.64,1893.28
,,,龙高股份(605086.SH),1200,33096.00,27.58,5516.70
,,,重庆银行(601963.SH),3700,34484.00,9.32,6078.91
2024-12-09,256633.17,120790.17,,,,,
,,,重庆银行(601963.SH),3700,34780.00,9.4,6374.91
,,,龙高股份(605086.SH),1200,32640.00,27.2,5060.70
,,,上海环境(601200.SH),2400,20328.00,8.47,-1874.96
,,,爱婴室(603214.SH),1100,19668.00,17.88,1057.28
,,,雪峰科技(603227.SH),3100,28427.00,9.17,804.60
2024-12-06,257626.17,120790.17,,,,,
,,,爱婴室(603214.SH),1100,20636.00,18.76,2025.28
,,,重庆银行(601963.SH),3700,34632.00,9.36,6226.91
,,,雪峰科技(603227.SH),3100,28768.00,9.28,1145.60
,,,上海环境(601200.SH),2400,20568.00,8.57,-1634.96
,,,龙高股份(605086.SH),1200,32232.00,26.86,4652.70
2024-12-05,257353.17,120790.17,,,,,
,,,爱婴室(603214.SH),1100,19833.00,18.03,1222.28
,,,重庆银行(601963.SH),3700,34706.00,9.38,6300.91
,,,龙高股份(605086.SH),1200,33024.00,27.52,5444.70
,,,雪峰科技(603227.SH),3100,28768.00,9.28,1145.60
,,,上海环境(601200.SH),2400,20232.00,8.43,-1970.96
2024-12-04,258463.17,120790.17,,,,,
,,,重庆银行(601963.SH),3700,34817.00,9.41,6411.91
,,,雪峰科技(603227.SH),3100,29078.00,9.38,1455.60
,,,爱婴室(603214.SH),1100,20042.00,18.22,1431.28
,,,上海环境(601200.SH),2400,20280.00,8.45,-1922.96
,,,龙高股份(605086.SH),1200,33456.00,27.88,5876.70
2024-12-03,260101.17,120790.17,,,,,
,,,雪峰科技(603227.SH),3100,29822.00,9.62,2199.60
,,,上海环境(601200.SH),2400,20448.00,8.52,-1754.96
,,,爱婴室(603214.SH),1100,20240.00,18.4,1629.28
,,,龙高股份(605086.SH),1200,34872.00,29.06,7292.70
,,,重庆银行(601963.SH),3700,33929.00,9.17,5523.91
2024-12-02,256792.17,120790.17,,,,,
,,,重庆银行(601963.SH),3700,32708.00,8.84,4302.91
,,,上海环境(601200.SH),2400,20424.00,8.51,-1778.96
,,,爱婴室(603214.SH),1100,20020.00,18.2,1409.28
,,,龙高股份(605086.SH),1200,34020.00,28.35,6440.70
,,,雪峰科技(603227.SH),3100,28830.00,9.3,1207.60
2024-11-29,254402.17,120790.17,,,,,
,,,龙高股份(605086.SH),1200,32976.00,27.48,5396.70
,,,重庆银行(601963.SH),3700,32782.00,8.86,4376.91
,,,爱婴室(603214.SH),1100,19932.00,18.12,1321.28
,,,雪峰科技(603227.SH),3100,27714.00,8.94,91.60
,,,上海环境(601200.SH),2400,20208.00,8.42,-1994.96
2024-11-28,252312.17,120790.17,,,,,
,,,上海环境(601200.SH),2400,20304.00,8.46,-1898.96
,,,重庆银行(601963.SH),3700,32856.00,8.88,4450.91
,,,龙高股份(605086.SH),1200,32376.00,26.98,4796.70
,,,雪峰科技(603227.SH),3100,27869.00,8.99,246.60
,,,爱婴室(603214.SH),1100,18117.00,16.47,-493.72
2024-11-27,253639.17,120790.17,,,,,
,,,雪峰科技(603227.SH),3100,29047.00,9.37,1424.60
,,,重庆银行(601963.SH),3700,33522.00,9.06,5116.91
,,,上海环境(601200.SH),2400,20040.00,8.35,-2162.96
,,,龙高股份(605086.SH),1200,32508.00,27.09,4928.70
,,,爱婴室(603214.SH),1100,17732.00,16.12,-878.72
2024-11-26,254043.17,120790.17,,,,,
,,,雪峰科技(603227.SH),3100,28923.00,9.33,1300.60
,,,爱婴室(603214.SH),1100,18766.00,17.06,155.28
,,,龙高股份(605086.SH),1200,32100.00,26.75,4520.70
,,,上海环境(601200.SH),2400,20016.00,8.34,-2186.96
,,,重庆银行(601963.SH),3700,33448.00,9.04,5042.91
2024-11-25,255570.17,120790.17,,,,,
,,,上海环境(601200.SH),2400,20232.00,8.43,-1970.96
,,,重庆银行(601963.SH),3700,33707.00,9.11,5301.91
,,,雪峰科技(603227.SH),3100,30287.00,9.77,2664.60
,,,爱婴室(603214.SH),1100,17710.00,16.1,-900.72
,,,龙高股份(605086.SH),1200,32844.00,27.37,5264.70
2024-11-22,255394.17,120790.17,,,,,
,,,重庆银行(601963.SH),3700,33337.00,9.01,4931.91
,,,龙高股份(605086.SH),1200,33480.00,27.9,5900.70
,,,上海环境(601200.SH),2400,20256.00,8.44,-1946.96
,,,雪峰科技(603227.SH),3100,30008.00,9.68,2385.60
,,,爱婴室(603214.SH),1100,17523.00,15.93,-1087.72
2024-11-21,258467.17,120790.17,,,,,
,,,龙高股份(605086.SH),1200,33984.00,28.32,6404.70
,,,重庆银行(601963.SH),3700,34595.00,9.35,6189.91
,,,上海环境(601200.SH),2400,20808.00,8.67,-1394.96
,,,雪峰科技(603227.SH),3100,30349.00,9.79,2726.60
,,,爱婴室(603214.SH),1100,17941.00,16.31,-669.72
2024-11-20,258508.17,120790.17,,,,,
,,,重庆银行(601963.SH),3700,34299.00,9.27,5893.91
,,,雪峰科技(603227.SH),3100,30225.00,9.75,2602.60
,,,爱婴室(603214.SH),1100,18018.00,16.38,-592.72
,,,上海环境(601200.SH),2400,20736.00,8.64,-1466.96
,,,龙高股份(605086.SH),1200,34440.00,28.7,6860.70
2024-11-19,254894.17,120790.17,,,,,
,,,爱婴室(603214.SH),1100,17160.00,15.6,-1450.72
,,,上海环境(601200.SH),2400,20496.00,8.54,-1706.96
,,,重庆银行(601963.SH),3700,34521.00,9.33,6115.91
,,,龙高股份(605086.SH),1200,32508.00,27.09,4928.70
,,,雪峰科技(603227.SH),3100,29419.00,9.49,1796.60
2024-11-18,253068.17,120790.17,,,,,
,,,龙高股份(605086.SH),1200,30792.00,25.66,3212.70
,,,上海环境(601200.SH),2400,20328.00,8.47,-1874.96
,,,爱婴室(603214.SH),1100,16929.00,15.39,-1681.72
,,,雪峰科技(603227.SH),3100,29264.00,9.44,1641.60
,,,重庆银行(601963.SH),3700,34965.00,9.45,6559.91
2024-11-15,253401.17,120790.17,,,,,
,,,龙高股份(605086.SH),1200,32280.00,26.9,4700.70
,,,雪峰科技(603227.SH),3100,28241.00,9.11,618.60
,,,爱婴室(603214.SH),1100,17446.00,15.86,-1164.72
,,,重庆银行(601963.SH),3700,34484.00,9.32,6078.91
,,,上海环境(601200.SH),2400,20160.00,8.4,-2042.96
2024-11-14,254887.17,120790.17,,,,,
,,,重庆银行(601963.SH),3700,34780.00,9.4,6374.91
,,,雪峰科技(603227.SH),3100,28086.00,9.06,463.60
,,,爱婴室(603214.SH),1100,18095.00,16.45,-515.72
,,,上海环境(601200.SH),2400,20088.00,8.37,-2114.96
,,,龙高股份(605086.SH),1200,33048.00,27.54,5468.70
2024-11-13,257593.17,120790.17,,,,,
,,,雪峰科技(603227.SH),3100,28799.00,9.29,1176.60
,,,重庆银行(601963.SH),3700,33707.00,9.11,5301.91
,,,爱婴室(603214.SH),1100,18821.00,17.11,210.28
,,,龙高股份(605086.SH),1200,34692.00,28.91,7112.70
,,,上海环境(601200.SH),2400,20784.00,8.66,-1418.96
2024-11-12,255045.17,120790.17,,,,,
,,,雪峰科技(603227.SH),3100,27249.00,8.79,-373.40
,,,上海环境(601200.SH),2400,20424.00,8.51,-1778.96
,,,重庆银行(601963.SH),3700,33189.00,8.97,4783.91
,,,龙高股份(605086.SH),1200,34308.00,28.59,6728.70
,,,爱婴室(603214.SH),1100,19085.00,17.35,474.28
2024-11-11,257128.17,120790.17,,,,,
,,,龙高股份(605086.SH),1200,35016.00,29.18,7436.70
,,,爱婴室(603214.SH),1100,19404.00,17.64,793.28
,,,上海环境(601200.SH),2400,20664.00,8.61,-1538.96
,,,雪峰科技(603227.SH),3100,27621.00,8.91,-1.40
,,,重庆银行(601963.SH),3700,33633.00,9.09,5227.91
2024-11-08,258885.17,120790.17,,,,,
,,,雪峰科技(603227.SH),3100,27962.00,9.02,339.60
,,,上海环境(601200.SH),2400,20544.00,8.56,-1658.96
,,,重庆银行(601963.SH),3700,34965.00,9.45,6559.91
,,,龙高股份(605086.SH),1200,34560.00,28.8,6980.70
,,,爱婴室(603214.SH),1100,20064.00,18.24,1453.28
2024-11-07,261432.17,120790.17,,,,,
,,,爱婴室(603214.SH),1100,21032.00,19.12,2421.28
,,,重庆银行(601963.SH),3700,35557.00,9.61,7151.91
,,,上海环境(601200.SH),2400,20856.00,8.69,-1346.96
,,,龙高股份(605086.SH),1200,34956.00,29.13,7376.70
,,,雪峰科技(603227.SH),3100,28241.00,9.11,618.60
2024-11-06,257934.17,120790.17,,,,,
,,,上海环境(601200.SH),2400,20232.00,8.43,-1970.96
,,,重庆银行(601963.SH),3700,33781.00,9.13,5375.91
,,,雪峰科技(603227.SH),3100,28086.00,9.06,463.60
,,,龙高股份(605086.SH),1200,34728.00,28.94,7148.70
,,,爱婴室(603214.SH),1100,20317.00,18.47,1706.28
2024-11-05,256652.17,120790.17,,,,,
,,,重庆银行(601963.SH),3700,34040.00,9.2,5634.91
,,,龙高股份(605086.SH),1200,35292.00,29.41,7712.70
,,,爱婴室(603214.SH),1100,19008.00,17.28,397.28
,,,上海环境(601200.SH),2400,20304.00,8.46,-1898.96
,,,雪峰科技(603227.SH),3100,27218.00,8.78,-404.40
2024-11-04,254885.17,120790.17,,,,,
,,,上海环境(601200.SH),2400,19944.00,8.31,-2258.96
,,,龙高股份(605086.SH),1200,35484.00,29.57,7904.70
,,,雪峰科技(603227.SH),3100,26691.00,8.61,-931.40
,,,重庆银行(601963.SH),3700,33078.00,8.94,4672.91
,,,爱婴室(603214.SH),1100,18898.00,17.18,287.28
2024-11-01,255615.17,120790.17,,,,,
,,,龙高股份(605086.SH),1200,35376.00,29.48,7796.70
,,,上海环境(601200.SH),2400,19920.00,8.3,-2282.96
,,,雪峰科技(603227.SH),3100,26939.00,8.69,-683.40
,,,爱婴室(603214.SH),1100,20141.00,18.31,1530.28
,,,重庆银行(601963.SH),3700,32449.00,8.77,4043.91
2024-10-31,257153.17,120790.17,,,,,
,,,雪峰科技(603227.SH),3100,27125.00,8.75,-497.40
,,,龙高股份(605086.SH),1200,37644.00,31.37,10064.70
,,,爱婴室(603214.SH),1100,20119.00,18.29,1508.28
,,,上海环境(601200.SH),2400,20136.00,8.39,-2066.96
,,,重庆银行(601963.SH),3700,31339.00,8.47,2933.91
2024-10-30,255861.17,120790.17,,,,,
,,,爱婴室(603214.SH),1100,19723.00,17.93,1112.28
,,,上海环境(601200.SH),2400,20088.00,8.37,-2114.96
,,,雪峰科技(603227.SH),3100,26970.00,8.7,-652.40
,,,重庆银行(601963.SH),3700,31450.00,8.5,3044.91
,,,龙高股份(605086.SH),1200,36840.00,30.7,9260.70
2024-10-29,255056.17,120790.17,,,,,
,,,上海环境(601200.SH),2400,19920.00,8.3,-2282.96
,,,龙高股份(605086.SH),1200,34932.00,29.11,7352.70
,,,爱婴室(603214.SH),1100,21175.00,19.25,2564.28
,,,雪峰科技(603227.SH),3100,26567.00,8.57,-1055.40
,,,重庆银行(601963.SH),3700,31672.00,8.56,3266.91
2024-10-28,252549.17,120790.17,,,,,
,,,爱婴室(603214.SH),1100,20702.00,18.82,2091.28
,,,上海环境(601200.SH),2400,20304.00,8.46,-1898.96
,,,龙高股份(605086.SH),1200,32724.00,27.27,5144.70
,,,重庆银行(601963.SH),3700,31524.00,8.52,3118.91
,,,雪峰科技(603227.SH),3100,26505.00,8.55,-1117.40
2024-10-25,250086.17,120790.17,,,,,
,,,重庆银行(601963.SH),3700,31265.00,8.45,2859.91
,,,龙高股份(605086.SH),1200,33468.00,27.89,5888.70
,,,上海环境(601200.SH),2400,20136.00,8.39,-2066.96
,,,雪峰科技(603227.SH),3100,25606.00,8.26,-2016.40
,,,爱婴室(603214.SH),1100,18821.00,17.11,210.28
2024-10-24,249683.17,120790.17,,,,,
,,,雪峰科技(603227.SH),3100,25482.00,8.22,-2140.40
,,,上海环境(601200.SH),2400,19872.00,8.28,-2330.96
,,,爱婴室(603214.SH),1100,18139.00,16.49,-471.72
,,,重庆银行(601963.SH),3700,31968.00,8.64,3562.91
,,,龙高股份(605086.SH),1200,33432.00,27.86,5852.70
2024-10-23,250188.17,120790.17,,,,,
,,,上海环境(601200.SH),2400,19872.00,8.28,-2330.96
,,,雪峰科技(603227.SH),3100,25916.00,8.36,-1706.40
,,,爱婴室(603214.SH),1100,17567.00,15.97,-1043.72
,,,重庆银行(601963.SH),3700,32227.00,8.71,3821.91
,,,龙高股份(605086.SH),1200,33816.00,28.18,6236.70
2024-10-22,247896.17,120790.17,,,,,
,,,重庆银行(601963.SH),3700,32227.00,8.71,3821.91
,,,龙高股份(605086.SH),1200,31944.00,26.62,4364.70
,,,上海环境(601200.SH),2400,19992.00,8.33,-2210.96
,,,雪峰科技(603227.SH),3100,25761.00,8.31,-1861.40
,,,爱婴室(603214.SH),1100,17182.00,15.62,-1428.72
2024-10-21,245771.17,120790.17,,,,,
,,,爱婴室(603214.SH),1100,15620.00,14.2,-2990.72
,,,龙高股份(605086.SH),1200,32268.00,26.89,4688.70
,,,雪峰科技(603227.SH),3100,25637.00,8.27,-1985.40
,,,上海环境(601200.SH),2400,19488.00,8.12,-2714.96
,,,重庆银行(601963.SH),3700,31968.00,8.64,3562.91
2024-10-18,246990.17,120790.17,,,,,
,,,重庆银行(601963.SH),3700,32486.00,8.78,4080.91
,,,龙高股份(605086.SH),1200,33012.00,27.51,5432.70
,,,爱婴室(603214.SH),1100,15543.00,14.13,-3067.72
,,,上海环境(601200.SH),2400,19584.00,8.16,-2618.96
,,,雪峰科技(603227.SH),3100,25575.00,8.25,-2047.40
2024-10-17,242924.17,120790.17,,,,,
,,,重庆银行(601963.SH),3700,32412.00,8.76,4006.91
,,,爱婴室(603214.SH),1100,14850.00,13.5,-3760.72
,,,龙高股份(605086.SH),1200,30792.00,25.66,3212.70
,,,上海环境(601200.SH),2400,19032.00,7.93,-3170.96
,,,雪峰科技(603227.SH),3100,25048.00,8.08,-2574.40
2024-10-16,242266.17,120790.17,,,,,
,,,龙高股份(605086.SH),1200,27996.00,23.33,416.70
,,,重庆银行(601963.SH),3700,33744.00,9.12,5338.91
,,,雪峰科技(603227.SH),3100,25606.00,8.26,-2016.40
,,,上海环境(601200.SH),2400,19368.00,8.07,-2834.96
,,,爱婴室(603214.SH),1100,14762.00,13.42,-3848.72
2024-10-15,238180.17,120790.17,,,,,
,,,雪峰科技(603227.SH),3100,24738.00,7.98,-2884.40
,,,龙高股份(605086.SH),1200,27648.00,23.04,68.70
,,,重庆银行(601963.SH),3700,31154.00,8.42,2748.91
,,,上海环境(601200.SH),2400,19176.00,7.99,-3026.96
,,,爱婴室(603214.SH),1100,14674.00,13.34,-3936.72
2024-10-14,239076.17,120790.17,,,,,
,,,雪峰科技(603227.SH),3100,25668.00,8.28,-1954.40
,,,重庆银行(601963.SH),3700,30784.00,8.32,2378.91
,,,龙高股份(605086.SH),1200,26772.00,22.31,-807.30
,,,爱婴室(603214.SH),1100,15334.00,13.94,-3276.72
,,,上海环境(601200.SH),2400,19728.00,8.22,-2474.96
2024-10-11,235347.17,120790.17,,,,,
,,,重庆银行(601963.SH),3700,28749.00,7.77,343.91
,,,爱婴室(603214.SH),1100,16214.00,14.74,-2396.72
,,,上海环境(601200.SH),2400,19248.00,8.02,-2954.96
,,,雪峰科技(603227.SH),3100,23994.00,7.74,-3628.40
,,,龙高股份(605086.SH),1200,26352.00,21.96,-1227.30
2024-10-10,233408.17,120790.17,,,,,
,,,重庆银行(601963.SH),3700,28971.00,7.83,565.91
,,,雪峰科技(603227.SH),3100,24645.00,7.95,-2977.40
,,,爱婴室(603214.SH),1100,15202.00,13.82,-3408.72
,,,上海环境(601200.SH),2400,19848.00,8.27,-2354.96
,,,龙高股份(605086.SH),1200,23952.00,19.96,-3627.30
2024-10-09,233114.17,120790.17,,,,,
,,,龙高股份(605086.SH),1200,23220.00,19.35,-4359.30
,,,爱婴室(603214.SH),1100,16786.00,15.26,-1824.72
,,,重庆银行(601963.SH),3700,28268.00,7.64,-137.09
,,,上海环境(601200.SH),2400,19560.00,8.15,-2642.96
,,,雪峰科技(603227.SH),3100,24490.00,7.9,-3132.40
2024-10-08,243889.17,120790.17,,,,,
,,,雪峰科技(603227.SH),3100,26846.00,8.66,-776.40
,,,上海环境(601200.SH),2400,21024.00,8.76,-1178.96
,,,爱婴室(603214.SH),1100,18645.00,16.95,34.28
,,,重庆银行(601963.SH),3700,30784.00,8.32,2378.91
,,,龙高股份(605086.SH),1200,25800.00,21.5,-1779.30
2024-09-30,233554.98,49583.98,,,,,
,,,三峰环境(601827.SH),2300,20309.00,8.83,714.02
,,,裕同科技(002831.SZ),1000,25720.00,25.72,-129.33
,,,郑州银行(002936.SZ),11200,24080.00,2.15,4659.42
,,,天津港(600717.SH),4000,19960.00,4.99,2840.71
,,,重庆银行(601963.SH),2800,22680.00,8.1,2044.41
,,,塔牌集团(002233.SZ),2800,22708.00,8.11,2249.04
,,,南京高科(600064.SH),3400,24616.00,7.24,4200.96
,,,粤高速A(000429.SZ),2100,23898.00,11.38,3135.41
2024-09-27,221284.98,49583.98,,,,,
,,,塔牌集团(002233.SZ),2800,21280.00,7.6,821.04
,,,裕同科技(002831.SZ),1000,23940.00,23.94,-1909.33
,,,粤高速A(000429.SZ),2100,22596.00,10.76,1833.41
,,,三峰环境(601827.SH),2300,19251.00,8.37,-343.98
,,,郑州银行(002936.SZ),11200,21840.00,1.95,2419.42
,,,南京高科(600064.SH),3400,22746.00,6.69,2330.96
,,,天津港(600717.SH),4000,18600.00,4.65,1480.71
,,,重庆银行(601963.SH),2800,21448.00,7.66,812.41
2024-09-26,220092.98,49583.98,,,,,
,,,南京高科(600064.SH),3400,22372.00,6.58,1956.96
,,,粤高速A(000429.SZ),2100,23121.00,11.01,2358.41
,,,塔牌集团(002233.SZ),2800,21056.00,7.52,597.04
,,,裕同科技(002831.SZ),1000,23420.00,23.42,-2429.33
,,,重庆银行(601963.SH),2800,21420.00,7.65,784.41
,,,天津港(600717.SH),4000,18440.00,4.61,1320.71
,,,三峰环境(601827.SH),2300,18952.00,8.24,-642.98
,,,郑州银行(002936.SZ),11200,21728.00,1.94,2307.42
2024-09-25,214149.98,49583.98,,,,,
,,,天津港(600717.SH),4000,17840.00,4.46,720.71
,,,重庆银行(601963.SH),2800,20580.00,7.35,-55.59
,,,郑州银行(002936.SZ),11200,20832.00,1.86,1411.42
,,,南京高科(600064.SH),3400,21080.00,6.2,664.96
,,,三峰环境(601827.SH),2300,18630.00,8.1,-964.98
,,,裕同科技(002831.SZ),1000,22190.00,22.19,-3659.33
,,,粤高速A(000429.SZ),2100,23142.00,11.02,2379.41
,,,塔牌集团(002233.SZ),2800,20272.00,7.24,-186.96
2024-09-24,209966.98,49583.98,,,,,
,,,三峰环境(601827.SH),2300,18423.00,8.01,-1171.98
,,,粤高速A(000429.SZ),2100,23142.00,11.02,2379.41
,,,裕同科技(002831.SZ),1000,22080.00,22.08,-3769.33
,,,南京高科(600064.SH),3400,20502.00,6.03,86.96
,,,郑州银行(002936.SZ),11200,18928.00,1.69,-492.58
,,,重庆银行(601963.SH),2800,20132.00,7.19,-503.59
,,,塔牌集团(002233.SZ),2800,19656.00,7.02,-802.96
,,,天津港(600717.SH),4000,17520.00,4.38,400.71
2024-09-23,203465.98,49583.98,,,,,
,,,郑州银行(002936.SZ),11200,18368.00,1.64,-1052.58
,,,粤高速A(000429.SZ),2100,22596.00,10.76,1833.41
,,,南京高科(600064.SH),3400,19584.00,5.76,-831.04
,,,重庆银行(601963.SH),2800,19404.00,6.93,-1231.59
,,,裕同科技(002831.SZ),1000,20470.00,20.47,-5379.33
,,,三峰环境(601827.SH),2300,17848.00,7.76,-1746.98
,,,天津港(600717.SH),4000,16880.00,4.22,-239.29
,,,塔牌集团(002233.SZ),2800,18732.00,6.69,-1726.96
2024-09-20,202593.98,49583.98,,,,,
,,,塔牌集团(002233.SZ),2800,18340.00,6.55,-2118.96
,,,郑州银行(002936.SZ),11200,18256.00,1.63,-1164.58
,,,天津港(600717.SH),4000,16760.00,4.19,-359.29
,,,三峰环境(601827.SH),2300,17871.00,7.77,-1723.98
,,,粤高速A(000429.SZ),2100,22911.00,10.91,2148.41
,,,裕同科技(002831.SZ),1000,20580.00,20.58,-5269.33
,,,南京高科(600064.SH),3400,19448.00,5.72,-967.04
,,,重庆银行(601963.SH),2800,18844.00,6.73,-1791.59
2024-09-19,203775.98,49583.98,,,,,
,,,郑州银行(002936.SZ),11200,18368.00,1.64,-1052.58
,,,天津港(600717.SH),4000,16800.00,4.2,-319.29
,,,南京高科(600064.SH),3400,19380.00,5.7,-1035.04
,,,粤高速A(000429.SZ),2100,22953.00,10.93,2190.41
,,,重庆银行(601963.SH),2800,18844.00,6.73,-1791.59
,,,裕同科技(002831.SZ),1000,21340.00,21.34,-4509.33
,,,塔牌集团(002233.SZ),2800,18452.00,6.59,-2006.96
,,,三峰环境(601827.SH),2300,18055.00,7.85,-1539.98
2024-09-18,203255.98,49583.98,,,,,
,,,郑州银行(002936.SZ),11200,18032.00,1.61,-1388.58
,,,天津港(600717.SH),4000,16760.00,4.19,-359.29
,,,南京高科(600064.SH),3400,18972.00,5.58,-1443.04
,,,重庆银行(601963.SH),2800,18564.00,6.63,-2071.59
,,,裕同科技(002831.SZ),1000,21590.00,21.59,-4259.33
,,,塔牌集团(002233.SZ),2800,18508.00,6.61,-1950.96
,,,粤高速A(000429.SZ),2100,23352.00,11.12,2589.41
,,,三峰环境(601827.SH),2300,17894.00,7.78,-1700.98
2024-09-13,203907.98,49583.98,,,,,
,,,粤高速A(000429.SZ),2100,23772.00,11.32,3009.41
,,,南京高科(600064.SH),3400,18768.00,5.52,-1647.04
,,,天津港(600717.SH),4000,16680.00,4.17,-439.29
,,,重庆银行(601963.SH),2800,18564.00,6.63,-2071.59
,,,塔牌集团(002233.SZ),2800,18956.00,6.77,-1502.96
,,,三峰环境(601827.SH),2300,17848.00,7.76,-1746.98
,,,裕同科技(002831.SZ),1000,21480.00,21.48,-4369.33
,,,郑州银行(002936.SZ),11200,18256.00,1.63,-1164.58
2024-09-12,204327.98,49583.98,,,,,
,,,郑州银行(002936.SZ),11200,18256.00,1.63,-1164.58
,,,南京高科(600064.SH),3400,18700.00,5.5,-1715.04
,,,三峰环境(601827.SH),2300,18032.00,7.84,-1562.98
,,,粤高速A(000429.SZ),2100,24150.00,11.5,3387.41
,,,塔牌集团(002233.SZ),2800,18620.00,6.65,-1838.96
,,,裕同科技(002831.SZ),1000,21850.00,21.85,-3999.33
,,,天津港(600717.SH),4000,16600.00,4.15,-519.29
,,,重庆银行(601963.SH),2800,18536.00,6.62,-2099.59
2024-09-11,203688.98,49583.98,,,,,
,,,三峰环境(601827.SH),2300,17894.00,7.78,-1700.98
,,,裕同科技(002831.SZ),1000,22220.00,22.22,-3629.33
,,,粤高速A(000429.SZ),2100,23961.00,11.41,3198.41
,,,重庆银行(601963.SH),2800,18536.00,6.62,-2099.59
,,,塔牌集团(002233.SZ),2800,18312.00,6.54,-2146.96
,,,南京高科(600064.SH),3400,18598.00,5.47,-1817.04
,,,郑州银行(002936.SZ),11200,18144.00,1.62,-1276.58
,,,天津港(600717.SH),4000,16440.00,4.11,-679.29
2024-09-10,205890.98,49583.98,,,,,
,,,重庆银行(601963.SH),2800,18760.00,6.7,-1875.59
,,,天津港(600717.SH),4000,16720.00,4.18,-399.29
,,,裕同科技(002831.SZ),1000,22100.00,22.1,-3749.33
,,,三峰环境(601827.SH),2300,18055.00,7.85,-1539.98
,,,粤高速A(000429.SZ),2100,24780.00,11.8,4017.41
,,,塔牌集团(002233.SZ),2800,18508.00,6.61,-1950.96
,,,南京高科(600064.SH),3400,18904.00,5.56,-1511.04
,,,郑州银行(002936.SZ),11200,18480.00,1.65,-940.58
2024-09-09,205880.98,49583.98,,,,,
,,,塔牌集团(002233.SZ),2800,18564.00,6.63,-1894.96
,,,天津港(600717.SH),4000,16880.00,4.22,-239.29
,,,南京高科(600064.SH),3400,19176.00,5.64,-1239.04
,,,郑州银行(002936.SZ),11200,18480.00,1.65,-940.58
,,,三峰环境(601827.SH),2300,18055.00,7.85,-1539.98
,,,粤高速A(000429.SZ),2100,24528.00,11.68,3765.41
,,,重庆银行(601963.SH),2800,18704.00,6.68,-1931.59
,,,裕同科技(002831.SZ),1000,21910.00,21.91,-3939.33
2024-09-06,207557.98,49583.98,,,,,
,,,粤高速A(000429.SZ),2100,24528.00,11.68,3765.41
,,,郑州银行(002936.SZ),11200,18816.00,1.68,-604.58
,,,三峰环境(601827.SH),2300,18170.00,7.9,-1424.98
,,,天津港(600717.SH),4000,17120.00,4.28,0.71
,,,塔牌集团(002233.SZ),2800,18732.00,6.69,-1726.96
,,,重庆银行(601963.SH),2800,18984.00,6.78,-1651.59
,,,裕同科技(002831.SZ),1000,22210.00,22.21,-3639.33
,,,南京高科(600064.SH),3400,19414.00,5.71,-1001.04
2024-09-05,208028.98,49583.98,,,,,
,,,裕同科技(002831.SZ),1000,22630.00,22.63,-3219.33
,,,粤高速A(000429.SZ),2100,24255.00,11.55,3492.41
,,,重庆银行(601963.SH),2800,19096.00,6.82,-1539.59
,,,天津港(600717.SH),4000,17000.00,4.25,-119.29
,,,郑州银行(002936.SZ),11200,18816.00,1.68,-604.58
,,,南京高科(600064.SH),3400,19550.00,5.75,-865.04
,,,三峰环境(601827.SH),2300,18170.00,7.9,-1424.98
,,,塔牌集团(002233.SZ),2800,18928.00,6.76,-1530.96
2024-09-04,207077.98,49583.98,,,,,
,,,塔牌集团(002233.SZ),2800,18648.00,6.66,-1810.96
,,,天津港(600717.SH),4000,17040.00,4.26,-79.29
,,,三峰环境(601827.SH),2300,18216.00,7.92,-1378.98
,,,南京高科(600064.SH),3400,19278.00,5.67,-1137.04
,,,粤高速A(000429.SZ),2100,24066.00,11.46,3303.41
,,,郑州银行(002936.SZ),11200,18704.00,1.67,-716.58
,,,重庆银行(601963.SH),2800,18872.00,6.74,-1763.59
,,,裕同科技(002831.SZ),1000,22670.00,22.67,-3179.33
2024-09-03,208144.98,49583.98,,,,,
,,,三峰环境(601827.SH),2300,18423.00,8.01,-1171.98
,,,塔牌集团(002233.SZ),2800,19040.00,6.8,-1418.96
,,,重庆银行(601963.SH),2800,18928.00,6.76,-1707.59
,,,裕同科技(002831.SZ),1000,22950.00,22.95,-2899.33
,,,粤高速A(000429.SZ),2100,23730.00,11.3,2967.41
,,,天津港(600717.SH),4000,17080.00,4.27,-39.29
,,,郑州银行(002936.SZ),11200,18928.00,1.69,-492.58
,,,南京高科(600064.SH),3400,19482.00,5.73,-933.04
2024-09-02,209386.98,49583.98,,,,,
,,,粤高速A(000429.SZ),2100,23772.00,11.32,3009.41
,,,塔牌集团(002233.SZ),2800,19152.00,6.84,-1306.96
,,,裕同科技(002831.SZ),1000,22950.00,22.95,-2899.33
,,,南京高科(600064.SH),3400,19448.00,5.72,-967.04
,,,三峰环境(601827.SH),2300,18929.00,8.23,-665.98
,,,天津港(600717.SH),4000,17360.00,4.34,240.71
,,,郑州银行(002936.SZ),11200,19264.00,1.72,-156.58
,,,重庆银行(601963.SH),2800,18928.00,6.76,-1707.59
2024-08-30,209838.98,49583.98,,,,,
,,,三峰环境(601827.SH),2300,18791.00,8.17,-803.98
,,,重庆银行(601963.SH),2800,19068.00,6.81,-1567.59
,,,塔牌集团(002233.SZ),2800,19572.00,6.99,-886.96
,,,郑州银行(002936.SZ),11200,19488.00,1.74,67.42
,,,天津港(600717.SH),4000,17400.00,4.35,280.71
,,,粤高速A(000429.SZ),2100,23184.00,11.04,2421.41
,,,南京高科(600064.SH),3400,19652.00,5.78,-763.04
,,,裕同科技(002831.SZ),1000,23100.00,23.1,-2749.33
2024-08-29,209999.98,49583.98,,,,,
,,,三峰环境(601827.SH),2300,19136.00,8.32,-458.98
,,,裕同科技(002831.SZ),1000,22990.00,22.99,-2859.33
,,,南京高科(600064.SH),3400,19108.00,5.62,-1307.04
,,,重庆银行(601963.SH),2800,19208.00,6.86,-1427.59
,,,塔牌集团(002233.SZ),2800,19432.00,6.94,-1026.96
,,,粤高速A(000429.SZ),2100,23646.00,11.26,2883.41
,,,郑州银行(002936.SZ),11200,19376.00,1.73,-44.58
,,,天津港(600717.SH),4000,17520.00,4.38,400.71
2024-08-28,211288.98,49583.98,,,,,
,,,裕同科技(002831.SZ),1000,22390.00,22.39,-3459.33
,,,南京高科(600064.SH),3400,19312.00,5.68,-1103.04
,,,粤高速A(000429.SZ),2100,23898.00,11.38,3135.41
,,,重庆银行(601963.SH),2800,19824.00,7.08,-811.59
,,,塔牌集团(002233.SZ),2800,19432.00,6.94,-1026.96
,,,天津港(600717.SH),4000,17840.00,4.46,720.71
,,,郑州银行(002936.SZ),11200,19712.00,1.76,291.42
,,,三峰环境(601827.SH),2300,19297.00,8.39,-297.98
2024-08-27,212177.98,49583.98,,,,,
,,,南京高科(600064.SH),3400,19482.00,5.73,-933.04
,,,天津港(600717.SH),4000,17920.00,4.48,800.71
,,,粤高速A(000429.SZ),2100,23835.00,11.35,3072.41
,,,塔牌集团(002233.SZ),2800,19544.00,6.98,-914.96
,,,重庆银行(601963.SH),2800,19992.00,7.14,-643.59
,,,三峰环境(601827.SH),2300,19941.00,8.67,346.02
,,,裕同科技(002831.SZ),1000,22280.00,22.28,-3569.33
,,,郑州银行(002936.SZ),11200,19600.00,1.75,179.42
2024-08-26,211400.98,49583.98,,,,,
,,,天津港(600717.SH),4000,17760.00,4.44,640.71
,,,裕同科技(002831.SZ),1000,22070.00,22.07,-3779.33
,,,粤高速A(000429.SZ),2100,23646.00,11.26,2883.41
,,,三峰环境(601827.SH),2300,19665.00,8.55,70.02
,,,郑州银行(002936.SZ),11200,19712.00,1.76,291.42
,,,重庆银行(601963.SH),2800,19852.00,7.09,-783.59
,,,南京高科(600064.SH),3400,19652.00,5.78,-763.04
,,,塔牌集团(002233.SZ),2800,19460.00,6.95,-998.96
2024-08-23,212885.98,49583.98,,,,,
,,,郑州银行(002936.SZ),11200,19600.00,1.75,179.42
,,,裕同科技(002831.SZ),1000,22530.00,22.53,-3319.33
,,,天津港(600717.SH),4000,18320.00,4.58,1200.71
,,,南京高科(600064.SH),3400,19720.00,5.8,-695.04
,,,塔牌集团(002233.SZ),2800,19152.00,6.84,-1306.96
,,,重庆银行(601963.SH),2800,19768.00,7.06,-867.59
,,,粤高速A(000429.SZ),2100,24087.00,11.47,3324.41
,,,三峰环境(601827.SH),2300,20125.00,8.75,530.02
2024-08-22,212776.98,49583.98,,,,,
,,,重庆银行(601963.SH),2800,19768.00,7.06,-867.59
,,,南京高科(600064.SH),3400,19788.00,5.82,-627.04
,,,塔牌集团(002233.SZ),2800,18900.00,6.75,-1558.96
,,,粤高速A(000429.SZ),2100,24024.00,11.44,3261.41
,,,天津港(600717.SH),4000,18280.00,4.57,1160.71
,,,裕同科技(002831.SZ),1000,22320.00,22.32,-3529.33
,,,三峰环境(601827.SH),2300,20401.00,8.87,806.02
,,,郑州银行(002936.SZ),11200,19712.00,1.76,291.42
2024-08-21,212018.98,49583.98,,,,,
,,,三峰环境(601827.SH),2300,20309.00,8.83,714.02
,,,南京高科(600064.SH),3400,19890.00,5.85,-525.04
,,,裕同科技(002831.SZ),1000,22280.00,22.28,-3569.33
,,,重庆银行(601963.SH),2800,19572.00,6.99,-1063.59
,,,粤高速A(000429.SZ),2100,23604.00,11.24,2841.41
,,,天津港(600717.SH),4000,18000.00,4.5,880.71
,,,塔牌集团(002233.SZ),2800,19068.00,6.81,-1390.96
,,,郑州银行(002936.SZ),11200,19712.00,1.76,291.42
2024-08-20,212957.98,49583.98,,,,,
,,,南京高科(600064.SH),3400,20196.00,5.94,-219.04
,,,重庆银行(601963.SH),2800,19852.00,7.09,-783.59
,,,裕同科技(002831.SZ),1000,22220.00,22.22,-3629.33
,,,粤高速A(000429.SZ),2100,23373.00,11.13,2610.41
,,,三峰环境(601827.SH),2300,20401.00,8.87,806.02
,,,天津港(600717.SH),4000,18160.00,4.54,1040.71
,,,郑州银行(002936.SZ),11200,19824.00,1.77,403.42
,,,塔牌集团(002233.SZ),2800,19348.00,6.91,-1110.96
2024-08-19,215041.98,49583.98,,,,,
,,,天津港(600717.SH),4000,18440.00,4.61,1320.71
,,,粤高速A(000429.SZ),2100,23415.00,11.15,2652.41
,,,塔牌集团(002233.SZ),2800,19880.00,7.1,-578.96
,,,裕同科技(002831.SZ),1000,22630.00,22.63,-3219.33
,,,南京高科(600064.SH),3400,20468.00,6.02,52.96
,,,郑州银行(002936.SZ),11200,20048.00,1.79,627.42
,,,三峰环境(601827.SH),2300,20585.00,8.95,990.02
,,,重庆银行(601963.SH),2800,19992.00,7.14,-643.59
2024-08-16,214200.98,49583.98,,,,,
,,,塔牌集团(002233.SZ),2800,19880.00,7.1,-578.96
,,,三峰环境(601827.SH),2300,20516.00,8.92,921.02
,,,南京高科(600064.SH),3400,20536.00,6.04,120.96
,,,粤高速A(000429.SZ),2100,23247.00,11.07,2484.41
,,,裕同科技(002831.SZ),1000,22750.00,22.75,-3099.33
,,,天津港(600717.SH),4000,18320.00,4.58,1200.71
,,,重庆银行(601963.SH),2800,19544.00,6.98,-1091.59
,,,郑州银行(002936.SZ),11200,19824.00,1.77,403.42
2024-08-15,215179.98,49583.98,,,,,
,,,郑州银行(002936.SZ),11200,19824.00,1.77,403.42
,,,南京高科(600064.SH),3400,20706.00,6.09,290.96
,,,重庆银行(601963.SH),2800,19432.00,6.94,-1203.59
,,,天津港(600717.SH),4000,18520.00,4.63,1400.71
,,,裕同科技(002831.SZ),1000,22830.00,22.83,-3019.33
,,,三峰环境(601827.SH),2300,20884.00,9.08,1289.02
,,,粤高速A(000429.SZ),2100,23352.00,11.12,2589.41
,,,塔牌集团(002233.SZ),2800,20048.00,7.16,-410.96
2024-08-14,213813.98,49583.98,,,,,
,,,粤高速A(000429.SZ),2100,22932.00,10.92,2169.41
,,,南京高科(600064.SH),3400,20570.00,6.05,154.96
,,,重庆银行(601963.SH),2800,19292.00,6.89,-1343.59
,,,三峰环境(601827.SH),2300,20562.00,8.94,967.02
,,,郑州银行(002936.SZ),11200,19600.00,1.75,179.42
,,,天津港(600717.SH),4000,18240.00,4.56,1120.71
,,,裕同科技(002831.SZ),1000,22790.00,22.79,-3059.33
,,,塔牌集团(002233.SZ),2800,20244.00,7.23,-214.96
2024-08-13,214303.98,49583.98,,,,,
,,,重庆银行(601963.SH),2800,19292.00,6.89,-1343.59
,,,南京高科(600064.SH),3400,20604.00,6.06,188.96
,,,天津港(600717.SH),4000,18400.00,4.6,1280.71
,,,郑州银行(002936.SZ),11200,19712.00,1.76,291.42
,,,裕同科技(002831.SZ),1000,23180.00,23.18,-2669.33
,,,塔牌集团(002233.SZ),2800,20412.00,7.29,-46.96
,,,三峰环境(601827.SH),2300,20608.00,8.96,1013.02
,,,粤高速A(000429.SZ),2100,22512.00,10.72,1749.41
2024-08-12,213087.98,49583.98,,,,,
,,,粤高速A(000429.SZ),2100,22113.00,10.53,1350.41
,,,郑州银行(002936.SZ),11200,19600.00,1.75,179.42
,,,天津港(600717.SH),4000,18080.00,4.52,960.71
,,,三峰环境(601827.SH),2300,20355.00,8.85,760.02
,,,裕同科技(002831.SZ),1000,23300.00,23.3,-2549.33
,,,南京高科(600064.SH),3400,20604.00,6.06,188.96
,,,重庆银行(601963.SH),2800,19180.00,6.85,-1455.59
,,,塔牌集团(002233.SZ),2800,20272.00,7.24,-186.96
2024-08-09,213398.98,49583.98,,,,,
,,,南京高科(600064.SH),3400,20570.00,6.05,154.96
,,,塔牌集团(002233.SZ),2800,20552.00,7.34,93.04
,,,粤高速A(000429.SZ),2100,21861.00,10.41,1098.41
,,,三峰环境(601827.SH),2300,20194.00,8.78,599.02
,,,重庆银行(601963.SH),2800,19404.00,6.93,-1231.59
,,,天津港(600717.SH),4000,18240.00,4.56,1120.71
,,,裕同科技(002831.SZ),1000,23170.00,23.17,-2679.33
,,,郑州银行(002936.SZ),11200,19824.00,1.77,403.42
2024-08-08,214387.98,49583.98,,,,,
,,,塔牌集团(002233.SZ),2800,20972.00,7.49,513.04
,,,粤高速A(000429.SZ),2100,22176.00,10.56,1413.41
,,,裕同科技(002831.SZ),1000,23620.00,23.62,-2229.33
,,,天津港(600717.SH),4000,18360.00,4.59,1240.71
,,,南京高科(600064.SH),3400,20366.00,5.99,-49.04
,,,重庆银行(601963.SH),2800,19404.00,6.93,-1231.59
,,,三峰环境(601827.SH),2300,20194.00,8.78,599.02
,,,郑州银行(002936.SZ),11200,19712.00,1.76,291.42
2024-08-07,212751.98,49583.98,,,,,
,,,重庆银行(601963.SH),2800,19432.00,6.94,-1203.59
,,,南京高科(600064.SH),3400,20094.00,5.91,-321.04
,,,粤高速A(000429.SZ),2100,21777.00,10.37,1014.41
,,,裕同科技(002831.SZ),1000,23110.00,23.11,-2739.33
,,,塔牌集团(002233.SZ),2800,20888.00,7.46,429.04
,,,天津港(600717.SH),4000,18280.00,4.57,1160.71
,,,郑州银行(002936.SZ),11200,19600.00,1.75,179.42
,,,三峰环境(601827.SH),2300,19987.00,8.69,392.02
2024-08-06,213110.98,49583.98,,,,,
,,,裕同科技(002831.SZ),1000,22830.00,22.83,-3019.33
,,,南京高科(600064.SH),3400,20196.00,5.94,-219.04
,,,三峰环境(601827.SH),2300,19780.00,8.6,185.02
,,,天津港(600717.SH),4000,18520.00,4.63,1400.71
,,,塔牌集团(002233.SZ),2800,20832.00,7.44,373.04
,,,重庆银行(601963.SH),2800,19544.00,6.98,-1091.59
,,,郑州银行(002936.SZ),11200,19712.00,1.76,291.42
,,,粤高速A(000429.SZ),2100,22113.00,10.53,1350.41
2024-08-05,213957.98,49583.98,,,,,
,,,粤高速A(000429.SZ),2100,23310.00,11.1,2547.41
,,,天津港(600717.SH),4000,18600.00,4.65,1480.71
,,,三峰环境(601827.SH),2300,20286.00,8.82,691.02
,,,裕同科技(002831.SZ),1000,22820.00,22.82,-3029.33
,,,南京高科(600064.SH),3400,20026.00,5.89,-389.04
,,,重庆银行(601963.SH),2800,19684.00,7.03,-951.59
,,,塔牌集团(002233.SZ),2800,19936.00,7.12,-522.96
,,,郑州银行(002936.SZ),11200,19712.00,1.76,291.42
2024-08-02,216182.98,49583.98,,,,,
,,,粤高速A(000429.SZ),2100,23667.00,11.27,2904.41
,,,裕同科技(002831.SZ),1000,22720.00,22.72,-3129.33
,,,三峰环境(601827.SH),2300,20976.00,9.12,1381.02
,,,郑州银行(002936.SZ),11200,19824.00,1.77,403.42
,,,天津港(600717.SH),4000,19200.00,4.8,2080.71
,,,塔牌集团(002233.SZ),2800,20048.00,7.16,-410.96
,,,重庆银行(601963.SH),2800,20104.00,7.18,-531.59
,,,南京高科(600064.SH),3400,20060.00,5.9,-355.04
2024-08-01,216727.98,49583.98,,,,,
,,,粤高速A(000429.SZ),2100,23478.00,11.18,2715.41
,,,塔牌集团(002233.SZ),2800,19908.00,7.11,-550.96
,,,裕同科技(002831.SZ),1000,22890.00,22.89,-2959.33
,,,重庆银行(601963.SH),2800,20272.00,7.24,-363.59
,,,郑州银行(002936.SZ),11200,19936.00,1.78,515.42
,,,三峰环境(601827.SH),2300,21114.00,9.18,1519.02
,,,天津港(600717.SH),4000,19520.00,4.88,2400.71
,,,南京高科(600064.SH),3400,20026.00,5.89,-389.04
2024-07-31,215888.98,49583.98,,,,,
,,,裕同科技(002831.SZ),1000,23330.00,23.33,-2519.33
,,,重庆银行(601963.SH),2800,20384.00,7.28,-251.59
,,,三峰环境(601827.SH),2300,20815.00,9.05,1220.02
,,,天津港(600717.SH),4000,18720.00,4.68,1600.71
,,,南京高科(600064.SH),3400,20196.00,5.94,-219.04
,,,塔牌集团(002233.SZ),2800,19824.00,7.08,-634.96
,,,郑州银行(002936.SZ),11200,20272.00,1.81,851.42
,,,粤高速A(000429.SZ),2100,22764.00,10.84,2001.41
2024-07-30,213937.98,49583.98,,,,,
,,,塔牌集团(002233.SZ),2800,20048.00,7.16,-410.96
,,,裕同科技(002831.SZ),1000,22580.00,22.58,-3269.33
,,,南京高科(600064.SH),3400,19754.00,5.81,-661.04
,,,粤高速A(000429.SZ),2100,22827.00,10.87,2064.41
,,,天津港(600717.SH),4000,18320.00,4.58,1200.71
,,,重庆银行(601963.SH),2800,20272.00,7.24,-363.59
,,,三峰环境(601827.SH),2300,20953.00,9.11,1358.02
,,,郑州银行(002936.SZ),11200,19600.00,1.75,179.42
2024-07-29,212803.98,49583.98,,,,,
,,,重庆银行(601963.SH),2800,20468.00,7.31,-167.59
,,,塔牌集团(002233.SZ),2800,20020.00,7.15,-438.96
,,,郑州银行(002936.SZ),11200,19488.00,1.74,67.42
,,,裕同科技(002831.SZ),1000,22450.00,22.45,-3399.33
,,,三峰环境(601827.SH),2300,20953.00,9.11,1358.02
,,,南京高科(600064.SH),3400,19482.00,5.73,-933.04
,,,粤高速A(000429.SZ),2100,22239.00,10.59,1476.41
,,,天津港(600717.SH),4000,18120.00,4.53,1000.71
2024-07-26,213021.98,49583.98,,,,,
,,,天津港(600717.SH),4000,17920.00,4.48,800.71
,,,裕同科技(002831.SZ),1000,23240.00,23.24,-2609.33
,,,塔牌集团(002233.SZ),2800,20216.00,7.22,-242.96
,,,南京高科(600064.SH),3400,19550.00,5.75,-865.04
,,,郑州银行(002936.SZ),11200,19488.00,1.74,67.42
,,,重庆银行(601963.SH),2800,20384.00,7.28,-251.59
,,,三峰环境(601827.SH),2300,20884.00,9.08,1289.02
,,,粤高速A(000429.SZ),2100,21756.00,10.36,993.41
2024-07-25,213124.98,49583.98,,,,,
,,,裕同科技(002831.SZ),1000,22980.00,22.98,-2869.33
,,,天津港(600717.SH),4000,17840.00,4.46,720.71
,,,重庆银行(601963.SH),2800,20580.00,7.35,-55.59
,,,塔牌集团(002233.SZ),2800,20244.00,7.23,-214.96
,,,三峰环境(601827.SH),2300,21045.00,9.15,1450.02
,,,南京高科(600064.SH),3400,19482.00,5.73,-933.04
,,,粤高速A(000429.SZ),2100,21882.00,10.42,1119.41
,,,郑州银行(002936.SZ),11200,19488.00,1.74,67.42
2024-07-24,211847.98,49583.98,,,,,
,,,粤高速A(000429.SZ),2100,21462.00,10.22,699.41
,,,裕同科技(002831.SZ),1000,23050.00,23.05,-2799.33
,,,三峰环境(601827.SH),2300,20562.00,8.94,967.02
,,,郑州银行(002936.SZ),11200,19376.00,1.73,-44.58
,,,南京高科(600064.SH),3400,19414.00,5.71,-1001.04
,,,重庆银行(601963.SH),2800,20832.00,7.44,196.41
,,,塔牌集团(002233.SZ),2800,19768.00,7.06,-690.96
,,,天津港(600717.SH),4000,17800.00,4.45,680.71
2024-07-23,210899.98,49583.98,,,,,
,,,天津港(600717.SH),4000,17680.00,4.42,560.71
,,,南京高科(600064.SH),3400,19482.00,5.73,-933.04
,,,塔牌集团(002233.SZ),2800,19740.00,7.05,-718.96
,,,郑州银行(002936.SZ),11200,19600.00,1.75,179.42
,,,粤高速A(000429.SZ),2100,21210.00,10.1,447.41
,,,重庆银行(601963.SH),2800,20440.00,7.3,-195.59
,,,裕同科技(002831.SZ),1000,23200.00,23.2,-2649.33
,,,三峰环境(601827.SH),2300,19964.00,8.68,369.02
2024-07-22,211839.98,49583.98,,,,,
,,,南京高科(600064.SH),3400,19516.00,5.74,-899.04
,,,粤高速A(000429.SZ),2100,21336.00,10.16,573.41
,,,重庆银行(601963.SH),2800,20188.00,7.21,-447.59
,,,天津港(600717.SH),4000,17680.00,4.42,560.71
,,,裕同科技(002831.SZ),1000,23870.00,23.87,-1979.33
,,,郑州银行(002936.SZ),11200,19712.00,1.76,291.42
,,,塔牌集团(002233.SZ),2800,19852.00,7.09,-606.96
,,,三峰环境(601827.SH),2300,20102.00,8.74,507.02
2024-07-19,213083.98,49583.98,,,,,
,,,粤高速A(000429.SZ),2100,21609.00,10.29,846.41
,,,郑州银行(002936.SZ),11200,19712.00,1.76,291.42
,,,塔牌集团(002233.SZ),2800,20020.00,7.15,-438.96
,,,裕同科技(002831.SZ),1000,24070.00,24.07,-1779.33
,,,天津港(600717.SH),4000,17760.00,4.44,640.71
,,,重庆银行(601963.SH),2800,20692.00,7.39,56.41
,,,三峰环境(601827.SH),2300,19849.00,8.63,254.02
,,,南京高科(600064.SH),3400,19788.00,5.82,-627.04
2024-07-18,215628.58,48441.58,,,,,
,,,郑州银行(002936.SZ),11200,19824.00,1.77,403.42
,,,重庆银行(601963.SH),2800,22540.00,8.05,762.01
,,,南京高科(600064.SH),3400,19992.00,5.88,-423.04
,,,三峰环境(601827.SH),2300,20125.00,8.75,530.02
,,,裕同科技(002831.SZ),1000,24570.00,24.57,-1279.33
,,,塔牌集团(002233.SZ),2800,20496.00,7.32,37.04
,,,天津港(600717.SH),4000,17800.00,4.45,680.71
,,,粤高速A(000429.SZ),2100,21840.00,10.4,1077.41
2024-07-17,214991.58,48441.58,,,,,
,,,南京高科(600064.SH),3400,19992.00,5.88,-423.04
,,,裕同科技(002831.SZ),1000,24560.00,24.56,-1289.33
,,,粤高速A(000429.SZ),2100,21504.00,10.24,741.41
,,,天津港(600717.SH),4000,17680.00,4.42,560.71
,,,三峰环境(601827.SH),2300,20010.00,8.7,415.02
,,,塔牌集团(002233.SZ),2800,20776.00,7.42,317.04
,,,重庆银行(601963.SH),2800,22204.00,7.93,426.01
,,,郑州银行(002936.SZ),11200,19824.00,1.77,403.42
2024-07-16,214444.58,47489.58,,,,,
,,,裕同科技(002831.SZ),1000,24100.00,24.1,-1749.33
,,,南京高科(600064.SH),3400,20774.00,6.11,-593.04
,,,塔牌集团(002233.SZ),2800,20664.00,7.38,205.04
,,,郑州银行(002936.SZ),11200,19712.00,1.76,291.42
,,,三峰环境(601827.SH),2300,20263.00,8.81,668.02
,,,重庆银行(601963.SH),2800,21924.00,7.83,146.01
,,,粤高速A(000429.SZ),2100,21798.00,10.38,1035.41
,,,天津港(600717.SH),4000,17720.00,4.43,600.71
2024-07-15,215614.58,47489.58,,,,,
,,,重庆银行(601963.SH),2800,21896.00,7.82,118.01
,,,粤高速A(000429.SZ),2100,21924.00,10.44,1161.41
,,,南京高科(600064.SH),3400,20774.00,6.11,-593.04
,,,三峰环境(601827.SH),2300,20677.00,8.99,1082.02
,,,裕同科技(002831.SZ),1000,24110.00,24.11,-1739.33
,,,塔牌集团(002233.SZ),2800,21000.00,7.5,541.04
,,,天津港(600717.SH),4000,17920.00,4.48,800.71
,,,郑州银行(002936.SZ),11200,19824.00,1.77,403.42
2024-07-12,215688.88,46340.88,,,,,
,,,南京高科(600064.SH),3400,20774.00,6.11,-593.04
,,,裕同科技(002831.SZ),1000,24650.00,24.65,-1199.33
,,,天津港(600717.SH),4000,17880.00,4.47,760.71
,,,塔牌集团(002233.SZ),2800,20776.00,7.42,317.04
,,,粤高速A(000429.SZ),2100,23142.00,11.02,1230.71
,,,三峰环境(601827.SH),2300,20378.00,8.86,783.02
,,,郑州银行(002936.SZ),11200,19936.00,1.78,515.42
,,,重庆银行(601963.SH),2800,21812.00,7.79,34.01
2024-07-11,214435.88,46340.88,,,,,
,,,塔牌集团(002233.SZ),2800,20580.00,7.35,121.04
,,,重庆银行(601963.SH),2800,21280.00,7.6,-497.99
,,,郑州银行(002936.SZ),11200,19824.00,1.77,403.42
,,,粤高速A(000429.SZ),2100,22890.00,10.9,978.71
,,,天津港(600717.SH),4000,17920.00,4.48,800.71
,,,三峰环境(601827.SH),2300,20401.00,8.87,806.02
,,,南京高科(600064.SH),3400,20570.00,6.05,-797.04
,,,裕同科技(002831.SZ),1000,24630.00,24.63,-1219.33
2024-07-10,213732.88,46340.88,,,,,
,,,重庆银行(601963.SH),2800,21448.00,7.66,-329.99
,,,塔牌集团(002233.SZ),2800,20216.00,7.22,-242.96
,,,天津港(600717.SH),4000,17680.00,4.42,560.71
,,,粤高速A(000429.SZ),2100,23373.00,11.13,1461.71
,,,南京高科(600064.SH),3400,20264.00,5.96,-1103.04
,,,郑州银行(002936.SZ),11200,19600.00,1.75,179.42
,,,三峰环境(601827.SH),2300,20171.00,8.77,576.02
,,,裕同科技(002831.SZ),1000,24640.00,24.64,-1209.33
2024-07-09,214958.88,46340.88,,,,,
,,,郑州银行(002936.SZ),11200,19600.00,1.75,179.42
,,,南京高科(600064.SH),3400,20468.00,6.02,-899.04
,,,塔牌集团(002233.SZ),2800,20300.00,7.25,-158.96
,,,三峰环境(601827.SH),2300,20401.00,8.87,806.02
,,,粤高速A(000429.SZ),2100,23835.00,11.35,1923.71
,,,天津港(600717.SH),4000,17720.00,4.43,600.71
,,,裕同科技(002831.SZ),1000,24650.00,24.65,-1199.33
,,,重庆银行(601963.SH),2800,21644.00,7.73,-133.99
2024-07-08,213239.88,46340.88,,,,,
,,,塔牌集团(002233.SZ),2800,20552.00,7.34,93.04
,,,南京高科(600064.SH),3400,20230.00,5.95,-1137.04
,,,三峰环境(601827.SH),2300,20447.00,8.89,852.02
,,,郑州银行(002936.SZ),11200,19376.00,1.73,-44.58
,,,天津港(600717.SH),4000,17440.00,4.36,320.71
,,,重庆银行(601963.SH),2800,21364.00,7.63,-413.99
,,,粤高速A(000429.SZ),2100,23310.00,11.1,1398.71
,,,裕同科技(002831.SZ),1000,24180.00,24.18,-1669.33
2024-07-05,214490.88,46340.88,,,,,
,,,郑州银行(002936.SZ),11200,19488.00,1.74,67.42
,,,三峰环境(601827.SH),2300,20355.00,8.85,760.02
,,,粤高速A(000429.SZ),2100,23457.00,11.17,1545.71
,,,南京高科(600064.SH),3400,20536.00,6.04,-831.04
,,,天津港(600717.SH),4000,17440.00,4.36,320.71
,,,塔牌集团(002233.SZ),2800,20524.00,7.33,65.04
,,,重庆银行(601963.SH),2800,21560.00,7.7,-217.99
,,,裕同科技(002831.SZ),1000,24790.00,24.79,-1059.33
2024-07-04,214227.88,46340.88,,,,,
,,,塔牌集团(002233.SZ),2800,20608.00,7.36,149.04
,,,粤高速A(000429.SZ),2100,23163.00,11.03,1251.71
,,,重庆银行(601963.SH),2800,21952.00,7.84,174.01
,,,裕同科技(002831.SZ),1000,24420.00,24.42,-1429.33
,,,南京高科(600064.SH),3400,20536.00,6.04,-831.04
,,,天津港(600717.SH),4000,17440.00,4.36,320.71
,,,郑州银行(002936.SZ),11200,19712.00,1.76,291.42
,,,三峰环境(601827.SH),2300,20056.00,8.72,461.02
2024-07-03,215375.88,46340.88,,,,,
,,,裕同科技(002831.SZ),1000,24690.00,24.69,-1159.33
,,,三峰环境(601827.SH),2300,20102.00,8.74,507.02
,,,重庆银行(601963.SH),2800,22288.00,7.96,510.01
,,,郑州银行(002936.SZ),11200,20048.00,1.79,627.42
,,,南京高科(600064.SH),3400,20842.00,6.13,-525.04
,,,塔牌集团(002233.SZ),2800,20720.00,7.4,261.04
,,,粤高速A(000429.SZ),2100,22785.00,10.85,873.71
,,,天津港(600717.SH),4000,17560.00,4.39,440.71
2024-07-02,214696.88,46340.88,,,,,
,,,天津港(600717.SH),4000,17480.00,4.37,360.71
,,,裕同科技(002831.SZ),1000,24790.00,24.79,-1059.33
,,,重庆银行(601963.SH),2800,22484.00,8.03,706.01
,,,南京高科(600064.SH),3400,20842.00,6.13,-525.04
,,,三峰环境(601827.SH),2300,20033.00,8.71,438.02
,,,塔牌集团(002233.SZ),2800,20468.00,7.31,9.04
,,,郑州银行(002936.SZ),11200,19936.00,1.78,515.42
,,,粤高速A(000429.SZ),2100,22323.00,10.63,411.71
2024-07-01,214037.88,46340.88,,,,,
,,,三峰环境(601827.SH),2300,20033.00,8.71,438.02
,,,南京高科(600064.SH),3400,21012.00,6.18,-355.04
,,,粤高速A(000429.SZ),2100,22008.00,10.48,96.71
,,,塔牌集团(002233.SZ),2800,20356.00,7.27,-102.96
,,,郑州银行(002936.SZ),11200,19488.00,1.74,67.42
,,,重庆银行(601963.SH),2800,22120.00,7.9,342.01
,,,天津港(600717.SH),4000,17280.00,4.32,160.71
,,,裕同科技(002831.SZ),1000,25400.00,25.4,-449.33
2024-06-28,213206.01,47190.01,,,,,
,,,南京高科(600064.SH),4200,25494.00,6.07,-900.58
,,,山西焦化(600740.SH),3800,14896.00,3.92,-4071.97
,,,江阴银行(002807.SZ),5300,19981.00,3.77,907.91
,,,齐鲁银行(601665.SH),3800,18658.00,4.91,2661.28
,,,张家港行(002839.SZ),5500,22110.00,4.02,1931.16
,,,福建高速(600033.SH),7000,23450.00,3.35,575.57
,,,青岛银行(002948.SZ),5600,18872.00,3.37,1526.13
,,,甘肃能化(000552.SZ),6500,22555.00,3.47,3920.74
2024-06-27,210751.01,47190.01,,,,,
,,,青岛银行(002948.SZ),5600,18256.00,3.26,910.13
,,,南京高科(600064.SH),4200,25326.00,6.03,-1068.58
,,,张家港行(002839.SZ),5500,21780.00,3.96,1601.16
,,,江阴银行(002807.SZ),5300,19663.00,3.71,589.91
,,,齐鲁银行(601665.SH),3800,18240.00,4.8,2243.28
,,,甘肃能化(000552.SZ),6500,22230.00,3.42,3595.74
,,,福建高速(600033.SH),7000,23170.00,3.31,295.57
,,,山西焦化(600740.SH),3800,14896.00,3.92,-4071.97
2024-06-26,211534.01,46350.01,,,,,
,,,齐鲁银行(601665.SH),3800,18164.00,4.78,2167.28
,,,福建高速(600033.SH),7000,24010.00,3.43,295.57
,,,青岛银行(002948.SZ),5600,18312.00,3.27,966.13
,,,江阴银行(002807.SZ),5300,19610.00,3.7,536.91
,,,山西焦化(600740.SH),3800,15200.00,4,-3767.97
,,,张家港行(002839.SZ),5500,21835.00,3.97,1656.16
,,,南京高科(600064.SH),4200,25368.00,6.04,-1026.58
,,,甘肃能化(000552.SZ),6500,22685.00,3.49,4050.74
2024-06-25,209344.01,46350.01,,,,,
,,,甘肃能化(000552.SZ),6500,21645.00,3.33,3010.74
,,,南京高科(600064.SH),4200,25074.00,5.97,-1320.58
,,,青岛银行(002948.SZ),5600,18088.00,3.23,742.13
,,,福建高速(600033.SH),7000,24080.00,3.44,365.57
,,,江阴银行(002807.SZ),5300,19504.00,3.68,430.91
,,,齐鲁银行(601665.SH),3800,18164.00,4.78,2167.28
,,,山西焦化(600740.SH),3800,14934.00,3.93,-4033.97
,,,张家港行(002839.SZ),5500,21505.00,3.91,1326.16
2024-06-24,206944.01,46350.01,,,,,
,,,青岛银行(002948.SZ),5600,17920.00,3.2,574.13
,,,甘肃能化(000552.SZ),6500,20800.00,3.2,2165.74
,,,齐鲁银行(601665.SH),3800,17822.00,4.69,1825.28
,,,张家港行(002839.SZ),5500,21230.00,3.86,1051.16
,,,江阴银行(002807.SZ),5300,19292.00,3.64,218.91
,,,福建高速(600033.SH),7000,23800.00,3.4,85.57
,,,山西焦化(600740.SH),3800,14782.00,3.89,-4185.97
,,,南京高科(600064.SH),4200,24948.00,5.94,-1446.58
2024-06-21,210107.01,46350.01,,,,,
,,,齐鲁银行(601665.SH),3800,18050.00,4.75,2053.28
,,,张家港行(002839.SZ),5500,21615.00,3.93,1436.16
,,,山西焦化(600740.SH),3800,15428.00,4.06,-3539.97
,,,青岛银行(002948.SZ),5600,18312.00,3.27,966.13
,,,江阴银行(002807.SZ),5300,19663.00,3.71,589.91
,,,南京高科(600064.SH),4200,25494.00,6.07,-900.58
,,,福建高速(600033.SH),7000,23940.00,3.42,225.57
,,,甘肃能化(000552.SZ),6500,21255.00,3.27,2620.74
2024-06-20,209994.01,45700.01,,,,,
,,,福建高速(600033.SH),7000,23870.00,3.41,155.57
,,,南京高科(600064.SH),4200,25368.00,6.04,-1026.58
,,,甘肃能化(000552.SZ),6500,22165.00,3.41,2880.74
,,,齐鲁银行(601665.SH),3800,17860.00,4.7,1863.28
,,,青岛银行(002948.SZ),5600,18088.00,3.23,742.13
,,,张家港行(002839.SZ),5500,21670.00,3.94,1491.16
,,,江阴银行(002807.SZ),5300,19769.00,3.73,695.91
,,,山西焦化(600740.SH),3800,15504.00,4.08,-3463.97
2024-06-19,212451.01,44614.01,,,,,
,,,青岛银行(002948.SZ),5600,19432.00,3.47,1190.13
,,,甘肃能化(000552.SZ),6500,22165.00,3.41,2880.74
,,,江阴银行(002807.SZ),5300,20087.00,3.79,1013.91
,,,南京高科(600064.SH),4200,25704.00,6.12,-690.58
,,,张家港行(002839.SZ),5500,22055.00,4.01,1876.16
,,,齐鲁银行(601665.SH),3800,18506.00,4.87,2509.28
,,,福建高速(600033.SH),7000,24080.00,3.44,365.57
,,,山西焦化(600740.SH),3800,15808.00,4.16,-3349.97
2024-06-18,212993.01,44614.01,,,,,
,,,齐鲁银行(601665.SH),3800,18126.00,4.77,2129.28
,,,张家港行(002839.SZ),5500,22110.00,4.02,1931.16
,,,青岛银行(002948.SZ),5600,19264.00,3.44,1022.13
,,,甘肃能化(000552.SZ),6500,22750.00,3.5,3465.74
,,,南京高科(600064.SH),4200,25830.00,6.15,-564.58
,,,福建高速(600033.SH),7000,24290.00,3.47,575.57
,,,江阴银行(002807.SZ),5300,20087.00,3.79,1013.91
,,,山西焦化(600740.SH),3800,15922.00,4.19,-3235.97
2024-06-17,211889.01,44614.01,,,,,
,,,青岛银行(002948.SZ),5600,19096.00,3.41,854.13
,,,齐鲁银行(601665.SH),3800,17822.00,4.69,1825.28
,,,江阴银行(002807.SZ),5300,19981.00,3.77,907.91
,,,张家港行(002839.SZ),5500,21890.00,3.98,1711.16
,,,福建高速(600033.SH),7000,23800.00,3.4,85.57
,,,甘肃能化(000552.SZ),6500,23140.00,3.56,3855.74
,,,南京高科(600064.SH),4200,25662.00,6.11,-732.58
,,,山西焦化(600740.SH),3800,15884.00,4.18,-3273.97
2024-06-14,213742.01,44614.01,,,,,
,,,江阴银行(002807.SZ),5300,20246.00,3.82,1172.91
,,,福建高速(600033.SH),7000,23940.00,3.42,225.57
,,,张家港行(002839.SZ),5500,21945.00,3.99,1766.16
,,,甘肃能化(000552.SZ),6500,23725.00,3.65,4440.74
,,,南京高科(600064.SH),4200,25788.00,6.14,-606.58
,,,齐鲁银行(601665.SH),3800,18126.00,4.77,2129.28
,,,青岛银行(002948.SZ),5600,19208.00,3.43,966.13
,,,山西焦化(600740.SH),3800,16150.00,4.25,-3007.97
2024-06-13,211757.01,44614.01,,,,,
,,,山西焦化(600740.SH),3800,16150.00,4.25,-3007.97
,,,青岛银行(002948.SZ),5600,18984.00,3.39,742.13
,,,南京高科(600064.SH),4200,25536.00,6.08,-858.58
,,,江阴银行(002807.SZ),5300,20034.00,3.78,960.91
,,,齐鲁银行(601665.SH),3800,17784.00,4.68,1787.28
,,,福建高速(600033.SH),7000,23660.00,3.38,-54.43
,,,甘肃能化(000552.SZ),6500,23270.00,3.58,3985.74
,,,张家港行(002839.SZ),5500,21725.00,3.95,1546.16
2024-06-12,215084.01,44614.01,,,,,
,,,福建高速(600033.SH),7000,23940.00,3.42,225.57
,,,齐鲁银行(601665.SH),3800,18278.00,4.81,2281.28
,,,山西焦化(600740.SH),3800,16416.00,4.32,-2741.97
,,,江阴银行(002807.SZ),5300,20299.00,3.83,1225.91
,,,张家港行(002839.SZ),5500,22055.00,4.01,1876.16
,,,青岛银行(002948.SZ),5600,19208.00,3.43,966.13
,,,南京高科(600064.SH),4200,25704.00,6.12,-690.58
,,,甘肃能化(000552.SZ),6500,24570.00,3.78,5285.74
2024-06-11,214788.01,44614.01,,,,,
,,,齐鲁银行(601665.SH),3800,18430.00,4.85,2433.28
,,,山西焦化(600740.SH),3800,16150.00,4.25,-3007.97
,,,甘肃能化(000552.SZ),6500,23920.00,3.68,4635.74
,,,张家港行(002839.SZ),5500,22165.00,4.03,1986.16
,,,青岛银行(002948.SZ),5600,19264.00,3.44,1022.13
,,,南京高科(600064.SH),4200,25830.00,6.15,-564.58
,,,福建高速(600033.SH),7000,24010.00,3.43,295.57
,,,江阴银行(002807.SZ),5300,20405.00,3.85,1331.91
2024-06-07,216979.01,44614.01,,,,,
,,,山西焦化(600740.SH),3800,16492.00,4.34,-2665.97
,,,青岛银行(002948.SZ),5600,19656.00,3.51,1414.13
,,,南京高科(600064.SH),4200,26166.00,6.23,-228.58
,,,甘肃能化(000552.SZ),6500,23595.00,3.63,4310.74
,,,江阴银行(002807.SZ),5300,20776.00,3.92,1702.91
,,,张家港行(002839.SZ),5500,22440.00,4.08,2261.16
,,,齐鲁银行(601665.SH),3800,18810.00,4.95,2813.28
,,,福建高速(600033.SH),7000,24430.00,3.49,715.57
2024-06-06,214386.01,44614.01,,,,,
,,,山西焦化(600740.SH),3800,15998.00,4.21,-3159.97
,,,福建高速(600033.SH),7000,23520.00,3.36,-194.43
,,,南京高科(600064.SH),4200,25704.00,6.12,-690.58
,,,齐鲁银行(601665.SH),3800,18468.00,4.86,2471.28
,,,江阴银行(002807.SZ),5300,20564.00,3.88,1490.91
,,,甘肃能化(000552.SZ),6500,23920.00,3.68,4635.74
,,,张家港行(002839.SZ),5500,22110.00,4.02,1931.16
,,,青岛银行(002948.SZ),5600,19488.00,3.48,1246.13
2024-06-05,215427.01,43514.01,,,,,
,,,南京高科(600064.SH),4200,26082.00,6.21,-312.58
,,,青岛银行(002948.SZ),5600,19600.00,3.5,1358.13
,,,甘肃能化(000552.SZ),6500,23855.00,3.67,4570.74
,,,张家港行(002839.SZ),5500,23210.00,4.22,1931.16
,,,江阴银行(002807.SZ),5300,20564.00,3.88,1490.91
,,,齐鲁银行(601665.SH),3800,18544.00,4.88,2547.28
,,,福建高速(600033.SH),7000,23870.00,3.41,155.57
,,,山西焦化(600740.SH),3800,16188.00,4.26,-2969.97
2024-06-04,219374.01,43514.01,,,,,
,,,山西焦化(600740.SH),3800,16606.00,4.37,-2551.97
,,,福建高速(600033.SH),7000,24150.00,3.45,435.57
,,,南京高科(600064.SH),4200,26586.00,6.33,191.42
,,,张家港行(002839.SZ),5500,23705.00,4.31,2426.16
,,,青岛银行(002948.SZ),5600,20216.00,3.61,1974.13
,,,江阴银行(002807.SZ),5300,21200.00,4,2126.91
,,,齐鲁银行(601665.SH),3800,19152.00,5.04,3155.28
,,,甘肃能化(000552.SZ),6500,24245.00,3.73,4960.74
2024-06-03,218397.01,43514.01,,,,,
,,,张家港行(002839.SZ),5500,23540.00,4.28,2261.16
,,,青岛银行(002948.SZ),5600,19880.00,3.55,1638.13
,,,甘肃能化(000552.SZ),6500,24700.00,3.8,5415.74
,,,齐鲁银行(601665.SH),3800,18886.00,4.97,2889.28
,,,福建高速(600033.SH),7000,23730.00,3.39,15.57
,,,山西焦化(600740.SH),3800,16644.00,4.38,-2513.97
,,,江阴银行(002807.SZ),5300,21253.00,4.01,2179.91
,,,南京高科(600064.SH),4200,26250.00,6.25,-144.58
2024-05-31,221691.01,43514.01,,,,,
,,,齐鲁银行(601665.SH),3800,19000.00,5,3003.28
,,,江阴银行(002807.SZ),5300,21942.00,4.14,2868.91
,,,青岛银行(002948.SZ),5600,20328.00,3.63,2086.13
,,,福建高速(600033.SH),7000,23730.00,3.39,15.57
,,,张家港行(002839.SZ),5500,24145.00,4.39,2866.16
,,,山西焦化(600740.SH),3800,17100.00,4.5,-2057.97
,,,甘肃能化(000552.SZ),6500,25220.00,3.88,5935.74
,,,南京高科(600064.SH),4200,26712.00,6.36,317.42
2024-05-30,219559.01,43514.01,,,,,
,,,山西焦化(600740.SH),3800,16986.00,4.47,-2171.97
,,,张家港行(002839.SZ),5500,24145.00,4.39,2866.16
,,,江阴银行(002807.SZ),5300,21730.00,4.1,2656.91
,,,甘肃能化(000552.SZ),6500,23530.00,3.62,4245.74
,,,青岛银行(002948.SZ),5600,20272.00,3.62,2030.13
,,,齐鲁银行(601665.SH),3800,19038.00,5.01,3041.28
,,,福建高速(600033.SH),7000,23590.00,3.37,-124.43
,,,南京高科(600064.SH),4200,26754.00,6.37,359.42
2024-05-29,221938.01,43514.01,,,,,
,,,甘肃能化(000552.SZ),6500,24570.00,3.78,5285.74
,,,江阴银行(002807.SZ),5300,21677.00,4.09,2603.91
,,,青岛银行(002948.SZ),5600,20608.00,3.68,2366.13
,,,南京高科(600064.SH),4200,27174.00,6.47,779.42
,,,山西焦化(600740.SH),3800,17214.00,4.53,-1943.97
,,,张家港行(002839.SZ),5500,24255.00,4.41,2976.16
,,,福建高速(600033.SH),7000,23660.00,3.38,-54.43
,,,齐鲁银行(601665.SH),3800,19266.00,5.07,3269.28
2024-05-28,221836.01,43514.01,,,,,
,,,南京高科(600064.SH),4200,27258.00,6.49,863.42
,,,山西焦化(600740.SH),3800,17138.00,4.51,-2019.97
,,,江阴银行(002807.SZ),5300,21677.00,4.09,2603.91
,,,青岛银行(002948.SZ),5600,20944.00,3.74,2702.13
,,,甘肃能化(000552.SZ),6500,23530.00,3.62,4245.74
,,,福建高速(600033.SH),7000,23730.00,3.39,15.57
,,,张家港行(002839.SZ),5500,24475.00,4.45,3196.16
,,,齐鲁银行(601665.SH),3800,19570.00,5.15,3573.28
2024-05-27,223640.01,43514.01,,,,,
,,,福建高速(600033.SH),7000,23870.00,3.41,155.57
,,,齐鲁银行(601665.SH),3800,19760.00,5.2,3763.28
,,,山西焦化(600740.SH),3800,17252.00,4.54,-1905.97
,,,甘肃能化(000552.SZ),6500,23205.00,3.57,3920.74
,,,青岛银行(002948.SZ),5600,21336.00,3.81,3094.13
,,,江阴银行(002807.SZ),5300,21942.00,4.14,2868.91
,,,南京高科(600064.SH),4200,27846.00,6.63,1451.42
,,,张家港行(002839.SZ),5500,24915.00,4.53,3636.16
2024-05-24,222740.01,43514.01,,,,,
,,,山西焦化(600740.SH),3800,17176.00,4.52,-1981.97
,,,齐鲁银行(601665.SH),3800,19570.00,5.15,3573.28
,,,张家港行(002839.SZ),5500,24805.00,4.51,3526.16
,,,江阴银行(002807.SZ),5300,21889.00,4.13,2815.91
,,,甘肃能化(000552.SZ),6500,23140.00,3.56,3855.74
,,,福建高速(600033.SH),7000,23590.00,3.37,-124.43
,,,青岛银行(002948.SZ),5600,21336.00,3.81,3094.13
,,,南京高科(600064.SH),4200,27720.00,6.6,1325.42
2024-05-23,222729.01,43514.01,,,,,
,,,南京高科(600064.SH),4200,28140.00,6.7,1745.42
,,,青岛银行(002948.SZ),5600,21224.00,3.79,2982.13
,,,张家港行(002839.SZ),5500,24750.00,4.5,3471.16
,,,福建高速(600033.SH),7000,23520.00,3.36,-194.43
,,,齐鲁银行(601665.SH),3800,19532.00,5.14,3535.28
,,,山西焦化(600740.SH),3800,17138.00,4.51,-2019.97
,,,甘肃能化(000552.SZ),6500,23075.00,3.55,3790.74
,,,江阴银行(002807.SZ),5300,21836.00,4.12,2762.91
2024-05-22,225659.01,43514.01,,,,,
,,,青岛银行(002948.SZ),5600,21392.00,3.82,3150.13
,,,山西焦化(600740.SH),3800,17670.00,4.65,-1487.97
,,,甘肃能化(000552.SZ),6500,23985.00,3.69,4700.74
,,,南京高科(600064.SH),4200,28770.00,6.85,2375.42
,,,江阴银行(002807.SZ),5300,21836.00,4.12,2762.91
,,,张家港行(002839.SZ),5500,24970.00,4.54,3691.16
,,,福建高速(600033.SH),7000,23800.00,3.4,85.57
,,,齐鲁银行(601665.SH),3800,19722.00,5.19,3725.28
2024-05-21,224233.01,43514.01,,,,,
,,,福建高速(600033.SH),7000,23800.00,3.4,85.57
,,,青岛银行(002948.SZ),5600,20944.00,3.74,2702.13
,,,南京高科(600064.SH),4200,28728.00,6.84,2333.42
,,,山西焦化(600740.SH),3800,17480.00,4.6,-1677.97
,,,齐鲁银行(601665.SH),3800,19722.00,5.19,3725.28
,,,甘肃能化(000552.SZ),6500,24050.00,3.7,4765.74
,,,江阴银行(002807.SZ),5300,21465.00,4.05,2391.91
,,,张家港行(002839.SZ),5500,24530.00,4.46,3251.16
2024-05-20,222547.01,43514.01,,,,,
,,,青岛银行(002948.SZ),5600,20608.00,3.68,2366.13
,,,江阴银行(002807.SZ),5300,20988.00,3.96,1914.91
,,,齐鲁银行(601665.SH),3800,19608.00,5.16,3611.28
,,,张家港行(002839.SZ),5500,24200.00,4.4,2921.16
,,,山西焦化(600740.SH),3800,17670.00,4.65,-1487.97
,,,福建高速(600033.SH),7000,24010.00,3.43,295.57
,,,甘肃能化(000552.SZ),6500,23725.00,3.65,4440.74
,,,南京高科(600064.SH),4200,28224.00,6.72,1829.42
2024-05-17,222371.01,43514.01,,,,,
,,,南京高科(600064.SH),4200,28602.00,6.81,2207.42
,,,江阴银行(002807.SZ),5300,21147.00,3.99,2073.91
,,,福建高速(600033.SH),7000,23730.00,3.39,15.57
,,,张家港行(002839.SZ),5500,24475.00,4.45,3196.16
,,,甘肃能化(000552.SZ),6500,23075.00,3.55,3790.74
,,,山西焦化(600740.SH),3800,17328.00,4.56,-1829.97
,,,齐鲁银行(601665.SH),3800,19836.00,5.22,3839.28
,,,青岛银行(002948.SZ),5600,20664.00,3.69,2422.13
2024-05-16,218820.01,43514.01,,,,,
,,,甘肃能化(000552.SZ),6500,22620.00,3.48,3335.74
,,,青岛银行(002948.SZ),5600,20328.00,3.63,2086.13
,,,福建高速(600033.SH),7000,23730.00,3.39,15.57
,,,南京高科(600064.SH),4200,27426.00,6.53,1031.42
,,,江阴银行(002807.SZ),5300,20776.00,3.92,1702.91
,,,张家港行(002839.SZ),5500,23870.00,4.34,2591.16
,,,齐鲁银行(601665.SH),3800,19456.00,5.12,3459.28
,,,山西焦化(600740.SH),3800,17100.00,4.5,-2057.97
2024-05-15,217142.01,43514.01,,,,,
,,,江阴银行(002807.SZ),5300,20405.00,3.85,1331.91
,,,甘肃能化(000552.SZ),6500,22880.00,3.52,3595.74
,,,南京高科(600064.SH),4200,26964.00,6.42,569.42
,,,山西焦化(600740.SH),3800,17100.00,4.5,-2057.97
,,,齐鲁银行(601665.SH),3800,19114.00,5.03,3117.28
,,,青岛银行(002948.SZ),5600,19880.00,3.55,1638.13
,,,张家港行(002839.SZ),5500,23485.00,4.27,2206.16
,,,福建高速(600033.SH),7000,23800.00,3.4,85.57
2024-05-14,216837.01,43514.01,,,,,
,,,张家港行(002839.SZ),5500,23430.00,4.26,2151.16
,,,福建高速(600033.SH),7000,24080.00,3.44,365.57
,,,齐鲁银行(601665.SH),3800,19076.00,5.02,3079.28
,,,江阴银行(002807.SZ),5300,20246.00,3.82,1172.91
,,,青岛银行(002948.SZ),5600,19768.00,3.53,1526.13
,,,山西焦化(600740.SH),3800,17024.00,4.48,-2133.97
,,,南京高科(600064.SH),4200,26754.00,6.37,359.42
,,,甘肃能化(000552.SZ),6500,22945.00,3.53,3660.74
2024-05-13,217522.01,43514.01,,,,,
,,,齐鲁银行(601665.SH),3800,19304.00,5.08,3307.28
,,,福建高速(600033.SH),7000,24080.00,3.44,365.57
,,,山西焦化(600740.SH),3800,17100.00,4.5,-2057.97
,,,张家港行(002839.SZ),5500,23320.00,4.24,2041.16
,,,甘肃能化(000552.SZ),6500,23400.00,3.6,4115.74
,,,青岛银行(002948.SZ),5600,19656.00,3.51,1414.13
,,,南京高科(600064.SH),4200,26796.00,6.38,401.42
,,,江阴银行(002807.SZ),5300,20352.00,3.84,1278.91
2024-05-10,215223.01,43514.01,,,,,
,,,张家港行(002839.SZ),5500,23100.00,4.2,1821.16
,,,南京高科(600064.SH),4200,26922.00,6.41,527.42
,,,山西焦化(600740.SH),3800,17328.00,4.56,-1829.97
,,,齐鲁银行(601665.SH),3800,18316.00,4.82,2319.28
,,,江阴银行(002807.SZ),5300,19981.00,3.77,907.91
,,,青岛银行(002948.SZ),5600,19432.00,3.47,1190.13
,,,甘肃能化(000552.SZ),6500,22620.00,3.48,3335.74
,,,福建高速(600033.SH),7000,24010.00,3.43,295.57
2024-05-09,214355.01,42507.01,,,,,
,,,山西焦化(600740.SH),3800,17442.00,4.59,-1715.97
,,,甘肃能化(000552.SZ),6500,22880.00,3.52,3595.74
,,,福建高速(600033.SH),7000,23870.00,3.41,155.57
,,,南京高科(600064.SH),4200,26460.00,6.3,65.42
,,,江阴银行(002807.SZ),5300,20776.00,3.92,695.91
,,,齐鲁银行(601665.SH),3800,18164.00,4.78,2167.28
,,,张家港行(002839.SZ),5500,22880.00,4.16,1601.16
,,,青岛银行(002948.SZ),5600,19376.00,3.46,1134.13
2024-05-08,212886.01,42507.01,,,,,
,,,甘肃能化(000552.SZ),6500,22685.00,3.49,3400.74
,,,江阴银行(002807.SZ),5300,20617.00,3.89,536.91
,,,青岛银行(002948.SZ),5600,19040.00,3.4,798.13
,,,山西焦化(600740.SH),3800,17404.00,4.58,-1753.97
,,,福建高速(600033.SH),7000,23660.00,3.38,-54.43
,,,齐鲁银行(601665.SH),3800,18050.00,4.75,2053.28
,,,南京高科(600064.SH),4200,26208.00,6.24,-186.58
,,,张家港行(002839.SZ),5500,22715.00,4.13,1436.16
2024-05-07,214413.01,42507.01,,,,,
,,,江阴银行(002807.SZ),5300,20829.00,3.93,748.91
,,,齐鲁银行(601665.SH),3800,18202.00,4.79,2205.28
,,,甘肃能化(000552.SZ),6500,22750.00,3.5,3465.74
,,,山西焦化(600740.SH),3800,17442.00,4.59,-1715.97
,,,青岛银行(002948.SZ),5600,19264.00,3.44,1022.13
,,,张家港行(002839.SZ),5500,22935.00,4.17,1656.16
,,,南京高科(600064.SH),4200,26754.00,6.37,359.42
,,,福建高速(600033.SH),7000,23730.00,3.39,15.57
2024-05-06,214565.01,42507.01,,,,,
,,,山西焦化(600740.SH),3800,17556.00,4.62,-1601.97
,,,张家港行(002839.SZ),5500,23045.00,4.19,1766.16
,,,甘肃能化(000552.SZ),6500,22555.00,3.47,3270.74
,,,齐鲁银行(601665.SH),3800,17936.00,4.72,1939.28
,,,青岛银行(002948.SZ),5600,19432.00,3.47,1190.13
,,,南京高科(600064.SH),4200,26712.00,6.36,317.42
,,,福建高速(600033.SH),7000,23940.00,3.42,225.57
,,,江阴银行(002807.SZ),5300,20882.00,3.94,801.91
2024-04-30,213933.01,42507.01,,,,,
,,,福建高速(600033.SH),7000,23660.00,3.38,-54.43
,,,南京高科(600064.SH),4200,26460.00,6.3,65.42
,,,张家港行(002839.SZ),5500,22825.00,4.15,1546.16
,,,青岛银行(002948.SZ),5600,19432.00,3.47,1190.13
,,,江阴银行(002807.SZ),5300,20829.00,3.93,748.91
,,,山西焦化(600740.SH),3800,17214.00,4.53,-1943.97
,,,甘肃能化(000552.SZ),6500,22880.00,3.52,3595.74
,,,齐鲁银行(601665.SH),3800,18126.00,4.77,2129.28
2024-04-29,212943.01,42507.01,,,,,
,,,青岛银行(002948.SZ),5600,18872.00,3.37,630.13
,,,齐鲁银行(601665.SH),3800,18164.00,4.78,2167.28
,,,南京高科(600064.SH),4200,26838.00,6.39,443.42
,,,福建高速(600033.SH),7000,23240.00,3.32,-474.43
,,,甘肃能化(000552.SZ),6500,22425.00,3.45,3140.74
,,,张家港行(002839.SZ),5500,22770.00,4.14,1491.16
,,,山西焦化(600740.SH),3800,17404.00,4.58,-1753.97
,,,江阴银行(002807.SZ),5300,20723.00,3.91,642.91
2024-04-26,211387.01,42507.01,,,,,
,,,青岛银行(002948.SZ),5600,18424.00,3.29,182.13
,,,甘肃能化(000552.SZ),6500,23140.00,3.56,3855.74
,,,福建高速(600033.SH),7000,23240.00,3.32,-474.43
,,,江阴银行(002807.SZ),5300,20405.00,3.85,324.91
,,,齐鲁银行(601665.SH),3800,17252.00,4.54,1255.28
,,,山西焦化(600740.SH),3800,17138.00,4.51,-2019.97
,,,张家港行(002839.SZ),5500,22275.00,4.05,996.16
,,,南京高科(600064.SH),4200,27006.00,6.43,611.42
2024-04-25,211649.01,42507.01,,,,,
,,,江阴银行(002807.SZ),5300,20723.00,3.91,642.91
,,,青岛银行(002948.SZ),5600,18816.00,3.36,574.13
,,,甘肃能化(000552.SZ),6500,21970.00,3.38,2685.74
,,,山西焦化(600740.SH),3800,17214.00,4.53,-1943.97
,,,齐鲁银行(601665.SH),3800,17594.00,4.63,1597.28
,,,张家港行(002839.SZ),5500,22495.00,4.09,1216.16
,,,南京高科(600064.SH),4200,26880.00,6.4,485.42
,,,福建高速(600033.SH),7000,23450.00,3.35,-264.43
2024-04-24,209319.01,42507.01,,,,,
,,,甘肃能化(000552.SZ),6500,21840.00,3.36,2555.74
,,,南京高科(600064.SH),4200,27006.00,6.43,611.42
,,,福建高速(600033.SH),7000,23100.00,3.3,-614.43
,,,青岛银行(002948.SZ),5600,18480.00,3.3,238.13
,,,张家港行(002839.SZ),5500,22275.00,4.05,996.16
,,,山西焦化(600740.SH),3800,16606.00,4.37,-2551.97
,,,江阴银行(002807.SZ),5300,20405.00,3.85,324.91
,,,齐鲁银行(601665.SH),3800,17100.00,4.5,1103.28
2024-04-23,209358.01,42507.01,,,,,
,,,福建高速(600033.SH),7000,22960.00,3.28,-754.43
,,,江阴银行(002807.SZ),5300,20564.00,3.88,483.91
,,,山西焦化(600740.SH),3800,17138.00,4.51,-2019.97
,,,南京高科(600064.SH),4200,26796.00,6.38,401.42
,,,张家港行(002839.SZ),5500,22440.00,4.08,1161.16
,,,甘肃能化(000552.SZ),6500,20995.00,3.23,1710.74
,,,青岛银行(002948.SZ),5600,18592.00,3.32,350.13
,,,齐鲁银行(601665.SH),3800,17366.00,4.57,1369.28
2024-04-22,213036.01,42507.01,,,,,
,,,齐鲁银行(601665.SH),3800,17366.00,4.57,1369.28
,,,张家港行(002839.SZ),5500,22440.00,4.08,1161.16
,,,青岛银行(002948.SZ),5600,18704.00,3.34,462.13
,,,甘肃能化(000552.SZ),6500,21905.00,3.37,2620.74
,,,山西焦化(600740.SH),3800,19038.00,5.01,-119.97
,,,南京高科(600064.SH),4200,27132.00,6.46,737.42
,,,江阴银行(002807.SZ),5300,20564.00,3.88,483.91
,,,福建高速(600033.SH),7000,23380.00,3.34,-334.43
2024-04-19,215977.01,42507.01,,,,,
,,,山西焦化(600740.SH),3800,19494.00,5.13,336.03
,,,福建高速(600033.SH),7000,23800.00,3.4,85.57
,,,南京高科(600064.SH),4200,27468.00,6.54,1073.42
,,,齐鲁银行(601665.SH),3800,17594.00,4.63,1597.28
,,,张家港行(002839.SZ),5500,22660.00,4.12,1381.16
,,,甘肃能化(000552.SZ),6500,22750.00,3.5,3465.74
,,,江阴银行(002807.SZ),5300,20776.00,3.92,695.91
,,,青岛银行(002948.SZ),5600,18928.00,3.38,686.13
2024-04-18,216130.01,42507.01,,,,,
,,,福建高速(600033.SH),7000,23590.00,3.37,-124.43
,,,甘肃能化(000552.SZ),6500,23075.00,3.55,3790.74
,,,南京高科(600064.SH),4200,27636.00,6.58,1241.42
,,,青岛银行(002948.SZ),5600,18984.00,3.39,742.13
,,,张家港行(002839.SZ),5500,22550.00,4.1,1271.16
,,,山西焦化(600740.SH),3800,19342.00,5.09,184.03
,,,江阴银行(002807.SZ),5300,20776.00,3.92,695.91
,,,齐鲁银行(601665.SH),3800,17670.00,4.65,1673.28
2024-04-17,215633.01,42507.01,,,,,
,,,南京高科(600064.SH),4200,27636.00,6.58,1241.42
,,,齐鲁银行(601665.SH),3800,17442.00,4.59,1445.28
,,,江阴银行(002807.SZ),5300,20511.00,3.87,430.91
,,,甘肃能化(000552.SZ),6500,22425.00,3.45,3140.74
,,,山西焦化(600740.SH),3800,19342.00,5.09,184.03
,,,青岛银行(002948.SZ),5600,18760.00,3.35,518.13
,,,张家港行(002839.SZ),5500,22440.00,4.08,1161.16
,,,福建高速(600033.SH),7000,24570.00,3.51,855.57
2024-04-16,212943.01,42507.01,,,,,
,,,江阴银行(002807.SZ),5300,20087.00,3.79,6.91
,,,齐鲁银行(601665.SH),3800,17062.00,4.49,1065.28
,,,山西焦化(600740.SH),3800,19114.00,5.03,-43.97
,,,张家港行(002839.SZ),5500,21945.00,3.99,666.16
,,,甘肃能化(000552.SZ),6500,22620.00,3.48,3335.74
,,,福建高速(600033.SH),7000,23800.00,3.4,85.57
,,,南京高科(600064.SH),4200,27384.00,6.52,989.42
,,,青岛银行(002948.SZ),5600,18424.00,3.29,182.13
2024-04-15,214162.01,42507.01,,,,,
,,,张家港行(002839.SZ),5500,22275.00,4.05,996.16
,,,山西焦化(600740.SH),3800,19570.00,5.15,412.03
,,,江阴银行(002807.SZ),5300,20405.00,3.85,324.91
,,,福建高速(600033.SH),7000,24430.00,3.49,715.57
,,,甘肃能化(000552.SZ),6500,21905.00,3.37,2620.74
,,,齐鲁银行(601665.SH),3800,17290.00,4.55,1293.28
,,,青岛银行(002948.SZ),5600,18648.00,3.33,406.13
,,,南京高科(600064.SH),4200,27132.00,6.46,737.42
2024-04-12,211059.01,42507.01,,,,,
,,,甘肃能化(000552.SZ),6500,20540.00,3.16,1255.74
,,,齐鲁银行(601665.SH),3800,16796.00,4.42,799.28
,,,山西焦化(600740.SH),3800,19646.00,5.17,488.03
,,,青岛银行(002948.SZ),5600,18424.00,3.29,182.13
,,,江阴银行(002807.SZ),5300,20299.00,3.83,218.91
,,,福建高速(600033.SH),7000,24080.00,3.44,365.57
,,,张家港行(002839.SZ),5500,22055.00,4.01,776.16
,,,南京高科(600064.SH),4200,26712.00,6.36,317.42
2024-04-11,211035.01,42507.01,,,,,
,,,齐鲁银行(601665.SH),3800,16910.00,4.45,913.28
,,,青岛银行(002948.SZ),5600,18592.00,3.32,350.13
,,,福建高速(600033.SH),7000,23940.00,3.42,225.57
,,,南京高科(600064.SH),4200,26754.00,6.37,359.42
,,,江阴银行(002807.SZ),5300,20405.00,3.85,324.91
,,,山西焦化(600740.SH),3800,19342.00,5.09,184.03
,,,张家港行(002839.SZ),5500,22110.00,4.02,831.16
,,,甘肃能化(000552.SZ),6500,20475.00,3.15,1190.74
2024-04-10,210437.01,42507.01,,,,,
,,,山西焦化(600740.SH),3800,19152.00,5.04,-5.97
,,,张家港行(002839.SZ),5500,22165.00,4.03,886.16
,,,齐鲁银行(601665.SH),3800,16834.00,4.43,837.28
,,,青岛银行(002948.SZ),5600,18592.00,3.32,350.13
,,,甘肃能化(000552.SZ),6500,20150.00,3.1,865.74
,,,福建高速(600033.SH),7000,23730.00,3.39,15.57
,,,江阴银行(002807.SZ),5300,20511.00,3.87,430.91
,,,南京高科(600064.SH),4200,26796.00,6.38,401.42
2024-04-09,210753.01,42507.01,,,,,
,,,甘肃能化(000552.SZ),6500,20020.00,3.08,735.74
,,,齐鲁银行(601665.SH),3800,16910.00,4.45,913.28
,,,张家港行(002839.SZ),5500,22220.00,4.04,941.16
,,,江阴银行(002807.SZ),5300,20564.00,3.88,483.91
,,,山西焦化(600740.SH),3800,19190.00,5.05,32.03
,,,南京高科(600064.SH),4200,26922.00,6.41,527.42
,,,福建高速(600033.SH),7000,23660.00,3.38,-54.43
,,,青岛银行(002948.SZ),5600,18760.00,3.35,518.13
2024-04-08,210136.01,42507.01,,,,,
,,,南京高科(600064.SH),4200,26586.00,6.33,191.42
,,,青岛银行(002948.SZ),5600,18592.00,3.32,350.13
,,,张家港行(002839.SZ),5500,22220.00,4.04,941.16
,,,江阴银行(002807.SZ),5300,20458.00,3.86,377.91
,,,齐鲁银行(601665.SH),3800,16948.00,4.46,951.28
,,,山西焦化(600740.SH),3800,19000.00,5,-157.97
,,,甘肃能化(000552.SZ),6500,19955.00,3.07,670.74
,,,福建高速(600033.SH),7000,23870.00,3.41,155.57
2024-04-03,209811.01,42507.01,,,,,
,,,甘肃能化(000552.SZ),6500,20020.00,3.08,735.74
,,,齐鲁银行(601665.SH),3800,16910.00,4.45,913.28
,,,南京高科(600064.SH),4200,26628.00,6.34,233.42
,,,山西焦化(600740.SH),3800,18924.00,4.98,-233.97
,,,福建高速(600033.SH),7000,23660.00,3.38,-54.43
,,,青岛银行(002948.SZ),5600,18592.00,3.32,350.13
,,,张家港行(002839.SZ),5500,22165.00,4.03,886.16
,,,江阴银行(002807.SZ),5300,20405.00,3.85,324.91
2024-04-02,208628.01,42507.01,,,,,
,,,山西焦化(600740.SH),3800,18430.00,4.85,-727.97
,,,青岛银行(002948.SZ),5600,18592.00,3.32,350.13
,,,齐鲁银行(601665.SH),3800,16834.00,4.43,837.28
,,,福建高速(600033.SH),7000,23520.00,3.36,-194.43
,,,南京高科(600064.SH),4200,26502.00,6.31,107.42
,,,甘肃能化(000552.SZ),6500,19565.00,3.01,280.74
,,,张家港行(002839.SZ),5500,22220.00,4.04,941.16
,,,江阴银行(002807.SZ),5300,20458.00,3.86,377.91
2024-04-01,208021.01,42507.01,,,,,
,,,张家港行(002839.SZ),5500,22165.00,4.03,886.16
,,,甘肃能化(000552.SZ),6500,19305.00,2.97,20.74
,,,山西焦化(600740.SH),3800,18240.00,4.8,-917.97
,,,齐鲁银行(601665.SH),3800,16872.00,4.44,875.28
,,,江阴银行(002807.SZ),5300,20458.00,3.86,377.91
,,,青岛银行(002948.SZ),5600,18592.00,3.32,350.13
,,,福建高速(600033.SH),7000,23380.00,3.34,-334.43
,,,南京高科(600064.SH),4200,26502.00,6.31,107.42
2024-03-29,205867.21,45019.21,,,,,
,,,张家港行(002839.SZ),5500,21835.00,3.97,556.16
,,,郑州银行(002936.SZ),14900,29055.00,1.95,-1505.34
,,,贵研铂业(600459.SH),1200,17844.00,14.87,-53.08
,,,山西焦化(600740.SH),3800,18126.00,4.77,-1031.97
,,,金禾实业(002597.SZ),700,13062.00,18.66,-2205.46
,,,安徽建工(600502.SH),4100,19885.00,4.85,735.04
,,,新疆众和(600888.SH),2600,20878.00,8.03,1932.51
,,,齐鲁银行(601665.SH),4700,20163.00,4.29,377.59
2024-03-28,204911.21,45019.21,,,,,
,,,新疆众和(600888.SH),2600,20384.00,7.84,1438.51
,,,安徽建工(600502.SH),4100,19803.00,4.83,653.04
,,,山西焦化(600740.SH),3800,17860.00,4.7,-1297.97
,,,贵研铂业(600459.SH),1200,17400.00,14.5,-497.08
,,,张家港行(002839.SZ),5500,21835.00,3.97,556.16
,,,郑州银行(002936.SZ),14900,29651.00,1.99,-909.34
,,,齐鲁银行(601665.SH),4700,20163.00,4.29,377.59
,,,金禾实业(002597.SZ),700,12796.00,18.28,-2471.46
2024-03-27,204205.21,45019.21,,,,,
,,,金禾实业(002597.SZ),700,12838.00,18.34,-2429.46
,,,新疆众和(600888.SH),2600,19838.00,7.63,892.51
,,,齐鲁银行(601665.SH),4700,20351.00,4.33,565.59
,,,张家港行(002839.SZ),5500,21945.00,3.99,666.16
,,,郑州银行(002936.SZ),14900,29800.00,2,-760.34
,,,贵研铂业(600459.SH),1200,17196.00,14.33,-701.08
,,,山西焦化(600740.SH),3800,17784.00,4.68,-1373.97
,,,安徽建工(600502.SH),4100,19434.00,4.74,284.04
2024-03-26,206644.21,45019.21,,,,,
,,,金禾实业(002597.SZ),700,13223.00,18.89,-2044.46
,,,齐鲁银行(601665.SH),4700,20257.00,4.31,471.59
,,,新疆众和(600888.SH),2600,20384.00,7.84,1438.51
,,,山西焦化(600740.SH),3800,18050.00,4.75,-1107.97
,,,贵研铂业(600459.SH),1200,17412.00,14.51,-485.08
,,,张家港行(002839.SZ),5500,22055.00,4.01,776.16
,,,郑州银行(002936.SZ),14900,29949.00,2.01,-611.34
,,,安徽建工(600502.SH),4100,20295.00,4.95,1145.04
2024-03-25,205705.21,45019.21,,,,,
,,,张家港行(002839.SZ),5500,21835.00,3.97,556.16
,,,安徽建工(600502.SH),4100,19639.00,4.79,489.04
,,,郑州银行(002936.SZ),14900,29949.00,2.01,-611.34
,,,贵研铂业(600459.SH),1200,17628.00,14.69,-269.08
,,,山西焦化(600740.SH),3800,18240.00,4.8,-917.97
,,,齐鲁银行(601665.SH),4700,20069.00,4.27,283.59
,,,新疆众和(600888.SH),2600,20306.00,7.81,1360.51
,,,金禾实业(002597.SZ),700,13020.00,18.6,-2247.46
2024-03-22,206565.21,45019.21,,,,,
,,,张家港行(002839.SZ),5500,21835.00,3.97,556.16
,,,齐鲁银行(601665.SH),4700,19975.00,4.25,189.59
,,,金禾实业(002597.SZ),700,13566.00,19.38,-1701.46
,,,贵研铂业(600459.SH),1200,17916.00,14.93,18.92
,,,新疆众和(600888.SH),2600,20254.00,7.79,1308.51
,,,山西焦化(600740.SH),3800,18468.00,4.86,-689.97
,,,郑州银行(002936.SZ),14900,30098.00,2.02,-462.34
,,,安徽建工(600502.SH),4100,19434.00,4.74,284.04
2024-03-21,208821.21,45019.21,,,,,
,,,张家港行(002839.SZ),5500,22110.00,4.02,831.16
,,,山西焦化(600740.SH),3800,18734.00,4.93,-423.97
,,,新疆众和(600888.SH),2600,20618.00,7.93,1672.51
,,,齐鲁银行(601665.SH),4700,20210.00,4.3,424.59
,,,金禾实业(002597.SZ),700,13720.00,19.6,-1547.46
,,,贵研铂业(600459.SH),1200,18252.00,15.21,354.92
,,,安徽建工(600502.SH),4100,19762.00,4.82,612.04
,,,郑州银行(002936.SZ),14900,30396.00,2.04,-164.34
2024-03-20,207903.21,45019.21,,,,,
,,,贵研铂业(600459.SH),1200,17976.00,14.98,78.92
,,,安徽建工(600502.SH),4100,19393.00,4.73,243.04
,,,山西焦化(600740.SH),3800,18848.00,4.96,-309.97
,,,郑州银行(002936.SZ),14900,30396.00,2.04,-164.34
,,,齐鲁银行(601665.SH),4700,20163.00,4.29,377.59
,,,张家港行(002839.SZ),5500,22110.00,4.02,831.16
,,,新疆众和(600888.SH),2600,20306.00,7.81,1360.51
,,,金禾实业(002597.SZ),700,13692.00,19.56,-1575.46
2024-03-19,207121.21,45019.21,,,,,
,,,山西焦化(600740.SH),3800,18924.00,4.98,-233.97
,,,安徽建工(600502.SH),4100,19311.00,4.71,161.04
,,,郑州银行(002936.SZ),14900,30247.00,2.03,-313.34
,,,张家港行(002839.SZ),5500,22000.00,4,721.16
,,,金禾实业(002597.SZ),700,13153.00,18.79,-2114.46
,,,新疆众和(600888.SH),2600,20384.00,7.84,1438.51
,,,贵研铂业(600459.SH),1200,18108.00,15.09,210.92
,,,齐鲁银行(601665.SH),4700,19975.00,4.25,189.59
2024-03-18,208001.21,45019.21,,,,,
,,,新疆众和(600888.SH),2600,20540.00,7.9,1594.51
,,,贵研铂业(600459.SH),1200,18144.00,15.12,246.92
,,,郑州银行(002936.SZ),14900,30545.00,2.05,-15.34
,,,张家港行(002839.SZ),5500,22165.00,4.03,886.16
,,,山西焦化(600740.SH),3800,18924.00,4.98,-233.97
,,,齐鲁银行(601665.SH),4700,20210.00,4.3,424.59
,,,安徽建工(600502.SH),4100,19434.00,4.74,284.04
,,,金禾实业(002597.SZ),700,13020.00,18.6,-2247.46
2024-03-15,207236.21,45019.21,,,,,
,,,山西焦化(600740.SH),3800,18886.00,4.97,-271.97
,,,齐鲁银行(601665.SH),4700,20163.00,4.29,377.59
,,,贵研铂业(600459.SH),1200,18216.00,15.18,318.92
,,,张家港行(002839.SZ),5500,22055.00,4.01,776.16
,,,安徽建工(600502.SH),4100,19229.00,4.69,79.04
,,,新疆众和(600888.SH),2600,20306.00,7.81,1360.51
,,,郑州银行(002936.SZ),14900,30545.00,2.05,-15.34
,,,金禾实业(002597.SZ),700,12817.00,18.31,-2450.46
2024-03-14,204775.21,45019.21,,,,,
,,,安徽建工(600502.SH),4100,19188.00,4.68,38.04
,,,齐鲁银行(601665.SH),4700,19928.00,4.24,142.59
,,,贵研铂业(600459.SH),1200,17172.00,14.31,-725.08
,,,郑州银行(002936.SZ),14900,30247.00,2.03,-313.34
,,,山西焦化(600740.SH),3800,18848.00,4.96,-309.97
,,,金禾实业(002597.SZ),700,12642.00,18.06,-2625.46
,,,新疆众和(600888.SH),2600,19786.00,7.61,840.51
,,,张家港行(002839.SZ),5500,21945.00,3.99,666.16
2024-03-13,204995.21,45019.21,,,,,
,,,安徽建工(600502.SH),4100,19147.00,4.67,-2.96
,,,山西焦化(600740.SH),3800,18810.00,4.95,-347.97
,,,贵研铂业(600459.SH),1200,17112.00,14.26,-785.08
,,,张家港行(002839.SZ),5500,22055.00,4.01,776.16
,,,金禾实业(002597.SZ),700,12768.00,18.24,-2499.46
,,,郑州银行(002936.SZ),14900,30396.00,2.04,-164.34
,,,新疆众和(600888.SH),2600,19760.00,7.6,814.51
,,,齐鲁银行(601665.SH),4700,19928.00,4.24,142.59
2024-03-12,205888.21,45019.21,,,,,
,,,山西焦化(600740.SH),3800,18810.00,4.95,-347.97
,,,齐鲁银行(601665.SH),4700,20116.00,4.28,330.59
,,,张家港行(002839.SZ),5500,22220.00,4.04,941.16
,,,金禾实业(002597.SZ),700,12887.00,18.41,-2380.46
,,,安徽建工(600502.SH),4100,19434.00,4.74,284.04
,,,新疆众和(600888.SH),2600,19656.00,7.56,710.51
,,,贵研铂业(600459.SH),1200,17052.00,14.21,-845.08
,,,郑州银行(002936.SZ),14900,30694.00,2.06,133.66
2024-03-11,206974.21,45019.21,,,,,
,,,安徽建工(600502.SH),4100,19270.00,4.7,120.04
,,,新疆众和(600888.SH),2600,20072.00,7.72,1126.51
,,,齐鲁银行(601665.SH),4700,20398.00,4.34,612.59
,,,山西焦化(600740.SH),3800,19000.00,5,-157.97
,,,郑州银行(002936.SZ),14900,30843.00,2.07,282.66
,,,贵研铂业(600459.SH),1200,17328.00,14.44,-569.08
,,,张家港行(002839.SZ),5500,22220.00,4.04,941.16
,,,金禾实业(002597.SZ),700,12824.00,18.32,-2443.46
2024-03-08,206088.21,45019.21,,,,,
,,,贵研铂业(600459.SH),1200,17172.00,14.31,-725.08
,,,齐鲁银行(601665.SH),4700,20398.00,4.34,612.59
,,,金禾实业(002597.SZ),700,12481.00,17.83,-2786.46
,,,山西焦化(600740.SH),3800,19152.00,5.04,-5.97
,,,郑州银行(002936.SZ),14900,30694.00,2.06,133.66
,,,张家港行(002839.SZ),5500,22165.00,4.03,886.16
,,,新疆众和(600888.SH),2600,19942.00,7.67,996.51
,,,安徽建工(600502.SH),4100,19065.00,4.65,-84.96
2024-03-07,206299.21,45019.21,,,,,
,,,张家港行(002839.SZ),5500,22220.00,4.04,941.16
,,,贵研铂业(600459.SH),1200,17124.00,14.27,-773.08
,,,郑州银行(002936.SZ),14900,30843.00,2.07,282.66
,,,山西焦化(600740.SH),3800,19304.00,5.08,146.03
,,,新疆众和(600888.SH),2600,19916.00,7.66,970.51
,,,齐鲁银行(601665.SH),4700,20304.00,4.32,518.59
,,,金禾实业(002597.SZ),700,12586.00,17.98,-2681.46
,,,安徽建工(600502.SH),4100,18983.00,4.63,-166.96
2024-03-06,205545.21,45019.21,,,,,
,,,张家港行(002839.SZ),5500,22110.00,4.02,831.16
,,,安徽建工(600502.SH),4100,18942.00,4.62,-207.96
,,,山西焦化(600740.SH),3800,19152.00,5.04,-5.97
,,,郑州银行(002936.SZ),14900,30694.00,2.06,133.66
,,,金禾实业(002597.SZ),700,12635.00,18.05,-2632.46
,,,新疆众和(600888.SH),2600,19760.00,7.6,814.51
,,,贵研铂业(600459.SH),1200,16788.00,13.99,-1109.08
,,,齐鲁银行(601665.SH),4700,20445.00,4.35,659.59
2024-03-05,205259.21,45019.21,,,,,
,,,山西焦化(600740.SH),3800,18848.00,4.96,-309.97
,,,贵研铂业(600459.SH),1200,16860.00,14.05,-1037.08
,,,齐鲁银行(601665.SH),4700,20680.00,4.4,894.59
,,,安徽建工(600502.SH),4100,18983.00,4.63,-166.96
,,,张家港行(002839.SZ),5500,22220.00,4.04,941.16
,,,金禾实业(002597.SZ),700,12670.00,18.1,-2597.46
,,,郑州银行(002936.SZ),14900,30843.00,2.07,282.66
,,,新疆众和(600888.SH),2600,19136.00,7.36,190.51
2024-03-04,204899.21,45019.21,,,,,
,,,张家港行(002839.SZ),5500,22110.00,4.02,831.16
,,,金禾实业(002597.SZ),700,12831.00,18.33,-2436.46
,,,山西焦化(600740.SH),3800,18886.00,4.97,-271.97
,,,贵研铂业(600459.SH),1200,16812.00,14.01,-1085.08
,,,安徽建工(600502.SH),4100,19188.00,4.68,38.04
,,,齐鲁银行(601665.SH),4700,20022.00,4.26,236.59
,,,新疆众和(600888.SH),2600,19188.00,7.38,242.51
,,,郑州银行(002936.SZ),14900,30843.00,2.07,282.66
2024-03-01,206263.21,45019.21,,,,,
,,,安徽建工(600502.SH),4100,19393.00,4.73,243.04
,,,齐鲁银行(601665.SH),4700,20351.00,4.33,565.59
,,,张家港行(002839.SZ),5500,22330.00,4.06,1051.16
,,,山西焦化(600740.SH),3800,18924.00,4.98,-233.97
,,,郑州银行(002936.SZ),14900,31141.00,2.09,580.66
,,,贵研铂业(600459.SH),1200,17136.00,14.28,-761.08
,,,新疆众和(600888.SH),2600,18928.00,7.28,-17.49
,,,金禾实业(002597.SZ),700,13041.00,18.63,-2226.46
2024-02-29,205868.21,45019.21,,,,,
,,,张家港行(002839.SZ),5500,22385.00,4.07,1106.16
,,,贵研铂业(600459.SH),1200,16884.00,14.07,-1013.08
,,,安徽建工(600502.SH),4100,19393.00,4.73,243.04
,,,齐鲁银行(601665.SH),4700,20398.00,4.34,612.59
,,,金禾实业(002597.SZ),700,12950.00,18.5,-2317.46
,,,郑州银行(002936.SZ),14900,31141.00,2.09,580.66
,,,新疆众和(600888.SH),2600,18850.00,7.25,-95.49
,,,山西焦化(600740.SH),3800,18848.00,4.96,-309.97
2024-02-28,203386.21,45019.21,,,,,
,,,贵研铂业(600459.SH),1200,16308.00,13.59,-1589.08
,,,新疆众和(600888.SH),2600,18486.00,7.11,-459.49
,,,张家港行(002839.SZ),5500,22110.00,4.02,831.16
,,,安徽建工(600502.SH),4100,19024.00,4.64,-125.96
,,,山西焦化(600740.SH),3800,18506.00,4.87,-651.97
,,,郑州银行(002936.SZ),14900,30992.00,2.08,431.66
,,,金禾实业(002597.SZ),700,12684.00,18.12,-2583.46
,,,齐鲁银行(601665.SH),4700,20257.00,4.31,471.59
2024-02-27,205304.21,45019.21,,,,,
,,,山西焦化(600740.SH),3800,18810.00,4.95,-347.97
,,,金禾实业(002597.SZ),700,13006.00,18.58,-2261.46
,,,郑州银行(002936.SZ),14900,30992.00,2.08,431.66
,,,齐鲁银行(601665.SH),4700,20445.00,4.35,659.59
,,,安徽建工(600502.SH),4100,19352.00,4.72,202.04
,,,贵研铂业(600459.SH),1200,16416.00,13.68,-1481.08
,,,新疆众和(600888.SH),2600,18824.00,7.24,-121.49
,,,张家港行(002839.SZ),5500,22440.00,4.08,1161.16
2024-02-26,204245.21,45019.21,,,,,
,,,贵研铂业(600459.SH),1200,16260.00,13.55,-1637.08
,,,张家港行(002839.SZ),5500,22385.00,4.07,1106.16
,,,金禾实业(002597.SZ),700,12880.00,18.4,-2387.46
,,,安徽建工(600502.SH),4100,19065.00,4.65,-84.96
,,,郑州银行(002936.SZ),14900,30843.00,2.07,282.66
,,,新疆众和(600888.SH),2600,18746.00,7.21,-199.49
,,,齐鲁银行(601665.SH),4700,20351.00,4.33,565.59
,,,山西焦化(600740.SH),3800,18696.00,4.92,-461.97
2024-02-23,206283.21,45019.21,,,,,
,,,山西焦化(600740.SH),3800,18962.00,4.99,-195.97
,,,郑州银行(002936.SZ),14900,31290.00,2.1,729.66
,,,张家港行(002839.SZ),5500,22825.00,4.15,1546.16
,,,安徽建工(600502.SH),4100,19311.00,4.71,161.04
,,,贵研铂业(600459.SH),1200,16296.00,13.58,-1601.08
,,,金禾实业(002597.SZ),700,12852.00,18.36,-2415.46
,,,齐鲁银行(601665.SH),4700,20774.00,4.42,988.59
,,,新疆众和(600888.SH),2600,18954.00,7.29,8.51
2024-02-22,206488.21,45019.21,,,,,
,,,张家港行(002839.SZ),5500,22825.00,4.15,1546.16
,,,齐鲁银行(601665.SH),4700,20915.00,4.45,1129.59
,,,贵研铂业(600459.SH),1200,16284.00,13.57,-1613.08
,,,郑州银行(002936.SZ),14900,31141.00,2.09,580.66
,,,安徽建工(600502.SH),4100,19270.00,4.7,120.04
,,,金禾实业(002597.SZ),700,12838.00,18.34,-2429.46
,,,山西焦化(600740.SH),3800,19190.00,5.05,32.03
,,,新疆众和(600888.SH),2600,19006.00,7.31,60.51
2024-02-21,205724.21,45019.21,,,,,
,,,郑州银行(002936.SZ),14900,31141.00,2.09,580.66
,,,安徽建工(600502.SH),4100,19270.00,4.7,120.04
,,,金禾实业(002597.SZ),700,12845.00,18.35,-2422.46
,,,张家港行(002839.SZ),5500,22770.00,4.14,1491.16
,,,贵研铂业(600459.SH),1200,16212.00,13.51,-1685.08
,,,齐鲁银行(601665.SH),4700,21103.00,4.49,1317.59
,,,新疆众和(600888.SH),2600,18668.00,7.18,-277.49
,,,山西焦化(600740.SH),3800,18696.00,4.92,-461.97
2024-02-20,203469.21,45019.21,,,,,
,,,贵研铂业(600459.SH),1200,16224.00,13.52,-1673.08
,,,山西焦化(600740.SH),3800,18544.00,4.88,-613.97
,,,齐鲁银行(601665.SH),4700,20069.00,4.27,283.59
,,,郑州银行(002936.SZ),14900,30843.00,2.07,282.66
,,,张家港行(002839.SZ),5500,22385.00,4.07,1106.16
,,,金禾实业(002597.SZ),700,12838.00,18.34,-2429.46
,,,安徽建工(600502.SH),4100,18983.00,4.63,-166.96
,,,新疆众和(600888.SH),2600,18564.00,7.14,-381.49
2024-02-19,203507.21,45019.21,,,,,
,,,山西焦化(600740.SH),3800,18582.00,4.89,-575.97
,,,新疆众和(600888.SH),2600,18668.00,7.18,-277.49
,,,金禾实业(002597.SZ),700,12873.00,18.39,-2394.46
,,,张家港行(002839.SZ),5500,22275.00,4.05,996.16
,,,郑州银行(002936.SZ),14900,30843.00,2.07,282.66
,,,贵研铂业(600459.SH),1200,16260.00,13.55,-1637.08
,,,安徽建工(600502.SH),4100,19106.00,4.66,-43.96
,,,齐鲁银行(601665.SH),4700,19881.00,4.23,95.59
2024-02-08,204189.21,45019.21,,,,,
,,,安徽建工(600502.SH),4100,18983.00,4.63,-166.96
,,,贵研铂业(600459.SH),1200,16452.00,13.71,-1445.08
,,,齐鲁银行(601665.SH),4700,19975.00,4.25,189.59
,,,张家港行(002839.SZ),5500,22220.00,4.04,941.16
,,,新疆众和(600888.SH),2600,18486.00,7.11,-459.49
,,,郑州银行(002936.SZ),14900,31290.00,2.1,729.66
,,,金禾实业(002597.SZ),700,13258.00,18.94,-2009.46
,,,山西焦化(600740.SH),3800,18506.00,4.87,-651.97
2024-02-07,202427.21,45019.21,,,,,
,,,安徽建工(600502.SH),4100,18409.00,4.49,-740.96
,,,齐鲁银行(601665.SH),4700,20163.00,4.29,377.59
,,,张家港行(002839.SZ),5500,22330.00,4.06,1051.16
,,,郑州银行(002936.SZ),14900,31141.00,2.09,580.66
,,,山西焦化(600740.SH),3800,18240.00,4.8,-917.97
,,,新疆众和(600888.SH),2600,17992.00,6.92,-953.49
,,,贵研铂业(600459.SH),1200,16344.00,13.62,-1553.08
,,,金禾实业(002597.SZ),700,12789.00,18.27,-2478.46
2024-02-06,197396.21,45019.21,,,,,
,,,齐鲁银行(601665.SH),4700,19740.00,4.2,-45.41
,,,贵研铂业(600459.SH),1200,15384.00,12.82,-2513.08
,,,郑州银行(002936.SZ),14900,30247.00,2.03,-313.34
,,,安徽建工(600502.SH),4100,17917.00,4.37,-1232.96
,,,山西焦化(600740.SH),3800,17404.00,4.58,-1753.97
,,,新疆众和(600888.SH),2600,17420.00,6.7,-1525.49
,,,金禾实业(002597.SZ),700,12320.00,17.6,-2947.46
,,,张家港行(002839.SZ),5500,21945.00,3.99,666.16
2024-02-05,189371.21,45019.21,,,,,
,,,安徽建工(600502.SH),4100,17179.00,4.19,-1970.96
,,,新疆众和(600888.SH),2600,16224.00,6.24,-2721.49
,,,金禾实业(002597.SZ),700,11242.00,16.06,-4025.46
,,,贵研铂业(600459.SH),1200,14232.00,11.86,-3665.08
,,,齐鲁银行(601665.SH),4700,19270.00,4.1,-515.41
,,,郑州银行(002936.SZ),14900,28906.00,1.94,-1654.34
,,,山西焦化(600740.SH),3800,16454.00,4.33,-2703.97
,,,张家港行(002839.SZ),5500,20845.00,3.79,-433.84
2024-02-02,193949.21,45019.21,,,,,
,,,贵研铂业(600459.SH),1200,15072.00,12.56,-2825.08
,,,张家港行(002839.SZ),5500,21120.00,3.84,-158.84
,,,安徽建工(600502.SH),4100,18450.00,4.5,-699.96
,,,金禾实业(002597.SZ),700,11508.00,16.44,-3759.46
,,,郑州银行(002936.SZ),14900,29502.00,1.98,-1058.34
,,,山西焦化(600740.SH),3800,17176.00,4.52,-1981.97
,,,新疆众和(600888.SH),2600,16926.00,6.51,-2019.49
,,,齐鲁银行(601665.SH),4700,19176.00,4.08,-609.41
2024-02-01,196462.21,45019.21,,,,,
,,,郑州银行(002936.SZ),14900,29651.00,1.99,-909.34
,,,张家港行(002839.SZ),5500,21505.00,3.91,226.16
,,,齐鲁银行(601665.SH),4700,19505.00,4.15,-280.41
,,,山西焦化(600740.SH),3800,17594.00,4.63,-1563.97
,,,新疆众和(600888.SH),2600,17472.00,6.72,-1473.49
,,,安徽建工(600502.SH),4100,18696.00,4.56,-453.96
,,,贵研铂业(600459.SH),1200,15288.00,12.74,-2609.08
,,,金禾实业(002597.SZ),700,11732.00,16.76,-3535.46
2024-01-31,198215.21,45019.21,,,,,
,,,齐鲁银行(601665.SH),4700,19693.00,4.19,-92.41
,,,贵研铂业(600459.SH),1200,15600.00,13,-2297.08
,,,安徽建工(600502.SH),4100,19188.00,4.68,38.04
,,,新疆众和(600888.SH),2600,17732.00,6.82,-1213.49
,,,金禾实业(002597.SZ),700,11725.00,16.75,-3542.46
,,,张家港行(002839.SZ),5500,21560.00,3.92,281.16
,,,郑州银行(002936.SZ),14900,29800.00,2,-760.34
,,,山西焦化(600740.SH),3800,17898.00,4.71,-1259.97
2024-01-30,200847.21,45019.21,,,,,
,,,张家港行(002839.SZ),5500,21780.00,3.96,501.16
,,,郑州银行(002936.SZ),14900,30247.00,2.03,-313.34
,,,贵研铂业(600459.SH),1200,15888.00,13.24,-2009.08
,,,安徽建工(600502.SH),4100,19762.00,4.82,612.04
,,,金禾实业(002597.SZ),700,12117.00,17.31,-3150.46
,,,齐鲁银行(601665.SH),4700,19646.00,4.18,-139.41
,,,新疆众和(600888.SH),2600,18148.00,6.98,-797.49
,,,山西焦化(600740.SH),3800,18240.00,4.8,-917.97
2024-01-29,203827.21,45019.21,,,,,
,,,张家港行(002839.SZ),5500,22110.00,4.02,831.16
,,,金禾实业(002597.SZ),700,12502.00,17.86,-2765.46
,,,新疆众和(600888.SH),2600,18486.00,7.11,-459.49
,,,齐鲁银行(601665.SH),4700,20210.00,4.3,424.59
,,,山西焦化(600740.SH),3800,18468.00,4.86,-689.97
,,,安徽建工(600502.SH),4100,20090.00,4.9,940.04
,,,贵研铂业(600459.SH),1200,16248.00,13.54,-1649.08
,,,郑州银行(002936.SZ),14900,30694.00,2.06,133.66
2024-01-26,206107.21,45019.21,,,,,
,,,金禾实业(002597.SZ),700,12768.00,18.24,-2499.46
,,,安徽建工(600502.SH),4100,20295.00,4.95,1145.04
,,,齐鲁银行(601665.SH),4700,21103.00,4.49,1317.59
,,,郑州银行(002936.SZ),14900,30843.00,2.07,282.66
,,,张家港行(002839.SZ),5500,22275.00,4.05,996.16
,,,新疆众和(600888.SH),2600,18850.00,7.25,-95.49
,,,贵研铂业(600459.SH),1200,16296.00,13.58,-1601.08
,,,山西焦化(600740.SH),3800,18658.00,4.91,-499.97
2024-01-25,203251.21,45019.21,,,,,
,,,新疆众和(600888.SH),2600,18772.00,7.22,-173.49
,,,张家港行(002839.SZ),5500,21890.00,3.98,611.16
,,,齐鲁银行(601665.SH),4700,19176.00,4.08,-609.41
,,,郑州银行(002936.SZ),14900,30396.00,2.04,-164.34
,,,山西焦化(600740.SH),3800,18430.00,4.85,-727.97
,,,安徽建工(600502.SH),4100,20008.00,4.88,858.04
,,,金禾实业(002597.SZ),700,13216.00,18.88,-2051.46
,,,贵研铂业(600459.SH),1200,16344.00,13.62,-1553.08
2024-01-24,198946.21,45019.21,,,,,
,,,郑州银行(002936.SZ),14900,29949.00,2.01,-611.34
,,,山西焦化(600740.SH),3800,17632.00,4.64,-1525.97
,,,新疆众和(600888.SH),2600,17758.00,6.83,-1187.49
,,,贵研铂业(600459.SH),1200,16140.00,13.45,-1757.08
,,,安徽建工(600502.SH),4100,19106.00,4.66,-43.96
,,,齐鲁银行(601665.SH),4700,18847.00,4.01,-938.41
,,,张家港行(002839.SZ),5500,21615.00,3.93,336.16
,,,金禾实业(002597.SZ),700,12880.00,18.4,-2387.46
2024-01-23,195741.21,45019.21,,,,,
,,,贵研铂业(600459.SH),1200,15816.00,13.18,-2081.08
,,,郑州银行(002936.SZ),14900,29353.00,1.97,-1207.34
,,,山西焦化(600740.SH),3800,17366.00,4.57,-1791.97
,,,新疆众和(600888.SH),2600,17420.00,6.7,-1525.49
,,,金禾实业(002597.SZ),700,12775.00,18.25,-2492.46
,,,张家港行(002839.SZ),5500,21065.00,3.83,-213.84
,,,齐鲁银行(601665.SH),4700,18518.00,3.94,-1267.41
,,,安徽建工(600502.SH),4100,18409.00,4.49,-740.96
2024-01-22,194340.21,45019.21,,,,,
,,,安徽建工(600502.SH),4100,18368.00,4.48,-781.96
,,,新疆众和(600888.SH),2600,16978.00,6.53,-1967.49
,,,金禾实业(002597.SZ),700,12544.00,17.92,-2723.46
,,,齐鲁银行(601665.SH),4700,18612.00,3.96,-1173.41
,,,郑州银行(002936.SZ),14900,29353.00,1.97,-1207.34
,,,张家港行(002839.SZ),5500,21010.00,3.82,-268.84
,,,贵研铂业(600459.SH),1200,15432.00,12.86,-2465.08
,,,山西焦化(600740.SH),3800,17024.00,4.48,-2133.97
2024-01-19,199403.21,45019.21,,,,,
,,,山西焦化(600740.SH),3800,17936.00,4.72,-1221.97
,,,郑州银行(002936.SZ),14900,29800.00,2,-760.34
,,,张家港行(002839.SZ),5500,21670.00,3.94,391.16
,,,齐鲁银行(601665.SH),4700,18283.00,3.89,-1502.41
,,,新疆众和(600888.SH),2600,17992.00,6.92,-953.49
,,,金禾实业(002597.SZ),700,13447.00,19.21,-1820.46
,,,贵研铂业(600459.SH),1200,16068.00,13.39,-1829.08
,,,安徽建工(600502.SH),4100,19188.00,4.68,38.04
2024-01-18,200309.21,45019.21,,,,,
,,,安徽建工(600502.SH),4100,19352.00,4.72,202.04
,,,齐鲁银行(601665.SH),4700,18424.00,3.92,-1361.41
,,,郑州银行(002936.SZ),14900,29800.00,2,-760.34
,,,山西焦化(600740.SH),3800,18126.00,4.77,-1031.97
,,,贵研铂业(600459.SH),1200,15876.00,13.23,-2021.08
,,,新疆众和(600888.SH),2600,18122.00,6.97,-823.49
,,,金禾实业(002597.SZ),700,13755.00,19.65,-1512.46
,,,张家港行(002839.SZ),5500,21835.00,3.97,556.16
2024-01-17,202054.21,45019.21,,,,,
,,,新疆众和(600888.SH),2600,18408.00,7.08,-537.49
,,,张家港行(002839.SZ),5500,21890.00,3.98,611.16
,,,金禾实业(002597.SZ),700,13853.00,19.79,-1414.46
,,,齐鲁银行(601665.SH),4700,18565.00,3.95,-1220.41
,,,贵研铂业(600459.SH),1200,16044.00,13.37,-1853.08
,,,山西焦化(600740.SH),3800,18620.00,4.9,-537.97
,,,郑州银行(002936.SZ),14900,30098.00,2.02,-462.34
,,,安徽建工(600502.SH),4100,19557.00,4.77,407.04
2024-01-16,204619.21,45019.21,,,,,
,,,齐鲁银行(601665.SH),4700,18847.00,4.01,-938.41
,,,郑州银行(002936.SZ),14900,30396.00,2.04,-164.34
,,,安徽建工(600502.SH),4100,19844.00,4.84,694.04
,,,新疆众和(600888.SH),2600,18798.00,7.23,-147.49
,,,张家港行(002839.SZ),5500,22110.00,4.02,831.16
,,,山西焦化(600740.SH),3800,18924.00,4.98,-233.97
,,,金禾实业(002597.SZ),700,14217.00,20.31,-1050.46
,,,贵研铂业(600459.SH),1200,16464.00,13.72,-1433.08
2024-01-15,204651.21,45019.21,,,,,
,,,郑州银行(002936.SZ),14900,30247.00,2.03,-313.34
,,,新疆众和(600888.SH),2600,18824.00,7.24,-121.49
,,,贵研铂业(600459.SH),1200,16764.00,13.97,-1133.08
,,,张家港行(002839.SZ),5500,21890.00,3.98,611.16
,,,金禾实业(002597.SZ),700,14357.00,20.51,-910.46
,,,齐鲁银行(601665.SH),4700,18753.00,3.99,-1032.41
,,,安徽建工(600502.SH),4100,19721.00,4.81,571.04
,,,山西焦化(600740.SH),3800,19076.00,5.02,-81.97
2024-01-12,204535.21,45019.21,,,,,
,,,郑州银行(002936.SZ),14900,30098.00,2.02,-462.34
,,,齐鲁银行(601665.SH),4700,18565.00,3.95,-1220.41
,,,金禾实业(002597.SZ),700,14574.00,20.82,-693.46
,,,贵研铂业(600459.SH),1200,16908.00,14.09,-989.08
,,,张家港行(002839.SZ),5500,21780.00,3.96,501.16
,,,山西焦化(600740.SH),3800,19076.00,5.02,-81.97
,,,新疆众和(600888.SH),2600,18876.00,7.26,-69.49
,,,安徽建工(600502.SH),4100,19639.00,4.79,489.04
2024-01-11,203926.21,45019.21,,,,,
,,,张家港行(002839.SZ),5500,21615.00,3.93,336.16
,,,金禾实业(002597.SZ),700,14574.00,20.82,-693.46
,,,山西焦化(600740.SH),3800,19114.00,5.03,-43.97
,,,贵研铂业(600459.SH),1200,16932.00,14.11,-965.08
,,,安徽建工(600502.SH),4100,19598.00,4.78,448.04
,,,郑州银行(002936.SZ),14900,29800.00,2,-760.34
,,,新疆众和(600888.SH),2600,18850.00,7.25,-95.49
,,,齐鲁银行(601665.SH),4700,18424.00,3.92,-1361.41
2024-01-10,203354.21,45019.21,,,,,
,,,郑州银行(002936.SZ),14900,29800.00,2,-760.34
,,,山西焦化(600740.SH),3800,19152.00,5.04,-5.97
,,,新疆众和(600888.SH),2600,18746.00,7.21,-199.49
,,,张家港行(002839.SZ),5500,21505.00,3.91,226.16
,,,安徽建工(600502.SH),4100,19516.00,4.76,366.04
,,,金禾实业(002597.SZ),700,14462.00,20.66,-805.46
,,,贵研铂业(600459.SH),1200,16824.00,14.02,-1073.08
,,,齐鲁银行(601665.SH),4700,18330.00,3.9,-1455.41
2024-01-09,203963.21,45019.21,,,,,
,,,山西焦化(600740.SH),3800,19380.00,5.1,222.03
,,,安徽建工(600502.SH),4100,19598.00,4.78,448.04
,,,贵研铂业(600459.SH),1200,16872.00,14.06,-1025.08
,,,金禾实业(002597.SZ),700,14392.00,20.56,-875.46
,,,张家港行(002839.SZ),5500,21560.00,3.92,281.16
,,,齐鲁银行(601665.SH),4700,18518.00,3.94,-1267.41
,,,郑州银行(002936.SZ),14900,29800.00,2,-760.34
,,,新疆众和(600888.SH),2600,18824.00,7.24,-121.49
2024-01-08,202909.21,45019.21,,,,,
,,,山西焦化(600740.SH),3800,19228.00,5.06,70.03
,,,郑州银行(002936.SZ),14900,29651.00,1.99,-909.34
,,,齐鲁银行(601665.SH),4700,18236.00,3.88,-1549.41
,,,贵研铂业(600459.SH),1200,16776.00,13.98,-1121.08
,,,新疆众和(600888.SH),2600,18616.00,7.16,-329.49
,,,安徽建工(600502.SH),4100,19434.00,4.74,284.04
,,,张家港行(002839.SZ),5500,21340.00,3.88,61.16
,,,金禾实业(002597.SZ),700,14609.00,20.87,-658.46
2024-01-05,205674.21,45019.21,,,,,
,,,山西焦化(600740.SH),3800,19646.00,5.17,488.03
,,,张家港行(002839.SZ),5500,21670.00,3.94,391.16
,,,贵研铂业(600459.SH),1200,17136.00,14.28,-761.08
,,,齐鲁银行(601665.SH),4700,18565.00,3.95,-1220.41
,,,郑州银行(002936.SZ),14900,30247.00,2.03,-313.34
,,,安徽建工(600502.SH),4100,19516.00,4.76,366.04
,,,金禾实业(002597.SZ),700,14973.00,21.39,-294.46
,,,新疆众和(600888.SH),2600,18902.00,7.27,-43.49
2024-01-04,205496.21,45019.21,,,,,
,,,贵研铂业(600459.SH),1200,17196.00,14.33,-701.08
,,,齐鲁银行(601665.SH),4700,18424.00,3.92,-1361.41
,,,安徽建工(600502.SH),4100,19475.00,4.75,325.04
,,,郑州银行(002936.SZ),14900,29800.00,2,-760.34
,,,张家港行(002839.SZ),5500,21450.00,3.9,171.16
,,,山西焦化(600740.SH),3800,19912.00,5.24,754.03
,,,金禾实业(002597.SZ),700,15162.00,21.66,-105.46
,,,新疆众和(600888.SH),2600,19058.00,7.33,112.51
2024-01-03,205292.21,45019.21,,,,,
,,,安徽建工(600502.SH),4100,19270.00,4.7,120.04
,,,山西焦化(600740.SH),3800,19684.00,5.18,526.03
,,,贵研铂业(600459.SH),1200,17256.00,14.38,-641.08
,,,齐鲁银行(601665.SH),4700,18283.00,3.89,-1502.41
,,,郑州银行(002936.SZ),14900,29949.00,2.01,-611.34
,,,金禾实业(002597.SZ),700,15190.00,21.7,-77.46
,,,张家港行(002839.SZ),5500,21505.00,3.91,226.16
,,,新疆众和(600888.SH),2600,19136.00,7.36,190.51
2024-01-02,204482.21,45019.21,,,,,
,,,齐鲁银行(601665.SH),4700,18142.00,3.86,-1643.41
,,,安徽建工(600502.SH),4100,19188.00,4.68,38.04
,,,郑州银行(002936.SZ),14900,29949.00,2.01,-611.34
,,,贵研铂业(600459.SH),1200,17268.00,14.39,-629.08
,,,金禾实业(002597.SZ),700,15057.00,21.51,-210.46
,,,张家港行(002839.SZ),5500,21395.00,3.89,116.16
,,,山西焦化(600740.SH),3800,19380.00,5.1,222.03
,,,新疆众和(600888.SH),2600,19084.00,7.34,138.51
2023-12-29,204669.96,45220.96,,,,,
,,,无锡银行(600908.SH),3300,16665.00,5.05,-1625.98
,,,郑州银行(002936.SZ),6900,13869.00,2.01,-654.34
,,,齐鲁银行(601665.SH),7600,29716.00,3.91,-2277.44
,,,贵研铂业(600459.SH),1200,17232.00,14.36,-665.08
,,,浙江交科(002061.SZ),4200,15330.00,3.65,-1761.23
,,,粤高速A(000429.SZ),3300,27918.00,8.46,299.61
,,,华邦健康(002004.SZ),3400,15844.00,4.66,-1229.19
,,,青岛银行(002948.SZ),7500,22875.00,3.05,-2984.36
2023-12-28,203532.96,45220.96,,,,,
,,,浙江交科(002061.SZ),4200,15330.00,3.65,-1761.23
,,,华邦健康(002004.SZ),3400,15844.00,4.66,-1229.19
,,,贵研铂业(600459.SH),1200,17148.00,14.29,-749.08
,,,郑州银行(002936.SZ),6900,13869.00,2.01,-654.34
,,,青岛银行(002948.SZ),7500,22875.00,3.05,-2984.36
,,,无锡银行(600908.SH),3300,16005.00,4.85,-2285.98
,,,齐鲁银行(601665.SH),7600,29488.00,3.88,-2505.44
,,,粤高速A(000429.SZ),3300,27753.00,8.41,134.61
2023-12-27,202199.96,45220.96,,,,,
,,,无锡银行(600908.SH),3300,15774.00,4.78,-2516.98
,,,粤高速A(000429.SZ),3300,28380.00,8.6,761.61
,,,青岛银行(002948.SZ),7500,22575.00,3.01,-3284.36
,,,郑州银行(002936.SZ),6900,13662.00,1.98,-861.34
,,,贵研铂业(600459.SH),1200,16896.00,14.08,-1001.08
,,,浙江交科(002061.SZ),4200,14868.00,3.54,-2223.23
,,,齐鲁银行(601665.SH),7600,29184.00,3.84,-2809.44
,,,华邦健康(002004.SZ),3400,15640.00,4.6,-1433.19
2023-12-26,201260.96,45220.96,,,,,
,,,青岛银行(002948.SZ),7500,22425.00,2.99,-3434.36
,,,浙江交科(002061.SZ),4200,14952.00,3.56,-2139.23
,,,无锡银行(600908.SH),3300,15675.00,4.75,-2615.98
,,,郑州银行(002936.SZ),6900,13662.00,1.98,-861.34
,,,华邦健康(002004.SZ),3400,15572.00,4.58,-1501.19
,,,齐鲁银行(601665.SH),7600,28880.00,3.8,-3113.44
,,,贵研铂业(600459.SH),1200,16824.00,14.02,-1073.08
,,,粤高速A(000429.SZ),3300,28050.00,8.5,431.61
2023-12-25,202117.96,45220.96,,,,,
,,,华邦健康(002004.SZ),3400,15674.00,4.61,-1399.19
,,,浙江交科(002061.SZ),4200,15078.00,3.59,-2013.23
,,,贵研铂业(600459.SH),1200,16908.00,14.09,-989.08
,,,粤高速A(000429.SZ),3300,28050.00,8.5,431.61
,,,齐鲁银行(601665.SH),7600,29032.00,3.82,-2961.44
,,,青岛银行(002948.SZ),7500,22650.00,3.02,-3209.36
,,,无锡银行(600908.SH),3300,15774.00,4.78,-2516.98
,,,郑州银行(002936.SZ),6900,13731.00,1.99,-792.34
2023-12-22,203101.96,45220.96,,,,,
,,,浙江交科(002061.SZ),4200,15204.00,3.62,-1887.23
,,,粤高速A(000429.SZ),3300,27984.00,8.48,365.61
,,,无锡银行(600908.SH),3300,15906.00,4.82,-2384.98
,,,贵研铂业(600459.SH),1200,16968.00,14.14,-929.08
,,,齐鲁银行(601665.SH),7600,29716.00,3.91,-2277.44
,,,郑州银行(002936.SZ),6900,13731.00,1.99,-792.34
,,,华邦健康(002004.SZ),3400,15572.00,4.58,-1501.19
,,,青岛银行(002948.SZ),7500,22800.00,3.04,-3059.36
2023-12-21,203419.96,45220.96,,,,,
,,,青岛银行(002948.SZ),7500,22800.00,3.04,-3059.36
,,,粤高速A(000429.SZ),3300,27918.00,8.46,299.61
,,,华邦健康(002004.SZ),3400,15810.00,4.65,-1263.19
,,,浙江交科(002061.SZ),4200,15246.00,3.63,-1845.23
,,,齐鲁银行(601665.SH),7600,29868.00,3.93,-2125.44
,,,贵研铂业(600459.SH),1200,16884.00,14.07,-1013.08
,,,无锡银行(600908.SH),3300,15873.00,4.81,-2417.98
,,,郑州银行(002936.SZ),6900,13800.00,2,-723.34
2023-12-20,203848.96,45220.96,,,,,
,,,浙江交科(002061.SZ),4200,15120.00,3.6,-1971.23
,,,华邦健康(002004.SZ),3400,15912.00,4.68,-1161.19
,,,无锡银行(600908.SH),3300,15906.00,4.82,-2384.98
,,,粤高速A(000429.SZ),3300,28215.00,8.55,596.61
,,,贵研铂业(600459.SH),1200,16704.00,13.92,-1193.08
,,,青岛银行(002948.SZ),7500,22875.00,3.05,-2984.36
,,,齐鲁银行(601665.SH),7600,30096.00,3.96,-1897.44
,,,郑州银行(002936.SZ),6900,13800.00,2,-723.34
2023-12-19,204306.96,45220.96,,,,,
,,,粤高速A(000429.SZ),3300,28281.00,8.57,662.61
,,,青岛银行(002948.SZ),7500,22950.00,3.06,-2909.36
,,,齐鲁银行(601665.SH),7600,29792.00,3.92,-2201.44
,,,华邦健康(002004.SZ),3400,16014.00,4.71,-1059.19
,,,贵研铂业(600459.SH),1200,16884.00,14.07,-1013.08
,,,浙江交科(002061.SZ),4200,15288.00,3.64,-1803.23
,,,无锡银行(600908.SH),3300,15939.00,4.83,-2351.98
,,,郑州银行(002936.SZ),6900,13938.00,2.02,-585.34
2023-12-18,204796.96,45220.96,,,,,
,,,贵研铂业(600459.SH),1200,16872.00,14.06,-1025.08
,,,郑州银行(002936.SZ),6900,14076.00,2.04,-447.34
,,,齐鲁银行(601665.SH),7600,29716.00,3.91,-2277.44
,,,华邦健康(002004.SZ),3400,15980.00,4.7,-1093.19
,,,青岛银行(002948.SZ),7500,23100.00,3.08,-2759.36
,,,浙江交科(002061.SZ),4200,15414.00,3.67,-1677.23
,,,粤高速A(000429.SZ),3300,28413.00,8.61,794.61
,,,无锡银行(600908.SH),3300,16005.00,4.85,-2285.98
2023-12-15,205628.96,45220.96,,,,,
,,,华邦健康(002004.SZ),3400,16116.00,4.74,-957.19
,,,无锡银行(600908.SH),3300,16170.00,4.9,-2120.98
,,,浙江交科(002061.SZ),4200,15540.00,3.7,-1551.23
,,,粤高速A(000429.SZ),3300,28446.00,8.62,827.61
,,,郑州银行(002936.SZ),6900,14145.00,2.05,-378.34
,,,齐鲁银行(601665.SH),7600,29716.00,3.91,-2277.44
,,,青岛银行(002948.SZ),7500,23175.00,3.09,-2684.36
,,,贵研铂业(600459.SH),1200,17100.00,14.25,-797.08
2023-12-14,207627.96,45220.96,,,,,
,,,华邦健康(002004.SZ),3400,16218.00,4.77,-855.19
,,,郑州银行(002936.SZ),6900,14214.00,2.06,-309.34
,,,浙江交科(002061.SZ),4200,15624.00,3.72,-1467.23
,,,粤高速A(000429.SZ),3300,29964.00,9.08,2345.61
,,,齐鲁银行(601665.SH),7600,29792.00,3.92,-2201.44
,,,无锡银行(600908.SH),3300,16170.00,4.9,-2120.98
,,,青岛银行(002948.SZ),7500,23325.00,3.11,-2534.36
,,,贵研铂业(600459.SH),1200,17100.00,14.25,-797.08
2023-12-13,206971.96,45220.96,,,,,
,,,郑州银行(002936.SZ),6900,14214.00,2.06,-309.34
,,,齐鲁银行(601665.SH),7600,29792.00,3.92,-2201.44
,,,粤高速A(000429.SZ),3300,29205.00,8.85,1586.61
,,,浙江交科(002061.SZ),4200,15540.00,3.7,-1551.23
,,,华邦健康(002004.SZ),3400,16354.00,4.81,-719.19
,,,贵研铂业(600459.SH),1200,17076.00,14.23,-821.08
,,,无锡银行(600908.SH),3300,16170.00,4.9,-2120.98
,,,青岛银行(002948.SZ),7500,23400.00,3.12,-2459.36
2023-12-12,207047.96,45220.96,,,,,
,,,无锡银行(600908.SH),3300,16269.00,4.93,-2021.98
,,,郑州银行(002936.SZ),6900,14283.00,2.07,-240.34
,,,粤高速A(000429.SZ),3300,28578.00,8.66,959.61
,,,贵研铂业(600459.SH),1200,17148.00,14.29,-749.08
,,,华邦健康(002004.SZ),3400,16354.00,4.81,-719.19
,,,青岛银行(002948.SZ),7500,23475.00,3.13,-2384.36
,,,齐鲁银行(601665.SH),7600,30096.00,3.96,-1897.44
,,,浙江交科(002061.SZ),4200,15624.00,3.72,-1467.23
2023-12-11,206102.96,45220.96,,,,,
,,,华邦健康(002004.SZ),3400,16320.00,4.8,-753.19
,,,无锡银行(600908.SH),3300,16203.00,4.91,-2087.98
,,,粤高速A(000429.SZ),3300,28248.00,8.56,629.61
,,,青岛银行(002948.SZ),7500,23175.00,3.09,-2684.36
,,,浙江交科(002061.SZ),4200,15414.00,3.67,-1677.23
,,,贵研铂业(600459.SH),1200,17136.00,14.28,-761.08
,,,齐鲁银行(601665.SH),7600,30172.00,3.97,-1821.44
,,,郑州银行(002936.SZ),6900,14214.00,2.06,-309.34
2023-12-08,204516.96,45220.96,,,,,
,,,贵研铂业(600459.SH),1200,17028.00,14.19,-869.08
,,,无锡银行(600908.SH),3300,16104.00,4.88,-2186.98
,,,华邦健康(002004.SZ),3400,16218.00,4.77,-855.19
,,,浙江交科(002061.SZ),4200,15246.00,3.63,-1845.23
,,,郑州银行(002936.SZ),6900,14145.00,2.05,-378.34
,,,粤高速A(000429.SZ),3300,27588.00,8.36,-30.39
,,,齐鲁银行(601665.SH),7600,29792.00,3.92,-2201.44
,,,青岛银行(002948.SZ),7500,23175.00,3.09,-2684.36
2023-12-07,204922.96,45220.96,,,,,
,,,华邦健康(002004.SZ),3400,16320.00,4.8,-753.19
,,,浙江交科(002061.SZ),4200,15540.00,3.7,-1551.23
,,,粤高速A(000429.SZ),3300,27489.00,8.33,-129.39
,,,贵研铂业(600459.SH),1200,17292.00,14.41,-605.08
,,,青岛银行(002948.SZ),7500,23400.00,3.12,-2459.36
,,,无锡银行(600908.SH),3300,16104.00,4.88,-2186.98
,,,郑州银行(002936.SZ),6900,14145.00,2.05,-378.34
,,,齐鲁银行(601665.SH),7600,29412.00,3.87,-2581.44
2023-12-06,204605.96,45220.96,,,,,
,,,无锡银行(600908.SH),3300,16071.00,4.87,-2219.98
,,,华邦健康(002004.SZ),3400,16388.00,4.82,-685.19
,,,贵研铂业(600459.SH),1200,17244.00,14.37,-653.08
,,,齐鲁银行(601665.SH),7600,29108.00,3.83,-2885.44
,,,粤高速A(000429.SZ),3300,27588.00,8.36,-30.39
,,,浙江交科(002061.SZ),4200,15666.00,3.73,-1425.23
,,,青岛银行(002948.SZ),7500,23175.00,3.09,-2684.36
,,,郑州银行(002936.SZ),6900,14145.00,2.05,-378.34
2023-12-05,204030.96,45220.96,,,,,
,,,贵研铂业(600459.SH),1200,17136.00,14.28,-761.08
,,,郑州银行(002936.SZ),6900,14145.00,2.05,-378.34
,,,青岛银行(002948.SZ),7500,23250.00,3.1,-2609.36
,,,无锡银行(600908.SH),3300,15972.00,4.84,-2318.98
,,,齐鲁银行(601665.SH),7600,28956.00,3.81,-3037.44
,,,粤高速A(000429.SZ),3300,27423.00,8.31,-195.39
,,,华邦健康(002004.SZ),3400,16388.00,4.82,-685.19
,,,浙江交科(002061.SZ),4200,15540.00,3.7,-1551.23
2023-12-04,205615.96,45220.96,,,,,
,,,粤高速A(000429.SZ),3300,27192.00,8.24,-426.39
,,,齐鲁银行(601665.SH),7600,29336.00,3.86,-2657.44
,,,无锡银行(600908.SH),3300,16236.00,4.92,-2054.98
,,,浙江交科(002061.SZ),4200,15834.00,3.77,-1257.23
,,,青岛银行(002948.SZ),7500,23475.00,3.13,-2384.36
,,,贵研铂业(600459.SH),1200,17448.00,14.54,-449.08
,,,华邦健康(002004.SZ),3400,16660.00,4.9,-413.19
,,,郑州银行(002936.SZ),6900,14214.00,2.06,-309.34
2023-12-01,204920.96,45220.96,,,,,
,,,贵研铂业(600459.SH),1200,17340.00,14.45,-557.08
,,,齐鲁银行(601665.SH),7600,29336.00,3.86,-2657.44
,,,浙江交科(002061.SZ),4200,15750.00,3.75,-1341.23
,,,青岛银行(002948.SZ),7500,23400.00,3.12,-2459.36
,,,粤高速A(000429.SZ),3300,26730.00,8.1,-888.39
,,,无锡银行(600908.SH),3300,16236.00,4.92,-2054.98
,,,华邦健康(002004.SZ),3400,16694.00,4.91,-379.19
,,,郑州银行(002936.SZ),6900,14214.00,2.06,-309.34
2023-11-30,204213.96,45220.96,,,,,
,,,青岛银行(002948.SZ),7500,23325.00,3.11,-2534.36
,,,浙江交科(002061.SZ),4200,15582.00,3.71,-1509.23
,,,齐鲁银行(601665.SH),7600,29184.00,3.84,-2809.44
,,,无锡银行(600908.SH),3300,16203.00,4.91,-2087.98
,,,郑州银行(002936.SZ),6900,14214.00,2.06,-309.34
,,,华邦健康(002004.SZ),3400,16694.00,4.91,-379.19
,,,粤高速A(000429.SZ),3300,26499.00,8.03,-1119.39
,,,贵研铂业(600459.SH),1200,17292.00,14.41,-605.08
2023-11-29,204388.96,45220.96,,,,,
,,,齐鲁银行(601665.SH),7600,29032.00,3.82,-2961.44
,,,无锡银行(600908.SH),3300,16269.00,4.93,-2021.98
,,,青岛银行(002948.SZ),7500,23325.00,3.11,-2534.36
,,,浙江交科(002061.SZ),4200,15540.00,3.7,-1551.23
,,,郑州银行(002936.SZ),6900,14145.00,2.05,-378.34
,,,华邦健康(002004.SZ),3400,16796.00,4.94,-277.19
,,,贵研铂业(600459.SH),1200,17628.00,14.69,-269.08
,,,粤高速A(000429.SZ),3300,26433.00,8.01,-1185.39
2023-11-28,205748.96,45220.96,,,,,
,,,齐鲁银行(601665.SH),7600,29336.00,3.86,-2657.44
,,,粤高速A(000429.SZ),3300,26433.00,8.01,-1185.39
,,,浙江交科(002061.SZ),4200,15792.00,3.76,-1299.23
,,,华邦健康(002004.SZ),3400,16898.00,4.97,-175.19
,,,无锡银行(600908.SH),3300,16467.00,4.99,-1823.98
,,,贵研铂业(600459.SH),1200,17544.00,14.62,-353.08
,,,郑州银行(002936.SZ),6900,14283.00,2.07,-240.34
,,,青岛银行(002948.SZ),7500,23775.00,3.17,-2084.36
2023-11-27,205657.96,45220.96,,,,,
,,,青岛银行(002948.SZ),7500,23925.00,3.19,-1934.36
,,,无锡银行(600908.SH),3300,16401.00,4.97,-1889.98
,,,浙江交科(002061.SZ),4200,15750.00,3.75,-1341.23
,,,粤高速A(000429.SZ),3300,26466.00,8.02,-1152.39
,,,贵研铂业(600459.SH),1200,17532.00,14.61,-365.08
,,,郑州银行(002936.SZ),6900,14283.00,2.07,-240.34
,,,华邦健康(002004.SZ),3400,16592.00,4.88,-481.19
,,,齐鲁银行(601665.SH),7600,29488.00,3.88,-2505.44
2023-11-24,206905.96,45220.96,,,,,
,,,青岛银行(002948.SZ),7500,24150.00,3.22,-1709.36
,,,贵研铂业(600459.SH),1200,17400.00,14.5,-497.08
,,,无锡银行(600908.SH),3300,16632.00,5.04,-1658.98
,,,郑州银行(002936.SZ),6900,14352.00,2.08,-171.34
,,,浙江交科(002061.SZ),4200,15876.00,3.78,-1215.23
,,,齐鲁银行(601665.SH),7600,29716.00,3.91,-2277.44
,,,粤高速A(000429.SZ),3300,26763.00,8.11,-855.39
,,,华邦健康(002004.SZ),3400,16796.00,4.94,-277.19
2023-11-23,206709.96,45220.96,,,,,
,,,粤高速A(000429.SZ),3300,26697.00,8.09,-921.39
,,,青岛银行(002948.SZ),7500,24000.00,3.2,-1859.36
,,,无锡银行(600908.SH),3300,16599.00,5.03,-1691.98
,,,齐鲁银行(601665.SH),7600,29564.00,3.89,-2429.44
,,,华邦健康(002004.SZ),3400,16626.00,4.89,-447.19
,,,郑州银行(002936.SZ),6900,14283.00,2.07,-240.34
,,,贵研铂业(600459.SH),1200,17676.00,14.73,-221.08
,,,浙江交科(002061.SZ),4200,16044.00,3.82,-1047.23
2023-11-22,206003.96,45220.96,,,,,
,,,粤高速A(000429.SZ),3300,26862.00,8.14,-756.39
,,,无锡银行(600908.SH),3300,16500.00,5,-1790.98
,,,浙江交科(002061.SZ),4200,15834.00,3.77,-1257.23
,,,青岛银行(002948.SZ),7500,23850.00,3.18,-2009.36
,,,贵研铂业(600459.SH),1200,17544.00,14.62,-353.08
,,,华邦健康(002004.SZ),3400,16422.00,4.83,-651.19
,,,郑州银行(002936.SZ),6900,14283.00,2.07,-240.34
,,,齐鲁银行(601665.SH),7600,29488.00,3.88,-2505.44
2023-11-21,206686.96,45220.96,,,,,
,,,郑州银行(002936.SZ),6900,14352.00,2.08,-171.34
,,,浙江交科(002061.SZ),4200,16044.00,3.82,-1047.23
,,,粤高速A(000429.SZ),3300,26697.00,8.09,-921.39
,,,齐鲁银行(601665.SH),7600,29564.00,3.89,-2429.44
,,,无锡银行(600908.SH),3300,16566.00,5.02,-1724.98
,,,青岛银行(002948.SZ),7500,24075.00,3.21,-1784.36
,,,贵研铂业(600459.SH),1200,17712.00,14.76,-185.08
,,,华邦健康(002004.SZ),3400,16456.00,4.84,-617.19
2023-11-20,206116.96,45220.96,,,,,
,,,华邦健康(002004.SZ),3400,16354.00,4.81,-719.19
,,,贵研铂业(600459.SH),1200,17796.00,14.83,-101.08
,,,青岛银行(002948.SZ),7500,24000.00,3.2,-1859.36
,,,齐鲁银行(601665.SH),7600,29336.00,3.86,-2657.44
,,,无锡银行(600908.SH),3300,16500.00,5,-1790.98
,,,浙江交科(002061.SZ),4200,15960.00,3.8,-1131.23
,,,郑州银行(002936.SZ),6900,14352.00,2.08,-171.34
,,,粤高速A(000429.SZ),3300,26598.00,8.06,-1020.39
2023-11-17,205805.96,45220.96,,,,,
,,,齐鲁银行(601665.SH),7600,29336.00,3.86,-2657.44
,,,华邦健康(002004.SZ),3400,16286.00,4.79,-787.19
,,,青岛银行(002948.SZ),7500,23775.00,3.17,-2084.36
,,,贵研铂业(600459.SH),1200,17724.00,14.77,-173.08
,,,无锡银行(600908.SH),3300,16467.00,4.99,-1823.98
,,,浙江交科(002061.SZ),4200,15918.00,3.79,-1173.23
,,,粤高速A(000429.SZ),3300,26796.00,8.12,-822.39
,,,郑州银行(002936.SZ),6900,14283.00,2.07,-240.34
2023-11-16,206399.96,45220.96,,,,,
,,,无锡银行(600908.SH),3300,16599.00,5.03,-1691.98
,,,华邦健康(002004.SZ),3400,16252.00,4.78,-821.19
,,,贵研铂业(600459.SH),1200,17724.00,14.77,-173.08
,,,郑州银行(002936.SZ),6900,14283.00,2.07,-240.34
,,,浙江交科(002061.SZ),4200,15960.00,3.8,-1131.23
,,,青岛银行(002948.SZ),7500,23925.00,3.19,-1934.36
,,,齐鲁银行(601665.SH),7600,29640.00,3.9,-2353.44
,,,粤高速A(000429.SZ),3300,26796.00,8.12,-822.39
2023-11-15,206840.96,45220.96,,,,,
,,,齐鲁银行(601665.SH),7600,29640.00,3.9,-2353.44
,,,华邦健康(002004.SZ),3400,16354.00,4.81,-719.19
,,,浙江交科(002061.SZ),4200,16002.00,3.81,-1089.23
,,,贵研铂业(600459.SH),1200,17976.00,14.98,78.92
,,,粤高速A(000429.SZ),3300,26631.00,8.07,-987.39
,,,郑州银行(002936.SZ),6900,14352.00,2.08,-171.34
,,,无锡银行(600908.SH),3300,16665.00,5.05,-1625.98
,,,青岛银行(002948.SZ),7500,24000.00,3.2,-1859.36
2023-11-14,206321.96,45220.96,,,,,
,,,粤高速A(000429.SZ),3300,26763.00,8.11,-855.39
,,,郑州银行(002936.SZ),6900,14352.00,2.08,-171.34
,,,青岛银行(002948.SZ),7500,23925.00,3.19,-1934.36
,,,齐鲁银行(601665.SH),7600,29716.00,3.91,-2277.44
,,,无锡银行(600908.SH),3300,16599.00,5.03,-1691.98
,,,浙江交科(002061.SZ),4200,15918.00,3.79,-1173.23
,,,华邦健康(002004.SZ),3400,16320.00,4.8,-753.19
,,,贵研铂业(600459.SH),1200,17508.00,14.59,-389.08
2023-11-13,205980.96,45220.96,,,,,
,,,齐鲁银行(601665.SH),7600,29640.00,3.9,-2353.44
,,,郑州银行(002936.SZ),6900,14214.00,2.06,-309.34
,,,浙江交科(002061.SZ),4200,15876.00,3.78,-1215.23
,,,粤高速A(000429.SZ),3300,26763.00,8.11,-855.39
,,,青岛银行(002948.SZ),7500,23850.00,3.18,-2009.36
,,,贵研铂业(600459.SH),1200,17532.00,14.61,-365.08
,,,华邦健康(002004.SZ),3400,16286.00,4.79,-787.19
,,,无锡银行(600908.SH),3300,16599.00,5.03,-1691.98
2023-11-10,205654.96,45220.96,,,,,
,,,青岛银行(002948.SZ),7500,23850.00,3.18,-2009.36
,,,华邦健康(002004.SZ),3400,16252.00,4.78,-821.19
,,,齐鲁银行(601665.SH),7600,29564.00,3.89,-2429.44
,,,郑州银行(002936.SZ),6900,14283.00,2.07,-240.34
,,,贵研铂业(600459.SH),1200,17424.00,14.52,-473.08
,,,无锡银行(600908.SH),3300,16566.00,5.02,-1724.98
,,,浙江交科(002061.SZ),4200,15666.00,3.73,-1425.23
,,,粤高速A(000429.SZ),3300,26829.00,8.13,-789.39
2023-11-09,206767.96,45220.96,,,,,
,,,贵研铂业(600459.SH),1200,17508.00,14.59,-389.08
,,,郑州银行(002936.SZ),6900,14283.00,2.07,-240.34
,,,粤高速A(000429.SZ),3300,26928.00,8.16,-690.39
,,,浙江交科(002061.SZ),4200,15750.00,3.75,-1341.23
,,,华邦健康(002004.SZ),3400,16286.00,4.79,-787.19
,,,无锡银行(600908.SH),3300,16698.00,5.06,-1592.98
,,,青岛银行(002948.SZ),7500,24150.00,3.22,-1709.36
,,,齐鲁银行(601665.SH),7600,29944.00,3.94,-2049.44
2023-11-08,206403.96,45220.96,,,,,
,,,华邦健康(002004.SZ),3400,16252.00,4.78,-821.19
,,,贵研铂业(600459.SH),1200,17448.00,14.54,-449.08
,,,无锡银行(600908.SH),3300,16665.00,5.05,-1625.98
,,,浙江交科(002061.SZ),4200,15750.00,3.75,-1341.23
,,,齐鲁银行(601665.SH),7600,29944.00,3.94,-2049.44
,,,郑州银行(002936.SZ),6900,14352.00,2.08,-171.34
,,,青岛银行(002948.SZ),7500,24075.00,3.21,-1784.36
,,,粤高速A(000429.SZ),3300,26697.00,8.09,-921.39
2023-11-07,207332.96,45220.96,,,,,
,,,粤高速A(000429.SZ),3300,26499.00,8.03,-1119.39
,,,齐鲁银行(601665.SH),7600,30096.00,3.96,-1897.44
,,,郑州银行(002936.SZ),6900,14490.00,2.1,-33.34
,,,浙江交科(002061.SZ),4200,15876.00,3.78,-1215.23
,,,贵研铂业(600459.SH),1200,17700.00,14.75,-197.08
,,,青岛银行(002948.SZ),7500,24300.00,3.24,-1559.36
,,,华邦健康(002004.SZ),3400,16354.00,4.81,-719.19
,,,无锡银行(600908.SH),3300,16797.00,5.09,-1493.98
2023-11-06,207588.96,45220.96,,,,,
,,,郑州银行(002936.SZ),6900,14490.00,2.1,-33.34
,,,贵研铂业(600459.SH),1200,17736.00,14.78,-161.08
,,,青岛银行(002948.SZ),7500,24450.00,3.26,-1409.36
,,,无锡银行(600908.SH),3300,16797.00,5.09,-1493.98
,,,华邦健康(002004.SZ),3400,16388.00,4.82,-685.19
,,,浙江交科(002061.SZ),4200,15918.00,3.79,-1173.23
,,,粤高速A(000429.SZ),3300,26037.00,7.89,-1581.39
,,,齐鲁银行(601665.SH),7600,30552.00,4.02,-1441.44
2023-11-03,206930.96,45220.96,,,,,
,,,无锡银行(600908.SH),3300,16665.00,5.05,-1625.98
,,,华邦健康(002004.SZ),3400,16286.00,4.79,-787.19
,,,青岛银行(002948.SZ),7500,24375.00,3.25,-1484.36
,,,贵研铂业(600459.SH),1200,17400.00,14.5,-497.08
,,,郑州银行(002936.SZ),6900,14352.00,2.08,-171.34
,,,粤高速A(000429.SZ),3300,26532.00,8.04,-1086.39
,,,浙江交科(002061.SZ),4200,15624.00,3.72,-1467.23
,,,齐鲁银行(601665.SH),7600,30476.00,4.01,-1517.44
2023-11-02,207486.96,45220.96,,,,,
,,,齐鲁银行(601665.SH),7600,30628.00,4.03,-1365.44
,,,浙江交科(002061.SZ),4200,15624.00,3.72,-1467.23
,,,无锡银行(600908.SH),3300,16665.00,5.05,-1625.98
,,,贵研铂业(600459.SH),1200,17328.00,14.44,-569.08
,,,粤高速A(000429.SZ),3300,26796.00,8.12,-822.39
,,,郑州银行(002936.SZ),6900,14421.00,2.09,-102.34
,,,青岛银行(002948.SZ),7500,24450.00,3.26,-1409.36
,,,华邦健康(002004.SZ),3400,16354.00,4.81,-719.19
2023-11-01,207945.96,45220.96,,,,,
,,,青岛银行(002948.SZ),7500,24450.00,3.26,-1409.36
,,,贵研铂业(600459.SH),1200,17508.00,14.59,-389.08
,,,无锡银行(600908.SH),3300,16665.00,5.05,-1625.98
,,,齐鲁银行(601665.SH),7600,30704.00,4.04,-1289.44
,,,郑州银行(002936.SZ),6900,14421.00,2.09,-102.34
,,,华邦健康(002004.SZ),3400,16422.00,4.83,-651.19
,,,浙江交科(002061.SZ),4200,15792.00,3.76,-1299.23
,,,粤高速A(000429.SZ),3300,26763.00,8.11,-855.39
2023-10-31,208310.96,45220.96,,,,,
,,,粤高速A(000429.SZ),3300,26664.00,8.08,-954.39
,,,郑州银行(002936.SZ),6900,14421.00,2.09,-102.34
,,,无锡银行(600908.SH),3300,16797.00,5.09,-1493.98
,,,贵研铂业(600459.SH),1200,17520.00,14.6,-377.08
,,,青岛银行(002948.SZ),7500,24450.00,3.26,-1409.36
,,,华邦健康(002004.SZ),3400,16524.00,4.86,-549.19
,,,齐鲁银行(601665.SH),7600,30628.00,4.03,-1365.44
,,,浙江交科(002061.SZ),4200,16086.00,3.83,-1005.23
2023-10-30,209272.96,45220.96,,,,,
,,,齐鲁银行(601665.SH),7600,30628.00,4.03,-1365.44
,,,浙江交科(002061.SZ),4200,16170.00,3.85,-921.23
,,,无锡银行(600908.SH),3300,17160.00,5.2,-1130.98
,,,贵研铂业(600459.SH),1200,17664.00,14.72,-233.08
,,,粤高速A(000429.SZ),3300,26499.00,8.03,-1119.39
,,,郑州银行(002936.SZ),6900,14352.00,2.08,-171.34
,,,青岛银行(002948.SZ),7500,24375.00,3.25,-1484.36
,,,华邦健康(002004.SZ),3400,17204.00,5.06,130.81
2023-10-27,210888.96,45220.96,,,,,
,,,粤高速A(000429.SZ),3300,27555.00,8.35,-63.39
,,,华邦健康(002004.SZ),3400,16490.00,4.85,-583.19
,,,贵研铂业(600459.SH),1200,17616.00,14.68,-281.08
,,,无锡银行(600908.SH),3300,17457.00,5.29,-833.98
,,,齐鲁银行(601665.SH),7600,31008.00,4.08,-985.44
,,,青岛银行(002948.SZ),7500,24825.00,3.31,-1034.36
,,,浙江交科(002061.SZ),4200,16296.00,3.88,-795.23
,,,郑州银行(002936.SZ),6900,14421.00,2.09,-102.34
2023-10-26,210971.96,45220.96,,,,,
,,,齐鲁银行(601665.SH),7600,31160.00,4.1,-833.44
,,,粤高速A(000429.SZ),3300,27588.00,8.36,-30.39
,,,无锡银行(600908.SH),3300,17556.00,5.32,-734.98
,,,郑州银行(002936.SZ),6900,14352.00,2.08,-171.34
,,,贵研铂业(600459.SH),1200,17232.00,14.36,-665.08
,,,浙江交科(002061.SZ),4200,16254.00,3.87,-837.23
,,,华邦健康(002004.SZ),3400,16184.00,4.76,-889.19
,,,青岛银行(002948.SZ),7500,25425.00,3.39,-434.36
2023-10-25,210114.96,45220.96,,,,,
,,,青岛银行(002948.SZ),7500,25275.00,3.37,-584.36
,,,齐鲁银行(601665.SH),7600,31008.00,4.08,-985.44
,,,无锡银行(600908.SH),3300,17490.00,5.3,-800.98
,,,粤高速A(000429.SZ),3300,27027.00,8.19,-591.39
,,,浙江交科(002061.SZ),4200,16338.00,3.89,-753.23
,,,贵研铂业(600459.SH),1200,17220.00,14.35,-677.08
,,,华邦健康(002004.SZ),3400,16184.00,4.76,-889.19
,,,郑州银行(002936.SZ),6900,14352.00,2.08,-171.34
2023-10-24,208479.96,45220.96,,,,,
,,,青岛银行(002948.SZ),7500,24900.00,3.32,-959.36
,,,粤高速A(000429.SZ),3300,27060.00,8.2,-558.39
,,,贵研铂业(600459.SH),1200,17064.00,14.22,-833.08
,,,华邦健康(002004.SZ),3400,16150.00,4.75,-923.19
,,,齐鲁银行(601665.SH),7600,30856.00,4.06,-1137.44
,,,无锡银行(600908.SH),3300,17391.00,5.27,-899.98
,,,郑州银行(002936.SZ),6900,14214.00,2.06,-309.34
,,,浙江交科(002061.SZ),4200,15624.00,3.72,-1467.23
2023-10-23,207073.96,45220.96,,,,,
,,,郑州银行(002936.SZ),6900,14076.00,2.04,-447.34
,,,无锡银行(600908.SH),3300,17391.00,5.27,-899.98
,,,华邦健康(002004.SZ),3400,15776.00,4.64,-1297.19
,,,青岛银行(002948.SZ),7500,25200.00,3.36,-659.36
,,,贵研铂业(600459.SH),1200,16764.00,13.97,-1133.08
,,,浙江交科(002061.SZ),4200,15288.00,3.64,-1803.23
,,,粤高速A(000429.SZ),3300,26730.00,8.1,-888.39
,,,齐鲁银行(601665.SH),7600,30628.00,4.03,-1365.44
2023-10-20,209987.96,45220.96,,,,,
,,,浙江交科(002061.SZ),4200,15666.00,3.73,-1425.23
,,,无锡银行(600908.SH),3300,17787.00,5.39,-503.98
,,,郑州银行(002936.SZ),6900,14421.00,2.09,-102.34
,,,青岛银行(002948.SZ),7500,25500.00,3.4,-359.36
,,,齐鲁银行(601665.SH),7600,31236.00,4.11,-757.44
,,,华邦健康(002004.SZ),3400,16150.00,4.75,-923.19
,,,贵研铂业(600459.SH),1200,17244.00,14.37,-653.08
,,,粤高速A(000429.SZ),3300,26763.00,8.11,-855.39
2023-10-19,210499.96,45220.96,,,,,
,,,青岛银行(002948.SZ),7500,25275.00,3.37,-584.36
,,,无锡银行(600908.SH),3300,17754.00,5.38,-536.98
,,,浙江交科(002061.SZ),4200,15750.00,3.75,-1341.23
,,,贵研铂业(600459.SH),1200,17292.00,14.41,-605.08
,,,华邦健康(002004.SZ),3400,16286.00,4.79,-787.19
,,,郑州银行(002936.SZ),6900,14352.00,2.08,-171.34
,,,粤高速A(000429.SZ),3300,27258.00,8.26,-360.39
,,,齐鲁银行(601665.SH),7600,31312.00,4.12,-681.44
2023-10-18,212402.96,45220.96,,,,,
,,,贵研铂业(600459.SH),1200,17340.00,14.45,-557.08
,,,郑州银行(002936.SZ),6900,14490.00,2.1,-33.34
,,,齐鲁银行(601665.SH),7600,31540.00,4.15,-453.44
,,,青岛银行(002948.SZ),7500,25650.00,3.42,-209.36
,,,浙江交科(002061.SZ),4200,15834.00,3.77,-1257.23
,,,华邦健康(002004.SZ),3400,16524.00,4.86,-549.19
,,,无锡银行(600908.SH),3300,18249.00,5.53,-41.98
,,,粤高速A(000429.SZ),3300,27555.00,8.35,-63.39
2023-10-17,214499.96,45220.96,,,,,
,,,贵研铂业(600459.SH),1200,17604.00,14.67,-293.08
,,,粤高速A(000429.SZ),3300,27654.00,8.38,35.61
,,,华邦健康(002004.SZ),3400,16830.00,4.95,-243.19
,,,郑州银行(002936.SZ),6900,14628.00,2.12,104.66
,,,无锡银行(600908.SH),3300,18447.00,5.59,156.02
,,,浙江交科(002061.SZ),4200,16170.00,3.85,-921.23
,,,齐鲁银行(601665.SH),7600,31996.00,4.21,2.56
,,,青岛银行(002948.SZ),7500,25950.00,3.46,90.64
2023-10-16,214161.96,45220.96,,,,,
,,,贵研铂业(600459.SH),1200,17592.00,14.66,-305.08
,,,浙江交科(002061.SZ),4200,16170.00,3.85,-921.23
,,,齐鲁银行(601665.SH),7600,31844.00,4.19,-149.44
,,,青岛银行(002948.SZ),7500,25875.00,3.45,15.64
,,,郑州银行(002936.SZ),6900,14628.00,2.12,104.66
,,,粤高速A(000429.SZ),3300,27753.00,8.41,134.61
,,,无锡银行(600908.SH),3300,18249.00,5.53,-41.98
,,,华邦健康(002004.SZ),3400,16830.00,4.95,-243.19
2023-10-13,214363.96,45220.96,,,,,
,,,无锡银行(600908.SH),3300,18249.00,5.53,-41.98
,,,青岛银行(002948.SZ),7500,25800.00,3.44,-59.36
,,,郑州银行(002936.SZ),6900,14628.00,2.12,104.66
,,,浙江交科(002061.SZ),4200,16170.00,3.85,-921.23
,,,齐鲁银行(601665.SH),7600,31768.00,4.18,-225.44
,,,粤高速A(000429.SZ),3300,27918.00,8.46,299.61
,,,华邦健康(002004.SZ),3400,16898.00,4.97,-175.19
,,,贵研铂业(600459.SH),1200,17712.00,14.76,-185.08
2023-10-12,214801.96,45220.96,,,,,
,,,浙江交科(002061.SZ),4200,16380.00,3.9,-711.23
,,,无锡银行(600908.SH),3300,18315.00,5.55,24.02
,,,华邦健康(002004.SZ),3400,16864.00,4.96,-209.19
,,,郑州银行(002936.SZ),6900,14697.00,2.13,173.66
,,,齐鲁银行(601665.SH),7600,31844.00,4.19,-149.44
,,,青岛银行(002948.SZ),7500,25725.00,3.43,-134.36
,,,贵研铂业(600459.SH),1200,17904.00,14.92,6.92
,,,粤高速A(000429.SZ),3300,27852.00,8.44,233.61
2023-10-11,213488.96,45220.96,,,,,
,,,贵研铂业(600459.SH),1200,17676.00,14.73,-221.08
,,,浙江交科(002061.SZ),4200,16212.00,3.86,-879.23
,,,粤高速A(000429.SZ),3300,27786.00,8.42,167.61
,,,郑州银行(002936.SZ),6900,14490.00,2.1,-33.34
,,,华邦健康(002004.SZ),3400,16830.00,4.95,-243.19
,,,青岛银行(002948.SZ),7500,25650.00,3.42,-209.36
,,,齐鲁银行(601665.SH),7600,31540.00,4.15,-453.44
,,,无锡银行(600908.SH),3300,18084.00,5.48,-206.98
2023-10-10,214324.96,45220.96,,,,,
,,,青岛银行(002948.SZ),7500,25650.00,3.42,-209.36
,,,华邦健康(002004.SZ),3400,16762.00,4.93,-311.19
,,,浙江交科(002061.SZ),4200,16338.00,3.89,-753.23
,,,郑州银行(002936.SZ),6900,14490.00,2.1,-33.34
,,,粤高速A(000429.SZ),3300,27918.00,8.46,299.61
,,,无锡银行(600908.SH),3300,18282.00,5.54,-8.98
,,,齐鲁银行(601665.SH),7600,31844.00,4.19,-149.44
,,,贵研铂业(600459.SH),1200,17820.00,14.85,-77.08
2023-10-09,215999.96,45220.96,,,,,
,,,齐鲁银行(601665.SH),7600,31996.00,4.21,2.56
,,,浙江交科(002061.SZ),4200,16884.00,4.02,-207.23
,,,贵研铂业(600459.SH),1200,17952.00,14.96,54.92
,,,华邦健康(002004.SZ),3400,16830.00,4.95,-243.19
,,,青岛银行(002948.SZ),7500,26325.00,3.51,465.64
,,,粤高速A(000429.SZ),3300,28050.00,8.5,431.61
,,,无锡银行(600908.SH),3300,18183.00,5.51,-107.98
,,,郑州银行(002936.SZ),6900,14559.00,2.11,35.66
2023-09-28,216562.65,46031.65,,,,,
,,,久立特材(002318.SZ),1200,23160.00,19.3,2484.54
,,,南钢股份(600282.SH),7300,27010.00,3.7,2352.40
,,,郑州银行(002936.SZ),10200,21726.00,2.13,256.72
,,,中粮科技(000930.SZ),2300,15778.00,6.86,-1442.53
,,,佛燃能源(002911.SZ),1800,21618.00,12.01,-1619.34
,,,三全食品(002216.SZ),1300,19149.00,14.73,-1242.81
,,,万向钱潮(000559.SZ),3600,18720.00,5.2,-1233.80
,,,新钢股份(600782.SH),5700,23370.00,4.1,1945.82
2023-09-27,215952.65,46031.65,,,,,
,,,万向钱潮(000559.SZ),3600,18360.00,5.1,-1593.80
,,,中粮科技(000930.SZ),2300,15824.00,6.88,-1396.53
,,,三全食品(002216.SZ),1300,19279.00,14.83,-1112.81
,,,郑州银行(002936.SZ),10200,21828.00,2.14,358.72
,,,久立特材(002318.SZ),1200,22764.00,18.97,2088.54
,,,新钢股份(600782.SH),5700,23256.00,4.08,1831.82
,,,南钢股份(600282.SH),7300,27010.00,3.7,2352.40
,,,佛燃能源(002911.SZ),1800,21600.00,12,-1637.34
2023-09-26,216422.65,46031.65,,,,,
,,,佛燃能源(002911.SZ),1800,21600.00,12,-1637.34
,,,南钢股份(600282.SH),7300,27010.00,3.7,2352.40
,,,三全食品(002216.SZ),1300,19136.00,14.72,-1255.81
,,,中粮科技(000930.SZ),2300,15870.00,6.9,-1350.53
,,,新钢股份(600782.SH),5700,23769.00,4.17,2344.82
,,,郑州银行(002936.SZ),10200,21930.00,2.15,460.72
,,,久立特材(002318.SZ),1200,22500.00,18.75,1824.54
,,,万向钱潮(000559.SZ),3600,18576.00,5.16,-1377.80
2023-09-25,217941.65,46031.65,,,,,
,,,中粮科技(000930.SZ),2300,16054.00,6.98,-1166.53
,,,久立特材(002318.SZ),1200,22764.00,18.97,2088.54
,,,三全食品(002216.SZ),1300,19253.00,14.81,-1138.81
,,,新钢股份(600782.SH),5700,23940.00,4.2,2515.82
,,,南钢股份(600282.SH),7300,27229.00,3.73,2571.40
,,,万向钱潮(000559.SZ),3600,19008.00,5.28,-945.80
,,,佛燃能源(002911.SZ),1800,21528.00,11.96,-1709.34
,,,郑州银行(002936.SZ),10200,22134.00,2.17,664.72
2023-09-22,218325.65,46031.65,,,,,
,,,万向钱潮(000559.SZ),3600,19080.00,5.3,-873.80
,,,新钢股份(600782.SH),5700,24111.00,4.23,2686.82
,,,郑州银行(002936.SZ),10200,22032.00,2.16,562.72
,,,中粮科技(000930.SZ),2300,16169.00,7.03,-1051.53
,,,久立特材(002318.SZ),1200,22800.00,19,2124.54
,,,三全食品(002216.SZ),1300,19292.00,14.84,-1099.81
,,,南钢股份(600282.SH),7300,27156.00,3.72,2498.40
,,,佛燃能源(002911.SZ),1800,21654.00,12.03,-1583.34
2023-09-21,217771.65,46031.65,,,,,
,,,久立特材(002318.SZ),1200,22896.00,19.08,2220.54
,,,郑州银行(002936.SZ),10200,21828.00,2.14,358.72
,,,佛燃能源(002911.SZ),1800,21726.00,12.07,-1511.34
,,,万向钱潮(000559.SZ),3600,18864.00,5.24,-1089.80
,,,南钢股份(600282.SH),7300,27229.00,3.73,2571.40
,,,三全食品(002216.SZ),1300,19032.00,14.64,-1359.81
,,,中粮科技(000930.SZ),2300,16054.00,6.98,-1166.53
,,,新钢股份(600782.SH),5700,24111.00,4.23,2686.82
2023-09-20,219788.65,46031.65,,,,,
,,,久立特材(002318.SZ),1200,22704.00,18.92,2028.54
,,,新钢股份(600782.SH),5700,24396.00,4.28,2971.82
,,,万向钱潮(000559.SZ),3600,19296.00,5.36,-657.80
,,,三全食品(002216.SZ),1300,19383.00,14.91,-1008.81
,,,南钢股份(600282.SH),7300,27375.00,3.75,2717.40
,,,郑州银行(002936.SZ),10200,22032.00,2.16,562.72
,,,佛燃能源(002911.SZ),1800,22356.00,12.42,-881.34
,,,中粮科技(000930.SZ),2300,16215.00,7.05,-1005.53
2023-09-19,220070.65,46031.65,,,,,
,,,郑州银行(002936.SZ),10200,21930.00,2.15,460.72
,,,中粮科技(000930.SZ),2300,16261.00,7.07,-959.53
,,,佛燃能源(002911.SZ),1800,22410.00,12.45,-827.34
,,,南钢股份(600282.SH),7300,27448.00,3.76,2790.40
,,,新钢股份(600782.SH),5700,24510.00,4.3,3085.82
,,,三全食品(002216.SZ),1300,19396.00,14.92,-995.81
,,,万向钱潮(000559.SZ),3600,19332.00,5.37,-621.80
,,,久立特材(002318.SZ),1200,22752.00,18.96,2076.54
2023-09-18,219356.65,46031.65,,,,,
,,,新钢股份(600782.SH),5700,24054.00,4.22,2629.82
,,,南钢股份(600282.SH),7300,27302.00,3.74,2644.40
,,,久立特材(002318.SZ),1200,22620.00,18.85,1944.54
,,,万向钱潮(000559.SZ),3600,19404.00,5.39,-549.80
,,,中粮科技(000930.SZ),2300,16307.00,7.09,-913.53
,,,三全食品(002216.SZ),1300,19526.00,15.02,-865.81
,,,佛燃能源(002911.SZ),1800,22284.00,12.38,-953.34
,,,郑州银行(002936.SZ),10200,21828.00,2.14,358.72
2023-09-15,219329.65,46031.65,,,,,
,,,中粮科技(000930.SZ),2300,16284.00,7.08,-936.53
,,,南钢股份(600282.SH),7300,27302.00,3.74,2644.40
,,,万向钱潮(000559.SZ),3600,18864.00,5.24,-1089.80
,,,新钢股份(600782.SH),5700,24225.00,4.25,2800.82
,,,郑州银行(002936.SZ),10200,21828.00,2.14,358.72
,,,佛燃能源(002911.SZ),1800,22500.00,12.5,-737.34
,,,三全食品(002216.SZ),1300,19435.00,14.95,-956.81
,,,久立特材(002318.SZ),1200,22860.00,19.05,2184.54
2023-09-14,219889.65,46031.65,,,,,
,,,万向钱潮(000559.SZ),3600,18972.00,5.27,-981.80
,,,三全食品(002216.SZ),1300,19396.00,14.92,-995.81
,,,郑州银行(002936.SZ),10200,21828.00,2.14,358.72
,,,久立特材(002318.SZ),1200,23592.00,19.66,2916.54
,,,新钢股份(600782.SH),5700,24054.00,4.22,2629.82
,,,佛燃能源(002911.SZ),1800,22572.00,12.54,-665.34
,,,南钢股份(600282.SH),7300,27229.00,3.73,2571.40
,,,中粮科技(000930.SZ),2300,16215.00,7.05,-1005.53
2023-09-13,218381.65,46031.65,,,,,
,,,郑州银行(002936.SZ),10200,21624.00,2.12,154.72
,,,南钢股份(600282.SH),7300,27083.00,3.71,2425.40
,,,佛燃能源(002911.SZ),1800,22410.00,12.45,-827.34
,,,三全食品(002216.SZ),1300,19474.00,14.98,-917.81
,,,万向钱潮(000559.SZ),3600,19152.00,5.32,-801.80
,,,久立特材(002318.SZ),1200,22692.00,18.91,2016.54
,,,中粮科技(000930.SZ),2300,16146.00,7.02,-1074.53
,,,新钢股份(600782.SH),5700,23769.00,4.17,2344.82
2023-09-12,217203.65,46031.65,,,,,
,,,久立特材(002318.SZ),1200,21192.00,17.66,516.54
,,,万向钱潮(000559.SZ),3600,19440.00,5.4,-513.80
,,,新钢股份(600782.SH),5700,23655.00,4.15,2230.82
,,,郑州银行(002936.SZ),10200,21828.00,2.14,358.72
,,,南钢股份(600282.SH),7300,26937.00,3.69,2279.40
,,,中粮科技(000930.SZ),2300,16330.00,7.1,-890.53
,,,佛燃能源(002911.SZ),1800,22212.00,12.34,-1025.34
,,,三全食品(002216.SZ),1300,19578.00,15.06,-813.81
2023-09-11,216888.65,46031.65,,,,,
,,,郑州银行(002936.SZ),10200,21828.00,2.14,358.72
,,,久立特材(002318.SZ),1200,20988.00,17.49,312.54
,,,佛燃能源(002911.SZ),1800,22266.00,12.37,-971.34
,,,南钢股份(600282.SH),7300,26937.00,3.69,2279.40
,,,新钢股份(600782.SH),5700,23712.00,4.16,2287.82
,,,三全食品(002216.SZ),1300,19513.00,15.01,-878.81
,,,中粮科技(000930.SZ),2300,16353.00,7.11,-867.53
,,,万向钱潮(000559.SZ),3600,19260.00,5.35,-693.80
2023-09-08,215449.65,46031.65,,,,,
,,,三全食品(002216.SZ),1300,19305.00,14.85,-1086.81
,,,万向钱潮(000559.SZ),3600,18756.00,5.21,-1197.80
,,,中粮科技(000930.SZ),2300,16330.00,7.1,-890.53
,,,久立特材(002318.SZ),1200,20832.00,17.36,156.54
,,,郑州银行(002936.SZ),10200,21726.00,2.13,256.72
,,,新钢股份(600782.SH),5700,23484.00,4.12,2059.82
,,,南钢股份(600282.SH),7300,26791.00,3.67,2133.40
,,,佛燃能源(002911.SZ),1800,22194.00,12.33,-1043.34
2023-09-07,215716.65,46031.65,,,,,
,,,佛燃能源(002911.SZ),1800,22104.00,12.28,-1133.34
,,,久立特材(002318.SZ),1200,20748.00,17.29,72.54
,,,万向钱潮(000559.SZ),3600,18648.00,5.18,-1305.80
,,,新钢股份(600782.SH),5700,23826.00,4.18,2401.82
,,,郑州银行(002936.SZ),10200,21726.00,2.13,256.72
,,,中粮科技(000930.SZ),2300,16146.00,7.02,-1074.53
,,,南钢股份(600282.SH),7300,27156.00,3.72,2498.40
,,,三全食品(002216.SZ),1300,19331.00,14.87,-1060.81
2023-09-06,217792.65,46031.65,,,,,
,,,久立特材(002318.SZ),1200,21168.00,17.64,492.54
,,,三全食品(002216.SZ),1300,19617.00,15.09,-774.81
,,,佛燃能源(002911.SZ),1800,22392.00,12.44,-845.34
,,,万向钱潮(000559.SZ),3600,19044.00,5.29,-909.80
,,,新钢股份(600782.SH),5700,24339.00,4.27,2914.82
,,,中粮科技(000930.SZ),2300,16261.00,7.07,-959.53
,,,南钢股份(600282.SH),7300,27010.00,3.7,2352.40
,,,郑州银行(002936.SZ),10200,21930.00,2.15,460.72
2023-09-05,218442.65,46031.65,,,,,
,,,中粮科技(000930.SZ),2300,16215.00,7.05,-1005.53
,,,久立特材(002318.SZ),1200,21276.00,17.73,600.54
,,,郑州银行(002936.SZ),10200,21828.00,2.14,358.72
,,,三全食品(002216.SZ),1300,19617.00,15.09,-774.81
,,,佛燃能源(002911.SZ),1800,22500.00,12.5,-737.34
,,,新钢股份(600782.SH),5700,24738.00,4.34,3313.82
,,,南钢股份(600282.SH),7300,27229.00,3.73,2571.40
,,,万向钱潮(000559.SZ),3600,19008.00,5.28,-945.80
2023-09-04,219483.65,46031.65,,,,,
,,,万向钱潮(000559.SZ),3600,19188.00,5.33,-765.80
,,,新钢股份(600782.SH),5700,24795.00,4.35,3370.82
,,,中粮科技(000930.SZ),2300,16261.00,7.07,-959.53
,,,久立特材(002318.SZ),1200,21456.00,17.88,780.54
,,,佛燃能源(002911.SZ),1800,22482.00,12.49,-755.34
,,,三全食品(002216.SZ),1300,19630.00,15.1,-761.81
,,,南钢股份(600282.SH),7300,27302.00,3.74,2644.40
,,,郑州银行(002936.SZ),10200,22338.00,2.19,868.72
2023-09-01,217770.65,46031.65,,,,,
,,,新钢股份(600782.SH),5700,24168.00,4.24,2743.82
,,,南钢股份(600282.SH),7300,27156.00,3.72,2498.40
,,,佛燃能源(002911.SZ),1800,22302.00,12.39,-935.34
,,,郑州银行(002936.SZ),10200,21930.00,2.15,460.72
,,,中粮科技(000930.SZ),2300,15985.00,6.95,-1235.53
,,,久立特材(002318.SZ),1200,21696.00,18.08,1020.54
,,,三全食品(002216.SZ),1300,19422.00,14.94,-969.81
,,,万向钱潮(000559.SZ),3600,19080.00,5.3,-873.80
2023-08-31,215440.65,46031.65,,,,,
,,,万向钱潮(000559.SZ),3600,19008.00,5.28,-945.80
,,,三全食品(002216.SZ),1300,19123.00,14.71,-1268.81
,,,佛燃能源(002911.SZ),1800,22158.00,12.31,-1079.34
,,,郑州银行(002936.SZ),10200,21828.00,2.14,358.72
,,,南钢股份(600282.SH),7300,26718.00,3.66,2060.40
,,,久立特材(002318.SZ),1200,21300.00,17.75,624.54
,,,中粮科技(000930.SZ),2300,15847.00,6.89,-1373.53
,,,新钢股份(600782.SH),5700,23427.00,4.11,2002.82
2023-08-30,216239.65,46031.65,,,,,
,,,新钢股份(600782.SH),5700,23484.00,4.12,2059.82
,,,三全食品(002216.SZ),1300,19292.00,14.84,-1099.81
,,,中粮科技(000930.SZ),2300,16146.00,7.02,-1074.53
,,,久立特材(002318.SZ),1200,21384.00,17.82,708.54
,,,郑州银行(002936.SZ),10200,21930.00,2.15,460.72
,,,佛燃能源(002911.SZ),1800,22176.00,12.32,-1061.34
,,,万向钱潮(000559.SZ),3600,19224.00,5.34,-729.80
,,,南钢股份(600282.SH),7300,26572.00,3.64,1914.40
2023-08-29,217098.65,46031.65,,,,,
,,,郑州银行(002936.SZ),10200,22644.00,2.22,1174.72
,,,南钢股份(600282.SH),7300,26572.00,3.64,1914.40
,,,佛燃能源(002911.SZ),1800,22248.00,12.36,-989.34
,,,中粮科技(000930.SZ),2300,16284.00,7.08,-936.53
,,,三全食品(002216.SZ),1300,19305.00,14.85,-1086.81
,,,新钢股份(600782.SH),5700,23826.00,4.18,2401.82
,,,久立特材(002318.SZ),1200,21108.00,17.59,432.54
,,,万向钱潮(000559.SZ),3600,19080.00,5.3,-873.80
2023-08-28,215917.65,46031.65,,,,,
,,,郑州银行(002936.SZ),10200,23154.00,2.27,1684.72
,,,三全食品(002216.SZ),1300,19240.00,14.8,-1151.81
,,,久立特材(002318.SZ),1200,20040.00,16.7,-635.46
,,,新钢股份(600782.SH),5700,24225.00,4.25,2800.82
,,,中粮科技(000930.SZ),2300,16192.00,7.04,-1028.53
,,,佛燃能源(002911.SZ),1800,21960.00,12.2,-1277.34
,,,万向钱潮(000559.SZ),3600,18576.00,5.16,-1377.80
,,,南钢股份(600282.SH),7300,26499.00,3.63,1841.40
2023-08-25,214557.65,46031.65,,,,,
,,,佛燃能源(002911.SZ),1800,21852.00,12.14,-1385.34
,,,久立特材(002318.SZ),1200,19932.00,16.61,-743.46
,,,郑州银行(002936.SZ),10200,22644.00,2.22,1174.72
,,,中粮科技(000930.SZ),2300,16238.00,7.06,-982.53
,,,万向钱潮(000559.SZ),3600,18108.00,5.03,-1845.80
,,,新钢股份(600782.SH),5700,23997.00,4.21,2572.82
,,,三全食品(002216.SZ),1300,19110.00,14.7,-1281.81
,,,南钢股份(600282.SH),7300,26645.00,3.65,1987.40
2023-08-24,214280.65,46031.65,,,,,
,,,三全食品(002216.SZ),1300,19383.00,14.91,-1008.81
,,,新钢股份(600782.SH),5700,23769.00,4.17,2344.82
,,,万向钱潮(000559.SZ),3600,18396.00,5.11,-1557.80
,,,佛燃能源(002911.SZ),1800,21654.00,12.03,-1583.34
,,,中粮科技(000930.SZ),2300,16215.00,7.05,-1005.53
,,,久立特材(002318.SZ),1200,20112.00,16.76,-563.46
,,,郑州银行(002936.SZ),10200,22440.00,2.2,970.72
,,,南钢股份(600282.SH),7300,26280.00,3.6,1622.40
2023-08-23,214881.65,46031.65,,,,,
,,,南钢股份(600282.SH),7300,26499.00,3.63,1841.40
,,,郑州银行(002936.SZ),10200,22644.00,2.22,1174.72
,,,中粮科技(000930.SZ),2300,16146.00,7.02,-1074.53
,,,万向钱潮(000559.SZ),3600,18792.00,5.22,-1161.80
,,,佛燃能源(002911.SZ),1800,21600.00,12,-1637.34
,,,三全食品(002216.SZ),1300,18850.00,14.5,-1541.81
,,,新钢股份(600782.SH),5700,24111.00,4.23,2686.82
,,,久立特材(002318.SZ),1200,20208.00,16.84,-467.46
2023-08-22,216006.65,46031.65,,,,,
,,,郑州银行(002936.SZ),10200,22848.00,2.24,1378.72
,,,三全食品(002216.SZ),1300,18954.00,14.58,-1437.81
,,,中粮科技(000930.SZ),2300,16238.00,7.06,-982.53
,,,新钢股份(600782.SH),5700,24339.00,4.27,2914.82
,,,万向钱潮(000559.SZ),3600,18864.00,5.24,-1089.80
,,,南钢股份(600282.SH),7300,26426.00,3.62,1768.40
,,,久立特材(002318.SZ),1200,20508.00,17.09,-167.46
,,,佛燃能源(002911.SZ),1800,21798.00,12.11,-1439.34
2023-08-21,217118.65,46031.65,,,,,
,,,佛燃能源(002911.SZ),1800,21978.00,12.21,-1259.34
,,,中粮科技(000930.SZ),2300,16261.00,7.07,-959.53
,,,三全食品(002216.SZ),1300,20306.00,15.62,-85.81
,,,久立特材(002318.SZ),1200,20496.00,17.08,-179.46
,,,万向钱潮(000559.SZ),3600,18792.00,5.22,-1161.80
,,,新钢股份(600782.SH),5700,24111.00,4.23,2686.82
,,,南钢股份(600282.SH),7300,26499.00,3.63,1841.40
,,,郑州银行(002936.SZ),10200,22644.00,2.22,1174.72
2023-08-18,218711.65,46031.65,,,,,
,,,中粮科技(000930.SZ),2300,16399.00,7.13,-821.53
,,,三全食品(002216.SZ),1300,20618.00,15.86,226.19
,,,南钢股份(600282.SH),7300,26499.00,3.63,1841.40
,,,万向钱潮(000559.SZ),3600,18936.00,5.26,-1017.80
,,,新钢股份(600782.SH),5700,24510.00,4.3,3085.82
,,,郑州银行(002936.SZ),10200,23052.00,2.26,1582.72
,,,久立特材(002318.SZ),1200,20760.00,17.3,84.54
,,,佛燃能源(002911.SZ),1800,21906.00,12.17,-1331.34
2023-08-17,219675.65,46031.65,,,,,
,,,万向钱潮(000559.SZ),3600,19188.00,5.33,-765.80
,,,新钢股份(600782.SH),5700,24510.00,4.3,3085.82
,,,久立特材(002318.SZ),1200,20880.00,17.4,204.54
,,,中粮科技(000930.SZ),2300,16652.00,7.24,-568.53
,,,南钢股份(600282.SH),7300,26426.00,3.62,1768.40
,,,郑州银行(002936.SZ),10200,22848.00,2.24,1378.72
,,,佛燃能源(002911.SZ),1800,22158.00,12.31,-1079.34
,,,三全食品(002216.SZ),1300,20982.00,16.14,590.19
2023-08-16,218651.65,46031.65,,,,,
,,,久立特材(002318.SZ),1200,20424.00,17.02,-251.46
,,,新钢股份(600782.SH),5700,24453.00,4.29,3028.82
,,,三全食品(002216.SZ),1300,20865.00,16.05,473.19
,,,南钢股份(600282.SH),7300,26426.00,3.62,1768.40
,,,佛燃能源(002911.SZ),1800,22140.00,12.3,-1097.34
,,,中粮科技(000930.SZ),2300,16606.00,7.22,-614.53
,,,郑州银行(002936.SZ),10200,22950.00,2.25,1480.72
,,,万向钱潮(000559.SZ),3600,18756.00,5.21,-1197.80
2023-08-15,218831.65,46031.65,,,,,
,,,中粮科技(000930.SZ),2300,16675.00,7.25,-545.53
,,,万向钱潮(000559.SZ),3600,19080.00,5.3,-873.80
,,,新钢股份(600782.SH),5700,24225.00,4.25,2800.82
,,,久立特材(002318.SZ),1200,20676.00,17.23,0.54
,,,佛燃能源(002911.SZ),1800,22086.00,12.27,-1151.34
,,,郑州银行(002936.SZ),10200,22848.00,2.24,1378.72
,,,南钢股份(600282.SH),7300,26280.00,3.6,1622.40
,,,三全食品(002216.SZ),1300,20930.00,16.1,538.19
2023-08-14,219258.65,46031.65,,,,,
,,,佛燃能源(002911.SZ),1800,22446.00,12.47,-791.34
,,,久立特材(002318.SZ),1200,20688.00,17.24,12.54
,,,中粮科技(000930.SZ),2300,16767.00,7.29,-453.53
,,,南钢股份(600282.SH),7300,26134.00,3.58,1476.40
,,,万向钱潮(000559.SZ),3600,19080.00,5.3,-873.80
,,,郑州银行(002936.SZ),10200,22848.00,2.24,1378.72
,,,三全食品(002216.SZ),1300,20982.00,16.14,590.19
,,,新钢股份(600782.SH),5700,24282.00,4.26,2857.82
2023-08-11,219595.65,46031.65,,,,,
,,,南钢股份(600282.SH),7300,26061.00,3.57,1403.40
,,,新钢股份(600782.SH),5700,23997.00,4.21,2572.82
,,,久立特材(002318.SZ),1200,20544.00,17.12,-131.46
,,,佛燃能源(002911.SZ),1800,22824.00,12.68,-413.34
,,,三全食品(002216.SZ),1300,20943.00,16.11,551.19
,,,万向钱潮(000559.SZ),3600,19044.00,5.29,-909.80
,,,郑州银行(002936.SZ),10200,23154.00,2.27,1684.72
,,,中粮科技(000930.SZ),2300,16997.00,7.39,-223.53
2023-08-10,223649.65,46031.65,,,,,
,,,三全食品(002216.SZ),1300,21268.00,16.36,876.19
,,,中粮科技(000930.SZ),2300,17411.00,7.57,190.47
,,,南钢股份(600282.SH),7300,26280.00,3.6,1622.40
,,,万向钱潮(000559.SZ),3600,19548.00,5.43,-405.80
,,,久立特材(002318.SZ),1200,20964.00,17.47,288.54
,,,新钢股份(600782.SH),5700,24453.00,4.29,3028.82
,,,佛燃能源(002911.SZ),1800,24030.00,13.35,792.66
,,,郑州银行(002936.SZ),10200,23664.00,2.32,2194.72
2023-08-09,223014.65,46031.65,,,,,
,,,郑州银行(002936.SZ),10200,23664.00,2.32,2194.72
,,,久立特材(002318.SZ),1200,20772.00,17.31,96.54
,,,中粮科技(000930.SZ),2300,17388.00,7.56,167.47
,,,万向钱潮(000559.SZ),3600,19656.00,5.46,-297.80
,,,南钢股份(600282.SH),7300,26353.00,3.61,1695.40
,,,新钢股份(600782.SH),5700,24567.00,4.31,3142.82
,,,佛燃能源(002911.SZ),1800,23094.00,12.83,-143.34
,,,三全食品(002216.SZ),1300,21489.00,16.53,1097.19
2023-08-08,224764.65,46031.65,,,,,
,,,三全食品(002216.SZ),1300,21658.00,16.66,1266.19
,,,新钢股份(600782.SH),5700,24624.00,4.32,3199.82
,,,南钢股份(600282.SH),7300,26426.00,3.62,1768.40
,,,中粮科技(000930.SZ),2300,17549.00,7.63,328.47
,,,万向钱潮(000559.SZ),3600,19764.00,5.49,-189.80
,,,郑州银行(002936.SZ),10200,23868.00,2.34,2398.72
,,,佛燃能源(002911.SZ),1800,23976.00,13.32,738.66
,,,久立特材(002318.SZ),1200,20868.00,17.39,192.54
2023-08-07,224981.65,46031.65,,,,,
,,,郑州银行(002936.SZ),10200,23970.00,2.35,2500.72
,,,中粮科技(000930.SZ),2300,17664.00,7.68,443.47
,,,三全食品(002216.SZ),1300,21515.00,16.55,1123.19
,,,新钢股份(600782.SH),5700,24795.00,4.35,3370.82
,,,万向钱潮(000559.SZ),3600,19836.00,5.51,-117.80
,,,久立特材(002318.SZ),1200,20820.00,17.35,144.54
,,,佛燃能源(002911.SZ),1800,23778.00,13.21,540.66
,,,南钢股份(600282.SH),7300,26572.00,3.64,1914.40
2023-08-04,226088.65,46031.65,,,,,
,,,久立特材(002318.SZ),1200,20940.00,17.45,264.54
,,,南钢股份(600282.SH),7300,26718.00,3.66,2060.40
,,,新钢股份(600782.SH),5700,25365.00,4.45,3940.82
,,,郑州银行(002936.SZ),10200,24276.00,2.38,2806.72
,,,中粮科技(000930.SZ),2300,17572.00,7.64,351.47
,,,佛燃能源(002911.SZ),1800,23688.00,13.16,450.66
,,,三全食品(002216.SZ),1300,21554.00,16.58,1162.19
,,,万向钱潮(000559.SZ),3600,19944.00,5.54,-9.80
2023-08-03,226713.65,46031.65,,,,,
,,,郑州银行(002936.SZ),10200,24174.00,2.37,2704.72
,,,新钢股份(600782.SH),5700,25479.00,4.47,4054.82
,,,三全食品(002216.SZ),1300,21671.00,16.67,1279.19
,,,佛燃能源(002911.SZ),1800,23832.00,13.24,594.66
,,,南钢股份(600282.SH),7300,26864.00,3.68,2206.40
,,,中粮科技(000930.SZ),2300,17526.00,7.62,305.47
,,,万向钱潮(000559.SZ),3600,20124.00,5.59,170.20
,,,久立特材(002318.SZ),1200,21012.00,17.51,336.54
2023-08-02,226486.65,46031.65,,,,,
,,,佛燃能源(002911.SZ),1800,24012.00,13.34,774.66
,,,新钢股份(600782.SH),5700,25479.00,4.47,4054.82
,,,三全食品(002216.SZ),1300,21281.00,16.37,889.19
,,,久立特材(002318.SZ),1200,21276.00,17.73,600.54
,,,万向钱潮(000559.SZ),3600,20268.00,5.63,314.20
,,,南钢股份(600282.SH),7300,26791.00,3.67,2133.40
,,,郑州银行(002936.SZ),10200,23868.00,2.34,2398.72
,,,中粮科技(000930.SZ),2300,17480.00,7.6,259.47
2023-08-01,226494.65,46031.65,,,,,
,,,郑州银行(002936.SZ),10200,23868.00,2.34,2398.72
,,,中粮科技(000930.SZ),2300,17549.00,7.63,328.47
,,,万向钱潮(000559.SZ),3600,20160.00,5.6,206.20
,,,南钢股份(600282.SH),7300,27010.00,3.7,2352.40
,,,久立特材(002318.SZ),1200,21192.00,17.66,516.54
,,,新钢股份(600782.SH),5700,25479.00,4.47,4054.82
,,,佛燃能源(002911.SZ),1800,23976.00,13.32,738.66
,,,三全食品(002216.SZ),1300,21229.00,16.33,837.19
2023-07-31,225987.65,46031.65,,,,,
,,,三全食品(002216.SZ),1300,21424.00,16.48,1032.19
,,,中粮科技(000930.SZ),2300,17526.00,7.62,305.47
,,,久立特材(002318.SZ),1200,21276.00,17.73,600.54
,,,新钢股份(600782.SH),5700,25194.00,4.42,3769.82
,,,佛燃能源(002911.SZ),1800,23760.00,13.2,522.66
,,,南钢股份(600282.SH),7300,26718.00,3.66,2060.40
,,,万向钱潮(000559.SZ),3600,20088.00,5.58,134.20
,,,郑州银行(002936.SZ),10200,23970.00,2.35,2500.72
2023-07-28,224881.65,46031.65,,,,,
,,,万向钱潮(000559.SZ),3600,20052.00,5.57,98.20
,,,久立特材(002318.SZ),1200,21156.00,17.63,480.54
,,,佛燃能源(002911.SZ),1800,23346.00,12.97,108.66
,,,郑州银行(002936.SZ),10200,23766.00,2.33,2296.72
,,,三全食品(002216.SZ),1300,21021.00,16.17,629.19
,,,中粮科技(000930.SZ),2300,17296.00,7.52,75.47
,,,南钢股份(600282.SH),7300,26791.00,3.67,2133.40
,,,新钢股份(600782.SH),5700,25422.00,4.46,3997.82
2023-07-27,221053.65,46031.65,,,,,
,,,南钢股份(600282.SH),7300,25988.00,3.56,1330.40
,,,久立特材(002318.SZ),1200,21012.00,17.51,336.54
,,,中粮科技(000930.SZ),2300,17181.00,7.47,-39.53
,,,万向钱潮(000559.SZ),3600,19800.00,5.5,-153.80
,,,三全食品(002216.SZ),1300,20748.00,15.96,356.19
,,,新钢股份(600782.SH),5700,24453.00,4.29,3028.82
,,,佛燃能源(002911.SZ),1800,23094.00,12.83,-143.34
,,,郑州银行(002936.SZ),10200,22746.00,2.23,1276.72
2023-07-26,219322.65,46031.65,,,,,
,,,郑州银行(002936.SZ),10200,22236.00,2.18,766.72
,,,中粮科技(000930.SZ),2300,17250.00,7.5,29.47
,,,佛燃能源(002911.SZ),1800,23184.00,12.88,-53.34
,,,三全食品(002216.SZ),1300,21099.00,16.23,707.19
,,,南钢股份(600282.SH),7300,25769.00,3.53,1111.40
,,,万向钱潮(000559.SZ),3600,19548.00,5.43,-405.80
,,,新钢股份(600782.SH),5700,23313.00,4.09,1888.82
,,,久立特材(002318.SZ),1200,20892.00,17.41,216.54
2023-07-25,219452.65,46031.65,,,,,
,,,久立特材(002318.SZ),1200,20976.00,17.48,300.54
,,,郑州银行(002936.SZ),10200,22236.00,2.18,766.72
,,,万向钱潮(000559.SZ),3600,19980.00,5.55,26.20
,,,三全食品(002216.SZ),1300,20943.00,16.11,551.19
,,,佛燃能源(002911.SZ),1800,23526.00,13.07,288.66
,,,南钢股份(600282.SH),7300,25550.00,3.5,892.40
,,,中粮科技(000930.SZ),2300,17296.00,7.52,75.47
,,,新钢股份(600782.SH),5700,22914.00,4.02,1489.82
2023-07-24,216525.65,46031.65,,,,,
,,,新钢股份(600782.SH),5700,22116.00,3.88,691.82
,,,三全食品(002216.SZ),1300,20709.00,15.93,317.19
,,,久立特材(002318.SZ),1200,20652.00,17.21,-23.46
,,,佛燃能源(002911.SZ),1800,23490.00,13.05,252.66
,,,郑州银行(002936.SZ),10200,21624.00,2.12,154.72
,,,万向钱潮(000559.SZ),3600,19656.00,5.46,-297.80
,,,中粮科技(000930.SZ),2300,17135.00,7.45,-85.53
,,,南钢股份(600282.SH),7300,25112.00,3.44,454.40
2023-07-21,216471.65,46031.65,,,,,
,,,三全食品(002216.SZ),1300,20878.00,16.06,486.19
,,,南钢股份(600282.SH),7300,24966.00,3.42,308.40
,,,新钢股份(600782.SH),5700,22059.00,3.87,634.82
,,,佛燃能源(002911.SZ),1800,23238.00,12.91,0.66
,,,万向钱潮(000559.SZ),3600,19584.00,5.44,-369.80
,,,中粮科技(000930.SZ),2300,17181.00,7.47,-39.53
,,,久立特材(002318.SZ),1200,20808.00,17.34,132.54
,,,郑州银行(002936.SZ),10200,21726.00,2.13,256.72
2023-07-20,216177.65,46031.65,,,,,
,,,万向钱潮(000559.SZ),3600,19836.00,5.51,-117.80
,,,南钢股份(600282.SH),7300,25112.00,3.44,454.40
,,,郑州银行(002936.SZ),10200,21522.00,2.11,52.72
,,,三全食品(002216.SZ),1300,20696.00,15.92,304.19
,,,中粮科技(000930.SZ),2300,16974.00,7.38,-246.53
,,,佛燃能源(002911.SZ),1800,23508.00,13.06,270.66
,,,久立特材(002318.SZ),1200,20496.00,17.08,-179.46
,,,新钢股份(600782.SH),5700,22002.00,3.86,577.82
2023-07-19,217081.65,46031.65,,,,,
,,,万向钱潮(000559.SZ),3600,20160.00,5.6,206.20
,,,南钢股份(600282.SH),7300,24966.00,3.42,308.40
,,,新钢股份(600782.SH),5700,22002.00,3.86,577.82
,,,中粮科技(000930.SZ),2300,17204.00,7.48,-16.53
,,,佛燃能源(002911.SZ),1800,23760.00,13.2,522.66
,,,三全食品(002216.SZ),1300,20670.00,15.9,278.19
,,,郑州银行(002936.SZ),10200,21624.00,2.12,154.72
,,,久立特材(002318.SZ),1200,20664.00,17.22,-11.46
2023-07-18,216727.65,46031.65,,,,,
,,,佛燃能源(002911.SZ),1800,23832.00,13.24,594.66
,,,新钢股份(600782.SH),5700,21888.00,3.84,463.82
,,,中粮科技(000930.SZ),2300,17066.00,7.42,-154.53
,,,久立特材(002318.SZ),1200,20424.00,17.02,-251.46
,,,南钢股份(600282.SH),7300,25039.00,3.43,381.40
,,,三全食品(002216.SZ),1300,20657.00,15.89,265.19
,,,万向钱潮(000559.SZ),3600,20268.00,5.63,314.20
,,,郑州银行(002936.SZ),10200,21522.00,2.11,52.72
2023-07-17,215780.65,46031.65,,,,,
,,,南钢股份(600282.SH),7300,25112.00,3.44,454.40
,,,佛燃能源(002911.SZ),1800,23634.00,13.13,396.66
,,,万向钱潮(000559.SZ),3600,19980.00,5.55,26.20
,,,新钢股份(600782.SH),5700,21774.00,3.82,349.82
,,,郑州银行(002936.SZ),10200,21420.00,2.1,-49.28
,,,三全食品(002216.SZ),1300,20735.00,15.95,343.19
,,,久立特材(002318.SZ),1200,20580.00,17.15,-95.46
,,,中粮科技(000930.SZ),2300,16514.00,7.18,-706.53
2023-07-14,217319.65,46031.65,,,,,
,,,中粮科技(000930.SZ),2300,17181.00,7.47,-39.53
,,,南钢股份(600282.SH),7300,25258.00,3.46,600.40
,,,新钢股份(600782.SH),5700,21831.00,3.83,406.82
,,,三全食品(002216.SZ),1300,20696.00,15.92,304.19
,,,佛燃能源(002911.SZ),1800,23994.00,13.33,756.66
,,,万向钱潮(000559.SZ),3600,20124.00,5.59,170.20
,,,久立特材(002318.SZ),1200,20580.00,17.15,-95.46
,,,郑州银行(002936.SZ),10200,21624.00,2.12,154.72
2023-07-13,217667.65,46031.65,,,,,
,,,久立特材(002318.SZ),1200,20604.00,17.17,-71.46
,,,郑州银行(002936.SZ),10200,21624.00,2.12,154.72
,,,万向钱潮(000559.SZ),3600,20196.00,5.61,242.20
,,,佛燃能源(002911.SZ),1800,23994.00,13.33,756.66
,,,南钢股份(600282.SH),7300,25404.00,3.48,746.40
,,,新钢股份(600782.SH),5700,21888.00,3.84,463.82
,,,三全食品(002216.SZ),1300,20722.00,15.94,330.19
,,,中粮科技(000930.SZ),2300,17204.00,7.48,-16.53
2023-07-12,216980.65,46031.65,,,,,
,,,新钢股份(600782.SH),5700,21546.00,3.78,121.82
,,,久立特材(002318.SZ),1200,20928.00,17.44,252.54
,,,佛燃能源(002911.SZ),1800,23850.00,13.25,612.66
,,,郑州银行(002936.SZ),10200,21318.00,2.09,-151.28
,,,三全食品(002216.SZ),1300,20514.00,15.78,122.19
,,,中粮科技(000930.SZ),2300,17158.00,7.46,-62.53
,,,万向钱潮(000559.SZ),3600,20304.00,5.64,350.20
,,,南钢股份(600282.SH),7300,25331.00,3.47,673.40
2023-07-11,217598.65,46031.65,,,,,
,,,三全食品(002216.SZ),1300,20579.00,15.83,187.19
,,,南钢股份(600282.SH),7300,25477.00,3.49,819.40
,,,久立特材(002318.SZ),1200,21300.00,17.75,624.54
,,,新钢股份(600782.SH),5700,21660.00,3.8,235.82
,,,郑州银行(002936.SZ),10200,21522.00,2.11,52.72
,,,中粮科技(000930.SZ),2300,17181.00,7.47,-39.53
,,,万向钱潮(000559.SZ),3600,20304.00,5.64,350.20
,,,佛燃能源(002911.SZ),1800,23544.00,13.08,306.66
2023-07-10,216419.65,46031.65,,,,,
,,,三全食品(002216.SZ),1300,20527.00,15.79,135.19
,,,郑州银行(002936.SZ),10200,21420.00,2.1,-49.28
,,,中粮科技(000930.SZ),2300,17158.00,7.46,-62.53
,,,新钢股份(600782.SH),5700,21546.00,3.78,121.82
,,,万向钱潮(000559.SZ),3600,19872.00,5.52,-81.80
,,,久立特材(002318.SZ),1200,21300.00,17.75,624.54
,,,南钢股份(600282.SH),7300,25039.00,3.43,381.40
,,,佛燃能源(002911.SZ),1800,23526.00,13.07,288.66
2023-07-07,215551.65,46031.65,,,,,
,,,中粮科技(000930.SZ),2300,17181.00,7.47,-39.53
,,,万向钱潮(000559.SZ),3600,19980.00,5.55,26.20
,,,南钢股份(600282.SH),7300,24747.00,3.39,89.40
,,,三全食品(002216.SZ),1300,20423.00,15.71,31.19
,,,郑州银行(002936.SZ),10200,21522.00,2.11,52.72
,,,佛燃能源(002911.SZ),1800,23382.00,12.99,144.66
,,,久立特材(002318.SZ),1200,20796.00,17.33,120.54
,,,新钢股份(600782.SH),5700,21489.00,3.77,64.82
2023-07-06,214479.65,46031.65,,,,,
,,,久立特材(002318.SZ),1200,20808.00,17.34,132.54
,,,南钢股份(600282.SH),7300,24601.00,3.37,-56.60
,,,万向钱潮(000559.SZ),3600,20016.00,5.56,62.20
,,,新钢股份(600782.SH),5700,21432.00,3.76,7.82
,,,佛燃能源(002911.SZ),1800,22986.00,12.77,-251.34
,,,郑州银行(002936.SZ),10200,21216.00,2.08,-253.28
,,,三全食品(002216.SZ),1300,20254.00,15.58,-137.81
,,,中粮科技(000930.SZ),2300,17135.00,7.45,-85.53
2023-07-05,215719.65,46031.65,,,,,
,,,三全食品(002216.SZ),1300,20488.00,15.76,96.19
,,,南钢股份(600282.SH),7300,24747.00,3.39,89.40
,,,中粮科技(000930.SZ),2300,17089.00,7.43,-131.53
,,,佛燃能源(002911.SZ),1800,23040.00,12.8,-197.34
,,,郑州银行(002936.SZ),10200,21420.00,2.1,-49.28
,,,万向钱潮(000559.SZ),3600,19980.00,5.55,26.20
,,,新钢股份(600782.SH),5700,21660.00,3.8,235.82
,,,久立特材(002318.SZ),1200,21264.00,17.72,588.54
2023-07-04,215332.65,46031.65,,,,,
,,,中粮科技(000930.SZ),2300,17204.00,7.48,-16.53
,,,郑州银行(002936.SZ),10200,21420.00,2.1,-49.28
,,,万向钱潮(000559.SZ),3600,20088.00,5.58,134.20
,,,新钢股份(600782.SH),5700,21489.00,3.77,64.82
,,,久立特材(002318.SZ),1200,20688.00,17.24,12.54
,,,三全食品(002216.SZ),1300,20696.00,15.92,304.19
,,,南钢股份(600282.SH),7300,24820.00,3.4,162.40
,,,佛燃能源(002911.SZ),1800,22896.00,12.72,-341.34
2023-07-03,215058.65,46031.65,,,,,
,,,南钢股份(600282.SH),7300,24747.00,3.39,89.40
,,,佛燃能源(002911.SZ),1800,23328.00,12.96,90.66
,,,中粮科技(000930.SZ),2300,17158.00,7.46,-62.53
,,,万向钱潮(000559.SZ),3600,19692.00,5.47,-261.80
,,,新钢股份(600782.SH),5700,21489.00,3.77,64.82
,,,三全食品(002216.SZ),1300,20631.00,15.87,239.19
,,,久立特材(002318.SZ),1200,20460.00,17.05,-215.46
,,,郑州银行(002936.SZ),10200,21522.00,2.11,52.72
2023-06-30,216418.95,45625.95,,,,,
,,,北巴传媒(600386.SH),4000,16360.00,4.09,-1881.87
,,,老凤祥(600612.SH),500,34940.00,69.88,13704.90
,,,重百集团(600729.SH),600,18864.00,31.44,2998.53
,,,皖新传媒(601801.SH),2500,23475.00,9.39,10445.09
,,,大有能源(600403.SH),3700,15207.00,4.11,-2263.75
,,,南方传媒(601900.SH),1900,38969.00,20.51,20306.16
,,,新经典(603096.SH),500,10180.00,20.36,-892.89
,,,岱美股份(603730.SH),810,12798.00,15.8,1736.33
2023-06-29,214652.75,45625.95,,,,,
,,,皖新传媒(601801.SH),2500,23575.00,9.43,10545.09
,,,重百集团(600729.SH),600,17154.00,28.59,1288.53
,,,新经典(603096.SH),500,10150.00,20.3,-922.89
,,,老凤祥(600612.SH),500,34940.00,69.88,13704.90
,,,南方传媒(601900.SH),1900,39254.00,20.66,20591.16
,,,大有能源(600403.SH),3700,15133.00,4.09,-2337.75
,,,北巴传媒(600386.SH),4000,16120.00,4.03,-2121.87
,,,岱美股份(603730.SH),810,12700.80,15.68,1639.13
2023-06-28,213296.65,45625.95,,,,,
,,,皖新传媒(601801.SH),2500,23275.00,9.31,10245.09
,,,大有能源(600403.SH),3700,15466.00,4.18,-2004.75
,,,北巴传媒(600386.SH),4000,16000.00,4,-2241.87
,,,老凤祥(600612.SH),500,34375.00,68.75,13139.90
,,,岱美股份(603730.SH),810,12854.70,15.87,1793.03
,,,南方传媒(601900.SH),1900,38760.00,20.4,20097.16
,,,新经典(603096.SH),500,9930.00,19.86,-1142.89
,,,重百集团(600729.SH),600,17010.00,28.35,1144.53
2023-06-27,213531.25,45217.95,,,,,
,,,南方传媒(601900.SH),1900,40413.00,21.27,21750.16
,,,老凤祥(600612.SH),500,33575.00,67.15,12339.90
,,,新经典(603096.SH),500,10140.00,20.28,-932.89
,,,岱美股份(603730.SH),810,13146.30,16.23,2084.63
,,,皖新传媒(601801.SH),2500,22625.00,9.05,9595.09
,,,北巴传媒(600386.SH),4000,16160.00,4.04,-2081.87
,,,大有能源(600403.SH),3700,14800.00,4,-2670.75
,,,重百集团(600729.SH),600,17454.00,29.09,1180.53
2023-06-26,210845.15,45217.95,,,,,
,,,新经典(603096.SH),500,10005.00,20.01,-1067.89
,,,北巴传媒(600386.SH),4000,15920.00,3.98,-2321.87
,,,大有能源(600403.SH),3700,14504.00,3.92,-2966.75
,,,南方传媒(601900.SH),1900,39729.00,20.91,21066.16
,,,皖新传媒(601801.SH),2500,22700.00,9.08,9670.09
,,,老凤祥(600612.SH),500,32075.00,64.15,10839.90
,,,岱美股份(603730.SH),810,13300.20,16.42,2238.53
,,,重百集团(600729.SH),600,17394.00,28.99,1120.53
2023-06-21,217250.75,45217.95,,,,,
,,,南方传媒(601900.SH),1900,43282.00,22.78,24619.16
,,,岱美股份(603730.SH),810,12781.80,15.78,1720.13
,,,北巴传媒(600386.SH),4000,16720.00,4.18,-1521.87
,,,新经典(603096.SH),500,10370.00,20.74,-702.89
,,,老凤祥(600612.SH),500,31760.00,63.52,10524.90
,,,大有能源(600403.SH),3700,14652.00,3.96,-2818.75
,,,皖新传媒(601801.SH),2500,25025.00,10.01,11995.09
,,,重百集团(600729.SH),600,17442.00,29.07,1168.53
2023-06-20,225331.75,45217.95,,,,,
,,,大有能源(600403.SH),3700,14874.00,4.02,-2596.75
,,,北巴传媒(600386.SH),4000,17360.00,4.34,-881.87
,,,南方传媒(601900.SH),1900,48089.00,25.31,29426.16
,,,老凤祥(600612.SH),500,32175.00,64.35,10939.90
,,,重百集团(600729.SH),600,17592.00,29.32,1318.53
,,,新经典(603096.SH),500,10980.00,21.96,-92.89
,,,岱美股份(603730.SH),810,12943.80,15.98,1882.13
,,,皖新传媒(601801.SH),2500,26100.00,10.44,13070.09
2023-06-19,223201.25,45217.95,,,,,
,,,岱美股份(603730.SH),810,12255.30,15.13,1193.63
,,,南方传媒(601900.SH),1900,46683.00,24.57,28020.16
,,,新经典(603096.SH),500,11120.00,22.24,47.11
,,,重百集团(600729.SH),600,17832.00,29.72,1558.53
,,,大有能源(600403.SH),3700,15133.00,4.09,-2337.75
,,,北巴传媒(600386.SH),4000,17520.00,4.38,-721.87
,,,老凤祥(600612.SH),500,31690.00,63.38,10454.90
,,,皖新传媒(601801.SH),2500,25750.00,10.3,12720.09
2023-06-16,225257.05,45217.95,,,,,
,,,皖新传媒(601801.SH),2500,26550.00,10.62,13520.09
,,,新经典(603096.SH),500,11145.00,22.29,72.11
,,,老凤祥(600612.SH),500,31750.00,63.5,10514.90
,,,南方传媒(601900.SH),1900,47025.00,24.75,28362.16
,,,大有能源(600403.SH),3700,15281.00,4.13,-2189.75
,,,北巴传媒(600386.SH),4000,17800.00,4.45,-441.87
,,,岱美股份(603730.SH),810,12482.10,15.41,1420.43
,,,重百集团(600729.SH),600,18006.00,30.01,1732.53
2023-06-15,225359.05,45217.95,,,,,
,,,南方传媒(601900.SH),1900,46569.00,24.51,27906.16
,,,岱美股份(603730.SH),810,12158.10,15.01,1096.43
,,,新经典(603096.SH),500,11095.00,22.19,22.11
,,,老凤祥(600612.SH),500,31950.00,63.9,10714.90
,,,皖新传媒(601801.SH),2500,26725.00,10.69,13695.09
,,,大有能源(600403.SH),3700,15170.00,4.1,-2300.75
,,,北巴传媒(600386.SH),4000,17880.00,4.47,-361.87
,,,重百集团(600729.SH),600,18594.00,30.99,2320.53
2023-06-14,229635.35,45217.95,,,,,
,,,北巴传媒(600386.SH),4000,18280.00,4.57,38.13
,,,老凤祥(600612.SH),500,32145.00,64.29,10909.90
,,,皖新传媒(601801.SH),2500,27500.00,11,14470.09
,,,南方传媒(601900.SH),1900,48887.00,25.73,30224.16
,,,重百集团(600729.SH),600,19134.00,31.89,2860.53
,,,大有能源(600403.SH),3700,15133.00,4.09,-2337.75
,,,岱美股份(603730.SH),810,12263.40,15.14,1201.73
,,,新经典(603096.SH),500,11075.00,22.15,2.11
2023-06-13,229498.75,45217.95,,,,,
,,,大有能源(600403.SH),3700,15281.00,4.13,-2189.75
,,,南方传媒(601900.SH),1900,49951.00,26.29,31288.16
,,,重百集团(600729.SH),600,18336.00,30.56,2062.53
,,,老凤祥(600612.SH),500,31970.00,63.94,10734.90
,,,北巴传媒(600386.SH),4000,18240.00,4.56,-1.87
,,,新经典(603096.SH),500,11245.00,22.49,172.11
,,,岱美股份(603730.SH),810,12457.80,15.38,1396.13
,,,皖新传媒(601801.SH),2500,26800.00,10.72,13770.09
2023-06-12,225560.75,44817.95,,,,,
,,,北巴传媒(600386.SH),4000,18320.00,4.58,78.13
,,,岱美股份(603730.SH),810,11404.80,14.08,343.13
,,,大有能源(600403.SH),3700,15466.00,4.18,-2004.75
,,,老凤祥(600612.SH),500,32160.00,64.32,10924.90
,,,南方传媒(601900.SH),1900,48431.00,25.49,29768.16
,,,重百集团(600729.SH),600,18216.00,30.36,1942.53
,,,皖新传媒(601801.SH),2500,25250.00,10.1,12220.09
,,,新经典(603096.SH),500,11495.00,22.99,22.11
2023-06-09,223212.95,44817.95,,,,,
,,,北巴传媒(600386.SH),4000,18000.00,4.5,-241.87
,,,新经典(603096.SH),500,11470.00,22.94,-2.89
,,,皖新传媒(601801.SH),2500,25475.00,10.19,12445.09
,,,老凤祥(600612.SH),500,31805.00,63.61,10569.90
,,,重百集团(600729.SH),600,18120.00,30.2,1846.53
,,,岱美股份(603730.SH),810,10368.00,12.8,-693.67
,,,南方传媒(601900.SH),1900,47728.00,25.12,29065.16
,,,大有能源(600403.SH),3700,15429.00,4.17,-2041.75
2023-06-08,220009.35,44817.95,,,,,
,,,新经典(603096.SH),500,11325.00,22.65,-147.89
,,,大有能源(600403.SH),3700,15540.00,4.2,-1930.75
,,,南方传媒(601900.SH),1900,46189.00,24.31,27526.16
,,,皖新传媒(601801.SH),2500,25350.00,10.14,12320.09
,,,老凤祥(600612.SH),500,30735.00,61.47,9499.90
,,,重百集团(600729.SH),600,18174.00,30.29,1900.53
,,,岱美股份(603730.SH),810,10238.40,12.64,-823.27
,,,北巴传媒(600386.SH),4000,17640.00,4.41,-601.87
2023-06-07,226999.75,44817.95,,,,,
,,,皖新传媒(601801.SH),2500,27600.00,11.04,14570.09
,,,老凤祥(600612.SH),500,31155.00,62.31,9919.90
,,,岱美股份(603730.SH),810,10351.80,12.78,-709.87
,,,大有能源(600403.SH),3700,15355.00,4.15,-2115.75
,,,新经典(603096.SH),500,11695.00,23.39,222.11
,,,南方传媒(601900.SH),1900,49951.00,26.29,31288.16
,,,重百集团(600729.SH),600,18234.00,30.39,1960.53
,,,北巴传媒(600386.SH),4000,17840.00,4.46,-401.87
2023-06-06,220730.45,44817.95,,,,,
,,,新经典(603096.SH),500,11170.00,22.34,-302.89
,,,老凤祥(600612.SH),500,31310.00,62.62,10074.90
,,,大有能源(600403.SH),3700,15540.00,4.2,-1930.75
,,,北巴传媒(600386.SH),4000,17480.00,4.37,-761.87
,,,岱美股份(603730.SH),810,10651.50,13.15,-410.17
,,,皖新传媒(601801.SH),2500,25925.00,10.37,12895.09
,,,南方传媒(601900.SH),1900,45410.00,23.9,26747.16
,,,重百集团(600729.SH),600,18426.00,30.71,2152.53
2023-06-05,224848.85,44817.95,,,,,
,,,重百集团(600729.SH),600,18036.00,30.06,1762.53
,,,岱美股份(603730.SH),810,10926.90,13.49,-134.77
,,,大有能源(600403.SH),3700,15503.00,4.19,-1967.75
,,,皖新传媒(601801.SH),2500,25750.00,10.3,12720.09
,,,北巴传媒(600386.SH),4000,18040.00,4.51,-201.87
,,,老凤祥(600612.SH),500,31075.00,62.15,9839.90
,,,南方传媒(601900.SH),1900,49210.00,25.9,30547.16
,,,新经典(603096.SH),500,11490.00,22.98,17.11
2023-06-02,220473.95,44817.95,,,,,
,,,皖新传媒(601801.SH),2500,24100.00,9.64,11070.09
,,,老凤祥(600612.SH),500,31380.00,62.76,10144.90
,,,岱美股份(603730.SH),810,10692.00,13.2,-369.67
,,,南方传媒(601900.SH),1900,48393.00,25.47,29730.16
,,,新经典(603096.SH),500,11155.00,22.31,-317.89
,,,重百集团(600729.SH),600,17544.00,29.24,1270.53
,,,大有能源(600403.SH),3700,15392.00,4.16,-2078.75
,,,北巴传媒(600386.SH),4000,17000.00,4.25,-1241.87
2023-06-01,223815.95,44517.95,,,,,
,,,老凤祥(600612.SH),500,31525.00,63.05,10289.90
,,,大有能源(600403.SH),3700,15318.00,4.14,-2152.75
,,,重百集团(600729.SH),600,17580.00,29.3,1306.53
,,,南方传媒(601900.SH),1900,51908.00,27.32,33245.16
,,,皖新传媒(601801.SH),2500,24075.00,9.63,11045.09
,,,岱美股份(603730.SH),600,10902.00,18.17,-459.67
,,,北巴传媒(600386.SH),4000,16880.00,4.22,-1361.87
,,,新经典(603096.SH),500,11110.00,22.22,-362.89
2023-05-31,216476.95,44517.95,,,,,
,,,大有能源(600403.SH),3700,15318.00,4.14,-2152.75
,,,重百集团(600729.SH),600,17658.00,29.43,1384.53
,,,岱美股份(603730.SH),600,11052.00,18.42,-309.67
,,,南方传媒(601900.SH),1900,47196.00,24.84,28533.16
,,,皖新传媒(601801.SH),2500,22175.00,8.87,9145.09
,,,老凤祥(600612.SH),500,31520.00,63.04,10284.90
,,,北巴传媒(600386.SH),4000,16480.00,4.12,-1761.87
,,,新经典(603096.SH),500,10560.00,21.12,-912.89
2023-05-30,212951.95,44517.95,,,,,
,,,北巴传媒(600386.SH),4000,16480.00,4.12,-1761.87
,,,岱美股份(603730.SH),600,11148.00,18.58,-213.67
,,,重百集团(600729.SH),600,17778.00,29.63,1504.53
,,,皖新传媒(601801.SH),2500,22650.00,9.06,9620.09
,,,南方传媒(601900.SH),1900,42902.00,22.58,24239.16
,,,老凤祥(600612.SH),500,31525.00,63.05,10289.90
,,,新经典(603096.SH),500,10300.00,20.6,-1172.89
,,,大有能源(600403.SH),3700,15651.00,4.23,-1819.75
2023-05-29,208515.95,44517.95,,,,,
,,,岱美股份(603730.SH),600,11046.00,18.41,-315.67
,,,大有能源(600403.SH),3700,15577.00,4.21,-1893.75
,,,新经典(603096.SH),500,10050.00,20.1,-1422.89
,,,南方传媒(601900.SH),1900,39007.00,20.53,20344.16
,,,老凤祥(600612.SH),500,31800.00,63.6,10564.90
,,,北巴传媒(600386.SH),4000,16320.00,4.08,-1921.87
,,,重百集团(600729.SH),600,18048.00,30.08,1774.53
,,,皖新传媒(601801.SH),2500,22150.00,8.86,9120.09
2023-05-26,207305.95,44517.95,,,,,
,,,老凤祥(600612.SH),500,31740.00,63.48,10504.90
,,,北巴传媒(600386.SH),4000,16400.00,4.1,-1841.87
,,,南方传媒(601900.SH),1900,37772.00,19.88,19109.16
,,,岱美股份(603730.SH),600,11100.00,18.5,-261.67
,,,皖新传媒(601801.SH),2500,21950.00,8.78,8920.09
,,,大有能源(600403.SH),3700,15503.00,4.19,-1967.75
,,,新经典(603096.SH),500,10005.00,20.01,-1467.89
,,,重百集团(600729.SH),600,18318.00,30.53,2044.53
2023-05-25,202477.95,44517.95,,,,,
,,,北巴传媒(600386.SH),4000,16400.00,4.1,-1841.87
,,,皖新传媒(601801.SH),2500,20825.00,8.33,7795.09
,,,老凤祥(600612.SH),500,31990.00,63.98,10754.90
,,,新经典(603096.SH),500,9875.00,19.75,-1597.89
,,,岱美股份(603730.SH),600,10800.00,18,-561.67
,,,南方传媒(601900.SH),1900,34333.00,18.07,15670.16
,,,重百集团(600729.SH),600,17790.00,29.65,1516.53
,,,大有能源(600403.SH),3700,15947.00,4.31,-1523.75
2023-05-24,206959.95,44517.95,,,,,
,,,老凤祥(600612.SH),500,32550.00,65.1,11314.90
,,,大有能源(600403.SH),3700,16391.00,4.43,-1079.75
,,,重百集团(600729.SH),600,18000.00,30,1726.53
,,,岱美股份(603730.SH),600,10758.00,17.93,-603.67
,,,新经典(603096.SH),500,10130.00,20.26,-1342.89
,,,皖新传媒(601801.SH),2500,21700.00,8.68,8670.09
,,,南方传媒(601900.SH),1900,36233.00,19.07,17570.16
,,,北巴传媒(600386.SH),4000,16680.00,4.17,-1561.87
2023-05-23,204176.95,44517.95,,,,,
,,,老凤祥(600612.SH),500,32255.00,64.51,11019.90
,,,新经典(603096.SH),500,10095.00,20.19,-1377.89
,,,北巴传媒(600386.SH),4000,16880.00,4.22,-1361.87
,,,重百集团(600729.SH),600,18534.00,30.89,2260.53
,,,大有能源(600403.SH),3700,16798.00,4.54,-672.75
,,,岱美股份(603730.SH),600,10740.00,17.9,-621.67
,,,皖新传媒(601801.SH),2500,20575.00,8.23,7545.09
,,,南方传媒(601900.SH),1900,33782.00,17.78,15119.16
2023-05-22,209624.95,44517.95,,,,,
,,,北巴传媒(600386.SH),4000,17520.00,4.38,-721.87
,,,新经典(603096.SH),500,10500.00,21,-972.89
,,,岱美股份(603730.SH),600,10554.00,17.59,-807.67
,,,老凤祥(600612.SH),500,32910.00,65.82,11674.90
,,,南方传媒(601900.SH),1900,35986.00,18.94,17323.16
,,,大有能源(600403.SH),3700,17205.00,4.65,-265.75
,,,重百集团(600729.SH),600,18732.00,31.22,2458.53
,,,皖新传媒(601801.SH),2500,21700.00,8.68,8670.09
2023-05-19,209862.95,44517.95,,,,,
,,,岱美股份(603730.SH),600,10380.00,17.3,-981.67
,,,南方传媒(601900.SH),1900,35910.00,18.9,17247.16
,,,北巴传媒(600386.SH),4000,18080.00,4.52,-161.87
,,,老凤祥(600612.SH),500,32245.00,64.49,11009.90
,,,重百集团(600729.SH),600,18786.00,31.31,2512.53
,,,新经典(603096.SH),500,10855.00,21.71,-617.89
,,,大有能源(600403.SH),3700,17464.00,4.72,-6.75
,,,皖新传媒(601801.SH),2500,21625.00,8.65,8595.09
2023-05-18,211947.95,44517.95,,,,,
,,,皖新传媒(601801.SH),2500,21350.00,8.54,8320.09
,,,老凤祥(600612.SH),500,32410.00,64.82,11174.90
,,,岱美股份(603730.SH),600,10248.00,17.08,-1113.67
,,,重百集团(600729.SH),600,18600.00,31,2326.53
,,,大有能源(600403.SH),3700,17686.00,4.78,215.25
,,,新经典(603096.SH),500,11240.00,22.48,-232.89
,,,北巴传媒(600386.SH),4000,18200.00,4.55,-41.87
,,,南方传媒(601900.SH),1900,37696.00,19.84,19033.16
2023-05-17,208609.95,44517.95,,,,,
,,,重百集团(600729.SH),600,18696.00,31.16,2422.53
,,,南方传媒(601900.SH),1900,34276.00,18.04,15613.16
,,,皖新传媒(601801.SH),2500,20325.00,8.13,7295.09
,,,岱美股份(603730.SH),600,10260.00,17.1,-1101.67
,,,大有能源(600403.SH),3700,17760.00,4.8,289.25
,,,北巴传媒(600386.SH),4000,19280.00,4.82,1038.13
,,,老凤祥(600612.SH),500,32360.00,64.72,11124.90
,,,新经典(603096.SH),500,11135.00,22.27,-337.89
2023-05-16,212405.95,44517.95,,,,,
,,,北巴传媒(600386.SH),4000,21400.00,5.35,3158.13
,,,重百集团(600729.SH),600,18516.00,30.86,2242.53
,,,岱美股份(603730.SH),600,10230.00,17.05,-1131.67
,,,皖新传媒(601801.SH),2500,22575.00,9.03,9545.09
,,,大有能源(600403.SH),3700,17982.00,4.86,511.25
,,,老凤祥(600612.SH),500,32400.00,64.8,11164.90
,,,新经典(603096.SH),500,11535.00,23.07,62.11
,,,南方传媒(601900.SH),1900,33250.00,17.5,14587.16
2023-05-15,219487.95,44517.95,,,,,
,,,新经典(603096.SH),500,12815.00,25.63,1342.11
,,,南方传媒(601900.SH),1900,36385.00,19.15,17722.16
,,,皖新传媒(601801.SH),2500,25075.00,10.03,12045.09
,,,老凤祥(600612.SH),500,33025.00,66.05,11789.90
,,,大有能源(600403.SH),3700,18130.00,4.9,659.25
,,,重百集团(600729.SH),600,18618.00,31.03,2344.53
,,,岱美股份(603730.SH),600,10242.00,17.07,-1119.67
,,,北巴传媒(600386.SH),4000,20680.00,5.17,2438.13
2023-05-12,218505.95,44517.95,,,,,
,,,大有能源(600403.SH),3700,17760.00,4.8,289.25
,,,南方传媒(601900.SH),1900,38456.00,20.24,19793.16
,,,老凤祥(600612.SH),500,33270.00,66.54,12034.90
,,,岱美股份(603730.SH),600,10182.00,16.97,-1179.67
,,,北巴传媒(600386.SH),4000,18800.00,4.7,558.13
,,,新经典(603096.SH),500,12340.00,24.68,867.11
,,,重百集团(600729.SH),600,18330.00,30.55,2056.53
,,,皖新传媒(601801.SH),2500,24850.00,9.94,11820.09
2023-05-11,218399.95,44517.95,,,,,
,,,大有能源(600403.SH),3700,17723.00,4.79,252.25
,,,岱美股份(603730.SH),600,10146.00,16.91,-1215.67
,,,新经典(603096.SH),500,12950.00,25.9,1477.11
,,,皖新传媒(601801.SH),2500,24475.00,9.79,11445.09
,,,南方传媒(601900.SH),1900,37430.00,19.7,18767.16
,,,老凤祥(600612.SH),500,33290.00,66.58,12054.90
,,,重百集团(600729.SH),600,18228.00,30.38,1954.53
,,,北巴传媒(600386.SH),4000,19640.00,4.91,1398.13
2023-05-10,216241.95,44517.95,,,,,
,,,南方传媒(601900.SH),1900,38760.00,20.4,20097.16
,,,皖新传媒(601801.SH),2500,23100.00,9.24,10070.09
,,,岱美股份(603730.SH),600,10038.00,16.73,-1323.67
,,,老凤祥(600612.SH),500,33420.00,66.84,12184.90
,,,大有能源(600403.SH),3700,18093.00,4.89,622.25
,,,新经典(603096.SH),500,12215.00,24.43,742.11
,,,重百集团(600729.SH),600,18258.00,30.43,1984.53
,,,北巴传媒(600386.SH),4000,17840.00,4.46,-401.87
2023-05-09,217333.95,44517.95,,,,,
,,,新经典(603096.SH),500,12155.00,24.31,682.11
,,,大有能源(600403.SH),3700,18278.00,4.94,807.25
,,,老凤祥(600612.SH),500,32650.00,65.3,11414.90
,,,南方传媒(601900.SH),1900,39254.00,20.66,20591.16
,,,重百集团(600729.SH),600,18480.00,30.8,2206.53
,,,皖新传媒(601801.SH),2500,24575.00,9.83,11545.09
,,,岱美股份(603730.SH),600,9504.00,15.84,-1857.67
,,,北巴传媒(600386.SH),4000,17920.00,4.48,-321.87
2023-05-08,224540.95,44517.95,,,,,
,,,南方传媒(601900.SH),1900,42940.00,22.6,24277.16
,,,新经典(603096.SH),500,12500.00,25,1027.11
,,,老凤祥(600612.SH),500,34335.00,68.67,13099.90
,,,重百集团(600729.SH),600,18450.00,30.75,2176.53
,,,北巴传媒(600386.SH),4000,18480.00,4.62,238.13
,,,大有能源(600403.SH),3700,18056.00,4.88,585.25
,,,皖新传媒(601801.SH),2500,25500.00,10.2,12470.09
,,,岱美股份(603730.SH),600,9762.00,16.27,-1599.67
2023-05-05,222510.95,44517.95,,,,,
,,,新经典(603096.SH),500,12975.00,25.95,1502.11
,,,大有能源(600403.SH),3700,17760.00,4.8,289.25
,,,重百集团(600729.SH),600,18864.00,31.44,2590.53
,,,岱美股份(603730.SH),600,9840.00,16.4,-1521.67
,,,北巴传媒(600386.SH),4000,18160.00,4.54,-81.87
,,,老凤祥(600612.SH),500,34150.00,68.3,12914.90
,,,皖新传媒(601801.SH),2500,23950.00,9.58,10920.09
,,,南方传媒(601900.SH),1900,42294.00,22.26,23631.16
2023-05-04,219904.95,44517.95,,,,,
,,,岱美股份(603730.SH),600,10134.00,16.89,-1227.67
,,,皖新传媒(601801.SH),2500,21775.00,8.71,8745.09
,,,南方传媒(601900.SH),1900,38589.00,20.31,19926.16
,,,重百集团(600729.SH),600,18600.00,31,2326.53
,,,北巴传媒(600386.SH),4000,18800.00,4.7,558.13
,,,大有能源(600403.SH),3700,17834.00,4.82,363.25
,,,老凤祥(600612.SH),500,36925.00,73.85,15689.90
,,,新经典(603096.SH),500,12730.00,25.46,1257.11
2023-04-28,208685.95,44517.95,,,,,
,,,岱美股份(603730.SH),600,10140.00,16.9,-1221.67
,,,南方传媒(601900.SH),1900,35074.00,18.46,16411.16
,,,皖新传媒(601801.SH),2500,19800.00,7.92,6770.09
,,,老凤祥(600612.SH),500,33660.00,67.32,12424.90
,,,新经典(603096.SH),500,11980.00,23.96,507.11
,,,大有能源(600403.SH),3700,17612.00,4.76,141.25
,,,重百集团(600729.SH),600,17742.00,29.57,1468.53
,,,北巴传媒(600386.SH),4000,18160.00,4.54,-81.87
2023-04-27,198927.95,44517.95,,,,,
,,,老凤祥(600612.SH),500,30600.00,61.2,9364.90
,,,岱美股份(603730.SH),600,10428.00,17.38,-933.67
,,,北巴传媒(600386.SH),4000,17880.00,4.47,-361.87
,,,重百集团(600729.SH),600,17058.00,28.43,784.53
,,,大有能源(600403.SH),3700,17242.00,4.66,-228.75
,,,南方传媒(601900.SH),1900,31882.00,16.78,13219.16
,,,皖新传媒(601801.SH),2500,18000.00,7.2,4970.09
,,,新经典(603096.SH),500,11320.00,22.64,-152.89
2023-04-26,201527.95,42926.95,,,,,
,,,大有能源(600403.SH),3700,19499.00,5.27,437.25
,,,新经典(603096.SH),500,11495.00,22.99,22.11
,,,南方传媒(601900.SH),1900,35359.00,18.61,16696.16
,,,岱美股份(603730.SH),600,10236.00,17.06,-1125.67
,,,皖新传媒(601801.SH),2500,17650.00,7.06,4620.09
,,,重百集团(600729.SH),600,16482.00,27.47,208.53
,,,老凤祥(600612.SH),500,30000.00,60,8764.90
,,,北巴传媒(600386.SH),4000,17880.00,4.47,-361.87
2023-04-25,198162.95,42926.95,,,,,
,,,大有能源(600403.SH),3700,19240.00,5.2,178.25
,,,新经典(603096.SH),500,11960.00,23.92,487.11
,,,老凤祥(600612.SH),500,30215.00,60.43,8979.90
,,,北巴传媒(600386.SH),4000,17640.00,4.41,-601.87
,,,皖新传媒(601801.SH),2500,17375.00,6.95,4345.09
,,,南方传媒(601900.SH),1900,32148.00,16.92,13485.16
,,,岱美股份(603730.SH),600,9996.00,16.66,-1365.67
,,,重百集团(600729.SH),600,16662.00,27.77,388.53
2023-04-24,195495.95,42926.95,,,,,
,,,大有能源(600403.SH),3700,19351.00,5.23,289.25
,,,北巴传媒(600386.SH),4000,17960.00,4.49,-281.87
,,,重百集团(600729.SH),600,16560.00,27.6,286.53
,,,老凤祥(600612.SH),500,29875.00,59.75,8639.90
,,,新经典(603096.SH),500,12195.00,24.39,722.11
,,,南方传媒(601900.SH),1900,29222.00,15.38,10559.16
,,,皖新传媒(601801.SH),2500,17200.00,6.88,4170.09
,,,岱美股份(603730.SH),600,10206.00,17.01,-1155.67
2023-04-21,191249.95,42926.95,,,,,
,,,老凤祥(600612.SH),500,29900.00,59.8,8664.90
,,,新经典(603096.SH),500,11950.00,23.9,477.11
,,,皖新传媒(601801.SH),2500,16725.00,6.69,3695.09
,,,重百集团(600729.SH),600,16680.00,27.8,406.53
,,,北巴传媒(600386.SH),4000,17440.00,4.36,-801.87
,,,大有能源(600403.SH),3700,19166.00,5.18,104.25
,,,岱美股份(603730.SH),600,9900.00,16.5,-1461.67
,,,南方传媒(601900.SH),1900,26562.00,13.98,7899.16
2023-04-20,193499.95,42926.95,,,,,
,,,岱美股份(603730.SH),600,10098.00,16.83,-1263.67
,,,北巴传媒(600386.SH),4000,18480.00,4.62,238.13
,,,大有能源(600403.SH),3700,19166.00,5.18,104.25
,,,老凤祥(600612.SH),500,30820.00,61.64,9584.90
,,,重百集团(600729.SH),600,16728.00,27.88,454.53
,,,新经典(603096.SH),500,12855.00,25.71,1382.11
,,,皖新传媒(601801.SH),2500,17175.00,6.87,4145.09
,,,南方传媒(601900.SH),1900,25251.00,13.29,6588.16
2023-04-19,189833.95,42926.95,,,,,
,,,南方传媒(601900.SH),1900,22952.00,12.08,4289.16
,,,大有能源(600403.SH),3700,19277.00,5.21,215.25
,,,皖新传媒(601801.SH),2500,16850.00,6.74,3820.09
,,,新经典(603096.SH),500,12255.00,24.51,782.11
,,,老凤祥(600612.SH),500,30125.00,60.25,8889.90
,,,岱美股份(603730.SH),600,10380.00,17.3,-981.67
,,,重百集团(600729.SH),600,16668.00,27.78,394.53
,,,北巴传媒(600386.SH),4000,18400.00,4.6,158.13
2023-04-18,187499.95,42926.95,,,,,
,,,重百集团(600729.SH),600,16704.00,27.84,430.53
,,,南方传媒(601900.SH),1900,20862.00,10.98,2199.16
,,,大有能源(600403.SH),3700,19129.00,5.17,67.25
,,,皖新传媒(601801.SH),2500,16325.00,6.53,3295.09
,,,新经典(603096.SH),500,12180.00,24.36,707.11
,,,老凤祥(600612.SH),500,30185.00,60.37,8949.90
,,,北巴传媒(600386.SH),4000,18400.00,4.6,158.13
,,,岱美股份(603730.SH),600,10788.00,17.98,-573.67
2023-04-17,184737.95,42926.95,,,,,
,,,南方传媒(601900.SH),1900,19684.00,10.36,1021.16
,,,新经典(603096.SH),500,12245.00,24.49,772.11
,,,北巴传媒(600386.SH),4000,18240.00,4.56,-1.87
,,,岱美股份(603730.SH),600,10464.00,17.44,-897.67
,,,大有能源(600403.SH),3700,18944.00,5.12,-117.75
,,,重百集团(600729.SH),600,16374.00,27.29,100.53
,,,老凤祥(600612.SH),500,29710.00,59.42,8474.90
,,,皖新传媒(601801.SH),2500,16150.00,6.46,3120.09
2023-04-14,185868.95,42926.95,,,,,
,,,新经典(603096.SH),500,12445.00,24.89,972.11
,,,北巴传媒(600386.SH),4000,18400.00,4.6,158.13
,,,大有能源(600403.SH),3700,18833.00,5.09,-228.75
,,,南方传媒(601900.SH),1900,20216.00,10.64,1553.16
,,,皖新传媒(601801.SH),2500,16650.00,6.66,3620.09
,,,重百集团(600729.SH),600,15900.00,26.5,-373.47
,,,岱美股份(603730.SH),600,10398.00,17.33,-963.67
,,,老凤祥(600612.SH),500,30100.00,60.2,8864.90
2023-04-13,187632.95,42926.95,,,,,
,,,皖新传媒(601801.SH),2500,17100.00,6.84,4070.09
,,,岱美股份(603730.SH),600,10392.00,17.32,-969.67
,,,南方传媒(601900.SH),1900,21052.00,11.08,2389.16
,,,北巴传媒(600386.SH),4000,18440.00,4.61,198.13
,,,大有能源(600403.SH),3700,18907.00,5.11,-154.75
,,,新经典(603096.SH),500,13495.00,26.99,2022.11
,,,老凤祥(600612.SH),500,30140.00,60.28,8904.90
,,,重百集团(600729.SH),600,15180.00,25.3,-1093.47
2023-04-12,185359.95,42926.95,,,,,
,,,南方传媒(601900.SH),1900,19779.00,10.41,1116.16
,,,新经典(603096.SH),500,12760.00,25.52,1287.11
,,,岱美股份(603730.SH),600,10464.00,17.44,-897.67
,,,重百集团(600729.SH),600,14760.00,24.6,-1513.47
,,,老凤祥(600612.SH),500,30255.00,60.51,9019.90
,,,北巴传媒(600386.SH),4000,18720.00,4.68,478.13
,,,大有能源(600403.SH),3700,18870.00,5.1,-191.75
,,,皖新传媒(601801.SH),2500,16825.00,6.73,3795.09
2023-04-11,182617.95,42926.95,,,,,
,,,老凤祥(600612.SH),500,30260.00,60.52,9024.90
,,,北巴传媒(600386.SH),4000,18280.00,4.57,38.13
,,,大有能源(600403.SH),3700,18685.00,5.05,-376.75
,,,重百集团(600729.SH),600,14484.00,24.14,-1789.47
,,,岱美股份(603730.SH),600,10872.00,18.12,-489.67
,,,皖新传媒(601801.SH),2500,16700.00,6.68,3670.09
,,,南方传媒(601900.SH),1900,18810.00,9.9,147.16
,,,新经典(603096.SH),500,11600.00,23.2,127.11
2023-04-10,178826.95,42926.95,,,,,
,,,岱美股份(603730.SH),600,10776.00,17.96,-585.67
,,,新经典(603096.SH),500,10545.00,21.09,-927.89
,,,北巴传媒(600386.SH),4000,17560.00,4.39,-681.87
,,,重百集团(600729.SH),600,14772.00,24.62,-1501.47
,,,老凤祥(600612.SH),500,29870.00,59.74,8634.90
,,,大有能源(600403.SH),3700,18833.00,5.09,-228.75
,,,皖新传媒(601801.SH),2500,15475.00,6.19,2445.09
,,,南方传媒(601900.SH),1900,18069.00,9.51,-593.84
2023-04-07,182613.95,42926.95,,,,,
,,,重百集团(600729.SH),600,16128.00,26.88,-145.47
,,,大有能源(600403.SH),3700,19055.00,5.15,-6.75
,,,新经典(603096.SH),500,10830.00,21.66,-642.89
,,,南方传媒(601900.SH),1900,18259.00,9.61,-403.84
,,,北巴传媒(600386.SH),4000,18000.00,4.5,-241.87
,,,岱美股份(603730.SH),600,10950.00,18.25,-411.67
,,,皖新传媒(601801.SH),2500,15700.00,6.28,2670.09
,,,老凤祥(600612.SH),500,30765.00,61.53,9529.90
2023-04-06,179682.95,42926.95,,,,,
,,,老凤祥(600612.SH),500,27970.00,55.94,6734.90
,,,重百集团(600729.SH),600,16140.00,26.9,-133.47
,,,大有能源(600403.SH),3700,19425.00,5.25,363.25
,,,皖新传媒(601801.SH),2500,15800.00,6.32,2770.09
,,,新经典(603096.SH),500,10610.00,21.22,-862.89
,,,北巴传媒(600386.SH),4000,17800.00,4.45,-441.87
,,,岱美股份(603730.SH),600,10752.00,17.92,-609.67
,,,南方传媒(601900.SH),1900,18259.00,9.61,-403.84
2023-04-04,181356.95,42926.95,,,,,
,,,南方传媒(601900.SH),1900,18848.00,9.92,185.16
,,,岱美股份(603730.SH),600,10794.00,17.99,-567.67
,,,大有能源(600403.SH),3700,19351.00,5.23,289.25
,,,重百集团(600729.SH),600,16242.00,27.07,-31.47
,,,新经典(603096.SH),500,11130.00,22.26,-342.89
,,,老凤祥(600612.SH),500,27450.00,54.9,6214.90
,,,北巴传媒(600386.SH),4000,18440.00,4.61,198.13
,,,皖新传媒(601801.SH),2500,16175.00,6.47,3145.09
2023-04-03,180931.95,42926.95,,,,,
,,,北巴传媒(600386.SH),4000,18600.00,4.65,358.13
,,,新经典(603096.SH),500,11480.00,22.96,7.11
,,,老凤祥(600612.SH),500,26665.00,53.33,5429.90
,,,南方传媒(601900.SH),1900,19038.00,10.02,375.16
,,,重百集团(600729.SH),600,16020.00,26.7,-253.47
,,,大有能源(600403.SH),3700,19055.00,5.15,-6.75
,,,皖新传媒(601801.SH),2500,16125.00,6.45,3095.09
,,,岱美股份(603730.SH),600,11022.00,18.37,-339.67
2023-03-31,181306.70,29031.70,,,,,
,,,方大特钢(600507.SH),2500,14000.00,5.6,-1134.74
,,,皖新传媒(601801.SH),4600,29210.00,6.35,5234.97
,,,老凤祥(600612.SH),400,21588.00,53.97,5787.73
,,,奥瑞金(002701.SZ),4700,24299.00,5.17,273.85
,,,天津港(600717.SH),3400,13804.00,4.06,171.80
,,,衢州东峰(601515.SH),3400,14926.00,4.39,101.42
,,,内蒙一机(600967.SH),2100,20055.00,9.55,3349.68
,,,城投控股(600649.SH),3700,14393.00,3.89,559.40
2023-03-30,179572.70,29031.70,,,,,
,,,衢州东峰(601515.SH),3400,14892.00,4.38,67.42
,,,奥瑞金(002701.SZ),4700,24393.00,5.19,367.85
,,,皖新传媒(601801.SH),4600,28244.00,6.14,4268.97
,,,内蒙一机(600967.SH),2100,19761.00,9.41,3055.68
,,,天津港(600717.SH),3400,13770.00,4.05,137.80
,,,方大特钢(600507.SH),2500,13925.00,5.57,-1209.74
,,,城投控股(600649.SH),3700,14356.00,3.88,522.40
,,,老凤祥(600612.SH),400,21200.00,53,5399.73
2023-03-29,180823.70,29031.70,,,,,
,,,天津港(600717.SH),3400,13736.00,4.04,103.80
,,,皖新传媒(601801.SH),4600,29256.00,6.36,5280.97
,,,内蒙一机(600967.SH),2100,19761.00,9.41,3055.68
,,,方大特钢(600507.SH),2500,14000.00,5.6,-1134.74
,,,老凤祥(600612.SH),400,21360.00,53.4,5559.73
,,,奥瑞金(002701.SZ),4700,24252.00,5.16,226.85
,,,城投控股(600649.SH),3700,14467.00,3.91,633.40
,,,衢州东峰(601515.SH),3400,14960.00,4.4,135.42
2023-03-28,181227.70,29031.70,,,,,
,,,天津港(600717.SH),3400,13838.00,4.07,205.80
,,,奥瑞金(002701.SZ),4700,24299.00,5.17,273.85
,,,衢州东峰(601515.SH),3400,15062.00,4.43,237.42
,,,城投控股(600649.SH),3700,14652.00,3.96,818.40
,,,方大特钢(600507.SH),2500,13950.00,5.58,-1184.74
,,,皖新传媒(601801.SH),4600,29072.00,6.32,5096.97
,,,老凤祥(600612.SH),400,21436.00,53.59,5635.73
,,,内蒙一机(600967.SH),2100,19887.00,9.47,3181.68
2023-03-27,180812.70,29031.70,,,,,
,,,老凤祥(600612.SH),400,21252.00,53.13,5451.73
,,,皖新传媒(601801.SH),4600,28796.00,6.26,4820.97
,,,方大特钢(600507.SH),2500,13925.00,5.57,-1209.74
,,,城投控股(600649.SH),3700,14726.00,3.98,892.40
,,,天津港(600717.SH),3400,13872.00,4.08,239.80
,,,内蒙一机(600967.SH),2100,20097.00,9.57,3391.68
,,,衢州东峰(601515.SH),3400,15096.00,4.44,271.42
,,,奥瑞金(002701.SZ),4700,24017.00,5.11,-8.15
2023-03-24,181191.70,29031.70,,,,,
,,,皖新传媒(601801.SH),4600,28382.00,6.17,4406.97
,,,奥瑞金(002701.SZ),4700,23829.00,5.07,-196.15
,,,天津港(600717.SH),3400,14348.00,4.22,715.80
,,,城投控股(600649.SH),3700,14911.00,4.03,1077.40
,,,内蒙一机(600967.SH),2100,20328.00,9.68,3622.68
,,,衢州东峰(601515.SH),3400,15028.00,4.42,203.42
,,,老凤祥(600612.SH),400,21284.00,53.21,5483.73
,,,方大特钢(600507.SH),2500,14050.00,5.62,-1084.74
2023-03-23,181567.70,29031.70,,,,,
,,,城投控股(600649.SH),3700,14837.00,4.01,1003.40
,,,奥瑞金(002701.SZ),4700,23735.00,5.05,-290.15
,,,天津港(600717.SH),3400,14620.00,4.3,987.80
,,,方大特钢(600507.SH),2500,14025.00,5.61,-1109.74
,,,老凤祥(600612.SH),400,21316.00,53.29,5515.73
,,,皖新传媒(601801.SH),4600,28382.00,6.17,4406.97
,,,衢州东峰(601515.SH),3400,15062.00,4.43,237.42
,,,内蒙一机(600967.SH),2100,20559.00,9.79,3853.68
2023-03-22,181982.70,29031.70,,,,,
,,,方大特钢(600507.SH),2500,14225.00,5.69,-909.74
,,,衢州东峰(601515.SH),3400,15164.00,4.46,339.42
,,,老凤祥(600612.SH),400,21456.00,53.64,5655.73
,,,奥瑞金(002701.SZ),4700,23923.00,5.09,-102.15
,,,皖新传媒(601801.SH),4600,28290.00,6.15,4314.97
,,,内蒙一机(600967.SH),2100,20328.00,9.68,3622.68
,,,天津港(600717.SH),3400,14654.00,4.31,1021.80
,,,城投控股(600649.SH),3700,14911.00,4.03,1077.40
2023-03-21,180928.70,29031.70,,,,,
,,,皖新传媒(601801.SH),4600,27646.00,6.01,3670.97
,,,方大特钢(600507.SH),2500,14350.00,5.74,-784.74
,,,衢州东峰(601515.SH),3400,15096.00,4.44,271.42
,,,城投控股(600649.SH),3700,14874.00,4.02,1040.40
,,,老凤祥(600612.SH),400,21276.00,53.19,5475.73
,,,天津港(600717.SH),3400,14654.00,4.31,1021.80
,,,奥瑞金(002701.SZ),4700,23547.00,5.01,-478.15
,,,内蒙一机(600967.SH),2100,20454.00,9.74,3748.68
2023-03-20,179206.70,29031.70,,,,,
,,,内蒙一机(600967.SH),2100,19740.00,9.4,3034.68
,,,老凤祥(600612.SH),400,21272.00,53.18,5471.73
,,,城投控股(600649.SH),3700,14763.00,3.99,929.40
,,,衢州东峰(601515.SH),3400,14892.00,4.38,67.42
,,,天津港(600717.SH),3400,14654.00,4.31,1021.80
,,,方大特钢(600507.SH),2500,14400.00,5.76,-734.74
,,,皖新传媒(601801.SH),4600,27048.00,5.88,3072.97
,,,奥瑞金(002701.SZ),4700,23406.00,4.98,-619.15
2023-03-17,180738.70,29031.70,,,,,
,,,内蒙一机(600967.SH),2100,19866.00,9.46,3160.68
,,,方大特钢(600507.SH),2500,15825.00,6.33,690.26
,,,奥瑞金(002701.SZ),4700,23547.00,5.01,-478.15
,,,城投控股(600649.SH),3700,14837.00,4.01,1003.40
,,,天津港(600717.SH),3400,14790.00,4.35,1157.80
,,,老凤祥(600612.SH),400,20664.00,51.66,4863.73
,,,皖新传媒(601801.SH),4600,27048.00,5.88,3072.97
,,,衢州东峰(601515.SH),3400,15130.00,4.45,305.42
2023-03-16,179782.70,29031.70,,,,,
,,,老凤祥(600612.SH),400,20580.00,51.45,4779.73
,,,衢州东峰(601515.SH),3400,15028.00,4.42,203.42
,,,奥瑞金(002701.SZ),4700,23782.00,5.06,-243.15
,,,城投控股(600649.SH),3700,14763.00,3.99,929.40
,,,方大特钢(600507.SH),2500,15650.00,6.26,515.26
,,,皖新传媒(601801.SH),4600,26680.00,5.8,2704.97
,,,天津港(600717.SH),3400,14654.00,4.31,1021.80
,,,内蒙一机(600967.SH),2100,19614.00,9.34,2908.68
2023-03-15,180750.70,29031.70,,,,,
,,,老凤祥(600612.SH),400,20268.00,50.67,4467.73
,,,皖新传媒(601801.SH),4600,26634.00,5.79,2658.97
,,,天津港(600717.SH),3400,14790.00,4.35,1157.80
,,,方大特钢(600507.SH),2500,16000.00,6.4,865.26
,,,城投控股(600649.SH),3700,14911.00,4.03,1077.40
,,,衢州东峰(601515.SH),3400,15096.00,4.44,271.42
,,,奥瑞金(002701.SZ),4700,23923.00,5.09,-102.15
,,,内蒙一机(600967.SH),2100,20097.00,9.57,3391.68
2023-03-14,178739.70,29031.70,,,,,
,,,天津港(600717.SH),3400,14416.00,4.24,783.80
,,,城投控股(600649.SH),3700,14726.00,3.98,892.40
,,,方大特钢(600507.SH),2500,15625.00,6.25,490.26
,,,老凤祥(600612.SH),400,20400.00,51,4599.73
,,,衢州东峰(601515.SH),3400,14926.00,4.39,101.42
,,,奥瑞金(002701.SZ),4700,23453.00,4.99,-572.15
,,,内蒙一机(600967.SH),2100,20034.00,9.54,3328.68
,,,皖新传媒(601801.SH),4600,26128.00,5.68,2152.97
2023-03-13,180175.70,29031.70,,,,,
,,,皖新传媒(601801.SH),4600,26588.00,5.78,2612.97
,,,城投控股(600649.SH),3700,14763.00,3.99,929.40
,,,内蒙一机(600967.SH),2100,20328.00,9.68,3622.68
,,,方大特钢(600507.SH),2500,15750.00,6.3,615.26
,,,衢州东峰(601515.SH),3400,15062.00,4.43,237.42
,,,老凤祥(600612.SH),400,20648.00,51.62,4847.73
,,,天津港(600717.SH),3400,14552.00,4.28,919.80
,,,奥瑞金(002701.SZ),4700,23453.00,4.99,-572.15
2023-03-10,179519.70,29031.70,,,,,
,,,奥瑞金(002701.SZ),4700,24017.00,5.11,-8.15
,,,皖新传媒(601801.SH),4600,26082.00,5.67,2106.97
,,,方大特钢(600507.SH),2500,15725.00,6.29,590.26
,,,老凤祥(600612.SH),400,20224.00,50.56,4423.73
,,,衢州东峰(601515.SH),3400,15164.00,4.46,339.42
,,,城投控股(600649.SH),3700,14800.00,4,966.40
,,,内蒙一机(600967.SH),2100,19992.00,9.52,3286.68
,,,天津港(600717.SH),3400,14484.00,4.26,851.80
2023-03-09,181858.70,29031.70,,,,,
,,,奥瑞金(002701.SZ),4700,24581.00,5.23,555.85
,,,衢州东峰(601515.SH),3400,15368.00,4.52,543.42
,,,老凤祥(600612.SH),400,20520.00,51.3,4719.73
,,,皖新传媒(601801.SH),4600,26450.00,5.75,2474.97
,,,城投控股(600649.SH),3700,14985.00,4.05,1151.40
,,,天津港(600717.SH),3400,14620.00,4.3,987.80
,,,内蒙一机(600967.SH),2100,20328.00,9.68,3622.68
,,,方大特钢(600507.SH),2500,15975.00,6.39,840.26
2023-03-08,182403.70,29031.70,,,,,
,,,衢州东峰(601515.SH),3400,15436.00,4.54,611.42
,,,内蒙一机(600967.SH),2100,20517.00,9.77,3811.68
,,,天津港(600717.SH),3400,14654.00,4.31,1021.80
,,,奥瑞金(002701.SZ),4700,24722.00,5.26,696.85
,,,方大特钢(600507.SH),2500,15975.00,6.39,840.26
,,,皖新传媒(601801.SH),4600,26450.00,5.75,2474.97
,,,老凤祥(600612.SH),400,20596.00,51.49,4795.73
,,,城投控股(600649.SH),3700,15022.00,4.06,1188.40
2023-03-07,182114.70,29031.70,,,,,
,,,衢州东峰(601515.SH),3400,15368.00,4.52,543.42
,,,天津港(600717.SH),3400,14484.00,4.26,851.80
,,,奥瑞金(002701.SZ),4700,24910.00,5.3,884.85
,,,皖新传媒(601801.SH),4600,26450.00,5.75,2474.97
,,,老凤祥(600612.SH),400,20760.00,51.9,4959.73
,,,方大特钢(600507.SH),2500,15950.00,6.38,815.26
,,,城投控股(600649.SH),3700,15022.00,4.06,1188.40
,,,内蒙一机(600967.SH),2100,20139.00,9.59,3433.68
2023-03-06,183686.70,29031.70,,,,,
,,,衢州东峰(601515.SH),3400,15504.00,4.56,679.42
,,,城投控股(600649.SH),3700,15207.00,4.11,1373.40
,,,老凤祥(600612.SH),400,20372.00,50.93,4571.73
,,,天津港(600717.SH),3400,14688.00,4.32,1055.80
,,,奥瑞金(002701.SZ),4700,25051.00,5.33,1025.85
,,,皖新传媒(601801.SH),4600,27186.00,5.91,3210.97
,,,方大特钢(600507.SH),2500,16025.00,6.41,890.26
,,,内蒙一机(600967.SH),2100,20622.00,9.82,3916.68
2023-03-03,181942.70,29031.70,,,,,
,,,内蒙一机(600967.SH),2100,20433.00,9.73,3727.68
,,,城投控股(600649.SH),3700,15318.00,4.14,1484.40
,,,天津港(600717.SH),3400,14688.00,4.32,1055.80
,,,奥瑞金(002701.SZ),4700,24581.00,5.23,555.85
,,,老凤祥(600612.SH),400,19624.00,49.06,3823.73
,,,方大特钢(600507.SH),2500,16175.00,6.47,1040.26
,,,皖新传媒(601801.SH),4600,26588.00,5.78,2612.97
,,,衢州东峰(601515.SH),3400,15504.00,4.56,679.42
2023-03-02,181401.70,29031.70,,,,,
,,,内蒙一机(600967.SH),2100,20412.00,9.72,3706.68
,,,皖新传媒(601801.SH),4600,26358.00,5.73,2382.97
,,,天津港(600717.SH),3400,14586.00,4.29,953.80
,,,衢州东峰(601515.SH),3400,15674.00,4.61,849.42
,,,方大特钢(600507.SH),2500,16150.00,6.46,1015.26
,,,老凤祥(600612.SH),400,19224.00,48.06,3423.73
,,,奥瑞金(002701.SZ),4700,24722.00,5.26,696.85
,,,城投控股(600649.SH),3700,15244.00,4.12,1410.40
2023-03-01,181067.70,29031.70,,,,,
,,,皖新传媒(601801.SH),4600,26174.00,5.69,2198.97
,,,衢州东峰(601515.SH),3400,15606.00,4.59,781.42
,,,天津港(600717.SH),3400,14484.00,4.26,851.80
,,,内蒙一机(600967.SH),2100,20412.00,9.72,3706.68
,,,奥瑞金(002701.SZ),4700,24675.00,5.25,649.85
,,,老凤祥(600612.SH),400,19416.00,48.54,3615.73
,,,方大特钢(600507.SH),2500,16025.00,6.41,890.26
,,,城投控股(600649.SH),3700,15244.00,4.12,1410.40
2023-02-28,180630.70,29031.70,,,,,
,,,老凤祥(600612.SH),400,19484.00,48.71,3683.73
,,,方大特钢(600507.SH),2500,15975.00,6.39,840.26
,,,内蒙一机(600967.SH),2100,20391.00,9.71,3685.68
,,,衢州东峰(601515.SH),3400,15572.00,4.58,747.42
,,,天津港(600717.SH),3400,14450.00,4.25,817.80
,,,皖新传媒(601801.SH),4600,25714.00,5.59,1738.97
,,,奥瑞金(002701.SZ),4700,24769.00,5.27,743.85
,,,城投控股(600649.SH),3700,15244.00,4.12,1410.40
2023-02-27,179893.70,29031.70,,,,,
,,,城投控股(600649.SH),3700,15022.00,4.06,1188.40
,,,皖新传媒(601801.SH),4600,25576.00,5.56,1600.97
,,,老凤祥(600612.SH),400,19500.00,48.75,3699.73
,,,衢州东峰(601515.SH),3400,15470.00,4.55,645.42
,,,内蒙一机(600967.SH),2100,20223.00,9.63,3517.68
,,,方大特钢(600507.SH),2500,15975.00,6.39,840.26
,,,奥瑞金(002701.SZ),4700,24816.00,5.28,790.85
,,,天津港(600717.SH),3400,14280.00,4.2,647.80
2023-02-24,180737.70,29031.70,,,,,
,,,老凤祥(600612.SH),400,19496.00,48.74,3695.73
,,,天津港(600717.SH),3400,14348.00,4.22,715.80
,,,城投控股(600649.SH),3700,15059.00,4.07,1225.40
,,,皖新传媒(601801.SH),4600,25990.00,5.65,2014.97
,,,内蒙一机(600967.SH),2100,20349.00,9.69,3643.68
,,,奥瑞金(002701.SZ),4700,24910.00,5.3,884.85
,,,衢州东峰(601515.SH),3400,15504.00,4.56,679.42
,,,方大特钢(600507.SH),2500,16050.00,6.42,915.26
2023-02-23,180175.70,29031.70,,,,,
,,,方大特钢(600507.SH),2500,16050.00,6.42,915.26
,,,天津港(600717.SH),3400,14382.00,4.23,749.80
,,,老凤祥(600612.SH),400,19560.00,48.9,3759.73
,,,皖新传媒(601801.SH),4600,25898.00,5.63,1922.97
,,,衢州东峰(601515.SH),3400,15606.00,4.59,781.42
,,,城投控股(600649.SH),3700,15096.00,4.08,1262.40
,,,内蒙一机(600967.SH),2100,19971.00,9.51,3265.68
,,,奥瑞金(002701.SZ),4700,24581.00,5.23,555.85
2023-02-22,180339.70,29031.70,,,,,
,,,皖新传媒(601801.SH),4600,26266.00,5.71,2290.97
,,,天津港(600717.SH),3400,14348.00,4.22,715.80
,,,奥瑞金(002701.SZ),4700,24393.00,5.19,367.85
,,,城投控股(600649.SH),3700,15022.00,4.06,1188.40
,,,老凤祥(600612.SH),400,19356.00,48.39,3555.73
,,,内蒙一机(600967.SH),2100,20181.00,9.61,3475.68
,,,方大特钢(600507.SH),2500,16000.00,6.4,865.26
,,,衢州东峰(601515.SH),3400,15742.00,4.63,917.42
2023-02-21,180090.70,29031.70,,,,,
,,,衢州东峰(601515.SH),3400,15776.00,4.64,951.42
,,,老凤祥(600612.SH),400,19592.00,48.98,3791.73
,,,天津港(600717.SH),3400,14416.00,4.24,783.80
,,,奥瑞金(002701.SZ),4700,24017.00,5.11,-8.15
,,,内蒙一机(600967.SH),2100,19950.00,9.5,3244.68
,,,方大特钢(600507.SH),2500,16075.00,6.43,940.26
,,,皖新传媒(601801.SH),4600,26174.00,5.69,2198.97
,,,城投控股(600649.SH),3700,15059.00,4.07,1225.40
2023-02-20,178814.70,29031.70,,,,,
,,,皖新传媒(601801.SH),4600,26220.00,5.7,2244.97
,,,天津港(600717.SH),3400,14314.00,4.21,681.80
,,,城投控股(600649.SH),3700,14874.00,4.02,1040.40
,,,内蒙一机(600967.SH),2100,19719.00,9.39,3013.68
,,,衢州东峰(601515.SH),3400,15810.00,4.65,985.42
,,,老凤祥(600612.SH),400,19420.00,48.55,3619.73
,,,奥瑞金(002701.SZ),4700,23876.00,5.08,-149.15
,,,方大特钢(600507.SH),2500,15550.00,6.22,415.26
2023-02-17,177448.70,29031.70,,,,,
,,,城投控股(600649.SH),3700,14726.00,3.98,892.40
,,,老凤祥(600612.SH),400,19600.00,49,3799.73
,,,奥瑞金(002701.SZ),4700,23782.00,5.06,-243.15
,,,皖新传媒(601801.SH),4600,25530.00,5.55,1554.97
,,,内蒙一机(600967.SH),2100,19677.00,9.37,2971.68
,,,衢州东峰(601515.SH),3400,15674.00,4.61,849.42
,,,天津港(600717.SH),3400,14178.00,4.17,545.80
,,,方大特钢(600507.SH),2500,15250.00,6.1,115.26
2023-02-16,177443.70,29031.70,,,,,
,,,内蒙一机(600967.SH),2100,19320.00,9.2,2614.68
,,,方大特钢(600507.SH),2500,15250.00,6.1,115.26
,,,天津港(600717.SH),3400,14144.00,4.16,511.80
,,,老凤祥(600612.SH),400,19516.00,48.79,3715.73
,,,奥瑞金(002701.SZ),4700,23688.00,5.04,-337.15
,,,城投控股(600649.SH),3700,14726.00,3.98,892.40
,,,衢州东峰(601515.SH),3400,15640.00,4.6,815.42
,,,皖新传媒(601801.SH),4600,26128.00,5.68,2152.97
2023-02-15,178848.70,29031.70,,,,,
,,,衢州东峰(601515.SH),3400,15980.00,4.7,1155.42
,,,老凤祥(600612.SH),400,19396.00,48.49,3595.73
,,,方大特钢(600507.SH),2500,15350.00,6.14,215.26
,,,内蒙一机(600967.SH),2100,19845.00,9.45,3139.68
,,,天津港(600717.SH),3400,14246.00,4.19,613.80
,,,皖新传媒(601801.SH),4600,26082.00,5.67,2106.97
,,,奥瑞金(002701.SZ),4700,23970.00,5.1,-55.15
,,,城投控股(600649.SH),3700,14948.00,4.04,1114.40
2023-02-14,179102.70,29031.70,,,,,
,,,内蒙一机(600967.SH),2100,19530.00,9.3,2824.68
,,,衢州东峰(601515.SH),3400,16082.00,4.73,1257.42
,,,天津港(600717.SH),3400,14348.00,4.22,715.80
,,,方大特钢(600507.SH),2500,15450.00,6.18,315.26
,,,老凤祥(600612.SH),400,19880.00,49.7,4079.73
,,,城投控股(600649.SH),3700,15096.00,4.08,1262.40
,,,皖新传媒(601801.SH),4600,25668.00,5.58,1692.97
,,,奥瑞金(002701.SZ),4700,24017.00,5.11,-8.15
2023-02-13,178402.70,29031.70,,,,,
,,,天津港(600717.SH),3400,14382.00,4.23,749.80
,,,老凤祥(600612.SH),400,19552.00,48.88,3751.73
,,,奥瑞金(002701.SZ),4700,24064.00,5.12,38.85
,,,城投控股(600649.SH),3700,15022.00,4.06,1188.40
,,,内蒙一机(600967.SH),2100,19698.00,9.38,2992.68
,,,方大特钢(600507.SH),2500,15325.00,6.13,190.26
,,,皖新传媒(601801.SH),4600,25484.00,5.54,1508.97
,,,衢州东峰(601515.SH),3400,15844.00,4.66,1019.42
2023-02-10,177850.70,29031.70,,,,,
,,,奥瑞金(002701.SZ),4700,24017.00,5.11,-8.15
,,,老凤祥(600612.SH),400,18964.00,47.41,3163.73
,,,衢州东峰(601515.SH),3400,15946.00,4.69,1121.42
,,,城投控股(600649.SH),3700,14985.00,4.05,1151.40
,,,皖新传媒(601801.SH),4600,25944.00,5.64,1968.97
,,,天津港(600717.SH),3400,14246.00,4.19,613.80
,,,内蒙一机(600967.SH),2100,19467.00,9.27,2761.68
,,,方大特钢(600507.SH),2500,15250.00,6.1,115.26
2023-02-09,176905.70,29031.70,,,,,
,,,内蒙一机(600967.SH),2100,19173.00,9.13,2467.68
,,,天津港(600717.SH),3400,14280.00,4.2,647.80
,,,皖新传媒(601801.SH),4600,26036.00,5.66,2060.97
,,,城投控股(600649.SH),3700,14948.00,4.04,1114.40
,,,方大特钢(600507.SH),2500,15275.00,6.11,140.26
,,,衢州东峰(601515.SH),3400,15402.00,4.53,577.42
,,,奥瑞金(002701.SZ),4700,23688.00,5.04,-337.15
,,,老凤祥(600612.SH),400,19072.00,47.68,3271.73
2023-02-08,175147.70,29031.70,,,,,
,,,城投控股(600649.SH),3700,14726.00,3.98,892.40
,,,方大特钢(600507.SH),2500,15200.00,6.08,65.26
,,,衢州东峰(601515.SH),3400,15198.00,4.47,373.42
,,,天津港(600717.SH),3400,14144.00,4.16,511.80
,,,奥瑞金(002701.SZ),4700,23500.00,5,-525.15
,,,皖新传媒(601801.SH),4600,25714.00,5.59,1738.97
,,,内蒙一机(600967.SH),2100,18942.00,9.02,2236.68
,,,老凤祥(600612.SH),400,18692.00,46.73,2891.73
2023-02-07,176683.70,29031.70,,,,,
,,,老凤祥(600612.SH),400,18712.00,46.78,2911.73
,,,天津港(600717.SH),3400,14246.00,4.19,613.80
,,,皖新传媒(601801.SH),4600,26450.00,5.75,2474.97
,,,城投控股(600649.SH),3700,14874.00,4.02,1040.40
,,,衢州东峰(601515.SH),3400,15368.00,4.52,543.42
,,,方大特钢(600507.SH),2500,15325.00,6.13,190.26
,,,内蒙一机(600967.SH),2100,18942.00,9.02,2236.68
,,,奥瑞金(002701.SZ),4700,23735.00,5.05,-290.15
2023-02-06,175240.70,29031.70,,,,,
,,,内蒙一机(600967.SH),2100,18921.00,9.01,2215.68
,,,老凤祥(600612.SH),400,18560.00,46.4,2759.73
,,,方大特钢(600507.SH),2500,15225.00,6.09,90.26
,,,奥瑞金(002701.SZ),4700,23453.00,4.99,-572.15
,,,天津港(600717.SH),3400,14212.00,4.18,579.80
,,,皖新传媒(601801.SH),4600,25806.00,5.61,1830.97
,,,城投控股(600649.SH),3700,14800.00,4,966.40
,,,衢州东峰(601515.SH),3400,15232.00,4.48,407.42
2023-02-03,175605.70,29031.70,,,,,
,,,衢州东峰(601515.SH),3400,15300.00,4.5,475.42
,,,城投控股(600649.SH),3700,14911.00,4.03,1077.40
,,,方大特钢(600507.SH),2500,15300.00,6.12,165.26
,,,皖新传媒(601801.SH),4600,25530.00,5.55,1554.97
,,,老凤祥(600612.SH),400,18840.00,47.1,3039.73
,,,奥瑞金(002701.SZ),4700,23594.00,5.02,-431.15
,,,内蒙一机(600967.SH),2100,18921.00,9.01,2215.68
,,,天津港(600717.SH),3400,14178.00,4.17,545.80
2023-02-02,176748.70,29031.70,,,,,
,,,皖新传媒(601801.SH),4600,25806.00,5.61,1830.97
,,,城投控股(600649.SH),3700,14985.00,4.05,1151.40
,,,奥瑞金(002701.SZ),4700,23688.00,5.04,-337.15
,,,老凤祥(600612.SH),400,19224.00,48.06,3423.73
,,,衢州东峰(601515.SH),3400,15368.00,4.52,543.42
,,,方大特钢(600507.SH),2500,15450.00,6.18,315.26
,,,天津港(600717.SH),3400,14212.00,4.18,579.80
,,,内蒙一机(600967.SH),2100,18984.00,9.04,2278.68
2023-02-01,177137.70,29031.70,,,,,
,,,衢州东峰(601515.SH),3400,15470.00,4.55,645.42
,,,老凤祥(600612.SH),400,19256.00,48.14,3455.73
,,,天津港(600717.SH),3400,14314.00,4.21,681.80
,,,方大特钢(600507.SH),2500,15475.00,6.19,340.26
,,,内蒙一机(600967.SH),2100,19278.00,9.18,2572.68
,,,城投控股(600649.SH),3700,14911.00,4.03,1077.40
,,,奥瑞金(002701.SZ),4700,23688.00,5.04,-337.15
,,,皖新传媒(601801.SH),4600,25714.00,5.59,1738.97
2023-01-31,176458.70,29031.70,,,,,
,,,衢州东峰(601515.SH),3400,15368.00,4.52,543.42
,,,老凤祥(600612.SH),400,19280.00,48.2,3479.73
,,,皖新传媒(601801.SH),4600,25484.00,5.54,1508.97
,,,天津港(600717.SH),3400,14212.00,4.18,579.80
,,,城投控股(600649.SH),3700,14874.00,4.02,1040.40
,,,方大特钢(600507.SH),2500,15400.00,6.16,265.26
,,,内蒙一机(600967.SH),2100,19215.00,9.15,2509.68
,,,奥瑞金(002701.SZ),4700,23594.00,5.02,-431.15
2023-01-30,176570.70,29031.70,,,,,
,,,内蒙一机(600967.SH),2100,18963.00,9.03,2257.68
,,,天津港(600717.SH),3400,14178.00,4.17,545.80
,,,城投控股(600649.SH),3700,14763.00,3.99,929.40
,,,衢州东峰(601515.SH),3400,15368.00,4.52,543.42
,,,奥瑞金(002701.SZ),4700,23594.00,5.02,-431.15
,,,皖新传媒(601801.SH),4600,25898.00,5.63,1922.97
,,,老凤祥(600612.SH),400,19300.00,48.25,3499.73
,,,方大特钢(600507.SH),2500,15475.00,6.19,340.26
2023-01-20,174193.70,29031.70,,,,,
,,,城投控股(600649.SH),3700,14726.00,3.98,892.40
,,,老凤祥(600612.SH),400,19720.00,49.3,3919.73
,,,内蒙一机(600967.SH),2100,18039.00,8.59,1333.68
,,,天津港(600717.SH),3400,14212.00,4.18,579.80
,,,衢州东峰(601515.SH),3400,15164.00,4.46,339.42
,,,方大特钢(600507.SH),2500,15425.00,6.17,290.26
,,,皖新传媒(601801.SH),4600,24564.00,5.34,588.97
,,,奥瑞金(002701.SZ),4700,23312.00,4.96,-713.15
2023-01-19,172692.70,29031.70,,,,,
,,,天津港(600717.SH),3400,14042.00,4.13,409.80
,,,奥瑞金(002701.SZ),4700,23359.00,4.97,-666.15
,,,老凤祥(600612.SH),400,19340.00,48.35,3539.73
,,,方大特钢(600507.SH),2500,15250.00,6.1,115.26
,,,衢州东峰(601515.SH),3400,15028.00,4.42,203.42
,,,内蒙一机(600967.SH),2100,17850.00,8.5,1144.68
,,,城投控股(600649.SH),3700,14504.00,3.92,670.40
,,,皖新传媒(601801.SH),4600,24288.00,5.28,312.97
2023-01-18,170751.70,29031.70,,,,,
,,,城投控股(600649.SH),3700,14356.00,3.88,522.40
,,,老凤祥(600612.SH),400,18844.00,47.11,3043.73
,,,皖新传媒(601801.SH),4600,23506.00,5.11,-469.03
,,,衢州东峰(601515.SH),3400,14960.00,4.4,135.42
,,,方大特钢(600507.SH),2500,15175.00,6.07,40.26
,,,奥瑞金(002701.SZ),4700,23265.00,4.95,-760.15
,,,天津港(600717.SH),3400,13974.00,4.11,341.80
,,,内蒙一机(600967.SH),2100,17640.00,8.4,934.68
2023-01-17,170463.70,29031.70,,,,,
,,,衢州东峰(601515.SH),3400,14926.00,4.39,101.42
,,,奥瑞金(002701.SZ),4700,23218.00,4.94,-807.15
,,,皖新传媒(601801.SH),4600,23414.00,5.09,-561.03
,,,方大特钢(600507.SH),2500,15175.00,6.07,40.26
,,,天津港(600717.SH),3400,13906.00,4.09,273.80
,,,老凤祥(600612.SH),400,18860.00,47.15,3059.73
,,,城投控股(600649.SH),3700,14356.00,3.88,522.40
,,,内蒙一机(600967.SH),2100,17577.00,8.37,871.68
2023-01-16,170893.70,29031.70,,,,,
,,,衢州东峰(601515.SH),3400,15028.00,4.42,203.42
,,,天津港(600717.SH),3400,13906.00,4.09,273.80
,,,奥瑞金(002701.SZ),4700,22983.00,4.89,-1042.15
,,,城投控股(600649.SH),3700,14356.00,3.88,522.40
,,,方大特钢(600507.SH),2500,15150.00,6.06,15.26
,,,内蒙一机(600967.SH),2100,17577.00,8.37,871.68
,,,老凤祥(600612.SH),400,19356.00,48.39,3555.73
,,,皖新传媒(601801.SH),4600,23506.00,5.11,-469.03
2023-01-13,169593.70,29031.70,,,,,
,,,方大特钢(600507.SH),2500,15075.00,6.03,-59.74
,,,衢州东峰(601515.SH),3400,14858.00,4.37,33.42
,,,天津港(600717.SH),3400,13804.00,4.06,171.80
,,,城投控股(600649.SH),3700,14245.00,3.85,411.40
,,,内蒙一机(600967.SH),2100,17346.00,8.26,640.68
,,,老凤祥(600612.SH),400,18840.00,47.1,3039.73
,,,皖新传媒(601801.SH),4600,23552.00,5.12,-423.03
,,,奥瑞金(002701.SZ),4700,22842.00,4.86,-1183.15
2023-01-12,168219.70,29031.70,,,,,
,,,内蒙一机(600967.SH),2100,17241.00,8.21,535.68
,,,老凤祥(600612.SH),400,18288.00,45.72,2487.73
,,,方大特钢(600507.SH),2500,15025.00,6.01,-109.74
,,,奥瑞金(002701.SZ),4700,22748.00,4.84,-1277.15
,,,天津港(600717.SH),3400,13736.00,4.04,103.80
,,,衢州东峰(601515.SH),3400,14722.00,4.33,-102.58
,,,皖新传媒(601801.SH),4600,23368.00,5.08,-607.03
,,,城投控股(600649.SH),3700,14060.00,3.8,226.40
2023-01-11,168998.70,29031.70,,,,,
,,,老凤祥(600612.SH),400,18524.00,46.31,2723.73
,,,城投控股(600649.SH),3700,14171.00,3.83,337.40
,,,奥瑞金(002701.SZ),4700,22795.00,4.85,-1230.15
,,,内蒙一机(600967.SH),2100,17346.00,8.26,640.68
,,,方大特钢(600507.SH),2500,15075.00,6.03,-59.74
,,,衢州东峰(601515.SH),3400,14688.00,4.32,-136.58
,,,天津港(600717.SH),3400,13770.00,4.05,137.80
,,,皖新传媒(601801.SH),4600,23598.00,5.13,-377.03
2023-01-10,170277.70,29031.70,,,,,
,,,天津港(600717.SH),3400,13804.00,4.06,171.80
,,,皖新传媒(601801.SH),4600,23920.00,5.2,-55.03
,,,老凤祥(600612.SH),400,19000.00,47.5,3199.73
,,,内蒙一机(600967.SH),2100,17367.00,8.27,661.68
,,,方大特钢(600507.SH),2500,15050.00,6.02,-84.74
,,,奥瑞金(002701.SZ),4700,23030.00,4.9,-995.15
,,,城投控股(600649.SH),3700,14319.00,3.87,485.40
,,,衢州东峰(601515.SH),3400,14756.00,4.34,-68.58
2023-01-09,170808.70,29031.70,,,,,
,,,内蒙一机(600967.SH),2100,17640.00,8.4,934.68
,,,奥瑞金(002701.SZ),4700,23077.00,4.91,-948.15
,,,城投控股(600649.SH),3700,14541.00,3.93,707.40
,,,衢州东峰(601515.SH),3400,14858.00,4.37,33.42
,,,天津港(600717.SH),3400,13872.00,4.08,239.80
,,,方大特钢(600507.SH),2500,15125.00,6.05,-9.74
,,,老凤祥(600612.SH),400,18744.00,46.86,2943.73
,,,皖新传媒(601801.SH),4600,23920.00,5.2,-55.03
2023-01-06,170201.70,29031.70,,,,,
,,,天津港(600717.SH),3400,13940.00,4.1,307.80
,,,城投控股(600649.SH),3700,14578.00,3.94,744.40
,,,皖新传媒(601801.SH),4600,23920.00,5.2,-55.03
,,,老凤祥(600612.SH),400,17992.00,44.98,2191.73
,,,方大特钢(600507.SH),2500,15125.00,6.05,-9.74
,,,衢州东峰(601515.SH),3400,14824.00,4.36,-0.58
,,,内蒙一机(600967.SH),2100,17808.00,8.48,1102.68
,,,奥瑞金(002701.SZ),4700,22983.00,4.89,-1042.15
2023-01-05,171079.70,29031.70,,,,,
,,,方大特钢(600507.SH),2500,15125.00,6.05,-9.74
,,,老凤祥(600612.SH),400,18112.00,45.28,2311.73
,,,皖新传媒(601801.SH),4600,24380.00,5.3,404.97
,,,天津港(600717.SH),3400,14110.00,4.15,477.80
,,,内蒙一机(600967.SH),2100,17703.00,8.43,997.68
,,,奥瑞金(002701.SZ),4700,22889.00,4.87,-1136.15
,,,衢州东峰(601515.SH),3400,14892.00,4.38,67.42
,,,城投控股(600649.SH),3700,14837.00,4.01,1003.40
2023-01-04,171091.70,29031.70,,,,,
,,,方大特钢(600507.SH),2500,15125.00,6.05,-9.74
,,,内蒙一机(600967.SH),2100,17703.00,8.43,997.68
,,,老凤祥(600612.SH),400,17768.00,44.42,1967.73
,,,天津港(600717.SH),3400,14008.00,4.12,375.80
,,,奥瑞金(002701.SZ),4700,23077.00,4.91,-948.15
,,,皖新传媒(601801.SH),4600,24610.00,5.35,634.97
,,,衢州东峰(601515.SH),3400,14858.00,4.37,33.42
,,,城投控股(600649.SH),3700,14911.00,4.03,1077.40
2023-01-03,170112.70,29031.70,,,,,
,,,城投控股(600649.SH),3700,14689.00,3.97,855.40
,,,方大特钢(600507.SH),2500,15100.00,6.04,-34.74
,,,内蒙一机(600967.SH),2100,17745.00,8.45,1039.68
,,,老凤祥(600612.SH),400,17636.00,44.09,1835.73
,,,天津港(600717.SH),3400,13940.00,4.1,307.80
,,,皖新传媒(601801.SH),4600,24104.00,5.24,128.97
,,,衢州东峰(601515.SH),3400,14790.00,4.35,-34.58
,,,奥瑞金(002701.SZ),4700,23077.00,4.91,-948.15
2022-12-30,168375.04,35544.04,,,,,
,,,衢州东峰(601515.SH),3400,14620.00,4.3,-204.58
,,,老凤祥(600612.SH),500,21400.00,42.8,1649.67
,,,方大特钢(600507.SH),2900,17458.00,6.02,-98.30
,,,城投控股(600649.SH),3700,14726.00,3.98,892.40
,,,内蒙一机(600967.SH),1500,12390.00,8.26,661.60
,,,天津港(600717.SH),3400,13940.00,4.1,307.80
,,,南钢股份(600282.SH),4800,15120.00,3.15,1888.60
,,,康恩贝(600572.SH),4900,23177.00,4.73,3630.13
2022-12-29,168406.04,35544.04,,,,,
,,,南钢股份(600282.SH),4800,15072.00,3.14,1840.60
,,,老凤祥(600612.SH),500,21430.00,42.86,1679.67
,,,城投控股(600649.SH),3700,14504.00,3.92,670.40
,,,方大特钢(600507.SH),2900,17458.00,6.02,-98.30
,,,衢州东峰(601515.SH),3400,14620.00,4.3,-204.58
,,,天津港(600717.SH),3400,13600.00,4,-32.20
,,,内蒙一机(600967.SH),1500,12315.00,8.21,586.60
,,,康恩贝(600572.SH),4900,23863.00,4.87,4316.13
2022-12-28,166978.04,35544.04,,,,,
,,,方大特钢(600507.SH),2900,17603.00,6.07,46.70
,,,内蒙一机(600967.SH),1500,12285.00,8.19,556.60
,,,衢州东峰(601515.SH),3400,14654.00,4.31,-170.58
,,,南钢股份(600282.SH),4800,15216.00,3.17,1984.60
,,,老凤祥(600612.SH),500,21325.00,42.65,1574.67
,,,天津港(600717.SH),3400,13770.00,4.05,137.80
,,,城投控股(600649.SH),3700,14874.00,4.02,1040.40
,,,康恩贝(600572.SH),4900,21707.00,4.43,2160.13
2022-12-27,166874.04,35544.04,,,,,
,,,内蒙一机(600967.SH),1500,12405.00,8.27,676.60
,,,老凤祥(600612.SH),500,21180.00,42.36,1429.67
,,,衢州东峰(601515.SH),3400,14926.00,4.39,101.42
,,,城投控股(600649.SH),3700,14800.00,4,966.40
,,,康恩贝(600572.SH),4900,21560.00,4.4,2013.13
,,,方大特钢(600507.SH),2900,17371.00,5.99,-185.30
,,,南钢股份(600282.SH),4800,15216.00,3.17,1984.60
,,,天津港(600717.SH),3400,13872.00,4.08,239.80
2022-12-26,165885.04,35544.04,,,,,
,,,内蒙一机(600967.SH),1500,12345.00,8.23,616.60
,,,衢州东峰(601515.SH),3400,14824.00,4.36,-0.58
,,,天津港(600717.SH),3400,13634.00,4.01,1.80
,,,老凤祥(600612.SH),500,20575.00,41.15,824.67
,,,康恩贝(600572.SH),4900,22099.00,4.51,2552.13
,,,方大特钢(600507.SH),2900,17284.00,5.96,-272.30
,,,南钢股份(600282.SH),4800,14928.00,3.11,1696.60
,,,城投控股(600649.SH),3700,14652.00,3.96,818.40
2022-12-23,166744.04,35544.04,,,,,
,,,内蒙一机(600967.SH),1500,12135.00,8.09,406.60
,,,方大特钢(600507.SH),2900,17284.00,5.96,-272.30
,,,天津港(600717.SH),3400,13600.00,4,-32.20
,,,康恩贝(600572.SH),4900,22736.00,4.64,3189.13
,,,城投控股(600649.SH),3700,14874.00,4.02,1040.40
,,,南钢股份(600282.SH),4800,15120.00,3.15,1888.60
,,,老凤祥(600612.SH),500,20695.00,41.39,944.67
,,,衢州东峰(601515.SH),3400,14756.00,4.34,-68.58
2022-12-22,167235.04,35544.04,,,,,
,,,康恩贝(600572.SH),4900,22687.00,4.63,3140.13
,,,南钢股份(600282.SH),4800,15072.00,3.14,1840.60
,,,方大特钢(600507.SH),2900,17313.00,5.97,-243.30
,,,内蒙一机(600967.SH),1500,12225.00,8.15,496.60
,,,城投控股(600649.SH),3700,14874.00,4.02,1040.40
,,,老凤祥(600612.SH),500,21130.00,42.26,1379.67
,,,天津港(600717.SH),3400,13600.00,4,-32.20
,,,衢州东峰(601515.SH),3400,14790.00,4.35,-34.58
2022-12-21,168833.04,35544.04,,,,,
,,,天津港(600717.SH),3400,13770.00,4.05,137.80
,,,内蒙一机(600967.SH),1500,12345.00,8.23,616.60
,,,城投控股(600649.SH),3700,15059.00,4.07,1225.40
,,,老凤祥(600612.SH),500,21005.00,42.01,1254.67
,,,方大特钢(600507.SH),2900,17516.00,6.04,-40.30
,,,南钢股份(600282.SH),4800,15216.00,3.17,1984.60
,,,衢州东峰(601515.SH),3400,14858.00,4.37,33.42
,,,康恩贝(600572.SH),4900,23520.00,4.8,3973.13
2022-12-20,167917.04,35544.04,,,,,
,,,天津港(600717.SH),3400,13804.00,4.06,171.80
,,,城投控股(600649.SH),3700,15059.00,4.07,1225.40
,,,衢州东峰(601515.SH),3400,15028.00,4.42,203.42
,,,康恩贝(600572.SH),4900,22883.00,4.67,3336.13
,,,老凤祥(600612.SH),500,20540.00,41.08,789.67
,,,内蒙一机(600967.SH),1500,12375.00,8.25,646.60
,,,南钢股份(600282.SH),4800,15168.00,3.16,1936.60
,,,方大特钢(600507.SH),2900,17516.00,6.04,-40.30
2022-12-19,169101.04,35544.04,,,,,
,,,城投控股(600649.SH),3700,15281.00,4.13,1447.40
,,,老凤祥(600612.SH),500,20740.00,41.48,989.67
,,,南钢股份(600282.SH),4800,15312.00,3.19,2080.60
,,,康恩贝(600572.SH),4900,23373.00,4.77,3826.13
,,,内蒙一机(600967.SH),1500,12435.00,8.29,706.60
,,,天津港(600717.SH),3400,13906.00,4.09,273.80
,,,方大特钢(600507.SH),2900,17516.00,6.04,-40.30
,,,衢州东峰(601515.SH),3400,14994.00,4.41,169.42
2022-12-16,171602.04,35544.04,,,,,
,,,方大特钢(600507.SH),2900,17893.00,6.17,336.70
,,,天津港(600717.SH),3400,14212.00,4.18,579.80
,,,老凤祥(600612.SH),500,20960.00,41.92,1209.67
,,,康恩贝(600572.SH),4900,23716.00,4.84,4169.13
,,,城投控股(600649.SH),3700,15503.00,4.19,1669.40
,,,内蒙一机(600967.SH),1500,12600.00,8.4,871.60
,,,南钢股份(600282.SH),4800,15840.00,3.3,2608.60
,,,衢州东峰(601515.SH),3400,15334.00,4.51,509.42
2022-12-15,170758.04,35544.04,,,,,
,,,天津港(600717.SH),3400,14076.00,4.14,443.80
,,,城投控股(600649.SH),3700,15540.00,4.2,1706.40
,,,南钢股份(600282.SH),4800,15456.00,3.22,2224.60
,,,方大特钢(600507.SH),2900,17545.00,6.05,-11.30
,,,康恩贝(600572.SH),4900,23373.00,4.77,3826.13
,,,老凤祥(600612.SH),500,21155.00,42.31,1404.67
,,,衢州东峰(601515.SH),3400,15334.00,4.51,509.42
,,,内蒙一机(600967.SH),1500,12735.00,8.49,1006.60
2022-12-14,172171.04,35544.04,,,,,
,,,内蒙一机(600967.SH),1500,12765.00,8.51,1036.60
,,,老凤祥(600612.SH),500,21495.00,42.99,1744.67
,,,天津港(600717.SH),3400,14246.00,4.19,613.80
,,,康恩贝(600572.SH),4900,23716.00,4.84,4169.13
,,,城投控股(600649.SH),3700,15577.00,4.21,1743.40
,,,南钢股份(600282.SH),4800,15600.00,3.25,2368.60
,,,方大特钢(600507.SH),2900,17690.00,6.1,133.70
,,,衢州东峰(601515.SH),3400,15538.00,4.57,713.42
2022-12-13,174391.04,35544.04,,,,,
,,,康恩贝(600572.SH),4900,24941.00,5.09,5394.13
,,,南钢股份(600282.SH),4800,16080.00,3.35,2848.60
,,,衢州东峰(601515.SH),3400,15742.00,4.63,917.42
,,,老凤祥(600612.SH),500,21245.00,42.49,1494.67
,,,城投控股(600649.SH),3700,15799.00,4.27,1965.40
,,,天津港(600717.SH),3400,14484.00,4.26,851.80
,,,方大特钢(600507.SH),2900,17806.00,6.14,249.70
,,,内蒙一机(600967.SH),1500,12750.00,8.5,1021.60
2022-12-12,172972.04,35544.04,,,,,
,,,内蒙一机(600967.SH),1500,12870.00,8.58,1141.60
,,,康恩贝(600572.SH),4900,24941.00,5.09,5394.13
,,,老凤祥(600612.SH),500,21050.00,42.1,1299.67
,,,天津港(600717.SH),3400,14178.00,4.17,545.80
,,,南钢股份(600282.SH),4800,15264.00,3.18,2032.60
,,,城投控股(600649.SH),3700,15577.00,4.21,1743.40
,,,方大特钢(600507.SH),2900,17806.00,6.14,249.70
,,,衢州东峰(601515.SH),3400,15742.00,4.63,917.42
2022-12-09,173491.04,35544.04,,,,,
,,,城投控股(600649.SH),3700,15947.00,4.31,2113.40
,,,老凤祥(600612.SH),500,21420.00,42.84,1669.67
,,,方大特钢(600507.SH),2900,18328.00,6.32,771.70
,,,南钢股份(600282.SH),4800,16032.00,3.34,2800.60
,,,康恩贝(600572.SH),4900,23520.00,4.8,3973.13
,,,天津港(600717.SH),3400,14450.00,4.25,817.80
,,,衢州东峰(601515.SH),3400,15470.00,4.55,645.42
,,,内蒙一机(600967.SH),1500,12780.00,8.52,1051.60
2022-12-08,174168.04,35544.04,,,,,
,,,天津港(600717.SH),3400,14688.00,4.32,1055.80
,,,城投控股(600649.SH),3700,16021.00,4.33,2187.40
,,,康恩贝(600572.SH),4900,23716.00,4.84,4169.13
,,,老凤祥(600612.SH),500,21520.00,43.04,1769.67
,,,衢州东峰(601515.SH),3400,15606.00,4.59,781.42
,,,南钢股份(600282.SH),4800,16176.00,3.37,2944.60
,,,内蒙一机(600967.SH),1500,12975.00,8.65,1246.60
,,,方大特钢(600507.SH),2900,17922.00,6.18,365.70
2022-12-07,174486.04,35544.04,,,,,
,,,内蒙一机(600967.SH),1500,13110.00,8.74,1381.60
,,,方大特钢(600507.SH),2900,17864.00,6.16,307.70
,,,老凤祥(600612.SH),500,21500.00,43,1749.67
,,,康恩贝(600572.SH),4900,24451.00,4.99,4904.13
,,,城投控股(600649.SH),3700,15651.00,4.23,1817.40
,,,天津港(600717.SH),3400,14586.00,4.29,953.80
,,,南钢股份(600282.SH),4800,15936.00,3.32,2704.60
,,,衢州东峰(601515.SH),3400,15844.00,4.66,1019.42
2022-12-06,172946.04,35544.04,,,,,
,,,老凤祥(600612.SH),500,21595.00,43.19,1844.67
,,,南钢股份(600282.SH),4800,15936.00,3.32,2704.60
,,,康恩贝(600572.SH),4900,23079.00,4.71,3532.13
,,,城投控股(600649.SH),3700,15540.00,4.2,1706.40
,,,衢州东峰(601515.SH),3400,15606.00,4.59,781.42
,,,内蒙一机(600967.SH),1500,13245.00,8.83,1516.60
,,,方大特钢(600507.SH),2900,17951.00,6.19,394.70
,,,天津港(600717.SH),3400,14450.00,4.25,817.80
2022-12-05,173808.04,35544.04,,,,,
,,,天津港(600717.SH),3400,14552.00,4.28,919.80
,,,康恩贝(600572.SH),4900,23520.00,4.8,3973.13
,,,衢州东峰(601515.SH),3400,15742.00,4.63,917.42
,,,城投控股(600649.SH),3700,15762.00,4.26,1928.40
,,,南钢股份(600282.SH),4800,15936.00,3.32,2704.60
,,,老凤祥(600612.SH),500,21540.00,43.08,1789.67
,,,方大特钢(600507.SH),2900,17922.00,6.18,365.70
,,,内蒙一机(600967.SH),1500,13290.00,8.86,1561.60
2022-12-02,171546.04,35544.04,,,,,
,,,内蒙一机(600967.SH),1500,13065.00,8.71,1336.60
,,,老凤祥(600612.SH),500,20950.00,41.9,1199.67
,,,天津港(600717.SH),3400,14110.00,4.15,477.80
,,,康恩贝(600572.SH),4900,23471.00,4.79,3924.13
,,,南钢股份(600282.SH),4800,15696.00,3.27,2464.60
,,,方大特钢(600507.SH),2900,17632.00,6.08,75.70
,,,衢州东峰(601515.SH),3400,15538.00,4.57,713.42
,,,城投控股(600649.SH),3700,15540.00,4.2,1706.40
2022-12-01,171746.04,35544.04,,,,,
,,,天津港(600717.SH),3400,14178.00,4.17,545.80
,,,城投控股(600649.SH),3700,15392.00,4.16,1558.40
,,,内蒙一机(600967.SH),1500,13050.00,8.7,1321.60
,,,方大特钢(600507.SH),2900,17777.00,6.13,220.70
,,,老凤祥(600612.SH),500,20745.00,41.49,994.67
,,,南钢股份(600282.SH),4800,15840.00,3.3,2608.60
,,,康恩贝(600572.SH),4900,23716.00,4.84,4169.13
,,,衢州东峰(601515.SH),3400,15504.00,4.56,679.42
2022-11-30,171467.04,35544.04,,,,,
,,,南钢股份(600282.SH),4800,16032.00,3.34,2800.60
,,,天津港(600717.SH),3400,14280.00,4.2,647.80
,,,老凤祥(600612.SH),500,20600.00,41.2,849.67
,,,衢州东峰(601515.SH),3400,15368.00,4.52,543.42
,,,方大特钢(600507.SH),2900,17719.00,6.11,162.70
,,,康恩贝(600572.SH),4900,23275.00,4.75,3728.13
,,,城投控股(600649.SH),3700,15614.00,4.22,1780.40
,,,内蒙一机(600967.SH),1500,13035.00,8.69,1306.60
2022-11-29,171832.04,35544.04,,,,,
,,,方大特钢(600507.SH),2900,17632.00,6.08,75.70
,,,老凤祥(600612.SH),500,20590.00,41.18,839.67
,,,城投控股(600649.SH),3700,15614.00,4.22,1780.40
,,,内蒙一机(600967.SH),1500,13050.00,8.7,1321.60
,,,南钢股份(600282.SH),4800,15936.00,3.32,2704.60
,,,衢州东峰(601515.SH),3400,15402.00,4.53,577.42
,,,天津港(600717.SH),3400,14348.00,4.22,715.80
,,,康恩贝(600572.SH),4900,23716.00,4.84,4169.13
2022-11-28,169666.04,35544.04,,,,,
,,,天津港(600717.SH),3400,14246.00,4.19,613.80
,,,老凤祥(600612.SH),500,20210.00,40.42,459.67
,,,康恩贝(600572.SH),4900,23765.00,4.85,4218.13
,,,南钢股份(600282.SH),4800,15840.00,3.3,2608.60
,,,城投控股(600649.SH),3700,14689.00,3.97,855.40
,,,衢州东峰(601515.SH),3400,15028.00,4.42,203.42
,,,方大特钢(600507.SH),2900,17429.00,6.01,-127.30
,,,内蒙一机(600967.SH),1500,12915.00,8.61,1186.60
2022-11-25,169309.04,35544.04,,,,,
,,,内蒙一机(600967.SH),1500,12915.00,8.61,1186.60
,,,老凤祥(600612.SH),500,20075.00,40.15,324.67
,,,城投控股(600649.SH),3700,14578.00,3.94,744.40
,,,方大特钢(600507.SH),2900,17574.00,6.06,17.70
,,,衢州东峰(601515.SH),3400,15198.00,4.47,373.42
,,,南钢股份(600282.SH),4800,15840.00,3.3,2608.60
,,,天津港(600717.SH),3400,14212.00,4.18,579.80
,,,康恩贝(600572.SH),4900,23373.00,4.77,3826.13
2022-11-24,168322.04,35544.04,,,,,
,,,方大特钢(600507.SH),2900,17400.00,6,-156.30
,,,天津港(600717.SH),3400,14110.00,4.15,477.80
,,,内蒙一机(600967.SH),1500,13035.00,8.69,1306.60
,,,老凤祥(600612.SH),500,20055.00,40.11,304.67
,,,康恩贝(600572.SH),4900,22736.00,4.64,3189.13
,,,南钢股份(600282.SH),4800,15792.00,3.29,2560.60
,,,衢州东峰(601515.SH),3400,15368.00,4.52,543.42
,,,城投控股(600649.SH),3700,14282.00,3.86,448.40
2022-11-23,167861.04,35544.04,,,,,
,,,内蒙一机(600967.SH),1500,13200.00,8.8,1471.60
,,,南钢股份(600282.SH),4800,15696.00,3.27,2464.60
,,,方大特钢(600507.SH),2900,17400.00,6,-156.30
,,,衢州东峰(601515.SH),3400,15470.00,4.55,645.42
,,,康恩贝(600572.SH),4900,22491.00,4.59,2944.13
,,,城投控股(600649.SH),3700,14060.00,3.8,226.40
,,,老凤祥(600612.SH),500,19890.00,39.78,139.67
,,,天津港(600717.SH),3400,14110.00,4.15,477.80
2022-11-22,168406.04,35544.04,,,,,
,,,南钢股份(600282.SH),4800,15648.00,3.26,2416.60
,,,方大特钢(600507.SH),2900,17400.00,6,-156.30
,,,内蒙一机(600967.SH),1500,13050.00,8.7,1321.60
,,,衢州东峰(601515.SH),3400,15334.00,4.51,509.42
,,,城投控股(600649.SH),3700,14023.00,3.79,189.40
,,,天津港(600717.SH),3400,14110.00,4.15,477.80
,,,老凤祥(600612.SH),500,20120.00,40.24,369.67
,,,康恩贝(600572.SH),4900,23177.00,4.73,3630.13
2022-11-21,169396.04,35544.04,,,,,
,,,老凤祥(600612.SH),500,20390.00,40.78,639.67
,,,衢州东峰(601515.SH),3400,15538.00,4.57,713.42
,,,城投控股(600649.SH),3700,13986.00,3.78,152.40
,,,天津港(600717.SH),3400,13736.00,4.04,103.80
,,,内蒙一机(600967.SH),1500,13035.00,8.69,1306.60
,,,南钢股份(600282.SH),4800,15648.00,3.26,2416.60
,,,方大特钢(600507.SH),2900,17313.00,5.97,-243.30
,,,康恩贝(600572.SH),4900,24206.00,4.94,4659.13
2022-11-18,169203.04,35544.04,,,,,
,,,天津港(600717.SH),3400,13940.00,4.1,307.80
,,,内蒙一机(600967.SH),1500,13050.00,8.7,1321.60
,,,老凤祥(600612.SH),500,20600.00,41.2,849.67
,,,方大特钢(600507.SH),2900,17371.00,5.99,-185.30
,,,衢州东峰(601515.SH),3400,15606.00,4.59,781.42
,,,南钢股份(600282.SH),4800,15744.00,3.28,2512.60
,,,康恩贝(600572.SH),4900,23177.00,4.73,3630.13
,,,城投控股(600649.SH),3700,14171.00,3.83,337.40
2022-11-17,169425.04,35544.04,,,,,
,,,南钢股份(600282.SH),4800,15696.00,3.27,2464.60
,,,康恩贝(600572.SH),4900,22638.00,4.62,3091.13
,,,城投控股(600649.SH),3700,14319.00,3.87,485.40
,,,衢州东峰(601515.SH),3400,16116.00,4.74,1291.42
,,,内蒙一机(600967.SH),1500,13035.00,8.69,1306.60
,,,老凤祥(600612.SH),500,20775.00,41.55,1024.67
,,,天津港(600717.SH),3400,14076.00,4.14,443.80
,,,方大特钢(600507.SH),2900,17226.00,5.94,-330.30
2022-11-16,169522.04,35544.04,,,,,
,,,康恩贝(600572.SH),4900,22246.00,4.54,2699.13
,,,衢州东峰(601515.SH),3400,16422.00,4.83,1597.42
,,,天津港(600717.SH),3400,14042.00,4.13,409.80
,,,方大特钢(600507.SH),2900,17197.00,5.93,-359.30
,,,城投控股(600649.SH),3700,14245.00,3.85,411.40
,,,内蒙一机(600967.SH),1500,13050.00,8.7,1321.60
,,,老凤祥(600612.SH),500,21080.00,42.16,1329.67
,,,南钢股份(600282.SH),4800,15696.00,3.27,2464.60
2022-11-15,168529.04,35544.04,,,,,
,,,天津港(600717.SH),3400,14008.00,4.12,375.80
,,,康恩贝(600572.SH),4900,22393.00,4.57,2846.13
,,,城投控股(600649.SH),3700,14504.00,3.92,670.40
,,,内蒙一机(600967.SH),1500,13020.00,8.68,1291.60
,,,方大特钢(600507.SH),2900,17226.00,5.94,-330.30
,,,南钢股份(600282.SH),4800,15552.00,3.24,2320.60
,,,老凤祥(600612.SH),500,20880.00,41.76,1129.67
,,,衢州东峰(601515.SH),3400,15402.00,4.53,577.42
2022-11-14,168167.04,35544.04,,,,,
,,,衢州东峰(601515.SH),3400,15232.00,4.48,407.42
,,,内蒙一机(600967.SH),1500,12870.00,8.58,1141.60
,,,老凤祥(600612.SH),500,20665.00,41.33,914.67
,,,天津港(600717.SH),3400,14076.00,4.14,443.80
,,,方大特钢(600507.SH),2900,17052.00,5.88,-504.30
,,,城投控股(600649.SH),3700,14541.00,3.93,707.40
,,,康恩贝(600572.SH),4900,22491.00,4.59,2944.13
,,,南钢股份(600282.SH),4800,15696.00,3.27,2464.60
2022-11-11,167265.04,35544.04,,,,,
,,,康恩贝(600572.SH),4900,21462.00,4.38,1915.13
,,,老凤祥(600612.SH),500,20750.00,41.5,999.67
,,,城投控股(600649.SH),3700,14356.00,3.88,522.40
,,,方大特钢(600507.SH),2900,17081.00,5.89,-475.30
,,,南钢股份(600282.SH),4800,15696.00,3.27,2464.60
,,,衢州东峰(601515.SH),3400,15232.00,4.48,407.42
,,,内蒙一机(600967.SH),1500,13170.00,8.78,1441.60
,,,天津港(600717.SH),3400,13974.00,4.11,341.80
2022-11-10,166142.04,35544.04,,,,,
,,,城投控股(600649.SH),3700,13690.00,3.7,-143.60
,,,内蒙一机(600967.SH),1500,12930.00,8.62,1201.60
,,,方大特钢(600507.SH),2900,16994.00,5.86,-562.30
,,,老凤祥(600612.SH),500,20380.00,40.76,629.67
,,,康恩贝(600572.SH),4900,22050.00,4.5,2503.13
,,,天津港(600717.SH),3400,13872.00,4.08,239.80
,,,衢州东峰(601515.SH),3400,15130.00,4.45,305.42
,,,南钢股份(600282.SH),4800,15552.00,3.24,2320.60
2022-11-09,165902.04,35544.04,,,,,
,,,南钢股份(600282.SH),4800,15408.00,3.21,2176.60
,,,内蒙一机(600967.SH),1500,13005.00,8.67,1276.60
,,,老凤祥(600612.SH),500,20570.00,41.14,819.67
,,,康恩贝(600572.SH),4900,21854.00,4.46,2307.13
,,,衢州东峰(601515.SH),3400,15130.00,4.45,305.42
,,,方大特钢(600507.SH),2900,16965.00,5.85,-591.30
,,,天津港(600717.SH),3400,13736.00,4.04,103.80
,,,城投控股(600649.SH),3700,13690.00,3.7,-143.60
2022-11-08,165179.04,35544.04,,,,,
,,,内蒙一机(600967.SH),1500,13050.00,8.7,1321.60
,,,方大特钢(600507.SH),2900,16994.00,5.86,-562.30
,,,城投控股(600649.SH),3700,13653.00,3.69,-180.60
,,,南钢股份(600282.SH),4800,15216.00,3.17,1984.60
,,,康恩贝(600572.SH),4900,21658.00,4.42,2111.13
,,,老凤祥(600612.SH),500,20470.00,40.94,719.67
,,,天津港(600717.SH),3400,13736.00,4.04,103.80
,,,衢州东峰(601515.SH),3400,14858.00,4.37,33.42
2022-11-07,165256.04,35544.04,,,,,
,,,内蒙一机(600967.SH),1500,13005.00,8.67,1276.60
,,,衢州东峰(601515.SH),3400,14892.00,4.38,67.42
,,,老凤祥(600612.SH),500,20400.00,40.8,649.67
,,,城投控股(600649.SH),3700,13690.00,3.7,-143.60
,,,南钢股份(600282.SH),4800,15216.00,3.17,1984.60
,,,方大特钢(600507.SH),2900,17081.00,5.89,-475.30
,,,康恩贝(600572.SH),4900,21658.00,4.42,2111.13
,,,天津港(600717.SH),3400,13770.00,4.05,137.80
2022-11-04,163959.04,35544.04,,,,,
,,,方大特钢(600507.SH),2900,16675.00,5.75,-881.30
,,,天津港(600717.SH),3400,13668.00,4.02,35.80
,,,老凤祥(600612.SH),500,20260.00,40.52,509.67
,,,衢州东峰(601515.SH),3400,14824.00,4.36,-0.58
,,,城投控股(600649.SH),3700,13579.00,3.67,-254.60
,,,康恩贝(600572.SH),4900,21413.00,4.37,1866.13
,,,南钢股份(600282.SH),4800,14976.00,3.12,1744.60
,,,内蒙一机(600967.SH),1500,13020.00,8.68,1291.60
2022-11-03,162735.04,35544.04,,,,,
,,,天津港(600717.SH),3400,13498.00,3.97,-134.20
,,,内蒙一机(600967.SH),1500,12990.00,8.66,1261.60
,,,方大特钢(600507.SH),2900,16530.00,5.7,-1026.30
,,,南钢股份(600282.SH),4800,14640.00,3.05,1408.60
,,,城投控股(600649.SH),3700,13394.00,3.62,-439.60
,,,康恩贝(600572.SH),4900,21560.00,4.4,2013.13
,,,衢州东峰(601515.SH),3400,14654.00,4.31,-170.58
,,,老凤祥(600612.SH),500,19925.00,39.85,174.67
2022-11-02,162629.04,35544.04,,,,,
,,,康恩贝(600572.SH),4900,21609.00,4.41,2062.13
,,,老凤祥(600612.SH),500,19700.00,39.4,-50.33
,,,衢州东峰(601515.SH),3400,14688.00,4.32,-136.58
,,,城投控股(600649.SH),3700,13505.00,3.65,-328.60
,,,内蒙一机(600967.SH),1500,12885.00,8.59,1156.60
,,,方大特钢(600507.SH),2900,16704.00,5.76,-852.30
,,,天津港(600717.SH),3400,13498.00,3.97,-134.20
,,,南钢股份(600282.SH),4800,14496.00,3.02,1264.60
2022-11-01,161325.04,35544.04,,,,,
,,,城投控股(600649.SH),3700,13357.00,3.61,-476.60
,,,南钢股份(600282.SH),4800,14640.00,3.05,1408.60
,,,老凤祥(600612.SH),500,19315.00,38.63,-435.33
,,,衢州东峰(601515.SH),3400,14620.00,4.3,-204.58
,,,天津港(600717.SH),3400,13498.00,3.97,-134.20
,,,内蒙一机(600967.SH),1500,12900.00,8.6,1171.60
,,,康恩贝(600572.SH),4900,20776.00,4.24,1229.13
,,,方大特钢(600507.SH),2900,16675.00,5.75,-881.30
2022-10-31,160082.04,35544.04,,,,,
,,,南钢股份(600282.SH),4800,14640.00,3.05,1408.60
,,,城投控股(600649.SH),3700,13172.00,3.56,-661.60
,,,康恩贝(600572.SH),4900,20531.00,4.19,984.13
,,,老凤祥(600612.SH),500,19205.00,38.41,-545.33
,,,内蒙一机(600967.SH),1500,12750.00,8.5,1021.60
,,,方大特钢(600507.SH),2900,16530.00,5.7,-1026.30
,,,天津港(600717.SH),3400,13260.00,3.9,-372.20
,,,衢州东峰(601515.SH),3400,14450.00,4.25,-374.58
2022-10-28,161233.04,35544.04,,,,,
,,,天津港(600717.SH),3400,13464.00,3.96,-168.20
,,,城投控股(600649.SH),3700,13209.00,3.57,-624.60
,,,衢州东峰(601515.SH),3400,15062.00,4.43,237.42
,,,南钢股份(600282.SH),4800,14544.00,3.03,1312.60
,,,康恩贝(600572.SH),4900,20335.00,4.15,788.13
,,,内蒙一机(600967.SH),1500,12405.00,8.27,676.60
,,,老凤祥(600612.SH),500,19560.00,39.12,-190.33
,,,方大特钢(600507.SH),2900,17110.00,5.9,-446.30
2022-10-27,164722.04,35544.04,,,,,
,,,城投控股(600649.SH),3700,13653.00,3.69,-180.60
,,,衢州东峰(601515.SH),3400,15776.00,4.64,951.42
,,,内蒙一机(600967.SH),1500,12720.00,8.48,991.60
,,,天津港(600717.SH),3400,14008.00,4.12,375.80
,,,老凤祥(600612.SH),500,19900.00,39.8,149.67
,,,方大特钢(600507.SH),2900,17516.00,6.04,-40.30
,,,康恩贝(600572.SH),4900,20629.00,4.21,1082.13
,,,南钢股份(600282.SH),4800,14976.00,3.12,1744.60
2022-10-26,164160.04,35544.04,,,,,
,,,南钢股份(600282.SH),4800,15504.00,3.23,2272.60
,,,方大特钢(600507.SH),2900,17487.00,6.03,-69.30
,,,城投控股(600649.SH),3700,13579.00,3.67,-254.60
,,,衢州东峰(601515.SH),3400,15402.00,4.53,577.42
,,,老凤祥(600612.SH),500,19830.00,39.66,79.67
,,,内蒙一机(600967.SH),1500,12720.00,8.48,991.60
,,,天津港(600717.SH),3400,13906.00,4.09,273.80
,,,康恩贝(600572.SH),4900,20188.00,4.12,641.13
2022-10-25,162674.04,35544.04,,,,,
,,,城投控股(600649.SH),3700,13468.00,3.64,-365.60
,,,南钢股份(600282.SH),4800,15552.00,3.24,2320.60
,,,衢州东峰(601515.SH),3400,15198.00,4.47,373.42
,,,内蒙一机(600967.SH),1500,12630.00,8.42,901.60
,,,天津港(600717.SH),3400,13838.00,4.07,205.80
,,,康恩贝(600572.SH),4900,19698.00,4.02,151.13
,,,方大特钢(600507.SH),2900,17371.00,5.99,-185.30
,,,老凤祥(600612.SH),500,19375.00,38.75,-375.33
2022-10-24,162859.04,35544.04,,,,,
,,,老凤祥(600612.SH),500,19125.00,38.25,-625.33
,,,衢州东峰(601515.SH),3400,15572.00,4.58,747.42
,,,城投控股(600649.SH),3700,13579.00,3.67,-254.60
,,,内蒙一机(600967.SH),1500,12450.00,8.3,721.60
,,,南钢股份(600282.SH),4800,15408.00,3.21,2176.60
,,,康恩贝(600572.SH),4900,19943.00,4.07,396.13
,,,天津港(600717.SH),3400,13838.00,4.07,205.80
,,,方大特钢(600507.SH),2900,17400.00,6,-156.30
2022-10-21,164031.04,35544.04,,,,,
,,,康恩贝(600572.SH),4900,20482.00,4.18,935.13
,,,天津港(600717.SH),3400,14008.00,4.12,375.80
,,,方大特钢(600507.SH),2900,17545.00,6.05,-11.30
,,,衢州东峰(601515.SH),3400,15368.00,4.52,543.42
,,,城投控股(600649.SH),3700,13764.00,3.72,-69.60
,,,南钢股份(600282.SH),4800,15600.00,3.25,2368.60
,,,老凤祥(600612.SH),500,19285.00,38.57,-465.33
,,,内蒙一机(600967.SH),1500,12435.00,8.29,706.60
2022-10-20,163754.04,35544.04,,,,,
,,,南钢股份(600282.SH),4800,14736.00,3.07,1504.60
,,,天津港(600717.SH),3400,14008.00,4.12,375.80
,,,老凤祥(600612.SH),500,19400.00,38.8,-350.33
,,,内蒙一机(600967.SH),1500,12285.00,8.19,556.60
,,,城投控股(600649.SH),3700,13838.00,3.74,4.40
,,,衢州东峰(601515.SH),3400,16150.00,4.75,1325.42
,,,康恩贝(600572.SH),4900,20335.00,4.15,788.13
,,,方大特钢(600507.SH),2900,17458.00,6.02,-98.30
2022-10-19,164602.04,35544.04,,,,,
,,,衢州东峰(601515.SH),3400,16082.00,4.73,1257.42
,,,老凤祥(600612.SH),500,19525.00,39.05,-225.33
,,,天津港(600717.SH),3400,14212.00,4.18,579.80
,,,内蒙一机(600967.SH),1500,12420.00,8.28,691.60
,,,南钢股份(600282.SH),4800,14784.00,3.08,1552.60
,,,城投控股(600649.SH),3700,13912.00,3.76,78.40
,,,方大特钢(600507.SH),2900,17690.00,6.1,133.70
,,,康恩贝(600572.SH),4900,20433.00,4.17,886.13
2022-10-18,163957.04,35544.04,,,,,
,,,内蒙一机(600967.SH),1500,12480.00,8.32,751.60
,,,南钢股份(600282.SH),4800,14784.00,3.08,1552.60
,,,康恩贝(600572.SH),4900,20629.00,4.21,1082.13
,,,老凤祥(600612.SH),500,19995.00,39.99,244.67
,,,城投控股(600649.SH),3700,13912.00,3.76,78.40
,,,天津港(600717.SH),3400,14042.00,4.13,409.80
,,,衢州东峰(601515.SH),3400,14620.00,4.3,-204.58
,,,方大特钢(600507.SH),2900,17951.00,6.19,394.70
2022-10-17,163870.04,35544.04,,,,,
,,,衢州东峰(601515.SH),3400,14620.00,4.3,-204.58
,,,城投控股(600649.SH),3700,14060.00,3.8,226.40
,,,天津港(600717.SH),3400,14144.00,4.16,511.80
,,,方大特钢(600507.SH),2900,17922.00,6.18,365.70
,,,内蒙一机(600967.SH),1500,12405.00,8.27,676.60
,,,康恩贝(600572.SH),4900,20286.00,4.14,739.13
,,,老凤祥(600612.SH),500,20105.00,40.21,354.67
,,,南钢股份(600282.SH),4800,14784.00,3.08,1552.60
2022-10-14,162843.04,35544.04,,,,,
,,,方大特钢(600507.SH),2900,17922.00,6.18,365.70
,,,老凤祥(600612.SH),500,19830.00,39.66,79.67
,,,天津港(600717.SH),3400,13906.00,4.09,273.80
,,,城投控股(600649.SH),3700,13986.00,3.78,152.40
,,,内蒙一机(600967.SH),1500,12210.00,8.14,481.60
,,,康恩贝(600572.SH),4900,20041.00,4.09,494.13
,,,南钢股份(600282.SH),4800,14784.00,3.08,1552.60
,,,衢州东峰(601515.SH),3400,14620.00,4.3,-204.58
2022-10-13,160954.04,35544.04,,,,,
,,,内蒙一机(600967.SH),1500,12000.00,8,271.60
,,,老凤祥(600612.SH),500,19830.00,39.66,79.67
,,,衢州东峰(601515.SH),3400,14620.00,4.3,-204.58
,,,城投控股(600649.SH),3700,13949.00,3.77,115.40
,,,天津港(600717.SH),3400,13838.00,4.07,205.80
,,,康恩贝(600572.SH),4900,19649.00,4.01,102.13
,,,南钢股份(600282.SH),4800,13776.00,2.87,544.60
,,,方大特钢(600507.SH),2900,17748.00,6.12,191.70
2022-10-12,161282.04,35544.04,,,,,
,,,康恩贝(600572.SH),4900,19551.00,3.99,4.13
,,,南钢股份(600282.SH),4800,13776.00,2.87,544.60
,,,城投控股(600649.SH),3700,13986.00,3.78,152.40
,,,内蒙一机(600967.SH),1500,12030.00,8.02,301.60
,,,方大特钢(600507.SH),2900,17777.00,6.13,220.70
,,,老凤祥(600612.SH),500,19990.00,39.98,239.67
,,,衢州东峰(601515.SH),3400,14620.00,4.3,-204.58
,,,天津港(600717.SH),3400,14008.00,4.12,375.80
2022-10-11,159603.04,35544.04,,,,,
,,,方大特钢(600507.SH),2900,17661.00,6.09,104.70
,,,衢州东峰(601515.SH),3400,14620.00,4.3,-204.58
,,,南钢股份(600282.SH),4800,13632.00,2.84,400.60
,,,老凤祥(600612.SH),500,19480.00,38.96,-270.33
,,,城投控股(600649.SH),3700,13690.00,3.7,-143.60
,,,康恩贝(600572.SH),4900,19355.00,3.95,-191.87
,,,天津港(600717.SH),3400,13906.00,4.09,273.80
,,,内蒙一机(600967.SH),1500,11715.00,7.81,-13.40
2022-10-10,158948.04,35544.04,,,,,
,,,城投控股(600649.SH),3700,13690.00,3.7,-143.60
,,,老凤祥(600612.SH),500,19660.00,39.32,-90.33
,,,内蒙一机(600967.SH),1500,11580.00,7.72,-148.40
,,,方大特钢(600507.SH),2900,17487.00,6.03,-69.30
,,,天津港(600717.SH),3400,13668.00,4.02,35.80
,,,衢州东峰(601515.SH),3400,14620.00,4.3,-204.58
,,,南钢股份(600282.SH),4800,13344.00,2.78,112.60
,,,康恩贝(600572.SH),4900,19355.00,3.95,-191.87
2022-09-30,159895.18,38275.18,,,,,
,,,中农立华(603970.SH),400,11400.00,28.5,-909.56
,,,卫信康(603676.SH),2100,24318.00,11.58,2996.06
,,,航民股份(600987.SH),3300,23001.00,6.97,5272.31
,,,山东出版(601019.SH),2800,17108.00,6.11,-125.81
,,,醋化股份(603968.SH),600,11760.00,19.6,-665.79
,,,法兰泰克(603966.SH),1400,15442.00,11.03,721.63
,,,诺力股份(603611.SH),800,12136.00,15.17,-1704.62
,,,好太太(603848.SH),500,6455.00,12.91,-2232.33
2022-09-29,160487.18,38275.18,,,,,
,,,中农立华(603970.SH),400,11452.00,28.63,-857.56
,,,醋化股份(603968.SH),600,11904.00,19.84,-521.79
,,,山东出版(601019.SH),2800,17276.00,6.17,42.19
,,,法兰泰克(603966.SH),1400,15890.00,11.35,1169.63
,,,卫信康(603676.SH),2100,24108.00,11.48,2786.06
,,,航民股份(600987.SH),3300,22869.00,6.93,5140.31
,,,诺力股份(603611.SH),800,12288.00,15.36,-1552.62
,,,好太太(603848.SH),500,6425.00,12.85,-2262.33
2022-09-28,160760.18,38275.18,,,,,
,,,山东出版(601019.SH),2800,17416.00,6.22,182.19
,,,中农立华(603970.SH),400,11368.00,28.42,-941.56
,,,航民股份(600987.SH),3300,24057.00,7.29,6328.31
,,,好太太(603848.SH),500,6845.00,13.69,-1842.33
,,,醋化股份(603968.SH),600,11766.00,19.61,-659.79
,,,诺力股份(603611.SH),800,12232.00,15.29,-1608.62
,,,法兰泰克(603966.SH),1400,15554.00,11.11,833.63
,,,卫信康(603676.SH),2100,23247.00,11.07,1925.06
2022-09-27,163891.18,38275.18,,,,,
,,,山东出版(601019.SH),2800,17808.00,6.36,574.19
,,,好太太(603848.SH),500,7060.00,14.12,-1627.33
,,,航民股份(600987.SH),3300,23892.00,7.24,6163.31
,,,醋化股份(603968.SH),600,12180.00,20.3,-245.79
,,,卫信康(603676.SH),2100,23604.00,11.24,2282.06
,,,法兰泰克(603966.SH),1400,16772.00,11.98,2051.63
,,,中农立华(603970.SH),400,11468.00,28.67,-841.56
,,,诺力股份(603611.SH),800,12832.00,16.04,-1008.62
2022-09-26,160177.18,38275.18,,,,,
,,,航民股份(600987.SH),3300,22836.00,6.92,5107.31
,,,中农立华(603970.SH),400,11136.00,27.84,-1173.56
,,,山东出版(601019.SH),2800,17304.00,6.18,70.19
,,,醋化股份(603968.SH),600,11892.00,19.82,-533.79
,,,法兰泰克(603966.SH),1400,16758.00,11.97,2037.63
,,,诺力股份(603611.SH),800,12512.00,15.64,-1328.62
,,,好太太(603848.SH),500,7330.00,14.66,-1357.33
,,,卫信康(603676.SH),2100,22134.00,10.54,812.06
2022-09-23,162355.18,38275.18,,,,,
,,,中农立华(603970.SH),400,11368.00,28.42,-941.56
,,,卫信康(603676.SH),2100,22323.00,10.63,1001.06
,,,好太太(603848.SH),500,7315.00,14.63,-1372.33
,,,航民股份(600987.SH),3300,22968.00,6.96,5239.31
,,,法兰泰克(603966.SH),1400,17136.00,12.24,2415.63
,,,诺力股份(603611.SH),800,13016.00,16.27,-824.62
,,,山东出版(601019.SH),2800,17780.00,6.35,546.19
,,,醋化股份(603968.SH),600,12174.00,20.29,-251.79
2022-09-22,164172.18,38275.18,,,,,
,,,卫信康(603676.SH),2100,22449.00,10.69,1127.06
,,,法兰泰克(603966.SH),1400,17598.00,12.57,2877.63
,,,航民股份(600987.SH),3300,23430.00,7.1,5701.31
,,,山东出版(601019.SH),2800,17920.00,6.4,686.19
,,,诺力股份(603611.SH),800,13360.00,16.7,-480.62
,,,好太太(603848.SH),500,7180.00,14.36,-1507.33
,,,中农立华(603970.SH),400,11360.00,28.4,-949.56
,,,醋化股份(603968.SH),600,12600.00,21,174.21
2022-09-21,165192.18,38275.18,,,,,
,,,航民股份(600987.SH),3300,23067.00,6.99,5338.31
,,,好太太(603848.SH),500,7225.00,14.45,-1462.33
,,,诺力股份(603611.SH),800,13400.00,16.75,-440.62
,,,法兰泰克(603966.SH),1400,17598.00,12.57,2877.63
,,,山东出版(601019.SH),2800,18256.00,6.52,1022.19
,,,醋化股份(603968.SH),600,12618.00,21.03,192.21
,,,中农立华(603970.SH),400,11716.00,29.29,-593.56
,,,卫信康(603676.SH),2100,23037.00,10.97,1715.06
2022-09-20,164830.18,38275.18,,,,,
,,,中农立华(603970.SH),400,11840.00,29.6,-469.56
,,,航民股份(600987.SH),3300,22605.00,6.85,4876.31
,,,卫信康(603676.SH),2100,23562.00,11.22,2240.06
,,,诺力股份(603611.SH),800,13528.00,16.91,-312.62
,,,法兰泰克(603966.SH),1400,17458.00,12.47,2737.63
,,,醋化股份(603968.SH),600,12582.00,20.97,156.21
,,,好太太(603848.SH),500,7060.00,14.12,-1627.33
,,,山东出版(601019.SH),2800,17920.00,6.4,686.19
2022-09-19,162789.18,38275.18,,,,,
,,,醋化股份(603968.SH),600,12348.00,20.58,-77.79
,,,诺力股份(603611.SH),800,13104.00,16.38,-736.62
,,,山东出版(601019.SH),2800,17892.00,6.39,658.19
,,,好太太(603848.SH),500,6820.00,13.64,-1867.33
,,,航民股份(600987.SH),3300,22110.00,6.7,4381.31
,,,法兰泰克(603966.SH),1400,17164.00,12.26,2443.63
,,,卫信康(603676.SH),2100,23436.00,11.16,2114.06
,,,中农立华(603970.SH),400,11640.00,29.1,-669.56
2022-09-16,164248.18,38275.18,,,,,
,,,醋化股份(603968.SH),600,12510.00,20.85,84.21
,,,航民股份(600987.SH),3300,23199.00,7.03,5470.31
,,,诺力股份(603611.SH),800,13672.00,17.09,-168.62
,,,好太太(603848.SH),500,6810.00,13.62,-1877.33
,,,卫信康(603676.SH),2100,24360.00,11.6,3038.06
,,,中农立华(603970.SH),400,11640.00,29.1,-669.56
,,,山东出版(601019.SH),2800,17892.00,6.39,658.19
,,,法兰泰克(603966.SH),1400,15890.00,11.35,1169.63
2022-09-15,165783.18,38275.18,,,,,
,,,好太太(603848.SH),500,7085.00,14.17,-1602.33
,,,法兰泰克(603966.SH),1400,16268.00,11.62,1547.63
,,,诺力股份(603611.SH),800,14176.00,17.72,335.38
,,,醋化股份(603968.SH),600,12786.00,21.31,360.21
,,,中农立华(603970.SH),400,11640.00,29.1,-669.56
,,,卫信康(603676.SH),2100,25515.00,12.15,4193.06
,,,航民股份(600987.SH),3300,21978.00,6.66,4249.31
,,,山东出版(601019.SH),2800,18060.00,6.45,826.19
2022-09-14,168896.18,38275.18,,,,,
,,,中农立华(603970.SH),400,12000.00,30,-309.56
,,,法兰泰克(603966.SH),1400,17262.00,12.33,2541.63
,,,醋化股份(603968.SH),600,13302.00,22.17,876.21
,,,航民股份(600987.SH),3300,22473.00,6.81,4744.31
,,,好太太(603848.SH),500,7320.00,14.64,-1367.33
,,,诺力股份(603611.SH),800,14416.00,18.02,575.38
,,,山东出版(601019.SH),2800,18144.00,6.48,910.19
,,,卫信康(603676.SH),2100,25704.00,12.24,4382.06
2022-09-13,169170.18,38275.18,,,,,
,,,山东出版(601019.SH),2800,18340.00,6.55,1106.19
,,,卫信康(603676.SH),2100,26565.00,12.65,5243.06
,,,醋化股份(603968.SH),600,13338.00,22.23,912.21
,,,好太太(603848.SH),500,7415.00,14.83,-1272.33
,,,中农立华(603970.SH),400,12028.00,30.07,-281.56
,,,诺力股份(603611.SH),800,14624.00,18.28,783.38
,,,法兰泰克(603966.SH),1400,17234.00,12.31,2513.63
,,,航民股份(600987.SH),3300,21351.00,6.47,3622.31
2022-09-09,167763.18,38275.18,,,,,
,,,好太太(603848.SH),500,7350.00,14.7,-1337.33
,,,卫信康(603676.SH),2100,26817.00,12.77,5495.06
,,,诺力股份(603611.SH),800,14504.00,18.13,663.38
,,,航民股份(600987.SH),3300,21219.00,6.43,3490.31
,,,中农立华(603970.SH),400,11776.00,29.44,-533.56
,,,醋化股份(603968.SH),600,13284.00,22.14,858.21
,,,法兰泰克(603966.SH),1400,16030.00,11.45,1309.63
,,,山东出版(601019.SH),2800,18508.00,6.61,1274.19
2022-09-08,167678.18,38275.18,,,,,
,,,航民股份(600987.SH),3300,21285.00,6.45,3556.31
,,,诺力股份(603611.SH),800,14736.00,18.42,895.38
,,,好太太(603848.SH),500,7500.00,15,-1187.33
,,,卫信康(603676.SH),2100,26670.00,12.7,5348.06
,,,法兰泰克(603966.SH),1400,16184.00,11.56,1463.63
,,,醋化股份(603968.SH),600,13176.00,21.96,750.21
,,,山东出版(601019.SH),2800,18536.00,6.62,1302.19
,,,中农立华(603970.SH),400,11316.00,28.29,-993.56
2022-09-07,170275.18,38275.18,,,,,
,,,山东出版(601019.SH),2800,18564.00,6.63,1330.19
,,,诺力股份(603611.SH),800,14640.00,18.3,799.38
,,,卫信康(603676.SH),2100,27678.00,13.18,6356.06
,,,好太太(603848.SH),500,7685.00,15.37,-1002.33
,,,法兰泰克(603966.SH),1400,16576.00,11.84,1855.63
,,,醋化股份(603968.SH),600,13458.00,22.43,1032.21
,,,航民股份(600987.SH),3300,21747.00,6.59,4018.31
,,,中农立华(603970.SH),400,11652.00,29.13,-657.56
2022-09-06,171219.18,38275.18,,,,,
,,,山东出版(601019.SH),2800,18928.00,6.76,1694.19
,,,航民股份(600987.SH),3300,22110.00,6.7,4381.31
,,,好太太(603848.SH),500,7610.00,15.22,-1077.33
,,,卫信康(603676.SH),2100,28140.00,13.4,6818.06
,,,中农立华(603970.SH),400,11800.00,29.5,-509.56
,,,诺力股份(603611.SH),800,14384.00,17.98,543.38
,,,醋化股份(603968.SH),600,13452.00,22.42,1026.21
,,,法兰泰克(603966.SH),1400,16520.00,11.8,1799.63
2022-09-05,167085.18,38275.18,,,,,
,,,山东出版(601019.SH),2800,18900.00,6.75,1666.19
,,,醋化股份(603968.SH),600,12930.00,21.55,504.21
,,,航民股份(600987.SH),3300,21714.00,6.58,3985.31
,,,卫信康(603676.SH),2100,25578.00,12.18,4256.06
,,,好太太(603848.SH),500,7530.00,15.06,-1157.33
,,,法兰泰克(603966.SH),1400,16450.00,11.75,1729.63
,,,中农立华(603970.SH),400,11916.00,29.79,-393.56
,,,诺力股份(603611.SH),800,13792.00,17.24,-48.62
2022-09-02,166124.18,38275.18,,,,,
,,,好太太(603848.SH),500,7270.00,14.54,-1417.33
,,,法兰泰克(603966.SH),1400,14952.00,10.68,231.63
,,,醋化股份(603968.SH),600,13002.00,21.67,576.21
,,,山东出版(601019.SH),2800,19012.00,6.79,1778.19
,,,航民股份(600987.SH),3300,21417.00,6.49,3688.31
,,,卫信康(603676.SH),2100,26124.00,12.44,4802.06
,,,诺力股份(603611.SH),800,14112.00,17.64,271.38
,,,中农立华(603970.SH),400,11960.00,29.9,-349.56
2022-09-01,163970.18,38275.18,,,,,
,,,航民股份(600987.SH),3300,20724.00,6.28,2995.31
,,,中农立华(603970.SH),400,12120.00,30.3,-189.56
,,,卫信康(603676.SH),2100,25662.00,12.22,4340.06
,,,山东出版(601019.SH),2800,18676.00,6.67,1442.19
,,,好太太(603848.SH),500,7015.00,14.03,-1672.33
,,,诺力股份(603611.SH),800,14416.00,18.02,575.38
,,,醋化股份(603968.SH),600,12942.00,21.57,516.21
,,,法兰泰克(603966.SH),1400,14140.00,10.1,-580.37
2022-08-31,163920.18,38275.18,,,,,
,,,航民股份(600987.SH),3300,20790.00,6.3,3061.31
,,,诺力股份(603611.SH),800,13664.00,17.08,-176.62
,,,山东出版(601019.SH),2800,18704.00,6.68,1470.19
,,,法兰泰克(603966.SH),1400,14252.00,10.18,-468.37
,,,好太太(603848.SH),500,7100.00,14.2,-1587.33
,,,中农立华(603970.SH),400,12180.00,30.45,-129.56
,,,醋化股份(603968.SH),600,12978.00,21.63,552.21
,,,卫信康(603676.SH),2100,25977.00,12.37,4655.06
2022-08-30,166540.18,38275.18,,,,,
,,,山东出版(601019.SH),2800,19040.00,6.8,1806.19
,,,法兰泰克(603966.SH),1400,15358.00,10.97,637.63
,,,中农立华(603970.SH),400,12200.00,30.5,-109.56
,,,诺力股份(603611.SH),800,14840.00,18.55,999.38
,,,航民股份(600987.SH),3300,20889.00,6.33,3160.31
,,,好太太(603848.SH),500,7265.00,14.53,-1422.33
,,,醋化股份(603968.SH),600,13452.00,22.42,1026.21
,,,卫信康(603676.SH),2100,25221.00,12.01,3899.06
2022-08-29,166812.18,38275.18,,,,,
,,,诺力股份(603611.SH),800,14336.00,17.92,495.38
,,,法兰泰克(603966.SH),1400,15582.00,11.13,861.63
,,,醋化股份(603968.SH),600,13764.00,22.94,1338.21
,,,好太太(603848.SH),500,7110.00,14.22,-1577.33
,,,中农立华(603970.SH),400,12196.00,30.49,-113.56
,,,山东出版(601019.SH),2800,18704.00,6.68,1470.19
,,,卫信康(603676.SH),2100,26187.00,12.47,4865.06
,,,航民股份(600987.SH),3300,20658.00,6.26,2929.31
2022-08-26,164632.18,38275.18,,,,,
,,,中农立华(603970.SH),400,11900.00,29.75,-409.56
,,,山东出版(601019.SH),2800,18284.00,6.53,1050.19
,,,航民股份(600987.SH),3300,20922.00,6.34,3193.31
,,,好太太(603848.SH),500,7130.00,14.26,-1557.33
,,,卫信康(603676.SH),2100,25221.00,12.01,3899.06
,,,醋化股份(603968.SH),600,13302.00,22.17,876.21
,,,诺力股份(603611.SH),800,14128.00,17.66,287.38
,,,法兰泰克(603966.SH),1400,15470.00,11.05,749.63
2022-08-25,164649.18,38275.18,,,,,
,,,好太太(603848.SH),500,7275.00,14.55,-1412.33
,,,航民股份(600987.SH),3300,21351.00,6.47,3622.31
,,,山东出版(601019.SH),2800,17640.00,6.3,406.19
,,,诺力股份(603611.SH),800,14824.00,18.53,983.38
,,,中农立华(603970.SH),400,11884.00,29.71,-425.56
,,,卫信康(603676.SH),2100,24528.00,11.68,3206.06
,,,醋化股份(603968.SH),600,13500.00,22.5,1074.21
,,,法兰泰克(603966.SH),1400,15372.00,10.98,651.63
2022-08-24,166109.18,38275.18,,,,,
,,,航民股份(600987.SH),3300,21582.00,6.54,3853.31
,,,好太太(603848.SH),500,7250.00,14.5,-1437.33
,,,醋化股份(603968.SH),600,13380.00,22.3,954.21
,,,山东出版(601019.SH),2800,17248.00,6.16,14.19
,,,中农立华(603970.SH),400,12244.00,30.61,-65.56
,,,法兰泰克(603966.SH),1400,15820.00,11.3,1099.63
,,,卫信康(603676.SH),2100,25830.00,12.3,4508.06
,,,诺力股份(603611.SH),800,14480.00,18.1,639.38
2022-08-23,168557.18,38275.18,,,,,
,,,诺力股份(603611.SH),800,15328.00,19.16,1487.38
,,,山东出版(601019.SH),2800,17108.00,6.11,-125.81
,,,法兰泰克(603966.SH),1400,16408.00,11.72,1687.63
,,,醋化股份(603968.SH),600,13884.00,23.14,1458.21
,,,卫信康(603676.SH),2100,25788.00,12.28,4466.06
,,,好太太(603848.SH),500,7460.00,14.92,-1227.33
,,,中农立华(603970.SH),400,12856.00,32.14,546.44
,,,航民股份(600987.SH),3300,21450.00,6.5,3721.31
2022-08-22,168709.18,38275.18,,,,,
,,,航民股份(600987.SH),3300,20757.00,6.29,3028.31
,,,中农立华(603970.SH),400,12392.00,30.98,82.44
,,,醋化股份(603968.SH),600,13980.00,23.3,1554.21
,,,好太太(603848.SH),500,7475.00,14.95,-1212.33
,,,法兰泰克(603966.SH),1400,16534.00,11.81,1813.63
,,,山东出版(601019.SH),2800,17024.00,6.08,-209.81
,,,诺力股份(603611.SH),800,14552.00,18.19,711.38
,,,卫信康(603676.SH),2100,27720.00,13.2,6398.06
2022-08-19,167732.18,38275.18,,,,,
,,,中农立华(603970.SH),400,12240.00,30.6,-69.56
,,,法兰泰克(603966.SH),1400,16338.00,11.67,1617.63
,,,醋化股份(603968.SH),600,13908.00,23.18,1482.21
,,,山东出版(601019.SH),2800,16856.00,6.02,-377.81
,,,好太太(603848.SH),500,7465.00,14.93,-1222.33
,,,诺力股份(603611.SH),800,14704.00,18.38,863.38
,,,卫信康(603676.SH),2100,26859.00,12.79,5537.06
,,,航民股份(600987.SH),3300,21087.00,6.39,3358.31
2022-08-18,169587.18,38275.18,,,,,
,,,航民股份(600987.SH),3300,20922.00,6.34,3193.31
,,,中农立华(603970.SH),400,12464.00,31.16,154.44
,,,山东出版(601019.SH),2800,16604.00,5.93,-629.81
,,,卫信康(603676.SH),2100,27615.00,13.15,6293.06
,,,好太太(603848.SH),500,7535.00,15.07,-1152.33
,,,诺力股份(603611.SH),800,14528.00,18.16,687.38
,,,醋化股份(603968.SH),600,14508.00,24.18,2082.21
,,,法兰泰克(603966.SH),1400,17136.00,12.24,2415.63
2022-08-17,167553.18,38275.18,,,,,
,,,卫信康(603676.SH),2100,27804.00,13.24,6482.06
,,,醋化股份(603968.SH),600,14280.00,23.8,1854.21
,,,中农立华(603970.SH),400,12140.00,30.35,-169.56
,,,法兰泰克(603966.SH),1400,17192.00,12.28,2471.63
,,,好太太(603848.SH),500,7805.00,15.61,-882.33
,,,诺力股份(603611.SH),800,14016.00,17.52,175.38
,,,航民股份(600987.SH),3300,19437.00,5.89,1708.31
,,,山东出版(601019.SH),2800,16604.00,5.93,-629.81
2022-08-16,166896.18,38275.18,,,,,
,,,航民股份(600987.SH),3300,18282.00,5.54,553.31
,,,好太太(603848.SH),500,7600.00,15.2,-1087.33
,,,诺力股份(603611.SH),800,14272.00,17.84,431.38
,,,醋化股份(603968.SH),600,14592.00,24.32,2166.21
,,,山东出版(601019.SH),2800,16576.00,5.92,-657.81
,,,卫信康(603676.SH),2100,27573.00,13.13,6251.06
,,,中农立华(603970.SH),400,12352.00,30.88,42.44
,,,法兰泰克(603966.SH),1400,17374.00,12.41,2653.63
2022-08-15,165557.18,38275.18,,,,,
,,,诺力股份(603611.SH),800,13904.00,17.38,63.38
,,,好太太(603848.SH),500,7300.00,14.6,-1387.33
,,,山东出版(601019.SH),2800,16660.00,5.95,-573.81
,,,醋化股份(603968.SH),600,14520.00,24.2,2094.21
,,,中农立华(603970.SH),400,12072.00,30.18,-237.56
,,,法兰泰克(603966.SH),1400,17178.00,12.27,2457.63
,,,卫信康(603676.SH),2100,27993.00,13.33,6671.06
,,,航民股份(600987.SH),3300,17655.00,5.35,-73.69
2022-08-12,164256.18,38275.18,,,,,
,,,法兰泰克(603966.SH),1400,16534.00,11.81,1813.63
,,,诺力股份(603611.SH),800,14048.00,17.56,207.38
,,,好太太(603848.SH),500,7525.00,15.05,-1162.33
,,,卫信康(603676.SH),2100,27300.00,13,5978.06
,,,醋化股份(603968.SH),600,14184.00,23.64,1758.21
,,,山东出版(601019.SH),2800,16548.00,5.91,-685.81
,,,中农立华(603970.SH),400,12220.00,30.55,-89.56
,,,航民股份(600987.SH),3300,17622.00,5.34,-106.69
2022-08-11,164863.18,38275.18,,,,,
,,,诺力股份(603611.SH),800,14312.00,17.89,471.38
,,,中农立华(603970.SH),400,12284.00,30.71,-25.56
,,,醋化股份(603968.SH),600,14220.00,23.7,1794.21
,,,山东出版(601019.SH),2800,16520.00,5.9,-713.81
,,,法兰泰克(603966.SH),1400,16912.00,12.08,2191.63
,,,好太太(603848.SH),500,7550.00,15.1,-1137.33
,,,航民股份(600987.SH),3300,17490.00,5.3,-238.69
,,,卫信康(603676.SH),2100,27300.00,13,5978.06
2022-08-10,163864.18,38275.18,,,,,
,,,诺力股份(603611.SH),800,14240.00,17.8,399.38
,,,卫信康(603676.SH),2100,26733.00,12.73,5411.06
,,,好太太(603848.SH),500,7520.00,15.04,-1167.33
,,,法兰泰克(603966.SH),1400,17094.00,12.21,2373.63
,,,醋化股份(603968.SH),600,13908.00,23.18,1482.21
,,,航民股份(600987.SH),3300,17490.00,5.3,-238.69
,,,山东出版(601019.SH),2800,16324.00,5.83,-909.81
,,,中农立华(603970.SH),400,12280.00,30.7,-29.56
2022-08-09,163831.18,38275.18,,,,,
,,,诺力股份(603611.SH),800,14136.00,17.67,295.38
,,,法兰泰克(603966.SH),1400,16618.00,11.87,1897.63
,,,山东出版(601019.SH),2800,16324.00,5.83,-909.81
,,,醋化股份(603968.SH),600,14598.00,24.33,2172.21
,,,卫信康(603676.SH),2100,26460.00,12.6,5138.06
,,,好太太(603848.SH),500,7665.00,15.33,-1022.33
,,,航民股份(600987.SH),3300,17127.00,5.19,-601.69
,,,中农立华(603970.SH),400,12628.00,31.57,318.44
2022-08-08,165294.18,38275.18,,,,,
,,,诺力股份(603611.SH),800,14304.00,17.88,463.38
,,,醋化股份(603968.SH),600,14790.00,24.65,2364.21
,,,航民股份(600987.SH),3300,17226.00,5.22,-502.69
,,,卫信康(603676.SH),2100,26712.00,12.72,5390.06
,,,山东出版(601019.SH),2800,16492.00,5.89,-741.81
,,,法兰泰克(603966.SH),1400,16940.00,12.1,2219.63
,,,好太太(603848.SH),500,7675.00,15.35,-1012.33
,,,中农立华(603970.SH),400,12880.00,32.2,570.44
2022-08-05,162559.18,38275.18,,,,,
,,,中农立华(603970.SH),400,12792.00,31.98,482.44
,,,山东出版(601019.SH),2800,16408.00,5.86,-825.81
,,,航民股份(600987.SH),3300,16863.00,5.11,-865.69
,,,好太太(603848.SH),500,7715.00,15.43,-972.33
,,,卫信康(603676.SH),2100,25788.00,12.28,4466.06
,,,法兰泰克(603966.SH),1400,16184.00,11.56,1463.63
,,,醋化股份(603968.SH),600,14502.00,24.17,2076.21
,,,诺力股份(603611.SH),800,14032.00,17.54,191.38
2022-08-04,161681.18,38275.18,,,,,
,,,山东出版(601019.SH),2800,16100.00,5.75,-1133.81
,,,好太太(603848.SH),500,7680.00,15.36,-1007.33
,,,航民股份(600987.SH),3300,16566.00,5.02,-1162.69
,,,诺力股份(603611.SH),800,13920.00,17.4,79.38
,,,中农立华(603970.SH),400,12504.00,31.26,194.44
,,,醋化股份(603968.SH),600,14328.00,23.88,1902.21
,,,卫信康(603676.SH),2100,25872.00,12.32,4550.06
,,,法兰泰克(603966.SH),1400,16436.00,11.74,1715.63
2022-08-03,160222.18,38275.18,,,,,
,,,卫信康(603676.SH),2100,25578.00,12.18,4256.06
,,,好太太(603848.SH),500,7615.00,15.23,-1072.33
,,,法兰泰克(603966.SH),1400,16310.00,11.65,1589.63
,,,航民股份(600987.SH),3300,16434.00,4.98,-1294.69
,,,中农立华(603970.SH),400,12400.00,31,90.44
,,,诺力股份(603611.SH),800,13600.00,17,-240.62
,,,醋化股份(603968.SH),600,14022.00,23.37,1596.21
,,,山东出版(601019.SH),2800,15988.00,5.71,-1245.81
2022-08-02,162621.18,38275.18,,,,,
,,,诺力股份(603611.SH),800,14024.00,17.53,183.38
,,,醋化股份(603968.SH),600,14142.00,23.57,1716.21
,,,山东出版(601019.SH),2800,16212.00,5.79,-1021.81
,,,法兰泰克(603966.SH),1400,16856.00,12.04,2135.63
,,,中农立华(603970.SH),400,12328.00,30.82,18.44
,,,卫信康(603676.SH),2100,26565.00,12.65,5243.06
,,,航民股份(600987.SH),3300,16434.00,4.98,-1294.69
,,,好太太(603848.SH),500,7785.00,15.57,-902.33
2022-08-01,167085.18,38275.18,,,,,
,,,好太太(603848.SH),500,8125.00,16.25,-562.33
,,,醋化股份(603968.SH),600,14850.00,24.75,2424.21
,,,法兰泰克(603966.SH),1400,16590.00,11.85,1869.63
,,,诺力股份(603611.SH),800,14800.00,18.5,959.38
,,,卫信康(603676.SH),2100,27762.00,13.22,6440.06
,,,航民股份(600987.SH),3300,17127.00,5.19,-601.69
,,,中农立华(603970.SH),400,12896.00,32.24,586.44
,,,山东出版(601019.SH),2800,16660.00,5.95,-573.81
2022-07-29,167825.18,38275.18,,,,,
,,,航民股份(600987.SH),3300,17391.00,5.27,-337.69
,,,醋化股份(603968.SH),600,14640.00,24.4,2214.21
,,,卫信康(603676.SH),2100,27615.00,13.15,6293.06
,,,法兰泰克(603966.SH),1400,16968.00,12.12,2247.63
,,,中农立华(603970.SH),400,12920.00,32.3,610.44
,,,诺力股份(603611.SH),800,15128.00,18.91,1287.38
,,,好太太(603848.SH),500,8200.00,16.4,-487.33
,,,山东出版(601019.SH),2800,16688.00,5.96,-545.81
2022-07-28,167272.18,38275.18,,,,,
,,,诺力股份(603611.SH),800,15256.00,19.07,1415.38
,,,卫信康(603676.SH),2100,27762.00,13.22,6440.06
,,,醋化股份(603968.SH),600,14796.00,24.66,2370.21
,,,法兰泰克(603966.SH),1400,16450.00,11.75,1729.63
,,,山东出版(601019.SH),2800,16968.00,6.06,-265.81
,,,好太太(603848.SH),500,7900.00,15.8,-787.33
,,,航民股份(600987.SH),3300,17325.00,5.25,-403.69
,,,中农立华(603970.SH),400,12540.00,31.35,230.44
2022-07-27,167705.18,38275.18,,,,,
,,,法兰泰克(603966.SH),1400,15890.00,11.35,1169.63
,,,航民股份(600987.SH),3300,17127.00,5.19,-601.69
,,,山东出版(601019.SH),2800,16940.00,6.05,-293.81
,,,诺力股份(603611.SH),800,15192.00,18.99,1351.38
,,,中农立华(603970.SH),400,12580.00,31.45,270.44
,,,好太太(603848.SH),500,7925.00,15.85,-762.33
,,,卫信康(603676.SH),2100,28644.00,13.64,7322.06
,,,醋化股份(603968.SH),600,15132.00,25.22,2706.21
2022-07-26,165093.18,38275.18,,,,,
,,,好太太(603848.SH),500,8005.00,16.01,-682.33
,,,卫信康(603676.SH),2100,27195.00,12.95,5873.06
,,,醋化股份(603968.SH),600,14472.00,24.12,2046.21
,,,航民股份(600987.SH),3300,17226.00,5.22,-502.69
,,,诺力股份(603611.SH),800,14904.00,18.63,1063.38
,,,山东出版(601019.SH),2800,17052.00,6.09,-181.81
,,,中农立华(603970.SH),400,12480.00,31.2,170.44
,,,法兰泰克(603966.SH),1400,15484.00,11.06,763.63
2022-07-25,164577.18,38275.18,,,,,
,,,中农立华(603970.SH),400,12576.00,31.44,266.44
,,,航民股份(600987.SH),3300,17160.00,5.2,-568.69
,,,法兰泰克(603966.SH),1400,15288.00,10.92,567.63
,,,山东出版(601019.SH),2800,16800.00,6,-433.81
,,,好太太(603848.SH),500,7990.00,15.98,-697.33
,,,醋化股份(603968.SH),600,14346.00,23.91,1920.21
,,,诺力股份(603611.SH),800,14464.00,18.08,623.38
,,,卫信康(603676.SH),2100,27678.00,13.18,6356.06
2022-07-22,163886.18,38275.18,,,,,
,,,中农立华(603970.SH),400,12992.00,32.48,682.44
,,,法兰泰克(603966.SH),1400,15638.00,11.17,917.63
,,,好太太(603848.SH),500,7955.00,15.91,-732.33
,,,航民股份(600987.SH),3300,17424.00,5.28,-304.69
,,,醋化股份(603968.SH),600,14226.00,23.71,1800.21
,,,诺力股份(603611.SH),800,14256.00,17.82,415.38
,,,卫信康(603676.SH),2100,26208.00,12.48,4886.06
,,,山东出版(601019.SH),2800,16912.00,6.04,-321.81
2022-07-21,163952.18,38275.18,,,,,
,,,醋化股份(603968.SH),600,14130.00,23.55,1704.21
,,,航民股份(600987.SH),3300,17259.00,5.23,-469.69
,,,中农立华(603970.SH),400,12840.00,32.1,530.44
,,,好太太(603848.SH),500,7790.00,15.58,-897.33
,,,诺力股份(603611.SH),800,14144.00,17.68,303.38
,,,法兰泰克(603966.SH),1400,15456.00,11.04,735.63
,,,山东出版(601019.SH),2800,16884.00,6.03,-349.81
,,,卫信康(603676.SH),2100,27174.00,12.94,5852.06
2022-07-20,165353.18,38275.18,,,,,
,,,卫信康(603676.SH),2100,27720.00,13.2,6398.06
,,,诺力股份(603611.SH),800,14336.00,17.92,495.38
,,,好太太(603848.SH),500,8215.00,16.43,-472.33
,,,醋化股份(603968.SH),600,14232.00,23.72,1806.21
,,,航民股份(600987.SH),3300,17259.00,5.23,-469.69
,,,山东出版(601019.SH),2800,16912.00,6.04,-321.81
,,,中农立华(603970.SH),400,13144.00,32.86,834.44
,,,法兰泰克(603966.SH),1400,15260.00,10.9,539.63
2022-07-19,165184.18,38275.18,,,,,
,,,中农立华(603970.SH),400,13240.00,33.1,930.44
,,,航民股份(600987.SH),3300,17325.00,5.25,-403.69
,,,卫信康(603676.SH),2100,27426.00,13.06,6104.06
,,,好太太(603848.SH),500,8160.00,16.32,-527.33
,,,诺力股份(603611.SH),800,14312.00,17.89,471.38
,,,山东出版(601019.SH),2800,16800.00,6,-433.81
,,,醋化股份(603968.SH),600,14400.00,24,1974.21
,,,法兰泰克(603966.SH),1400,15246.00,10.89,525.63
2022-07-18,161673.18,38275.18,,,,,
,,,法兰泰克(603966.SH),1400,15372.00,10.98,651.63
,,,诺力股份(603611.SH),800,13776.00,17.22,-64.62
,,,卫信康(603676.SH),2100,24927.00,11.87,3605.06
,,,醋化股份(603968.SH),600,13974.00,23.29,1548.21
,,,山东出版(601019.SH),2800,16576.00,5.92,-657.81
,,,好太太(603848.SH),500,8080.00,16.16,-607.33
,,,航民股份(600987.SH),3300,17325.00,5.25,-403.69
,,,中农立华(603970.SH),400,13368.00,33.42,1058.44
2022-07-15,160953.18,38275.18,,,,,
,,,中农立华(603970.SH),400,13360.00,33.4,1050.44
,,,诺力股份(603611.SH),800,13760.00,17.2,-80.62
,,,山东出版(601019.SH),2800,16380.00,5.85,-853.81
,,,航民股份(600987.SH),3300,16863.00,5.11,-865.69
,,,好太太(603848.SH),500,7800.00,15.6,-887.33
,,,醋化股份(603968.SH),600,13698.00,22.83,1272.21
,,,法兰泰克(603966.SH),1400,14798.00,10.57,77.63
,,,卫信康(603676.SH),2100,26019.00,12.39,4697.06
2022-07-14,159971.18,38275.18,,,,,
,,,航民股份(600987.SH),3300,17061.00,5.17,-667.69
,,,山东出版(601019.SH),2800,16604.00,5.93,-629.81
,,,醋化股份(603968.SH),600,13572.00,22.62,1146.21
,,,卫信康(603676.SH),2100,24465.00,11.65,3143.06
,,,好太太(603848.SH),500,8100.00,16.2,-587.33
,,,法兰泰克(603966.SH),1400,15274.00,10.91,553.63
,,,诺力股份(603611.SH),800,13568.00,16.96,-272.62
,,,中农立华(603970.SH),400,13052.00,32.63,742.44
2022-07-13,158326.18,38275.18,,,,,
,,,法兰泰克(603966.SH),1400,15120.00,10.8,399.63
,,,卫信康(603676.SH),2100,22239.00,10.59,917.06
,,,山东出版(601019.SH),2800,16604.00,5.93,-629.81
,,,航民股份(600987.SH),3300,17424.00,5.28,-304.69
,,,好太太(603848.SH),500,8500.00,17,-187.33
,,,诺力股份(603611.SH),800,13488.00,16.86,-352.62
,,,醋化股份(603968.SH),600,12576.00,20.96,150.21
,,,中农立华(603970.SH),400,14100.00,35.25,1790.44
2022-07-12,155038.18,38275.18,,,,,
,,,航民股份(600987.SH),3300,17127.00,5.19,-601.69
,,,法兰泰克(603966.SH),1400,14952.00,10.68,231.63
,,,好太太(603848.SH),500,8465.00,16.93,-222.33
,,,醋化股份(603968.SH),600,12588.00,20.98,162.21
,,,山东出版(601019.SH),2800,16464.00,5.88,-769.81
,,,诺力股份(603611.SH),800,13064.00,16.33,-776.62
,,,中农立华(603970.SH),400,13880.00,34.7,1570.44
,,,卫信康(603676.SH),2100,20223.00,9.63,-1098.94
2022-07-11,155875.18,38275.18,,,,,
,,,法兰泰克(603966.SH),1400,15022.00,10.73,301.63
,,,卫信康(603676.SH),2100,20979.00,9.99,-342.94
,,,航民股份(600987.SH),3300,17358.00,5.26,-370.69
,,,诺力股份(603611.SH),800,13152.00,16.44,-688.62
,,,醋化股份(603968.SH),600,12798.00,21.33,372.21
,,,中农立华(603970.SH),400,13152.00,32.88,842.44
,,,山东出版(601019.SH),2800,16604.00,5.93,-629.81
,,,好太太(603848.SH),500,8535.00,17.07,-152.33
2022-07-08,155581.18,37295.18,,,,,
,,,卫信康(603676.SH),2100,21336.00,10.16,14.06
,,,航民股份(600987.SH),3300,17589.00,5.33,-139.69
,,,醋化股份(603968.SH),600,12552.00,20.92,126.21
,,,好太太(603848.SH),500,8255.00,16.51,-432.33
,,,法兰泰克(603966.SH),1400,14546.00,10.39,-174.37
,,,诺力股份(603611.SH),800,13536.00,16.92,-304.62
,,,山东出版(601019.SH),2800,17584.00,6.28,-629.81
,,,中农立华(603970.SH),400,12888.00,32.22,578.44
2022-07-07,155335.18,37295.18,,,,,
,,,好太太(603848.SH),500,7880.00,15.76,-807.33
,,,山东出版(601019.SH),2800,17556.00,6.27,-657.81
,,,航民股份(600987.SH),3300,17589.00,5.33,-139.69
,,,醋化股份(603968.SH),600,12900.00,21.5,474.21
,,,法兰泰克(603966.SH),1400,14672.00,10.48,-48.37
,,,中农立华(603970.SH),400,12776.00,31.94,466.44
,,,诺力股份(603611.SH),800,13520.00,16.9,-320.62
,,,卫信康(603676.SH),2100,21147.00,10.07,-174.94
2022-07-06,155309.18,37295.18,,,,,
,,,醋化股份(603968.SH),600,12918.00,21.53,492.21
,,,法兰泰克(603966.SH),1400,14490.00,10.35,-230.37
,,,诺力股份(603611.SH),800,13352.00,16.69,-488.62
,,,卫信康(603676.SH),2100,21567.00,10.27,245.06
,,,航民股份(600987.SH),3300,17721.00,5.37,-7.69
,,,中农立华(603970.SH),400,12756.00,31.89,446.44
,,,山东出版(601019.SH),2800,17780.00,6.35,-433.81
,,,好太太(603848.SH),500,7430.00,14.86,-1257.33
2022-07-05,157516.18,37295.18,,,,,
,,,航民股份(600987.SH),3300,17688.00,5.36,-40.69
,,,好太太(603848.SH),500,7390.00,14.78,-1297.33
,,,中农立华(603970.SH),400,12940.00,32.35,630.44
,,,醋化股份(603968.SH),600,13140.00,21.9,714.21
,,,卫信康(603676.SH),2100,21987.00,10.47,665.06
,,,法兰泰克(603966.SH),1400,14924.00,10.66,203.63
,,,诺力股份(603611.SH),800,13616.00,17.02,-224.62
,,,山东出版(601019.SH),2800,18536.00,6.62,322.19
2022-07-04,157276.18,37295.18,,,,,
,,,诺力股份(603611.SH),800,13984.00,17.48,143.38
,,,中农立华(603970.SH),400,13040.00,32.6,730.44
,,,醋化股份(603968.SH),600,13116.00,21.86,690.21
,,,航民股份(600987.SH),3300,17325.00,5.25,-403.69
,,,山东出版(601019.SH),2800,18396.00,6.57,182.19
,,,好太太(603848.SH),500,8210.00,16.42,-477.33
,,,卫信康(603676.SH),2100,21630.00,10.3,308.06
,,,法兰泰克(603966.SH),1400,14280.00,10.2,-440.37
2022-07-01,158089.18,37295.18,,,,,
,,,山东出版(601019.SH),2800,18732.00,6.69,518.19
,,,卫信康(603676.SH),2100,21336.00,10.16,14.06
,,,诺力股份(603611.SH),800,14232.00,17.79,391.38
,,,醋化股份(603968.SH),600,12648.00,21.08,222.21
,,,中农立华(603970.SH),400,13240.00,33.1,930.44
,,,法兰泰克(603966.SH),1400,14532.00,10.38,-188.37
,,,好太太(603848.SH),500,8650.00,17.3,-37.33
,,,航民股份(600987.SH),3300,17424.00,5.28,-304.69
2022-06-30,156621.40,40277.40,,,,,
,,,赣粤高速(600269.SH),3700,12839.00,3.47,-475.57
,,,爱建集团(600643.SH),2300,13639.00,5.93,-955.13
,,,辉隆股份(002556.SZ),2100,24570.00,11.7,1731.61
,,,大众公用(600635.SH),4000,13200.00,3.3,-792.92
,,,青岛银行(002948.SZ),4000,14480.00,3.62,-676.52
,,,华孚时尚(002042.SZ),3200,12096.00,3.78,-1279.69
,,,重百集团(600729.SH),500,10785.00,21.57,-381.06
,,,鲁阳节能(002088.SZ),700,14735.00,21.05,3170.93
2022-06-29,155640.40,40277.40,,,,,
,,,大众公用(600635.SH),4000,13200.00,3.3,-792.92
,,,辉隆股份(002556.SZ),2100,23793.00,11.33,954.61
,,,青岛银行(002948.SZ),4000,14440.00,3.61,-716.52
,,,爱建集团(600643.SH),2300,13639.00,5.93,-955.13
,,,华孚时尚(002042.SZ),3200,12064.00,3.77,-1311.69
,,,赣粤高速(600269.SH),3700,12765.00,3.45,-549.57
,,,重百集团(600729.SH),500,10755.00,21.51,-411.06
,,,鲁阳节能(002088.SZ),700,14707.00,21.01,3142.93
2022-06-28,156911.40,40277.40,,,,,
,,,赣粤高速(600269.SH),3700,12913.00,3.49,-401.57
,,,爱建集团(600643.SH),2300,13777.00,5.99,-817.13
,,,鲁阳节能(002088.SZ),700,15043.00,21.49,3478.93
,,,华孚时尚(002042.SZ),3200,12256.00,3.83,-1119.69
,,,青岛银行(002948.SZ),4000,14480.00,3.62,-676.52
,,,大众公用(600635.SH),4000,13360.00,3.34,-632.92
,,,重百集团(600729.SH),500,10550.00,21.1,-616.06
,,,辉隆股份(002556.SZ),2100,24255.00,11.55,1416.61
2022-06-27,155285.40,40277.40,,,,,
,,,鲁阳节能(002088.SZ),700,14483.00,20.69,2918.93
,,,爱建集团(600643.SH),2300,13593.00,5.91,-1001.13
,,,辉隆股份(002556.SZ),2100,23940.00,11.4,1101.61
,,,华孚时尚(002042.SZ),3200,12160.00,3.8,-1215.69
,,,重百集团(600729.SH),500,10390.00,20.78,-776.06
,,,青岛银行(002948.SZ),4000,14360.00,3.59,-796.52
,,,大众公用(600635.SH),4000,13280.00,3.32,-712.92
,,,赣粤高速(600269.SH),3700,12802.00,3.46,-512.57
2022-06-24,155387.40,40277.40,,,,,
,,,赣粤高速(600269.SH),3700,12802.00,3.46,-512.57
,,,重百集团(600729.SH),500,10290.00,20.58,-876.06
,,,大众公用(600635.SH),4000,13400.00,3.35,-592.92
,,,辉隆股份(002556.SZ),2100,23898.00,11.38,1059.61
,,,青岛银行(002948.SZ),4000,14360.00,3.59,-796.52
,,,华孚时尚(002042.SZ),3200,12192.00,3.81,-1183.69
,,,爱建集团(600643.SH),2300,13685.00,5.95,-909.13
,,,鲁阳节能(002088.SZ),700,14483.00,20.69,2918.93
2022-06-23,154902.40,40277.40,,,,,
,,,赣粤高速(600269.SH),3700,12839.00,3.47,-475.57
,,,重百集团(600729.SH),500,10265.00,20.53,-901.06
,,,爱建集团(600643.SH),2300,13685.00,5.95,-909.13
,,,辉隆股份(002556.SZ),2100,23793.00,11.33,954.61
,,,鲁阳节能(002088.SZ),700,14483.00,20.69,2918.93
,,,华孚时尚(002042.SZ),3200,12000.00,3.75,-1375.69
,,,青岛银行(002948.SZ),4000,14440.00,3.61,-716.52
,,,大众公用(600635.SH),4000,13120.00,3.28,-872.92
2022-06-22,154424.40,40277.40,,,,,
,,,华孚时尚(002042.SZ),3200,11904.00,3.72,-1471.69
,,,赣粤高速(600269.SH),3700,12728.00,3.44,-586.57
,,,辉隆股份(002556.SZ),2100,23982.00,11.42,1143.61
,,,青岛银行(002948.SZ),4000,14280.00,3.57,-876.52
,,,重百集团(600729.SH),500,10195.00,20.39,-971.06
,,,鲁阳节能(002088.SZ),700,14483.00,20.69,2918.93
,,,大众公用(600635.SH),4000,13120.00,3.28,-872.92
,,,爱建集团(600643.SH),2300,13455.00,5.85,-1139.13
2022-06-21,155779.40,40277.40,,,,,
,,,辉隆股份(002556.SZ),2100,24570.00,11.7,1731.61
,,,大众公用(600635.SH),4000,13080.00,3.27,-912.92
,,,鲁阳节能(002088.SZ),700,14336.00,20.48,2771.93
,,,重百集团(600729.SH),500,10390.00,20.78,-776.06
,,,青岛银行(002948.SZ),4000,14520.00,3.63,-636.52
,,,爱建集团(600643.SH),2300,13708.00,5.96,-886.13
,,,华孚时尚(002042.SZ),3200,12096.00,3.78,-1279.69
,,,赣粤高速(600269.SH),3700,12802.00,3.46,-512.57
2022-06-20,156144.40,40277.40,,,,,
,,,大众公用(600635.SH),4000,13040.00,3.26,-952.92
,,,重百集团(600729.SH),500,10505.00,21.01,-661.06
,,,华孚时尚(002042.SZ),3200,12128.00,3.79,-1247.69
,,,赣粤高速(600269.SH),3700,12802.00,3.46,-512.57
,,,辉隆股份(002556.SZ),2100,24906.00,11.86,2067.61
,,,爱建集团(600643.SH),2300,13777.00,5.99,-817.13
,,,鲁阳节能(002088.SZ),700,14189.00,20.27,2624.93
,,,青岛银行(002948.SZ),4000,14520.00,3.63,-636.52
2022-06-17,156544.40,40277.40,,,,,
,,,辉隆股份(002556.SZ),2100,25221.00,12.01,2382.61
,,,大众公用(600635.SH),4000,12960.00,3.24,-1032.92
,,,重百集团(600729.SH),500,10490.00,20.98,-676.06
,,,鲁阳节能(002088.SZ),700,14280.00,20.4,2715.93
,,,青岛银行(002948.SZ),4000,14480.00,3.62,-676.52
,,,华孚时尚(002042.SZ),3200,12192.00,3.81,-1183.69
,,,赣粤高速(600269.SH),3700,12913.00,3.49,-401.57
,,,爱建集团(600643.SH),2300,13731.00,5.97,-863.13
2022-06-16,156819.40,39771.40,,,,,
,,,大众公用(600635.SH),4000,13080.00,3.27,-912.92
,,,重百集团(600729.SH),500,10580.00,21.16,-586.06
,,,辉隆股份(002556.SZ),2100,25074.00,11.94,2235.61
,,,爱建集团(600643.SH),2300,14398.00,6.26,-702.13
,,,青岛银行(002948.SZ),4000,14520.00,3.63,-636.52
,,,赣粤高速(600269.SH),3700,12987.00,3.51,-327.57
,,,鲁阳节能(002088.SZ),700,14217.00,20.31,2652.93
,,,华孚时尚(002042.SZ),3200,12192.00,3.81,-1183.69
2022-06-15,158778.40,39771.40,,,,,
,,,青岛银行(002948.SZ),4000,14880.00,3.72,-276.52
,,,华孚时尚(002042.SZ),3200,12320.00,3.85,-1055.69
,,,鲁阳节能(002088.SZ),700,14413.00,20.59,2848.93
,,,重百集团(600729.SH),500,10550.00,21.1,-616.06
,,,赣粤高速(600269.SH),3700,13098.00,3.54,-216.57
,,,爱建集团(600643.SH),2300,14766.00,6.42,-334.13
,,,辉隆股份(002556.SZ),2100,25620.00,12.2,2781.61
,,,大众公用(600635.SH),4000,13360.00,3.34,-632.92
2022-06-14,157591.40,39771.40,,,,,
,,,辉隆股份(002556.SZ),2100,25620.00,12.2,2781.61
,,,爱建集团(600643.SH),2300,14375.00,6.25,-725.13
,,,青岛银行(002948.SZ),4000,14600.00,3.65,-556.52
,,,重百集团(600729.SH),500,10540.00,21.08,-626.06
,,,鲁阳节能(002088.SZ),700,14357.00,20.51,2792.93
,,,华孚时尚(002042.SZ),3200,12224.00,3.82,-1151.69
,,,赣粤高速(600269.SH),3700,13024.00,3.52,-290.57
,,,大众公用(600635.SH),4000,13080.00,3.27,-912.92
2022-06-13,156280.40,39771.40,,,,,
,,,青岛银行(002948.SZ),4000,14280.00,3.57,-876.52
,,,鲁阳节能(002088.SZ),700,14329.00,20.47,2764.93
,,,重百集团(600729.SH),500,10505.00,21.01,-661.06
,,,大众公用(600635.SH),4000,12880.00,3.22,-1112.92
,,,辉隆股份(002556.SZ),2100,25389.00,12.09,2550.61
,,,赣粤高速(600269.SH),3700,12913.00,3.49,-401.57
,,,爱建集团(600643.SH),2300,14053.00,6.11,-1047.13
,,,华孚时尚(002042.SZ),3200,12160.00,3.8,-1215.69
2022-06-10,157059.40,39771.40,,,,,
,,,重百集团(600729.SH),500,10630.00,21.26,-536.06
,,,鲁阳节能(002088.SZ),700,14189.00,20.27,2624.93
,,,辉隆股份(002556.SZ),2100,25431.00,12.11,2592.61
,,,青岛银行(002948.SZ),4000,14400.00,3.6,-756.52
,,,华孚时尚(002042.SZ),3200,12160.00,3.8,-1215.69
,,,爱建集团(600643.SH),2300,14260.00,6.2,-840.13
,,,赣粤高速(600269.SH),3700,13098.00,3.54,-216.57
,,,大众公用(600635.SH),4000,13120.00,3.28,-872.92
2022-06-09,156087.40,39771.40,,,,,
,,,辉隆股份(002556.SZ),2100,25326.00,12.06,2487.61
,,,重百集团(600729.SH),500,10525.00,21.05,-641.06
,,,大众公用(600635.SH),4000,12960.00,3.24,-1032.92
,,,青岛银行(002948.SZ),4000,14120.00,3.53,-1036.52
,,,赣粤高速(600269.SH),3700,13061.00,3.53,-253.57
,,,华孚时尚(002042.SZ),3200,12128.00,3.79,-1247.69
,,,鲁阳节能(002088.SZ),700,14189.00,20.27,2624.93
,,,爱建集团(600643.SH),2300,14007.00,6.09,-1093.13
2022-06-08,155598.40,39771.40,,,,,
,,,鲁阳节能(002088.SZ),700,14294.00,20.42,2729.93
,,,辉隆股份(002556.SZ),2100,24633.00,11.73,1794.61
,,,大众公用(600635.SH),4000,13040.00,3.26,-952.92
,,,华孚时尚(002042.SZ),3200,12192.00,3.81,-1183.69
,,,重百集团(600729.SH),500,10580.00,21.16,-586.06
,,,青岛银行(002948.SZ),4000,13960.00,3.49,-1196.52
,,,爱建集团(600643.SH),2300,14030.00,6.1,-1070.13
,,,赣粤高速(600269.SH),3700,13098.00,3.54,-216.57
2022-06-07,156058.40,39771.40,,,,,
,,,鲁阳节能(002088.SZ),700,14287.00,20.41,2722.93
,,,爱建集团(600643.SH),2300,13961.00,6.07,-1139.13
,,,赣粤高速(600269.SH),3700,13172.00,3.56,-142.57
,,,华孚时尚(002042.SZ),3200,12288.00,3.84,-1087.69
,,,辉隆股份(002556.SZ),2100,25074.00,11.94,2235.61
,,,大众公用(600635.SH),4000,12960.00,3.24,-1032.92
,,,重百集团(600729.SH),500,10625.00,21.25,-541.06
,,,青岛银行(002948.SZ),4000,13920.00,3.48,-1236.52
2022-06-06,156234.40,39771.40,,,,,
,,,辉隆股份(002556.SZ),2100,25515.00,12.15,2676.61
,,,青岛银行(002948.SZ),4000,13960.00,3.49,-1196.52
,,,鲁阳节能(002088.SZ),700,14154.00,20.22,2589.93
,,,爱建集团(600643.SH),2300,14053.00,6.11,-1047.13
,,,大众公用(600635.SH),4000,13000.00,3.25,-992.92
,,,赣粤高速(600269.SH),3700,13135.00,3.55,-179.57
,,,重百集团(600729.SH),500,10550.00,21.1,-616.06
,,,华孚时尚(002042.SZ),3200,12096.00,3.78,-1279.69
2022-06-02,154788.40,39771.40,,,,,
,,,赣粤高速(600269.SH),3700,13283.00,3.59,-31.57
,,,华孚时尚(002042.SZ),3200,12096.00,3.78,-1279.69
,,,青岛银行(002948.SZ),4000,13880.00,3.47,-1276.52
,,,鲁阳节能(002088.SZ),700,14084.00,20.12,2519.93
,,,重百集团(600729.SH),500,10710.00,21.42,-456.06
,,,辉隆股份(002556.SZ),2100,23940.00,11.4,1101.61
,,,爱建集团(600643.SH),2300,13984.00,6.08,-1116.13
,,,大众公用(600635.SH),4000,13040.00,3.26,-952.92
2022-06-01,155053.40,39771.40,,,,,
,,,辉隆股份(002556.SZ),2100,23730.00,11.3,891.61
,,,鲁阳节能(002088.SZ),700,14021.00,20.03,2456.93
,,,青岛银行(002948.SZ),4000,13840.00,3.46,-1316.52
,,,赣粤高速(600269.SH),3700,13431.00,3.63,116.43
,,,重百集团(600729.SH),500,10860.00,21.72,-306.06
,,,华孚时尚(002042.SZ),3200,12256.00,3.83,-1119.69
,,,大众公用(600635.SH),4000,13160.00,3.29,-832.92
,,,爱建集团(600643.SH),2300,13984.00,6.08,-1116.13
2022-05-31,154407.40,39771.40,,,,,
,,,青岛银行(002948.SZ),4000,13880.00,3.47,-1276.52
,,,大众公用(600635.SH),4000,13160.00,3.29,-832.92
,,,辉隆股份(002556.SZ),2100,23541.00,11.21,702.61
,,,爱建集团(600643.SH),2300,14053.00,6.11,-1047.13
,,,重百集团(600729.SH),500,10835.00,21.67,-331.06
,,,赣粤高速(600269.SH),3700,13320.00,3.6,5.43
,,,鲁阳节能(002088.SZ),700,14007.00,20.01,2442.93
,,,华孚时尚(002042.SZ),3200,11840.00,3.7,-1535.69
2022-05-30,153279.40,39131.40,,,,,
,,,大众公用(600635.SH),4000,12760.00,3.19,-1232.92
,,,华孚时尚(002042.SZ),3200,11776.00,3.68,-1599.69
,,,辉隆股份(002556.SZ),2100,23037.00,10.97,198.61
,,,青岛银行(002948.SZ),4000,14560.00,3.64,-1236.52
,,,赣粤高速(600269.SH),3700,13320.00,3.6,5.43
,,,爱建集团(600643.SH),2300,13869.00,6.03,-1231.13
,,,重百集团(600729.SH),500,10770.00,21.54,-396.06
,,,鲁阳节能(002088.SZ),700,14056.00,20.08,2491.93
2022-05-27,152774.40,39131.40,,,,,
,,,华孚时尚(002042.SZ),3200,11840.00,3.7,-1535.69
,,,大众公用(600635.SH),4000,12680.00,3.17,-1312.92
,,,辉隆股份(002556.SZ),2100,22827.00,10.87,-11.39
,,,重百集团(600729.SH),500,10705.00,21.41,-461.06
,,,爱建集团(600643.SH),2300,13938.00,6.06,-1162.13
,,,赣粤高速(600269.SH),3700,13283.00,3.59,-31.57
,,,青岛银行(002948.SZ),4000,14440.00,3.61,-1356.52
,,,鲁阳节能(002088.SZ),700,13930.00,19.9,2365.93
2022-05-26,152305.40,38711.40,,,,,
,,,青岛银行(002948.SZ),4000,14440.00,3.61,-1356.52
,,,爱建集团(600643.SH),2300,13984.00,6.08,-1116.13
,,,华孚时尚(002042.SZ),3200,11872.00,3.71,-1503.69
,,,辉隆股份(002556.SZ),2100,22827.00,10.87,-431.39
,,,重百集团(600729.SH),500,10770.00,21.54,-396.06
,,,鲁阳节能(002088.SZ),700,13895.00,19.85,2330.93
,,,大众公用(600635.SH),4000,12560.00,3.14,-1432.92
,,,赣粤高速(600269.SH),3700,13246.00,3.58,-68.57
2022-05-25,150680.40,38711.40,,,,,
,,,辉隆股份(002556.SZ),2100,22575.00,10.75,-683.39
,,,华孚时尚(002042.SZ),3200,11648.00,3.64,-1727.69
,,,青岛银行(002948.SZ),4000,14280.00,3.57,-1516.52
,,,鲁阳节能(002088.SZ),700,13657.00,19.51,2092.93
,,,赣粤高速(600269.SH),3700,12913.00,3.49,-401.57
,,,爱建集团(600643.SH),2300,13731.00,5.97,-1369.13
,,,大众公用(600635.SH),4000,12520.00,3.13,-1472.92
,,,重百集团(600729.SH),500,10645.00,21.29,-521.06
2022-05-24,149355.40,38711.40,,,,,
,,,赣粤高速(600269.SH),3700,12617.00,3.41,-697.57
,,,爱建集团(600643.SH),2300,13501.00,5.87,-1599.13
,,,大众公用(600635.SH),4000,12280.00,3.07,-1712.92
,,,鲁阳节能(002088.SZ),700,13650.00,19.5,2085.93
,,,华孚时尚(002042.SZ),3200,11360.00,3.55,-2015.69
,,,重百集团(600729.SH),500,10440.00,20.88,-726.06
,,,辉隆股份(002556.SZ),2100,22596.00,10.76,-662.39
,,,青岛银行(002948.SZ),4000,14200.00,3.55,-1596.52
2022-05-23,152809.40,38711.40,,,,,
,,,青岛银行(002948.SZ),4000,14440.00,3.61,-1356.52
,,,辉隆股份(002556.SZ),2100,23163.00,11.03,-95.39
,,,大众公用(600635.SH),4000,12680.00,3.17,-1312.92
,,,重百集团(600729.SH),500,10935.00,21.87,-231.06
,,,鲁阳节能(002088.SZ),700,14070.00,20.1,2505.93
,,,华孚时尚(002042.SZ),3200,11904.00,3.72,-1471.69
,,,爱建集团(600643.SH),2300,14030.00,6.1,-1070.13
,,,赣粤高速(600269.SH),3700,12876.00,3.48,-438.57
2022-05-20,151470.40,38711.40,,,,,
,,,大众公用(600635.SH),4000,12560.00,3.14,-1432.92
,,,青岛银行(002948.SZ),4000,14440.00,3.61,-1356.52
,,,重百集团(600729.SH),500,10795.00,21.59,-371.06
,,,爱建集团(600643.SH),2300,14007.00,6.09,-1093.13
,,,华孚时尚(002042.SZ),3200,11744.00,3.67,-1631.69
,,,辉隆股份(002556.SZ),2100,22680.00,10.8,-578.39
,,,鲁阳节能(002088.SZ),700,13657.00,19.51,2092.93
,,,赣粤高速(600269.SH),3700,12876.00,3.48,-438.57
2022-05-19,150489.40,38711.40,,,,,
,,,鲁阳节能(002088.SZ),700,13545.00,19.35,1980.93
,,,辉隆股份(002556.SZ),2100,22533.00,10.73,-725.39
,,,青岛银行(002948.SZ),4000,14320.00,3.58,-1476.52
,,,爱建集团(600643.SH),2300,13846.00,6.02,-1254.13
,,,华孚时尚(002042.SZ),3200,11616.00,3.63,-1759.69
,,,赣粤高速(600269.SH),3700,12728.00,3.44,-586.57
,,,重百集团(600729.SH),500,10710.00,21.42,-456.06
,,,大众公用(600635.SH),4000,12480.00,3.12,-1512.92
2022-05-18,150871.40,38711.40,,,,,
,,,大众公用(600635.SH),4000,12400.00,3.1,-1592.92
,,,华孚时尚(002042.SZ),3200,11616.00,3.63,-1759.69
,,,辉隆股份(002556.SZ),2100,22974.00,10.94,-284.39
,,,青岛银行(002948.SZ),4000,14240.00,3.56,-1556.52
,,,重百集团(600729.SH),500,10855.00,21.71,-311.06
,,,鲁阳节能(002088.SZ),700,13496.00,19.28,1931.93
,,,赣粤高速(600269.SH),3700,12802.00,3.46,-512.57
,,,爱建集团(600643.SH),2300,13777.00,5.99,-1323.13
2022-05-17,150520.40,38711.40,,,,,
,,,青岛银行(002948.SZ),4000,14280.00,3.57,-1516.52
,,,重百集团(600729.SH),500,10810.00,21.62,-356.06
,,,赣粤高速(600269.SH),3700,12765.00,3.45,-549.57
,,,鲁阳节能(002088.SZ),700,13454.00,19.22,1889.93
,,,辉隆股份(002556.SZ),2100,22890.00,10.9,-368.39
,,,大众公用(600635.SH),4000,12400.00,3.1,-1592.92
,,,华孚时尚(002042.SZ),3200,11456.00,3.58,-1919.69
,,,爱建集团(600643.SH),2300,13754.00,5.98,-1346.13
2022-05-16,151342.40,38711.40,,,,,
,,,华孚时尚(002042.SZ),3200,11648.00,3.64,-1727.69
,,,鲁阳节能(002088.SZ),700,13552.00,19.36,1987.93
,,,辉隆股份(002556.SZ),2100,22827.00,10.87,-431.39
,,,大众公用(600635.SH),4000,12440.00,3.11,-1552.92
,,,赣粤高速(600269.SH),3700,12950.00,3.5,-364.57
,,,爱建集团(600643.SH),2300,13754.00,5.98,-1346.13
,,,重百集团(600729.SH),500,11140.00,22.28,-26.06
,,,青岛银行(002948.SZ),4000,14320.00,3.58,-1476.52
2022-05-13,150708.40,38711.40,,,,,
,,,赣粤高速(600269.SH),3700,12876.00,3.48,-438.57
,,,重百集团(600729.SH),500,11430.00,22.86,263.94
,,,华孚时尚(002042.SZ),3200,11712.00,3.66,-1663.69
,,,大众公用(600635.SH),4000,12480.00,3.12,-1512.92
,,,爱建集团(600643.SH),2300,13938.00,6.06,-1162.13
,,,辉隆股份(002556.SZ),2100,21840.00,10.4,-1418.39
,,,鲁阳节能(002088.SZ),700,13321.00,19.03,1756.93
,,,青岛银行(002948.SZ),4000,14400.00,3.6,-1396.52
2022-05-12,151075.40,36816.40,,,,,
,,,大众公用(600635.SH),4000,12480.00,3.12,-1512.92
,,,赣粤高速(600269.SH),3700,12654.00,3.42,-660.57
,,,青岛银行(002948.SZ),4000,14320.00,3.58,-1476.52
,,,鲁阳节能(002088.SZ),700,13132.00,18.76,1567.93
,,,爱建集团(600643.SH),2300,13846.00,6.02,-1254.13
,,,重百集团(600729.SH),500,14370.00,28.74,1308.94
,,,华孚时尚(002042.SZ),3200,11680.00,3.65,-1695.69
,,,辉隆股份(002556.SZ),2100,21777.00,10.37,-1481.39
2022-05-11,151196.40,36816.40,,,,,
,,,爱建集团(600643.SH),2300,13984.00,6.08,-1116.13
,,,辉隆股份(002556.SZ),2100,21588.00,10.28,-1670.39
,,,华孚时尚(002042.SZ),3200,11488.00,3.59,-1887.69
,,,鲁阳节能(002088.SZ),700,13412.00,19.16,1847.93
,,,赣粤高速(600269.SH),3700,12728.00,3.44,-586.57
,,,重百集团(600729.SH),500,14540.00,29.08,1478.94
,,,青岛银行(002948.SZ),4000,14360.00,3.59,-1436.52
,,,大众公用(600635.SH),4000,12280.00,3.07,-1712.92
2022-05-10,151066.40,36816.40,,,,,
,,,鲁阳节能(002088.SZ),700,13657.00,19.51,2092.93
,,,赣粤高速(600269.SH),3700,12839.00,3.47,-475.57
,,,华孚时尚(002042.SZ),3200,11552.00,3.61,-1823.69
,,,青岛银行(002948.SZ),4000,14400.00,3.6,-1396.52
,,,大众公用(600635.SH),4000,12280.00,3.07,-1712.92
,,,辉隆股份(002556.SZ),2100,21777.00,10.37,-1481.39
,,,重百集团(600729.SH),500,14175.00,28.35,1113.94
,,,爱建集团(600643.SH),2300,13570.00,5.9,-1530.13
2022-05-09,150980.40,36816.40,,,,,
,,,大众公用(600635.SH),4000,12240.00,3.06,-1752.92
,,,爱建集团(600643.SH),2300,13501.00,5.87,-1599.13
,,,辉隆股份(002556.SZ),2100,21882.00,10.42,-1376.39
,,,华孚时尚(002042.SZ),3200,11584.00,3.62,-1791.69
,,,赣粤高速(600269.SH),3700,12839.00,3.47,-475.57
,,,重百集团(600729.SH),500,14115.00,28.23,1053.94
,,,青岛银行(002948.SZ),4000,14360.00,3.59,-1436.52
,,,鲁阳节能(002088.SZ),700,13643.00,19.49,2078.93
2022-05-06,150458.40,36816.40,,,,,
,,,重百集团(600729.SH),500,14325.00,28.65,1263.94
,,,华孚时尚(002042.SZ),3200,11520.00,3.6,-1855.69
,,,爱建集团(600643.SH),2300,13340.00,5.8,-1760.13
,,,鲁阳节能(002088.SZ),700,13426.00,19.18,1861.93
,,,大众公用(600635.SH),4000,12160.00,3.04,-1832.92
,,,赣粤高速(600269.SH),3700,12728.00,3.44,-586.57
,,,辉隆股份(002556.SZ),2100,21903.00,10.43,-1355.39
,,,青岛银行(002948.SZ),4000,14240.00,3.56,-1556.52
2022-05-05,150583.40,36816.40,,,,,
,,,重百集团(600729.SH),500,14250.00,28.5,1188.94
,,,青岛银行(002948.SZ),4000,14640.00,3.66,-1156.52
,,,爱建集团(600643.SH),2300,13570.00,5.9,-1530.13
,,,大众公用(600635.SH),4000,12400.00,3.1,-1592.92
,,,华孚时尚(002042.SZ),3200,11840.00,3.7,-1535.69
,,,赣粤高速(600269.SH),3700,13061.00,3.53,-253.57
,,,辉隆股份(002556.SZ),2100,21798.00,10.38,-1460.39
,,,鲁阳节能(002088.SZ),700,12208.00,17.44,643.93
2022-04-29,148862.40,36816.40,,,,,
,,,赣粤高速(600269.SH),3700,12876.00,3.48,-438.57
,,,鲁阳节能(002088.SZ),700,11095.00,15.85,-469.07
,,,重百集团(600729.SH),500,13970.00,27.94,908.94
,,,青岛银行(002948.SZ),4000,14600.00,3.65,-1196.52
,,,大众公用(600635.SH),4000,12840.00,3.21,-1152.92
,,,华孚时尚(002042.SZ),3200,11648.00,3.64,-1727.69
,,,爱建集团(600643.SH),2300,13639.00,5.93,-1461.13
,,,辉隆股份(002556.SZ),2100,21378.00,10.18,-1880.39
2022-04-28,145001.40,36816.40,,,,,
,,,华孚时尚(002042.SZ),3200,11488.00,3.59,-1887.69
,,,大众公用(600635.SH),4000,12400.00,3.1,-1592.92
,,,辉隆股份(002556.SZ),2100,20874.00,9.94,-2384.39
,,,鲁阳节能(002088.SZ),700,10087.00,14.41,-1477.07
,,,赣粤高速(600269.SH),3700,12173.00,3.29,-1141.57
,,,爱建集团(600643.SH),2300,13248.00,5.76,-1852.13
,,,重百集团(600729.SH),500,13515.00,27.03,453.94
,,,青岛银行(002948.SZ),4000,14400.00,3.6,-1396.52
2022-04-27,144517.40,36816.40,,,,,
,,,青岛银行(002948.SZ),4000,14400.00,3.6,-1396.52
,,,华孚时尚(002042.SZ),3200,11328.00,3.54,-2047.69
,,,赣粤高速(600269.SH),3700,12210.00,3.3,-1104.57
,,,辉隆股份(002556.SZ),2100,20685.00,9.85,-2573.39
,,,鲁阳节能(002088.SZ),700,9170.00,13.1,-2394.07
,,,爱建集团(600643.SH),2300,13478.00,5.86,-1622.13
,,,重百集团(600729.SH),500,13750.00,27.5,688.94
,,,大众公用(600635.SH),4000,12680.00,3.17,-1312.92
2022-04-26,143434.40,36816.40,,,,,
,,,赣粤高速(600269.SH),3700,12062.00,3.26,-1252.57
,,,鲁阳节能(002088.SZ),700,9170.00,13.1,-2394.07
,,,大众公用(600635.SH),4000,12400.00,3.1,-1592.92
,,,辉隆股份(002556.SZ),2100,20412.00,9.72,-2846.39
,,,爱建集团(600643.SH),2300,13248.00,5.76,-1852.13
,,,重百集团(600729.SH),500,13750.00,27.5,688.94
,,,青岛银行(002948.SZ),4000,14440.00,3.61,-1356.52
,,,华孚时尚(002042.SZ),3200,11136.00,3.48,-2239.69
2022-04-25,145962.40,36816.40,,,,,
,,,大众公用(600635.SH),4000,12680.00,3.17,-1312.92
,,,华孚时尚(002042.SZ),3200,11840.00,3.7,-1535.69
,,,重百集团(600729.SH),500,13230.00,26.46,168.94
,,,鲁阳节能(002088.SZ),700,9485.00,13.55,-2079.07
,,,辉隆股份(002556.SZ),2100,21189.00,10.09,-2069.39
,,,青岛银行(002948.SZ),4000,14840.00,3.71,-956.52
,,,爱建集团(600643.SH),2300,13524.00,5.88,-1576.13
,,,赣粤高速(600269.SH),3700,12358.00,3.34,-956.57
2022-04-22,151347.40,36816.40,,,,,
,,,重百集团(600729.SH),500,13665.00,27.33,603.94
,,,华孚时尚(002042.SZ),3200,13120.00,4.1,-255.69
,,,赣粤高速(600269.SH),3700,12839.00,3.47,-475.57
,,,辉隆股份(002556.SZ),2100,22029.00,10.49,-1229.39
,,,青岛银行(002948.SZ),4000,15280.00,3.82,-516.52
,,,鲁阳节能(002088.SZ),700,9744.00,13.92,-1820.07
,,,爱建集团(600643.SH),2300,14214.00,6.18,-886.13
,,,大众公用(600635.SH),4000,13640.00,3.41,-352.92
2022-04-21,150137.40,36816.40,,,,,
,,,华孚时尚(002042.SZ),3200,12384.00,3.87,-991.69
,,,青岛银行(002948.SZ),4000,15160.00,3.79,-636.52
,,,辉隆股份(002556.SZ),2100,22407.00,10.67,-851.39
,,,大众公用(600635.SH),4000,13640.00,3.41,-352.92
,,,赣粤高速(600269.SH),3700,12765.00,3.45,-549.57
,,,鲁阳节能(002088.SZ),700,9905.00,14.15,-1659.07
,,,爱建集团(600643.SH),2300,14145.00,6.15,-955.13
,,,重百集团(600729.SH),500,12915.00,25.83,-146.06
2022-04-20,153429.40,36816.40,,,,,
,,,大众公用(600635.SH),4000,14080.00,3.52,87.08
,,,赣粤高速(600269.SH),3700,13135.00,3.55,-179.57
,,,鲁阳节能(002088.SZ),700,10346.00,14.78,-1218.07
,,,青岛银行(002948.SZ),4000,15600.00,3.9,-196.52
,,,爱建集团(600643.SH),2300,14444.00,6.28,-656.13
,,,重百集团(600729.SH),500,13395.00,26.79,333.94
,,,辉隆股份(002556.SZ),2100,23037.00,10.97,-221.39
,,,华孚时尚(002042.SZ),3200,12576.00,3.93,-799.69
2022-04-19,155346.40,36816.40,,,,,
,,,重百集团(600729.SH),500,13545.00,27.09,483.94
,,,辉隆股份(002556.SZ),2100,23457.00,11.17,198.61
,,,青岛银行(002948.SZ),4000,15720.00,3.93,-76.52
,,,赣粤高速(600269.SH),3700,13246.00,3.58,-68.57
,,,鲁阳节能(002088.SZ),700,10794.00,15.42,-770.07
,,,华孚时尚(002042.SZ),3200,12768.00,3.99,-607.69
,,,爱建集团(600643.SH),2300,14720.00,6.4,-380.13
,,,大众公用(600635.SH),4000,14280.00,3.57,287.08
2022-04-18,153612.40,36816.40,,,,,
,,,鲁阳节能(002088.SZ),700,10479.00,14.97,-1085.07
,,,辉隆股份(002556.SZ),2100,22890.00,10.9,-368.39
,,,赣粤高速(600269.SH),3700,13135.00,3.55,-179.57
,,,大众公用(600635.SH),4000,13960.00,3.49,-32.92
,,,华孚时尚(002042.SZ),3200,12608.00,3.94,-767.69
,,,重百集团(600729.SH),500,13725.00,27.45,663.94
,,,青岛银行(002948.SZ),4000,15440.00,3.86,-356.52
,,,爱建集团(600643.SH),2300,14559.00,6.33,-541.13
2022-04-15,153216.40,36816.40,,,,,
,,,青岛银行(002948.SZ),4000,16120.00,4.03,323.48
,,,辉隆股份(002556.SZ),2100,22848.00,10.88,-410.39
,,,鲁阳节能(002088.SZ),700,9527.00,13.61,-2037.07
,,,华孚时尚(002042.SZ),3200,12512.00,3.91,-863.69
,,,爱建集团(600643.SH),2300,14697.00,6.39,-403.13
,,,重百集团(600729.SH),500,13450.00,26.9,388.94
,,,大众公用(600635.SH),4000,14000.00,3.5,7.08
,,,赣粤高速(600269.SH),3700,13246.00,3.58,-68.57
2022-04-14,153601.40,36816.40,,,,,
,,,鲁阳节能(002088.SZ),700,9786.00,13.98,-1778.07
,,,大众公用(600635.SH),4000,14080.00,3.52,87.08
,,,重百集团(600729.SH),500,13145.00,26.29,83.94
,,,赣粤高速(600269.SH),3700,13505.00,3.65,190.43
,,,华孚时尚(002042.SZ),3200,12320.00,3.85,-1055.69
,,,辉隆股份(002556.SZ),2100,22890.00,10.9,-368.39
,,,爱建集团(600643.SH),2300,15019.00,6.53,-81.13
,,,青岛银行(002948.SZ),4000,16040.00,4.01,243.48
2022-04-13,153977.40,36816.40,,,,,
,,,重百集团(600729.SH),500,12895.00,25.79,-166.06
,,,大众公用(600635.SH),4000,14040.00,3.51,47.08
,,,华孚时尚(002042.SZ),3200,13024.00,4.07,-351.69
,,,爱建集团(600643.SH),2300,14812.00,6.44,-288.13
,,,鲁阳节能(002088.SZ),700,9877.00,14.11,-1687.07
,,,辉隆股份(002556.SZ),2100,23079.00,10.99,-179.39
,,,赣粤高速(600269.SH),3700,13394.00,3.62,79.43
,,,青岛银行(002948.SZ),4000,16040.00,4.01,243.48
2022-04-12,156598.40,36816.40,,,,,
,,,华孚时尚(002042.SZ),3200,13376.00,4.18,0.31
,,,重百集团(600729.SH),500,13275.00,26.55,213.94
,,,辉隆股份(002556.SZ),2100,23394.00,11.14,135.61
,,,赣粤高速(600269.SH),3700,13616.00,3.68,301.43
,,,大众公用(600635.SH),4000,14000.00,3.5,7.08
,,,鲁阳节能(002088.SZ),700,10787.00,15.41,-777.07
,,,青岛银行(002948.SZ),4000,16200.00,4.05,403.48
,,,爱建集团(600643.SH),2300,15134.00,6.58,33.87
2022-04-11,154774.40,36816.40,,,,,
,,,辉隆股份(002556.SZ),2100,23205.00,11.05,-53.39
,,,华孚时尚(002042.SZ),3200,13088.00,4.09,-287.69
,,,爱建集团(600643.SH),2300,14789.00,6.43,-311.13
,,,大众公用(600635.SH),4000,13760.00,3.44,-232.92
,,,重百集团(600729.SH),500,12950.00,25.9,-111.06
,,,鲁阳节能(002088.SZ),700,10920.00,15.6,-644.07
,,,青岛银行(002948.SZ),4000,16000.00,4,203.48
,,,赣粤高速(600269.SH),3700,13246.00,3.58,-68.57
2022-04-08,157257.40,36816.40,,,,,
,,,鲁阳节能(002088.SZ),700,11473.00,16.39,-91.07
,,,大众公用(600635.SH),4000,14160.00,3.54,167.08
,,,青岛银行(002948.SZ),4000,16320.00,4.08,523.48
,,,爱建集团(600643.SH),2300,15065.00,6.55,-35.13
,,,重百集团(600729.SH),500,13095.00,26.19,33.94
,,,辉隆股份(002556.SZ),2100,23457.00,11.17,198.61
,,,华孚时尚(002042.SZ),3200,13440.00,4.2,64.31
,,,赣粤高速(600269.SH),3700,13431.00,3.63,116.43
2022-04-07,156841.40,36816.40,,,,,
,,,华孚时尚(002042.SZ),3200,13312.00,4.16,-63.69
,,,爱建集团(600643.SH),2300,15065.00,6.55,-35.13
,,,辉隆股份(002556.SZ),2100,23163.00,11.03,-95.39
,,,大众公用(600635.SH),4000,14080.00,3.52,87.08
,,,重百集团(600729.SH),500,13180.00,26.36,118.94
,,,鲁阳节能(002088.SZ),700,11662.00,16.66,97.93
,,,青岛银行(002948.SZ),4000,16280.00,4.07,483.48
,,,赣粤高速(600269.SH),3700,13283.00,3.59,-31.57
2022-04-06,158807.40,36816.40,,,,,
,,,青岛银行(002948.SZ),4000,16640.00,4.16,843.48
,,,赣粤高速(600269.SH),3700,13542.00,3.66,227.43
,,,辉隆股份(002556.SZ),2100,22869.00,10.89,-389.39
,,,爱建集团(600643.SH),2300,15594.00,6.78,493.87
,,,鲁阳节能(002088.SZ),700,11690.00,16.7,125.93
,,,重百集团(600729.SH),500,13560.00,27.12,498.94
,,,华孚时尚(002042.SZ),3200,13696.00,4.28,320.31
,,,大众公用(600635.SH),4000,14400.00,3.6,407.08
2022-04-01,157729.40,36816.40,,,,,
,,,辉隆股份(002556.SZ),2100,23079.00,10.99,-179.39
,,,赣粤高速(600269.SH),3700,13394.00,3.62,79.43
,,,鲁阳节能(002088.SZ),700,11585.00,16.55,20.93
,,,华孚时尚(002042.SZ),3200,13600.00,4.25,224.31
,,,大众公用(600635.SH),4000,14200.00,3.55,207.08
,,,青岛银行(002948.SZ),4000,16360.00,4.09,563.48
,,,爱建集团(600643.SH),2300,15410.00,6.7,309.87
,,,重百集团(600729.SH),500,13285.00,26.57,223.94
2022-03-31,157182.68,62283.68,,,,,
,,,皖新传媒(601801.SH),4600,24104.00,5.24,82.86
,,,重庆水务(601158.SH),2200,13948.00,6.34,-760.35
,,,中衡设计(603017.SH),1100,11363.00,10.33,-556.78
,,,华荣股份(603855.SH),400,8144.00,20.36,-1957.15
,,,广电电气(601616.SH),4300,14620.00,3.4,-1886.94
,,,勘设股份(603458.SH),1000,12710.00,12.71,1624.31
,,,永吉股份(603058.SH),1100,10010.00,9.1,1561.60
2022-03-30,156517.68,62283.68,,,,,
,,,华荣股份(603855.SH),400,8308.00,20.77,-1793.15
,,,广电电气(601616.SH),4300,14362.00,3.34,-2144.94
,,,勘设股份(603458.SH),1000,12620.00,12.62,1534.31
,,,永吉股份(603058.SH),1100,9977.00,9.07,1528.60
,,,重庆水务(601158.SH),2200,13750.00,6.25,-958.35
,,,皖新传媒(601801.SH),4600,23920.00,5.2,-101.14
,,,中衡设计(603017.SH),1100,11297.00,10.27,-622.78
2022-03-29,154956.68,62283.68,,,,,
,,,华荣股份(603855.SH),400,8204.00,20.51,-1897.15
,,,勘设股份(603458.SH),1000,12740.00,12.74,1654.31
,,,重庆水务(601158.SH),2200,13310.00,6.05,-1398.35
,,,皖新传媒(601801.SH),4600,23690.00,5.15,-331.14
,,,中衡设计(603017.SH),1100,10890.00,9.9,-1029.78
,,,永吉股份(603058.SH),1100,9735.00,8.85,1286.60
,,,广电电气(601616.SH),4300,14104.00,3.28,-2402.94
2022-03-28,156342.68,62283.68,,,,,
,,,华荣股份(603855.SH),400,7996.00,19.99,-2105.15
,,,广电电气(601616.SH),4300,14319.00,3.33,-2187.94
,,,永吉股份(603058.SH),1100,10065.00,9.15,1616.60
,,,勘设股份(603458.SH),1000,13500.00,13.5,2414.31
,,,重庆水务(601158.SH),2200,13068.00,5.94,-1640.35
,,,中衡设计(603017.SH),1100,11099.00,10.09,-820.78
,,,皖新传媒(601801.SH),4600,24012.00,5.22,-9.14
2022-03-25,154967.68,62283.68,,,,,
,,,中衡设计(603017.SH),1100,11000.00,10,-919.78
,,,皖新传媒(601801.SH),4600,23690.00,5.15,-331.14
,,,华荣股份(603855.SH),400,8020.00,20.05,-2081.15
,,,勘设股份(603458.SH),1000,13500.00,13.5,2414.31
,,,永吉股份(603058.SH),1100,9152.00,8.32,703.60
,,,重庆水务(601158.SH),2200,13046.00,5.93,-1662.35
,,,广电电气(601616.SH),4300,14276.00,3.32,-2230.94
2022-03-24,153861.68,62283.68,,,,,
,,,华荣股份(603855.SH),400,8096.00,20.24,-2005.15
,,,中衡设计(603017.SH),1100,10791.00,9.81,-1128.78
,,,勘设股份(603458.SH),1000,13500.00,13.5,2414.31
,,,皖新传媒(601801.SH),4600,23552.00,5.12,-469.14
,,,重庆水务(601158.SH),2200,13090.00,5.95,-1618.35
,,,广电电气(601616.SH),4300,14233.00,3.31,-2273.94
,,,永吉股份(603058.SH),1100,8316.00,7.56,-132.40
2022-03-23,155007.68,62283.68,,,,,
,,,广电电气(601616.SH),4300,14448.00,3.36,-2058.94
,,,华荣股份(603855.SH),400,8344.00,20.86,-1757.15
,,,中衡设计(603017.SH),1100,11110.00,10.1,-809.78
,,,勘设股份(603458.SH),1000,13750.00,13.75,2664.31
,,,重庆水务(601158.SH),2200,13156.00,5.98,-1552.35
,,,皖新传媒(601801.SH),4600,23644.00,5.14,-377.14
,,,永吉股份(603058.SH),1100,8272.00,7.52,-176.40
2022-03-22,155587.68,62283.68,,,,,
,,,中衡设计(603017.SH),1100,11418.00,10.38,-501.78
,,,勘设股份(603458.SH),1000,13710.00,13.71,2624.31
,,,重庆水务(601158.SH),2200,13288.00,6.04,-1420.35
,,,皖新传媒(601801.SH),4600,23828.00,5.18,-193.14
,,,广电电气(601616.SH),4300,14448.00,3.36,-2058.94
,,,永吉股份(603058.SH),1100,8272.00,7.52,-176.40
,,,华荣股份(603855.SH),400,8340.00,20.85,-1761.15
2022-03-21,154806.68,62283.68,,,,,
,,,广电电气(601616.SH),4300,14405.00,3.35,-2101.94
,,,华荣股份(603855.SH),400,8496.00,21.24,-1605.15
,,,皖新传媒(601801.SH),4600,22770.00,4.95,-1251.14
,,,勘设股份(603458.SH),1000,13830.00,13.83,2744.31
,,,中衡设计(603017.SH),1100,11220.00,10.2,-699.78
,,,永吉股份(603058.SH),1100,8316.00,7.56,-132.40
,,,重庆水务(601158.SH),2200,13486.00,6.13,-1222.35
2022-03-18,153855.68,62283.68,,,,,
,,,勘设股份(603458.SH),1000,13370.00,13.37,2284.31
,,,永吉股份(603058.SH),1100,8173.00,7.43,-275.40
,,,皖新传媒(601801.SH),4600,23184.00,5.04,-837.14
,,,重庆水务(601158.SH),2200,13134.00,5.97,-1574.35
,,,华荣股份(603855.SH),400,8492.00,21.23,-1609.15
,,,广电电气(601616.SH),4300,14362.00,3.34,-2144.94
,,,中衡设计(603017.SH),1100,10857.00,9.87,-1062.78
2022-03-17,151155.68,62283.68,,,,,
,,,中衡设计(603017.SH),1100,9867.00,8.97,-2052.78
,,,广电电气(601616.SH),4300,14147.00,3.29,-2359.94
,,,皖新传媒(601801.SH),4600,22402.00,4.87,-1619.14
,,,永吉股份(603058.SH),1100,8074.00,7.34,-374.40
,,,华荣股份(603855.SH),400,8348.00,20.87,-1753.15
,,,重庆水务(601158.SH),2200,13134.00,5.97,-1574.35
,,,勘设股份(603458.SH),1000,12900.00,12.9,1814.31
2022-03-16,150204.68,62283.68,,,,,
,,,重庆水务(601158.SH),2200,12848.00,5.84,-1860.35
,,,华荣股份(603855.SH),400,8352.00,20.88,-1749.15
,,,广电电气(601616.SH),4300,14104.00,3.28,-2402.94
,,,皖新传媒(601801.SH),4600,21988.00,4.78,-2033.14
,,,永吉股份(603058.SH),1100,8063.00,7.33,-385.40
,,,勘设股份(603458.SH),1000,12820.00,12.82,1734.31
,,,中衡设计(603017.SH),1100,9746.00,8.86,-2173.78
2022-03-15,148142.68,62283.68,,,,,
,,,皖新传媒(601801.SH),4600,21712.00,4.72,-2309.14
,,,华荣股份(603855.SH),400,8144.00,20.36,-1957.15
,,,永吉股份(603058.SH),1100,7733.00,7.03,-715.40
,,,广电电气(601616.SH),4300,13760.00,3.2,-2746.94
,,,中衡设计(603017.SH),1100,9460.00,8.6,-2459.78
,,,勘设股份(603458.SH),1000,12400.00,12.4,1314.31
,,,重庆水务(601158.SH),2200,12650.00,5.75,-2058.35
2022-03-14,154396.68,62283.68,,,,,
,,,永吉股份(603058.SH),1100,8239.00,7.49,-209.40
,,,勘设股份(603458.SH),1000,13090.00,13.09,2004.31
,,,广电电气(601616.SH),4300,14577.00,3.39,-1929.94
,,,华荣股份(603855.SH),400,8920.00,22.3,-1181.15
,,,皖新传媒(601801.SH),4600,23736.00,5.16,-285.14
,,,重庆水务(601158.SH),2200,13640.00,6.2,-1068.35
,,,中衡设计(603017.SH),1100,9911.00,9.01,-2008.78
2022-03-11,157019.68,62283.68,,,,,
,,,永吉股份(603058.SH),1100,8569.00,7.79,120.60
,,,广电电气(601616.SH),4300,14835.00,3.45,-1671.94
,,,中衡设计(603017.SH),1100,10164.00,9.24,-1755.78
,,,勘设股份(603458.SH),1000,13580.00,13.58,2494.31
,,,重庆水务(601158.SH),2200,13882.00,6.31,-826.35
,,,华荣股份(603855.SH),400,9280.00,23.2,-821.15
,,,皖新传媒(601801.SH),4600,24426.00,5.31,404.86
2022-03-10,156670.68,62283.68,,,,,
,,,重庆水务(601158.SH),2200,13178.00,5.99,-1530.35
,,,广电电气(601616.SH),4300,14792.00,3.44,-1714.94
,,,华荣股份(603855.SH),400,9416.00,23.54,-685.15
,,,皖新传媒(601801.SH),4600,24104.00,5.24,82.86
,,,永吉股份(603058.SH),1100,8558.00,7.78,109.60
,,,中衡设计(603017.SH),1100,10439.00,9.49,-1480.78
,,,勘设股份(603458.SH),1000,13900.00,13.9,2814.31
2022-03-09,154817.68,62283.68,,,,,
,,,广电电气(601616.SH),4300,14491.00,3.37,-2015.94
,,,皖新传媒(601801.SH),4600,23506.00,5.11,-515.14
,,,重庆水务(601158.SH),2200,13024.00,5.92,-1684.35
,,,永吉股份(603058.SH),1100,8393.00,7.63,-55.40
,,,勘设股份(603458.SH),1000,13630.00,13.63,2544.31
,,,华荣股份(603855.SH),400,9348.00,23.37,-753.15
,,,中衡设计(603017.SH),1100,10142.00,9.22,-1777.78
2022-03-08,155076.68,62283.68,,,,,
,,,皖新传媒(601801.SH),4600,23092.00,5.02,-929.14
,,,广电电气(601616.SH),4300,14620.00,3.4,-1886.94
,,,中衡设计(603017.SH),1100,10131.00,9.21,-1788.78
,,,勘设股份(603458.SH),1000,13700.00,13.7,2614.31
,,,华荣股份(603855.SH),400,9536.00,23.84,-565.15
,,,重庆水务(601158.SH),2200,13178.00,5.99,-1530.35
,,,永吉股份(603058.SH),1100,8536.00,7.76,87.60
2022-03-07,157499.68,62283.68,,,,,
,,,皖新传媒(601801.SH),4600,23414.00,5.09,-607.14
,,,勘设股份(603458.SH),1000,14060.00,14.06,2974.31
,,,中衡设计(603017.SH),1100,10615.00,9.65,-1304.78
,,,广电电气(601616.SH),4300,14964.00,3.48,-1542.94
,,,永吉股份(603058.SH),1100,8833.00,8.03,384.60
,,,华荣股份(603855.SH),400,9712.00,24.28,-389.15
,,,重庆水务(601158.SH),2200,13618.00,6.19,-1090.35
2022-03-04,158108.68,62283.68,,,,,
,,,华荣股份(603855.SH),400,10108.00,25.27,6.85
,,,中衡设计(603017.SH),1100,10791.00,9.81,-1128.78
,,,皖新传媒(601801.SH),4600,23046.00,5.01,-975.14
,,,重庆水务(601158.SH),2200,13684.00,6.22,-1024.35
,,,永吉股份(603058.SH),1100,8910.00,8.1,461.60
,,,勘设股份(603458.SH),1000,14150.00,14.15,3064.31
,,,广电电气(601616.SH),4300,15136.00,3.52,-1370.94
2022-03-03,159538.68,62283.68,,,,,
,,,华荣股份(603855.SH),400,10200.00,25.5,98.85
,,,皖新传媒(601801.SH),4600,23368.00,5.08,-653.14
,,,中衡设计(603017.SH),1100,10835.00,9.85,-1084.78
,,,广电电气(601616.SH),4300,15437.00,3.59,-1069.94
,,,永吉股份(603058.SH),1100,8965.00,8.15,516.60
,,,勘设股份(603458.SH),1000,14700.00,14.7,3614.31
,,,重庆水务(601158.SH),2200,13750.00,6.25,-958.35
2022-03-02,159325.68,62283.68,,,,,
,,,广电电气(601616.SH),4300,15351.00,3.57,-1155.94
,,,华荣股份(603855.SH),400,10140.00,25.35,38.85
,,,中衡设计(603017.SH),1100,11132.00,10.12,-787.78
,,,皖新传媒(601801.SH),4600,23046.00,5.01,-975.14
,,,重庆水务(601158.SH),2200,13530.00,6.15,-1178.35
,,,勘设股份(603458.SH),1000,14900.00,14.9,3814.31
,,,永吉股份(603058.SH),1100,8943.00,8.13,494.60
2022-03-01,159162.68,62283.68,,,,,
,,,勘设股份(603458.SH),1000,15010.00,15.01,3924.31
,,,广电电气(601616.SH),4300,15222.00,3.54,-1284.94
,,,永吉股份(603058.SH),1100,8932.00,8.12,483.60
,,,中衡设计(603017.SH),1100,11187.00,10.17,-732.78
,,,华荣股份(603855.SH),400,10132.00,25.33,30.85
,,,重庆水务(601158.SH),2200,13442.00,6.11,-1266.35
,,,皖新传媒(601801.SH),4600,22954.00,4.99,-1067.14
2022-02-28,157880.68,62283.68,,,,,
,,,广电电气(601616.SH),4300,14749.00,3.43,-1757.94
,,,皖新传媒(601801.SH),4600,22724.00,4.94,-1297.14
,,,中衡设计(603017.SH),1100,10714.00,9.74,-1205.78
,,,重庆水务(601158.SH),2200,13442.00,6.11,-1266.35
,,,华荣股份(603855.SH),400,10164.00,25.41,62.85
,,,勘设股份(603458.SH),1000,14850.00,14.85,3764.31
,,,永吉股份(603058.SH),1100,8954.00,8.14,505.60
2022-02-25,159021.68,62283.68,,,,,
,,,广电电气(601616.SH),4300,14921.00,3.47,-1585.94
,,,永吉股份(603058.SH),1100,8701.00,7.91,252.60
,,,重庆水务(601158.SH),2200,13222.00,6.01,-1486.35
,,,中衡设计(603017.SH),1100,11902.00,10.82,-17.78
,,,皖新传媒(601801.SH),4600,22954.00,4.99,-1067.14
,,,华荣股份(603855.SH),400,10048.00,25.12,-53.15
,,,勘设股份(603458.SH),1000,14990.00,14.99,3904.31
2022-02-24,157230.68,62283.68,,,,,
,,,重庆水务(601158.SH),2200,13090.00,5.95,-1618.35
,,,华荣股份(603855.SH),400,9852.00,24.63,-249.15
,,,皖新传媒(601801.SH),4600,22908.00,4.98,-1113.14
,,,勘设股份(603458.SH),1000,14700.00,14.7,3614.31
,,,永吉股份(603058.SH),1100,8525.00,7.75,76.60
,,,中衡设计(603017.SH),1100,11209.00,10.19,-710.78
,,,广电电气(601616.SH),4300,14663.00,3.41,-1843.94
2022-02-23,159568.68,62283.68,,,,,
,,,勘设股份(603458.SH),1000,15480.00,15.48,4394.31
,,,皖新传媒(601801.SH),4600,23782.00,5.17,-239.14
,,,华荣股份(603855.SH),400,10080.00,25.2,-21.15
,,,永吉股份(603058.SH),1100,8844.00,8.04,395.60
,,,广电电气(601616.SH),4300,14921.00,3.47,-1585.94
,,,重庆水务(601158.SH),2200,13442.00,6.11,-1266.35
,,,中衡设计(603017.SH),1100,10736.00,9.76,-1183.78
2022-02-22,159380.68,62283.68,,,,,
,,,皖新传媒(601801.SH),4600,23736.00,5.16,-285.14
,,,永吉股份(603058.SH),1100,8756.00,7.96,307.60
,,,勘设股份(603458.SH),1000,15520.00,15.52,4434.31
,,,华荣股份(603855.SH),400,9752.00,24.38,-349.15
,,,重庆水务(601158.SH),2200,13508.00,6.14,-1200.35
,,,中衡设计(603017.SH),1100,11033.00,10.03,-886.78
,,,广电电气(601616.SH),4300,14792.00,3.44,-1714.94
2022-02-21,161477.68,62283.68,,,,,
,,,中衡设计(603017.SH),1100,11385.00,10.35,-534.78
,,,勘设股份(603458.SH),1000,16000.00,16,4914.31
,,,皖新传媒(601801.SH),4600,24058.00,5.23,36.86
,,,永吉股份(603058.SH),1100,9152.00,8.32,703.60
,,,广电电气(601616.SH),4300,15007.00,3.49,-1499.94
,,,华荣股份(603855.SH),400,9952.00,24.88,-149.15
,,,重庆水务(601158.SH),2200,13640.00,6.2,-1068.35
2022-02-18,159471.68,62283.68,,,,,
,,,皖新传媒(601801.SH),4600,23736.00,5.16,-285.14
,,,广电电气(601616.SH),4300,14749.00,3.43,-1757.94
,,,永吉股份(603058.SH),1100,9064.00,8.24,615.60
,,,重庆水务(601158.SH),2200,13684.00,6.22,-1024.35
,,,华荣股份(603855.SH),400,9780.00,24.45,-321.15
,,,中衡设计(603017.SH),1100,10835.00,9.85,-1084.78
,,,勘设股份(603458.SH),1000,15340.00,15.34,4254.31
2022-02-17,158212.68,62283.68,,,,,
,,,中衡设计(603017.SH),1100,10472.00,9.52,-1447.78
,,,永吉股份(603058.SH),1100,9174.00,8.34,725.60
,,,华荣股份(603855.SH),400,9600.00,24,-501.15
,,,广电电气(601616.SH),4300,14577.00,3.39,-1929.94
,,,皖新传媒(601801.SH),4600,23322.00,5.07,-699.14
,,,勘设股份(603458.SH),1000,15210.00,15.21,4124.31
,,,重庆水务(601158.SH),2200,13574.00,6.17,-1134.35
2022-02-16,159822.68,62283.68,,,,,
,,,永吉股份(603058.SH),1100,9207.00,8.37,758.60
,,,勘设股份(603458.SH),1000,15920.00,15.92,4834.31
,,,广电电气(601616.SH),4300,14835.00,3.45,-1671.94
,,,重庆水务(601158.SH),2200,13596.00,6.18,-1112.35
,,,中衡设计(603017.SH),1100,10395.00,9.45,-1524.78
,,,皖新传媒(601801.SH),4600,23782.00,5.17,-239.14
,,,华荣股份(603855.SH),400,9804.00,24.51,-297.15
2022-02-15,157702.68,62283.68,,,,,
,,,华荣股份(603855.SH),400,9456.00,23.64,-645.15
,,,中衡设计(603017.SH),1100,10043.00,9.13,-1876.78
,,,永吉股份(603058.SH),1100,9086.00,8.26,637.60
,,,皖新传媒(601801.SH),4600,23322.00,5.07,-699.14
,,,广电电气(601616.SH),4300,14534.00,3.38,-1972.94
,,,勘设股份(603458.SH),1000,15580.00,15.58,4494.31
,,,重庆水务(601158.SH),2200,13398.00,6.09,-1310.35
2022-02-14,157642.68,62283.68,,,,,
,,,重庆水务(601158.SH),2200,13508.00,6.14,-1200.35
,,,皖新传媒(601801.SH),4600,23368.00,5.08,-653.14
,,,中衡设计(603017.SH),1100,10010.00,9.1,-1909.78
,,,华荣股份(603855.SH),400,9392.00,23.48,-709.15
,,,广电电气(601616.SH),4300,14620.00,3.4,-1886.94
,,,勘设股份(603458.SH),1000,15430.00,15.43,4344.31
,,,永吉股份(603058.SH),1100,9031.00,8.21,582.60
2022-02-11,158363.68,62283.68,,,,,
,,,永吉股份(603058.SH),1100,9064.00,8.24,615.60
,,,勘设股份(603458.SH),1000,15380.00,15.38,4294.31
,,,中衡设计(603017.SH),1100,9988.00,9.08,-1931.78
,,,华荣股份(603855.SH),400,10000.00,25,-101.15
,,,皖新传媒(601801.SH),4600,23322.00,5.07,-699.14
,,,重庆水务(601158.SH),2200,13706.00,6.23,-1002.35
,,,广电电气(601616.SH),4300,14620.00,3.4,-1886.94
2022-02-10,160562.68,62283.68,,,,,
,,,皖新传媒(601801.SH),4600,23736.00,5.16,-285.14
,,,勘设股份(603458.SH),1000,15750.00,15.75,4664.31
,,,华荣股份(603855.SH),400,10476.00,26.19,374.85
,,,永吉股份(603058.SH),1100,9361.00,8.51,912.60
,,,重庆水务(601158.SH),2200,13838.00,6.29,-870.35
,,,广电电气(601616.SH),4300,14921.00,3.47,-1585.94
,,,中衡设计(603017.SH),1100,10197.00,9.27,-1722.78
2022-02-09,160073.68,62283.68,,,,,
,,,中衡设计(603017.SH),1100,10065.00,9.15,-1854.78
,,,勘设股份(603458.SH),1000,15400.00,15.4,4314.31
,,,永吉股份(603058.SH),1100,9383.00,8.53,934.60
,,,华荣股份(603855.SH),400,10608.00,26.52,506.85
,,,皖新传媒(601801.SH),4600,23644.00,5.14,-377.14
,,,广电电气(601616.SH),4300,15050.00,3.5,-1456.94
,,,重庆水务(601158.SH),2200,13640.00,6.2,-1068.35
2022-02-08,157574.68,62283.68,,,,,
,,,中衡设计(603017.SH),1100,10109.00,9.19,-1810.78
,,,广电电气(601616.SH),4300,14964.00,3.48,-1542.94
,,,皖新传媒(601801.SH),4600,22908.00,4.98,-1113.14
,,,华荣股份(603855.SH),400,10240.00,25.6,138.85
,,,重庆水务(601158.SH),2200,13530.00,6.15,-1178.35
,,,勘设股份(603458.SH),1000,14520.00,14.52,3434.31
,,,永吉股份(603058.SH),1100,9020.00,8.2,571.60
2022-02-07,155725.68,62283.68,,,,,
,,,永吉股份(603058.SH),1100,8855.00,8.05,406.60
,,,勘设股份(603458.SH),1000,14080.00,14.08,2994.31
,,,中衡设计(603017.SH),1100,9724.00,8.84,-2195.78
,,,广电电气(601616.SH),4300,14663.00,3.41,-1843.94
,,,华荣股份(603855.SH),400,10448.00,26.12,346.85
,,,重庆水务(601158.SH),2200,13178.00,5.99,-1530.35
,,,皖新传媒(601801.SH),4600,22494.00,4.89,-1527.14
2022-01-28,154126.68,62283.68,,,,,
,,,华荣股份(603855.SH),400,10612.00,26.53,510.85
,,,永吉股份(603058.SH),1100,8987.00,8.17,538.60
,,,广电电气(601616.SH),4300,14534.00,3.38,-1972.94
,,,重庆水务(601158.SH),2200,12958.00,5.89,-1750.35
,,,皖新传媒(601801.SH),4600,21942.00,4.77,-2079.14
,,,中衡设计(603017.SH),1100,10010.00,9.1,-1909.78
,,,勘设股份(603458.SH),1000,12800.00,12.8,1714.31
2022-01-27,152583.68,62283.68,,,,,
,,,重庆水务(601158.SH),2200,12870.00,5.85,-1838.35
,,,华荣股份(603855.SH),400,10248.00,25.62,146.85
,,,勘设股份(603458.SH),1000,12930.00,12.93,1844.31
,,,中衡设计(603017.SH),1100,9933.00,9.03,-1986.78
,,,广电电气(601616.SH),4300,14018.00,3.26,-2488.94
,,,皖新传媒(601801.SH),4600,21666.00,4.71,-2355.14
,,,永吉股份(603058.SH),1100,8635.00,7.85,186.60
2022-01-26,154483.68,62283.68,,,,,
,,,中衡设计(603017.SH),1100,10175.00,9.25,-1744.78
,,,华荣股份(603855.SH),400,10460.00,26.15,358.85
,,,勘设股份(603458.SH),1000,13480.00,13.48,2394.31
,,,永吉股份(603058.SH),1100,8800.00,8,351.60
,,,皖新传媒(601801.SH),4600,21988.00,4.78,-2033.14
,,,重庆水务(601158.SH),2200,12892.00,5.86,-1816.35
,,,广电电气(601616.SH),4300,14405.00,3.35,-2101.94
2022-01-25,153300.68,62283.68,,,,,
,,,皖新传媒(601801.SH),4600,21988.00,4.78,-2033.14
,,,重庆水务(601158.SH),2200,12980.00,5.9,-1728.35
,,,广电电气(601616.SH),4300,14104.00,3.28,-2402.94
,,,中衡设计(603017.SH),1100,9955.00,9.05,-1964.78
,,,永吉股份(603058.SH),1100,8866.00,8.06,417.60
,,,华荣股份(603855.SH),400,10524.00,26.31,422.85
,,,勘设股份(603458.SH),1000,12600.00,12.6,1514.31
2022-01-24,157467.68,62283.68,,,,,
,,,重庆水务(601158.SH),2200,13288.00,6.04,-1420.35
,,,中衡设计(603017.SH),1100,10472.00,9.52,-1447.78
,,,勘设股份(603458.SH),1000,13600.00,13.6,2514.31
,,,广电电气(601616.SH),4300,14749.00,3.43,-1757.94
,,,华荣股份(603855.SH),400,10920.00,27.3,818.85
,,,皖新传媒(601801.SH),4600,22816.00,4.96,-1205.14
,,,永吉股份(603058.SH),1100,9339.00,8.49,890.60
2022-01-21,158611.68,62283.68,,,,,
,,,华荣股份(603855.SH),400,10688.00,26.72,586.85
,,,中衡设计(603017.SH),1100,10527.00,9.57,-1392.78
,,,重庆水务(601158.SH),2200,13508.00,6.14,-1200.35
,,,广电电气(601616.SH),4300,15050.00,3.5,-1456.94
,,,勘设股份(603458.SH),1000,13580.00,13.58,2494.31
,,,永吉股份(603058.SH),1100,9515.00,8.65,1066.60
,,,皖新传媒(601801.SH),4600,23460.00,5.1,-561.14
2022-01-20,160144.68,62283.68,,,,,
,,,勘设股份(603458.SH),1000,14020.00,14.02,2934.31
,,,广电电气(601616.SH),4300,15179.00,3.53,-1327.94
,,,皖新传媒(601801.SH),4600,23736.00,5.16,-285.14
,,,重庆水务(601158.SH),2200,13662.00,6.21,-1046.35
,,,中衡设计(603017.SH),1100,11209.00,10.19,-710.78
,,,永吉股份(603058.SH),1100,9515.00,8.65,1066.60
,,,华荣股份(603855.SH),400,10540.00,26.35,438.85
2022-01-19,163223.68,62283.68,,,,,
,,,广电电气(601616.SH),4300,15695.00,3.65,-811.94
,,,华荣股份(603855.SH),400,10400.00,26,298.85
,,,永吉股份(603058.SH),1100,9845.00,8.95,1396.60
,,,重庆水务(601158.SH),2200,13750.00,6.25,-958.35
,,,勘设股份(603458.SH),1000,14510.00,14.51,3424.31
,,,中衡设计(603017.SH),1100,12452.00,11.32,532.22
,,,皖新传媒(601801.SH),4600,24288.00,5.28,266.86
2022-01-18,161647.68,62283.68,,,,,
,,,中衡设计(603017.SH),1100,11616.00,10.56,-303.78
,,,皖新传媒(601801.SH),4600,23782.00,5.17,-239.14
,,,广电电气(601616.SH),4300,15738.00,3.66,-768.94
,,,永吉股份(603058.SH),1100,10230.00,9.3,1781.60
,,,勘设股份(603458.SH),1000,13470.00,13.47,2384.31
,,,重庆水务(601158.SH),2200,13772.00,6.26,-936.35
,,,华荣股份(603855.SH),400,10756.00,26.89,654.85
2022-01-17,162189.68,62283.68,,,,,
,,,皖新传媒(601801.SH),4600,24058.00,5.23,36.86
,,,勘设股份(603458.SH),1000,13410.00,13.41,2324.31
,,,华荣股份(603855.SH),400,10680.00,26.7,578.85
,,,中衡设计(603017.SH),1100,11704.00,10.64,-215.78
,,,广电电气(601616.SH),4300,15953.00,3.71,-553.94
,,,重庆水务(601158.SH),2200,13860.00,6.3,-848.35
,,,永吉股份(603058.SH),1100,10241.00,9.31,1792.60
2022-01-14,161143.68,62283.68,,,,,
,,,华荣股份(603855.SH),400,10716.00,26.79,614.85
,,,重庆水务(601158.SH),2200,13816.00,6.28,-892.35
,,,皖新传媒(601801.SH),4600,23414.00,5.09,-607.14
,,,广电电气(601616.SH),4300,15609.00,3.63,-897.94
,,,勘设股份(603458.SH),1000,13360.00,13.36,2274.31
,,,永吉股份(603058.SH),1100,10769.00,9.79,2320.60
,,,中衡设计(603017.SH),1100,11176.00,10.16,-743.78
2022-01-13,163821.68,62283.68,,,,,
,,,广电电气(601616.SH),4300,16254.00,3.78,-252.94
,,,皖新传媒(601801.SH),4600,24058.00,5.23,36.86
,,,永吉股份(603058.SH),1100,10780.00,9.8,2331.60
,,,重庆水务(601158.SH),2200,14366.00,6.53,-342.35
,,,勘设股份(603458.SH),1000,13780.00,13.78,2694.31
,,,华荣股份(603855.SH),400,10860.00,27.15,758.85
,,,中衡设计(603017.SH),1100,11440.00,10.4,-479.78
2022-01-12,163690.68,62283.68,,,,,
,,,广电电气(601616.SH),4300,16340.00,3.8,-166.94
,,,永吉股份(603058.SH),1100,10076.00,9.16,1627.60
,,,皖新传媒(601801.SH),4600,24104.00,5.24,82.86
,,,重庆水务(601158.SH),2200,14476.00,6.58,-232.35
,,,中衡设计(603017.SH),1100,11451.00,10.41,-468.78
,,,勘设股份(603458.SH),1000,13780.00,13.78,2694.31
,,,华荣股份(603855.SH),400,11180.00,27.95,1078.85
2022-01-11,162965.68,62283.68,,,,,
,,,中衡设计(603017.SH),1100,11473.00,10.43,-446.78
,,,勘设股份(603458.SH),1000,13820.00,13.82,2734.31
,,,重庆水务(601158.SH),2200,14498.00,6.59,-210.35
,,,华荣股份(603855.SH),400,11064.00,27.66,962.85
,,,皖新传媒(601801.SH),4600,24012.00,5.22,-9.14
,,,广电电气(601616.SH),4300,16168.00,3.76,-338.94
,,,永吉股份(603058.SH),1100,9647.00,8.77,1198.60
2022-01-10,162273.68,62283.68,,,,,
,,,中衡设计(603017.SH),1100,11726.00,10.66,-193.78
,,,华荣股份(603855.SH),400,10632.00,26.58,530.85
,,,广电电气(601616.SH),4300,15695.00,3.65,-811.94
,,,永吉股份(603058.SH),1100,9647.00,8.77,1198.60
,,,皖新传媒(601801.SH),4600,24150.00,5.25,128.86
,,,勘设股份(603458.SH),1000,13950.00,13.95,2864.31
,,,重庆水务(601158.SH),2200,14190.00,6.45,-518.35
2022-01-07,161929.68,62283.68,,,,,
,,,永吉股份(603058.SH),1100,9438.00,8.58,989.60
,,,勘设股份(603458.SH),1000,13830.00,13.83,2744.31
,,,中衡设计(603017.SH),1100,11550.00,10.5,-369.78
,,,华荣股份(603855.SH),400,10640.00,26.6,538.85
,,,重庆水务(601158.SH),2200,14168.00,6.44,-540.35
,,,皖新传媒(601801.SH),4600,24196.00,5.26,174.86
,,,广电电气(601616.SH),4300,15824.00,3.68,-682.94
2022-01-06,163561.68,62283.68,,,,,
,,,永吉股份(603058.SH),1100,9900.00,9,1451.60
,,,广电电气(601616.SH),4300,16254.00,3.78,-252.94
,,,重庆水务(601158.SH),2200,14300.00,6.5,-408.35
,,,皖新传媒(601801.SH),4600,24380.00,5.3,358.86
,,,中衡设计(603017.SH),1100,11902.00,10.82,-17.78
,,,勘设股份(603458.SH),1000,14230.00,14.23,3144.31
,,,华荣股份(603855.SH),400,10312.00,25.78,210.85
2022-01-05,162812.68,62283.68,,,,,
,,,重庆水务(601158.SH),2200,14542.00,6.61,-166.35
,,,皖新传媒(601801.SH),4600,24288.00,5.28,266.86
,,,永吉股份(603058.SH),1100,10538.00,9.58,2089.60
,,,勘设股份(603458.SH),1000,13500.00,13.5,2414.31
,,,华荣股份(603855.SH),400,9972.00,24.93,-129.15
,,,广电电气(601616.SH),4300,15996.00,3.72,-510.94
,,,中衡设计(603017.SH),1100,11693.00,10.63,-226.78
2022-01-04,165374.68,62283.68,,,,,
,,,广电电气(601616.SH),4300,16426.00,3.82,-80.94
,,,皖新传媒(601801.SH),4600,24472.00,5.32,450.86
,,,中衡设计(603017.SH),1100,11979.00,10.89,59.22
,,,勘设股份(603458.SH),1000,13650.00,13.65,2564.31
,,,重庆水务(601158.SH),2200,14828.00,6.74,119.65
,,,华荣股份(603855.SH),400,10032.00,25.08,-69.15
,,,永吉股份(603058.SH),1100,11704.00,10.64,3255.60
2021-12-31,162918.39,34239.39,,,,,
,,,元祖股份(603886.SH),900,21195.00,23.55,4037.62
,,,荣晟环保(603165.SH),800,15416.00,19.27,4589.40
,,,广电电气(601616.SH),4300,16254.00,3.78,-252.94
,,,勘设股份(603458.SH),1400,18550.00,13.25,3030.03
,,,永吉股份(603058.SH),1100,10637.00,9.67,2188.60
,,,重庆水务(601158.SH),2200,14102.00,6.41,-606.35
,,,四方科技(603339.SH),800,11000.00,13.75,2546.14
,,,山东出版(601019.SH),3500,21525.00,6.15,-14.44
2021-12-30,159664.39,34239.39,,,,,
,,,元祖股份(603886.SH),900,20322.00,22.58,3164.62
,,,四方科技(603339.SH),800,11184.00,13.98,2730.14
,,,永吉股份(603058.SH),1100,10285.00,9.35,1836.60
,,,重庆水务(601158.SH),2200,13970.00,6.35,-738.35
,,,荣晟环保(603165.SH),800,15104.00,18.88,4277.40
,,,山东出版(601019.SH),3500,21175.00,6.05,-364.44
,,,勘设股份(603458.SH),1400,17346.00,12.39,1826.03
,,,广电电气(601616.SH),4300,16039.00,3.73,-467.94
2021-12-29,158752.39,34239.39,,,,,
,,,山东出版(601019.SH),3500,20860.00,5.96,-679.44
,,,四方科技(603339.SH),800,11344.00,14.18,2890.14
,,,元祖股份(603886.SH),900,20151.00,22.39,2993.62
,,,重庆水务(601158.SH),2200,14102.00,6.41,-606.35
,,,勘设股份(603458.SH),1400,17262.00,12.33,1742.03
,,,广电电气(601616.SH),4300,15996.00,3.72,-510.94
,,,永吉股份(603058.SH),1100,9350.00,8.5,901.60
,,,荣晟环保(603165.SH),800,15448.00,19.31,4621.40
2021-12-28,159307.39,34239.39,,,,,
,,,四方科技(603339.SH),800,11336.00,14.17,2882.14
,,,勘设股份(603458.SH),1400,17290.00,12.35,1770.03
,,,元祖股份(603886.SH),900,20709.00,23.01,3551.62
,,,广电电气(601616.SH),4300,16039.00,3.73,-467.94
,,,荣晟环保(603165.SH),800,15368.00,19.21,4541.40
,,,永吉股份(603058.SH),1100,9339.00,8.49,890.60
,,,重庆水务(601158.SH),2200,13882.00,6.31,-826.35
,,,山东出版(601019.SH),3500,21105.00,6.03,-434.44
2021-12-27,160603.39,34239.39,,,,,
,,,四方科技(603339.SH),800,10880.00,13.6,2426.14
,,,山东出版(601019.SH),3500,20965.00,5.99,-574.44
,,,重庆水务(601158.SH),2200,14432.00,6.56,-276.35
,,,勘设股份(603458.SH),1400,17416.00,12.44,1896.03
,,,荣晟环保(603165.SH),800,14752.00,18.44,3925.40
,,,永吉股份(603058.SH),1100,9185.00,8.35,736.60
,,,广电电气(601616.SH),4300,16297.00,3.79,-209.94
,,,元祖股份(603886.SH),900,22437.00,24.93,5279.62
2021-12-24,158173.39,34239.39,,,,,
,,,山东出版(601019.SH),3500,21105.00,6.03,-434.44
,,,重庆水务(601158.SH),2200,14256.00,6.48,-452.35
,,,四方科技(603339.SH),800,10744.00,13.43,2290.14
,,,荣晟环保(603165.SH),800,15072.00,18.84,4245.40
,,,勘设股份(603458.SH),1400,17066.00,12.19,1546.03
,,,元祖股份(603886.SH),900,20430.00,22.7,3272.62
,,,永吉股份(603058.SH),1100,8921.00,8.11,472.60
,,,广电电气(601616.SH),4300,16340.00,3.8,-166.94
2021-12-23,158991.39,34239.39,,,,,
,,,永吉股份(603058.SH),1100,8943.00,8.13,494.60
,,,勘设股份(603458.SH),1400,17808.00,12.72,2288.03
,,,元祖股份(603886.SH),900,20061.00,22.29,2903.62
,,,四方科技(603339.SH),800,10536.00,13.17,2082.14
,,,重庆水务(601158.SH),2200,14542.00,6.61,-166.35
,,,山东出版(601019.SH),3500,21210.00,6.06,-329.44
,,,广电电气(601616.SH),4300,16684.00,3.88,177.06
,,,荣晟环保(603165.SH),800,14968.00,18.71,4141.40
2021-12-22,160489.39,34239.39,,,,,
,,,荣晟环保(603165.SH),800,15288.00,19.11,4461.40
,,,山东出版(601019.SH),3500,21420.00,6.12,-119.44
,,,元祖股份(603886.SH),900,20754.00,23.06,3596.62
,,,广电电气(601616.SH),4300,16684.00,3.88,177.06
,,,永吉股份(603058.SH),1100,9020.00,8.2,571.60
,,,四方科技(603339.SH),800,10688.00,13.36,2234.14
,,,重庆水务(601158.SH),2200,14476.00,6.58,-232.35
,,,勘设股份(603458.SH),1400,17920.00,12.8,2400.03
2021-12-21,161176.39,34239.39,,,,,
,,,广电电气(601616.SH),4300,16727.00,3.89,220.06
,,,勘设股份(603458.SH),1400,18480.00,13.2,2960.03
,,,山东出版(601019.SH),3500,21420.00,6.12,-119.44
,,,重庆水务(601158.SH),2200,14652.00,6.66,-56.35
,,,永吉股份(603058.SH),1100,8866.00,8.06,417.60
,,,四方科技(603339.SH),800,11016.00,13.77,2562.14
,,,元祖股份(603886.SH),900,20448.00,22.72,3290.62
,,,荣晟环保(603165.SH),800,15328.00,19.16,4501.40
2021-12-20,160205.39,34239.39,,,,,
,,,广电电气(601616.SH),4300,16512.00,3.84,5.06
,,,荣晟环保(603165.SH),800,15544.00,19.43,4717.40
,,,元祖股份(603886.SH),900,20304.00,22.56,3146.62
,,,四方科技(603339.SH),800,10912.00,13.64,2458.14
,,,勘设股份(603458.SH),1400,18550.00,13.25,3030.03
,,,永吉股份(603058.SH),1100,8712.00,7.92,263.60
,,,山东出版(601019.SH),3500,21000.00,6,-539.44
,,,重庆水务(601158.SH),2200,14432.00,6.56,-276.35
2021-12-17,159453.39,34239.39,,,,,
,,,勘设股份(603458.SH),1400,17696.00,12.64,2176.03
,,,荣晟环保(603165.SH),800,15720.00,19.65,4893.40
,,,四方科技(603339.SH),800,10600.00,13.25,2146.14
,,,元祖股份(603886.SH),900,20439.00,22.71,3281.62
,,,永吉股份(603058.SH),1100,8635.00,7.85,186.60
,,,山东出版(601019.SH),3500,21070.00,6.02,-469.44
,,,重庆水务(601158.SH),2200,14542.00,6.61,-166.35
,,,广电电气(601616.SH),4300,16512.00,3.84,5.06
2021-12-16,160262.39,34239.39,,,,,
,,,重庆水务(601158.SH),2200,14564.00,6.62,-144.35
,,,永吉股份(603058.SH),1100,8712.00,7.92,263.60
,,,山东出版(601019.SH),3500,21420.00,6.12,-119.44
,,,荣晟环保(603165.SH),800,15992.00,19.99,5165.40
,,,四方科技(603339.SH),800,10848.00,13.56,2394.14
,,,广电电气(601616.SH),4300,16125.00,3.75,-381.94
,,,元祖股份(603886.SH),900,20610.00,22.9,3452.62
,,,勘设股份(603458.SH),1400,17752.00,12.68,2232.03
2021-12-15,159669.39,34239.39,,,,,
,,,重庆水务(601158.SH),2200,14674.00,6.67,-34.35
,,,永吉股份(603058.SH),1100,8734.00,7.94,285.60
,,,广电电气(601616.SH),4300,16039.00,3.73,-467.94
,,,山东出版(601019.SH),3500,20860.00,5.96,-679.44
,,,勘设股份(603458.SH),1400,17374.00,12.41,1854.03
,,,元祖股份(603886.SH),900,20781.00,23.09,3623.62
,,,荣晟环保(603165.SH),800,15992.00,19.99,5165.40
,,,四方科技(603339.SH),800,10976.00,13.72,2522.14
2021-12-14,159331.39,34239.39,,,,,
,,,元祖股份(603886.SH),900,21564.00,23.96,4406.62
,,,山东出版(601019.SH),3500,20860.00,5.96,-679.44
,,,重庆水务(601158.SH),2200,14146.00,6.43,-562.35
,,,荣晟环保(603165.SH),800,16040.00,20.05,5213.40
,,,四方科技(603339.SH),800,11224.00,14.03,2770.14
,,,广电电气(601616.SH),4300,15351.00,3.57,-1155.94
,,,勘设股份(603458.SH),1400,17360.00,12.4,1840.03
,,,永吉股份(603058.SH),1100,8547.00,7.77,98.60
2021-12-13,157977.39,34239.39,,,,,
,,,永吉股份(603058.SH),1100,8404.00,7.64,-44.40
,,,山东出版(601019.SH),3500,20545.00,5.87,-994.44
,,,四方科技(603339.SH),800,10200.00,12.75,1746.14
,,,勘设股份(603458.SH),1400,17164.00,12.26,1644.03
,,,广电电气(601616.SH),4300,14921.00,3.47,-1585.94
,,,重庆水务(601158.SH),2200,13992.00,6.36,-716.35
,,,元祖股份(603886.SH),900,22176.00,24.64,5018.62
,,,荣晟环保(603165.SH),800,16336.00,20.42,5509.40
2021-12-10,156663.39,34239.39,,,,,
,,,四方科技(603339.SH),800,10136.00,12.67,1682.14
,,,山东出版(601019.SH),3500,20335.00,5.81,-1204.44
,,,勘设股份(603458.SH),1400,17024.00,12.16,1504.03
,,,重庆水务(601158.SH),2200,13904.00,6.32,-804.35
,,,荣晟环保(603165.SH),800,15984.00,19.98,5157.40
,,,元祖股份(603886.SH),900,21888.00,24.32,4730.62
,,,广电电气(601616.SH),4300,14749.00,3.43,-1757.94
,,,永吉股份(603058.SH),1100,8404.00,7.64,-44.40
2021-12-09,157277.39,34239.39,,,,,
,,,广电电气(601616.SH),4300,14921.00,3.47,-1585.94
,,,四方科技(603339.SH),800,9888.00,12.36,1434.14
,,,重庆水务(601158.SH),2200,13904.00,6.32,-804.35
,,,荣晟环保(603165.SH),800,15464.00,19.33,4637.40
,,,永吉股份(603058.SH),1100,8514.00,7.74,65.60
,,,元祖股份(603886.SH),900,22995.00,25.55,5837.62
,,,山东出版(601019.SH),3500,20440.00,5.84,-1099.44
,,,勘设股份(603458.SH),1400,16912.00,12.08,1392.03
2021-12-08,158696.39,34239.39,,,,,
,,,山东出版(601019.SH),3500,20475.00,5.85,-1064.44
,,,永吉股份(603058.SH),1100,8470.00,7.7,21.60
,,,勘设股份(603458.SH),1400,17150.00,12.25,1630.03
,,,元祖股份(603886.SH),900,22365.00,24.85,5207.62
,,,重庆水务(601158.SH),2200,13904.00,6.32,-804.35
,,,荣晟环保(603165.SH),800,16880.00,21.1,6053.40
,,,四方科技(603339.SH),800,10120.00,12.65,1666.14
,,,广电电气(601616.SH),4300,15093.00,3.51,-1413.94
2021-12-07,155118.39,34239.39,,,,,
,,,四方科技(603339.SH),800,9200.00,11.5,746.14
,,,山东出版(601019.SH),3500,20195.00,5.77,-1344.44
,,,永吉股份(603058.SH),1100,8481.00,7.71,32.60
,,,广电电气(601616.SH),4300,14835.00,3.45,-1671.94
,,,荣晟环保(603165.SH),800,16456.00,20.57,5629.40
,,,重庆水务(601158.SH),2200,13750.00,6.25,-958.35
,,,勘设股份(603458.SH),1400,17010.00,12.15,1490.03
,,,元祖股份(603886.SH),900,20952.00,23.28,3794.62
2021-12-06,155447.39,34239.39,,,,,
,,,重庆水务(601158.SH),2200,13838.00,6.29,-870.35
,,,广电电气(601616.SH),4300,15093.00,3.51,-1413.94
,,,四方科技(603339.SH),800,9360.00,11.7,906.14
,,,勘设股份(603458.SH),1400,17010.00,12.15,1490.03
,,,荣晟环保(603165.SH),800,16192.00,20.24,5365.40
,,,元祖股份(603886.SH),900,20880.00,23.2,3722.62
,,,山东出版(601019.SH),3500,20090.00,5.74,-1449.44
,,,永吉股份(603058.SH),1100,8745.00,7.95,296.60
2021-12-03,156707.39,34239.39,,,,,
,,,永吉股份(603058.SH),1100,9240.00,8.4,791.60
,,,荣晟环保(603165.SH),800,16184.00,20.23,5357.40
,,,四方科技(603339.SH),800,9752.00,12.19,1298.14
,,,元祖股份(603886.SH),900,20070.00,22.3,2912.62
,,,勘设股份(603458.SH),1400,17472.00,12.48,1952.03
,,,广电电气(601616.SH),4300,15480.00,3.6,-1026.94
,,,山东出版(601019.SH),3500,20300.00,5.8,-1239.44
,,,重庆水务(601158.SH),2200,13970.00,6.35,-738.35
2021-12-02,155575.39,34239.39,,,,,
,,,荣晟环保(603165.SH),800,16048.00,20.06,5221.40
,,,重庆水务(601158.SH),2200,13970.00,6.35,-738.35
,,,山东出版(601019.SH),3500,20090.00,5.74,-1449.44
,,,勘设股份(603458.SH),1400,17290.00,12.35,1770.03
,,,广电电气(601616.SH),4300,15437.00,3.59,-1069.94
,,,永吉股份(603058.SH),1100,9493.00,8.63,1044.60
,,,四方科技(603339.SH),800,9712.00,12.14,1258.14
,,,元祖股份(603886.SH),900,19296.00,21.44,2138.62
2021-12-01,156571.39,34239.39,,,,,
,,,重庆水务(601158.SH),2200,14168.00,6.44,-540.35
,,,山东出版(601019.SH),3500,20160.00,5.76,-1379.44
,,,四方科技(603339.SH),800,9848.00,12.31,1394.14
,,,荣晟环保(603165.SH),800,16112.00,20.14,5285.40
,,,勘设股份(603458.SH),1400,17878.00,12.77,2358.03
,,,广电电气(601616.SH),4300,15695.00,3.65,-811.94
,,,元祖股份(603886.SH),900,19044.00,21.16,1886.62
,,,永吉股份(603058.SH),1100,9427.00,8.57,978.60
2021-11-30,154559.39,34239.39,,,,,
,,,勘设股份(603458.SH),1400,17654.00,12.61,2134.03
,,,荣晟环保(603165.SH),800,15840.00,19.8,5013.40
,,,山东出版(601019.SH),3500,19880.00,5.68,-1659.44
,,,永吉股份(603058.SH),1100,9119.00,8.29,670.60
,,,重庆水务(601158.SH),2200,14036.00,6.38,-672.35
,,,四方科技(603339.SH),800,9752.00,12.19,1298.14
,,,广电电气(601616.SH),4300,15652.00,3.64,-854.94
,,,元祖股份(603886.SH),900,18387.00,20.43,1229.62
2021-11-29,153673.39,34239.39,,,,,
,,,元祖股份(603886.SH),900,18144.00,20.16,986.62
,,,永吉股份(603058.SH),1100,8998.00,8.18,549.60
,,,山东出版(601019.SH),3500,19705.00,5.63,-1834.44
,,,荣晟环保(603165.SH),800,15856.00,19.82,5029.40
,,,勘设股份(603458.SH),1400,17752.00,12.68,2232.03
,,,重庆水务(601158.SH),2200,13816.00,6.28,-892.35
,,,四方科技(603339.SH),800,9640.00,12.05,1186.14
,,,广电电气(601616.SH),4300,15523.00,3.61,-983.94
2021-11-26,152824.39,34239.39,,,,,
,,,广电电气(601616.SH),4300,15437.00,3.59,-1069.94
,,,勘设股份(603458.SH),1400,17892.00,12.78,2372.03
,,,元祖股份(603886.SH),900,17316.00,19.24,158.62
,,,重庆水务(601158.SH),2200,13728.00,6.24,-980.35
,,,四方科技(603339.SH),800,9360.00,11.7,906.14
,,,荣晟环保(603165.SH),800,16088.00,20.11,5261.40
,,,山东出版(601019.SH),3500,19810.00,5.66,-1729.44
,,,永吉股份(603058.SH),1100,8954.00,8.14,505.60
2021-11-25,153272.39,34239.39,,,,,
,,,四方科技(603339.SH),800,9536.00,11.92,1082.14
,,,勘设股份(603458.SH),1400,17822.00,12.73,2302.03
,,,元祖股份(603886.SH),900,17604.00,19.56,446.62
,,,山东出版(601019.SH),3500,20020.00,5.72,-1519.44
,,,永吉股份(603058.SH),1100,8943.00,8.13,494.60
,,,广电电气(601616.SH),4300,15652.00,3.64,-854.94
,,,重庆水务(601158.SH),2200,13552.00,6.16,-1156.35
,,,荣晟环保(603165.SH),800,15904.00,19.88,5077.40
2021-11-24,153310.39,34239.39,,,,,
,,,广电电气(601616.SH),4300,15523.00,3.61,-983.94
,,,荣晟环保(603165.SH),800,15992.00,19.99,5165.40
,,,四方科技(603339.SH),800,9424.00,11.78,970.14
,,,重庆水务(601158.SH),2200,13618.00,6.19,-1090.35
,,,永吉股份(603058.SH),1100,8943.00,8.13,494.60
,,,山东出版(601019.SH),3500,20020.00,5.72,-1519.44
,,,勘设股份(603458.SH),1400,17668.00,12.62,2148.03
,,,元祖股份(603886.SH),900,17883.00,19.87,725.62
2021-11-23,152312.39,34239.39,,,,,
,,,四方科技(603339.SH),800,9480.00,11.85,1026.14
,,,永吉股份(603058.SH),1100,9097.00,8.27,648.60
,,,重庆水务(601158.SH),2200,13662.00,6.21,-1046.35
,,,元祖股份(603886.SH),900,17595.00,19.55,437.62
,,,山东出版(601019.SH),3500,19565.00,5.59,-1974.44
,,,荣晟环保(603165.SH),800,15048.00,18.81,4221.40
,,,勘设股份(603458.SH),1400,18060.00,12.9,2540.03
,,,广电电气(601616.SH),4300,15566.00,3.62,-940.94
2021-11-22,150742.39,34239.39,,,,,
,,,广电电气(601616.SH),4300,15480.00,3.6,-1026.94
,,,荣晟环保(603165.SH),800,13680.00,17.1,2853.40
,,,勘设股份(603458.SH),1400,17780.00,12.7,2260.03
,,,重庆水务(601158.SH),2200,13816.00,6.28,-892.35
,,,四方科技(603339.SH),800,9496.00,11.87,1042.14
,,,元祖股份(603886.SH),900,17775.00,19.75,617.62
,,,永吉股份(603058.SH),1100,8701.00,7.91,252.60
,,,山东出版(601019.SH),3500,19775.00,5.65,-1764.44
2021-11-19,150259.39,34239.39,,,,,
,,,永吉股份(603058.SH),1100,8734.00,7.94,285.60
,,,广电电气(601616.SH),4300,15695.00,3.65,-811.94
,,,重庆水务(601158.SH),2200,13706.00,6.23,-1002.35
,,,勘设股份(603458.SH),1400,17724.00,12.66,2204.03
,,,四方科技(603339.SH),800,9624.00,12.03,1170.14
,,,元祖股份(603886.SH),900,17280.00,19.2,122.62
,,,荣晟环保(603165.SH),800,13272.00,16.59,2445.40
,,,山东出版(601019.SH),3500,19985.00,5.71,-1554.44
2021-11-18,151053.39,34239.39,,,,,
,,,永吉股份(603058.SH),1100,8734.00,7.94,285.60
,,,荣晟环保(603165.SH),800,13288.00,16.61,2461.40
,,,勘设股份(603458.SH),1400,18690.00,13.35,3170.03
,,,重庆水务(601158.SH),2200,13684.00,6.22,-1024.35
,,,山东出版(601019.SH),3500,19775.00,5.65,-1764.44
,,,广电电气(601616.SH),4300,15351.00,3.57,-1155.94
,,,四方科技(603339.SH),800,9472.00,11.84,1018.14
,,,元祖股份(603886.SH),900,17820.00,19.8,662.62
2021-11-17,152557.39,34239.39,,,,,
,,,荣晟环保(603165.SH),800,13776.00,17.22,2949.40
,,,山东出版(601019.SH),3500,19845.00,5.67,-1694.44
,,,重庆水务(601158.SH),2200,14058.00,6.39,-650.35
,,,勘设股份(603458.SH),1400,18032.00,12.88,2512.03
,,,永吉股份(603058.SH),1100,8877.00,8.07,428.60
,,,元祖股份(603886.SH),900,18612.00,20.68,1454.62
,,,四方科技(603339.SH),800,9552.00,11.94,1098.14
,,,广电电气(601616.SH),4300,15566.00,3.62,-940.94
2021-11-16,150966.39,34239.39,,,,,
,,,山东出版(601019.SH),3500,19845.00,5.67,-1694.44
,,,元祖股份(603886.SH),900,18045.00,20.05,887.62
,,,勘设股份(603458.SH),1400,18410.00,13.15,2890.03
,,,四方科技(603339.SH),800,9240.00,11.55,786.14
,,,荣晟环保(603165.SH),800,13656.00,17.07,2829.40
,,,永吉股份(603058.SH),1100,8811.00,8.01,362.60
,,,重庆水务(601158.SH),2200,14014.00,6.37,-694.35
,,,广电电气(601616.SH),4300,14706.00,3.42,-1800.94
2021-11-15,149437.39,34239.39,,,,,
,,,重庆水务(601158.SH),2200,14102.00,6.41,-606.35
,,,元祖股份(603886.SH),900,18189.00,20.21,1031.62
,,,山东出版(601019.SH),3500,19810.00,5.66,-1729.44
,,,广电电气(601616.SH),4300,14878.00,3.46,-1628.94
,,,四方科技(603339.SH),800,9320.00,11.65,866.14
,,,荣晟环保(603165.SH),800,13160.00,16.45,2333.40
,,,勘设股份(603458.SH),1400,16730.00,11.95,1210.03
,,,永吉股份(603058.SH),1100,9009.00,8.19,560.60
2021-11-12,146774.39,34239.39,,,,,
,,,四方科技(603339.SH),800,9232.00,11.54,778.14
,,,元祖股份(603886.SH),900,17829.00,19.81,671.62
,,,山东出版(601019.SH),3500,19565.00,5.59,-1974.44
,,,广电电气(601616.SH),4300,14577.00,3.39,-1929.94
,,,勘设股份(603458.SH),1400,15204.00,10.86,-315.97
,,,永吉股份(603058.SH),1100,8976.00,8.16,527.60
,,,荣晟环保(603165.SH),800,13072.00,16.34,2245.40
,,,重庆水务(601158.SH),2200,14080.00,6.4,-628.35
2021-11-11,145999.39,34239.39,,,,,
,,,荣晟环保(603165.SH),800,12944.00,16.18,2117.40
,,,四方科技(603339.SH),800,9136.00,11.42,682.14
,,,广电电气(601616.SH),4300,14319.00,3.33,-2187.94
,,,永吉股份(603058.SH),1100,8778.00,7.98,329.60
,,,勘设股份(603458.SH),1400,15162.00,10.83,-357.97
,,,重庆水务(601158.SH),2200,13706.00,6.23,-1002.35
,,,山东出版(601019.SH),3500,19670.00,5.62,-1869.44
,,,元祖股份(603886.SH),900,18045.00,20.05,887.62
2021-11-10,144817.39,34239.39,,,,,
,,,元祖股份(603886.SH),900,18009.00,20.01,851.62
,,,山东出版(601019.SH),3500,19425.00,5.55,-2114.44
,,,勘设股份(603458.SH),1400,15078.00,10.77,-441.97
,,,四方科技(603339.SH),800,9040.00,11.3,586.14
,,,广电电气(601616.SH),4300,14276.00,3.32,-2230.94
,,,荣晟环保(603165.SH),800,12200.00,15.25,1373.40
,,,永吉股份(603058.SH),1100,8822.00,8.02,373.60
,,,重庆水务(601158.SH),2200,13728.00,6.24,-980.35
2021-11-09,144437.39,34239.39,,,,,
,,,广电电气(601616.SH),4300,14276.00,3.32,-2230.94
,,,重庆水务(601158.SH),2200,13596.00,6.18,-1112.35
,,,山东出版(601019.SH),3500,19390.00,5.54,-2149.44
,,,元祖股份(603886.SH),900,18360.00,20.4,1202.62
,,,永吉股份(603058.SH),1100,8492.00,7.72,43.60
,,,四方科技(603339.SH),800,9008.00,11.26,554.14
,,,荣晟环保(603165.SH),800,12040.00,15.05,1213.40
,,,勘设股份(603458.SH),1400,15036.00,10.74,-483.97
2021-11-08,143723.39,34239.39,,,,,
,,,荣晟环保(603165.SH),800,11440.00,14.3,613.40
,,,山东出版(601019.SH),3500,19460.00,5.56,-2079.44
,,,广电电气(601616.SH),4300,14276.00,3.32,-2230.94
,,,元祖股份(603886.SH),900,18909.00,21.01,1751.62
,,,重庆水务(601158.SH),2200,13398.00,6.09,-1310.35
,,,四方科技(603339.SH),800,8992.00,11.24,538.14
,,,永吉股份(603058.SH),1100,8239.00,7.49,-209.40
,,,勘设股份(603458.SH),1400,14770.00,10.55,-749.97
2021-11-05,144079.39,34239.39,,,,,
,,,永吉股份(603058.SH),1100,8283.00,7.53,-165.40
,,,勘设股份(603458.SH),1400,14672.00,10.48,-847.97
,,,四方科技(603339.SH),800,8736.00,10.92,282.14
,,,广电电气(601616.SH),4300,14319.00,3.33,-2187.94
,,,山东出版(601019.SH),3500,19250.00,5.5,-2289.44
,,,元祖股份(603886.SH),900,19476.00,21.64,2318.62
,,,重庆水务(601158.SH),2200,13376.00,6.08,-1332.35
,,,荣晟环保(603165.SH),800,11728.00,14.66,901.40
2021-11-04,145298.39,34239.39,,,,,
,,,永吉股份(603058.SH),1100,8228.00,7.48,-220.40
,,,广电电气(601616.SH),4300,14620.00,3.4,-1886.94
,,,重庆水务(601158.SH),2200,13728.00,6.24,-980.35
,,,山东出版(601019.SH),3500,19355.00,5.53,-2184.44
,,,元祖股份(603886.SH),900,20034.00,22.26,2876.62
,,,勘设股份(603458.SH),1400,14798.00,10.57,-721.97
,,,荣晟环保(603165.SH),800,11552.00,14.44,725.40
,,,四方科技(603339.SH),800,8744.00,10.93,290.14
2021-11-03,143272.39,34239.39,,,,,
,,,永吉股份(603058.SH),1100,8129.00,7.39,-319.40
,,,勘设股份(603458.SH),1400,14686.00,10.49,-833.97
,,,重庆水务(601158.SH),2200,13508.00,6.14,-1200.35
,,,广电电气(601616.SH),4300,13846.00,3.22,-2660.94
,,,四方科技(603339.SH),800,8472.00,10.59,18.14
,,,荣晟环保(603165.SH),800,11192.00,13.99,365.40
,,,山东出版(601019.SH),3500,19355.00,5.53,-2184.44
,,,元祖股份(603886.SH),900,19845.00,22.05,2687.62
2021-11-02,141867.39,34239.39,,,,,
,,,广电电气(601616.SH),4300,13760.00,3.2,-2746.94
,,,勘设股份(603458.SH),1400,14700.00,10.5,-819.97
,,,四方科技(603339.SH),800,8304.00,10.38,-149.86
,,,荣晟环保(603165.SH),800,10528.00,13.16,-298.60
,,,重庆水务(601158.SH),2200,13442.00,6.11,-1266.35
,,,山东出版(601019.SH),3500,19250.00,5.5,-2289.44
,,,元祖股份(603886.SH),900,19746.00,21.94,2588.62
,,,永吉股份(603058.SH),1100,7898.00,7.18,-550.40
2021-11-01,142139.39,34239.39,,,,,
,,,荣晟环保(603165.SH),800,10472.00,13.09,-354.60
,,,广电电气(601616.SH),4300,14104.00,3.28,-2402.94
,,,山东出版(601019.SH),3500,19915.00,5.69,-1624.44
,,,勘设股份(603458.SH),1400,14854.00,10.61,-665.97
,,,永吉股份(603058.SH),1100,7931.00,7.21,-517.40
,,,四方科技(603339.SH),800,8480.00,10.6,26.14
,,,重庆水务(601158.SH),2200,13244.00,6.02,-1464.35
,,,元祖股份(603886.SH),900,18900.00,21,1742.62
2021-10-29,141789.39,34239.39,,,,,
,,,元祖股份(603886.SH),900,17991.00,19.99,833.62
,,,永吉股份(603058.SH),1100,7887.00,7.17,-561.40
,,,勘设股份(603458.SH),1400,14462.00,10.33,-1057.97
,,,重庆水务(601158.SH),2200,12342.00,5.61,-2366.35
,,,荣晟环保(603165.SH),800,11096.00,13.87,269.40
,,,广电电气(601616.SH),4300,14061.00,3.27,-2445.94
,,,四方科技(603339.SH),800,8256.00,10.32,-197.86
,,,山东出版(601019.SH),3500,21455.00,6.13,-84.44
2021-10-28,138918.39,34239.39,,,,,
,,,山东出版(601019.SH),3500,21840.00,6.24,300.56
,,,广电电气(601616.SH),4300,13502.00,3.14,-3004.94
,,,四方科技(603339.SH),800,8224.00,10.28,-229.86
,,,元祖股份(603886.SH),900,16353.00,18.17,-804.38
,,,勘设股份(603458.SH),1400,14224.00,10.16,-1295.97
,,,荣晟环保(603165.SH),800,10912.00,13.64,85.40
,,,永吉股份(603058.SH),1100,7678.00,6.98,-770.40
,,,重庆水务(601158.SH),2200,11946.00,5.43,-2762.35
2021-10-27,139300.39,34239.39,,,,,
,,,山东出版(601019.SH),3500,21630.00,6.18,90.56
,,,勘设股份(603458.SH),1400,14490.00,10.35,-1029.97
,,,永吉股份(603058.SH),1100,7876.00,7.16,-572.40
,,,荣晟环保(603165.SH),800,11104.00,13.88,277.40
,,,重庆水务(601158.SH),2200,12056.00,5.48,-2652.35
,,,广电电气(601616.SH),4300,13932.00,3.24,-2574.94
,,,四方科技(603339.SH),800,8520.00,10.65,66.14
,,,元祖股份(603886.SH),900,15453.00,17.17,-1704.38
2021-10-26,140517.39,34239.39,,,,,
,,,永吉股份(603058.SH),1100,8063.00,7.33,-385.40
,,,山东出版(601019.SH),3500,21525.00,6.15,-14.44
,,,元祖股份(603886.SH),900,15768.00,17.52,-1389.38
,,,四方科技(603339.SH),800,8664.00,10.83,210.14
,,,荣晟环保(603165.SH),800,11360.00,14.2,533.40
,,,重庆水务(601158.SH),2200,12100.00,5.5,-2608.35
,,,勘设股份(603458.SH),1400,14952.00,10.68,-567.97
,,,广电电气(601616.SH),4300,13846.00,3.22,-2660.94
2021-10-25,140661.39,34239.39,,,,,
,,,元祖股份(603886.SH),900,15651.00,17.39,-1506.38
,,,永吉股份(603058.SH),1100,8030.00,7.3,-418.40
,,,重庆水务(601158.SH),2200,11990.00,5.45,-2718.35
,,,四方科技(603339.SH),800,8752.00,10.94,298.14
,,,荣晟环保(603165.SH),800,11432.00,14.29,605.40
,,,勘设股份(603458.SH),1400,14784.00,10.56,-735.97
,,,山东出版(601019.SH),3500,21980.00,6.28,440.56
,,,广电电气(601616.SH),4300,13803.00,3.21,-2703.94
2021-10-22,140030.39,34239.39,,,,,
,,,重庆水务(601158.SH),2200,11968.00,5.44,-2740.35
,,,山东出版(601019.SH),3500,21945.00,6.27,405.56
,,,四方科技(603339.SH),800,8720.00,10.9,266.14
,,,元祖股份(603886.SH),900,15606.00,17.34,-1551.38
,,,广电电气(601616.SH),4300,13502.00,3.14,-3004.94
,,,荣晟环保(603165.SH),800,11200.00,14,373.40
,,,永吉股份(603058.SH),1100,8052.00,7.32,-396.40
,,,勘设股份(603458.SH),1400,14798.00,10.57,-721.97
2021-10-21,142386.39,34239.39,,,,,
,,,重庆水务(601158.SH),2200,12298.00,5.59,-2410.35
,,,四方科技(603339.SH),800,8928.00,11.16,474.14
,,,永吉股份(603058.SH),1100,7887.00,7.17,-561.40
,,,元祖股份(603886.SH),900,16209.00,18.01,-948.38
,,,荣晟环保(603165.SH),800,11128.00,13.91,301.40
,,,山东出版(601019.SH),3500,22610.00,6.46,1070.56
,,,广电电气(601616.SH),4300,14233.00,3.31,-2273.94
,,,勘设股份(603458.SH),1400,14854.00,10.61,-665.97
2021-10-20,142256.39,34239.39,,,,,
,,,重庆水务(601158.SH),2200,12518.00,5.69,-2190.35
,,,勘设股份(603458.SH),1400,14868.00,10.62,-651.97
,,,四方科技(603339.SH),800,8944.00,11.18,490.14
,,,元祖股份(603886.SH),900,16074.00,17.86,-1083.38
,,,山东出版(601019.SH),3500,22295.00,6.37,755.56
,,,永吉股份(603058.SH),1100,8008.00,7.28,-440.40
,,,荣晟环保(603165.SH),800,10776.00,13.47,-50.60
,,,广电电气(601616.SH),4300,14534.00,3.38,-1972.94
2021-10-19,143113.39,34239.39,,,,,
,,,重庆水务(601158.SH),2200,12474.00,5.67,-2234.35
,,,山东出版(601019.SH),3500,22260.00,6.36,720.56
,,,勘设股份(603458.SH),1400,14938.00,10.67,-581.97
,,,荣晟环保(603165.SH),800,10904.00,13.63,77.40
,,,元祖股份(603886.SH),900,16992.00,18.88,-165.38
,,,永吉股份(603058.SH),1100,8074.00,7.34,-374.40
,,,广电电气(601616.SH),4300,14448.00,3.36,-2058.94
,,,四方科技(603339.SH),800,8784.00,10.98,330.14
2021-10-18,142858.39,34239.39,,,,,
,,,山东出版(601019.SH),3500,22435.00,6.41,895.56
,,,元祖股份(603886.SH),900,17037.00,18.93,-120.38
,,,永吉股份(603058.SH),1100,7997.00,7.27,-451.40
,,,重庆水务(601158.SH),2200,12430.00,5.65,-2278.35
,,,四方科技(603339.SH),800,8704.00,10.88,250.14
,,,荣晟环保(603165.SH),800,10672.00,13.34,-154.60
,,,广电电气(601616.SH),4300,14448.00,3.36,-2058.94
,,,勘设股份(603458.SH),1400,14896.00,10.64,-623.97
2021-10-15,143240.39,34239.39,,,,,
,,,勘设股份(603458.SH),1400,14882.00,10.63,-637.97
,,,永吉股份(603058.SH),1100,7876.00,7.16,-572.40
,,,重庆水务(601158.SH),2200,12320.00,5.6,-2388.35
,,,四方科技(603339.SH),800,8448.00,10.56,-5.86
,,,荣晟环保(603165.SH),800,10440.00,13.05,-386.60
,,,广电电气(601616.SH),4300,14233.00,3.31,-2273.94
,,,元祖股份(603886.SH),900,18927.00,21.03,1769.62
,,,山东出版(601019.SH),3500,21875.00,6.25,335.56
2021-10-14,143643.39,34239.39,,,,,
,,,勘设股份(603458.SH),1400,15036.00,10.74,-483.97
,,,元祖股份(603886.SH),900,17352.00,19.28,194.62
,,,重庆水务(601158.SH),2200,12584.00,5.72,-2124.35
,,,荣晟环保(603165.SH),800,10640.00,13.3,-186.60
,,,四方科技(603339.SH),800,8376.00,10.47,-77.86
,,,广电电气(601616.SH),4300,15222.00,3.54,-1284.94
,,,山东出版(601019.SH),3500,22120.00,6.32,580.56
,,,永吉股份(603058.SH),1100,8074.00,7.34,-374.40
2021-10-13,143172.39,34239.39,,,,,
,,,重庆水务(601158.SH),2200,12474.00,5.67,-2234.35
,,,荣晟环保(603165.SH),800,10656.00,13.32,-170.60
,,,勘设股份(603458.SH),1400,15064.00,10.76,-455.97
,,,山东出版(601019.SH),3500,21770.00,6.22,230.56
,,,四方科技(603339.SH),800,8296.00,10.37,-157.86
,,,广电电气(601616.SH),4300,15394.00,3.58,-1112.94
,,,元祖股份(603886.SH),900,17370.00,19.3,212.62
,,,永吉股份(603058.SH),1100,7909.00,7.19,-539.40
2021-10-12,144654.39,33964.39,,,,,
,,,勘设股份(603458.SH),1400,15148.00,10.82,-371.97
,,,广电电气(601616.SH),4300,15738.00,3.66,-768.94
,,,重庆水务(601158.SH),2200,13266.00,6.03,-1442.35
,,,四方科技(603339.SH),800,8216.00,10.27,-237.86
,,,永吉股份(603058.SH),1100,8283.00,7.53,-440.40
,,,荣晟环保(603165.SH),800,10576.00,13.22,-250.60
,,,山东出版(601019.SH),3500,22120.00,6.32,580.56
,,,元祖股份(603886.SH),900,17343.00,19.27,185.62
2021-10-11,144782.39,33964.39,,,,,
,,,四方科技(603339.SH),800,8392.00,10.49,-61.86
,,,勘设股份(603458.SH),1400,15470.00,11.05,-49.97
,,,广电电气(601616.SH),4300,15437.00,3.59,-1069.94
,,,元祖股份(603886.SH),900,17478.00,19.42,320.62
,,,永吉股份(603058.SH),1100,8536.00,7.76,-187.40
,,,山东出版(601019.SH),3500,22015.00,6.29,475.56
,,,重庆水务(601158.SH),2200,12914.00,5.87,-1794.35
,,,荣晟环保(603165.SH),800,10576.00,13.22,-250.60
2021-10-08,147288.39,33964.39,,,,,
,,,重庆水务(601158.SH),2200,14036.00,6.38,-672.35
,,,荣晟环保(603165.SH),800,10736.00,13.42,-90.60
,,,永吉股份(603058.SH),1100,8602.00,7.82,-121.40
,,,四方科技(603339.SH),800,8496.00,10.62,42.14
,,,勘设股份(603458.SH),1400,15610.00,11.15,90.03
,,,广电电气(601616.SH),4300,15996.00,3.72,-510.94
,,,元祖股份(603886.SH),900,17658.00,19.62,500.62
,,,山东出版(601019.SH),3500,22190.00,6.34,650.56
2021-09-30,146112.03,33591.03,,,,,
,,,隆鑫通用(603766.SH),5000,21850.00,4.37,3608.13
,,,南京高科(600064.SH),2400,21504.00,8.96,-1577.97
,,,奥康国际(603001.SH),1300,10504.00,8.08,-2787.52
,,,歌力思(603808.SH),1000,13800.00,13.8,-2096.72
,,,朗迪集团(603726.SH),700,9506.00,13.58,-493.95
,,,永悦科技(603879.SH),1100,6809.00,6.19,-1098.77
,,,依顿电子(603328.SH),1800,13302.00,7.39,-85.71
,,,千金药业(600479.SH),1800,15246.00,8.47,-991.40
2021-09-29,144928.03,33591.03,,,,,
,,,依顿电子(603328.SH),1800,13176.00,7.32,-211.71
,,,永悦科技(603879.SH),1100,6710.00,6.1,-1197.77
,,,南京高科(600064.SH),2400,21504.00,8.96,-1577.97
,,,隆鑫通用(603766.SH),5000,21300.00,4.26,3058.13
,,,千金药业(600479.SH),1800,15066.00,8.37,-1171.40
,,,朗迪集团(603726.SH),700,9401.00,13.43,-598.95
,,,奥康国际(603001.SH),1300,10400.00,8,-2891.52
,,,歌力思(603808.SH),1000,13780.00,13.78,-2116.72
2021-09-28,146715.03,33591.03,,,,,
,,,歌力思(603808.SH),1000,13960.00,13.96,-1936.72
,,,千金药业(600479.SH),1800,15354.00,8.53,-883.40
,,,永悦科技(603879.SH),1100,6930.00,6.3,-977.77
,,,朗迪集团(603726.SH),700,9576.00,13.68,-423.95
,,,依顿电子(603328.SH),1800,13302.00,7.39,-85.71
,,,隆鑫通用(603766.SH),5000,21600.00,4.32,3358.13
,,,南京高科(600064.SH),2400,21768.00,9.07,-1313.97
,,,奥康国际(603001.SH),1300,10634.00,8.18,-2657.52
2021-09-27,149058.03,33591.03,,,,,
,,,永悦科技(603879.SH),1100,7084.00,6.44,-823.77
,,,歌力思(603808.SH),1000,14000.00,14,-1896.72
,,,隆鑫通用(603766.SH),5000,24000.00,4.8,5758.13
,,,千金药业(600479.SH),1800,15174.00,8.43,-1063.40
,,,奥康国际(603001.SH),1300,10790.00,8.3,-2501.52
,,,朗迪集团(603726.SH),700,9541.00,13.63,-458.95
,,,依顿电子(603328.SH),1800,13158.00,7.31,-229.71
,,,南京高科(600064.SH),2400,21720.00,9.05,-1361.97
2021-09-24,149334.03,33591.03,,,,,
,,,朗迪集团(603726.SH),700,9849.00,14.07,-150.95
,,,隆鑫通用(603766.SH),5000,21800.00,4.36,3558.13
,,,南京高科(600064.SH),2400,21912.00,9.13,-1169.97
,,,永悦科技(603879.SH),1100,7579.00,6.89,-328.77
,,,歌力思(603808.SH),1000,13990.00,13.99,-1906.72
,,,奥康国际(603001.SH),1300,11219.00,8.63,-2072.52
,,,千金药业(600479.SH),1800,15624.00,8.68,-613.40
,,,依顿电子(603328.SH),1800,13770.00,7.65,382.29
2021-09-23,151174.03,33591.03,,,,,
,,,千金药业(600479.SH),1800,15804.00,8.78,-433.40
,,,隆鑫通用(603766.SH),5000,22200.00,4.44,3958.13
,,,南京高科(600064.SH),2400,22200.00,9.25,-881.97
,,,歌力思(603808.SH),1000,14410.00,14.41,-1486.72
,,,朗迪集团(603726.SH),700,9996.00,14.28,-3.95
,,,永悦科技(603879.SH),1100,7711.00,7.01,-196.77
,,,奥康国际(603001.SH),1300,11258.00,8.66,-2033.52
,,,依顿电子(603328.SH),1800,14004.00,7.78,616.29
2021-09-22,149536.03,33591.03,,,,,
,,,歌力思(603808.SH),1000,14410.00,14.41,-1486.72
,,,隆鑫通用(603766.SH),5000,21700.00,4.34,3458.13
,,,千金药业(600479.SH),1800,15534.00,8.63,-703.40
,,,奥康国际(603001.SH),1300,11180.00,8.6,-2111.52
,,,依顿电子(603328.SH),1800,13806.00,7.67,418.29
,,,朗迪集团(603726.SH),700,9919.00,14.17,-80.95
,,,永悦科技(603879.SH),1100,7700.00,7,-207.77
,,,南京高科(600064.SH),2400,21696.00,9.04,-1385.97
2021-09-17,149052.03,33591.03,,,,,
,,,朗迪集团(603726.SH),700,9975.00,14.25,-24.95
,,,南京高科(600064.SH),2400,21576.00,8.99,-1505.97
,,,隆鑫通用(603766.SH),5000,21100.00,4.22,2858.13
,,,千金药业(600479.SH),1800,15480.00,8.6,-757.40
,,,歌力思(603808.SH),1000,14510.00,14.51,-1386.72
,,,永悦科技(603879.SH),1100,7744.00,7.04,-163.77
,,,依顿电子(603328.SH),1800,13896.00,7.72,508.29
,,,奥康国际(603001.SH),1300,11180.00,8.6,-2111.52
2021-09-16,150057.03,33591.03,,,,,
,,,朗迪集团(603726.SH),700,10465.00,14.95,465.05
,,,奥康国际(603001.SH),1300,11323.00,8.71,-1968.52
,,,永悦科技(603879.SH),1100,7590.00,6.9,-317.77
,,,千金药业(600479.SH),1800,15606.00,8.67,-631.40
,,,南京高科(600064.SH),2400,21648.00,9.02,-1433.97
,,,依顿电子(603328.SH),1800,13734.00,7.63,346.29
,,,隆鑫通用(603766.SH),5000,21400.00,4.28,3158.13
,,,歌力思(603808.SH),1000,14700.00,14.7,-1196.72
2021-09-15,151076.03,33591.03,,,,,
,,,永悦科技(603879.SH),1100,7744.00,7.04,-163.77
,,,南京高科(600064.SH),2400,22080.00,9.2,-1001.97
,,,奥康国际(603001.SH),1300,11570.00,8.9,-1721.52
,,,依顿电子(603328.SH),1800,13860.00,7.7,472.29
,,,隆鑫通用(603766.SH),5000,21550.00,4.31,3308.13
,,,歌力思(603808.SH),1000,14880.00,14.88,-1016.72
,,,朗迪集团(603726.SH),700,10213.00,14.59,213.05
,,,千金药业(600479.SH),1800,15588.00,8.66,-649.40
2021-09-14,151035.03,33591.03,,,,,
,,,歌力思(603808.SH),1000,15060.00,15.06,-836.72
,,,奥康国际(603001.SH),1300,11557.00,8.89,-1734.52
,,,千金药业(600479.SH),1800,15588.00,8.66,-649.40
,,,依顿电子(603328.SH),1800,13734.00,7.63,346.29
,,,南京高科(600064.SH),2400,21984.00,9.16,-1097.97
,,,隆鑫通用(603766.SH),5000,21350.00,4.27,3108.13
,,,朗迪集团(603726.SH),700,10416.00,14.88,416.05
,,,永悦科技(603879.SH),1100,7755.00,7.05,-152.77
2021-09-13,153228.03,33591.03,,,,,
,,,歌力思(603808.SH),1000,15490.00,15.49,-406.72
,,,朗迪集团(603726.SH),700,10325.00,14.75,325.05
,,,奥康国际(603001.SH),1300,11882.00,9.14,-1409.52
,,,隆鑫通用(603766.SH),5000,21650.00,4.33,3408.13
,,,永悦科技(603879.SH),1100,7832.00,7.12,-75.77
,,,南京高科(600064.SH),2400,22560.00,9.4,-521.97
,,,依顿电子(603328.SH),1800,14130.00,7.85,742.29
,,,千金药业(600479.SH),1800,15768.00,8.76,-469.40
2021-09-10,152837.03,33591.03,,,,,
,,,永悦科技(603879.SH),1100,7513.00,6.83,-394.77
,,,南京高科(600064.SH),2400,22584.00,9.41,-497.97
,,,千金药业(600479.SH),1800,15732.00,8.74,-505.40
,,,依顿电子(603328.SH),1800,14094.00,7.83,706.29
,,,奥康国际(603001.SH),1300,11726.00,9.02,-1565.52
,,,朗迪集团(603726.SH),700,10437.00,14.91,437.05
,,,歌力思(603808.SH),1000,15410.00,15.41,-486.72
,,,隆鑫通用(603766.SH),5000,21750.00,4.35,3508.13
2021-09-09,155014.03,33591.03,,,,,
,,,依顿电子(603328.SH),1800,14598.00,8.11,1210.29
,,,永悦科技(603879.SH),1100,7579.00,6.89,-328.77
,,,隆鑫通用(603766.SH),5000,22700.00,4.54,4458.13
,,,奥康国际(603001.SH),1300,11830.00,9.1,-1461.52
,,,南京高科(600064.SH),2400,22608.00,9.42,-473.97
,,,千金药业(600479.SH),1800,15840.00,8.8,-397.40
,,,朗迪集团(603726.SH),700,10458.00,14.94,458.05
,,,歌力思(603808.SH),1000,15810.00,15.81,-86.72
2021-09-08,153965.03,33591.03,,,,,
,,,永悦科技(603879.SH),1100,7667.00,6.97,-240.77
,,,朗迪集团(603726.SH),700,10514.00,15.02,514.05
,,,歌力思(603808.SH),1000,15790.00,15.79,-106.72
,,,奥康国际(603001.SH),1300,11947.00,9.19,-1344.52
,,,千金药业(600479.SH),1800,15660.00,8.7,-577.40
,,,南京高科(600064.SH),2400,22512.00,9.38,-569.97
,,,隆鑫通用(603766.SH),5000,22100.00,4.42,3858.13
,,,依顿电子(603328.SH),1800,14184.00,7.88,796.29
2021-09-07,152259.03,33591.03,,,,,
,,,歌力思(603808.SH),1000,15840.00,15.84,-56.72
,,,朗迪集团(603726.SH),700,10514.00,15.02,514.05
,,,奥康国际(603001.SH),1300,11739.00,9.03,-1552.52
,,,永悦科技(603879.SH),1100,7601.00,6.91,-306.77
,,,南京高科(600064.SH),2400,22464.00,9.36,-617.97
,,,依顿电子(603328.SH),1800,14094.00,7.83,706.29
,,,千金药业(600479.SH),1800,15516.00,8.62,-721.40
,,,隆鑫通用(603766.SH),5000,20900.00,4.18,2658.13
2021-09-06,150792.03,33591.03,,,,,
,,,千金药业(600479.SH),1800,15444.00,8.58,-793.40
,,,朗迪集团(603726.SH),700,10535.00,15.05,535.05
,,,歌力思(603808.SH),1000,15780.00,15.78,-116.72
,,,南京高科(600064.SH),2400,22488.00,9.37,-593.97
,,,隆鑫通用(603766.SH),5000,19600.00,3.92,1358.13
,,,奥康国际(603001.SH),1300,11713.00,9.01,-1578.52
,,,依顿电子(603328.SH),1800,14040.00,7.8,652.29
,,,永悦科技(603879.SH),1100,7601.00,6.91,-306.77
2021-09-03,149736.03,33591.03,,,,,
,,,奥康国际(603001.SH),1300,11713.00,9.01,-1578.52
,,,南京高科(600064.SH),2400,22560.00,9.4,-521.97
,,,千金药业(600479.SH),1800,15264.00,8.48,-973.40
,,,永悦科技(603879.SH),1100,7546.00,6.86,-361.77
,,,隆鑫通用(603766.SH),5000,19600.00,3.92,1358.13
,,,歌力思(603808.SH),1000,15330.00,15.33,-566.72
,,,依顿电子(603328.SH),1800,13842.00,7.69,454.29
,,,朗迪集团(603726.SH),700,10290.00,14.7,290.05
2021-09-02,148563.03,33591.03,,,,,
,,,千金药业(600479.SH),1800,15084.00,8.38,-1153.40
,,,朗迪集团(603726.SH),700,10262.00,14.66,262.05
,,,奥康国际(603001.SH),1300,11856.00,9.12,-1435.52
,,,隆鑫通用(603766.SH),5000,18950.00,3.79,708.13
,,,南京高科(600064.SH),2400,21888.00,9.12,-1193.97
,,,永悦科技(603879.SH),1100,7634.00,6.94,-273.77
,,,歌力思(603808.SH),1000,15510.00,15.51,-386.72
,,,依顿电子(603328.SH),1800,13788.00,7.66,400.29
2021-09-01,148515.03,33591.03,,,,,
,,,朗迪集团(603726.SH),700,10031.00,14.33,31.05
,,,千金药业(600479.SH),1800,15066.00,8.37,-1171.40
,,,隆鑫通用(603766.SH),5000,18800.00,3.76,558.13
,,,南京高科(600064.SH),2400,21816.00,9.09,-1265.97
,,,歌力思(603808.SH),1000,15830.00,15.83,-66.72
,,,永悦科技(603879.SH),1100,7645.00,6.95,-262.77
,,,奥康国际(603001.SH),1300,11804.00,9.08,-1487.52
,,,依顿电子(603328.SH),1800,13932.00,7.74,544.29
2021-08-31,148169.03,33591.03,,,,,
,,,永悦科技(603879.SH),1100,7975.00,7.25,67.23
,,,依顿电子(603328.SH),1800,13878.00,7.71,490.29
,,,千金药业(600479.SH),1800,14994.00,8.33,-1243.40
,,,歌力思(603808.SH),1000,15630.00,15.63,-266.72
,,,朗迪集团(603726.SH),700,10129.00,14.47,129.05
,,,隆鑫通用(603766.SH),5000,18700.00,3.74,458.13
,,,南京高科(600064.SH),2400,21624.00,9.01,-1457.97
,,,奥康国际(603001.SH),1300,11648.00,8.96,-1643.52
2021-08-30,146087.03,33591.03,,,,,
,,,歌力思(603808.SH),1000,15620.00,15.62,-276.72
,,,千金药业(600479.SH),1800,14850.00,8.25,-1387.40
,,,隆鑫通用(603766.SH),5000,17950.00,3.59,-291.87
,,,依顿电子(603328.SH),1800,13914.00,7.73,526.29
,,,南京高科(600064.SH),2400,20280.00,8.45,-2801.97
,,,朗迪集团(603726.SH),700,10360.00,14.8,360.05
,,,永悦科技(603879.SH),1100,7887.00,7.17,-20.77
,,,奥康国际(603001.SH),1300,11635.00,8.95,-1656.52
2021-08-27,147490.03,33591.03,,,,,
,,,南京高科(600064.SH),2400,21144.00,8.81,-1937.97
,,,隆鑫通用(603766.SH),5000,18050.00,3.61,-191.87
,,,朗迪集团(603726.SH),700,10591.00,15.13,591.05
,,,永悦科技(603879.SH),1100,7744.00,7.04,-163.77
,,,依顿电子(603328.SH),1800,14058.00,7.81,670.29
,,,歌力思(603808.SH),1000,15680.00,15.68,-216.72
,,,千金药业(600479.SH),1800,14958.00,8.31,-1279.40
,,,奥康国际(603001.SH),1300,11674.00,8.98,-1617.52
2021-08-26,147155.03,33591.03,,,,,
,,,千金药业(600479.SH),1800,14922.00,8.29,-1315.40
,,,南京高科(600064.SH),2400,21216.00,8.84,-1865.97
,,,依顿电子(603328.SH),1800,13986.00,7.77,598.29
,,,歌力思(603808.SH),1000,15420.00,15.42,-476.72
,,,永悦科技(603879.SH),1100,7744.00,7.04,-163.77
,,,奥康国际(603001.SH),1300,12064.00,9.28,-1227.52
,,,朗迪集团(603726.SH),700,10612.00,15.16,612.05
,,,隆鑫通用(603766.SH),5000,17600.00,3.52,-641.87
2021-08-25,146724.03,33591.03,,,,,
,,,南京高科(600064.SH),2400,21120.00,8.8,-1961.97
,,,永悦科技(603879.SH),1100,7898.00,7.18,-9.77
,,,千金药业(600479.SH),1800,15048.00,8.36,-1189.40
,,,朗迪集团(603726.SH),700,10451.00,14.93,451.05
,,,歌力思(603808.SH),1000,15360.00,15.36,-536.72
,,,奥康国际(603001.SH),1300,11648.00,8.96,-1643.52
,,,隆鑫通用(603766.SH),5000,18000.00,3.6,-241.87
,,,依顿电子(603328.SH),1800,13608.00,7.56,220.29
2021-08-24,146102.03,33591.03,,,,,
,,,隆鑫通用(603766.SH),5000,18050.00,3.61,-191.87
,,,朗迪集团(603726.SH),700,10234.00,14.62,234.05
,,,奥康国际(603001.SH),1300,11557.00,8.89,-1734.52
,,,歌力思(603808.SH),1000,15510.00,15.51,-386.72
,,,千金药业(600479.SH),1800,14778.00,8.21,-1459.40
,,,南京高科(600064.SH),2400,21144.00,8.81,-1937.97
,,,永悦科技(603879.SH),1100,7810.00,7.1,-97.77
,,,依顿电子(603328.SH),1800,13428.00,7.46,40.29
2021-08-23,145708.03,33591.03,,,,,
,,,隆鑫通用(603766.SH),5000,18050.00,3.61,-191.87
,,,歌力思(603808.SH),1000,15290.00,15.29,-606.72
,,,依顿电子(603328.SH),1800,13626.00,7.57,238.29
,,,朗迪集团(603726.SH),700,10178.00,14.54,178.05
,,,永悦科技(603879.SH),1100,7832.00,7.12,-75.77
,,,奥康国际(603001.SH),1300,11297.00,8.69,-1994.52
,,,千金药业(600479.SH),1800,14652.00,8.14,-1585.40
,,,南京高科(600064.SH),2400,21192.00,8.83,-1889.97
2021-08-20,143550.03,33591.03,,,,,
,,,歌力思(603808.SH),1000,14390.00,14.39,-1506.72
,,,南京高科(600064.SH),2400,21264.00,8.86,-1817.97
,,,永悦科技(603879.SH),1100,7634.00,6.94,-273.77
,,,隆鑫通用(603766.SH),5000,17500.00,3.5,-741.87
,,,朗迪集团(603726.SH),700,9793.00,13.99,-206.95
,,,依顿电子(603328.SH),1800,13626.00,7.57,238.29
,,,千金药业(600479.SH),1800,14598.00,8.11,-1639.40
,,,奥康国际(603001.SH),1300,11154.00,8.58,-2137.52
2021-08-19,143172.03,33591.03,,,,,
,,,隆鑫通用(603766.SH),5000,17650.00,3.53,-591.87
,,,千金药业(600479.SH),1800,14742.00,8.19,-1495.40
,,,歌力思(603808.SH),1000,14380.00,14.38,-1516.72
,,,依顿电子(603328.SH),1800,13626.00,7.57,238.29
,,,奥康国际(603001.SH),1300,11011.00,8.47,-2280.52
,,,朗迪集团(603726.SH),700,9919.00,14.17,-80.95
,,,南京高科(600064.SH),2400,20520.00,8.55,-2561.97
,,,永悦科技(603879.SH),1100,7733.00,7.03,-174.77
2021-08-18,143768.03,33591.03,,,,,
,,,歌力思(603808.SH),1000,14600.00,14.6,-1296.72
,,,南京高科(600064.SH),2400,20880.00,8.7,-2201.97
,,,千金药业(600479.SH),1800,14616.00,8.12,-1621.40
,,,隆鑫通用(603766.SH),5000,17700.00,3.54,-541.87
,,,朗迪集团(603726.SH),700,9975.00,14.25,-24.95
,,,永悦科技(603879.SH),1100,7832.00,7.12,-75.77
,,,奥康国际(603001.SH),1300,11128.00,8.56,-2163.52
,,,依顿电子(603328.SH),1800,13446.00,7.47,58.29
2021-08-17,143121.03,33591.03,,,,,
,,,奥康国际(603001.SH),1300,10998.00,8.46,-2293.52
,,,歌力思(603808.SH),1000,14680.00,14.68,-1216.72
,,,朗迪集团(603726.SH),700,9996.00,14.28,-3.95
,,,千金药业(600479.SH),1800,14580.00,8.1,-1657.40
,,,永悦科技(603879.SH),1100,7810.00,7.1,-97.77
,,,南京高科(600064.SH),2400,20424.00,8.51,-2657.97
,,,隆鑫通用(603766.SH),5000,17650.00,3.53,-591.87
,,,依顿电子(603328.SH),1800,13392.00,7.44,4.29
2021-08-16,145362.03,33591.03,,,,,
,,,朗迪集团(603726.SH),700,10353.00,14.79,353.05
,,,南京高科(600064.SH),2400,20424.00,8.51,-2657.97
,,,永悦科技(603879.SH),1100,7931.00,7.21,23.23
,,,隆鑫通用(603766.SH),5000,18050.00,3.61,-191.87
,,,奥康国际(603001.SH),1300,11427.00,8.79,-1864.52
,,,歌力思(603808.SH),1000,15110.00,15.11,-786.72
,,,千金药业(600479.SH),1800,14778.00,8.21,-1459.40
,,,依顿电子(603328.SH),1800,13698.00,7.61,310.29
2021-08-13,145432.03,33591.03,,,,,
,,,歌力思(603808.SH),1000,15200.00,15.2,-696.72
,,,永悦科技(603879.SH),1100,8151.00,7.41,243.23
,,,南京高科(600064.SH),2400,20328.00,8.47,-2753.97
,,,千金药业(600479.SH),1800,14688.00,8.16,-1549.40
,,,奥康国际(603001.SH),1300,11349.00,8.73,-1942.52
,,,朗迪集团(603726.SH),700,10465.00,14.95,465.05
,,,隆鑫通用(603766.SH),5000,17800.00,3.56,-441.87
,,,依顿电子(603328.SH),1800,13860.00,7.7,472.29
2021-08-12,145857.03,33591.03,,,,,
,,,歌力思(603808.SH),1000,15180.00,15.18,-716.72
,,,奥康国际(603001.SH),1300,11505.00,8.85,-1786.52
,,,依顿电子(603328.SH),1800,14094.00,7.83,706.29
,,,隆鑫通用(603766.SH),5000,17500.00,3.5,-741.87
,,,永悦科技(603879.SH),1100,8382.00,7.62,474.23
,,,南京高科(600064.SH),2400,20424.00,8.51,-2657.97
,,,千金药业(600479.SH),1800,14688.00,8.16,-1549.40
,,,朗迪集团(603726.SH),700,10493.00,14.99,493.05
2021-08-11,145504.03,33591.03,,,,,
,,,永悦科技(603879.SH),1100,8613.00,7.83,705.23
,,,歌力思(603808.SH),1000,15300.00,15.3,-596.72
,,,隆鑫通用(603766.SH),5000,17200.00,3.44,-1041.87
,,,南京高科(600064.SH),2400,20112.00,8.38,-2969.97
,,,千金药业(600479.SH),1800,14652.00,8.14,-1585.40
,,,朗迪集团(603726.SH),700,10549.00,15.07,549.05
,,,奥康国际(603001.SH),1300,11375.00,8.75,-1916.52
,,,依顿电子(603328.SH),1800,14112.00,7.84,724.29
2021-08-10,145965.03,33591.03,,,,,
,,,奥康国际(603001.SH),1300,11375.00,8.75,-1916.52
,,,永悦科技(603879.SH),1100,8932.00,8.12,1024.23
,,,朗迪集团(603726.SH),700,10521.00,15.03,521.05
,,,隆鑫通用(603766.SH),5000,17150.00,3.43,-1091.87
,,,依顿电子(603328.SH),1800,13968.00,7.76,580.29
,,,歌力思(603808.SH),1000,15610.00,15.61,-286.72
,,,南京高科(600064.SH),2400,20040.00,8.35,-3041.97
,,,千金药业(600479.SH),1800,14778.00,8.21,-1459.40
2021-08-09,144644.03,33591.03,,,,,
,,,千金药业(600479.SH),1800,14742.00,8.19,-1495.40
,,,奥康国际(603001.SH),1300,11453.00,8.81,-1838.52
,,,南京高科(600064.SH),2400,19992.00,8.33,-3089.97
,,,依顿电子(603328.SH),1800,13950.00,7.75,562.29
,,,永悦科技(603879.SH),1100,8118.00,7.38,210.23
,,,歌力思(603808.SH),1000,15320.00,15.32,-576.72
,,,朗迪集团(603726.SH),700,10528.00,15.04,528.05
,,,隆鑫通用(603766.SH),5000,16950.00,3.39,-1291.87
2021-08-06,143382.03,33591.03,,,,,
,,,奥康国际(603001.SH),1300,10998.00,8.46,-2293.52
,,,南京高科(600064.SH),2400,19632.00,8.18,-3449.97
,,,永悦科技(603879.SH),1100,8217.00,7.47,309.23
,,,隆鑫通用(603766.SH),5000,16750.00,3.35,-1491.87
,,,千金药业(600479.SH),1800,14652.00,8.14,-1585.40
,,,歌力思(603808.SH),1000,15010.00,15.01,-886.72
,,,朗迪集团(603726.SH),700,10528.00,15.04,528.05
,,,依顿电子(603328.SH),1800,14004.00,7.78,616.29
2021-08-05,143496.03,33591.03,,,,,
,,,朗迪集团(603726.SH),700,10521.00,15.03,521.05
,,,奥康国际(603001.SH),1300,11037.00,8.49,-2254.52
,,,永悦科技(603879.SH),1100,8129.00,7.39,221.23
,,,南京高科(600064.SH),2400,19824.00,8.26,-3257.97
,,,隆鑫通用(603766.SH),5000,16950.00,3.39,-1291.87
,,,千金药业(600479.SH),1800,14796.00,8.22,-1441.40
,,,歌力思(603808.SH),1000,15220.00,15.22,-676.72
,,,依顿电子(603328.SH),1800,13428.00,7.46,40.29
2021-08-04,144347.03,33591.03,,,,,
,,,千金药业(600479.SH),1800,14940.00,8.3,-1297.40
,,,永悦科技(603879.SH),1100,8316.00,7.56,408.23
,,,依顿电子(603328.SH),1800,13464.00,7.48,76.29
,,,歌力思(603808.SH),1000,15300.00,15.3,-596.72
,,,奥康国际(603001.SH),1300,11427.00,8.79,-1864.52
,,,朗迪集团(603726.SH),700,10703.00,15.29,703.05
,,,南京高科(600064.SH),2400,19656.00,8.19,-3425.97
,,,隆鑫通用(603766.SH),5000,16950.00,3.39,-1291.87
2021-08-03,143444.03,33591.03,,,,,
,,,隆鑫通用(603766.SH),5000,16850.00,3.37,-1391.87
,,,永悦科技(603879.SH),1100,8129.00,7.39,221.23
,,,朗迪集团(603726.SH),700,10598.00,15.14,598.05
,,,依顿电子(603328.SH),1800,13410.00,7.45,22.29
,,,歌力思(603808.SH),1000,14730.00,14.73,-1166.72
,,,南京高科(600064.SH),2400,19608.00,8.17,-3473.97
,,,奥康国际(603001.SH),1300,11570.00,8.9,-1721.52
,,,千金药业(600479.SH),1800,14958.00,8.31,-1279.40
2021-08-02,142964.03,33591.03,,,,,
,,,依顿电子(603328.SH),1800,13716.00,7.62,328.29
,,,歌力思(603808.SH),1000,14710.00,14.71,-1186.72
,,,南京高科(600064.SH),2400,19440.00,8.1,-3641.97
,,,千金药业(600479.SH),1800,14958.00,8.31,-1279.40
,,,永悦科技(603879.SH),1100,8228.00,7.48,320.23
,,,朗迪集团(603726.SH),700,10605.00,15.15,605.05
,,,隆鑫通用(603766.SH),5000,16900.00,3.38,-1341.87
,,,奥康国际(603001.SH),1300,10816.00,8.32,-2475.52
2021-07-30,141380.03,33591.03,,,,,
,,,朗迪集团(603726.SH),700,10227.00,14.61,227.05
,,,南京高科(600064.SH),2400,19320.00,8.05,-3761.97
,,,歌力思(603808.SH),1000,14500.00,14.5,-1396.72
,,,奥康国际(603001.SH),1300,10634.00,8.18,-2657.52
,,,千金药业(600479.SH),1800,14778.00,8.21,-1459.40
,,,隆鑫通用(603766.SH),5000,16600.00,3.32,-1641.87
,,,依顿电子(603328.SH),1800,13590.00,7.55,202.29
,,,永悦科技(603879.SH),1100,8140.00,7.4,232.23
2021-07-29,142298.03,33591.03,,,,,
,,,歌力思(603808.SH),1000,14830.00,14.83,-1066.72
,,,南京高科(600064.SH),2400,19536.00,8.14,-3545.97
,,,朗迪集团(603726.SH),700,10248.00,14.64,248.05
,,,隆鑫通用(603766.SH),5000,16500.00,3.3,-1741.87
,,,依顿电子(603328.SH),1800,13860.00,7.7,472.29
,,,奥康国际(603001.SH),1300,10920.00,8.4,-2371.52
,,,永悦科技(603879.SH),1100,8107.00,7.37,199.23
,,,千金药业(600479.SH),1800,14706.00,8.17,-1531.40
2021-07-28,141204.03,33591.03,,,,,
,,,歌力思(603808.SH),1000,14820.00,14.82,-1076.72
,,,永悦科技(603879.SH),1100,7711.00,7.01,-196.77
,,,依顿电子(603328.SH),1800,13554.00,7.53,166.29
,,,千金药业(600479.SH),1800,14670.00,8.15,-1567.40
,,,奥康国际(603001.SH),1300,10725.00,8.25,-2566.52
,,,朗迪集团(603726.SH),700,9933.00,14.19,-66.95
,,,南京高科(600064.SH),2400,19800.00,8.25,-3281.97
,,,隆鑫通用(603766.SH),5000,16400.00,3.28,-1841.87
2021-07-27,142997.03,33591.03,,,,,
,,,隆鑫通用(603766.SH),5000,17000.00,3.4,-1241.87
,,,南京高科(600064.SH),2400,19776.00,8.24,-3305.97
,,,奥康国际(603001.SH),1300,11323.00,8.71,-1968.52
,,,朗迪集团(603726.SH),700,10703.00,15.29,703.05
,,,千金药业(600479.SH),1800,14904.00,8.28,-1333.40
,,,依顿电子(603328.SH),1800,13212.00,7.34,-175.71
,,,永悦科技(603879.SH),1100,7678.00,6.98,-229.77
,,,歌力思(603808.SH),1000,14810.00,14.81,-1086.72
2021-07-26,144902.03,33591.03,,,,,
,,,奥康国际(603001.SH),1300,12584.00,9.68,-707.52
,,,千金药业(600479.SH),1800,15264.00,8.48,-973.40
,,,歌力思(603808.SH),1000,14780.00,14.78,-1116.72
,,,隆鑫通用(603766.SH),5000,17250.00,3.45,-991.87
,,,南京高科(600064.SH),2400,20184.00,8.41,-2897.97
,,,依顿电子(603328.SH),1800,12834.00,7.13,-553.71
,,,永悦科技(603879.SH),1100,7810.00,7.1,-97.77
,,,朗迪集团(603726.SH),700,10605.00,15.15,605.05
2021-07-23,148170.03,33591.03,,,,,
,,,永悦科技(603879.SH),1100,8272.00,7.52,364.23
,,,千金药业(600479.SH),1800,15606.00,8.67,-631.40
,,,歌力思(603808.SH),1000,15390.00,15.39,-506.72
,,,奥康国际(603001.SH),1300,13065.00,10.05,-226.52
,,,朗迪集团(603726.SH),700,10556.00,15.08,556.05
,,,隆鑫通用(603766.SH),5000,17700.00,3.54,-541.87
,,,南京高科(600064.SH),2400,20832.00,8.68,-2249.97
,,,依顿电子(603328.SH),1800,13158.00,7.31,-229.71
2021-07-22,149351.03,33591.03,,,,,
,,,歌力思(603808.SH),1000,15770.00,15.77,-126.72
,,,千金药业(600479.SH),1800,15732.00,8.74,-505.40
,,,永悦科技(603879.SH),1100,8602.00,7.82,694.23
,,,隆鑫通用(603766.SH),5000,17650.00,3.53,-591.87
,,,依顿电子(603328.SH),1800,13230.00,7.35,-157.71
,,,朗迪集团(603726.SH),700,10801.00,15.43,801.05
,,,奥康国际(603001.SH),1300,12831.00,9.87,-460.52
,,,南京高科(600064.SH),2400,21144.00,8.81,-1937.97
2021-07-21,149786.03,33591.03,,,,,
,,,依顿电子(603328.SH),1800,13014.00,7.23,-373.71
,,,永悦科技(603879.SH),1100,8404.00,7.64,496.23
,,,歌力思(603808.SH),1000,15940.00,15.94,43.28
,,,隆鑫通用(603766.SH),5000,17950.00,3.59,-291.87
,,,千金药业(600479.SH),1800,16038.00,8.91,-199.40
,,,朗迪集团(603726.SH),700,10710.00,15.3,710.05
,,,南京高科(600064.SH),2400,21048.00,8.77,-2033.97
,,,奥康国际(603001.SH),1300,13091.00,10.07,-200.52
2021-07-20,148982.03,33591.03,,,,,
,,,南京高科(600064.SH),2400,21096.00,8.79,-1985.97
,,,歌力思(603808.SH),1000,15950.00,15.95,53.28
,,,永悦科技(603879.SH),1100,8569.00,7.79,661.23
,,,千金药业(600479.SH),1800,15966.00,8.87,-271.40
,,,依顿电子(603328.SH),1800,13032.00,7.24,-355.71
,,,朗迪集团(603726.SH),700,10717.00,15.31,717.05
,,,奥康国际(603001.SH),1300,12961.00,9.97,-330.52
,,,隆鑫通用(603766.SH),5000,17100.00,3.42,-1141.87
2021-07-19,149204.03,33591.03,,,,,
,,,依顿电子(603328.SH),1800,12960.00,7.2,-427.71
,,,千金药业(600479.SH),1800,16128.00,8.96,-109.40
,,,南京高科(600064.SH),2400,21048.00,8.77,-2033.97
,,,奥康国际(603001.SH),1300,12844.00,9.88,-447.52
,,,朗迪集团(603726.SH),700,10654.00,15.22,654.05
,,,歌力思(603808.SH),1000,16520.00,16.52,623.28
,,,永悦科技(603879.SH),1100,8459.00,7.69,551.23
,,,隆鑫通用(603766.SH),5000,17000.00,3.4,-1241.87
2021-07-16,149202.03,33591.03,,,,,
,,,隆鑫通用(603766.SH),5000,17200.00,3.44,-1041.87
,,,依顿电子(603328.SH),1800,13104.00,7.28,-283.71
,,,千金药业(600479.SH),1800,15588.00,8.66,-649.40
,,,朗迪集团(603726.SH),700,10318.00,14.74,318.05
,,,南京高科(600064.SH),2400,21216.00,8.84,-1865.97
,,,奥康国际(603001.SH),1300,12805.00,9.85,-486.52
,,,永悦科技(603879.SH),1100,8800.00,8,892.23
,,,歌力思(603808.SH),1000,16580.00,16.58,683.28
2021-07-15,149766.03,33591.03,,,,,
,,,南京高科(600064.SH),2400,21312.00,8.88,-1769.97
,,,朗迪集团(603726.SH),700,10283.00,14.69,283.05
,,,歌力思(603808.SH),1000,16920.00,16.92,1023.28
,,,依顿电子(603328.SH),1800,13032.00,7.24,-355.71
,,,奥康国际(603001.SH),1300,12896.00,9.92,-395.52
,,,永悦科技(603879.SH),1100,8888.00,8.08,980.23
,,,千金药业(600479.SH),1800,15444.00,8.58,-793.40
,,,隆鑫通用(603766.SH),5000,17400.00,3.48,-841.87
2021-07-14,150324.03,33591.03,,,,,
,,,隆鑫通用(603766.SH),5000,17800.00,3.56,-441.87
,,,奥康国际(603001.SH),1300,13195.00,10.15,-96.52
,,,南京高科(600064.SH),2400,21312.00,8.88,-1769.97
,,,朗迪集团(603726.SH),700,10059.00,14.37,59.05
,,,歌力思(603808.SH),1000,16980.00,16.98,1083.28
,,,依顿电子(603328.SH),1800,13230.00,7.35,-157.71
,,,永悦科技(603879.SH),1100,8767.00,7.97,859.23
,,,千金药业(600479.SH),1800,15390.00,8.55,-847.40
2021-07-13,151529.03,33591.03,,,,,
,,,千金药业(600479.SH),1800,15300.00,8.5,-937.40
,,,奥康国际(603001.SH),1300,13468.00,10.36,176.48
,,,歌力思(603808.SH),1000,17090.00,17.09,1193.28
,,,依顿电子(603328.SH),1800,13410.00,7.45,22.29
,,,南京高科(600064.SH),2400,21648.00,9.02,-1433.97
,,,永悦科技(603879.SH),1100,9020.00,8.2,1112.23
,,,朗迪集团(603726.SH),700,10052.00,14.36,52.05
,,,隆鑫通用(603766.SH),5000,17950.00,3.59,-291.87
2021-07-12,149918.03,33591.03,,,,,
,,,奥康国际(603001.SH),1300,13130.00,10.1,-161.52
,,,永悦科技(603879.SH),1100,8624.00,7.84,716.23
,,,歌力思(603808.SH),1000,16420.00,16.42,523.28
,,,隆鑫通用(603766.SH),5000,17750.00,3.55,-491.87
,,,千金药业(600479.SH),1800,15318.00,8.51,-919.40
,,,朗迪集团(603726.SH),700,10213.00,14.59,213.05
,,,南京高科(600064.SH),2400,21696.00,9.04,-1385.97
,,,依顿电子(603328.SH),1800,13176.00,7.32,-211.71
2021-07-09,150046.03,33591.03,,,,,
,,,歌力思(603808.SH),1000,16200.00,16.2,303.28
,,,朗迪集团(603726.SH),700,10038.00,14.34,38.05
,,,奥康国际(603001.SH),1300,13585.00,10.45,293.48
,,,千金药业(600479.SH),1800,15354.00,8.53,-883.40
,,,依顿电子(603328.SH),1800,12960.00,7.2,-427.71
,,,隆鑫通用(603766.SH),5000,18000.00,3.6,-241.87
,,,永悦科技(603879.SH),1100,8646.00,7.86,738.23
,,,南京高科(600064.SH),2400,21672.00,9.03,-1409.97
2021-07-08,148249.03,33591.03,,,,,
,,,奥康国际(603001.SH),1300,13260.00,10.2,-31.52
,,,朗迪集团(603726.SH),700,9961.00,14.23,-38.95
,,,歌力思(603808.SH),1000,15260.00,15.26,-636.72
,,,南京高科(600064.SH),2400,21672.00,9.03,-1409.97
,,,隆鑫通用(603766.SH),5000,17900.00,3.58,-341.87
,,,永悦科技(603879.SH),1100,8327.00,7.57,419.23
,,,依顿电子(603328.SH),1800,13014.00,7.23,-373.71
,,,千金药业(600479.SH),1800,15264.00,8.48,-973.40
2021-07-07,149225.03,33591.03,,,,,
,,,依顿电子(603328.SH),1800,13014.00,7.23,-373.71
,,,朗迪集团(603726.SH),700,9947.00,14.21,-52.95
,,,奥康国际(603001.SH),1300,13572.00,10.44,280.48
,,,歌力思(603808.SH),1000,15550.00,15.55,-346.72
,,,隆鑫通用(603766.SH),5000,17900.00,3.58,-341.87
,,,南京高科(600064.SH),2400,21864.00,9.11,-1217.97
,,,千金药业(600479.SH),1800,15570.00,8.65,-667.40
,,,永悦科技(603879.SH),1100,8217.00,7.47,309.23
2021-07-06,147727.03,33591.03,,,,,
,,,南京高科(600064.SH),2400,21936.00,9.14,-1145.97
,,,隆鑫通用(603766.SH),5000,17550.00,3.51,-691.87
,,,奥康国际(603001.SH),1300,12337.00,9.49,-954.52
,,,永悦科技(603879.SH),1100,8140.00,7.4,232.23
,,,依顿电子(603328.SH),1800,13014.00,7.23,-373.71
,,,千金药业(600479.SH),1800,15678.00,8.71,-559.40
,,,朗迪集团(603726.SH),700,9821.00,14.03,-178.95
,,,歌力思(603808.SH),1000,15660.00,15.66,-236.72
2021-07-05,148424.03,33591.03,,,,,
,,,依顿电子(603328.SH),1800,13050.00,7.25,-337.71
,,,奥康国际(603001.SH),1300,12519.00,9.63,-772.52
,,,歌力思(603808.SH),1000,15670.00,15.67,-226.72
,,,南京高科(600064.SH),2400,21768.00,9.07,-1313.97
,,,隆鑫通用(603766.SH),5000,17700.00,3.54,-541.87
,,,朗迪集团(603726.SH),700,9814.00,14.02,-185.95
,,,永悦科技(603879.SH),1100,8184.00,7.44,276.23
,,,千金药业(600479.SH),1800,16128.00,8.96,-109.40
2021-07-02,147980.03,33591.03,,,,,
,,,永悦科技(603879.SH),1100,7700.00,7,-207.77
,,,依顿电子(603328.SH),1800,12852.00,7.14,-535.71
,,,南京高科(600064.SH),2400,22008.00,9.17,-1073.97
,,,隆鑫通用(603766.SH),5000,17550.00,3.51,-691.87
,,,千金药业(600479.SH),1800,16452.00,9.14,214.60
,,,朗迪集团(603726.SH),700,9716.00,13.88,-283.95
,,,奥康国际(603001.SH),1300,12441.00,9.57,-850.52
,,,歌力思(603808.SH),1000,15670.00,15.67,-226.72
2021-07-01,149854.03,33591.03,,,,,
,,,歌力思(603808.SH),1000,16050.00,16.05,153.28
,,,千金药业(600479.SH),1800,17010.00,9.45,772.60
,,,隆鑫通用(603766.SH),5000,17600.00,3.52,-641.87
,,,永悦科技(603879.SH),1100,7711.00,7.01,-196.77
,,,朗迪集团(603726.SH),700,9660.00,13.8,-339.95
,,,南京高科(600064.SH),2400,22344.00,9.31,-737.97
,,,依顿电子(603328.SH),1800,13122.00,7.29,-265.71
,,,奥康国际(603001.SH),1300,12766.00,9.82,-525.52
2021-06-30,150798.26,36502.26,,,,,
,,,华发股份(600325.SH),2800,18872.00,6.74,1528.19
,,,江苏金租(600901.SH),2700,14040.00,5.2,-656.94
,,,淮河能源(600575.SH),6400,13888.00,2.17,-866.44
,,,华数传媒(000156.SZ),1300,10023.00,7.71,-767.53
,,,济川药业(600566.SH),600,10740.00,17.9,-1163.29
,,,隧道股份(600820.SH),2900,15341.00,5.29,-558.73
,,,南京高科(600064.SH),1700,15793.00,9.29,-753.93
,,,厦门国贸(600755.SH),1900,15599.00,8.21,2876.62
2021-06-29,151036.26,36502.26,,,,,
,,,华发股份(600325.SH),2800,18928.00,6.76,1584.19
,,,厦门国贸(600755.SH),1900,15618.00,8.22,2895.62
,,,南京高科(600064.SH),1700,15912.00,9.36,-634.93
,,,济川药业(600566.SH),600,10608.00,17.68,-1295.29
,,,淮河能源(600575.SH),6400,13888.00,2.17,-866.44
,,,隧道股份(600820.SH),2900,15399.00,5.31,-500.73
,,,江苏金租(600901.SH),2700,14067.00,5.21,-629.94
,,,华数传媒(000156.SZ),1300,10114.00,7.78,-676.53
2021-06-28,150992.26,36502.26,,,,,
,,,济川药业(600566.SH),600,10662.00,17.77,-1241.29
,,,厦门国贸(600755.SH),1900,15732.00,8.28,3009.62
,,,江苏金租(600901.SH),2700,14040.00,5.2,-656.94
,,,淮河能源(600575.SH),6400,14080.00,2.2,-674.44
,,,华数传媒(000156.SZ),1300,9997.00,7.69,-793.53
,,,华发股份(600325.SH),2800,18452.00,6.59,1108.19
,,,隧道股份(600820.SH),2900,15428.00,5.32,-471.73
,,,南京高科(600064.SH),1700,16099.00,9.47,-447.93
2021-06-25,152041.26,35652.26,,,,,
,,,华数传媒(000156.SZ),1300,10036.00,7.72,-754.53
,,,济川药业(600566.SH),600,10482.00,17.47,-1421.29
,,,隧道股份(600820.SH),2900,15544.00,5.36,-355.73
,,,江苏金租(600901.SH),2700,14229.00,5.27,-467.94
,,,南京高科(600064.SH),1700,17204.00,10.12,-192.93
,,,厦门国贸(600755.SH),1900,15694.00,8.26,2971.62
,,,淮河能源(600575.SH),6400,14272.00,2.23,-482.44
,,,华发股份(600325.SH),2800,18928.00,6.76,1584.19
2021-06-24,151383.26,35652.26,,,,,
,,,厦门国贸(600755.SH),1900,16131.00,8.49,3408.62
,,,济川药业(600566.SH),600,10446.00,17.41,-1457.29
,,,隧道股份(600820.SH),2900,15573.00,5.37,-326.73
,,,华发股份(600325.SH),2800,18200.00,6.5,856.19
,,,江苏金租(600901.SH),2700,14040.00,5.2,-656.94
,,,南京高科(600064.SH),1700,17085.00,10.05,-311.93
,,,华数传媒(000156.SZ),1300,9984.00,7.68,-806.53
,,,淮河能源(600575.SH),6400,14272.00,2.23,-482.44
2021-06-23,150370.26,35652.26,,,,,
,,,济川药业(600566.SH),600,10554.00,17.59,-1349.29
,,,华数传媒(000156.SZ),1300,10127.00,7.79,-663.53
,,,江苏金租(600901.SH),2700,14040.00,5.2,-656.94
,,,华发股份(600325.SH),2800,18368.00,6.56,1024.19
,,,淮河能源(600575.SH),6400,14144.00,2.21,-610.44
,,,南京高科(600064.SH),1700,17000.00,10,-396.93
,,,隧道股份(600820.SH),2900,15399.00,5.31,-500.73
,,,厦门国贸(600755.SH),1900,15086.00,7.94,2363.62
2021-06-22,150372.26,35652.26,,,,,
,,,南京高科(600064.SH),1700,17051.00,10.03,-345.93
,,,华数传媒(000156.SZ),1300,10179.00,7.83,-611.53
,,,华发股份(600325.SH),2800,18340.00,6.55,996.19
,,,隧道股份(600820.SH),2900,15370.00,5.3,-529.73
,,,济川药业(600566.SH),600,10608.00,17.68,-1295.29
,,,江苏金租(600901.SH),2700,14013.00,5.19,-683.94
,,,厦门国贸(600755.SH),1900,15143.00,7.97,2420.62
,,,淮河能源(600575.SH),6400,14016.00,2.19,-738.44
2021-06-21,149801.26,35652.26,,,,,
,,,南京高科(600064.SH),1700,17000.00,10,-396.93
,,,隧道股份(600820.SH),2900,15167.00,5.23,-732.73
,,,淮河能源(600575.SH),6400,13888.00,2.17,-866.44
,,,厦门国贸(600755.SH),1900,15048.00,7.92,2325.62
,,,华数传媒(000156.SZ),1300,10114.00,7.78,-676.53
,,,济川药业(600566.SH),600,10518.00,17.53,-1385.29
,,,江苏金租(600901.SH),2700,13878.00,5.14,-818.94
,,,华发股份(600325.SH),2800,18536.00,6.62,1192.19
2021-06-18,150127.26,35652.26,,,,,
,,,厦门国贸(600755.SH),1900,15067.00,7.93,2344.62
,,,华发股份(600325.SH),2800,18592.00,6.64,1248.19
,,,南京高科(600064.SH),1700,16796.00,9.88,-600.93
,,,济川药业(600566.SH),600,10608.00,17.68,-1295.29
,,,淮河能源(600575.SH),6400,14080.00,2.2,-674.44
,,,江苏金租(600901.SH),2700,13986.00,5.18,-710.94
,,,华数传媒(000156.SZ),1300,10179.00,7.83,-611.53
,,,隧道股份(600820.SH),2900,15167.00,5.23,-732.73
2021-06-17,150773.26,35652.26,,,,,
,,,淮河能源(600575.SH),6400,13952.00,2.18,-802.44
,,,隧道股份(600820.SH),2900,15167.00,5.23,-732.73
,,,华发股份(600325.SH),2800,19264.00,6.88,1920.19
,,,南京高科(600064.SH),1700,16830.00,9.9,-566.93
,,,厦门国贸(600755.SH),1900,15010.00,7.9,2287.62
,,,济川药业(600566.SH),600,10692.00,17.82,-1211.29
,,,江苏金租(600901.SH),2700,14040.00,5.2,-656.94
,,,华数传媒(000156.SZ),1300,10166.00,7.82,-624.53
2021-06-16,151258.26,35652.26,,,,,
,,,江苏金租(600901.SH),2700,14121.00,5.23,-575.94
,,,济川药业(600566.SH),600,10734.00,17.89,-1169.29
,,,华数传媒(000156.SZ),1300,10348.00,7.96,-442.53
,,,淮河能源(600575.SH),6400,14016.00,2.19,-738.44
,,,南京高科(600064.SH),1700,16796.00,9.88,-600.93
,,,隧道股份(600820.SH),2900,15312.00,5.28,-587.73
,,,厦门国贸(600755.SH),1900,15295.00,8.05,2572.62
,,,华发股份(600325.SH),2800,18984.00,6.78,1640.19
2021-06-15,151946.26,35652.26,,,,,
,,,淮河能源(600575.SH),6400,14080.00,2.2,-674.44
,,,华发股份(600325.SH),2800,18872.00,6.74,1528.19
,,,江苏金租(600901.SH),2700,14202.00,5.26,-494.94
,,,厦门国贸(600755.SH),1900,15865.00,8.35,3142.62
,,,华数传媒(000156.SZ),1300,10569.00,8.13,-221.53
,,,南京高科(600064.SH),1700,16813.00,9.89,-583.93
,,,隧道股份(600820.SH),2900,15225.00,5.25,-674.73
,,,济川药业(600566.SH),600,10668.00,17.78,-1235.29
2021-06-11,151931.26,35652.26,,,,,
,,,隧道股份(600820.SH),2900,15312.00,5.28,-587.73
,,,华数传媒(000156.SZ),1300,10348.00,7.96,-442.53
,,,南京高科(600064.SH),1700,16898.00,9.94,-498.93
,,,江苏金租(600901.SH),2700,14256.00,5.28,-440.94
,,,华发股份(600325.SH),2800,18788.00,6.71,1444.19
,,,厦门国贸(600755.SH),1900,15599.00,8.21,2876.62
,,,济川药业(600566.SH),600,10806.00,18.01,-1097.29
,,,淮河能源(600575.SH),6400,14272.00,2.23,-482.44
2021-06-10,150650.26,35652.26,,,,,
,,,隧道股份(600820.SH),2900,15312.00,5.28,-587.73
,,,厦门国贸(600755.SH),1900,14611.00,7.69,1888.62
,,,华数传媒(000156.SZ),1300,10166.00,7.82,-624.53
,,,济川药业(600566.SH),600,10872.00,18.12,-1031.29
,,,江苏金租(600901.SH),2700,14202.00,5.26,-494.94
,,,南京高科(600064.SH),1700,17051.00,10.03,-345.93
,,,华发股份(600325.SH),2800,18256.00,6.52,912.19
,,,淮河能源(600575.SH),6400,14528.00,2.27,-226.44
2021-06-09,150916.26,35652.26,,,,,
,,,南京高科(600064.SH),1700,17000.00,10,-396.93
,,,隧道股份(600820.SH),2900,15312.00,5.28,-587.73
,,,江苏金租(600901.SH),2700,14256.00,5.28,-440.94
,,,华数传媒(000156.SZ),1300,10010.00,7.7,-780.53
,,,淮河能源(600575.SH),6400,14528.00,2.27,-226.44
,,,华发股份(600325.SH),2800,18424.00,6.58,1080.19
,,,厦门国贸(600755.SH),1900,14820.00,7.8,2097.62
,,,济川药业(600566.SH),600,10914.00,18.19,-989.29
2021-06-08,151032.26,35652.26,,,,,
,,,济川药业(600566.SH),600,11016.00,18.36,-887.29
,,,华发股份(600325.SH),2800,18396.00,6.57,1052.19
,,,江苏金租(600901.SH),2700,14202.00,5.26,-494.94
,,,厦门国贸(600755.SH),1900,14934.00,7.86,2211.62
,,,隧道股份(600820.SH),2900,15341.00,5.29,-558.73
,,,南京高科(600064.SH),1700,17119.00,10.07,-277.93
,,,淮河能源(600575.SH),6400,14336.00,2.24,-418.44
,,,华数传媒(000156.SZ),1300,10036.00,7.72,-754.53
2021-06-07,150788.26,35652.26,,,,,
,,,厦门国贸(600755.SH),1900,14573.00,7.67,1850.62
,,,南京高科(600064.SH),1700,16983.00,9.99,-413.93
,,,华发股份(600325.SH),2800,18620.00,6.65,1276.19
,,,华数传媒(000156.SZ),1300,9984.00,7.68,-806.53
,,,隧道股份(600820.SH),2900,15341.00,5.29,-558.73
,,,淮河能源(600575.SH),6400,14336.00,2.24,-418.44
,,,济川药业(600566.SH),600,10962.00,18.27,-941.29
,,,江苏金租(600901.SH),2700,14337.00,5.31,-359.94
2021-06-04,151620.26,35652.26,,,,,
,,,江苏金租(600901.SH),2700,14931.00,5.53,234.06
,,,淮河能源(600575.SH),6400,14336.00,2.24,-418.44
,,,济川药业(600566.SH),600,10974.00,18.29,-929.29
,,,华数传媒(000156.SZ),1300,10010.00,7.7,-780.53
,,,华发股份(600325.SH),2800,18648.00,6.66,1304.19
,,,隧道股份(600820.SH),2900,15254.00,5.26,-645.73
,,,南京高科(600064.SH),1700,17204.00,10.12,-192.93
,,,厦门国贸(600755.SH),1900,14611.00,7.69,1888.62
2021-06-03,152412.26,35652.26,,,,,
,,,济川药业(600566.SH),600,10956.00,18.26,-947.29
,,,华发股份(600325.SH),2800,18956.00,6.77,1612.19
,,,南京高科(600064.SH),1700,17306.00,10.18,-90.93
,,,江苏金租(600901.SH),2700,14904.00,5.52,207.06
,,,厦门国贸(600755.SH),1900,14649.00,7.71,1926.62
,,,华数传媒(000156.SZ),1300,10010.00,7.7,-780.53
,,,隧道股份(600820.SH),2900,15515.00,5.35,-384.73
,,,淮河能源(600575.SH),6400,14464.00,2.26,-290.44
2021-06-02,151770.26,35652.26,,,,,
,,,济川药业(600566.SH),600,10962.00,18.27,-941.29
,,,华数传媒(000156.SZ),1300,9906.00,7.62,-884.53
,,,华发股份(600325.SH),2800,18956.00,6.77,1612.19
,,,南京高科(600064.SH),1700,17238.00,10.14,-158.93
,,,江苏金租(600901.SH),2700,15066.00,5.58,369.06
,,,淮河能源(600575.SH),6400,14336.00,2.24,-418.44
,,,厦门国贸(600755.SH),1900,14516.00,7.64,1793.62
,,,隧道股份(600820.SH),2900,15138.00,5.22,-761.73
2021-06-01,151978.26,35652.26,,,,,
,,,厦门国贸(600755.SH),1900,14212.00,7.48,1489.62
,,,隧道股份(600820.SH),2900,15138.00,5.22,-761.73
,,,济川药业(600566.SH),600,11124.00,18.54,-779.29
,,,南京高科(600064.SH),1700,17306.00,10.18,-90.93
,,,华发股份(600325.SH),2800,19096.00,6.82,1752.19
,,,华数传媒(000156.SZ),1300,9984.00,7.68,-806.53
,,,江苏金租(600901.SH),2700,15066.00,5.58,369.06
,,,淮河能源(600575.SH),6400,14400.00,2.25,-354.44
2021-05-31,152148.26,35652.26,,,,,
,,,厦门国贸(600755.SH),1900,14364.00,7.56,1641.62
,,,隧道股份(600820.SH),2900,15109.00,5.21,-790.73
,,,淮河能源(600575.SH),6400,14336.00,2.24,-418.44
,,,济川药业(600566.SH),600,10920.00,18.2,-983.29
,,,江苏金租(600901.SH),2700,15336.00,5.68,639.06
,,,南京高科(600064.SH),1700,17425.00,10.25,28.07
,,,华发股份(600325.SH),2800,19152.00,6.84,1808.19
,,,华数传媒(000156.SZ),1300,9854.00,7.58,-936.53
2021-05-28,151979.26,35652.26,,,,,
,,,淮河能源(600575.SH),6400,14336.00,2.24,-418.44
,,,江苏金租(600901.SH),2700,15255.00,5.65,558.06
,,,华发股份(600325.SH),2800,19964.00,7.13,2620.19
,,,隧道股份(600820.SH),2900,15167.00,5.23,-732.73
,,,厦门国贸(600755.SH),1900,13661.00,7.19,938.62
,,,济川药业(600566.SH),600,11016.00,18.36,-887.29
,,,南京高科(600064.SH),1700,16983.00,9.99,-413.93
,,,华数传媒(000156.SZ),1300,9945.00,7.65,-845.53
2021-05-27,151319.26,35652.26,,,,,
,,,江苏金租(600901.SH),2700,15066.00,5.58,369.06
,,,华发股份(600325.SH),2800,19376.00,6.92,2032.19
,,,淮河能源(600575.SH),6400,14464.00,2.26,-290.44
,,,厦门国贸(600755.SH),1900,13338.00,7.02,615.62
,,,南京高科(600064.SH),1700,17085.00,10.05,-311.93
,,,隧道股份(600820.SH),2900,15196.00,5.24,-703.73
,,,华数传媒(000156.SZ),1300,10036.00,7.72,-754.53
,,,济川药业(600566.SH),600,11106.00,18.51,-797.29
2021-05-26,151837.26,35652.26,,,,,
,,,隧道股份(600820.SH),2900,15254.00,5.26,-645.73
,,,江苏金租(600901.SH),2700,15120.00,5.6,423.06
,,,厦门国贸(600755.SH),1900,13433.00,7.07,710.62
,,,南京高科(600064.SH),1700,17187.00,10.11,-209.93
,,,华数传媒(000156.SZ),1300,10023.00,7.71,-767.53
,,,淮河能源(600575.SH),6400,14592.00,2.28,-162.44
,,,济川药业(600566.SH),600,11340.00,18.9,-563.29
,,,华发股份(600325.SH),2800,19236.00,6.87,1892.19
2021-05-25,151580.26,35382.26,,,,,
,,,江苏金租(600901.SH),2700,15201.00,5.63,504.06
,,,隧道股份(600820.SH),2900,15225.00,5.25,-674.73
,,,华数传媒(000156.SZ),1300,9997.00,7.69,-793.53
,,,南京高科(600064.SH),1700,17000.00,10,-396.93
,,,济川药业(600566.SH),600,11544.00,19.24,-629.29
,,,华发股份(600325.SH),2800,19320.00,6.9,1976.19
,,,淮河能源(600575.SH),6400,14592.00,2.28,-162.44
,,,厦门国贸(600755.SH),1900,13319.00,7.01,596.62
2021-05-24,151387.26,35382.26,,,,,
,,,厦门国贸(600755.SH),1900,13262.00,6.98,539.62
,,,华数传媒(000156.SZ),1300,9945.00,7.65,-845.53
,,,济川药业(600566.SH),600,11442.00,19.07,-731.29
,,,南京高科(600064.SH),1700,16813.00,9.89,-583.93
,,,华发股份(600325.SH),2800,19712.00,7.04,2368.19
,,,江苏金租(600901.SH),2700,15066.00,5.58,369.06
,,,隧道股份(600820.SH),2900,15109.00,5.21,-790.73
,,,淮河能源(600575.SH),6400,14656.00,2.29,-98.44
2021-05-21,150164.26,35382.26,,,,,
,,,南京高科(600064.SH),1700,16813.00,9.89,-583.93
,,,隧道股份(600820.SH),2900,15080.00,5.2,-819.73
,,,济川药业(600566.SH),600,11586.00,19.31,-587.29
,,,江苏金租(600901.SH),2700,14526.00,5.38,-170.94
,,,厦门国贸(600755.SH),1900,13281.00,6.99,558.62
,,,淮河能源(600575.SH),6400,14528.00,2.27,-226.44
,,,华发股份(600325.SH),2800,18984.00,6.78,1640.19
,,,华数传媒(000156.SZ),1300,9984.00,7.68,-806.53
2021-05-20,150374.26,35382.26,,,,,
,,,厦门国贸(600755.SH),1900,13224.00,6.96,501.62
,,,南京高科(600064.SH),1700,16779.00,9.87,-617.93
,,,济川药业(600566.SH),600,11910.00,19.85,-263.29
,,,华数传媒(000156.SZ),1300,9971.00,7.67,-819.53
,,,淮河能源(600575.SH),6400,14464.00,2.26,-290.44
,,,江苏金租(600901.SH),2700,14580.00,5.4,-116.94
,,,华发股份(600325.SH),2800,18984.00,6.78,1640.19
,,,隧道股份(600820.SH),2900,15080.00,5.2,-819.73
2021-05-19,150161.26,35382.26,,,,,
,,,华数传媒(000156.SZ),1300,10127.00,7.79,-663.53
,,,厦门国贸(600755.SH),1900,13262.00,6.98,539.62
,,,南京高科(600064.SH),1700,16728.00,9.84,-668.93
,,,淮河能源(600575.SH),6400,14720.00,2.3,-34.44
,,,济川药业(600566.SH),600,11274.00,18.79,-899.29
,,,隧道股份(600820.SH),2900,15109.00,5.21,-790.73
,,,江苏金租(600901.SH),2700,14715.00,5.45,18.06
,,,华发股份(600325.SH),2800,18844.00,6.73,1500.19
2021-05-18,150856.26,35382.26,,,,,
,,,淮河能源(600575.SH),6400,14720.00,2.3,-34.44
,,,厦门国贸(600755.SH),1900,13490.00,7.1,767.62
,,,华数传媒(000156.SZ),1300,9932.00,7.64,-858.53
,,,华发股份(600325.SH),2800,18956.00,6.77,1612.19
,,,隧道股份(600820.SH),2900,15167.00,5.23,-732.73
,,,南京高科(600064.SH),1700,16881.00,9.93,-515.93
,,,济川药业(600566.SH),600,11424.00,19.04,-749.29
,,,江苏金租(600901.SH),2700,14904.00,5.52,207.06
2021-05-17,150780.26,35382.26,,,,,
,,,隧道股份(600820.SH),2900,15196.00,5.24,-703.73
,,,南京高科(600064.SH),1700,16796.00,9.88,-600.93
,,,济川药业(600566.SH),600,11340.00,18.9,-833.29
,,,江苏金租(600901.SH),2700,15039.00,5.57,342.06
,,,华数传媒(000156.SZ),1300,9906.00,7.62,-884.53
,,,厦门国贸(600755.SH),1900,13509.00,7.11,786.62
,,,淮河能源(600575.SH),6400,14656.00,2.29,-98.44
,,,华发股份(600325.SH),2800,18956.00,6.77,1612.19
2021-05-14,151535.26,35382.26,,,,,
,,,江苏金租(600901.SH),2700,15174.00,5.62,477.06
,,,厦门国贸(600755.SH),1900,13642.00,7.18,919.62
,,,隧道股份(600820.SH),2900,15196.00,5.24,-703.73
,,,南京高科(600064.SH),1700,16864.00,9.92,-532.93
,,,济川药业(600566.SH),600,11436.00,19.06,-737.29
,,,淮河能源(600575.SH),6400,14720.00,2.3,-34.44
,,,华发股份(600325.SH),2800,19124.00,6.83,1780.19
,,,华数传媒(000156.SZ),1300,9997.00,7.69,-793.53
2021-05-13,149902.26,35382.26,,,,,
,,,华发股份(600325.SH),2800,18368.00,6.56,1024.19
,,,南京高科(600064.SH),1700,16694.00,9.82,-702.93
,,,华数传媒(000156.SZ),1300,10010.00,7.7,-780.53
,,,厦门国贸(600755.SH),1900,13433.00,7.07,710.62
,,,隧道股份(600820.SH),2900,15080.00,5.2,-819.73
,,,江苏金租(600901.SH),2700,14985.00,5.55,288.06
,,,济川药业(600566.SH),600,11358.00,18.93,-815.29
,,,淮河能源(600575.SH),6400,14592.00,2.28,-162.44
2021-05-12,149522.26,35382.26,,,,,
,,,厦门国贸(600755.SH),1900,13718.00,7.22,995.62
,,,济川药业(600566.SH),600,10920.00,18.2,-1253.29
,,,华发股份(600325.SH),2800,18004.00,6.43,660.19
,,,淮河能源(600575.SH),6400,14656.00,2.29,-98.44
,,,华数传媒(000156.SZ),1300,10049.00,7.73,-741.53
,,,南京高科(600064.SH),1700,16643.00,9.79,-753.93
,,,隧道股份(600820.SH),2900,15138.00,5.22,-761.73
,,,江苏金租(600901.SH),2700,15012.00,5.56,315.06
2021-05-11,149117.26,35382.26,,,,,
,,,厦门国贸(600755.SH),1900,13623.00,7.17,900.62
,,,淮河能源(600575.SH),6400,14464.00,2.26,-290.44
,,,济川药业(600566.SH),600,10974.00,18.29,-1199.29
,,,隧道股份(600820.SH),2900,15138.00,5.22,-761.73
,,,南京高科(600064.SH),1700,16694.00,9.82,-702.93
,,,江苏金租(600901.SH),2700,14904.00,5.52,207.06
,,,华发股份(600325.SH),2800,18032.00,6.44,688.19
,,,华数传媒(000156.SZ),1300,9906.00,7.62,-884.53
2021-05-10,147860.26,34572.26,,,,,
,,,华数传媒(000156.SZ),1300,9815.00,7.55,-975.53
,,,隧道股份(600820.SH),2900,14964.00,5.16,-935.73
,,,华发股份(600325.SH),2800,17668.00,6.31,324.19
,,,江苏金租(600901.SH),2700,15633.00,5.79,126.06
,,,南京高科(600064.SH),1700,16524.00,9.72,-872.93
,,,厦门国贸(600755.SH),1900,13224.00,6.96,501.62
,,,济川药业(600566.SH),600,10932.00,18.22,-1241.29
,,,淮河能源(600575.SH),6400,14528.00,2.27,-226.44
2021-05-07,148363.26,34572.26,,,,,
,,,南京高科(600064.SH),1700,16762.00,9.86,-634.93
,,,华数传媒(000156.SZ),1300,9854.00,7.58,-936.53
,,,淮河能源(600575.SH),6400,14080.00,2.2,-674.44
,,,江苏金租(600901.SH),2700,15795.00,5.85,288.06
,,,济川药业(600566.SH),600,11310.00,18.85,-863.29
,,,华发股份(600325.SH),2800,17668.00,6.31,324.19
,,,厦门国贸(600755.SH),1900,13300.00,7,577.62
,,,隧道股份(600820.SH),2900,15022.00,5.18,-877.73
2021-05-06,147672.26,34572.26,,,,,
,,,华数传媒(000156.SZ),1300,9841.00,7.57,-949.53
,,,南京高科(600064.SH),1700,16575.00,9.75,-821.93
,,,厦门国贸(600755.SH),1900,13072.00,6.88,349.62
,,,隧道股份(600820.SH),2900,15051.00,5.19,-848.73
,,,淮河能源(600575.SH),6400,13888.00,2.17,-866.44
,,,华发股份(600325.SH),2800,17640.00,6.3,296.19
,,,江苏金租(600901.SH),2700,15633.00,5.79,126.06
,,,济川药业(600566.SH),600,11400.00,19,-773.29
2021-04-30,148224.26,34572.26,,,,,
,,,济川药业(600566.SH),600,11568.00,19.28,-605.29
,,,南京高科(600064.SH),1700,16490.00,9.7,-906.93
,,,华发股份(600325.SH),2800,17612.00,6.29,268.19
,,,淮河能源(600575.SH),6400,13760.00,2.15,-994.44
,,,华数传媒(000156.SZ),1300,10010.00,7.7,-780.53
,,,隧道股份(600820.SH),2900,15283.00,5.27,-616.73
,,,江苏金租(600901.SH),2700,15876.00,5.88,369.06
,,,厦门国贸(600755.SH),1900,13053.00,6.87,330.62
2021-04-29,150376.26,34572.26,,,,,
,,,江苏金租(600901.SH),2700,15795.00,5.85,288.06
,,,济川药业(600566.SH),600,11604.00,19.34,-569.29
,,,淮河能源(600575.SH),6400,13824.00,2.16,-930.44
,,,南京高科(600064.SH),1700,16660.00,9.8,-736.93
,,,华发股份(600325.SH),2800,18284.00,6.53,940.19
,,,厦门国贸(600755.SH),1900,13205.00,6.95,482.62
,,,华数传媒(000156.SZ),1300,10569.00,8.13,-221.53
,,,隧道股份(600820.SH),2900,15863.00,5.47,-36.73
2021-04-28,149836.26,34572.26,,,,,
,,,华发股份(600325.SH),2800,18144.00,6.48,800.19
,,,江苏金租(600901.SH),2700,15714.00,5.82,207.06
,,,华数传媒(000156.SZ),1300,10634.00,8.18,-156.53
,,,隧道股份(600820.SH),2900,15776.00,5.44,-123.73
,,,济川药业(600566.SH),600,11730.00,19.55,-443.29
,,,厦门国贸(600755.SH),1900,13186.00,6.94,463.62
,,,淮河能源(600575.SH),6400,13760.00,2.15,-994.44
,,,南京高科(600064.SH),1700,16320.00,9.6,-1076.93
2021-04-27,148846.26,34572.26,,,,,
,,,隧道股份(600820.SH),2900,15486.00,5.34,-413.73
,,,江苏金租(600901.SH),2700,15552.00,5.76,45.06
,,,淮河能源(600575.SH),6400,13760.00,2.15,-994.44
,,,南京高科(600064.SH),1700,16252.00,9.56,-1144.93
,,,厦门国贸(600755.SH),1900,13110.00,6.9,387.62
,,,华数传媒(000156.SZ),1300,10608.00,8.16,-182.53
,,,华发股份(600325.SH),2800,17920.00,6.4,576.19
,,,济川药业(600566.SH),600,11586.00,19.31,-587.29
2021-04-26,148977.26,34572.26,,,,,
,,,济川药业(600566.SH),600,11436.00,19.06,-737.29
,,,南京高科(600064.SH),1700,16388.00,9.64,-1008.93
,,,厦门国贸(600755.SH),1900,13224.00,6.96,501.62
,,,华数传媒(000156.SZ),1300,10556.00,8.12,-234.53
,,,江苏金租(600901.SH),2700,15201.00,5.63,-305.94
,,,淮河能源(600575.SH),6400,13824.00,2.16,-930.44
,,,华发股份(600325.SH),2800,18116.00,6.47,772.19
,,,隧道股份(600820.SH),2900,15660.00,5.4,-239.73
2021-04-23,149031.26,34572.26,,,,,
,,,济川药业(600566.SH),600,11646.00,19.41,-527.29
,,,江苏金租(600901.SH),2700,15363.00,5.69,-143.94
,,,南京高科(600064.SH),1700,16303.00,9.59,-1093.93
,,,华数传媒(000156.SZ),1300,10686.00,8.22,-104.53
,,,淮河能源(600575.SH),6400,13824.00,2.16,-930.44
,,,华发股份(600325.SH),2800,17780.00,6.35,436.19
,,,隧道股份(600820.SH),2900,15747.00,5.43,-152.73
,,,厦门国贸(600755.SH),1900,13110.00,6.9,387.62
2021-04-22,149150.26,34572.26,,,,,
,,,华数传媒(000156.SZ),1300,10738.00,8.26,-52.53
,,,南京高科(600064.SH),1700,16490.00,9.7,-906.93
,,,华发股份(600325.SH),2800,18060.00,6.45,716.19
,,,江苏金租(600901.SH),2700,15390.00,5.7,-116.94
,,,济川药业(600566.SH),600,11742.00,19.57,-431.29
,,,淮河能源(600575.SH),6400,13824.00,2.16,-930.44
,,,厦门国贸(600755.SH),1900,12616.00,6.64,-106.38
,,,隧道股份(600820.SH),2900,15718.00,5.42,-181.73
2021-04-21,149185.26,34572.26,,,,,
,,,华发股份(600325.SH),2800,18312.00,6.54,968.19
,,,厦门国贸(600755.SH),1900,12711.00,6.69,-11.38
,,,华数传媒(000156.SZ),1300,10816.00,8.32,25.47
,,,江苏金租(600901.SH),2700,15309.00,5.67,-197.94
,,,淮河能源(600575.SH),6400,13824.00,2.16,-930.44
,,,南京高科(600064.SH),1700,16609.00,9.77,-787.93
,,,济川药业(600566.SH),600,11604.00,19.34,-569.29
,,,隧道股份(600820.SH),2900,15428.00,5.32,-471.73
2021-04-20,149065.26,34572.26,,,,,
,,,厦门国贸(600755.SH),1900,12730.00,6.7,7.62
,,,华发股份(600325.SH),2800,17836.00,6.37,492.19
,,,南京高科(600064.SH),1700,16779.00,9.87,-617.93
,,,江苏金租(600901.SH),2700,15255.00,5.65,-251.94
,,,淮河能源(600575.SH),6400,14016.00,2.19,-738.44
,,,济川药业(600566.SH),600,11562.00,19.27,-611.29
,,,华数传媒(000156.SZ),1300,10829.00,8.33,38.47
,,,隧道股份(600820.SH),2900,15486.00,5.34,-413.73
2021-04-19,149574.26,34572.26,,,,,
,,,江苏金租(600901.SH),2700,15417.00,5.71,-89.94
,,,济川药业(600566.SH),600,11610.00,19.35,-563.29
,,,厦门国贸(600755.SH),1900,12806.00,6.74,83.62
,,,华数传媒(000156.SZ),1300,10790.00,8.3,-0.53
,,,隧道股份(600820.SH),2900,15515.00,5.35,-384.73
,,,淮河能源(600575.SH),6400,14080.00,2.2,-674.44
,,,南京高科(600064.SH),1700,16864.00,9.92,-532.93
,,,华发股份(600325.SH),2800,17920.00,6.4,576.19
2021-04-16,150120.26,34572.26,,,,,
,,,江苏金租(600901.SH),2700,15471.00,5.73,-35.94
,,,济川药业(600566.SH),600,11844.00,19.74,-329.29
,,,淮河能源(600575.SH),6400,14080.00,2.2,-674.44
,,,厦门国贸(600755.SH),1900,12958.00,6.82,235.62
,,,隧道股份(600820.SH),2900,15573.00,5.37,-326.73
,,,华发股份(600325.SH),2800,17976.00,6.42,632.19
,,,南京高科(600064.SH),1700,16830.00,9.9,-566.93
,,,华数传媒(000156.SZ),1300,10816.00,8.32,25.47
2021-04-15,148281.26,34572.26,,,,,
,,,华数传媒(000156.SZ),1300,10556.00,8.12,-234.53
,,,淮河能源(600575.SH),6400,13824.00,2.16,-930.44
,,,济川药业(600566.SH),600,11532.00,19.22,-641.29
,,,华发股份(600325.SH),2800,17556.00,6.27,212.19
,,,隧道股份(600820.SH),2900,15457.00,5.33,-442.73
,,,南京高科(600064.SH),1700,16558.00,9.74,-838.93
,,,江苏金租(600901.SH),2700,15363.00,5.69,-143.94
,,,厦门国贸(600755.SH),1900,12863.00,6.77,140.62
2021-04-14,147398.26,34572.26,,,,,
,,,厦门国贸(600755.SH),1900,12369.00,6.51,-353.38
,,,江苏金租(600901.SH),2700,15255.00,5.65,-251.94
,,,华发股份(600325.SH),2800,17248.00,6.16,-95.81
,,,南京高科(600064.SH),1700,16558.00,9.74,-838.93
,,,济川药业(600566.SH),600,11562.00,19.27,-611.29
,,,华数传媒(000156.SZ),1300,10582.00,8.14,-208.53
,,,淮河能源(600575.SH),6400,13824.00,2.16,-930.44
,,,隧道股份(600820.SH),2900,15428.00,5.32,-471.73
2021-04-13,147130.26,34572.26,,,,,
,,,华发股份(600325.SH),2800,17192.00,6.14,-151.81
,,,淮河能源(600575.SH),6400,13760.00,2.15,-994.44
,,,厦门国贸(600755.SH),1900,12388.00,6.52,-334.38
,,,华数传媒(000156.SZ),1300,10530.00,8.1,-260.53
,,,南京高科(600064.SH),1700,16626.00,9.78,-770.93
,,,江苏金租(600901.SH),2700,14985.00,5.55,-521.94
,,,隧道股份(600820.SH),2900,15515.00,5.35,-384.73
,,,济川药业(600566.SH),600,11562.00,19.27,-611.29
2021-04-12,148147.26,34572.26,,,,,
,,,厦门国贸(600755.SH),1900,12635.00,6.65,-87.38
,,,隧道股份(600820.SH),2900,15573.00,5.37,-326.73
,,,华数传媒(000156.SZ),1300,10400.00,8,-390.53
,,,济川药业(600566.SH),600,11682.00,19.47,-491.29
,,,江苏金租(600901.SH),2700,15255.00,5.65,-251.94
,,,华发股份(600325.SH),2800,17388.00,6.21,44.19
,,,南京高科(600064.SH),1700,16626.00,9.78,-770.93
,,,淮河能源(600575.SH),6400,14016.00,2.19,-738.44
2021-04-09,148639.26,34572.26,,,,,
,,,淮河能源(600575.SH),6400,13952.00,2.18,-802.44
,,,华数传媒(000156.SZ),1300,10452.00,8.04,-338.53
,,,济川药业(600566.SH),600,11964.00,19.94,-209.29
,,,隧道股份(600820.SH),2900,15544.00,5.36,-355.73
,,,江苏金租(600901.SH),2700,15282.00,5.66,-224.94
,,,华发股份(600325.SH),2800,17416.00,6.22,72.19
,,,南京高科(600064.SH),1700,16898.00,9.94,-498.93
,,,厦门国贸(600755.SH),1900,12559.00,6.61,-163.38
2021-04-08,148737.26,34572.26,,,,,
,,,江苏金租(600901.SH),2700,15282.00,5.66,-224.94
,,,华发股份(600325.SH),2800,17220.00,6.15,-123.81
,,,华数传媒(000156.SZ),1300,10439.00,8.03,-351.53
,,,济川药业(600566.SH),600,11976.00,19.96,-197.29
,,,厦门国贸(600755.SH),1900,12483.00,6.57,-239.38
,,,淮河能源(600575.SH),6400,14272.00,2.23,-482.44
,,,南京高科(600064.SH),1700,16949.00,9.97,-447.93
,,,隧道股份(600820.SH),2900,15544.00,5.36,-355.73
2021-04-07,149436.26,34572.26,,,,,
,,,华数传媒(000156.SZ),1300,10556.00,8.12,-234.53
,,,江苏金租(600901.SH),2700,15255.00,5.65,-251.94
,,,隧道股份(600820.SH),2900,15718.00,5.42,-181.73
,,,厦门国贸(600755.SH),1900,12540.00,6.6,-182.38
,,,淮河能源(600575.SH),6400,14336.00,2.24,-418.44
,,,济川药业(600566.SH),600,11958.00,19.93,-215.29
,,,南京高科(600064.SH),1700,17085.00,10.05,-311.93
,,,华发股份(600325.SH),2800,17416.00,6.22,72.19
2021-04-06,148992.26,34572.26,,,,,
,,,南京高科(600064.SH),1700,17034.00,10.02,-362.93
,,,济川药业(600566.SH),600,12006.00,20.01,-167.29
,,,厦门国贸(600755.SH),1900,12521.00,6.59,-201.38
,,,华发股份(600325.SH),2800,17164.00,6.13,-179.81
,,,华数传媒(000156.SZ),1300,10543.00,8.11,-247.53
,,,隧道股份(600820.SH),2900,15689.00,5.41,-210.73
,,,江苏金租(600901.SH),2700,15255.00,5.65,-251.94
,,,淮河能源(600575.SH),6400,14208.00,2.22,-546.44
2021-04-02,149453.26,34572.26,,,,,
,,,隧道股份(600820.SH),2900,15805.00,5.45,-94.73
,,,淮河能源(600575.SH),6400,14144.00,2.21,-610.44
,,,厦门国贸(600755.SH),1900,12464.00,6.56,-258.38
,,,济川药业(600566.SH),600,12126.00,20.21,-47.29
,,,华发股份(600325.SH),2800,17248.00,6.16,-95.81
,,,南京高科(600064.SH),1700,17034.00,10.02,-362.93
,,,江苏金租(600901.SH),2700,15309.00,5.67,-197.94
,,,华数传媒(000156.SZ),1300,10751.00,8.27,-39.53
2021-04-01,150195.26,34572.26,,,,,
,,,厦门国贸(600755.SH),1900,12578.00,6.62,-144.38
,,,淮河能源(600575.SH),6400,14400.00,2.25,-354.44
,,,隧道股份(600820.SH),2900,15921.00,5.49,21.27
,,,华数传媒(000156.SZ),1300,10764.00,8.28,-26.53
,,,江苏金租(600901.SH),2700,15525.00,5.75,18.06
,,,南京高科(600064.SH),1700,17119.00,10.07,-277.93
,,,华发股份(600325.SH),2800,17220.00,6.15,-123.81
,,,济川药业(600566.SH),600,12096.00,20.16,-77.29
2021-03-31,150790.63,33163.63,,,,,
,,,西部建设(002302.SZ),1500,13680.00,9.12,523.75
,,,华发股份(600325.SH),2800,17220.00,6.15,-123.81
,,,新兴铸管(000778.SZ),3600,14472.00,4.02,1228.58
,,,厦门国贸(600755.SH),1900,12578.00,6.62,-144.38
,,,淮河能源(600575.SH),6400,14528.00,2.27,-226.44
,,,南京高科(600064.SH),1700,17119.00,10.07,-277.93
,,,华能蒙电(600863.SH),5900,16048.00,2.72,731.84
,,,济川药业(600566.SH),600,11982.00,19.97,-191.29
2021-03-30,150667.63,33163.63,,,,,
,,,新兴铸管(000778.SZ),3600,14256.00,3.96,1012.58
,,,华能蒙电(600863.SH),5900,16107.00,2.73,790.84
,,,厦门国贸(600755.SH),1900,12502.00,6.58,-220.38
,,,西部建设(002302.SZ),1500,13980.00,9.32,823.75
,,,济川药业(600566.SH),600,12060.00,20.1,-113.29
,,,华发股份(600325.SH),2800,17276.00,6.17,-67.81
,,,淮河能源(600575.SH),6400,14272.00,2.23,-482.44
,,,南京高科(600064.SH),1700,17051.00,10.03,-345.93
2021-03-29,148878.63,33163.63,,,,,
,,,华发股份(600325.SH),2800,17220.00,6.15,-123.81
,,,淮河能源(600575.SH),6400,14080.00,2.2,-674.44
,,,新兴铸管(000778.SZ),3600,14292.00,3.97,1048.58
,,,华能蒙电(600863.SH),5900,15222.00,2.58,-94.16
,,,西部建设(002302.SZ),1500,13320.00,8.88,163.75
,,,济川药业(600566.SH),600,12066.00,20.11,-107.29
,,,南京高科(600064.SH),1700,17051.00,10.03,-345.93
,,,厦门国贸(600755.SH),1900,12464.00,6.56,-258.38
2021-03-26,148107.63,33163.63,,,,,
,,,厦门国贸(600755.SH),1900,12635.00,6.65,-87.38
,,,新兴铸管(000778.SZ),3600,14112.00,3.92,868.58
,,,西部建设(002302.SZ),1500,12960.00,8.64,-196.25
,,,华能蒙电(600863.SH),5900,14927.00,2.53,-389.16
,,,济川药业(600566.SH),600,12138.00,20.23,-35.29
,,,淮河能源(600575.SH),6400,13952.00,2.18,-802.44
,,,南京高科(600064.SH),1700,17000.00,10,-396.93
,,,华发股份(600325.SH),2800,17220.00,6.15,-123.81
2021-03-25,147170.63,33163.63,,,,,
,,,新兴铸管(000778.SZ),3600,14076.00,3.91,832.58
,,,华能蒙电(600863.SH),5900,14632.00,2.48,-684.16
,,,南京高科(600064.SH),1700,16915.00,9.95,-481.93
,,,济川药业(600566.SH),600,12054.00,20.09,-119.29
,,,华发股份(600325.SH),2800,17192.00,6.14,-151.81
,,,淮河能源(600575.SH),6400,13888.00,2.17,-866.44
,,,西部建设(002302.SZ),1500,12615.00,8.41,-541.25
,,,厦门国贸(600755.SH),1900,12635.00,6.65,-87.38
2021-03-24,148543.63,33163.63,,,,,
,,,华发股份(600325.SH),2800,17248.00,6.16,-95.81
,,,厦门国贸(600755.SH),1900,12673.00,6.67,-49.38
,,,淮河能源(600575.SH),6400,14144.00,2.21,-610.44
,,,济川药业(600566.SH),600,12060.00,20.1,-113.29
,,,华能蒙电(600863.SH),5900,15517.00,2.63,200.84
,,,新兴铸管(000778.SZ),3600,14076.00,3.91,832.58
,,,西部建设(002302.SZ),1500,12645.00,8.43,-511.25
,,,南京高科(600064.SH),1700,17017.00,10.01,-379.93
2021-03-23,148753.63,33163.63,,,,,
,,,西部建设(002302.SZ),1500,12930.00,8.62,-226.25
,,,厦门国贸(600755.SH),1900,12673.00,6.67,-49.38
,,,南京高科(600064.SH),1700,17221.00,10.13,-175.93
,,,华发股份(600325.SH),2800,17388.00,6.21,44.19
,,,济川药业(600566.SH),600,12174.00,20.29,0.71
,,,华能蒙电(600863.SH),5900,14868.00,2.52,-448.16
,,,新兴铸管(000778.SZ),3600,14256.00,3.96,1012.58
,,,淮河能源(600575.SH),6400,14080.00,2.2,-674.44
2021-03-22,150089.63,33163.63,,,,,
,,,华能蒙电(600863.SH),5900,15517.00,2.63,200.84
,,,西部建设(002302.SZ),1500,12825.00,8.55,-331.25
,,,厦门国贸(600755.SH),1900,12768.00,6.72,45.62
,,,济川药业(600566.SH),600,12348.00,20.58,174.71
,,,华发股份(600325.SH),2800,17360.00,6.2,16.19
,,,新兴铸管(000778.SZ),3600,14688.00,4.08,1444.58
,,,南京高科(600064.SH),1700,17340.00,10.2,-56.93
,,,淮河能源(600575.SH),6400,14080.00,2.2,-674.44
2021-03-19,148600.63,33163.63,,,,,
,,,南京高科(600064.SH),1700,17187.00,10.11,-209.93
,,,华发股份(600325.SH),2800,17360.00,6.2,16.19
,,,华能蒙电(600863.SH),5900,14691.00,2.49,-625.16
,,,厦门国贸(600755.SH),1900,12635.00,6.65,-87.38
,,,淮河能源(600575.SH),6400,13760.00,2.15,-994.44
,,,新兴铸管(000778.SZ),3600,14688.00,4.08,1444.58
,,,济川药业(600566.SH),600,12336.00,20.56,162.71
,,,西部建设(002302.SZ),1500,12780.00,8.52,-376.25
2021-03-18,148715.63,33163.63,,,,,
,,,西部建设(002302.SZ),1500,12855.00,8.57,-301.25
,,,华能蒙电(600863.SH),5900,14396.00,2.44,-920.16
,,,南京高科(600064.SH),1700,17340.00,10.2,-56.93
,,,华发股份(600325.SH),2800,17500.00,6.25,156.19
,,,济川药业(600566.SH),600,12438.00,20.73,264.71
,,,厦门国贸(600755.SH),1900,12711.00,6.69,-11.38
,,,新兴铸管(000778.SZ),3600,14616.00,4.06,1372.58
,,,淮河能源(600575.SH),6400,13696.00,2.14,-1058.44
2021-03-17,149103.63,33163.63,,,,,
,,,新兴铸管(000778.SZ),3600,14688.00,4.08,1444.58
,,,西部建设(002302.SZ),1500,12990.00,8.66,-166.25
,,,淮河能源(600575.SH),6400,13696.00,2.14,-1058.44
,,,华能蒙电(600863.SH),5900,14219.00,2.41,-1097.16
,,,华发股份(600325.SH),2800,17556.00,6.27,212.19
,,,南京高科(600064.SH),1700,17476.00,10.28,79.07
,,,济川药业(600566.SH),600,12528.00,20.88,354.71
,,,厦门国贸(600755.SH),1900,12787.00,6.73,64.62
2021-03-16,150325.63,33163.63,,,,,
,,,济川药业(600566.SH),600,12390.00,20.65,216.71
,,,华发股份(600325.SH),2800,17668.00,6.31,324.19
,,,西部建设(002302.SZ),1500,13200.00,8.8,43.75
,,,华能蒙电(600863.SH),5900,14514.00,2.46,-802.16
,,,南京高科(600064.SH),1700,17629.00,10.37,232.07
,,,厦门国贸(600755.SH),1900,12825.00,6.75,102.62
,,,淮河能源(600575.SH),6400,13888.00,2.17,-866.44
,,,新兴铸管(000778.SZ),3600,15048.00,4.18,1804.58
2021-03-15,149680.63,33163.63,,,,,
,,,南京高科(600064.SH),1700,17425.00,10.25,28.07
,,,华能蒙电(600863.SH),5900,14455.00,2.45,-861.16
,,,华发股份(600325.SH),2800,17388.00,6.21,44.19
,,,济川药业(600566.SH),600,12222.00,20.37,48.71
,,,淮河能源(600575.SH),6400,13888.00,2.17,-866.44
,,,西部建设(002302.SZ),1500,13230.00,8.82,73.75
,,,厦门国贸(600755.SH),1900,12825.00,6.75,102.62
,,,新兴铸管(000778.SZ),3600,15084.00,4.19,1840.58
2021-03-12,149069.63,33163.63,,,,,
,,,新兴铸管(000778.SZ),3600,14868.00,4.13,1624.58
,,,济川药业(600566.SH),600,12132.00,20.22,-41.29
,,,华能蒙电(600863.SH),5900,14750.00,2.5,-566.16
,,,西部建设(002302.SZ),1500,13200.00,8.8,43.75
,,,南京高科(600064.SH),1700,17425.00,10.25,28.07
,,,淮河能源(600575.SH),6400,13696.00,2.14,-1058.44
,,,华发股份(600325.SH),2800,17276.00,6.17,-67.81
,,,厦门国贸(600755.SH),1900,12559.00,6.61,-163.38
2021-03-11,148446.63,33163.63,,,,,
,,,济川药业(600566.SH),600,12180.00,20.3,6.71
,,,南京高科(600064.SH),1700,17255.00,10.15,-141.93
,,,华能蒙电(600863.SH),5900,14278.00,2.42,-1038.16
,,,新兴铸管(000778.SZ),3600,15012.00,4.17,1768.58
,,,华发股份(600325.SH),2800,17164.00,6.13,-179.81
,,,厦门国贸(600755.SH),1900,12540.00,6.6,-182.38
,,,淮河能源(600575.SH),6400,13504.00,2.11,-1250.44
,,,西部建设(002302.SZ),1500,13350.00,8.9,193.75
2021-03-10,146122.63,33163.63,,,,,
,,,新兴铸管(000778.SZ),3600,14832.00,4.12,1588.58
,,,厦门国贸(600755.SH),1900,12350.00,6.5,-372.38
,,,西部建设(002302.SZ),1500,12405.00,8.27,-751.25
,,,华发股份(600325.SH),2800,17052.00,6.09,-291.81
,,,南京高科(600064.SH),1700,17000.00,10,-396.93
,,,淮河能源(600575.SH),6400,13248.00,2.07,-1506.44
,,,济川药业(600566.SH),600,12030.00,20.05,-143.29
,,,华能蒙电(600863.SH),5900,14042.00,2.38,-1274.16
2021-03-09,148170.63,33163.63,,,,,
,,,厦门国贸(600755.SH),1900,12673.00,6.67,-49.38
,,,华发股份(600325.SH),2800,17080.00,6.1,-263.81
,,,济川药业(600566.SH),600,12294.00,20.49,120.71
,,,淮河能源(600575.SH),6400,13632.00,2.13,-1122.44
,,,南京高科(600064.SH),1700,17085.00,10.05,-311.93
,,,华能蒙电(600863.SH),5900,14160.00,2.4,-1156.16
,,,西部建设(002302.SZ),1500,12675.00,8.45,-481.25
,,,新兴铸管(000778.SZ),3600,15408.00,4.28,2164.58
2021-03-08,147864.63,33163.63,,,,,
,,,淮河能源(600575.SH),6400,13632.00,2.13,-1122.44
,,,华能蒙电(600863.SH),5900,14219.00,2.41,-1097.16
,,,济川药业(600566.SH),600,12444.00,20.74,270.71
,,,南京高科(600064.SH),1700,17289.00,10.17,-107.93
,,,西部建设(002302.SZ),1500,13155.00,8.77,-1.25
,,,华发股份(600325.SH),2800,17304.00,6.18,-39.81
,,,新兴铸管(000778.SZ),3600,14004.00,3.89,760.58
,,,厦门国贸(600755.SH),1900,12654.00,6.66,-68.38
2021-03-05,148161.63,33163.63,,,,,
,,,华能蒙电(600863.SH),5900,14160.00,2.4,-1156.16
,,,华发股份(600325.SH),2800,17472.00,6.24,128.19
,,,厦门国贸(600755.SH),1900,12616.00,6.64,-106.38
,,,新兴铸管(000778.SZ),3600,13860.00,3.85,616.58
,,,济川药业(600566.SH),600,12540.00,20.9,366.71
,,,南京高科(600064.SH),1700,17323.00,10.19,-73.93
,,,西部建设(002302.SZ),1500,13395.00,8.93,238.75
,,,淮河能源(600575.SH),6400,13632.00,2.13,-1122.44
2021-03-04,148072.63,33163.63,,,,,
,,,华能蒙电(600863.SH),5900,14101.00,2.39,-1215.16
,,,新兴铸管(000778.SZ),3600,13968.00,3.88,724.58
,,,济川药业(600566.SH),600,12294.00,20.49,120.71
,,,华发股份(600325.SH),2800,17472.00,6.24,128.19
,,,西部建设(002302.SZ),1500,13695.00,9.13,538.75
,,,淮河能源(600575.SH),6400,13632.00,2.13,-1122.44
,,,南京高科(600064.SH),1700,17340.00,10.2,-56.93
,,,厦门国贸(600755.SH),1900,12407.00,6.53,-315.38
2021-03-03,147692.63,33163.63,,,,,
,,,华发股份(600325.SH),2800,17584.00,6.28,240.19
,,,济川药业(600566.SH),600,12252.00,20.42,78.71
,,,华能蒙电(600863.SH),5900,14042.00,2.38,-1274.16
,,,南京高科(600064.SH),1700,17425.00,10.25,28.07
,,,厦门国贸(600755.SH),1900,12483.00,6.57,-239.38
,,,淮河能源(600575.SH),6400,13440.00,2.1,-1314.44
,,,新兴铸管(000778.SZ),3600,13968.00,3.88,724.58
,,,西部建设(002302.SZ),1500,13335.00,8.89,178.75
2021-03-02,145916.63,33163.63,,,,,
,,,华发股份(600325.SH),2800,17444.00,6.23,100.19
,,,南京高科(600064.SH),1700,16779.00,9.87,-617.93
,,,淮河能源(600575.SH),6400,13312.00,2.08,-1442.44
,,,厦门国贸(600755.SH),1900,12274.00,6.46,-448.38
,,,新兴铸管(000778.SZ),3600,13464.00,3.74,220.58
,,,济川药业(600566.SH),600,12282.00,20.47,108.71
,,,西部建设(002302.SZ),1500,13215.00,8.81,58.75
,,,华能蒙电(600863.SH),5900,13983.00,2.37,-1333.16
2021-03-01,146217.63,33163.63,,,,,
,,,新兴铸管(000778.SZ),3600,13572.00,3.77,328.58
,,,西部建设(002302.SZ),1500,13200.00,8.8,43.75
,,,华发股份(600325.SH),2800,17640.00,6.3,296.19
,,,厦门国贸(600755.SH),1900,12312.00,6.48,-410.38
,,,南京高科(600064.SH),1700,17034.00,10.02,-362.93
,,,济川药业(600566.SH),600,12168.00,20.28,-5.29
,,,淮河能源(600575.SH),6400,13440.00,2.1,-1314.44
,,,华能蒙电(600863.SH),5900,13688.00,2.32,-1628.16
2021-02-26,145453.63,33163.63,,,,,
,,,新兴铸管(000778.SZ),3600,13356.00,3.71,112.58
,,,南京高科(600064.SH),1700,17000.00,10,-396.93
,,,济川药业(600566.SH),600,11910.00,19.85,-263.29
,,,厦门国贸(600755.SH),1900,12274.00,6.46,-448.38
,,,淮河能源(600575.SH),6400,13312.00,2.08,-1442.44
,,,华发股份(600325.SH),2800,17640.00,6.3,296.19
,,,华能蒙电(600863.SH),5900,13688.00,2.32,-1628.16
,,,西部建设(002302.SZ),1500,13110.00,8.74,-46.25
2021-02-25,147524.63,33163.63,,,,,
,,,西部建设(002302.SZ),1500,13200.00,8.8,43.75
,,,华能蒙电(600863.SH),5900,13806.00,2.34,-1510.16
,,,新兴铸管(000778.SZ),3600,13680.00,3.8,436.58
,,,淮河能源(600575.SH),6400,13440.00,2.1,-1314.44
,,,华发股份(600325.SH),2800,18368.00,6.56,1024.19
,,,厦门国贸(600755.SH),1900,12540.00,6.6,-182.38
,,,南京高科(600064.SH),1700,17357.00,10.21,-39.93
,,,济川药业(600566.SH),600,11970.00,19.95,-203.29
2021-02-24,145888.63,33163.63,,,,,
,,,华能蒙电(600863.SH),5900,13865.00,2.35,-1451.16
,,,南京高科(600064.SH),1700,16864.00,9.92,-532.93
,,,华发股份(600325.SH),2800,17388.00,6.21,44.19
,,,新兴铸管(000778.SZ),3600,13680.00,3.8,436.58
,,,淮河能源(600575.SH),6400,13376.00,2.09,-1378.44
,,,济川药业(600566.SH),600,11964.00,19.94,-209.29
,,,西部建设(002302.SZ),1500,13200.00,8.8,43.75
,,,厦门国贸(600755.SH),1900,12388.00,6.52,-334.38
2021-02-23,146326.63,33163.63,,,,,
,,,淮河能源(600575.SH),6400,13376.00,2.09,-1378.44
,,,南京高科(600064.SH),1700,17051.00,10.03,-345.93
,,,西部建设(002302.SZ),1500,13110.00,8.74,-46.25
,,,华能蒙电(600863.SH),5900,13924.00,2.36,-1392.16
,,,新兴铸管(000778.SZ),3600,13752.00,3.82,508.58
,,,华发股份(600325.SH),2800,17472.00,6.24,128.19
,,,厦门国贸(600755.SH),1900,12388.00,6.52,-334.38
,,,济川药业(600566.SH),600,12090.00,20.15,-83.29
2021-02-22,146611.63,33163.63,,,,,
,,,西部建设(002302.SZ),1500,13110.00,8.74,-46.25
,,,淮河能源(600575.SH),6400,13440.00,2.1,-1314.44
,,,南京高科(600064.SH),1700,17119.00,10.07,-277.93
,,,华发股份(600325.SH),2800,17556.00,6.27,212.19
,,,华能蒙电(600863.SH),5900,13806.00,2.34,-1510.16
,,,新兴铸管(000778.SZ),3600,13716.00,3.81,472.58
,,,济川药业(600566.SH),600,12180.00,20.3,6.71
,,,厦门国贸(600755.SH),1900,12521.00,6.59,-201.38
2021-02-19,145186.63,33163.63,,,,,
,,,厦门国贸(600755.SH),1900,12445.00,6.55,-277.38
,,,南京高科(600064.SH),1700,17034.00,10.02,-362.93
,,,西部建设(002302.SZ),1500,12975.00,8.65,-181.25
,,,济川药业(600566.SH),600,12054.00,20.09,-119.29
,,,华发股份(600325.SH),2800,17500.00,6.25,156.19
,,,华能蒙电(600863.SH),5900,13511.00,2.29,-1805.16
,,,淮河能源(600575.SH),6400,13184.00,2.06,-1570.44
,,,新兴铸管(000778.SZ),3600,13320.00,3.7,76.58
2021-02-18,142425.63,33163.63,,,,,
,,,南京高科(600064.SH),1700,16626.00,9.78,-770.93
,,,新兴铸管(000778.SZ),3600,13068.00,3.63,-175.42
,,,华能蒙电(600863.SH),5900,13157.00,2.23,-2159.16
,,,淮河能源(600575.SH),6400,12864.00,2.01,-1890.44
,,,济川药业(600566.SH),600,11958.00,19.93,-215.29
,,,西部建设(002302.SZ),1500,12405.00,8.27,-751.25
,,,厦门国贸(600755.SH),1900,12160.00,6.4,-562.38
,,,华发股份(600325.SH),2800,17024.00,6.08,-319.81
2021-02-10,140827.63,33163.63,,,,,
,,,华能蒙电(600863.SH),5900,13098.00,2.22,-2218.16
,,,新兴铸管(000778.SZ),3600,12780.00,3.55,-463.42
,,,济川药业(600566.SH),600,11796.00,19.66,-377.29
,,,西部建设(002302.SZ),1500,12135.00,8.09,-1021.25
,,,华发股份(600325.SH),2800,16800.00,6,-543.81
,,,淮河能源(600575.SH),6400,12672.00,1.98,-2082.44
,,,厦门国贸(600755.SH),1900,12046.00,6.34,-676.38
,,,南京高科(600064.SH),1700,16337.00,9.61,-1059.93
2021-02-09,140493.63,33163.63,,,,,
,,,新兴铸管(000778.SZ),3600,12852.00,3.57,-391.42
,,,济川药业(600566.SH),600,11604.00,19.34,-569.29
,,,西部建设(002302.SZ),1500,12075.00,8.05,-1081.25
,,,华能蒙电(600863.SH),5900,13039.00,2.21,-2277.16
,,,淮河能源(600575.SH),6400,12608.00,1.97,-2146.44
,,,南京高科(600064.SH),1700,16354.00,9.62,-1042.93
,,,华发股份(600325.SH),2800,16828.00,6.01,-515.81
,,,厦门国贸(600755.SH),1900,11970.00,6.3,-752.38
2021-02-08,139746.63,33163.63,,,,,
,,,华能蒙电(600863.SH),5900,12921.00,2.19,-2395.16
,,,济川药业(600566.SH),600,11490.00,19.15,-683.29
,,,华发股份(600325.SH),2800,16884.00,6.03,-459.81
,,,厦门国贸(600755.SH),1900,11837.00,6.23,-885.38
,,,西部建设(002302.SZ),1500,11790.00,7.86,-1366.25
,,,南京高科(600064.SH),1700,16337.00,9.61,-1059.93
,,,淮河能源(600575.SH),6400,12544.00,1.96,-2210.44
,,,新兴铸管(000778.SZ),3600,12780.00,3.55,-463.42
2021-02-05,138979.63,33163.63,,,,,
,,,新兴铸管(000778.SZ),3600,12600.00,3.5,-643.42
,,,华能蒙电(600863.SH),5900,12921.00,2.19,-2395.16
,,,济川药业(600566.SH),600,11376.00,18.96,-797.29
,,,西部建设(002302.SZ),1500,11700.00,7.8,-1456.25
,,,淮河能源(600575.SH),6400,12480.00,1.95,-2274.44
,,,南京高科(600064.SH),1700,16150.00,9.5,-1246.93
,,,华发股份(600325.SH),2800,16828.00,6.01,-515.81
,,,厦门国贸(600755.SH),1900,11761.00,6.19,-961.38
2021-02-04,138837.63,33163.63,,,,,
,,,华发股份(600325.SH),2800,16800.00,6,-543.81
,,,新兴铸管(000778.SZ),3600,12600.00,3.5,-643.42
,,,南京高科(600064.SH),1700,15878.00,9.34,-1518.93
,,,西部建设(002302.SZ),1500,11820.00,7.88,-1336.25
,,,淮河能源(600575.SH),6400,12416.00,1.94,-2338.44
,,,济川药业(600566.SH),600,11472.00,19.12,-701.29
,,,华能蒙电(600863.SH),5900,13098.00,2.22,-2218.16
,,,厦门国贸(600755.SH),1900,11590.00,6.1,-1132.38
2021-02-03,140092.63,33163.63,,,,,
,,,新兴铸管(000778.SZ),3600,12636.00,3.51,-607.42
,,,厦门国贸(600755.SH),1900,11647.00,6.13,-1075.38
,,,济川药业(600566.SH),600,11646.00,19.41,-527.29
,,,淮河能源(600575.SH),6400,12736.00,1.99,-2018.44
,,,华能蒙电(600863.SH),5900,12803.00,2.17,-2513.16
,,,南京高科(600064.SH),1700,15997.00,9.41,-1399.93
,,,西部建设(002302.SZ),1500,12300.00,8.2,-856.25
,,,华发股份(600325.SH),2800,17164.00,6.13,-179.81
2021-02-02,141177.63,33163.63,,,,,
,,,济川药业(600566.SH),600,11814.00,19.69,-359.29
,,,华发股份(600325.SH),2800,16968.00,6.06,-375.81
,,,西部建设(002302.SZ),1500,12495.00,8.33,-661.25
,,,新兴铸管(000778.SZ),3600,12708.00,3.53,-535.42
,,,南京高科(600064.SH),1700,16218.00,9.54,-1178.93
,,,华能蒙电(600863.SH),5900,13039.00,2.21,-2277.16
,,,淮河能源(600575.SH),6400,12992.00,2.03,-1762.44
,,,厦门国贸(600755.SH),1900,11780.00,6.2,-942.38
2021-02-01,141540.63,33163.63,,,,,
,,,西部建设(002302.SZ),1500,12435.00,8.29,-721.25
,,,新兴铸管(000778.SZ),3600,12960.00,3.6,-283.42
,,,厦门国贸(600755.SH),1900,11685.00,6.15,-1037.38
,,,淮河能源(600575.SH),6400,12928.00,2.02,-1826.44
,,,济川药业(600566.SH),600,11328.00,18.88,-845.29
,,,华发股份(600325.SH),2800,17472.00,6.24,128.19
,,,南京高科(600064.SH),1700,16235.00,9.55,-1161.93
,,,华能蒙电(600863.SH),5900,13334.00,2.26,-1982.16
2021-01-29,142115.63,33163.63,,,,,
,,,新兴铸管(000778.SZ),3600,13032.00,3.62,-211.42
,,,西部建设(002302.SZ),1500,12390.00,8.26,-766.25
,,,华能蒙电(600863.SH),5900,13570.00,2.3,-1746.16
,,,厦门国贸(600755.SH),1900,11647.00,6.13,-1075.38
,,,南京高科(600064.SH),1700,16099.00,9.47,-1297.93
,,,华发股份(600325.SH),2800,17836.00,6.37,492.19
,,,济川药业(600566.SH),600,11130.00,18.55,-1043.29
,,,淮河能源(600575.SH),6400,13248.00,2.07,-1506.44
2021-01-28,142517.63,33163.63,,,,,
,,,济川药业(600566.SH),600,11094.00,18.49,-1079.29
,,,华发股份(600325.SH),2800,17444.00,6.23,100.19
,,,西部建设(002302.SZ),1500,12510.00,8.34,-646.25
,,,南京高科(600064.SH),1700,16235.00,9.55,-1161.93
,,,新兴铸管(000778.SZ),3600,13068.00,3.63,-175.42
,,,淮河能源(600575.SH),6400,13632.00,2.13,-1122.44
,,,华能蒙电(600863.SH),5900,13629.00,2.31,-1687.16
,,,厦门国贸(600755.SH),1900,11742.00,6.18,-980.38
2021-01-27,143586.63,33163.63,,,,,
,,,华发股份(600325.SH),2800,17472.00,6.24,128.19
,,,淮河能源(600575.SH),6400,13376.00,2.09,-1378.44
,,,厦门国贸(600755.SH),1900,11894.00,6.26,-828.38
,,,新兴铸管(000778.SZ),3600,13140.00,3.65,-103.42
,,,济川药业(600566.SH),600,11400.00,19,-773.29
,,,西部建设(002302.SZ),1500,12735.00,8.49,-421.25
,,,华能蒙电(600863.SH),5900,13865.00,2.35,-1451.16
,,,南京高科(600064.SH),1700,16541.00,9.73,-855.93
2021-01-26,142976.63,33163.63,,,,,
,,,南京高科(600064.SH),1700,16507.00,9.71,-889.93
,,,淮河能源(600575.SH),6400,13376.00,2.09,-1378.44
,,,新兴铸管(000778.SZ),3600,13176.00,3.66,-67.42
,,,西部建设(002302.SZ),1500,12825.00,8.55,-331.25
,,,华发股份(600325.SH),2800,16632.00,5.94,-711.81
,,,济川药业(600566.SH),600,11496.00,19.16,-677.29
,,,华能蒙电(600863.SH),5900,13983.00,2.37,-1333.16
,,,厦门国贸(600755.SH),1900,11818.00,6.22,-904.38
2021-01-25,144252.63,33163.63,,,,,
,,,厦门国贸(600755.SH),1900,11970.00,6.3,-752.38
,,,济川药业(600566.SH),600,11790.00,19.65,-383.29
,,,华能蒙电(600863.SH),5900,14219.00,2.41,-1097.16
,,,南京高科(600064.SH),1700,16762.00,9.86,-634.93
,,,淮河能源(600575.SH),6400,13504.00,2.11,-1250.44
,,,西部建设(002302.SZ),1500,12780.00,8.52,-376.25
,,,华发股份(600325.SH),2800,16744.00,5.98,-599.81
,,,新兴铸管(000778.SZ),3600,13320.00,3.7,76.58
2021-01-22,145511.63,33163.63,,,,,
,,,新兴铸管(000778.SZ),3600,13500.00,3.75,256.58
,,,南京高科(600064.SH),1700,16932.00,9.96,-464.93
,,,济川药业(600566.SH),600,11982.00,19.97,-191.29
,,,华能蒙电(600863.SH),5900,14219.00,2.41,-1097.16
,,,淮河能源(600575.SH),6400,13632.00,2.13,-1122.44
,,,华发股份(600325.SH),2800,17080.00,6.1,-263.81
,,,西部建设(002302.SZ),1500,12900.00,8.6,-256.25
,,,厦门国贸(600755.SH),1900,12103.00,6.37,-619.38
2021-01-21,147220.63,33163.63,,,,,
,,,华发股份(600325.SH),2800,17332.00,6.19,-11.81
,,,华能蒙电(600863.SH),5900,14396.00,2.44,-920.16
,,,新兴铸管(000778.SZ),3600,13680.00,3.8,436.58
,,,西部建设(002302.SZ),1500,13140.00,8.76,-16.25
,,,厦门国贸(600755.SH),1900,12369.00,6.51,-353.38
,,,济川药业(600566.SH),600,11946.00,19.91,-227.29
,,,南京高科(600064.SH),1700,17306.00,10.18,-90.93
,,,淮河能源(600575.SH),6400,13888.00,2.17,-866.44
2021-01-20,147385.63,33163.63,,,,,
,,,西部建设(002302.SZ),1500,13170.00,8.78,13.75
,,,济川药业(600566.SH),600,11934.00,19.89,-239.29
,,,新兴铸管(000778.SZ),3600,13716.00,3.81,472.58
,,,厦门国贸(600755.SH),1900,12274.00,6.46,-448.38
,,,华发股份(600325.SH),2800,17360.00,6.2,16.19
,,,南京高科(600064.SH),1700,17425.00,10.25,28.07
,,,华能蒙电(600863.SH),5900,14455.00,2.45,-861.16
,,,淮河能源(600575.SH),6400,13888.00,2.17,-866.44
2021-01-19,148276.63,33163.63,,,,,
,,,厦门国贸(600755.SH),1900,12350.00,6.5,-372.38
,,,华发股份(600325.SH),2800,17696.00,6.32,352.19
,,,新兴铸管(000778.SZ),3600,13752.00,3.82,508.58
,,,淮河能源(600575.SH),6400,13888.00,2.17,-866.44
,,,华能蒙电(600863.SH),5900,14573.00,2.47,-743.16
,,,南京高科(600064.SH),1700,17459.00,10.27,62.07
,,,西部建设(002302.SZ),1500,13365.00,8.91,208.75
,,,济川药业(600566.SH),600,12030.00,20.05,-143.29
2021-01-18,147439.63,33163.63,,,,,
,,,济川药业(600566.SH),600,11964.00,19.94,-209.29
,,,华能蒙电(600863.SH),5900,14573.00,2.47,-743.16
,,,厦门国贸(600755.SH),1900,12312.00,6.48,-410.38
,,,西部建设(002302.SZ),1500,13260.00,8.84,103.75
,,,南京高科(600064.SH),1700,17323.00,10.19,-73.93
,,,新兴铸管(000778.SZ),3600,13716.00,3.81,472.58
,,,华发股份(600325.SH),2800,17304.00,6.18,-39.81
,,,淮河能源(600575.SH),6400,13824.00,2.16,-930.44
2021-01-15,147325.63,33163.63,,,,,
,,,济川药业(600566.SH),600,12012.00,20.02,-161.29
,,,西部建设(002302.SZ),1500,13200.00,8.8,43.75
,,,淮河能源(600575.SH),6400,13824.00,2.16,-930.44
,,,厦门国贸(600755.SH),1900,12369.00,6.51,-353.38
,,,华发股份(600325.SH),2800,17164.00,6.13,-179.81
,,,华能蒙电(600863.SH),5900,14573.00,2.47,-743.16
,,,新兴铸管(000778.SZ),3600,13680.00,3.8,436.58
,,,南京高科(600064.SH),1700,17340.00,10.2,-56.93
2021-01-14,147201.63,33163.63,,,,,
,,,西部建设(002302.SZ),1500,13245.00,8.83,88.75
,,,新兴铸管(000778.SZ),3600,13788.00,3.83,544.58
,,,济川药业(600566.SH),600,11946.00,19.91,-227.29
,,,淮河能源(600575.SH),6400,13696.00,2.14,-1058.44
,,,厦门国贸(600755.SH),1900,12103.00,6.37,-619.38
,,,华能蒙电(600863.SH),5900,14750.00,2.5,-566.16
,,,南京高科(600064.SH),1700,17374.00,10.22,-22.93
,,,华发股份(600325.SH),2800,17136.00,6.12,-207.81
2021-01-13,146088.63,33163.63,,,,,
,,,淮河能源(600575.SH),6400,13568.00,2.12,-1186.44
,,,新兴铸管(000778.SZ),3600,13860.00,3.85,616.58
,,,南京高科(600064.SH),1700,16949.00,9.97,-447.93
,,,华能蒙电(600863.SH),5900,14691.00,2.49,-625.16
,,,济川药业(600566.SH),600,11844.00,19.74,-329.29
,,,西部建设(002302.SZ),1500,12990.00,8.66,-166.25
,,,厦门国贸(600755.SH),1900,12027.00,6.33,-695.38
,,,华发股份(600325.SH),2800,16996.00,6.07,-347.81
2021-01-12,146236.63,33163.63,,,,,
,,,西部建设(002302.SZ),1500,12960.00,8.64,-196.25
,,,华能蒙电(600863.SH),5900,14632.00,2.48,-684.16
,,,新兴铸管(000778.SZ),3600,13716.00,3.81,472.58
,,,淮河能源(600575.SH),6400,13696.00,2.14,-1058.44
,,,南京高科(600064.SH),1700,17017.00,10.01,-379.93
,,,华发股份(600325.SH),2800,16800.00,6,-543.81
,,,济川药业(600566.SH),600,12054.00,20.09,-119.29
,,,厦门国贸(600755.SH),1900,12198.00,6.42,-524.38
2021-01-11,145727.63,33163.63,,,,,
,,,新兴铸管(000778.SZ),3600,13428.00,3.73,184.58
,,,厦门国贸(600755.SH),1900,12179.00,6.41,-543.38
,,,华发股份(600325.SH),2800,16800.00,6,-543.81
,,,西部建设(002302.SZ),1500,12840.00,8.56,-316.25
,,,华能蒙电(600863.SH),5900,14632.00,2.48,-684.16
,,,淮河能源(600575.SH),6400,13696.00,2.14,-1058.44
,,,济川药业(600566.SH),600,12108.00,20.18,-65.29
,,,南京高科(600064.SH),1700,16881.00,9.93,-515.93
2021-01-08,147585.63,33163.63,,,,,
,,,南京高科(600064.SH),1700,17102.00,10.06,-294.93
,,,厦门国贸(600755.SH),1900,12464.00,6.56,-258.38
,,,济川药业(600566.SH),600,12252.00,20.42,78.71
,,,华能蒙电(600863.SH),5900,14986.00,2.54,-330.16
,,,华发股份(600325.SH),2800,16800.00,6,-543.81
,,,西部建设(002302.SZ),1500,13230.00,8.82,73.75
,,,新兴铸管(000778.SZ),3600,13572.00,3.77,328.58
,,,淮河能源(600575.SH),6400,14016.00,2.19,-738.44
2021-01-07,146568.63,33163.63,,,,,
,,,新兴铸管(000778.SZ),3600,13464.00,3.74,220.58
,,,西部建设(002302.SZ),1500,13050.00,8.7,-106.25
,,,华发股份(600325.SH),2800,16632.00,5.94,-711.81
,,,南京高科(600064.SH),1700,16915.00,9.95,-481.93
,,,厦门国贸(600755.SH),1900,12293.00,6.47,-429.38
,,,淮河能源(600575.SH),6400,14016.00,2.19,-738.44
,,,济川药业(600566.SH),600,12108.00,20.18,-65.29
,,,华能蒙电(600863.SH),5900,14927.00,2.53,-389.16
2021-01-06,148509.63,33163.63,,,,,
,,,厦门国贸(600755.SH),1900,12616.00,6.64,-106.38
,,,华能蒙电(600863.SH),5900,15104.00,2.56,-212.16
,,,淮河能源(600575.SH),6400,14208.00,2.22,-546.44
,,,西部建设(002302.SZ),1500,13605.00,9.07,448.75
,,,南京高科(600064.SH),1700,17153.00,10.09,-243.93
,,,济川药业(600566.SH),600,12372.00,20.62,198.71
,,,新兴铸管(000778.SZ),3600,13320.00,3.7,76.58
,,,华发股份(600325.SH),2800,16968.00,6.06,-375.81
2021-01-05,148633.63,33163.63,,,,,
,,,厦门国贸(600755.SH),1900,12597.00,6.63,-125.38
,,,西部建设(002302.SZ),1500,13455.00,8.97,298.75
,,,淮河能源(600575.SH),6400,14400.00,2.25,-354.44
,,,新兴铸管(000778.SZ),3600,13248.00,3.68,4.58
,,,华能蒙电(600863.SH),5900,14927.00,2.53,-389.16
,,,南京高科(600064.SH),1700,17289.00,10.17,-107.93
,,,华发股份(600325.SH),2800,17080.00,6.1,-263.81
,,,济川药业(600566.SH),600,12474.00,20.79,300.71
2021-01-04,148669.63,33163.63,,,,,
,,,华发股份(600325.SH),2800,16996.00,6.07,-347.81
,,,新兴铸管(000778.SZ),3600,13356.00,3.71,112.58
,,,西部建设(002302.SZ),1500,13215.00,8.81,58.75
,,,济川药业(600566.SH),600,12168.00,20.28,-5.29
,,,厦门国贸(600755.SH),1900,12654.00,6.66,-68.38
,,,淮河能源(600575.SH),6400,14656.00,2.29,-98.44
,,,华能蒙电(600863.SH),5900,15104.00,2.56,-212.16
,,,南京高科(600064.SH),1700,17357.00,10.21,-39.93
2020-12-31,149686.73,31788.73,,,,,
,,,东方材料(603110.SH),400,11436.00,28.59,3879.93
,,,太平鸟(603877.SH),200,6000.00,30,423.88
,,,华能蒙电(600863.SH),7600,19532.00,2.57,-197.29
,,,歌力思(603808.SH),600,7920.00,13.2,-784.36
,,,杭叉集团(603298.SH),800,16808.00,21.01,7875.50
,,,凤凰传媒(601928.SH),2400,15192.00,6.33,-2151.81
,,,美凯龙(601828.SH),2000,16980.00,8.49,-2324.31
,,,中煤能源(601898.SH),5400,24030.00,4.45,2542.68
2020-12-30,150360.73,31788.73,,,,,
,,,杭叉集团(603298.SH),800,17272.00,21.59,8339.50
,,,华能蒙电(600863.SH),7600,19684.00,2.59,-45.29
,,,太平鸟(603877.SH),200,5958.00,29.79,381.88
,,,美凯龙(601828.SH),2000,17080.00,8.54,-2224.31
,,,东方材料(603110.SH),400,11460.00,28.65,3903.93
,,,中煤能源(601898.SH),5400,24246.00,4.49,2758.68
,,,凤凰传媒(601928.SH),2400,15192.00,6.33,-2151.81
,,,歌力思(603808.SH),600,7680.00,12.8,-1024.36
2020-12-29,150426.73,31788.73,,,,,
,,,中煤能源(601898.SH),5400,23598.00,4.37,2110.68
,,,杭叉集团(603298.SH),800,17672.00,22.09,8739.50
,,,歌力思(603808.SH),600,7548.00,12.58,-1156.36
,,,美凯龙(601828.SH),2000,17300.00,8.65,-2004.31
,,,东方材料(603110.SH),400,11480.00,28.7,3923.93
,,,华能蒙电(600863.SH),7600,19760.00,2.6,30.71
,,,凤凰传媒(601928.SH),2400,15216.00,6.34,-2127.81
,,,太平鸟(603877.SH),200,6064.00,30.32,487.88
2020-12-28,152252.73,31788.73,,,,,
,,,美凯龙(601828.SH),2000,17200.00,8.6,-2104.31
,,,杭叉集团(603298.SH),800,18040.00,22.55,9107.50
,,,歌力思(603808.SH),600,7536.00,12.56,-1168.36
,,,华能蒙电(600863.SH),7600,20216.00,2.66,486.71
,,,凤凰传媒(601928.SH),2400,15144.00,6.31,-2199.81
,,,中煤能源(601898.SH),5400,24570.00,4.55,3082.68
,,,东方材料(603110.SH),400,11680.00,29.2,4123.93
,,,太平鸟(603877.SH),200,6078.00,30.39,501.88
2020-12-25,151538.73,31788.73,,,,,
,,,凤凰传媒(601928.SH),2400,15312.00,6.38,-2031.81
,,,美凯龙(601828.SH),2000,17260.00,8.63,-2044.31
,,,中煤能源(601898.SH),5400,24462.00,4.53,2974.68
,,,太平鸟(603877.SH),200,6180.00,30.9,603.88
,,,东方材料(603110.SH),400,11828.00,29.57,4271.93
,,,歌力思(603808.SH),600,7452.00,12.42,-1252.36
,,,杭叉集团(603298.SH),800,17344.00,21.68,8411.50
,,,华能蒙电(600863.SH),7600,19912.00,2.62,182.71
2020-12-24,149162.73,31788.73,,,,,
,,,美凯龙(601828.SH),2000,16880.00,8.44,-2424.31
,,,华能蒙电(600863.SH),7600,19304.00,2.54,-425.29
,,,歌力思(603808.SH),600,7410.00,12.35,-1294.36
,,,东方材料(603110.SH),400,10752.00,26.88,3195.93
,,,凤凰传媒(601928.SH),2400,15336.00,6.39,-2007.81
,,,太平鸟(603877.SH),200,6180.00,30.9,603.88
,,,中煤能源(601898.SH),5400,23976.00,4.44,2488.68
,,,杭叉集团(603298.SH),800,17536.00,21.92,8603.50
2020-12-23,150184.73,31788.73,,,,,
,,,华能蒙电(600863.SH),7600,19532.00,2.57,-197.29
,,,歌力思(603808.SH),600,7524.00,12.54,-1180.36
,,,美凯龙(601828.SH),2000,17160.00,8.58,-2144.31
,,,东方材料(603110.SH),400,10504.00,26.26,2947.93
,,,中煤能源(601898.SH),5400,23760.00,4.4,2272.68
,,,太平鸟(603877.SH),200,6380.00,31.9,803.88
,,,杭叉集团(603298.SH),800,17696.00,22.12,8763.50
,,,凤凰传媒(601928.SH),2400,15840.00,6.6,-1503.81
2020-12-22,148102.73,31788.73,,,,,
,,,凤凰传媒(601928.SH),2400,15888.00,6.62,-1455.81
,,,杭叉集团(603298.SH),800,17480.00,21.85,8547.50
,,,东方材料(603110.SH),400,9548.00,23.87,1991.93
,,,太平鸟(603877.SH),200,6462.00,32.31,885.88
,,,美凯龙(601828.SH),2000,17040.00,8.52,-2264.31
,,,华能蒙电(600863.SH),7600,19152.00,2.52,-577.29
,,,歌力思(603808.SH),600,7524.00,12.54,-1180.36
,,,中煤能源(601898.SH),5400,23220.00,4.3,1732.68
2020-12-21,149846.73,31788.73,,,,,
,,,歌力思(603808.SH),600,7470.00,12.45,-1234.36
,,,凤凰传媒(601928.SH),2400,16224.00,6.76,-1119.81
,,,美凯龙(601828.SH),2000,17020.00,8.51,-2284.31
,,,杭叉集团(603298.SH),800,17880.00,22.35,8947.50
,,,东方材料(603110.SH),400,8680.00,21.7,1123.93
,,,华能蒙电(600863.SH),7600,19608.00,2.58,-121.29
,,,太平鸟(603877.SH),200,6606.00,33.03,1029.88
,,,中煤能源(601898.SH),5400,24570.00,4.55,3082.68
2020-12-18,148058.73,31788.73,,,,,
,,,歌力思(603808.SH),600,7470.00,12.45,-1234.36
,,,美凯龙(601828.SH),2000,16900.00,8.45,-2404.31
,,,东方材料(603110.SH),400,7892.00,19.73,335.93
,,,凤凰传媒(601928.SH),2400,16200.00,6.75,-1143.81
,,,杭叉集团(603298.SH),800,16960.00,21.2,8027.50
,,,太平鸟(603877.SH),200,6616.00,33.08,1039.88
,,,华能蒙电(600863.SH),7600,19608.00,2.58,-121.29
,,,中煤能源(601898.SH),5400,24624.00,4.56,3136.68
2020-12-17,147628.73,31788.73,,,,,
,,,中煤能源(601898.SH),5400,23328.00,4.32,1840.68
,,,歌力思(603808.SH),600,7632.00,12.72,-1072.36
,,,华能蒙电(600863.SH),7600,19456.00,2.56,-273.29
,,,凤凰传媒(601928.SH),2400,16440.00,6.85,-903.81
,,,太平鸟(603877.SH),200,6812.00,34.06,1235.88
,,,杭叉集团(603298.SH),800,17120.00,21.4,8187.50
,,,美凯龙(601828.SH),2000,17160.00,8.58,-2144.31
,,,东方材料(603110.SH),400,7892.00,19.73,335.93
2020-12-16,145870.73,31788.73,,,,,
,,,凤凰传媒(601928.SH),2400,16416.00,6.84,-927.81
,,,杭叉集团(603298.SH),800,16624.00,20.78,7691.50
,,,华能蒙电(600863.SH),7600,19152.00,2.52,-577.29
,,,东方材料(603110.SH),400,7892.00,19.73,335.93
,,,美凯龙(601828.SH),2000,17200.00,8.6,-2104.31
,,,中煤能源(601898.SH),5400,22194.00,4.11,706.68
,,,歌力思(603808.SH),600,7734.00,12.89,-970.36
,,,太平鸟(603877.SH),200,6870.00,34.35,1293.88
2020-12-15,146150.73,31788.73,,,,,
,,,美凯龙(601828.SH),2000,17460.00,8.73,-1844.31
,,,凤凰传媒(601928.SH),2400,16608.00,6.92,-735.81
,,,杭叉集团(603298.SH),800,16552.00,20.69,7619.50
,,,东方材料(603110.SH),400,7824.00,19.56,267.93
,,,歌力思(603808.SH),600,7890.00,13.15,-814.36
,,,华能蒙电(600863.SH),7600,19076.00,2.51,-653.29
,,,太平鸟(603877.SH),200,6758.00,33.79,1181.88
,,,中煤能源(601898.SH),5400,22194.00,4.11,706.68
2020-12-14,145990.73,31788.73,,,,,
,,,杭叉集团(603298.SH),800,15968.00,19.96,7035.50
,,,凤凰传媒(601928.SH),2400,16488.00,6.87,-855.81
,,,太平鸟(603877.SH),200,6740.00,33.7,1163.88
,,,歌力思(603808.SH),600,7854.00,13.09,-850.36
,,,美凯龙(601828.SH),2000,17500.00,8.75,-1804.31
,,,中煤能源(601898.SH),5400,22464.00,4.16,976.68
,,,华能蒙电(600863.SH),7600,19228.00,2.53,-501.29
,,,东方材料(603110.SH),400,7960.00,19.9,403.93
2020-12-11,148120.73,31788.73,,,,,
,,,美凯龙(601828.SH),2000,17800.00,8.9,-1504.31
,,,歌力思(603808.SH),600,7836.00,13.06,-868.36
,,,杭叉集团(603298.SH),800,16096.00,20.12,7163.50
,,,华能蒙电(600863.SH),7600,19380.00,2.55,-349.29
,,,中煤能源(601898.SH),5400,23868.00,4.42,2380.68
,,,凤凰传媒(601928.SH),2400,16560.00,6.9,-783.81
,,,东方材料(603110.SH),400,8160.00,20.4,603.93
,,,太平鸟(603877.SH),200,6632.00,33.16,1055.88
2020-12-10,147978.73,31788.73,,,,,
,,,凤凰传媒(601928.SH),2400,16464.00,6.86,-879.81
,,,东方材料(603110.SH),400,7748.00,19.37,191.93
,,,中煤能源(601898.SH),5400,23706.00,4.39,2218.68
,,,太平鸟(603877.SH),200,6586.00,32.93,1009.88
,,,杭叉集团(603298.SH),800,16272.00,20.34,7339.50
,,,歌力思(603808.SH),600,8058.00,13.43,-646.36
,,,美凯龙(601828.SH),2000,17900.00,8.95,-1404.31
,,,华能蒙电(600863.SH),7600,19456.00,2.56,-273.29
2020-12-09,147732.73,31788.73,,,,,
,,,杭叉集团(603298.SH),800,16448.00,20.56,7515.50
,,,歌力思(603808.SH),600,8052.00,13.42,-652.36
,,,中煤能源(601898.SH),5400,23328.00,4.32,1840.68
,,,太平鸟(603877.SH),200,6584.00,32.92,1007.88
,,,华能蒙电(600863.SH),7600,19456.00,2.56,-273.29
,,,凤凰传媒(601928.SH),2400,16272.00,6.78,-1071.81
,,,美凯龙(601828.SH),2000,17880.00,8.94,-1424.31
,,,东方材料(603110.SH),400,7924.00,19.81,367.93
2020-12-08,148724.73,31788.73,,,,,
,,,中煤能源(601898.SH),5400,23058.00,4.27,1570.68
,,,华能蒙电(600863.SH),7600,19532.00,2.57,-197.29
,,,东方材料(603110.SH),400,7892.00,19.73,335.93
,,,美凯龙(601828.SH),2000,18220.00,9.11,-1084.31
,,,凤凰传媒(601928.SH),2400,16440.00,6.85,-903.81
,,,杭叉集团(603298.SH),800,16816.00,21.02,7883.50
,,,太平鸟(603877.SH),200,6800.00,34,1223.88
,,,歌力思(603808.SH),600,8178.00,13.63,-526.36
2020-12-07,149184.73,31788.73,,,,,
,,,杭叉集团(603298.SH),800,16696.00,20.87,7763.50
,,,凤凰传媒(601928.SH),2400,16464.00,6.86,-879.81
,,,太平鸟(603877.SH),200,7064.00,35.32,1487.88
,,,东方材料(603110.SH),400,7800.00,19.5,243.93
,,,美凯龙(601828.SH),2000,18440.00,9.22,-864.31
,,,中煤能源(601898.SH),5400,23274.00,4.31,1786.68
,,,歌力思(603808.SH),600,7974.00,13.29,-730.36
,,,华能蒙电(600863.SH),7600,19684.00,2.59,-45.29
2020-12-04,150162.73,31788.73,,,,,
,,,美凯龙(601828.SH),2000,18500.00,9.25,-804.31
,,,歌力思(603808.SH),600,8196.00,13.66,-508.36
,,,华能蒙电(600863.SH),7600,19760.00,2.6,30.71
,,,杭叉集团(603298.SH),800,16568.00,20.71,7635.50
,,,中煤能源(601898.SH),5400,23760.00,4.4,2272.68
,,,太平鸟(603877.SH),200,7046.00,35.23,1469.88
,,,东方材料(603110.SH),400,7840.00,19.6,283.93
,,,凤凰传媒(601928.SH),2400,16704.00,6.96,-639.81
2020-12-03,150324.73,31788.73,,,,,
,,,中煤能源(601898.SH),5400,23760.00,4.4,2272.68
,,,美凯龙(601828.SH),2000,18560.00,9.28,-744.31
,,,凤凰传媒(601928.SH),2400,16704.00,6.96,-639.81
,,,歌力思(603808.SH),600,8196.00,13.66,-508.36
,,,太平鸟(603877.SH),200,7060.00,35.3,1483.88
,,,杭叉集团(603298.SH),800,16624.00,20.78,7691.50
,,,华能蒙电(600863.SH),7600,19836.00,2.61,106.71
,,,东方材料(603110.SH),400,7796.00,19.49,239.93
2020-12-02,152322.73,31788.73,,,,,
,,,华能蒙电(600863.SH),7600,19912.00,2.62,182.71
,,,东方材料(603110.SH),400,7864.00,19.66,307.93
,,,太平鸟(603877.SH),200,7292.00,36.46,1715.88
,,,中煤能源(601898.SH),5400,24732.00,4.58,3244.68
,,,凤凰传媒(601928.SH),2400,16800.00,7,-543.81
,,,美凯龙(601828.SH),2000,18560.00,9.28,-744.31
,,,杭叉集团(603298.SH),800,17184.00,21.48,8251.50
,,,歌力思(603808.SH),600,8190.00,13.65,-514.36
2020-12-01,151062.73,31788.73,,,,,
,,,凤凰传媒(601928.SH),2400,16656.00,6.94,-687.81
,,,东方材料(603110.SH),400,7932.00,19.83,375.93
,,,华能蒙电(600863.SH),7600,19760.00,2.6,30.71
,,,中煤能源(601898.SH),5400,24084.00,4.46,2596.68
,,,太平鸟(603877.SH),200,7242.00,36.21,1665.88
,,,歌力思(603808.SH),600,8244.00,13.74,-460.36
,,,杭叉集团(603298.SH),800,16736.00,20.92,7803.50
,,,美凯龙(601828.SH),2000,18620.00,9.31,-684.31
2020-11-30,149970.73,31788.73,,,,,
,,,凤凰传媒(601928.SH),2400,16608.00,6.92,-735.81
,,,杭叉集团(603298.SH),800,16000.00,20,7067.50
,,,歌力思(603808.SH),600,8214.00,13.69,-490.36
,,,太平鸟(603877.SH),200,7010.00,35.05,1433.88
,,,美凯龙(601828.SH),2000,18520.00,9.26,-784.31
,,,华能蒙电(600863.SH),7600,19760.00,2.6,30.71
,,,中煤能源(601898.SH),5400,24030.00,4.45,2542.68
,,,东方材料(603110.SH),400,8040.00,20.1,483.93
2020-11-27,150582.73,31788.73,,,,,
,,,华能蒙电(600863.SH),7600,20064.00,2.64,334.71
,,,杭叉集团(603298.SH),800,16224.00,20.28,7291.50
,,,中煤能源(601898.SH),5400,23976.00,4.44,2488.68
,,,凤凰传媒(601928.SH),2400,16680.00,6.95,-663.81
,,,美凯龙(601828.SH),2000,18560.00,9.28,-744.31
,,,太平鸟(603877.SH),200,7228.00,36.14,1651.88
,,,东方材料(603110.SH),400,7800.00,19.5,243.93
,,,歌力思(603808.SH),600,8262.00,13.77,-442.36
2020-11-26,150336.73,31788.73,,,,,
,,,中煤能源(601898.SH),5400,23652.00,4.38,2164.68
,,,美凯龙(601828.SH),2000,18580.00,9.29,-724.31
,,,杭叉集团(603298.SH),800,16024.00,20.03,7091.50
,,,华能蒙电(600863.SH),7600,20368.00,2.68,638.71
,,,凤凰传媒(601928.SH),2400,16560.00,6.9,-783.81
,,,太平鸟(603877.SH),200,7188.00,35.94,1611.88
,,,东方材料(603110.SH),400,7860.00,19.65,303.93
,,,歌力思(603808.SH),600,8316.00,13.86,-388.36
2020-11-25,150868.73,31788.73,,,,,
,,,太平鸟(603877.SH),200,7180.00,35.9,1603.88
,,,华能蒙电(600863.SH),7600,19988.00,2.63,258.71
,,,中煤能源(601898.SH),5400,23922.00,4.43,2434.68
,,,东方材料(603110.SH),400,7952.00,19.88,395.93
,,,歌力思(603808.SH),600,8202.00,13.67,-502.36
,,,凤凰传媒(601928.SH),2400,16536.00,6.89,-807.81
,,,美凯龙(601828.SH),2000,18860.00,9.43,-444.31
,,,杭叉集团(603298.SH),800,16440.00,20.55,7507.50
2020-11-24,152030.73,31788.73,,,,,
,,,美凯龙(601828.SH),2000,18800.00,9.4,-504.31
,,,中煤能源(601898.SH),5400,24138.00,4.47,2650.68
,,,太平鸟(603877.SH),200,7324.00,36.62,1747.88
,,,凤凰传媒(601928.SH),2400,16584.00,6.91,-759.81
,,,歌力思(603808.SH),600,8280.00,13.8,-424.36
,,,东方材料(603110.SH),400,8032.00,20.08,475.93
,,,华能蒙电(600863.SH),7600,19988.00,2.63,258.71
,,,杭叉集团(603298.SH),800,17096.00,21.37,8163.50
2020-11-23,152476.73,31788.73,,,,,
,,,歌力思(603808.SH),600,8298.00,13.83,-406.36
,,,凤凰传媒(601928.SH),2400,16608.00,6.92,-735.81
,,,美凯龙(601828.SH),2000,18840.00,9.42,-464.31
,,,东方材料(603110.SH),400,8032.00,20.08,475.93
,,,中煤能源(601898.SH),5400,24246.00,4.49,2758.68
,,,杭叉集团(603298.SH),800,16992.00,21.24,8059.50
,,,华能蒙电(600863.SH),7600,20216.00,2.66,486.71
,,,太平鸟(603877.SH),200,7456.00,37.28,1879.88
2020-11-20,151492.73,31788.73,,,,,
,,,华能蒙电(600863.SH),7600,20140.00,2.65,410.71
,,,杭叉集团(603298.SH),800,16712.00,20.89,7779.50
,,,凤凰传媒(601928.SH),2400,16656.00,6.94,-687.81
,,,东方材料(603110.SH),400,8288.00,20.72,731.93
,,,美凯龙(601828.SH),2000,18880.00,9.44,-424.31
,,,中煤能源(601898.SH),5400,23112.00,4.28,1624.68
,,,太平鸟(603877.SH),200,7624.00,38.12,2047.88
,,,歌力思(603808.SH),600,8292.00,13.82,-412.36
2020-11-19,150264.73,31788.73,,,,,
,,,杭叉集团(603298.SH),800,16072.00,20.09,7139.50
,,,太平鸟(603877.SH),200,7600.00,38,2023.88
,,,凤凰传媒(601928.SH),2400,16632.00,6.93,-711.81
,,,中煤能源(601898.SH),5400,22842.00,4.23,1354.68
,,,东方材料(603110.SH),400,8132.00,20.33,575.93
,,,美凯龙(601828.SH),2000,18960.00,9.48,-344.31
,,,歌力思(603808.SH),600,8250.00,13.75,-454.36
,,,华能蒙电(600863.SH),7600,19988.00,2.63,258.71
2020-11-18,149758.73,31788.73,,,,,
,,,杭叉集团(603298.SH),800,15264.00,19.08,6331.50
,,,中煤能源(601898.SH),5400,23058.00,4.27,1570.68
,,,凤凰传媒(601928.SH),2400,16608.00,6.92,-735.81
,,,太平鸟(603877.SH),200,7416.00,37.08,1839.88
,,,美凯龙(601828.SH),2000,18840.00,9.42,-464.31
,,,东方材料(603110.SH),400,8368.00,20.92,811.93
,,,华能蒙电(600863.SH),7600,20064.00,2.64,334.71
,,,歌力思(603808.SH),600,8352.00,13.92,-352.36
2020-11-17,150248.73,31788.73,,,,,
,,,歌力思(603808.SH),600,8400.00,14,-304.36
,,,太平鸟(603877.SH),200,7432.00,37.16,1855.88
,,,中煤能源(601898.SH),5400,22896.00,4.24,1408.68
,,,华能蒙电(600863.SH),7600,20140.00,2.65,410.71
,,,东方材料(603110.SH),400,8444.00,21.11,887.93
,,,凤凰传媒(601928.SH),2400,16680.00,6.95,-663.81
,,,美凯龙(601828.SH),2000,18780.00,9.39,-524.31
,,,杭叉集团(603298.SH),800,15688.00,19.61,6755.50
2020-11-16,150570.73,31788.73,,,,,
,,,美凯龙(601828.SH),2000,18800.00,9.4,-504.31
,,,太平鸟(603877.SH),200,7606.00,38.03,2029.88
,,,歌力思(603808.SH),600,8394.00,13.99,-310.36
,,,华能蒙电(600863.SH),7600,20140.00,2.65,410.71
,,,中煤能源(601898.SH),5400,23166.00,4.29,1678.68
,,,凤凰传媒(601928.SH),2400,16464.00,6.86,-879.81
,,,东方材料(603110.SH),400,8396.00,20.99,839.93
,,,杭叉集团(603298.SH),800,15816.00,19.77,6883.50
2020-11-13,148712.73,31788.73,,,,,
,,,太平鸟(603877.SH),200,7634.00,38.17,2057.88
,,,杭叉集团(603298.SH),800,15520.00,19.4,6587.50
,,,歌力思(603808.SH),600,8334.00,13.89,-370.36
,,,华能蒙电(600863.SH),7600,19760.00,2.6,30.71
,,,东方材料(603110.SH),400,8248.00,20.62,691.93
,,,凤凰传媒(601928.SH),2400,16392.00,6.83,-951.81
,,,美凯龙(601828.SH),2000,18680.00,9.34,-624.31
,,,中煤能源(601898.SH),5400,22356.00,4.14,868.68
2020-11-12,149980.73,31788.73,,,,,
,,,太平鸟(603877.SH),200,7598.00,37.99,2021.88
,,,凤凰传媒(601928.SH),2400,16608.00,6.92,-735.81
,,,中煤能源(601898.SH),5400,22626.00,4.19,1138.68
,,,杭叉集团(603298.SH),800,16000.00,20,7067.50
,,,华能蒙电(600863.SH),7600,20064.00,2.64,334.71
,,,歌力思(603808.SH),600,8328.00,13.88,-376.36
,,,美凯龙(601828.SH),2000,18780.00,9.39,-524.31
,,,东方材料(603110.SH),400,8188.00,20.47,631.93
2020-11-11,149240.73,31788.73,,,,,
,,,凤凰传媒(601928.SH),2400,16512.00,6.88,-831.81
,,,歌力思(603808.SH),600,8238.00,13.73,-466.36
,,,东方材料(603110.SH),400,8048.00,20.12,491.93
,,,华能蒙电(600863.SH),7600,19912.00,2.62,182.71
,,,中煤能源(601898.SH),5400,22680.00,4.2,1192.68
,,,美凯龙(601828.SH),2000,18880.00,9.44,-424.31
,,,太平鸟(603877.SH),200,7630.00,38.15,2053.88
,,,杭叉集团(603298.SH),800,15552.00,19.44,6619.50
2020-11-10,149972.73,31788.73,,,,,
,,,美凯龙(601828.SH),2000,19040.00,9.52,-264.31
,,,太平鸟(603877.SH),200,7994.00,39.97,2417.88
,,,凤凰传媒(601928.SH),2400,16464.00,6.86,-879.81
,,,杭叉集团(603298.SH),800,16000.00,20,7067.50
,,,中煤能源(601898.SH),5400,22356.00,4.14,868.68
,,,华能蒙电(600863.SH),7600,19760.00,2.6,30.71
,,,东方材料(603110.SH),400,8068.00,20.17,511.93
,,,歌力思(603808.SH),600,8502.00,14.17,-202.36
2020-11-09,150984.73,31788.73,,,,,
,,,中煤能源(601898.SH),5400,22464.00,4.16,976.68
,,,杭叉集团(603298.SH),800,16056.00,20.07,7123.50
,,,太平鸟(603877.SH),200,8146.00,40.73,2569.88
,,,凤凰传媒(601928.SH),2400,16608.00,6.92,-735.81
,,,华能蒙电(600863.SH),7600,19988.00,2.63,258.71
,,,歌力思(603808.SH),600,8634.00,14.39,-70.36
,,,东方材料(603110.SH),400,8200.00,20.5,643.93
,,,美凯龙(601828.SH),2000,19100.00,9.55,-204.31
2020-11-06,149854.73,31788.73,,,,,
,,,凤凰传媒(601928.SH),2400,16464.00,6.86,-879.81
,,,太平鸟(603877.SH),200,8212.00,41.06,2635.88
,,,美凯龙(601828.SH),2000,18920.00,9.46,-384.31
,,,华能蒙电(600863.SH),7600,19760.00,2.6,30.71
,,,杭叉集团(603298.SH),800,16544.00,20.68,7611.50
,,,歌力思(603808.SH),600,8004.00,13.34,-700.36
,,,中煤能源(601898.SH),5400,22194.00,4.11,706.68
,,,东方材料(603110.SH),400,7968.00,19.92,411.93
2020-11-05,150068.73,31788.73,,,,,
,,,杭叉集团(603298.SH),800,16816.00,21.02,7883.50
,,,东方材料(603110.SH),400,8112.00,20.28,555.93
,,,华能蒙电(600863.SH),7600,19760.00,2.6,30.71
,,,太平鸟(603877.SH),200,8458.00,42.29,2881.88
,,,凤凰传媒(601928.SH),2400,16464.00,6.86,-879.81
,,,中煤能源(601898.SH),5400,21870.00,4.05,382.68
,,,歌力思(603808.SH),600,8040.00,13.4,-664.36
,,,美凯龙(601828.SH),2000,18760.00,9.38,-544.31
2020-11-04,149084.73,31788.73,,,,,
,,,太平鸟(603877.SH),200,8462.00,42.31,2885.88
,,,东方材料(603110.SH),400,8060.00,20.15,503.93
,,,华能蒙电(600863.SH),7600,19532.00,2.57,-197.29
,,,杭叉集团(603298.SH),800,16800.00,21,7867.50
,,,歌力思(603808.SH),600,7818.00,13.03,-886.36
,,,美凯龙(601828.SH),2000,18620.00,9.31,-684.31
,,,中煤能源(601898.SH),5400,21708.00,4.02,220.68
,,,凤凰传媒(601928.SH),2400,16296.00,6.79,-1047.81
2020-11-03,149898.73,31788.73,,,,,
,,,美凯龙(601828.SH),2000,18800.00,9.4,-504.31
,,,凤凰传媒(601928.SH),2400,16776.00,6.99,-567.81
,,,太平鸟(603877.SH),200,8480.00,42.4,2903.88
,,,东方材料(603110.SH),400,8168.00,20.42,611.93
,,,杭叉集团(603298.SH),800,16048.00,20.06,7115.50
,,,华能蒙电(600863.SH),7600,19760.00,2.6,30.71
,,,歌力思(603808.SH),600,8100.00,13.5,-604.36
,,,中煤能源(601898.SH),5400,21978.00,4.07,490.68
2020-11-02,148336.73,31788.73,,,,,
,,,太平鸟(603877.SH),200,8506.00,42.53,2929.88
,,,杭叉集团(603298.SH),800,15848.00,19.81,6915.50
,,,中煤能源(601898.SH),5400,21276.00,3.94,-211.32
,,,凤凰传媒(601928.SH),2400,16632.00,6.93,-711.81
,,,歌力思(603808.SH),600,8070.00,13.45,-634.36
,,,东方材料(603110.SH),400,8180.00,20.45,623.93
,,,美凯龙(601828.SH),2000,18580.00,9.29,-724.31
,,,华能蒙电(600863.SH),7600,19456.00,2.56,-273.29
2020-10-30,148050.73,31788.73,,,,,
,,,中煤能源(601898.SH),5400,21222.00,3.93,-265.32
,,,东方材料(603110.SH),400,8548.00,21.37,991.93
,,,凤凰传媒(601928.SH),2400,16632.00,6.93,-711.81
,,,太平鸟(603877.SH),200,7796.00,38.98,2219.88
,,,歌力思(603808.SH),600,8748.00,14.58,43.64
,,,华能蒙电(600863.SH),7600,19532.00,2.57,-197.29
,,,美凯龙(601828.SH),2000,18600.00,9.3,-704.31
,,,杭叉集团(603298.SH),800,15184.00,18.98,6251.50
2020-10-29,150486.73,31788.73,,,,,
,,,华能蒙电(600863.SH),7600,19684.00,2.59,-45.29
,,,美凯龙(601828.SH),2000,18860.00,9.43,-444.31
,,,中煤能源(601898.SH),5400,21384.00,3.96,-103.32
,,,凤凰传媒(601928.SH),2400,16848.00,7.02,-495.81
,,,东方材料(603110.SH),400,8600.00,21.5,1043.93
,,,杭叉集团(603298.SH),800,15560.00,19.45,6627.50
,,,太平鸟(603877.SH),200,8042.00,40.21,2465.88
,,,歌力思(603808.SH),600,9720.00,16.2,1015.64
2020-10-28,152022.73,31788.73,,,,,
,,,歌力思(603808.SH),600,10800.00,18,2095.64
,,,太平鸟(603877.SH),200,8026.00,40.13,2449.88
,,,美凯龙(601828.SH),2000,18740.00,9.37,-564.31
,,,杭叉集团(603298.SH),800,15720.00,19.65,6787.50
,,,华能蒙电(600863.SH),7600,19760.00,2.6,30.71
,,,凤凰传媒(601928.SH),2400,17112.00,7.13,-231.81
,,,东方材料(603110.SH),400,8584.00,21.46,1027.93
,,,中煤能源(601898.SH),5400,21492.00,3.98,4.68
2020-10-27,152490.73,31788.73,,,,,
,,,美凯龙(601828.SH),2000,19000.00,9.5,-304.31
,,,歌力思(603808.SH),600,10758.00,17.93,2053.64
,,,华能蒙电(600863.SH),7600,19836.00,2.61,106.71
,,,太平鸟(603877.SH),200,8042.00,40.21,2465.88
,,,凤凰传媒(601928.SH),2400,17232.00,7.18,-111.81
,,,中煤能源(601898.SH),5400,21438.00,3.97,-49.32
,,,杭叉集团(603298.SH),800,15720.00,19.65,6787.50
,,,东方材料(603110.SH),400,8676.00,21.69,1119.93
2020-10-26,154002.73,31788.73,,,,,
,,,中煤能源(601898.SH),5400,21654.00,4.01,166.68
,,,歌力思(603808.SH),600,10836.00,18.06,2131.64
,,,凤凰传媒(601928.SH),2400,17400.00,7.25,56.19
,,,华能蒙电(600863.SH),7600,20064.00,2.64,334.71
,,,东方材料(603110.SH),400,8536.00,21.34,979.93
,,,美凯龙(601828.SH),2000,19080.00,9.54,-224.31
,,,太平鸟(603877.SH),200,8292.00,41.46,2715.88
,,,杭叉集团(603298.SH),800,16352.00,20.44,7419.50
2020-10-23,152912.73,31788.73,,,,,
,,,太平鸟(603877.SH),200,8498.00,42.49,2921.88
,,,中煤能源(601898.SH),5400,21870.00,4.05,382.68
,,,华能蒙电(600863.SH),7600,20064.00,2.64,334.71
,,,东方材料(603110.SH),400,8320.00,20.8,763.93
,,,凤凰传媒(601928.SH),2400,17688.00,7.37,344.19
,,,美凯龙(601828.SH),2000,19320.00,9.66,15.69
,,,杭叉集团(603298.SH),800,15104.00,18.88,6171.50
,,,歌力思(603808.SH),600,10260.00,17.1,1555.64
2020-10-22,153640.73,31788.73,,,,,
,,,东方材料(603110.SH),400,8240.00,20.6,683.93
,,,凤凰传媒(601928.SH),2400,17592.00,7.33,248.19
,,,中煤能源(601898.SH),5400,21978.00,4.07,490.68
,,,太平鸟(603877.SH),200,8072.00,40.36,2495.88
,,,歌力思(603808.SH),600,10590.00,17.65,1885.64
,,,美凯龙(601828.SH),2000,19380.00,9.69,75.69
,,,杭叉集团(603298.SH),800,16088.00,20.11,7155.50
,,,华能蒙电(600863.SH),7600,19912.00,2.62,182.71
2020-10-21,152694.73,31788.73,,,,,
,,,东方材料(603110.SH),400,8200.00,20.5,643.93
,,,杭叉集团(603298.SH),800,15800.00,19.75,6867.50
,,,美凯龙(601828.SH),2000,19560.00,9.78,255.69
,,,华能蒙电(600863.SH),7600,20064.00,2.64,334.71
,,,歌力思(603808.SH),600,10590.00,17.65,1885.64
,,,凤凰传媒(601928.SH),2400,17376.00,7.24,32.19
,,,太平鸟(603877.SH),200,7338.00,36.69,1761.88
,,,中煤能源(601898.SH),5400,21978.00,4.07,490.68
2020-10-20,152002.73,31788.73,,,,,
,,,歌力思(603808.SH),600,10620.00,17.7,1915.64
,,,凤凰传媒(601928.SH),2400,17280.00,7.2,-63.81
,,,东方材料(603110.SH),400,8124.00,20.31,567.93
,,,杭叉集团(603298.SH),800,14944.00,18.68,6011.50
,,,美凯龙(601828.SH),2000,19480.00,9.74,175.69
,,,华能蒙电(600863.SH),7600,20368.00,2.68,638.71
,,,太平鸟(603877.SH),200,7420.00,37.1,1843.88
,,,中煤能源(601898.SH),5400,21978.00,4.07,490.68
2020-10-19,150690.73,31788.73,,,,,
,,,美凯龙(601828.SH),2000,19540.00,9.77,235.69
,,,太平鸟(603877.SH),200,6746.00,33.73,1169.88
,,,中煤能源(601898.SH),5400,22032.00,4.08,544.68
,,,歌力思(603808.SH),600,10608.00,17.68,1903.64
,,,华能蒙电(600863.SH),7600,20368.00,2.68,638.71
,,,杭叉集团(603298.SH),800,14256.00,17.82,5323.50
,,,东方材料(603110.SH),400,8168.00,20.42,611.93
,,,凤凰传媒(601928.SH),2400,17184.00,7.16,-159.81
2020-10-16,151338.73,31788.73,,,,,
,,,凤凰传媒(601928.SH),2400,17160.00,7.15,-183.81
,,,太平鸟(603877.SH),200,6760.00,33.8,1183.88
,,,歌力思(603808.SH),600,10794.00,17.99,2089.64
,,,杭叉集团(603298.SH),800,14104.00,17.63,5171.50
,,,中煤能源(601898.SH),5400,22572.00,4.18,1084.68
,,,美凯龙(601828.SH),2000,19340.00,9.67,35.69
,,,华能蒙电(600863.SH),7600,20444.00,2.69,714.71
,,,东方材料(603110.SH),400,8376.00,20.94,819.93
2020-10-15,150386.73,31788.73,,,,,
,,,中煤能源(601898.SH),5400,22194.00,4.11,706.68
,,,凤凰传媒(601928.SH),2400,17232.00,7.18,-111.81
,,,太平鸟(603877.SH),200,6652.00,33.26,1075.88
,,,歌力思(603808.SH),600,10536.00,17.56,1831.64
,,,东方材料(603110.SH),400,8516.00,21.29,959.93
,,,美凯龙(601828.SH),2000,19240.00,9.62,-64.31
,,,杭叉集团(603298.SH),800,14240.00,17.8,5307.50
,,,华能蒙电(600863.SH),7600,19988.00,2.63,258.71
2020-10-14,149838.73,31788.73,,,,,
,,,华能蒙电(600863.SH),7600,20140.00,2.65,410.71
,,,凤凰传媒(601928.SH),2400,17472.00,7.28,128.19
,,,美凯龙(601828.SH),2000,19340.00,9.67,35.69
,,,杭叉集团(603298.SH),800,14184.00,17.73,5251.50
,,,太平鸟(603877.SH),200,6680.00,33.4,1103.88
,,,东方材料(603110.SH),400,8440.00,21.1,883.93
,,,歌力思(603808.SH),600,9870.00,16.45,1165.64
,,,中煤能源(601898.SH),5400,21924.00,4.06,436.68
2020-10-13,149408.73,31788.73,,,,,
,,,中煤能源(601898.SH),5400,21924.00,4.06,436.68
,,,歌力思(603808.SH),600,9726.00,16.21,1021.64
,,,凤凰传媒(601928.SH),2400,17736.00,7.39,392.19
,,,华能蒙电(600863.SH),7600,19988.00,2.63,258.71
,,,太平鸟(603877.SH),200,6614.00,33.07,1037.88
,,,美凯龙(601828.SH),2000,19560.00,9.78,255.69
,,,杭叉集团(603298.SH),800,14144.00,17.68,5211.50
,,,东方材料(603110.SH),400,7928.00,19.82,371.93
2020-10-12,148454.73,31788.73,,,,,
,,,东方材料(603110.SH),400,8416.00,21.04,859.93
,,,杭叉集团(603298.SH),800,13072.00,16.34,4139.50
,,,中煤能源(601898.SH),5400,21978.00,4.07,490.68
,,,太平鸟(603877.SH),200,6012.00,30.06,435.88
,,,凤凰传媒(601928.SH),2400,17856.00,7.44,512.19
,,,美凯龙(601828.SH),2000,19660.00,9.83,355.69
,,,歌力思(603808.SH),600,9456.00,15.76,751.64
,,,华能蒙电(600863.SH),7600,20216.00,2.66,486.71
2020-10-09,145972.73,31788.73,,,,,
,,,凤凰传媒(601928.SH),2400,17568.00,7.32,224.19
,,,东方材料(603110.SH),400,7884.00,19.71,327.93
,,,太平鸟(603877.SH),200,5892.00,29.46,315.88
,,,中煤能源(601898.SH),5400,21546.00,3.99,58.68
,,,杭叉集团(603298.SH),800,13160.00,16.45,4227.50
,,,华能蒙电(600863.SH),7600,19760.00,2.6,30.71
,,,美凯龙(601828.SH),2000,19500.00,9.75,195.69
,,,歌力思(603808.SH),600,8874.00,14.79,169.64
2020-09-30,142888.07,30892.07,,,,,
,,,纽威股份(603699.SH),700,10738.00,15.34,8.03
,,,华荣股份(603855.SH),400,7104.00,17.76,-63.30
,,,恒润股份(603985.SH),900,24066.00,26.74,9379.34
,,,浙江仙通(603239.SH),900,13455.00,14.95,193.54
,,,宁波高发(603788.SH),700,11662.00,16.66,-1045.35
,,,红蜻蜓(603116.SH),1500,10200.00,6.8,-1829.00
,,,中电电机(603988.SH),700,9779.00,13.97,208.71
,,,杭叉集团(603298.SH),1600,24992.00,15.62,7126.99
2020-09-29,142030.07,30892.07,,,,,
,,,恒润股份(603985.SH),900,23346.00,25.94,8659.34
,,,纽威股份(603699.SH),700,10430.00,14.9,-299.97
,,,杭叉集团(603298.SH),1600,24896.00,15.56,7030.99
,,,华荣股份(603855.SH),400,7252.00,18.13,84.70
,,,宁波高发(603788.SH),700,11914.00,17.02,-793.35
,,,浙江仙通(603239.SH),900,13428.00,14.92,166.54
,,,红蜻蜓(603116.SH),1500,10275.00,6.85,-1754.00
,,,中电电机(603988.SH),700,9597.00,13.71,26.71
2020-09-28,141249.07,30712.07,,,,,
,,,纽威股份(603699.SH),700,10346.00,14.78,-383.97
,,,浙江仙通(603239.SH),900,13554.00,15.06,292.54
,,,恒润股份(603985.SH),900,23130.00,25.7,8263.34
,,,红蜻蜓(603116.SH),1500,10350.00,6.9,-1679.00
,,,华荣股份(603855.SH),400,7236.00,18.09,68.70
,,,杭叉集团(603298.SH),1600,24816.00,15.51,6950.99
,,,宁波高发(603788.SH),700,11683.00,16.69,-1024.35
,,,中电电机(603988.SH),700,9422.00,13.46,-148.29
2020-09-25,141300.07,30712.07,,,,,
,,,杭叉集团(603298.SH),1600,24816.00,15.51,6950.99
,,,华荣股份(603855.SH),400,7164.00,17.91,-3.30
,,,宁波高发(603788.SH),700,11900.00,17,-807.35
,,,纽威股份(603699.SH),700,10066.00,14.38,-663.97
,,,中电电机(603988.SH),700,9548.00,13.64,-22.29
,,,浙江仙通(603239.SH),900,13545.00,15.05,283.54
,,,恒润股份(603985.SH),900,23184.00,25.76,8317.34
,,,红蜻蜓(603116.SH),1500,10365.00,6.91,-1664.00
2020-09-24,140762.07,30712.07,,,,,
,,,中电电机(603988.SH),700,9695.00,13.85,124.71
,,,红蜻蜓(603116.SH),1500,10485.00,6.99,-1544.00
,,,恒润股份(603985.SH),900,23454.00,26.06,8587.34
,,,浙江仙通(603239.SH),900,13266.00,14.74,4.54
,,,杭叉集团(603298.SH),1600,23808.00,14.88,5942.99
,,,华荣股份(603855.SH),400,7432.00,18.58,264.70
,,,纽威股份(603699.SH),700,10045.00,14.35,-684.97
,,,宁波高发(603788.SH),700,11865.00,16.95,-842.35
2020-09-23,143186.07,30712.07,,,,,
,,,红蜻蜓(603116.SH),1500,10710.00,7.14,-1319.00
,,,杭叉集团(603298.SH),1600,24448.00,15.28,6582.99
,,,恒润股份(603985.SH),900,24264.00,26.96,9397.34
,,,纽威股份(603699.SH),700,10269.00,14.67,-460.97
,,,浙江仙通(603239.SH),900,13239.00,14.71,-22.46
,,,中电电机(603988.SH),700,10010.00,14.3,439.71
,,,宁波高发(603788.SH),700,12194.00,17.42,-513.35
,,,华荣股份(603855.SH),400,7340.00,18.35,172.70
2020-09-22,143615.07,30712.07,,,,,
,,,宁波高发(603788.SH),700,12236.00,17.48,-471.35
,,,华荣股份(603855.SH),400,7260.00,18.15,92.70
,,,恒润股份(603985.SH),900,24642.00,27.38,9775.34
,,,中电电机(603988.SH),700,9835.00,14.05,264.71
,,,杭叉集团(603298.SH),1600,24480.00,15.3,6614.99
,,,纽威股份(603699.SH),700,10465.00,14.95,-264.97
,,,浙江仙通(603239.SH),900,13275.00,14.75,13.54
,,,红蜻蜓(603116.SH),1500,10710.00,7.14,-1319.00
2020-09-21,146243.07,30712.07,,,,,
,,,恒润股份(603985.SH),900,26289.00,29.21,11422.34
,,,杭叉集团(603298.SH),1600,24880.00,15.55,7014.99
,,,中电电机(603988.SH),700,9996.00,14.28,425.71
,,,红蜻蜓(603116.SH),1500,10980.00,7.32,-1049.00
,,,纽威股份(603699.SH),700,10234.00,14.62,-495.97
,,,宁波高发(603788.SH),700,12607.00,18.01,-100.35
,,,浙江仙通(603239.SH),900,13329.00,14.81,67.54
,,,华荣股份(603855.SH),400,7216.00,18.04,48.70
2020-09-18,149171.07,30712.07,,,,,
,,,华荣股份(603855.SH),400,7216.00,18.04,48.70
,,,恒润股份(603985.SH),900,29205.00,32.45,14338.34
,,,中电电机(603988.SH),700,10045.00,14.35,474.71
,,,纽威股份(603699.SH),700,10367.00,14.81,-362.97
,,,红蜻蜓(603116.SH),1500,10890.00,7.26,-1139.00
,,,杭叉集团(603298.SH),1600,24752.00,15.47,6886.99
,,,宁波高发(603788.SH),700,12565.00,17.95,-142.35
,,,浙江仙通(603239.SH),900,13419.00,14.91,157.54
2020-09-17,146957.07,30712.07,,,,,
,,,纽威股份(603699.SH),700,10360.00,14.8,-369.97
,,,杭叉集团(603298.SH),1600,23952.00,14.97,6086.99
,,,华荣股份(603855.SH),400,7164.00,17.91,-3.30
,,,宁波高发(603788.SH),700,12383.00,17.69,-324.35
,,,中电电机(603988.SH),700,9877.00,14.11,306.71
,,,红蜻蜓(603116.SH),1500,10785.00,7.19,-1244.00
,,,浙江仙通(603239.SH),900,13275.00,14.75,13.54
,,,恒润股份(603985.SH),900,28449.00,31.61,13582.34
2020-09-16,144319.07,30712.07,,,,,
,,,红蜻蜓(603116.SH),1500,10740.00,7.16,-1289.00
,,,华荣股份(603855.SH),400,7024.00,17.56,-143.30
,,,纽威股份(603699.SH),700,10444.00,14.92,-285.97
,,,杭叉集团(603298.SH),1600,23792.00,14.87,5926.99
,,,浙江仙通(603239.SH),900,13518.00,15.02,256.54
,,,恒润股份(603985.SH),900,26298.00,29.22,11431.34
,,,宁波高发(603788.SH),700,11900.00,17,-807.35
,,,中电电机(603988.SH),700,9891.00,14.13,320.71
2020-09-15,145113.07,30712.07,,,,,
,,,华荣股份(603855.SH),400,7028.00,17.57,-139.30
,,,杭叉集团(603298.SH),1600,23936.00,14.96,6070.99
,,,纽威股份(603699.SH),700,10710.00,15.3,-19.97
,,,宁波高发(603788.SH),700,11914.00,17.02,-793.35
,,,中电电机(603988.SH),700,9891.00,14.13,320.71
,,,浙江仙通(603239.SH),900,13617.00,15.13,355.54
,,,红蜻蜓(603116.SH),1500,11025.00,7.35,-1004.00
,,,恒润股份(603985.SH),900,26280.00,29.2,11413.34
2020-09-14,143737.07,30712.07,,,,,
,,,华荣股份(603855.SH),400,7040.00,17.6,-127.30
,,,纽威股份(603699.SH),700,10304.00,14.72,-425.97
,,,中电电机(603988.SH),700,10045.00,14.35,474.71
,,,宁波高发(603788.SH),700,11795.00,16.85,-912.35
,,,恒润股份(603985.SH),900,26199.00,29.11,11332.34
,,,杭叉集团(603298.SH),1600,23552.00,14.72,5686.99
,,,浙江仙通(603239.SH),900,13410.00,14.9,148.54
,,,红蜻蜓(603116.SH),1500,10680.00,7.12,-1349.00
2020-09-11,143381.07,30712.07,,,,,
,,,华荣股份(603855.SH),400,7140.00,17.85,-27.30
,,,杭叉集团(603298.SH),1600,23760.00,14.85,5894.99
,,,恒润股份(603985.SH),900,24840.00,27.6,9973.34
,,,浙江仙通(603239.SH),900,13698.00,15.22,436.54
,,,中电电机(603988.SH),700,10066.00,14.38,495.71
,,,红蜻蜓(603116.SH),1500,10695.00,7.13,-1334.00
,,,宁波高发(603788.SH),700,12124.00,17.32,-583.35
,,,纽威股份(603699.SH),700,10346.00,14.78,-383.97
2020-09-10,140177.07,30712.07,,,,,
,,,恒润股份(603985.SH),900,23310.00,25.9,8443.34
,,,浙江仙通(603239.SH),900,13815.00,15.35,553.54
,,,华荣股份(603855.SH),400,6996.00,17.49,-171.30
,,,中电电机(603988.SH),700,9695.00,13.85,124.71
,,,杭叉集团(603298.SH),1600,23024.00,14.39,5158.99
,,,宁波高发(603788.SH),700,12019.00,17.17,-688.35
,,,纽威股份(603699.SH),700,10136.00,14.48,-593.97
,,,红蜻蜓(603116.SH),1500,10470.00,6.98,-1559.00
2020-09-09,142901.07,30712.07,,,,,
,,,红蜻蜓(603116.SH),1500,10830.00,7.22,-1199.00
,,,纽威股份(603699.SH),700,10563.00,15.09,-166.97
,,,中电电机(603988.SH),700,9863.00,14.09,292.71
,,,宁波高发(603788.SH),700,12285.00,17.55,-422.35
,,,华荣股份(603855.SH),400,6988.00,17.47,-179.30
,,,恒润股份(603985.SH),900,23895.00,26.55,9028.34
,,,杭叉集团(603298.SH),1600,23680.00,14.8,5814.99
,,,浙江仙通(603239.SH),900,14085.00,15.65,823.54
2020-09-08,146376.07,30712.07,,,,,
,,,纽威股份(603699.SH),700,10745.00,15.35,15.03
,,,恒润股份(603985.SH),900,23796.00,26.44,8929.34
,,,杭叉集团(603298.SH),1600,24288.00,15.18,6422.99
,,,宁波高发(603788.SH),700,13174.00,18.82,466.65
,,,中电电机(603988.SH),700,10626.00,15.18,1055.71
,,,浙江仙通(603239.SH),900,14760.00,16.4,1498.54
,,,华荣股份(603855.SH),400,7280.00,18.2,112.70
,,,红蜻蜓(603116.SH),1500,10995.00,7.33,-1034.00
2020-09-07,147748.07,30712.07,,,,,
,,,杭叉集团(603298.SH),1600,24832.00,15.52,6966.99
,,,纽威股份(603699.SH),700,10780.00,15.4,50.03
,,,宁波高发(603788.SH),700,13384.00,19.12,676.65
,,,中电电机(603988.SH),700,11375.00,16.25,1804.71
,,,华荣股份(603855.SH),400,7288.00,18.22,120.70
,,,恒润股份(603985.SH),900,23400.00,26,8533.34
,,,浙江仙通(603239.SH),900,15012.00,16.68,1750.54
,,,红蜻蜓(603116.SH),1500,10965.00,7.31,-1064.00
2020-09-04,150089.07,30712.07,,,,,
,,,宁波高发(603788.SH),700,13825.00,19.75,1117.65
,,,中电电机(603988.SH),700,11424.00,16.32,1853.71
,,,浙江仙通(603239.SH),900,15705.00,17.45,2443.54
,,,纽威股份(603699.SH),700,11200.00,16,470.03
,,,杭叉集团(603298.SH),1600,25488.00,15.93,7622.99
,,,华荣股份(603855.SH),400,7268.00,18.17,100.70
,,,红蜻蜓(603116.SH),1500,11130.00,7.42,-899.00
,,,恒润股份(603985.SH),900,23337.00,25.93,8470.34
2020-09-03,151395.07,30712.07,,,,,
,,,杭叉集团(603298.SH),1600,26592.00,16.62,8726.99
,,,恒润股份(603985.SH),900,23400.00,26,8533.34
,,,红蜻蜓(603116.SH),1500,11265.00,7.51,-764.00
,,,纽威股份(603699.SH),700,11298.00,16.14,568.03
,,,华荣股份(603855.SH),400,7440.00,18.6,272.70
,,,中电电机(603988.SH),700,11375.00,16.25,1804.71
,,,浙江仙通(603239.SH),900,15579.00,17.31,2317.54
,,,宁波高发(603788.SH),700,13734.00,19.62,1026.65
2020-09-02,152564.07,30712.07,,,,,
,,,宁波高发(603788.SH),700,13727.00,19.61,1019.65
,,,中电电机(603988.SH),700,11613.00,16.59,2042.71
,,,华荣股份(603855.SH),400,7580.00,18.95,412.70
,,,红蜻蜓(603116.SH),1500,11340.00,7.56,-689.00
,,,恒润股份(603985.SH),900,23751.00,26.39,8884.34
,,,浙江仙通(603239.SH),900,15948.00,17.72,2686.54
,,,纽威股份(603699.SH),700,11333.00,16.19,603.03
,,,杭叉集团(603298.SH),1600,26560.00,16.6,8694.99
2020-09-01,153721.07,30712.07,,,,,
,,,华荣股份(603855.SH),400,7628.00,19.07,460.70
,,,浙江仙通(603239.SH),900,15984.00,17.76,2722.54
,,,纽威股份(603699.SH),700,11445.00,16.35,715.03
,,,红蜻蜓(603116.SH),1500,11325.00,7.55,-704.00
,,,中电电机(603988.SH),700,11774.00,16.82,2203.71
,,,宁波高发(603788.SH),700,13258.00,18.94,550.65
,,,恒润股份(603985.SH),900,24795.00,27.55,9928.34
,,,杭叉集团(603298.SH),1600,26800.00,16.75,8934.99
2020-08-31,152373.07,30712.07,,,,,
,,,红蜻蜓(603116.SH),1500,11310.00,7.54,-719.00
,,,宁波高发(603788.SH),700,13153.00,18.79,445.65
,,,中电电机(603988.SH),700,11676.00,16.68,2105.71
,,,纽威股份(603699.SH),700,11445.00,16.35,715.03
,,,杭叉集团(603298.SH),1600,25392.00,15.87,7526.99
,,,恒润股份(603985.SH),900,25020.00,27.8,10153.34
,,,华荣股份(603855.SH),400,7600.00,19,432.70
,,,浙江仙通(603239.SH),900,16065.00,17.85,2803.54
2020-08-28,153184.07,30712.07,,,,,
,,,杭叉集团(603298.SH),1600,25168.00,15.73,7302.99
,,,纽威股份(603699.SH),700,11438.00,16.34,708.03
,,,宁波高发(603788.SH),700,12971.00,18.53,263.65
,,,中电电机(603988.SH),700,11760.00,16.8,2189.71
,,,恒润股份(603985.SH),900,25317.00,28.13,10450.34
,,,华荣股份(603855.SH),400,7756.00,19.39,588.70
,,,红蜻蜓(603116.SH),1500,11250.00,7.5,-779.00
,,,浙江仙通(603239.SH),900,16812.00,18.68,3550.54
2020-08-27,151323.07,30712.07,,,,,
,,,中电电机(603988.SH),700,11536.00,16.48,1965.71
,,,杭叉集团(603298.SH),1600,24880.00,15.55,7014.99
,,,宁波高发(603788.SH),700,13195.00,18.85,487.65
,,,浙江仙通(603239.SH),900,16587.00,18.43,3325.54
,,,红蜻蜓(603116.SH),1500,11175.00,7.45,-854.00
,,,恒润股份(603985.SH),900,24552.00,27.28,9685.34
,,,华荣股份(603855.SH),400,7472.00,18.68,304.70
,,,纽威股份(603699.SH),700,11214.00,16.02,484.03
2020-08-26,151350.07,30712.07,,,,,
,,,中电电机(603988.SH),700,11431.00,16.33,1860.71
,,,浙江仙通(603239.SH),900,16713.00,18.57,3451.54
,,,红蜻蜓(603116.SH),1500,11130.00,7.42,-899.00
,,,华荣股份(603855.SH),400,7552.00,18.88,384.70
,,,杭叉集团(603298.SH),1600,24624.00,15.39,6758.99
,,,纽威股份(603699.SH),700,11046.00,15.78,316.03
,,,宁波高发(603788.SH),700,13230.00,18.9,522.65
,,,恒润股份(603985.SH),900,24912.00,27.68,10045.34
2020-08-25,153250.07,30712.07,,,,,
,,,中电电机(603988.SH),700,11928.00,17.04,2357.71
,,,恒润股份(603985.SH),900,25281.00,28.09,10414.34
,,,纽威股份(603699.SH),700,11228.00,16.04,498.03
,,,红蜻蜓(603116.SH),1500,11430.00,7.62,-599.00
,,,浙江仙通(603239.SH),900,16254.00,18.06,2992.54
,,,华荣股份(603855.SH),400,7560.00,18.9,392.70
,,,宁波高发(603788.SH),700,13209.00,18.87,501.65
,,,杭叉集团(603298.SH),1600,25648.00,16.03,7782.99
2020-08-24,153151.07,30712.07,,,,,
,,,华荣股份(603855.SH),400,7592.00,18.98,424.70
,,,杭叉集团(603298.SH),1600,25152.00,15.72,7286.99
,,,中电电机(603988.SH),700,11830.00,16.9,2259.71
,,,红蜻蜓(603116.SH),1500,11460.00,7.64,-569.00
,,,宁波高发(603788.SH),700,13412.00,19.16,704.65
,,,恒润股份(603985.SH),900,25848.00,28.72,10981.34
,,,浙江仙通(603239.SH),900,16029.00,17.81,2767.54
,,,纽威股份(603699.SH),700,11116.00,15.88,386.03
2020-08-21,153975.97,30562.97,,,,,
,,,宁波高发(603788.SH),700,13097.00,18.71,389.65
,,,中电电机(603988.SH),700,12509.00,17.87,2789.61
,,,杭叉集团(603298.SH),1600,26224.00,16.39,8358.99
,,,华荣股份(603855.SH),400,7540.00,18.85,372.70
,,,浙江仙通(603239.SH),900,16020.00,17.8,2758.54
,,,红蜻蜓(603116.SH),1500,11475.00,7.65,-554.00
,,,恒润股份(603985.SH),900,25236.00,28.04,10369.34
,,,纽威股份(603699.SH),700,11312.00,16.16,582.03
2020-08-20,153172.97,30562.97,,,,,
,,,中电电机(603988.SH),700,12719.00,18.17,2999.61
,,,宁波高发(603788.SH),700,13090.00,18.7,382.65
,,,杭叉集团(603298.SH),1600,25616.00,16.01,7750.99
,,,浙江仙通(603239.SH),900,15552.00,17.28,2290.54
,,,红蜻蜓(603116.SH),1500,11325.00,7.55,-704.00
,,,纽威股份(603699.SH),700,11081.00,15.83,351.03
,,,恒润股份(603985.SH),900,25767.00,28.63,10900.34
,,,华荣股份(603855.SH),400,7460.00,18.65,292.70
2020-08-19,155036.97,30562.97,,,,,
,,,宁波高发(603788.SH),700,13209.00,18.87,501.65
,,,红蜻蜓(603116.SH),1500,11475.00,7.65,-554.00
,,,纽威股份(603699.SH),700,11326.00,16.18,596.03
,,,恒润股份(603985.SH),900,25740.00,28.6,10873.34
,,,华荣股份(603855.SH),400,7552.00,18.88,384.70
,,,杭叉集团(603298.SH),1600,25888.00,16.18,8022.99
,,,中电电机(603988.SH),700,12859.00,18.37,3139.61
,,,浙江仙通(603239.SH),900,16425.00,18.25,3163.54
2020-08-18,157472.97,30562.97,,,,,
,,,恒润股份(603985.SH),900,26442.00,29.38,11575.34
,,,华荣股份(603855.SH),400,7616.00,19.04,448.70
,,,红蜻蜓(603116.SH),1500,11700.00,7.8,-329.00
,,,纽威股份(603699.SH),700,11487.00,16.41,757.03
,,,杭叉集团(603298.SH),1600,26480.00,16.55,8614.99
,,,浙江仙通(603239.SH),900,16830.00,18.7,3568.54
,,,中电电机(603988.SH),700,12999.00,18.57,3279.61
,,,宁波高发(603788.SH),700,13356.00,19.08,648.65
2020-08-17,154281.97,30562.97,,,,,
,,,宁波高发(603788.SH),700,12999.00,18.57,291.65
,,,浙江仙通(603239.SH),900,15570.00,17.3,2308.54
,,,华荣股份(603855.SH),400,7660.00,19.15,492.70
,,,中电电机(603988.SH),700,13111.00,18.73,3391.61
,,,杭叉集团(603298.SH),1600,26080.00,16.3,8214.99
,,,红蜻蜓(603116.SH),1500,11670.00,7.78,-359.00
,,,纽威股份(603699.SH),700,11249.00,16.07,519.03
,,,恒润股份(603985.SH),900,25380.00,28.2,10513.34
2020-08-14,148903.97,30562.97,,,,,
,,,华荣股份(603855.SH),400,7016.00,17.54,-151.30
,,,中电电机(603988.SH),700,12551.00,17.93,2831.61
,,,纽威股份(603699.SH),700,10948.00,15.64,218.03
,,,浙江仙通(603239.SH),900,14886.00,16.54,1624.54
,,,宁波高发(603788.SH),700,12943.00,18.49,235.65
,,,红蜻蜓(603116.SH),1500,11490.00,7.66,-539.00
,,,杭叉集团(603298.SH),1600,23712.00,14.82,5846.99
,,,恒润股份(603985.SH),900,24795.00,27.55,9928.34
2020-08-13,146540.97,30562.97,,,,,
,,,宁波高发(603788.SH),700,12845.00,18.35,137.65
,,,华荣股份(603855.SH),400,7120.00,17.8,-47.30
,,,纽威股份(603699.SH),700,10738.00,15.34,8.03
,,,红蜻蜓(603116.SH),1500,11490.00,7.66,-539.00
,,,中电电机(603988.SH),700,12250.00,17.5,2530.61
,,,杭叉集团(603298.SH),1600,22448.00,14.03,4582.99
,,,浙江仙通(603239.SH),900,14778.00,16.42,1516.54
,,,恒润股份(603985.SH),900,24309.00,27.01,9442.34
2020-08-12,144839.97,30562.97,,,,,
,,,恒润股份(603985.SH),900,23418.00,26.02,8551.34
,,,华荣股份(603855.SH),400,7180.00,17.95,12.70
,,,中电电机(603988.SH),700,12355.00,17.65,2635.61
,,,纽威股份(603699.SH),700,10843.00,15.49,113.03
,,,浙江仙通(603239.SH),900,14553.00,16.17,1291.54
,,,红蜻蜓(603116.SH),1500,11400.00,7.6,-629.00
,,,宁波高发(603788.SH),700,12880.00,18.4,172.65
,,,杭叉集团(603298.SH),1600,21648.00,13.53,3782.99
2020-08-11,148131.97,30562.97,,,,,
,,,纽威股份(603699.SH),700,11193.00,15.99,463.03
,,,恒润股份(603985.SH),900,24165.00,26.85,9298.34
,,,华荣股份(603855.SH),400,7676.00,19.19,508.70
,,,杭叉集团(603298.SH),1600,23216.00,14.51,5350.99
,,,宁波高发(603788.SH),700,12495.00,17.85,-212.35
,,,红蜻蜓(603116.SH),1500,11625.00,7.75,-404.00
,,,中电电机(603988.SH),700,12691.00,18.13,2971.61
,,,浙江仙通(603239.SH),900,14508.00,16.12,1246.54
2020-08-10,148893.97,30562.97,,,,,
,,,华荣股份(603855.SH),400,7680.00,19.2,512.70
,,,纽威股份(603699.SH),700,11396.00,16.28,666.03
,,,中电电机(603988.SH),700,13258.00,18.94,3538.61
,,,恒润股份(603985.SH),900,24849.00,27.61,9982.34
,,,红蜻蜓(603116.SH),1500,11775.00,7.85,-254.00
,,,宁波高发(603788.SH),700,12299.00,17.57,-408.35
,,,杭叉集团(603298.SH),1600,22080.00,13.8,4214.99
,,,浙江仙通(603239.SH),900,14994.00,16.66,1732.54
2020-08-07,147288.97,30562.97,,,,,
,,,宁波高发(603788.SH),700,12250.00,17.5,-457.35
,,,纽威股份(603699.SH),700,11382.00,16.26,652.03
,,,中电电机(603988.SH),700,12810.00,18.3,3090.61
,,,华荣股份(603855.SH),400,7364.00,18.41,196.70
,,,红蜻蜓(603116.SH),1500,11610.00,7.74,-419.00
,,,浙江仙通(603239.SH),900,15210.00,16.9,1948.54
,,,恒润股份(603985.SH),900,23940.00,26.6,9073.34
,,,杭叉集团(603298.SH),1600,22160.00,13.85,4294.99
2020-08-06,148519.97,30562.97,,,,,
,,,浙江仙通(603239.SH),900,15147.00,16.83,1885.54
,,,恒润股份(603985.SH),900,24282.00,26.98,9415.34
,,,杭叉集团(603298.SH),1600,22224.00,13.89,4358.99
,,,红蜻蜓(603116.SH),1500,11700.00,7.8,-329.00
,,,华荣股份(603855.SH),400,7308.00,18.27,140.70
,,,宁波高发(603788.SH),700,12439.00,17.77,-268.35
,,,中电电机(603988.SH),700,13069.00,18.67,3349.61
,,,纽威股份(603699.SH),700,11788.00,16.84,1058.03
2020-08-05,148321.97,30562.97,,,,,
,,,纽威股份(603699.SH),700,11760.00,16.8,1030.03
,,,中电电机(603988.SH),700,13307.00,19.01,3587.61
,,,华荣股份(603855.SH),400,7368.00,18.42,200.70
,,,杭叉集团(603298.SH),1600,20704.00,12.94,2838.99
,,,红蜻蜓(603116.SH),1500,11805.00,7.87,-224.00
,,,浙江仙通(603239.SH),900,15867.00,17.63,2605.54
,,,宁波高发(603788.SH),700,12558.00,17.94,-149.35
,,,恒润股份(603985.SH),900,24390.00,27.1,9523.34
2020-08-04,147119.97,30562.97,,,,,
,,,纽威股份(603699.SH),700,11725.00,16.75,995.03
,,,宁波高发(603788.SH),700,12376.00,17.68,-331.35
,,,杭叉集团(603298.SH),1600,20288.00,12.68,2422.99
,,,红蜻蜓(603116.SH),1500,11865.00,7.91,-164.00
,,,浙江仙通(603239.SH),900,16119.00,17.91,2857.54
,,,华荣股份(603855.SH),400,7552.00,18.88,384.70
,,,中电电机(603988.SH),700,13223.00,18.89,3503.61
,,,恒润股份(603985.SH),900,23409.00,26.01,8542.34
2020-08-03,149698.97,30562.97,,,,,
,,,宁波高发(603788.SH),700,12425.00,17.75,-282.35
,,,恒润股份(603985.SH),900,24795.00,27.55,9928.34
,,,浙江仙通(603239.SH),900,15651.00,17.39,2389.54
,,,杭叉集团(603298.SH),1600,20528.00,12.83,2662.99
,,,华荣股份(603855.SH),400,7880.00,19.7,712.70
,,,红蜻蜓(603116.SH),1500,12090.00,8.06,61.00
,,,纽威股份(603699.SH),700,11900.00,17,1170.03
,,,中电电机(603988.SH),700,13867.00,19.81,4147.61
2020-07-31,148246.97,30562.97,,,,,
,,,杭叉集团(603298.SH),1600,20192.00,12.62,2326.99
,,,恒润股份(603985.SH),900,25326.00,28.14,10459.34
,,,华荣股份(603855.SH),400,7288.00,18.22,120.70
,,,中电电机(603988.SH),700,13720.00,19.6,4000.61
,,,红蜻蜓(603116.SH),1500,11880.00,7.92,-149.00
,,,宁波高发(603788.SH),700,12040.00,17.2,-667.35
,,,浙江仙通(603239.SH),900,15345.00,17.05,2083.54
,,,纽威股份(603699.SH),700,11893.00,16.99,1163.03
2020-07-30,146895.97,30562.97,,,,,
,,,浙江仙通(603239.SH),900,15282.00,16.98,2020.54
,,,红蜻蜓(603116.SH),1500,11805.00,7.87,-224.00
,,,纽威股份(603699.SH),700,11886.00,16.98,1156.03
,,,宁波高发(603788.SH),700,11956.00,17.08,-751.35
,,,中电电机(603988.SH),700,13888.00,19.84,4168.61
,,,恒润股份(603985.SH),900,23832.00,26.48,8965.34
,,,华荣股份(603855.SH),400,7396.00,18.49,228.70
,,,杭叉集团(603298.SH),1600,20288.00,12.68,2422.99
2020-07-29,147711.97,30562.97,,,,,
,,,红蜻蜓(603116.SH),1500,12030.00,8.02,1.00
,,,纽威股份(603699.SH),700,11977.00,17.11,1247.03
,,,宁波高发(603788.SH),700,12320.00,17.6,-387.35
,,,杭叉集团(603298.SH),1600,20320.00,12.7,2454.99
,,,恒润股份(603985.SH),900,23940.00,26.6,9073.34
,,,华荣股份(603855.SH),400,7708.00,19.27,540.70
,,,浙江仙通(603239.SH),900,15498.00,17.22,2236.54
,,,中电电机(603988.SH),700,13356.00,19.08,3636.61
2020-07-28,145211.97,30562.97,,,,,
,,,杭叉集团(603298.SH),1600,19936.00,12.46,2070.99
,,,华荣股份(603855.SH),400,7420.00,18.55,252.70
,,,红蜻蜓(603116.SH),1500,11775.00,7.85,-254.00
,,,宁波高发(603788.SH),700,11970.00,17.1,-737.35
,,,浙江仙通(603239.SH),900,14985.00,16.65,1723.54
,,,纽威股份(603699.SH),700,11480.00,16.4,750.03
,,,恒润股份(603985.SH),900,23580.00,26.2,8713.34
,,,中电电机(603988.SH),700,13503.00,19.29,3783.61
2020-07-27,143054.97,30562.97,,,,,
,,,纽威股份(603699.SH),700,11032.00,15.76,302.03
,,,华荣股份(603855.SH),400,7560.00,18.9,392.70
,,,恒润股份(603985.SH),900,22770.00,25.3,7903.34
,,,浙江仙通(603239.SH),900,15282.00,16.98,2020.54
,,,宁波高发(603788.SH),700,11893.00,16.99,-814.35
,,,中电电机(603988.SH),700,12278.00,17.54,2558.61
,,,杭叉集团(603298.SH),1600,20112.00,12.57,2246.99
,,,红蜻蜓(603116.SH),1500,11565.00,7.71,-464.00
2020-07-24,143516.97,30562.97,,,,,
,,,华荣股份(603855.SH),400,7620.00,19.05,452.70
,,,宁波高发(603788.SH),700,11991.00,17.13,-716.35
,,,纽威股份(603699.SH),700,11025.00,15.75,295.03
,,,杭叉集团(603298.SH),1600,20208.00,12.63,2342.99
,,,浙江仙通(603239.SH),900,15462.00,17.18,2200.54
,,,恒润股份(603985.SH),900,23670.00,26.3,8803.34
,,,红蜻蜓(603116.SH),1500,11715.00,7.81,-314.00
,,,中电电机(603988.SH),700,11263.00,16.09,1543.61
2020-07-23,146793.97,30562.97,,,,,
,,,纽威股份(603699.SH),700,11459.00,16.37,729.03
,,,中电电机(603988.SH),700,11718.00,16.74,1998.61
,,,华荣股份(603855.SH),400,7916.00,19.79,748.70
,,,宁波高发(603788.SH),700,12544.00,17.92,-163.35
,,,红蜻蜓(603116.SH),1500,12150.00,8.1,121.00
,,,恒润股份(603985.SH),900,22743.00,25.27,7876.34
,,,浙江仙通(603239.SH),900,16677.00,18.53,3415.54
,,,杭叉集团(603298.SH),1600,21024.00,13.14,3158.99
2020-07-22,145009.97,30562.97,,,,,
,,,中电电机(603988.SH),700,11207.00,16.01,1487.61
,,,宁波高发(603788.SH),700,12873.00,18.39,165.65
,,,杭叉集团(603298.SH),1600,20928.00,13.08,3062.99
,,,纽威股份(603699.SH),700,11263.00,16.09,533.03
,,,浙江仙通(603239.SH),900,16560.00,18.4,3298.54
,,,红蜻蜓(603116.SH),1500,12495.00,8.33,466.00
,,,华荣股份(603855.SH),400,8448.00,21.12,1280.70
,,,恒润股份(603985.SH),900,20673.00,22.97,5806.34
2020-07-21,144751.97,30562.97,,,,,
,,,宁波高发(603788.SH),700,12796.00,18.28,88.65
,,,恒润股份(603985.SH),900,20898.00,23.22,6031.34
,,,中电电机(603988.SH),700,11151.00,15.93,1431.61
,,,浙江仙通(603239.SH),900,15534.00,17.26,2272.54
,,,杭叉集团(603298.SH),1600,21104.00,13.19,3238.99
,,,华荣股份(603855.SH),400,8540.00,21.35,1372.70
,,,红蜻蜓(603116.SH),1500,12735.00,8.49,706.00
,,,纽威股份(603699.SH),700,11431.00,16.33,701.03
2020-07-20,142471.97,30562.97,,,,,
,,,恒润股份(603985.SH),900,19224.00,21.36,4357.34
,,,浙江仙通(603239.SH),900,15813.00,17.57,2551.54
,,,华荣股份(603855.SH),400,8476.00,21.19,1308.70
,,,中电电机(603988.SH),700,11151.00,15.93,1431.61
,,,杭叉集团(603298.SH),1600,20656.00,12.91,2790.99
,,,纽威股份(603699.SH),700,11200.00,16,470.03
,,,红蜻蜓(603116.SH),1500,12600.00,8.4,571.00
,,,宁波高发(603788.SH),700,12789.00,18.27,81.65
2020-07-17,137322.97,30562.97,,,,,
,,,纽威股份(603699.SH),700,10745.00,15.35,15.03
,,,华荣股份(603855.SH),400,8076.00,20.19,908.70
,,,杭叉集团(603298.SH),1600,19216.00,12.01,1350.99
,,,红蜻蜓(603116.SH),1500,13095.00,8.73,1066.00
,,,中电电机(603988.SH),700,10423.00,14.89,703.61
,,,恒润股份(603985.SH),900,17982.00,19.98,3115.34
,,,浙江仙通(603239.SH),900,14868.00,16.52,1606.54
,,,宁波高发(603788.SH),700,12355.00,17.65,-352.35
2020-07-16,136652.97,30562.97,,,,,
,,,中电电机(603988.SH),700,10507.00,15.01,787.61
,,,恒润股份(603985.SH),900,17199.00,19.11,2332.34
,,,纽威股份(603699.SH),700,11060.00,15.8,330.03
,,,宁波高发(603788.SH),700,12705.00,18.15,-2.35
,,,浙江仙通(603239.SH),900,14940.00,16.6,1678.54
,,,华荣股份(603855.SH),400,7676.00,19.19,508.70
,,,杭叉集团(603298.SH),1600,18608.00,11.63,742.99
,,,红蜻蜓(603116.SH),1500,13395.00,8.93,1366.00
2020-07-15,141812.97,30562.97,,,,,
,,,浙江仙通(603239.SH),900,14391.00,15.99,1129.54
,,,华荣股份(603855.SH),400,8036.00,20.09,868.70
,,,恒润股份(603985.SH),900,18720.00,20.8,3853.34
,,,杭叉集团(603298.SH),1600,19808.00,12.38,1942.99
,,,红蜻蜓(603116.SH),1500,13755.00,9.17,1726.00
,,,宁波高发(603788.SH),700,13314.00,19.02,606.65
,,,中电电机(603988.SH),700,11676.00,16.68,1956.61
,,,纽威股份(603699.SH),700,11550.00,16.5,820.03
2020-07-14,143013.97,30562.97,,,,,
,,,浙江仙通(603239.SH),900,15723.00,17.47,2461.54
,,,华荣股份(603855.SH),400,8104.00,20.26,936.70
,,,恒润股份(603985.SH),900,18216.00,20.24,3349.34
,,,杭叉集团(603298.SH),1600,19744.00,12.34,1878.99
,,,红蜻蜓(603116.SH),1500,13200.00,8.8,1171.00
,,,宁波高发(603788.SH),700,13496.00,19.28,788.65
,,,中电电机(603988.SH),700,12145.00,17.35,2425.61
,,,纽威股份(603699.SH),700,11823.00,16.89,1093.03
2020-07-13,141828.97,30562.97,,,,,
,,,纽威股份(603699.SH),700,11648.00,16.64,918.03
,,,杭叉集团(603298.SH),1600,19920.00,12.45,2054.99
,,,红蜻蜓(603116.SH),1500,13245.00,8.83,1216.00
,,,华荣股份(603855.SH),400,7648.00,19.12,480.70
,,,中电电机(603988.SH),700,11445.00,16.35,1725.61
,,,恒润股份(603985.SH),900,17910.00,19.9,3043.34
,,,宁波高发(603788.SH),700,14105.00,20.15,1397.65
,,,浙江仙通(603239.SH),900,15345.00,17.05,2083.54
2020-07-10,135891.97,30282.97,,,,,
,,,中电电机(603988.SH),700,10675.00,15.25,955.61
,,,杭叉集团(603298.SH),1600,18896.00,11.81,1030.99
,,,纽威股份(603699.SH),700,11788.00,16.84,778.03
,,,浙江仙通(603239.SH),900,14220.00,15.8,958.54
,,,华荣股份(603855.SH),400,7456.00,18.64,288.70
,,,红蜻蜓(603116.SH),1500,12615.00,8.41,586.00
,,,恒润股份(603985.SH),900,16281.00,18.09,1414.34
,,,宁波高发(603788.SH),700,13678.00,19.54,970.65
2020-07-09,136848.97,30282.97,,,,,
,,,杭叉集团(603298.SH),1600,18976.00,11.86,1110.99
,,,浙江仙通(603239.SH),900,13698.00,15.22,436.54
,,,华荣股份(603855.SH),400,7564.00,18.91,396.70
,,,红蜻蜓(603116.SH),1500,12735.00,8.49,706.00
,,,中电电机(603988.SH),700,11186.00,15.98,1466.61
,,,恒润股份(603985.SH),900,16290.00,18.1,1423.34
,,,纽威股份(603699.SH),700,12236.00,17.48,1226.03
,,,宁波高发(603788.SH),700,13881.00,19.83,1173.65
2020-07-08,134798.97,30282.97,,,,,
,,,纽威股份(603699.SH),700,12285.00,17.55,1275.03
,,,宁波高发(603788.SH),700,13419.00,19.17,711.65
,,,杭叉集团(603298.SH),1600,18896.00,11.81,1030.99
,,,中电电机(603988.SH),700,10171.00,14.53,451.61
,,,红蜻蜓(603116.SH),1500,12810.00,8.54,781.00
,,,恒润股份(603985.SH),900,15768.00,17.52,901.34
,,,浙江仙通(603239.SH),900,13635.00,15.15,373.54
,,,华荣股份(603855.SH),400,7532.00,18.83,364.70
2020-07-07,133350.97,30282.97,,,,,
,,,华荣股份(603855.SH),400,7348.00,18.37,180.70
,,,宁波高发(603788.SH),700,13419.00,19.17,711.65
,,,恒润股份(603985.SH),900,15660.00,17.4,793.34
,,,杭叉集团(603298.SH),1600,18672.00,11.67,806.99
,,,中电电机(603988.SH),700,10227.00,14.61,507.61
,,,纽威股份(603699.SH),700,11732.00,16.76,722.03
,,,浙江仙通(603239.SH),900,13140.00,14.6,-121.46
,,,红蜻蜓(603116.SH),1500,12870.00,8.58,841.00
2020-07-06,132634.97,30282.97,,,,,
,,,华荣股份(603855.SH),400,7320.00,18.3,152.70
,,,中电电机(603988.SH),700,10066.00,14.38,346.61
,,,恒润股份(603985.SH),900,15741.00,17.49,874.34
,,,红蜻蜓(603116.SH),1500,12300.00,8.2,271.00
,,,杭叉集团(603298.SH),1600,18848.00,11.78,982.99
,,,浙江仙通(603239.SH),900,13185.00,14.65,-76.46
,,,纽威股份(603699.SH),700,11858.00,16.94,848.03
,,,宁波高发(603788.SH),700,13034.00,18.62,326.65
2020-07-03,128793.97,30282.97,,,,,
,,,中电电机(603988.SH),700,9835.00,14.05,115.61
,,,杭叉集团(603298.SH),1600,18560.00,11.6,694.99
,,,宁波高发(603788.SH),700,12467.00,17.81,-240.35
,,,华荣股份(603855.SH),400,7284.00,18.21,116.70
,,,纽威股份(603699.SH),700,11221.00,16.03,211.03
,,,恒润股份(603985.SH),900,14310.00,15.9,-556.66
,,,浙江仙通(603239.SH),900,12789.00,14.21,-472.46
,,,红蜻蜓(603116.SH),1500,12045.00,8.03,16.00
2020-07-02,128871.97,30282.97,,,,,
,,,纽威股份(603699.SH),700,11144.00,15.92,134.03
,,,华荣股份(603855.SH),400,7248.00,18.12,80.70
,,,恒润股份(603985.SH),900,14310.00,15.9,-556.66
,,,中电电机(603988.SH),700,10010.00,14.3,290.61
,,,宁波高发(603788.SH),700,12523.00,17.89,-184.35
,,,浙江仙通(603239.SH),900,12924.00,14.36,-337.46
,,,红蜻蜓(603116.SH),1500,12270.00,8.18,241.00
,,,杭叉集团(603298.SH),1600,18160.00,11.35,294.99
2020-07-01,127191.97,30282.97,,,,,
,,,杭叉集团(603298.SH),1600,17248.00,10.78,-617.01
,,,浙江仙通(603239.SH),900,12888.00,14.32,-373.46
,,,中电电机(603988.SH),700,9471.00,13.53,-248.39
,,,红蜻蜓(603116.SH),1500,11790.00,7.86,-239.00
,,,华荣股份(603855.SH),400,6868.00,17.17,-299.30
,,,纽威股份(603699.SH),700,11305.00,16.15,295.03
,,,恒润股份(603985.SH),900,14445.00,16.05,-421.66
,,,宁波高发(603788.SH),700,12894.00,18.42,186.65
2020-06-30,126086.64,25123.64,,,,,
,,,华邦健康(002004.SZ),2100,11298.00,5.38,1591.71
,,,王府井(600859.SH),700,31885.00,45.55,23386.05
,,,华谊集团(600623.SH),1500,7740.00,5.16,-306.05
,,,鲁泰A(000726.SZ),1000,7580.00,7.58,-1052.22
,,,天健集团(000090.SZ),1700,11747.00,6.91,4467.19
,,,葵花药业(002737.SZ),900,13167.00,14.63,1662.25
,,,承德露露(000848.SZ),1430,10010.00,7,1081.67
,,,兰花科创(600123.SH),1600,7536.00,4.71,-501.67
2020-06-29,122571.84,25123.64,,,,,
,,,承德露露(000848.SZ),1430,9924.20,6.94,995.87
,,,鲁泰A(000726.SZ),1000,7560.00,7.56,-1072.22
,,,王府井(600859.SH),700,28987.00,41.41,20488.05
,,,天健集团(000090.SZ),1700,11713.00,6.89,4433.19
,,,华谊集团(600623.SH),1500,7680.00,5.12,-366.05
,,,兰花科创(600123.SH),1600,7488.00,4.68,-549.67
,,,华邦健康(002004.SZ),2100,11235.00,5.35,1528.71
,,,葵花药业(002737.SZ),900,12861.00,14.29,1356.25
2020-06-24,121278.94,25123.64,,,,,
,,,华谊集团(600623.SH),1500,7770.00,5.18,-276.05
,,,葵花药业(002737.SZ),900,12771.00,14.19,1266.25
,,,王府井(600859.SH),700,28140.00,40.2,19641.05
,,,兰花科创(600123.SH),1600,7552.00,4.72,-485.67
,,,华邦健康(002004.SZ),2100,11046.00,5.26,1339.71
,,,鲁泰A(000726.SZ),1000,7690.00,7.69,-942.22
,,,天健集团(000090.SZ),1700,11305.00,6.65,4025.19
,,,承德露露(000848.SZ),1430,9881.30,6.91,952.97
2020-06-23,122878.34,25123.64,,,,,
,,,华谊集团(600623.SH),1500,7815.00,5.21,-231.05
,,,承德露露(000848.SZ),1430,10138.70,7.09,1210.37
,,,天健集团(000090.SZ),1700,11407.00,6.71,4127.19
,,,兰花科创(600123.SH),1600,7568.00,4.73,-469.67
,,,鲁泰A(000726.SZ),1000,7760.00,7.76,-872.22
,,,王府井(600859.SH),700,29330.00,41.9,20831.05
,,,华邦健康(002004.SZ),2100,11172.00,5.32,1465.71
,,,葵花药业(002737.SZ),900,12564.00,13.96,1059.25
2020-06-22,121327.54,25123.64,,,,,
,,,天健集团(000090.SZ),1700,11458.00,6.74,4178.19
,,,鲁泰A(000726.SZ),1000,7830.00,7.83,-802.22
,,,葵花药业(002737.SZ),900,12492.00,13.88,987.25
,,,承德露露(000848.SZ),1430,9909.90,6.93,981.57
,,,华谊集团(600623.SH),1500,7920.00,5.28,-126.05
,,,华邦健康(002004.SZ),2100,10962.00,5.22,1255.71
,,,兰花科创(600123.SH),1600,7632.00,4.77,-405.67
,,,王府井(600859.SH),700,28000.00,40,19501.05
2020-06-19,120584.54,24803.64,,,,,
,,,承德露露(000848.SZ),1430,9909.90,6.93,981.57
,,,华谊集团(600623.SH),1500,7920.00,5.28,-126.05
,,,鲁泰A(000726.SZ),1000,7830.00,7.83,-802.22
,,,葵花药业(002737.SZ),900,12699.00,14.11,1194.25
,,,天健集团(000090.SZ),1700,11781.00,6.93,4501.19
,,,兰花科创(600123.SH),1600,8016.00,5.01,-341.67
,,,华邦健康(002004.SZ),2100,11067.00,5.27,1360.71
,,,王府井(600859.SH),700,26558.00,37.94,18059.05
2020-06-18,121525.64,24341.64,,,,,
,,,华谊集团(600623.SH),1500,7860.00,5.24,-186.05
,,,兰花科创(600123.SH),1600,8112.00,5.07,-245.67
,,,葵花药业(002737.SZ),900,12681.00,14.09,1176.25
,,,承德露露(000848.SZ),1430,9867.00,6.9,938.67
,,,华邦健康(002004.SZ),2100,11340.00,5.4,1171.71
,,,王府井(600859.SH),700,27720.00,39.6,19221.05
,,,鲁泰A(000726.SZ),1000,7840.00,7.84,-792.22
,,,天健集团(000090.SZ),1700,11764.00,6.92,4484.19
2020-06-17,122170.44,24341.64,,,,,
,,,天健集团(000090.SZ),1700,10914.00,6.42,3634.19
,,,葵花药业(002737.SZ),900,12960.00,14.4,1455.25
,,,承德露露(000848.SZ),1430,9952.80,6.96,1024.47
,,,王府井(600859.SH),700,29190.00,41.7,20691.05
,,,兰花科创(600123.SH),1600,7808.00,4.88,-549.67
,,,华邦健康(002004.SZ),2100,11424.00,5.44,1255.71
,,,华谊集团(600623.SH),1500,7860.00,5.24,-186.05
,,,鲁泰A(000726.SZ),1000,7720.00,7.72,-912.22
2020-06-16,122369.64,24341.64,,,,,
,,,葵花药业(002737.SZ),900,12771.00,14.19,1266.25
,,,华谊集团(600623.SH),1500,7860.00,5.24,-186.05
,,,兰花科创(600123.SH),1600,7728.00,4.83,-629.67
,,,鲁泰A(000726.SZ),1000,7740.00,7.74,-892.22
,,,承德露露(000848.SZ),1430,10010.00,7,1081.67
,,,天健集团(000090.SZ),1700,11186.00,6.58,3906.19
,,,王府井(600859.SH),700,29645.00,42.35,21146.05
,,,华邦健康(002004.SZ),2100,11088.00,5.28,919.71
2020-06-15,119935.14,24341.64,,,,,
,,,天健集团(000090.SZ),1700,11033.00,6.49,3753.19
,,,承德露露(000848.SZ),1430,9938.50,6.95,1010.17
,,,鲁泰A(000726.SZ),1000,7680.00,7.68,-952.22
,,,华谊集团(600623.SH),1500,7755.00,5.17,-291.05
,,,兰花科创(600123.SH),1600,7584.00,4.74,-773.67
,,,王府井(600859.SH),700,28056.00,40.08,19557.05
,,,葵花药业(002737.SZ),900,12564.00,13.96,1059.25
,,,华邦健康(002004.SZ),2100,10983.00,5.23,814.71
2020-06-12,116222.54,24341.64,,,,,
,,,华谊集团(600623.SH),1500,7740.00,5.16,-306.05
,,,天健集团(000090.SZ),1700,10387.00,6.11,3107.19
,,,承德露露(000848.SZ),1430,9766.90,6.83,838.57
,,,鲁泰A(000726.SZ),1000,7660.00,7.66,-972.22
,,,王府井(600859.SH),700,25508.00,36.44,17009.05
,,,葵花药业(002737.SZ),900,12177.00,13.53,672.25
,,,华邦健康(002004.SZ),2100,10962.00,5.22,793.71
,,,兰花科创(600123.SH),1600,7680.00,4.8,-677.67
2020-06-11,114248.44,24341.64,,,,,
,,,鲁泰A(000726.SZ),1000,7670.00,7.67,-962.22
,,,葵花药业(002737.SZ),900,12294.00,13.66,789.25
,,,王府井(600859.SH),700,23191.00,33.13,14692.05
,,,兰花科创(600123.SH),1600,7728.00,4.83,-629.67
,,,华邦健康(002004.SZ),2100,11025.00,5.25,856.71
,,,华谊集团(600623.SH),1500,7785.00,5.19,-261.05
,,,天健集团(000090.SZ),1700,10404.00,6.12,3124.19
,,,承德露露(000848.SZ),1430,9809.80,6.86,881.47
2020-06-10,113433.84,24341.64,,,,,
,,,天健集团(000090.SZ),1700,10455.00,6.15,3175.19
,,,承德露露(000848.SZ),1430,10067.20,7.04,1138.87
,,,兰花科创(600123.SH),1600,7776.00,4.86,-581.67
,,,华谊集团(600623.SH),1500,7860.00,5.24,-186.05
,,,葵花药业(002737.SZ),900,12537.00,13.93,1032.25
,,,王府井(600859.SH),700,21084.00,30.12,12585.05
,,,鲁泰A(000726.SZ),1000,7700.00,7.7,-932.22
,,,华邦健康(002004.SZ),2100,11613.00,5.53,1444.71
2020-06-09,111671.34,24341.64,,,,,
,,,鲁泰A(000726.SZ),1000,7730.00,7.73,-902.22
,,,兰花科创(600123.SH),1600,7856.00,4.91,-501.67
,,,王府井(600859.SH),700,19166.00,27.38,10667.05
,,,华谊集团(600623.SH),1500,7950.00,5.3,-96.05
,,,承德露露(000848.SZ),1430,10138.70,7.09,1210.37
,,,葵花药业(002737.SZ),900,12564.00,13.96,1059.25
,,,华邦健康(002004.SZ),2100,11487.00,5.47,1318.71
,,,天健集团(000090.SZ),1700,10438.00,6.14,3158.19
2020-06-08,109487.54,24341.64,,,,,
,,,兰花科创(600123.SH),1600,7840.00,4.9,-517.67
,,,华谊集团(600623.SH),1500,7995.00,5.33,-51.05
,,,葵花药业(002737.SZ),900,12375.00,13.75,870.25
,,,鲁泰A(000726.SZ),1000,7660.00,7.66,-972.22
,,,王府井(600859.SH),700,17423.00,24.89,8924.05
,,,天健集团(000090.SZ),1700,10523.00,6.19,3243.19
,,,华邦健康(002004.SZ),2100,11277.00,5.37,1108.71
,,,承德露露(000848.SZ),1430,10052.90,7.03,1124.57
2020-06-05,109446.74,24341.64,,,,,
,,,华邦健康(002004.SZ),2100,11109.00,5.29,940.71
,,,葵花药业(002737.SZ),900,12483.00,13.87,978.25
,,,兰花科创(600123.SH),1600,7792.00,4.87,-565.67
,,,承德露露(000848.SZ),1430,10253.10,7.17,1324.77
,,,鲁泰A(000726.SZ),1000,7700.00,7.7,-932.22
,,,王府井(600859.SH),700,17241.00,24.63,8742.05
,,,华谊集团(600623.SH),1500,8055.00,5.37,8.95
,,,天健集团(000090.SZ),1700,10472.00,6.16,3192.19
2020-06-04,110812.64,24341.64,,,,,
,,,兰花科创(600123.SH),1600,7792.00,4.87,-565.67
,,,承德露露(000848.SZ),1430,10582.00,7.4,1653.67
,,,葵花药业(002737.SZ),900,12600.00,14,1095.25
,,,华谊集团(600623.SH),1500,7890.00,5.26,-156.05
,,,王府井(600859.SH),700,18116.00,25.88,9617.05
,,,华邦健康(002004.SZ),2100,11214.00,5.34,1045.71
,,,鲁泰A(000726.SZ),1000,7720.00,7.72,-912.22
,,,天健集团(000090.SZ),1700,10557.00,6.21,3277.19
2020-06-03,110758.64,24341.64,,,,,
,,,天健集团(000090.SZ),1700,10948.00,6.44,3668.19
,,,王府井(600859.SH),700,18375.00,26.25,9876.05
,,,葵花药业(002737.SZ),900,12537.00,13.93,1032.25
,,,承德露露(000848.SZ),1430,10296.00,7.2,1367.67
,,,华邦健康(002004.SZ),2100,10836.00,5.16,667.71
,,,鲁泰A(000726.SZ),1000,7680.00,7.68,-952.22
,,,华谊集团(600623.SH),1500,7905.00,5.27,-141.05
,,,兰花科创(600123.SH),1600,7840.00,4.9,-517.67
2020-06-02,109918.44,24341.64,,,,,
,,,华邦健康(002004.SZ),2100,10857.00,5.17,688.71
,,,华谊集团(600623.SH),1500,7965.00,5.31,-81.05
,,,鲁泰A(000726.SZ),1000,7730.00,7.73,-902.22
,,,兰花科创(600123.SH),1600,7840.00,4.9,-517.67
,,,天健集团(000090.SZ),1700,11067.00,6.51,3787.19
,,,葵花药业(002737.SZ),900,12222.00,13.58,717.25
,,,王府井(600859.SH),700,17514.00,25.02,9015.05
,,,承德露露(000848.SZ),1430,10381.80,7.26,1453.47
2020-06-01,110648.74,24341.64,,,,,
,,,葵花药业(002737.SZ),900,12213.00,13.57,708.25
,,,华谊集团(600623.SH),1500,7890.00,5.26,-156.05
,,,兰花科创(600123.SH),1600,7808.00,4.88,-549.67
,,,鲁泰A(000726.SZ),1000,7680.00,7.68,-952.22
,,,华邦健康(002004.SZ),2100,10857.00,5.17,688.71
,,,承德露露(000848.SZ),1430,10539.10,7.37,1610.77
,,,王府井(600859.SH),700,18508.00,26.44,10009.05
,,,天健集团(000090.SZ),1700,10812.00,6.36,3532.19
2020-05-29,107457.94,24341.64,,,,,
,,,天健集团(000090.SZ),1700,10013.00,5.89,2733.19
,,,华谊集团(600623.SH),1500,7755.00,5.17,-291.05
,,,华邦健康(002004.SZ),2100,10689.00,5.09,520.71
,,,葵花药业(002737.SZ),900,12060.00,13.4,555.25
,,,兰花科创(600123.SH),1600,7728.00,4.83,-629.67
,,,鲁泰A(000726.SZ),1000,7590.00,7.59,-1042.22
,,,王府井(600859.SH),700,16828.00,24.04,8329.05
,,,承德露露(000848.SZ),1430,10453.30,7.31,1524.97
2020-05-28,106105.54,23695.64,,,,,
,,,承德露露(000848.SZ),1430,10481.90,7.33,1553.57
,,,华邦健康(002004.SZ),2100,10752.00,5.12,583.71
,,,王府井(600859.SH),700,15295.00,21.85,6796.05
,,,兰花科创(600123.SH),1600,7744.00,4.84,-613.67
,,,天健集团(000090.SZ),1700,10795.00,6.35,2869.19
,,,华谊集团(600623.SH),1500,7650.00,5.1,-396.05
,,,鲁泰A(000726.SZ),1000,7560.00,7.56,-1072.22
,,,葵花药业(002737.SZ),900,12132.00,13.48,627.25
2020-05-27,107438.64,22795.64,,,,,
,,,葵花药业(002737.SZ),900,13500.00,15,1095.25
,,,兰花科创(600123.SH),1600,7728.00,4.83,-629.67
,,,天健集团(000090.SZ),1700,11067.00,6.51,3141.19
,,,承德露露(000848.SZ),1430,10868.00,7.6,1939.67
,,,华邦健康(002004.SZ),2100,10584.00,5.04,415.71
,,,鲁泰A(000726.SZ),1000,7560.00,7.56,-1072.22
,,,王府井(600859.SH),700,15596.00,22.28,7097.05
,,,华谊集团(600623.SH),1500,7740.00,5.16,-306.05
2020-05-26,106847.14,22795.64,,,,,
,,,兰花科创(600123.SH),1600,7664.00,4.79,-693.67
,,,天健集团(000090.SZ),1700,12053.00,7.09,4127.19
,,,华谊集团(600623.SH),1500,7845.00,5.23,-201.05
,,,华邦健康(002004.SZ),2100,10563.00,5.03,394.71
,,,鲁泰A(000726.SZ),1000,7640.00,7.64,-992.22
,,,王府井(600859.SH),700,14231.00,20.33,5732.05
,,,承德露露(000848.SZ),1430,10510.50,7.35,1582.17
,,,葵花药业(002737.SZ),900,13545.00,15.05,1140.25
2020-05-25,104614.14,22795.64,,,,,
,,,华谊集团(600623.SH),1500,7875.00,5.25,-171.05
,,,承德露露(000848.SZ),1430,10510.50,7.35,1582.17
,,,兰花科创(600123.SH),1600,7552.00,4.72,-805.67
,,,鲁泰A(000726.SZ),1000,7580.00,7.58,-1052.22
,,,天健集团(000090.SZ),1700,11067.00,6.51,3141.19
,,,葵花药业(002737.SZ),900,13518.00,15.02,1113.25
,,,华邦健康(002004.SZ),2100,10416.00,4.96,247.71
,,,王府井(600859.SH),700,13300.00,19,4801.05
2020-05-22,104422.64,22795.64,,,,,
,,,华谊集团(600623.SH),1500,7740.00,5.16,-306.05
,,,天健集团(000090.SZ),1700,11152.00,6.56,3226.19
,,,鲁泰A(000726.SZ),1000,7580.00,7.58,-1052.22
,,,承德露露(000848.SZ),1430,10439.00,7.3,1510.67
,,,华邦健康(002004.SZ),2100,10416.00,4.96,247.71
,,,葵花药业(002737.SZ),900,13167.00,14.63,762.25
,,,兰花科创(600123.SH),1600,7504.00,4.69,-853.67
,,,王府井(600859.SH),700,13629.00,19.47,5130.05
2020-05-21,103388.34,22795.64,,,,,
,,,承德露露(000848.SZ),1430,10424.70,7.29,1496.37
,,,葵花药业(002737.SZ),900,13041.00,14.49,636.25
,,,兰花科创(600123.SH),1600,7648.00,4.78,-709.67
,,,华邦健康(002004.SZ),2100,10668.00,5.08,499.71
,,,王府井(600859.SH),700,12390.00,17.7,3891.05
,,,鲁泰A(000726.SZ),1000,7660.00,7.66,-972.22
,,,天健集团(000090.SZ),1700,10931.00,6.43,3005.19
,,,华谊集团(600623.SH),1500,7830.00,5.22,-216.05
2020-05-20,104790.04,22795.64,,,,,
,,,华谊集团(600623.SH),1500,7605.00,5.07,-441.05
,,,兰花科创(600123.SH),1600,7664.00,4.79,-693.67
,,,葵花药业(002737.SZ),900,13122.00,14.58,717.25
,,,鲁泰A(000726.SZ),1000,7690.00,7.69,-942.22
,,,承德露露(000848.SZ),1430,10553.40,7.38,1625.07
,,,王府井(600859.SH),700,13685.00,19.55,5186.05
,,,华邦健康(002004.SZ),2100,10710.00,5.1,541.71
,,,天健集团(000090.SZ),1700,10965.00,6.45,3039.19
2020-05-19,103739.94,22795.64,,,,,
,,,葵花药业(002737.SZ),900,12789.00,14.21,384.25
,,,王府井(600859.SH),700,12439.00,17.77,3940.05
,,,鲁泰A(000726.SZ),1000,7670.00,7.67,-962.22
,,,兰花科创(600123.SH),1600,7744.00,4.84,-613.67
,,,华邦健康(002004.SZ),2100,10836.00,5.16,667.71
,,,承德露露(000848.SZ),1430,10453.30,7.31,1524.97
,,,华谊集团(600623.SH),1500,7725.00,5.15,-321.05
,,,天健集团(000090.SZ),1700,11288.00,6.64,3362.19
2020-05-18,102813.44,22795.64,,,,,
,,,天健集团(000090.SZ),1700,11203.00,6.59,3277.19
,,,鲁泰A(000726.SZ),1000,7670.00,7.67,-962.22
,,,华谊集团(600623.SH),1500,7605.00,5.07,-441.05
,,,王府井(600859.SH),700,12327.00,17.61,3828.05
,,,兰花科创(600123.SH),1600,7728.00,4.83,-629.67
,,,葵花药业(002737.SZ),900,12717.00,14.13,312.25
,,,承德露露(000848.SZ),1430,9952.80,6.96,1024.47
,,,华邦健康(002004.SZ),2100,10815.00,5.15,646.71
2020-05-15,101140.54,22795.64,,,,,
,,,华谊集团(600623.SH),1500,7590.00,5.06,-456.05
,,,华邦健康(002004.SZ),2100,10773.00,5.13,604.71
,,,天健集团(000090.SZ),1700,11237.00,6.61,3311.19
,,,兰花科创(600123.SH),1600,7648.00,4.78,-709.67
,,,承德露露(000848.SZ),1430,9051.90,6.33,123.57
,,,王府井(600859.SH),700,11466.00,16.38,2967.05
,,,葵花药业(002737.SZ),900,12699.00,14.11,294.25
,,,鲁泰A(000726.SZ),1000,7880.00,7.88,-752.22
2020-05-14,100960.04,22795.64,,,,,
,,,华谊集团(600623.SH),1500,7575.00,5.05,-471.05
,,,鲁泰A(000726.SZ),1000,8100.00,8.1,-532.22
,,,天健集团(000090.SZ),1700,10999.00,6.47,3073.19
,,,葵花药业(002737.SZ),900,12690.00,14.1,285.25
,,,华邦健康(002004.SZ),2100,10836.00,5.16,667.71
,,,王府井(600859.SH),700,11018.00,15.74,2519.05
,,,兰花科创(600123.SH),1600,7680.00,4.8,-677.67
,,,承德露露(000848.SZ),1430,9266.40,6.48,338.07
2020-05-13,101510.04,22795.64,,,,,
,,,鲁泰A(000726.SZ),1000,8210.00,8.21,-422.22
,,,承德露露(000848.SZ),1430,9266.40,6.48,338.07
,,,王府井(600859.SH),700,10976.00,15.68,2477.05
,,,兰花科创(600123.SH),1600,7712.00,4.82,-645.67
,,,华谊集团(600623.SH),1500,7665.00,5.11,-381.05
,,,葵花药业(002737.SZ),900,12852.00,14.28,447.25
,,,华邦健康(002004.SZ),2100,10983.00,5.23,814.71
,,,天健集团(000090.SZ),1700,11050.00,6.5,3124.19
2020-05-12,100354.04,22795.64,,,,,
,,,王府井(600859.SH),700,10213.00,14.59,1714.05
,,,华邦健康(002004.SZ),2100,11025.00,5.25,856.71
,,,承德露露(000848.SZ),1430,8980.40,6.28,52.07
,,,葵花药业(002737.SZ),900,12681.00,14.09,276.25
,,,华谊集团(600623.SH),1500,7695.00,5.13,-351.05
,,,兰花科创(600123.SH),1600,7696.00,4.81,-661.67
,,,鲁泰A(000726.SZ),1000,8150.00,8.15,-482.22
,,,天健集团(000090.SZ),1700,11118.00,6.54,3192.19
2020-05-11,100598.44,22795.64,,,,,
,,,葵花药业(002737.SZ),900,12654.00,14.06,249.25
,,,华邦健康(002004.SZ),2100,11046.00,5.26,877.71
,,,华谊集团(600623.SH),1500,7830.00,5.22,-216.05
,,,鲁泰A(000726.SZ),1000,8220.00,8.22,-412.22
,,,王府井(600859.SH),700,10087.00,14.41,1588.05
,,,天健集团(000090.SZ),1700,11254.00,6.62,3328.19
,,,承德露露(000848.SZ),1430,8951.80,6.26,23.47
,,,兰花科创(600123.SH),1600,7760.00,4.85,-597.67
2020-05-08,100974.54,22795.64,,,,,
,,,鲁泰A(000726.SZ),1000,8270.00,8.27,-362.22
,,,华谊集团(600623.SH),1500,7860.00,5.24,-186.05
,,,兰花科创(600123.SH),1600,7776.00,4.86,-581.67
,,,华邦健康(002004.SZ),2100,11277.00,5.37,1108.71
,,,承德露露(000848.SZ),1430,9051.90,6.33,123.57
,,,葵花药业(002737.SZ),900,12699.00,14.11,294.25
,,,王府井(600859.SH),700,10059.00,14.37,1560.05
,,,天健集团(000090.SZ),1700,11186.00,6.58,3260.19
2020-05-07,100515.04,22795.64,,,,,
,,,王府井(600859.SH),700,9730.00,13.9,1231.05
,,,承德露露(000848.SZ),1430,8980.40,6.28,52.07
,,,鲁泰A(000726.SZ),1000,8260.00,8.26,-372.22
,,,华谊集团(600623.SH),1500,7800.00,5.2,-246.05
,,,天健集团(000090.SZ),1700,11271.00,6.63,3345.19
,,,华邦健康(002004.SZ),2100,11298.00,5.38,1129.71
,,,兰花科创(600123.SH),1600,7744.00,4.84,-613.67
,,,葵花药业(002737.SZ),900,12636.00,14.04,231.25
2020-05-06,100173.14,22795.64,,,,,
,,,兰花科创(600123.SH),1600,7776.00,4.86,-581.67
,,,鲁泰A(000726.SZ),1000,8210.00,8.21,-422.22
,,,王府井(600859.SH),700,9240.00,13.2,741.05
,,,承德露露(000848.SZ),1430,8937.50,6.25,9.17
,,,华谊集团(600623.SH),1500,7815.00,5.21,-231.05
,,,天健集团(000090.SZ),1700,11441.00,6.73,3515.19
,,,华邦健康(002004.SZ),2100,11277.00,5.37,1108.71
,,,葵花药业(002737.SZ),900,12681.00,14.09,276.25
2020-04-30,99052.04,22795.64,,,,,
,,,华谊集团(600623.SH),1500,7830.00,5.22,-216.05
,,,鲁泰A(000726.SZ),1000,8250.00,8.25,-382.22
,,,兰花科创(600123.SH),1600,7760.00,4.85,-597.67
,,,葵花药业(002737.SZ),900,12510.00,13.9,105.25
,,,天健集团(000090.SZ),1700,10863.00,6.39,2937.19
,,,王府井(600859.SH),700,9093.00,12.99,594.05
,,,承德露露(000848.SZ),1430,8694.40,6.08,-233.93
,,,华邦健康(002004.SZ),2100,11256.00,5.36,1087.71
2020-04-29,98620.54,22795.64,,,,,
,,,鲁泰A(000726.SZ),1000,8420.00,8.42,-212.22
,,,葵花药业(002737.SZ),900,12276.00,13.64,-128.75
,,,承德露露(000848.SZ),1430,8622.90,6.03,-305.43
,,,华谊集团(600623.SH),1500,7740.00,5.16,-306.05
,,,王府井(600859.SH),700,8799.00,12.57,300.05
,,,天健集团(000090.SZ),1700,10795.00,6.35,2869.19
,,,华邦健康(002004.SZ),2100,11508.00,5.48,1339.71
,,,兰花科创(600123.SH),1600,7664.00,4.79,-693.67
2020-04-28,98305.64,22535.64,,,,,
,,,天健集团(000090.SZ),1700,10914.00,6.42,2988.19
,,,华邦健康(002004.SZ),2100,11172.00,5.32,1003.71
,,,兰花科创(600123.SH),1600,7680.00,4.8,-677.67
,,,鲁泰A(000726.SZ),1000,8310.00,8.31,-322.22
,,,承德露露(000848.SZ),1300,8970.00,6.9,-218.33
,,,王府井(600859.SH),700,8645.00,12.35,146.05
,,,华谊集团(600623.SH),1500,7740.00,5.16,-306.05
,,,葵花药业(002737.SZ),900,12339.00,13.71,-65.75
2020-04-27,99090.64,22535.64,,,,,
,,,承德露露(000848.SZ),1300,9295.00,7.15,106.67
,,,王府井(600859.SH),700,8848.00,12.64,349.05
,,,华谊集团(600623.SH),1500,7980.00,5.32,-66.05
,,,鲁泰A(000726.SZ),1000,8290.00,8.29,-342.22
,,,天健集团(000090.SZ),1700,10778.00,6.34,2852.19
,,,华邦健康(002004.SZ),2100,11067.00,5.27,898.71
,,,兰花科创(600123.SH),1600,8048.00,5.03,-309.67
,,,葵花药业(002737.SZ),900,12249.00,13.61,-155.75
2020-04-24,98782.64,22535.64,,,,,
,,,天健集团(000090.SZ),1700,10829.00,6.37,2903.19
,,,华邦健康(002004.SZ),2100,10731.00,5.11,562.71
,,,王府井(600859.SH),700,8645.00,12.35,146.05
,,,鲁泰A(000726.SZ),1000,8310.00,8.31,-322.22
,,,华谊集团(600623.SH),1500,8025.00,5.35,-21.05
,,,兰花科创(600123.SH),1600,8160.00,5.1,-197.67
,,,承德露露(000848.SZ),1300,9217.00,7.09,28.67
,,,葵花药业(002737.SZ),900,12330.00,13.7,-74.75
2020-04-23,100368.64,22535.64,,,,,
,,,华谊集团(600623.SH),1500,8160.00,5.44,113.95
,,,承德露露(000848.SZ),1300,9607.00,7.39,418.67
,,,华邦健康(002004.SZ),2100,10899.00,5.19,730.71
,,,兰花科创(600123.SH),1600,8240.00,5.15,-117.67
,,,王府井(600859.SH),700,8610.00,12.3,111.05
,,,天健集团(000090.SZ),1700,11271.00,6.63,3345.19
,,,鲁泰A(000726.SZ),1000,8410.00,8.41,-222.22
,,,葵花药业(002737.SZ),900,12636.00,14.04,231.25
2020-04-22,101115.64,22535.64,,,,,
,,,葵花药业(002737.SZ),900,12501.00,13.89,96.25
,,,承德露露(000848.SZ),1300,9841.00,7.57,652.67
,,,兰花科创(600123.SH),1600,8336.00,5.21,-21.67
,,,华谊集团(600623.SH),1500,8190.00,5.46,143.95
,,,天健集团(000090.SZ),1700,11730.00,6.9,3804.19
,,,华邦健康(002004.SZ),2100,10962.00,5.22,793.71
,,,鲁泰A(000726.SZ),1000,8410.00,8.41,-222.22
,,,王府井(600859.SH),700,8610.00,12.3,111.05
2020-04-21,99496.64,22535.64,,,,,
,,,王府井(600859.SH),700,8540.00,12.2,41.05
,,,鲁泰A(000726.SZ),1000,8400.00,8.4,-232.22
,,,华谊集团(600623.SH),1500,8085.00,5.39,38.95
,,,兰花科创(600123.SH),1600,8288.00,5.18,-69.67
,,,葵花药业(002737.SZ),900,12447.00,13.83,42.25
,,,承德露露(000848.SZ),1300,8944.00,6.88,-244.33
,,,天健集团(000090.SZ),1700,10812.00,6.36,2886.19
,,,华邦健康(002004.SZ),2100,11445.00,5.45,1276.71
2020-04-20,99825.64,22535.64,,,,,
,,,天健集团(000090.SZ),1700,10506.00,6.18,2580.19
,,,华谊集团(600623.SH),1500,8175.00,5.45,128.95
,,,兰花科创(600123.SH),1600,8368.00,5.23,10.33
,,,王府井(600859.SH),700,8540.00,12.2,41.05
,,,承德露露(000848.SZ),1300,9100.00,7,-88.33
,,,鲁泰A(000726.SZ),1000,8520.00,8.52,-112.22
,,,华邦健康(002004.SZ),2100,11382.00,5.42,1213.71
,,,葵花药业(002737.SZ),900,12699.00,14.11,294.25
2020-04-17,99081.64,22535.64,,,,,
,,,王府井(600859.SH),700,8498.00,12.14,-0.95
,,,鲁泰A(000726.SZ),1000,8580.00,8.58,-52.22
,,,华邦健康(002004.SZ),2100,11319.00,5.39,1150.71
,,,兰花科创(600123.SH),1600,8352.00,5.22,-5.67
,,,天健集团(000090.SZ),1700,10013.00,5.89,2087.19
,,,华谊集团(600623.SH),1500,8070.00,5.38,23.95
,,,承德露露(000848.SZ),1300,9087.00,6.99,-101.33
,,,葵花药业(002737.SZ),900,12627.00,14.03,222.25
2020-04-16,99144.64,22535.64,,,,,
,,,兰花科创(600123.SH),1600,8352.00,5.22,-5.67
,,,天健集团(000090.SZ),1700,9775.00,5.75,1849.19
,,,承德露露(000848.SZ),1300,9009.00,6.93,-179.33
,,,华邦健康(002004.SZ),2100,11445.00,5.45,1276.71
,,,华谊集团(600623.SH),1500,8085.00,5.39,38.95
,,,王府井(600859.SH),700,8512.00,12.16,13.05
,,,鲁泰A(000726.SZ),1000,8570.00,8.57,-62.22
,,,葵花药业(002737.SZ),900,12861.00,14.29,456.25
2020-04-15,98231.64,22535.64,,,,,
,,,华谊集团(600623.SH),1500,8070.00,5.38,23.95
,,,承德露露(000848.SZ),1300,9178.00,7.06,-10.33
,,,鲁泰A(000726.SZ),1000,8620.00,8.62,-12.22
,,,葵花药业(002737.SZ),900,12915.00,14.35,510.25
,,,王府井(600859.SH),700,8512.00,12.16,13.05
,,,天健集团(000090.SZ),1700,9197.00,5.41,1271.19
,,,华邦健康(002004.SZ),2100,10836.00,5.16,667.71
,,,兰花科创(600123.SH),1600,8368.00,5.23,10.33
2020-04-14,98238.64,22535.64,,,,,
,,,华谊集团(600623.SH),1500,8160.00,5.44,113.95
,,,葵花药业(002737.SZ),900,12654.00,14.06,249.25
,,,兰花科创(600123.SH),1600,8432.00,5.27,74.33
,,,承德露露(000848.SZ),1300,9243.00,7.11,54.67
,,,王府井(600859.SH),700,8491.00,12.13,-7.95
,,,天健集团(000090.SZ),1700,9078.00,5.34,1152.19
,,,鲁泰A(000726.SZ),1000,8620.00,8.62,-12.22
,,,华邦健康(002004.SZ),2100,11025.00,5.25,856.71
2020-04-13,97197.64,22535.64,,,,,
,,,华邦健康(002004.SZ),2100,11151.00,5.31,982.71
,,,承德露露(000848.SZ),1300,8970.00,6.9,-218.33
,,,鲁泰A(000726.SZ),1000,8560.00,8.56,-72.22
,,,兰花科创(600123.SH),1600,8352.00,5.22,-5.67
,,,天健集团(000090.SZ),1700,8670.00,5.1,744.19
,,,华谊集团(600623.SH),1500,8040.00,5.36,-6.05
,,,王府井(600859.SH),700,8400.00,12,-98.95
,,,葵花药业(002737.SZ),900,12519.00,13.91,114.25
2020-04-10,96402.64,22535.64,,,,,
,,,承德露露(000848.SZ),1300,8957.00,6.89,-231.33
,,,王府井(600859.SH),700,8421.00,12.03,-77.95
,,,兰花科创(600123.SH),1600,8384.00,5.24,26.33
,,,天健集团(000090.SZ),1700,8330.00,4.9,404.19
,,,华谊集团(600623.SH),1500,8130.00,5.42,83.95
,,,鲁泰A(000726.SZ),1000,8530.00,8.53,-102.22
,,,华邦健康(002004.SZ),2100,10731.00,5.11,562.71
,,,葵花药业(002737.SZ),900,12384.00,13.76,-20.75
2020-04-09,97003.64,22535.64,,,,,
,,,天健集团(000090.SZ),1700,8313.00,4.89,387.19
,,,王府井(600859.SH),700,8554.00,12.22,55.05
,,,葵花药业(002737.SZ),900,12537.00,13.93,132.25
,,,兰花科创(600123.SH),1600,8480.00,5.3,122.33
,,,华谊集团(600623.SH),1500,8235.00,5.49,188.95
,,,鲁泰A(000726.SZ),1000,8700.00,8.7,67.78
,,,华邦健康(002004.SZ),2100,10458.00,4.98,289.71
,,,承德露露(000848.SZ),1300,9191.00,7.07,2.67
2020-04-08,97370.64,22535.64,,,,,
,,,华谊集团(600623.SH),1500,8235.00,5.49,188.95
,,,王府井(600859.SH),700,8533.00,12.19,34.05
,,,天健集团(000090.SZ),1700,8313.00,4.89,387.19
,,,华邦健康(002004.SZ),2100,10458.00,4.98,289.71
,,,承德露露(000848.SZ),1300,9321.00,7.17,132.67
,,,兰花科创(600123.SH),1600,8512.00,5.32,154.33
,,,葵花药业(002737.SZ),900,12483.00,13.87,78.25
,,,鲁泰A(000726.SZ),1000,8980.00,8.98,347.78
2020-04-07,97092.64,22535.64,,,,,
,,,葵花药业(002737.SZ),900,12582.00,13.98,177.25
,,,华谊集团(600623.SH),1500,8220.00,5.48,173.95
,,,天健集团(000090.SZ),1700,8245.00,4.85,319.19
,,,华邦健康(002004.SZ),2100,10269.00,4.89,100.71
,,,承德露露(000848.SZ),1300,9308.00,7.16,119.67
,,,兰花科创(600123.SH),1600,8464.00,5.29,106.33
,,,鲁泰A(000726.SZ),1000,8950.00,8.95,317.78
,,,王府井(600859.SH),700,8519.00,12.17,20.05
2020-04-03,95536.64,22535.64,,,,,
,,,葵花药业(002737.SZ),900,12357.00,13.73,-47.75
,,,鲁泰A(000726.SZ),1000,8550.00,8.55,-82.22
,,,华谊集团(600623.SH),1500,8070.00,5.38,23.95
,,,华邦健康(002004.SZ),2100,10080.00,4.8,-88.29
,,,兰花科创(600123.SH),1600,8336.00,5.21,-21.67
,,,天健集团(000090.SZ),1700,8245.00,4.85,319.19
,,,王府井(600859.SH),700,8393.00,11.99,-105.95
,,,承德露露(000848.SZ),1300,8970.00,6.9,-218.33
2020-04-02,95861.64,22535.64,,,,,
,,,鲁泰A(000726.SZ),1000,8620.00,8.62,-12.22
,,,承德露露(000848.SZ),1300,9022.00,6.94,-166.33
,,,天健集团(000090.SZ),1700,8075.00,4.75,149.19
,,,葵花药业(002737.SZ),900,12330.00,13.7,-74.75
,,,兰花科创(600123.SH),1600,8448.00,5.28,90.33
,,,华谊集团(600623.SH),1500,8190.00,5.46,143.95
,,,华邦健康(002004.SZ),2100,10185.00,4.85,16.71
,,,王府井(600859.SH),700,8456.00,12.08,-42.95
2020-04-01,95187.64,22535.64,,,,,
,,,兰花科创(600123.SH),1600,8320.00,5.2,-37.67
,,,华邦健康(002004.SZ),2100,10080.00,4.8,-88.29
,,,鲁泰A(000726.SZ),1000,8580.00,8.58,-52.22
,,,天健集团(000090.SZ),1700,7973.00,4.69,47.19
,,,华谊集团(600623.SH),1500,8025.00,5.35,-21.05
,,,葵花药业(002737.SZ),900,12213.00,13.57,-191.75
,,,承德露露(000848.SZ),1300,9061.00,6.97,-127.33
,,,王府井(600859.SH),700,8400.00,12,-98.95
2020-03-31,96265.87,25243.87,,,,,
,,,盘江股份(600395.SH),1200,6396.00,5.33,-1003.76
,,,宁沪高速(600377.SH),1000,9820.00,9.82,-1477.54
,,,永艺股份(603600.SH),600,8412.00,14.02,1012.24
,,,岱美股份(603730.SH),300,7794.00,25.98,-1310.16
,,,渤海轮渡(603167.SH),700,5467.00,7.81,-2162.22
,,,天创时尚(603608.SH),900,10530.00,11.7,1840.67
,,,林洋能源(601222.SH),2400,12408.00,5.17,619.48
,,,志邦家居(603801.SH),500,10195.00,20.39,-1252.84
2020-03-30,96639.87,25243.87,,,,,
,,,渤海轮渡(603167.SH),700,5460.00,7.8,-2169.22
,,,永艺股份(603600.SH),600,8160.00,13.6,760.24
,,,志邦家居(603801.SH),500,10245.00,20.49,-1202.84
,,,盘江股份(600395.SH),1200,6408.00,5.34,-991.76
,,,天创时尚(603608.SH),900,11205.00,12.45,2515.67
,,,宁沪高速(600377.SH),1000,9770.00,9.77,-1527.54
,,,林洋能源(601222.SH),2400,12384.00,5.16,595.48
,,,岱美股份(603730.SH),300,7764.00,25.88,-1340.16
2020-03-27,96595.87,25243.87,,,,,
,,,林洋能源(601222.SH),2400,12480.00,5.2,691.48
,,,渤海轮渡(603167.SH),700,5551.00,7.93,-2078.22
,,,宁沪高速(600377.SH),1000,9910.00,9.91,-1387.54
,,,岱美股份(603730.SH),300,7899.00,26.33,-1205.16
,,,永艺股份(603600.SH),600,7980.00,13.3,580.24
,,,志邦家居(603801.SH),500,10420.00,20.84,-1027.84
,,,天创时尚(603608.SH),900,10728.00,11.92,2038.67
,,,盘江股份(600395.SH),1200,6384.00,5.32,-1015.76
2020-03-26,96018.87,25243.87,,,,,
,,,永艺股份(603600.SH),600,8400.00,14,1000.24
,,,渤海轮渡(603167.SH),700,5565.00,7.95,-2064.22
,,,宁沪高速(600377.SH),1000,9830.00,9.83,-1467.54
,,,天创时尚(603608.SH),900,9756.00,10.84,1066.67
,,,盘江股份(600395.SH),1200,6384.00,5.32,-1015.76
,,,志邦家居(603801.SH),500,10080.00,20.16,-1367.84
,,,林洋能源(601222.SH),2400,12672.00,5.28,883.48
,,,岱美股份(603730.SH),300,8088.00,26.96,-1016.16
2020-03-25,97767.87,25243.87,,,,,
,,,永艺股份(603600.SH),600,8508.00,14.18,1108.24
,,,志邦家居(603801.SH),500,10255.00,20.51,-1192.84
,,,林洋能源(601222.SH),2400,13200.00,5.5,1411.48
,,,岱美股份(603730.SH),300,8172.00,27.24,-932.16
,,,天创时尚(603608.SH),900,10242.00,11.38,1552.67
,,,盘江股份(600395.SH),1200,6504.00,5.42,-895.76
,,,宁沪高速(600377.SH),1000,10050.00,10.05,-1247.54
,,,渤海轮渡(603167.SH),700,5593.00,7.99,-2036.22
2020-03-24,96142.87,25243.87,,,,,
,,,永艺股份(603600.SH),600,8160.00,13.6,760.24
,,,宁沪高速(600377.SH),1000,9800.00,9.8,-1497.54
,,,盘江股份(600395.SH),1200,6420.00,5.35,-979.76
,,,林洋能源(601222.SH),2400,13032.00,5.43,1243.48
,,,志邦家居(603801.SH),500,9805.00,19.61,-1642.84
,,,岱美股份(603730.SH),300,7794.00,25.98,-1310.16
,,,渤海轮渡(603167.SH),700,5439.00,7.77,-2190.22
,,,天创时尚(603608.SH),900,10449.00,11.61,1759.67
2020-03-23,93799.87,25243.87,,,,,
,,,志邦家居(603801.SH),500,9550.00,19.1,-1897.84
,,,永艺股份(603600.SH),600,8046.00,13.41,646.24
,,,宁沪高速(600377.SH),1000,9300.00,9.3,-1997.54
,,,盘江股份(600395.SH),1200,6312.00,5.26,-1087.76
,,,渤海轮渡(603167.SH),700,5348.00,7.64,-2281.22
,,,岱美股份(603730.SH),300,7761.00,25.87,-1343.16
,,,天创时尚(603608.SH),900,9495.00,10.55,805.67
,,,林洋能源(601222.SH),2400,12744.00,5.31,955.48
2020-03-20,96875.87,25243.87,,,,,
,,,林洋能源(601222.SH),2400,13536.00,5.64,1747.48
,,,天创时尚(603608.SH),900,9837.00,10.93,1147.67
,,,渤海轮渡(603167.SH),700,5635.00,8.05,-1994.22
,,,岱美股份(603730.SH),300,8253.00,27.51,-851.16
,,,盘江股份(600395.SH),1200,6528.00,5.44,-871.76
,,,宁沪高速(600377.SH),1000,9350.00,9.35,-1947.54
,,,志邦家居(603801.SH),500,10285.00,20.57,-1162.84
,,,永艺股份(603600.SH),600,8208.00,13.68,808.24
2020-03-19,96686.87,25243.87,,,,,
,,,宁沪高速(600377.SH),1000,9450.00,9.45,-1847.54
,,,渤海轮渡(603167.SH),700,5621.00,8.03,-2008.22
,,,永艺股份(603600.SH),600,7734.00,12.89,334.24
,,,林洋能源(601222.SH),2400,13368.00,5.57,1579.48
,,,天创时尚(603608.SH),900,10017.00,11.13,1327.67
,,,岱美股份(603730.SH),300,8403.00,28.01,-701.16
,,,志邦家居(603801.SH),500,10370.00,20.74,-1077.84
,,,盘江股份(600395.SH),1200,6480.00,5.4,-919.76
2020-03-18,95982.87,25243.87,,,,,
,,,林洋能源(601222.SH),2400,13392.00,5.58,1603.48
,,,志邦家居(603801.SH),500,10250.00,20.5,-1197.84
,,,盘江股份(600395.SH),1200,6528.00,5.44,-871.76
,,,宁沪高速(600377.SH),1000,9650.00,9.65,-1647.54
,,,渤海轮渡(603167.SH),700,5740.00,8.2,-1889.22
,,,天创时尚(603608.SH),900,9423.00,10.47,733.67
,,,永艺股份(603600.SH),600,7386.00,12.31,-13.76
,,,岱美股份(603730.SH),300,8370.00,27.9,-734.16
2020-03-17,97834.87,25243.87,,,,,
,,,志邦家居(603801.SH),500,10430.00,20.86,-1017.84
,,,渤海轮渡(603167.SH),700,5845.00,8.35,-1784.22
,,,宁沪高速(600377.SH),1000,9900.00,9.9,-1397.54
,,,盘江股份(600395.SH),1200,6636.00,5.53,-763.76
,,,林洋能源(601222.SH),2400,13704.00,5.71,1915.48
,,,天创时尚(603608.SH),900,9837.00,10.93,1147.67
,,,岱美股份(603730.SH),300,8781.00,29.27,-323.16
,,,永艺股份(603600.SH),600,7458.00,12.43,58.24
2020-03-16,96481.87,25243.87,,,,,
,,,林洋能源(601222.SH),2400,13296.00,5.54,1507.48
,,,岱美股份(603730.SH),300,9030.00,30.1,-74.16
,,,永艺股份(603600.SH),600,6846.00,11.41,-553.76
,,,宁沪高速(600377.SH),1000,10050.00,10.05,-1247.54
,,,天创时尚(603608.SH),900,8946.00,9.94,256.67
,,,盘江股份(600395.SH),1200,6660.00,5.55,-739.76
,,,渤海轮渡(603167.SH),700,5915.00,8.45,-1714.22
,,,志邦家居(603801.SH),500,10495.00,20.99,-952.84
2020-03-13,100039.87,25243.87,,,,,
,,,永艺股份(603600.SH),600,6540.00,10.9,-859.76
,,,宁沪高速(600377.SH),1000,10140.00,10.14,-1157.54
,,,盘江股份(600395.SH),1200,6840.00,5.7,-559.76
,,,天创时尚(603608.SH),900,9936.00,11.04,1246.67
,,,志邦家居(603801.SH),500,11660.00,23.32,212.16
,,,林洋能源(601222.SH),2400,14136.00,5.89,2347.48
,,,岱美股份(603730.SH),300,9510.00,31.7,405.84
,,,渤海轮渡(603167.SH),700,6034.00,8.62,-1595.22
2020-03-12,101726.87,25243.87,,,,,
,,,岱美股份(603730.SH),300,9801.00,32.67,696.84
,,,宁沪高速(600377.SH),1000,10350.00,10.35,-947.54
,,,志邦家居(603801.SH),500,11700.00,23.4,252.16
,,,林洋能源(601222.SH),2400,13992.00,5.83,2203.48
,,,天创时尚(603608.SH),900,10764.00,11.96,2074.67
,,,永艺股份(603600.SH),600,6876.00,11.46,-523.76
,,,盘江股份(600395.SH),1200,6840.00,5.7,-559.76
,,,渤海轮渡(603167.SH),700,6160.00,8.8,-1469.22
2020-03-11,105297.87,25243.87,,,,,
,,,渤海轮渡(603167.SH),700,6328.00,9.04,-1301.22
,,,宁沪高速(600377.SH),1000,10350.00,10.35,-947.54
,,,盘江股份(600395.SH),1200,6996.00,5.83,-403.76
,,,永艺股份(603600.SH),600,7278.00,12.13,-121.76
,,,岱美股份(603730.SH),300,10053.00,33.51,948.84
,,,天创时尚(603608.SH),900,11961.00,13.29,3271.67
,,,林洋能源(601222.SH),2400,14688.00,6.12,2899.48
,,,志邦家居(603801.SH),500,12400.00,24.8,952.16
2020-03-10,104069.87,25243.87,,,,,
,,,盘江股份(600395.SH),1200,7068.00,5.89,-331.76
,,,岱美股份(603730.SH),300,10077.00,33.59,972.84
,,,渤海轮渡(603167.SH),700,6230.00,8.9,-1399.22
,,,志邦家居(603801.SH),500,12685.00,25.37,1237.16
,,,宁沪高速(600377.SH),1000,10360.00,10.36,-937.54
,,,天创时尚(603608.SH),900,10872.00,12.08,2182.67
,,,林洋能源(601222.SH),2400,14112.00,5.88,2323.48
,,,永艺股份(603600.SH),600,7422.00,12.37,22.24
2020-03-09,104343.87,25243.87,,,,,
,,,盘江股份(600395.SH),1200,6996.00,5.83,-403.76
,,,宁沪高速(600377.SH),1000,10400.00,10.4,-897.54
,,,林洋能源(601222.SH),2400,13968.00,5.82,2179.48
,,,志邦家居(603801.SH),500,12640.00,25.28,1192.16
,,,岱美股份(603730.SH),300,9807.00,32.69,702.84
,,,天创时尚(603608.SH),900,11601.00,12.89,2911.67
,,,永艺股份(603600.SH),600,7500.00,12.5,100.24
,,,渤海轮渡(603167.SH),700,6188.00,8.84,-1441.22
2020-03-06,105962.87,25243.87,,,,,
,,,宁沪高速(600377.SH),1000,10400.00,10.4,-897.54
,,,渤海轮渡(603167.SH),700,6188.00,8.84,-1441.22
,,,永艺股份(603600.SH),600,7716.00,12.86,316.24
,,,林洋能源(601222.SH),2400,14376.00,5.99,2587.48
,,,志邦家居(603801.SH),500,12615.00,25.23,1167.16
,,,天创时尚(603608.SH),900,11637.00,12.93,2947.67
,,,盘江股份(600395.SH),1200,7392.00,6.16,-7.76
,,,岱美股份(603730.SH),300,10395.00,34.65,1290.84
2020-03-05,106279.87,25243.87,,,,,
,,,盘江股份(600395.SH),1200,7392.00,6.16,-7.76
,,,志邦家居(603801.SH),500,12920.00,25.84,1472.16
,,,天创时尚(603608.SH),900,11493.00,12.77,2803.67
,,,渤海轮渡(603167.SH),700,6223.00,8.89,-1406.22
,,,岱美股份(603730.SH),300,10386.00,34.62,1281.84
,,,宁沪高速(600377.SH),1000,10470.00,10.47,-827.54
,,,林洋能源(601222.SH),2400,14424.00,6.01,2635.48
,,,永艺股份(603600.SH),600,7728.00,12.88,328.24
2020-03-04,103909.87,25243.87,,,,,
,,,宁沪高速(600377.SH),1000,10530.00,10.53,-767.54
,,,天创时尚(603608.SH),900,10449.00,11.61,1759.67
,,,永艺股份(603600.SH),600,7434.00,12.39,34.24
,,,渤海轮渡(603167.SH),700,6104.00,8.72,-1525.22
,,,林洋能源(601222.SH),2400,13464.00,5.61,1675.48
,,,岱美股份(603730.SH),300,10497.00,34.99,1392.84
,,,志邦家居(603801.SH),500,12880.00,25.76,1432.16
,,,盘江股份(600395.SH),1200,7308.00,6.09,-91.76
2020-03-03,101499.87,25243.87,,,,,
,,,盘江股份(600395.SH),1200,6996.00,5.83,-403.76
,,,天创时尚(603608.SH),900,9495.00,10.55,805.67
,,,永艺股份(603600.SH),600,7446.00,12.41,46.24
,,,宁沪高速(600377.SH),1000,10420.00,10.42,-877.54
,,,林洋能源(601222.SH),2400,13296.00,5.54,1507.48
,,,渤海轮渡(603167.SH),700,6090.00,8.7,-1539.22
,,,岱美股份(603730.SH),300,10803.00,36.01,1698.84
,,,志邦家居(603801.SH),500,11710.00,23.42,262.16
2020-03-02,98136.87,25243.87,,,,,
,,,岱美股份(603730.SH),300,10257.00,34.19,1152.84
,,,志邦家居(603801.SH),500,10645.00,21.29,-802.84
,,,永艺股份(603600.SH),600,7284.00,12.14,-115.76
,,,渤海轮渡(603167.SH),700,5992.00,8.56,-1637.22
,,,盘江股份(600395.SH),1200,6972.00,5.81,-427.76
,,,天创时尚(603608.SH),900,8631.00,9.59,-58.33
,,,宁沪高速(600377.SH),1000,10200.00,10.2,-1097.54
,,,林洋能源(601222.SH),2400,12912.00,5.38,1123.48
2020-02-28,95464.87,25243.87,,,,,
,,,志邦家居(603801.SH),500,9980.00,19.96,-1467.84
,,,天创时尚(603608.SH),900,8487.00,9.43,-202.33
,,,永艺股份(603600.SH),600,7032.00,11.72,-367.76
,,,渤海轮渡(603167.SH),700,5845.00,8.35,-1784.22
,,,宁沪高速(600377.SH),1000,10080.00,10.08,-1217.54
,,,岱美股份(603730.SH),300,9801.00,32.67,696.84
,,,盘江股份(600395.SH),1200,6612.00,5.51,-787.76
,,,林洋能源(601222.SH),2400,12384.00,5.16,595.48
2020-02-27,99426.87,25243.87,,,,,
,,,岱美股份(603730.SH),300,10806.00,36.02,1701.84
,,,宁沪高速(600377.SH),1000,10260.00,10.26,-1037.54
,,,志邦家居(603801.SH),500,10585.00,21.17,-862.84
,,,渤海轮渡(603167.SH),700,6076.00,8.68,-1553.22
,,,盘江股份(600395.SH),1200,6876.00,5.73,-523.76
,,,永艺股份(603600.SH),600,7188.00,11.98,-211.76
,,,林洋能源(601222.SH),2400,12960.00,5.4,1171.48
,,,天创时尚(603608.SH),900,9432.00,10.48,742.67
2020-02-26,99412.87,25243.87,,,,,
,,,林洋能源(601222.SH),2400,12792.00,5.33,1003.48
,,,宁沪高速(600377.SH),1000,10200.00,10.2,-1097.54
,,,渤海轮渡(603167.SH),700,6076.00,8.68,-1553.22
,,,天创时尚(603608.SH),900,9846.00,10.94,1156.67
,,,岱美股份(603730.SH),300,10353.00,34.51,1248.84
,,,志邦家居(603801.SH),500,10790.00,21.58,-657.84
,,,盘江股份(600395.SH),1200,7008.00,5.84,-391.76
,,,永艺股份(603600.SH),600,7104.00,11.84,-295.76
2020-02-25,100204.87,25243.87,,,,,
,,,志邦家居(603801.SH),500,10600.00,21.2,-847.84
,,,林洋能源(601222.SH),2400,13080.00,5.45,1291.48
,,,宁沪高速(600377.SH),1000,10260.00,10.26,-1037.54
,,,盘江股份(600395.SH),1200,6828.00,5.69,-571.76
,,,渤海轮渡(603167.SH),700,6104.00,8.72,-1525.22
,,,永艺股份(603600.SH),600,7350.00,12.25,-49.76
,,,岱美股份(603730.SH),300,10956.00,36.52,1851.84
,,,天创时尚(603608.SH),900,9783.00,10.87,1093.67
2020-02-24,101737.87,25243.87,,,,,
,,,宁沪高速(600377.SH),1000,10350.00,10.35,-947.54
,,,渤海轮渡(603167.SH),700,6230.00,8.9,-1399.22
,,,盘江股份(600395.SH),1200,6936.00,5.78,-463.76
,,,林洋能源(601222.SH),2400,13416.00,5.59,1627.48
,,,永艺股份(603600.SH),600,7572.00,12.62,172.24
,,,天创时尚(603608.SH),900,10125.00,11.25,1435.67
,,,岱美股份(603730.SH),300,11010.00,36.7,1905.84
,,,志邦家居(603801.SH),500,10855.00,21.71,-592.84
2020-02-21,102500.87,25243.87,,,,,
,,,盘江股份(600395.SH),1200,7008.00,5.84,-391.76
,,,岱美股份(603730.SH),300,11190.00,37.3,2085.84
,,,永艺股份(603600.SH),600,7602.00,12.67,202.24
,,,宁沪高速(600377.SH),1000,10490.00,10.49,-807.54
,,,林洋能源(601222.SH),2400,13752.00,5.73,1963.48
,,,天创时尚(603608.SH),900,9810.00,10.9,1120.67
,,,志邦家居(603801.SH),500,11035.00,22.07,-412.84
,,,渤海轮渡(603167.SH),700,6370.00,9.1,-1259.22
2020-02-20,102333.87,25243.87,,,,,
,,,林洋能源(601222.SH),2400,13464.00,5.61,1675.48
,,,永艺股份(603600.SH),600,7452.00,12.42,52.24
,,,岱美股份(603730.SH),300,11310.00,37.7,2205.84
,,,渤海轮渡(603167.SH),700,6398.00,9.14,-1231.22
,,,宁沪高速(600377.SH),1000,10480.00,10.48,-817.54
,,,天创时尚(603608.SH),900,9990.00,11.1,1300.67
,,,盘江股份(600395.SH),1200,6936.00,5.78,-463.76
,,,志邦家居(603801.SH),500,11060.00,22.12,-387.84
2020-02-19,101610.87,25243.87,,,,,
,,,盘江股份(600395.SH),1200,6828.00,5.69,-571.76
,,,宁沪高速(600377.SH),1000,10350.00,10.35,-947.54
,,,天创时尚(603608.SH),900,10296.00,11.44,1606.67
,,,渤海轮渡(603167.SH),700,6279.00,8.97,-1350.22
,,,岱美股份(603730.SH),300,11250.00,37.5,2145.84
,,,志邦家居(603801.SH),500,10790.00,21.58,-657.84
,,,永艺股份(603600.SH),600,7326.00,12.21,-73.76
,,,林洋能源(601222.SH),2400,13248.00,5.52,1459.48
2020-02-18,101263.87,25243.87,,,,,
,,,宁沪高速(600377.SH),1000,10440.00,10.44,-857.54
,,,天创时尚(603608.SH),900,9882.00,10.98,1192.67
,,,永艺股份(603600.SH),600,7470.00,12.45,70.24
,,,渤海轮渡(603167.SH),700,6216.00,8.88,-1413.22
,,,志邦家居(603801.SH),500,10950.00,21.9,-497.84
,,,林洋能源(601222.SH),2400,12600.00,5.25,811.48
,,,岱美股份(603730.SH),300,11562.00,38.54,2457.84
,,,盘江股份(600395.SH),1200,6900.00,5.75,-499.76
2020-02-17,100462.87,25243.87,,,,,
,,,天创时尚(603608.SH),900,8982.00,9.98,292.67
,,,盘江股份(600395.SH),1200,6864.00,5.72,-535.76
,,,志邦家居(603801.SH),500,11130.00,22.26,-317.84
,,,宁沪高速(600377.SH),1000,10680.00,10.68,-617.54
,,,渤海轮渡(603167.SH),700,6216.00,8.88,-1413.22
,,,林洋能源(601222.SH),2400,12480.00,5.2,691.48
,,,永艺股份(603600.SH),600,7260.00,12.1,-139.76
,,,岱美股份(603730.SH),300,11607.00,38.69,2502.84
2020-02-14,98657.87,25243.87,,,,,
,,,天创时尚(603608.SH),900,8406.00,9.34,-283.33
,,,永艺股份(603600.SH),600,7050.00,11.75,-349.76
,,,林洋能源(601222.SH),2400,12072.00,5.03,283.48
,,,宁沪高速(600377.SH),1000,10750.00,10.75,-547.54
,,,盘江股份(600395.SH),1200,6756.00,5.63,-643.76
,,,志邦家居(603801.SH),500,10780.00,21.56,-667.84
,,,岱美股份(603730.SH),300,11538.00,38.46,2433.84
,,,渤海轮渡(603167.SH),700,6062.00,8.66,-1567.22
2020-02-13,99285.87,25243.87,,,,,
,,,盘江股份(600395.SH),1200,6744.00,5.62,-655.76
,,,天创时尚(603608.SH),900,8550.00,9.5,-139.33
,,,志邦家居(603801.SH),500,10430.00,20.86,-1017.84
,,,宁沪高速(600377.SH),1000,10810.00,10.81,-487.54
,,,渤海轮渡(603167.SH),700,6062.00,8.66,-1567.22
,,,永艺股份(603600.SH),600,7050.00,11.75,-349.76
,,,岱美股份(603730.SH),300,12084.00,40.28,2979.84
,,,林洋能源(601222.SH),2400,12312.00,5.13,523.48
2020-02-12,100321.87,25243.87,,,,,
,,,志邦家居(603801.SH),500,10490.00,20.98,-957.84
,,,盘江股份(600395.SH),1200,6852.00,5.71,-547.76
,,,天创时尚(603608.SH),900,8982.00,9.98,292.67
,,,永艺股份(603600.SH),600,7272.00,12.12,-127.76
,,,林洋能源(601222.SH),2400,12792.00,5.33,1003.48
,,,岱美股份(603730.SH),300,11700.00,39,2595.84
,,,宁沪高速(600377.SH),1000,10830.00,10.83,-467.54
,,,渤海轮渡(603167.SH),700,6160.00,8.8,-1469.22
2020-02-11,98299.87,25243.87,,,,,
,,,盘江股份(600395.SH),1200,6864.00,5.72,-535.76
,,,渤海轮渡(603167.SH),700,6125.00,8.75,-1504.22
,,,天创时尚(603608.SH),900,8883.00,9.87,193.67
,,,林洋能源(601222.SH),2400,11904.00,4.96,115.48
,,,宁沪高速(600377.SH),1000,10880.00,10.88,-417.54
,,,志邦家居(603801.SH),500,10400.00,20.8,-1047.84
,,,岱美股份(603730.SH),300,10806.00,36.02,1701.84
,,,永艺股份(603600.SH),600,7194.00,11.99,-205.76
2020-02-10,98458.87,25243.87,,,,,
,,,志邦家居(603801.SH),500,10040.00,20.08,-1407.84
,,,天创时尚(603608.SH),900,8883.00,9.87,193.67
,,,盘江股份(600395.SH),1200,6804.00,5.67,-595.76
,,,永艺股份(603600.SH),600,7020.00,11.7,-379.76
,,,岱美股份(603730.SH),300,11397.00,37.99,2292.84
,,,林洋能源(601222.SH),2400,12096.00,5.04,307.48
,,,宁沪高速(600377.SH),1000,10850.00,10.85,-447.54
,,,渤海轮渡(603167.SH),700,6125.00,8.75,-1504.22
2020-02-07,97052.87,25243.87,,,,,
,,,永艺股份(603600.SH),600,6960.00,11.6,-439.76
,,,林洋能源(601222.SH),2400,12072.00,5.03,283.48
,,,宁沪高速(600377.SH),1000,10790.00,10.79,-507.54
,,,天创时尚(603608.SH),900,8595.00,9.55,-94.33
,,,岱美股份(603730.SH),300,10833.00,36.11,1728.84
,,,志邦家居(603801.SH),500,9795.00,19.59,-1652.84
,,,盘江股份(600395.SH),1200,6744.00,5.62,-655.76
,,,渤海轮渡(603167.SH),700,6020.00,8.6,-1609.22
2020-02-06,96960.87,25243.87,,,,,
,,,永艺股份(603600.SH),600,7014.00,11.69,-385.76
,,,林洋能源(601222.SH),2400,11640.00,4.85,-148.52
,,,盘江股份(600395.SH),1200,6816.00,5.68,-583.76
,,,宁沪高速(600377.SH),1000,10960.00,10.96,-337.54
,,,志邦家居(603801.SH),500,9860.00,19.72,-1587.84
,,,天创时尚(603608.SH),900,8352.00,9.28,-337.33
,,,渤海轮渡(603167.SH),700,5915.00,8.45,-1714.22
,,,岱美股份(603730.SH),300,11160.00,37.2,2055.84
2020-02-05,96106.87,25243.87,,,,,
,,,岱美股份(603730.SH),300,11034.00,36.78,1929.84
,,,林洋能源(601222.SH),2400,11544.00,4.81,-244.52
,,,志邦家居(603801.SH),500,9675.00,19.35,-1772.84
,,,渤海轮渡(603167.SH),700,5887.00,8.41,-1742.22
,,,盘江股份(600395.SH),1200,6636.00,5.53,-763.76
,,,天创时尚(603608.SH),900,8127.00,9.03,-562.33
,,,宁沪高速(600377.SH),1000,10970.00,10.97,-327.54
,,,永艺股份(603600.SH),600,6990.00,11.65,-409.76
2020-02-04,95145.87,25243.87,,,,,
,,,永艺股份(603600.SH),600,7086.00,11.81,-313.76
,,,天创时尚(603608.SH),900,8280.00,9.2,-409.33
,,,岱美股份(603730.SH),300,10035.00,33.45,930.84
,,,宁沪高速(600377.SH),1000,11240.00,11.24,-57.54
,,,志邦家居(603801.SH),500,9605.00,19.21,-1842.84
,,,林洋能源(601222.SH),2400,11232.00,4.68,-556.52
,,,盘江股份(600395.SH),1200,6516.00,5.43,-883.76
,,,渤海轮渡(603167.SH),700,5908.00,8.44,-1721.22
2020-02-03,94586.87,25243.87,,,,,
,,,志邦家居(603801.SH),500,10205.00,20.41,-1242.84
,,,林洋能源(601222.SH),2400,11136.00,4.64,-652.52
,,,盘江股份(600395.SH),1200,6312.00,5.26,-1087.76
,,,永艺股份(603600.SH),600,7248.00,12.08,-151.76
,,,天创时尚(603608.SH),900,8343.00,9.27,-346.33
,,,渤海轮渡(603167.SH),700,6356.00,9.08,-1273.22
,,,岱美股份(603730.SH),300,9123.00,30.41,18.84
,,,宁沪高速(600377.SH),1000,10620.00,10.62,-677.54
2020-01-23,101903.87,25243.87,,,,,
,,,渤海轮渡(603167.SH),700,7063.00,10.09,-566.22
,,,天创时尚(603608.SH),900,9270.00,10.3,580.67
,,,岱美股份(603730.SH),300,10113.00,33.71,1008.84
,,,盘江股份(600395.SH),1200,7008.00,5.84,-391.76
,,,志邦家居(603801.SH),500,11340.00,22.68,-107.84
,,,宁沪高速(600377.SH),1000,11430.00,11.43,132.46
,,,永艺股份(603600.SH),600,8052.00,13.42,652.24
,,,林洋能源(601222.SH),2400,12384.00,5.16,595.48
2020-01-22,104888.87,25243.87,,,,,
,,,盘江股份(600395.SH),1200,7212.00,6.01,-187.76
,,,志邦家居(603801.SH),500,11895.00,23.79,447.16
,,,林洋能源(601222.SH),2400,12840.00,5.35,1051.48
,,,岱美股份(603730.SH),300,10680.00,35.6,1575.84
,,,永艺股份(603600.SH),600,8472.00,14.12,1072.24
,,,宁沪高速(600377.SH),1000,11460.00,11.46,162.46
,,,天创时尚(603608.SH),900,9792.00,10.88,1102.67
,,,渤海轮渡(603167.SH),700,7294.00,10.42,-335.22
2020-01-21,104087.87,25243.87,,,,,
,,,天创时尚(603608.SH),900,8901.00,9.89,211.67
,,,盘江股份(600395.SH),1200,7224.00,6.02,-175.76
,,,岱美股份(603730.SH),300,10398.00,34.66,1293.84
,,,永艺股份(603600.SH),600,8688.00,14.48,1288.24
,,,林洋能源(601222.SH),2400,12768.00,5.32,979.48
,,,志邦家居(603801.SH),500,12235.00,24.47,787.16
,,,渤海轮渡(603167.SH),700,7280.00,10.4,-349.22
,,,宁沪高速(600377.SH),1000,11350.00,11.35,52.46
2020-01-20,105891.87,25243.87,,,,,
,,,渤海轮渡(603167.SH),700,7343.00,10.49,-286.22
,,,岱美股份(603730.SH),300,10605.00,35.35,1500.84
,,,永艺股份(603600.SH),600,9000.00,15,1600.24
,,,志邦家居(603801.SH),500,12320.00,24.64,872.16
,,,林洋能源(601222.SH),2400,13032.00,5.43,1243.48
,,,盘江股份(600395.SH),1200,7332.00,6.11,-67.76
,,,天创时尚(603608.SH),900,9666.00,10.74,976.67
,,,宁沪高速(600377.SH),1000,11350.00,11.35,52.46
2020-01-17,106049.87,25243.87,,,,,
,,,渤海轮渡(603167.SH),700,7329.00,10.47,-300.22
,,,宁沪高速(600377.SH),1000,11270.00,11.27,-27.54
,,,盘江股份(600395.SH),1200,7404.00,6.17,4.24
,,,天创时尚(603608.SH),900,10287.00,11.43,1597.67
,,,志邦家居(603801.SH),500,12350.00,24.7,902.16
,,,永艺股份(603600.SH),600,8724.00,14.54,1324.24
,,,林洋能源(601222.SH),2400,13080.00,5.45,1291.48
,,,岱美股份(603730.SH),300,10362.00,34.54,1257.84
2020-01-16,104145.87,25243.87,,,,,
,,,宁沪高速(600377.SH),1000,11360.00,11.36,62.46
,,,盘江股份(600395.SH),1200,7428.00,6.19,28.24
,,,志邦家居(603801.SH),500,12010.00,24.02,562.16
,,,渤海轮渡(603167.SH),700,7259.00,10.37,-370.22
,,,林洋能源(601222.SH),2400,12840.00,5.35,1051.48
,,,天创时尚(603608.SH),900,9576.00,10.64,886.67
,,,岱美股份(603730.SH),300,10497.00,34.99,1392.84
,,,永艺股份(603600.SH),600,7932.00,13.22,532.24
2020-01-15,105504.87,25243.87,,,,,
,,,志邦家居(603801.SH),500,11940.00,23.88,492.16
,,,渤海轮渡(603167.SH),700,7420.00,10.6,-209.22
,,,永艺股份(603600.SH),600,8268.00,13.78,868.24
,,,盘江股份(600395.SH),1200,7536.00,6.28,136.24
,,,岱美股份(603730.SH),300,10377.00,34.59,1272.84
,,,天创时尚(603608.SH),900,10170.00,11.3,1480.67
,,,宁沪高速(600377.SH),1000,11590.00,11.59,292.46
,,,林洋能源(601222.SH),2400,12960.00,5.4,1171.48
2020-01-14,105604.87,25243.87,,,,,
,,,志邦家居(603801.SH),500,12150.00,24.3,702.16
,,,天创时尚(603608.SH),900,9468.00,10.52,778.67
,,,渤海轮渡(603167.SH),700,7427.00,10.61,-202.22
,,,盘江股份(600395.SH),1200,7608.00,6.34,208.24
,,,林洋能源(601222.SH),2400,12960.00,5.4,1171.48
,,,岱美股份(603730.SH),300,10476.00,34.92,1371.84
,,,永艺股份(603600.SH),600,8712.00,14.52,1312.24
,,,宁沪高速(600377.SH),1000,11560.00,11.56,262.46
2020-01-13,104947.87,25243.87,,,,,
,,,宁沪高速(600377.SH),1000,11500.00,11.5,202.46
,,,林洋能源(601222.SH),2400,12984.00,5.41,1195.48
,,,天创时尚(603608.SH),900,8604.00,9.56,-85.33
,,,盘江股份(600395.SH),1200,7680.00,6.4,280.24
,,,岱美股份(603730.SH),300,10605.00,35.35,1500.84
,,,永艺股份(603600.SH),600,8640.00,14.4,1240.24
,,,志邦家居(603801.SH),500,12250.00,24.5,802.16
,,,渤海轮渡(603167.SH),700,7441.00,10.63,-188.22
2020-01-10,103212.87,25243.87,,,,,
,,,永艺股份(603600.SH),600,7854.00,13.09,454.24
,,,林洋能源(601222.SH),2400,12816.00,5.34,1027.48
,,,岱美股份(603730.SH),300,10467.00,34.89,1362.84
,,,盘江股份(600395.SH),1200,7680.00,6.4,280.24
,,,志邦家居(603801.SH),500,12475.00,24.95,1027.16
,,,天创时尚(603608.SH),900,7821.00,8.69,-868.33
,,,宁沪高速(600377.SH),1000,11380.00,11.38,82.46
,,,渤海轮渡(603167.SH),700,7476.00,10.68,-153.22
2020-01-09,103583.87,25243.87,,,,,
,,,天创时尚(603608.SH),900,8046.00,8.94,-643.33
,,,林洋能源(601222.SH),2400,12960.00,5.4,1171.48
,,,宁沪高速(600377.SH),1000,11290.00,11.29,-7.54
,,,渤海轮渡(603167.SH),700,7546.00,10.78,-83.22
,,,永艺股份(603600.SH),600,8094.00,13.49,694.24
,,,盘江股份(600395.SH),1200,7524.00,6.27,124.24
,,,志邦家居(603801.SH),500,12185.00,24.37,737.16
,,,岱美股份(603730.SH),300,10695.00,35.65,1590.84
2020-01-08,103426.87,25243.87,,,,,
,,,志邦家居(603801.SH),500,11930.00,23.86,482.16
,,,林洋能源(601222.SH),2400,12720.00,5.3,931.48
,,,岱美股份(603730.SH),300,10959.00,36.53,1854.84
,,,盘江股份(600395.SH),1200,7464.00,6.22,64.24
,,,永艺股份(603600.SH),600,8178.00,13.63,778.24
,,,宁沪高速(600377.SH),1000,11310.00,11.31,12.46
,,,渤海轮渡(603167.SH),700,7567.00,10.81,-62.22
,,,天创时尚(603608.SH),900,8055.00,8.95,-634.33
2020-01-07,103530.87,25243.87,,,,,
,,,永艺股份(603600.SH),600,8112.00,13.52,712.24
,,,志邦家居(603801.SH),500,12135.00,24.27,687.16
,,,盘江股份(600395.SH),1200,7536.00,6.28,136.24
,,,岱美股份(603730.SH),300,10182.00,33.94,1077.84
,,,天创时尚(603608.SH),900,8838.00,9.82,148.67
,,,渤海轮渡(603167.SH),700,7560.00,10.8,-69.22
,,,林洋能源(601222.SH),2400,12624.00,5.26,835.48
,,,宁沪高速(600377.SH),1000,11300.00,11.3,2.46
2020-01-06,102686.87,25243.87,,,,,
,,,永艺股份(603600.SH),600,7620.00,12.7,220.24
,,,林洋能源(601222.SH),2400,12168.00,5.07,379.48
,,,宁沪高速(600377.SH),1000,11480.00,11.48,182.46
,,,岱美股份(603730.SH),300,10215.00,34.05,1110.84
,,,志邦家居(603801.SH),500,11810.00,23.62,362.16
,,,盘江股份(600395.SH),1200,7404.00,6.17,4.24
,,,天创时尚(603608.SH),900,9207.00,10.23,517.67
,,,渤海轮渡(603167.SH),700,7539.00,10.77,-90.22
2020-01-03,100878.87,25243.87,,,,,
,,,永艺股份(603600.SH),600,7440.00,12.4,40.24
,,,志邦家居(603801.SH),500,12035.00,24.07,587.16
,,,天创时尚(603608.SH),900,8721.00,9.69,31.67
,,,林洋能源(601222.SH),2400,11784.00,4.91,-4.52
,,,盘江股份(600395.SH),1200,7296.00,6.08,-103.76
,,,岱美股份(603730.SH),300,9561.00,31.87,456.84
,,,宁沪高速(600377.SH),1000,11280.00,11.28,-17.54
,,,渤海轮渡(603167.SH),700,7518.00,10.74,-111.22
2020-01-02,101204.87,25243.87,,,,,
,,,林洋能源(601222.SH),2400,11784.00,4.91,-4.52
,,,志邦家居(603801.SH),500,11925.00,23.85,477.16
,,,盘江股份(600395.SH),1200,7392.00,6.16,-7.76
,,,渤海轮渡(603167.SH),700,7525.00,10.75,-104.22
,,,宁沪高速(600377.SH),1000,11340.00,11.34,42.46
,,,岱美股份(603730.SH),300,9303.00,31.01,198.84
,,,天创时尚(603608.SH),900,9396.00,10.44,706.67
,,,永艺股份(603600.SH),600,7296.00,12.16,-103.76
2019-12-31,100000.00,100000.00,,,,,
