date,asset_baseline1_2,return_baseline1_2,asset_baseline2_2,return_baseline2_2
2019-12-31,100000.0,0.0,100000.0,0.0
2020-01-02,100000.0,0.0,100000.0,0.0
2020-01-03,100000.0,0.0,100000.0,0.0
2020-01-06,100000.0,0.0,100000.0,0.0
2020-01-07,100000.0,0.0,100000.0,0.0
2020-01-08,100000.0,0.0,100000.0,0.0
2020-01-09,100000.0,0.0,100000.0,0.0
2020-01-10,100000.0,0.0,100000.0,0.0
2020-01-13,100000.0,0.0,100000.0,0.0
2020-01-14,100000.0,0.0,100000.0,0.0
2020-01-15,100000.0,0.0,100000.0,0.0
2020-01-16,100000.0,0.0,100000.0,0.0
2020-01-17,100000.0,0.0,100000.0,0.0
2020-01-20,100000.0,0.0,100000.0,0.0
2020-01-21,100000.0,0.0,100000.0,0.0
2020-01-22,100000.0,0.0,100000.0,0.0
2020-01-23,100000.0,0.0,100000.0,0.0
2020-02-03,100000.0,0.0,100000.0,0.0
2020-02-04,105947.0,0.05946999999999991,100000.0,0.0
2020-02-05,113838.11,0.07448167479966394,100000.0,0.0
2020-02-06,117042.29,0.02814681304881117,100000.0,0.0
2020-02-07,121913.59,0.04161999906187752,100000.0,0.0
2020-02-10,126216.63,0.035295818948486435,100000.0,0.0
2020-02-11,121977.97,-0.03358242095356212,100000.0,0.0
2020-02-12,125197.85,0.026397225662961876,100000.0,0.0
2020-02-13,126684.78,0.011876641651593856,100000.0,0.0
2020-02-14,124658.11,-0.015997738639164094,100000.0,0.0
2020-02-17,132981.28,0.06676797843317206,100000.0,0.0
2020-02-18,133351.17,0.00278151932362225,100000.0,0.0
2020-02-19,133430.01,0.0005912209094227627,100000.0,0.0
2020-02-20,133278.46,-0.0011358014587574683,100000.0,0.0
2020-02-21,132877.81,-0.0030061121654616496,100000.0,0.0
2020-02-24,132562.01,-0.0023766195424200776,100000.0,0.0
2020-02-25,133264.28,0.005297671633071932,100000.0,0.0
2020-02-26,132507.88,-0.005675939569102839,100000.0,0.0
2020-02-27,132019.75,-0.0036837809192933335,100000.0,0.0
2020-02-28,130497.62,-0.01152956281162476,100000.0,0.0
2020-03-02,133469.81,0.02277581767391612,100000.0,0.0
2020-03-03,133573.31,0.000775456262356311,100000.0,0.0
2020-03-04,133272.11,-0.0022549414999150086,100000.0,0.0
2020-03-05,134001.48,0.005472787967415016,100000.0,0.0
2020-03-06,134160.36,0.0011856585464575797,100000.0,0.0
2020-03-09,134779.33,0.00461365786436474,100000.0,0.0
2020-03-10,136100.02,0.009798906108228866,100000.0,0.0
2020-03-11,135816.22,-0.002085231141038646,100000.0,0.0
2020-03-12,135816.22,0.0,100000.0,0.0
2020-03-13,135816.22,0.0,100000.0,0.0
2020-03-16,135816.22,0.0,100000.0,0.0
2020-03-17,135816.22,0.0,100000.0,0.0
2020-03-18,135816.22,0.0,100000.0,0.0
2020-03-19,135502.07,-0.002313052152386419,100000.0,0.0
2020-03-20,135901.35,0.002946670851596611,100000.0,0.0
2020-03-23,134842.39,-0.007792122741974161,100000.0,0.0
2020-03-24,135239.83,0.0029474410828818076,100000.0,0.0
2020-03-25,136519.87,0.00946496309556144,100000.0,0.0
2020-03-26,135739.19,-0.0057184349794648925,100000.0,0.0
2020-03-27,135012.45,-0.0053539438389162974,100000.0,0.0
2020-03-30,134038.69,-0.007212371896073377,100000.0,0.0
2020-03-31,133382.77,-0.004893512462707639,100000.0,0.0
2020-04-01,135192.62,0.013568844011861536,100000.0,0.0
2020-04-02,137383.88,0.01620842912874987,100000.0,0.0
2020-04-03,137201.35,-0.0013286129347925835,100000.0,0.0
2020-04-07,138718.98,0.011061334309028226,100000.0,0.0
2020-04-08,138454.9,-0.0019037048859501526,100000.0,0.0
2020-04-09,138575.32,0.0008697416992826668,100000.0,0.0
2020-04-10,136407.13,-0.015646292572154996,100000.0,0.0
2020-04-13,133788.43,-0.019197676836980704,100000.0,0.0
2020-04-14,136959.37,0.023701152633303302,100000.0,0.0
2020-04-15,138207.28,0.009111534318535508,100000.0,0.0
2020-04-16,139436.92,0.008897071123894484,100000.0,0.0
2020-04-17,140379.71,0.006761408671390523,100000.0,0.0
2020-04-20,143000.24,0.01866744132752518,100000.0,0.0
2020-04-21,143698.6,0.00488362816733745,100000.0,0.0
2020-04-22,143847.71,0.0010376579869253444,100000.0,0.0
2020-04-23,146055.19,0.015345951631763999,100000.0,0.0
2020-04-24,146350.75,0.0020236186060900163,100000.0,0.0
2020-04-27,145411.29,-0.006419235979316706,100000.0,0.0
2020-04-28,144220.57,-0.008188635146555656,100000.0,0.0
2020-04-29,143900.07,-0.0022222904818639533,99675.85,-0.0032414999999998972
2020-04-30,147302.56,0.023644811291613665,100240.6,0.005665865904328937
2020-05-06,153572.29,0.04256361871782821,102119.35,0.018742405771713155
2020-05-07,152144.42,-0.00929770598589108,101723.35,-0.003877815516843741
2020-05-08,152773.23,0.004132981018955428,101889.85,0.0016367923392219819
2020-05-11,153745.74,0.006365709489810412,101856.1,-0.0003312400597311749
2020-05-12,154322.36,0.0037504778994201793,102083.35,0.0022310887614978014
2020-05-13,154614.13,0.0018906527868030043,102067.6,-0.00015428568909625628
2020-05-14,153460.71,-0.007459990881816592,102337.6,0.002645305660170294
2020-05-15,154089.35,0.004096423117031067,102861.85,0.005122750582386093
2020-05-18,156331.77,0.014552725415481138,103984.6,0.01091512548141016
2020-05-19,156507.33,0.001122996304590007,104157.58,0.0016635155590347672
2020-05-20,155979.25,-0.0033741550635358886,104157.58,0.0
2020-05-21,155792.7,-0.0011959924156578206,104157.58,0.0
2020-05-22,154782.46,-0.0064845143578615705,104157.58,0.0
2020-05-25,154373.39,-0.00264287051646539,104157.58,0.0
2020-05-26,155551.21,0.007629682809971117,104157.58,0.0
2020-05-27,156197.28,0.004153423171700199,104157.58,0.0
2020-05-28,155063.24,-0.007260305685220736,104157.58,0.0
2020-05-29,155753.89,0.004453989224009636,104157.58,0.0
2020-06-01,157014.14,0.008091290689433261,104157.58,0.0
2020-06-02,157326.93,0.001992113576522403,104157.58,0.0
2020-06-03,158543.84,0.007734912262001181,104157.58,0.0
2020-06-04,162552.03,0.025281272359745977,104157.58,0.0
2020-06-05,164466.59,0.011778136514198012,104157.58,0.0
2020-06-08,163300.38,-0.007090862648760354,104157.58,0.0
2020-06-09,163090.63,-0.0012844428163608645,104157.58,0.0
2020-06-10,163532.8,0.0027111919305233823,104336.19,0.0017148055859208533
2020-06-11,162901.81,-0.0038584919967125098,104195.89,-0.0013446916165905654
2020-06-12,162737.42,-0.0010091355031597304,104235.54,0.00038053324368170216
2020-06-15,164089.55,0.008308660663294054,104461.24,0.0021652883459903904
2020-06-16,166161.42,0.01262645914989724,105071.24,0.005839486492789092
2020-06-17,166344.13,0.0010995933953861226,105214.59,0.0013643124417299646
2020-06-18,164827.84,-0.009115380266198847,104723.54,-0.004667128389703401
2020-06-19,164558.49,-0.0016341292830143184,104653.39,-0.0006698589447987624
2020-06-22,165310.05,0.004567129900134637,104897.39,0.0023315059359281243
2020-06-23,165841.78,0.0032165618484780722,104951.38,0.0005146934542414883
2020-06-24,165061.56,-0.00470460459360722,104662.7,-0.002750606995353566
2020-06-29,164407.04,-0.003965308458250272,104417.56,-0.0023421906753791077
2020-06-30,165877.51,0.008944081713289087,105353.87,0.00896697835115079
2020-07-01,165748.44,-0.0007781042770657054,105271.8,-0.0007789936905022721
2020-07-02,166286.79,0.003247994370263685,105613.92,0.003249873185411367
2020-07-03,165873.13,-0.002487629955452264,105350.15,-0.0024974927547429804
2020-07-06,167739.99,0.011254746323289266,106538.88,0.011283609942653205
2020-07-07,168575.03,0.004978180814247057,107071.39,0.004998269176473391
2020-07-08,169013.71,0.0026022833868100115,107350.64,0.0026080729875646025
2020-07-09,169966.46,0.005637116657577712,107956.87,0.0056471950237091395
2020-07-10,169564.16,-0.0023669375710948515,107699.93,-0.0023800245412820553
2020-07-13,170777.66,0.007156583089256596,108470.93,0.007158779026133155
2020-07-14,174701.31,0.022975194764935924,110963.83,0.02298219439991911
2020-07-15,175373.55,0.003847939091011998,111390.56,0.0038456675477045454
2020-07-16,175373.55,0.0,111390.56,0.0
2020-07-17,175373.55,0.0,111390.56,0.0
2020-07-20,175373.55,0.0,111390.56,0.0
2020-07-21,175373.55,0.0,111390.56,0.0
2020-07-22,175373.55,0.0,111390.56,0.0
2020-07-23,175373.55,0.0,111390.56,0.0
2020-07-24,175373.55,0.0,111390.56,0.0
2020-07-27,174077.28,-0.007391479501897447,111390.56,0.0
2020-07-28,175936.14,0.010678360783210827,111390.56,0.0
2020-07-29,180516.18,0.026032400165196146,111390.56,0.0
2020-07-30,179645.42,-0.004823722726682855,111390.56,0.0
2020-07-31,179338.75,-0.001707084989976404,111390.56,0.0
2020-08-03,184980.14,0.03145661492566454,111390.56,0.0
2020-08-04,183456.58,-0.008236343642079813,111390.56,0.0
2020-08-05,185279.24,0.009935102900097581,111390.56,0.0
2020-08-06,185203.02,-0.0004113790622197744,111390.56,0.0
2020-08-07,183425.78,-0.009596171811885101,111390.56,0.0
2020-08-10,183801.18,0.0020466043540880996,111390.56,0.0
2020-08-11,181811.46,-0.010825392959936342,111390.56,0.0
2020-08-12,182137.82,0.0017950463628642055,111390.56,0.0
2020-08-13,181805.55,-0.0018242779012069832,111390.56,0.0
2020-08-14,182119.18,0.0017250848502698979,111390.56,0.0
2020-08-17,183988.02,0.010261631970888585,111390.56,0.0
2020-08-18,183860.84,-0.000691240657951453,111390.56,0.0
2020-08-19,183146.07,-0.0038875597435538145,111390.56,0.0
2020-08-20,181235.9,-0.010429762429518763,111390.56,0.0
2020-08-21,180787.27,-0.0024753925684701805,111390.56,0.0
2020-08-24,180352.8,-0.002403211243800496,111390.56,0.0
2020-08-25,180880.92,0.002928260609206035,111390.56,0.0
2020-08-26,180779.42,-0.0005611426567269096,111390.56,0.0
2020-08-27,180779.42,0.0,111390.56,0.0
2020-08-28,180779.42,0.0,111390.56,0.0
2020-08-31,180779.42,0.0,111390.56,0.0
2020-09-01,180779.42,0.0,111390.56,0.0
2020-09-02,180779.42,0.0,111390.56,0.0
2020-09-03,180779.42,0.0,111390.56,0.0
2020-09-04,181164.97,0.002132709575016767,111390.56,0.0
2020-09-07,180647.37,-0.0028570644755440133,111390.56,0.0
2020-09-08,180537.38,-0.0006088657698143374,111390.56,0.0
2020-09-09,179883.91,-0.003619582825451495,111390.56,0.0
2020-09-10,179470.36,-0.0022989827161307153,111390.56,0.0
2020-09-11,182655.33,0.017746495855917477,111390.56,0.0
2020-09-14,186127.13,0.019007384016661355,111390.56,0.0
2020-09-15,186854.17,0.0039061473735719776,111390.56,0.0
2020-09-16,187497.03,0.00344043699961305,111390.56,0.0
2020-09-17,191703.86,0.022436782065294425,111390.56,0.0
2020-09-18,193269.34,0.008166137082477265,111390.56,0.0
2020-09-21,192496.19,-0.004000375848543736,111390.56,0.0
2020-09-22,190478.53,-0.0104815581025266,111390.56,0.0
2020-09-23,193496.44,0.015843832898122523,111390.56,0.0
2020-09-24,191015.64,-0.012820907712823959,111390.56,0.0
2020-09-25,188233.31,-0.014565980042262616,111390.56,0.0
2020-09-28,184809.85,-0.018187322955750984,111390.56,0.0
2020-09-29,187494.26,0.014525253929917659,111390.56,0.0
2020-09-30,190218.85,0.014531591527122023,111390.56,0.0
2020-10-09,195248.43,0.026441017806594802,111279.37,-0.0009981994883587753
2020-10-12,195834.28,0.0030005362911240674,111699.27,0.0037733858486079797
2020-10-13,196086.87,0.0012898150415749932,111644.93,-0.0004864848266242783
2020-10-14,195043.15,-0.0053227429251127,111565.89,-0.0007079587044390712
2020-10-15,194542.96,-0.0025645094431667737,111481.91,-0.0007527390316162119
2020-10-16,194418.01,-0.0006422745906610183,111407.81,-0.0006646818304423263
2020-10-19,194231.81,-0.0009577302020528089,111368.29,-0.000354732760656562
2020-10-20,195468.37,0.006366413410862082,111491.79,0.0011089332520055617
2020-10-21,194883.32,-0.0029930673694162913,111383.11,-0.0009747802954818141
2020-10-22,194256.62,-0.00321577033888798,111249.73,-0.0011974885599801421
2020-10-23,193983.92,-0.0014038131621973982,111027.43,-0.001998207096772342
2020-10-26,194411.49,0.002204151766806106,111066.95,0.00035594807517380644
2020-10-27,193724.96,-0.003531324203111641,110894.05,-0.001556718717854344
2020-10-28,193701.25,-0.00012239001107550163,110706.33,-0.0016927869439343768
2020-10-29,191954.56,-0.009017443098586098,110423.75,-0.0025525189029389495
2020-10-30,191801.5,-0.0007973762123703043,110423.75,0.0
2020-11-02,191376.22,-0.0022172923569419023,110423.75,0.0
2020-11-03,192455.95,0.005641923536790605,110423.75,0.0
2020-11-04,191752.9,-0.0036530437224726597,110423.75,0.0
2020-11-05,192326.41,0.002990880450830291,110423.75,0.0
2020-11-06,190928.84,-0.007266656721767961,109838.15,-0.005303206964081597
2020-11-09,193704.1,0.01453557252010751,110450.58,0.005575749409472142
2020-11-10,192785.12,-0.004744246507946914,110040.05,-0.0037168659503643564
2020-11-11,190904.58,-0.009754591018227954,109629.52,-0.0037307325832730553
2020-11-12,192023.51,0.005861200396554356,109797.77,0.0015347143725521484
2020-11-13,192406.73,0.0019956931315336934,110120.81,0.0029421362565014153
2020-11-16,192918.57,0.002660198008666237,110154.46,0.0003055734878811833
2020-11-17,192950.54,0.00016571758747740972,110241.95,0.0007942483672471745
2020-11-18,192761.26,-0.0009809767829620508,110134.27,-0.000976760661436038
2020-11-19,192526.63,-0.0012172051583394516,110147.73,0.00012221445695326238
2020-11-20,192138.74,-0.0020147342733835005,109979.48,-0.0015274940300630258
2020-11-23,192043.32,-0.0004966203067636732,110046.78,0.0006119323350137762
2020-11-24,191640.14,-0.002099422151210395,109838.15,-0.0018958301187913529
2020-11-25,190411.99,-0.006408626084284941,109616.06,-0.002021975060577774
2020-11-26,189167.53,-0.006535617846334163,109520.03,-0.000876057760149318
2020-11-27,188818.76,-0.0018437096472105896,109520.03,0.0
2020-11-30,188266.04,-0.0029272515082717776,109520.03,0.0
2020-12-01,188168.48,-0.0005182028580407172,109520.03,0.0
2020-12-02,188168.48,0.0,109520.03,0.0
2020-12-03,188885.42,0.0038100961436262626,109520.03,0.0
2020-12-04,188848.64,-0.00019472122305685957,109520.03,0.0
2020-12-07,188713.78,-0.0007141168715857349,109520.03,0.0
2020-12-08,188419.54,-0.0015591866158368717,109520.03,0.0
2020-12-09,188174.34,-0.0013013512292834317,109520.03,0.0
2020-12-10,188542.14,0.001954570426552449,109520.03,0.0
2020-12-11,186019.2,-0.013381305632788498,109520.03,0.0
2020-12-14,185663.18,-0.0019138884588258964,109520.03,0.0
2020-12-15,187663.87,0.010775911518912995,109520.03,0.0
2020-12-16,186829.69,-0.004445075122877951,109520.03,0.0
2020-12-17,189787.05,0.015829175758949265,109520.03,0.0
2020-12-18,188677.01,-0.005848871142683176,109520.03,0.0
2020-12-21,187390.03,-0.006821074809273298,109520.03,0.0
2020-12-22,187080.65,-0.0016509949862327788,109520.03,0.0
2020-12-23,187323.34,0.001297248005071694,109520.03,0.0
2020-12-24,186337.54,-0.00526255831227429,109520.03,0.0
2020-12-25,187895.41,0.008360473149962244,109942.62,0.003858563588779118
2020-12-28,186861.03,-0.005505083918761033,109874.78,-0.000617049148000981
2020-12-29,186749.29,-0.0005979845021725216,109840.86,-0.0003087150663692029
2020-12-30,185956.12,-0.004247245063153993,109713.66,-0.0011580390029720666
2020-12-31,188431.09,0.013309430203211292,109993.5,0.0025506395466161624
2021-01-04,188312.82,-0.0006276565082756758,110001.98,7.709546473200213e-05
2021-01-05,192826.78,0.023970540083250835,110163.1,0.0014647009081110163
2021-01-06,190988.22,-0.009534775200830459,109798.46,-0.003310001261765505
2021-01-07,189444.28,-0.008083954078424327,109026.78,-0.007028149575139864
2021-01-08,189016.76,-0.002256705771216727,108865.66,-0.0014778020592738361
2021-01-11,185565.4,-0.018259544814967832,108365.34,-0.004595755906867338
2021-01-12,185820.89,0.0013768191699530252,108415.52,0.00046306318976174765
2021-01-13,183550.46,-0.012218378676369657,107372.16,-0.009623714390707194
2021-01-14,185455.59,0.010379325663362637,107361.68,-9.760444420614522e-05
2021-01-15,185195.99,-0.001399796037423351,107695.72,0.003111352206858209
2021-01-18,186134.92,0.0050699261900866155,108557.5,0.008001989308395796
2021-01-19,186230.57,0.0005138745593786798,108679.45,0.0011233678004742842
2021-01-20,187068.65,0.004500227862697326,108603.57,-0.0006982000737029148
2021-01-21,187702.05,0.003385922761510285,109235.0,0.005814081433971108
2021-01-22,188302.75,0.0032002847065335516,108877.28,-0.0032747745685907104
2021-01-25,189883.02,0.00839217695970973,108495.17,-0.0035095476301392203
2021-01-26,189215.1,-0.003517534111264875,108435.55,-0.0005495175499516947
2021-01-27,187968.6,-0.0065877406190097965,107882.71,-0.005098327992987484
2021-01-28,186521.45,-0.007698892261792656,107590.03,-0.0027129463099323514
2021-01-29,187684.15,0.00623359940639534,107180.82,-0.0038034193316982545
2021-02-01,187936.83,0.0013463044162227433,107088.68,-0.0008596687355071353
2021-02-02,187816.07,-0.0006425563312948412,107362.39,0.0025559190756669903
2021-02-03,190496.09,0.014269386000888895,106671.34,-0.0064366115545676506
2021-02-04,188455.24,-0.01071334325024731,106530.42,-0.001321067120746755
2021-02-05,189559.92,0.005861763249459306,106441.73,-0.000832532153726584
2021-02-08,189898.5,0.001786137069481608,106441.73,0.0
2021-02-09,193780.17,0.020440761775369465,106441.73,0.0
2021-02-10,192222.88,-0.0080363744133366,106441.73,0.0
2021-02-18,194822.26,0.01352273985282082,106441.73,0.0
2021-02-19,196560.25,0.008920900517220165,106441.73,0.0
2021-02-22,200735.6,0.021242087349807592,106441.73,0.0
2021-02-23,201205.85,0.0023426337929097762,106441.73,0.0
2021-02-24,201470.04,0.0013130333934128213,106441.73,0.0
2021-02-25,198009.8,-0.01717496060456447,106441.73,0.0
2021-02-26,197291.18,-0.0036292143116148923,106441.73,0.0
2021-03-01,203730.32,0.032637748935355315,106441.73,0.0
2021-03-02,203299.68,-0.0021137747194429624,106441.73,0.0
2021-03-03,204809.04,0.00742431075149752,106441.73,0.0
2021-03-04,203379.5,-0.006979867685527941,106441.73,0.0
2021-03-05,203451.87,0.0003558372402332477,106441.73,0.0
2021-03-08,202204.95,-0.006128820541192237,106441.73,0.0
2021-03-09,196582.34,-0.02780649039501759,106441.73,0.0
2021-03-10,195445.25,-0.0057842937468339795,106441.73,0.0
2021-03-11,198037.2,0.013261770240003301,106441.73,0.0
2021-03-12,196783.63,-0.006329972348629531,106441.73,0.0
2021-03-15,196069.86,-0.0036271817935262796,106441.73,0.0
2021-03-16,196008.33,-0.00031381671818397905,106441.73,0.0
2021-03-17,197296.98,0.006574465483176306,106441.73,0.0
2021-03-18,200058.42,0.013996362235245474,106441.73,0.0
2021-03-19,200526.49,0.002339666583390798,106441.73,0.0
2021-03-22,201554.03,0.005124210771354942,106441.73,0.0
2021-03-23,200430.76,-0.005573046592022957,106441.73,0.0
2021-03-24,199384.53,-0.005219907363520515,106441.73,0.0
2021-03-25,197931.09,-0.007289632751347419,106441.73,0.0
2021-03-26,199466.33,0.007756436848804338,106441.73,0.0
2021-03-29,199235.63,-0.001156586176724539,106441.73,0.0
2021-03-30,201402.13,0.010874059022474958,106441.73,0.0
2021-03-31,198266.14,-0.015570788650546952,106441.73,0.0
2021-04-01,199792.3,0.007697532216040415,106441.73,0.0
2021-04-02,204606.54,0.02409622392854982,106441.73,0.0
2021-04-06,203372.42,-0.006031674256355646,106427.99,-0.00012908471141903632
2021-04-07,202960.2,-0.0020269218412211076,106294.87,-0.0012507987795317144
2021-04-08,202753.74,-0.0010172437748879881,106061.91,-0.0021916391637714083
2021-04-09,203334.07,0.0028622406669294165,106163.83,0.0009609481858283697
2021-04-12,199890.68,-0.01693464356465202,105793.59,-0.0034874401196717253
2021-04-13,198213.03,-0.008392837524991092,105369.27,-0.004010829011474093
2021-04-14,200966.8,0.013892981707610108,105316.94,-0.0004966343602835765
2021-04-15,202144.81,0.005861714472241264,105316.94,0.0
2021-04-16,202657.74,0.002537438383899193,105316.94,0.0
2021-04-19,206523.6,0.019075807319276494,105316.94,0.0
2021-04-20,204762.0,-0.008529775773809867,105316.94,0.0
2021-04-21,204750.51,-5.6113927388801166e-05,105316.94,0.0
2021-04-22,205230.85,0.0023459770625235965,105316.94,0.0
2021-04-23,205004.44,-0.0011031967172576707,105316.94,0.0
2021-04-26,203641.32,-0.006649221841243946,105040.93,-0.0026207559771487254
2021-04-27,203087.87,-0.0027177686728804273,104616.58,-0.004039853797943249
2021-04-28,204035.63,0.004666748437511359,104544.46,-0.0006893744758239562
2021-04-29,204086.14,0.0002475548020706153,104544.46,0.0
2021-04-30,203738.66,-0.001702614396058455,104544.46,0.0
2021-05-06,201707.53,-0.009969291051585394,104544.46,0.0
2021-05-07,201627.45,-0.00039701046361528824,104544.46,0.0
2021-05-10,201043.75,-0.002894943124063798,104544.46,0.0
2021-05-11,201340.64,0.0014767432461839647,104544.46,0.0
2021-05-12,203258.54,0.00952564767848152,104544.46,0.0
2021-05-13,206142.48,0.014188530528655763,104544.46,0.0
2021-05-14,206635.07,0.0023895608513102573,104544.46,0.0
2021-05-17,206942.61,0.0014883243197778562,104544.46,0.0
2021-05-18,212999.35,0.029267727898087292,104544.46,0.0
2021-05-19,215710.59,0.01272886513503435,104544.46,0.0
2021-05-20,215784.54,0.000342820442890579,104544.46,0.0
2021-05-21,216219.56,0.002015992433934244,104544.46,0.0
2021-05-24,217499.83,0.005921157179304082,104544.46,0.0
2021-05-25,221508.24,0.01842948566902325,104544.46,0.0
2021-05-26,222430.52,0.004163637433984402,104544.46,0.0
2021-05-27,228740.62,0.02836885873395434,104544.46,0.0
2021-05-28,228275.8,-0.002032083326520717,104544.46,0.0
2021-05-31,233775.72,0.024093311687003238,104544.46,0.0
2021-06-01,233845.37,0.00029793513201448185,104544.46,0.0
2021-06-02,234187.8,0.0014643437242309876,104544.46,0.0
2021-06-03,232429.78,-0.007506881229508933,104544.46,0.0
2021-06-04,234254.99,0.007852737286934586,104544.46,0.0
2021-06-07,236380.53,0.009073616745581381,104544.46,0.0
2021-06-08,235400.29,-0.004146872841007676,104544.46,0.0
2021-06-09,234574.22,-0.0035092140285808426,104544.46,0.0
2021-06-10,234173.5,-0.0017082866139339625,104544.46,0.0
2021-06-11,234283.71,0.00047063395303048594,104544.46,0.0
2021-06-15,234283.71,0.0,104544.46,0.0
2021-06-16,234283.71,0.0,104544.46,0.0
2021-06-17,234606.76,0.0013788837474018045,104544.46,0.0
2021-06-18,233890.84,-0.003051574472960672,104177.61,-0.0035090333815871455
2021-06-21,234468.6,0.0024702121724817783,104430.61,0.0024285448667904497
2021-06-22,234192.28,-0.0011784946896941095,104309.61,-0.0011586641119878394
2021-06-23,233677.32,-0.0021988769228430405,104084.11,-0.0021618334111305204
2021-06-24,233413.56,-0.0011287359851611667,103968.61,-0.001109679469805669
2021-06-25,233727.56,0.0013452517497269945,104106.11,0.0013225145551143402
2021-06-28,233790.36,0.00026868889573816723,104133.61,0.00026415356408948654
2021-06-29,233790.36,0.0,104133.61,0.0
2021-06-30,234104.36,0.001343083607040052,104271.11,0.0013204190270557081
2021-07-01,233162.36,-0.004023846458904079,103858.61,-0.003956033459315833
2021-07-02,232672.52,-0.002100853671235803,103644.11,-0.002065307825706464
2021-07-05,233200.04,0.0022672208991418863,103676.29,0.0003104855644955329
2021-07-06,232835.8,-0.0015619208298592868,103676.29,0.0
2021-07-07,233879.03,0.004480539504663872,103747.45,0.0006863671529913073
2021-07-08,238727.27,0.020729690900462394,103887.33,0.001348274102158653
2021-07-09,241482.95,0.011543214145581349,104253.17,0.003521507386896827
2021-07-12,241793.3,0.001285183902217435,104164.4,-0.000851484899691779
2021-07-13,240496.66,-0.005362596895778227,104056.8,-0.001032982477698674
2021-07-14,238959.06,-0.006393435983684803,103693.65,-0.0034899208893605094
2021-07-15,238749.58,-0.0008766355207456833,103577.98,-0.001115497429206136
2021-07-16,240496.86,0.007318463136144482,103561.84,-0.00015582462604502023
2021-07-19,240069.03,-0.001778942145024165,103360.09,-0.001948111389291629
2021-07-20,240226.07,0.0006541451848245394,103430.03,0.0006766634974872954
2021-07-21,240908.59,0.002841157081743928,103734.0,0.0029388950191737706
2021-07-22,245589.59,0.019430606438732623,105818.75,0.02009707521159898
2021-07-23,247300.98,0.006968495692345922,106741.42,0.008719343216584852
2021-07-26,247871.03,0.002305085891693537,107248.63,0.004751763654633923
2021-07-27,247871.03,0.0,107248.63,0.0
2021-07-28,247871.03,0.0,107248.63,0.0
2021-07-29,248584.37,0.00287786757492392,107248.63,0.0
2021-07-30,246966.37,-0.006508856530279883,107248.63,0.0
2021-08-02,247222.37,0.001036578381097053,107248.63,0.0
2021-08-03,247762.37,0.002184268357268815,107248.63,0.0
2021-08-04,247576.37,-0.0007507193283629032,107248.63,0.0
2021-08-05,247946.37,0.0014944883471714743,107248.63,0.0
2021-08-06,245760.37,-0.00881642268043692,107248.63,0.0
2021-08-09,245855.37,0.00038655540761101115,107248.63,0.0
2021-08-10,246230.97,0.0015277274602543134,107248.63,0.0
2021-08-11,245879.97,-0.0014254908714367298,107248.63,0.0
2021-08-12,246743.97,0.0035139096527463387,107248.63,0.0
2021-08-13,247202.97,0.0018602278304915565,107248.63,0.0
2021-08-16,246770.97,-0.0017475518194624007,107248.63,0.0
2021-08-17,244841.19,-0.007820125681720191,107248.63,0.0
2021-08-18,245627.17,0.003210162473070932,107248.63,0.0
2021-08-19,245079.83,-0.0022283365476222228,107248.63,0.0
2021-08-20,243952.79,-0.0045986648513669515,107248.63,0.0
2021-08-23,245558.49,0.006582011216186512,107248.63,0.0
2021-08-24,245936.29,0.00153853365037393,107248.63,0.0
2021-08-25,249438.74,0.014241289888531572,107248.63,0.0
2021-08-26,245649.43,-0.015191345177577475,107248.63,0.0
2021-08-27,244379.5,-0.00516968429358855,107248.63,0.0
2021-08-30,243219.16,-0.004748106940230201,107248.63,0.0
2021-08-31,241443.44,-0.007300905076721764,107248.63,0.0
2021-09-01,240299.75,-0.004736885789897616,107248.63,0.0
2021-09-02,239895.94,-0.0016804428635485147,107269.03,0.00019021221996018411
2021-09-03,239356.61,-0.0022481831080592984,107310.43,0.0003859455054269212
2021-09-06,240156.72,0.0033427528907599147,107434.63,0.0011573898268790739
2021-09-07,239528.18,-0.0026172076300842173,107283.52,-0.0014065297195140491
2021-09-08,238445.04,-0.004521973155726333,107008.21,-0.0025661909676341077
2021-09-09,239092.16,0.0027139168002823233,106968.88,-0.00036754189234644574
2021-09-10,237738.15,-0.005663130066665523,107074.45,0.0009869225516803137
2021-09-13,236408.44,-0.005593170469274655,106944.04,-0.001217937612567721
2021-09-14,236711.9,0.0012836259145401208,107093.08,0.0013936260496612007
2021-09-15,236658.05,-0.0002274917315099323,106695.64,-0.0037111641573853715
2021-09-16,236470.81,-0.000791183735351475,106674.94,-0.00019400980208750251
2021-09-17,236048.17,-0.0017872819059570055,106626.96,-0.0004497776141237919
2021-09-22,234703.78,-0.005695405306467838,106626.96,0.0
2021-09-23,234066.18,-0.0027166158124934947,106626.96,0.0
2021-09-24,232436.83,-0.006961065455932225,106626.96,0.0
2021-09-27,231595.88,-0.0036179722464808606,106626.96,0.0
2021-09-28,230974.92,-0.002681222135730521,106626.96,0.0
2021-09-29,229199.78,-0.007685423161960636,106626.96,0.0
2021-09-30,229205.34,2.425831298791259e-05,106626.96,0.0
2021-10-08,229583.54,0.0016500488164892246,106626.96,0.0
2021-10-11,229703.18,0.0005211174982318045,106626.96,0.0
2021-10-12,229485.99,-0.0009455245678358093,106626.96,0.0
2021-10-13,228761.54,-0.0031568375916978253,106626.96,0.0
2021-10-14,232306.89,0.015498015968943069,106626.96,0.0
2021-10-15,230407.44,-0.008176468635949674,106626.96,0.0
2021-10-18,232480.27,0.00899636747841126,106626.96,0.0
2021-10-19,231625.51,-0.003676699102250658,106626.96,0.0
2021-10-20,232010.73,0.0016631156041491124,106626.96,0.0
2021-10-21,234611.81,0.011211033213851751,106626.96,0.0
2021-10-22,234374.0,-0.00101363183720371,106626.96,0.0
2021-10-25,239089.05,0.020117632501898575,106626.96,0.0
2021-10-26,238040.67,-0.004384893411053192,106626.96,0.0
2021-10-27,238757.88,0.0030129725311225375,106626.96,0.0
2021-10-28,237242.39,-0.006347392597052637,106211.09,-0.003900233111775897
2021-10-29,241452.36,0.01774543748273638,107095.95,0.008331145080989089
2021-11-01,242144.72,0.0028674807734330177,107653.81,0.005208973822072638
2021-11-02,238189.9,-0.016332464321336504,106327.28,-0.012322183487978755
2021-11-03,239946.27,0.007373822315723588,106236.32,-0.0008554718977105136
2021-11-04,252012.68,0.0502879665518452,108364.81,0.020035426678935986
2021-11-05,258700.58,0.026537950392020004,110351.08,0.018329474300744053
2021-11-08,259852.21,0.004451594194338604,111585.63,0.01118747546467147
2021-11-09,270221.76,0.0399055678610547,115088.9,0.03139535081712563
2021-11-10,272148.76,0.007131179961228806,116113.07,0.008898946814158482
2021-11-11,275489.54,0.012275565760431872,116831.44,0.006186814283697828
2021-11-12,283138.94,0.027766571464020062,117884.15,0.009010502652368135
2021-11-15,285920.61,0.009824399286088914,118783.46,0.0076287609487790675
2021-11-16,280336.9,-0.01952888251042817,118103.98,-0.005720325035152296
2021-11-17,285193.79,0.017325189798417462,119095.11,0.008392011852606629
2021-11-18,285049.21,-0.000506953534997967,120218.62,0.009433720662418432
2021-11-19,286146.27,0.0038486687965211264,120220.21,1.3225904606173344e-05
2021-11-22,289682.71,0.01235885409234938,120070.65,-0.0012440503971837824
2021-11-23,293926.72,0.014650546454774371,120254.9,0.001534513222007261
2021-11-24,296404.92,0.008431353229811922,120368.8,0.0009471547521140433
2021-11-25,299847.17,0.011613336242866756,120295.1,-0.0006122849110400397
2021-11-26,299414.37,-0.0014434019837505918,120275.0,-0.00016708910005480693
2021-11-29,300632.23,0.004067473448251535,120385.55,0.0009191436291831057
2021-11-30,302168.21,0.005109166106375351,120432.45,0.00038958163998903395
2021-12-01,303077.14,0.003008026555804788,120804.3,0.003087622978690696
2021-12-02,301285.22,-0.005912422164205622,120965.1,0.001331078446710876
2021-12-03,303420.13,0.007086009728588749,121316.85,0.0029078635077390835
2021-12-06,304749.15,0.004380131272107901,121656.14,0.002796726093695856
2021-12-07,303093.84,-0.005431713263187143,121524.94,-0.00107844947242286
2021-12-08,305569.4,0.008167635475534674,122529.24,0.0082641472606364
2021-12-09,306032.23,0.0015146477363241484,122673.29,0.0011756377498137738
2021-12-10,304915.51,-0.003649027424333595,122199.19,-0.0038647369773811002
2021-12-13,305685.04,0.002523748299979811,122566.29,0.0030041115657148953
2021-12-14,306013.37,0.0010740793857626496,122607.89,0.0003394081684287009
2021-12-15,302405.71,-0.011789223457785436,121274.59,-0.01087450407963142
2021-12-16,302255.16,-0.0004978411287275275,121003.89,-0.002232124635506927
2021-12-17,300620.89,-0.005406921754454008,120496.09,-0.004196559300696845
2021-12-20,306626.22,0.019976422796166737,122549.14,0.01703831219751617
2021-12-21,311704.06,0.016560358080271342,124489.62,0.015834301244382454
2021-12-22,311893.09,0.0006064406090828811,124588.81,0.0007967732570794972
2021-12-23,311994.61,0.00032549614997878784,124588.81,0.0
2021-12-24,311499.7,-0.0015862774039588912,124588.81,0.0
2021-12-27,311969.23,0.0015073208738241028,124588.81,0.0
2021-12-28,313571.41,0.005135698799525912,124588.81,0.0
2021-12-29,312372.88,-0.0038221915703346987,124588.81,0.0
2021-12-30,317305.78,0.01579170381244377,124588.81,0.0
2021-12-31,319051.87,0.005502862254825436,124588.81,0.0
2022-01-04,314071.99,-0.015608371140404254,124588.81,0.0
2022-01-05,313644.31,-0.001361726017019227,124588.81,0.0
2022-01-06,312819.13,-0.002630942037494588,124588.81,0.0
2022-01-07,312819.13,0.0,124588.81,0.0
2022-01-10,311534.28,-0.0041073255334479475,124588.81,0.0
2022-01-11,309328.95,-0.007078932052036135,124588.81,0.0
2022-01-12,309462.43,0.00043151473536506835,124588.81,0.0
2022-01-13,307120.18,-0.007568770141176739,124588.81,0.0
2022-01-14,307130.0,3.197445377889352e-05,124588.81,0.0
2022-01-17,308173.55,0.0033977468824275547,124588.81,0.0
2022-01-18,307817.87,-0.0011541548585204398,124588.81,0.0
2022-01-19,306335.87,-0.004814535296472577,124588.81,0.0
2022-01-20,303436.39,-0.009465035877123995,123747.78,-0.006750445726225296
2022-01-21,301597.34,-0.0060607430769921145,123301.62,-0.0036053980119885587
2022-01-24,303811.22,0.007340515669004066,123360.91,0.0004808533740270349
2022-01-25,305315.43,0.0049511337994694316,123360.91,0.0
2022-01-26,304741.47,-0.0018798918875473358,123360.91,0.0
2022-01-27,299364.96,-0.017642856418589647,123360.91,0.0
2022-01-28,297256.54,-0.007042975236647764,123360.91,0.0
2022-02-07,298719.63,0.004921977494591223,123360.91,0.0
2022-02-08,297367.08,-0.004527824301335581,123360.91,0.0
2022-02-09,300875.17,0.011797170016264014,123360.91,0.0
2022-02-10,294930.81,-0.019756897852355126,123360.91,0.0
2022-02-11,286580.03,-0.028314369733023037,123360.91,0.0
2022-02-14,289579.3,0.010465732730923216,123360.91,0.0
2022-02-15,294719.07,0.017749093253558,123360.91,0.0
2022-02-16,300740.8,0.02043210166210141,123360.91,0.0
2022-02-17,302739.93,0.006647352138452689,123360.91,0.0
2022-02-18,304787.67,0.0067640234969994495,123360.91,0.0
2022-02-21,306682.33,0.006216327583068004,123360.91,0.0
2022-02-22,298317.82,-0.027274183028412557,123360.91,0.0
2022-02-23,311037.66,0.04263855240025549,123360.91,0.0
2022-02-24,308012.95,-0.00972457804627247,123360.91,0.0
2022-02-25,317716.35,0.031503220887303396,123360.91,0.0
2022-02-28,317533.9,-0.0005742543624209784,123181.15,-0.0014571876942218731
2022-03-01,316432.11,-0.0034698342444697827,123362.45,0.001471816101733081
2022-03-02,316149.29,-0.0008937778154056719,123217.41,-0.0011757224341766292
2022-03-03,310847.87,-0.016768723409121056,122852.22,-0.0029637857182682747
2022-03-04,310685.25,-0.0005231497967156384,122753.8,-0.0008011251241532014
2022-03-07,306934.91,-0.012071187801802719,122378.25,-0.0030593757586323544
2022-03-08,291662.14,-0.04975898635968112,122080.4,-0.0024338475178392605
2022-03-09,285391.92,-0.021498230795399143,121232.45,-0.006945832418635556
2022-03-10,294344.8,0.03137047467917098,121770.01,0.004434126341585909
2022-03-11,300184.76,0.01984054075356534,121872.69,0.0008432289691033823
2022-03-14,296447.76,-0.012448999742691758,121474.05,-0.003270954304857021
2022-03-15,289229.83,-0.02434806726149652,120767.37,-0.00581753880767133
2022-03-16,295565.27,0.021904517939937307,121190.17,0.0035009456610672895
2022-03-17,302948.54,0.0249801676631356,121745.85,0.004585190366512393
2022-03-18,297445.71,-0.0181642400389187,120966.69,-0.00639988960609339
2022-03-21,304258.14,0.022903103897514487,121419.69,0.0037448325650639713
2022-03-22,297850.42,-0.021060143206029003,121166.01,-0.0020892822243245845
2022-03-23,303942.23,0.02045258153404661,121178.09,9.969792683617307e-05
2022-03-24,299697.27,-0.013966338274217338,121033.13,-0.0011962558578039184
2022-03-25,293273.19,-0.021435230290886564,120994.29,-0.0003209038715268342
2022-03-28,288626.37,-0.015844680517847598,120994.29,0.0
2022-03-29,285774.21,-0.009881841357738619,120994.29,0.0
2022-03-30,292821.87,0.02466163759143969,120994.29,0.0
2022-03-31,290521.4,-0.007856209647182366,120994.29,0.0
2022-04-01,291891.65,0.004716520022277182,120994.29,0.0
2022-04-06,288939.78,-0.01011289634355761,120994.29,0.0
2022-04-07,284109.72,-0.01671649365829808,120994.29,0.0
2022-04-08,281387.7,-0.00958087600804347,120994.29,0.0
2022-04-11,270068.76,-0.0402254256316108,120994.29,0.0
2022-04-12,271938.1,0.006921718750439565,120994.29,0.0
2022-04-13,264171.03,-0.028561904345143052,120994.29,0.0
2022-04-14,269161.59,0.01889139774334825,120994.29,0.0
2022-04-15,270245.64,0.0040275063020693835,120994.29,0.0
2022-04-18,279339.48,0.03365027461682635,120994.29,0.0
2022-04-19,269835.94,-0.03402147093565144,120994.29,0.0
2022-04-20,265091.12,-0.01758409202273059,120994.29,0.0
2022-04-21,256220.74,-0.03346162632682681,120994.29,0.0
2022-04-22,250948.19,-0.020578154602160614,120994.29,0.0
2022-04-25,239910.01,-0.04398589206800019,120994.29,0.0
2022-04-26,230002.28,-0.04129769324756394,120994.29,0.0
2022-04-27,239280.73,0.04034068705753713,121472.75,0.00395440148456605
2022-04-28,236705.76,-0.010761292812839551,121094.57,-0.0031132908409499116
2022-04-29,251103.19,0.06082416414370306,124873.48,0.03120627126385589
2022-05-05,255388.11,0.01706437899096369,126092.27,0.009760198882901472
2022-05-06,251113.81,-0.016736487849806303,125117.35,-0.00773179830928572
2022-05-09,251045.86,-0.00027059443684129825,126688.93,0.01256084787601397
2022-05-10,271607.26,0.08190296386484941,134062.66,0.05820342787645316
2022-05-11,281548.96,0.03660321892721141,138325.34,0.031796176504329976
2022-05-12,281726.57,0.0006308316677852144,139121.05,0.005752452876674585
2022-05-13,281889.46,0.000578184727127562,139170.65,0.0003565240486611554
2022-05-16,282108.2,0.0007759779312075388,139554.07,0.0027550349157672294
2022-05-17,294566.06,0.044159864902898915,141925.72,0.016994488229544302
2022-05-18,299952.2,0.018284998617967174,141698.71,-0.0015994986673311118
2022-05-19,304136.46,0.013949755994455248,144350.72,0.01871583728602766
2022-05-20,308232.85,0.013468921154668356,146530.52,0.015100721354212698
2022-05-23,309778.65,0.005015039766202767,147307.78,0.005304423952088744
2022-05-24,294688.22,-0.04871358952594074,140441.39,-0.04661254144214233
2022-05-25,296233.5,0.005243779340755594,141018.3,0.0041078345920670944
2022-05-26,297951.89,0.005800795656129454,140489.85,-0.0037473859775645213
2022-05-27,295079.96,-0.009638905126596042,139914.89,-0.004092537645957961
2022-05-30,295983.63,0.0030624580537423896,140935.57,0.00729500627131241
2022-05-31,302814.13,0.023077289781195054,143726.48,0.019802736810870414
2022-06-01,307565.06,0.015689261263997167,145796.79,0.014404513350636527
2022-06-02,321728.16,0.04604911884334317,151039.14,0.03595655295291489
2022-06-06,332438.86,0.03329114865170646,152961.52,0.012727694291691405
2022-06-07,327524.52,-0.014782688161065094,151672.37,-0.008427936647072976
2022-06-08,326079.6,-0.004411639165214365,151264.97,-0.0026860528387602223
2022-06-09,317640.06,-0.025881839894307923,149649.23,-0.010681521306618369
2022-06-10,323074.72,0.017109491793950493,149943.68,0.0019676011697487006
2022-06-13,320950.85,-0.0065739281612624545,149829.08,-0.0007642869642788819
2022-06-14,317553.59,-0.01058498520879425,149138.75,-0.004607450035733929
2022-06-15,319572.17,0.006356659359448402,150168.97,0.006907795593029897
2022-06-16,325184.97,0.01756348182634304,151665.73,0.009967172312628891
2022-06-17,324396.32,-0.0024252350900472175,151456.93,-0.0013767117990334254
2022-06-20,327373.26,0.009176861192506713,152382.95,0.006114081409150485
2022-06-21,328296.8,0.002821061194796304,152675.06,0.0019169467450261823
2022-06-22,324523.9,-0.011492344731961923,152495.3,-0.0011774025174773328
2022-06-23,326315.7,0.005521319076961628,152408.63,-0.0005683453850707787
2022-06-24,327682.14,0.004187478567534431,152569.13,0.0010530899726610699
2022-06-27,327491.96,-0.000580379510460971,152466.41,-0.0006732685701229535
2022-06-28,331586.78,0.012503574133545081,154344.26,0.012316483348693064
2022-06-29,333176.79,0.004795154981751537,155811.23,0.009504532270911747
2022-06-30,336061.19,0.008657265711696338,156146.19,0.0021497808598263113
2022-07-01,334539.56,-0.004527836136032248,156146.19,0.0
2022-07-04,333128.7,-0.004217318872542286,156146.19,0.0
2022-07-05,332743.92,-0.001155049084633153,156146.19,0.0
2022-07-06,332440.76,-0.0009110910275985651,156146.19,0.0
2022-07-07,330633.46,-0.005436457310469378,156146.19,0.0
2022-07-08,330596.02,-0.00011323717811262402,156146.19,0.0
2022-07-11,330596.02,0.0,156146.19,0.0
2022-07-12,330596.02,0.0,156146.19,0.0
2022-07-13,330596.02,0.0,156146.19,0.0
2022-07-14,330596.02,0.0,156146.19,0.0
2022-07-15,330596.02,0.0,156146.19,0.0
2022-07-18,330596.02,0.0,156146.19,0.0
2022-07-19,330596.02,0.0,156146.19,0.0
2022-07-20,330596.02,0.0,156146.19,0.0
2022-07-21,330596.02,0.0,156146.19,0.0
2022-07-22,330596.02,0.0,156146.19,0.0
2022-07-25,330596.02,0.0,156146.19,0.0
2022-07-26,330596.02,0.0,156146.19,0.0
2022-07-27,330596.02,0.0,156146.19,0.0
2022-07-28,330596.02,0.0,156146.19,0.0
2022-07-29,330596.02,0.0,156146.19,0.0
2022-08-01,330596.02,0.0,156146.19,0.0
2022-08-02,330596.02,0.0,156146.19,0.0
2022-08-03,330596.02,0.0,156146.19,0.0
2022-08-04,330596.02,0.0,156146.19,0.0
2022-08-05,330596.02,0.0,156146.19,0.0
2022-08-08,330660.29,0.00019440645413681956,156176.15,0.00019187147633892288
2022-08-09,330696.45,0.00010935694757918668,156193.19,0.00010910756860127435
2022-08-10,330456.89,-0.0007244105583836813,156080.3,-0.0007227587835296756
2022-08-11,331840.01,0.004185477869745657,156732.08,0.004175927391220968
2022-08-12,332034.37,0.0005857039360623872,156823.67,0.0005843730268877412
2022-08-15,331383.49,-0.001960278991599562,156516.95,-0.0019558272038908697
2022-08-16,331858.09,0.0014321775656356284,156740.6,0.0014289187209435283
2022-08-17,331867.13,2.724055936065284e-05,156744.86,2.7178663345450715e-05
2022-08-18,331180.09,-0.0020702261173017877,156421.1,-0.0020655222761369885
2022-08-19,331406.09,0.0006824081725445019,156527.6,0.0006808544371570413
2022-08-22,331496.49,0.00027277712367923534,156570.2,0.0002721564759187167
2022-08-23,330841.09,-0.0019770948404309596,156261.35,-0.0019725975952001873
2022-08-24,329900.93,-0.002841726824198365,155818.31,-0.002835250047436566
2022-08-25,330691.93,0.0023976895124242503,156191.06,0.002392209233947007
2022-08-26,330493.05,-0.0006014056647829502,156097.34,-0.0006000343425546228
2022-08-29,330544.27,0.00015498056615714795,155669.21,-0.0027427116951512787
2022-08-30,329796.0,-0.0022637512367102985,155633.0,-0.00023260861926388543
2022-08-31,325479.58,-0.013088151463328757,155396.57,-0.0015191508227688777
2022-09-01,322788.71,-0.008267400369633027,155123.93,-0.0017544788794244814
2022-09-02,324944.38,0.006678269509488022,155221.91,0.0006316240182930866
2022-09-05,325866.31,0.0028371932451947135,154853.42,-0.0023739560993676356
2022-09-06,326901.58,0.003176977699842709,154899.05,0.00029466575552539176
2022-09-07,339338.7,0.03804545698433137,154899.05,0.0
2022-09-08,332273.99,-0.020819051879435002,154899.05,0.0
2022-09-09,327718.28,-0.01371070302553612,154899.05,0.0
2022-09-13,326728.63,-0.0030198193399526563,154899.05,0.0
2022-09-14,325857.94,-0.0026648720682971305,154899.05,0.0
2022-09-15,313465.24,-0.03803098982335684,154899.05,0.0
2022-09-16,310573.18,-0.009226094733821188,154899.05,0.0
2022-09-19,305574.96,-0.016093533897550194,154823.56,-0.00048734966418439996
2022-09-20,311436.71,0.01918269088540492,154845.86,0.00014403492595049805
2022-09-21,311603.31,0.0005349401488345951,154972.97,0.0008208808424068348
2022-09-22,316877.79,0.01692690620006565,155570.61,0.003856414444402656
2022-09-23,309780.44,-0.02239775151171053,155867.2,0.0019064654949931814
2022-09-26,320588.22,0.03488851652480052,155934.1,0.00042921153392105893
2022-09-27,329690.51,0.028392465574686554,155992.08,0.00037182373836119886
2022-09-28,321725.22,-0.02415990075055552,155501.48,-0.003145031465699888
2022-09-29,326567.59,0.0150512602027284,155352.07,-0.0009608268680143528
2022-09-30,315979.11,-0.03242354821554716,154975.2,-0.002425909097960477
2022-10-10,304223.38,-0.03720413669118816,154486.83,-0.003151278398092261
2022-10-11,297212.34,-0.0230456975397485,154243.76,-0.0015734027295399855
2022-10-12,305773.13,0.028803615623765655,154215.23,-0.00018496696397962697
2022-10-13,306607.28,0.002728002947806507,154215.23,0.0
2022-10-14,327352.11,0.06765928715065073,153708.05,-0.0032887802326658777
2022-10-17,337850.55,0.03207078762987048,152412.78,-0.008426819545235165
2022-10-18,338638.58,0.002332481033403777,152257.7,-0.0010174999760518277
2022-10-19,337131.45,-0.004450556106158965,151957.77,-0.001969883953323981
2022-10-20,351124.32,0.04150567975785102,153499.39,0.010145055432177141
2022-10-21,349013.61,-0.006011289676545406,152524.88,-0.006348624577596107
2022-10-24,347563.63,-0.004154508473179552,152346.66,-0.0011684651054962858
2022-10-25,346853.43,-0.0020433668505533964,151891.76,-0.0029859532201099714
2022-10-26,357390.82,0.03037995040152852,152165.78,0.0018040478298493312
2022-10-27,356730.88,-0.0018465499477574587,151592.31,-0.0037687185647128363
2022-10-28,358877.32,0.00601697279472968,150579.99,-0.006677911300381978
2022-10-31,364128.35,0.014631824602346022,152321.32,0.011564152713783749
2022-11-01,372675.32,0.02347241020920232,153181.78,0.005648979407478771
2022-11-02,387623.57,0.0401106518134875,154714.3,0.010004584096098057
2022-11-03,399692.54,0.03113580012691175,158380.85,0.023698843610448606
2022-11-04,412477.79,0.03198771235510178,160321.49,0.012252996495472734
2022-11-07,414886.82,0.005840387187877605,161686.81,0.008516138416627683
2022-11-08,413065.22,-0.0043905950061272625,162240.81,0.0034263772041764895
2022-11-09,409582.21,-0.008432106677971896,160263.76,-0.012185898233619485
2022-11-10,403817.51,-0.014074585905476722,158858.8,-0.008766548345053304
2022-11-11,410136.87,0.015649048997404824,160388.85,0.009631509239651947
2022-11-14,414560.03,0.010784594908524126,160101.74,-0.0017900870291170934
2022-11-15,426414.22,0.028594628382287546,167569.99,0.046646900901889055
2022-11-16,427076.73,0.001553677079530802,165554.57,-0.0120273325790613
2022-11-17,425254.93,-0.004265744003425276,166254.6,0.0042283942992331625
2022-11-18,425502.91,0.0005831325694447553,164488.21,-0.010624608281515346
2022-11-21,425987.8,0.001139569174744448,164781.84,0.0017851127445547288
2022-11-22,422255.85,-0.008760696902587406,165331.74,0.0033371395780019686
2022-11-23,423355.72,0.002604747808704122,165285.34,-0.0002806478659209688
2022-11-24,423167.03,-0.00044570083994599496,165017.91,-0.00161798983503314
2022-11-25,420112.41,-0.007218473518601054,165216.81,0.0012053237130442707
2022-11-28,417752.3,-0.005617805958171962,163075.59,-0.012960061388426536
2022-11-29,419240.14,0.0035615363458203486,164376.72,0.00797869258053896
2022-11-30,417648.02,-0.003797632545395113,164092.06,-0.0017317537422574247
2022-12-01,419514.02,0.004467877041533619,165112.36,0.006217851125764229
2022-12-02,418838.41,-0.0016104586921792396,164273.56,-0.0050801769171004985
2022-12-05,420187.02,0.003219881385759349,164400.22,0.0007710309559250117
2022-12-06,418016.14,-0.005166461353327878,165240.4,0.005110577102634073
2022-12-07,417976.15,-9.566616255529681e-05,165211.47,-0.00017507824962903484
2022-12-08,418293.15,0.0007584164790264136,164996.02,-0.0013040862114477303
2022-12-09,418451.65,0.00037892085968893596,166020.51,0.006209180075980036
2022-12-12,418293.15,-0.00037877733305624606,165792.52,-0.0013732640623741466
2022-12-13,418134.65,-0.00037892085968893596,165730.61,-0.00037341853540806547
2022-12-14,418134.65,0.0,165730.61,0.0
2022-12-15,417976.15,-0.00037906449513336327,165668.7,-0.00037355802889982304
2022-12-16,418293.15,0.0007584164790264136,165792.52,0.0007473952532974781
2022-12-19,417817.65,-0.0011367625790668079,165606.79,-0.0011202556062238633
2022-12-20,417976.15,0.0003793520929524785,165668.7,0.000373837328771387
2022-12-21,417500.65,-0.0011376247185395094,165482.97,-0.0011210928799466613
2022-12-22,417183.65,-0.0007592802550128175,165359.15,-0.000748234093212119
2022-12-23,418480.09,0.0031076002139585057,165242.87,-0.0007031966480234297
2022-12-26,428059.66,0.022891339944034028,165242.87,0.0
2022-12-27,426887.24,-0.0027389172808294227,165242.87,0.0
2022-12-28,431708.59,0.01129420031388162,165242.87,0.0
2022-12-29,433639.85,0.004473526922408322,165242.87,0.0
2022-12-30,431115.71,-0.005820821126102604,165242.87,0.0
2023-01-03,434435.6,0.007700693625848132,165242.87,0.0
2023-01-04,432339.74,-0.004824328392976973,165242.87,0.0
2023-01-05,432641.27,0.0006974376216259959,165242.87,0.0
2023-01-06,432812.28,0.00039526973466963433,165242.87,0.0
2023-01-09,435689.3,0.006647269804821443,165242.87,0.0
2023-01-10,437210.7,0.00349193794752356,165242.87,0.0
2023-01-11,437058.21,-0.0003487792041685367,165242.87,0.0
2023-01-12,437018.83,-9.01024145044671e-05,165242.87,0.0
2023-01-13,436371.79,-0.001480576935323441,165242.87,0.0
2023-01-16,440967.13,0.010530790727787398,165242.87,0.0
2023-01-17,444162.76,0.00724686667688812,165242.87,0.0
2023-01-18,443741.38,-0.0009487062805535462,165242.87,0.0
2023-01-19,448105.29,0.00983435441607905,165242.87,0.0
2023-01-20,448208.46,0.00023023606795624652,165242.87,0.0
2023-01-30,447312.68,-0.0019985789647969376,165242.87,0.0
2023-01-31,445763.8,-0.0034626337889639425,165453.85,0.0012767873131229734
2023-02-01,451531.86,0.012939722785923813,166823.35,0.00827723259386226
2023-02-02,457830.7,0.01394993478422557,167877.45,0.006318659827895923
2023-02-03,461352.58,0.007692537874808281,168732.35,0.005092405203915185
2023-02-06,460030.82,-0.0028649671797652543,168425.73,-0.00181719747280229
2023-02-07,461456.86,0.003099879264610861,168550.23,0.0007391982210793735
2023-02-08,461226.5,-0.0004992015938390937,168604.18,0.0003200826246276822
2023-02-09,460242.94,-0.002132488050881731,168512.88,-0.0005415049615020706
2023-02-10,459206.76,-0.0022513761971014734,168135.23,-0.0022410749848913447
2023-02-13,459096.78,-0.00023949995858074669,168155.98,0.00012341256499315278
2023-02-14,459591.12,0.0010767664282027578,168292.93,0.0008144224189945426
2023-02-15,458961.96,-0.0013689559537181095,168118.63,-0.0010356941316548296
2023-02-16,458242.92,-0.0015666657864195077,167919.43,-0.0011848776069612876
2023-02-17,458257.9,3.2690084988296064e-05,167923.58,2.4714233486822224e-05
2023-02-20,458497.58,0.0005230242621021564,167989.98,0.000395417963338085
2023-02-21,458587.46,0.00019603156902170404,168014.88,0.00014822312616491473
2023-02-22,459965.62,0.0030052282720507417,168396.68,0.002272417776330249
2023-02-23,459246.58,-0.0015632472705242595,168197.48,-0.0011829211834816222
2023-02-24,458946.98,-0.0006523728494615133,168114.48,-0.0004934675596804938
2023-02-27,458362.76,-0.0012729574993607384,167952.63,-0.0009627368207664189
2023-02-28,458347.78,-3.2681538089995854e-05,167948.48,-2.470934810605563e-05
2023-03-01,456879.74,-0.003202895408373152,167541.78,-0.002421575949958066
2023-03-02,457141.54,0.0005730173108573489,167611.39,0.0004154784555829849
2023-03-03,457141.54,0.0,167611.39,0.0
2023-03-06,457141.54,0.0,167611.39,0.0
2023-03-07,457141.54,0.0,167611.39,0.0
2023-03-08,455312.98,-0.003999986524961141,167611.39,0.0
2023-03-09,454910.08,-0.0008848858207379795,167611.39,0.0
2023-03-10,453920.46,-0.00217541893114348,167611.39,0.0
2023-03-13,455414.66,0.003291766138939778,167611.39,0.0
2023-03-14,456171.06,0.0016609039331321185,167611.39,0.0
2023-03-15,455975.33,-0.00042907149787185794,167611.39,0.0
2023-03-16,455076.03,-0.0019722558235770737,167611.39,0.0
2023-03-17,455779.6,0.001546049349160361,167611.39,0.0
2023-03-20,456155.19,0.0008240605766471898,167611.39,0.0
2023-03-21,455605.03,-0.0012060807638732962,167611.39,0.0
2023-03-22,456715.93,0.002438296170698573,167611.39,0.0
2023-03-23,465000.07,0.018138495847955127,167611.39,0.0
2023-03-24,465735.38,0.0015813115899101504,167611.39,0.0
2023-03-27,465400.06,-0.0007199796588354124,167611.39,0.0
2023-03-28,463544.14,-0.003987794930666699,167611.39,0.0
2023-03-29,464114.38,0.0012301741102800356,167611.39,0.0
2023-03-30,463343.5,-0.0016609698669539652,167611.39,0.0
2023-03-31,464161.9,0.0017662921784811214,167611.39,0.0
2023-04-03,467160.94,0.00646119382051813,167611.39,0.0
2023-04-04,469117.18,0.004187507628527376,167611.39,0.0
2023-04-06,470073.16,0.00203782773421346,167611.39,0.0
2023-04-07,470073.16,0.0,167611.39,0.0
2023-04-10,469183.07,-0.0018935137670910152,167294.17,-0.0018925921442450866
2023-04-11,470270.63,0.0023179864524949245,167681.77,0.0023168769120882615
2023-04-12,471138.77,0.001846043415469012,167991.17,0.001845161820512864
2023-04-13,470070.29,-0.0022678668537510216,167610.37,-0.0022667858078494474
2023-04-14,470413.73,0.000730614138579222,167732.77,0.0007302650784672959
2023-04-17,470823.95,0.0008720408734668172,167878.97,0.0008716245489774899
2023-04-18,467965.56,-0.0060710378051074265,166860.17,-0.006068657676420064
2023-04-19,469904.97,0.0041443434427097525,167551.41,0.004142630323341834
2023-04-20,469928.19,4.94142464593228e-05,167559.65,4.917893558764597e-05
2023-04-21,476222.25,0.013393663402061495,169802.73,0.0133867551048239
2023-04-24,473753.2,-0.005184659053624641,168922.44,-0.005184192268286925
2023-04-25,469780.24,-0.008386138605501858,168528.04,-0.002334799331574877
2023-04-26,467938.23,-0.00392100357392644,168103.04,-0.0025218355354990063
2023-04-27,474103.94,0.013176333124139017,169684.04,0.009404945918884078
2023-04-28,480669.0,0.013847301079168428,169558.24,-0.000741377916273156
2023-05-04,476566.16,-0.008535686719967406,171615.24,0.012131524837719398
2023-05-05,471991.73,-0.009598730216178186,173043.24,0.008320939329164556
2023-05-08,474059.13,0.004380161491388979,172521.96,-0.003012426258315548
2023-05-09,462266.27,-0.024876348231073986,172521.96,0.0
2023-05-10,463807.63,0.0033343553272877635,172521.96,0.0
2023-05-11,467454.48,0.00786285038044765,172521.96,0.0
2023-05-12,463328.92,-0.008825586611128422,172521.96,0.0
2023-05-15,477262.28,0.030072286443937113,172521.96,0.0
2023-05-16,477252.47,-2.0554735647770883e-05,172521.96,0.0
2023-05-17,486122.36,0.018585320260364524,172521.96,0.0
2023-05-18,488852.98,0.005617145444616112,172521.96,0.0
2023-05-19,505611.82,0.03428196346476198,172466.16,-0.0003234370859221958
2023-05-22,510975.97,0.01060922586817692,172254.78,-0.0012256317413225082
2023-05-23,506893.15,-0.007990238758194379,171880.8,-0.0021710863408260783
2023-05-24,510308.46,0.006737731610695574,172536.62,0.0038155512424891125
2023-05-25,516320.54,0.011781266569635074,172168.06,-0.0021361262322167063
2023-05-26,518570.52,0.0043577193345825105,173019.0,0.004942496302740462
2023-05-29,512909.52,-0.010916548052133823,172634.18,-0.0022241487929072212
2023-05-30,515102.75,0.004276056330559053,173073.2,0.002543065341985118
2023-05-31,515569.61,0.0009063434431284545,173284.58,0.0012213329388950367
2023-06-01,521776.38,0.012038665351125077,174515.31,0.007102363060810246
2023-06-02,528767.74,0.013399150034349994,174728.49,0.0012215547163167972
2023-06-05,531906.9,0.005936746443722107,174964.12,0.0013485493979832341
2023-06-06,522064.8,-0.018503426069487072,173426.37,-0.008788944841948143
2023-06-07,524092.9,0.0038847667952330855,173729.0,0.001745005675895861
2023-06-08,516899.85,-0.013724761392493678,172350.1,-0.007937074408993272
2023-06-09,521334.22,0.008578779815857862,173197.06,0.0049141833976307225
2023-06-12,519910.01,-0.0027318559675594267,173274.08,0.00044469577023997786
2023-06-13,522263.37,0.004526475649122341,173911.43,0.003678276635489919
2023-06-14,523441.61,0.0022560264948314757,174666.34,0.004340772771519452
2023-06-15,520542.5,-0.005538554720554201,173521.81,-0.006552664926739782
2023-06-16,521890.8,0.0025901823578284855,174662.02,0.006570989548806416
2023-06-19,523043.97,0.0022096001692306633,174657.21,-2.7538900557733115e-05
2023-06-20,520302.87,-0.005240668389695724,174657.21,0.0
2023-06-21,517104.73,-0.006146689138962547,174657.21,0.0
2023-06-26,516551.01,-0.0010708082287315124,174715.74,0.00033511356330495623
2023-06-27,519431.15,0.005575712648398401,175101.44,0.002207585876349949
2023-06-28,516393.56,-0.0058479165140558065,173849.86,-0.007147742474305274
2023-06-29,518864.76,0.004785497324947263,174188.52,0.0019480027191278726
2023-06-30,521675.32,0.005416748672621319,174294.19,0.0006066415857945984
2023-07-03,524008.5,0.004472475331974701,174138.01,-0.0008960711771286434
2023-07-04,532602.6,0.016400688156775978,175242.81,0.00634439316264146
2023-07-05,530062.11,-0.004769954183475589,174979.31,-0.0015036280233123867
2023-07-06,530050.63,-2.1657839304856097e-05,175447.51,0.002675744920928036
2023-07-07,525075.84,-0.009385499645571671,174753.71,-0.0039544590857972794
2023-07-10,523823.88,-0.0023843412791568763,174008.01,-0.004267148319769487
2023-07-11,530606.82,0.012948894197034155,174997.61,0.005687094519384317
2023-07-12,518286.12,-0.023220018167124157,173602.51,-0.007972108876229678
2023-07-13,528003.17,0.01874842799185905,174350.61,0.004309269491552747
2023-07-14,545496.29,0.03313071018115288,173768.31,-0.003339821982842439
2023-07-17,546448.76,0.0017460613710131856,172720.31,-0.006031019119654202
2023-07-18,540058.6,-0.011693978407051442,172029.8,-0.003997850629147259
2023-07-19,538243.42,-0.0033610797050540597,172461.8,0.002511192828219322
2023-07-20,532674.24,-0.010346954171776113,171629.0,-0.004828895442352987
2023-07-21,529220.89,-0.006483042994532617,171717.8,0.0005173950789201243
2023-07-24,532132.83,0.005502314921846718,172037.0,0.0018588637869807467
2023-07-25,531547.29,-0.0011003643582748746,171409.75,-0.003646018007754104
2023-07-26,530051.38,-0.0028142557174922755,170847.43,-0.003280560178169578
2023-07-27,526999.24,-0.0057581964978564715,170686.72,-0.000940663842587508
2023-07-28,528455.64,0.0027635713478448842,170772.28,0.0005012692258659079
2023-07-31,538029.19,0.018116090122531237,173214.88,0.014303258116598272
2023-08-01,538372.18,0.0006374932928827626,174409.96,0.006899407256466539
2023-08-02,545866.95,0.013921168809279738,174120.16,-0.001661602353443481
2023-08-03,537738.14,-0.01489155919771279,172524.88,-0.00916194885187327
2023-08-04,535162.47,-0.004789822049817816,171412.6,-0.006447070126928911
2023-08-07,531478.99,-0.006882919125476006,170590.12,-0.004798247036682302
2023-08-08,532106.5,0.0011806863710643878,171445.72,0.005015530793928802
2023-08-09,534825.02,0.0051089772442172166,173035.48,0.009272672423668693
2023-08-10,532348.3,-0.004630897784101418,172765.0,-0.0015631476272959244
2023-08-11,525350.74,-0.013144702443870004,172166.08,-0.003466674384279278
2023-08-14,528859.23,0.006678376430953481,172011.52,-0.0008977378122333457
2023-08-15,523243.25,-0.010619045071785904,171970.12,-0.00024068155435164051
2023-08-16,515995.03,-0.013852486391367602,172348.24,0.002198754062624264
2023-08-17,520271.78,0.008288355025435123,172502.8,0.0008967889663393791
2023-08-18,511459.13,-0.016938550847405254,171752.08,-0.004351929359987183
2023-08-21,509797.21,-0.0032493700914087986,171483.51,-0.0015637074089581704
2023-08-22,522914.77,0.025730937209326843,171610.83,0.0007424620594713716
2023-08-23,517960.31,-0.009474698907433798,170712.75,-0.005233236154151721
2023-08-24,518894.3,0.0018032076627647609,171324.82,0.0035853795337490446
2023-08-25,507389.73,-0.022171316971491106,171511.82,0.0010914939236474908
2023-08-28,503625.84,-0.0074181438398446264,172065.34,0.003227299436272091
2023-08-29,530787.98,0.053933173881625995,174137.3,0.012041704622209215
2023-08-30,544534.41,0.02589815617150948,175639.18,0.008624688679564896
2023-08-31,545259.61,0.0013317799328786961,176655.13,0.005784301657523194
2023-09-01,543995.98,-0.002317483226017769,176380.33,-0.0015555732799835686
2023-09-04,539624.79,-0.008035335114057185,175485.41,-0.005073808400290369
2023-09-05,537157.19,-0.004572806968338283,175784.02,0.0017016229440383057
2023-09-06,551113.44,0.02598168703652659,178168.29,0.013563633372362327
2023-09-07,538658.98,-0.022598723050557323,176188.88,-0.01110977716629602
2023-09-08,552086.05,0.02492684703780501,178374.02,0.01240225830370223
2023-09-11,557434.0,0.009686805163796386,178588.16,0.001200511150670991
2023-09-12,558336.65,0.0016192948402860008,180995.93,0.013482248767219485
2023-09-13,547102.07,-0.020121516293082453,179423.0,-0.008690416408810964
2023-09-14,535986.85,-0.02031653800907751,177439.51,-0.011054825746977803
2023-09-15,530870.95,-0.009544823720955109,178166.15,0.004095142057143786
2023-09-18,525998.4,-0.00917840767139344,175825.68,-0.013136445952275477
2023-09-19,521490.68,-0.008569835953873728,172999.49,-0.01607381811348607
2023-09-20,510842.2,-0.02041931027415478,171857.54,-0.006600886511283877
2023-09-21,516126.79,0.010344857962008458,172374.9,0.0030104003583433236
2023-09-22,525847.31,0.01883358932017476,174297.73,0.011154930329183799
2023-09-25,525288.12,-0.0010634075507585106,173029.22,-0.007277834312586884
2023-09-26,526116.31,0.0015766395021461488,171457.76,-0.009082049841061535
2023-09-27,527522.04,0.002671899679369316,172372.82,0.0053369412967951835
2023-09-28,538056.86,0.019970388346238543,175057.82,0.015576701709701046
2023-10-09,532822.69,-0.00972791239944426,173685.78,-0.007837639015497944
2023-10-10,524431.71,-0.01574816567965598,172550.36,-0.006537207594081718
2023-10-11,540697.64,0.03101629762243019,175456.34,0.01684134417337657
2023-10-12,531598.81,-0.016827944727112132,174582.78,-0.004978788455293204
2023-10-13,524772.88,-0.012840378630644467,174813.85,0.0013235555075936656
2023-10-16,518311.99,-0.012311783337584092,172929.11,-0.010781411198254709
2023-10-17,515384.88,-0.005647390097998639,172085.44,-0.004878704343068585
2023-10-18,512168.82,-0.006240113214031395,171701.15,-0.00223313488927368
2023-10-19,512887.58,0.001403365398151335,171312.8,-0.002261778677661752
2023-10-20,508096.62,-0.009341150355015482,170716.96,-0.003478082198177801
2023-10-23,499085.21,-0.017735622803395135,169964.64,-0.004406826363355876
2023-10-24,504718.6,0.011287431258481861,170158.56,0.0011409431985380802
2023-10-25,505470.05,0.0014888494301577015,170033.32,-0.0007360193927357095
2023-10-26,506365.15,0.001770826975802109,169857.58,-0.0010335621277054452
2023-10-27,508536.76,0.004288624523231865,170324.2,0.0027471249737576198
2023-10-30,522100.93,0.026672939041810784,170712.04,0.002277069259682296
2023-10-31,522665.32,0.0010809978829189326,170732.24,0.00011832791641408491
2023-11-01,519621.04,-0.00582453031320318,170572.66,-0.0009346799409413187
2023-11-02,511093.5,-0.01641107527131691,169669.84,-0.005292876361311372
2023-11-03,538683.29,0.05398188394100112,172648.26,0.01755420998805679
2023-11-06,559295.35,0.03826378204529046,175758.18,0.018013039922904373
2023-11-07,561476.49,0.00389979998939749,175078.36,-0.0038679280816403816
2023-11-08,573445.49,0.021317010085319943,176222.56,0.0065353593670858245
2023-11-09,568731.44,-0.00822057210703675,175874.71,-0.0019739243374968796
2023-11-10,567924.03,-0.0014196683060108128,175295.21,-0.003294959235469408
2023-11-13,572018.58,0.007209679083309606,176017.99,0.004123215916738365
2023-11-14,583294.5,0.019712506541308628,177512.67,0.008491632020113604
2023-11-15,581296.42,-0.003425508040963754,176798.37,-0.004023938122276083
2023-11-16,575820.15,-0.009420787418577325,175590.55,-0.006831624069837283
2023-11-17,575578.98,-0.00041882869156284475,175462.13,-0.0007313605430360193
2023-11-20,582718.99,0.01240491791413234,177014.17,0.00884544146363675
2023-11-21,578042.92,-0.008024571157359994,176204.53,-0.004573871120035267
2023-11-22,575466.14,-0.0044577658697040334,175813.01,-0.002221963305937602
2023-11-23,577520.01,0.0035690544712152494,175496.71,-0.0017990705010967334
2023-11-24,568702.52,-0.015267851931225707,174104.69,-0.007931886586363901
2023-11-27,581252.2,0.022067213628664595,176775.23,0.015338702248629987
2023-11-28,580979.13,-0.0004697960713093696,176543.11,-0.001313079892471536
2023-11-29,587103.82,0.01054201378972075,178162.91,0.009175096099757196
2023-11-30,586941.07,-0.00027720821165833076,178116.39,-0.0002611093408835252
2023-12-01,587375.25,0.0007397335476968525,178414.75,0.001675084477065658
2023-12-04,586478.52,-0.0015266731105881837,179223.79,0.0045346026603743095
2023-12-05,583954.92,-0.004302970891414737,177487.07,-0.00969023141403269
2023-12-06,584310.88,0.0006095676015538398,177257.79,-0.0012918124120252505
2023-12-07,583433.46,-0.001501632144860987,177069.69,-0.0010611663385852177
2023-12-08,584814.38,0.002366885162877086,176837.13,-0.0013133811890674307
2023-12-11,585485.06,0.0011468254251887355,176802.29,-0.0001970174476366715
2023-12-12,586078.62,0.0010137918805306345,176802.29,0.0
2023-12-13,585678.54,-0.0006826387899970809,176802.29,0.0
2023-12-14,585014.72,-0.001133420391329465,176802.29,0.0
2023-12-15,583758.7,-0.0021469887116687403,176802.29,0.0
2023-12-18,579079.3,-0.008015983316394082,176802.29,0.0
2023-12-19,580558.6,0.0025545724048501306,176802.29,0.0
2023-12-20,578395.36,-0.0037261354839975835,176802.29,0.0
2023-12-21,587595.46,0.015906247933939133,176802.29,0.0
2023-12-22,578895.77,-0.014805577292921757,176802.29,0.0
2023-12-25,580729.94,0.00316839419987458,176802.29,0.0
2023-12-26,575085.3,-0.009719905262676631,176802.29,0.0
2023-12-27,578344.23,0.005666863680918288,176802.29,0.0
2023-12-28,584290.03,0.010280728485870805,176802.29,0.0
2023-12-29,588352.97,0.006953635679869397,176802.29,0.0
2024-01-02,583967.53,-0.007453756883389118,176802.29,0.0
2024-01-03,583261.29,-0.0012093823093212164,176802.29,0.0
2024-01-04,580114.83,-0.00539459767679773,176802.29,0.0
2024-01-05,576782.09,-0.0057449660440502814,176802.29,0.0
2024-01-08,570821.89,-0.010333538615944104,176802.29,0.0
2024-01-09,571293.53,0.0008262472204771942,176802.29,0.0
2024-01-10,569803.84,-0.002607573728342527,176802.29,0.0
2024-01-11,569892.77,0.000156071254275858,176802.29,0.0
2024-01-12,569752.88,-0.0002454672306160255,176802.29,0.0
2024-01-15,568883.14,-0.0015265214631297042,176802.29,0.0
2024-01-16,567907.34,-0.0017152907713173793,176802.29,0.0
2024-01-17,563456.72,-0.007836877051104807,176802.29,0.0
2024-01-18,564415.03,0.001700769492996912,176802.29,0.0
2024-01-19,560294.56,-0.007300425716870063,176802.29,0.0
2024-01-22,550433.39,-0.017599974556240627,176802.29,0.0
2024-01-23,552651.26,0.004029315881436624,176802.29,0.0
2024-01-24,548218.45,-0.008020989583919613,176802.29,0.0
2024-01-25,564508.33,0.02971421337607305,176802.29,0.0
2024-01-26,546177.25,-0.03247264748068457,176802.29,0.0
2024-01-29,526710.39,-0.03564201914305287,176802.29,0.0
2024-01-30,510958.66,-0.029905865346609217,176802.29,0.0
2024-01-31,494228.09,-0.03274349044206426,176802.29,0.0
2024-02-01,493512.6,-0.0014476918946473294,176802.29,0.0
2024-02-02,463235.55,-0.06135010534685437,176802.29,0.0
2024-02-05,438271.06,-0.05389156769164194,176802.29,0.0
2024-02-06,440674.85,0.005484710763243195,176802.29,0.0
2024-02-07,419195.95,-0.04874092542381292,175847.12,-0.005402475273369012
2024-02-08,466312.74,0.11239800861625682,184451.77,0.04893256142039748
2024-02-19,483723.09,0.037336209171553,187037.22,0.014016943290920958
2024-02-20,498121.95,0.029766741132824626,188875.77,0.009829861671382778
2024-02-21,505986.06,0.015787519502001413,189567.03,0.0036598659531605904
2024-02-22,529804.47,0.04707325336196022,193734.7,0.021985204916698864
2024-02-23,564365.26,0.06523310382790859,204591.27,0.05603833489818788
2024-02-26,576269.66,0.021093431583652178,210532.81,0.029041024086707168
2024-02-27,599365.68,0.04007849380791617,218934.71,0.0399077939443262
2024-02-28,563048.17,-0.060593242509314194,200539.31,-0.08402230966483115
2024-02-29,596199.31,0.05887798196733329,210606.73,0.05020172852893534
2024-03-01,617982.63,0.036536976200123306,215656.17,0.02397568206865941
2024-03-04,614813.15,-0.00512875256704215,219620.9,0.018384496024389074
2024-03-05,599018.6,-0.02569000028707913,213962.26,-0.025765489532189267
2024-03-06,607464.04,0.014098794261146574,216594.47,0.01230221628804995
2024-03-07,599088.27,-0.01378809188441843,210481.29,-0.028224081621289754
2024-03-08,607317.82,0.013736790406528865,216488.02,0.028538071008591626
2024-03-11,628514.54,0.034902186798997814,222461.79,0.027593998042016343
2024-03-12,644284.73,0.025091209504874756,225269.65,0.012621763045240098
2024-03-13,647472.05,0.0049470674246774315,226399.61,0.005016033007553267
2024-03-14,633882.01,-0.020989384792749033,223902.62,-0.011029126772789
2024-03-15,643618.08,0.015359435741045813,228459.9,0.020353848472161706
2024-03-18,669272.74,0.03986006732439851,235339.92,0.030114781631262355
2024-03-19,678625.67,0.013974766102082814,237725.33,0.01013601942245912
2024-03-20,680289.47,0.002451719811895625,238109.55,0.001616235005331479
2024-03-21,681854.06,0.002299888604772926,239027.71,0.0038560402134228955
2024-03-22,669162.58,-0.018613191215727465,235737.91,-0.013763257824793595
2024-03-25,652279.32,-0.02523043054798435,230920.22,-0.02043663660206374
2024-03-26,653121.0,0.0012903674456521408,230058.19,-0.0037330208675533383
2024-03-27,628088.67,-0.03832724717165725,224533.38,-0.02401483728964393
2024-03-28,630210.96,0.0033789655845883892,224820.57,0.0012790525845198797
2024-03-29,634385.33,0.006623766111589102,225651.36,0.0036953469159872743
2024-04-01,644103.49,0.015319017544116242,229183.03,0.015651002502267364
2024-04-02,642119.76,-0.003079831161914681,228846.17,-0.0014698295942766615
2024-04-03,635168.36,-0.01082570640716618,229990.91,0.005002224856985871
2024-04-08,623299.53,-0.018686116543966347,228338.68,-0.007183892615582166
2024-04-09,640220.49,0.02714739733559557,229369.7,0.004515310327623867
2024-04-10,622578.82,-0.027555616034719566,227966.84,-0.006116152220629001
2024-04-11,622186.7,-0.0006298318982326245,227063.41,-0.003962988652209232
2024-04-12,622448.46,0.0004207097323039033,226805.91,-0.0011340444504026603
2024-04-15,609613.32,-0.020620406065427477,226505.36,-0.0013251418360307188
2024-04-16,575330.96,-0.05623623840765157,226505.36,0.0
2024-04-17,588494.39,0.022879752551470567,227810.82,0.005763483919321022
2024-04-18,583370.85,-0.008706183248407884,227115.42,-0.003052532798924923
2024-04-19,574610.54,-0.015016708496833453,226790.9,-0.0014288770000734363
2024-04-22,579691.72,0.00884282421968785,226837.26,0.00020441737300758156
2024-04-23,593023.37,0.02299782718994159,226582.28,-0.001124065772968752
2024-04-24,610037.16,0.028689914867942035,226883.62,0.00132993630393341
2024-04-25,607359.79,-0.004388863786592978,226862.31,-9.39248060305431e-05
2024-04-26,632240.68,0.040965652335990255,228948.0,0.009193638202837695
2024-04-29,654301.27,0.03489270889687135,236534.81,0.03313769939025457
2024-04-30,647409.35,-0.010533251754195838,233727.99,-0.011866414080870413
2024-05-06,654002.23,0.010183479741217916,237724.32,0.017098208905146572
2024-05-07,666930.47,0.01976788366608484,238719.26,0.004185268044935464
2024-05-08,648279.77,-0.02796498411596038,235368.46,-0.014036571661624642
2024-05-09,658237.77,0.015360652083898918,240170.93,0.020404050738149104
2024-05-10,637662.49,-0.03125812728734789,234881.14,-0.022025105203198336
2024-05-13,616188.63,-0.03367590274911736,229700.75,-0.022055368089579308
2024-05-14,619848.78,0.00593998302110843,231479.82,0.00774516408849335
2024-05-15,623946.17,0.00661030582330091,231613.16,0.0005760329345338988
2024-05-16,631711.95,0.012446233943546714,233281.05,0.007201188395339786
2024-05-17,646626.06,0.023609035732187866,237498.46,0.01807866519805179
2024-05-20,647613.61,0.0015272350761736941,238468.69,0.004085205436700656
2024-05-21,645684.19,-0.002979276485557514,236338.42,-0.008933122415357708
2024-05-22,648640.09,0.0045779346091778805,239136.97,0.011841282513439744
2024-05-23,651297.24,0.004096493634859977,240246.06,0.004637885978065137
2024-05-24,647250.49,-0.006213368875937486,235358.31,-0.02034476652811701
2024-05-27,650665.41,0.0052760408107224155,236105.9,0.003176390924968908
2024-05-28,647850.82,-0.004325710198733401,235632.52,-0.0020049477797886572
2024-05-29,646374.39,-0.002278966012576711,235103.38,-0.0022456153335710383
2024-05-30,646576.49,0.0003126670906623552,234871.48,-0.0009863745897655818
2024-05-31,649280.92,0.004182691517286674,235599.01,0.0030975663797068176
2024-06-03,644947.15,-0.006674722553066892,234945.73,-0.002772846965698239
2024-06-04,643126.77,-0.002822525845722401,234445.88,-0.0021275125962068042
2024-06-05,639071.17,-0.006306066220816753,234474.23,0.00012092343017511276
2024-06-06,633196.65,-0.00919227822466162,234449.03,-0.0001074744973040831
2024-06-07,634594.74,0.0022079870447828664,234206.48,-0.0010345532246389677
2024-06-11,660189.41,0.040332307198134076,236361.31,0.00920055670534814
2024-06-12,668352.19,0.012364300118052451,236378.46,7.255840644981859e-05
2024-06-13,696166.78,0.04161666620707871,238436.26,0.008705530952354934
2024-06-14,688039.04,-0.011674989720135698,237715.87,-0.0030213106009967516
2024-06-17,696358.29,0.012091247031563723,238470.99,0.0031765653677224837
2024-06-18,706109.37,0.0140029639052619,240393.2,0.008060561160919466
2024-06-19,700407.03,-0.008075717788591286,235406.55,-0.02074372320015716
2024-06-20,703953.66,0.005063669906339996,237152.23,0.007415596549883663
2024-06-21,694959.61,-0.012776480201836082,236656.96,-0.0020884054094706395
2024-06-24,669733.23,-0.03629905916402831,229111.95,-0.031881631539592115
2024-06-25,662844.28,-0.010286110486110944,225664.05,-0.015048974966168416
2024-06-26,679539.03,0.02518653400765558,227908.26,0.009944915904859464
2024-06-27,660660.04,-0.027782053960903497,225727.16,-0.009570078767658585
2024-06-28,663682.01,0.004574167979040977,225517.07,-0.0009307253943211524
2024-07-01,644971.92,-0.028191347238717523,223984.52,-0.0067957161735030525
2024-07-02,630554.73,-0.022353205702350665,222584.56,-0.0062502533657236015
2024-07-03,624518.15,-0.009573443371045598,222568.07,-7.408420422327922e-05
2024-07-04,608552.45,-0.025564829460921312,221825.27,-0.003337405945066707
2024-07-05,611801.1,0.00533832375500265,221542.14,-0.0012763649515673547
2024-07-08,599296.72,-0.020438636020759016,220902.02,-0.002889382579765787
2024-07-09,615248.42,0.026617365768329293,223364.02,0.01114521270561486
2024-07-10,619864.04,0.007502042833364753,223963.12,0.0026821687754365886
2024-07-11,645253.1,0.04095907870377502,226949.63,0.013334829412985583
2024-07-12,644776.15,-0.0007391673127954412,225440.22,-0.0066508590474458895
2024-07-15,632657.24,-0.01879553082104546,225531.31,0.00040405389952158366
2024-07-16,639613.37,0.010995100601393526,228069.06,0.011252317915414922
2024-07-17,639832.63,0.0003428008392007964,227731.9,-0.001478324153219246
2024-07-18,642004.67,0.003394700267162154,227421.77,-0.0013618206320678006
2024-07-19,653826.52,0.0184139626274058,229128.24,0.0075035472637470235
2024-07-22,667868.52,0.021476644905746634,230910.47,0.0077783079030329105
2024-07-23,634635.53,-0.049759779065496335,226832.24,-0.01766152050186387
2024-07-24,618728.41,-0.025064969180026875,225476.51,-0.005976795891095454
2024-07-25,615583.52,-0.005082827859803629,224742.69,-0.003254529706886111
2024-07-26,618563.47,0.0048408540891411445,227724.5,0.013267661786908302
2024-07-29,615120.73,-0.005565702093594305,226797.88,-0.004069039563156296
2024-07-30,626853.96,0.019074678234303644,228158.95,0.006001246572498786
2024-07-31,652446.26,0.04082657466182393,232132.51,0.017415753359664388
2024-08-01,660450.82,0.012268535342665476,234655.87,0.01087034297781031
2024-08-02,650454.65,-0.015135373743649705,232177.92,-0.010559931869592587
2024-08-05,635511.13,-0.022973961366868578,228704.11,-0.014961844778349387
2024-08-06,646422.74,0.017169817309100388,231666.93,0.012954817471360736
2024-08-07,642469.07,-0.006116229760110281,233437.46,0.0076425668523341095
2024-08-08,639509.82,-0.0046060583118811005,229840.66,-0.015407981221180145
2024-08-09,631437.3,-0.012622980519673477,228423.62,-0.006165314701062963
2024-08-12,623795.69,-0.01210192999368287,227360.72,-0.004653196547712457
2024-08-13,625415.24,0.0025962827668783994,226838.98,-0.002294767539441245
2024-08-14,619058.54,-0.010163967222800552,226254.36,-0.002577246644293818
2024-08-15,621135.62,0.0033552238856118244,226302.45,0.0002125483902277736
2024-08-16,618739.87,-0.0038570481596273964,226603.37,0.0013297248880865808
2024-08-19,614541.02,-0.006786131302642495,225609.7,-0.004385062764070913
2024-08-20,613105.22,-0.0023363778059926066,224175.8,-0.006355666445192809
2024-08-21,614772.4,0.0027192396111062056,223899.4,-0.0012329609172800904
2024-08-22,608557.72,-0.010108911850954971,223554.0,-0.0015426571040386694
2024-08-23,604828.01,-0.0061287695109676354,223104.56,-0.0020104314841157267
2024-08-26,614357.21,0.01575522271199037,223222.96,0.0005306928733326277
2024-08-27,602162.06,-0.01985025942806129,223129.1,-0.00042047645994836014
2024-08-28,602412.13,0.00041528687476577453,223211.24,0.0003681276893061636
2024-08-29,617120.16,0.02441522882349667,223486.68,0.0012339880375200618
2024-08-30,632162.5,0.02437505849752175,223970.47,0.002164737513663084
2024-09-02,614752.48,-0.027540418800545807,222120.07,-0.008261803442212723
2024-09-03,618424.98,0.0059739490599532985,223346.05,0.005519447207089412
2024-09-04,619070.01,0.0010430206101958994,224474.45,0.005052249636830375
2024-09-05,624581.6,0.008903015670230774,226677.71,0.009815192775836978
2024-09-06,610968.31,-0.02179585501718262,221408.89,-0.02324366167277747
2024-09-09,604518.01,-0.010557503383440747,218329.7,-0.013907255485540837
2024-09-10,606963.56,0.004045454328151621,219055.18,0.0033228644568283894
2024-09-11,597340.63,-0.01585421371918938,222211.85,0.014410387373628986
2024-09-12,589429.34,-0.013244185315169354,221180.76,-0.004640121577674572
2024-09-13,587861.71,-0.0026595723925110226,217700.96,-0.015732833181331007
2024-09-18,580607.06,-0.012340742519188597,218810.31,0.005095751529988757
2024-09-19,589444.92,0.0152217577237177,220803.29,0.009108254542484762
2024-09-20,585139.17,-0.007304753767323979,217125.75,-0.01665527719265414
2024-09-23,575414.77,-0.016618952376748264,216090.89,-0.004766178124888443
2024-09-24,600841.23,0.04418805586099217,222405.87,0.029223721555313942
2024-09-25,604173.37,0.005545791190128657,223628.86,0.005498910617781849
2024-09-26,630054.76,0.04283768746709238,231580.9,0.035559095547864406
2024-09-27,669154.53,0.062057732886582784,247385.45,0.06824634501377269
2024-09-30,768438.29,0.1483719463126103,279353.93,0.12922538492057623
2024-10-08,891745.23,0.16046433604967802,314528.06,0.12591242228093957
2024-10-09,891745.23,0.0,312615.38,-0.006081110855419403
2024-10-10,891745.23,0.0,312324.32,-0.000931048242092225
2024-10-11,891745.23,0.0,311742.2,-0.0018638318015068434
2024-10-14,909094.1,0.019454962489678707,314870.63,0.010035311228316246
2024-10-15,890437.83,-0.020521824968394387,310210.44,-0.014800332441294972
2024-10-16,881176.76,-0.01040058012809264,309682.91,-0.0017005552746710562
2024-10-17,886941.17,0.006541718145176789,310168.71,0.001568701353265034
2024-10-18,942466.46,0.06260312620283481,325537.12,0.04954855052916196
2024-10-21,964851.08,0.023751105158691832,331207.76,0.01741933454470579
2024-10-22,988551.83,0.024564153465009397,335346.9,0.012497110574945403
2024-10-23,977649.95,-0.011028131929106899,333735.31,-0.004805739966583955
2024-10-24,986140.3,0.00868444784352529,336679.7,0.008822530645618665
2024-10-25,1012716.99,0.02695021185119395,344123.76,0.02211021335708696
2024-10-28,1028114.95,0.015204603212986445,346436.2,0.0067197917400414475
2024-10-29,1003382.2,-0.024056405365956435,338733.14,-0.022235147481700857
2024-10-30,996199.56,-0.007158428762240265,336146.42,-0.007636453876346483
2024-10-31,1019102.67,0.02299048395484138,341522.08,0.015992019192112794
2024-11-01,982130.17,-0.03627946534572424,333655.02,-0.02303528954848244
2024-11-04,1018839.59,0.037377346833770364,341085.73,0.022270637498575496
2024-11-05,1057203.86,0.03765486773045423,351245.85,0.029787584487923402
2024-11-06,1063359.2,0.0058222829417211575,352626.06,0.003929469914021766
2024-11-07,1084968.47,0.0203217031460301,357346.18,0.01338562442038449
2024-11-08,1103010.7,0.016629266655094677,359428.81,0.0058280460700601555
2024-11-11,1175619.62,0.06582793802453613,377261.95,0.049615221439817336
2024-11-12,1167010.44,-0.00732309996663727,377345.21,0.00022069546107150728
2024-11-13,1172639.9,0.004823830025033837,377997.5,0.0017286293365164074
2024-11-14,1160673.94,-0.01020429204225437,375842.52,-0.005701042996316019
2024-11-15,1148351.11,-0.010616961039032091,374631.72,-0.0032215620521064414
2024-11-18,1138995.76,-0.008146767934068655,374094.06,-0.0014351694512145796
2024-11-19,1145156.47,0.00540889634216013,374755.32,0.001767630312013102
2024-11-20,1148413.66,0.0028443187331421704,374823.3,0.0001813983588010437
2024-11-21,1148237.77,-0.00015315909774171743,375014.88,0.0005111208401398226
2024-11-22,1135480.72,-0.011110111802018152,374069.34,-0.0025213399532305614
2024-11-25,1137942.76,0.0021682798806130776,374242.38,0.00046258803247534175
2024-11-26,1137767.68,-0.00015385659644262528,374267.1,6.605344910415312e-05
2024-11-27,1141939.03,0.003666258123978361,374607.0,0.0009081749370971615
2024-11-28,1139478.04,-0.002155097544918827,374440.14,-0.00044542680729398043
2024-11-29,1144433.71,0.004349070211129291,374730.6,0.00077571811611854
2024-12-02,1144706.15,0.00023805660181053234,374760.55,7.992408412871299e-05
2024-12-03,1144840.55,0.00011741004449050685,374760.55,0.0
2024-12-04,1144749.89,-7.919006712342469e-05,374760.55,0.0
2024-12-05,1144749.89,0.0,374760.55,0.0
2024-12-06,1144749.89,0.0,374760.55,0.0
2024-12-09,1144749.89,0.0,374760.55,0.0
2024-12-10,1140636.11,-0.003593605936052846,374021.04,-0.0019732866759855083
2024-12-11,1134464.75,-0.0054104546979493184,372911.64,-0.002966143295040191
2024-12-12,1134145.18,-0.0002816923134897342,372854.19,-0.00015405794251965865
2024-12-13,1134349.84,0.00018045308802538962,372904.58,0.00013514666416925003
2024-12-16,1131715.18,-0.002322616804001254,372255.86,-0.0017396407413393655
2024-12-17,1125076.87,-0.005865707306320522,370621.34,-0.0043908509593373335
2024-12-18,1125530.95,0.0004035990891892993,370733.15,0.00030168257445728486
2024-12-19,1124537.66,-0.0008825079399193969,370733.15,0.0
2024-12-20,1125555.38,0.0009050119317479677,370733.15,0.0
2024-12-23,1117837.67,-0.0068568016617716054,370733.15,0.0
2024-12-24,1118431.34,0.0005310878456978863,370733.15,0.0
2024-12-25,1113597.17,-0.004322276949070614,370733.15,0.0
2024-12-26,1113209.15,-0.00034843838548903605,370733.15,0.0
2024-12-27,1116851.33,0.003271784102744979,370733.15,0.0
2024-12-30,1115623.73,-0.001099161515078384,370733.15,0.0
2024-12-31,1110928.16,-0.0042089190770441265,370733.15,0.0
2025-01-02,1103417.65,-0.006760572168771017,370733.15,0.0
2025-01-03,1090919.25,-0.011326989377050345,370733.15,0.0
2025-01-06,1082050.9,-0.008129245129738116,370733.15,0.0
2025-01-07,1120304.74,0.03535308736400489,370733.15,0.0
2025-01-08,1119760.15,-0.0004861088064307406,370733.15,0.0
2025-01-09,1127814.24,0.007192692113574539,370733.15,0.0
2025-01-10,1105612.27,-0.019685839398516536,370733.15,0.0
2025-01-13,1100899.36,-0.004262714993204519,370733.15,0.0
2025-01-14,1151857.32,0.04628757346175583,370733.15,0.0
2025-01-15,1149570.28,-0.001985523693160185,370733.15,0.0
2025-01-16,1144968.84,-0.00400274787897259,370733.15,0.0
2025-01-17,1150040.31,0.004429351981316776,370733.15,0.0
2025-01-20,1134296.19,-0.013690059264096721,370066.92,-0.0017970607699906438
2025-01-21,1135160.72,0.0007621730616937938,369430.38,-0.0017200672786423787
2025-01-22,1121912.99,-0.01167035624699908,369250.35,-0.0004873177999059619
2025-01-23,1130126.46,0.0073209509767775405,371357.59,0.005706805694293937
2025-01-24,1161556.18,0.02781079915605189,378129.37,0.01823520020150915
2025-01-27,1133154.72,-0.024451215093186374,373939.48,-0.011080572767992125
2025-02-05,1172893.48,0.035069138660958954,378682.76,0.012684619446975853
2025-02-06,1188561.43,0.01335837419780006,384082.32,0.014258795409645808
2025-02-07,1190528.57,0.0016550595958679803,383202.16,-0.0022915920732826667
2025-02-10,1204471.72,0.011711730697903322,387559.99,0.01137214362257244
2025-02-11,1209886.68,0.00449571368931756,386586.27,-0.0025124368488087523
2025-02-12,1212495.66,0.0021563837697593513,386618.09,8.231021758731139e-05
2025-02-13,1208561.41,-0.003244753882253093,384627.52,-0.00514867268626773
2025-02-14,1207894.1,-0.0005521523312579379,385338.37,0.0018481516871178272
2025-02-17,1211156.62,0.0027009983739467724,385341.72,8.693657991942771e-06
2025-02-18,1201245.12,-0.008183499835058505,382514.3,-0.0073374354585845625
2025-02-19,1212470.91,0.009345128494673727,383688.04,0.0030684865899130997
2025-02-20,1213478.07,0.000830667351846115,385153.18,0.0038185709411218127
2025-02-21,1215626.97,0.0017708601853843042,385410.82,0.0006689286584626863
2025-02-24,1226021.36,0.008550641155979033,388778.09,0.008736833075936978
2025-02-25,1225654.26,-0.00029942382080527796,388653.18,-0.0003212886816744698
2025-02-26,1228499.12,0.002321095020711761,389562.45,0.00233954087291921
2025-02-27,1244120.96,0.012716199585067534,394527.83,0.012746043670276652
2025-02-28,1243134.86,-0.0007926078184551377,394226.92,-0.0007627091858134483
2025-03-03,1251128.5,0.0064302275297789535,396757.95,0.006420236345098029
2025-03-04,1253271.25,0.0017126538161347238,397431.25,0.0016970044330555378
2025-03-05,1243680.51,-0.007652565236775377,394384.25,-0.007666734812624809
2025-03-06,1254644.43,0.00881570460567871,397869.18,0.00883638228453587
2025-03-07,1254872.71,0.00018194796433279592,397945.61,0.0001920983173413493
2025-03-10,1269557.35,0.011702095266698409,402603.58,0.011705041802069438
2025-03-11,1262798.81,-0.005323540523789694,400481.8,-0.0052701468774818405
2025-03-12,1249590.37,-0.010459655089475328,396295.59,-0.010452934440466355
2025-03-13,1241655.29,-0.006350144967906646,393782.12,-0.006342412238299233
2025-03-14,1242488.39,0.0006709591677411808,394045.94,0.0006699643955394574
2025-03-17,1242488.39,0.0,394045.94,0.0
2025-03-18,1245933.94,0.002773104382890912,395137.38,0.0027698293249767136
2025-03-19,1241888.3,-0.003247074238943881,393852.42,-0.0032519322773260084
2025-03-20,1242491.24,0.00048550260115987065,394043.43,0.00048497861203955495
2025-03-21,1231091.17,-0.009175171327566067,390432.86,-0.009162873239632496
2025-03-24,1223342.57,-0.006294091119181555,387978.96,-0.006285075492877268
2025-03-25,1227684.71,0.0035494064430374728,389354.07,0.0035442901336710797
2025-03-26,1227456.42,-0.00018595165203294517,389281.77,-0.00018569216446095993
2025-03-27,1227456.42,0.0,389281.77,0.0
2025-03-28,1227456.42,0.0,389281.77,0.0
2025-03-31,1227456.42,0.0,389281.77,0.0
2025-04-01,1227456.42,0.0,389281.77,0.0
2025-04-02,1227456.42,0.0,389281.77,0.0
2025-04-03,1227456.42,0.0,389281.77,0.0
2025-04-07,1227456.42,0.0,389281.77,0.0
2025-04-08,1248802.47,0.017390474848793414,389281.77,0.0
2025-04-09,1288654.98,0.03191258101851768,389281.77,0.0
2025-04-10,1393878.09,0.08165343837805228,389281.77,0.0
2025-04-11,1415322.59,0.015384774431743908,389281.77,0.0
2025-04-14,1433965.68,0.013172325610940616,389281.77,0.0
2025-04-15,1431784.19,-0.001521298612948696,388988.26,-0.0007539782815928486
2025-04-16,1394944.82,-0.025729694640642675,387711.25,-0.0032829011343427084
2025-04-17,1390352.33,-0.003292237753175109,387057.95,-0.0016850168778955732
2025-04-18,1385996.53,-0.0031328749598312777,385521.87,-0.003968604701182432
2025-04-21,1420930.2,0.02520473121242217,386990.79,0.0038102118564635745
2025-04-22,1408809.48,-0.008530130473685449,384959.57,-0.005248755403197025
2025-04-23,1470490.29,0.043782222419457284,394154.17,0.02388458611380928
2025-04-24,1448695.89,-0.014821179132029627,392146.69,-0.005093133988662291
2025-04-25,1466550.5,0.012324608721020258,395060.72,0.007430969263058085
2025-04-28,1458344.17,-0.005595668202356574,391380.91,-0.009314542837870587
2025-04-29,1491876.16,0.022993193712290916,398665.27,0.01861194507417352
2025-04-30,1573065.89,0.05442122622295931,409310.07,0.02670109688762201
2025-05-06,1631677.38,0.03725939922325816,418603.55,0.02270523175743011
2025-05-07,1621399.88,-0.006298732902701665,420319.64,0.004099559117451301
2025-05-08,1620326.9,-0.0006617614897073132,421584.98,0.0030104232102976525
2025-05-09,1602721.63,-0.010865258115507426,415913.0,-0.013453942310753031
2025-05-12,1612551.36,0.0061331486491513765,420489.22,0.011002829918757007
2025-05-13,1612703.46,9.432257711150527e-05,420880.36,0.0009302022058972348
2025-05-14,1609457.57,-0.002012701082690027,421091.82,0.0005024230638845939
2025-05-15,1596855.5,-0.007830010703544055,416903.71,-0.009945835566219197
2025-05-16,1590783.97,-0.0038021787193643908,420218.56,0.007951116577974204
2025-05-19,1589941.39,-0.0005296633709478415,418850.04,-0.0032566862348964998
2025-05-20,1599378.34,0.005935407468070419,418773.45,-0.0001828578075341314
2025-05-21,1604137.78,0.002975806212306198,420196.26,0.0033975649602429048
2025-05-22,1597319.17,-0.0042506386203310376,419228.72,-0.0023025906989273537
2025-05-23,1574999.49,-0.01397321237933924,418870.83,-0.000853686741690729
2025-05-26,1573966.15,-0.0006560891013368542,417046.89,-0.004354421146967935
2025-05-27,1578168.99,0.0026702226092982784,418494.93,0.003472127558606042
2025-05-28,1574140.38,-0.0025527114178058863,418092.24,-0.0009622338793925378
2025-05-29,1599181.63,0.015907888723367902,420433.41,0.005599649493614134
2025-05-30,1577439.86,-0.013595560124086581,418107.14,-0.00553302840514025
2025-06-03,1595301.81,0.011323379390197452,421158.94,0.007299086066791416
2025-06-04,1591193.18,-0.0025754562392179547,420525.38,-0.001504325184216615
2025-06-05,1599054.04,0.0049402298217493534,422006.78,0.0035227362495933168
2025-06-06,1610189.77,0.006963948510458007,424986.99,0.007061995544242139
2025-06-09,1614958.14,0.0029613714413301295,425470.75,0.0011382936687074352
2025-06-10,1621667.85,0.004154726883509374,425556.32,0.00020111840825731697
2025-06-11,1625376.53,0.002286954137988184,426466.49,0.0021387768368708038
2025-06-12,1626329.47,0.0005862887659635607,426951.79,0.001137955762948728
2025-06-13,1610095.57,-0.009981925741036957,424018.18,-0.006871056800113129
2025-06-16,1613358.88,0.0020267803109350613,424937.99,0.0021692701949713733
2025-06-17,1620108.93,0.00418384903921698,425955.55,0.002394608210953386
2025-06-18,1620240.19,8.10192435640733e-05,426291.53,0.0007887677481841493
2025-06-19,1612731.54,-0.004634282031974468,424940.13,-0.0031701310133935845
2025-06-20,1612964.66,0.00014454978663080986,424547.71,-0.0009234712664110134
2025-06-23,1621666.49,0.005394929111466107,425498.11,0.002238617657365216
2025-06-24,1629033.61,0.004542931635715064,425788.17,0.0006816951548855865
2025-06-25,1639091.67,0.006174249529449449,427495.01,0.004008659986960206
2025-06-26,1631807.13,-0.004444254176461104,426098.42,-0.003266915326099462
2025-06-27,1659061.73,0.016702096405229128,431697.11,0.013139429148786741
2025-06-30,1675496.92,0.009906316144125515,435347.54,0.008455998234502937
2025-07-01,1670336.88,-0.0030797072429116223,434526.45,-0.0018860563677469688
2025-07-02,1648789.9,-0.012899781030997759,430478.42,-0.00931595763618076
2025-07-03,1659824.42,0.006692496114877988,433289.79,0.006530803565019561
2025-07-04,1635833.1,-0.014454131238772705,428992.35,-0.009918165853850414
2025-07-07,1641236.62,0.003303222070760059,430443.09,0.0033817386254091364
2025-07-08,1673844.09,0.019867622744123237,436853.92,0.014893560029038744
2025-07-09,1672361.63,-0.000885661937606308,436632.9,-0.0005059357141626863
2025-07-10,1673699.17,0.0007997911312997985,436987.5,0.0008121238688152399
2025-07-11,1689403.75,0.009383155755523287,439709.43,0.006228850939672181
2025-07-14,1692691.72,0.0019462310297346797,440790.01,0.0024574865269548773
2025-07-15,1716357.32,0.013981045526707092,446808.69,0.013654302192556589
2025-07-16,1729211.38,0.007489151501389957,449558.53,0.0061544013389713825
2025-07-17,1739655.52,0.00603982839853856,451241.13,0.0037427829475285
2025-07-18,1746505.47,0.003937532414463263,452813.92,0.0034854757145033055
2025-07-21,1748923.82,0.0013846793162348714,453786.68,0.0021482555129930248
2025-07-22,1744861.09,-0.0023229885450356536,452762.07,-0.002257911140097768
2025-07-23,1757049.8,0.0069854901744641484,455129.72,0.005229347060808243
2025-07-24,1775085.62,0.010264831423673959,459470.26,0.009536929383561432
2025-07-25,1774977.65,-6.0825235010497636e-05,459379.69,-0.00019711830750479553
2025-07-28,1774794.45,-0.0001032125672116857,459366.27,-2.9213307188191706e-05
2025-07-29,1786518.27,0.006605733976686734,461655.11,0.0049826035333415675
2025-07-30,1786889.4,0.00020773926929940068,461450.96,-0.0004422132357637665
2025-07-31,1777880.3,-0.005041778187278911,459370.77,-0.004507932977320106
2025-08-01,1775685.02,-0.0012347737921388768,458937.86,-0.0009423977933991079
2025-08-04,1787231.78,0.006502707332632696,461182.38,0.0048906838934579255
2025-08-05,1786327.37,-0.0005060395691933728,461006.49,-0.00038138924561692544
2025-08-06,1789694.03,0.001884682537221627,461661.71,0.0014212815095075992
2025-08-07,1790324.14,0.000352076941330548,461785.3,0.00026770684534338507
2025-08-08,1791280.62,0.0005342496247635609,461969.46,0.00039880004842074435
2025-08-11,1796356.46,0.002833637534692901,462959.54,0.002143171975047764
2025-08-12,1786036.63,-0.00574486758602466,460949.11,-0.004342560907158344
2025-08-13,1785234.93,-0.0004488709730438023,460795.81,-0.0003325746740241442
2025-08-14,1778602.85,-0.0037149620414383966,459504.85,-0.0028015879745088013
2025-08-15,1781203.56,0.0014622207537786647,460010.92,0.0011013376681443532
2025-08-18,1780718.12,-0.00027253482471145674,459916.51,-0.00020523425835194953
2025-08-19,1780718.12,0.0,459916.51,0.0
2025-08-20,1780718.12,0.0,459916.51,0.0
2025-08-21,1780718.12,0.0,459916.51,0.0
2025-08-22,1790311.26,0.005387231079560184,461770.4,0.004030927265472606
2025-08-25,1792528.06,0.0012382204421816922,462198.8,0.0009277337828494936
2025-08-26,1788459.58,-0.0022696883194118778,461412.56,-0.001701086199271784
2025-08-27,1788068.38,-0.0002187357233984777,461336.96,-0.00016384469464802986
2025-08-28,1798461.26,0.005812350420289825,463345.4,0.004353520689085899
2025-08-29,1788681.26,-0.005437982022476251,461455.4,-0.004079030459782307
2025-09-01,1791628.3,0.0016476048952400735,462024.92,0.0012341821116406138
2025-09-02,1781809.18,-0.005480556430147998,460127.36,-0.004107051195420319
2025-09-03,1777206.06,-0.0025833967248950485,459237.8,-0.0019332908175684338
2025-09-04,1766526.3,-0.006009297537506675,457173.92,-0.0044941422504855
2025-09-05,1766116.17,-0.00023216750296906064,457094.66,-0.0001733694695446042
2025-09-08,1766116.17,0.0,457094.66,0.0
2025-09-09,1766116.17,0.0,457094.66,0.0
2025-09-10,1766116.17,0.0,457094.66,0.0
2025-09-11,1766116.17,0.0,457094.66,0.0
2025-09-12,1766116.17,0.0,457094.66,0.0
2025-09-15,1766116.17,0.0,457094.66,0.0
2025-09-16,1766116.17,0.0,457094.66,0.0
2025-09-17,1766116.17,0.0,457094.66,0.0
2025-09-18,1766116.17,0.0,457094.66,0.0
2025-09-19,1766116.17,0.0,457094.66,0.0
2025-09-22,1766116.17,0.0,457094.66,0.0
2025-09-23,1766116.17,0.0,457094.66,0.0
2025-09-24,1766116.17,0.0,457094.66,0.0
2025-09-25,1766116.17,0.0,457094.66,0.0
2025-09-26,1743558.29,-0.012772591284298085,452715.73,-0.009579919397877057
2025-09-29,1745535.97,0.0011342781089354048,453099.64,0.0008480155968957348
2025-09-30,1740322.72,-0.002986618488303061,453099.64,0.0
2025-10-09,1734009.59,-0.0036275628235203916,453099.64,0.0
2025-10-10,1731376.76,-0.001518348004061587,453099.64,0.0
2025-10-13,1730290.08,-0.0006276392435808908,453099.64,0.0
2025-10-14,1726512.17,-0.0021833969018651977,453099.64,0.0
2025-10-15,1736290.29,0.005663510614002831,453099.64,0.0
2025-10-16,1734512.45,-0.001023930163198683,453099.64,0.0
2025-10-17,1729845.62,-0.002690571635850625,453099.64,0.0
2025-10-20,1735845.83,0.003468639010688168,453099.64,0.0
2025-10-21,1737179.21,0.0007681442539166916,453099.64,0.0
2025-10-22,1743846.11,0.003837773306071268,453099.64,0.0
2025-10-23,1741179.35,-0.001529240444272939,453099.64,0.0
2025-10-24,1740290.43,-0.0005105275341108495,453099.64,0.0
2025-10-27,1742957.19,0.0015323649168144104,453099.64,0.0
2025-10-28,1741179.35,-0.0010200135781877062,453099.64,0.0
2025-10-29,1742290.5,0.0006381594176383398,453099.64,0.0
2025-10-30,1738957.05,-0.0019132572897573308,453099.64,0.0
2025-10-31,1756957.68,0.010351394245188494,453099.64,0.0
2025-11-03,1762068.97,0.0029091708116726345,453202.16,0.0002262636977596877
2025-11-04,1754101.4,-0.004521712904347885,451989.88,-0.002674921055098145
2025-11-05,1751871.32,-0.0012713518158071757,451601.36,-0.0008595767675152466
2025-11-06,1753173.21,0.0007431424814923204,451413.48,-0.0004160306337429587
2025-11-07,1754917.28,0.0009948075809349533,451274.24,-0.00030845334968732097
2025-11-10,1775539.41,0.011751055297603452,453595.93,0.0051447430280975315
2025-11-11,1788649.31,0.00738361532622922,454395.33,0.0017623614920883046
2025-11-12,1775362.94,-0.007428158178195421,453554.16,-0.0018511853984063409
2025-11-13,1781272.15,0.0033284518150411557,454489.79,0.0020628848382737708
2025-11-14,1781005.56,-0.00014966270033456297,453886.06,-0.0013283686746845547
2025-11-17,1786361.96,0.003007514474014261,452667.43,-0.002684880870763018
2025-11-18,1773652.12,-0.007114929832025663,452004.24,-0.0014650711671480021
2025-11-19,1753354.57,-0.011443929602159009,449721.38,-0.005050527844606023
2025-11-20,1741392.39,-0.0068224534869750775,449537.96,-0.00040785252415609374
2025-11-21,1752429.34,0.006338002889745065,446474.85,-0.006813907328315549
2025-11-24,1743082.66,-0.005333555988054961,447859.86,0.0031021008238201198
2025-11-25,1794701.27,0.02961340341713914,452117.01,0.009505540416147262
2025-11-26,1783204.96,-0.00640569558409021,451519.44,-0.0013217153674444093
2025-11-27,1791025.06,0.0043854184882932135,451632.43,0.0002502439319111982
2025-11-28,1800911.09,0.005519760845780652,452590.27,0.002120839728006363
2025-12-01,1808518.55,0.004224228526462204,453669.23,0.0023839664074085665
2025-12-02,1802023.71,-0.0035912487599312204,453423.09,-0.0005425538778549566
2025-12-03,1784594.56,-0.009671987057262355,451823.78,-0.0035271913479306694
2025-12-04,1773964.47,-0.005956585455466179,452445.64,0.001376333047366396
2025-12-05,1800982.51,0.015230316309548186,454136.31,0.003736736196640056
2025-12-08,1826085.93,0.013938736140197028,454550.53,0.0009121050021303478
2025-12-09,1820352.02,-0.003140000098461937,453351.53,-0.002637770546654039
2025-12-10,1805460.95,-0.008180324374842618,451876.76,-0.0032530385416368324
2025-12-11,1810057.97,0.002546175257903016,452270.93,0.0008722953576987269
2025-12-12,1837397.39,0.015104168183077471,455561.32,0.007275263081799155
2025-12-15,1831887.29,-0.002998861340496317,455327.38,-0.00051352033135732
2025-12-16,1848298.0,0.008958362280028664,456312.6,0.0021637618190233354
2025-12-17,1867837.24,0.010571477110292715,457476.74,0.0025511896888230634
2025-12-18,1871821.22,0.0021329374501601883,460137.95,0.0058171482117321816
2025-12-19,1908230.36,0.019451184552764067,461292.65,0.002509464824624885
2025-12-22,1922623.61,0.007542721414410369,464258.37,0.006429150778795245
2025-12-23,1881906.88,-0.0211776916647769,456892.21,-0.015866509848815324
2025-12-24,1910234.66,0.015052700163357802,460765.84,0.00847821415033545
2025-12-25,1977972.57,0.03546051771461434,473076.92,0.02671873418394033
2025-12-26,2020414.49,0.02145728441522321,481850.69,0.018546180608430385
2025-12-29,2054456.2,0.01684887441091365,473064.5,-0.018234258417270333
2025-12-30,2051659.95,-0.0013610657652375346,471877.97,-0.002508178060285693
2025-12-31,2084965.64,0.016233533242192566,476784.28,0.010397412703966769
2026-01-05,2153971.86,0.03309705382003325,483734.2,0.014576655086027568
2026-01-06,2157902.68,0.0018249170627513411,482388.89,-0.002781093418658398
2026-01-07,2152384.44,-0.0025572237576535484,481310.61,-0.00223529194463834
2026-01-08,2174857.13,0.010440834630824458,485450.88,0.008602075071646675
2026-01-09,2227904.34,0.024391124027535627,497172.37,0.02414557369841419
2026-01-12,2235382.8,0.0033567240144609656,498238.83,0.002145050820100858
2026-01-13,2212670.43,-0.010160394004999795,493446.82,-0.009617897505098116
2026-01-14,2221030.13,0.003778104450918862,496669.5,0.006530957074563748
2026-01-15,2205640.75,-0.006928937969877924,493000.94,-0.007386320279380909
2026-01-16,2209616.13,0.0018023696742091033,490242.04,-0.005596135374508648
2026-01-19,2223015.73,0.006064220756752059,492547.85,0.004703411400621693
2026-01-20,2218647.57,-0.001964970351334472,490112.01,-0.0049453875395050195
2026-01-21,2275070.4,0.025431181933956326,503008.26,0.026312862645418544
2026-01-22,2297637.29,0.009919205137564058,505752.16,0.005454980003708032
2026-01-23,2307675.71,0.004369018575599348,507643.09,0.0037388471064563333
2026-01-26,2298109.73,-0.004145287814291687,503032.5,-0.009082345629879529
2026-01-27,2271554.22,-0.011555370769871676,497687.07,-0.010626410818386445
2026-01-28,2245099.71,-0.011645995401333709,490586.37,-0.014267398990293279
2026-01-29,2228462.27,-0.007410557279881269,485928.21,-0.009495086461533742
2026-01-30,2223581.89,-0.0021900213728993645,484721.05,-0.0024842352741777374
2026-02-02,2202259.97,-0.009588996967411001,478765.2,-0.012287170115677815
2026-02-03,2214100.1,0.005376354363830993,481501.95,0.005716267598396829
2026-02-04,2203643.43,-0.004722762986190121,478514.63,-0.006204170097338091
2026-02-05,2186512.13,-0.007774079856467608,476869.47,-0.0034380558019720953
2026-02-06,2178055.15,-0.003867794687240078,477700.31,0.0017422797060169248
2026-02-09,2204658.44,0.01221424076428912,479151.01,0.0030368412362973274
2026-02-10,2185543.24,-0.008670368004941253,477941.55,-0.0025241729115837996
2026-02-11,2168724.3,-0.0076955420932327545,477309.11,-0.0013232580427460228
2026-02-12,2164946.3,-0.0017420379344668113,478613.11,0.0027319822158851093
2026-02-13,2161793.3,-0.0014563871630441927,477819.44,-0.0016582704974378304
2026-02-24,2163455.75,0.0007690143178813447,477819.44,0.0
2026-02-25,2164564.05,0.0005122822595284848,477819.44,0.0
2026-02-26,2165756.33,0.0005508176115187613,477819.44,0.0
2026-02-27,2164210.36,-0.0007138245326057113,476453.92,-0.002857815914731332
2026-03-02,2152733.98,-0.00530280245031256,474915.32,-0.003229273462583726
2026-03-03,2101937.37,-0.02359632470705919,469455.82,-0.011495733597307378
2026-03-04,2089059.43,-0.006126700149966968,467943.75,-0.0032208994661094836
2026-03-05,2097422.48,0.004003260931643382,467943.75,0.0
2026-03-06,2118874.27,0.010227691466337285,467943.75,0.0
2026-03-09,2058427.42,-0.028527813497872145,467943.75,0.0
2026-03-10,2094486.67,0.017517863223955654,467943.75,0.0
2026-03-11,2069571.57,-0.011895563890124805,467943.75,0.0
2026-03-12,2030548.61,-0.01885557405487548,467943.75,0.0
2026-03-13,2040987.22,0.00514078311082633,470594.82,0.005665360419922383
2026-03-16,2048620.62,0.0037400528162052638,469033.92,-0.003316866088751258
2026-03-17,2006311.84,-0.020652325563334406,468182.52,-0.0018152205281868339
2026-03-18,2029227.41,0.011421738905752488,468968.87,0.001679580006532344
2026-03-19,2017564.63,-0.0057473992035225185,467941.69,-0.002190294635121548
2026-03-20,2019082.71,0.0007524319059857287,468689.11,0.0015972502898811136
2026-03-23,1991542.41,-0.013640005861869864,467251.8,-0.0030666596883379693
2026-03-24,2012743.96,0.010645793879930476,468440.32,0.002543639211234794
2026-03-25,2035168.31,0.011141183600918758,468808.42,0.0007857991387247854
2026-03-26,2012148.64,-0.011310941648850714,469283.44,0.0010132497193631185
2026-03-27,2049410.1,0.018518244258535654,469918.18,0.001352572764979687
2026-03-30,2091152.14,0.02036783169947287,472967.26,0.006488533812418096
2026-03-31,2047870.49,-0.020697513668230694,471182.18,-0.003774214731057768
2026-04-01,2108362.49,0.029538977340310302,471955.55,0.001641339661869301
2026-04-02,2091833.52,-0.0078397192505546,473587.88,0.003458651985340566
2026-04-03,2078307.59,-0.006466064278384809,473922.86,0.0007073238445205465
2026-04-07,2103145.33,0.01195094514378403,476465.03,0.005364100815900885
2026-04-08,2197968.8,0.0450865038413677,480702.42,0.008893391399574346
2026-04-09,2159982.62,-0.017282401824811888,479713.5,-0.0020572394871654076
2026-04-10,2185307.84,0.011724733229566242,484430.85,0.009833681978931086
2026-04-13,2211697.86,0.012076110979403198,486108.2,0.00346251688966559
2026-04-14,2270797.01,0.02672116796278856,487420.44,0.0026994813088938585
2026-04-15,2252375.96,-0.008112151777053711,482765.82,-0.009549496939438962
2026-04-16,2283798.68,0.013950921408342642,488606.65,0.012098681716945059
2026-04-17,2275159.21,-0.003782938520658141,491953.21,0.006849190447981046
2026-04-20,2290767.61,0.006860355060602563,496045.67,0.008318799261417542
2026-04-21,2270344.55,-0.008915378369611204,493644.95,-0.004839715665696631
2026-04-22,2299578.96,0.012876640243878468,495836.97,0.004440478931264202
2026-04-23,2259919.35,-0.017246465848687276,491981.89,-0.007774894235901719
2026-04-24,2234586.82,-0.011209484090660249,488281.38,-0.007521638652187024
2026-04-27,2264414.72,0.013348284225537688,494522.49,0.012781789876976202
2026-04-28,2206864.76,-0.025414938125821962,486572.88,-0.016075325512495908
2026-04-29,2215986.82,0.00413349298304988,487380.89,0.0016606145414435058
2026-04-30,2221502.01,0.0024888189542571215,487417.82,7.577235947842098e-05
2026-05-06,2242511.32,0.009457254553643324,489261.1,0.003781724681301002
2026-05-07,2272540.12,0.013390701635343394,498999.12,0.019903523905742793
2026-05-08,2332771.06,0.02650379611339937,504735.52,0.01149581185634152
2026-05-11,2353156.26,0.008738620068443392,504592.03,-0.0002842875016998425
2026-05-12,2337446.66,-0.006675969746267385,502356.38,-0.00443060902091541
2026-05-13,2334956.73,-0.001065235003052556,500990.62,-0.0027187073845862386
2026-05-14,2265324.35,-0.029821700379004445,494168.46,-0.013617340779753517
2026-05-15,2264434.4,-0.00039285764972252224,492246.52,-0.0038892405233632577
2026-05-18,2282309.46,0.00789382991178722,494793.3,0.005173789750712698
2026-05-19,2310892.26,0.012523630340646186,498510.63,0.007512894778486379
2026-05-20,2300474.42,-0.004508146130533963,500072.64,0.0031333534452415712
2026-05-21,2274413.19,-0.01132863281305252,497403.05,-0.005338404436603494
2026-05-22,2258756.17,-0.006883982237194108,497845.2,0.0008889169457244606
2026-05-25,2281866.16,0.010231290259187231,504820.68,0.014011343285021072
2026-05-26,2251275.34,-0.013406053578532529,498458.36,-0.012603128699085753
2026-05-27,2217728.89,-0.014901087132238477,496390.02,-0.0041494739901642985
2026-05-28,2205667.45,-0.005438644937343917,498650.82,0.0045544831864265944
2026-05-29,2157247.63,-0.021952457066907516,487313.05,-0.022736892320762703
2026-06-01,2209604.73,0.024270324496775686,492805.14,0.01127014759814049
2026-06-02,2170875.03,-0.01752788608485656,486261.53,-0.013278290887956179
2026-06-03,2186272.21,0.007092614631068805,485074.73,-0.002440661921168319
2026-06-04,2148877.26,-0.01710443458456634,490143.14,0.010448719932287576
2026-06-05,2162918.42,0.006534184274443078,490588.77,0.0009091833867143073
2026-06-08,2124974.05,-0.017543135075801963,488105.2,-0.005062427336035458
2026-06-09,2102069.09,-0.010778936335716693,484878.51,-0.006610644590551384
2026-06-10,2100246.39,-0.0008670980457639033,482966.55,-0.003943173311599324
2026-06-11,2058153.4,-0.020041929461428687,480515.37,-0.005075258317579157
2026-06-12,2065161.12,0.003404857966369468,480678.72,0.00033994750261578943
2026-06-15,2107906.32,0.02069823975768026,485425.73,0.009875640011690168
2026-06-16,2117816.51,0.004701437585708179,490751.31,0.010970947090093608
2026-06-17,2111395.47,-0.003031915168136834,491631.16,0.0017928632732533423
2026-06-18,2108590.78,-0.00132835844343282,488912.04,-0.00553081297776159
2026-06-22,2055230.04,-0.025306351761625212,480212.55,-0.01779356875727578
2026-06-23,2035390.51,-0.009653191912278647,477943.91,-0.004724241380197225
2026-06-24,2064227.36,0.014167723519552089,485119.19,0.015012807674440243
2026-06-25,2010909.1,-0.02582964504452645,479962.85,-0.01062901675771688
2026-06-26,1977492.08,-0.01661786701348167,471239.91,-0.01817419827388722
2026-06-29,2010335.7,0.016608723914585788,471932.94,0.0014706521779956905
2026-06-30,2047829.96,0.01865074574360892,482528.8,0.02245204583515603
2026-07-01,2091605.61,0.021376603944206485,497169.82,0.030342271798077247
2026-07-02,2075000.22,-0.00793906361725627,494592.0,-0.005184988903791488
2026-07-03,2137401.41,0.030072859462154655,507186.59,0.025464605169513543
2026-07-06,2099925.83,-0.017533243790645803,498948.96,-0.016241813491165047
2026-07-07,2020790.07,-0.03768502623733139,486504.43,-0.024941489005208095
2026-07-08,1986487.84,-0.01697466278622395,477165.99,-0.01919497423692529
2026-07-09,1991586.82,0.0025668317204499136,476727.31,-0.0009193446498565461
2026-07-10,1976036.24,-0.007808135625239854,479367.33,0.005537798956808393
2026-07-13,1870276.61,-0.053521098378236154,463981.34,-0.032096450961729084
2026-07-14,1914477.1,0.023633129860935354,470370.41,0.013770101185534678
2026-07-15,1978444.21,0.033412313994249265,488608.55,0.0387739951584114
2026-07-16,1973378.24,-0.0025605826913865926,496342.88,0.015829297297396794
2026-07-17,1831937.61,-0.07167436385636838,480112.12,-0.03270070077362652
2026-07-20,1752743.71,-0.043229583566440466,481344.72,0.002567316984207757
2026-07-21,1770563.89,0.010167019797777455,480500.6,-0.0017536704256359004
2026-07-22,1738475.55,-0.01812323191568077,479960.51,-0.001124015245766552
2026-07-23,1767507.78,0.01669982071361309,480492.3,0.0011079869883461324
2026-07-24,1719516.81,-0.02715177298964988,471524.75,-0.018663254333107893
2026-07-27,1794225.68,0.04344759502525597,477523.89,0.012722852830100662
2026-07-28,1748872.84,-0.025277110067892794,472384.9,-0.010761744297232978
2026-07-29,1734047.63,-0.008477008539969244,468854.24,-0.007474116975373368
2026-07-30,1649781.31,-0.04859515883078702,464354.51,-0.009597289767497852
2026-07-31,1728326.88,0.04760968591649273,467768.76,0.007352679744620172
