日期,时间,代码,名称,操作,成交价,数量,金额,佣金,印花税
2026-09-01,09:31:00,600578.SH,京能电力,买入,5.491,3600,19767.46,5.93,0.00
2026-09-01,09:31:00,601126.SH,四方股份,买入,42.665,100,4266.52,5.00,0.00
2026-09-01,09:31:00,605056.SH,咸亨国际,卖出,14.012,-400,-5604.77,5.00,5.60
2026-09-01,09:31:00,600487.SH,亨通光电,卖出,67.026,-300,-20107.70,6.03,20.11
2026-09-01,09:31:00,603897.SH,长城科技,卖出,30.738,-900,-27664.56,8.30,27.66
2026-09-01,09:31:00,605099.SH,共创草坪,买入,30.741,1000,30741.36,9.22,0.00
2026-09-01,09:31:00,605580.SH,恒盛能源,买入,17.856,500,8927.82,5.00,0.00
2026-09-01,09:31:00,601231.SH,环旭电子,卖出,26.687,-100,-2668.65,5.00,2.67
2026-09-01,09:31:00,603929.SH,亚翔集成,买入,165.711,100,16571.08,5.00,0.00
2026-09-01,09:31:00,601615.SH,明阳智能,买入,10.641,2200,23410.73,7.02,0.00
2026-09-01,09:31:00,600105.SH,永鼎股份,卖出,39.601,-500,-19800.32,5.94,19.80
2026-09-01,09:31:00,003018.SZ,金富科技,卖出,51.297,-500,-25648.60,7.69,25.65
2026-09-01,09:31:00,603163.SH,圣晖集成,买入,80.441,100,8044.06,5.00,0.00
2026-09-01,09:31:00,605060.SH,联德股份,卖出,43.273,-500,-21636.64,6.49,21.64
2026-09-01,09:31:00,603920.SH,世运电路,卖出,38.483,-700,-26938.02,8.08,26.94
2026-09-01,09:31:00,603218.SH,日月股份,买入,9.309,3800,35372.60,10.61,0.00
2026-09-01,09:31:00,002560.SZ,通达股份,买入,6.202,100,620.24,5.00,0.00
2026-09-01,09:31:00,002993.SZ,奥海科技,买入,38.848,100,3884.75,5.00,0.00
2026-09-01,09:31:00,605299.SH,舒华体育,买入,13.066,100,1306.61,5.00,0.00
2026-09-01,09:31:00,601636.SH,旗滨集团,买入,5.812,4000,23246.40,6.97,0.00
2026-09-01,09:31:00,603279.SH,景津装备,买入,11.303,1700,19214.35,5.76,0.00
2026-09-01,09:31:00,603002.SH,宏昌电子,卖出,17.335,-1400,-24269.36,7.28,24.27
2026-08-03,09:31:00,605098.SH,行动教育,卖出,57.435,-200,-11486.98,5.00,11.49
2026-08-03,09:31:00,605580.SH,恒盛能源,买入,16.683,1300,21688.29,6.51,0.00
2026-08-03,09:31:00,605589.SH,圣泉集团,买入,33.948,500,16973.88,5.09,0.00
2026-08-03,09:31:00,600713.SH,南京医药,卖出,5.060,-5200,-26311.27,7.89,26.31
2026-08-03,09:31:00,002080.SZ,中材科技,买入,42.224,300,12667.28,5.00,0.00
2026-08-03,09:31:00,605377.SH,华旺科技,卖出,8.762,-1600,-14019.90,5.00,14.02
2026-08-03,09:31:00,603163.SH,圣晖集成,买入,70.751,200,14150.24,5.00,0.00
2026-08-03,09:31:00,605056.SH,咸亨国际,买入,13.677,2200,30090.06,9.03,0.00
2026-08-03,09:31:00,601528.SH,瑞丰银行,卖出,5.090,-6100,-31047.78,9.31,31.05
2026-08-03,09:31:00,601827.SH,三峰环境,卖出,8.423,-3100,-26111.67,7.83,26.11
2026-08-03,09:31:00,603368.SH,柳药集团,卖出,15.758,-1400,-22061.79,6.62,22.06
2026-08-03,09:31:00,603075.SH,热威股份,卖出,18.124,-500,-9061.84,5.00,9.06
2026-08-03,09:31:00,002560.SZ,通达股份,买入,6.152,4700,28915.72,8.67,0.00
2026-08-03,09:31:00,601921.SH,浙版传媒,卖出,7.395,-3300,-24404.09,7.32,24.40
2026-08-03,09:31:00,601126.SH,四方股份,买入,38.838,400,15535.01,5.00,0.00
2026-08-03,09:31:00,603948.SH,建业股份,卖出,19.351,-400,-7740.49,5.00,7.74
2026-08-03,09:31:00,600487.SH,亨通光电,买入,47.425,300,14227.40,5.00,0.00
2026-08-03,09:31:00,603998.SH,方盛制药,卖出,9.501,-1900,-18051.82,5.42,18.05
2026-08-03,09:31:00,600105.SH,永鼎股份,买入,31.302,500,15651.24,5.00,0.00
2026-08-03,09:31:00,601199.SH,江南水务,卖出,5.619,-3900,-21913.09,6.57,21.91
2026-08-03,09:31:00,601886.SH,江河集团,卖出,8.613,-2200,-18948.03,5.68,18.95
2026-08-03,09:31:00,003018.SZ,金富科技,买入,31.583,500,15791.52,5.00,0.00
2026-08-03,09:31:00,603115.SH,海星股份,买入,69.018,200,13803.55,5.00,0.00
2026-08-03,09:31:00,601928.SH,凤凰传媒,卖出,10.030,-3300,-33098.67,9.93,33.10
2026-08-03,09:31:00,603920.SH,世运电路,买入,31.262,700,21883.68,6.57,0.00
2026-08-03,09:31:00,002993.SZ,奥海科技,买入,34.138,400,13655.26,5.00,0.00
2026-08-03,09:31:00,603002.SH,宏昌电子,买入,12.244,1400,17142.22,5.14,0.00
2026-08-03,09:31:00,000823.SZ,超声电子,买入,12.555,1300,16321.58,5.00,0.00
2026-08-03,09:31:00,603700.SH,宁水集团,卖出,11.118,-1900,-21123.67,6.34,21.12
2026-08-03,09:31:00,600522.SH,中天科技,买入,28.327,600,16995.92,5.10,0.00
2026-08-03,09:31:00,603897.SH,长城科技,买入,24.689,900,22220.35,6.67,0.00
2026-08-03,09:31:00,601107.SH,四川成渝,卖出,6.038,-3700,-22340.23,6.70,22.34
2026-08-03,09:31:00,603006.SH,联明股份,卖出,10.349,-1200,-12419.11,5.00,12.42
2026-08-03,09:31:00,605299.SH,舒华体育,买入,11.633,2600,30246.37,9.07,0.00
2026-08-03,09:31:00,601231.SH,环旭电子,买入,21.773,1000,21773.46,6.53,0.00
2026-08-03,09:31:00,605060.SH,联德股份,买入,35.671,500,17835.60,5.35,0.00
2026-08-03,09:31:00,601033.SH,永兴股份,卖出,14.651,-1800,-26371.15,7.91,26.37
2026-08-03,09:31:00,603856.SH,东宏股份,卖出,11.227,-1300,-14595.75,5.00,14.60
2026-08-03,09:31:00,600368.SH,五洲交通,卖出,3.892,-6200,-24131.64,7.24,24.13
2026-07-01,09:31:00,601928.SH,凤凰传媒,买入,8.778,300,2633.26,5.00,0.00
2026-07-01,09:31:00,603519.SH,立霸股份,卖出,15.539,-1000,-15538.86,5.00,15.54
2026-07-01,09:31:00,601886.SH,江河集团,买入,8.106,700,5674.33,5.00,0.00
2026-07-01,09:31:00,603856.SH,东宏股份,买入,13.587,1300,17663.26,5.30,0.00
2026-07-01,09:31:00,600350.SH,山东高速,卖出,11.098,-1300,-14427.09,5.00,14.43
2026-07-01,09:31:00,601033.SH,永兴股份,卖出,13.393,-100,-1339.32,5.00,1.34
2026-07-01,09:31:00,603706.SH,东方环宇,卖出,17.136,-700,-11994.96,5.00,11.99
2026-07-01,09:31:00,603213.SH,镇洋发展,卖出,14.002,-2000,-28003.88,8.40,28.00
2026-07-01,09:31:00,601827.SH,三峰环境,买入,7.285,3100,22582.07,6.77,0.00
2026-07-01,09:31:00,603948.SH,建业股份,买入,24.479,400,9791.54,5.00,0.00
2026-07-01,09:31:00,600007.SH,中国国贸,卖出,18.922,-800,-15137.66,5.00,15.14
2026-07-01,09:31:00,603995.SH,甬金股份,卖出,23.443,-700,-16410.11,5.00,16.41
2026-07-01,09:31:00,603967.SH,中创物流,卖出,10.399,-1200,-12478.99,5.00,12.48
2026-07-01,09:31:00,603586.SH,金麒麟,卖出,12.375,-1300,-16087.76,5.00,16.09
2026-07-01,09:31:00,601528.SH,瑞丰银行,买入,4.409,800,3527.04,5.00,0.00
2026-07-01,09:31:00,002327.SZ,富安娜,卖出,5.948,-2500,-14870.20,5.00,14.87
2026-07-01,09:31:00,605098.SH,行动教育,买入,51.483,200,10296.55,5.00,0.00
2026-07-01,09:31:00,605377.SH,华旺科技,买入,9.339,1600,14941.82,5.00,0.00
2026-07-01,09:31:00,601107.SH,四川成渝,卖出,4.880,-1400,-6832.31,5.00,6.83
2026-07-01,09:31:00,600461.SH,洪城环境,卖出,9.032,-1800,-16257.42,5.00,16.26
2026-07-01,09:31:00,601921.SH,浙版传媒,卖出,6.667,-100,-666.66,5.00,0.67
2026-07-01,09:31:00,600368.SH,五洲交通,买入,3.367,6200,20873.66,6.26,0.00
2026-07-01,09:31:00,601199.SH,江南水务,买入,5.571,3900,21727.37,6.52,0.00
2026-07-01,09:31:00,600713.SH,南京医药,买入,5.000,5200,25999.90,7.80,0.00
2026-07-01,09:31:00,603006.SH,联明股份,买入,14.218,400,5687.35,5.00,0.00
2026-07-01,09:31:00,603167.SH,渤海轮渡,卖出,8.583,-2900,-24890.12,7.47,24.89
2026-07-01,09:31:00,603075.SH,热威股份,卖出,22.385,-600,-13431.08,5.00,13.43
2026-07-01,09:31:00,601298.SH,青岛港,卖出,8.014,-3100,-24843.21,7.45,24.84
2026-07-01,09:31:00,603368.SH,柳药集团,买入,14.609,1400,20452.82,6.14,0.00
2026-07-01,09:31:00,603998.SH,方盛制药,买入,8.968,1900,17039.01,5.11,0.00
2026-07-01,09:31:00,603700.SH,宁水集团,买入,11.683,1900,22198.31,6.66,0.00
2026-06-01,09:31:00,601928.SH,凤凰传媒,买入,8.918,400,3567.12,5.00,0.00
2026-06-01,09:31:00,002972.SZ,科安达,卖出,11.587,-1800,-20856.20,6.26,20.86
2026-06-01,09:31:00,603519.SH,立霸股份,卖出,12.285,-900,-11056.84,5.00,11.06
2026-06-01,09:31:00,603995.SH,甬金股份,卖出,20.279,-900,-18251.42,5.48,18.25
2026-06-01,09:31:00,603213.SH,镇洋发展,买入,14.729,2000,29458.80,8.84,0.00
2026-06-01,09:31:00,603365.SH,水星家纺,卖出,18.004,-800,-14403.14,5.00,14.40
2026-06-01,09:31:00,003008.SZ,开普检测,卖出,19.760,-400,-7904.16,5.00,7.90
2026-06-01,09:31:00,600350.SH,山东高速,卖出,12.016,-800,-9612.74,5.00,9.61
2026-06-01,09:31:00,603116.SH,红蜻蜓,卖出,7.086,-2300,-16297.34,5.00,16.30
2026-06-01,09:31:00,601921.SH,浙版传媒,买入,7.786,3400,26470.84,7.94,0.00
2026-06-01,09:31:00,601528.SH,瑞丰银行,买入,4.749,5300,25172.24,7.55,0.00
2026-06-01,09:31:00,603071.SH,物产环能,卖出,13.972,-1500,-20958.00,6.29,20.96
2026-06-01,09:31:00,600007.SH,中国国贸,卖出,21.118,-700,-14782.38,5.00,14.78
2026-06-01,09:31:00,600461.SH,洪城环境,买入,10.481,1800,18865.66,5.66,0.00
2026-06-01,09:31:00,601886.SH,江河集团,卖出,8.792,-800,-7033.90,5.00,7.03
2026-06-01,09:31:00,002404.SZ,嘉欣丝绸,卖出,6.038,-3100,-18717.49,5.62,18.72
2026-06-01,09:31:00,603167.SH,渤海轮渡,买入,9.108,100,910.82,5.00,0.00
2026-06-01,09:31:00,603008.SH,ST喜临门,卖出,9.012,-1000,-9011.94,5.00,9.01
2026-06-01,09:31:00,603967.SH,中创物流,买入,11.954,100,1195.39,5.00,0.00
2026-06-01,09:31:00,603706.SH,东方环宇,买入,22.194,700,15536.01,5.00,0.00
2026-06-01,09:31:00,601107.SH,四川成渝,买入,6.263,5100,31938.75,9.58,0.00
2026-06-01,09:31:00,603886.SH,元祖股份,卖出,10.429,-1000,-10429.10,5.00,10.43
2026-06-01,09:31:00,601298.SH,青岛港,买入,9.098,3100,28204.30,8.46,0.00
2026-06-01,09:31:00,603075.SH,热威股份,买入,28.176,1100,30993.86,9.30,0.00
2026-06-01,09:31:00,603006.SH,联明股份,买入,14.028,800,11222.40,5.00,0.00
2026-06-01,09:31:00,603586.SH,金麒麟,买入,16.944,1300,22026.97,6.61,0.00
2026-06-01,09:31:00,603639.SH,海利尔,卖出,11.018,-900,-9916.13,5.00,9.92
2026-06-01,09:31:00,603600.SH,永艺股份,卖出,10.649,-2600,-27686.52,8.31,27.69
2026-06-01,09:31:00,002327.SZ,富安娜,卖出,6.796,-1400,-9514.93,5.00,9.51
2026-06-01,09:31:00,603062.SH,麦加芯彩,卖出,43.233,-400,-17293.34,5.19,17.29
2026-06-01,09:31:00,600790.SH,轻纺城,卖出,4.032,-7300,-29433.02,8.83,29.43
2026-06-01,09:31:00,601033.SH,永兴股份,买入,14.469,1900,27490.87,8.25,0.00
2026-05-06,09:31:00,603686.SH,福龙马,卖出,18.972,-1500,-28457.97,8.54,28.46
2026-05-06,09:31:00,001206.SZ,依依股份,卖出,18.962,-1400,-26546.80,7.96,26.55
2026-05-06,09:31:00,603579.SH,荣泰健康,卖出,22.156,-1100,-24371.16,7.31,24.37
2026-05-06,09:31:00,600007.SH,中国国贸,买入,21.102,1500,31653.18,9.50,0.00
2026-05-06,09:31:00,603167.SH,渤海轮渡,买入,9.038,2800,25306.51,7.59,0.00
2026-05-06,09:31:00,601886.SH,江河集团,买入,9.529,2300,21916.75,6.58,0.00
2026-05-06,09:31:00,601168.SH,西部矿业,卖出,29.930,-700,-20951.01,6.29,20.95
2026-05-06,09:31:00,603040.SH,新坐标,卖出,80.020,-300,-24005.89,7.20,24.01
2026-05-06,09:31:00,002062.SZ,宏润建设,卖出,8.972,-2200,-19738.44,5.92,19.74
2026-05-06,09:31:00,000596.SZ,古井贡酒,卖出,104.650,-200,-20930.06,6.28,20.93
2026-05-06,09:31:00,605255.SH,天普股份,卖出,104.311,-100,-10431.10,5.00,10.43
2026-05-06,09:31:00,601928.SH,凤凰传媒,买入,9.459,2600,24593.09,7.38,0.00
2026-05-06,09:31:00,002972.SZ,科安达,买入,13.547,1800,24384.67,7.32,0.00
2026-05-06,09:31:00,603071.SH,物产环能,买入,14.088,1500,21132.18,6.34,0.00
2026-05-06,09:31:00,600531.SH,豫光金铅,卖出,14.960,-1200,-17952.02,5.39,17.95
2026-05-06,09:31:00,001225.SZ,和泰机电,卖出,50.519,-200,-10103.75,5.00,10.10
2026-05-06,09:31:00,603639.SH,海利尔,买入,12.796,900,11515.99,5.00,0.00
2026-05-06,09:31:00,603600.SH,永艺股份,买入,11.944,2600,31053.98,9.32,0.00
2026-05-06,09:31:00,002918.SZ,蒙娜丽莎,卖出,10.898,-1500,-16347.24,5.00,16.35
2026-05-06,09:31:00,002048.SZ,宁波华翔,卖出,26.397,-1000,-26397.10,7.92,26.40
2026-05-06,09:31:00,603967.SH,中创物流,买入,13.838,1100,15221.38,5.00,0.00
2026-05-06,09:31:00,600790.SH,轻纺城,买入,4.228,7300,30867.61,9.26,0.00
2026-05-06,09:31:00,603993.SH,洛阳钼业,卖出,18.872,-900,-16984.96,5.10,16.98
2026-05-06,09:31:00,603995.SH,甬金股份,买入,19.399,1600,31037.95,9.31,0.00
2026-05-06,09:31:00,002404.SZ,嘉欣丝绸,买入,7.024,3100,21774.46,6.53,0.00
2026-05-06,09:31:00,603519.SH,立霸股份,买入,14.499,1900,27547.99,8.26,0.00
2026-05-06,09:31:00,603062.SH,麦加芯彩,买入,53.988,400,21595.10,6.48,0.00
2026-05-06,09:31:00,600865.SH,百大集团,卖出,11.537,-2700,-31149.58,9.34,31.15
2026-05-06,09:31:00,002327.SZ,富安娜,买入,7.315,3900,28526.94,8.56,0.00
2026-05-06,09:31:00,603116.SH,红蜻蜓,买入,6.513,2300,14979.90,5.00,0.00
2026-05-06,09:31:00,603886.SH,元祖股份,买入,12.745,1000,12745.44,5.00,0.00
2026-05-06,09:31:00,600362.SH,江西铜业,卖出,45.748,-400,-18299.33,5.49,18.30
2026-05-06,09:31:00,601061.SH,中信金属,卖出,13.932,-1700,-23684.54,7.11,23.68
2026-05-06,09:31:00,603815.SH,交建股份,卖出,7.285,-4800,-34969.92,10.49,34.97
2026-05-06,09:31:00,003008.SZ,开普检测,买入,23.978,400,9591.14,5.00,0.00
2026-05-06,09:31:00,600350.SH,山东高速,买入,10.641,2100,22346.60,6.70,0.00
2026-05-06,09:31:00,603365.SH,水星家纺,买入,22.495,800,17995.92,5.40,0.00
2026-05-06,09:31:00,603312.SH,西典新能,卖出,39.730,-300,-11919.11,5.00,11.92
2026-04-01,09:31:00,600531.SH,豫光金铅,买入,13.577,1200,16292.52,5.00,0.00
2026-04-01,09:31:00,603682.SH,锦和商管,卖出,6.657,-1600,-10650.66,5.00,10.65
2026-04-01,09:31:00,603970.SH,中农立华,卖出,12.804,-1500,-19206.51,5.76,19.21
2026-04-01,09:31:00,601168.SH,西部矿业,买入,26.202,700,18341.61,5.50,0.00
2026-04-01,09:31:00,603312.SH,西典新能,买入,41.032,300,12309.57,5.00,0.00
2026-04-01,09:31:00,603167.SH,渤海轮渡,卖出,9.331,-3000,-27993.90,8.40,27.99
2026-04-01,09:31:00,001225.SZ,和泰机电,买入,49.108,200,9821.60,5.00,0.00
2026-04-01,09:31:00,601061.SH,中信金属,买入,12.014,1700,20423.77,6.13,0.00
2026-04-01,09:31:00,603309.SH,维力医疗,卖出,15.050,-1300,-19564.79,5.87,19.56
2026-04-01,09:31:00,002918.SZ,蒙娜丽莎,买入,11.283,1500,16923.78,5.08,0.00
2026-04-01,09:31:00,603008.SH,ST喜临门,买入,15.010,1000,15009.96,5.00,0.00
2026-04-01,09:31:00,601827.SH,三峰环境,卖出,8.273,-3700,-30611.65,9.18,30.61
2026-04-01,09:31:00,603801.SH,志邦家居,卖出,9.102,-2400,-21844.22,6.55,21.84
2026-04-01,09:31:00,002048.SZ,宁波华翔,买入,26.012,1000,26011.92,7.80,0.00
2026-04-01,09:31:00,603815.SH,交建股份,买入,6.162,4800,29579.04,8.87,0.00
2026-04-01,09:31:00,605255.SH,天普股份,买入,100.801,100,10080.12,5.00,0.00
2026-04-01,09:31:00,001206.SZ,依依股份,买入,21.102,1400,29542.97,8.86,0.00
2026-04-01,09:31:00,600865.SH,百大集团,买入,11.403,2700,30787.45,9.24,0.00
2026-04-01,09:31:00,603579.SH,荣泰健康,买入,20.361,1100,22396.70,6.72,0.00
2026-04-01,09:31:00,603639.SH,海利尔,卖出,13.842,-1200,-16610.71,5.00,16.61
2026-04-01,09:31:00,603187.SH,海容冷链,卖出,14.222,-1300,-18487.95,5.55,18.49
2026-04-01,09:31:00,603993.SH,洛阳钼业,买入,18.046,900,16241.42,5.00,0.00
2026-04-01,09:31:00,603995.SH,甬金股份,卖出,17.675,-1000,-17674.58,5.30,17.67
2026-04-01,09:31:00,605098.SH,行动教育,卖出,52.615,-500,-26307.28,7.89,26.31
2026-04-01,09:31:00,603183.SH,建研院,卖出,4.721,-7100,-33515.83,10.05,33.52
2026-04-01,09:31:00,601886.SH,江河集团,卖出,8.752,-2300,-20130.66,6.04,20.13
2026-04-01,09:31:00,002062.SZ,宏润建设,买入,7.565,2200,16643.22,5.00,0.00
2026-04-01,09:31:00,603897.SH,长城科技,卖出,31.597,-600,-18958.01,5.69,18.96
2026-04-01,09:31:00,603889.SH,新澳股份,卖出,7.774,-1500,-11661.63,5.00,11.66
2026-04-01,09:31:00,603326.SH,我乐家居,卖出,8.792,-3100,-27256.38,8.18,27.26
2026-04-01,09:31:00,603281.SH,江瀚新材,卖出,33.463,-400,-13385.18,5.00,13.39
2026-04-01,09:31:00,600982.SH,宁波能源,卖出,5.868,-5500,-32275.32,9.68,32.28
2026-04-01,09:31:00,000596.SZ,古井贡酒,买入,103.887,200,20777.47,6.23,0.00
2026-04-01,09:31:00,601330.SH,绿色动力,卖出,8.503,-4600,-39113.62,11.73,39.11
2026-04-01,09:31:00,600362.SH,江西铜业,买入,44.759,400,17903.74,5.37,0.00
2026-04-01,09:31:00,603558.SH,健盛集团,卖出,14.601,-1800,-26281.33,7.88,26.28
2026-04-01,09:31:00,603686.SH,福龙马,买入,18.557,1500,27835.56,8.35,0.00
2026-04-01,09:31:00,603040.SH,新坐标,买入,80.300,300,24090.08,7.23,0.00
2026-04-01,09:31:00,605058.SH,澳弘电子,卖出,33.124,-500,-16561.81,5.00,16.56
2026-03-02,09:31:00,603558.SH,健盛集团,买入,11.994,1800,21589.09,6.48,0.00
2026-03-02,09:31:00,605338.SH,巴比食品,卖出,27.854,-400,-11141.67,5.00,11.14
2026-03-02,09:31:00,605599.SH,菜百股份,卖出,25.249,-600,-15149.64,5.00,15.15
2026-03-02,09:31:00,605001.SH,威奥股份,卖出,8.034,-2700,-21691.53,6.51,21.69
2026-03-02,09:31:00,601330.SH,绿色动力,买入,7.345,4600,33785.44,10.14,0.00
2026-03-02,09:31:00,601339.SH,百隆东方,卖出,7.036,-2200,-15478.98,5.00,15.48
2026-03-02,09:31:00,603317.SH,天味食品,卖出,13.174,-1000,-13173.60,5.00,13.17
2026-03-02,09:31:00,603326.SH,我乐家居,卖出,9.750,-200,-1950.09,5.00,1.95
2026-03-02,09:31:00,603897.SH,长城科技,买入,31.042,600,18625.18,5.59,0.00
2026-03-02,09:31:00,603682.SH,锦和商管,买入,8.317,1600,13306.56,5.00,0.00
2026-03-02,09:31:00,603167.SH,渤海轮渡,卖出,9.721,-500,-4860.26,5.00,4.86
2026-03-02,09:31:00,603995.SH,甬金股份,卖出,20.020,-200,-4003.98,5.00,4.00
2026-03-02,09:31:00,605058.SH,澳弘电子,买入,32.465,500,16232.40,5.00,0.00
2026-03-02,09:31:00,603600.SH,永艺股份,卖出,11.577,-1900,-21995.92,6.60,22.00
2026-03-02,09:31:00,603281.SH,江瀚新材,卖出,33.603,-200,-6720.53,5.00,6.72
2026-03-02,09:31:00,603801.SH,志邦家居,卖出,9.451,-1000,-9451.06,5.00,9.45
2026-03-02,09:31:00,603639.SH,海利尔,买入,14.609,1200,17530.99,5.26,0.00
2026-03-02,09:31:00,603043.SH,广州酒家,卖出,17.385,-1200,-20862.19,6.26,20.86
2026-03-02,09:31:00,603132.SH,金徽股份,卖出,18.643,-1500,-27963.96,8.39,27.96
2026-03-02,09:31:00,603970.SH,中农立华,卖出,13.932,-700,-9752.46,5.00,9.75
2026-03-02,09:31:00,603309.SH,维力医疗,买入,15.010,1300,19512.95,5.85,0.00
2026-03-02,09:31:00,605389.SH,长龄液压,卖出,73.423,-200,-14684.57,5.00,14.68
2026-03-02,09:31:00,601886.SH,江河集团,买入,9.309,2300,21409.73,6.42,0.00
2026-03-02,09:31:00,603183.SH,建研院,买入,4.760,3000,14278.50,5.00,0.00
2026-03-02,09:31:00,600982.SH,宁波能源,买入,4.990,5500,27444.78,8.23,0.00
2026-03-02,09:31:00,603889.SH,新澳股份,卖出,9.142,-700,-6399.18,5.00,6.40
2026-02-02,09:31:00,603600.SH,永艺股份,买入,11.934,800,9547.06,5.00,0.00
2026-02-02,09:31:00,603889.SH,新澳股份,卖出,9.152,-600,-5491.00,5.00,5.49
2026-02-02,09:31:00,603187.SH,海容冷链,买入,15.701,300,4710.40,5.00,0.00
2026-02-02,09:31:00,603281.SH,江瀚新材,买入,32.064,600,19238.40,5.77,0.00
2026-02-02,09:31:00,605599.SH,菜百股份,卖出,20.858,-1200,-25029.84,7.51,25.03
2026-02-02,09:31:00,603897.SH,长城科技,卖出,25.868,-700,-18107.71,5.43,18.11
2026-02-02,09:31:00,603801.SH,志邦家居,买入,9.770,3400,33216.30,9.96,0.00
2026-02-02,09:31:00,601163.SH,三角轮胎,卖出,15.479,-1700,-26314.27,7.89,26.31
2026-02-02,09:31:00,603279.SH,景津装备,卖出,19.361,-800,-15488.96,5.00,15.49
2026-02-02,09:31:00,603926.SH,铁流股份,卖出,26.078,-1200,-31293.29,9.39,31.29
2026-02-02,09:31:00,603183.SH,建研院,买入,4.679,4100,19185.29,5.76,0.00
2026-02-02,09:31:00,601339.SH,百隆东方,卖出,6.986,-1900,-13273.40,5.00,13.27
2026-02-02,09:31:00,603970.SH,中农立华,买入,13.928,2200,30641.16,9.19,0.00
2026-02-02,09:31:00,603967.SH,中创物流,卖出,12.695,-1800,-22850.21,6.86,22.85
2026-02-02,09:31:00,603167.SH,渤海轮渡,买入,9.639,1200,11567.09,5.00,0.00
2026-02-02,09:31:00,603326.SH,我乐家居,买入,10.160,3300,33528.92,10.06,0.00
2026-02-02,09:31:00,605028.SH,世茂能源,卖出,26.257,-300,-7877.21,5.00,7.88
2026-02-02,09:31:00,605001.SH,威奥股份,买入,8.166,2700,22049.01,6.61,0.00
2026-02-02,09:31:00,605389.SH,长龄液压,卖出,81.417,-200,-16283.37,5.00,16.28
2026-02-02,09:31:00,603043.SH,广州酒家,买入,18.126,100,1812.62,5.00,0.00
2026-02-02,09:31:00,605098.SH,行动教育,买入,45.210,500,22605.12,6.78,0.00
2026-02-02,09:31:00,603587.SH,地素时尚,卖出,13.214,-1200,-15856.22,5.00,15.86
2026-02-02,09:31:00,603995.SH,甬金股份,卖出,19.022,-100,-1902.19,5.00,1.90
2026-02-02,09:31:00,601827.SH,三峰环境,买入,9.038,100,903.80,5.00,0.00
2026-02-02,09:31:00,603317.SH,天味食品,卖出,13.094,-200,-2618.75,5.00,2.62
2026-01-05,09:31:00,605377.SH,华旺科技,卖出,8.593,-2800,-24059.78,7.22,24.06
2026-01-05,09:31:00,603897.SH,长城科技,买入,27.204,700,19043.01,5.71,0.00
2026-01-05,09:31:00,603001.SH,奥康国际,卖出,8.922,-1100,-9814.33,5.00,9.81
2026-01-05,09:31:00,603317.SH,天味食品,卖出,12.505,-500,-6252.47,5.00,6.25
2026-01-05,09:31:00,605058.SH,澳弘电子,卖出,30.479,-800,-24383.14,7.31,24.38
2026-01-05,09:31:00,603889.SH,新澳股份,买入,7.936,2800,22220.35,6.67,0.00
2026-01-05,09:31:00,603326.SH,我乐家居,卖出,8.932,-1900,-16970.99,5.09,16.97
2026-01-05,09:31:00,603689.SH,皖天然气,卖出,8.124,-2300,-18684.56,5.61,18.68
2026-01-05,09:31:00,601339.SH,百隆东方,买入,5.872,4100,24074.05,7.22,0.00
2026-01-05,09:31:00,605028.SH,世茂能源,买入,30.290,300,9087.14,5.00,0.00
2026-01-05,09:31:00,603967.SH,中创物流,买入,14.349,1800,25827.55,7.75,0.00
2026-01-05,09:31:00,603365.SH,水星家纺,卖出,20.898,-900,-18808.31,5.64,18.81
2026-01-05,09:31:00,601163.SH,三角轮胎,卖出,14.222,-200,-2844.30,5.00,2.84
2026-01-05,09:31:00,603551.SH,奥普科技,卖出,11.657,-1500,-17484.96,5.25,17.48
2026-01-05,09:31:00,603043.SH,广州酒家,卖出,17.585,-700,-12309.33,5.00,12.31
2026-01-05,09:31:00,601518.SH,吉林高速,卖出,2.814,-7800,-21952.01,6.59,21.95
2026-01-05,09:31:00,603886.SH,元祖股份,卖出,13.852,-1400,-19393.14,5.82,19.39
2026-01-05,09:31:00,605056.SH,咸亨国际,卖出,16.467,-1200,-19760.40,5.93,19.76
2026-01-05,09:31:00,605001.SH,威奥股份,卖出,7.605,-1900,-14449.04,5.00,14.45
2026-01-05,09:31:00,605389.SH,长龄液压,买入,76.453,400,30581.04,9.17,0.00
2026-01-05,09:31:00,603587.SH,地素时尚,买入,13.357,1200,16027.99,5.00,0.00
2026-01-05,09:31:00,600854.SH,春兰股份,卖出,4.950,-2700,-13365.22,5.00,13.37
2026-01-05,09:31:00,603187.SH,海容冷链,买入,15.761,1000,15761.46,5.00,0.00
2026-01-05,09:31:00,603995.SH,甬金股份,买入,18.226,1300,23694.29,7.11,0.00
2026-01-05,09:31:00,603926.SH,铁流股份,买入,16.974,1200,20368.66,6.11,0.00
2026-01-05,09:31:00,605338.SH,巴比食品,买入,32.345,400,12937.82,5.00,0.00
2026-01-05,09:31:00,603170.SH,宝立食品,卖出,14.182,-900,-12763.42,5.00,12.76
2026-01-05,09:31:00,603132.SH,金徽股份,买入,14.769,1500,22154.22,6.65,0.00
2026-01-05,09:31:00,601827.SH,三峰环境,买入,8.547,3600,30769.42,9.23,0.00
2026-01-05,09:31:00,603279.SH,景津装备,买入,16.944,800,13555.06,5.00,0.00
2026-01-05,09:31:00,601886.SH,江河集团,卖出,8.114,-2900,-23529.85,7.06,23.53
2026-01-05,09:31:00,603600.SH,永艺股份,卖出,11.906,-900,-10715.53,5.00,10.72
2026-01-05,09:31:00,605599.SH,菜百股份,买入,16.483,1800,29669.22,8.90,0.00
2026-01-05,09:31:00,605507.SH,国邦医药,卖出,24.780,-1300,-32214.44,9.66,32.21
2025-12-01,09:31:00,603967.SH,中创物流,卖出,11.956,-1800,-21520.87,6.46,21.52
2025-12-01,09:31:00,605507.SH,国邦医药,买入,24.048,1300,31262.40,9.38,0.00
2025-12-01,09:31:00,605001.SH,威奥股份,卖出,7.635,-1300,-9925.11,5.00,9.93
2025-12-01,09:31:00,605365.SH,立达信,卖出,17.794,-800,-14235.47,5.00,14.24
2025-12-01,09:31:00,601518.SH,吉林高速,买入,2.946,7800,22977.86,6.89,0.00
2025-12-01,09:31:00,603183.SH,建研院,卖出,4.651,-6800,-31624.62,9.49,31.62
2025-12-01,09:31:00,603317.SH,天味食品,卖出,12.874,-500,-6437.10,5.00,6.44
2025-12-01,09:31:00,605058.SH,澳弘电子,买入,30.210,800,24168.24,7.25,0.00
2025-12-01,09:31:00,605377.SH,华旺科技,买入,8.537,2800,23903.71,7.17,0.00
2025-12-01,09:31:00,603217.SH,元利科技,卖出,28.912,-700,-20238.44,6.07,20.24
2025-12-01,09:31:00,605098.SH,行动教育,卖出,40.589,-600,-24353.20,7.31,24.35
2025-12-01,09:31:00,603167.SH,渤海轮渡,买入,9.970,200,1993.98,5.00,0.00
2025-12-01,09:31:00,605155.SH,西大门,卖出,16.647,-600,-9987.98,5.00,9.99
2025-12-01,09:31:00,603326.SH,我乐家居,买入,9.549,1900,18143.21,5.44,0.00
2025-12-01,09:31:00,603277.SH,银都股份,卖出,16.886,-600,-10131.70,5.00,10.13
2025-12-01,09:31:00,603001.SH,奥康国际,买入,10.100,1100,11110.18,5.00,0.00
2025-12-01,09:31:00,601886.SH,江河集团,买入,8.016,2900,23246.40,6.97,0.00
2025-12-01,09:31:00,603886.SH,元祖股份,买入,12.876,1400,18025.98,5.41,0.00
2025-12-01,09:31:00,603170.SH,宝立食品,买入,15.100,900,13590.13,5.00,0.00
2025-12-01,09:31:00,603788.SH,宁波高发,卖出,15.978,-1000,-15977.98,5.00,15.98
2025-12-01,09:31:00,603551.SH,奥普科技,买入,11.703,1500,17555.04,5.27,0.00
2025-12-01,09:31:00,605258.SH,协和电子,卖出,32.126,-400,-12850.25,5.00,12.85
2025-12-01,09:31:00,603043.SH,广州酒家,买入,17.635,1800,31743.36,9.52,0.00
2025-12-01,09:31:00,605368.SH,蓝天燃气,卖出,9.551,-2400,-22922.06,6.88,22.92
2025-12-01,09:31:00,605056.SH,咸亨国际,买入,18.958,300,5687.35,5.00,0.00
2025-12-01,09:31:00,603689.SH,皖天然气,卖出,8.224,-700,-5756.46,5.00,5.76
2025-12-01,09:31:00,603365.SH,水星家纺,卖出,21.447,-400,-8578.81,5.00,8.58
2025-12-01,09:31:00,603600.SH,永艺股份,买入,12.345,100,1234.46,5.00,0.00
2025-12-01,09:31:00,603558.SH,健盛集团,卖出,11.487,-2300,-26420.05,7.93,26.42
2025-12-01,09:31:00,600854.SH,春兰股份,买入,5.401,2700,14582.11,5.00,0.00
2025-12-01,09:31:00,605338.SH,巴比食品,卖出,27.984,-600,-16790.35,5.04,16.79
2025-12-01,09:31:00,601163.SH,三角轮胎,卖出,14.571,-200,-2914.16,5.00,2.91
2025-11-03,09:31:00,605155.SH,西大门,卖出,18.303,-500,-9151.66,5.00,9.15
2025-11-03,09:31:00,603317.SH,天味食品,买入,12.004,2200,26408.71,7.92,0.00
2025-11-03,09:31:00,603600.SH,永艺股份,买入,11.563,1900,21969.85,6.59,0.00
2025-11-03,09:31:00,605365.SH,立达信,买入,19.258,800,15406.75,5.00,0.00
2025-11-03,09:31:00,601163.SH,三角轮胎,买入,14.749,2100,30973.82,9.29,0.00
2025-11-03,09:31:00,603277.SH,银都股份,买入,18.036,600,10821.60,5.00,0.00
2025-11-03,09:31:00,603183.SH,建研院,买入,4.659,6800,31683.24,9.50,0.00
2025-11-03,09:31:00,603365.SH,水星家纺,买入,22.545,1300,29308.50,8.79,0.00
2025-11-03,09:31:00,603170.SH,宝立食品,卖出,14.990,-1500,-22484.94,6.75,22.48
2025-11-03,09:31:00,603558.SH,健盛集团,买入,12.114,600,7268.51,5.00,0.00
2025-11-03,09:31:00,603187.SH,海容冷链,卖出,14.032,-1300,-18241.44,5.47,18.24
2025-11-03,09:31:00,603095.SH,越剑智能,卖出,15.758,-1100,-17334.26,5.20,17.33
2025-11-03,09:31:00,603967.SH,中创物流,买入,12.184,1800,21931.78,6.58,0.00
2025-11-03,09:31:00,603167.SH,渤海轮渡,买入,10.611,2100,22283.48,6.69,0.00
2025-11-03,09:31:00,605077.SH,华康股份,卖出,17.475,-900,-15727.48,5.00,15.73
2025-11-03,09:31:00,605056.SH,咸亨国际,卖出,16.667,-400,-6666.64,5.00,6.67
2025-11-03,09:31:00,603132.SH,金徽股份,卖出,13.742,-1100,-15116.71,5.00,15.12
2025-11-03,09:31:00,605389.SH,长龄液压,卖出,67.305,-100,-6730.51,5.00,6.73
2025-11-03,09:31:00,601339.SH,百隆东方,卖出,5.319,-5800,-30852.17,9.26,30.85
2025-11-03,09:31:00,600997.SH,开滦股份,卖出,6.547,-4500,-29460.96,8.84,29.46
2025-11-03,09:31:00,603689.SH,皖天然气,买入,8.928,3000,26783.46,8.04,0.00
2025-11-03,09:31:00,605001.SH,威奥股份,买入,8.226,800,6581.14,5.00,0.00
2025-11-03,09:31:00,603889.SH,新澳股份,卖出,7.814,-3700,-28913.06,8.67,28.91
2025-11-03,09:31:00,605368.SH,蓝天燃气,卖出,9.511,-800,-7608.75,5.00,7.61
2025-11-03,09:31:00,603217.SH,元利科技,卖出,25.868,-100,-2586.82,5.00,2.59
2025-10-09,09:31:00,605098.SH,行动教育,买入,36.994,600,22196.30,6.66,0.00
2025-10-09,09:31:00,603043.SH,广州酒家,卖出,15.968,-1700,-27145.60,8.14,27.15
2025-10-09,09:31:00,601339.SH,百隆东方,买入,5.371,5800,31150.18,9.35,0.00
2025-10-09,09:31:00,603187.SH,海容冷链,买入,15.030,1300,19539.00,5.86,0.00
2025-10-09,09:31:00,603889.SH,新澳股份,卖出,6.886,-100,-688.62,5.00,0.69
2025-10-09,09:31:00,605368.SH,蓝天燃气,买入,9.659,300,2897.78,5.00,0.00
2025-10-09,09:31:00,603301.SH,振德医疗,卖出,48.682,-700,-34077.71,10.22,34.08
2025-10-09,09:31:00,605338.SH,巴比食品,卖出,23.074,-100,-2307.38,5.00,2.31
2025-10-09,09:31:00,603170.SH,宝立食品,卖出,14.521,-300,-4356.27,5.00,4.36
2025-10-09,09:31:00,605266.SH,健之佳,卖出,20.469,-800,-16375.18,5.00,16.38
2025-10-09,09:31:00,605089.SH,味知香,卖出,25.838,-600,-15502.93,5.00,15.50
2025-10-09,09:31:00,601326.SH,秦港股份,卖出,3.383,-7800,-26389.12,7.92,26.39
2025-10-09,09:31:00,603788.SH,宁波高发,买入,17.685,1000,17685.30,5.31,0.00
2025-10-09,09:31:00,603217.SH,元利科技,卖出,22.685,-200,-4536.91,5.00,4.54
2025-10-09,09:31:00,605580.SH,恒盛能源,卖出,27.924,-500,-13962.02,5.00,13.96
2025-10-09,09:31:00,603020.SH,爱普股份,卖出,9.890,-2300,-22747.41,6.82,22.75
2025-10-09,09:31:00,605365.SH,立达信,卖出,15.220,-1000,-15219.50,5.00,15.22
2025-10-09,09:31:00,605056.SH,咸亨国际,买入,16.032,1300,20841.60,6.25,0.00
2025-10-09,09:31:00,605389.SH,长龄液压,买入,61.994,100,6199.37,5.00,0.00
2025-10-09,09:31:00,605155.SH,西大门,买入,16.563,1100,18219.37,5.47,0.00
2025-10-09,09:31:00,603566.SH,普莱柯,卖出,13.693,-1000,-13692.56,5.00,13.69
2025-10-09,09:31:00,603558.SH,健盛集团,买入,9.980,1700,16965.86,5.09,0.00
2025-10-09,09:31:00,603095.SH,越剑智能,买入,15.731,1100,17304.54,5.19,0.00
2025-10-09,09:31:00,603886.SH,元祖股份,卖出,11.996,-2200,-26391.11,7.92,26.39
2025-10-09,09:31:00,605001.SH,威奥股份,买入,7.565,2400,18156.24,5.45,0.00
2025-10-09,09:31:00,600997.SH,开滦股份,买入,6.814,4500,30661.20,9.20,0.00
2025-09-01,09:31:00,605089.SH,味知香,买入,26.483,600,15889.72,5.00,0.00
2025-09-01,09:31:00,603071.SH,物产环能,卖出,13.194,-1700,-22429.05,6.73,22.43
2025-09-01,09:31:00,605507.SH,国邦医药,卖出,23.463,-1200,-28155.58,8.45,28.16
2025-09-01,09:31:00,603889.SH,新澳股份,买入,6.022,3800,22883.68,6.87,0.00
2025-09-01,09:31:00,605077.SH,华康股份,买入,19.679,100,1967.93,5.00,0.00
2025-09-01,09:31:00,600713.SH,南京医药,卖出,5.070,-4000,-20279.36,6.08,20.28
2025-09-01,09:31:00,601811.SH,新华文轩,卖出,16.168,-1200,-19401.12,5.82,19.40
2025-09-01,09:31:00,603339.SH,四方科技,卖出,15.409,-2200,-33900.06,10.17,33.90
2025-09-01,09:31:00,603217.SH,元利科技,买入,19.820,1000,19819.56,5.95,0.00
2025-09-01,09:31:00,605258.SH,协和电子,买入,33.838,400,13535.02,5.00,0.00
2025-09-01,09:31:00,601326.SH,秦港股份,买入,3.437,7800,26807.51,8.04,0.00
2025-09-01,09:31:00,605338.SH,巴比食品,买入,22.796,700,15956.85,5.00,0.00
2025-09-01,09:31:00,603733.SH,仙鹤股份,卖出,24.860,-700,-17402.13,5.22,17.40
2025-09-01,09:31:00,605580.SH,恒盛能源,卖出,21.856,-500,-10928.10,5.00,10.93
2025-09-01,09:31:00,603886.SH,元祖股份,买入,13.106,2200,28833.55,8.65,0.00
2025-09-01,09:31:00,603301.SH,振德医疗,卖出,24.142,-600,-14484.97,5.00,14.48
2025-09-01,09:31:00,603058.SH,永吉股份,卖出,9.002,-1900,-17103.72,5.13,17.10
2025-09-01,09:31:00,603080.SH,新疆火炬,卖出,20.978,-1200,-25173.55,7.55,25.17
2025-09-01,09:31:00,603648.SH,畅联股份,卖出,11.138,-1300,-14478.98,5.00,14.48
2025-09-01,09:31:00,603043.SH,广州酒家,买入,17.074,1700,29025.94,8.71,0.00
2025-09-01,09:31:00,605050.SH,福然德,卖出,15.319,-1100,-16851.23,5.06,16.85
2025-09-01,09:31:00,605368.SH,蓝天燃气,买入,10.030,2900,29087.06,8.73,0.00
2025-09-01,09:31:00,605365.SH,立达信,买入,15.611,1000,15611.16,5.00,0.00
2025-09-01,09:31:00,603132.SH,金徽股份,买入,13.677,100,1367.73,5.00,0.00
2025-09-01,09:31:00,603908.SH,牧高笛,卖出,24.601,-300,-7380.21,5.00,7.38
2025-09-01,09:31:00,605268.SH,王力安防,卖出,10.299,-1000,-10299.36,5.00,10.30
2025-09-01,09:31:00,603170.SH,宝立食品,买入,14.649,1800,26368.63,7.91,0.00
2025-09-01,09:31:00,603970.SH,中农立华,卖出,13.842,-1400,-19379.16,5.81,19.38
2025-09-01,09:31:00,603020.SH,爱普股份,买入,10.802,2300,24843.59,7.45,0.00
2025-08-01,09:31:00,605050.SH,福然德,买入,17.395,200,3478.94,5.00,0.00
2025-08-01,09:31:00,603908.SH,牧高笛,买入,26.433,300,7929.83,5.00,0.00
2025-08-01,09:31:00,603080.SH,新疆火炬,买入,18.487,1200,22184.28,6.66,0.00
2025-08-01,09:31:00,603071.SH,物产环能,买入,13.226,1700,22484.88,6.75,0.00
2025-08-01,09:31:00,600713.SH,南京医药,买入,5.230,400,2092.18,5.00,0.00
2025-08-01,09:31:00,603811.SH,诚意药业,卖出,12.515,-1400,-17520.89,5.26,17.52
2025-08-01,09:31:00,603380.SH,易德龙,卖出,29.032,-1000,-29031.82,8.71,29.03
2025-08-01,09:31:00,605003.SH,众望布艺,卖出,20.778,-500,-10389.18,5.00,10.39
2025-08-01,09:31:00,605580.SH,恒盛能源,卖出,15.299,-400,-6119.74,5.00,6.12
2025-08-01,09:31:00,605077.SH,华康股份,买入,18.106,800,14484.91,5.00,0.00
2025-08-01,09:31:00,603970.SH,中农立华,买入,14.359,1400,20102.12,6.03,0.00
2025-08-01,09:31:00,601811.SH,新华文轩,买入,15.180,1200,18216.36,5.46,0.00
2025-08-01,09:31:00,603132.SH,金徽股份,卖出,12.655,-900,-11389.18,5.00,11.39
2025-08-01,09:31:00,603566.SH,普莱柯,买入,15.050,1000,15050.04,5.00,0.00
2025-08-01,09:31:00,603648.SH,畅联股份,买入,11.683,1300,15188.32,5.00,0.00
2025-08-01,09:31:00,600854.SH,春兰股份,卖出,5.309,-3000,-15928.08,5.00,15.93
2025-08-01,09:31:00,601886.SH,江河集团,卖出,7.715,-2800,-21600.71,6.48,21.60
2025-08-01,09:31:00,603339.SH,四方科技,买入,12.775,2200,28106.10,8.43,0.00
2025-08-01,09:31:00,603058.SH,永吉股份,买入,9.639,1900,18314.56,5.49,0.00
2025-08-01,09:31:00,605268.SH,王力安防,买入,10.601,1000,10601.16,5.00,0.00
2025-08-01,09:31:00,605507.SH,国邦医药,买入,23.427,200,4685.35,5.00,0.00
2025-08-01,09:31:00,605001.SH,威奥股份,卖出,7.585,-2200,-16686.56,5.01,16.69
2025-08-01,09:31:00,603733.SH,仙鹤股份,买入,21.423,700,14995.93,5.00,0.00
2025-08-01,09:31:00,603301.SH,振德医疗,买入,22.114,100,2211.41,5.00,0.00
2025-08-01,09:31:00,605058.SH,澳弘电子,卖出,28.792,-800,-23033.84,6.91,23.03
2025-08-01,09:31:00,603213.SH,镇洋发展,卖出,12.924,-1700,-21970.97,6.59,21.97
2025-08-01,09:31:00,601002.SH,晋亿实业,卖出,5.170,-3400,-17576.78,5.27,17.58
2025-08-01,09:31:00,605056.SH,咸亨国际,卖出,14.720,-800,-11776.40,5.00,11.78
2025-08-01,09:31:00,603217.SH,元利科技,卖出,18.423,-800,-14738.46,5.00,14.74
2025-08-01,09:31:00,605266.SH,健之佳,买入,21.773,800,17418.77,5.23,0.00
2025-08-01,09:31:00,605028.SH,世茂能源,卖出,20.050,-1100,-22054.80,6.62,22.05
2025-07-01,09:31:00,605058.SH,澳弘电子,买入,32.264,800,25811.52,7.74,0.00
2025-07-01,09:31:00,603217.SH,元利科技,买入,17.866,800,14292.53,5.00,0.00
2025-07-01,09:31:00,605580.SH,恒盛能源,买入,13.547,1400,18965.86,5.69,0.00
2025-07-01,09:31:00,605056.SH,咸亨国际,买入,15.391,800,12312.58,5.00,0.00
2025-07-01,09:31:00,600481.SH,双良节能,卖出,4.740,-3800,-18013.90,5.40,18.01
2025-07-01,09:31:00,605028.SH,世茂能源,买入,19.529,1100,21481.88,6.44,0.00
2025-07-01,09:31:00,601699.SH,潞安环能,卖出,10.469,-2300,-24078.75,7.22,24.08
2025-07-01,09:31:00,002459.SZ,晶澳科技,卖出,9.800,-1700,-16660.61,5.00,16.66
2025-07-01,09:31:00,603213.SH,镇洋发展,买入,11.212,1700,19061.05,5.72,0.00
2025-07-01,09:31:00,605507.SH,国邦医药,买入,19.810,1000,19809.54,5.94,0.00
2025-07-01,09:31:00,605050.SH,福然德,买入,13.818,900,12435.82,5.00,0.00
2025-07-01,09:31:00,603380.SH,易德龙,买入,26.373,1000,26372.64,7.91,0.00
2025-07-01,09:31:00,603088.SH,宁波精达,卖出,9.062,-1900,-17217.50,5.17,17.22
2025-07-01,09:31:00,600713.SH,南京医药,买入,5.100,3600,18360.65,5.51,0.00
2025-07-01,09:31:00,002937.SZ,兴瑞科技,卖出,16.487,-800,-13189.57,5.00,13.19
2025-07-01,09:31:00,603929.SH,亚翔集成,卖出,34.671,-800,-27736.42,8.32,27.74
2025-07-01,09:31:00,603301.SH,振德医疗,买入,21.152,1200,25382.66,7.61,0.00
2025-07-01,09:31:00,600854.SH,春兰股份,买入,5.200,3000,15601.14,5.00,0.00
2025-07-01,09:31:00,605001.SH,威奥股份,买入,7.214,2200,15871.68,5.00,0.00
2025-07-01,09:31:00,605100.SH,华丰股份,卖出,20.010,-600,-12005.94,5.00,12.01
2025-07-01,09:31:00,002273.SZ,水晶光电,卖出,19.830,-800,-15864.21,5.00,15.86
2025-07-01,09:31:00,600438.SH,通威股份,卖出,16.347,-900,-14712.52,5.00,14.71
2025-07-01,09:31:00,601002.SH,晋亿实业,买入,4.960,3400,16863.66,5.06,0.00
2025-07-01,09:31:00,002129.SZ,TCL中环,卖出,7.595,-3100,-23543.82,7.06,23.54
2025-07-01,09:31:00,002416.SZ,爱施德,卖出,11.886,-1300,-15452.03,5.00,15.45
2025-07-01,09:31:00,000810.SZ,创维数字,卖出,11.677,-1600,-18682.56,5.60,18.68
2025-07-01,09:31:00,001301.SZ,尚太科技,卖出,48.193,-300,-14458.03,5.00,14.46
2025-07-01,09:31:00,605003.SH,众望布艺,买入,21.363,500,10681.32,5.00,0.00
2025-07-01,09:31:00,600971.SH,恒源煤电,卖出,6.567,-4000,-26267.36,7.88,26.27
2025-07-01,09:31:00,001256.SZ,炜冈科技,卖出,21.976,-700,-15383.17,5.00,15.38
2025-07-01,09:31:00,002991.SZ,甘源食品,卖出,62.425,-100,-6242.49,5.00,6.24
2025-07-01,09:31:00,601865.SH,福莱特,卖出,15.160,-1200,-18191.54,5.46,18.19
2025-07-01,09:31:00,603811.SH,诚意药业,买入,9.258,1400,12961.87,5.00,0.00
2025-07-01,09:31:00,603132.SH,金徽股份,买入,13.226,1900,25130.16,7.54,0.00
2025-07-01,09:31:00,603801.SH,志邦家居,卖出,9.651,-2400,-23161.58,6.95,23.16
2025-07-01,09:31:00,000785.SZ,居然智家,卖出,3.024,-5000,-15119.70,5.00,15.12
2025-07-01,09:31:00,601886.SH,江河集团,买入,6.313,2800,17675.28,5.30,0.00
2025-07-01,09:31:00,603618.SH,杭电股份,卖出,6.108,-2100,-12826.30,5.00,12.83
2025-06-03,09:31:00,001256.SZ,炜冈科技,买入,20.541,700,14378.70,5.00,0.00
2025-06-03,09:31:00,603871.SH,嘉友国际,卖出,13.942,-1300,-18124.68,5.44,18.12
2025-06-03,09:31:00,600438.SH,通威股份,卖出,16.118,-300,-4835.31,5.00,4.84
2025-06-03,09:31:00,002949.SZ,华阳国际,卖出,13.633,-1100,-14995.95,5.00,15.00
2025-06-03,09:31:00,001301.SZ,尚太科技,买入,44.489,300,13346.64,5.00,0.00
2025-06-03,09:31:00,000550.SZ,江铃汽车,卖出,20.928,-800,-16742.45,5.02,16.74
2025-06-03,09:31:00,002273.SZ,水晶光电,买入,18.106,800,14484.91,5.00,0.00
2025-06-03,09:31:00,603366.SH,日出东方,卖出,10.080,-1400,-14111.72,5.00,14.11
2025-06-03,09:31:00,002129.SZ,TCL中环,买入,7.545,700,5281.54,5.00,0.00
2025-06-03,09:31:00,002991.SZ,甘源食品,买入,63.366,100,6336.65,5.00,0.00
2025-06-03,09:31:00,601156.SH,东航物流,卖出,13.014,-1500,-19520.88,5.86,19.52
2025-06-03,09:31:00,000785.SZ,居然智家,买入,3.156,900,2840.67,5.00,0.00
2025-06-03,09:31:00,601138.SH,工业富联,卖出,18.842,-700,-13189.57,5.00,13.19
2025-06-03,09:31:00,603929.SH,亚翔集成,买入,26.884,800,21506.93,6.45,0.00
2025-06-03,09:31:00,002918.SZ,蒙娜丽莎,卖出,8.263,-1700,-14047.85,5.00,14.05
2025-06-03,09:31:00,601699.SH,潞安环能,买入,10.741,2300,24705.31,7.41,0.00
2025-06-03,09:31:00,603618.SH,杭电股份,买入,5.832,2100,12246.44,5.00,0.00
2025-06-03,09:31:00,002756.SZ,永兴材料,卖出,30.329,-600,-18197.53,5.46,18.20
2025-06-03,09:31:00,002459.SZ,晶澳科技,卖出,9.072,-300,-2721.55,5.00,2.72
2025-06-03,09:31:00,603116.SH,红蜻蜓,卖出,5.838,-2600,-15179.58,5.00,15.18
2025-06-03,09:31:00,002416.SZ,爱施德,卖出,11.158,-300,-3347.29,5.00,3.35
2025-06-03,09:31:00,600971.SH,恒源煤电,买入,6.463,4000,25851.60,7.76,0.00
2025-06-03,09:31:00,603801.SH,志邦家居,买入,10.451,2400,25082.06,7.52,0.00
2025-06-03,09:31:00,603088.SH,宁波精达,买入,8.958,1900,17019.97,5.11,0.00
2025-06-03,09:31:00,001269.SZ,欧晶科技,卖出,23.203,-600,-13922.10,5.00,13.92
2025-06-03,09:31:00,605158.SH,华达新材,卖出,7.984,-1700,-13572.80,5.00,13.57
2025-06-03,09:31:00,600390.SH,五矿资本,卖出,5.269,-3800,-20023.87,6.01,20.02
2025-06-03,09:31:00,605100.SH,华丰股份,买入,18.878,600,11326.61,5.00,0.00
2025-06-03,09:31:00,002937.SZ,兴瑞科技,买入,16.242,800,12993.94,5.00,0.00
2025-05-06,09:31:00,600390.SH,五矿资本,买入,5.271,3800,20027.98,6.01,0.00
2025-05-06,09:31:00,603601.SH,再升科技,卖出,3.513,-4300,-15105.73,5.00,15.11
2025-05-06,09:31:00,601138.SH,工业富联,买入,18.357,700,12849.65,5.00,0.00
2025-05-06,09:31:00,605158.SH,华达新材,买入,7.846,1700,13337.62,5.00,0.00
2025-05-06,09:31:00,603926.SH,铁流股份,卖出,10.309,-900,-9278.41,5.00,9.28
2025-05-06,09:31:00,603871.SH,嘉友国际,买入,14.068,1300,18288.50,5.49,0.00
2025-05-06,09:31:00,601865.SH,福莱特,买入,15.200,1200,18240.41,5.47,0.00
2025-05-06,09:31:00,605158.SH,华达新材,买入,7.846,1700,13337.62,5.00,0.00
2025-05-06,09:31:00,002416.SZ,爱施德,买入,11.683,1600,18693.31,5.61,0.00
2025-05-06,09:31:00,002459.SZ,晶澳科技,买入,9.719,2000,19438.80,5.83,0.00
2025-05-06,09:31:00,000785.SZ,居然智家,买入,3.347,4100,13721.39,5.00,0.00
2025-05-06,09:31:00,605599.SH,菜百股份,卖出,14.451,-1100,-15896.14,5.00,15.90
2025-05-06,09:31:00,601187.SH,厦门银行,卖出,5.748,-4300,-24718.46,7.42,24.72
2025-05-06,09:31:00,601811.SH,新华文轩,卖出,15.210,-1000,-15209.52,5.00,15.21
2025-05-06,09:31:00,605389.SH,长龄液压,卖出,31.946,-500,-15972.99,5.00,15.97
2025-05-06,09:31:00,002949.SZ,华阳国际,买入,14.018,1100,15419.78,5.00,0.00
2025-05-06,09:31:00,603116.SH,红蜻蜓,买入,5.341,2600,13885.72,5.00,0.00
2025-05-06,09:31:00,605255.SH,天普股份,卖出,16.577,-600,-9946.07,5.00,9.95
2025-05-06,09:31:00,605580.SH,恒盛能源,卖出,10.908,-1200,-13089.77,5.00,13.09
2025-05-06,09:31:00,601156.SH,东航物流,买入,12.254,1500,18381.69,5.51,0.00
2025-05-06,09:31:00,000810.SZ,创维数字,买入,11.353,1600,18164.26,5.45,0.00
2025-05-06,09:31:00,600481.SH,双良节能,买入,4.469,3800,16981.90,5.09,0.00
2025-05-06,09:31:00,603429.SH,*ST集友,卖出,9.092,-1000,-9091.78,5.00,9.09
2025-05-06,09:31:00,603132.SH,金徽股份,卖出,11.247,-1000,-11247.46,5.00,11.25
2025-05-06,09:31:00,600390.SH,五矿资本,买入,5.271,3800,20027.98,6.01,0.00
2025-05-06,09:31:00,603057.SH,紫燕食品,卖出,22.734,-1100,-25007.88,7.50,25.01
2025-05-06,09:31:00,603167.SH,渤海轮渡,卖出,8.713,-3000,-26137.62,7.84,26.14
2025-05-06,09:31:00,603366.SH,日出东方,买入,9.709,1400,13593.13,5.00,0.00
2025-05-06,09:31:00,603601.SH,再升科技,卖出,3.513,-4300,-15105.73,5.00,15.11
2025-05-06,09:31:00,600997.SH,开滦股份,卖出,6.048,-3000,-18143.64,5.44,18.14
2025-05-06,09:31:00,603357.SH,设计总院,卖出,8.323,-2600,-21640.63,6.49,21.64
2025-05-06,09:31:00,603203.SH,快克智能,卖出,23.852,-700,-16696.54,5.01,16.70
2025-05-06,09:31:00,600438.SH,通威股份,买入,16.503,1200,19803.53,5.94,0.00
2025-05-06,09:31:00,603337.SH,杰克科技,卖出,33.543,-500,-16771.39,5.03,16.77
2025-05-06,09:31:00,000550.SZ,江铃汽车,买入,19.048,800,15238.42,5.00,0.00
2025-05-06,09:31:00,002129.SZ,TCL中环,买入,7.715,2400,18516.96,5.56,0.00
2025-05-06,09:31:00,600731.SH,湖南海利,卖出,6.587,-3100,-20419.08,6.13,20.42
2025-05-06,09:31:00,601138.SH,工业富联,买入,18.357,700,12849.65,5.00,0.00
2025-05-06,09:31:00,002756.SZ,永兴材料,买入,30.832,600,18498.92,5.55,0.00
2025-05-06,09:31:00,002918.SZ,蒙娜丽莎,买入,8.196,1700,13933.81,5.00,0.00
2025-04-01,09:31:00,605580.SH,恒盛能源,买入,11.433,1200,13719.38,5.00,0.00
2025-04-01,09:31:00,603357.SH,设计总院,买入,9.749,2600,25348.60,7.60,0.00
2025-04-01,09:31:00,603599.SH,广信股份,卖出,11.687,-2100,-24541.82,7.36,24.54
2025-04-01,09:31:00,603823.SH,百合花,卖出,10.239,-1600,-16383.17,5.00,16.38
2025-04-01,09:31:00,603757.SH,大元泵业,卖出,23.283,-700,-16298.34,5.00,16.30
2025-04-01,09:31:00,603966.SH,法兰泰克,卖出,9.371,-1600,-14993.95,5.00,14.99
2025-04-01,09:31:00,603203.SH,快克智能,买入,25.060,700,17542.01,5.26,0.00
2025-04-01,09:31:00,603156.SH,养元饮品,买入,22.635,1000,22635.18,6.79,0.00
2025-04-01,09:31:00,603167.SH,渤海轮渡,买入,8.527,3000,25581.06,7.67,0.00
2025-04-01,09:31:00,605255.SH,天普股份,买入,16.503,600,9901.76,5.00,0.00
2025-04-01,09:31:00,605599.SH,菜百股份,买入,11.924,100,1192.38,5.00,0.00
2025-04-01,09:31:00,603788.SH,宁波高发,卖出,16.477,-1300,-21420.07,6.43,21.42
2025-04-01,09:31:00,605098.SH,行动教育,买入,41.082,200,8216.40,5.00,0.00
2025-04-01,09:31:00,601827.SH,三峰环境,卖出,8.423,-2900,-24427.05,7.33,24.43
2025-04-01,09:31:00,603995.SH,甬金股份,卖出,20.269,-1000,-20269.38,6.08,20.27
2025-04-01,09:31:00,600997.SH,开滦股份,买入,6.984,3000,20951.82,6.29,0.00
2025-04-01,09:31:00,605166.SH,聚合顺,买入,13.136,200,2627.24,5.00,0.00
2025-04-01,09:31:00,601619.SH,嘉泽新能,卖出,3.603,-7500,-27020.85,8.11,27.02
2025-04-01,09:31:00,603277.SH,银都股份,卖出,26.178,-700,-18324.28,5.50,18.32
2025-04-01,09:31:00,603819.SH,神力股份,卖出,14.800,-600,-8880.20,5.00,8.88
2025-04-01,09:31:00,603165.SH,荣晟环保,卖出,12.375,-900,-11137.68,5.00,11.14
2025-04-01,09:31:00,603013.SH,亚普股份,卖出,16.577,-1000,-16576.78,5.00,16.58
2025-04-01,09:31:00,603355.SH,莱克电气,卖出,26.477,-700,-18533.86,5.56,18.53
2025-04-01,09:31:00,603992.SH,松霖科技,卖出,22.535,-600,-13520.90,5.00,13.52
2025-04-01,09:31:00,603601.SH,再升科技,买入,3.567,4300,15338.62,5.00,0.00
2025-04-01,09:31:00,603132.SH,金徽股份,买入,11.854,1000,11853.66,5.00,0.00
2025-04-01,09:31:00,603057.SH,紫燕食品,买入,19.619,1100,21581.08,6.47,0.00
2025-04-01,09:31:00,601187.SH,厦门银行,买入,5.912,4300,25420.74,7.63,0.00
2025-04-01,09:31:00,603337.SH,杰克科技,买入,32.645,500,16322.58,5.00,0.00
2025-04-01,09:31:00,600731.SH,湖南海利,买入,6.413,3100,19879.68,5.96,0.00
2025-04-01,09:31:00,603926.SH,铁流股份,卖出,10.379,-200,-2075.84,5.00,2.08
2025-04-01,09:31:00,601811.SH,新华文轩,买入,15.200,1000,15200.34,5.00,0.00
2025-04-01,09:31:00,603630.SH,拉芳家化,卖出,14.581,-1100,-16038.86,5.00,16.04
2025-04-01,09:31:00,603429.SH,*ST集友,买入,8.166,1000,8166.30,5.00,0.00
2025-03-03,09:31:00,603877.SH,太平鸟,卖出,14.621,-900,-13158.63,5.00,13.16
2025-03-03,09:31:00,603995.SH,甬金股份,卖出,19.481,-100,-1948.10,5.00,1.95
2025-03-03,09:31:00,603983.SH,丸美生物,卖出,33.203,-400,-13281.38,5.00,13.28
2025-03-03,09:31:00,605599.SH,菜百股份,买入,11.483,1000,11482.92,5.00,0.00
2025-03-03,09:31:00,605299.SH,舒华体育,卖出,8.922,-1200,-10706.54,5.00,10.71
2025-03-03,09:31:00,603165.SH,荣晟环保,卖出,13.423,-300,-4026.93,5.00,4.03
2025-03-03,09:31:00,605286.SH,同力天启,卖出,39.421,-500,-19710.50,5.91,19.71
2025-03-03,09:31:00,603758.SH,秦安股份,卖出,11.297,-1400,-15816.30,5.00,15.82
2025-03-03,09:31:00,603408.SH,建霖家居,卖出,12.455,-900,-11209.54,5.00,11.21
2025-03-03,09:31:00,603757.SH,大元泵业,买入,21.894,700,15325.59,5.00,0.00
2025-03-03,09:31:00,603355.SH,莱克电气,买入,25.451,700,17815.56,5.34,0.00
2025-03-03,09:31:00,605088.SH,冠盛股份,卖出,33.553,-600,-20131.66,6.04,20.13
2025-03-03,09:31:00,603992.SH,松霖科技,买入,21.954,600,13172.29,5.00,0.00
2025-03-03,09:31:00,603966.SH,法兰泰克,买入,8.216,1600,13146.24,5.00,0.00
2025-03-03,09:31:00,603788.SH,宁波高发,买入,15.291,1300,19877.68,5.96,0.00
2025-03-03,09:31:00,603013.SH,亚普股份,买入,15.781,200,3156.30,5.00,0.00
2025-03-03,09:31:00,603167.SH,渤海轮渡,卖出,8.044,-2000,-16087.76,5.00,16.09
2025-03-03,09:31:00,603926.SH,铁流股份,买入,10.351,1100,11385.73,5.00,0.00
2025-03-03,09:31:00,605166.SH,聚合顺,卖出,12.585,-100,-1258.48,5.00,1.26
2025-03-03,09:31:00,603558.SH,健盛集团,卖出,10.269,-1700,-17458.01,5.24,17.46
2025-03-03,09:31:00,601811.SH,新华文轩,卖出,13.812,-1200,-16574.78,5.00,16.57
2025-03-03,09:31:00,605319.SH,无锡振华,卖出,31.786,-900,-28607.67,8.58,28.61
2025-03-03,09:31:00,603637.SH,镇海股份,卖出,9.790,-1400,-13706.53,5.00,13.71
2025-03-03,09:31:00,601619.SH,嘉泽新能,买入,3.317,7500,24874.65,7.46,0.00
2025-03-03,09:31:00,603630.SH,拉芳家化,买入,13.096,1100,14405.75,5.00,0.00
2025-03-03,09:31:00,603277.SH,银都股份,卖出,28.493,-100,-2849.29,5.00,2.85
2025-03-03,09:31:00,601827.SH,三峰环境,买入,8.427,2900,24437.78,7.33,0.00
2025-03-03,09:31:00,603819.SH,神力股份,买入,13.858,600,8314.60,5.00,0.00
2025-03-03,09:31:00,605389.SH,长龄液压,买入,29.479,200,5895.77,5.00,0.00
2025-03-03,09:31:00,603599.SH,广信股份,买入,11.703,600,7022.02,5.00,0.00
2025-02-05,09:31:00,605318.SH,法狮龙,卖出,20.160,-500,-10079.80,5.00,10.08
2025-02-05,09:31:00,605319.SH,无锡振华,买入,24.329,100,2432.86,5.00,0.00
2025-02-05,09:31:00,603966.SH,法兰泰克,卖出,7.914,-2000,-15828.28,5.00,15.83
2025-02-05,09:31:00,603277.SH,银都股份,买入,25.551,800,20440.80,6.13,0.00
2025-02-05,09:31:00,603599.SH,广信股份,买入,11.713,1500,17570.07,5.27,0.00
2025-02-05,09:31:00,603886.SH,元祖股份,卖出,13.633,-1000,-13632.68,5.00,13.63
2025-02-05,09:31:00,605365.SH,立达信,卖出,15.150,-800,-12119.71,5.00,12.12
2025-02-05,09:31:00,603758.SH,秦安股份,买入,9.689,1400,13565.08,5.00,0.00
2025-02-05,09:31:00,603630.SH,拉芳家化,卖出,12.126,-900,-10913.13,5.00,10.91
2025-02-05,09:31:00,603163.SH,圣晖集成,卖出,26.836,-600,-16101.73,5.00,16.10
2025-02-05,09:31:00,603637.SH,镇海股份,卖出,8.723,-400,-3489.01,5.00,3.49
2025-02-05,09:31:00,605166.SH,聚合顺,卖出,11.726,-100,-1172.65,5.00,1.17
2025-02-05,09:31:00,603408.SH,建霖家居,买入,13.567,900,12210.37,5.00,0.00
2025-02-05,09:31:00,605118.SH,力鼎光电,卖出,18.423,-1300,-23950.00,7.19,23.95
2025-02-05,09:31:00,603823.SH,百合花,买入,9.429,1600,15086.11,5.00,0.00
2025-02-05,09:31:00,603558.SH,健盛集团,卖出,10.968,-200,-2193.60,5.00,2.19
2025-02-05,09:31:00,605088.SH,冠盛股份,买入,26.453,600,15871.68,5.00,0.00
2025-02-05,09:31:00,605599.SH,菜百股份,卖出,11.098,-1700,-18866.19,5.66,18.87
2025-02-05,09:31:00,603983.SH,丸美生物,买入,32.866,400,13146.24,5.00,0.00
2025-02-05,09:31:00,603877.SH,太平鸟,买入,14.469,100,1446.89,5.00,0.00
2025-02-05,09:31:00,603167.SH,渤海轮渡,买入,8.327,2000,16653.24,5.00,0.00
2025-02-05,09:31:00,605377.SH,华旺科技,卖出,12.475,-1300,-16217.50,5.00,16.22
2025-02-05,09:31:00,603013.SH,亚普股份,买入,15.401,800,12320.59,5.00,0.00
2025-02-05,09:31:00,603989.SH,艾华集团,卖出,15.449,-1100,-16993.94,5.10,16.99
2025-02-05,09:31:00,601811.SH,新华文轩,买入,15.120,1200,18144.22,5.44,0.00
2025-02-05,09:31:00,603677.SH,奇精机械,卖出,13.812,-700,-9668.62,5.00,9.67
2025-02-05,09:31:00,605299.SH,舒华体育,买入,8.287,1200,9943.85,5.00,0.00
2025-02-05,09:31:00,605050.SH,福然德,卖出,9.980,-1700,-16966.00,5.09,16.97
2025-02-05,09:31:00,605580.SH,恒盛能源,卖出,10.968,-1200,-13161.62,5.00,13.16
2025-02-05,09:31:00,605389.SH,长龄液压,卖出,25.010,-200,-5001.98,5.00,5.00
2025-02-05,09:31:00,603165.SH,荣晟环保,买入,12.775,1200,15330.60,5.00,0.00
2025-02-05,09:31:00,603995.SH,甬金股份,买入,20.250,1100,22275.46,6.68,0.00
2025-01-02,09:31:00,603877.SH,太平鸟,买入,14.930,800,11943.84,5.00,0.00
2025-01-02,09:31:00,603558.SH,健盛集团,买入,10.862,1900,20637.19,6.19,0.00
2025-01-02,09:31:00,605388.SH,均瑶健康,卖出,6.347,-1900,-12059.83,5.00,12.06
2025-01-02,09:31:00,603630.SH,拉芳家化,卖出,13.673,-300,-4101.78,5.00,4.10
2025-01-02,09:31:00,601956.SH,东贝集团,卖出,4.840,-3000,-14520.90,5.00,14.52
2025-01-02,09:31:00,605365.SH,立达信,买入,15.601,800,12480.91,5.00,0.00
2025-01-02,09:31:00,603689.SH,皖天然气,卖出,8.962,-2300,-20612.69,6.18,20.61
2025-01-02,09:31:00,605580.SH,恒盛能源,买入,12.134,1200,14561.06,5.00,0.00
2025-01-02,09:31:00,603916.SH,苏博特,卖出,7.455,-1600,-11928.10,5.00,11.93
2025-01-02,09:31:00,605319.SH,无锡振华,买入,21.072,800,16857.65,5.06,0.00
2025-01-02,09:31:00,605050.SH,福然德,买入,9.749,1700,16574.08,5.00,0.00
2025-01-02,09:31:00,603637.SH,镇海股份,买入,8.337,1800,15005.95,5.00,0.00
2025-01-02,09:31:00,605166.SH,聚合顺,卖出,11.836,-200,-2367.26,5.00,2.37
2025-01-02,09:31:00,603811.SH,诚意药业,卖出,7.754,-1700,-13182.58,5.00,13.18
2025-01-02,09:31:00,603987.SH,康德莱,卖出,7.196,-2000,-14391.16,5.00,14.39
2025-01-02,09:31:00,605089.SH,味知香,卖出,25.279,-400,-10111.74,5.00,10.11
2025-01-02,09:31:00,603587.SH,地素时尚,卖出,12.605,-1400,-17646.64,5.29,17.65
2025-01-02,09:31:00,603163.SH,圣晖集成,买入,26.533,600,15919.78,5.00,0.00
2025-01-02,09:31:00,603966.SH,法兰泰克,卖出,7.695,-200,-1538.92,5.00,1.54
2025-01-02,09:31:00,603170.SH,宝立食品,卖出,15.200,-800,-12159.63,5.00,12.16
2025-01-02,09:31:00,603012.SH,创力集团,卖出,5.289,-2900,-15339.26,5.00,15.34
2025-01-02,09:31:00,605377.SH,华旺科技,买入,13.397,1300,17415.76,5.22,0.00
2025-01-02,09:31:00,605318.SH,法狮龙,买入,20.731,500,10365.69,5.00,0.00
2025-01-02,09:31:00,605378.SH,野马电池,卖出,20.000,-800,-15999.94,5.00,16.00
2025-01-02,09:31:00,603989.SH,艾华集团,买入,14.880,1100,16367.67,5.00,0.00
2025-01-02,09:31:00,603677.SH,奇精机械,买入,13.357,700,9349.66,5.00,0.00
2025-01-02,09:31:00,603817.SH,海峡环保,卖出,5.589,-4100,-22914.08,6.87,22.91
2025-01-02,09:31:00,605599.SH,菜百股份,买入,11.844,1700,20134.19,6.04,0.00
2025-01-02,09:31:00,603676.SH,卫信康,卖出,9.930,-1200,-11916.12,5.00,11.92
2025-01-02,09:31:00,605118.SH,力鼎光电,买入,17.475,1300,22717.34,6.82,0.00
2025-01-02,09:31:00,603848.SH,好太太,卖出,16.427,-1400,-22997.91,6.90,23.00
2025-01-02,09:31:00,603886.SH,元祖股份,买入,14.509,1000,14508.96,5.00,0.00
2025-01-02,09:31:00,605300.SH,佳禾食品,卖出,13.992,-700,-9794.37,5.00,9.79
2024-12-02,09:31:00,603817.SH,海峡环保,买入,5.992,1000,5991.96,5.00,0.00
2024-12-02,09:31:00,605300.SH,佳禾食品,买入,17.234,700,12064.08,5.00,0.00
2024-12-02,09:31:00,605388.SH,均瑶健康,买入,7.234,1900,13745.44,5.00,0.00
2024-12-02,09:31:00,603101.SH,汇嘉时代,卖出,7.744,-2800,-21684.54,6.51,21.68
2024-12-02,09:31:00,605318.SH,法狮龙,卖出,19.870,-1000,-19870.18,5.96,19.87
2024-12-02,09:31:00,603012.SH,创力集团,买入,5.481,2900,15894.73,5.00,0.00
2024-12-02,09:31:00,605001.SH,威奥股份,卖出,6.228,-2300,-14323.30,5.00,14.32
2024-12-02,09:31:00,603916.SH,苏博特,买入,8.417,1600,13466.88,5.00,0.00
2024-12-02,09:31:00,601002.SH,晋亿实业,卖出,4.481,-3200,-14339.26,5.00,14.34
2024-12-02,09:31:00,603587.SH,地素时尚,买入,12.505,1400,17506.94,5.25,0.00
2024-12-02,09:31:00,605086.SH,龙高股份,卖出,27.335,-500,-13667.61,5.00,13.67
2024-12-02,09:31:00,603030.SH,全筑股份,卖出,2.804,-5200,-14582.78,5.00,14.58
2024-12-02,09:31:00,605389.SH,长龄液压,买入,25.731,500,12865.68,5.00,0.00
2024-12-02,09:31:00,603600.SH,永艺股份,卖出,11.627,-1900,-22090.73,6.63,22.09
2024-12-02,09:31:00,601010.SH,ST文峰,卖出,2.365,-7000,-16556.82,5.00,16.56
2024-12-02,09:31:00,603630.SH,拉芳家化,买入,13.798,100,1379.75,5.00,0.00
2024-12-02,09:31:00,603848.SH,好太太,买入,16.593,1400,23230.37,6.97,0.00
2024-12-02,09:31:00,603759.SH,海天股份,卖出,7.126,-2600,-18526.87,5.56,18.53
2024-12-02,09:31:00,600865.SH,百大集团,卖出,9.900,-1800,-17820.29,5.35,17.82
2024-12-02,09:31:00,605166.SH,聚合顺,买入,11.673,1400,16342.62,5.00,0.00
2024-12-02,09:31:00,603339.SH,四方科技,卖出,12.854,-1000,-12854.24,5.00,12.85
2024-12-02,09:31:00,605089.SH,味知香,买入,25.551,400,10220.40,5.00,0.00
2024-12-02,09:31:00,600731.SH,湖南海利,卖出,6.228,-2700,-16814.30,5.04,16.81
2024-12-02,09:31:00,601616.SH,广电电气,卖出,3.802,-4200,-15970.00,5.00,15.97
2024-12-02,09:31:00,603676.SH,卫信康,卖出,10.579,-200,-2115.76,5.00,2.12
2024-12-02,09:31:00,603429.SH,*ST集友,卖出,7.385,-1600,-11816.32,5.00,11.82
2024-12-02,09:31:00,603330.SH,天洋新材,卖出,7.196,-1800,-12952.04,5.00,12.95
2024-12-02,09:31:00,603987.SH,康德莱,买入,7.786,2000,15571.08,5.00,0.00
2024-12-02,09:31:00,601956.SH,东贝集团,买入,5.361,3000,16082.10,5.00,0.00
2024-12-02,09:31:00,605286.SH,同力天启,买入,34.038,500,17018.97,5.11,0.00
2024-12-02,09:31:00,603689.SH,皖天然气,买入,9.168,2300,21087.09,6.33,0.00
2024-12-02,09:31:00,603811.SH,诚意药业,买入,8.226,1700,13984.91,5.00,0.00
2024-12-02,09:31:00,603697.SH,有友食品,卖出,11.287,-1600,-18059.81,5.42,18.06
2024-12-02,09:31:00,603966.SH,法兰泰克,买入,8.186,2200,18009.95,5.40,0.00
2024-12-02,09:31:00,603170.SH,宝立食品,买入,16.222,800,12977.90,5.00,0.00
2024-11-01,09:31:00,600929.SH,雪天盐业,卖出,5.569,-2400,-13365.22,5.00,13.37
2024-11-01,09:31:00,603817.SH,海峡环保,买入,5.671,3100,17581.09,5.27,0.00
2024-11-01,09:31:00,601963.SH,重庆银行,卖出,8.473,-2800,-23724.46,7.12,23.72
2024-11-01,09:31:00,601010.SH,ST文峰,买入,2.214,7000,15500.94,5.00,0.00
2024-11-01,09:31:00,601528.SH,瑞丰银行,卖出,5.160,-3100,-15994.95,5.00,15.99
2024-11-01,09:31:00,603630.SH,拉芳家化,买入,12.355,1100,13590.13,5.00,0.00
2024-11-01,09:31:00,600731.SH,湖南海利,买入,6.252,2700,16881.70,5.06,0.00
2024-11-01,09:31:00,603330.SH,天洋新材,买入,6.543,1800,11777.51,5.00,0.00
2024-11-01,09:31:00,603066.SH,音飞储存,卖出,11.058,-1300,-14375.19,5.00,14.38
2024-11-01,09:31:00,603227.SH,雪峰科技,卖出,8.782,-2400,-21077.76,6.32,21.08
2024-11-01,09:31:00,603697.SH,有友食品,买入,8.988,1600,14380.70,5.00,0.00
2024-11-01,09:31:00,603429.SH,*ST集友,买入,7.665,1600,12264.48,5.00,0.00
2024-11-01,09:31:00,605001.SH,威奥股份,买入,6.553,2300,15072.08,5.00,0.00
2024-11-01,09:31:00,601002.SH,晋亿实业,买入,4.659,3200,14909.76,5.00,0.00
2024-11-01,09:31:00,603299.SH,苏盐井神,卖出,11.178,-1900,-21237.44,6.37,21.24
2024-11-01,09:31:00,603214.SH,爱婴室,卖出,18.403,-800,-14722.50,5.00,14.72
2024-11-01,09:31:00,600742.SH,富维股份,卖出,8.932,-2000,-17864.20,5.36,17.86
2024-11-01,09:31:00,603339.SH,四方科技,买入,14.329,1000,14328.60,5.00,0.00
2024-11-01,09:31:00,601326.SH,秦港股份,卖出,3.373,-3300,-11131.69,5.00,11.13
2024-11-01,09:31:00,603016.SH,新宏泰,卖出,32.385,-200,-6477.02,5.00,6.48
2024-11-01,09:31:00,603199.SH,九华旅游,卖出,34.112,-300,-10233.49,5.00,10.23
2024-11-01,09:31:00,603699.SH,纽威股份,卖出,21.776,-600,-13065.82,5.00,13.07
2024-11-01,09:31:00,601200.SH,上海环境,卖出,8.363,-1800,-15053.83,5.00,15.05
2024-11-01,09:31:00,603759.SH,海天股份,买入,6.663,2600,17324.58,5.20,0.00
2024-11-01,09:31:00,605318.SH,法狮龙,买入,22.715,1000,22715.34,6.81,0.00
2024-11-01,09:31:00,603030.SH,全筑股份,买入,2.355,5200,12244.44,5.00,0.00
2024-11-01,09:31:00,603600.SH,永艺股份,买入,12.475,1900,23702.31,7.11,0.00
2024-11-01,09:31:00,603676.SH,卫信康,买入,10.020,1400,14028.00,5.00,0.00
2024-11-01,09:31:00,605086.SH,龙高股份,卖出,30.948,-400,-12379.19,5.00,12.38
2024-11-01,09:31:00,603101.SH,汇嘉时代,买入,5.902,2800,16524.98,5.00,0.00
2024-11-01,09:31:00,601616.SH,广电电气,买入,3.968,4200,16665.26,5.00,0.00
2024-11-01,09:31:00,605378.SH,野马电池,买入,17.214,800,13771.49,5.00,0.00
2024-11-01,09:31:00,600865.SH,百大集团,买入,12.625,1800,22725.36,6.82,0.00
2024-10-08,09:31:00,600929.SH,雪天盐业,买入,6.743,2400,16184.30,5.00,0.00
2024-10-08,09:31:00,603016.SH,新宏泰,买入,23.156,200,4631.24,5.00,0.00
2024-10-08,09:31:00,603688.SH,石英股份,卖出,32.934,-600,-19760.40,5.93,19.76
2024-10-08,09:31:00,601326.SH,秦港股份,买入,4.008,3300,13226.40,5.00,0.00
2024-10-08,09:31:00,603833.SH,欧派家居,卖出,68.533,-200,-13706.53,5.00,13.71
2024-10-08,09:31:00,603227.SH,雪峰科技,买入,8.908,2400,21378.67,6.41,0.00
2024-10-08,09:31:00,605098.SH,行动教育,卖出,45.160,-300,-13547.85,5.00,13.55
2024-10-08,09:31:00,601528.SH,瑞丰银行,买入,5.902,3100,18295.52,5.49,0.00
2024-10-08,09:31:00,603816.SH,顾家家居,卖出,33.902,-700,-23731.44,7.12,23.73
2024-10-08,09:31:00,600060.SH,海信视像,卖出,24.341,-500,-12170.61,5.00,12.17
2024-10-08,09:31:00,601963.SH,重庆银行,买入,8.627,2800,24156.22,7.25,0.00
2024-10-08,09:31:00,603199.SH,九华旅游,买入,42.184,300,12655.26,5.00,0.00
2024-10-08,09:31:00,603214.SH,爱婴室,买入,16.914,800,13531.01,5.00,0.00
2024-10-08,09:31:00,603066.SH,音飞储存,买入,11.573,1300,15045.03,5.00,0.00
2024-10-08,09:31:00,600557.SH,康缘药业,卖出,16.966,-1000,-16966.00,5.09,16.97
2024-10-08,09:31:00,603883.SH,老百姓,卖出,18.952,-1200,-22742.42,6.82,22.74
2024-10-08,09:31:00,601865.SH,福莱特,卖出,22.196,-700,-15536.86,5.00,15.54
2024-10-08,09:31:00,600133.SH,东湖高新,卖出,10.938,-1400,-15313.31,5.00,15.31
2024-10-08,09:31:00,600702.SH,舍得酒业,卖出,65.728,-200,-13145.66,5.00,13.15
2024-10-08,09:31:00,600742.SH,富维股份,买入,9.840,2000,19679.28,5.90,0.00
2024-10-08,09:31:00,601699.SH,潞安环能,卖出,18.962,-1000,-18962.00,5.69,18.96
2024-10-08,09:31:00,002466.SZ,天齐锂业,卖出,38.643,-500,-19321.28,5.80,19.32
2024-10-08,09:31:00,002459.SZ,晶澳科技,卖出,14.880,-1200,-17856.22,5.36,17.86
2024-10-08,09:31:00,601200.SH,上海环境,买入,9.248,1800,16647.23,5.00,0.00
2024-10-08,09:31:00,603882.SH,金域医学,卖出,40.519,-400,-16207.52,5.00,16.21
2024-10-08,09:31:00,603699.SH,纽威股份,买入,23.487,600,14092.13,5.00,0.00
2024-10-08,09:31:00,603517.SH,ST绝味,卖出,18.363,-600,-11017.92,5.00,11.02
2024-10-08,09:31:00,600449.SH,宁夏建材,卖出,13.972,-700,-9780.40,5.00,9.78
2024-10-08,09:31:00,002154.SZ,报喜鸟,卖出,4.770,-3200,-15265.41,5.00,15.27
2024-10-08,09:31:00,603801.SH,志邦家居,卖出,14.132,-1300,-18371.18,5.51,18.37
2024-10-08,09:31:00,605086.SH,龙高股份,买入,22.976,900,20678.27,6.20,0.00
2024-10-08,09:31:00,603679.SH,华体科技,卖出,13.433,-700,-9403.16,5.00,9.40
2024-10-08,09:31:00,603299.SH,苏盐井神,买入,12.856,1900,24425.75,7.33,0.00
2024-10-08,09:31:00,600481.SH,双良节能,卖出,5.080,-3900,-19811.30,5.94,19.81
2024-09-02,09:31:00,605098.SH,行动教育,卖出,32.724,-100,-3272.44,5.00,3.27
2024-09-02,09:31:00,603688.SH,石英股份,买入,24.509,200,4901.78,5.00,0.00
2024-09-02,09:31:00,600060.SH,海信视像,买入,15.551,500,7775.52,5.00,0.00
2024-09-02,09:31:00,603816.SH,顾家家居,买入,23.808,700,16665.26,5.00,0.00
2024-09-02,09:31:00,603466.SH,风语筑,卖出,7.056,-1200,-8467.03,5.00,8.47
2024-09-02,09:31:00,603517.SH,ST绝味,买入,12.926,600,7755.48,5.00,0.00
2024-09-02,09:31:00,603883.SH,老百姓,买入,13.156,500,6578.13,5.00,0.00
2024-09-02,09:31:00,600133.SH,东湖高新,买入,7.545,1400,10563.08,5.00,0.00
2024-09-02,09:31:00,603679.SH,华体科技,买入,10.842,700,7589.15,5.00,0.00
2024-09-02,09:31:00,002865.SZ,钧达股份,卖出,39.201,-300,-11760.43,5.00,11.76
2024-09-02,09:31:00,600499.SH,科达制造,卖出,7.006,-1800,-12610.73,5.00,12.61
2024-09-02,09:31:00,605168.SH,三人行,卖出,25.459,-500,-12729.49,5.00,12.73
2024-09-02,09:31:00,002803.SZ,吉宏股份,卖出,10.200,-1300,-13259.43,5.00,13.26
2024-09-02,09:31:00,603801.SH,志邦家居,买入,9.579,400,3831.65,5.00,0.00
2024-09-02,09:31:00,600481.SH,双良节能,买入,3.908,1100,4298.58,5.00,0.00
2024-09-02,09:31:00,600612.SH,老凤祥,卖出,50.948,-300,-15284.37,5.00,15.28
2024-09-02,09:31:00,605266.SH,健之佳,卖出,19.212,-400,-7684.60,5.00,7.68
2024-09-02,09:31:00,600557.SH,康缘药业,买入,13.136,1000,13136.22,5.00,0.00
2024-09-02,09:31:00,600449.SH,宁夏建材,买入,9.579,700,6705.38,5.00,0.00
2024-09-02,09:31:00,603626.SH,科森科技,卖出,9.012,-2000,-18023.88,5.41,18.02
2024-09-02,09:31:00,002154.SZ,报喜鸟,买入,3.477,3200,11126.21,5.00,0.00
2024-09-02,09:31:00,601865.SH,福莱特,买入,18.056,100,1805.60,5.00,0.00
2024-09-02,09:31:00,601699.SH,潞安环能,买入,14.118,200,2823.64,5.00,0.00
2024-08-01,09:31:00,603626.SH,科森科技,买入,5.090,2000,10180.32,5.00,0.00
2024-08-01,09:31:00,605098.SH,行动教育,买入,32.625,400,13050.05,5.00,0.00
2024-08-01,09:31:00,600589.SH,大位科技,卖出,2.794,-2400,-6706.56,5.00,6.71
2024-08-01,09:31:00,002865.SZ,钧达股份,买入,38.246,100,3824.63,5.00,0.00
2024-08-01,09:31:00,603197.SH,保隆科技,卖出,32.255,-300,-9676.61,5.00,9.68
2024-08-01,09:31:00,603883.SH,老百姓,买入,14.008,100,1400.80,5.00,0.00
2024-08-01,09:31:00,002459.SZ,晶澳科技,买入,10.842,300,3252.49,5.00,0.00
2024-08-01,09:31:00,603517.SH,ST绝味,卖出,15.389,-1100,-16928.08,5.08,16.93
2024-08-01,09:31:00,603499.SH,翔港科技,卖出,15.369,-600,-9221.52,5.00,9.22
2024-08-01,09:31:00,601865.SH,福莱特,买入,18.637,600,11182.32,5.00,0.00
2024-08-01,09:31:00,603305.SH,旭升集团,卖出,10.040,-1200,-12047.86,5.00,12.05
2024-08-01,09:31:00,002812.SZ,恩捷股份,卖出,30.798,-400,-12319.31,5.00,12.32
2024-08-01,09:31:00,605266.SH,健之佳,买入,21.373,400,8549.06,5.00,0.00
2024-08-01,09:31:00,603833.SH,欧派家居,买入,45.811,200,9162.29,5.00,0.00
2024-08-01,09:31:00,601699.SH,潞安环能,买入,15.862,800,12689.33,5.00,0.00
2024-08-01,09:31:00,603566.SH,普莱柯,卖出,12.794,-1000,-12794.36,5.00,12.79
2024-08-01,09:31:00,603882.SH,金域医学,卖出,29.371,-100,-2937.11,5.00,2.94
2024-08-01,09:31:00,605123.SH,派克新材,卖出,52.285,-200,-10457.04,5.00,10.46
2024-08-01,09:31:00,600612.SH,老凤祥,买入,52.785,300,15835.61,5.00,0.00
2024-08-01,09:31:00,600481.SH,双良节能,卖出,4.461,-100,-446.11,5.00,0.45
2024-08-01,09:31:00,600499.SH,科达制造,买入,7.275,1800,13094.14,5.00,0.00
2024-08-01,09:31:00,002030.SZ,达安基因,卖出,5.090,-2400,-12215.52,5.00,12.22
2024-08-01,09:31:00,603801.SH,志邦家居,买入,11.433,900,10289.54,5.00,0.00
2024-07-01,09:31:00,002803.SZ,吉宏股份,买入,11.122,1300,14458.86,5.00,0.00
2024-07-01,09:31:00,603706.SH,东方环宇,卖出,14.830,-400,-5932.11,5.00,5.93
2024-07-01,09:31:00,605077.SH,华康股份,卖出,15.389,-700,-10772.41,5.00,10.77
2024-07-01,09:31:00,605098.SH,行动教育,卖出,42.904,-200,-8580.80,5.00,8.58
2024-07-01,09:31:00,601018.SH,宁波港,卖出,3.393,-4700,-15948.04,5.00,15.95
2024-07-01,09:31:00,603499.SH,翔港科技,买入,13.557,600,8134.24,5.00,0.00
2024-07-01,09:31:00,603882.SH,金域医学,买入,27.445,500,13722.39,5.00,0.00
2024-07-01,09:31:00,605123.SH,派克新材,买入,56.082,200,11216.39,5.00,0.00
2024-07-01,09:31:00,605368.SH,蓝天燃气,卖出,13.583,-1100,-14941.06,5.00,14.94
2024-07-01,09:31:00,002459.SZ,晶澳科技,买入,11.303,900,10172.30,5.00,0.00
2024-07-01,09:31:00,002865.SZ,钧达股份,买入,38.998,200,7799.57,5.00,0.00
2024-07-01,09:31:00,002749.SZ,国光股份,卖出,15.120,-700,-10583.79,5.00,10.58
2024-07-01,09:31:00,603517.SH,ST绝味,买入,15.471,1100,17017.97,5.11,0.00
2024-07-01,09:31:00,603355.SH,莱克电气,卖出,21.647,-400,-8658.65,5.00,8.66
2024-07-01,09:31:00,002469.SZ,三维化学,卖出,5.739,-2600,-14920.10,5.00,14.92
2024-07-01,09:31:00,603551.SH,奥普科技,卖出,9.770,-900,-8793.38,5.00,8.79
2024-07-01,09:31:00,603897.SH,长城科技,卖出,17.585,-500,-8792.38,5.00,8.79
2024-07-01,09:31:00,000906.SZ,浙商中拓,卖出,6.766,-2600,-17592.74,5.28,17.59
2024-07-01,09:31:00,002812.SZ,恩捷股份,买入,31.723,400,12689.33,5.00,0.00
2024-07-01,09:31:00,605168.SH,三人行,买入,26.252,500,13126.20,5.00,0.00
2024-07-01,09:31:00,600702.SH,舍得酒业,买入,57.204,200,11440.84,5.00,0.00
2024-07-01,09:31:00,600162.SH,香江控股,卖出,1.327,-5000,-6636.70,5.00,6.64
2024-07-01,09:31:00,603558.SH,健盛集团,卖出,10.010,-900,-9008.95,5.00,9.01
2024-07-01,09:31:00,601963.SH,重庆银行,卖出,7.744,-2700,-20910.10,6.27,20.91
2024-07-01,09:31:00,600020.SH,中原高速,卖出,3.553,-4300,-15277.38,5.00,15.28
2024-07-01,09:31:00,002466.SZ,天齐锂业,买入,29.669,500,14834.61,5.00,0.00
2024-07-01,09:31:00,603983.SH,丸美生物,卖出,27.615,-400,-11045.86,5.00,11.05
2024-07-01,09:31:00,603688.SH,石英股份,买入,29.860,400,11943.84,5.00,0.00
2024-07-01,09:31:00,600481.SH,双良节能,买入,4.719,2900,13686.32,5.00,0.00
2024-07-01,09:31:00,603305.SH,旭升集团,买入,10.611,1200,12733.42,5.00,0.00
2024-07-01,09:31:00,603883.SH,老百姓,买入,18.377,600,11026.01,5.00,0.00
2024-07-01,09:31:00,601811.SH,新华文轩,卖出,14.002,-700,-9801.36,5.00,9.80
2024-07-01,09:31:00,600589.SH,大位科技,买入,3.327,2400,7983.94,5.00,0.00
2024-07-01,09:31:00,603197.SH,保隆科技,买入,31.743,300,9523.01,5.00,0.00
2024-07-01,09:31:00,603466.SH,风语筑,买入,8.457,1200,10148.26,5.00,0.00
2024-07-01,09:31:00,600548.SH,深高速,卖出,10.808,-1900,-20535.85,6.16,20.54
2024-07-01,09:31:00,603566.SH,普莱柯,买入,13.707,1000,13707.36,5.00,0.00
2024-07-01,09:31:00,601187.SH,厦门银行,卖出,5.339,-3600,-19221.48,5.77,19.22
2024-07-01,09:31:00,603132.SH,金徽股份,卖出,13.902,-600,-8341.28,5.00,8.34
2024-07-01,09:31:00,002030.SZ,达安基因,买入,5.030,2400,12072.10,5.00,0.00
2024-06-03,09:31:00,002884.SZ,凌霄泵业,卖出,20.359,-500,-10179.60,5.00,10.18
2024-06-03,09:31:00,002749.SZ,国光股份,买入,17.976,100,1797.59,5.00,0.00
2024-06-03,09:31:00,002818.SZ,富森美,卖出,13.383,-1300,-17398.13,5.22,17.40
2024-06-03,09:31:00,603365.SH,水星家纺,卖出,19.112,-600,-11467.02,5.00,11.47
2024-06-03,09:31:00,603132.SH,金徽股份,买入,13.687,600,8212.39,5.00,0.00
2024-06-03,09:31:00,603165.SH,荣晟环保,卖出,11.377,-700,-7964.04,5.00,7.96
2024-06-03,09:31:00,605077.SH,华康股份,买入,16.353,700,11446.85,5.00,0.00
2024-06-03,09:31:00,000906.SZ,浙商中拓,买入,7.625,500,3812.61,5.00,0.00
2024-06-03,09:31:00,603897.SH,长城科技,买入,21.012,100,2101.19,5.00,0.00
2024-06-03,09:31:00,605009.SH,豪悦护理,卖出,45.169,-100,-4516.95,5.00,4.52
2024-06-03,09:31:00,600020.SH,中原高速,买入,3.627,4300,15597.13,5.00,0.00
2024-06-03,09:31:00,601811.SH,新华文轩,卖出,15.010,-100,-1500.99,5.00,1.50
2024-06-03,09:31:00,603355.SH,莱克电气,卖出,26.577,-200,-5315.35,5.00,5.32
2024-06-03,09:31:00,605368.SH,蓝天燃气,买入,13.397,200,2679.35,5.00,0.00
2024-06-03,09:31:00,603551.SH,奥普科技,买入,11.974,100,1197.39,5.00,0.00
2024-06-03,09:31:00,603983.SH,丸美生物,买入,30.000,400,11999.95,5.00,0.00
2024-06-03,09:31:00,600618.SH,氯碱化工,卖出,9.481,-1600,-15169.60,5.00,15.17
2024-06-03,09:31:00,603519.SH,立霸股份,卖出,13.293,-1000,-13293.36,5.00,13.29
2024-06-03,09:31:00,603706.SH,东方环宇,买入,16.874,400,6749.47,5.00,0.00
2024-06-03,09:31:00,600162.SH,香江控股,买入,1.764,5000,8817.60,5.00,0.00
2024-06-03,09:31:00,002469.SZ,三维化学,买入,6.032,2600,15683.30,5.00,0.00
2024-06-03,09:31:00,600548.SH,深高速,买入,10.751,100,1075.15,5.00,0.00
2024-06-03,09:31:00,601018.SH,宁波港,买入,3.547,4700,16671.28,5.00,0.00
2024-06-03,09:31:00,603408.SH,建霖家居,卖出,14.860,-800,-11888.18,5.00,11.89
2024-05-06,09:31:00,002878.SZ,元隆雅图,卖出,14.271,-900,-12844.26,5.00,12.84
2024-05-06,09:31:00,603399.SH,永杉锂业,卖出,7.555,-2200,-16620.69,5.00,16.62
2024-05-06,09:31:00,601187.SH,厦门银行,买入,5.641,3600,20308.54,6.09,0.00
2024-05-06,09:31:00,603259.SH,药明康德,卖出,44.261,-100,-4426.13,5.00,4.43
2024-05-06,09:31:00,603165.SH,荣晟环保,买入,12.024,700,8416.80,5.00,0.00
2024-05-06,09:31:00,603258.SH,电魂网络,卖出,18.693,-600,-11215.52,5.00,11.22
2024-05-06,09:31:00,603383.SH,顶点软件,卖出,38.912,-200,-7782.40,5.00,7.78
2024-05-06,09:31:00,600266.SH,城建发展,卖出,4.062,-4100,-16653.63,5.00,16.65
2024-05-06,09:31:00,002884.SZ,凌霄泵业,买入,22.345,500,11172.30,5.00,0.00
2024-05-06,09:31:00,002568.SZ,百润股份,卖出,20.868,-900,-18781.36,5.63,18.78
2024-05-06,09:31:00,603355.SH,莱克电气,买入,26.934,600,16160.26,5.00,0.00
2024-05-06,09:31:00,603332.SH,苏州龙杰,卖出,8.134,-2100,-17080.77,5.12,17.08
2024-05-06,09:31:00,603365.SH,水星家纺,买入,18.948,600,11368.69,5.00,0.00
2024-05-06,09:31:00,002795.SZ,永和智控,卖出,4.212,-2300,-9686.59,5.00,9.69
2024-05-06,09:31:00,603353.SH,和顺石油,卖出,16.507,-800,-13205.54,5.00,13.21
2024-05-06,09:31:00,002952.SZ,亚世光电,卖出,24.740,-200,-4948.08,5.00,4.95
2024-05-06,09:31:00,003011.SZ,海象新材,卖出,15.289,-1300,-19876.17,5.96,19.88
2024-05-06,09:31:00,000906.SZ,浙商中拓,买入,7.776,2100,16328.59,5.00,0.00
2024-05-06,09:31:00,603185.SH,弘元绿能,卖出,22.395,-500,-11197.56,5.00,11.20
2024-05-06,09:31:00,601963.SH,重庆银行,买入,7.575,2700,20452.82,6.14,0.00
2024-05-06,09:31:00,603897.SH,长城科技,买入,20.992,400,8396.76,5.00,0.00
2024-05-06,09:31:00,000421.SZ,南京公用,卖出,4.760,-2600,-12377.20,5.00,12.38
2024-05-06,09:31:00,002818.SZ,富森美,买入,14.459,1300,18796.52,5.64,0.00
2024-05-06,09:31:00,002749.SZ,国光股份,买入,16.303,600,9781.52,5.00,0.00
2024-05-06,09:31:00,600548.SH,深高速,买入,10.120,1800,18216.36,5.46,0.00
2024-05-06,09:31:00,600618.SH,氯碱化工,买入,9.519,1600,15230.40,5.00,0.00
2024-05-06,09:31:00,605098.SH,行动教育,买入,53.176,200,10635.23,5.00,0.00
2024-05-06,09:31:00,600326.SH,西藏天路,卖出,4.052,-4300,-17423.08,5.23,17.42
2024-05-06,09:31:00,002821.SZ,凯莱英,卖出,84.101,-100,-8410.15,5.00,8.41
2024-05-06,09:31:00,603408.SH,建霖家居,买入,16.162,800,12929.81,5.00,0.00
2024-05-06,09:31:00,603558.SH,健盛集团,买入,11.232,900,10109.18,5.00,0.00
2024-05-06,09:31:00,600383.SH,金地集团,卖出,4.032,-3800,-15321.30,5.00,15.32
2024-05-06,09:31:00,603551.SH,奥普科技,买入,11.563,800,9250.46,5.00,0.00
2024-05-06,09:31:00,605368.SH,蓝天燃气,买入,12.625,900,11362.68,5.00,0.00
2024-05-06,09:31:00,002192.SZ,融捷股份,卖出,37.804,-300,-11341.27,5.00,11.34
2024-05-06,09:31:00,603519.SH,立霸股份,买入,12.715,1000,12715.38,5.00,0.00
2024-05-06,09:31:00,601811.SH,新华文轩,买入,14.248,800,11398.75,5.00,0.00
2024-05-06,09:31:00,605009.SH,豪悦护理,买入,45.701,100,4570.12,5.00,0.00
2024-05-06,09:31:00,603203.SH,快克智能,卖出,22.116,-700,-15480.98,5.00,15.48
2024-04-01,09:31:00,002568.SZ,百润股份,买入,18.066,900,16259.45,5.00,0.00
2024-04-01,09:31:00,600665.SH,天地源,卖出,2.774,-4000,-11097.76,5.00,11.10
2024-04-01,09:31:00,603399.SH,永杉锂业,买入,7.665,200,1533.06,5.00,0.00
2024-04-01,09:31:00,002192.SZ,融捷股份,买入,39.379,300,11813.58,5.00,0.00
2024-04-01,09:31:00,600266.SH,城建发展,买入,3.958,4100,16227.39,5.00,0.00
2024-04-01,09:31:00,002795.SZ,永和智控,买入,5.361,100,536.07,5.00,0.00
2024-04-01,09:31:00,605218.SH,伟时电子,卖出,20.379,-600,-12227.50,5.00,12.23
2024-04-01,09:31:00,003011.SZ,海象新材,买入,15.872,600,9523.01,5.00,0.00
2024-04-01,09:31:00,603002.SH,宏昌电子,卖出,5.569,-2800,-15592.75,5.00,15.59
2024-04-01,09:31:00,600828.SH,茂业商业,卖出,3.293,-4000,-13173.60,5.00,13.17
2024-04-01,09:31:00,600326.SH,西藏天路,买入,3.888,400,1555.10,5.00,0.00
2024-04-01,09:31:00,600383.SH,金地集团,买入,3.788,3800,14392.73,5.00,0.00
2024-04-01,09:31:00,603788.SH,宁波高发,卖出,13.882,-1100,-15270.40,5.00,15.27
2024-04-01,09:31:00,603326.SH,我乐家居,卖出,7.595,-1700,-12911.13,5.00,12.91
2024-04-01,09:31:00,000421.SZ,南京公用,买入,5.150,200,1030.06,5.00,0.00
2024-04-01,09:31:00,605086.SH,龙高股份,卖出,24.531,-600,-14718.50,5.00,14.72
2024-04-01,09:31:00,002632.SZ,道明光学,卖出,8.623,-2300,-19832.26,5.95,19.83
2024-04-01,09:31:00,603949.SH,雪龙集团,卖出,15.110,-900,-13598.75,5.00,13.60
2024-04-01,09:31:00,600287.SH,苏豪时尚,卖出,5.000,-2500,-12499.95,5.00,12.50
2024-04-01,09:31:00,603383.SH,顶点软件,买入,37.365,200,7472.92,5.00,0.00
2024-04-01,09:31:00,603203.SH,快克智能,买入,20.070,700,14049.04,5.00,0.00
2024-04-01,09:31:00,603259.SH,药明康德,买入,46.363,100,4636.25,5.00,0.00
2024-04-01,09:31:00,603185.SH,弘元绿能,买入,24.258,500,12129.21,5.00,0.00
2024-04-01,09:31:00,603353.SH,和顺石油,买入,17.264,200,3452.89,5.00,0.00
2024-04-01,09:31:00,002952.SZ,亚世光电,买入,27.575,200,5515.01,5.00,0.00
2024-04-01,09:31:00,603023.SH,威帝股份,卖出,4.042,-3400,-13742.46,5.00,13.74
2024-04-01,09:31:00,002821.SZ,凯莱英,买入,86.172,100,8617.20,5.00,0.00
2024-04-01,09:31:00,603332.SH,苏州龙杰,买入,8.407,700,5884.75,5.00,0.00
2024-03-01,09:31:00,600665.SH,天地源,买入,2.725,4000,10901.76,5.00,0.00
2024-03-01,09:31:00,603326.SH,我乐家居,买入,7.064,1700,12008.97,5.00,0.00
2024-03-01,09:31:00,003011.SZ,海象新材,买入,15.531,700,10871.70,5.00,0.00
2024-03-01,09:31:00,600326.SH,西藏天路,买入,3.757,3900,14654.25,5.00,0.00
2024-03-01,09:31:00,601900.SH,南方传媒,卖出,13.493,-1300,-17540.85,5.26,17.54
2024-03-01,09:31:00,601615.SH,明阳智能,卖出,10.239,-1300,-13311.32,5.00,13.31
2024-03-01,09:31:00,002536.SZ,飞龙股份,卖出,12.156,-1000,-12155.64,5.00,12.16
2024-03-01,09:31:00,603949.SH,雪龙集团,买入,14.088,200,2817.62,5.00,0.00
2024-03-01,09:31:00,002821.SZ,凯莱英,卖出,101.666,-100,-10166.63,5.00,10.17
2024-03-01,09:31:00,603185.SH,弘元绿能,卖出,28.004,-500,-14001.94,5.00,14.00
2024-03-01,09:31:00,002585.SZ,双星新材,卖出,6.577,-1900,-12495.96,5.00,12.50
2024-03-01,09:31:00,603383.SH,顶点软件,卖出,42.215,-300,-12664.62,5.00,12.66
2024-03-01,09:31:00,605218.SH,伟时电子,买入,18.377,100,1837.67,5.00,0.00
2024-03-01,09:31:00,002497.SZ,雅化集团,卖出,11.437,-1100,-12580.79,5.00,12.58
2024-03-01,09:31:00,603399.SH,永杉锂业,买入,7.986,600,4791.56,5.00,0.00
2024-03-01,09:31:00,002201.SZ,九鼎新材,卖出,5.659,-2200,-12449.05,5.00,12.45
2024-03-01,09:31:00,002997.SZ,瑞鹄模具,卖出,26.706,-500,-13353.24,5.00,13.35
2024-03-01,09:31:00,603353.SH,和顺石油,买入,18.798,600,11278.51,5.00,0.00
2024-03-01,09:31:00,002803.SZ,吉宏股份,卖出,16.168,-800,-12934.08,5.00,12.93
2024-03-01,09:31:00,603929.SH,亚翔集成,卖出,20.090,-600,-12053.84,5.00,12.05
2024-03-01,09:31:00,002632.SZ,道明光学,买入,6.483,2300,14910.76,5.00,0.00
2024-03-01,09:31:00,603220.SH,中贝通信,卖出,33.413,-400,-13365.22,5.00,13.37
2024-03-01,09:31:00,000421.SZ,南京公用,买入,4.900,2400,11759.47,5.00,0.00
2024-03-01,09:31:00,600828.SH,茂业商业,买入,3.256,4000,13026.00,5.00,0.00
2024-03-01,09:31:00,603002.SH,宏昌电子,买入,5.100,2800,14280.50,5.00,0.00
2024-03-01,09:31:00,002795.SZ,永和智控,买入,4.830,300,1448.89,5.00,0.00
2024-03-01,09:31:00,600287.SH,苏豪时尚,买入,4.609,2500,11523.00,5.00,0.00
2024-03-01,09:31:00,603023.SH,威帝股份,买入,3.407,600,2044.08,5.00,0.00
2024-03-01,09:31:00,603788.SH,宁波高发,买入,11.884,1100,13072.09,5.00,0.00
2024-03-01,09:31:00,605086.SH,龙高股份,买入,21.343,600,12805.56,5.00,0.00
2024-03-01,09:31:00,002878.SZ,元隆雅图,买入,13.878,900,12489.93,5.00,0.00
2024-03-01,09:31:00,603332.SH,苏州龙杰,买入,7.605,1400,10647.25,5.00,0.00
2024-02-01,09:31:00,603220.SH,中贝通信,买入,23.868,400,9547.06,5.00,0.00
2024-02-01,09:31:00,603929.SH,亚翔集成,买入,16.924,600,10154.27,5.00,0.00
2024-02-01,09:31:00,603023.SH,威帝股份,买入,3.447,2800,9651.26,5.00,0.00
2024-02-01,09:31:00,002555.SZ,三七互娱,卖出,16.237,-200,-3247.49,5.00,3.25
2024-02-01,09:31:00,601900.SH,南方传媒,买入,11.052,800,8841.65,5.00,0.00
2024-02-01,09:31:00,601615.SH,明阳智能,买入,8.567,1300,11137.23,5.00,0.00
2024-02-01,09:31:00,002536.SZ,飞龙股份,买入,10.110,1000,10110.18,5.00,0.00
2024-02-01,09:31:00,600376.SH,首开股份,卖出,2.754,-3600,-9916.13,5.00,9.92
2024-02-01,09:31:00,002201.SZ,九鼎新材,买入,5.301,2200,11661.28,5.00,0.00
2024-02-01,09:31:00,002821.SZ,凯莱英,买入,90.180,100,9018.00,5.00,0.00
2024-02-01,09:31:00,601858.SH,中国科传,卖出,23.333,-300,-6999.97,5.00,7.00
2024-02-01,09:31:00,601949.SH,中国出版,卖出,7.485,-1000,-7485.00,5.00,7.49
2024-02-01,09:31:00,002497.SZ,雅化集团,买入,9.579,1100,10537.03,5.00,0.00
2024-02-01,09:31:00,600481.SH,双良节能,卖出,6.846,-1900,-13007.93,5.00,13.01
2024-02-01,09:31:00,002795.SZ,永和智控,买入,5.020,1900,9538.04,5.00,0.00
2024-02-01,09:31:00,002585.SZ,双星新材,买入,5.952,1900,11308.57,5.00,0.00
2024-02-01,09:31:00,603399.SH,永杉锂业,买入,6.844,1400,9581.12,5.00,0.00
2024-02-01,09:31:00,603258.SH,电魂网络,买入,18.086,300,5425.83,5.00,0.00
2024-02-01,09:31:00,002372.SZ,伟星新材,卖出,13.333,-1200,-15999.94,5.00,16.00
2024-02-01,09:31:00,605218.SH,伟时电子,买入,16.824,500,8411.79,5.00,0.00
2024-02-01,09:31:00,002803.SZ,吉宏股份,买入,14.339,800,11470.90,5.00,0.00
2024-02-01,09:31:00,601800.SH,中国交建,卖出,8.483,-2400,-20359.20,6.11,20.36
2024-02-01,09:31:00,600176.SH,中国巨石,卖出,9.132,-1600,-14610.72,5.00,14.61
2024-02-01,09:31:00,601336.SH,新华保险,卖出,30.050,-500,-15024.89,5.00,15.02
2024-02-01,09:31:00,603258.SH,电魂网络,买入,18.086,300,5425.83,5.00,0.00
2024-02-01,09:31:00,603399.SH,永杉锂业,买入,6.844,1400,9581.12,5.00,0.00
2024-02-01,09:31:00,002585.SZ,双星新材,买入,5.952,1900,11308.57,5.00,0.00
2024-02-01,09:31:00,601336.SH,新华保险,卖出,30.050,-500,-15024.89,5.00,15.02
2024-02-01,09:31:00,603949.SH,雪龙集团,买入,13.888,700,9721.40,5.00,0.00
2024-02-01,09:31:00,603383.SH,顶点软件,买入,36.403,200,7280.53,5.00,0.00
2024-02-01,09:31:00,601800.SH,中国交建,卖出,8.483,-2400,-20359.20,6.11,20.36
2024-02-01,09:31:00,600325.SH,华发股份,卖出,6.567,-2200,-14447.05,5.00,14.45
2024-02-01,09:31:00,002795.SZ,永和智控,买入,5.020,1900,9538.04,5.00,0.00
2024-01-02,09:31:00,600481.SH,双良节能,买入,8.347,600,5008.00,5.00,0.00
2024-01-02,09:31:00,002372.SZ,伟星新材,买入,14.529,400,5811.60,5.00,0.00
2024-01-02,09:31:00,000928.SZ,中钢国际,买入,5.852,300,1755.50,5.00,0.00
2024-01-02,09:31:00,603486.SH,科沃斯,卖出,41.447,-300,-12434.08,5.00,12.43
2024-01-02,09:31:00,601949.SH,中国出版,卖出,8.104,-200,-1620.75,5.00,1.62
2024-01-02,09:31:00,600325.SH,华发股份,买入,7.204,1100,7924.82,5.00,0.00
2024-01-02,09:31:00,600970.SH,中材国际,卖出,9.391,-1900,-17843.24,5.35,17.84
2024-01-02,09:31:00,600383.SH,金地集团,买入,4.379,200,875.75,5.00,0.00
2024-01-02,09:31:00,600438.SH,通威股份,卖出,24.850,-500,-12425.10,5.00,12.43
2024-01-02,09:31:00,600176.SH,中国巨石,买入,9.860,1600,15775.49,5.00,0.00
2024-01-02,09:31:00,601390.SH,中国中铁,卖出,5.679,-3300,-18739.45,5.62,18.74
2024-01-02,09:31:00,000090.SZ,天健集团,买入,4.599,3300,15177.29,5.00,0.00
2024-01-02,09:31:00,601138.SH,工业富联,卖出,14.880,-700,-10416.13,5.00,10.42
2024-01-02,09:31:00,603185.SH,弘元绿能,买入,33.126,200,6625.22,5.00,0.00
2024-01-02,09:31:00,601858.SH,中国科传,买入,24.860,300,7457.89,5.00,0.00
2024-01-02,09:31:00,601336.SH,新华保险,买入,31.142,100,3114.22,5.00,0.00
2024-01-02,09:31:00,603383.SH,顶点软件,买入,49.749,100,4974.93,5.00,0.00
2024-01-02,09:31:00,600376.SH,首开股份,买入,3.026,3600,10893.74,5.00,0.00
2024-01-02,09:31:00,601800.SH,中国交建,买入,7.585,200,1517.03,5.00,0.00
2024-01-02,09:31:00,002555.SZ,三七互娱,买入,20.210,200,4042.07,5.00,0.00
2024-01-02,09:31:00,603258.SH,电魂网络,卖出,23.543,-300,-7062.85,5.00,7.06
2024-01-02,09:31:00,600266.SH,城建发展,买入,4.840,1000,4839.66,5.00,0.00
2024-01-02,09:31:00,603611.SH,诺力股份,卖出,18.972,-900,-17074.78,5.12,17.07
2023-12-01,09:31:00,600325.SH,华发股份,买入,7.505,1100,8255.48,5.00,0.00
2023-12-01,09:31:00,603855.SH,华荣股份,卖出,19.760,-500,-9880.20,5.00,9.88
2023-12-01,09:31:00,600057.SH,厦门象屿,卖出,6.627,-2900,-19217.49,5.77,19.22
2023-12-01,09:31:00,002372.SZ,伟星新材,买入,14.860,800,11887.73,5.00,0.00
2023-12-01,09:31:00,601949.SH,中国出版,卖出,8.573,-900,-7715.54,5.00,7.72
2023-12-01,09:31:00,603855.SH,华荣股份,卖出,19.760,-500,-9880.20,5.00,9.88
2023-12-01,09:31:00,000928.SZ,中钢国际,买入,6.022,1600,9635.23,5.00,0.00
2023-12-01,09:31:00,600057.SH,厦门象屿,卖出,6.627,-2900,-19217.49,5.77,19.22
2023-12-01,09:31:00,601138.SH,工业富联,买入,15.080,200,3016.02,5.00,0.00
2023-12-01,09:31:00,601858.SH,中国科传,卖出,28.393,-300,-8517.93,5.00,8.52
2023-12-01,09:31:00,000928.SZ,中钢国际,买入,6.022,1600,9635.23,5.00,0.00
2023-12-01,09:31:00,002624.SZ,完美世界,卖出,12.665,-1500,-18996.93,5.70,19.00
2023-12-01,09:31:00,600266.SH,城建发展,买入,5.281,900,4752.49,5.00,0.00
2023-12-01,09:31:00,605168.SH,三人行,卖出,67.465,-100,-6746.48,5.00,6.75
2023-12-01,09:31:00,002555.SZ,三七互娱,卖出,22.275,-800,-17820.29,5.35,17.82
2023-12-01,09:31:00,600325.SH,华发股份,买入,7.505,1100,8255.48,5.00,0.00
2023-12-01,09:31:00,600481.SH,双良节能,买入,8.577,1300,11150.26,5.00,0.00
2023-12-01,09:31:00,600970.SH,中材国际,买入,9.319,1900,17705.34,5.31,0.00
2023-12-01,09:31:00,603801.SH,志邦家居,卖出,18.673,-200,-3734.52,5.00,3.73
2023-12-01,09:31:00,601801.SH,皖新传媒,卖出,7.355,-1400,-10297.36,5.00,10.30
2023-12-01,09:31:00,601336.SH,新华保险,买入,31.082,400,12432.82,5.00,0.00
2023-12-01,09:31:00,600329.SH,达仁堂,卖出,35.698,-300,-10709.54,5.00,10.71
2023-12-01,09:31:00,600383.SH,金地集团,买入,5.130,300,1539.07,5.00,0.00
2023-12-01,09:31:00,601390.SH,中国中铁,买入,5.641,3300,18616.16,5.58,0.00
2023-12-01,09:31:00,601800.SH,中国交建,买入,7.735,900,6961.90,5.00,0.00
2023-12-01,09:31:00,600438.SH,通威股份,买入,24.389,500,12194.34,5.00,0.00
2023-12-01,09:31:00,601800.SH,中国交建,买入,7.735,900,6961.90,5.00,0.00
2023-12-01,09:31:00,601801.SH,皖新传媒,卖出,7.355,-1400,-10297.36,5.00,10.30
2023-12-01,09:31:00,002555.SZ,三七互娱,卖出,22.275,-800,-17820.29,5.35,17.82
2023-12-01,09:31:00,002624.SZ,完美世界,卖出,12.665,-1500,-18996.93,5.70,19.00
2023-12-01,09:31:00,600329.SH,达仁堂,卖出,35.698,-300,-10709.54,5.00,10.71
2023-12-01,09:31:00,601858.SH,中国科传,卖出,28.393,-300,-8517.93,5.00,8.52
2023-12-01,09:31:00,605168.SH,三人行,卖出,67.465,-100,-6746.48,5.00,6.75
2023-12-01,09:31:00,601336.SH,新华保险,买入,31.082,400,12432.82,5.00,0.00
2023-12-01,09:31:00,603801.SH,志邦家居,卖出,18.673,-200,-3734.52,5.00,3.73
2023-12-01,09:31:00,600383.SH,金地集团,买入,5.130,300,1539.07,5.00,0.00
2023-12-01,09:31:00,600481.SH,双良节能,买入,8.577,1300,11150.26,5.00,0.00
2023-12-01,09:31:00,601138.SH,工业富联,买入,15.080,200,3016.02,5.00,0.00
2023-12-01,09:31:00,601949.SH,中国出版,卖出,8.573,-900,-7715.54,5.00,7.72
2023-12-01,09:31:00,600970.SH,中材国际,买入,9.319,1900,17705.34,5.31,0.00
2023-12-01,09:31:00,601390.SH,中国中铁,买入,5.641,3300,18616.16,5.58,0.00
2023-12-01,09:31:00,600266.SH,城建发展,买入,5.281,900,4752.49,5.00,0.00
2023-12-01,09:31:00,600438.SH,通威股份,买入,24.389,500,12194.34,5.00,0.00
2023-12-01,09:31:00,002372.SZ,伟星新材,买入,14.860,800,11887.73,5.00,0.00
2023-11-01,09:31:00,600329.SH,达仁堂,买入,29.619,300,8885.74,5.00,0.00
2023-11-01,09:31:00,603399.SH,永杉锂业,卖出,10.788,-1100,-11867.22,5.00,11.87
2023-11-01,09:31:00,603876.SH,鼎胜新材,卖出,13.483,-1000,-13482.98,5.00,13.48
2023-11-01,09:31:00,601949.SH,中国出版,买入,8.527,1200,10232.42,5.00,0.00
2023-11-01,09:31:00,002709.SZ,天赐材料,卖出,27.455,-200,-5491.00,5.00,5.49
2023-11-01,09:31:00,603180.SH,金牌家居,卖出,26.277,-400,-10510.94,5.00,10.51
2023-11-01,09:31:00,600057.SH,厦门象屿,买入,6.433,200,1286.57,5.00,0.00
2023-11-01,09:31:00,002555.SZ,三七互娱,买入,20.802,400,8320.61,5.00,0.00
2023-11-01,09:31:00,600141.SH,兴发集团,卖出,19.611,-700,-13727.49,5.00,13.73
2023-11-01,09:31:00,601801.SH,皖新传媒,买入,6.613,1400,9258.48,5.00,0.00
2023-11-01,09:31:00,603128.SH,华贸物流,卖出,7.236,-2600,-18812.30,5.64,18.81
2023-11-01,09:31:00,000688.SZ,国城矿业,卖出,10.469,-700,-7328.31,5.00,7.33
2023-11-01,09:31:00,601138.SH,工业富联,买入,14.910,500,7454.88,5.00,0.00
2023-11-01,09:31:00,002756.SZ,永兴材料,卖出,49.231,-300,-14769.40,5.00,14.77
2023-11-01,09:31:00,601800.SH,中国交建,买入,8.116,1300,10551.06,5.00,0.00
2023-11-01,09:31:00,603866.SH,桃李面包,卖出,8.723,-2000,-17445.04,5.23,17.45
2023-11-01,09:31:00,601858.SH,中国科传,买入,25.671,300,7701.37,5.00,0.00
2023-11-01,09:31:00,000928.SZ,中钢国际,买入,6.192,1300,8050.07,5.00,0.00
2023-11-01,09:31:00,600383.SH,金地集团,买入,5.180,1500,7770.51,5.00,0.00
2023-11-01,09:31:00,603258.SH,电魂网络,买入,24.128,300,7238.45,5.00,0.00
2023-11-01,09:31:00,603801.SH,志邦家居,买入,19.489,800,15591.12,5.00,0.00
2023-11-01,09:31:00,603855.SH,华荣股份,买入,16.924,500,8461.89,5.00,0.00
2023-11-01,09:31:00,002624.SZ,完美世界,买入,12.024,300,3607.20,5.00,0.00
2023-11-01,09:31:00,601900.SH,南方传媒,买入,14.178,100,1417.83,5.00,0.00
2023-11-01,09:31:00,603611.SH,诺力股份,买入,18.196,900,16376.69,5.00,0.00
2023-11-01,09:31:00,603912.SH,佳力图,卖出,9.820,-1100,-10802.35,5.00,10.80
2023-10-09,09:31:00,603866.SH,桃李面包,买入,8.377,1000,8376.72,5.00,0.00
2023-10-09,09:31:00,603486.SH,科沃斯,买入,48.647,300,14594.13,5.00,0.00
2023-10-09,09:31:00,603196.SH,璞源材料,卖出,17.166,-500,-8582.80,5.00,8.58
2023-10-09,09:31:00,603309.SH,维力医疗,卖出,12.744,-1200,-15293.35,5.00,15.29
2023-10-09,09:31:00,002624.SZ,完美世界,买入,13.086,300,3925.84,5.00,0.00
2023-10-09,09:31:00,603612.SH,索通发展,卖出,17.715,-900,-15943.05,5.00,15.94
2023-10-09,09:31:00,603876.SH,鼎胜新材,买入,14.248,100,1424.84,5.00,0.00
2023-10-09,09:31:00,600057.SH,厦门象屿,买入,6.784,1200,8140.25,5.00,0.00
2023-10-09,09:31:00,002709.SZ,天赐材料,买入,26.814,200,5362.70,5.00,0.00
2023-10-09,09:31:00,603180.SH,金牌家居,买入,27.064,100,2706.40,5.00,0.00
2023-10-09,09:31:00,603998.SH,方盛制药,卖出,10.918,-1600,-17468.99,5.24,17.47
2023-10-09,09:31:00,600481.SH,双良节能,卖出,10.489,-1600,-16782.37,5.03,16.78
2023-10-09,09:31:00,603529.SH,爱玛科技,卖出,29.251,-300,-8775.41,5.00,8.78
2023-10-09,09:31:00,601900.SH,南方传媒,买入,15.641,400,6256.49,5.00,0.00
2023-10-09,09:31:00,603128.SH,华贸物流,买入,7.054,2600,18340.61,5.50,0.00
2023-10-09,09:31:00,000688.SZ,国城矿业,买入,10.421,700,7294.56,5.00,0.00
2023-10-09,09:31:00,002895.SZ,川恒股份,卖出,17.834,-600,-10700.56,5.00,10.70
2023-10-09,09:31:00,603399.SH,永杉锂业,卖出,9.182,-200,-1836.32,5.00,1.84
2023-10-09,09:31:00,603912.SH,佳力图,买入,7.956,1100,8751.47,5.00,0.00
2023-10-09,09:31:00,601949.SH,中国出版,买入,9.048,900,8143.25,5.00,0.00
2023-10-09,09:31:00,603882.SH,金域医学,卖出,62.525,-200,-12504.94,5.00,12.50
2023-10-09,09:31:00,002555.SZ,三七互娱,买入,21.443,400,8577.12,5.00,0.00
2023-10-09,09:31:00,600329.SH,达仁堂,卖出,36.307,-200,-7261.45,5.00,7.26
2023-09-01,09:31:00,600757.SH,长江传媒,卖出,8.333,-1900,-15833.27,5.00,15.83
2023-09-01,09:31:00,601949.SH,中国出版,卖出,11.018,-700,-7712.54,5.00,7.71
2023-09-01,09:31:00,002558.SZ,巨人网络,卖出,14.491,-600,-8694.58,5.00,8.69
2023-09-01,09:31:00,002317.SZ,众生药业,卖出,14.860,-1200,-17832.26,5.35,17.83
2023-09-01,09:31:00,002756.SZ,永兴材料,买入,50.401,200,10080.12,5.00,0.00
2023-09-01,09:31:00,603882.SH,金域医学,买入,60.250,200,12050.05,5.00,0.00
2023-09-01,09:31:00,600373.SH,中文传媒,卖出,12.625,-1200,-15149.64,5.00,15.15
2023-09-01,09:31:00,603399.SH,永杉锂业,买入,9.890,1300,12856.66,5.00,0.00
2023-09-01,09:31:00,603529.SH,爱玛科技,买入,28.166,300,8449.87,5.00,0.00
2023-09-01,09:31:00,600057.SH,厦门象屿,买入,7.024,1500,10536.03,5.00,0.00
2023-09-01,09:31:00,002955.SZ,鸿合科技,卖出,23.533,-700,-16472.99,5.00,16.47
2023-09-01,09:31:00,603612.SH,索通发展,卖出,16.178,-100,-1617.76,5.00,1.62
2023-09-01,09:31:00,601900.SH,南方传媒,卖出,19.561,-300,-5868.24,5.00,5.87
2023-09-01,09:31:00,603636.SH,南威软件,卖出,12.824,-1000,-12824.30,5.00,12.82
2023-09-01,09:31:00,601928.SH,凤凰传媒,卖出,10.738,-1700,-18255.42,5.48,18.26
2023-09-01,09:31:00,603876.SH,鼎胜新材,买入,15.711,100,1571.14,5.00,0.00
2023-09-01,09:31:00,600481.SH,双良节能,买入,10.220,1600,16352.64,5.00,0.00
2023-09-01,09:31:00,601858.SH,中国科传,卖出,34.920,-200,-6984.00,5.00,6.98
2023-09-01,09:31:00,601811.SH,新华文轩,卖出,13.992,-1200,-16790.35,5.04,16.79
2023-09-01,09:31:00,603866.SH,桃李面包,买入,8.818,1000,8817.60,5.00,0.00
2023-09-01,09:31:00,603196.SH,璞源材料,买入,18.357,500,9178.32,5.00,0.00
2023-09-01,09:31:00,603283.SH,赛腾股份,卖出,42.794,-100,-4279.42,5.00,4.28
2023-09-01,09:31:00,603998.SH,方盛制药,买入,9.299,800,7438.85,5.00,0.00
2023-09-01,09:31:00,603309.SH,维力医疗,买入,12.615,1200,15138.22,5.00,0.00
2023-09-01,09:31:00,002895.SZ,川恒股份,买入,17.395,600,10436.83,5.00,0.00
2023-09-01,09:31:00,600141.SH,兴发集团,买入,20.471,700,14329.60,5.00,0.00
2023-09-01,09:31:00,600329.SH,达仁堂,买入,35.411,200,7082.14,5.00,0.00
2023-09-01,09:31:00,603180.SH,金牌家居,买入,28.908,300,8672.31,5.00,0.00
2023-08-01,09:31:00,002558.SZ,巨人网络,买入,14.048,600,8428.82,5.00,0.00
2023-08-01,09:31:00,600373.SH,中文传媒,买入,12.605,1200,15126.19,5.00,0.00
2023-08-01,09:31:00,603612.SH,索通发展,买入,18.788,400,7515.00,5.00,0.00
2023-08-01,09:31:00,601666.SH,平煤股份,卖出,8.014,-2100,-16829.27,5.05,16.83
2023-08-01,09:31:00,601900.SH,南方传媒,买入,18.587,300,5576.13,5.00,0.00
2023-08-01,09:31:00,603185.SH,弘元绿能,买入,50.601,300,15180.30,5.00,0.00
2023-08-01,09:31:00,600801.SH,华新建材,卖出,13.762,-1400,-19267.39,5.78,19.27
2023-08-01,09:31:00,000933.SZ,神火股份,卖出,15.988,-1000,-15987.96,5.00,15.99
2023-08-01,09:31:00,605168.SH,三人行,买入,78.016,100,7801.57,5.00,0.00
2023-08-01,09:31:00,603309.SH,维力医疗,卖出,14.730,-500,-7365.24,5.00,7.37
2023-08-01,09:31:00,002895.SZ,川恒股份,卖出,21.257,-700,-14880.18,5.00,14.88
2023-08-01,09:31:00,600383.SH,金地集团,卖出,8.393,-1700,-14268.41,5.00,14.27
2023-08-01,09:31:00,603589.SH,口子窖,卖出,59.950,-200,-11989.97,5.00,11.99
2023-08-01,09:31:00,002317.SZ,众生药业,买入,16.132,700,11292.54,5.00,0.00
2023-08-01,09:31:00,000672.SZ,上峰材料,卖出,10.299,-1500,-15449.04,5.00,15.45
2023-08-01,09:31:00,603636.SH,南威软件,买入,13.066,1000,13066.08,5.00,0.00
2023-08-01,09:31:00,002932.SZ,*ST明德,卖出,24.960,-300,-7487.99,5.00,7.49
2023-08-01,09:31:00,601928.SH,凤凰传媒,买入,10.491,1700,17834.60,5.35,0.00
2023-08-01,09:31:00,600248.SH,陕建股份,卖出,5.030,-3000,-15089.76,5.00,15.09
2023-08-01,09:31:00,601811.SH,新华文轩,买入,13.958,800,11166.29,5.00,0.00
2023-08-01,09:31:00,603208.SH,江山欧派,卖出,41.078,-200,-8215.54,5.00,8.22
2023-08-01,09:31:00,600256.SH,广汇能源,卖出,7.116,-2600,-18500.92,5.55,18.50
2023-08-01,09:31:00,603998.SH,方盛制药,买入,9.850,800,7879.73,5.00,0.00
2023-08-01,09:31:00,002955.SZ,鸿合科技,买入,20.411,700,14287.52,5.00,0.00
2023-08-01,09:31:00,600757.SH,长江传媒,买入,8.587,1900,16315.57,5.00,0.00
2023-08-01,09:31:00,603876.SH,鼎胜新材,买入,18.026,800,14420.78,5.00,0.00
2023-08-01,09:31:00,601858.SH,中国科传,买入,29.058,200,5811.60,5.00,0.00
2023-08-01,09:31:00,002624.SZ,完美世界,买入,14.920,900,13427.80,5.00,0.00
2023-08-01,09:31:00,603283.SH,赛腾股份,买入,33.717,100,3371.73,5.00,0.00
2023-08-01,09:31:00,002756.SZ,永兴材料,买入,54.028,100,5402.78,5.00,0.00
2023-08-01,09:31:00,002532.SZ,天山铝业,卖出,7.116,-1900,-13519.91,5.00,13.52
2023-08-01,09:31:00,600376.SH,首开股份,卖出,4.581,-2900,-13284.38,5.00,13.28
2023-08-01,09:31:00,603866.SH,桃李面包,卖出,10.429,-1700,-17729.47,5.32,17.73
2023-08-01,09:31:00,603258.SH,电魂网络,买入,33.868,300,10160.28,5.00,0.00
2023-08-01,09:31:00,601949.SH,中国出版,买入,10.561,700,7392.76,5.00,0.00
2023-07-03,09:31:00,601636.SH,旗滨集团,卖出,8.663,-1000,-8662.64,5.00,8.66
2023-07-03,09:31:00,601811.SH,新华文轩,买入,14.118,400,5647.27,5.00,0.00
2023-07-03,09:31:00,002258.SZ,利尔化学,卖出,12.994,-1100,-14293.36,5.00,14.29
2023-07-03,09:31:00,002597.SZ,金禾实业,卖出,23.313,-500,-11656.64,5.00,11.66
2023-07-03,09:31:00,601001.SH,晋控煤业,卖出,9.481,-700,-6636.70,5.00,6.64
2023-07-03,09:31:00,002645.SZ,华宏科技,卖出,12.305,-1200,-14766.41,5.00,14.77
2023-07-03,09:31:00,600801.SH,华新建材,买入,12.465,200,2492.98,5.00,0.00
2023-07-03,09:31:00,600376.SH,首开股份,买入,3.938,2900,11419.79,5.00,0.00
2023-07-03,09:31:00,600389.SH,江山股份,卖出,24.351,-435,-10592.77,5.00,10.59
2023-07-03,09:31:00,002895.SZ,川恒股份,买入,19.990,200,3997.98,5.00,0.00
2023-07-03,09:31:00,000581.SZ,威孚高科,卖出,15.818,-900,-14236.47,5.00,14.24
2023-07-03,09:31:00,600256.SH,广汇能源,买入,6.944,1500,10415.79,5.00,0.00
2023-07-03,09:31:00,002539.SZ,云图控股,卖出,9.042,-1500,-13562.82,5.00,13.56
2023-07-03,09:31:00,603866.SH,桃李面包,买入,10.170,1700,17289.51,5.19,0.00
2023-07-03,09:31:00,002932.SZ,*ST明德,买入,25.992,300,7797.56,5.00,0.00
2023-07-03,09:31:00,000672.SZ,上峰材料,买入,9.238,1500,13857.66,5.00,0.00
2023-07-03,09:31:00,603589.SH,口子窖,买入,49.198,200,9839.64,5.00,0.00
2023-07-03,09:31:00,600586.SH,金晶科技,卖出,8.433,-1300,-10963.03,5.00,10.96
2023-07-03,09:31:00,600188.SH,兖矿能源,卖出,30.399,-200,-6079.82,5.00,6.08
2023-07-03,09:31:00,601666.SH,平煤股份,买入,7.605,600,4563.11,5.00,0.00
2023-07-03,09:31:00,603309.SH,维力医疗,买入,15.471,500,7735.44,5.00,0.00
2023-07-03,09:31:00,600383.SH,金地集团,买入,7.264,100,726.45,5.00,0.00
2023-07-03,09:31:00,600499.SH,科达制造,卖出,11.457,-1200,-13748.45,5.00,13.75
2023-07-03,09:31:00,002317.SZ,众生药业,买入,17.445,500,8722.41,5.00,0.00
2023-07-03,09:31:00,603208.SH,江山欧派,买入,36.333,200,7266.50,5.00,0.00
2023-07-03,09:31:00,002532.SZ,天山铝业,买入,6.062,1900,11517.99,5.00,0.00
2023-07-03,09:31:00,600248.SH,陕建股份,买入,4.810,3000,14428.80,5.00,0.00
2023-07-03,09:31:00,000933.SZ,神火股份,买入,13.126,200,2625.24,5.00,0.00
2023-07-03,09:31:00,002043.SZ,兔宝宝,卖出,10.768,-1300,-13998.95,5.00,14.00
2023-07-03,09:31:00,002518.SZ,科士达,卖出,40.369,-200,-8073.82,5.00,8.07
2023-07-03,09:31:00,603399.SH,永杉锂业,卖出,11.776,-1200,-14131.68,5.00,14.13
2023-07-03,09:31:00,603612.SH,索通发展,买入,17.585,600,10551.06,5.00,0.00
2023-06-01,09:31:00,600729.SH,重百集团,卖出,29.651,-200,-5930.12,5.00,5.93
2023-06-01,09:31:00,600655.SH,豫园股份,卖出,7.086,-1400,-9920.12,5.00,9.92
2023-06-01,09:31:00,600368.SH,五洲交通,卖出,4.122,-2400,-9892.18,5.00,9.89
2023-06-01,09:31:00,002518.SZ,科士达,买入,38.888,200,7777.52,5.00,0.00
2023-06-01,09:31:00,002895.SZ,川恒股份,买入,19.028,500,9513.99,5.00,0.00
2023-06-01,09:31:00,600350.SH,山东高速,卖出,7.216,-2300,-16595.74,5.00,16.60
2023-06-01,09:31:00,600007.SH,中国国贸,卖出,19.022,-400,-7608.75,5.00,7.61
2023-06-01,09:31:00,600177.SH,雅戈尔,卖出,6.846,-2600,-17800.33,5.34,17.80
2023-06-01,09:31:00,603855.SH,华荣股份,卖出,27.864,-100,-2786.42,5.00,2.79
2023-06-01,09:31:00,002818.SZ,富森美,卖出,12.695,-1000,-12694.56,5.00,12.69
2023-06-01,09:31:00,601963.SH,重庆银行,卖出,8.283,-2200,-18223.48,5.47,18.22
2023-06-01,09:31:00,603877.SH,太平鸟,卖出,23.493,-200,-4698.58,5.00,4.70
2023-06-01,09:31:00,603519.SH,立霸股份,卖出,13.683,-500,-6841.29,5.00,6.84
2023-06-01,09:31:00,601187.SH,厦门银行,卖出,5.529,-3100,-17139.65,5.14,17.14
2023-06-01,09:31:00,603699.SH,纽威股份,卖出,14.311,-500,-7155.66,5.00,7.16
2023-06-01,09:31:00,600035.SH,楚天高速,卖出,4.102,-3700,-15176.59,5.00,15.18
2023-06-01,09:31:00,600694.SH,大商股份,卖出,19.381,-300,-5814.35,5.00,5.81
2023-06-01,09:31:00,600403.SH,大有能源,卖出,4.122,-1700,-7006.96,5.00,7.01
2023-06-01,09:31:00,600801.SH,华新建材,买入,12.655,1200,15186.31,5.00,0.00
2023-06-01,09:31:00,600383.SH,金地集团,买入,7.224,1600,11559.07,5.00,0.00
2023-06-01,09:31:00,000581.SZ,威孚高科,买入,15.040,900,13536.02,5.00,0.00
2023-06-01,09:31:00,603113.SH,金能科技,卖出,8.323,-700,-5826.32,5.00,5.83
2023-06-01,09:31:00,600377.SH,宁沪高速,卖出,9.601,-1900,-18241.44,5.47,18.24
2023-06-01,09:31:00,002597.SZ,金禾实业,买入,22.956,500,11477.91,5.00,0.00
2023-06-01,09:31:00,601666.SH,平煤股份,买入,7.996,1500,11993.94,5.00,0.00
2023-06-01,09:31:00,600256.SH,广汇能源,买入,7.244,1100,7968.91,5.00,0.00
2023-06-01,09:31:00,002043.SZ,兔宝宝,买入,9.629,1300,12517.99,5.00,0.00
2023-06-01,09:31:00,002539.SZ,云图控股,买入,8.647,1500,12970.89,5.00,0.00
2023-06-01,09:31:00,601298.SH,青岛港,卖出,7.255,-2400,-17413.10,5.22,17.41
2023-06-01,09:31:00,002645.SZ,华宏科技,买入,11.814,1200,14176.30,5.00,0.00
2023-06-01,09:31:00,601001.SH,晋控煤业,买入,9.188,700,6431.84,5.00,0.00
2023-06-01,09:31:00,600269.SH,赣粤高速,卖出,3.703,-4600,-17031.87,5.11,17.03
2023-06-01,09:31:00,600188.SH,兖矿能源,买入,26.944,200,5388.76,5.00,0.00
2023-06-01,09:31:00,600499.SH,科达制造,买入,10.611,1200,12733.42,5.00,0.00
2023-06-01,09:31:00,601636.SH,旗滨集团,买入,8.016,1000,8016.00,5.00,0.00
2023-06-01,09:31:00,603399.SH,永杉锂业,买入,10.170,1200,12204.36,5.00,0.00
2023-06-01,09:31:00,000933.SZ,神火股份,买入,12.725,800,10180.32,5.00,0.00
2023-06-01,09:31:00,002258.SZ,利尔化学,买入,13.016,1100,14317.58,5.00,0.00
2023-06-01,09:31:00,600586.SH,金晶科技,买入,7.796,1300,10134.23,5.00,0.00
2023-06-01,09:31:00,600389.SH,江山股份,买入,29.960,300,8987.94,5.00,0.00
2023-05-04,09:31:00,600177.SH,雅戈尔,买入,6.753,300,2026.04,5.00,0.00
2023-05-04,09:31:00,600612.SH,老凤祥,卖出,71.896,-200,-14379.18,5.00,14.38
2023-05-04,09:31:00,600403.SH,大有能源,卖出,4.691,-100,-469.06,5.00,0.47
2023-05-04,09:31:00,600350.SH,山东高速,买入,7.645,700,5351.68,5.00,0.00
2023-05-04,09:31:00,600386.SH,北巴传媒,卖出,4.521,-1900,-8589.79,5.00,8.59
2023-05-04,09:31:00,601298.SH,青岛港,买入,7.154,100,715.43,5.00,0.00
2023-05-04,09:31:00,601512.SH,中新集团,卖出,9.072,-700,-6350.27,5.00,6.35
2023-05-04,09:31:00,601187.SH,厦门银行,买入,5.561,1400,7785.54,5.00,0.00
2023-05-04,09:31:00,600729.SH,重百集团,卖出,29.621,-200,-5924.13,5.00,5.92
2023-05-04,09:31:00,603096.SH,新经典,卖出,24.291,-200,-4858.26,5.00,4.86
2023-05-04,09:31:00,601019.SH,山东出版,卖出,11.956,-1600,-19129.66,5.74,19.13
2023-05-04,09:31:00,601900.SH,南方传媒,卖出,20.259,-900,-18233.46,5.47,18.23
2023-05-04,09:31:00,601992.SH,金隅集团,卖出,2.395,-4100,-9820.32,5.00,9.82
2023-05-04,09:31:00,601997.SH,贵阳银行,卖出,5.599,-2600,-14556.83,5.00,14.56
2023-05-04,09:31:00,603877.SH,太平鸟,买入,23.527,200,4705.39,5.00,0.00
2023-05-04,09:31:00,600007.SH,中国国贸,买入,19.078,400,7631.23,5.00,0.00
2023-05-04,09:31:00,600269.SH,赣粤高速,买入,3.778,4600,17376.68,5.21,0.00
2023-05-04,09:31:00,603730.SH,岱美股份,卖出,17.215,-300,-5164.65,5.00,5.16
2023-05-04,09:31:00,603699.SH,纽威股份,买入,13.727,500,6863.70,5.00,0.00
2023-05-04,09:31:00,600655.SH,豫园股份,买入,8.106,300,2431.85,5.00,0.00
2023-05-04,09:31:00,601339.SH,百隆东方,卖出,5.808,-800,-4646.69,5.00,4.65
2023-05-04,09:31:00,002818.SZ,富森美,买入,14.319,1000,14318.58,5.00,0.00
2023-05-04,09:31:00,603855.SH,华荣股份,买入,27.485,100,2748.49,5.00,0.00
2023-05-04,09:31:00,601801.SH,皖新传媒,卖出,8.693,-1200,-10431.10,5.00,10.43
2023-05-04,09:31:00,603519.SH,立霸股份,买入,13.968,500,6983.94,5.00,0.00
2023-05-04,09:31:00,600035.SH,楚天高速,买入,4.188,3700,15496.93,5.00,0.00
2023-05-04,09:31:00,600377.SH,宁沪高速,买入,9.178,1900,17438.81,5.23,0.00
2023-05-04,09:31:00,603258.SH,电魂网络,卖出,50.499,-400,-20199.52,6.06,20.20
2023-05-04,09:31:00,601963.SH,重庆银行,买入,7.926,2200,17436.80,5.23,0.00
2023-05-04,09:31:00,600368.SH,五洲交通,买入,4.359,2400,10460.88,5.00,0.00
2023-05-04,09:31:00,600694.SH,大商股份,买入,19.619,300,5885.75,5.00,0.00
2023-04-03,09:31:00,601992.SH,金隅集团,卖出,2.435,-1900,-4626.73,5.00,4.63
2023-04-03,09:31:00,603699.SH,纽威股份,卖出,12.365,-400,-4946.09,5.00,4.95
2023-04-03,09:31:00,600742.SH,富维股份,卖出,8.703,-1400,-12183.58,5.00,12.18
2023-04-03,09:31:00,603113.SH,金能科技,买入,9.980,700,6985.94,5.00,0.00
2023-04-03,09:31:00,603239.SH,浙江仙通,卖出,15.619,-400,-6247.48,5.00,6.25
2023-04-03,09:31:00,600808.SH,马钢股份,卖出,2.874,-4100,-11784.38,5.00,11.78
2023-04-03,09:31:00,600403.SH,大有能源,买入,5.150,1800,9270.50,5.00,0.00
2023-04-03,09:31:00,600846.SH,同济科技,卖出,8.713,-1600,-13940.06,5.00,13.94
2023-04-03,09:31:00,601997.SH,贵阳银行,卖出,5.489,-100,-548.90,5.00,0.55
2023-04-03,09:31:00,603258.SH,电魂网络,买入,28.377,400,11350.66,5.00,0.00
2023-04-03,09:31:00,601512.SH,中新集团,买入,9.699,700,6789.55,5.00,0.00
2023-04-03,09:31:00,601801.SH,皖新传媒,卖出,6.297,-100,-629.74,5.00,0.63
2023-04-03,09:31:00,603730.SH,岱美股份,买入,18.928,300,5678.33,5.00,0.00
2023-04-03,09:31:00,600790.SH,轻纺城,卖出,4.601,-2100,-9661.64,5.00,9.66
2023-04-03,09:31:00,600284.SH,浦东建设,卖出,7.006,-1800,-12610.73,5.00,12.61
2023-04-03,09:31:00,603758.SH,秦安股份,卖出,10.848,-600,-6508.96,5.00,6.51
2023-04-03,09:31:00,600177.SH,雅戈尔,买入,6.523,2300,15002.95,5.00,0.00
2023-04-03,09:31:00,600655.SH,豫园股份,买入,8.136,1100,8949.86,5.00,0.00
2023-04-03,09:31:00,002687.SZ,乔治白,卖出,4.711,-1400,-6594.78,5.00,6.59
2023-04-03,09:31:00,600386.SH,北巴传媒,买入,4.559,1900,8662.29,5.00,0.00
2023-04-03,09:31:00,600612.SH,老凤祥,买入,54.298,100,5429.84,5.00,0.00
2023-04-03,09:31:00,601098.SH,中南传媒,卖出,11.617,-1500,-17425.08,5.23,17.43
2023-04-03,09:31:00,605009.SH,豪悦护理,卖出,46.337,-100,-4633.71,5.00,4.63
2023-04-03,09:31:00,603096.SH,新经典,买入,22.936,200,4587.16,5.00,0.00
2023-04-03,09:31:00,601187.SH,厦门银行,买入,5.401,1700,9181.33,5.00,0.00
2023-04-03,09:31:00,601900.SH,南方传媒,买入,9.820,900,8837.64,5.00,0.00
2023-04-03,09:31:00,601339.SH,百隆东方,买入,6.884,800,5506.99,5.00,0.00
2023-04-03,09:31:00,601566.SH,九牧王,卖出,10.349,-800,-8279.41,5.00,8.28
2023-04-03,09:31:00,603639.SH,海利尔,卖出,21.637,-200,-4327.33,5.00,4.33
2023-04-03,09:31:00,601019.SH,山东出版,买入,7.966,1600,12745.44,5.00,0.00
2023-04-03,09:31:00,603878.SH,武进不锈,卖出,12.196,-500,-6097.78,5.00,6.10
2023-04-03,09:31:00,601298.SH,青岛港,买入,6.333,2300,14565.07,5.00,0.00
2023-04-03,09:31:00,600350.SH,山东高速,买入,6.132,1600,9811.58,5.00,0.00
2023-04-03,09:31:00,603515.SH,欧普照明,卖出,19.421,-600,-11652.65,5.00,11.65
2023-03-01,09:31:00,600688.SH,上海石化,卖出,3.263,-3300,-10769.42,5.00,10.77
2023-03-01,09:31:00,600790.SH,轻纺城,买入,4.870,400,1947.89,5.00,0.00
2023-03-01,09:31:00,601801.SH,皖新传媒,卖出,5.579,-400,-2231.53,5.00,2.23
2023-03-01,09:31:00,600282.SH,南钢股份,卖出,4.012,-4200,-16850.23,5.06,16.85
2023-03-01,09:31:00,601992.SH,金隅集团,买入,2.625,3500,9188.34,5.00,0.00
2023-03-01,09:31:00,603699.SH,纽威股份,买入,11.493,400,4597.18,5.00,0.00
2023-03-01,09:31:00,600662.SH,外服控股,卖出,6.118,-1200,-7341.29,5.00,7.34
2023-03-01,09:31:00,601577.SH,长沙银行,卖出,8.044,-2100,-16892.15,5.07,16.89
2023-03-01,09:31:00,603758.SH,秦安股份,卖出,11.357,-100,-1135.72,5.00,1.14
2023-03-01,09:31:00,600967.SH,内蒙一机,卖出,9.701,-1500,-14550.84,5.00,14.55
2023-03-01,09:31:00,600097.SH,开创国际,卖出,10.619,-500,-5309.36,5.00,5.31
2023-03-01,09:31:00,600814.SH,杭州解百,卖出,7.814,-600,-4688.60,5.00,4.69
2023-03-01,09:31:00,601997.SH,贵阳银行,买入,5.641,100,564.13,5.00,0.00
2023-03-01,09:31:00,603239.SH,浙江仙通,买入,19.188,400,7675.32,5.00,0.00
2023-03-01,09:31:00,601566.SH,九牧王,买入,12.124,800,9699.36,5.00,0.00
2023-03-01,09:31:00,603878.SH,武进不锈,卖出,13.713,-400,-5485.01,5.00,5.49
2023-03-01,09:31:00,600729.SH,重百集团,买入,26.252,400,10500.96,5.00,0.00
2023-03-01,09:31:00,600612.SH,老凤祥,买入,48.346,100,4834.65,5.00,0.00
2023-03-01,09:31:00,601098.SH,中南传媒,买入,10.020,500,5010.00,5.00,0.00
2023-03-01,09:31:00,600742.SH,富维股份,买入,9.319,1400,13046.04,5.00,0.00
2023-03-01,09:31:00,603258.SH,电魂网络,卖出,24.840,-300,-7452.07,5.00,7.45
2023-03-01,09:31:00,603515.SH,欧普照明,买入,19.248,600,11549.05,5.00,0.00
2023-03-01,09:31:00,603639.SH,海利尔,买入,27.555,200,5511.00,5.00,0.00
2023-03-01,09:31:00,600284.SH,浦东建设,卖出,7.255,-200,-1451.09,5.00,1.45
2023-03-01,09:31:00,600846.SH,同济科技,买入,9.519,1600,15230.40,5.00,0.00
2023-03-01,09:31:00,605009.SH,豪悦护理,买入,50.511,100,5051.08,5.00,0.00
2023-03-01,09:31:00,002687.SZ,乔治白,买入,5.140,1400,7196.36,5.00,0.00
2023-03-01,09:31:00,601965.SH,中国汽研,卖出,24.710,-300,-7413.14,5.00,7.41
2023-03-01,09:31:00,603298.SH,杭叉集团,卖出,21.247,-400,-8498.97,5.00,8.50
2023-02-01,09:31:00,600688.SH,上海石化,买入,3.216,3300,10614.19,5.00,0.00
2023-02-01,09:31:00,600348.SH,华阳股份,卖出,15.549,-600,-9329.30,5.00,9.33
2023-02-01,09:31:00,600438.SH,通威股份,卖出,42.096,-300,-12628.69,5.00,12.63
2023-02-01,09:31:00,601997.SH,贵阳银行,买入,5.581,2600,14510.96,5.00,0.00
2023-02-01,09:31:00,603908.SH,牧高笛,卖出,63.393,-100,-6339.30,5.00,6.34
2023-02-01,09:31:00,601717.SH,中创智领,卖出,12.764,-1200,-15317.30,5.00,15.32
2023-02-01,09:31:00,600063.SH,皖维高新,卖出,6.417,-2200,-14117.71,5.00,14.12
2023-02-01,09:31:00,601098.SH,中南传媒,买入,9.870,1000,9869.70,5.00,0.00
2023-02-01,09:31:00,002543.SZ,万和电气,卖出,9.371,-1100,-10308.34,5.00,10.31
2023-02-01,09:31:00,603258.SH,电魂网络,买入,22.966,300,6889.75,5.00,0.00
2023-02-01,09:31:00,002553.SZ,南方精工,卖出,12.974,-600,-7784.40,5.00,7.78
2023-02-01,09:31:00,601872.SH,招商轮船,卖出,6.367,-1700,-10824.31,5.00,10.82
2023-02-01,09:31:00,601577.SH,长沙银行,买入,6.874,2100,14434.81,5.00,0.00
2023-02-01,09:31:00,600662.SH,外服控股,买入,5.922,1200,7106.18,5.00,0.00
2023-02-01,09:31:00,600284.SH,浦东建设,买入,7.144,2000,14288.52,5.00,0.00
2023-02-01,09:31:00,600097.SH,开创国际,买入,10.361,500,5180.34,5.00,0.00
2023-02-01,09:31:00,603612.SH,索通发展,卖出,28.902,-300,-8670.62,5.00,8.67
2023-02-01,09:31:00,603298.SH,杭叉集团,买入,19.278,400,7711.39,5.00,0.00
2023-02-01,09:31:00,603897.SH,长城科技,卖出,23.493,-400,-9397.17,5.00,9.40
2023-02-01,09:31:00,600808.SH,马钢股份,买入,2.966,4100,12160.27,5.00,0.00
2023-02-01,09:31:00,600062.SH,华润双鹤,卖出,18.343,-200,-3668.65,5.00,3.67
2023-02-01,09:31:00,600188.SH,兖矿能源,卖出,34.181,-200,-6836.30,5.00,6.84
2023-02-01,09:31:00,600256.SH,广汇能源,卖出,10.140,-1000,-10139.68,5.00,10.14
2023-02-01,09:31:00,603289.SH,泰瑞机器,卖出,11.337,-600,-6802.37,5.00,6.80
2023-02-01,09:31:00,603318.SH,水发燃气,卖出,9.072,-700,-6350.27,5.00,6.35
2023-02-01,09:31:00,601965.SH,中国汽研,买入,19.499,300,5849.68,5.00,0.00
2023-02-01,09:31:00,600814.SH,杭州解百,买入,7.745,600,4647.28,5.00,0.00
2023-02-01,09:31:00,002603.SZ,以岭药业,卖出,29.062,-100,-2906.18,5.00,2.91
2023-02-01,09:31:00,601388.SH,怡球资源,卖出,3.663,-3400,-12453.04,5.00,12.45
2023-02-01,09:31:00,601001.SH,晋控煤业,卖出,12.824,-900,-11541.87,5.00,11.54
2023-02-01,09:31:00,002469.SZ,三维化学,卖出,6.497,-1700,-11044.87,5.00,11.04
2023-02-01,09:31:00,600282.SH,南钢股份,买入,3.477,4200,14603.15,5.00,0.00
2023-02-01,09:31:00,603878.SH,武进不锈,买入,13.116,900,11804.56,5.00,0.00
2023-02-01,09:31:00,600967.SH,内蒙一机,买入,9.138,1500,13707.36,5.00,0.00
2023-02-01,09:31:00,601992.SH,金隅集团,买入,2.535,2500,6337.65,5.00,0.00
2023-02-01,09:31:00,601801.SH,皖新传媒,买入,5.551,1700,9436.84,5.00,0.00
2023-02-01,09:31:00,600790.SH,轻纺城,买入,4.679,1700,7954.88,5.00,0.00
2023-02-01,09:31:00,002585.SZ,双星新材,卖出,14.391,-600,-8634.70,5.00,8.63
2023-02-01,09:31:00,603758.SH,秦安股份,买入,11.092,700,7764.50,5.00,0.00
2023-01-03,09:31:00,601388.SH,怡球资源,卖出,3.333,-600,-1999.99,5.00,2.00
2023-01-03,09:31:00,600438.SH,通威股份,买入,38.327,100,3832.65,5.00,0.00
2023-01-03,09:31:00,002543.SZ,万和电气,买入,8.617,200,1723.44,5.00,0.00
2023-01-03,09:31:00,002585.SZ,双星新材,卖出,12.595,-100,-1259.48,5.00,1.26
2023-01-03,09:31:00,600586.SH,金晶科技,卖出,8.723,-1200,-10467.02,5.00,10.47
2023-01-03,09:31:00,002469.SZ,三维化学,卖出,5.868,-300,-1760.47,5.00,1.76
2023-01-03,09:31:00,603758.SH,秦安股份,卖出,8.233,-1100,-9056.85,5.00,9.06
2023-01-03,09:31:00,600256.SH,广汇能源,买入,9.018,1000,9018.00,5.00,0.00
2023-01-03,09:31:00,603318.SH,水发燃气,买入,8.567,700,5996.97,5.00,0.00
2023-01-03,09:31:00,601001.SH,晋控煤业,买入,11.874,400,4749.48,5.00,0.00
2023-01-03,09:31:00,600348.SH,华阳股份,买入,14.299,600,8579.12,5.00,0.00
2023-01-03,09:31:00,603289.SH,泰瑞机器,买入,9.068,600,5440.86,5.00,0.00
2023-01-03,09:31:00,603327.SH,福蓉科技,卖出,16.048,-600,-9628.70,5.00,9.63
2023-01-03,09:31:00,600389.SH,江山股份,卖出,43.483,-200,-8696.57,5.00,8.70
2023-01-03,09:31:00,603055.SH,台华新材,卖出,9.980,-1000,-9980.00,5.00,9.98
2023-01-03,09:31:00,603088.SH,宁波精达,卖出,7.236,-1100,-7959.05,5.00,7.96
2023-01-03,09:31:00,600062.SH,华润双鹤,买入,19.349,200,3869.72,5.00,0.00
2023-01-03,09:31:00,600063.SH,皖维高新,买入,5.842,100,584.17,5.00,0.00
2023-01-03,09:31:00,601872.SH,招商轮船,买入,5.611,1700,9539.04,5.00,0.00
2023-01-03,09:31:00,600188.SH,兖矿能源,买入,33.387,200,6677.33,5.00,0.00
2023-01-03,09:31:00,603825.SH,ST华扬,卖出,14.142,-300,-4242.50,5.00,4.24
2023-01-03,09:31:00,601717.SH,中创智领,买入,11.102,1200,13322.59,5.00,0.00
2023-01-03,09:31:00,002603.SZ,以岭药业,买入,30.240,100,3024.04,5.00,0.00
2022-12-01,09:31:00,000625.SZ,长安汽车,卖出,14.251,-800,-11401.15,5.00,11.40
2022-12-01,09:31:00,603055.SH,台华新材,买入,9.599,100,959.92,5.00,0.00
2022-12-01,09:31:00,600180.SH,*ST瑞茂,卖出,6.158,-1300,-8004.96,5.00,8.00
2022-12-01,09:31:00,002561.SZ,徐家汇,卖出,11.148,-900,-10032.89,5.00,10.03
2022-12-01,09:31:00,600586.SH,金晶科技,买入,8.357,1200,10028.02,5.00,0.00
2022-12-01,09:31:00,002761.SZ,浙江建投,卖出,24.102,-600,-14461.02,5.00,14.46
2022-12-01,09:31:00,603010.SH,万盛股份,卖出,12.794,-700,-8956.05,5.00,8.96
2022-12-01,09:31:00,601001.SH,晋控煤业,买入,14.008,500,7003.98,5.00,0.00
2022-12-01,09:31:00,600383.SH,金地集团,卖出,11.577,-800,-9261.44,5.00,9.26
2022-12-01,09:31:00,002543.SZ,万和电气,买入,10.070,900,9063.09,5.00,0.00
2022-12-01,09:31:00,002553.SZ,南方精工,买入,12.675,600,7605.18,5.00,0.00
2022-12-01,09:31:00,603897.SH,长城科技,买入,22.675,100,2267.53,5.00,0.00
2022-12-01,09:31:00,600657.SH,信达地产,卖出,6.657,-2300,-15310.32,5.00,15.31
2022-12-01,09:31:00,603908.SH,牧高笛,买入,61.493,100,6149.27,5.00,0.00
2022-12-01,09:31:00,603758.SH,秦安股份,买入,8.918,1100,9809.58,5.00,0.00
2022-12-01,09:31:00,002080.SZ,中材科技,卖出,23.772,-400,-9508.94,5.00,9.51
2022-12-01,09:31:00,600389.SH,江山股份,买入,43.347,200,8669.30,5.00,0.00
2022-12-01,09:31:00,603088.SH,宁波精达,买入,7.886,1100,8674.31,5.00,0.00
2022-12-01,09:31:00,002585.SZ,双星新材,买入,15.351,200,3070.13,5.00,0.00
2022-12-01,09:31:00,601636.SH,旗滨集团,卖出,9.990,-1100,-10988.98,5.00,10.99
2022-12-01,09:31:00,600328.SH,中盐化工,卖出,16.547,-600,-9928.10,5.00,9.93
2022-12-01,09:31:00,603816.SH,顾家家居,卖出,36.786,-200,-7357.26,5.00,7.36
2022-12-01,09:31:00,002469.SZ,三维化学,买入,6.633,2000,13266.48,5.00,0.00
2022-12-01,09:31:00,603949.SH,雪龙集团,卖出,20.150,-300,-6044.89,5.00,6.04
2022-12-01,09:31:00,601388.SH,怡球资源,买入,3.597,4000,14388.72,5.00,0.00
2022-12-01,09:31:00,600438.SH,通威股份,买入,44.138,200,8827.62,5.00,0.00
2022-12-01,09:31:00,600063.SH,皖维高新,买入,6.593,900,5933.84,5.00,0.00
2022-12-01,09:31:00,603327.SH,福蓉科技,买入,14.739,200,2947.88,5.00,0.00
2022-12-01,09:31:00,603825.SH,ST华扬,买入,13.527,300,4058.10,5.00,0.00
2022-11-01,09:31:00,002090.SZ,金智科技,卖出,12.635,-600,-7580.81,5.00,7.58
2022-11-01,09:31:00,603055.SH,台华新材,买入,8.577,100,857.71,5.00,0.00
2022-11-01,09:31:00,601311.SH,骆驼股份,卖出,8.603,-900,-7742.48,5.00,7.74
2022-11-01,09:31:00,600328.SH,中盐化工,买入,13.858,600,8314.60,5.00,0.00
2022-11-01,09:31:00,000722.SZ,湖南发展,卖出,11.617,-500,-5808.36,5.00,5.81
2022-11-01,09:31:00,603612.SH,索通发展,买入,27.866,200,5573.12,5.00,0.00
2022-11-01,09:31:00,601789.SH,宁波建工,卖出,4.192,-2500,-10479.00,5.00,10.48
2022-11-01,09:31:00,002080.SZ,中材科技,买入,18.126,400,7250.47,5.00,0.00
2022-11-01,09:31:00,002585.SZ,双星新材,买入,10.962,100,1096.19,5.00,0.00
2022-11-01,09:31:00,002432.SZ,九安医疗,卖出,49.790,-200,-9958.04,5.00,9.96
2022-11-01,09:31:00,603667.SH,五洲新春,卖出,15.768,-500,-7884.20,5.00,7.88
2022-11-01,09:31:00,605366.SH,宏柏新材,卖出,15.828,-400,-6331.31,5.00,6.33
2022-11-01,09:31:00,603010.SH,万盛股份,买入,11.894,700,8325.62,5.00,0.00
2022-11-01,09:31:00,600062.SH,华润双鹤,卖出,18.204,-500,-9101.76,5.00,9.10
2022-11-01,09:31:00,002101.SZ,广东鸿图,卖出,22.655,-200,-4530.92,5.00,4.53
2022-11-01,09:31:00,600383.SH,金地集团,买入,7.916,800,6332.64,5.00,0.00
2022-11-01,09:31:00,000404.SZ,长虹华意,卖出,4.960,-1500,-7440.09,5.00,7.44
2022-11-01,09:31:00,600657.SH,信达地产,买入,4.148,2300,9541.04,5.00,0.00
2022-11-01,09:31:00,600180.SH,*ST瑞茂,买入,5.411,1300,7034.04,5.00,0.00
2022-11-01,09:31:00,601636.SH,旗滨集团,买入,8.006,1100,8806.58,5.00,0.00
2022-11-01,09:31:00,600063.SH,皖维高新,买入,5.922,1200,7106.18,5.00,0.00
2022-11-01,09:31:00,000625.SZ,长安汽车,买入,11.403,800,9122.21,5.00,0.00
2022-11-01,09:31:00,603327.SH,福蓉科技,买入,15.130,400,6052.08,5.00,0.00
2022-11-01,09:31:00,603949.SH,雪龙集团,买入,15.551,100,1555.10,5.00,0.00
2022-11-01,09:31:00,600880.SH,博瑞传播,卖出,4.581,-2500,-11452.05,5.00,11.45
2022-11-01,09:31:00,002561.SZ,徐家汇,买入,7.365,900,6628.23,5.00,0.00
2022-11-01,09:31:00,601222.SH,林洋能源,卖出,7.445,-1600,-11912.13,5.00,11.91
2022-11-01,09:31:00,002761.SZ,浙江建投,买入,20.090,300,6027.03,5.00,0.00
2022-11-01,09:31:00,603816.SH,顾家家居,买入,30.411,200,6082.14,5.00,0.00
2022-11-01,09:31:00,603123.SH,翠微股份,卖出,10.449,-800,-8359.25,5.00,8.36
2022-10-10,09:31:00,603612.SH,索通发展,买入,28.056,100,2805.60,5.00,0.00
2022-10-10,09:31:00,000404.SZ,长虹华意,买入,4.749,1500,7124.22,5.00,0.00
2022-10-10,09:31:00,002432.SZ,九安医疗,买入,43.787,100,4378.74,5.00,0.00
2022-10-10,09:31:00,000756.SZ,新华制药,卖出,18.742,-300,-5622.73,5.00,5.62
2022-10-10,09:31:00,002090.SZ,金智科技,买入,11.062,600,6637.25,5.00,0.00
2022-10-10,09:31:00,002585.SZ,双星新材,买入,14.910,400,5963.90,5.00,0.00
2022-10-10,09:31:00,600976.SH,健民集团,卖出,38.463,-200,-7692.58,5.00,7.69
2022-10-10,09:31:00,603916.SH,苏博特,卖出,16.407,-300,-4922.14,5.00,4.92
2022-10-10,09:31:00,002603.SZ,以岭药业,卖出,21.607,-500,-10803.35,5.00,10.80
2022-10-10,09:31:00,600056.SH,中国医药,卖出,12.106,-700,-8474.02,5.00,8.47
2022-10-10,09:31:00,002561.SZ,徐家汇,卖出,9.092,-1100,-10000.96,5.00,10.00
2022-10-10,09:31:00,603123.SH,翠微股份,卖出,9.571,-200,-1914.16,5.00,1.91
2022-10-10,09:31:00,600782.SH,新钢股份,卖出,3.852,-2400,-9245.47,5.00,9.25
2022-10-10,09:31:00,600668.SH,尖峰集团,卖出,11.048,-1000,-11047.86,5.00,11.05
2022-10-10,09:31:00,603667.SH,五洲新春,买入,13.367,500,6683.34,5.00,0.00
2022-10-10,09:31:00,605366.SH,宏柏新材,买入,16.703,400,6681.34,5.00,0.00
2022-10-10,09:31:00,603520.SH,司太立,卖出,17.136,-400,-6854.26,5.00,6.85
2022-10-10,09:31:00,600062.SH,华润双鹤,买入,17.655,100,1765.52,5.00,0.00
2022-10-10,09:31:00,600657.SH,信达地产,卖出,4.790,-1800,-8622.72,5.00,8.62
2022-10-10,09:31:00,603332.SH,苏州龙杰,卖出,11.118,-800,-8894.18,5.00,8.89
2022-10-10,09:31:00,600880.SH,博瑞传播,买入,4.359,2500,10896.75,5.00,0.00
2022-10-10,09:31:00,603758.SH,秦安股份,卖出,8.094,-400,-3237.51,5.00,3.24
2022-10-10,09:31:00,603055.SH,台华新材,买入,10.130,500,5065.11,5.00,0.00
2022-10-10,09:31:00,603897.SH,长城科技,买入,23.226,200,4645.27,5.00,0.00
2022-10-10,09:31:00,002101.SZ,广东鸿图,买入,20.751,200,4150.28,5.00,0.00
2022-10-10,09:31:00,603612.SH,索通发展,买入,28.056,100,2805.60,5.00,0.00
2022-10-10,09:31:00,002585.SZ,双星新材,买入,14.910,400,5963.90,5.00,0.00
2022-10-10,09:31:00,603667.SH,五洲新春,买入,13.367,500,6683.34,5.00,0.00
2022-10-10,09:31:00,605366.SH,宏柏新材,买入,16.703,400,6681.34,5.00,0.00
2022-09-01,09:31:00,601882.SH,海天精工,卖出,19.611,-500,-9805.35,5.00,9.81
2022-09-01,09:31:00,603706.SH,东方环宇,卖出,16.557,-500,-8278.41,5.00,8.28
2022-09-01,09:31:00,600475.SH,华光环能,卖出,8.473,-1100,-9320.32,5.00,9.32
2022-09-01,09:31:00,603013.SH,亚普股份,卖出,14.581,-600,-8748.47,5.00,8.75
2022-09-01,09:31:00,603662.SH,柯力传感,卖出,16.247,-500,-8123.72,5.00,8.12
2022-09-01,09:31:00,603730.SH,岱美股份,卖出,13.613,-500,-6806.36,5.00,6.81
2022-09-01,09:31:00,603966.SH,法兰泰克,卖出,10.229,-800,-8183.60,5.00,8.18
2022-09-01,09:31:00,605166.SH,聚合顺,卖出,12.595,-400,-5037.90,5.00,5.04
2022-09-01,09:31:00,603100.SH,川仪股份,卖出,19.241,-400,-7696.58,5.00,7.70
2022-09-01,09:31:00,600835.SH,上海机电,卖出,12.555,-500,-6277.42,5.00,6.28
2022-09-01,09:31:00,603968.SH,醋化股份,卖出,21.637,-400,-8654.66,5.00,8.65
2022-09-01,09:31:00,600979.SH,广安爱众,卖出,3.503,-2800,-9808.34,5.00,9.81
2022-09-01,09:31:00,603123.SH,翠微股份,买入,11.242,1000,11242.44,5.00,0.00
2022-09-01,09:31:00,603332.SH,苏州龙杰,买入,12.565,800,10052.06,5.00,0.00
2022-09-01,09:31:00,600657.SH,信达地产,买入,5.250,1800,9450.86,5.00,0.00
2022-09-01,09:31:00,600976.SH,健民集团,买入,41.292,200,8258.48,5.00,0.00
2022-09-01,09:31:00,603055.SH,台华新材,买入,10.661,300,3198.38,5.00,0.00
2022-09-01,09:31:00,002761.SZ,浙江建投,买入,23.457,300,7037.05,5.00,0.00
2022-09-01,09:31:00,600668.SH,尖峰集团,买入,12.194,1000,12194.34,5.00,0.00
2022-09-01,09:31:00,002603.SZ,以岭药业,买入,21.533,500,10766.49,5.00,0.00
2022-09-01,09:31:00,603758.SH,秦安股份,买入,8.998,400,3599.18,5.00,0.00
2022-09-01,09:31:00,601789.SH,宁波建工,买入,4.659,2500,11648.25,5.00,0.00
2022-09-01,09:31:00,600062.SH,华润双鹤,买入,18.627,400,7450.87,5.00,0.00
2022-09-01,09:31:00,002561.SZ,徐家汇,买入,9.018,1100,9919.80,5.00,0.00
2022-09-01,09:31:00,603897.SH,长城科技,买入,27.745,100,2774.54,5.00,0.00
2022-09-01,09:31:00,000756.SZ,新华制药,买入,17.846,300,5353.69,5.00,0.00
2022-09-01,09:31:00,603520.SH,司太立,买入,19.449,400,7779.53,5.00,0.00
2022-09-01,09:31:00,603611.SH,诺力股份,卖出,17.176,-500,-8587.79,5.00,8.59
2022-09-01,09:31:00,603848.SH,好太太,卖出,14.132,-300,-4239.50,5.00,4.24
2022-09-01,09:31:00,600056.SH,中国医药,买入,12.816,700,8970.91,5.00,0.00
2022-09-01,09:31:00,603916.SH,苏博特,买入,18.607,300,5582.14,5.00,0.00
2022-09-01,09:31:00,600782.SH,新钢股份,买入,4.269,2400,10244.45,5.00,0.00
2022-09-01,09:31:00,603318.SH,水发燃气,卖出,7.904,-1100,-8694.58,5.00,8.69
2022-09-01,09:31:00,603676.SH,卫信康,卖出,12.176,-500,-6087.80,5.00,6.09
2022-09-01,09:31:00,603797.SH,联泰环保,卖出,5.838,-1800,-10508.94,5.00,10.51
2022-09-01,09:31:00,002432.SZ,九安医疗,买入,49.829,100,4982.95,5.00,0.00
2022-09-01,09:31:00,600901.SH,江苏金租,卖出,5.060,-2600,-13155.64,5.00,13.16
2022-09-01,09:31:00,603126.SH,中材节能,卖出,7.685,-1300,-9989.98,5.00,9.99
2022-09-01,09:31:00,603279.SH,景津装备,卖出,29.142,-100,-2914.16,5.00,2.91
2022-08-01,09:31:00,600901.SH,江苏金租,买入,5.070,2600,13182.31,5.00,0.00
2022-08-01,09:31:00,605166.SH,聚合顺,买入,14.359,400,5743.46,5.00,0.00
2022-08-01,09:31:00,600475.SH,华光环能,买入,8.757,1100,9633.23,5.00,0.00
2022-08-01,09:31:00,603676.SH,卫信康,卖出,12.944,-700,-9060.84,5.00,9.06
2022-08-01,09:31:00,603788.SH,宁波高发,卖出,13.922,-400,-5568.84,5.00,5.57
2022-08-01,09:31:00,603156.SH,养元饮品,卖出,20.110,-500,-10054.85,5.00,10.05
2022-08-01,09:31:00,600236.SH,桂冠电力,卖出,6.158,-1500,-9236.49,5.00,9.24
2022-08-01,09:31:00,601019.SH,山东出版,卖出,5.958,-1600,-9532.90,5.00,9.53
2022-08-01,09:31:00,603617.SH,君禾股份,卖出,10.389,-600,-6233.51,5.00,6.23
2022-08-01,09:31:00,600987.SH,航民股份,卖出,5.220,-1900,-9917.13,5.00,9.92
2022-08-01,09:31:00,600784.SH,鲁银投资,卖出,7.864,-1300,-10223.51,5.00,10.22
2022-08-01,09:31:00,600979.SH,广安爱众,卖出,3.473,-100,-347.30,5.00,0.35
2022-08-01,09:31:00,603332.SH,苏州龙杰,卖出,12.984,-500,-6491.99,5.00,6.49
2022-08-01,09:31:00,601298.SH,青岛港,卖出,5.449,-2300,-12532.88,5.00,12.53
2022-08-01,09:31:00,603013.SH,亚普股份,买入,16.323,600,9793.55,5.00,0.00
2022-08-01,09:31:00,603100.SH,川仪股份,买入,19.188,400,7675.32,5.00,0.00
2022-08-01,09:31:00,601882.SH,海天精工,买入,23.497,500,11748.45,5.00,0.00
2022-08-01,09:31:00,603797.SH,联泰环保,买入,6.242,1800,11236.43,5.00,0.00
2022-08-01,09:31:00,603279.SH,景津装备,买入,33.276,100,3327.64,5.00,0.00
2022-08-01,09:31:00,603758.SH,秦安股份,卖出,11.657,-300,-3496.99,5.00,3.50
2022-08-01,09:31:00,603662.SH,柯力传感,买入,16.904,500,8451.87,5.00,0.00
2022-08-01,09:31:00,603730.SH,岱美股份,买入,15.952,500,7975.92,5.00,0.00
2022-08-01,09:31:00,603916.SH,苏博特,卖出,20.958,-300,-6287.40,5.00,6.29
2022-08-01,09:31:00,603706.SH,东方环宇,买入,17.124,500,8562.09,5.00,0.00
2022-08-01,09:31:00,603968.SH,醋化股份,买入,24.649,100,2464.92,5.00,0.00
2022-08-01,09:31:00,601098.SH,中南传媒,卖出,8.842,-1000,-8842.28,5.00,8.84
2022-08-01,09:31:00,603318.SH,水发燃气,买入,8.246,1100,9071.11,5.00,0.00
2022-08-01,09:31:00,603967.SH,中创物流,卖出,9.850,-800,-7880.21,5.00,7.88
2022-08-01,09:31:00,603126.SH,中材节能,买入,7.174,1300,9326.62,5.00,0.00
2022-08-01,09:31:00,600835.SH,上海机电,买入,16.132,500,8066.10,5.00,0.00
2022-08-01,09:31:00,603970.SH,中农立华,卖出,31.826,-200,-6365.24,5.00,6.37
2022-07-01,09:31:00,601019.SH,山东出版,买入,6.503,1600,10404.77,5.00,0.00
2022-07-01,09:31:00,002757.SZ,南兴股份,卖出,11.607,-800,-9285.39,5.00,9.29
2022-07-01,09:31:00,002925.SZ,盈趣科技,卖出,21.467,-400,-8586.79,5.00,8.59
2022-07-01,09:31:00,000537.SZ,绿发电力,卖出,12.894,-600,-7736.50,5.00,7.74
2022-07-01,09:31:00,000739.SZ,普洛药业,卖出,20.639,-300,-6191.59,5.00,6.19
2022-07-01,09:31:00,002191.SZ,劲嘉股份,卖出,10.060,-1000,-10059.84,5.00,10.06
2022-07-01,09:31:00,002382.SZ,蓝帆医疗,卖出,9.571,-900,-8613.74,5.00,8.61
2022-07-01,09:31:00,002605.SZ,姚记科技,卖出,16.567,-600,-9940.08,5.00,9.94
2022-07-01,09:31:00,601515.SH,衢州东峰,卖出,4.601,-1100,-5060.86,5.00,5.06
2022-07-01,09:31:00,002585.SZ,双星新材,卖出,18.174,-800,-14538.86,5.00,14.54
2022-07-01,09:31:00,603897.SH,长城科技,卖出,31.048,-300,-9314.33,5.00,9.31
2022-07-01,09:31:00,603967.SH,中创物流,买入,10.030,800,8024.02,5.00,0.00
2022-07-01,09:31:00,603611.SH,诺力股份,买入,17.295,500,8647.26,5.00,0.00
2022-07-01,09:31:00,600987.SH,航民股份,买入,5.371,1900,10204.37,5.00,0.00
2022-07-01,09:31:00,002104.SZ,恒宝股份,卖出,8.313,-800,-6650.67,5.00,6.65
2022-07-01,09:31:00,603848.SH,好太太,买入,17.365,300,5209.40,5.00,0.00
2022-07-01,09:31:00,603678.SH,火炬电子,卖出,47.195,-200,-9439.08,5.00,9.44
2022-07-01,09:31:00,603916.SH,苏博特,买入,25.681,300,7704.38,5.00,0.00
2022-07-01,09:31:00,000656.SZ,金科股份,卖出,2.864,-1300,-3723.54,5.00,3.72
2022-07-01,09:31:00,603617.SH,君禾股份,买入,9.639,600,5783.54,5.00,0.00
2022-07-01,09:31:00,600236.SH,桂冠电力,买入,6.132,1500,9198.36,5.00,0.00
2022-07-01,09:31:00,002745.SZ,木林森,卖出,9.810,-1200,-11772.41,5.00,11.77
2022-07-01,09:31:00,601311.SH,骆驼股份,卖出,11.148,-1300,-14491.96,5.00,14.49
2022-07-01,09:31:00,603788.SH,宁波高发,买入,12.605,400,5042.06,5.00,0.00
2022-07-01,09:31:00,600979.SH,广安爱众,买入,3.216,2900,9327.62,5.00,0.00
2022-07-01,09:31:00,603156.SH,养元饮品,买入,22.926,500,11462.88,5.00,0.00
2022-07-01,09:31:00,603970.SH,中农立华,买入,30.761,200,6152.28,5.00,0.00
2022-07-01,09:31:00,603676.SH,卫信康,买入,10.150,1200,12180.31,5.00,0.00
2022-07-01,09:31:00,600784.SH,鲁银投资,买入,7.375,1300,9587.14,5.00,0.00
2022-07-01,09:31:00,600056.SH,中国医药,卖出,14.681,-280,-4110.56,5.00,4.11
2022-07-01,09:31:00,603968.SH,醋化股份,买入,20.701,300,6210.40,5.00,0.00
2022-07-01,09:31:00,603332.SH,苏州龙杰,买入,22.966,500,11482.92,5.00,0.00
2022-07-01,09:31:00,002534.SZ,西子洁能,卖出,16.287,-400,-6514.94,5.00,6.51
2022-07-01,09:31:00,600510.SH,黑牡丹,卖出,8.772,-700,-6140.69,5.00,6.14
2022-07-01,09:31:00,603966.SH,法兰泰克,买入,10.511,800,8408.78,5.00,0.00
2022-07-01,09:31:00,600516.SH,方大炭素,卖出,7.555,-1400,-10576.80,5.00,10.58
2022-07-01,09:31:00,601298.SH,青岛港,买入,5.481,2300,12606.16,5.00,0.00
2022-07-01,09:31:00,601098.SH,中南传媒,买入,9.479,1000,9478.92,5.00,0.00
2022-07-01,09:31:00,600976.SH,健民集团,卖出,51.287,-200,-10257.44,5.00,10.26
2022-07-01,09:31:00,603758.SH,秦安股份,买入,10.771,300,3231.45,5.00,0.00
2022-06-01,09:31:00,002434.SZ,万里扬,卖出,7.615,-1200,-9137.69,5.00,9.14
2022-06-01,09:31:00,002191.SZ,劲嘉股份,买入,8.968,400,3587.16,5.00,0.00
2022-06-01,09:31:00,002335.SZ,科华数据,卖出,23.453,-300,-7035.90,5.00,7.04
2022-06-01,09:31:00,002104.SZ,恒宝股份,买入,8.216,100,821.64,5.00,0.00
2022-06-01,09:31:00,601567.SH,三星电气,卖出,10.110,-700,-7076.82,5.00,7.08
2022-06-01,09:31:00,600210.SH,紫江企业,卖出,5.499,-1800,-9898.16,5.00,9.90
2022-06-01,09:31:00,000656.SZ,金科股份,买入,3.126,1300,4064.11,5.00,0.00
2022-06-01,09:31:00,002382.SZ,蓝帆医疗,买入,8.818,900,7935.84,5.00,0.00
2022-06-01,09:31:00,002745.SZ,木林森,买入,9.028,1200,10833.62,5.00,0.00
2022-06-01,09:31:00,600510.SH,黑牡丹,买入,8.737,700,6116.21,5.00,0.00
2022-06-01,09:31:00,002585.SZ,双星新材,买入,15.160,400,6064.10,5.00,0.00
2022-06-01,09:31:00,002206.SZ,海利得,卖出,5.978,-1800,-10760.44,5.00,10.76
2022-06-01,09:31:00,002518.SZ,科士达,卖出,21.327,-500,-10663.63,5.00,10.66
2022-06-01,09:31:00,600516.SH,方大炭素,买入,7.064,1400,9889.74,5.00,0.00
2022-06-01,09:31:00,000537.SZ,绿发电力,买入,12.986,100,1298.59,5.00,0.00
2022-06-01,09:31:00,002218.SZ,拓日新能,卖出,4.721,-1800,-8496.97,5.00,8.50
2022-06-01,09:31:00,603997.SH,继峰股份,卖出,8.503,-800,-6802.37,5.00,6.80
2022-06-01,09:31:00,002757.SZ,南兴股份,买入,12.124,800,9699.36,5.00,0.00
2022-06-01,09:31:00,002605.SZ,姚记科技,买入,15.832,200,3166.32,5.00,0.00
2022-06-01,09:31:00,600056.SH,中国医药,买入,20.411,200,4082.15,5.00,0.00
2022-06-01,09:31:00,600976.SH,健民集团,买入,45.581,200,9116.20,5.00,0.00
2022-06-01,09:31:00,002531.SZ,天顺风能,卖出,13.423,-900,-12080.79,5.00,12.08
2022-06-01,09:31:00,603197.SH,保隆科技,卖出,38.333,-200,-7666.64,5.00,7.67
2022-06-01,09:31:00,002925.SZ,盈趣科技,买入,19.940,400,7975.92,5.00,0.00
2022-06-01,09:31:00,601515.SH,衢州东峰,买入,4.369,1100,4805.59,5.00,0.00
2022-06-01,09:31:00,601311.SH,骆驼股份,买入,9.299,400,3719.42,5.00,0.00
2022-06-01,09:31:00,603218.SH,日月股份,卖出,21.158,-500,-10578.80,5.00,10.58
2022-06-01,09:31:00,603678.SH,火炬电子,买入,38.948,200,7789.55,5.00,0.00
2022-05-05,09:31:00,002191.SZ,劲嘉股份,买入,8.778,600,5266.51,5.00,0.00
2022-05-05,09:31:00,002206.SZ,海利得,买入,4.790,600,2873.74,5.00,0.00
2022-05-05,09:31:00,603218.SH,日月股份,买入,16.403,200,3280.55,5.00,0.00
2022-05-05,09:31:00,002534.SZ,西子洁能,买入,13.186,100,1318.63,5.00,0.00
2022-05-05,09:31:00,601369.SH,陕鼓动力,卖出,7.635,-1100,-8398.17,5.00,8.40
2022-05-05,09:31:00,603997.SH,继峰股份,买入,7.264,100,726.45,5.00,0.00
2022-05-05,09:31:00,601633.SH,长城汽车,卖出,24.201,-300,-7260.45,5.00,7.26
2022-05-05,09:31:00,601567.SH,三星电气,买入,8.727,100,872.74,5.00,0.00
2022-05-05,09:31:00,000537.SZ,绿发电力,买入,11.222,500,5611.20,5.00,0.00
2022-05-05,09:31:00,600210.SH,紫江企业,买入,4.639,200,927.85,5.00,0.00
2022-05-05,09:31:00,002434.SZ,万里扬,卖出,6.737,-300,-2020.95,5.00,2.02
2022-05-05,09:31:00,002335.SZ,科华数据,买入,19.739,300,5921.82,5.00,0.00
2022-05-05,09:31:00,600310.SH,广西能源,卖出,3.703,-1700,-6294.39,5.00,6.29
2022-05-05,09:31:00,603897.SH,长城科技,买入,21.473,100,2147.29,5.00,0.00
2022-05-05,09:31:00,002605.SZ,姚记科技,买入,14.469,400,5787.55,5.00,0.00
2022-05-05,09:31:00,002585.SZ,双星新材,买入,13.347,100,1334.66,5.00,0.00
2022-05-05,09:31:00,600933.SH,爱柯迪,卖出,10.808,-700,-7565.84,5.00,7.57
2022-05-05,09:31:00,002705.SZ,新宝股份,卖出,17.006,-500,-8502.96,5.00,8.50
2022-05-05,09:31:00,603877.SH,太平鸟,卖出,18.084,-400,-7233.50,5.00,7.23
2022-05-05,09:31:00,002518.SZ,科士达,买入,14.329,500,7164.30,5.00,0.00
2022-05-05,09:31:00,000739.SZ,普洛药业,买入,18.206,300,5461.90,5.00,0.00
2022-05-05,09:31:00,002531.SZ,天顺风能,买入,9.299,900,8368.70,5.00,0.00
2022-05-05,09:31:00,603035.SH,常熟汽饰,卖出,13.663,-500,-6831.31,5.00,6.83
2022-05-05,09:31:00,002218.SZ,拓日新能,买入,3.828,1800,6889.75,5.00,0.00
2022-05-05,09:31:00,002270.SZ,华明装备,卖出,6.078,-1300,-7901.17,5.00,7.90
2022-05-05,09:31:00,601126.SH,四方股份,卖出,11.178,-600,-6706.56,5.00,6.71
2022-05-05,09:31:00,002104.SZ,恒宝股份,买入,7.846,700,5491.96,5.00,0.00
2022-05-05,09:31:00,603738.SH,泰晶科技,卖出,29.940,-200,-5988.00,5.00,5.99
2022-05-05,09:31:00,601311.SH,骆驼股份,买入,8.307,900,7475.92,5.00,0.00
2022-04-01,09:31:00,601678.SH,滨化股份,卖出,6.467,-1800,-11640.67,5.00,11.64
2022-04-01,09:31:00,000928.SZ,中钢国际,卖出,6.627,-1300,-8614.74,5.00,8.61
2022-04-01,09:31:00,000625.SZ,长安汽车,卖出,11.218,-900,-10095.77,5.00,10.10
2022-04-01,09:31:00,603035.SH,常熟汽饰,买入,13.327,500,6663.30,5.00,0.00
2022-04-01,09:31:00,002434.SZ,万里扬,买入,7.485,1000,7484.94,5.00,0.00
2022-04-01,09:31:00,601369.SH,陕鼓动力,买入,8.697,1100,9567.10,5.00,0.00
2022-04-01,09:31:00,600310.SH,广西能源,买入,4.028,1700,6847.67,5.00,0.00
2022-04-01,09:31:00,601567.SH,三星电气,买入,10.651,600,6390.76,5.00,0.00
2022-04-01,09:31:00,603218.SH,日月股份,买入,20.541,300,6162.30,5.00,0.00
2022-04-01,09:31:00,603897.SH,长城科技,买入,30.681,100,3068.12,5.00,0.00
2022-04-01,09:31:00,002534.SZ,西子洁能,买入,19.719,300,5915.81,5.00,0.00
2022-04-01,09:31:00,002157.SZ,正邦科技,卖出,7.645,-700,-5351.28,5.00,5.35
2022-04-01,09:31:00,601126.SH,四方股份,买入,12.755,200,2551.09,5.00,0.00
2022-04-01,09:31:00,603197.SH,保隆科技,买入,40.982,200,8196.36,5.00,0.00
2022-04-01,09:31:00,002127.SZ,南极电商,卖出,5.339,-1400,-7475.02,5.00,7.48
2022-04-01,09:31:00,600742.SH,富维股份,卖出,9.641,-1200,-11568.82,5.00,11.57
2022-04-01,09:31:00,601633.SH,长城汽车,买入,27.284,100,2728.45,5.00,0.00
2022-04-01,09:31:00,002165.SZ,红宝丽,卖出,4.750,-2200,-10451.06,5.00,10.45
2022-04-01,09:31:00,600740.SH,山西焦化,卖出,6.098,-1200,-7317.34,5.00,7.32
2022-04-01,09:31:00,002585.SZ,双星新材,买入,16.262,300,4878.74,5.00,0.00
2022-04-01,09:31:00,002705.SZ,新宝股份,买入,16.613,100,1661.32,5.00,0.00
2022-04-01,09:31:00,600490.SH,鹏欣资源,卖出,4.261,-2300,-9801.36,5.00,9.80
2022-04-01,09:31:00,002206.SZ,海利得,买入,6.052,1200,7262.50,5.00,0.00
2022-04-01,09:31:00,603738.SH,泰晶科技,买入,35.411,200,7082.14,5.00,0.00
2022-04-01,09:31:00,600683.SH,京投发展,卖出,5.928,-1900,-11263.43,5.00,11.26
2022-04-01,09:31:00,603877.SH,太平鸟,买入,20.942,100,2094.18,5.00,0.00
2022-04-01,09:31:00,002825.SZ,纳尔股份,卖出,17.804,-400,-7121.73,5.00,7.12
2022-04-01,09:31:00,600143.SH,金发科技,卖出,9.671,-900,-8703.56,5.00,8.70
2022-04-01,09:31:00,603997.SH,继峰股份,买入,9.118,700,6382.74,5.00,0.00
2022-04-01,09:31:00,002270.SZ,华明装备,买入,6.894,1300,8961.89,5.00,0.00
2022-04-01,09:31:00,601636.SH,旗滨集团,卖出,13.154,-400,-5261.46,5.00,5.26
2022-04-01,09:31:00,600933.SH,爱柯迪,买入,11.743,700,8220.41,5.00,0.00
2022-03-01,09:31:00,000928.SZ,中钢国际,买入,7.425,1300,9652.27,5.00,0.00
2022-03-01,09:31:00,002923.SZ,润都股份,卖出,21.188,-300,-6356.26,5.00,6.36
2022-03-01,09:31:00,002455.SZ,百川股份,卖出,13.533,-700,-9473.02,5.00,9.47
2022-03-01,09:31:00,600456.SH,宝钛股份,卖出,55.848,-100,-5584.81,5.00,5.58
2022-03-01,09:31:00,600143.SH,金发科技,买入,10.741,900,9667.30,5.00,0.00
2022-03-01,09:31:00,000625.SZ,长安汽车,买入,13.176,100,1317.63,5.00,0.00
2022-03-01,09:31:00,600328.SH,中盐化工,卖出,17.106,-700,-11974.00,5.00,11.97
2022-03-01,09:31:00,002165.SZ,红宝丽,买入,5.050,2200,11110.18,5.00,0.00
2022-03-01,09:31:00,002651.SZ,利君股份,卖出,9.930,-600,-5958.06,5.00,5.96
2022-03-01,09:31:00,600740.SH,山西焦化,卖出,6.108,-100,-610.78,5.00,0.61
2022-03-01,09:31:00,600742.SH,富维股份,买入,11.283,200,2256.50,5.00,0.00
2022-03-01,09:31:00,002825.SZ,纳尔股份,买入,18.427,400,7370.71,5.00,0.00
2022-03-01,09:31:00,600141.SH,兴发集团,卖出,40.629,-200,-8125.72,5.00,8.13
2022-03-01,09:31:00,600210.SH,紫江企业,买入,7.064,500,3532.05,5.00,0.00
2022-03-01,09:31:00,601678.SH,滨化股份,买入,7.335,500,3667.32,5.00,0.00
2022-03-01,09:31:00,600683.SH,京投发展,卖出,4.910,-300,-1473.05,5.00,1.47
2022-03-01,09:31:00,002127.SZ,南极电商,买入,5.591,1400,7827.62,5.00,0.00
2022-03-01,09:31:00,601633.SH,长城汽车,买入,37.355,200,7470.91,5.00,0.00
2022-03-01,09:31:00,600596.SH,新安股份,卖出,27.625,-300,-8287.39,5.00,8.29
2022-03-01,09:31:00,002157.SZ,正邦科技,买入,7.084,700,4958.90,5.00,0.00
2022-03-01,09:31:00,002538.SZ,ST司特,卖出,9.441,-1100,-10385.19,5.00,10.39
2022-03-01,09:31:00,002705.SZ,新宝股份,买入,18.938,400,7575.12,5.00,0.00
2022-03-01,09:31:00,601636.SH,旗滨集团,买入,15.842,400,6336.65,5.00,0.00
2022-03-01,09:31:00,601126.SH,四方股份,买入,16.753,400,6701.38,5.00,0.00
2022-03-01,09:31:00,600338.SH,西藏珠峰,卖出,33.792,-100,-3379.23,5.00,3.38
2022-03-01,09:31:00,600409.SH,三友化工,卖出,9.002,-1300,-11702.55,5.00,11.70
2022-03-01,09:31:00,600490.SH,鹏欣资源,买入,4.669,100,466.93,5.00,0.00
2022-03-01,09:31:00,603017.SH,中衡设计,卖出,9.401,-600,-5640.70,5.00,5.64
2022-02-07,09:31:00,601998.SH,中信银行,卖出,4.671,-3000,-14011.92,5.00,14.01
2022-02-07,09:31:00,600490.SH,鹏欣资源,买入,4.279,2200,9412.79,5.00,0.00
2022-02-07,09:31:00,601010.SH,ST文峰,卖出,3.184,-2900,-9232.50,5.00,9.23
2022-02-07,09:31:00,603877.SH,太平鸟,买入,24.339,300,7301.57,5.00,0.00
2022-02-07,09:31:00,603897.SH,长城科技,买入,41.783,100,4178.34,5.00,0.00
2022-02-07,09:31:00,603058.SH,永吉股份,卖出,8.253,-600,-4952.08,5.00,4.95
2022-02-07,09:31:00,600901.SH,江苏金租,卖出,4.960,-2700,-13392.16,5.00,13.39
2022-02-07,09:31:00,600177.SH,雅戈尔,卖出,6.717,-1900,-12761.43,5.00,12.76
2022-02-07,09:31:00,603106.SH,恒银科技,卖出,5.918,-1100,-6509.95,5.00,6.51
2022-02-07,09:31:00,601098.SH,中南传媒,卖出,9.291,-900,-8362.24,5.00,8.36
2022-02-07,09:31:00,600740.SH,山西焦化,买入,5.271,1300,6851.68,5.00,0.00
2022-02-07,09:31:00,603100.SH,川仪股份,卖出,17.415,-300,-5224.53,5.00,5.22
2022-02-07,09:31:00,601928.SH,凤凰传媒,卖出,7.425,-1700,-12622.70,5.00,12.62
2022-02-07,09:31:00,600409.SH,三友化工,买入,7.956,1300,10342.64,5.00,0.00
2022-02-07,09:31:00,002455.SZ,百川股份,买入,12.365,700,8655.28,5.00,0.00
2022-02-07,09:31:00,600742.SH,富维股份,买入,10.771,1000,10771.50,5.00,0.00
2022-02-07,09:31:00,603458.SH,勘设股份,卖出,13.024,-400,-5209.56,5.00,5.21
2022-02-07,09:31:00,601616.SH,广电电气,卖出,3.423,-2400,-8215.54,5.00,8.22
2022-02-07,09:31:00,002923.SZ,润都股份,买入,20.761,300,6228.43,5.00,0.00
2022-02-07,09:31:00,002538.SZ,ST司特,买入,8.537,1100,9390.74,5.00,0.00
2022-02-07,09:31:00,603871.SH,嘉友国际,卖出,19.940,-200,-3988.01,5.00,3.99
2022-02-07,09:31:00,600596.SH,新安股份,买入,22.315,300,6694.36,5.00,0.00
2022-02-07,09:31:00,601801.SH,皖新传媒,卖出,4.810,-2600,-12506.94,5.00,12.51
2022-02-07,09:31:00,600328.SH,中盐化工,买入,15.291,700,10703.36,5.00,0.00
2022-02-07,09:31:00,603855.SH,华荣股份,卖出,26.896,-200,-5379.22,5.00,5.38
2022-02-07,09:31:00,600141.SH,兴发集团,买入,30.942,200,6188.35,5.00,0.00
2022-02-07,09:31:00,600456.SH,宝钛股份,买入,47.926,100,4792.57,5.00,0.00
2022-02-07,09:31:00,601158.SH,重庆水务,卖出,5.998,-1300,-7797.37,5.00,7.80
2022-02-07,09:31:00,600683.SH,京投发展,买入,4.679,2200,10294.55,5.00,0.00
2022-02-07,09:31:00,600338.SH,西藏珠峰,买入,29.158,100,2915.82,5.00,0.00
2022-02-07,09:31:00,000625.SZ,长安汽车,买入,13.196,800,10557.07,5.00,0.00
2022-02-07,09:31:00,603699.SH,纽威股份,卖出,10.709,-600,-6425.12,5.00,6.43
2022-02-07,09:31:00,603708.SH,家家悦,卖出,13.463,-600,-8077.81,5.00,8.08
2022-02-07,09:31:00,600210.SH,紫江企业,买入,7.094,1100,7803.58,5.00,0.00
2022-02-07,09:31:00,601678.SH,滨化股份,买入,6.854,1300,8909.78,5.00,0.00
2022-02-07,09:31:00,603556.SH,海兴电力,卖出,12.585,-400,-5033.91,5.00,5.03
2022-02-07,09:31:00,002651.SZ,利君股份,买入,10.130,600,6078.13,5.00,0.00
2022-02-07,09:31:00,002434.SZ,万里扬,买入,10.120,500,5060.10,5.00,0.00
2022-01-04,09:31:00,603006.SH,联明股份,卖出,10.948,-400,-4379.22,5.00,4.38
2022-01-04,09:31:00,603058.SH,永吉股份,买入,9.268,600,5561.10,5.00,0.00
2022-01-04,09:31:00,603100.SH,川仪股份,买入,21.052,300,6315.61,5.00,0.00
2022-01-04,09:31:00,601098.SH,中南传媒,卖出,9.611,-500,-4805.37,5.00,4.81
2022-01-04,09:31:00,600901.SH,江苏金租,买入,5.100,1300,6630.23,5.00,0.00
2022-01-04,09:31:00,603360.SH,百傲化学,卖出,13.134,-300,-3940.10,5.00,3.94
2022-01-04,09:31:00,603323.SH,苏农银行,卖出,4.890,-1000,-4890.20,5.00,4.89
2022-01-04,09:31:00,601158.SH,重庆水务,卖出,6.437,-300,-1931.13,5.00,1.93
2022-01-04,09:31:00,603788.SH,宁波高发,卖出,14.192,-800,-11353.25,5.00,11.35
2022-01-04,09:31:00,603871.SH,嘉友国际,买入,20.992,200,4198.38,5.00,0.00
2022-01-04,09:31:00,603458.SH,勘设股份,买入,13.196,400,5278.54,5.00,0.00
2022-01-04,09:31:00,600120.SH,浙江东方,卖出,4.401,-3000,-13203.54,5.00,13.20
2022-01-04,09:31:00,600177.SH,雅戈尔,买入,6.934,1900,13174.30,5.00,0.00
2022-01-04,09:31:00,601616.SH,广电电气,卖出,3.802,-900,-3422.14,5.00,3.42
2022-01-04,09:31:00,603886.SH,元祖股份,卖出,23.533,-300,-7059.85,5.00,7.06
2022-01-04,09:31:00,601928.SH,凤凰传媒,卖出,8.094,-200,-1618.76,5.00,1.62
2022-01-04,09:31:00,603908.SH,牧高笛,卖出,40.369,-100,-4036.91,5.00,4.04
2022-01-04,09:31:00,601965.SH,中国汽研,卖出,18.403,-500,-9201.56,5.00,9.20
2022-01-04,09:31:00,603617.SH,君禾股份,卖出,12.255,-600,-7353.26,5.00,7.35
2022-01-04,09:31:00,601801.SH,皖新传媒,买入,5.220,2600,13573.09,5.00,0.00
2022-01-04,09:31:00,603017.SH,中衡设计,买入,10.832,600,6498.97,5.00,0.00
2022-01-04,09:31:00,603106.SH,恒银科技,买入,6.082,1100,6690.35,5.00,0.00
2022-01-04,09:31:00,603366.SH,日出东方,卖出,5.080,-1100,-5587.80,5.00,5.59
2022-01-04,09:31:00,603699.SH,纽威股份,买入,11.002,600,6601.18,5.00,0.00
2022-01-04,09:31:00,603708.SH,家家悦,买入,16.773,600,10064.09,5.00,0.00
2022-01-04,09:31:00,603203.SH,快克智能,卖出,37.116,-200,-7423.12,5.00,7.42
2021-12-01,09:31:00,600120.SH,浙江东方,买入,4.439,1000,4438.86,5.00,0.00
2021-12-01,09:31:00,601997.SH,贵阳银行,卖出,6.477,-1900,-12306.34,5.00,12.31
2021-12-01,09:31:00,603556.SH,海兴电力,买入,14.198,400,5679.34,5.00,0.00
2021-12-01,09:31:00,002790.SZ,瑞尔特,卖出,8.772,-800,-7017.94,5.00,7.02
2021-12-01,09:31:00,002948.SZ,青岛银行,卖出,4.731,-2700,-12772.40,5.00,12.77
2021-12-01,09:31:00,600717.SH,天津港,卖出,3.882,-1600,-6211.55,5.00,6.21
2021-12-01,09:31:00,601098.SH,中南传媒,买入,9.168,1400,12835.62,5.00,0.00
2021-12-01,09:31:00,600637.SH,东方明珠,卖出,7.814,-1600,-12502.94,5.00,12.50
2021-12-01,09:31:00,603358.SH,华达科技,卖出,22.345,-400,-8938.09,5.00,8.94
2021-12-01,09:31:00,603203.SH,快克智能,买入,39.228,100,3922.83,5.00,0.00
2021-12-01,09:31:00,603788.SH,宁波高发,买入,16.072,800,12857.66,5.00,0.00
2021-12-01,09:31:00,600742.SH,富维股份,卖出,13.942,-1100,-15336.27,5.00,15.34
2021-12-01,09:31:00,601616.SH,广电电气,买入,3.637,3300,12002.96,5.00,0.00
2021-12-01,09:31:00,601965.SH,中国汽研,买入,20.691,500,10345.65,5.00,0.00
2021-12-01,09:31:00,600901.SH,江苏金租,卖出,5.080,-1000,-5079.82,5.00,5.08
2021-12-01,09:31:00,601928.SH,凤凰传媒,买入,6.814,700,4769.52,5.00,0.00
2021-12-01,09:31:00,603006.SH,联明股份,买入,10.822,400,4328.64,5.00,0.00
2021-12-01,09:31:00,601010.SH,ST文峰,买入,3.166,2900,9182.33,5.00,0.00
2021-12-01,09:31:00,603825.SH,ST华扬,卖出,16.746,-300,-5023.93,5.00,5.02
2021-12-01,09:31:00,603360.SH,百傲化学,买入,14.820,300,4445.87,5.00,0.00
2021-12-01,09:31:00,603366.SH,日出东方,买入,4.780,100,477.95,5.00,0.00
2021-12-01,09:31:00,603617.SH,君禾股份,买入,13.347,600,8007.98,5.00,0.00
2021-12-01,09:31:00,600643.SH,爱建集团,卖出,6.487,-1400,-9081.80,5.00,9.08
2021-12-01,09:31:00,600335.SH,国机汽车,卖出,7.685,-1100,-8453.06,5.00,8.45
2021-12-01,09:31:00,601158.SH,重庆水务,买入,6.323,800,5058.10,5.00,0.00
2021-12-01,09:31:00,603323.SH,苏农银行,卖出,4.800,-1000,-4800.38,5.00,4.80
2021-12-01,09:31:00,601998.SH,中信银行,买入,4.519,200,903.80,5.00,0.00
2021-12-01,09:31:00,603908.SH,牧高笛,买入,39.168,100,3916.82,5.00,0.00
2021-11-01,09:31:00,002948.SZ,青岛银行,买入,4.709,2700,12715.38,5.00,0.00
2021-11-01,09:31:00,600020.SH,中原高速,卖出,3.104,-2800,-8690.58,5.00,8.69
2021-11-01,09:31:00,603203.SH,快克智能,买入,36.072,100,3607.20,5.00,0.00
2021-11-01,09:31:00,600643.SH,爱建集团,卖出,6.387,-400,-2554.88,5.00,2.55
2021-11-01,09:31:00,600269.SH,赣粤高速,卖出,3.303,-3700,-12222.51,5.00,12.22
2021-11-01,09:31:00,601158.SH,重庆水务,卖出,5.619,-600,-3371.24,5.00,3.37
2021-11-01,09:31:00,603323.SH,苏农银行,卖出,5.399,-100,-539.92,5.00,0.54
2021-11-01,09:31:00,600368.SH,五洲交通,卖出,3.623,-2000,-7245.48,5.00,7.25
2021-11-01,09:31:00,601700.SH,风范股份,卖出,4.162,-1300,-5410.16,5.00,5.41
2021-11-01,09:31:00,601019.SH,山东出版,卖出,5.838,-2200,-12844.26,5.00,12.84
2021-11-01,09:31:00,601616.SH,广电电气,卖出,3.273,-2700,-8838.29,5.00,8.84
2021-11-01,09:31:00,603058.SH,永吉股份,卖出,7.086,-700,-4960.06,5.00,4.96
2021-11-01,09:31:00,603886.SH,元祖股份,卖出,19.581,-200,-3916.15,5.00,3.92
2021-11-01,09:31:00,603825.SH,ST华扬,买入,16.162,300,4848.68,5.00,0.00
2021-11-01,09:31:00,002746.SZ,仙坛股份,卖出,7.056,-1600,-11289.38,5.00,11.29
2021-11-01,09:31:00,600987.SH,航民股份,卖出,5.369,-1200,-6443.09,5.00,6.44
2021-11-01,09:31:00,603339.SH,四方科技,卖出,10.249,-500,-5124.73,5.00,5.12
2021-11-01,09:31:00,603458.SH,勘设股份,卖出,10.329,-900,-9296.37,5.00,9.30
2021-11-01,09:31:00,603358.SH,华达科技,买入,20.230,400,8092.15,5.00,0.00
2021-11-01,09:31:00,603889.SH,新澳股份,卖出,5.888,-800,-4710.56,5.00,4.71
2021-11-01,09:31:00,601997.SH,贵阳银行,买入,6.663,1900,12660.27,5.00,0.00
2021-11-01,09:31:00,600120.SH,浙江东方,买入,4.078,2000,8156.28,5.00,0.00
2021-11-01,09:31:00,600335.SH,国机汽车,买入,6.413,1100,7054.08,5.00,0.00
2021-11-01,09:31:00,600742.SH,富维股份,买入,11.122,1100,12234.42,5.00,0.00
2021-11-01,09:31:00,603855.SH,华荣股份,买入,23.066,200,4613.21,5.00,0.00
2021-11-01,09:31:00,600901.SH,江苏金租,买入,5.261,2400,12625.20,5.00,0.00
2021-11-01,09:31:00,601928.SH,凤凰传媒,买入,6.974,1200,8368.70,5.00,0.00
2021-11-01,09:31:00,601298.SH,青岛港,卖出,5.509,-2300,-12670.61,5.00,12.67
2021-11-01,09:31:00,603303.SH,得邦照明,卖出,15.719,-300,-4715.55,5.00,4.72
2021-11-01,09:31:00,002546.SZ,新联电子,卖出,3.693,-1900,-7015.94,5.00,7.02
2021-11-01,09:31:00,603165.SH,荣晟环保,卖出,13.214,-500,-6606.76,5.00,6.61
2021-11-01,09:31:00,603366.SH,日出东方,买入,4.549,1000,4549.08,5.00,0.00
2021-11-01,09:31:00,600637.SH,东方明珠,买入,7.705,1600,12328.61,5.00,0.00
2021-11-01,09:31:00,601998.SH,中信银行,买入,4.539,2800,12709.37,5.00,0.00
2021-11-01,09:31:00,600717.SH,天津港,买入,4.028,1600,6444.86,5.00,0.00
2021-11-01,09:31:00,002790.SZ,瑞尔特,买入,6.593,800,5274.53,5.00,0.00
2021-10-08,09:31:00,601019.SH,山东出版,买入,6.152,2200,13535.02,5.00,0.00
2021-10-08,09:31:00,603100.SH,川仪股份,卖出,18.802,-300,-5640.70,5.00,5.64
2021-10-08,09:31:00,603926.SH,铁流股份,卖出,14.750,-200,-2950.09,5.00,2.95
2021-10-08,09:31:00,002441.SZ,众业达,卖出,8.573,-1200,-10287.38,5.00,10.29
2021-10-08,09:31:00,603855.SH,华荣股份,卖出,21.906,-300,-6571.83,5.00,6.57
2021-10-08,09:31:00,600635.SH,大众公用,卖出,4.261,-3600,-15341.26,5.00,15.34
2021-10-08,09:31:00,603165.SH,荣晟环保,买入,13.527,500,6763.50,5.00,0.00
2021-10-08,09:31:00,600643.SH,爱建集团,卖出,7.046,-100,-704.59,5.00,0.70
2021-10-08,09:31:00,600368.SH,五洲交通,卖出,4.042,-1000,-4041.90,5.00,4.04
2021-10-08,09:31:00,600820.SH,隧道股份,卖出,5.719,-2500,-14296.35,5.00,14.30
2021-10-08,09:31:00,603323.SH,苏农银行,卖出,5.210,-600,-3125.74,5.00,3.13
2021-10-08,09:31:00,600681.SH,百川能源,卖出,5.978,-2000,-11956.04,5.00,11.96
2021-10-08,09:31:00,603203.SH,快克智能,卖出,32.964,-200,-6592.79,5.00,6.59
2021-10-08,09:31:00,002546.SZ,新联电子,买入,4.349,1900,8262.49,5.00,0.00
2021-10-08,09:31:00,603912.SH,佳力图,卖出,14.391,-300,-4317.35,5.00,4.32
2021-10-08,09:31:00,603886.SH,元祖股份,买入,19.058,500,9529.02,5.00,0.00
2021-10-08,09:31:00,603968.SH,醋化股份,卖出,16.956,-400,-6782.41,5.00,6.78
2021-10-08,09:31:00,601616.SH,广电电气,买入,3.838,2700,10361.68,5.00,0.00
2021-10-08,09:31:00,603458.SH,勘设股份,买入,11.082,900,9973.91,5.00,0.00
2021-10-08,09:31:00,601158.SH,重庆水务,买入,6.683,1400,9356.68,5.00,0.00
2021-10-08,09:31:00,600502.SH,安徽建工,卖出,3.942,-3400,-13403.14,5.00,13.40
2021-10-08,09:31:00,601200.SH,上海环境,卖出,13.423,-1200,-16107.72,5.00,16.11
2021-10-08,09:31:00,603166.SH,福达股份,卖出,8.273,-700,-5791.39,5.00,5.79
2021-10-08,09:31:00,601298.SH,青岛港,买入,5.832,2300,13412.77,5.00,0.00
2021-10-08,09:31:00,600987.SH,航民股份,买入,5.751,1200,6901.78,5.00,0.00
2021-10-08,09:31:00,600269.SH,赣粤高速,买入,3.617,3700,13383.71,5.00,0.00
2021-10-08,09:31:00,603002.SH,宏昌电子,卖出,7.744,-900,-6970.03,5.00,6.97
2021-10-08,09:31:00,601700.SH,风范股份,买入,4.910,1300,6382.74,5.00,0.00
2021-10-08,09:31:00,600020.SH,中原高速,买入,3.407,2800,9539.04,5.00,0.00
2021-10-08,09:31:00,603358.SH,华达科技,卖出,17.265,-300,-5179.62,5.00,5.18
2021-10-08,09:31:00,603889.SH,新澳股份,卖出,6.776,-200,-1355.28,5.00,1.36
2021-10-08,09:31:00,603339.SH,四方科技,买入,10.561,500,5280.54,5.00,0.00
2021-10-08,09:31:00,002746.SZ,仙坛股份,买入,7.515,1600,12024.00,5.00,0.00
2021-10-08,09:31:00,603058.SH,永吉股份,买入,7.926,700,5548.07,5.00,0.00
2021-09-01,09:31:00,601882.SH,海天精工,卖出,31.547,-400,-12618.71,5.00,12.62
2021-09-01,09:31:00,600368.SH,五洲交通,买入,3.938,3000,11813.58,5.00,0.00
2021-09-01,09:31:00,600508.SH,上海能源,卖出,11.397,-1100,-12536.88,5.00,12.54
2021-09-01,09:31:00,603358.SH,华达科技,买入,17.455,100,1745.48,5.00,0.00
2021-09-01,09:31:00,603889.SH,新澳股份,买入,7.465,1000,7464.90,5.00,0.00
2021-09-01,09:31:00,603926.SH,铁流股份,买入,16.132,200,3226.44,5.00,0.00
2021-09-01,09:31:00,601139.SH,深圳燃气,卖出,10.788,-1700,-18340.25,5.50,18.34
2021-09-01,09:31:00,601928.SH,凤凰传媒,卖出,6.816,-1100,-7497.97,5.00,7.50
2021-09-01,09:31:00,600510.SH,黑牡丹,卖出,8.772,-1300,-11404.15,5.00,11.40
2021-09-01,09:31:00,603166.SH,福达股份,买入,9.459,200,1891.78,5.00,0.00
2021-09-01,09:31:00,002687.SZ,乔治白,卖出,8.513,-1500,-12769.41,5.00,12.77
2021-09-01,09:31:00,603380.SH,易德龙,卖出,29.192,-300,-8757.45,5.00,8.76
2021-09-01,09:31:00,603697.SH,有友食品,卖出,16.866,-400,-6746.48,5.00,6.75
2021-09-01,09:31:00,603879.SH,永悦科技,卖出,7.136,-700,-4994.99,5.00,4.99
2021-09-01,09:31:00,603002.SH,宏昌电子,买入,8.016,900,7214.40,5.00,0.00
2021-09-01,09:31:00,601200.SH,上海环境,买入,11.673,1200,14007.96,5.00,0.00
2021-09-01,09:31:00,603968.SH,醋化股份,买入,15.020,400,6007.99,5.00,0.00
2021-09-01,09:31:00,603912.SH,佳力图,买入,17.455,300,5236.45,5.00,0.00
2021-09-01,09:31:00,600643.SH,爱建集团,买入,7.074,1900,13440.83,5.00,0.00
2021-09-01,09:31:00,603303.SH,得邦照明,买入,17.745,100,1774.54,5.00,0.00
2021-09-01,09:31:00,603368.SH,柳药集团,卖出,16.297,-600,-9778.40,5.00,9.78
2021-09-01,09:31:00,600502.SH,安徽建工,买入,4.098,3400,13933.81,5.00,0.00
2021-09-01,09:31:00,603757.SH,大元泵业,卖出,21.088,-200,-4217.55,5.00,4.22
2021-09-01,09:31:00,600635.SH,大众公用,买入,3.848,3600,13851.65,5.00,0.00
2021-09-01,09:31:00,603323.SH,苏农银行,卖出,4.800,-100,-480.04,5.00,0.48
2021-09-01,09:31:00,603808.SH,歌力思,卖出,15.659,-500,-7829.31,5.00,7.83
2021-09-01,09:31:00,603855.SH,华荣股份,买入,25.711,300,7713.40,5.00,0.00
2021-09-01,09:31:00,600681.SH,百川能源,买入,5.521,2000,11042.04,5.00,0.00
2021-08-02,09:31:00,600479.SH,千金药业,卖出,8.154,-1100,-8969.03,5.00,8.97
2021-08-02,09:31:00,002753.SZ,永东股份,卖出,9.461,-900,-8514.94,5.00,8.51
2021-08-02,09:31:00,002724.SZ,海洋王,卖出,15.868,-500,-7934.10,5.00,7.93
2021-08-02,09:31:00,600064.SH,南京高科,卖出,8.004,-1400,-11205.54,5.00,11.21
2021-08-02,09:31:00,600510.SH,黑牡丹,买入,7.846,1300,10199.36,5.00,0.00
2021-08-02,09:31:00,002687.SZ,乔治白,买入,8.297,1500,12444.84,5.00,0.00
2021-08-02,09:31:00,603001.SH,奥康国际,卖出,8.263,-800,-6610.75,5.00,6.61
2021-08-02,09:31:00,603203.SH,快克智能,买入,32.555,200,6511.00,5.00,0.00
2021-08-02,09:31:00,601928.SH,凤凰传媒,卖出,6.357,-400,-2542.90,5.00,2.54
2021-08-02,09:31:00,600742.SH,富维股份,卖出,8.882,-1100,-9770.42,5.00,9.77
2021-08-02,09:31:00,603726.SH,朗迪集团,卖出,14.571,-500,-7285.40,5.00,7.29
2021-08-02,09:31:00,601566.SH,九牧王,卖出,15.020,-500,-7509.95,5.00,7.51
2021-08-02,09:31:00,603323.SH,苏农银行,卖出,4.531,-100,-453.09,5.00,0.45
2021-08-02,09:31:00,603877.SH,太平鸟,卖出,48.064,-100,-4806.37,5.00,4.81
2021-08-02,09:31:00,601139.SH,深圳燃气,买入,7.204,1700,12247.45,5.00,0.00
2021-08-02,09:31:00,603303.SH,得邦照明,买入,16.122,200,3224.44,5.00,0.00
2021-08-02,09:31:00,603166.SH,福达股份,买入,8.186,500,4093.17,5.00,0.00
2021-08-02,09:31:00,601882.SH,海天精工,卖出,19.421,-100,-1942.11,5.00,1.94
2021-08-02,09:31:00,603808.SH,歌力思,卖出,14.222,-200,-2844.30,5.00,2.84
2021-08-02,09:31:00,603358.SH,华达科技,买入,18.196,200,3639.26,5.00,0.00
2021-08-02,09:31:00,603766.SH,隆鑫通用,卖出,3.323,-3200,-10634.69,5.00,10.63
2021-08-02,09:31:00,603757.SH,大元泵业,买入,19.689,200,3937.86,5.00,0.00
2021-08-02,09:31:00,603970.SH,中农立华,卖出,19.770,-100,-1977.04,5.00,1.98
2021-08-02,09:31:00,002441.SZ,众业达,买入,8.307,1200,9967.90,5.00,0.00
2021-08-02,09:31:00,603328.SH,依顿电子,卖出,7.515,-1100,-8266.43,5.00,8.27
2021-08-02,09:31:00,603380.SH,易德龙,买入,27.675,300,8302.57,5.00,0.00
2021-08-02,09:31:00,603368.SH,柳药集团,买入,19.850,600,11909.77,5.00,0.00
2021-08-02,09:31:00,603839.SH,安正时尚,卖出,8.633,-600,-5179.62,5.00,5.18
2021-08-02,09:31:00,600508.SH,上海能源,买入,9.719,1100,10691.34,5.00,0.00
2021-08-02,09:31:00,600820.SH,隧道股份,买入,4.870,2500,12174.30,5.00,0.00
2021-07-01,09:31:00,600663.SH,陆家嘴,卖出,13.214,-900,-11892.17,5.00,11.89
2021-07-01,09:31:00,002082.SZ,ST万邦,卖出,12.255,-400,-4902.18,5.00,4.90
2021-07-01,09:31:00,002788.SZ,鹭燕医药,卖出,7.625,-1200,-9149.66,5.00,9.15
2021-07-01,09:31:00,002884.SZ,凌霄泵业,卖出,23.233,-300,-6970.03,5.00,6.97
2021-07-01,09:31:00,600064.SH,南京高科,买入,9.329,200,1865.72,5.00,0.00
2021-07-01,09:31:00,002923.SZ,润都股份,卖出,24.361,-400,-9744.47,5.00,9.74
2021-07-01,09:31:00,603277.SH,银都股份,卖出,23.154,-300,-6946.08,5.00,6.95
2021-07-01,09:31:00,603328.SH,依顿电子,买入,7.435,1100,8178.32,5.00,0.00
2021-07-01,09:31:00,603879.SH,永悦科技,买入,7.184,700,5029.04,5.00,0.00
2021-07-01,09:31:00,601928.SH,凤凰传媒,买入,7.124,100,712.42,5.00,0.00
2021-07-01,09:31:00,600479.SH,千金药业,买入,9.018,200,1803.60,5.00,0.00
2021-07-01,09:31:00,600901.SH,江苏金租,卖出,5.200,-2300,-11959.03,5.00,11.96
2021-07-01,09:31:00,603722.SH,阿科力,卖出,51.088,-100,-5108.76,5.00,5.11
2021-07-01,09:31:00,600377.SH,宁沪高速,卖出,9.770,-1200,-11724.50,5.00,11.72
2021-07-01,09:31:00,600475.SH,华光环能,卖出,10.150,-500,-5074.83,5.00,5.07
2021-07-01,09:31:00,600502.SH,安徽建工,卖出,3.862,-3300,-12745.46,5.00,12.75
2021-07-01,09:31:00,603165.SH,荣晟环保,卖出,13.273,-500,-6636.70,5.00,6.64
2021-07-01,09:31:00,603323.SH,苏农银行,买入,4.429,2900,12843.64,5.00,0.00
2021-07-01,09:31:00,600742.SH,富维股份,买入,10.150,1100,11165.29,5.00,0.00
2021-07-01,09:31:00,600965.SH,*ST福成,卖出,5.689,-900,-5119.74,5.00,5.12
2021-07-01,09:31:00,603726.SH,朗迪集团,买入,14.278,500,7139.25,5.00,0.00
2021-07-01,09:31:00,603839.SH,安正时尚,买入,9.629,200,1925.84,5.00,0.00
2021-07-01,09:31:00,601566.SH,九牧王,买入,16.192,500,8096.16,5.00,0.00
2021-07-01,09:31:00,601882.SH,海天精工,买入,15.531,500,7765.50,5.00,0.00
2021-07-01,09:31:00,603001.SH,奥康国际,买入,10.220,800,8176.32,5.00,0.00
2021-07-01,09:31:00,603877.SH,太平鸟,买入,53.477,100,5347.67,5.00,0.00
2021-07-01,09:31:00,603100.SH,川仪股份,买入,17.836,300,5350.68,5.00,0.00
2021-07-01,09:31:00,603766.SH,隆鑫通用,买入,3.647,3200,11671.30,5.00,0.00
2021-07-01,09:31:00,002753.SZ,永东股份,买入,9.208,900,8287.54,5.00,0.00
2021-07-01,09:31:00,603970.SH,中农立华,买入,22.816,100,2281.55,5.00,0.00
2021-07-01,09:31:00,603697.SH,有友食品,买入,20.260,400,8104.18,5.00,0.00
2021-06-01,09:31:00,603306.SH,华懋科技,卖出,29.790,-200,-5958.06,5.00,5.96
2021-06-01,09:31:00,002724.SZ,海洋王,买入,11.132,500,5566.11,5.00,0.00
2021-06-01,09:31:00,600350.SH,山东高速,卖出,6.327,-1400,-8858.25,5.00,8.86
2021-06-01,09:31:00,600577.SH,精达股份,卖出,5.729,-1900,-10884.19,5.00,10.88
2021-06-01,09:31:00,600502.SH,安徽建工,买入,3.988,1000,3987.96,5.00,0.00
2021-06-01,09:31:00,002763.SZ,汇洁股份,卖出,10.409,-400,-4163.66,5.00,4.16
2021-06-01,09:31:00,600170.SH,上海建工,卖出,2.904,-4300,-12487.97,5.00,12.49
2021-06-01,09:31:00,600548.SH,深高速,卖出,8.892,-600,-5335.31,5.00,5.34
2021-06-01,09:31:00,600461.SH,洪城环境,卖出,7.325,-800,-5860.26,5.00,5.86
2021-06-01,09:31:00,600052.SH,东望时代,卖出,3.263,-1300,-4242.50,5.00,4.24
2021-06-01,09:31:00,601098.SH,中南传媒,卖出,9.691,-800,-7752.46,5.00,7.75
2021-06-01,09:31:00,002788.SZ,鹭燕医药,买入,8.868,1200,10641.24,5.00,0.00
2021-06-01,09:31:00,000906.SZ,浙商中拓,卖出,11.198,-1100,-12317.32,5.00,12.32
2021-06-01,09:31:00,600377.SH,宁沪高速,买入,10.050,200,2010.01,5.00,0.00
2021-06-01,09:31:00,603808.SH,歌力思,买入,14.629,700,10240.44,5.00,0.00
2021-06-01,09:31:00,600475.SH,华光环能,买入,10.621,500,5310.60,5.00,0.00
2021-06-01,09:31:00,600012.SH,皖通高速,卖出,6.796,-1100,-7476.02,5.00,7.48
2021-06-01,09:31:00,600285.SH,羚锐制药,卖出,10.259,-1300,-13337.27,5.00,13.34
2021-06-01,09:31:00,002082.SZ,ST万邦,买入,13.277,400,5310.60,5.00,0.00
2021-06-01,09:31:00,603839.SH,安正时尚,买入,10.872,400,4348.68,5.00,0.00
2021-06-01,09:31:00,601882.SH,海天精工,卖出,14.750,-300,-4425.13,5.00,4.43
2021-06-01,09:31:00,600901.SH,江苏金租,买入,5.671,2300,13044.04,5.00,0.00
2021-06-01,09:31:00,002884.SZ,凌霄泵业,买入,23.958,300,7187.35,5.00,0.00
2021-06-01,09:31:00,603886.SH,元祖股份,卖出,18.014,-300,-5404.17,5.00,5.40
2021-06-01,09:31:00,600663.SH,陆家嘴,买入,11.663,900,10496.95,5.00,0.00
2021-06-01,09:31:00,601928.SH,凤凰传媒,卖出,7.565,-300,-2269.45,5.00,2.27
2021-06-01,09:31:00,600965.SH,*ST福成,买入,6.012,900,5410.80,5.00,0.00
2021-06-01,09:31:00,600064.SH,南京高科,买入,10.301,1200,12360.67,5.00,0.00
2021-06-01,09:31:00,603306.SH,华懋科技,卖出,29.790,-200,-5958.06,5.00,5.96
2021-06-01,09:31:00,002724.SZ,海洋王,买入,11.132,500,5566.11,5.00,0.00
2021-06-01,09:31:00,600350.SH,山东高速,卖出,6.327,-1400,-8858.25,5.00,8.86
2021-06-01,09:31:00,600577.SH,精达股份,卖出,5.729,-1900,-10884.19,5.00,10.88
2021-05-06,09:31:00,603277.SH,银都股份,买入,19.469,300,5840.66,5.00,0.00
2021-05-06,09:31:00,601928.SH,凤凰传媒,买入,7.345,1700,12485.92,5.00,0.00
2021-05-06,09:31:00,002555.SZ,三七互娱,卖出,21.896,-200,-4379.22,5.00,4.38
2021-05-06,09:31:00,002600.SZ,领益智造,卖出,8.154,-1000,-8153.66,5.00,8.15
2021-05-06,09:31:00,600502.SH,安徽建工,买入,4.048,2300,9310.58,5.00,0.00
2021-05-06,09:31:00,002416.SZ,爱施德,卖出,7.734,-600,-4640.70,5.00,4.64
2021-05-06,09:31:00,600346.SH,恒力石化,卖出,29.700,-100,-2970.05,5.00,2.97
2021-05-06,09:31:00,000521.SZ,长虹美菱,卖出,4.182,-2900,-12126.70,5.00,12.13
2021-05-06,09:31:00,002763.SZ,汇洁股份,买入,9.329,400,3731.45,5.00,0.00
2021-05-06,09:31:00,603283.SH,赛腾股份,卖出,21.357,-300,-6407.16,5.00,6.41
2021-05-06,09:31:00,603306.SH,华懋科技,买入,23.647,200,4729.44,5.00,0.00
2021-05-06,09:31:00,600170.SH,上海建工,买入,2.906,4300,12494.94,5.00,0.00
2021-05-06,09:31:00,600577.SH,精达股份,买入,3.677,1900,6986.95,5.00,0.00
2021-05-06,09:31:00,002869.SZ,金溢科技,卖出,18.952,-400,-7580.81,5.00,7.58
2021-05-06,09:31:00,601882.SH,海天精工,买入,17.345,300,5203.39,5.00,0.00
2021-05-06,09:31:00,603886.SH,元祖股份,买入,18.647,300,5594.17,5.00,0.00
2021-05-06,09:31:00,600461.SH,洪城环境,买入,7.184,800,5747.47,5.00,0.00
2021-05-06,09:31:00,002601.SZ,龙佰集团,卖出,33.603,-100,-3360.27,5.00,3.36
2021-05-06,09:31:00,600340.SH,*ST华幸,卖出,5.399,-1000,-5399.18,5.00,5.40
2021-05-06,09:31:00,600511.SH,国药股份,卖出,35.579,-300,-10673.61,5.00,10.67
2021-05-06,09:31:00,002327.SZ,富安娜,买入,9.289,900,8359.69,5.00,0.00
2021-05-06,09:31:00,600616.SH,金枫酒业,卖出,6.976,-1000,-6976.02,5.00,6.98
2021-05-06,09:31:00,600285.SH,羚锐制药,买入,9.790,1300,12726.40,5.00,0.00
2021-05-06,09:31:00,600859.SH,王府井,卖出,33.283,-300,-9984.99,5.00,9.98
2021-05-06,09:31:00,600350.SH,山东高速,买入,6.944,1400,9721.40,5.00,0.00
2021-05-06,09:31:00,600012.SH,皖通高速,买入,7.475,1100,8222.41,5.00,0.00
2021-05-06,09:31:00,601633.SH,长城汽车,卖出,33.164,-200,-6632.71,5.00,6.63
2021-05-06,09:31:00,603920.SH,世运电路,卖出,15.958,-500,-7979.01,5.00,7.98
2021-05-06,09:31:00,600197.SH,伊力特,卖出,25.848,-500,-12924.10,5.00,12.92
2021-05-06,09:31:00,600479.SH,千金药业,买入,9.319,900,8386.74,5.00,0.00
2021-05-06,09:31:00,600211.SH,西藏药业,卖出,57.086,-100,-5708.56,5.00,5.71
2021-05-06,09:31:00,601628.SH,中国人寿,卖出,32.934,-300,-9880.20,5.00,9.88
2021-05-06,09:31:00,600548.SH,深高速,买入,10.080,600,6048.07,5.00,0.00
2021-05-06,09:31:00,600377.SH,宁沪高速,买入,10.321,1000,10320.60,5.00,0.00
2021-05-06,09:31:00,601098.SH,中南传媒,买入,10.200,800,8160.29,5.00,0.00
2021-05-06,09:31:00,000906.SZ,浙商中拓,买入,8.788,1100,9666.29,5.00,0.00
2021-05-06,09:31:00,603825.SH,ST华扬,卖出,14.481,-700,-10136.69,5.00,10.14
2021-05-06,09:31:00,603976.SH,正川股份,卖出,47.106,-100,-4710.56,5.00,4.71
2021-05-06,09:31:00,600052.SH,东望时代,买入,3.507,1300,4559.10,5.00,0.00
2021-04-01,09:31:00,600511.SH,国药股份,买入,33.657,300,10097.15,5.00,0.00
2021-04-01,09:31:00,002555.SZ,三七互娱,买入,21.884,200,4376.74,5.00,0.00
2021-04-01,09:31:00,600340.SH,*ST华幸,买入,6.263,400,2505.00,5.00,0.00
2021-04-01,09:31:00,603825.SH,ST华扬,买入,14.309,100,1430.86,5.00,0.00
2021-04-01,09:31:00,000521.SZ,长虹美菱,买入,3.667,500,1833.66,5.00,0.00
2021-04-01,09:31:00,600037.SH,歌华有线,卖出,8.852,-1500,-13278.39,5.00,13.28
2021-04-01,09:31:00,600346.SH,恒力石化,买入,28.928,100,2892.77,5.00,0.00
2021-04-01,09:31:00,002449.SZ,国星光电,卖出,8.134,-1000,-8133.70,5.00,8.13
2021-04-01,09:31:00,002084.SZ,海鸥住工,卖出,6.717,-1700,-11418.12,5.00,11.42
2021-04-01,09:31:00,002317.SZ,众生药业,卖出,8.263,-1300,-10742.47,5.00,10.74
2021-04-01,09:31:00,002756.SZ,永兴材料,卖出,46.996,-100,-4699.58,5.00,4.70
2021-04-01,09:31:00,601633.SH,长城汽车,买入,30.741,100,3074.14,5.00,0.00
2021-04-01,09:31:00,603920.SH,世运电路,买入,16.693,200,3338.66,5.00,0.00
2021-04-01,09:31:00,603167.SH,渤海轮渡,卖出,8.643,-1000,-8642.68,5.00,8.64
2021-04-01,09:31:00,600521.SH,华海药业,卖出,25.569,-300,-7670.63,5.00,7.67
2021-04-01,09:31:00,002601.SZ,龙佰集团,买入,28.637,100,2863.72,5.00,0.00
2021-04-01,09:31:00,002869.SZ,金溢科技,买入,26.803,100,2680.35,5.00,0.00
2021-04-01,09:31:00,600859.SH,王府井,买入,30.080,100,3008.00,5.00,0.00
2021-04-01,09:31:00,603283.SH,赛腾股份,买入,25.150,300,7545.06,5.00,0.00
2021-04-01,09:31:00,002600.SZ,领益智造,买入,8.216,1000,8216.40,5.00,0.00
2021-04-01,09:31:00,002416.SZ,爱施德,买入,8.337,600,5001.98,5.00,0.00
2021-04-01,09:31:00,600197.SH,伊力特,买入,20.000,100,1999.99,5.00,0.00
2021-04-01,09:31:00,603332.SH,苏州龙杰,卖出,17.565,-400,-7025.92,5.00,7.03
2021-03-01,09:31:00,000011.SZ,深物业A,卖出,11.068,-900,-9961.04,5.00,9.96
2021-03-01,09:31:00,600105.SH,永鼎股份,卖出,3.214,-3000,-9640.68,5.00,9.64
2021-03-01,09:31:00,603393.SH,新天然气,卖出,19.681,-600,-11808.34,5.00,11.81
2021-03-01,09:31:00,002317.SZ,众生药业,买入,8.387,1300,10902.76,5.00,0.00
2021-03-01,09:31:00,600859.SH,王府井,买入,30.611,100,3061.11,5.00,0.00
2021-03-01,09:31:00,002756.SZ,永兴材料,买入,39.930,100,3992.97,5.00,0.00
2021-03-01,09:31:00,000501.SZ,武商集团,卖出,11.287,-900,-10158.64,5.00,10.16
2021-03-01,09:31:00,002195.SZ,岩山科技,卖出,2.006,-3200,-6419.14,5.00,6.42
2021-03-01,09:31:00,600197.SH,伊力特,买入,20.220,400,8088.14,5.00,0.00
2021-03-01,09:31:00,603283.SH,赛腾股份,卖出,27.794,-300,-8338.29,5.00,8.34
2021-03-01,09:31:00,002084.SZ,海鸥住工,买入,6.423,300,1926.85,5.00,0.00
2021-03-01,09:31:00,603500.SH,祥和实业,卖出,12.485,-400,-4993.99,5.00,4.99
2021-03-01,09:31:00,600616.SH,金枫酒业,买入,6.413,1000,6412.80,5.00,0.00
2021-03-01,09:31:00,002449.SZ,国星光电,买入,8.467,1000,8466.90,5.00,0.00
2021-03-01,09:31:00,603332.SH,苏州龙杰,买入,19.569,400,7827.62,5.00,0.00
2021-03-01,09:31:00,600521.SH,华海药业,买入,28.357,100,2835.66,5.00,0.00
2021-03-01,09:31:00,600340.SH,*ST华幸,买入,8.136,600,4881.74,5.00,0.00
2021-03-01,09:31:00,000521.SZ,长虹美菱,买入,3.447,2400,8272.51,5.00,0.00
2021-03-01,09:31:00,601633.SH,长城汽车,买入,31.543,100,3154.30,5.00,0.00
2021-03-01,09:31:00,601628.SH,中国人寿,买入,32.785,300,9835.63,5.00,0.00
2021-03-01,09:31:00,600037.SH,歌华有线,买入,8.397,100,839.68,5.00,0.00
2021-03-01,09:31:00,603920.SH,世运电路,买入,19.459,300,5837.65,5.00,0.00
2021-03-01,09:31:00,603665.SH,康隆达,卖出,15.978,-300,-4793.39,5.00,4.79
2021-03-01,09:31:00,603825.SH,ST华扬,买入,15.401,200,3080.15,5.00,0.00
2021-03-01,09:31:00,603167.SH,渤海轮渡,买入,8.737,100,873.74,5.00,0.00
2021-03-01,09:31:00,002042.SZ,华孚时尚,卖出,4.840,-2400,-11616.72,5.00,11.62
2021-03-01,09:31:00,603557.SH,*ST起步,卖出,8.723,-1200,-10467.02,5.00,10.47
2021-02-01,09:31:00,002195.SZ,岩山科技,买入,1.754,3200,5611.20,5.00,0.00
2021-02-01,09:31:00,601216.SH,君正集团,卖出,5.848,-2100,-12281.39,5.00,12.28
2021-02-01,09:31:00,603557.SH,*ST起步,买入,6.934,600,4160.30,5.00,0.00
2021-02-01,09:31:00,603258.SH,电魂网络,卖出,33.982,-300,-10194.57,5.00,10.19
2021-02-01,09:31:00,000048.SZ,京基智农,卖出,22.665,-500,-11332.29,5.00,11.33
2021-02-01,09:31:00,600037.SH,歌华有线,买入,8.487,500,4243.47,5.00,0.00
2021-02-01,09:31:00,002042.SZ,华孚时尚,买入,4.058,1600,6492.96,5.00,0.00
2021-02-01,09:31:00,002100.SZ,天康生物,卖出,10.589,-600,-6353.27,5.00,6.35
2021-02-01,09:31:00,002605.SZ,姚记科技,卖出,27.964,-300,-8389.19,5.00,8.39
2021-02-01,09:31:00,603665.SH,康隆达,买入,14.629,200,2925.84,5.00,0.00
2021-02-01,09:31:00,600223.SH,福瑞达,卖出,12.505,-500,-6252.47,5.00,6.25
2021-02-01,09:31:00,603167.SH,渤海轮渡,卖出,8.283,-400,-3313.36,5.00,3.31
2021-02-01,09:31:00,603708.SH,家家悦,卖出,20.569,-300,-6170.63,5.00,6.17
2021-02-01,09:31:00,600211.SH,西藏药业,买入,51.042,100,5104.19,5.00,0.00
2021-02-01,09:31:00,603393.SH,新天然气,买入,18.557,600,11134.22,5.00,0.00
2021-02-01,09:31:00,603890.SH,春秋电子,卖出,12.655,-900,-11389.18,5.00,11.39
2021-02-01,09:31:00,002869.SZ,金溢科技,买入,28.747,100,2874.74,5.00,0.00
2021-02-01,09:31:00,000501.SZ,武商集团,买入,10.771,100,1077.15,5.00,0.00
2021-02-01,09:31:00,002084.SZ,海鸥住工,买入,5.992,400,2396.78,5.00,0.00
2021-02-01,09:31:00,600521.SH,华海药业,买入,24.569,200,4913.81,5.00,0.00
2021-02-01,09:31:00,603825.SH,ST华扬,买入,14.359,400,5743.46,5.00,0.00
2021-02-01,09:31:00,603929.SH,亚翔集成,卖出,9.880,-500,-4940.10,5.00,4.94
2021-02-01,09:31:00,603976.SH,正川股份,买入,50.401,100,5040.06,5.00,0.00
2021-02-01,09:31:00,603500.SH,祥和实业,买入,10.551,400,4220.42,5.00,0.00
2021-02-01,09:31:00,600105.SH,永鼎股份,买入,2.806,3000,8416.80,5.00,0.00
2021-01-04,09:31:00,603665.SH,康隆达,买入,19.820,100,1981.96,5.00,0.00
2021-01-04,09:31:00,002918.SZ,蒙娜丽莎,卖出,33.383,-200,-6676.62,5.00,6.68
2021-01-04,09:31:00,000048.SZ,京基智农,买入,23.026,400,9210.38,5.00,0.00
2021-01-04,09:31:00,600037.SH,歌华有线,买入,9.138,900,8224.42,5.00,0.00
2021-01-04,09:31:00,002555.SZ,三七互娱,卖出,31.786,-300,-9535.89,5.00,9.54
2021-01-04,09:31:00,002626.SZ,金达威,卖出,34.241,-200,-6848.28,5.00,6.85
2021-01-04,09:31:00,600223.SH,福瑞达,买入,8.477,500,4238.46,5.00,0.00
2021-01-04,09:31:00,000011.SZ,深物业A,买入,12.144,300,3643.27,5.00,0.00
2021-01-04,09:31:00,002084.SZ,海鸥住工,买入,7.034,100,703.40,5.00,0.00
2021-01-04,09:31:00,603167.SH,渤海轮渡,买入,8.757,700,6130.24,5.00,0.00
2021-01-04,09:31:00,002838.SZ,道恩股份,卖出,25.848,-200,-5169.64,5.00,5.17
2021-01-04,09:31:00,603557.SH,*ST起步,买入,9.138,300,2741.47,5.00,0.00
2021-01-04,09:31:00,601216.SH,君正集团,买入,4.890,1200,5867.71,5.00,0.00
2021-01-04,09:31:00,603283.SH,赛腾股份,买入,39.639,100,3963.91,5.00,0.00
2021-01-04,09:31:00,002042.SZ,华孚时尚,买入,4.439,800,3551.09,5.00,0.00
2021-01-04,09:31:00,000501.SZ,武商集团,买入,11.603,100,1160.32,5.00,0.00
2021-01-04,09:31:00,603025.SH,大豪科技,卖出,28.842,-1300,-37494.86,11.25,37.49
2021-01-04,09:31:00,002100.SZ,天康生物,买入,10.902,600,6541.06,5.00,0.00
2021-01-04,09:31:00,603890.SH,春秋电子,买入,11.713,100,1171.34,5.00,0.00
2021-01-04,09:31:00,603929.SH,亚翔集成,买入,11.423,500,5711.40,5.00,0.00
2020-12-01,09:31:00,600720.SH,中交设计,卖出,15.140,-600,-9083.80,5.00,9.08
2020-12-01,09:31:00,603393.SH,新天然气,卖出,25.309,-200,-5061.86,5.00,5.06
2020-12-01,09:31:00,000011.SZ,深物业A,买入,13.637,300,4091.17,5.00,0.00
2020-12-01,09:31:00,000501.SZ,武商集团,买入,12.645,100,1264.52,5.00,0.00
2020-12-01,09:31:00,000877.SZ,天山股份,卖出,16.277,-500,-8138.69,5.00,8.14
2020-12-01,09:31:00,002567.SZ,唐人神,卖出,8.104,-1300,-10534.89,5.00,10.53
2020-12-01,09:31:00,002626.SZ,金达威,买入,32.976,200,6595.16,5.00,0.00
2020-12-01,09:31:00,000048.SZ,京基智农,买入,22.605,100,2260.51,5.00,0.00
2020-12-01,09:31:00,002234.SZ,民和股份,卖出,17.066,-400,-6826.32,5.00,6.83
2020-12-01,09:31:00,000524.SZ,岭南控股,卖出,7.685,-700,-5379.22,5.00,5.38
2020-12-01,09:31:00,002187.SZ,广百股份,卖出,8.942,-600,-5365.25,5.00,5.37
2020-12-01,09:31:00,002555.SZ,三七互娱,买入,25.982,200,5196.37,5.00,0.00
2020-12-01,09:31:00,000828.SZ,东莞控股,卖出,9.232,-600,-5538.90,5.00,5.54
2020-12-01,09:31:00,603557.SH,*ST起步,买入,10.481,300,3144.28,5.00,0.00
2020-12-01,09:31:00,002458.SZ,益生股份,卖出,12.076,-800,-9660.64,5.00,9.66
2020-12-01,09:31:00,603500.SH,祥和实业,卖出,12.934,-700,-9053.86,5.00,9.05
2020-12-01,09:31:00,603708.SH,家家悦,买入,23.898,100,2389.77,5.00,0.00
2020-12-01,09:31:00,002084.SZ,海鸥住工,买入,7.976,900,7178.33,5.00,0.00
2020-12-01,09:31:00,603167.SH,渤海轮渡,卖出,9.291,-200,-1858.28,5.00,1.86
2020-12-01,09:31:00,002605.SZ,姚记科技,买入,27.104,300,8131.23,5.00,0.00
2020-12-01,09:31:00,603890.SH,春秋电子,买入,12.665,800,10132.22,5.00,0.00
2020-12-01,09:31:00,002869.SZ,金溢科技,买入,37.695,200,7539.05,5.00,0.00
2020-12-01,09:31:00,603258.SH,电魂网络,买入,32.445,300,9733.43,5.00,0.00
2020-12-01,09:31:00,601216.SH,君正集团,买入,5.250,900,4725.43,5.00,0.00
2020-12-01,09:31:00,603283.SH,赛腾股份,买入,42.244,100,4224.43,5.00,0.00
2020-12-01,09:31:00,002838.SZ,道恩股份,买入,22.365,200,4472.93,5.00,0.00
2020-11-02,09:31:00,601163.SH,三角轮胎,卖出,17.106,-400,-6842.29,5.00,6.84
2020-11-02,09:31:00,601928.SH,凤凰传媒,卖出,6.936,-1200,-8323.32,5.00,8.32
2020-11-02,09:31:00,601992.SH,金隅集团,卖出,2.994,-3400,-10179.60,5.00,10.18
2020-11-02,09:31:00,603500.SH,祥和实业,买入,14.559,700,10191.34,5.00,0.00
2020-11-02,09:31:00,603110.SH,东方材料,卖出,21.407,-300,-6422.13,5.00,6.42
2020-11-02,09:31:00,600863.SH,华能蒙电,卖出,2.555,-3900,-9964.03,5.00,9.96
2020-11-02,09:31:00,603920.SH,世运电路,卖出,23.263,-400,-9305.35,5.00,9.31
2020-11-02,09:31:00,603808.SH,歌力思,卖出,14.122,-300,-4236.51,5.00,4.24
2020-11-02,09:31:00,603358.SH,华达科技,卖出,18.353,-300,-5505.97,5.00,5.51
2020-11-02,09:31:00,000524.SZ,岭南控股,买入,7.665,700,5365.71,5.00,0.00
2020-11-02,09:31:00,600642.SH,申能股份,卖出,5.210,-1600,-8335.30,5.00,8.34
2020-11-02,09:31:00,600674.SH,川投能源,卖出,10.050,-1000,-10049.86,5.00,10.05
2020-11-02,09:31:00,603283.SH,赛腾股份,买入,43.667,100,4366.72,5.00,0.00
2020-11-02,09:31:00,601828.SH,美凯龙,卖出,9.311,-1000,-9311.34,5.00,9.31
2020-11-02,09:31:00,601898.SH,中煤能源,卖出,3.942,-2800,-11037.88,5.00,11.04
2020-11-02,09:31:00,603871.SH,嘉友国际,卖出,24.770,-200,-4954.07,5.00,4.95
2020-11-02,09:31:00,603025.SH,大豪科技,买入,7.755,1300,10082.12,5.00,0.00
2020-11-02,09:31:00,002234.SZ,民和股份,买入,14.950,400,5979.94,5.00,0.00
2020-11-02,09:31:00,000828.SZ,东莞控股,买入,8.587,600,5152.28,5.00,0.00
2020-11-02,09:31:00,601949.SH,中国出版,卖出,5.040,-1200,-6047.88,5.00,6.05
2020-11-02,09:31:00,603615.SH,茶花股份,卖出,10.679,-300,-3203.58,5.00,3.20
2020-11-02,09:31:00,603977.SH,国泰集团,卖出,6.926,-600,-4155.67,5.00,4.16
2020-11-02,09:31:00,000011.SZ,深物业A,买入,14.068,300,4220.42,5.00,0.00
2020-11-02,09:31:00,002458.SZ,益生股份,买入,10.892,800,8713.39,5.00,0.00
2020-11-02,09:31:00,000877.SZ,天山股份,买入,14.860,500,7429.83,5.00,0.00
2020-11-02,09:31:00,603708.SH,家家悦,买入,28.296,200,5659.30,5.00,0.00
2020-11-02,09:31:00,603877.SH,太平鸟,卖出,38.922,-200,-7784.40,5.00,7.78
2020-11-02,09:31:00,002187.SZ,广百股份,买入,9.279,600,5567.11,5.00,0.00
2020-11-02,09:31:00,002567.SZ,唐人神,买入,7.856,1300,10212.38,5.00,0.00
2020-11-02,09:31:00,600720.SH,中交设计,买入,14.549,600,8729.42,5.00,0.00
2020-11-02,09:31:00,603167.SH,渤海轮渡,买入,9.339,800,7470.91,5.00,0.00
2020-11-02,09:31:00,600859.SH,王府井,买入,40.130,100,4013.01,5.00,0.00
2020-11-02,09:31:00,603393.SH,新天然气,买入,25.451,200,5090.16,5.00,0.00
2020-11-02,09:31:00,603298.SH,杭叉集团,卖出,19.032,-300,-5709.56,5.00,5.71
2020-11-02,09:31:00,603730.SH,岱美股份,卖出,26.906,-200,-5381.22,5.00,5.38
2020-11-02,09:31:00,002555.SZ,三七互娱,买入,29.519,100,2951.89,5.00,0.00
2020-11-02,09:31:00,000501.SZ,武商集团,买入,13.016,600,7809.59,5.00,0.00
2020-11-02,09:31:00,603918.SH,金桥信息,卖出,11.836,-300,-3550.88,5.00,3.55
2020-11-02,09:31:00,002918.SZ,蒙娜丽莎,买入,29.709,200,5941.86,5.00,0.00
2020-10-09,09:31:00,601928.SH,凤凰传媒,买入,7.224,1200,8669.30,5.00,0.00
2020-10-09,09:31:00,601949.SH,中国出版,买入,5.210,100,521.04,5.00,0.00
2020-10-09,09:31:00,603458.SH,勘设股份,卖出,14.910,-500,-7455.06,5.00,7.46
2020-10-09,09:31:00,603977.SH,国泰集团,卖出,7.884,-100,-788.42,5.00,0.79
2020-10-09,09:31:00,600757.SH,长江传媒,卖出,5.549,-1900,-10542.87,5.00,10.54
2020-10-09,09:31:00,601858.SH,中国科传,卖出,10.679,-1100,-11746.46,5.00,11.75
2020-10-09,09:31:00,603326.SH,我乐家居,卖出,11.018,-400,-4407.17,5.00,4.41
2020-10-09,09:31:00,603970.SH,中农立华,卖出,15.848,-400,-6339.30,5.00,6.34
2020-10-09,09:31:00,603920.SH,世运电路,买入,25.110,400,10044.05,5.00,0.00
2020-10-09,09:31:00,603968.SH,醋化股份,卖出,16.547,-300,-4964.05,5.00,4.96
2020-10-09,09:31:00,603819.SH,神力股份,卖出,12.974,-400,-5189.60,5.00,5.19
2020-10-09,09:31:00,601992.SH,金隅集团,买入,3.096,3400,10527.01,5.00,0.00
2020-10-09,09:31:00,603587.SH,地素时尚,卖出,20.449,-300,-6134.71,5.00,6.13
2020-10-09,09:31:00,600863.SH,华能蒙电,买入,2.595,3900,10121.20,5.00,0.00
2020-10-09,09:31:00,603868.SH,飞科电器,卖出,49.082,-100,-4908.16,5.00,4.91
2020-10-09,09:31:00,601828.SH,美凯龙,买入,9.649,1000,9649.26,5.00,0.00
2020-10-09,09:31:00,600674.SH,川投能源,买入,9.930,1000,9929.82,5.00,0.00
2020-10-09,09:31:00,603298.SH,杭叉集团,买入,15.852,300,4755.49,5.00,0.00
2020-10-09,09:31:00,603918.SH,金桥信息,买入,11.513,300,3453.89,5.00,0.00
2020-10-09,09:31:00,603808.SH,歌力思,买入,14.499,300,4349.68,5.00,0.00
2020-10-09,09:31:00,603357.SH,设计总院,卖出,10.140,-700,-7097.78,5.00,7.10
2020-10-09,09:31:00,603886.SH,元祖股份,卖出,17.415,-300,-5224.53,5.00,5.22
2020-10-09,09:31:00,603615.SH,茶花股份,买入,9.679,300,2903.80,5.00,0.00
2020-10-09,09:31:00,601163.SH,三角轮胎,买入,14.850,400,5939.86,5.00,0.00
2020-09-01,09:31:00,603306.SH,华懋科技,卖出,17.086,-400,-6834.30,5.00,6.83
2020-09-01,09:31:00,603699.SH,纽威股份,卖出,16.507,-300,-4952.08,5.00,4.95
2020-09-01,09:31:00,601949.SH,中国出版,买入,6.162,1100,6778.53,5.00,0.00
2020-09-01,09:31:00,603166.SH,福达股份,卖出,7.176,-1000,-7175.62,5.00,7.18
2020-09-01,09:31:00,603527.SH,众源新材,卖出,9.631,-500,-4815.35,5.00,4.82
2020-09-01,09:31:00,603339.SH,四方科技,卖出,10.299,-600,-6179.62,5.00,6.18
2020-09-01,09:31:00,603900.SH,莱绅通灵,卖出,8.423,-900,-7580.81,5.00,7.58
2020-09-01,09:31:00,603706.SH,东方环宇,卖出,18.493,-300,-5547.88,5.00,5.55
2020-09-01,09:31:00,601858.SH,中国科传,买入,10.571,1100,11628.21,5.00,0.00
2020-09-01,09:31:00,603809.SH,豪能股份,卖出,28.184,-400,-11273.41,5.00,11.27
2020-09-01,09:31:00,603358.SH,华达科技,买入,18.978,300,5693.36,5.00,0.00
2020-09-01,09:31:00,603110.SH,东方材料,买入,17.144,300,5143.27,5.00,0.00
2020-09-01,09:31:00,603977.SH,国泰集团,买入,8.707,700,6095.17,5.00,0.00
2020-09-01,09:31:00,603871.SH,嘉友国际,买入,31.623,200,6324.62,5.00,0.00
2020-09-01,09:31:00,603016.SH,新宏泰,卖出,26.597,-200,-5319.34,5.00,5.32
2020-09-01,09:31:00,603868.SH,飞科电器,买入,57.294,100,5729.44,5.00,0.00
2020-09-01,09:31:00,603167.SH,渤海轮渡,卖出,17.146,-800,-13716.51,5.00,13.72
2020-09-01,09:31:00,603326.SH,我乐家居,卖出,16.367,-200,-3273.44,5.00,3.27
2020-09-01,09:31:00,600642.SH,申能股份,买入,5.711,1600,9138.24,5.00,0.00
2020-09-01,09:31:00,603819.SH,神力股份,卖出,19.471,-200,-3894.20,5.00,3.89
2020-09-01,09:31:00,603878.SH,武进不锈,卖出,8.373,-900,-7535.90,5.00,7.54
2020-09-01,09:31:00,601965.SH,中国汽研,卖出,13.623,-700,-9535.89,5.00,9.54
2020-09-01,09:31:00,603730.SH,岱美股份,买入,24.689,200,4937.86,5.00,0.00
2020-09-01,09:31:00,603877.SH,太平鸟,买入,25.721,200,5144.27,5.00,0.00
2020-09-01,09:31:00,603357.SH,设计总院,买入,11.062,700,7743.46,5.00,0.00
2020-09-01,09:31:00,603988.SH,中电电机,卖出,16.667,-300,-4999.98,5.00,5.00
2020-09-01,09:31:00,603458.SH,勘设股份,买入,16.844,500,8421.81,5.00,0.00
2020-09-01,09:31:00,601898.SH,中煤能源,买入,4.098,2800,11474.90,5.00,0.00
2020-09-01,09:31:00,600757.SH,长江传媒,买入,5.932,1900,11270.50,5.00,0.00
2020-08-03,09:31:00,603116.SH,红蜻蜓,卖出,7.944,-600,-4766.45,5.00,4.77
2020-08-03,09:31:00,601965.SH,中国汽研,买入,11.543,700,8080.13,5.00,0.00
2020-08-03,09:31:00,603326.SH,我乐家居,买入,16.633,600,9979.92,5.00,0.00
2020-08-03,09:31:00,603088.SH,宁波精达,卖出,9.132,-500,-4565.85,5.00,4.57
2020-08-03,09:31:00,603855.SH,华荣股份,卖出,18.653,-300,-5595.79,5.00,5.60
2020-08-03,09:31:00,603181.SH,皇马科技,卖出,25.239,-300,-7571.83,5.00,7.57
2020-08-03,09:31:00,603819.SH,神力股份,买入,12.074,600,7244.46,5.00,0.00
2020-08-03,09:31:00,603239.SH,浙江仙通,卖出,17.305,-400,-6922.13,5.00,6.92
2020-08-03,09:31:00,603809.SH,豪能股份,买入,19.910,400,7963.90,5.00,0.00
2020-08-03,09:31:00,603733.SH,仙鹤股份,卖出,24.431,-400,-9772.42,5.00,9.77
2020-08-03,09:31:00,603977.SH,国泰集团,卖出,7.106,-900,-6395.18,5.00,6.40
2020-08-03,09:31:00,603218.SH,日月股份,卖出,19.221,-200,-3844.30,5.00,3.84
2020-08-03,09:31:00,603968.SH,醋化股份,买入,18.156,300,5446.87,5.00,0.00
2020-08-03,09:31:00,603298.SH,杭叉集团,卖出,12.675,-700,-8872.22,5.00,8.87
2020-08-03,09:31:00,603985.SH,恒润股份,卖出,27.854,-400,-11141.67,5.00,11.14
2020-08-03,09:31:00,603166.SH,福达股份,买入,7.425,1000,7424.82,5.00,0.00
2020-08-03,09:31:00,601098.SH,中南传媒,卖出,10.848,-800,-8678.61,5.00,8.68
2020-08-03,09:31:00,603788.SH,宁波高发,卖出,17.305,-300,-5191.60,5.00,5.19
2020-08-03,09:31:00,603706.SH,东方环宇,买入,19.920,300,5975.93,5.00,0.00
2020-08-03,09:31:00,603167.SH,渤海轮渡,买入,8.968,800,7174.32,5.00,0.00
2020-08-03,09:31:00,603970.SH,中农立华,买入,16.723,400,6689.35,5.00,0.00
2020-08-03,09:31:00,600663.SH,陆家嘴,卖出,12.695,-800,-10155.65,5.00,10.16
2020-08-03,09:31:00,603527.SH,众源新材,买入,11.242,500,5621.22,5.00,0.00
2020-08-03,09:31:00,603306.SH,华懋科技,买入,16.393,400,6557.09,5.00,0.00
2020-08-03,09:31:00,603607.SH,京华激光,卖出,16.487,-500,-8243.48,5.00,8.24
2020-08-03,09:31:00,603339.SH,四方科技,买入,12.004,600,7202.38,5.00,0.00
2020-08-03,09:31:00,603016.SH,新宏泰,买入,29.559,200,5911.80,5.00,0.00
2020-08-03,09:31:00,603900.SH,莱绅通灵,买入,8.517,900,7665.30,5.00,0.00
2020-08-03,09:31:00,603587.SH,地素时尚,买入,18.968,300,5690.36,5.00,0.00
2020-08-03,09:31:00,603669.SH,灵康药业,卖出,10.399,-520,-5407.56,5.00,5.41
2020-07-01,09:31:00,603181.SH,皇马科技,买入,22.886,100,2288.57,5.00,0.00
2020-07-01,09:31:00,603788.SH,宁波高发,买入,18.146,300,5443.87,5.00,0.00
2020-07-01,09:31:00,000544.SZ,中原环保,卖出,6.517,-1000,-6516.94,5.00,6.52
2020-07-01,09:31:00,603919.SH,金徽酒,卖出,17.345,-200,-3469.05,5.00,3.47
2020-07-01,09:31:00,603500.SH,祥和实业,卖出,14.431,-300,-4329.32,5.00,4.33
2020-07-01,09:31:00,600523.SH,贵航股份,卖出,17.006,-400,-6802.37,5.00,6.80
2020-07-01,09:31:00,603669.SH,灵康药业,买入,7.966,100,796.59,5.00,0.00
2020-07-01,09:31:00,603708.SH,家家悦,卖出,48.154,-100,-4815.35,5.00,4.82
2020-07-01,09:31:00,600655.SH,豫园股份,卖出,8.912,-1000,-8912.14,5.00,8.91
2020-07-01,09:31:00,603166.SH,福达股份,卖出,6.377,-300,-1913.17,5.00,1.91
2020-07-01,09:31:00,600663.SH,陆家嘴,买入,11.212,200,2242.48,5.00,0.00
2020-07-01,09:31:00,603116.SH,红蜻蜓,买入,8.016,600,4809.60,5.00,0.00
2020-07-01,09:31:00,000531.SZ,穗恒运A,卖出,7.455,-900,-6709.55,5.00,6.71
2020-07-01,09:31:00,002632.SZ,道明光学,卖出,8.463,-800,-6770.43,5.00,6.77
2020-07-01,09:31:00,603607.SH,京华激光,买入,15.521,500,7760.49,5.00,0.00
2020-07-01,09:31:00,002293.SZ,罗莱生活,卖出,9.261,-600,-5556.86,5.00,5.56
2020-07-01,09:31:00,600337.SH,ST美克,卖出,4.431,-1900,-8419.13,5.00,8.42
2020-07-01,09:31:00,603977.SH,国泰集团,买入,7.766,400,3106.20,5.00,0.00
2020-07-01,09:31:00,002238.SZ,天威视讯,卖出,6.746,-650,-4385.21,5.00,4.39
2020-07-01,09:31:00,603699.SH,纽威股份,买入,15.721,300,4716.41,5.00,0.00
2020-07-01,09:31:00,603088.SH,宁波精达,买入,8.096,500,4048.08,5.00,0.00
2020-07-01,09:31:00,603985.SH,恒润股份,买入,16.513,400,6605.18,5.00,0.00
2020-07-01,09:31:00,603218.SH,日月股份,买入,18.106,200,3621.23,5.00,0.00
2020-07-01,09:31:00,603239.SH,浙江仙通,买入,14.729,200,2945.88,5.00,0.00
2020-07-01,09:31:00,603855.SH,华荣股份,卖出,17.834,-100,-1783.43,5.00,1.78
2020-07-01,09:31:00,603988.SH,中电电机,买入,13.878,300,4163.31,5.00,0.00
2020-07-01,09:31:00,603298.SH,杭叉集团,买入,11.162,700,7813.60,5.00,0.00
2020-07-01,09:31:00,603878.SH,武进不锈,买入,7.395,900,6655.28,5.00,0.00
2020-07-01,09:31:00,603733.SH,仙鹤股份,买入,16.132,400,6452.88,5.00,0.00
2020-06-01,09:31:00,600377.SH,宁沪高速,卖出,10.050,-600,-6029.92,5.00,6.03
2020-06-01,09:31:00,601222.SH,林洋能源,卖出,5.070,-1000,-5069.84,5.00,5.07
2020-06-01,09:31:00,000011.SZ,深物业A,卖出,9.601,-500,-4800.38,5.00,4.80
2020-06-01,09:31:00,600761.SH,安徽合力,卖出,9.212,-600,-5526.92,5.00,5.53
2020-06-01,09:31:00,603886.SH,元祖股份,买入,16.473,300,4941.86,5.00,0.00
2020-06-01,09:31:00,603977.SH,国泰集团,买入,8.046,500,4023.03,5.00,0.00
2020-06-01,09:31:00,603166.SH,福达股份,买入,6.844,300,2053.10,5.00,0.00
2020-06-01,09:31:00,002128.SZ,电投能源,卖出,8.094,-1100,-8903.16,5.00,8.90
2020-06-01,09:31:00,600376.SH,首开股份,卖出,6.138,-600,-3682.62,5.00,3.68
2020-06-01,09:31:00,603323.SH,苏农银行,卖出,4.331,-1900,-8229.51,5.00,8.23
2020-06-01,09:31:00,000531.SZ,穗恒运A,卖出,7.335,-300,-2200.59,5.00,2.20
2020-06-01,09:31:00,600350.SH,山东高速,卖出,5.509,-1500,-8263.44,5.00,8.26
2020-06-01,09:31:00,600995.SH,南网储能,卖出,7.705,-700,-5393.19,5.00,5.39
2020-06-01,09:31:00,603500.SH,祥和实业,买入,15.571,100,1557.11,5.00,0.00
2020-06-01,09:31:00,603855.SH,华荣股份,买入,14.329,400,5731.44,5.00,0.00
2020-06-01,09:31:00,603708.SH,家家悦,买入,39.278,100,3927.84,5.00,0.00
2020-06-01,09:31:00,600820.SH,隧道股份,卖出,6.228,-1500,-9341.28,5.00,9.34
2020-06-01,09:31:00,603919.SH,金徽酒,买入,15.280,200,3056.10,5.00,0.00
2020-06-01,09:31:00,002293.SZ,罗莱生活,买入,9.459,600,5675.33,5.00,0.00
2020-06-01,09:31:00,002632.SZ,道明光学,买入,7.906,500,3952.89,5.00,0.00
2020-06-01,09:31:00,600814.SH,杭州解百,卖出,4.980,-700,-3486.01,5.00,3.49
2020-06-01,09:31:00,600655.SH,豫园股份,买入,8.317,1000,8316.60,5.00,0.00
2020-06-01,09:31:00,603181.SH,皇马科技,买入,18.156,200,3631.25,5.00,0.00
2020-06-01,09:31:00,600523.SH,贵航股份,买入,16.713,400,6685.34,5.00,0.00
2020-06-01,09:31:00,600337.SH,ST美克,买入,4.619,700,3233.45,5.00,0.00
2020-06-01,09:31:00,600603.SH,广汇物流,卖出,4.651,-500,-2325.34,5.00,2.33
2020-06-01,09:31:00,600808.SH,马钢股份,卖出,2.635,-2900,-7640.69,5.00,7.64
2020-06-01,09:31:00,600663.SH,陆家嘴,买入,11.513,600,6907.79,5.00,0.00
2020-06-01,09:31:00,603239.SH,浙江仙通,买入,13.076,200,2615.22,5.00,0.00
2020-06-01,09:31:00,601098.SH,中南传媒,买入,10.982,800,8785.54,5.00,0.00
2020-05-06,09:31:00,603808.SH,歌力思,卖出,11.028,-700,-7719.53,5.00,7.72
2020-05-06,09:31:00,601689.SH,拓普集团,卖出,24.551,-200,-4910.16,5.00,4.91
2020-05-06,09:31:00,000700.SZ,模塑科技,卖出,8.004,-400,-3201.58,5.00,3.20
2020-05-06,09:31:00,002583.SZ,海能达,卖出,6.547,-900,-5892.19,5.00,5.89
2020-05-06,09:31:00,002315.SZ,焦点科技,卖出,13.653,-300,-4095.79,5.00,4.10
2020-05-06,09:31:00,002351.SZ,漫步者,卖出,17.215,-300,-5164.65,5.00,5.16
2020-05-06,09:31:00,603360.SH,百傲化学,卖出,18.902,-420,-7938.89,5.00,7.94
2020-05-06,09:31:00,603669.SH,灵康药业,买入,11.102,300,3330.65,5.00,0.00
2020-05-06,09:31:00,002756.SZ,永兴材料,卖出,15.549,-400,-6219.54,5.00,6.22
2020-05-06,09:31:00,603500.SH,祥和实业,买入,13.928,200,2785.56,5.00,0.00
2020-05-06,09:31:00,600603.SH,广汇物流,买入,5.120,500,2560.11,5.00,0.00
2020-05-06,09:31:00,601222.SH,林洋能源,买入,5.110,1000,5110.20,5.00,0.00
2020-05-06,09:31:00,000100.SZ,TCL科技,卖出,4.621,-1000,-4620.74,5.00,4.62
2020-05-06,09:31:00,600703.SH,三安光电,卖出,21.876,-200,-4375.23,5.00,4.38
2020-05-06,09:31:00,601999.SH,出版传媒,卖出,5.898,-1000,-5898.18,5.00,5.90
2020-05-06,09:31:00,603787.SH,新日股份,卖出,10.788,-500,-5394.19,5.00,5.39
2020-05-06,09:31:00,600377.SH,宁沪高速,买入,10.471,600,6282.54,5.00,0.00
2020-05-06,09:31:00,600995.SH,南网储能,买入,7.725,700,5407.79,5.00,0.00
2020-05-06,09:31:00,000531.SZ,穗恒运A,买入,7.495,1200,8993.95,5.00,0.00
2020-05-06,09:31:00,002466.SZ,天齐锂业,卖出,16.227,-200,-3245.50,5.00,3.25
2020-05-06,09:31:00,000544.SZ,中原环保,买入,6.994,1000,6993.96,5.00,0.00
2020-05-06,09:31:00,600350.SH,山东高速,买入,5.661,1500,8491.95,5.00,0.00
2020-05-06,09:31:00,002489.SZ,浙江永强,卖出,3.852,-1200,-4622.74,5.00,4.62
2020-05-06,09:31:00,600114.SH,东睦股份,卖出,9.311,-500,-4655.67,5.00,4.66
2020-05-06,09:31:00,600814.SH,杭州解百,买入,4.770,700,3338.66,5.00,0.00
2020-05-06,09:31:00,600761.SH,安徽合力,买入,9.138,600,5482.94,5.00,0.00
2020-05-06,09:31:00,600820.SH,隧道股份,买入,5.741,1500,8612.19,5.00,0.00
2020-05-06,09:31:00,603323.SH,苏农银行,买入,4.409,1900,8376.72,5.00,0.00
2020-05-06,09:31:00,002563.SZ,森马服饰,卖出,7.076,-1000,-7075.82,5.00,7.08
2020-05-06,09:31:00,002128.SZ,电投能源,买入,7.876,1100,8663.29,5.00,0.00
2020-05-06,09:31:00,600933.SH,爱柯迪,卖出,11.307,-500,-5653.67,5.00,5.65
2020-05-06,09:31:00,002632.SZ,道明光学,买入,8.447,300,2534.06,5.00,0.00
2020-05-06,09:31:00,600376.SH,首开股份,买入,6.533,600,3919.82,5.00,0.00
2020-05-06,09:31:00,002238.SZ,天威视讯,买入,9.569,500,4784.55,5.00,0.00
2020-05-06,09:31:00,600337.SH,ST美克,买入,4.028,1200,4833.65,5.00,0.00
2020-05-06,09:31:00,603626.SH,科森科技,卖出,11.417,-500,-5708.56,5.00,5.71
2020-05-06,09:31:00,603026.SH,石大胜华,卖出,24.830,-200,-4966.05,5.00,4.97
2020-05-06,09:31:00,603920.SH,世运电路,卖出,25.399,-300,-7619.73,5.00,7.62
2020-05-06,09:31:00,600808.SH,马钢股份,买入,2.585,2900,7496.96,5.00,0.00
2020-05-06,09:31:00,000011.SZ,深物业A,买入,9.018,500,4509.00,5.00,0.00
2020-04-01,09:31:00,600468.SH,百利电气,卖出,4.251,-1200,-5101.78,5.00,5.10
2020-04-01,09:31:00,000030.SZ,富奥股份,卖出,5.499,-1000,-5498.98,5.00,5.50
2020-04-01,09:31:00,600642.SH,申能股份,卖出,5.239,-1100,-5763.45,5.00,5.76
2020-04-01,09:31:00,601908.SH,京运通,卖出,2.964,-1400,-4149.68,5.00,4.15
2020-04-01,09:31:00,002381.SZ,双箭股份,卖出,7.485,-600,-4491.00,5.00,4.49
2020-04-01,09:31:00,600688.SH,上海石化,卖出,3.852,-1400,-5393.19,5.00,5.39
2020-04-01,09:31:00,600057.SH,厦门象屿,卖出,5.020,-1500,-7529.91,5.00,7.53
2020-04-01,09:31:00,600808.SH,马钢股份,卖出,2.495,-3100,-7734.50,5.00,7.73
2020-04-01,09:31:00,600810.SH,神马股份,卖出,7.216,-700,-5050.88,5.00,5.05
2020-04-01,09:31:00,002397.SZ,梦洁股份,卖出,4.421,-900,-3979.03,5.00,3.98
2020-04-01,09:31:00,002884.SZ,凌霄泵业,卖出,14.082,-300,-4224.53,5.00,4.22
2020-04-01,09:31:00,600569.SH,安阳钢铁,卖出,2.126,-2400,-5101.78,5.00,5.10
2020-04-01,09:31:00,000700.SZ,模塑科技,买入,8.747,400,3498.98,5.00,0.00
2020-04-01,09:31:00,603787.SH,新日股份,买入,11.142,500,5571.12,5.00,0.00
2020-04-01,09:31:00,603626.SH,科森科技,买入,9.228,500,4614.21,5.00,0.00
2020-04-01,09:31:00,601567.SH,三星电气,卖出,7.285,-700,-5099.78,5.00,5.10
2020-04-01,09:31:00,600710.SH,苏美达,卖出,4.880,-900,-4392.20,5.00,4.39
2020-04-01,09:31:00,002466.SZ,天齐锂业,买入,18.657,200,3731.45,5.00,0.00
2020-04-01,09:31:00,600114.SH,东睦股份,买入,8.617,500,4308.60,5.00,0.00
2020-04-01,09:31:00,002756.SZ,永兴材料,买入,15.160,400,6064.10,5.00,0.00
2020-04-01,09:31:00,600908.SH,无锡银行,卖出,4.990,-1200,-5988.00,5.00,5.99
2020-04-01,09:31:00,002563.SZ,森马服饰,买入,7.064,1000,7064.10,5.00,0.00
2020-04-01,09:31:00,600603.SH,广汇物流,卖出,5.719,-1000,-5718.54,5.00,5.72
2020-04-01,09:31:00,603878.SH,武进不锈,卖出,11.218,-500,-5608.76,5.00,5.61
2020-04-01,09:31:00,603026.SH,石大胜华,买入,28.757,200,5751.48,5.00,0.00
2020-04-01,09:31:00,603920.SH,世运电路,买入,18.226,300,5467.91,5.00,0.00
2020-04-01,09:31:00,600703.SH,三安光电,买入,19.138,200,3827.64,5.00,0.00
2020-04-01,09:31:00,002489.SZ,浙江永强,买入,3.577,1200,4292.57,5.00,0.00
2020-04-01,09:31:00,603360.SH,百傲化学,买入,23.848,300,7154.28,5.00,0.00
2020-04-01,09:31:00,600761.SH,安徽合力,卖出,9.192,-600,-5514.95,5.00,5.51
2020-04-01,09:31:00,600873.SH,梅花生物,卖出,4.351,-1400,-6091.79,5.00,6.09
2020-04-01,09:31:00,002315.SZ,焦点科技,买入,14.900,300,4469.92,5.00,0.00
2020-04-01,09:31:00,601999.SH,出版传媒,买入,6.413,1000,6412.80,5.00,0.00
2020-04-01,09:31:00,002583.SZ,海能达,买入,5.761,900,5185.35,5.00,0.00
2020-04-01,09:31:00,603808.SH,歌力思,买入,11.032,700,7722.41,5.00,0.00
2020-04-01,09:31:00,601965.SH,中国汽研,卖出,8.972,-600,-5383.21,5.00,5.38
2020-04-01,09:31:00,002351.SZ,漫步者,买入,15.321,300,4596.17,5.00,0.00
2020-04-01,09:31:00,600933.SH,爱柯迪,买入,9.629,500,4814.61,5.00,0.00
2020-04-01,09:31:00,000100.SZ,TCL科技,买入,4.148,1000,4148.28,5.00,0.00
2020-04-01,09:31:00,601689.SH,拓普集团,买入,16.804,200,3360.71,5.00,0.00
2020-03-02,09:31:00,603167.SH,渤海轮渡,卖出,8.393,-400,-3357.27,5.00,3.36
2020-03-02,09:31:00,600688.SH,上海石化,买入,4.208,1400,5891.76,5.00,0.00
2020-03-02,09:31:00,600933.SH,爱柯迪,卖出,14.401,-100,-1440.11,5.00,1.44
2020-03-02,09:31:00,600908.SH,无锡银行,买入,5.200,100,520.04,5.00,0.00
2020-03-02,09:31:00,600569.SH,安阳钢铁,买入,2.265,2400,5434.85,5.00,0.00
2020-03-02,09:31:00,000030.SZ,富奥股份,买入,6.162,1000,6162.30,5.00,0.00
2020-03-02,09:31:00,603179.SH,新泉股份,卖出,22.435,-100,-2243.50,5.00,2.24
2020-03-02,09:31:00,603839.SH,安正时尚,卖出,15.309,-200,-3061.86,5.00,3.06
2020-03-02,09:31:00,603600.SH,永艺股份,卖出,11.876,-300,-3562.86,5.00,3.56
2020-03-02,09:31:00,603456.SH,九洲药业,卖出,20.219,-500,-10109.74,5.00,10.11
2020-03-02,09:31:00,600548.SH,深高速,卖出,9.621,-400,-3848.29,5.00,3.85
2020-03-02,09:31:00,603801.SH,志邦家居,卖出,20.439,-300,-6131.71,5.00,6.13
2020-03-02,09:31:00,600761.SH,安徽合力,买入,9.349,600,5609.20,5.00,0.00
2020-03-02,09:31:00,603608.SH,天创时尚,卖出,9.661,-600,-5796.38,5.00,5.80
2020-03-02,09:31:00,600710.SH,苏美达,买入,5.621,900,5059.10,5.00,0.00
2020-03-02,09:31:00,603878.SH,武进不锈,买入,10.711,100,1071.14,5.00,0.00
2020-03-02,09:31:00,600377.SH,宁沪高速,卖出,10.110,-600,-6065.84,5.00,6.07
2020-03-02,09:31:00,600337.SH,ST美克,卖出,4.261,-1200,-5113.75,5.00,5.11
2020-03-02,09:31:00,002807.SZ,江阴银行,卖出,4.222,-1400,-5910.16,5.00,5.91
2020-03-02,09:31:00,603730.SH,岱美股份,卖出,33.303,-200,-6660.65,5.00,6.66
2020-03-02,09:31:00,600603.SH,广汇物流,买入,5.080,1000,5080.14,5.00,0.00
2020-03-02,09:31:00,002381.SZ,双箭股份,买入,8.026,600,4815.61,5.00,0.00
2020-03-02,09:31:00,002397.SZ,梦洁股份,买入,5.070,900,4563.11,5.00,0.00
2020-03-02,09:31:00,600395.SH,盘江股份,卖出,5.579,-1100,-6136.70,5.00,6.14
2020-03-02,09:31:00,601908.SH,京运通,买入,3.156,1400,4418.82,5.00,0.00
2020-03-02,09:31:00,600970.SH,中材国际,卖出,6.188,-900,-5568.84,5.00,5.57
2020-03-02,09:31:00,601222.SH,林洋能源,卖出,5.210,-1600,-8335.30,5.00,8.34
2020-03-02,09:31:00,603108.SH,润达医疗,卖出,10.489,-700,-7342.29,5.00,7.34
2020-03-02,09:31:00,002884.SZ,凌霄泵业,买入,17.214,300,5164.31,5.00,0.00
2020-03-02,09:31:00,600810.SH,神马股份,买入,8.497,700,5947.87,5.00,0.00
2020-03-02,09:31:00,600808.SH,马钢股份,买入,2.776,1200,3330.65,5.00,0.00
2020-03-02,09:31:00,600971.SH,恒源煤电,卖出,4.950,-700,-3465.06,5.00,3.47
2020-03-02,09:31:00,601965.SH,中国汽研,买入,8.577,600,5146.27,5.00,0.00
2020-03-02,09:31:00,601567.SH,三星电气,买入,8.206,700,5744.47,5.00,0.00
2020-03-02,09:31:00,600057.SH,厦门象屿,买入,4.028,1500,6042.06,5.00,0.00
2020-03-02,09:31:00,600642.SH,申能股份,买入,5.281,1100,5808.59,5.00,0.00
2020-03-02,09:31:00,600820.SH,隧道股份,卖出,5.689,-1400,-7964.04,5.00,7.96
2020-03-02,09:31:00,600468.SH,百利电气,买入,4.028,1200,4833.65,5.00,0.00
2020-03-02,09:31:00,600873.SH,梅花生物,买入,4.449,1400,6228.43,5.00,0.00
2020-02-03,09:31:00,600395.SH,盘江股份,买入,5.271,300,1581.16,5.00,0.00
2020-02-03,09:31:00,603108.SH,润达医疗,买入,9.559,700,6691.36,5.00,0.00
2020-02-03,09:31:00,600933.SH,爱柯迪,买入,12.796,100,1279.55,5.00,0.00
2020-02-03,09:31:00,603878.SH,武进不锈,买入,10.731,400,4292.57,5.00,0.00
2020-01-02,09:31:00,603801.SH,志邦家居,买入,22.886,300,6865.70,5.00,0.00
2020-01-02,09:31:00,601222.SH,林洋能源,买入,4.910,1600,7855.68,5.00,0.00
2020-01-02,09:31:00,603608.SH,天创时尚,买入,9.649,600,5789.56,5.00,0.00
2020-01-02,09:31:00,600908.SH,无锡银行,买入,5.641,1100,6205.39,5.00,0.00
2020-01-02,09:31:00,600395.SH,盘江股份,买入,6.162,800,4929.84,5.00,0.00
2020-01-02,09:31:00,600971.SH,恒源煤电,买入,6.062,700,4243.47,5.00,0.00
2020-01-02,09:31:00,600377.SH,宁沪高速,买入,11.293,600,6775.52,5.00,0.00
2020-01-02,09:31:00,603730.SH,岱美股份,买入,30.331,200,6066.11,5.00,0.00
2020-01-02,09:31:00,603839.SH,安正时尚,买入,13.327,200,2665.32,5.00,0.00
2020-01-02,09:31:00,603600.SH,永艺股份,买入,12.325,300,3697.38,5.00,0.00
2020-01-02,09:31:00,600337.SH,ST美克,买入,4.469,1200,5362.70,5.00,0.00
2020-01-02,09:31:00,002807.SZ,江阴银行,买入,4.749,1400,6649.27,5.00,0.00
2020-01-02,09:31:00,600970.SH,中材国际,买入,7.054,900,6348.67,5.00,0.00
2020-01-02,09:31:00,603167.SH,渤海轮渡,买入,10.892,400,4356.70,5.00,0.00
2020-01-02,09:31:00,600820.SH,隧道股份,买入,6.112,1400,8557.08,5.00,0.00
2020-01-02,09:31:00,600548.SH,深高速,买入,11.543,400,4617.22,5.00,0.00
2020-01-02,09:31:00,603179.SH,新泉股份,买入,18.988,100,1898.79,5.00,0.00
2020-01-02,09:31:00,603456.SH,九洲药业,买入,14.048,500,7024.02,5.00,0.00
2020-01-02,09:31:00,600808.SH,马钢股份,买入,3.086,1900,5863.70,5.00,0.00
