symbol,first_date,last_date,rows,exchange,ends_before_dataset,current_name,name_marks_delisted
000001.SZ,2018-01-02,2026-09-11,2111,SZ,False,平安银行,False
000002.SZ,2018-01-02,2026-09-11,2111,SZ,False,万科A,False
000004.SZ,2018-01-02,2026-07-13,2067,SZ,True,国华退,True
000005.SZ,2018-01-02,2024-04-26,1533,SZ,True,ST星源,False
000006.SZ,2018-01-02,2026-09-11,2111,SZ,False,深振业A,False
000007.SZ,2018-01-02,2026-09-11,2111,SZ,False,全新好,False
000008.SZ,2018-01-02,2026-09-11,2111,SZ,False,神州高铁,False
000009.SZ,2018-01-02,2026-09-11,2111,SZ,False,中国宝安,False
000010.SZ,2018-01-02,2026-09-11,2111,SZ,False,*ST美丽,False
000011.SZ,2018-01-02,2026-09-11,2111,SZ,False,深物业A,False
000012.SZ,2018-01-02,2026-09-11,2111,SZ,False,南玻A,False
000014.SZ,2018-01-02,2026-09-11,2111,SZ,False,沙河股份,False
000016.SZ,2018-01-02,2026-09-11,2111,SZ,False,*ST康佳A,False
000017.SZ,2018-01-02,2026-09-11,2111,SZ,False,深中华A,False
000018.SZ,2018-01-02,2020-01-07,491,SZ,True,神城A退,True
000019.SZ,2018-01-02,2026-09-11,2111,SZ,False,深粮控股,False
000020.SZ,2018-01-02,2026-09-11,2111,SZ,False,深华发A,False
000021.SZ,2018-01-02,2026-09-11,2111,SZ,False,深科技,False
000022.SZ,2018-01-02,2018-12-25,240,SZ,True,,False
000023.SZ,2018-01-02,2024-09-02,1620,SZ,True,*ST深天,False
000025.SZ,2018-01-02,2026-09-11,2111,SZ,False,特力A,False
000026.SZ,2018-01-02,2026-09-11,2111,SZ,False,飞亚达,False
000027.SZ,2018-01-02,2026-09-11,2111,SZ,False,深圳能源,False
000028.SZ,2018-01-02,2026-09-11,2111,SZ,False,国药一致,False
000029.SZ,2018-01-02,2026-09-11,2111,SZ,False,深深房A,False
000030.SZ,2018-01-02,2026-09-11,2111,SZ,False,富奥股份,False
000031.SZ,2018-01-02,2026-09-11,2111,SZ,False,大悦城,False
000032.SZ,2018-01-02,2026-09-11,2111,SZ,False,深桑达A,False
000034.SZ,2018-01-02,2026-09-11,2111,SZ,False,神州数码,False
000035.SZ,2018-01-02,2026-09-11,2111,SZ,False,中国天楹,False
000036.SZ,2018-01-02,2026-09-11,2111,SZ,False,华联控股,False
000037.SZ,2018-01-02,2026-09-11,2111,SZ,False,深南电A,False
000038.SZ,2018-01-02,2023-07-12,1341,SZ,True,大通退,True
000039.SZ,2018-01-02,2026-09-11,2111,SZ,False,中集集团,False
000040.SZ,2018-01-02,2025-04-30,1777,SZ,True,*ST旭蓝,False
000042.SZ,2018-01-02,2026-09-11,2111,SZ,False,中洲控股,False
000043.SZ,2018-01-02,2019-12-13,475,SZ,True,,False
000045.SZ,2018-01-02,2026-09-11,2111,SZ,False,深纺织A,False
000046.SZ,2018-01-02,2024-02-07,1484,SZ,True,*ST泛海,False
000048.SZ,2018-01-02,2026-09-11,2111,SZ,False,京基智农,False
000049.SZ,2018-01-02,2026-09-11,2111,SZ,False,德赛电池,False
000050.SZ,2018-01-02,2026-09-11,2111,SZ,False,深天马A,False
000055.SZ,2018-01-02,2026-09-11,2111,SZ,False,方大集团,False
000056.SZ,2018-01-02,2026-09-11,2111,SZ,False,*ST皇庭,False
000058.SZ,2018-01-02,2026-09-11,2111,SZ,False,深赛格,False
000059.SZ,2018-01-02,2026-09-11,2111,SZ,False,华锦股份,False
000060.SZ,2018-01-02,2026-09-11,2111,SZ,False,中金岭南,False
000061.SZ,2018-01-02,2026-09-11,2111,SZ,False,农产品,False
000062.SZ,2018-01-02,2026-09-11,2111,SZ,False,深圳华强,False
000063.SZ,2018-01-02,2026-09-11,2111,SZ,False,中兴通讯,False
000065.SZ,2018-01-02,2026-09-11,2111,SZ,False,北方国际,False
000066.SZ,2018-01-02,2026-09-11,2111,SZ,False,中国长城,False
000068.SZ,2018-01-02,2026-09-11,2111,SZ,False,华控赛格,False
000069.SZ,2018-01-02,2026-09-11,2111,SZ,False,华侨城A,False
000070.SZ,2018-01-02,2026-09-11,2111,SZ,False,特发信息,False
000078.SZ,2018-01-02,2026-09-11,2111,SZ,False,ST海王,False
000088.SZ,2018-01-02,2026-09-11,2111,SZ,False,盐田港,False
000089.SZ,2018-01-02,2026-09-11,2111,SZ,False,深圳机场,False
000090.SZ,2018-01-02,2026-09-11,2111,SZ,False,天健集团,False
000096.SZ,2018-01-02,2026-09-11,2111,SZ,False,广聚能源,False
000099.SZ,2018-01-02,2026-09-11,2111,SZ,False,中信海直,False
000100.SZ,2018-01-02,2026-09-11,2111,SZ,False,TCL科技,False
000150.SZ,2018-01-02,2023-06-09,1320,SZ,True,*ST宜康,False
000151.SZ,2018-01-02,2026-09-11,2111,SZ,False,中成股份,False
000153.SZ,2018-01-02,2026-09-11,2111,SZ,False,丰原药业,False
000155.SZ,2018-01-02,2026-09-11,2111,SZ,False,川能动力,False
000156.SZ,2018-01-02,2026-09-11,2111,SZ,False,华数传媒,False
000157.SZ,2018-01-02,2026-09-11,2111,SZ,False,中联重科,False
000158.SZ,2018-01-02,2026-09-11,2111,SZ,False,常山北明,False
000159.SZ,2018-01-02,2026-09-11,2111,SZ,False,国际实业,False
000166.SZ,2018-01-02,2026-09-11,2111,SZ,False,申万宏源,False
000301.SZ,2018-01-02,2026-09-11,2111,SZ,False,东方盛虹,False
000333.SZ,2018-01-02,2026-09-11,2111,SZ,False,美的集团,False
000338.SZ,2018-01-02,2026-09-11,2111,SZ,False,潍柴动力,False
000400.SZ,2018-01-02,2026-09-11,2111,SZ,False,许继电气,False
000401.SZ,2018-01-02,2026-09-11,2111,SZ,False,金隅冀东,False
000402.SZ,2018-01-02,2026-09-11,2111,SZ,False,金融街,False
000403.SZ,2018-01-02,2026-09-11,2111,SZ,False,派林生物,False
000404.SZ,2018-01-02,2026-09-11,2111,SZ,False,长虹华意,False
000407.SZ,2018-01-02,2026-09-11,2111,SZ,False,胜利股份,False
000408.SZ,2018-01-02,2026-09-11,2111,SZ,False,藏格矿业,False
000409.SZ,2018-01-02,2026-09-11,2111,SZ,False,云鼎科技,False
000410.SZ,2018-01-02,2026-09-11,2111,SZ,False,沈阳机床,False
000411.SZ,2018-01-02,2026-09-11,2111,SZ,False,英特集团,False
000413.SZ,2018-01-02,2024-10-11,1642,SZ,True,ST旭电,False
000415.SZ,2018-01-02,2026-09-11,2111,SZ,False,渤海租赁,False
000416.SZ,2018-01-02,2024-06-05,1558,SZ,True,*ST民控,False
000417.SZ,2018-01-02,2026-09-11,2111,SZ,False,合百集团,False
000418.SZ,2018-01-02,2019-06-21,356,SZ,True,小天鹅A,False
000419.SZ,2018-01-02,2026-09-11,2111,SZ,False,通程控股,False
000420.SZ,2018-01-02,2026-09-11,2111,SZ,False,吉林化纤,False
000421.SZ,2018-01-02,2026-09-11,2111,SZ,False,南京公用,False
000422.SZ,2018-01-02,2026-09-11,2111,SZ,False,湖北宜化,False
000423.SZ,2018-01-02,2026-09-11,2111,SZ,False,东阿阿胶,False
000425.SZ,2018-01-02,2026-09-11,2111,SZ,False,徐工机械,False
000426.SZ,2018-01-02,2026-09-11,2111,SZ,False,兴业银锡,False
000428.SZ,2018-01-02,2026-09-11,2111,SZ,False,华天酒店,False
000429.SZ,2018-01-02,2026-09-11,2111,SZ,False,粤高速A,False
000430.SZ,2018-01-02,2026-09-11,2111,SZ,False,张家界,False
000488.SZ,2018-01-02,2026-09-11,2111,SZ,False,ST晨鸣,False
000498.SZ,2018-01-02,2026-09-11,2111,SZ,False,山东路桥,False
000501.SZ,2018-01-02,2026-09-11,2111,SZ,False,武商集团,False
000502.SZ,2018-01-02,2022-06-27,1087,SZ,True,绿景退,True
000503.SZ,2018-01-02,2026-09-11,2111,SZ,False,国新健康,False
000504.SZ,2018-01-02,2026-09-11,2111,SZ,False,南华生物,False
000505.SZ,2018-01-02,2026-09-11,2111,SZ,False,京粮控股,False
000506.SZ,2018-01-02,2026-09-11,2111,SZ,False,招金黄金,False
000507.SZ,2018-01-02,2026-09-11,2111,SZ,False,珠海港,False
000509.SZ,2018-01-02,2026-09-11,2111,SZ,False,华塑控股,False
000510.SZ,2018-01-02,2026-09-11,2111,SZ,False,新金路,False
000511.SZ,2018-01-02,2018-07-18,132,SZ,True,烯碳退,True
000513.SZ,2018-01-02,2026-09-11,2111,SZ,False,丽珠集团,False
000514.SZ,2018-01-02,2026-09-11,2111,SZ,False,渝开发,False
000516.SZ,2018-01-02,2026-09-11,2111,SZ,False,国际医学,False
000517.SZ,2018-01-02,2026-09-11,2111,SZ,False,荣安地产,False
000518.SZ,2018-01-02,2026-09-11,2111,SZ,False,四环生物,False
000519.SZ,2018-01-02,2026-09-11,2111,SZ,False,中兵红箭,False
000520.SZ,2018-01-02,2026-09-11,2111,SZ,False,凤凰航运,False
000521.SZ,2018-01-02,2026-09-11,2111,SZ,False,长虹美菱,False
000523.SZ,2018-01-02,2026-09-11,2111,SZ,False,红棉股份,False
000524.SZ,2018-01-02,2026-09-11,2111,SZ,False,岭南控股,False
000525.SZ,2018-01-02,2026-09-11,2111,SZ,False,红太阳,False
000526.SZ,2018-01-02,2026-09-11,2111,SZ,False,学大教育,False
000528.SZ,2018-01-02,2026-09-11,2111,SZ,False,柳工,False
000529.SZ,2018-01-02,2026-09-11,2111,SZ,False,广弘控股,False
000530.SZ,2018-01-02,2026-09-11,2111,SZ,False,冰山冷热,False
000531.SZ,2018-01-02,2026-09-11,2111,SZ,False,穗恒运A,False
000532.SZ,2018-01-02,2026-09-11,2111,SZ,False,华金资本,False
000533.SZ,2018-01-02,2026-09-11,2111,SZ,False,顺钠股份,False
000534.SZ,2018-01-02,2026-09-11,2111,SZ,False,万泽股份,False
000536.SZ,2018-01-02,2026-09-11,2111,SZ,False,华映科技,False
000537.SZ,2018-01-02,2026-09-11,2111,SZ,False,绿发电力,False
000538.SZ,2018-01-02,2026-09-11,2111,SZ,False,云南白药,False
000539.SZ,2018-01-02,2026-09-11,2111,SZ,False,粤电力A,False
000540.SZ,2018-01-02,2023-06-30,1333,SZ,True,*ST中天,False
000541.SZ,2018-01-02,2026-09-11,2111,SZ,False,佛山照明,False
000543.SZ,2018-01-02,2026-09-11,2111,SZ,False,皖能电力,False
000544.SZ,2018-01-02,2026-09-11,2111,SZ,False,中原环保,False
000545.SZ,2018-01-02,2026-09-11,2111,SZ,False,金浦钛业,False
000546.SZ,2018-01-02,2026-09-11,2111,SZ,False,金圆股份,False
000547.SZ,2018-01-02,2026-09-11,2111,SZ,False,航天发展,False
000548.SZ,2018-01-02,2026-09-11,2111,SZ,False,湖南投资,False
000550.SZ,2018-01-02,2026-09-11,2111,SZ,False,江铃汽车,False
000551.SZ,2018-01-02,2026-09-11,2111,SZ,False,创元科技,False
000552.SZ,2018-01-02,2026-09-11,2111,SZ,False,甘肃能化,False
000553.SZ,2018-01-02,2026-09-11,2111,SZ,False,安道麦A,False
000554.SZ,2018-01-02,2026-09-11,2111,SZ,False,泰山石油,False
000555.SZ,2018-01-02,2026-09-11,2111,SZ,False,神州信息,False
000557.SZ,2018-01-02,2026-09-11,2111,SZ,False,西部创业,False
000558.SZ,2018-01-02,2026-09-11,2111,SZ,False,天府文旅,False
000559.SZ,2018-01-02,2026-09-11,2111,SZ,False,万向钱潮,False
000560.SZ,2018-01-02,2026-09-11,2111,SZ,False,我爱我家,False
000561.SZ,2018-01-02,2026-09-11,2111,SZ,False,烽火电子,False
000563.SZ,2018-01-02,2026-09-11,2111,SZ,False,陕国投A,False
000564.SZ,2018-01-02,2026-09-11,2111,SZ,False,供销大集,False
000565.SZ,2018-01-02,2026-09-11,2111,SZ,False,渝三峡A,False
000566.SZ,2018-01-02,2026-09-11,2111,SZ,False,海南海药,False
000567.SZ,2018-01-02,2026-09-11,2111,SZ,False,海德股份,False
000568.SZ,2018-01-02,2026-09-11,2111,SZ,False,泸州老窖,False
000570.SZ,2018-01-02,2026-09-11,2111,SZ,False,苏常柴A,False
000571.SZ,2018-01-02,2026-09-11,2111,SZ,False,新大洲A,False
000572.SZ,2018-01-02,2026-09-11,2111,SZ,False,海马汽车,False
000573.SZ,2018-01-02,2026-09-11,2111,SZ,False,粤宏远A,False
000576.SZ,2018-01-02,2026-09-11,2111,SZ,False,甘化科工,False
000581.SZ,2018-01-02,2026-09-11,2111,SZ,False,威孚高科,False
000582.SZ,2018-01-02,2026-09-11,2111,SZ,False,北部湾港,False
000584.SZ,2018-01-02,2025-07-10,1824,SZ,True,工智退,True
000585.SZ,2018-01-02,2022-05-24,1064,SZ,True,东电退,True
000586.SZ,2018-01-02,2026-09-11,2111,SZ,False,汇源通信,False
000587.SZ,2018-01-02,2023-04-03,1275,SZ,True,*ST金洲,False
000589.SZ,2018-01-02,2026-09-11,2111,SZ,False,贵州轮胎,False
000590.SZ,2018-01-02,2026-09-11,2111,SZ,False,古汉医药,False
000591.SZ,2018-01-02,2026-09-11,2111,SZ,False,太阳能,False
000592.SZ,2018-01-02,2026-09-11,2111,SZ,False,平潭发展,False
000593.SZ,2018-01-02,2026-09-11,2111,SZ,False,德龙汇能,False
000595.SZ,2018-01-02,2026-09-11,2111,SZ,False,新能股份,False
000596.SZ,2018-01-02,2026-09-11,2111,SZ,False,古井贡酒,False
000597.SZ,2018-01-02,2026-09-11,2111,SZ,False,东北制药,False
000598.SZ,2018-01-02,2026-09-11,2111,SZ,False,兴蓉环境,False
000599.SZ,2018-01-02,2026-09-11,2111,SZ,False,青岛双星,False
000600.SZ,2018-01-02,2026-09-11,2111,SZ,False,建投能源,False
000601.SZ,2018-01-02,2026-09-11,2111,SZ,False,韶能股份,False
000603.SZ,2018-01-02,2026-09-11,2111,SZ,False,盛达资源,False
000605.SZ,2018-01-02,2026-09-11,2111,SZ,False,渤海股份,False
000606.SZ,2018-01-02,2023-07-06,1337,SZ,True,顺利退,True
000607.SZ,2018-01-02,2026-09-11,2111,SZ,False,华媒控股,False
000608.SZ,2018-01-02,2026-09-11,2111,SZ,False,阳光股份,False
000609.SZ,2018-01-02,2026-09-11,2111,SZ,False,*ST中迪,False
000610.SZ,2018-01-02,2026-09-11,2111,SZ,False,*ST西旅,False
000611.SZ,2018-01-02,2022-06-28,1088,SZ,True,天首退,True
000612.SZ,2018-01-02,2026-09-11,2111,SZ,False,焦作万方,False
000613.SZ,2018-01-02,2022-06-29,1089,SZ,True,东海A退,True
000615.SZ,2018-01-02,2026-09-11,2111,SZ,False,*ST美谷,False
000616.SZ,2018-01-02,2023-08-23,1371,SZ,True,*ST海投,False
000617.SZ,2018-01-02,2026-09-11,2111,SZ,False,中油资本,False
000619.SZ,2018-01-02,2026-09-11,2111,SZ,False,海螺新材,False
000620.SZ,2018-01-02,2026-09-11,2111,SZ,False,盈新发展,False
000622.SZ,2018-01-02,2025-07-15,1827,SZ,True,恒立退,True
000623.SZ,2018-01-02,2026-09-11,2111,SZ,False,吉林敖东,False
000625.SZ,2018-01-02,2026-09-11,2111,SZ,False,长安汽车,False
000626.SZ,2018-01-02,2026-09-11,2111,SZ,False,远大控股,False
000627.SZ,2018-01-02,2025-09-29,1881,SZ,True,*ST天茂,False
000628.SZ,2018-01-02,2026-09-11,2111,SZ,False,高新发展,False
000629.SZ,2018-01-02,2026-09-11,2111,SZ,False,钒钛股份,False
000630.SZ,2018-01-02,2026-09-11,2111,SZ,False,铜陵有色,False
000631.SZ,2018-01-02,2026-09-11,2111,SZ,False,顺发恒能,False
000632.SZ,2018-01-02,2026-09-11,2111,SZ,False,ST三木,False
000633.SZ,2018-01-02,2026-09-11,2111,SZ,False,合金投资,False
000635.SZ,2018-01-02,2026-09-11,2111,SZ,False,英力特,False
000636.SZ,2018-01-02,2026-09-11,2111,SZ,False,风华高科,False
000637.SZ,2018-01-02,2026-09-11,2111,SZ,False,茂化实华,False
000638.SZ,2018-01-02,2026-06-02,2039,SZ,True,*ST万方,False
000639.SZ,2018-01-02,2026-09-11,2111,SZ,False,ST西王,False
000650.SZ,2018-01-02,2026-09-11,2111,SZ,False,仁和药业,False
000651.SZ,2018-01-02,2026-09-11,2111,SZ,False,格力电器,False
000652.SZ,2018-01-02,2026-09-11,2111,SZ,False,泰达股份,False
000655.SZ,2018-01-02,2026-09-11,2111,SZ,False,金岭矿业,False
000656.SZ,2018-01-02,2026-09-11,2111,SZ,False,金科股份,False
000657.SZ,2018-01-02,2026-09-11,2111,SZ,False,中钨高新,False
000659.SZ,2018-01-02,2026-09-11,2111,SZ,False,珠海中富,False
000661.SZ,2018-01-02,2026-09-11,2111,SZ,False,长春高新,False
000662.SZ,2018-01-02,2021-04-12,795,SZ,True,天夏退,True
000663.SZ,2018-01-02,2026-09-11,2111,SZ,False,永安林业,False
000665.SZ,2018-01-02,2026-09-11,2111,SZ,False,湖北广电,False
000666.SZ,2018-01-02,2023-10-26,1411,SZ,True,经纬纺机,False
000667.SZ,2018-01-02,2023-07-14,1343,SZ,True,ST美置,False
000668.SZ,2018-01-02,2026-09-11,2111,SZ,False,荣丰控股,False
000669.SZ,2018-01-02,2026-09-11,2111,SZ,False,ST金鸿,False
000670.SZ,2018-01-02,2026-09-11,2111,SZ,False,盈方微,False
000671.SZ,2018-01-02,2023-08-16,1366,SZ,True,ST阳光城,False
000672.SZ,2018-01-02,2026-09-11,2111,SZ,False,上峰材料,False
000673.SZ,2018-01-02,2022-07-04,1092,SZ,True,当代退,True
000676.SZ,2018-01-02,2026-09-11,2111,SZ,False,智度股份,False
000677.SZ,2018-01-02,2026-09-11,2111,SZ,False,ST海龙,False
000678.SZ,2018-01-02,2026-09-11,2111,SZ,False,襄阳轴承,False
000679.SZ,2018-01-02,2026-09-11,2111,SZ,False,大连友谊,False
000680.SZ,2018-01-02,2026-09-11,2111,SZ,False,山推股份,False
000681.SZ,2018-01-02,2026-09-11,2111,SZ,False,视觉中国,False
000682.SZ,2018-01-02,2026-09-11,2111,SZ,False,东方电子,False
000683.SZ,2018-01-02,2026-09-11,2111,SZ,False,博源化工,False
000685.SZ,2018-01-02,2026-09-11,2111,SZ,False,中山公用,False
000686.SZ,2018-01-02,2026-09-11,2111,SZ,False,东北证券,False
000687.SZ,2018-01-02,2022-06-17,1081,SZ,True,华讯退,True
000688.SZ,2018-01-02,2026-09-11,2111,SZ,False,国城矿业,False
000690.SZ,2018-01-02,2026-09-11,2111,SZ,False,宝新能源,False
000691.SZ,2018-01-02,2026-09-11,2111,SZ,False,亚太实业,False
000692.SZ,2018-01-02,2026-09-11,2111,SZ,False,惠天热电,False
000693.SZ,2018-01-02,2019-07-09,368,SZ,True,华泽退,True
000695.SZ,2018-01-02,2026-09-11,2111,SZ,False,滨海能源,False
000697.SZ,2018-01-02,2026-09-11,2111,SZ,False,炼石航空,False
000698.SZ,2018-01-02,2026-09-11,2111,SZ,False,ST沈化,False
000700.SZ,2018-01-02,2026-09-11,2111,SZ,False,模塑科技,False
000701.SZ,2018-01-02,2026-09-11,2111,SZ,False,厦门信达,False
000702.SZ,2018-01-02,2026-09-11,2111,SZ,False,正虹科技,False
000703.SZ,2018-01-02,2026-09-11,2111,SZ,False,恒逸石化,False
000705.SZ,2018-01-02,2026-09-11,2111,SZ,False,浙江震元,False
000707.SZ,2018-01-02,2026-09-11,2111,SZ,False,双环科技,False
000708.SZ,2018-01-02,2026-09-11,2111,SZ,False,中信特钢,False
000709.SZ,2018-01-02,2026-09-11,2111,SZ,False,河钢股份,False
000710.SZ,2018-01-02,2026-09-11,2111,SZ,False,贝瑞基因,False
000711.SZ,2018-01-02,2026-09-11,2111,SZ,False,京蓝科技,False
000712.SZ,2018-01-02,2026-09-11,2111,SZ,False,锦龙股份,False
000713.SZ,2018-01-02,2026-09-11,2111,SZ,False,国投丰乐,False
000715.SZ,2018-01-02,2026-09-11,2111,SZ,False,中兴商业,False
000716.SZ,2018-01-02,2026-09-11,2111,SZ,False,黑芝麻,False
000717.SZ,2018-01-02,2026-09-11,2111,SZ,False,中南股份,False
000718.SZ,2018-01-02,2026-09-11,2111,SZ,False,苏宁环球,False
000719.SZ,2018-01-02,2026-09-11,2111,SZ,False,中原传媒,False
000720.SZ,2018-01-02,2026-09-11,2111,SZ,False,新能泰山,False
000721.SZ,2018-01-02,2026-09-11,2111,SZ,False,西安饮食,False
000722.SZ,2018-01-02,2026-09-11,2111,SZ,False,湖南发展,False
000723.SZ,2018-01-02,2026-09-11,2111,SZ,False,美锦能源,False
000725.SZ,2018-01-02,2026-09-11,2111,SZ,False,京东方A,False
000726.SZ,2018-01-02,2026-09-11,2111,SZ,False,鲁泰A,False
000727.SZ,2018-01-02,2026-09-11,2111,SZ,False,冠捷科技,False
000728.SZ,2018-01-02,2026-09-11,2111,SZ,False,国元证券,False
000729.SZ,2018-01-02,2026-09-11,2111,SZ,False,燕京啤酒,False
000731.SZ,2018-01-02,2026-09-11,2111,SZ,False,四川美丰,False
000732.SZ,2018-01-02,2023-08-04,1358,SZ,True,ST泰禾,False
000733.SZ,2018-01-02,2026-09-11,2111,SZ,False,振华科技,False
000735.SZ,2018-01-02,2026-09-11,2111,SZ,False,罗牛山,False
000736.SZ,2018-01-02,2026-09-11,2111,SZ,False,中交发展,False
000737.SZ,2018-01-02,2026-09-11,2111,SZ,False,北方铜业,False
000738.SZ,2018-01-02,2026-09-11,2111,SZ,False,航发控制,False
000739.SZ,2018-01-02,2026-09-11,2111,SZ,False,普洛药业,False
000750.SZ,2018-01-02,2026-09-11,2111,SZ,False,国海证券,False
000751.SZ,2018-01-02,2026-09-11,2111,SZ,False,锌业股份,False
000752.SZ,2018-01-02,2026-09-11,2111,SZ,False,*ST西发,False
000753.SZ,2018-01-02,2026-09-11,2111,SZ,False,漳州发展,False
000755.SZ,2018-01-02,2026-09-11,2111,SZ,False,山西高速,False
000756.SZ,2018-01-02,2026-09-11,2111,SZ,False,新华制药,False
000757.SZ,2018-01-02,2026-09-11,2111,SZ,False,浩物股份,False
000758.SZ,2018-01-02,2026-09-11,2111,SZ,False,中色股份,False
000759.SZ,2018-01-02,2026-09-11,2111,SZ,False,中百集团,False
000760.SZ,2018-01-02,2021-07-23,865,SZ,True,斯太退,True
000761.SZ,2018-01-02,2026-09-11,2111,SZ,False,本钢板材,False
000762.SZ,2018-01-02,2026-09-11,2111,SZ,False,西藏矿业,False
000766.SZ,2018-01-02,2026-09-11,2111,SZ,False,通化金马,False
000767.SZ,2018-01-02,2026-09-11,2111,SZ,False,晋控电力,False
000768.SZ,2018-01-02,2026-09-11,2111,SZ,False,中航西飞,False
000776.SZ,2018-01-02,2026-09-11,2111,SZ,False,广发证券,False
000777.SZ,2018-01-02,2026-09-11,2111,SZ,False,中核科技,False
000778.SZ,2018-01-02,2026-09-11,2111,SZ,False,新兴铸管,False
000779.SZ,2018-01-02,2026-09-11,2111,SZ,False,甘咨询,False
000780.SZ,2018-01-02,2022-01-24,988,SZ,True,ST平能,False
000782.SZ,2018-01-02,2026-09-11,2111,SZ,False,恒申新材,False
000783.SZ,2018-01-02,2026-09-11,2111,SZ,False,长江证券,False
000785.SZ,2018-01-02,2026-09-11,2111,SZ,False,居然智家,False
000786.SZ,2018-01-02,2026-09-11,2111,SZ,False,北新建材,False
000788.SZ,2018-01-02,2026-09-11,2111,SZ,False,北大医药,False
000789.SZ,2018-01-02,2026-09-11,2111,SZ,False,万年青,False
000790.SZ,2018-01-02,2026-09-11,2111,SZ,False,华神科技,False
000791.SZ,2018-01-02,2026-09-11,2111,SZ,False,甘肃能源,False
000792.SZ,2018-01-02,2026-09-11,2111,SZ,False,盐湖股份,False
000793.SZ,2018-01-02,2026-09-11,2111,SZ,False,ST华闻,False
000795.SZ,2018-01-02,2026-09-11,2111,SZ,False,英洛华,False
000796.SZ,2018-01-02,2026-09-11,2111,SZ,False,凯撒旅业,False
000797.SZ,2018-01-02,2026-09-11,2111,SZ,False,中国武夷,False
000798.SZ,2018-01-02,2026-09-11,2111,SZ,False,中水渔业,False
000799.SZ,2018-01-02,2026-09-11,2111,SZ,False,酒鬼酒,False
000800.SZ,2018-01-02,2026-09-11,2111,SZ,False,一汽解放,False
000801.SZ,2018-01-02,2026-09-11,2111,SZ,False,四川九洲,False
000802.SZ,2018-01-02,2026-09-11,2111,SZ,False,北京文化,False
000803.SZ,2018-01-02,2026-09-11,2111,SZ,False,山高环能,False
000806.SZ,2018-01-02,2023-07-06,1337,SZ,True,银河退,True
000807.SZ,2018-01-02,2026-09-11,2111,SZ,False,云铝股份,False
000809.SZ,2018-01-02,2026-09-11,2111,SZ,False,和展能源,False
000810.SZ,2018-01-02,2026-09-11,2111,SZ,False,创维数字,False
000811.SZ,2018-01-02,2026-09-11,2111,SZ,False,冰轮环境,False
000812.SZ,2018-01-02,2026-09-11,2111,SZ,False,陕西金叶,False
000813.SZ,2018-01-02,2026-09-11,2111,SZ,False,德展健康,False
000815.SZ,2018-01-02,2026-09-11,2111,SZ,False,美利云,False
000816.SZ,2018-01-02,2026-09-11,2111,SZ,False,智慧农业,False
000818.SZ,2018-01-02,2026-09-11,2111,SZ,False,航锦科技,False
000819.SZ,2018-01-02,2026-09-11,2111,SZ,False,岳阳兴长,False
000820.SZ,2018-01-02,2026-09-11,2111,SZ,False,神雾节能,False
000821.SZ,2018-01-02,2026-09-11,2111,SZ,False,ST京机,False
000822.SZ,2018-01-02,2026-09-11,2111,SZ,False,山东海化,False
000823.SZ,2018-01-02,2026-09-11,2111,SZ,False,超声电子,False
000825.SZ,2018-01-02,2026-09-11,2111,SZ,False,太钢不锈,False
000826.SZ,2018-01-02,2026-09-11,2111,SZ,False,*ST启环,False
000828.SZ,2018-01-02,2026-09-11,2111,SZ,False,东莞控股,False
000829.SZ,2018-01-02,2026-09-11,2111,SZ,False,天音控股,False
000830.SZ,2018-01-02,2026-09-11,2111,SZ,False,鲁西化工,False
000831.SZ,2018-01-02,2026-09-11,2111,SZ,False,中国稀土,False
000833.SZ,2018-01-02,2026-09-11,2111,SZ,False,粤桂股份,False
000835.SZ,2018-01-02,2022-05-23,1063,SZ,True,长动退,True
000836.SZ,2018-01-02,2024-08-12,1605,SZ,True,ST富通,False
000837.SZ,2018-01-02,2026-09-11,2111,SZ,False,秦川机床,False
000838.SZ,2018-01-02,2026-09-11,2111,SZ,False,*ST发展,False
000839.SZ,2018-01-02,2026-09-11,2111,SZ,False,国安股份,False
000848.SZ,2018-01-02,2026-09-11,2111,SZ,False,承德露露,False
000850.SZ,2018-01-02,2026-09-11,2111,SZ,False,华茂股份,False
000851.SZ,2018-01-02,2025-11-10,1905,SZ,True,*ST高鸿,False
000852.SZ,2018-01-02,2026-09-11,2111,SZ,False,石化机械,False
000856.SZ,2018-01-02,2026-09-11,2111,SZ,False,冀东装备,False
000858.SZ,2018-01-02,2026-09-11,2111,SZ,False,五粮液,False
000859.SZ,2018-01-02,2026-09-11,2111,SZ,False,国风新材,False
000860.SZ,2018-01-02,2026-09-11,2111,SZ,False,顺鑫农业,False
000861.SZ,2018-01-02,2024-09-18,1630,SZ,True,海印股份,False
000862.SZ,2018-01-02,2026-09-11,2111,SZ,False,银星能源,False
000863.SZ,2018-01-02,2026-09-11,2111,SZ,False,三湘印象,False
000868.SZ,2018-01-02,2026-09-11,2111,SZ,False,安凯客车,False
000869.SZ,2018-01-02,2026-09-11,2111,SZ,False,张裕A,False
000875.SZ,2018-01-02,2026-09-11,2111,SZ,False,电投绿能,False
000876.SZ,2018-01-02,2026-09-11,2111,SZ,False,新希望,False
000877.SZ,2018-01-02,2026-09-11,2111,SZ,False,天山股份,False
000878.SZ,2018-01-02,2026-09-11,2111,SZ,False,云南铜业,False
000880.SZ,2018-01-02,2026-09-11,2111,SZ,False,潍柴重机,False
000881.SZ,2018-01-02,2026-09-11,2111,SZ,False,中广核技,False
000882.SZ,2018-01-02,2026-09-11,2111,SZ,False,华联股份,False
000883.SZ,2018-01-02,2026-09-11,2111,SZ,False,湖北能源,False
000885.SZ,2018-01-02,2026-09-11,2111,SZ,False,城发环境,False
000886.SZ,2018-01-02,2026-09-11,2111,SZ,False,海南高速,False
000887.SZ,2018-01-02,2026-09-11,2111,SZ,False,中鼎股份,False
000888.SZ,2018-01-02,2026-09-11,2111,SZ,False,峨眉山A,False
000889.SZ,2018-01-02,2026-09-11,2111,SZ,False,中嘉博创,False
000890.SZ,2018-01-02,2026-09-11,2111,SZ,False,法尔胜,False
000892.SZ,2018-01-02,2026-09-11,2111,SZ,False,欢瑞世纪,False
000893.SZ,2018-01-02,2026-09-11,2111,SZ,False,亚钾国际,False
000895.SZ,2018-01-02,2026-09-11,2111,SZ,False,双汇发展,False
000897.SZ,2018-01-02,2026-09-11,2111,SZ,False,津滨发展,False
000898.SZ,2018-01-02,2026-09-11,2111,SZ,False,鞍钢股份,False
000899.SZ,2018-01-02,2026-09-11,2111,SZ,False,赣能股份,False
000900.SZ,2018-01-02,2026-09-11,2111,SZ,False,现代投资,False
000901.SZ,2018-01-02,2026-09-11,2111,SZ,False,航天科技,False
000902.SZ,2018-01-02,2026-09-11,2111,SZ,False,新洋丰,False
000903.SZ,2018-01-02,2026-09-11,2111,SZ,False,ST云动,False
000905.SZ,2018-01-02,2026-09-11,2111,SZ,False,厦门港务,False
000906.SZ,2018-01-02,2026-09-11,2111,SZ,False,浙商中拓,False
000908.SZ,2018-01-02,2026-09-11,2111,SZ,False,石药景峰,False
000909.SZ,2018-01-02,2026-09-11,2111,SZ,False,*ST数源,False
000910.SZ,2018-01-02,2026-09-11,2111,SZ,False,大亚圣象,False
000911.SZ,2018-01-02,2026-09-11,2111,SZ,False,*ST广糖,False
000912.SZ,2018-01-02,2026-09-11,2111,SZ,False,泸天化,False
000913.SZ,2018-01-02,2026-09-11,2111,SZ,False,钱江摩托,False
000915.SZ,2018-01-02,2026-09-11,2111,SZ,False,华特达因,False
000917.SZ,2018-01-02,2026-09-11,2111,SZ,False,电广传媒,False
000918.SZ,2018-01-02,2023-07-28,1353,SZ,True,*ST嘉凯,False
000919.SZ,2018-01-02,2026-09-11,2111,SZ,False,金陵药业,False
000920.SZ,2018-01-02,2026-09-11,2111,SZ,False,沃顿科技,False
000921.SZ,2018-01-02,2026-09-11,2111,SZ,False,海信家电,False
000922.SZ,2018-01-02,2026-09-11,2111,SZ,False,佳电股份,False
000923.SZ,2018-01-02,2026-09-11,2111,SZ,False,河钢资源,False
000925.SZ,2018-01-02,2026-09-11,2111,SZ,False,众合科技,False
000926.SZ,2018-01-02,2026-09-11,2111,SZ,False,福星股份,False
000927.SZ,2018-01-02,2026-09-11,2111,SZ,False,中国铁物,False
000928.SZ,2018-01-02,2026-09-11,2111,SZ,False,中钢国际,False
000929.SZ,2018-01-02,2026-09-11,2111,SZ,False,兰州黄河,False
000930.SZ,2018-01-02,2026-09-11,2111,SZ,False,中粮科技,False
000931.SZ,2018-01-02,2026-09-11,2111,SZ,False,中关村,False
000932.SZ,2018-01-02,2026-09-11,2111,SZ,False,华菱钢铁,False
000933.SZ,2018-01-02,2026-09-11,2111,SZ,False,神火股份,False
000935.SZ,2018-01-02,2026-09-11,2111,SZ,False,四川双马,False
000936.SZ,2018-01-02,2026-09-11,2111,SZ,False,华西股份,False
000937.SZ,2018-01-02,2026-09-11,2111,SZ,False,冀中能源,False
000938.SZ,2018-01-02,2026-09-11,2111,SZ,False,紫光股份,False
000939.SZ,2018-01-02,2020-12-17,720,SZ,True,凯迪退,True
000948.SZ,2018-01-02,2026-09-11,2111,SZ,False,南天信息,False
000949.SZ,2018-01-02,2026-09-11,2111,SZ,False,新乡化纤,False
000950.SZ,2018-01-02,2026-09-11,2111,SZ,False,重药控股,False
000951.SZ,2018-01-02,2026-09-11,2111,SZ,False,中国重汽,False
000952.SZ,2018-01-02,2026-09-11,2111,SZ,False,广济药业,False
000953.SZ,2018-01-02,2026-09-11,2111,SZ,False,中哲精化,False
000955.SZ,2018-01-02,2026-09-11,2111,SZ,False,欣龙控股,False
000957.SZ,2018-01-02,2026-09-11,2111,SZ,False,中通客车,False
000958.SZ,2018-01-02,2026-09-11,2111,SZ,False,电投产融,False
000959.SZ,2018-01-02,2026-09-11,2111,SZ,False,首钢股份,False
000960.SZ,2018-01-02,2026-09-11,2111,SZ,False,锡业股份,False
000961.SZ,2018-01-02,2024-07-11,1583,SZ,True,ST中南,False
000962.SZ,2018-01-02,2026-09-11,2111,SZ,False,东方钽业,False
000963.SZ,2018-01-02,2026-09-11,2111,SZ,False,华东医药,False
000965.SZ,2018-01-02,2026-09-11,2111,SZ,False,天保基建,False
000966.SZ,2018-01-02,2026-09-11,2111,SZ,False,长源电力,False
000967.SZ,2018-01-02,2026-09-11,2111,SZ,False,盈峰环境,False
000968.SZ,2018-01-02,2026-09-11,2111,SZ,False,蓝焰控股,False
000969.SZ,2018-01-02,2026-09-11,2111,SZ,False,安泰科技,False
000970.SZ,2018-01-02,2026-09-11,2111,SZ,False,中科三环,False
000971.SZ,2018-01-02,2024-07-24,1592,SZ,True,*ST高升,False
000972.SZ,2018-01-02,2026-09-11,2111,SZ,False,中基健康,False
000973.SZ,2018-01-02,2026-09-11,2111,SZ,False,佛塑科技,False
000975.SZ,2018-01-02,2026-09-11,2111,SZ,False,山金国际,False
000976.SZ,2018-01-02,2024-08-27,1616,SZ,True,*ST华铁,False
000977.SZ,2018-01-02,2026-09-11,2111,SZ,False,浪潮信息,False
000978.SZ,2018-01-02,2026-09-11,2111,SZ,False,桂林旅游,False
000979.SZ,2018-01-02,2018-12-28,243,SZ,True,中弘退,True
000980.SZ,2018-01-02,2026-09-11,2111,SZ,False,众泰汽车,False
000981.SZ,2018-01-02,2026-09-11,2111,SZ,False,山子高科,False
000982.SZ,2018-01-02,2024-08-12,1605,SZ,True,中银绒业,False
000983.SZ,2018-01-02,2026-09-11,2111,SZ,False,山西焦煤,False
000985.SZ,2018-01-02,2026-09-11,2111,SZ,False,大庆华科,False
000987.SZ,2018-01-02,2026-09-11,2111,SZ,False,越秀资本,False
000988.SZ,2018-01-02,2026-09-11,2111,SZ,False,华工科技,False
000989.SZ,2018-01-02,2026-09-11,2111,SZ,False,九芝堂,False
000990.SZ,2018-01-02,2026-09-11,2111,SZ,False,诚志股份,False
000993.SZ,2018-01-02,2026-09-11,2111,SZ,False,闽东电力,False
000995.SZ,2018-01-02,2026-09-11,2111,SZ,False,皇台酒业,False
000996.SZ,2018-01-02,2024-06-28,1574,SZ,True,中期退,True
000997.SZ,2018-01-02,2026-09-11,2111,SZ,False,新大陆,False
000998.SZ,2018-01-02,2026-09-11,2111,SZ,False,隆平高科,False
000999.SZ,2018-01-02,2026-09-11,2111,SZ,False,华润三九,False
001201.SZ,2021-04-28,2026-09-11,1305,SZ,False,东瑞股份,False
001202.SZ,2021-04-29,2026-09-11,1304,SZ,False,炬申股份,False
001203.SZ,2021-05-10,2026-09-11,1300,SZ,False,大中矿业,False
001205.SZ,2021-05-13,2026-09-11,1297,SZ,False,盛航股份,False
001206.SZ,2021-05-18,2026-09-11,1294,SZ,False,依依股份,False
001207.SZ,2021-06-23,2026-09-11,1269,SZ,False,联科科技,False
001208.SZ,2021-06-24,2026-09-11,1268,SZ,False,华菱线缆,False
001209.SZ,2021-07-23,2026-09-11,1247,SZ,False,洪兴股份,False
001210.SZ,2021-07-29,2026-09-11,1243,SZ,False,金房能源,False
001211.SZ,2021-08-05,2026-09-11,1238,SZ,False,双枪科技,False
001212.SZ,2021-08-23,2026-09-11,1226,SZ,False,中旗新材,False
001213.SZ,2021-09-08,2026-09-11,1214,SZ,False,中铁特货,False
001215.SZ,2021-09-06,2026-09-11,1216,SZ,False,千味央厨,False
001216.SZ,2021-10-19,2026-09-11,1192,SZ,False,华瓷股份,False
001217.SZ,2021-09-29,2026-09-11,1201,SZ,False,华尔泰,False
001218.SZ,2021-10-15,2026-09-11,1194,SZ,False,丽臣实业,False
001219.SZ,2021-10-21,2026-09-11,1190,SZ,False,青岛食品,False
001220.SZ,2026-02-03,2026-09-11,148,SZ,False,世盟股份,False
001221.SZ,2025-07-30,2026-09-11,274,SZ,False,悍高集团,False
001222.SZ,2022-08-18,2026-09-11,987,SZ,False,源飞宠物,False
001223.SZ,2022-12-12,2026-09-11,911,SZ,False,欧克科技,False
001225.SZ,2023-02-22,2026-09-11,865,SZ,False,和泰机电,False
001226.SZ,2022-06-22,2026-09-11,1028,SZ,False,拓山重工,False
001227.SZ,2022-01-17,2026-09-11,1129,SZ,False,兰州银行,False
001228.SZ,2022-04-29,2026-09-11,1062,SZ,False,永泰运,False
001229.SZ,2022-08-08,2026-09-11,995,SZ,False,魅视科技,False
001230.SZ,2022-07-15,2026-09-11,1011,SZ,False,劲旅环境,False
001231.SZ,2022-08-19,2026-09-11,986,SZ,False,农心科技,False
001232.SZ,2026-08-04,2026-09-11,29,SZ,False,嘉立创,False
001233.SZ,2025-11-25,2026-09-11,196,SZ,False,海安集团,False
001234.SZ,2022-01-11,2026-09-11,1133,SZ,False,泰慕士,False
001236.SZ,2022-08-05,2026-09-11,996,SZ,False,弘业期货,False
001237.SZ,2026-05-22,2026-09-11,80,SZ,False,惠康科技,False
001238.SZ,2022-09-19,2026-09-11,966,SZ,False,浙江正特,False
001239.SZ,2023-12-12,2026-09-11,668,SZ,False,永达股份,False
001248.SZ,2026-07-02,2026-09-11,52,SZ,False,华润新能源,False
001255.SZ,2022-09-30,2026-09-11,957,SZ,False,博菲电气,False
001256.SZ,2022-12-05,2026-09-11,916,SZ,False,炜冈科技,False
001257.SZ,2026-03-31,2026-09-11,114,SZ,False,盛龙股份,False
001258.SZ,2022-07-27,2026-09-11,1003,SZ,False,立新能源,False
001259.SZ,2022-08-31,2026-09-11,978,SZ,False,利仁科技,False
001260.SZ,2023-02-16,2026-09-11,869,SZ,False,坤泰股份,False
001266.SZ,2022-02-28,2026-09-11,1104,SZ,False,宏英智能,False
001267.SZ,2021-11-17,2026-09-11,1171,SZ,False,汇绿生态,False
001268.SZ,2022-06-30,2026-09-11,1022,SZ,False,联合精密,False
001269.SZ,2022-09-30,2026-09-11,957,SZ,False,欧晶科技,False
001270.SZ,2022-06-06,2026-09-11,1040,SZ,False,铖昌科技,False
001277.SZ,2024-09-03,2026-09-11,491,SZ,False,速达股份,False
001278.SZ,2023-03-08,2026-09-11,855,SZ,False,一彬科技,False
001279.SZ,2024-10-11,2026-09-11,470,SZ,False,强邦新材,False
001280.SZ,2025-12-03,2026-09-11,190,SZ,False,中国铀业,False
001282.SZ,2023-05-24,2026-09-11,804,SZ,False,三联锻造,False
001283.SZ,2022-09-05,2026-09-11,975,SZ,False,豪鹏科技,False
001285.SZ,2025-09-30,2026-09-11,230,SZ,False,瑞立科密,False
001286.SZ,2023-04-10,2026-09-11,833,SZ,False,陕西能源,False
001287.SZ,2023-04-10,2026-09-11,833,SZ,False,中电港,False
001288.SZ,2021-11-01,2026-09-11,1183,SZ,False,运机集团,False
001289.SZ,2022-01-24,2026-09-11,1124,SZ,False,龙源电力,False
001296.SZ,2021-12-24,2026-09-11,1144,SZ,False,长江材料,False
001298.SZ,2022-10-31,2026-09-11,941,SZ,False,好上好,False
001299.SZ,2022-10-31,2026-09-11,941,SZ,False,美能能源,False
001300.SZ,2022-10-19,2026-09-11,949,SZ,False,三柏硕,False
001301.SZ,2022-12-28,2026-09-11,899,SZ,False,尚太科技,False
001306.SZ,2023-11-16,2026-09-11,686,SZ,False,夏厦精密,False
001308.SZ,2022-03-18,2026-09-11,1090,SZ,False,康冠科技,False
001309.SZ,2022-07-01,2026-09-11,1021,SZ,False,德明利,False
001311.SZ,2023-02-27,2026-09-11,862,SZ,False,多利科技,False
001312.SZ,2026-04-21,2026-09-11,100,SZ,False,福恩股份,False
001313.SZ,2022-02-16,2026-09-11,1112,SZ,False,粤海饲料,False
001314.SZ,2023-02-14,2026-09-11,871,SZ,False,亿道信息,False
001316.SZ,2022-06-24,2026-09-11,1026,SZ,False,润贝航科,False
001317.SZ,2021-11-30,2026-09-11,1162,SZ,False,三羊马,False
001318.SZ,2022-05-20,2026-09-11,1050,SZ,False,阳光乳业,False
001319.SZ,2022-05-12,2026-09-11,1056,SZ,False,铭科精技,False
001322.SZ,2022-10-26,2026-09-11,944,SZ,False,箭牌家居,False
001323.SZ,2022-06-23,2026-09-11,1027,SZ,False,慕思股份,False
001324.SZ,2023-05-22,2026-09-11,806,SZ,False,长青科技,False
001325.SZ,2025-12-18,2026-09-11,179,SZ,False,元创股份,False
001326.SZ,2023-11-09,2026-09-11,691,SZ,False,联域股份,False
001328.SZ,2023-04-10,2026-09-11,833,SZ,False,登康口腔,False
001330.SZ,2022-08-18,2026-09-11,987,SZ,False,博纳影业,False
001331.SZ,2022-09-08,2026-09-11,972,SZ,False,胜通能源,False
001332.SZ,2022-09-20,2026-09-11,965,SZ,False,锡装股份,False
001333.SZ,2022-12-08,2026-09-11,913,SZ,False,光华股份,False
001335.SZ,2025-04-15,2026-09-11,346,SZ,False,信凯科技,False
001336.SZ,2022-07-25,2026-09-11,1005,SZ,False,楚环科技,False
001337.SZ,2023-03-03,2026-09-11,858,SZ,False,四川黄金,False
001338.SZ,2022-11-16,2026-09-11,929,SZ,False,永顺泰,False
001339.SZ,2022-08-15,2026-09-11,990,SZ,False,智微智能,False
001356.SZ,2025-01-23,2026-09-11,397,SZ,False,富岭股份,False
001358.SZ,2023-12-21,2026-09-11,661,SZ,False,兴欣新材,False
001359.SZ,2024-03-28,2026-09-11,598,SZ,False,平安电工,False
001360.SZ,2023-04-10,2026-09-11,833,SZ,False,南矿集团,False
001365.SZ,2026-05-18,2026-09-11,84,SZ,False,天海电子,False
001366.SZ,2023-03-07,2026-09-11,856,SZ,False,播恩集团,False
001367.SZ,2023-04-10,2026-09-11,833,SZ,False,海森药业,False
001368.SZ,2023-03-13,2026-09-11,852,SZ,False,通达创智,False
001369.SZ,2025-12-30,2026-09-11,171,SZ,False,双欣材料,False
001373.SZ,2023-06-01,2026-09-11,798,SZ,False,翔腾新材,False
001376.SZ,2023-11-03,2026-09-11,695,SZ,False,百通能源,False
001378.SZ,2023-10-30,2026-09-11,699,SZ,False,德冠新材,False
001379.SZ,2024-01-19,2026-09-11,641,SZ,False,腾达科技,False
001380.SZ,2023-05-16,2026-09-11,810,SZ,False,华纬科技,False
001382.SZ,2025-03-21,2026-09-11,362,SZ,False,新亚电缆,False
001386.SZ,2025-10-22,2026-09-11,220,SZ,False,马可波罗,False
001387.SZ,2024-01-11,2026-09-11,647,SZ,False,雪祺电气,False
001388.SZ,2025-07-01,2026-09-11,295,SZ,False,信通电子,False
001389.SZ,2024-04-02,2026-09-11,595,SZ,False,广合科技,False
001390.SZ,2025-05-29,2026-09-11,317,SZ,False,古麒绒材,False
001391.SZ,2024-12-30,2026-09-11,414,SZ,False,国货航,False
001393.SZ,2026-05-15,2026-09-11,85,SZ,False,维通利,False
001395.SZ,2025-01-27,2026-09-11,395,SZ,False,亚联机械,False
001396.SZ,2025-12-30,2026-09-11,171,SZ,False,誉帆科技,False
001399.SZ,2026-06-26,2026-09-11,56,SZ,False,惠科股份,False
001400.SZ,2025-04-24,2026-09-11,339,SZ,False,江顺科技,False
001696.SZ,2018-01-02,2026-09-11,2111,SZ,False,宗申动力,False
001872.SZ,2018-01-02,2026-09-11,2111,SZ,False,招商港口,False
001896.SZ,2018-01-02,2026-09-11,2111,SZ,False,豫能控股,False
001914.SZ,2018-01-02,2026-09-11,2111,SZ,False,招商积余,False
001965.SZ,2018-01-02,2026-09-11,2111,SZ,False,招商公路,False
001979.SZ,2018-01-02,2026-09-11,2111,SZ,False,招商蛇口,False
002001.SZ,2018-01-02,2026-09-11,2111,SZ,False,新和成,False
002002.SZ,2018-01-02,2024-03-18,1506,SZ,True,ST鸿达,False
002003.SZ,2018-01-02,2026-09-11,2111,SZ,False,伟星股份,False
002004.SZ,2018-01-02,2026-09-11,2111,SZ,False,华邦健康,False
002005.SZ,2018-01-02,2026-09-11,2111,SZ,False,德豪润达,False
002006.SZ,2018-01-02,2026-09-11,2111,SZ,False,精工科技,False
002007.SZ,2018-01-02,2026-09-11,2111,SZ,False,华兰生物,False
002008.SZ,2018-01-02,2026-09-11,2111,SZ,False,大族激光,False
002009.SZ,2018-01-02,2026-09-11,2111,SZ,False,天奇股份,False
002010.SZ,2018-01-02,2026-09-11,2111,SZ,False,传化智联,False
002011.SZ,2018-01-02,2026-09-11,2111,SZ,False,盾安环境,False
002012.SZ,2018-01-02,2026-09-11,2111,SZ,False,凯恩股份,False
002013.SZ,2018-01-02,2023-03-17,1264,SZ,True,中航机电,False
002014.SZ,2018-01-02,2026-09-11,2111,SZ,False,永新股份,False
002015.SZ,2018-01-02,2026-09-11,2111,SZ,False,协鑫能科,False
002016.SZ,2018-01-02,2026-09-11,2111,SZ,False,世荣兆业,False
002017.SZ,2018-01-02,2026-09-11,2111,SZ,False,东信和平,False
002018.SZ,2018-01-02,2019-11-01,445,SZ,True,华信退,True
002019.SZ,2018-01-02,2026-09-11,2111,SZ,False,亿帆医药,False
002020.SZ,2018-01-02,2026-09-11,2111,SZ,False,京新药业,False
002021.SZ,2018-01-02,2026-09-11,2111,SZ,False,中捷资源,False
002022.SZ,2018-01-02,2026-09-11,2111,SZ,False,科华生物,False
002023.SZ,2018-01-02,2026-09-11,2111,SZ,False,海特高新,False
002024.SZ,2018-01-02,2026-09-11,2111,SZ,False,ST易购,False
002025.SZ,2018-01-02,2026-09-11,2111,SZ,False,航天电器,False
002026.SZ,2018-01-02,2026-09-11,2111,SZ,False,山东威达,False
002027.SZ,2018-01-02,2026-09-11,2111,SZ,False,分众传媒,False
002028.SZ,2018-01-02,2026-09-11,2111,SZ,False,思源电气,False
002029.SZ,2018-01-02,2026-09-11,2111,SZ,False,七匹狼,False
002030.SZ,2018-01-02,2026-09-11,2111,SZ,False,达安基因,False
002031.SZ,2018-01-02,2026-09-11,2111,SZ,False,巨轮智能,False
002032.SZ,2018-01-02,2026-09-11,2111,SZ,False,苏泊尔,False
002033.SZ,2018-01-02,2026-09-11,2111,SZ,False,丽江股份,False
002034.SZ,2018-01-02,2026-09-11,2111,SZ,False,旺能环境,False
002035.SZ,2018-01-02,2026-09-11,2111,SZ,False,华帝股份,False
002036.SZ,2018-01-02,2026-09-11,2111,SZ,False,联创电子,False
002037.SZ,2018-01-02,2026-09-11,2111,SZ,False,保利联合,False
002038.SZ,2018-01-02,2026-09-11,2111,SZ,False,双鹭药业,False
002039.SZ,2018-01-02,2026-09-11,2111,SZ,False,黔源电力,False
002040.SZ,2018-01-02,2026-09-11,2111,SZ,False,南京港,False
002041.SZ,2018-01-02,2026-09-11,2111,SZ,False,登海种业,False
002042.SZ,2018-01-02,2026-09-11,2111,SZ,False,华孚时尚,False
002043.SZ,2018-01-02,2026-09-11,2111,SZ,False,兔宝宝,False
002044.SZ,2018-01-02,2026-09-11,2111,SZ,False,美年健康,False
002045.SZ,2018-01-02,2026-09-11,2111,SZ,False,国光电器,False
002046.SZ,2018-01-02,2026-09-11,2111,SZ,False,国机精工,False
002047.SZ,2018-01-02,2026-09-11,2111,SZ,False,宝鹰股份,False
002048.SZ,2018-01-02,2026-09-11,2111,SZ,False,宁波华翔,False
002049.SZ,2018-01-02,2026-09-11,2111,SZ,False,紫光国微,False
002050.SZ,2018-01-02,2026-09-11,2111,SZ,False,三花智控,False
002051.SZ,2018-01-02,2026-09-11,2111,SZ,False,中工国际,False
002052.SZ,2018-01-02,2026-09-11,2111,SZ,False,同洲电子,False
002053.SZ,2018-01-02,2026-09-11,2111,SZ,False,云南能投,False
002054.SZ,2018-01-02,2026-09-11,2111,SZ,False,德美化工,False
002055.SZ,2018-01-02,2026-09-11,2111,SZ,False,ST得润,False
002056.SZ,2018-01-02,2026-09-11,2111,SZ,False,横店东磁,False
002057.SZ,2018-01-02,2026-09-11,2111,SZ,False,中钢天源,False
002058.SZ,2018-01-02,2026-09-11,2111,SZ,False,紫竹高科,False
002059.SZ,2018-01-02,2026-09-11,2111,SZ,False,云南旅游,False
002060.SZ,2018-01-02,2026-09-11,2111,SZ,False,广东建工,False
002061.SZ,2018-01-02,2026-09-11,2111,SZ,False,浙江交科,False
002062.SZ,2018-01-02,2026-09-11,2111,SZ,False,宏润建设,False
002063.SZ,2018-01-02,2026-09-11,2111,SZ,False,远光软件,False
002064.SZ,2018-01-02,2026-09-11,2111,SZ,False,华峰化学,False
002065.SZ,2018-01-02,2026-09-11,2111,SZ,False,东华软件,False
002066.SZ,2018-01-02,2026-09-11,2111,SZ,False,瑞泰科技,False
002067.SZ,2018-01-02,2026-09-11,2111,SZ,False,景兴纸业,False
002068.SZ,2018-01-02,2026-09-11,2111,SZ,False,黑猫股份,False
002069.SZ,2018-01-02,2026-09-11,2111,SZ,False,獐子岛,False
002070.SZ,2018-01-02,2019-07-09,368,SZ,True,众和退,True
002071.SZ,2018-01-02,2021-05-07,811,SZ,True,长城退,True
002072.SZ,2018-01-02,2026-09-11,2111,SZ,False,凯瑞德,False
002073.SZ,2018-01-02,2026-09-11,2111,SZ,False,软控股份,False
002074.SZ,2018-01-02,2026-09-11,2111,SZ,False,国轩高科,False
002075.SZ,2018-01-02,2026-09-11,2111,SZ,False,沙钢股份,False
002076.SZ,2018-01-02,2026-09-11,2111,SZ,False,星光股份,False
002077.SZ,2018-01-02,2026-09-11,2111,SZ,False,大港股份,False
002078.SZ,2018-01-02,2026-09-11,2111,SZ,False,太阳纸业,False
002079.SZ,2018-01-02,2026-09-11,2111,SZ,False,苏州固锝,False
002080.SZ,2018-01-02,2026-09-11,2111,SZ,False,中材科技,False
002081.SZ,2018-01-02,2026-09-11,2111,SZ,False,金螳螂,False
002082.SZ,2018-01-02,2026-09-11,2111,SZ,False,ST万邦,False
002083.SZ,2018-01-02,2026-09-11,2111,SZ,False,孚日股份,False
002084.SZ,2018-01-02,2026-09-11,2111,SZ,False,海鸥住工,False
002085.SZ,2018-01-02,2026-09-11,2111,SZ,False,万丰奥威,False
002086.SZ,2018-01-02,2026-09-11,2111,SZ,False,东方海洋,False
002087.SZ,2018-01-02,2024-06-28,1574,SZ,True,新纺退,True
002088.SZ,2018-01-02,2026-09-11,2111,SZ,False,鲁阳节能,False
002089.SZ,2018-01-02,2024-04-18,1527,SZ,True,新海退,True
002090.SZ,2018-01-02,2026-09-11,2111,SZ,False,金智科技,False
002091.SZ,2018-01-02,2026-09-11,2111,SZ,False,江苏国泰,False
002092.SZ,2018-01-02,2026-09-11,2111,SZ,False,中泰化学,False
002093.SZ,2018-01-02,2026-09-11,2111,SZ,False,国脉科技,False
002094.SZ,2018-01-02,2026-09-11,2111,SZ,False,青岛金王,False
002095.SZ,2018-01-02,2026-09-11,2111,SZ,False,生意宝,False
002096.SZ,2018-01-02,2026-09-11,2111,SZ,False,易普力,False
002097.SZ,2018-01-02,2026-09-11,2111,SZ,False,山河智能,False
002098.SZ,2018-01-02,2026-09-11,2111,SZ,False,浔兴股份,False
002099.SZ,2018-01-02,2026-09-11,2111,SZ,False,海翔药业,False
002100.SZ,2018-01-02,2026-09-11,2111,SZ,False,天康生物,False
002101.SZ,2018-01-02,2026-09-11,2111,SZ,False,广东鸿图,False
002102.SZ,2018-01-02,2026-09-11,2111,SZ,False,ST能特,False
002103.SZ,2018-01-02,2026-09-11,2111,SZ,False,广博股份,False
002104.SZ,2018-01-02,2026-09-11,2111,SZ,False,恒宝股份,False
002105.SZ,2018-01-02,2026-09-11,2111,SZ,False,信隆健康,False
002106.SZ,2018-01-02,2026-09-11,2111,SZ,False,莱宝高科,False
002107.SZ,2018-01-02,2026-09-11,2111,SZ,False,沃华医药,False
002108.SZ,2018-01-02,2026-09-11,2111,SZ,False,沧州明珠,False
002109.SZ,2018-01-02,2026-09-11,2111,SZ,False,ST兴化,False
002110.SZ,2018-01-02,2026-09-11,2111,SZ,False,三钢闽光,False
002111.SZ,2018-01-02,2026-09-11,2111,SZ,False,威海广泰,False
002112.SZ,2018-01-02,2026-09-11,2111,SZ,False,三变科技,False
002113.SZ,2018-01-02,2023-08-11,1363,SZ,True,*ST天润,False
002114.SZ,2018-01-02,2026-09-11,2111,SZ,False,罗平锌电,False
002115.SZ,2018-01-02,2026-09-11,2111,SZ,False,三维通信,False
002116.SZ,2018-01-02,2026-09-11,2111,SZ,False,中国海诚,False
002117.SZ,2018-01-02,2026-09-11,2111,SZ,False,东港股份,False
002118.SZ,2018-01-02,2023-08-04,1358,SZ,True,*ST紫鑫,False
002119.SZ,2018-01-02,2026-09-11,2111,SZ,False,康强电子,False
002120.SZ,2018-01-02,2026-09-11,2111,SZ,False,韵达股份,False
002121.SZ,2018-01-02,2026-09-11,2111,SZ,False,科陆电子,False
002122.SZ,2018-01-02,2026-09-11,2111,SZ,False,ST汇洲,False
002123.SZ,2018-01-02,2026-09-11,2111,SZ,False,梦网科技,False
002124.SZ,2018-01-02,2026-09-11,2111,SZ,False,天邦食品,False
002125.SZ,2018-01-02,2026-09-11,2111,SZ,False,湘潭电化,False
002126.SZ,2018-01-02,2026-09-11,2111,SZ,False,银轮股份,False
002127.SZ,2018-01-02,2026-09-11,2111,SZ,False,南极电商,False
002128.SZ,2018-01-02,2026-09-11,2111,SZ,False,电投能源,False
002129.SZ,2018-01-02,2026-09-11,2111,SZ,False,TCL中环,False
002130.SZ,2018-01-02,2026-09-11,2111,SZ,False,沃尔核材,False
002131.SZ,2018-01-02,2026-09-11,2111,SZ,False,利欧股份,False
002132.SZ,2018-01-02,2026-09-11,2111,SZ,False,恒星科技,False
002133.SZ,2018-01-02,2026-09-11,2111,SZ,False,广宇集团,False
002134.SZ,2018-01-02,2026-09-11,2111,SZ,False,天津普林,False
002135.SZ,2018-01-02,2026-09-11,2111,SZ,False,东南网架,False
002136.SZ,2018-01-02,2026-09-11,2111,SZ,False,安纳达,False
002137.SZ,2018-01-02,2026-09-11,2111,SZ,False,实益达,False
002138.SZ,2018-01-02,2026-09-11,2111,SZ,False,顺络电子,False
002139.SZ,2018-01-02,2026-09-11,2111,SZ,False,拓邦股份,False
002140.SZ,2018-01-02,2026-09-11,2111,SZ,False,东华科技,False
002141.SZ,2018-01-02,2026-09-11,2111,SZ,False,贤丰控股,False
002142.SZ,2018-01-02,2026-09-11,2111,SZ,False,宁波银行,False
002143.SZ,2018-01-02,2019-11-29,465,SZ,True,印纪退,True
002144.SZ,2018-01-02,2026-09-11,2111,SZ,False,宏达高科,False
002145.SZ,2018-01-02,2026-09-11,2111,SZ,False,钛能化学,False
002146.SZ,2018-01-02,2026-09-11,2111,SZ,False,荣盛发展,False
002147.SZ,2018-01-02,2022-06-23,1085,SZ,True,新光退,True
002148.SZ,2018-01-02,2026-09-11,2111,SZ,False,北纬科技,False
002149.SZ,2018-01-02,2026-09-11,2111,SZ,False,西部材料,False
002150.SZ,2018-01-02,2026-09-11,2111,SZ,False,正泰电源,False
002151.SZ,2018-01-02,2026-09-11,2111,SZ,False,北斗星通,False
002152.SZ,2018-01-02,2026-09-11,2111,SZ,False,广电运通,False
002153.SZ,2018-01-02,2026-09-11,2111,SZ,False,石基信息,False
002154.SZ,2018-01-02,2026-09-11,2111,SZ,False,报喜鸟,False
002155.SZ,2018-01-02,2026-09-11,2111,SZ,False,湖南黄金,False
002156.SZ,2018-01-02,2026-09-11,2111,SZ,False,通富微电,False
002157.SZ,2018-01-02,2026-09-11,2111,SZ,False,正邦科技,False
002158.SZ,2018-01-02,2026-09-11,2111,SZ,False,汉钟精机,False
002159.SZ,2018-01-02,2026-09-11,2111,SZ,False,三特索道,False
002160.SZ,2018-01-02,2026-09-11,2111,SZ,False,常铝股份,False
002161.SZ,2018-01-02,2026-09-11,2111,SZ,False,远望谷,False
002162.SZ,2018-01-02,2026-09-11,2111,SZ,False,悦心健康,False
002163.SZ,2018-01-02,2026-09-11,2111,SZ,False,海南发展,False
002164.SZ,2018-01-02,2026-09-11,2111,SZ,False,宁波东力,False
002165.SZ,2018-01-02,2026-09-11,2111,SZ,False,红宝丽,False
002166.SZ,2018-01-02,2026-09-11,2111,SZ,False,莱茵生物,False
002167.SZ,2018-01-02,2026-09-11,2111,SZ,False,东方锆业,False
002168.SZ,2018-01-02,2026-09-11,2111,SZ,False,ST惠程,False
002169.SZ,2018-01-02,2026-09-11,2111,SZ,False,智光电气,False
002170.SZ,2018-01-02,2026-09-11,2111,SZ,False,芭田股份,False
002171.SZ,2018-01-02,2026-09-11,2111,SZ,False,楚江新材,False
002172.SZ,2018-01-02,2026-09-11,2111,SZ,False,澳洋健康,False
002173.SZ,2018-01-02,2026-09-11,2111,SZ,False,创新医疗,False
002174.SZ,2018-01-02,2026-09-11,2111,SZ,False,游族网络,False
002175.SZ,2018-01-02,2026-09-11,2111,SZ,False,*ST东智,False
002176.SZ,2018-01-02,2026-09-11,2111,SZ,False,江特电机,False
002177.SZ,2018-01-02,2026-09-11,2111,SZ,False,御银股份,False
002178.SZ,2018-01-02,2026-09-11,2111,SZ,False,延华智能,False
002179.SZ,2018-01-02,2026-09-11,2111,SZ,False,中航光电,False
002180.SZ,2018-01-02,2026-09-11,2111,SZ,False,奔图科技,False
002181.SZ,2018-01-02,2026-09-11,2111,SZ,False,粤传媒,False
002182.SZ,2018-01-02,2026-09-11,2111,SZ,False,宝武镁业,False
002183.SZ,2018-01-02,2026-09-11,2111,SZ,False,怡亚通,False
002184.SZ,2018-01-02,2026-09-11,2111,SZ,False,海得控制,False
002185.SZ,2018-01-02,2026-09-11,2111,SZ,False,华天科技,False
002186.SZ,2018-01-02,2026-09-11,2111,SZ,False,全聚德,False
002187.SZ,2018-01-02,2026-09-11,2111,SZ,False,广百股份,False
002188.SZ,2018-01-02,2026-09-11,2111,SZ,False,中天服务,False
002189.SZ,2018-01-02,2026-09-11,2111,SZ,False,中光学,False
002190.SZ,2018-01-02,2026-09-11,2111,SZ,False,成飞集成,False
002191.SZ,2018-01-02,2026-09-11,2111,SZ,False,劲嘉股份,False
002192.SZ,2018-01-02,2026-09-11,2111,SZ,False,融捷股份,False
002193.SZ,2018-01-02,2026-09-11,2111,SZ,False,ST如意,False
002194.SZ,2018-01-02,2026-09-11,2111,SZ,False,武汉凡谷,False
002195.SZ,2018-01-02,2026-09-11,2111,SZ,False,岩山科技,False
002196.SZ,2018-01-02,2026-09-11,2111,SZ,False,方正电机,False
002197.SZ,2018-01-02,2026-09-11,2111,SZ,False,证通电子,False
002198.SZ,2018-01-02,2026-09-11,2111,SZ,False,ST嘉应,False
002199.SZ,2018-01-02,2026-09-11,2111,SZ,False,东晶电子,False
002200.SZ,2018-01-02,2026-09-11,2111,SZ,False,交投生态,False
002201.SZ,2018-01-02,2026-09-11,2111,SZ,False,九鼎新材,False
002202.SZ,2018-01-02,2026-09-11,2111,SZ,False,金风科技,False
002203.SZ,2018-01-02,2026-09-11,2111,SZ,False,海亮股份,False
002204.SZ,2018-01-02,2026-09-11,2111,SZ,False,大连重工,False
002205.SZ,2018-01-02,2026-09-11,2111,SZ,False,国统股份,False
002206.SZ,2018-01-02,2026-09-11,2111,SZ,False,海利得,False
002207.SZ,2018-01-02,2026-09-11,2111,SZ,False,*ST准油,False
002208.SZ,2018-01-02,2026-09-11,2111,SZ,False,合肥城建,False
002209.SZ,2018-01-02,2026-09-11,2111,SZ,False,达意隆,False
002210.SZ,2018-01-02,2026-09-11,2111,SZ,False,飞马国际,False
002211.SZ,2018-01-02,2026-09-11,2111,SZ,False,ST宏达,False
002212.SZ,2018-01-02,2026-09-11,2111,SZ,False,天融信,False
002213.SZ,2018-01-02,2026-09-11,2111,SZ,False,大为股份,False
002214.SZ,2018-01-02,2026-09-11,2111,SZ,False,大立科技,False
002215.SZ,2018-01-02,2026-09-11,2111,SZ,False,诺普信,False
002216.SZ,2018-01-02,2026-09-11,2111,SZ,False,三全食品,False
002217.SZ,2018-01-02,2026-09-11,2111,SZ,False,ST合力泰,False
002218.SZ,2018-01-02,2026-09-11,2111,SZ,False,拓日新能,False
002219.SZ,2018-01-02,2026-09-11,2111,SZ,False,新里程,False
002220.SZ,2018-01-02,2020-08-11,634,SZ,True,天宝退,True
002221.SZ,2018-01-02,2026-09-11,2111,SZ,False,东华能源,False
002222.SZ,2018-01-02,2026-09-11,2111,SZ,False,福晶科技,False
002223.SZ,2018-01-02,2026-09-11,2111,SZ,False,鱼跃医疗,False
002224.SZ,2018-01-02,2026-09-11,2111,SZ,False,三力士,False
002225.SZ,2018-01-02,2026-09-11,2111,SZ,False,濮耐股份,False
002226.SZ,2018-01-02,2026-09-11,2111,SZ,False,江南化工,False
002227.SZ,2018-01-02,2026-09-11,2111,SZ,False,*ST特迅,False
002228.SZ,2018-01-02,2026-09-11,2111,SZ,False,合兴包装,False
002229.SZ,2018-01-02,2026-09-11,2111,SZ,False,鸿博股份,False
002230.SZ,2018-01-02,2026-09-11,2111,SZ,False,科大讯飞,False
002231.SZ,2018-01-02,2026-03-26,1995,SZ,True,*ST奥维,False
002232.SZ,2018-01-02,2026-09-11,2111,SZ,False,启明信息,False
002233.SZ,2018-01-02,2026-09-11,2111,SZ,False,塔牌集团,False
002234.SZ,2018-01-02,2026-09-11,2111,SZ,False,民和股份,False
002235.SZ,2018-01-02,2026-09-11,2111,SZ,False,安妮股份,False
002236.SZ,2018-01-02,2026-09-11,2111,SZ,False,大华股份,False
002237.SZ,2018-01-02,2026-09-11,2111,SZ,False,恒邦股份,False
002238.SZ,2018-01-02,2026-09-11,2111,SZ,False,天威视讯,False
002239.SZ,2018-01-02,2026-09-11,2111,SZ,False,奥特佳,False
002240.SZ,2018-01-02,2026-09-11,2111,SZ,False,盛新锂能,False
002241.SZ,2018-01-02,2026-09-11,2111,SZ,False,歌尔股份,False
002242.SZ,2018-01-02,2026-09-11,2111,SZ,False,九阳股份,False
002243.SZ,2018-01-02,2026-09-11,2111,SZ,False,力合科创,False
002244.SZ,2018-01-02,2026-09-11,2111,SZ,False,滨江集团,False
002245.SZ,2018-01-02,2026-09-11,2111,SZ,False,蔚蓝锂芯,False
002246.SZ,2018-01-02,2026-09-11,2111,SZ,False,北化股份,False
002247.SZ,2018-01-02,2026-09-11,2111,SZ,False,聚力文化,False
002248.SZ,2018-01-02,2026-09-11,2111,SZ,False,华东数控,False
002249.SZ,2018-01-02,2026-09-11,2111,SZ,False,大洋电机,False
002250.SZ,2018-01-02,2026-09-11,2111,SZ,False,联化科技,False
002251.SZ,2018-01-02,2026-09-11,2111,SZ,False,步步高,False
002252.SZ,2018-01-02,2026-09-11,2111,SZ,False,上海莱士,False
002253.SZ,2018-01-02,2026-09-11,2111,SZ,False,川大智胜,False
002254.SZ,2018-01-02,2026-09-11,2111,SZ,False,泰和新材,False
002255.SZ,2018-01-02,2026-09-11,2111,SZ,False,海陆重工,False
002256.SZ,2018-01-02,2026-09-11,2111,SZ,False,兆新股份,False
002258.SZ,2018-01-02,2026-09-11,2111,SZ,False,利尔化学,False
002259.SZ,2018-01-02,2026-09-11,2111,SZ,False,升达林业,False
002260.SZ,2018-01-02,2022-06-17,1081,SZ,True,德奥退,True
002261.SZ,2018-01-02,2026-09-11,2111,SZ,False,拓维信息,False
002262.SZ,2018-01-02,2026-09-11,2111,SZ,False,恩华药业,False
002263.SZ,2018-01-02,2026-09-11,2111,SZ,False,大东南,False
002264.SZ,2018-01-02,2026-09-11,2111,SZ,False,新华都,False
002265.SZ,2018-01-02,2026-09-11,2111,SZ,False,建设工业,False
002266.SZ,2018-01-02,2026-09-11,2111,SZ,False,浙富控股,False
002267.SZ,2018-01-02,2026-09-11,2111,SZ,False,陕天然气,False
002268.SZ,2018-01-02,2026-09-11,2111,SZ,False,电科网安,False
002269.SZ,2018-01-02,2026-09-11,2111,SZ,False,美邦服饰,False
002270.SZ,2018-01-02,2026-09-11,2111,SZ,False,华明装备,False
002271.SZ,2018-01-02,2026-09-11,2111,SZ,False,东方雨虹,False
002272.SZ,2018-01-02,2026-09-11,2111,SZ,False,川润股份,False
002273.SZ,2018-01-02,2026-09-11,2111,SZ,False,水晶光电,False
002274.SZ,2018-01-02,2026-09-11,2111,SZ,False,华昌化工,False
002275.SZ,2018-01-02,2026-09-11,2111,SZ,False,桂林三金,False
002276.SZ,2018-01-02,2026-09-11,2111,SZ,False,万马股份,False
002277.SZ,2018-01-02,2026-09-11,2111,SZ,False,友阿股份,False
002278.SZ,2018-01-02,2026-09-11,2111,SZ,False,神开股份,False
002279.SZ,2018-01-02,2026-09-11,2111,SZ,False,久其软件,False
002280.SZ,2018-01-02,2024-08-16,1609,SZ,True,ST联络,False
002281.SZ,2018-01-02,2026-09-11,2111,SZ,False,光迅科技,False
002282.SZ,2018-01-02,2026-09-11,2111,SZ,False,博深股份,False
002283.SZ,2018-01-02,2026-09-11,2111,SZ,False,天润工业,False
002284.SZ,2018-01-02,2026-09-11,2111,SZ,False,亚太股份,False
002285.SZ,2018-01-02,2026-09-11,2111,SZ,False,世联行,False
002286.SZ,2018-01-02,2026-09-11,2111,SZ,False,保龄宝,False
002287.SZ,2018-01-02,2026-09-11,2111,SZ,False,奇正藏药,False
002288.SZ,2018-01-02,2024-08-19,1610,SZ,True,*ST超华,False
002289.SZ,2018-01-02,2026-09-11,2111,SZ,False,宇顺电子,False
002290.SZ,2018-01-02,2026-09-11,2111,SZ,False,禾盛新材,False
002291.SZ,2018-01-02,2026-09-11,2111,SZ,False,遥望科技,False
002292.SZ,2018-01-02,2026-09-11,2111,SZ,False,奥飞娱乐,False
002293.SZ,2018-01-02,2026-09-11,2111,SZ,False,罗莱生活,False
002294.SZ,2018-01-02,2026-09-11,2111,SZ,False,信立泰,False
002295.SZ,2018-01-02,2026-09-11,2111,SZ,False,精艺股份,False
002296.SZ,2018-01-02,2026-09-11,2111,SZ,False,辉煌科技,False
002297.SZ,2018-01-02,2026-09-11,2111,SZ,False,博云新材,False
002298.SZ,2018-01-02,2026-09-11,2111,SZ,False,中电鑫龙,False
002299.SZ,2018-01-02,2026-09-11,2111,SZ,False,圣农发展,False
002300.SZ,2018-01-02,2026-09-11,2111,SZ,False,太阳电缆,False
002301.SZ,2018-01-02,2026-09-11,2111,SZ,False,齐心集团,False
002302.SZ,2018-01-02,2026-09-11,2111,SZ,False,西部建设,False
002303.SZ,2018-01-02,2026-09-11,2111,SZ,False,美盈森,False
002304.SZ,2018-01-02,2026-09-11,2111,SZ,False,洋河股份,False
002305.SZ,2018-01-02,2026-09-11,2111,SZ,False,*ST南置,False
002306.SZ,2018-01-02,2026-09-11,2111,SZ,False,ST云网,False
002307.SZ,2018-01-02,2026-09-11,2111,SZ,False,北新路桥,False
002308.SZ,2018-01-02,2024-09-27,1637,SZ,True,*ST威创,False
002309.SZ,2018-01-02,2026-09-11,2111,SZ,False,中利集团,False
002310.SZ,2018-01-02,2026-09-11,2111,SZ,False,东方新能,False
002311.SZ,2018-01-02,2026-09-11,2111,SZ,False,海大集团,False
002312.SZ,2018-01-02,2026-09-11,2111,SZ,False,川发龙蟒,False
002313.SZ,2018-01-02,2026-09-11,2111,SZ,False,日海智能,False
002314.SZ,2018-01-02,2026-09-11,2111,SZ,False,南山控股,False
002315.SZ,2018-01-02,2026-09-11,2111,SZ,False,焦点科技,False
002316.SZ,2018-01-02,2026-09-11,2111,SZ,False,亚联发展,False
002317.SZ,2018-01-02,2026-09-11,2111,SZ,False,众生药业,False
002318.SZ,2018-01-02,2026-09-11,2111,SZ,False,久立特材,False
002319.SZ,2018-01-02,2026-09-11,2111,SZ,False,乐通股份,False
002320.SZ,2018-01-02,2026-09-11,2111,SZ,False,海峡股份,False
002321.SZ,2018-01-02,2026-09-11,2111,SZ,False,华英农业,False
002322.SZ,2018-01-02,2026-09-11,2111,SZ,False,理工能科,False
002323.SZ,2018-01-02,2026-09-11,2111,SZ,False,*ST雅博,False
002324.SZ,2018-01-02,2026-09-11,2111,SZ,False,普利特,False
002325.SZ,2018-01-02,2024-08-15,1608,SZ,True,*ST洪涛,False
002326.SZ,2018-01-02,2026-09-11,2111,SZ,False,永太科技,False
002327.SZ,2018-01-02,2026-09-11,2111,SZ,False,富安娜,False
002328.SZ,2018-01-02,2026-09-11,2111,SZ,False,新朋股份,False
002329.SZ,2018-01-02,2026-09-11,2111,SZ,False,皇氏集团,False
002330.SZ,2018-01-02,2026-09-11,2111,SZ,False,得利斯,False
002331.SZ,2018-01-02,2026-09-11,2111,SZ,False,皖通科技,False
002332.SZ,2018-01-02,2026-09-11,2111,SZ,False,仙琚制药,False
002333.SZ,2018-01-02,2026-09-11,2111,SZ,False,罗普斯金,False
002334.SZ,2018-01-02,2026-09-11,2111,SZ,False,英威腾,False
002335.SZ,2018-01-02,2026-09-11,2111,SZ,False,科华数据,False
002336.SZ,2018-01-02,2025-07-03,1819,SZ,True,人乐退,True
002337.SZ,2018-01-02,2026-09-11,2111,SZ,False,赛象科技,False
002338.SZ,2018-01-02,2026-09-11,2111,SZ,False,奥普光电,False
002339.SZ,2018-01-02,2026-09-11,2111,SZ,False,积成电子,False
002340.SZ,2018-01-02,2026-09-11,2111,SZ,False,格林美,False
002341.SZ,2018-01-02,2024-08-23,1614,SZ,True,ST新纶,False
002342.SZ,2018-01-02,2026-09-11,2111,SZ,False,巨力索具,False
002343.SZ,2018-01-02,2026-09-11,2111,SZ,False,慈文传媒,False
002344.SZ,2018-01-02,2026-09-11,2111,SZ,False,海宁皮城,False
002345.SZ,2018-01-02,2026-09-11,2111,SZ,False,潮宏基,False
002346.SZ,2018-01-02,2026-09-11,2111,SZ,False,柘中股份,False
002347.SZ,2018-01-02,2026-09-11,2111,SZ,False,泰尔股份,False
002348.SZ,2018-01-02,2026-09-11,2111,SZ,False,高乐股份,False
002349.SZ,2018-01-02,2026-09-11,2111,SZ,False,精华制药,False
002350.SZ,2018-01-02,2026-09-11,2111,SZ,False,北京科锐,False
002351.SZ,2018-01-02,2026-09-11,2111,SZ,False,漫步者,False
002352.SZ,2018-01-02,2026-09-11,2111,SZ,False,顺丰控股,False
002353.SZ,2018-01-02,2026-09-11,2111,SZ,False,杰瑞股份,False
002354.SZ,2018-01-02,2026-09-11,2111,SZ,False,天娱数科,False
002355.SZ,2018-01-02,2026-09-11,2111,SZ,False,兴民智通,False
002356.SZ,2018-01-02,2026-09-11,2111,SZ,False,鹏飞绿能,False
002357.SZ,2018-01-02,2026-09-11,2111,SZ,False,富临运业,False
002358.SZ,2018-01-02,2026-09-11,2111,SZ,False,森源电气,False
002359.SZ,2018-01-02,2021-07-23,865,SZ,True,北讯退,True
002360.SZ,2018-01-02,2026-09-11,2111,SZ,False,ST同德,False
002361.SZ,2018-01-02,2026-09-11,2111,SZ,False,神剑股份,False
002362.SZ,2018-01-02,2026-09-11,2111,SZ,False,汉王科技,False
002363.SZ,2018-01-02,2026-09-11,2111,SZ,False,隆基机械,False
002364.SZ,2018-01-02,2026-09-11,2111,SZ,False,中恒电气,False
002365.SZ,2018-01-02,2026-09-11,2111,SZ,False,永安药业,False
002366.SZ,2018-01-02,2026-09-11,2111,SZ,False,融发核电,False
002367.SZ,2018-01-02,2026-09-11,2111,SZ,False,康力电梯,False
002368.SZ,2018-01-02,2026-09-11,2111,SZ,False,太极股份,False
002369.SZ,2018-01-02,2026-09-11,2111,SZ,False,卓翼科技,False
002370.SZ,2018-01-02,2026-09-11,2111,SZ,False,亚太药业,False
002371.SZ,2018-01-02,2026-09-11,2111,SZ,False,北方华创,False
002372.SZ,2018-01-02,2026-09-11,2111,SZ,False,伟星新材,False
002373.SZ,2018-01-02,2026-09-11,2111,SZ,False,千方科技,False
002374.SZ,2018-01-02,2026-09-11,2111,SZ,False,中锐股份,False
002375.SZ,2018-01-02,2026-09-11,2111,SZ,False,亚厦股份,False
002376.SZ,2018-01-02,2026-09-11,2111,SZ,False,新北洋,False
002377.SZ,2018-01-02,2026-09-11,2111,SZ,False,国创高新,False
002378.SZ,2018-01-02,2026-09-11,2111,SZ,False,章源钨业,False
002379.SZ,2018-01-02,2026-09-11,2111,SZ,False,宏桥控股,False
002380.SZ,2018-01-02,2026-09-11,2111,SZ,False,科远智慧,False
002381.SZ,2018-01-02,2026-09-11,2111,SZ,False,双箭股份,False
002382.SZ,2018-01-02,2026-09-11,2111,SZ,False,蓝帆医疗,False
002383.SZ,2018-01-02,2026-09-11,2111,SZ,False,合众思壮,False
002384.SZ,2018-01-02,2026-09-11,2111,SZ,False,东山精密,False
002385.SZ,2018-01-02,2026-09-11,2111,SZ,False,大北农,False
002386.SZ,2018-01-02,2026-09-11,2111,SZ,False,天原股份,False
002387.SZ,2018-01-02,2026-09-11,2111,SZ,False,维信诺,False
002388.SZ,2018-01-02,2026-09-11,2111,SZ,False,新亚制程,False
002389.SZ,2018-01-02,2026-09-11,2111,SZ,False,航天彩虹,False
002390.SZ,2018-01-02,2026-09-11,2111,SZ,False,信邦制药,False
002391.SZ,2018-01-02,2026-09-11,2111,SZ,False,长青股份,False
002392.SZ,2018-01-02,2026-09-11,2111,SZ,False,北京利尔,False
002393.SZ,2018-01-02,2026-09-11,2111,SZ,False,力生制药,False
002394.SZ,2018-01-02,2026-09-11,2111,SZ,False,联发股份,False
002395.SZ,2018-01-02,2026-09-11,2111,SZ,False,双象股份,False
002396.SZ,2018-01-02,2026-09-11,2111,SZ,False,星网锐捷,False
002397.SZ,2018-01-02,2026-09-11,2111,SZ,False,梦洁股份,False
002398.SZ,2018-01-02,2026-09-11,2111,SZ,False,垒知集团,False
002399.SZ,2018-01-02,2026-09-11,2111,SZ,False,海普瑞,False
002400.SZ,2018-01-02,2026-09-11,2111,SZ,False,省广集团,False
002401.SZ,2018-01-02,2026-09-11,2111,SZ,False,中远海科,False
002402.SZ,2018-01-02,2026-09-11,2111,SZ,False,和而泰,False
002403.SZ,2018-01-02,2026-09-11,2111,SZ,False,爱仕达,False
002404.SZ,2018-01-02,2026-09-11,2111,SZ,False,嘉欣丝绸,False
002405.SZ,2018-01-02,2026-09-11,2111,SZ,False,四维图新,False
002406.SZ,2018-01-02,2026-09-11,2111,SZ,False,远东传动,False
002407.SZ,2018-01-02,2026-09-11,2111,SZ,False,多氟多,False
002408.SZ,2018-01-02,2026-09-11,2111,SZ,False,齐翔腾达,False
002409.SZ,2018-01-02,2026-09-11,2111,SZ,False,雅克科技,False
002410.SZ,2018-01-02,2026-09-11,2111,SZ,False,广联达,False
002411.SZ,2018-01-02,2023-07-12,1341,SZ,True,必康退,True
002412.SZ,2018-01-02,2026-09-11,2111,SZ,False,汉森制药,False
002413.SZ,2018-01-02,2026-09-11,2111,SZ,False,雷科防务,False
002414.SZ,2018-01-02,2026-09-11,2111,SZ,False,高德红外,False
002415.SZ,2018-01-02,2026-09-11,2111,SZ,False,海康威视,False
002416.SZ,2018-01-02,2026-09-11,2111,SZ,False,爱施德,False
002417.SZ,2018-01-02,2023-07-10,1339,SZ,True,深南退,True
002418.SZ,2018-01-02,2026-09-11,2111,SZ,False,康盛股份,False
002419.SZ,2018-01-02,2026-09-11,2111,SZ,False,天虹股份,False
002420.SZ,2018-01-02,2026-09-11,2111,SZ,False,毅昌科技,False
002421.SZ,2018-01-02,2026-09-11,2111,SZ,False,达实智能,False
002422.SZ,2018-01-02,2026-09-11,2111,SZ,False,科伦药业,False
002423.SZ,2018-01-02,2026-09-11,2111,SZ,False,中粮资本,False
002424.SZ,2018-01-02,2026-09-11,2111,SZ,False,ST百灵,False
002425.SZ,2018-01-02,2026-09-11,2111,SZ,False,凯撒文化,False
002426.SZ,2018-01-02,2026-09-11,2111,SZ,False,胜利精密,False
002427.SZ,2018-01-02,2026-09-11,2111,SZ,False,尤夫股份,False
002428.SZ,2018-01-02,2026-09-11,2111,SZ,False,云南锗业,False
002429.SZ,2018-01-02,2026-09-11,2111,SZ,False,兆驰股份,False
002430.SZ,2018-01-02,2026-09-11,2111,SZ,False,杭氧股份,False
002431.SZ,2018-01-02,2026-09-11,2111,SZ,False,ST棕榈,False
002432.SZ,2018-01-02,2026-09-11,2111,SZ,False,九安医疗,False
002433.SZ,2018-01-02,2024-07-05,1579,SZ,True,太安退,True
002434.SZ,2018-01-02,2026-09-11,2111,SZ,False,万里扬,False
002435.SZ,2018-01-02,2024-08-15,1608,SZ,True,ST长康,False
002436.SZ,2018-01-02,2026-09-11,2111,SZ,False,兴森科技,False
002437.SZ,2018-01-02,2026-09-11,2111,SZ,False,誉衡药业,False
002438.SZ,2018-01-02,2026-09-11,2111,SZ,False,江苏神通,False
002439.SZ,2018-01-02,2026-09-11,2111,SZ,False,启明星辰,False
002440.SZ,2018-01-02,2026-09-11,2111,SZ,False,闰土股份,False
002441.SZ,2018-01-02,2026-09-11,2111,SZ,False,众业达,False
002442.SZ,2018-01-02,2026-09-11,2111,SZ,False,龙星科技,False
002443.SZ,2018-01-02,2026-09-11,2111,SZ,False,金洲管道,False
002444.SZ,2018-01-02,2026-09-11,2111,SZ,False,巨星科技,False
002445.SZ,2018-01-02,2026-09-11,2111,SZ,False,中南文化,False
002446.SZ,2018-01-02,2026-09-11,2111,SZ,False,盛路通信,False
002447.SZ,2018-01-02,2022-06-27,1087,SZ,True,晨鑫退,True
002448.SZ,2018-01-02,2026-09-11,2111,SZ,False,中原内配,False
002449.SZ,2018-01-02,2026-09-11,2111,SZ,False,国星光电,False
002450.SZ,2018-01-02,2021-05-31,827,SZ,True,康得退,True
002451.SZ,2018-01-02,2026-09-11,2111,SZ,False,摩恩电气,False
002452.SZ,2018-01-02,2026-09-11,2111,SZ,False,长高电气,False
002453.SZ,2018-01-02,2026-09-11,2111,SZ,False,华软科技,False
002454.SZ,2018-01-02,2026-09-11,2111,SZ,False,松芝股份,False
002455.SZ,2018-01-02,2026-09-11,2111,SZ,False,百川股份,False
002456.SZ,2018-01-02,2026-09-11,2111,SZ,False,欧菲光,False
002457.SZ,2018-01-02,2026-09-11,2111,SZ,False,青龙管业,False
002458.SZ,2018-01-02,2026-09-11,2111,SZ,False,益生股份,False
002459.SZ,2018-01-02,2026-09-11,2111,SZ,False,晶澳科技,False
002460.SZ,2018-01-02,2026-09-11,2111,SZ,False,赣锋锂业,False
002461.SZ,2018-01-02,2026-09-11,2111,SZ,False,珠江啤酒,False
002462.SZ,2018-01-02,2026-09-11,2111,SZ,False,嘉事堂,False
002463.SZ,2018-01-02,2026-09-11,2111,SZ,False,沪电股份,False
002464.SZ,2018-01-02,2022-06-28,1088,SZ,True,众应退,True
002465.SZ,2018-01-02,2026-09-11,2111,SZ,False,海格通信,False
002466.SZ,2018-01-02,2026-09-11,2111,SZ,False,天齐锂业,False
002467.SZ,2018-01-02,2026-09-11,2111,SZ,False,二六三,False
002468.SZ,2018-01-02,2026-09-11,2111,SZ,False,申通快递,False
002469.SZ,2018-01-02,2026-09-11,2111,SZ,False,三维化学,False
002470.SZ,2018-01-02,2026-09-11,2111,SZ,False,金正大,False
002471.SZ,2018-01-02,2026-09-11,2111,SZ,False,中超控股,False
002472.SZ,2018-01-02,2026-09-11,2111,SZ,False,双环传动,False
002473.SZ,2018-01-02,2022-06-22,1084,SZ,True,圣莱退,True
002474.SZ,2018-01-02,2026-09-11,2111,SZ,False,榕基软件,False
002475.SZ,2018-01-02,2026-09-11,2111,SZ,False,立讯精密,False
002476.SZ,2018-01-02,2026-09-11,2111,SZ,False,新叶股份,False
002477.SZ,2018-01-02,2019-10-16,433,SZ,True,雏鹰退,True
002478.SZ,2018-01-02,2026-09-11,2111,SZ,False,常宝股份,False
002479.SZ,2018-01-02,2026-09-11,2111,SZ,False,富春环保,False
002480.SZ,2018-01-02,2026-09-11,2111,SZ,False,新筑股份,False
002481.SZ,2018-01-02,2026-09-11,2111,SZ,False,双塔食品,False
002482.SZ,2018-01-02,2026-09-11,2111,SZ,False,广田集团,False
002483.SZ,2018-01-02,2026-09-11,2111,SZ,False,润邦股份,False
002484.SZ,2018-01-02,2026-09-11,2111,SZ,False,江海股份,False
002485.SZ,2018-01-02,2026-09-11,2111,SZ,False,ST雪发,False
002486.SZ,2018-01-02,2026-09-11,2111,SZ,False,嘉麟杰,False
002487.SZ,2018-01-02,2026-09-11,2111,SZ,False,大金重工,False
002488.SZ,2018-01-02,2026-09-11,2111,SZ,False,金固股份,False
002489.SZ,2018-01-02,2026-09-11,2111,SZ,False,浙江永强,False
002490.SZ,2018-01-02,2026-09-11,2111,SZ,False,山东墨龙,False
002491.SZ,2018-01-02,2026-09-11,2111,SZ,False,通鼎互联,False
002492.SZ,2018-01-02,2026-09-11,2111,SZ,False,恒基达鑫,False
002493.SZ,2018-01-02,2026-09-11,2111,SZ,False,荣盛石化,False
002494.SZ,2018-01-02,2026-09-11,2111,SZ,False,华斯股份,False
002495.SZ,2018-01-02,2026-09-11,2111,SZ,False,佳隆股份,False
002496.SZ,2018-01-02,2026-09-11,2111,SZ,False,辉丰股份,False
002497.SZ,2018-01-02,2026-09-11,2111,SZ,False,雅化集团,False
002498.SZ,2018-01-02,2026-09-11,2111,SZ,False,汉缆股份,False
002499.SZ,2018-01-02,2023-04-18,1285,SZ,True,科林退,True
002500.SZ,2018-01-02,2026-09-11,2111,SZ,False,山西证券,False
002501.SZ,2018-01-02,2026-09-11,2111,SZ,False,*ST利源,False
002502.SZ,2018-01-02,2024-09-05,1623,SZ,True,ST鼎龙,False
002503.SZ,2018-01-02,2023-08-11,1363,SZ,True,*ST搜特,False
002504.SZ,2018-01-02,2023-08-21,1369,SZ,True,*ST弘高,False
002505.SZ,2018-01-02,2024-08-30,1619,SZ,True,鹏都农牧,False
002506.SZ,2018-01-02,2026-09-11,2111,SZ,False,协鑫集成,False
002507.SZ,2018-01-02,2026-09-11,2111,SZ,False,涪陵榨菜,False
002508.SZ,2018-01-02,2026-09-11,2111,SZ,False,老板电器,False
002509.SZ,2018-01-02,2020-07-20,618,SZ,True,天茂退,True
002510.SZ,2018-01-02,2026-09-11,2111,SZ,False,天汽模,False
002511.SZ,2018-01-02,2026-09-11,2111,SZ,False,中顺洁柔,False
002512.SZ,2018-01-02,2026-09-11,2111,SZ,False,ST达华,False
002513.SZ,2018-01-02,2026-09-11,2111,SZ,False,蓝丰生化,False
002514.SZ,2018-01-02,2026-09-11,2111,SZ,False,*ST宝馨,False
002515.SZ,2018-01-02,2026-09-11,2111,SZ,False,金字火腿,False
002516.SZ,2018-01-02,2026-09-11,2111,SZ,False,旷达科技,False
002517.SZ,2018-01-02,2026-09-11,2111,SZ,False,恺英网络,False
002518.SZ,2018-01-02,2026-09-11,2111,SZ,False,科士达,False
002519.SZ,2018-01-02,2026-09-11,2111,SZ,False,银河电子,False
002520.SZ,2018-01-02,2026-09-11,2111,SZ,False,日发精机,False
002521.SZ,2018-01-02,2026-09-11,2111,SZ,False,齐峰新材,False
002522.SZ,2018-01-02,2026-09-11,2111,SZ,False,浙江众成,False
002523.SZ,2018-01-02,2026-09-11,2111,SZ,False,天桥起重,False
002524.SZ,2018-01-02,2026-09-11,2111,SZ,False,光正眼科,False
002526.SZ,2018-01-02,2026-09-11,2111,SZ,False,山东矿机,False
002527.SZ,2018-01-02,2026-09-11,2111,SZ,False,新时达,False
002528.SZ,2018-01-02,2026-09-11,2111,SZ,False,*ST英飞,False
002529.SZ,2018-01-02,2026-09-11,2111,SZ,False,海源复材,False
002530.SZ,2018-01-02,2026-09-11,2111,SZ,False,金财互联,False
002531.SZ,2018-01-02,2026-09-11,2111,SZ,False,天顺风能,False
002532.SZ,2018-01-02,2026-09-11,2111,SZ,False,天山铝业,False
002533.SZ,2018-01-02,2026-09-11,2111,SZ,False,金杯电工,False
002534.SZ,2018-01-02,2026-09-11,2111,SZ,False,西子洁能,False
002535.SZ,2018-01-02,2026-09-11,2111,SZ,False,林州重机,False
002536.SZ,2018-01-02,2026-09-11,2111,SZ,False,飞龙股份,False
002537.SZ,2018-01-02,2026-09-11,2111,SZ,False,海联金汇,False
002538.SZ,2018-01-02,2026-09-11,2111,SZ,False,ST司特,False
002539.SZ,2018-01-02,2026-09-11,2111,SZ,False,云图控股,False
002540.SZ,2018-01-02,2026-09-11,2111,SZ,False,亚太科技,False
002541.SZ,2018-01-02,2026-09-11,2111,SZ,False,鸿路钢构,False
002542.SZ,2018-01-02,2026-09-11,2111,SZ,False,*ST中岩,False
002543.SZ,2018-01-02,2026-09-11,2111,SZ,False,万和电气,False
002544.SZ,2018-01-02,2026-09-11,2111,SZ,False,普天科技,False
002545.SZ,2018-01-02,2026-09-11,2111,SZ,False,东方铁塔,False
002546.SZ,2018-01-02,2026-09-11,2111,SZ,False,新联电子,False
002547.SZ,2018-01-02,2026-09-11,2111,SZ,False,*ST春兴,False
002548.SZ,2018-01-02,2026-09-11,2111,SZ,False,金新农,False
002549.SZ,2018-01-02,2026-09-11,2111,SZ,False,凯美特气,False
002550.SZ,2018-01-02,2026-09-11,2111,SZ,False,千红制药,False
002551.SZ,2018-01-02,2026-09-11,2111,SZ,False,尚荣医疗,False
002552.SZ,2018-01-02,2026-09-11,2111,SZ,False,宝鼎科技,False
002553.SZ,2018-01-02,2026-09-11,2111,SZ,False,南方精工,False
002554.SZ,2018-01-02,2026-09-11,2111,SZ,False,惠博普,False
002555.SZ,2018-01-02,2026-09-11,2111,SZ,False,三七互娱,False
002556.SZ,2018-01-02,2026-09-11,2111,SZ,False,辉隆股份,False
002557.SZ,2018-01-02,2026-09-11,2111,SZ,False,洽洽食品,False
002558.SZ,2018-01-02,2026-09-11,2111,SZ,False,巨人网络,False
002559.SZ,2018-01-02,2026-09-11,2111,SZ,False,亚威股份,False
002560.SZ,2018-01-02,2026-09-11,2111,SZ,False,通达股份,False
002561.SZ,2018-01-02,2026-09-11,2111,SZ,False,徐家汇,False
002562.SZ,2018-01-02,2026-09-11,2111,SZ,False,兄弟科技,False
002563.SZ,2018-01-02,2026-09-11,2111,SZ,False,森马服饰,False
002564.SZ,2018-01-02,2026-09-11,2111,SZ,False,天沃科技,False
002565.SZ,2018-01-02,2026-09-11,2111,SZ,False,顺灏股份,False
002566.SZ,2018-01-02,2026-09-11,2111,SZ,False,益盛药业,False
002567.SZ,2018-01-02,2026-09-11,2111,SZ,False,唐人神,False
002568.SZ,2018-01-02,2026-09-11,2111,SZ,False,百润股份,False
002569.SZ,2018-01-02,2026-09-11,2111,SZ,False,*ST步森,False
002570.SZ,2018-01-02,2026-09-11,2111,SZ,False,贝因美,False
002571.SZ,2018-01-02,2026-09-11,2111,SZ,False,德力股份,False
002572.SZ,2018-01-02,2026-09-11,2111,SZ,False,索菲亚,False
002573.SZ,2018-01-02,2026-09-11,2111,SZ,False,清新环境,False
002574.SZ,2018-01-02,2026-09-11,2111,SZ,False,明牌珠宝,False
002575.SZ,2018-01-02,2026-09-11,2111,SZ,False,群兴玩具,False
002576.SZ,2018-01-02,2026-09-11,2111,SZ,False,通达动力,False
002577.SZ,2018-01-02,2026-09-11,2111,SZ,False,雷柏科技,False
002578.SZ,2018-01-02,2026-09-11,2111,SZ,False,闽发铝业,False
002579.SZ,2018-01-02,2026-09-11,2111,SZ,False,中京电子,False
002580.SZ,2018-01-02,2026-09-11,2111,SZ,False,圣阳股份,False
002581.SZ,2018-01-02,2026-09-11,2111,SZ,False,*ST未名,False
002582.SZ,2018-01-02,2026-09-11,2111,SZ,False,好想你,False
002583.SZ,2018-01-02,2026-09-11,2111,SZ,False,海能达,False
002584.SZ,2018-01-02,2026-09-11,2111,SZ,False,西陇科学,False
002585.SZ,2018-01-02,2026-09-11,2111,SZ,False,双星新材,False
002586.SZ,2018-01-02,2026-09-11,2111,SZ,False,围海股份,False
002587.SZ,2018-01-02,2026-09-11,2111,SZ,False,奥拓电子,False
002588.SZ,2018-01-02,2026-09-11,2111,SZ,False,史丹利,False
002589.SZ,2018-01-02,2026-09-11,2111,SZ,False,瑞康医药,False
002590.SZ,2018-01-02,2026-09-11,2111,SZ,False,万安科技,False
002591.SZ,2018-01-02,2026-09-11,2111,SZ,False,恒大高新,False
002592.SZ,2018-01-02,2026-09-11,2111,SZ,False,ST八菱,False
002593.SZ,2018-01-02,2026-09-11,2111,SZ,False,日上集团,False
002594.SZ,2018-01-02,2026-09-11,2111,SZ,False,比亚迪,False
002595.SZ,2018-01-02,2026-09-11,2111,SZ,False,豪迈科技,False
002596.SZ,2018-01-02,2026-09-11,2111,SZ,False,海南瑞泽,False
002597.SZ,2018-01-02,2026-09-11,2111,SZ,False,金禾实业,False
002598.SZ,2018-01-02,2026-09-11,2111,SZ,False,ST章鼓,False
002599.SZ,2018-01-02,2026-09-11,2111,SZ,False,盛通股份,False
002600.SZ,2018-01-02,2026-09-11,2111,SZ,False,领益智造,False
002601.SZ,2018-01-02,2026-09-11,2111,SZ,False,龙佰集团,False
002602.SZ,2018-01-02,2026-09-11,2111,SZ,False,世纪华通,False
002603.SZ,2018-01-02,2026-09-11,2111,SZ,False,以岭药业,False
002604.SZ,2018-01-02,2020-07-15,615,SZ,True,龙力退,True
002605.SZ,2018-01-02,2026-09-11,2111,SZ,False,姚记科技,False
002606.SZ,2018-01-02,2026-09-11,2111,SZ,False,大连电瓷,False
002607.SZ,2018-01-02,2026-09-11,2111,SZ,False,中公教育,False
002608.SZ,2018-01-02,2026-09-11,2111,SZ,False,江苏国信,False
002609.SZ,2018-01-02,2026-09-11,2111,SZ,False,捷顺科技,False
002610.SZ,2018-01-02,2024-08-12,1605,SZ,True,ST爱康,False
002611.SZ,2018-01-02,2026-09-11,2111,SZ,False,东方精工,False
002612.SZ,2018-01-02,2026-09-11,2111,SZ,False,朗姿股份,False
002613.SZ,2018-01-02,2026-09-11,2111,SZ,False,北玻股份,False
002614.SZ,2018-01-02,2026-09-11,2111,SZ,False,奥佳华,False
002615.SZ,2018-01-02,2026-09-11,2111,SZ,False,哈尔斯,False
002616.SZ,2018-01-02,2026-09-11,2111,SZ,False,长青集团,False
002617.SZ,2018-01-02,2026-09-11,2111,SZ,False,露笑科技,False
002618.SZ,2018-01-02,2022-06-22,1084,SZ,True,丹邦退,True
002619.SZ,2018-01-02,2022-04-28,1049,SZ,True,*ST艾格,False
002620.SZ,2018-01-02,2026-09-11,2111,SZ,False,*ST瑞和,False
002621.SZ,2018-01-02,2024-08-05,1600,SZ,True,*ST美吉,False
002622.SZ,2018-01-02,2026-09-11,2111,SZ,False,皓宸医疗,False
002623.SZ,2018-01-02,2026-09-11,2111,SZ,False,亚玛顿,False
002624.SZ,2018-01-02,2026-09-11,2111,SZ,False,完美世界,False
002625.SZ,2018-01-02,2026-09-11,2111,SZ,False,光启技术,False
002626.SZ,2018-01-02,2026-09-11,2111,SZ,False,金达威,False
002627.SZ,2018-01-02,2026-09-11,2111,SZ,False,三峡旅游,False
002628.SZ,2018-01-02,2026-09-11,2111,SZ,False,成都路桥,False
002629.SZ,2018-01-02,2026-09-11,2111,SZ,False,仁智股份,False
002630.SZ,2018-01-02,2026-09-11,2111,SZ,False,*ST华西,False
002631.SZ,2018-01-02,2026-09-11,2111,SZ,False,德尔未来,False
002632.SZ,2018-01-02,2026-09-11,2111,SZ,False,道明光学,False
002633.SZ,2018-01-02,2026-09-11,2111,SZ,False,申科股份,False
002634.SZ,2018-01-02,2026-09-11,2111,SZ,False,*ST棒杰,False
002635.SZ,2018-01-02,2026-09-11,2111,SZ,False,安洁科技,False
002636.SZ,2018-01-02,2026-09-11,2111,SZ,False,金安国纪,False
002637.SZ,2018-01-02,2026-09-11,2111,SZ,False,赞宇科技,False
002638.SZ,2018-01-02,2026-09-11,2111,SZ,False,勤上股份,False
002639.SZ,2018-01-02,2026-09-11,2111,SZ,False,雪人集团,False
002640.SZ,2018-01-02,2026-09-11,2111,SZ,False,跨境通,False
002641.SZ,2018-01-02,2026-09-11,2111,SZ,False,公元股份,False
002642.SZ,2018-01-02,2026-09-11,2111,SZ,False,荣联科技,False
002643.SZ,2018-01-02,2026-09-11,2111,SZ,False,万润股份,False
002644.SZ,2018-01-02,2026-09-11,2111,SZ,False,佛慈制药,False
002645.SZ,2018-01-02,2026-09-11,2111,SZ,False,华宏科技,False
002646.SZ,2018-01-02,2026-09-11,2111,SZ,False,天佑德酒,False
002647.SZ,2018-01-02,2026-09-11,2111,SZ,False,仁东控股,False
002648.SZ,2018-01-02,2026-09-11,2111,SZ,False,卫星化学,False
002649.SZ,2018-01-02,2026-09-11,2111,SZ,False,博彦科技,False
002650.SZ,2018-01-02,2026-09-11,2111,SZ,False,ST加加,False
002651.SZ,2018-01-02,2026-09-11,2111,SZ,False,利君股份,False
002652.SZ,2018-01-02,2026-09-11,2111,SZ,False,扬子新材,False
002653.SZ,2018-01-02,2026-09-11,2111,SZ,False,海思科,False
002654.SZ,2018-01-02,2026-09-11,2111,SZ,False,万润科技,False
002655.SZ,2018-01-02,2026-09-11,2111,SZ,False,共达电声,False
002656.SZ,2018-01-02,2026-09-11,2111,SZ,False,摩登大道,False
002657.SZ,2018-01-02,2026-09-11,2111,SZ,False,中科金财,False
002658.SZ,2018-01-02,2026-09-11,2111,SZ,False,雪迪龙,False
002659.SZ,2018-01-02,2026-09-11,2111,SZ,False,凯文教育,False
002660.SZ,2018-01-02,2026-09-11,2111,SZ,False,茂硕电源,False
002661.SZ,2018-01-02,2026-09-11,2111,SZ,False,克明食品,False
002662.SZ,2018-01-02,2026-09-11,2111,SZ,False,峰璟股份,False
002663.SZ,2018-01-02,2026-09-11,2111,SZ,False,普邦股份,False
002664.SZ,2018-01-02,2026-09-11,2111,SZ,False,信质集团,False
002665.SZ,2018-01-02,2024-08-26,1615,SZ,True,ST航高,False
002666.SZ,2018-01-02,2026-09-11,2111,SZ,False,德联集团,False
002667.SZ,2018-01-02,2026-09-11,2111,SZ,False,*ST威领,False
002668.SZ,2018-01-02,2026-09-11,2111,SZ,False,TCL智家,False
002669.SZ,2018-01-02,2026-09-11,2111,SZ,False,康达新材,False
002670.SZ,2018-01-02,2026-09-11,2111,SZ,False,国盛证券,False
002671.SZ,2018-01-02,2026-09-11,2111,SZ,False,龙泉股份,False
002672.SZ,2018-01-02,2026-09-11,2111,SZ,False,东江环保,False
002673.SZ,2018-01-02,2026-09-11,2111,SZ,False,西部证券,False
002674.SZ,2018-01-02,2026-09-11,2111,SZ,False,兴业科技,False
002675.SZ,2018-01-02,2026-09-11,2111,SZ,False,东诚药业,False
002676.SZ,2018-01-02,2026-09-11,2111,SZ,False,顺威股份,False
002677.SZ,2018-01-02,2026-09-11,2111,SZ,False,浙江美大,False
002678.SZ,2018-01-02,2026-09-11,2111,SZ,False,珠江钢琴,False
002679.SZ,2018-01-02,2026-09-11,2111,SZ,False,福建金森,False
002680.SZ,2018-01-02,2019-11-27,463,SZ,True,长生退,True
002681.SZ,2018-01-02,2026-09-11,2111,SZ,False,奋达科技,False
002682.SZ,2018-01-02,2026-09-11,2111,SZ,False,龙洲股份,False
002683.SZ,2018-01-02,2026-09-11,2111,SZ,False,广东宏大,False
002684.SZ,2018-01-02,2022-06-27,1087,SZ,True,猛狮退,True
002685.SZ,2018-01-02,2026-09-11,2111,SZ,False,华东重机,False
002686.SZ,2018-01-02,2026-09-11,2111,SZ,False,亿利达,False
002687.SZ,2018-01-02,2026-09-11,2111,SZ,False,乔治白,False
002688.SZ,2018-01-02,2026-09-11,2111,SZ,False,金河生物,False
002689.SZ,2018-01-02,2026-09-11,2111,SZ,False,ST远智,False
002690.SZ,2018-01-02,2026-09-11,2111,SZ,False,美亚光电,False
002691.SZ,2018-01-02,2026-09-11,2111,SZ,False,*ST冀凯,False
002692.SZ,2018-01-02,2026-09-11,2111,SZ,False,远程股份,False
002693.SZ,2018-01-02,2026-09-11,2111,SZ,False,双成药业,False
002694.SZ,2018-01-02,2026-09-11,2111,SZ,False,*ST顾地,False
002695.SZ,2018-01-02,2026-09-11,2111,SZ,False,煌上煌,False
002696.SZ,2018-01-02,2026-09-11,2111,SZ,False,百洋股份,False
002697.SZ,2018-01-02,2026-09-11,2111,SZ,False,红旗连锁,False
002698.SZ,2018-01-02,2026-09-11,2111,SZ,False,博实股份,False
002699.SZ,2018-01-02,2024-06-05,1558,SZ,True,*ST美盛,False
002700.SZ,2018-01-02,2026-09-11,2111,SZ,False,万憬能源,False
002701.SZ,2018-01-02,2026-09-11,2111,SZ,False,奥瑞金,False
002702.SZ,2018-01-02,2026-09-11,2111,SZ,False,海欣食品,False
002703.SZ,2018-01-02,2026-09-11,2111,SZ,False,浙江世宝,False
002705.SZ,2018-01-02,2026-09-11,2111,SZ,False,新宝股份,False
002706.SZ,2018-01-02,2026-09-11,2111,SZ,False,良信股份,False
002707.SZ,2018-01-02,2026-09-11,2111,SZ,False,众信旅游,False
002708.SZ,2018-01-02,2026-09-11,2111,SZ,False,光洋股份,False
002709.SZ,2018-01-02,2026-09-11,2111,SZ,False,天赐材料,False
002711.SZ,2018-01-02,2021-07-15,859,SZ,True,欧浦退,True
002712.SZ,2018-01-02,2026-09-11,2111,SZ,False,思美传媒,False
002713.SZ,2018-01-02,2026-09-11,2111,SZ,False,东易日盛,False
002714.SZ,2018-01-02,2026-09-11,2111,SZ,False,牧原股份,False
002715.SZ,2018-01-02,2026-09-11,2111,SZ,False,登云股份,False
002716.SZ,2018-01-02,2026-09-11,2111,SZ,False,湖南白银,False
002717.SZ,2018-01-02,2026-09-11,2111,SZ,False,*ST岭南,False
002718.SZ,2018-01-02,2026-09-11,2111,SZ,False,友邦吊顶,False
002719.SZ,2018-01-02,2026-09-11,2111,SZ,False,ST麦趣,False
002721.SZ,2018-01-02,2026-09-11,2111,SZ,False,金一文化,False
002722.SZ,2018-01-02,2026-09-11,2111,SZ,False,物产金轮,False
002723.SZ,2018-01-02,2026-09-11,2111,SZ,False,小崧股份,False
002724.SZ,2018-01-02,2026-09-11,2111,SZ,False,海洋王,False
002725.SZ,2018-01-02,2026-09-11,2111,SZ,False,跃岭股份,False
002726.SZ,2018-01-02,2026-09-11,2111,SZ,False,ST龙大,False
002727.SZ,2018-01-02,2026-09-11,2111,SZ,False,一心堂,False
002728.SZ,2018-01-02,2026-09-11,2111,SZ,False,特一药业,False
002729.SZ,2018-01-02,2026-09-11,2111,SZ,False,好利科技,False
002730.SZ,2018-01-02,2026-09-11,2111,SZ,False,电光科技,False
002731.SZ,2018-01-02,2026-09-11,2111,SZ,False,*ST萃华,False
002732.SZ,2018-01-02,2026-09-11,2111,SZ,False,燕塘乳业,False
002733.SZ,2018-01-02,2026-09-11,2111,SZ,False,雄韬股份,False
002734.SZ,2018-01-02,2026-09-11,2111,SZ,False,利民股份,False
002735.SZ,2018-01-02,2026-09-11,2111,SZ,False,王子新材,False
002736.SZ,2018-01-02,2026-09-11,2111,SZ,False,国信证券,False
002737.SZ,2018-01-02,2026-09-11,2111,SZ,False,葵花药业,False
002738.SZ,2018-01-02,2026-09-11,2111,SZ,False,中矿资源,False
002739.SZ,2018-01-02,2026-09-11,2111,SZ,False,儒意电影,False
002740.SZ,2018-01-02,2024-03-04,1496,SZ,True,*ST爱迪,False
002741.SZ,2018-01-02,2026-09-11,2111,SZ,False,光华科技,False
002742.SZ,2018-01-02,2026-09-11,2111,SZ,False,冀衡医药,False
002743.SZ,2018-01-02,2026-09-11,2111,SZ,False,富煌钢构,False
002745.SZ,2018-01-02,2026-09-11,2111,SZ,False,木林森,False
002746.SZ,2018-01-02,2026-09-11,2111,SZ,False,仙坛股份,False
002747.SZ,2018-01-02,2026-09-11,2111,SZ,False,埃斯顿,False
002748.SZ,2018-01-02,2026-09-11,2111,SZ,False,世龙实业,False
002749.SZ,2018-01-02,2026-09-11,2111,SZ,False,国光股份,False
002750.SZ,2018-01-02,2025-06-26,1814,SZ,True,龙津退,True
002751.SZ,2018-01-02,2023-07-13,1342,SZ,True,易尚退,True
002752.SZ,2018-01-02,2026-09-11,2111,SZ,False,昇兴股份,False
002753.SZ,2018-01-02,2026-09-11,2111,SZ,False,永东股份,False
002755.SZ,2018-01-02,2026-09-11,2111,SZ,False,奥赛康,False
002756.SZ,2018-01-02,2026-09-11,2111,SZ,False,永兴材料,False
002757.SZ,2018-01-02,2026-09-11,2111,SZ,False,南兴股份,False
002758.SZ,2018-01-02,2026-09-11,2111,SZ,False,浙农股份,False
002759.SZ,2018-01-02,2026-09-11,2111,SZ,False,ST天际,False
002760.SZ,2018-01-02,2026-09-11,2111,SZ,False,凤形股份,False
002761.SZ,2018-01-02,2026-09-11,2111,SZ,False,浙江建投,False
002762.SZ,2018-01-02,2026-09-11,2111,SZ,False,金发拉比,False
002763.SZ,2018-01-02,2026-09-11,2111,SZ,False,汇洁股份,False
002765.SZ,2018-01-02,2026-09-11,2111,SZ,False,蓝黛科技,False
002766.SZ,2018-01-02,2026-09-11,2111,SZ,False,索菱股份,False
002767.SZ,2018-01-02,2026-09-11,2111,SZ,False,先锋电子,False
002768.SZ,2018-01-02,2026-09-11,2111,SZ,False,国恩股份,False
002769.SZ,2018-01-02,2026-09-11,2111,SZ,False,普路通,False
002770.SZ,2018-01-02,2022-06-23,1085,SZ,True,科迪退,True
002771.SZ,2018-01-02,2026-09-11,2111,SZ,False,真视通,False
002772.SZ,2018-01-02,2026-09-11,2111,SZ,False,众兴菌业,False
002773.SZ,2018-01-02,2026-09-11,2111,SZ,False,康弘药业,False
002774.SZ,2018-01-02,2026-09-11,2111,SZ,False,快意电梯,False
002775.SZ,2018-01-02,2026-09-11,2111,SZ,False,文科股份,False
002776.SZ,2018-01-02,2024-01-25,1475,SZ,True,*ST柏龙,False
002777.SZ,2018-01-02,2026-09-11,2111,SZ,False,久远银海,False
002778.SZ,2018-01-02,2026-09-11,2111,SZ,False,中晟高科,False
002779.SZ,2018-01-02,2026-09-11,2111,SZ,False,中坚科技,False
002780.SZ,2018-01-02,2026-09-11,2111,SZ,False,三夫户外,False
002781.SZ,2018-01-02,2023-07-05,1336,SZ,True,奇信退,True
002782.SZ,2018-01-02,2026-09-11,2111,SZ,False,可立克,False
002783.SZ,2018-01-02,2026-09-11,2111,SZ,False,凯龙股份,False
002785.SZ,2018-01-02,2026-09-11,2111,SZ,False,万里石,False
002786.SZ,2018-01-02,2026-09-11,2111,SZ,False,银宝山新,False
002787.SZ,2018-01-02,2026-09-11,2111,SZ,False,华源控股,False
002788.SZ,2018-01-02,2026-09-11,2111,SZ,False,鹭燕医药,False
002789.SZ,2018-01-02,2026-09-11,2111,SZ,False,*ST建艺,False
002790.SZ,2018-01-02,2026-09-11,2111,SZ,False,瑞尔特,False
002791.SZ,2018-01-02,2026-09-11,2111,SZ,False,坚朗五金,False
002792.SZ,2018-01-02,2026-09-11,2111,SZ,False,通宇通讯,False
002793.SZ,2018-01-02,2026-09-11,2111,SZ,False,罗欣药业,False
002795.SZ,2018-01-02,2026-09-11,2111,SZ,False,永和智控,False
002796.SZ,2018-01-02,2026-09-11,2111,SZ,False,世嘉科技,False
002797.SZ,2018-01-02,2026-09-11,2111,SZ,False,第一创业,False
002798.SZ,2018-01-02,2026-09-11,2111,SZ,False,帝欧水华,False
002799.SZ,2018-01-02,2026-09-11,2111,SZ,False,环球印务,False
002800.SZ,2018-01-02,2026-09-11,2111,SZ,False,天顺股份,False
002801.SZ,2018-01-02,2026-09-11,2111,SZ,False,微光股份,False
002802.SZ,2018-01-02,2026-09-11,2111,SZ,False,洪汇新材,False
002803.SZ,2018-01-02,2026-09-11,2111,SZ,False,吉宏股份,False
002805.SZ,2018-01-02,2026-09-11,2111,SZ,False,丰元股份,False
002806.SZ,2018-01-02,2026-09-11,2111,SZ,False,华锋股份,False
002807.SZ,2018-01-02,2026-09-11,2111,SZ,False,江阴银行,False
002808.SZ,2018-01-02,2026-07-13,2067,SZ,True,恒久退,True
002809.SZ,2018-01-02,2026-09-11,2111,SZ,False,红墙股份,False
002810.SZ,2018-01-02,2026-09-11,2111,SZ,False,山东赫达,False
002811.SZ,2018-01-02,2026-09-11,2111,SZ,False,郑中设计,False
002812.SZ,2018-01-02,2026-09-11,2111,SZ,False,恩捷股份,False
002813.SZ,2018-01-02,2026-09-11,2111,SZ,False,路畅科技,False
002815.SZ,2018-01-02,2026-09-11,2111,SZ,False,崇达技术,False
002816.SZ,2018-01-02,2026-09-11,2111,SZ,False,*ST和科,False
002817.SZ,2018-01-02,2026-09-11,2111,SZ,False,黄山胶囊,False
002818.SZ,2018-01-02,2026-09-11,2111,SZ,False,富森美,False
002819.SZ,2018-01-02,2026-09-11,2111,SZ,False,东方中科,False
002820.SZ,2018-01-02,2026-09-11,2111,SZ,False,桂发祥,False
002821.SZ,2018-01-02,2026-09-11,2111,SZ,False,凯莱英,False
002822.SZ,2018-01-02,2026-09-11,2111,SZ,False,ST中装,False
002823.SZ,2018-01-02,2026-09-11,2111,SZ,False,凯中精密,False
002824.SZ,2018-01-02,2026-09-11,2111,SZ,False,和胜股份,False
002825.SZ,2018-01-02,2026-09-11,2111,SZ,False,纳尔股份,False
002826.SZ,2018-01-02,2026-09-11,2111,SZ,False,易明医药,False
002827.SZ,2018-01-02,2026-09-11,2111,SZ,False,高争民爆,False
002828.SZ,2018-01-02,2026-09-11,2111,SZ,False,贝肯能源,False
002829.SZ,2018-01-02,2026-09-11,2111,SZ,False,星网宇达,False
002830.SZ,2018-01-02,2026-09-11,2111,SZ,False,名雕股份,False
002831.SZ,2018-01-02,2026-09-11,2111,SZ,False,裕同科技,False
002832.SZ,2018-01-02,2026-09-11,2111,SZ,False,比音勒芬,False
002833.SZ,2018-01-02,2026-09-11,2111,SZ,False,弘亚数控,False
002835.SZ,2018-01-02,2026-09-11,2111,SZ,False,同为股份,False
002836.SZ,2018-01-02,2026-09-11,2111,SZ,False,新宏泽,False
002837.SZ,2018-01-02,2026-09-11,2111,SZ,False,英维克,False
002838.SZ,2018-01-02,2026-09-11,2111,SZ,False,道恩股份,False
002839.SZ,2018-01-02,2026-09-11,2111,SZ,False,张家港行,False
002840.SZ,2018-01-02,2026-09-11,2111,SZ,False,华统股份,False
002841.SZ,2018-01-02,2026-09-11,2111,SZ,False,视源股份,False
002842.SZ,2018-01-02,2026-09-11,2111,SZ,False,翔鹭钨业,False
002843.SZ,2018-01-02,2026-09-11,2111,SZ,False,泰嘉股份,False
002845.SZ,2018-01-02,2026-09-11,2111,SZ,False,同兴达,False
002846.SZ,2018-01-02,2026-09-11,2111,SZ,False,英联股份,False
002847.SZ,2018-01-02,2026-09-11,2111,SZ,False,盐津铺子,False
002848.SZ,2018-01-02,2026-09-11,2111,SZ,False,高斯贝尔,False
002849.SZ,2018-01-02,2026-09-11,2111,SZ,False,威星智能,False
002850.SZ,2018-01-02,2026-09-11,2111,SZ,False,科达利,False
002851.SZ,2018-01-02,2026-09-11,2111,SZ,False,麦格米特,False
002852.SZ,2018-01-02,2026-09-11,2111,SZ,False,道道全,False
002853.SZ,2018-01-02,2026-09-11,2111,SZ,False,皮阿诺,False
002855.SZ,2018-01-02,2026-09-11,2111,SZ,False,捷荣技术,False
002856.SZ,2018-01-02,2026-09-11,2111,SZ,False,*ST美芝,False
002857.SZ,2018-01-02,2026-09-11,2111,SZ,False,三晖电气,False
002858.SZ,2018-01-02,2026-09-11,2111,SZ,False,力盛体育,False
002859.SZ,2018-01-02,2026-09-11,2111,SZ,False,洁美科技,False
002860.SZ,2018-01-02,2026-09-11,2111,SZ,False,星帅尔,False
002861.SZ,2018-01-02,2026-09-11,2111,SZ,False,瀛通通讯,False
002862.SZ,2018-01-02,2026-09-11,2111,SZ,False,实丰文化,False
002863.SZ,2018-01-02,2026-09-11,2111,SZ,False,今飞凯达,False
002864.SZ,2018-01-02,2026-09-11,2111,SZ,False,盘龙药业,False
002865.SZ,2018-01-02,2026-09-11,2111,SZ,False,钧达股份,False
002866.SZ,2018-01-02,2026-09-11,2111,SZ,False,传艺科技,False
002867.SZ,2018-01-02,2026-09-11,2111,SZ,False,周大生,False
002868.SZ,2018-01-02,2026-09-11,2111,SZ,False,绿康生化,False
002869.SZ,2018-01-02,2026-09-11,2111,SZ,False,金溢科技,False
002870.SZ,2018-01-02,2026-09-11,2111,SZ,False,香山股份,False
002871.SZ,2018-01-02,2026-09-11,2111,SZ,False,伟隆股份,False
002872.SZ,2018-01-02,2026-09-11,2111,SZ,False,ST天圣,False
002873.SZ,2018-01-02,2026-09-11,2111,SZ,False,新天药业,False
002875.SZ,2018-01-02,2026-09-11,2111,SZ,False,安奈儿,False
002876.SZ,2018-01-02,2026-09-11,2111,SZ,False,三利谱,False
002877.SZ,2018-01-02,2026-09-11,2111,SZ,False,智能自控,False
002878.SZ,2018-01-02,2026-09-11,2111,SZ,False,元隆雅图,False
002879.SZ,2018-01-02,2026-09-11,2111,SZ,False,长缆科技,False
002880.SZ,2018-01-02,2026-09-11,2111,SZ,False,卫光生物,False
002881.SZ,2018-01-02,2026-09-11,2111,SZ,False,美格智能,False
002882.SZ,2018-01-02,2026-09-11,2111,SZ,False,金龙羽,False
002883.SZ,2018-01-02,2026-09-11,2111,SZ,False,*ST中设,False
002884.SZ,2018-01-02,2026-09-11,2111,SZ,False,凌霄泵业,False
002885.SZ,2018-01-02,2026-09-11,2111,SZ,False,京泉华,False
002886.SZ,2018-01-02,2026-09-11,2111,SZ,False,沃特股份,False
002887.SZ,2018-01-02,2026-09-11,2111,SZ,False,绿茵生态,False
002888.SZ,2018-01-02,2026-09-11,2111,SZ,False,惠威科技,False
002889.SZ,2018-01-02,2026-09-11,2111,SZ,False,东方嘉盛,False
002890.SZ,2018-01-02,2026-09-11,2111,SZ,False,弘宇股份,False
002891.SZ,2018-01-02,2026-09-11,2111,SZ,False,中宠股份,False
002892.SZ,2018-01-02,2026-09-11,2111,SZ,False,科力尔,False
002893.SZ,2018-01-02,2026-09-11,2111,SZ,False,京能热力,False
002895.SZ,2018-01-02,2026-09-11,2111,SZ,False,川恒股份,False
002896.SZ,2018-01-02,2026-09-11,2111,SZ,False,中大力德,False
002897.SZ,2018-01-02,2026-09-11,2111,SZ,False,意华股份,False
002898.SZ,2018-01-02,2026-07-16,2070,SZ,True,赛隆退,True
002899.SZ,2018-01-02,2026-09-11,2111,SZ,False,英派斯,False
002900.SZ,2018-01-02,2026-09-11,2111,SZ,False,哈三联,False
002901.SZ,2018-01-02,2026-09-11,2111,SZ,False,大博医疗,False
002902.SZ,2018-01-02,2026-09-11,2111,SZ,False,铭普光磁,False
002903.SZ,2018-01-02,2026-09-11,2111,SZ,False,宇环数控,False
002905.SZ,2018-01-02,2026-09-11,2111,SZ,False,金逸影视,False
002906.SZ,2018-01-02,2026-09-11,2111,SZ,False,华阳集团,False
002907.SZ,2018-01-02,2026-09-11,2111,SZ,False,华森制药,False
002908.SZ,2018-01-02,2026-09-11,2111,SZ,False,德生科技,False
002909.SZ,2018-01-02,2026-09-11,2111,SZ,False,集泰股份,False
002910.SZ,2018-01-02,2026-09-11,2111,SZ,False,庄园牧场,False
002911.SZ,2018-01-02,2026-09-11,2111,SZ,False,佛燃能源,False
002912.SZ,2018-01-02,2026-09-11,2111,SZ,False,中新赛克,False
002913.SZ,2018-01-02,2026-09-11,2111,SZ,False,奥士康,False
002915.SZ,2018-01-02,2026-09-11,2111,SZ,False,中欣氟材,False
002916.SZ,2018-01-02,2026-09-11,2111,SZ,False,深南电路,False
002917.SZ,2018-01-02,2026-09-11,2111,SZ,False,金奥博,False
002918.SZ,2018-01-02,2026-09-11,2111,SZ,False,蒙娜丽莎,False
002919.SZ,2018-01-02,2026-09-11,2111,SZ,False,名臣健康,False
002920.SZ,2018-01-02,2026-09-11,2111,SZ,False,德赛西威,False
002921.SZ,2018-01-02,2026-09-11,2111,SZ,False,联诚精密,False
002922.SZ,2018-01-02,2026-09-11,2111,SZ,False,伊戈尔,False
002923.SZ,2018-01-05,2026-09-11,2108,SZ,False,润都股份,False
002925.SZ,2018-01-15,2026-09-11,2102,SZ,False,盈趣科技,False
002926.SZ,2018-02-05,2026-09-11,2087,SZ,False,华西证券,False
002927.SZ,2018-02-23,2026-09-11,2078,SZ,False,泰永长征,False
002928.SZ,2018-03-02,2026-09-11,2073,SZ,False,华夏航空,False
002929.SZ,2018-03-01,2026-09-11,2074,SZ,False,润建股份,False
002930.SZ,2018-03-28,2026-09-11,2055,SZ,False,宏川智慧,False
002931.SZ,2018-04-03,2026-09-11,2051,SZ,False,锋龙股份,False
002932.SZ,2018-07-10,2026-09-11,1986,SZ,False,*ST明德,False
002933.SZ,2018-08-28,2026-09-11,1951,SZ,False,新兴装备,False
002935.SZ,2018-09-03,2026-09-11,1947,SZ,False,天奥电子,False
002936.SZ,2018-09-19,2026-09-11,1935,SZ,False,郑州银行,False
002937.SZ,2018-09-26,2026-09-11,1931,SZ,False,兴瑞科技,False
002938.SZ,2018-09-18,2026-09-11,1936,SZ,False,鹏鼎控股,False
002939.SZ,2018-10-26,2026-09-11,1914,SZ,False,长城证券,False
002940.SZ,2018-10-23,2026-09-11,1917,SZ,False,昂利康,False
002941.SZ,2018-11-28,2026-09-11,1891,SZ,False,新疆交建,False
002942.SZ,2018-12-05,2026-09-11,1886,SZ,False,新农股份,False
002943.SZ,2018-11-29,2026-09-11,1890,SZ,False,宇晶股份,False
002945.SZ,2019-01-17,2026-09-11,1857,SZ,False,华林证券,False
002946.SZ,2019-01-25,2026-09-11,1851,SZ,False,新乳业,False
002947.SZ,2019-02-01,2026-09-11,1846,SZ,False,恒铭达,False
002948.SZ,2019-01-16,2026-09-11,1858,SZ,False,青岛银行,False
002949.SZ,2019-02-26,2026-09-11,1834,SZ,False,华阳国际,False
002950.SZ,2019-03-11,2026-09-11,1825,SZ,False,奥美医疗,False
002951.SZ,2019-03-15,2026-09-11,1821,SZ,False,金时科技,False
002952.SZ,2019-03-28,2026-09-11,1812,SZ,False,亚世光电,False
002953.SZ,2019-05-09,2026-09-11,1786,SZ,False,日丰股份,False
002955.SZ,2019-05-23,2026-09-11,1776,SZ,False,鸿合科技,False
002956.SZ,2019-06-19,2026-09-11,1758,SZ,False,西麦食品,False
002957.SZ,2019-07-26,2026-09-11,1731,SZ,False,科瑞技术,False
002958.SZ,2019-03-26,2026-09-11,1814,SZ,False,青农商行,False
002959.SZ,2019-08-23,2026-09-11,1711,SZ,False,小熊电器,False
002960.SZ,2019-08-09,2026-09-11,1721,SZ,False,青鸟智控,False
002961.SZ,2019-09-05,2026-09-11,1702,SZ,False,瑞达期货,False
002962.SZ,2019-09-17,2026-09-11,1695,SZ,False,五方光电,False
002963.SZ,2019-10-28,2026-09-11,1671,SZ,False,豪尔赛,False
002965.SZ,2019-10-25,2026-09-11,1672,SZ,False,祥鑫科技,False
002966.SZ,2019-08-02,2026-09-11,1726,SZ,False,苏州银行,False
002967.SZ,2019-11-08,2026-09-11,1662,SZ,False,广电计量,False
002968.SZ,2019-12-03,2026-09-11,1645,SZ,False,新大正,False
002969.SZ,2019-12-02,2026-09-11,1646,SZ,False,嘉美包装,False
002970.SZ,2019-12-17,2026-09-11,1635,SZ,False,锐明技术,False
002971.SZ,2020-01-13,2026-09-11,1617,SZ,False,和远气体,False
002972.SZ,2019-12-27,2026-09-11,1627,SZ,False,科安达,False
002973.SZ,2020-01-06,2026-09-11,1622,SZ,False,侨银股份,False
002975.SZ,2020-02-05,2026-09-11,1606,SZ,False,博杰股份,False
002976.SZ,2020-03-06,2026-09-11,1584,SZ,False,瑞玛精密,False
002977.SZ,2020-03-17,2026-09-11,1577,SZ,False,*ST天箭,False
002978.SZ,2020-04-17,2026-09-11,1555,SZ,False,安宁股份,False
002979.SZ,2020-04-08,2026-09-11,1562,SZ,False,雷赛智能,False
002980.SZ,2020-04-15,2026-09-11,1557,SZ,False,华盛昌,False
002981.SZ,2020-04-17,2026-09-11,1555,SZ,False,朝阳科技,False
002982.SZ,2020-04-24,2026-09-11,1550,SZ,False,湘佳股份,False
002983.SZ,2020-04-28,2026-09-11,1548,SZ,False,芯瑞达,False
002984.SZ,2020-09-11,2026-09-11,1455,SZ,False,森麒麟,False
002985.SZ,2020-04-29,2026-09-11,1547,SZ,False,北摩高科,False
002986.SZ,2020-06-02,2026-09-11,1526,SZ,False,宇新股份,False
002987.SZ,2020-05-07,2026-09-11,1544,SZ,False,京北方,False
002988.SZ,2020-05-18,2026-09-11,1537,SZ,False,豪美新材,False
002989.SZ,2020-06-10,2026-09-11,1520,SZ,False,中天精装,False
002990.SZ,2020-05-25,2026-09-11,1532,SZ,False,盛视科技,False
002991.SZ,2020-07-31,2026-09-11,1485,SZ,False,甘源食品,False
002992.SZ,2020-08-03,2026-09-11,1484,SZ,False,宝明科技,False
002993.SZ,2020-08-17,2026-09-11,1474,SZ,False,奥海科技,False
002995.SZ,2020-08-05,2026-09-11,1482,SZ,False,天地在线,False
002996.SZ,2020-08-28,2026-09-11,1465,SZ,False,顺博合金,False
002997.SZ,2020-09-03,2026-09-11,1461,SZ,False,瑞鹄模具,False
002998.SZ,2020-09-25,2026-09-11,1445,SZ,False,优彩资源,False
002999.SZ,2020-09-03,2026-09-11,1461,SZ,False,天禾股份,False
003000.SZ,2020-09-14,2026-09-11,1454,SZ,False,劲仔食品,False
003001.SZ,2020-10-13,2026-09-11,1439,SZ,False,中岩大地,False
003002.SZ,2020-09-22,2026-09-11,1448,SZ,False,壶化股份,False
003003.SZ,2020-09-21,2026-09-11,1449,SZ,False,天元股份,False
003004.SZ,2020-11-26,2026-09-11,1407,SZ,False,声迅股份,False
003005.SZ,2020-09-22,2026-09-11,1448,SZ,False,竞业达,False
003006.SZ,2020-09-21,2026-09-11,1449,SZ,False,百亚股份,False
003007.SZ,2020-09-23,2026-09-11,1447,SZ,False,直真科技,False
003008.SZ,2020-09-23,2026-09-11,1447,SZ,False,开普检测,False
003009.SZ,2020-09-25,2026-09-11,1445,SZ,False,中天火箭,False
003010.SZ,2020-09-25,2026-09-11,1445,SZ,False,若羽臣,False
003011.SZ,2020-09-30,2026-09-11,1442,SZ,False,海象新材,False
003012.SZ,2020-10-19,2026-09-11,1435,SZ,False,东鹏控股,False
003013.SZ,2020-10-22,2026-09-11,1432,SZ,False,地铁设计,False
003015.SZ,2020-10-21,2026-09-11,1433,SZ,False,日久光电,False
003016.SZ,2020-10-26,2026-09-11,1430,SZ,False,欣贺股份,False
003017.SZ,2020-10-26,2026-09-11,1430,SZ,False,大洋生物,False
003018.SZ,2020-11-06,2026-09-11,1421,SZ,False,金富科技,False
003019.SZ,2020-11-17,2026-09-11,1414,SZ,False,宸展光电,False
003020.SZ,2020-12-15,2026-09-11,1394,SZ,False,立方制药,False
003021.SZ,2020-12-04,2026-09-11,1401,SZ,False,兆威机电,False
003022.SZ,2020-12-08,2026-09-11,1399,SZ,False,联泓新科,False
003023.SZ,2020-12-11,2026-09-11,1396,SZ,False,彩虹集团,False
003025.SZ,2020-12-11,2026-09-11,1396,SZ,False,思进智能,False
003026.SZ,2020-12-18,2026-09-11,1391,SZ,False,中晶科技,False
003027.SZ,2020-12-18,2026-09-11,1391,SZ,False,同兴科技,False
003028.SZ,2020-12-28,2026-09-11,1385,SZ,False,振邦智能,False
003029.SZ,2020-12-24,2026-09-11,1387,SZ,False,吉大正元,False
003030.SZ,2021-01-06,2026-09-11,1379,SZ,False,祖名股份,False
003031.SZ,2021-01-04,2026-09-11,1381,SZ,False,中瓷电子,False
003032.SZ,2021-01-12,2026-09-11,1375,SZ,False,传智教育,False
003033.SZ,2021-01-11,2026-09-11,1376,SZ,False,征和工业,False
003035.SZ,2021-01-19,2026-09-11,1370,SZ,False,南网能源,False
003036.SZ,2021-01-28,2026-09-11,1363,SZ,False,泰坦股份,False
003037.SZ,2021-02-04,2026-09-11,1358,SZ,False,三和管桩,False
003038.SZ,2021-02-10,2026-09-11,1354,SZ,False,鑫铂股份,False
003039.SZ,2021-03-08,2026-09-11,1341,SZ,False,顺控发展,False
003040.SZ,2021-03-22,2026-09-11,1331,SZ,False,楚天龙,False
003041.SZ,2021-04-06,2026-09-11,1321,SZ,False,真爱美家,False
003042.SZ,2021-04-06,2026-09-11,1321,SZ,False,中农联合,False
003043.SZ,2021-04-06,2026-09-11,1321,SZ,False,华亚智能,False
003816.SZ,2019-08-26,2026-09-11,1710,SZ,False,中国广核,False
600000.SH,2018-01-02,2026-09-11,2111,SH,False,浦发银行,False
600004.SH,2018-01-02,2026-09-11,2111,SH,False,白云机场,False
600006.SH,2018-01-02,2026-09-11,2111,SH,False,东风股份,False
600007.SH,2018-01-02,2026-09-11,2111,SH,False,中国国贸,False
600008.SH,2018-01-02,2026-09-11,2111,SH,False,首创环保,False
600009.SH,2018-01-02,2026-09-11,2111,SH,False,上海机场,False
600010.SH,2018-01-02,2026-09-11,2111,SH,False,包钢股份,False
600011.SH,2018-01-02,2026-09-11,2111,SH,False,华能国际,False
600012.SH,2018-01-02,2026-09-11,2111,SH,False,皖通高速,False
600015.SH,2018-01-02,2026-09-11,2111,SH,False,华夏银行,False
600016.SH,2018-01-02,2026-09-11,2111,SH,False,民生银行,False
600017.SH,2018-01-02,2026-09-11,2111,SH,False,日照港,False
600018.SH,2018-01-02,2026-09-11,2111,SH,False,上港集团,False
600019.SH,2018-01-02,2026-09-11,2111,SH,False,宝钢股份,False
600020.SH,2018-01-02,2026-09-11,2111,SH,False,中原高速,False
600021.SH,2018-01-02,2026-09-11,2111,SH,False,上海电力,False
600022.SH,2018-01-02,2026-09-11,2111,SH,False,山东钢铁,False
600023.SH,2018-01-02,2026-09-11,2111,SH,False,浙能电力,False
600025.SH,2018-01-02,2026-09-11,2111,SH,False,华能水电,False
600026.SH,2018-01-02,2026-09-11,2111,SH,False,中远海能,False
600027.SH,2018-01-02,2026-09-11,2111,SH,False,华电国际,False
600028.SH,2018-01-02,2026-09-11,2111,SH,False,中国石化,False
600029.SH,2018-01-02,2026-09-11,2111,SH,False,南方航空,False
600030.SH,2018-01-02,2026-09-11,2111,SH,False,中信证券,False
600031.SH,2018-01-02,2026-09-11,2111,SH,False,三一重工,False
600032.SH,2021-05-25,2026-09-11,1289,SH,False,浙江新能,False
600033.SH,2018-01-02,2026-09-11,2111,SH,False,福建高速,False
600035.SH,2018-01-02,2026-09-11,2111,SH,False,楚天高速,False
600036.SH,2018-01-02,2026-09-11,2111,SH,False,招商银行,False
600037.SH,2018-01-02,2026-09-11,2111,SH,False,歌华有线,False
600038.SH,2018-01-02,2026-09-11,2111,SH,False,中直股份,False
600039.SH,2018-01-02,2026-09-11,2111,SH,False,四川路桥,False
600048.SH,2018-01-02,2026-09-11,2111,SH,False,保利发展,False
600050.SH,2018-01-02,2026-09-11,2111,SH,False,中国联通,False
600051.SH,2018-01-02,2026-09-11,2111,SH,False,宁波联合,False
600052.SH,2018-01-02,2026-09-11,2111,SH,False,东望时代,False
600053.SH,2018-01-02,2026-09-11,2111,SH,False,*ST九鼎,False
600054.SH,2018-01-02,2026-09-11,2111,SH,False,黄山旅游,False
600055.SH,2018-01-02,2026-09-11,2111,SH,False,万东医疗,False
600056.SH,2018-01-02,2026-09-11,2111,SH,False,中国医药,False
600057.SH,2018-01-02,2026-09-11,2111,SH,False,厦门象屿,False
600058.SH,2018-01-02,2026-09-11,2111,SH,False,五矿发展,False
600059.SH,2018-01-02,2026-09-11,2111,SH,False,古越龙山,False
600060.SH,2018-01-02,2026-09-11,2111,SH,False,海信视像,False
600061.SH,2018-01-02,2026-09-11,2111,SH,False,国投资本,False
600062.SH,2018-01-02,2026-09-11,2111,SH,False,华润双鹤,False
600063.SH,2018-01-02,2026-09-11,2111,SH,False,皖维高新,False
600064.SH,2018-01-02,2026-09-11,2111,SH,False,南京高科,False
600066.SH,2018-01-02,2026-09-11,2111,SH,False,宇通客车,False
600067.SH,2018-01-02,2026-09-11,2111,SH,False,冠城新材,False
600068.SH,2018-01-02,2021-09-13,901,SH,True,葛洲坝,False
600069.SH,2018-01-02,2020-08-27,646,SH,True,退市银鸽,True
600070.SH,2018-01-02,2025-04-30,1777,SH,True,*ST富润,False
600071.SH,2018-01-02,2026-09-11,2111,SH,False,凤凰光学,False
600072.SH,2018-01-02,2026-09-11,2111,SH,False,中船科技,False
600073.SH,2018-01-02,2026-09-11,2111,SH,False,光明肉业,False
600074.SH,2018-01-02,2020-06-02,586,SH,True,退市保千,True
600075.SH,2018-01-02,2026-09-11,2111,SH,False,新疆天业,False
600076.SH,2018-01-02,2026-09-11,2111,SH,False,康欣新材,False
600077.SH,2018-01-02,2023-07-25,1350,SH,True,*ST宋都,False
600078.SH,2018-01-02,2026-09-11,2111,SH,False,澄星股份,False
600079.SH,2018-01-02,2026-09-11,2111,SH,False,ST人福,False
600080.SH,2018-01-02,2026-09-11,2111,SH,False,ST金花,False
600081.SH,2018-01-02,2026-09-11,2111,SH,False,东风科技,False
600082.SH,2018-01-02,2026-09-11,2111,SH,False,ST海泰,False
600083.SH,2018-01-02,2025-03-05,1738,SH,True,*ST博信,False
600084.SH,2018-01-02,2026-09-11,2111,SH,False,*ST尼雅,False
600085.SH,2018-01-02,2026-09-11,2111,SH,False,同仁堂,False
600086.SH,2018-01-02,2021-03-17,778,SH,True,退市金钰,True
600088.SH,2018-01-02,2026-09-11,2111,SH,False,中视传媒,False
600089.SH,2018-01-02,2026-09-11,2111,SH,False,特变电工,False
600090.SH,2018-01-02,2022-07-07,1095,SH,True,退市济堂,True
600091.SH,2018-01-02,2022-06-21,1083,SH,True,退市明科,True
600093.SH,2018-01-02,2022-06-23,1085,SH,True,退市易见,True
600094.SH,2018-01-02,2026-09-11,2111,SH,False,大名城,False
600095.SH,2018-01-02,2026-09-11,2111,SH,False,湘财股份,False
600096.SH,2018-01-02,2026-09-11,2111,SH,False,云天化,False
600097.SH,2018-01-02,2026-09-11,2111,SH,False,开创国际,False
600098.SH,2018-01-02,2026-09-11,2111,SH,False,广州发展,False
600099.SH,2018-01-02,2026-09-11,2111,SH,False,林海股份,False
600100.SH,2018-01-02,2026-09-11,2111,SH,False,同方股份,False
600101.SH,2018-01-02,2026-09-11,2111,SH,False,明星电力,False
600103.SH,2018-01-02,2026-09-11,2111,SH,False,青山纸业,False
600104.SH,2018-01-02,2026-09-11,2111,SH,False,上汽集团,False
600105.SH,2018-01-02,2026-09-11,2111,SH,False,永鼎股份,False
600106.SH,2018-01-02,2026-09-11,2111,SH,False,重庆路桥,False
600107.SH,2018-01-02,2026-09-11,2111,SH,False,*ST尔雅,False
600108.SH,2018-01-02,2026-09-11,2111,SH,False,亚盛集团,False
600109.SH,2018-01-02,2026-09-11,2111,SH,False,国金证券,False
600110.SH,2018-01-02,2026-09-11,2111,SH,False,诺德股份,False
600111.SH,2018-01-02,2026-09-11,2111,SH,False,北方稀土,False
600112.SH,2018-01-02,2024-08-15,1608,SH,True,*ST天成,False
600113.SH,2018-01-02,2026-09-11,2111,SH,False,浙江东日,False
600114.SH,2018-01-02,2026-09-11,2111,SH,False,东睦股份,False
600115.SH,2018-01-02,2026-09-11,2111,SH,False,中国东航,False
600116.SH,2018-01-02,2026-09-11,2111,SH,False,三峡水利,False
600117.SH,2018-01-02,2026-09-11,2111,SH,False,西宁特钢,False
600118.SH,2018-01-02,2026-09-11,2111,SH,False,中国卫星,False
600119.SH,2018-01-02,2026-09-11,2111,SH,False,*ST长投,False
600120.SH,2018-01-02,2026-09-11,2111,SH,False,浙江东方,False
600121.SH,2018-01-02,2026-09-11,2111,SH,False,郑州煤电,False
600122.SH,2018-01-02,2023-06-26,1329,SH,True,*ST宏图,False
600123.SH,2018-01-02,2026-09-11,2111,SH,False,兰花科创,False
600125.SH,2018-01-02,2026-09-11,2111,SH,False,铁龙物流,False
600126.SH,2018-01-02,2026-09-11,2111,SH,False,杭钢股份,False
600127.SH,2018-01-02,2026-09-11,2111,SH,False,金健米业,False
600128.SH,2018-01-02,2026-09-11,2111,SH,False,苏豪弘业,False
600129.SH,2018-01-02,2026-09-11,2111,SH,False,太极集团,False
600130.SH,2018-01-02,2026-09-11,2111,SH,False,波导股份,False
600131.SH,2018-01-02,2026-09-11,2111,SH,False,国网信通,False
600132.SH,2018-01-02,2026-09-11,2111,SH,False,重庆啤酒,False
600133.SH,2018-01-02,2026-09-11,2111,SH,False,东湖高新,False
600135.SH,2018-01-02,2026-09-11,2111,SH,False,乐凯胶片,False
600136.SH,2018-01-02,2026-09-11,2111,SH,False,ST明诚,False
600137.SH,2018-01-02,2026-09-11,2111,SH,False,浪莎股份,False
600138.SH,2018-01-02,2026-09-11,2111,SH,False,中青旅,False
600139.SH,2018-01-02,2023-03-27,1270,SH,True,*ST西源,False
600141.SH,2018-01-02,2026-09-11,2111,SH,False,兴发集团,False
600143.SH,2018-01-02,2026-09-11,2111,SH,False,金发科技,False
600145.SH,2018-01-02,2022-04-28,1049,SH,True,退市新亿,True
600146.SH,2018-01-02,2022-06-30,1090,SH,True,退市环球,True
600148.SH,2018-01-02,2026-09-11,2111,SH,False,长春一东,False
600149.SH,2018-01-02,2026-09-11,2111,SH,False,廊坊发展,False
600150.SH,2018-01-02,2026-09-11,2111,SH,False,中国船舶,False
600151.SH,2018-01-02,2026-09-11,2111,SH,False,航天机电,False
600152.SH,2018-01-02,2026-09-11,2111,SH,False,维科技术,False
600153.SH,2018-01-02,2026-09-11,2111,SH,False,建发股份,False
600155.SH,2018-01-02,2026-09-11,2111,SH,False,华创云信,False
600156.SH,2018-01-02,2026-09-11,2111,SH,False,华升股份,False
600157.SH,2018-01-02,2026-09-11,2111,SH,False,永泰能源,False
600158.SH,2018-01-02,2026-09-11,2111,SH,False,中体产业,False
600159.SH,2018-01-02,2026-09-11,2111,SH,False,大龙地产,False
600160.SH,2018-01-02,2026-09-11,2111,SH,False,巨化股份,False
600161.SH,2018-01-02,2026-09-11,2111,SH,False,天坛生物,False
600162.SH,2018-01-02,2026-09-11,2111,SH,False,香江控股,False
600163.SH,2018-01-02,2026-09-11,2111,SH,False,中闽能源,False
600165.SH,2018-01-02,2026-09-11,2111,SH,False,宁科生物,False
600166.SH,2018-01-02,2026-09-11,2111,SH,False,福田汽车,False
600167.SH,2018-01-02,2026-09-11,2111,SH,False,联美控股,False
600168.SH,2018-01-02,2026-09-11,2111,SH,False,武汉控股,False
600169.SH,2018-01-02,2026-09-11,2111,SH,False,ST太重,False
600170.SH,2018-01-02,2026-09-11,2111,SH,False,上海建工,False
600171.SH,2018-01-02,2026-09-11,2111,SH,False,上海贝岭,False
600172.SH,2018-01-02,2026-09-11,2111,SH,False,黄河旋风,False
600173.SH,2018-01-02,2026-09-11,2111,SH,False,卧龙新能,False
600175.SH,2018-01-02,2020-08-14,637,SH,True,退市美都,True
600176.SH,2018-01-02,2026-09-11,2111,SH,False,中国巨石,False
600177.SH,2018-01-02,2026-09-11,2111,SH,False,雅戈尔,False
600178.SH,2018-01-02,2026-09-11,2111,SH,False,东安动力,False
600179.SH,2018-01-02,2026-09-11,2111,SH,False,安通控股,False
600180.SH,2018-01-02,2026-09-11,2111,SH,False,*ST瑞茂,False
600182.SH,2018-01-02,2026-09-11,2111,SH,False,S佳通,False
600183.SH,2018-01-02,2026-09-11,2111,SH,False,生益科技,False
600184.SH,2018-01-02,2026-09-11,2111,SH,False,光电股份,False
600185.SH,2018-01-02,2026-09-11,2111,SH,False,珠免集团,False
600186.SH,2018-01-02,2026-09-11,2111,SH,False,莲花控股,False
600187.SH,2018-01-02,2026-09-11,2111,SH,False,*ST国中,False
600188.SH,2018-01-02,2026-09-11,2111,SH,False,兖矿能源,False
600189.SH,2018-01-02,2026-09-11,2111,SH,False,泉阳泉,False
600190.SH,2018-01-02,2025-07-24,1834,SH,True,退市锦港,True
600191.SH,2018-01-02,2026-09-11,2111,SH,False,华资实业,False
600192.SH,2018-01-02,2026-09-11,2111,SH,False,长城电工,False
600193.SH,2018-01-02,2026-07-03,2061,SH,True,退市创兴,True
600195.SH,2018-01-02,2026-09-11,2111,SH,False,中牧股份,False
600196.SH,2018-01-02,2026-09-11,2111,SH,False,复星医药,False
600197.SH,2018-01-02,2026-09-11,2111,SH,False,伊力特,False
600198.SH,2018-01-02,2026-09-11,2111,SH,False,大唐电信,False
600199.SH,2018-01-02,2026-09-11,2111,SH,False,金种子酒,False
600200.SH,2018-01-02,2025-12-30,1941,SH,True,退市苏吴,True
600201.SH,2018-01-02,2026-09-11,2111,SH,False,生物股份,False
600202.SH,2018-01-02,2026-09-11,2111,SH,False,哈空调,False
600203.SH,2018-01-02,2026-09-11,2111,SH,False,福日电子,False
600206.SH,2018-01-02,2026-09-11,2111,SH,False,有研新材,False
600207.SH,2018-01-02,2026-09-11,2111,SH,False,安彩高科,False
600208.SH,2018-01-02,2026-09-11,2111,SH,False,衢州发展,False
600209.SH,2018-01-02,2022-06-22,1084,SH,True,退市罗顿,True
600210.SH,2018-01-02,2026-09-11,2111,SH,False,紫江企业,False
600211.SH,2018-01-02,2026-09-11,2111,SH,False,西藏药业,False
600212.SH,2018-01-02,2026-09-11,2111,SH,False,绿能慧充,False
600213.SH,2018-01-02,2024-10-17,1646,SH,True,*ST亚星,False
600215.SH,2018-01-02,2026-09-11,2111,SH,False,派斯林,False
600216.SH,2018-01-02,2026-09-11,2111,SH,False,浙江医药,False
600217.SH,2018-01-02,2026-09-11,2111,SH,False,中再资环,False
600218.SH,2018-01-02,2026-09-11,2111,SH,False,全柴动力,False
600219.SH,2018-01-02,2026-09-11,2111,SH,False,南山铝业,False
600220.SH,2018-01-02,2024-07-10,1582,SH,True,ST阳光,False
600221.SH,2018-01-02,2026-09-11,2111,SH,False,海航控股,False
600222.SH,2018-01-02,2026-09-11,2111,SH,False,太龙药业,False
600223.SH,2018-01-02,2026-09-11,2111,SH,False,福瑞达,False
600225.SH,2018-01-02,2025-03-06,1739,SH,True,退市卓朗,True
600226.SH,2018-01-02,2026-09-11,2111,SH,False,亨通股份,False
600227.SH,2018-01-02,2026-09-11,2111,SH,False,赤天化,False
600228.SH,2018-01-02,2026-09-11,2111,SH,False,返利科技,False
600229.SH,2018-01-02,2026-09-11,2111,SH,False,城市传媒,False
600230.SH,2018-01-02,2026-09-11,2111,SH,False,沧州大化,False
600231.SH,2018-01-02,2026-09-11,2111,SH,False,凌钢股份,False
600232.SH,2018-01-02,2026-09-11,2111,SH,False,金鹰股份,False
600233.SH,2018-01-02,2026-09-11,2111,SH,False,圆通速递,False
600234.SH,2018-01-02,2026-09-11,2111,SH,False,科新发展,False
600235.SH,2018-01-02,2026-09-11,2111,SH,False,民丰特纸,False
600236.SH,2018-01-02,2026-09-11,2111,SH,False,桂冠电力,False
600237.SH,2018-01-02,2026-09-11,2111,SH,False,铜峰电子,False
600238.SH,2018-01-02,2026-09-11,2111,SH,False,ST椰岛,False
600239.SH,2018-01-02,2026-09-11,2111,SH,False,ST云城,False
600240.SH,2018-01-02,2020-02-05,506,SH,True,退市华业,True
600241.SH,2018-01-02,2026-09-11,2111,SH,False,时代万恒,False
600242.SH,2018-01-02,2023-06-29,1332,SH,True,退市中昌,True
600243.SH,2018-01-02,2026-09-11,2111,SH,False,*ST海华,False
600246.SH,2018-01-02,2026-09-11,2111,SH,False,万通发展,False
600247.SH,2018-01-02,2021-03-22,781,SH,True,*ST成城,False
600248.SH,2018-01-02,2026-09-11,2111,SH,False,陕建股份,False
600249.SH,2018-01-02,2026-09-11,2111,SH,False,两面针,False
600250.SH,2018-01-02,2026-09-11,2111,SH,False,南京商旅,False
600251.SH,2018-01-02,2026-09-11,2111,SH,False,冠农股份,False
600252.SH,2018-01-02,2026-09-11,2111,SH,False,中恒集团,False
600255.SH,2018-01-02,2026-09-11,2111,SH,False,鑫科材料,False
600256.SH,2018-01-02,2026-09-11,2111,SH,False,广汇能源,False
600257.SH,2018-01-02,2026-09-11,2111,SH,False,大湖股份,False
600258.SH,2018-01-02,2026-09-11,2111,SH,False,首旅酒店,False
600259.SH,2018-01-02,2026-09-11,2111,SH,False,中稀有色,False
600260.SH,2018-01-02,2023-02-15,1242,SH,True,*ST凯乐,False
600261.SH,2018-01-02,2026-09-11,2111,SH,False,阳光照明,False
600262.SH,2018-01-02,2026-09-11,2111,SH,False,北方股份,False
600265.SH,2018-01-02,2026-09-11,2111,SH,False,*ST景谷,False
600266.SH,2018-01-02,2026-09-11,2111,SH,False,城建发展,False
600267.SH,2018-01-02,2026-09-11,2111,SH,False,海正药业,False
600268.SH,2018-01-02,2026-09-11,2111,SH,False,国电南自,False
600269.SH,2018-01-02,2026-09-11,2111,SH,False,赣粤高速,False
600270.SH,2018-01-02,2018-12-28,243,SH,True,外运发展,False
600271.SH,2018-01-02,2026-09-11,2111,SH,False,航天信息,False
600272.SH,2018-01-02,2026-09-11,2111,SH,False,开开实业,False
600273.SH,2018-01-02,2026-09-11,2111,SH,False,嘉化能源,False
600275.SH,2018-01-02,2022-06-22,1084,SH,True,退市昌鱼,True
600276.SH,2018-01-02,2026-09-11,2111,SH,False,恒瑞医药,False
600277.SH,2018-01-02,2024-07-18,1588,SH,True,ST亿利,False
600278.SH,2018-01-02,2026-09-11,2111,SH,False,东方创业,False
600279.SH,2018-01-02,2026-09-11,2111,SH,False,重庆港,False
600280.SH,2018-01-02,2026-09-11,2111,SH,False,中央商场,False
600281.SH,2018-01-02,2026-09-11,2111,SH,False,华阳新材,False
600282.SH,2018-01-02,2026-09-11,2111,SH,False,南钢股份,False
600283.SH,2018-01-02,2026-09-11,2111,SH,False,钱江水利,False
600284.SH,2018-01-02,2026-09-11,2111,SH,False,浦东建设,False
600285.SH,2018-01-02,2026-09-11,2111,SH,False,羚锐制药,False
600287.SH,2018-01-02,2026-09-11,2111,SH,False,苏豪时尚,False
600288.SH,2018-01-02,2026-09-11,2111,SH,False,大恒科技,False
600289.SH,2018-01-02,2026-09-11,2111,SH,False,ST信通,False
600290.SH,2018-01-02,2024-01-16,1468,SH,True,*ST华仪,False
600291.SH,2018-01-02,2022-06-14,1078,SH,True,退市西水,True
600292.SH,2018-01-02,2026-09-11,2111,SH,False,电投水电,False
600293.SH,2018-01-02,2026-09-11,2111,SH,False,三峡新材,False
600295.SH,2018-01-02,2026-09-11,2111,SH,False,鄂尔多斯,False
600297.SH,2018-01-02,2024-08-28,1617,SH,True,广汇汽车,False
600298.SH,2018-01-02,2026-09-11,2111,SH,False,安琪酵母,False
600299.SH,2018-01-02,2026-09-11,2111,SH,False,安迪苏,False
600300.SH,2018-01-02,2026-09-11,2111,SH,False,维维股份,False
600301.SH,2018-01-02,2026-09-11,2111,SH,False,华锡有色,False
600302.SH,2018-01-02,2026-09-11,2111,SH,False,ST标准,False
600303.SH,2018-01-02,2026-09-11,2111,SH,False,曙光股份,False
600305.SH,2018-01-02,2026-09-11,2111,SH,False,恒顺醋业,False
600306.SH,2018-01-02,2024-06-26,1572,SH,True,退市商城,True
600307.SH,2018-01-02,2026-09-11,2111,SH,False,酒钢宏兴,False
600308.SH,2018-01-02,2026-09-11,2111,SH,False,华泰股份,False
600309.SH,2018-01-02,2026-09-11,2111,SH,False,万华化学,False
600310.SH,2018-01-02,2026-09-11,2111,SH,False,广西能源,False
600311.SH,2018-01-02,2023-03-27,1270,SH,True,*ST荣华,False
600312.SH,2018-01-02,2026-09-11,2111,SH,False,平高电气,False
600313.SH,2018-01-02,2026-09-11,2111,SH,False,农发种业,False
600315.SH,2018-01-02,2026-09-11,2111,SH,False,上海家化,False
600316.SH,2018-01-02,2026-09-11,2111,SH,False,洪都航空,False
600317.SH,2018-01-02,2021-01-29,750,SH,True,营口港,False
600318.SH,2018-01-02,2026-09-11,2111,SH,False,新力金融,False
600319.SH,2018-01-02,2026-09-11,2111,SH,False,亚星化学,False
600320.SH,2018-01-02,2026-09-11,2111,SH,False,振华重工,False
600321.SH,2018-01-02,2024-06-27,1573,SH,True,正源股份,False
600322.SH,2018-01-02,2026-09-11,2111,SH,False,津投城开,False
600323.SH,2018-01-02,2026-09-11,2111,SH,False,瀚蓝环境,False
600325.SH,2018-01-02,2026-09-11,2111,SH,False,华发股份,False
600326.SH,2018-01-02,2026-09-11,2111,SH,False,西藏天路,False
600327.SH,2018-01-02,2026-09-11,2111,SH,False,大东方,False
600328.SH,2018-01-02,2026-09-11,2111,SH,False,中盐化工,False
600329.SH,2018-01-02,2026-09-11,2111,SH,False,达仁堂,False
600330.SH,2018-01-02,2026-09-11,2111,SH,False,天通股份,False
600331.SH,2018-01-02,2026-09-11,2111,SH,False,宏达股份,False
600332.SH,2018-01-02,2026-09-11,2111,SH,False,白云山,False
600333.SH,2018-01-02,2026-09-11,2111,SH,False,长春燃气,False
600335.SH,2018-01-02,2026-09-11,2111,SH,False,国机汽车,False
600336.SH,2018-01-02,2026-09-11,2111,SH,False,澳柯玛,False
600337.SH,2018-01-02,2026-09-11,2111,SH,False,ST美克,False
600338.SH,2018-01-02,2026-09-11,2111,SH,False,西藏珠峰,False
600339.SH,2018-01-02,2026-09-11,2111,SH,False,中油工程,False
600340.SH,2018-01-02,2026-09-11,2111,SH,False,*ST华幸,False
600343.SH,2018-01-02,2026-09-11,2111,SH,False,航天动力,False
600345.SH,2018-01-02,2026-09-11,2111,SH,False,长江通信,False
600346.SH,2018-01-02,2026-09-11,2111,SH,False,恒力石化,False
600348.SH,2018-01-02,2026-09-11,2111,SH,False,华阳股份,False
600350.SH,2018-01-02,2026-09-11,2111,SH,False,山东高速,False
600351.SH,2018-01-02,2026-09-11,2111,SH,False,亚宝药业,False
600352.SH,2018-01-02,2026-09-11,2111,SH,False,浙江龙盛,False
600353.SH,2018-01-02,2026-09-11,2111,SH,False,旭光电子,False
600354.SH,2018-01-02,2026-09-11,2111,SH,False,敦煌种业,False
600355.SH,2018-01-02,2026-04-24,2015,SH,True,*ST精伦,False
600356.SH,2018-01-02,2026-09-11,2111,SH,False,恒丰纸业,False
600358.SH,2018-01-02,2026-09-11,2111,SH,False,国旅联合,False
600359.SH,2018-01-02,2026-09-11,2111,SH,False,新农开发,False
600360.SH,2018-01-02,2026-09-11,2111,SH,False,华微电子,False
600361.SH,2018-01-02,2026-09-11,2111,SH,False,创新新材,False
600362.SH,2018-01-02,2026-09-11,2111,SH,False,江西铜业,False
600363.SH,2018-01-02,2026-09-11,2111,SH,False,联创光电,False
600365.SH,2018-01-02,2026-09-11,2111,SH,False,ST通葡,False
600366.SH,2018-01-02,2026-09-11,2111,SH,False,宁波韵升,False
600367.SH,2018-01-02,2026-09-11,2111,SH,False,红星发展,False
600368.SH,2018-01-02,2026-09-11,2111,SH,False,五洲交通,False
600369.SH,2018-01-02,2026-09-11,2111,SH,False,西南证券,False
600370.SH,2018-01-02,2026-09-11,2111,SH,False,*ST三房,False
600371.SH,2018-01-02,2026-09-11,2111,SH,False,万向德农,False
600372.SH,2018-01-02,2026-09-11,2111,SH,False,中航机载,False
600373.SH,2018-01-02,2026-09-11,2111,SH,False,中文传媒,False
600375.SH,2018-01-02,2026-09-11,2111,SH,False,汉马科技,False
600376.SH,2018-01-02,2026-09-11,2111,SH,False,首开股份,False
600377.SH,2018-01-02,2026-09-11,2111,SH,False,宁沪高速,False
600378.SH,2018-01-02,2026-09-11,2111,SH,False,昊华科技,False
600379.SH,2018-01-02,2026-09-11,2111,SH,False,宝光股份,False
600380.SH,2018-01-02,2026-09-11,2111,SH,False,健康元,False
600381.SH,2018-01-02,2026-09-11,2111,SH,False,*ST春天,False
600382.SH,2018-01-02,2026-09-11,2111,SH,False,广东明珠,False
600383.SH,2018-01-02,2026-09-11,2111,SH,False,金地集团,False
600385.SH,2018-01-02,2022-07-07,1095,SH,True,退市金泰,True
600386.SH,2018-01-02,2026-09-11,2111,SH,False,北巴传媒,False
600387.SH,2018-01-02,2025-07-10,1824,SH,True,退市海越,True
600388.SH,2018-01-02,2026-09-11,2111,SH,False,紫金龙净,False
600389.SH,2018-01-02,2026-09-11,2111,SH,False,江山股份,False
600390.SH,2018-01-02,2026-09-11,2111,SH,False,五矿资本,False
600391.SH,2018-01-02,2026-09-11,2111,SH,False,航发科技,False
600392.SH,2018-01-02,2026-09-11,2111,SH,False,盛和资源,False
600393.SH,2018-01-02,2023-07-18,1345,SH,True,ST粤泰,False
600395.SH,2018-01-02,2026-09-11,2111,SH,False,盘江股份,False
600396.SH,2018-01-02,2026-09-11,2111,SH,False,华电辽能,False
600397.SH,2018-01-02,2026-09-11,2111,SH,False,江钨装备,False
600398.SH,2018-01-02,2026-09-11,2111,SH,False,海澜之家,False
600399.SH,2018-01-02,2026-09-11,2111,SH,False,抚顺特钢,False
600400.SH,2018-01-02,2026-09-11,2111,SH,False,红豆股份,False
600401.SH,2018-01-02,2019-07-12,371,SH,True,退市海润,True
600403.SH,2018-01-02,2026-09-11,2111,SH,False,大有能源,False
600405.SH,2018-01-02,2026-09-11,2111,SH,False,动力源,False
600406.SH,2018-01-02,2026-09-11,2111,SH,False,国电南瑞,False
600408.SH,2018-01-02,2026-09-11,2111,SH,False,安泰集团,False
600409.SH,2018-01-02,2026-09-11,2111,SH,False,三友化工,False
600410.SH,2018-01-02,2026-09-11,2111,SH,False,华胜天成,False
600415.SH,2018-01-02,2026-09-11,2111,SH,False,小商品城,False
600416.SH,2018-01-02,2026-09-11,2111,SH,False,湘电股份,False
600418.SH,2018-01-02,2026-09-11,2111,SH,False,江淮汽车,False
600419.SH,2018-01-02,2026-09-11,2111,SH,False,天润乳业,False
600420.SH,2018-01-02,2026-09-11,2111,SH,False,国药现代,False
600421.SH,2018-01-02,2026-06-25,2055,SH,True,退市华嵘,True
600422.SH,2018-01-02,2026-09-11,2111,SH,False,昆药集团,False
600423.SH,2018-01-02,2026-09-11,2111,SH,False,*ST柳化,False
600425.SH,2018-01-02,2026-09-11,2111,SH,False,青松建化,False
600426.SH,2018-01-02,2026-09-11,2111,SH,False,华鲁恒升,False
600428.SH,2018-01-02,2026-09-11,2111,SH,False,中远海特,False
600429.SH,2018-01-02,2026-09-11,2111,SH,False,三元股份,False
600432.SH,2018-01-02,2018-07-13,129,SH,True,退市吉恩,True
600433.SH,2018-01-02,2026-09-11,2111,SH,False,冠豪高新,False
600435.SH,2018-01-02,2026-09-11,2111,SH,False,北方导航,False
600436.SH,2018-01-02,2026-09-11,2111,SH,False,片仔癀,False
600438.SH,2018-01-02,2026-09-11,2111,SH,False,通威股份,False
600439.SH,2018-01-02,2026-09-11,2111,SH,False,ST瑞贝卡,False
600444.SH,2018-01-02,2026-09-11,2111,SH,False,国机通用,False
600446.SH,2018-01-02,2026-09-11,2111,SH,False,金证股份,False
600448.SH,2018-01-02,2026-09-11,2111,SH,False,华纺股份,False
600449.SH,2018-01-02,2026-09-11,2111,SH,False,宁夏建材,False
600452.SH,2018-01-02,2026-09-11,2111,SH,False,涪陵电力,False
600455.SH,2018-01-02,2026-09-11,2111,SH,False,博通股份,False
600456.SH,2018-01-02,2026-09-11,2111,SH,False,宝钛股份,False
600458.SH,2018-01-02,2026-09-11,2111,SH,False,时代新材,False
600459.SH,2018-01-02,2026-09-11,2111,SH,False,贵研铂业,False
600460.SH,2018-01-02,2026-09-11,2111,SH,False,士兰微,False
600461.SH,2018-01-02,2026-09-11,2111,SH,False,洪城环境,False
600462.SH,2018-01-02,2025-07-18,1830,SH,True,退市九有,True
600463.SH,2018-01-02,2026-09-11,2111,SH,False,空港股份,False
600466.SH,2018-01-02,2023-06-06,1317,SH,True,*ST蓝光,False
600467.SH,2018-01-02,2026-09-11,2111,SH,False,好当家,False
600468.SH,2018-01-02,2026-09-11,2111,SH,False,百利电气,False
600469.SH,2018-01-02,2026-09-11,2111,SH,False,风神股份,False
600470.SH,2018-01-02,2026-09-11,2111,SH,False,六国化工,False
600475.SH,2018-01-02,2026-09-11,2111,SH,False,华光环能,False
600476.SH,2018-01-02,2026-09-11,2111,SH,False,*ST湘邮,False
600477.SH,2018-01-02,2026-09-11,2111,SH,False,杭萧钢构,False
600478.SH,2018-01-02,2026-09-11,2111,SH,False,科力远,False
600479.SH,2018-01-02,2026-09-11,2111,SH,False,千金药业,False
600480.SH,2018-01-02,2026-09-11,2111,SH,False,凌云股份,False
600481.SH,2018-01-02,2026-09-11,2111,SH,False,双良节能,False
600482.SH,2018-01-02,2026-09-11,2111,SH,False,中国动力,False
600483.SH,2018-01-02,2026-09-11,2111,SH,False,福能股份,False
600485.SH,2018-01-02,2021-06-01,828,SH,True,*ST信威,False
600486.SH,2018-01-02,2026-09-11,2111,SH,False,扬农化工,False
600487.SH,2018-01-02,2026-09-11,2111,SH,False,亨通光电,False
600488.SH,2018-01-02,2026-09-11,2111,SH,False,津药药业,False
600489.SH,2018-01-02,2026-09-11,2111,SH,False,中金黄金,False
600490.SH,2018-01-02,2026-09-11,2111,SH,False,鹏欣资源,False
600491.SH,2018-01-02,2026-09-11,2111,SH,False,ST龙元,False
600493.SH,2018-01-02,2026-09-11,2111,SH,False,凤竹纺织,False
600495.SH,2018-01-02,2026-09-11,2111,SH,False,晋西车轴,False
600496.SH,2018-01-02,2026-09-11,2111,SH,False,精工钢构,False
600497.SH,2018-01-02,2026-09-11,2111,SH,False,驰宏锌锗,False
600498.SH,2018-01-02,2026-09-11,2111,SH,False,烽火通信,False
600499.SH,2018-01-02,2026-09-11,2111,SH,False,科达制造,False
600500.SH,2018-01-02,2026-09-11,2111,SH,False,中化国际,False
600501.SH,2018-01-02,2026-09-11,2111,SH,False,航天晨光,False
600502.SH,2018-01-02,2026-09-11,2111,SH,False,安徽建工,False
600503.SH,2018-01-02,2026-09-11,2111,SH,False,华丽家族,False
600505.SH,2018-01-02,2026-09-11,2111,SH,False,西昌电力,False
600506.SH,2018-01-02,2026-09-11,2111,SH,False,统一股份,False
600507.SH,2018-01-02,2026-09-11,2111,SH,False,方大特钢,False
600508.SH,2018-01-02,2026-09-11,2111,SH,False,上海能源,False
600509.SH,2018-01-02,2026-09-11,2111,SH,False,天富能源,False
600510.SH,2018-01-02,2026-09-11,2111,SH,False,黑牡丹,False
600511.SH,2018-01-02,2026-09-11,2111,SH,False,国药股份,False
600512.SH,2018-01-02,2026-09-11,2111,SH,False,腾达建设,False
600513.SH,2018-01-02,2026-09-11,2111,SH,False,联环药业,False
600515.SH,2018-01-02,2026-09-11,2111,SH,False,海南机场,False
600516.SH,2018-01-02,2026-09-11,2111,SH,False,方大炭素,False
600517.SH,2018-01-02,2026-09-11,2111,SH,False,国网英大,False
600518.SH,2018-01-02,2026-09-11,2111,SH,False,康美药业,False
600519.SH,2018-01-02,2026-09-11,2111,SH,False,贵州茅台,False
600520.SH,2018-01-02,2026-09-11,2111,SH,False,三佳科技,False
600521.SH,2018-01-02,2026-09-11,2111,SH,False,华海药业,False
600522.SH,2018-01-02,2026-09-11,2111,SH,False,中天科技,False
600523.SH,2018-01-02,2026-09-11,2111,SH,False,贵航股份,False
600525.SH,2018-01-02,2026-09-11,2111,SH,False,长园集团,False
600526.SH,2018-01-02,2026-09-11,2111,SH,False,菲达环保,False
600527.SH,2018-01-02,2026-09-11,2111,SH,False,江南高纤,False
600528.SH,2018-01-02,2026-09-11,2111,SH,False,中铁工业,False
600529.SH,2018-01-02,2026-09-11,2111,SH,False,山东药玻,False
600530.SH,2018-01-02,2026-09-11,2111,SH,False,ST交昂,False
600531.SH,2018-01-02,2026-09-11,2111,SH,False,豫光金铅,False
600532.SH,2018-01-02,2023-06-28,1331,SH,True,退市未来,True
600533.SH,2018-01-02,2026-09-11,2111,SH,False,栖霞建设,False
600535.SH,2018-01-02,2026-09-11,2111,SH,False,天士力,False
600536.SH,2018-01-02,2026-09-11,2111,SH,False,中国软件,False
600537.SH,2018-01-02,2026-09-11,2111,SH,False,*ST亿晶,False
600538.SH,2018-01-02,2026-09-11,2111,SH,False,国发股份,False
600539.SH,2018-01-02,2026-09-11,2111,SH,False,狮头股份,False
600540.SH,2018-01-02,2026-09-11,2111,SH,False,新赛股份,False
600543.SH,2018-01-02,2026-09-11,2111,SH,False,*ST莫高,False
600545.SH,2018-01-02,2026-09-11,2111,SH,False,卓郎智能,False
600546.SH,2018-01-02,2026-09-11,2111,SH,False,山煤国际,False
600547.SH,2018-01-02,2026-09-11,2111,SH,False,山东黄金,False
600548.SH,2018-01-02,2026-09-11,2111,SH,False,深高速,False
600549.SH,2018-01-02,2026-09-11,2111,SH,False,厦门钨业,False
600550.SH,2018-01-02,2026-09-11,2111,SH,False,保变电气,False
600551.SH,2018-01-02,2026-09-11,2111,SH,False,时代出版,False
600552.SH,2018-01-02,2026-09-11,2111,SH,False,凯盛科技,False
600555.SH,2018-01-02,2022-07-13,1099,SH,True,退市海创,True
600556.SH,2018-01-02,2026-09-11,2111,SH,False,天下秀,False
600557.SH,2018-01-02,2026-09-11,2111,SH,False,康缘药业,False
600558.SH,2018-01-02,2026-09-11,2111,SH,False,大西洋,False
600559.SH,2018-01-02,2026-09-11,2111,SH,False,老白干酒,False
600560.SH,2018-01-02,2026-09-11,2111,SH,False,金自天正,False
600561.SH,2018-01-02,2026-09-11,2111,SH,False,江西长运,False
600562.SH,2018-01-02,2026-09-11,2111,SH,False,国睿科技,False
600563.SH,2018-01-02,2026-09-11,2111,SH,False,法拉电子,False
600565.SH,2018-01-02,2024-08-07,1602,SH,True,ST迪马,False
600566.SH,2018-01-02,2026-09-11,2111,SH,False,济川药业,False
600567.SH,2018-01-02,2026-09-11,2111,SH,False,山鹰国际,False
600568.SH,2018-01-02,2026-09-11,2111,SH,False,ST中珠,False
600569.SH,2018-01-02,2026-09-11,2111,SH,False,安阳钢铁,False
600570.SH,2018-01-02,2026-09-11,2111,SH,False,恒生电子,False
600571.SH,2018-01-02,2026-09-11,2111,SH,False,信雅达,False
600572.SH,2018-01-02,2026-09-11,2111,SH,False,康恩贝,False
600573.SH,2018-01-02,2026-09-11,2111,SH,False,惠泉啤酒,False
600575.SH,2018-01-02,2026-09-11,2111,SH,False,淮河能源,False
600576.SH,2018-01-02,2026-09-11,2111,SH,False,祥源文旅,False
600577.SH,2018-01-02,2026-09-11,2111,SH,False,精达股份,False
600578.SH,2018-01-02,2026-09-11,2111,SH,False,京能电力,False
600579.SH,2018-01-02,2026-09-11,2111,SH,False,中化装备,False
600580.SH,2018-01-02,2026-09-11,2111,SH,False,卧龙电驱,False
600581.SH,2018-01-02,2026-09-11,2111,SH,False,*ST八钢,False
600582.SH,2018-01-02,2026-09-11,2111,SH,False,天地科技,False
600583.SH,2018-01-02,2026-09-11,2111,SH,False,海油工程,False
600584.SH,2018-01-02,2026-09-11,2111,SH,False,长电科技,False
600585.SH,2018-01-02,2026-09-11,2111,SH,False,海螺水泥,False
600586.SH,2018-01-02,2026-09-11,2111,SH,False,金晶科技,False
600587.SH,2018-01-02,2026-09-11,2111,SH,False,新华医疗,False
600588.SH,2018-01-02,2026-09-11,2111,SH,False,用友网络,False
600589.SH,2018-01-02,2026-09-11,2111,SH,False,大位科技,False
600590.SH,2018-01-02,2026-09-11,2111,SH,False,泰豪科技,False
600592.SH,2018-01-02,2026-09-11,2111,SH,False,龙溪股份,False
600593.SH,2018-01-02,2026-09-11,2111,SH,False,大连圣亚,False
600594.SH,2018-01-02,2026-09-11,2111,SH,False,益佰制药,False
600595.SH,2018-01-02,2026-09-11,2111,SH,False,中孚实业,False
600596.SH,2018-01-02,2026-09-11,2111,SH,False,新安股份,False
600597.SH,2018-01-02,2026-09-11,2111,SH,False,光明乳业,False
600598.SH,2018-01-02,2026-09-11,2111,SH,False,北大荒,False
600599.SH,2018-01-02,2026-06-25,2055,SH,True,退市熊猫,True
600600.SH,2018-01-02,2026-09-11,2111,SH,False,青岛啤酒,False
600601.SH,2018-01-02,2026-09-11,2111,SH,False,方正科技,False
600602.SH,2018-01-02,2026-09-11,2111,SH,False,云赛智联,False
600603.SH,2018-01-02,2026-09-11,2111,SH,False,广汇物流,False
600604.SH,2018-01-02,2026-09-11,2111,SH,False,市北高新,False
600605.SH,2018-01-02,2026-09-11,2111,SH,False,汇通能源,False
600606.SH,2018-01-02,2026-09-11,2111,SH,False,绿地控股,False
600608.SH,2018-01-02,2026-07-02,2060,SH,True,退市沪科,True
600609.SH,2018-01-02,2026-09-11,2111,SH,False,金杯汽车,False
600610.SH,2018-01-02,2026-09-11,2111,SH,False,中毅达,False
600611.SH,2018-01-02,2026-09-11,2111,SH,False,大众交通,False
600612.SH,2018-01-02,2026-09-11,2111,SH,False,老凤祥,False
600613.SH,2018-01-02,2026-09-11,2111,SH,False,神奇制药,False
600614.SH,2018-01-02,2021-07-21,863,SH,True,退市鹏起,True
600615.SH,2018-01-02,2026-09-11,2111,SH,False,鑫源智造,False
600616.SH,2018-01-02,2026-09-11,2111,SH,False,金枫酒业,False
600617.SH,2018-01-02,2026-09-11,2111,SH,False,国新能源,False
600618.SH,2018-01-02,2026-09-11,2111,SH,False,氯碱化工,False
600619.SH,2018-01-02,2026-09-11,2111,SH,False,海立股份,False
600620.SH,2018-01-02,2026-09-11,2111,SH,False,天宸股份,False
600621.SH,2018-01-02,2026-09-11,2111,SH,False,华鑫股份,False
600622.SH,2018-01-02,2026-09-11,2111,SH,False,光大嘉宝,False
600623.SH,2018-01-02,2026-09-11,2111,SH,False,华谊集团,False
600624.SH,2018-01-02,2026-09-11,2111,SH,False,ST复华,False
600626.SH,2018-01-02,2026-09-11,2111,SH,False,申达股份,False
600628.SH,2018-01-02,2026-09-11,2111,SH,False,新世界,False
600629.SH,2018-01-02,2026-09-11,2111,SH,False,华建集团,False
600630.SH,2018-01-02,2026-09-11,2111,SH,False,龙头股份,False
600633.SH,2018-01-02,2026-09-11,2111,SH,False,浙数文化,False
600634.SH,2018-01-02,2021-07-21,863,SH,True,退市富控,True
600635.SH,2018-01-02,2026-09-11,2111,SH,False,大众公用,False
600636.SH,2018-01-02,2026-06-26,2056,SH,True,退市国化,True
600637.SH,2018-01-02,2026-09-11,2111,SH,False,东方明珠,False
600638.SH,2018-01-02,2026-09-11,2111,SH,False,新黄浦,False
600639.SH,2018-01-02,2026-09-11,2111,SH,False,浦东金桥,False
600640.SH,2018-01-02,2026-09-11,2111,SH,False,国脉文化,False
600641.SH,2018-01-02,2026-09-11,2111,SH,False,先导基电,False
600642.SH,2018-01-02,2026-09-11,2111,SH,False,申能股份,False
600643.SH,2018-01-02,2026-09-11,2111,SH,False,爱建集团,False
600644.SH,2018-01-02,2026-09-11,2111,SH,False,乐山电力,False
600645.SH,2018-01-02,2026-09-11,2111,SH,False,中源协和,False
600647.SH,2018-01-02,2024-07-03,1577,SH,True,退市同达,True
600648.SH,2018-01-02,2026-09-11,2111,SH,False,外高桥,False
600649.SH,2018-01-02,2026-09-11,2111,SH,False,城投控股,False
600650.SH,2018-01-02,2026-09-11,2111,SH,False,锦江在线,False
600651.SH,2018-01-02,2026-09-11,2111,SH,False,飞乐音响,False
600652.SH,2018-01-02,2022-06-21,1083,SH,True,退市游久,True
600653.SH,2018-01-02,2026-09-11,2111,SH,False,申华控股,False
600654.SH,2018-01-02,2026-09-11,2111,SH,False,中安科,False
600655.SH,2018-01-02,2026-09-11,2111,SH,False,豫园股份,False
600657.SH,2018-01-02,2026-09-11,2111,SH,False,信达地产,False
600658.SH,2018-01-02,2026-09-11,2111,SH,False,电子城,False
600660.SH,2018-01-02,2026-09-11,2111,SH,False,福耀玻璃,False
600661.SH,2018-01-02,2026-09-11,2111,SH,False,昂立教育,False
600662.SH,2018-01-02,2026-09-11,2111,SH,False,外服控股,False
600663.SH,2018-01-02,2026-09-11,2111,SH,False,陆家嘴,False
600664.SH,2018-01-02,2026-09-11,2111,SH,False,哈药股份,False
600665.SH,2018-01-02,2026-09-11,2111,SH,False,天地源,False
600666.SH,2018-01-02,2026-09-11,2111,SH,False,奥瑞德,False
600667.SH,2018-01-02,2026-09-11,2111,SH,False,太极实业,False
600668.SH,2018-01-02,2026-09-11,2111,SH,False,尖峰集团,False
600671.SH,2018-01-02,2026-09-11,2111,SH,False,天目药业,False
600673.SH,2018-01-02,2026-09-11,2111,SH,False,东阳光,False
600674.SH,2018-01-02,2026-09-11,2111,SH,False,川投能源,False
600675.SH,2018-01-02,2026-09-11,2111,SH,False,中华企业,False
600676.SH,2018-01-02,2026-09-11,2111,SH,False,久事动娱,False
600677.SH,2018-01-02,2021-03-18,779,SH,True,*ST航通,False
600678.SH,2018-01-02,2026-09-11,2111,SH,False,ST金顶,False
600679.SH,2018-01-02,2026-09-11,2111,SH,False,上海凤凰,False
600680.SH,2018-01-02,2019-05-24,337,SH,True,*ST上普,False
600681.SH,2018-01-02,2026-09-11,2111,SH,False,百川能源,False
600682.SH,2018-01-02,2026-09-11,2111,SH,False,南京新百,False
600683.SH,2018-01-02,2026-09-11,2111,SH,False,京投发展,False
600684.SH,2018-01-02,2026-09-11,2111,SH,False,珠江股份,False
600685.SH,2018-01-02,2026-09-11,2111,SH,False,中船防务,False
600686.SH,2018-01-02,2026-09-11,2111,SH,False,金龙汽车,False
600687.SH,2018-01-02,2021-03-03,768,SH,True,退市刚泰,True
600688.SH,2018-01-02,2026-09-11,2111,SH,False,上海石化,False
600689.SH,2018-01-02,2026-09-11,2111,SH,False,上海三毛,False
600690.SH,2018-01-02,2026-09-11,2111,SH,False,海尔智家,False
600691.SH,2018-01-02,2026-09-11,2111,SH,False,潞化科技,False
600692.SH,2018-01-02,2026-09-11,2111,SH,False,亚通股份,False
600693.SH,2018-01-02,2026-09-11,2111,SH,False,东百集团,False
600694.SH,2018-01-02,2026-09-11,2111,SH,False,大商股份,False
600695.SH,2018-01-02,2022-06-14,1078,SH,True,退市绿庭,True
600696.SH,2018-01-02,2026-06-26,2056,SH,True,退市岩石,True
600697.SH,2018-01-02,2026-09-11,2111,SH,False,欧亚集团,False
600698.SH,2018-01-02,2026-09-11,2111,SH,False,湖南天雁,False
600699.SH,2018-01-02,2026-09-11,2111,SH,False,均胜电子,False
600701.SH,2018-01-02,2021-04-30,809,SH,True,退市工新,True
600702.SH,2018-01-02,2026-09-11,2111,SH,False,舍得酒业,False
600703.SH,2018-01-02,2026-09-11,2111,SH,False,三安光电,False
600704.SH,2018-01-02,2026-09-11,2111,SH,False,物产中大,False
600705.SH,2018-01-02,2025-05-26,1792,SH,True,中航产融,False
600706.SH,2018-01-02,2026-09-11,2111,SH,False,曲江文旅,False
600707.SH,2018-01-02,2026-09-11,2111,SH,False,彩虹股份,False
600708.SH,2018-01-02,2026-09-11,2111,SH,False,光明地产,False
600710.SH,2018-01-02,2026-09-11,2111,SH,False,苏美达,False
600711.SH,2018-01-02,2026-09-11,2111,SH,False,盛屯矿业,False
600712.SH,2018-01-02,2026-09-11,2111,SH,False,南宁百货,False
600713.SH,2018-01-02,2026-09-11,2111,SH,False,南京医药,False
600714.SH,2018-01-02,2026-09-11,2111,SH,False,金瑞矿业,False
600715.SH,2018-01-02,2026-09-11,2111,SH,False,文投控股,False
600716.SH,2018-01-02,2026-09-11,2111,SH,False,凤凰股份,False
600717.SH,2018-01-02,2026-09-11,2111,SH,False,天津港,False
600718.SH,2018-01-02,2026-09-11,2111,SH,False,东软集团,False
600719.SH,2018-01-02,2026-09-11,2111,SH,False,大连热电,False
600720.SH,2018-01-02,2026-09-11,2111,SH,False,中交设计,False
600721.SH,2018-01-02,2026-09-11,2111,SH,False,百花医药,False
600722.SH,2018-01-02,2026-09-11,2111,SH,False,金牛化工,False
600723.SH,2018-01-02,2021-10-22,923,SH,True,首商股份,False
600724.SH,2018-01-02,2026-09-11,2111,SH,False,宁波富达,False
600725.SH,2018-01-02,2026-09-11,2111,SH,False,云维股份,False
600726.SH,2018-01-02,2026-09-11,2111,SH,False,华电能源,False
600727.SH,2018-01-02,2026-09-11,2111,SH,False,鲁北化工,False
600728.SH,2018-01-02,2026-09-11,2111,SH,False,佳都科技,False
600729.SH,2018-01-02,2026-09-11,2111,SH,False,重百集团,False
600730.SH,2018-01-02,2026-09-11,2111,SH,False,*ST高科,False
600731.SH,2018-01-02,2026-09-11,2111,SH,False,湖南海利,False
600732.SH,2018-01-02,2026-09-11,2111,SH,False,爱旭股份,False
600733.SH,2018-01-02,2026-09-11,2111,SH,False,北汽蓝谷,False
600734.SH,2018-01-02,2026-09-11,2111,SH,False,*ST实达,False
600735.SH,2018-01-02,2026-09-11,2111,SH,False,ST新华锦,False
600736.SH,2018-01-02,2026-09-11,2111,SH,False,苏州高新,False
600737.SH,2018-01-02,2026-09-11,2111,SH,False,中粮糖业,False
600738.SH,2018-01-02,2026-09-11,2111,SH,False,丽尚国潮,False
600739.SH,2018-01-02,2026-09-11,2111,SH,False,辽宁成大,False
600740.SH,2018-01-02,2026-09-11,2111,SH,False,山西焦化,False
600741.SH,2018-01-02,2026-09-11,2111,SH,False,华域汽车,False
600742.SH,2018-01-02,2026-09-11,2111,SH,False,富维股份,False
600743.SH,2018-01-02,2026-09-11,2111,SH,False,华远控股,False
600744.SH,2018-01-02,2026-09-11,2111,SH,False,华银电力,False
600745.SH,2018-01-02,2026-09-11,2111,SH,False,*ST闻泰,False
600746.SH,2018-01-02,2026-09-11,2111,SH,False,江苏索普,False
600747.SH,2018-01-02,2019-12-12,474,SH,True,退市大控,True
600748.SH,2018-01-02,2026-09-11,2111,SH,False,上实发展,False
600749.SH,2018-01-02,2026-09-11,2111,SH,False,西藏旅游,False
600750.SH,2018-01-02,2026-09-11,2111,SH,False,华润江中,False
600751.SH,2018-01-02,2026-09-11,2111,SH,False,海航科技,False
600753.SH,2018-01-02,2026-09-11,2111,SH,False,ST海钦,False
600754.SH,2018-01-02,2026-09-11,2111,SH,False,锦江酒店,False
600755.SH,2018-01-02,2026-09-11,2111,SH,False,厦门国贸,False
600756.SH,2018-01-02,2026-09-11,2111,SH,False,浪潮软件,False
600757.SH,2018-01-02,2026-09-11,2111,SH,False,长江传媒,False
600758.SH,2018-01-02,2026-09-11,2111,SH,False,辽宁能源,False
600759.SH,2018-01-02,2026-09-11,2111,SH,False,ST洲际,False
600760.SH,2018-01-02,2026-09-11,2111,SH,False,中航沈飞,False
600761.SH,2018-01-02,2026-09-11,2111,SH,False,安徽合力,False
600763.SH,2018-01-02,2026-09-11,2111,SH,False,通策医疗,False
600764.SH,2018-01-02,2026-09-11,2111,SH,False,中国海防,False
600765.SH,2018-01-02,2026-09-11,2111,SH,False,中航重机,False
600766.SH,2018-01-02,2024-07-03,1577,SH,True,退市园城,True
600767.SH,2018-01-02,2023-06-29,1332,SH,True,退市运盛,True
600768.SH,2018-01-02,2026-09-11,2111,SH,False,富邦新材,False
600769.SH,2018-01-02,2026-09-11,2111,SH,False,祥龙电业,False
600770.SH,2018-01-02,2026-09-11,2111,SH,False,综艺股份,False
600771.SH,2018-01-02,2026-09-11,2111,SH,False,广誉远,False
600773.SH,2018-01-02,2026-09-11,2111,SH,False,西藏城投,False
600774.SH,2018-01-02,2026-09-11,2111,SH,False,汉商集团,False
600775.SH,2018-01-02,2026-09-11,2111,SH,False,南京熊猫,False
600776.SH,2018-01-02,2026-09-11,2111,SH,False,东方通信,False
600777.SH,2018-01-02,2026-09-11,2111,SH,False,新潮能源,False
600778.SH,2018-01-02,2026-09-11,2111,SH,False,友好集团,False
600779.SH,2018-01-02,2026-09-11,2111,SH,False,水井坊,False
600780.SH,2018-01-02,2026-09-11,2111,SH,False,通宝能源,False
600781.SH,2018-01-02,2023-06-28,1331,SH,True,退市辅仁,True
600782.SH,2018-01-02,2026-09-11,2111,SH,False,新钢股份,False
600783.SH,2018-01-02,2026-09-11,2111,SH,False,鲁信创投,False
600784.SH,2018-01-02,2026-09-11,2111,SH,False,鲁银投资,False
600785.SH,2018-01-02,2026-09-11,2111,SH,False,新华百货,False
600787.SH,2018-01-02,2026-09-11,2111,SH,False,中储股份,False
600789.SH,2018-01-02,2026-09-11,2111,SH,False,鲁抗医药,False
600790.SH,2018-01-02,2026-09-11,2111,SH,False,轻纺城,False
600791.SH,2018-01-02,2026-09-11,2111,SH,False,京能置业,False
600792.SH,2018-01-02,2026-09-11,2111,SH,False,云煤能源,False
600793.SH,2018-01-02,2026-09-11,2111,SH,False,宜宾纸业,False
600794.SH,2018-01-02,2026-09-11,2111,SH,False,保税科技,False
600795.SH,2018-01-02,2026-09-11,2111,SH,False,国电电力,False
600796.SH,2018-01-02,2026-09-11,2111,SH,False,钱江生化,False
600797.SH,2018-01-02,2026-09-11,2111,SH,False,浙大网新,False
600798.SH,2018-01-02,2026-09-11,2111,SH,False,宁波海运,False
600800.SH,2018-01-02,2026-09-11,2111,SH,False,渤海化学,False
600801.SH,2018-01-02,2026-09-11,2111,SH,False,华新建材,False
600802.SH,2018-01-02,2026-09-11,2111,SH,False,福建水泥,False
600803.SH,2018-01-02,2026-09-11,2111,SH,False,新奥股份,False
600804.SH,2018-01-02,2025-07-02,1818,SH,True,退市鹏博,True
600805.SH,2018-01-02,2026-09-11,2111,SH,False,悦达投资,False
600806.SH,2018-01-02,2018-07-13,129,SH,True,退市昆机,True
600807.SH,2018-01-02,2026-09-11,2111,SH,False,济高发展,False
600808.SH,2018-01-02,2026-09-11,2111,SH,False,马钢股份,False
600809.SH,2018-01-02,2026-09-11,2111,SH,False,山西汾酒,False
600810.SH,2018-01-02,2026-09-11,2111,SH,False,神马股份,False
600811.SH,2018-01-02,2025-04-30,1777,SH,True,*ST东方,False
600812.SH,2018-01-02,2026-09-11,2111,SH,False,华北制药,False
600814.SH,2018-01-02,2026-09-11,2111,SH,False,杭州解百,False
600815.SH,2018-01-02,2026-09-11,2111,SH,False,厦工股份,False
600816.SH,2018-01-02,2026-09-11,2111,SH,False,建元信托,False
600817.SH,2018-01-02,2026-09-11,2111,SH,False,宇通重工,False
600818.SH,2018-01-02,2026-09-11,2111,SH,False,ST中路,False
600819.SH,2018-01-02,2026-09-11,2111,SH,False,耀皮玻璃,False
600820.SH,2018-01-02,2026-09-11,2111,SH,False,隧道股份,False
600821.SH,2018-01-02,2026-09-11,2111,SH,False,金开新能,False
600822.SH,2018-01-02,2026-09-11,2111,SH,False,上海物贸,False
600823.SH,2018-01-02,2024-06-14,1564,SH,True,*ST世茂,False
600824.SH,2018-01-02,2026-09-11,2111,SH,False,益民集团,False
600825.SH,2018-01-02,2026-09-11,2111,SH,False,新华传媒,False
600826.SH,2018-01-02,2026-09-11,2111,SH,False,兰生股份,False
600827.SH,2018-01-02,2026-09-11,2111,SH,False,百联股份,False
600828.SH,2018-01-02,2026-09-11,2111,SH,False,茂业商业,False
600829.SH,2018-01-02,2026-09-11,2111,SH,False,人民同泰,False
600830.SH,2018-01-02,2026-09-11,2111,SH,False,香溢融通,False
600831.SH,2018-01-02,2026-09-11,2111,SH,False,广电网络,False
600833.SH,2018-01-02,2026-09-11,2111,SH,False,第一医药,False
600834.SH,2018-01-02,2026-09-11,2111,SH,False,申通地铁,False
600835.SH,2018-01-02,2026-09-11,2111,SH,False,上海机电,False
600836.SH,2018-01-02,2024-07-11,1583,SH,True,*ST易连,False
600837.SH,2018-01-02,2025-03-04,1737,SH,True,海通证券,False
600838.SH,2018-01-02,2026-09-11,2111,SH,False,上海九百,False
600839.SH,2018-01-02,2026-09-11,2111,SH,False,四川长虹,False
600841.SH,2018-01-02,2026-09-11,2111,SH,False,动力新科,False
600843.SH,2018-01-02,2026-09-11,2111,SH,False,上工申贝,False
600844.SH,2018-01-02,2026-09-11,2111,SH,False,金煤科技,False
600845.SH,2018-01-02,2026-09-11,2111,SH,False,宝信软件,False
600846.SH,2018-01-02,2026-09-11,2111,SH,False,同济科技,False
600847.SH,2018-01-02,2026-09-11,2111,SH,False,万里股份,False
600848.SH,2018-01-02,2026-09-11,2111,SH,False,上海临港,False
600850.SH,2018-01-02,2026-09-11,2111,SH,False,电科数字,False
600851.SH,2018-01-02,2026-09-11,2111,SH,False,海欣股份,False
600853.SH,2018-01-02,2026-09-11,2111,SH,False,龙建股份,False
600854.SH,2018-01-02,2026-09-11,2111,SH,False,春兰股份,False
600855.SH,2018-01-02,2026-09-11,2111,SH,False,航天长峰,False
600856.SH,2018-01-02,2022-06-22,1084,SH,True,退市中天,True
600857.SH,2018-01-02,2026-09-11,2111,SH,False,宁波中百,False
600858.SH,2018-01-02,2026-09-11,2111,SH,False,银座股份,False
600859.SH,2018-01-02,2026-09-11,2111,SH,False,王府井,False
600860.SH,2018-01-02,2026-09-11,2111,SH,False,京城股份,False
600861.SH,2018-01-02,2026-09-11,2111,SH,False,北京人力,False
600862.SH,2018-01-02,2026-09-11,2111,SH,False,中航高科,False
600863.SH,2018-01-02,2026-09-11,2111,SH,False,华能蒙电,False
600864.SH,2018-01-02,2026-09-11,2111,SH,False,哈投股份,False
600865.SH,2018-01-02,2026-09-11,2111,SH,False,百大集团,False
600866.SH,2018-01-02,2026-09-11,2111,SH,False,星湖科技,False
600867.SH,2018-01-02,2026-09-11,2111,SH,False,通化东宝,False
600868.SH,2018-01-02,2026-09-11,2111,SH,False,梅雁吉祥,False
600869.SH,2018-01-02,2026-09-11,2111,SH,False,远东股份,False
600870.SH,2018-01-02,2022-06-30,1090,SH,True,退市厦华,True
600871.SH,2018-01-02,2026-09-11,2111,SH,False,石化油服,False
600872.SH,2018-01-02,2026-09-11,2111,SH,False,中炬高新,False
600873.SH,2018-01-02,2026-09-11,2111,SH,False,梅花生物,False
600874.SH,2018-01-02,2026-09-11,2111,SH,False,创业环保,False
600875.SH,2018-01-02,2026-09-11,2111,SH,False,东方电气,False
600876.SH,2018-01-02,2026-09-11,2111,SH,False,凯盛新能,False
600877.SH,2018-01-02,2026-09-11,2111,SH,False,电科芯片,False
600879.SH,2018-01-02,2026-09-11,2111,SH,False,航天电子,False
600880.SH,2018-01-02,2026-09-11,2111,SH,False,博瑞传播,False
600881.SH,2018-01-02,2026-09-11,2111,SH,False,亚泰集团,False
600882.SH,2018-01-02,2026-09-11,2111,SH,False,妙可蓝多,False
600883.SH,2018-01-02,2026-09-11,2111,SH,False,博闻科技,False
600884.SH,2018-01-02,2026-09-11,2111,SH,False,杉杉股份,False
600885.SH,2018-01-02,2026-09-11,2111,SH,False,宏发股份,False
600886.SH,2018-01-02,2026-09-11,2111,SH,False,国投电力,False
600887.SH,2018-01-02,2026-09-11,2111,SH,False,伊利股份,False
600888.SH,2018-01-02,2026-09-11,2111,SH,False,新疆众和,False
600889.SH,2018-01-02,2026-09-11,2111,SH,False,*ST京化,False
600890.SH,2018-01-02,2022-06-21,1083,SH,True,退市中房,True
600891.SH,2018-01-02,2021-05-12,814,SH,True,退市秋林,True
600892.SH,2018-01-02,2026-09-11,2111,SH,False,大晟文化,False
600893.SH,2018-01-02,2026-09-11,2111,SH,False,航发动力,False
600894.SH,2018-01-02,2026-09-11,2111,SH,False,广日股份,False
600895.SH,2018-01-02,2026-09-11,2111,SH,False,张江高科,False
600896.SH,2018-01-02,2022-07-25,1107,SH,True,退市海医,True
600897.SH,2018-01-02,2026-09-11,2111,SH,False,厦门空港,False
600898.SH,2018-01-02,2025-02-10,1721,SH,True,*ST美讯,False
600900.SH,2018-01-02,2026-09-11,2111,SH,False,长江电力,False
600901.SH,2018-03-01,2026-09-11,2074,SH,False,江苏金租,False
600903.SH,2018-01-02,2026-09-11,2111,SH,False,贵州燃气,False
600905.SH,2021-06-10,2026-09-11,1277,SH,False,三峡能源,False
600906.SH,2021-05-07,2026-09-11,1301,SH,False,财达证券,False
600908.SH,2018-01-02,2026-09-11,2111,SH,False,无锡银行,False
600909.SH,2018-01-02,2026-09-11,2111,SH,False,华安证券,False
600916.SH,2021-02-05,2026-09-11,1357,SH,False,中国黄金,False
600917.SH,2018-01-02,2026-09-11,2111,SH,False,重庆燃气,False
600918.SH,2020-06-03,2026-09-11,1525,SH,False,中泰证券,False
600919.SH,2018-01-02,2026-09-11,2111,SH,False,江苏银行,False
600925.SH,2023-03-29,2026-09-11,840,SH,False,苏能股份,False
600926.SH,2018-01-02,2026-09-11,2111,SH,False,杭州银行,False
600927.SH,2021-12-23,2026-09-11,1145,SH,False,永安期货,False
600928.SH,2019-03-01,2026-09-11,1831,SH,False,西安银行,False
600929.SH,2018-03-26,2026-09-11,2057,SH,False,雪天盐业,False
600930.SH,2025-07-16,2026-09-11,284,SH,False,华电新能,False
600933.SH,2018-01-02,2026-09-11,2111,SH,False,爱柯迪,False
600935.SH,2021-11-26,2026-09-11,1164,SH,False,华塑股份,False
600936.SH,2018-01-02,2026-09-11,2111,SH,False,北投科技,False
600938.SH,2022-04-21,2026-09-11,1068,SH,False,中国海油,False
600939.SH,2018-01-02,2026-09-11,2111,SH,False,重庆建工,False
600941.SH,2022-01-05,2026-09-11,1137,SH,False,中国移动,False
600955.SH,2021-09-15,2026-09-11,1209,SH,False,维远股份,False
600956.SH,2020-06-29,2026-09-11,1509,SH,False,新天绿能,False
600958.SH,2018-01-02,2026-09-11,2111,SH,False,东方证券,False
600959.SH,2018-01-02,2026-09-11,2111,SH,False,江苏有线,False
600960.SH,2018-01-02,2026-09-11,2111,SH,False,渤海汽车,False
600961.SH,2018-01-02,2026-09-11,2111,SH,False,株冶集团,False
600962.SH,2018-01-02,2026-09-11,2111,SH,False,国投中鲁,False
600963.SH,2018-01-02,2026-09-11,2111,SH,False,岳阳林纸,False
600965.SH,2018-01-02,2026-09-11,2111,SH,False,*ST福成,False
600966.SH,2018-01-02,2026-09-11,2111,SH,False,博汇纸业,False
600967.SH,2018-01-02,2026-09-11,2111,SH,False,内蒙一机,False
600968.SH,2019-06-26,2026-09-11,1753,SH,False,海油发展,False
600969.SH,2018-01-02,2026-09-11,2111,SH,False,郴电国际,False
600970.SH,2018-01-02,2026-09-11,2111,SH,False,中材国际,False
600971.SH,2018-01-02,2026-09-11,2111,SH,False,恒源煤电,False
600973.SH,2018-01-02,2026-09-11,2111,SH,False,宝胜股份,False
600975.SH,2018-01-02,2026-09-11,2111,SH,False,新五丰,False
600976.SH,2018-01-02,2026-09-11,2111,SH,False,健民集团,False
600977.SH,2018-01-02,2026-09-11,2111,SH,False,中国电影,False
600978.SH,2018-01-02,2021-03-22,781,SH,True,*ST宜生,False
600979.SH,2018-01-02,2026-09-11,2111,SH,False,广安爱众,False
600980.SH,2018-01-02,2026-09-11,2111,SH,False,北矿科技,False
600981.SH,2018-01-02,2026-09-11,2111,SH,False,苏豪汇鸿,False
600982.SH,2018-01-02,2026-09-11,2111,SH,False,宁波能源,False
600983.SH,2018-01-02,2026-09-11,2111,SH,False,惠而浦,False
600984.SH,2018-01-02,2026-09-11,2111,SH,False,建设机械,False
600985.SH,2018-01-02,2026-09-11,2111,SH,False,淮北矿业,False
600986.SH,2018-01-02,2026-09-11,2111,SH,False,浙文互联,False
600987.SH,2018-01-02,2026-09-11,2111,SH,False,航民股份,False
600988.SH,2018-01-02,2026-09-11,2111,SH,False,赤峰黄金,False
600989.SH,2019-05-16,2026-09-11,1781,SH,False,宝丰能源,False
600990.SH,2018-01-02,2026-09-11,2111,SH,False,四创电子,False
600992.SH,2018-01-02,2026-09-11,2111,SH,False,贵绳股份,False
600993.SH,2018-01-02,2026-09-11,2111,SH,False,马应龙,False
600995.SH,2018-01-02,2026-09-11,2111,SH,False,南网储能,False
600996.SH,2018-01-02,2026-09-11,2111,SH,False,贵广网络,False
600997.SH,2018-01-02,2026-09-11,2111,SH,False,开滦股份,False
600998.SH,2018-01-02,2026-09-11,2111,SH,False,九州通,False
600999.SH,2018-01-02,2026-09-11,2111,SH,False,招商证券,False
601000.SH,2018-01-02,2026-09-11,2111,SH,False,唐山港,False
601001.SH,2018-01-02,2026-09-11,2111,SH,False,晋控煤业,False
601002.SH,2018-01-02,2026-09-11,2111,SH,False,晋亿实业,False
601003.SH,2018-01-02,2026-09-11,2111,SH,False,柳钢股份,False
601005.SH,2018-01-02,2026-09-11,2111,SH,False,重庆钢铁,False
601006.SH,2018-01-02,2026-09-11,2111,SH,False,大秦铁路,False
601007.SH,2018-01-02,2026-09-11,2111,SH,False,金陵饭店,False
601008.SH,2018-01-02,2026-09-11,2111,SH,False,连云港,False
601009.SH,2018-01-02,2026-09-11,2111,SH,False,南京银行,False
601010.SH,2018-01-02,2026-09-11,2111,SH,False,ST文峰,False
601011.SH,2018-01-02,2026-09-11,2111,SH,False,宝泰隆,False
601012.SH,2018-01-02,2026-09-11,2111,SH,False,隆基绿能,False
601015.SH,2018-01-02,2026-09-11,2111,SH,False,陕西黑猫,False
601016.SH,2018-01-02,2026-09-11,2111,SH,False,节能风电,False
601018.SH,2018-01-02,2026-09-11,2111,SH,False,宁波港,False
601019.SH,2018-01-02,2026-09-11,2111,SH,False,山东出版,False
601020.SH,2018-01-02,2026-09-11,2111,SH,False,华钰矿业,False
601021.SH,2018-01-02,2026-09-11,2111,SH,False,春秋航空,False
601022.SH,2022-12-08,2026-09-11,913,SH,False,宁波远洋,False
601026.SH,2025-10-17,2026-09-11,223,SH,False,道生天合,False
601028.SH,2018-01-02,2025-05-26,1792,SH,True,玉龙股份,False
601033.SH,2024-01-18,2026-09-11,642,SH,False,永兴股份,False
601038.SH,2018-01-02,2026-09-11,2111,SH,False,一拖股份,False
601058.SH,2018-01-02,2026-09-11,2111,SH,False,赛轮轮胎,False
601059.SH,2023-02-01,2026-09-11,880,SH,False,信达证券,False
601061.SH,2023-04-10,2026-09-11,833,SH,False,中信金属,False
601065.SH,2023-04-10,2026-09-11,833,SH,False,江盐集团,False
601066.SH,2018-06-20,2026-09-11,2000,SH,False,中信建投,False
601068.SH,2018-08-31,2026-09-11,1948,SH,False,中铝国际,False
601069.SH,2018-01-02,2026-09-11,2111,SH,False,西部黄金,False
601077.SH,2019-10-29,2026-09-11,1670,SH,False,渝农商行,False
601083.SH,2023-12-05,2026-09-11,673,SH,False,锦江航运,False
601086.SH,2018-01-02,2026-09-11,2111,SH,False,国芳集团,False
601088.SH,2018-01-02,2026-09-11,2111,SH,False,中国神华,False
601089.SH,2022-06-30,2026-09-11,1022,SH,False,福元医药,False
601096.SH,2023-12-22,2026-09-11,660,SH,False,宏盛华源,False
601098.SH,2018-01-02,2026-09-11,2111,SH,False,中南传媒,False
601099.SH,2018-01-02,2026-09-11,2111,SH,False,太平洋,False
601100.SH,2018-01-02,2026-09-11,2111,SH,False,恒立液压,False
601101.SH,2018-01-02,2026-09-11,2111,SH,False,昊华能源,False
601106.SH,2018-01-02,2026-09-11,2111,SH,False,中国一重,False
601107.SH,2018-01-02,2026-09-11,2111,SH,False,四川成渝,False
601108.SH,2018-01-02,2026-09-11,2111,SH,False,财通证券,False
601111.SH,2018-01-02,2026-09-11,2111,SH,False,中国国航,False
601112.SH,2026-01-29,2026-09-11,151,SH,False,振石股份,False
601113.SH,2018-01-02,2026-09-11,2111,SH,False,华鼎股份,False
601116.SH,2018-01-02,2026-09-11,2111,SH,False,三江购物,False
601117.SH,2018-01-02,2026-09-11,2111,SH,False,中国化学,False
601118.SH,2018-01-02,2026-09-11,2111,SH,False,海南橡胶,False
601121.SH,2023-03-10,2026-09-11,853,SH,False,宝地矿业,False
601123.SH,2026-09-01,2026-09-11,9,SH,False,马矿股份,False
601126.SH,2018-01-02,2026-09-11,2111,SH,False,四方股份,False
601127.SH,2018-01-02,2026-09-11,2111,SH,False,赛力斯,False
601128.SH,2018-01-02,2026-09-11,2111,SH,False,常熟银行,False
601133.SH,2023-04-10,2026-09-11,833,SH,False,柏诚股份,False
601136.SH,2022-12-22,2026-09-11,903,SH,False,首创证券,False
601137.SH,2018-01-02,2026-09-11,2111,SH,False,博威合金,False
601138.SH,2018-06-08,2026-09-11,2007,SH,False,工业富联,False
601139.SH,2018-01-02,2026-09-11,2111,SH,False,深圳燃气,False
601155.SH,2018-01-02,2026-09-11,2111,SH,False,新城控股,False
601156.SH,2021-06-09,2026-09-11,1278,SH,False,东航物流,False
601158.SH,2018-01-02,2026-09-11,2111,SH,False,重庆水务,False
601162.SH,2018-10-19,2026-09-11,1919,SH,False,天风证券,False
601163.SH,2018-01-02,2026-09-11,2111,SH,False,三角轮胎,False
601166.SH,2018-01-02,2026-09-11,2111,SH,False,兴业银行,False
601168.SH,2018-01-02,2026-09-11,2111,SH,False,西部矿业,False
601169.SH,2018-01-02,2026-09-11,2111,SH,False,北京银行,False
601177.SH,2018-01-02,2026-09-11,2111,SH,False,杭齿前进,False
601179.SH,2018-01-02,2026-09-11,2111,SH,False,中国西电,False
601186.SH,2018-01-02,2026-09-11,2111,SH,False,中国铁建,False
601187.SH,2020-10-27,2026-09-11,1429,SH,False,厦门银行,False
601188.SH,2018-01-02,2026-09-11,2111,SH,False,龙江交通,False
601198.SH,2018-01-02,2026-09-11,2111,SH,False,东兴证券,False
601199.SH,2018-01-02,2026-09-11,2111,SH,False,江南水务,False
601200.SH,2018-01-02,2026-09-11,2111,SH,False,上海环境,False
601208.SH,2018-01-02,2026-09-11,2111,SH,False,东材科技,False
601211.SH,2018-01-02,2026-09-11,2111,SH,False,国泰海通,False
601212.SH,2018-01-02,2026-09-11,2111,SH,False,白银有色,False
601216.SH,2018-01-02,2026-09-11,2111,SH,False,君正集团,False
601218.SH,2018-01-02,2026-09-11,2111,SH,False,吉鑫科技,False
601222.SH,2018-01-02,2026-09-11,2111,SH,False,林洋能源,False
601225.SH,2018-01-02,2026-09-11,2111,SH,False,陕西煤业,False
601226.SH,2018-01-02,2026-09-11,2111,SH,False,华电科工,False
601228.SH,2018-01-02,2026-09-11,2111,SH,False,广州港,False
601229.SH,2018-01-02,2026-09-11,2111,SH,False,上海银行,False
601231.SH,2018-01-02,2026-09-11,2111,SH,False,环旭电子,False
601233.SH,2018-01-02,2026-09-11,2111,SH,False,桐昆股份,False
601236.SH,2019-07-05,2026-09-11,1746,SH,False,红塔证券,False
601238.SH,2018-01-02,2026-09-11,2111,SH,False,广汽集团,False
601258.SH,2018-01-02,2023-06-30,1333,SH,True,*ST庞大,False
601279.SH,2021-04-15,2026-09-11,1314,SH,False,英利汽车,False
601288.SH,2018-01-02,2026-09-11,2111,SH,False,农业银行,False
601298.SH,2019-01-21,2026-09-11,1855,SH,False,青岛港,False
601311.SH,2018-01-02,2026-09-11,2111,SH,False,骆驼股份,False
601318.SH,2018-01-02,2026-09-11,2111,SH,False,中国平安,False
601319.SH,2018-11-16,2026-09-11,1899,SH,False,中国人保,False
601326.SH,2018-01-02,2026-09-11,2111,SH,False,秦港股份,False
601328.SH,2018-01-02,2026-09-11,2111,SH,False,交通银行,False
601330.SH,2018-06-11,2026-09-11,2006,SH,False,绿色动力,False
601333.SH,2018-01-02,2026-09-11,2111,SH,False,广深铁路,False
601336.SH,2018-01-02,2026-09-11,2111,SH,False,新华保险,False
601339.SH,2018-01-02,2026-09-11,2111,SH,False,百隆东方,False
601360.SH,2018-01-02,2026-09-11,2111,SH,False,三六零,False
601366.SH,2018-01-02,2026-09-11,2111,SH,False,利群股份,False
601368.SH,2018-01-02,2026-09-11,2111,SH,False,绿城水务,False
601369.SH,2018-01-02,2026-09-11,2111,SH,False,陕鼓动力,False
601375.SH,2018-01-02,2026-09-11,2111,SH,False,中原证券,False
601377.SH,2018-01-02,2026-09-11,2111,SH,False,兴业证券,False
601388.SH,2018-01-02,2026-09-11,2111,SH,False,怡球资源,False
601390.SH,2018-01-02,2026-09-11,2111,SH,False,中国中铁,False
601398.SH,2018-01-02,2026-09-11,2111,SH,False,工商银行,False
601399.SH,2020-06-08,2026-09-11,1522,SH,False,国机重装,False
601456.SH,2020-07-31,2026-09-11,1485,SH,False,国联民生,False
601500.SH,2018-01-02,2026-09-11,2111,SH,False,通用股份,False
601512.SH,2019-12-20,2026-09-11,1632,SH,False,中新集团,False
601515.SH,2018-01-02,2026-09-11,2111,SH,False,衢州东峰,False
601518.SH,2018-01-02,2026-09-11,2111,SH,False,吉林高速,False
601519.SH,2018-01-02,2026-09-11,2111,SH,False,大智慧,False
601528.SH,2021-06-25,2026-09-11,1267,SH,False,瑞丰银行,False
601555.SH,2018-01-02,2026-09-11,2111,SH,False,东吴证券,False
601558.SH,2018-01-02,2020-07-02,606,SH,True,退市锐电,True
601566.SH,2018-01-02,2026-09-11,2111,SH,False,九牧王,False
601567.SH,2018-01-02,2026-09-11,2111,SH,False,三星电气,False
601568.SH,2020-10-20,2026-09-11,1434,SH,False,北元化工,False
601577.SH,2018-09-26,2026-09-11,1931,SH,False,长沙银行,False
601579.SH,2018-01-02,2026-09-11,2111,SH,False,会稽山,False
601588.SH,2018-01-02,2026-09-11,2111,SH,False,北辰实业,False
601595.SH,2018-01-02,2026-09-11,2111,SH,False,上海电影,False
601598.SH,2019-01-18,2026-09-11,1856,SH,False,中国外运,False
601599.SH,2018-01-02,2026-09-11,2111,SH,False,浙文影业,False
601600.SH,2018-01-02,2026-09-11,2111,SH,False,中国铝业,False
601601.SH,2018-01-02,2026-09-11,2111,SH,False,中国太保,False
601606.SH,2018-08-06,2026-09-11,1967,SH,False,长城军工,False
601607.SH,2018-01-02,2026-09-11,2111,SH,False,上海医药,False
601608.SH,2018-01-02,2026-09-11,2111,SH,False,中信重工,False
601609.SH,2020-04-22,2026-09-11,1552,SH,False,金田股份,False
601611.SH,2018-01-02,2026-09-11,2111,SH,False,中国核建,False
601615.SH,2019-01-23,2026-09-11,1853,SH,False,明阳智能,False
601616.SH,2018-01-02,2026-09-11,2111,SH,False,广电电气,False
601618.SH,2018-01-02,2026-09-11,2111,SH,False,中国中冶,False
601619.SH,2018-01-02,2026-09-11,2111,SH,False,嘉泽新能,False
601628.SH,2018-01-02,2026-09-11,2111,SH,False,中国人寿,False
601633.SH,2018-01-02,2026-09-11,2111,SH,False,长城汽车,False
601636.SH,2018-01-02,2026-09-11,2111,SH,False,旗滨集团,False
601658.SH,2019-12-10,2026-09-11,1640,SH,False,邮储银行,False
601665.SH,2021-06-18,2026-09-11,1272,SH,False,齐鲁银行,False
601666.SH,2018-01-02,2026-09-11,2111,SH,False,平煤股份,False
601668.SH,2018-01-02,2026-09-11,2111,SH,False,中国建筑,False
601669.SH,2018-01-02,2026-09-11,2111,SH,False,中国电建,False
601677.SH,2018-01-02,2026-09-11,2111,SH,False,明泰铝业,False
601678.SH,2018-01-02,2026-09-11,2111,SH,False,滨化股份,False
601686.SH,2020-12-04,2026-09-11,1401,SH,False,友发集团,False
601688.SH,2018-01-02,2026-09-11,2111,SH,False,华泰证券,False
601689.SH,2018-01-02,2026-09-11,2111,SH,False,拓普集团,False
601696.SH,2020-02-26,2026-09-11,1591,SH,False,中银证券,False
601698.SH,2019-06-28,2026-09-11,1751,SH,False,中国卫通,False
601699.SH,2018-01-02,2026-09-11,2111,SH,False,潞安环能,False
601700.SH,2018-01-02,2026-09-11,2111,SH,False,风范股份,False
601702.SH,2020-09-07,2026-09-11,1459,SH,False,华峰铝业,False
601717.SH,2018-01-02,2026-09-11,2111,SH,False,中创智领,False
601718.SH,2018-01-02,2026-09-11,2111,SH,False,ST际华,False
601727.SH,2018-01-02,2026-09-11,2111,SH,False,上海电气,False
601728.SH,2021-08-20,2026-09-11,1227,SH,False,中国电信,False
601766.SH,2018-01-02,2026-09-11,2111,SH,False,中国中车,False
601777.SH,2018-01-02,2026-09-11,2111,SH,False,千里科技,False
601778.SH,2020-05-19,2026-09-11,1536,SH,False,晶科科技,False
601788.SH,2018-01-02,2026-09-11,2111,SH,False,光大证券,False
601789.SH,2018-01-02,2026-09-11,2111,SH,False,宁波建工,False
601798.SH,2018-01-02,2026-09-11,2111,SH,False,蓝科高新,False
601799.SH,2018-01-02,2026-09-11,2111,SH,False,星宇股份,False
601800.SH,2018-01-02,2026-09-11,2111,SH,False,中国交建,False
601801.SH,2018-01-02,2026-09-11,2111,SH,False,皖新传媒,False
601808.SH,2018-01-02,2026-09-11,2111,SH,False,中海油服,False
601811.SH,2018-01-02,2026-09-11,2111,SH,False,新华文轩,False
601816.SH,2020-01-16,2026-09-11,1614,SH,False,京沪高铁,False
601818.SH,2018-01-02,2026-09-11,2111,SH,False,光大银行,False
601825.SH,2021-08-19,2026-09-11,1228,SH,False,沪农商行,False
601827.SH,2020-06-05,2026-09-11,1523,SH,False,三峰环境,False
601828.SH,2018-01-17,2026-09-11,2100,SH,False,美凯龙,False
601838.SH,2018-01-31,2026-09-11,2090,SH,False,成都银行,False
601857.SH,2018-01-02,2026-09-11,2111,SH,False,中国石油,False
601858.SH,2018-01-02,2026-09-11,2111,SH,False,中国科传,False
601860.SH,2019-01-03,2026-09-11,1867,SH,False,紫金银行,False
601865.SH,2019-02-15,2026-09-11,1841,SH,False,福莱特,False
601866.SH,2018-01-02,2026-09-11,2111,SH,False,中远海发,False
601868.SH,2021-09-28,2026-09-11,1202,SH,False,中国能建,False
601869.SH,2018-07-20,2026-09-11,1978,SH,False,长飞光纤,False
601872.SH,2018-01-02,2026-09-11,2111,SH,False,招商轮船,False
601877.SH,2018-01-02,2026-09-11,2111,SH,False,正泰电器,False
601878.SH,2018-01-02,2026-09-11,2111,SH,False,浙商证券,False
601880.SH,2018-01-02,2026-09-11,2111,SH,False,辽港股份,False
601881.SH,2018-01-02,2026-09-11,2111,SH,False,中国银河,False
601882.SH,2018-01-02,2026-09-11,2111,SH,False,海天精工,False
601886.SH,2018-01-02,2026-09-11,2111,SH,False,江河集团,False
601888.SH,2018-01-02,2026-09-11,2111,SH,False,中国中免,False
601890.SH,2018-01-02,2026-09-11,2111,SH,False,亚星锚链,False
601898.SH,2018-01-02,2026-09-11,2111,SH,False,中煤能源,False
601899.SH,2018-01-02,2026-09-11,2111,SH,False,紫金矿业,False
601900.SH,2018-01-02,2026-09-11,2111,SH,False,南方传媒,False
601901.SH,2018-01-02,2026-09-11,2111,SH,False,方正证券,False
601908.SH,2018-01-02,2026-09-11,2111,SH,False,京运通,False
601916.SH,2019-11-26,2026-09-11,1650,SH,False,浙商银行,False
601918.SH,2018-01-02,2026-09-11,2111,SH,False,新集能源,False
601919.SH,2018-01-02,2026-09-11,2111,SH,False,中远海控,False
601921.SH,2021-07-23,2026-09-11,1247,SH,False,浙版传媒,False
601928.SH,2018-01-02,2026-09-11,2111,SH,False,凤凰传媒,False
601929.SH,2018-01-02,2026-09-11,2111,SH,False,吉视传媒,False
601933.SH,2018-01-02,2026-09-11,2111,SH,False,永辉超市,False
601939.SH,2018-01-02,2026-09-11,2111,SH,False,建设银行,False
601949.SH,2018-01-02,2026-09-11,2111,SH,False,中国出版,False
601952.SH,2018-01-02,2026-09-11,2111,SH,False,苏垦农发,False
601956.SH,2020-12-25,2026-09-11,1386,SH,False,东贝集团,False
601958.SH,2018-01-02,2026-09-11,2111,SH,False,金钼股份,False
601963.SH,2021-02-05,2026-09-11,1357,SH,False,重庆银行,False
601965.SH,2018-01-02,2026-09-11,2111,SH,False,中国汽研,False
601966.SH,2018-01-02,2026-09-11,2111,SH,False,玲珑轮胎,False
601968.SH,2018-01-02,2026-09-11,2111,SH,False,宝钢包装,False
601969.SH,2018-01-02,2026-09-11,2111,SH,False,海南矿业,False
601975.SH,2019-01-08,2026-09-11,1864,SH,False,招商南油,False
601985.SH,2018-01-02,2026-09-11,2111,SH,False,中国核电,False
601988.SH,2018-01-02,2026-09-11,2111,SH,False,中国银行,False
601989.SH,2018-01-02,2025-09-04,1864,SH,True,中国重工,False
601990.SH,2018-06-13,2026-09-11,2004,SH,False,南京证券,False
601991.SH,2018-01-02,2026-09-11,2111,SH,False,大唐发电,False
601992.SH,2018-01-02,2026-09-11,2111,SH,False,金隅集团,False
601995.SH,2020-11-02,2026-09-11,1425,SH,False,中金公司,False
601996.SH,2018-01-02,2026-09-11,2111,SH,False,丰林集团,False
601997.SH,2018-01-02,2026-09-11,2111,SH,False,贵阳银行,False
601998.SH,2018-01-02,2026-09-11,2111,SH,False,中信银行,False
601999.SH,2018-01-02,2026-09-11,2111,SH,False,出版传媒,False
603000.SH,2018-01-02,2026-09-11,2111,SH,False,人民网,False
603001.SH,2018-01-02,2026-09-11,2111,SH,False,奥康国际,False
603002.SH,2018-01-02,2026-09-11,2111,SH,False,宏昌电子,False
603003.SH,2018-01-02,2025-07-02,1818,SH,True,退市龙宇,True
603004.SH,2023-12-27,2026-09-11,657,SH,False,鼎龙科技,False
603005.SH,2018-01-02,2026-09-11,2111,SH,False,晶方科技,False
603006.SH,2018-01-02,2026-09-11,2111,SH,False,联明股份,False
603007.SH,2018-01-02,2026-09-11,2111,SH,False,顺景科技,False
603008.SH,2018-01-02,2026-09-11,2111,SH,False,ST喜临门,False
603009.SH,2018-01-02,2026-09-11,2111,SH,False,北特科技,False
603010.SH,2018-01-02,2026-09-11,2111,SH,False,万盛股份,False
603011.SH,2018-01-02,2026-09-11,2111,SH,False,合锻智能,False
603012.SH,2018-01-02,2026-09-11,2111,SH,False,创力集团,False
603013.SH,2018-05-09,2026-09-11,2029,SH,False,亚普股份,False
603014.SH,2025-05-19,2026-09-11,325,SH,False,威高血净,False
603015.SH,2018-01-02,2026-09-11,2111,SH,False,弘讯科技,False
603016.SH,2018-01-02,2026-09-11,2111,SH,False,新宏泰,False
603017.SH,2018-01-02,2026-09-11,2111,SH,False,中衡设计,False
603018.SH,2018-01-02,2026-09-11,2111,SH,False,华设集团,False
603019.SH,2018-01-02,2026-09-11,2111,SH,False,中科曙光,False
603020.SH,2018-01-02,2026-09-11,2111,SH,False,爱普股份,False
603021.SH,2018-01-02,2026-09-11,2111,SH,False,*ST华鹏,False
603022.SH,2018-01-02,2026-09-11,2111,SH,False,新通联,False
603023.SH,2018-01-02,2026-09-11,2111,SH,False,威帝股份,False
603025.SH,2018-01-02,2026-09-11,2111,SH,False,大豪科技,False
603026.SH,2018-01-02,2026-09-11,2111,SH,False,石大胜华,False
603027.SH,2018-01-02,2026-09-11,2111,SH,False,千禾味业,False
603028.SH,2018-01-02,2026-09-11,2111,SH,False,赛福天,False
603029.SH,2018-01-02,2026-09-11,2111,SH,False,天鹅股份,False
603030.SH,2018-01-02,2026-09-11,2111,SH,False,全筑股份,False
603031.SH,2018-01-02,2026-09-11,2111,SH,False,安孚科技,False
603032.SH,2018-01-02,2026-09-11,2111,SH,False,德新科技,False
603033.SH,2018-01-02,2026-09-11,2111,SH,False,三维股份,False
603035.SH,2018-01-02,2026-09-11,2111,SH,False,常熟汽饰,False
603036.SH,2018-01-02,2026-09-11,2111,SH,False,如通股份,False
603037.SH,2018-01-02,2026-09-11,2111,SH,False,凯众股份,False
603038.SH,2018-01-02,2026-09-11,2111,SH,False,华立股份,False
603039.SH,2018-01-02,2026-09-11,2111,SH,False,泛微网络,False
603040.SH,2018-01-02,2026-09-11,2111,SH,False,新坐标,False
603041.SH,2018-01-02,2026-09-11,2111,SH,False,美思德,False
603042.SH,2018-01-02,2026-09-11,2111,SH,False,华脉科技,False
603043.SH,2018-01-02,2026-09-11,2111,SH,False,广州酒家,False
603045.SH,2018-05-17,2026-09-11,2023,SH,False,福达合金,False
603048.SH,2021-11-16,2026-09-11,1172,SH,False,浙江黎明,False
603049.SH,2025-06-05,2026-09-11,313,SH,False,中策橡胶,False
603050.SH,2018-01-02,2026-09-11,2111,SH,False,科林电气,False
603051.SH,2022-03-25,2026-09-11,1085,SH,False,鹿山新材,False
603052.SH,2022-10-11,2026-09-11,955,SH,False,可川科技,False
603053.SH,2019-12-17,2026-09-11,1635,SH,False,成都燃气,False
603055.SH,2018-01-02,2026-09-11,2111,SH,False,台华新材,False
603056.SH,2018-01-16,2026-03-30,1987,SH,True,德邦股份,False
603057.SH,2022-09-26,2026-09-11,961,SH,False,紫燕食品,False
603058.SH,2018-01-02,2026-09-11,2111,SH,False,永吉股份,False
603059.SH,2018-03-02,2026-09-11,2073,SH,False,倍加洁,False
603060.SH,2018-01-02,2026-09-11,2111,SH,False,国检集团,False
603061.SH,2023-03-03,2026-09-11,858,SH,False,金海通,False
603062.SH,2023-11-07,2026-09-11,693,SH,False,麦加芯彩,False
603063.SH,2018-01-02,2026-09-11,2111,SH,False,禾望电气,False
603065.SH,2023-03-21,2026-09-11,846,SH,False,宿迁联盛,False
603066.SH,2018-01-02,2026-09-11,2111,SH,False,音飞储存,False
603067.SH,2018-01-02,2026-09-11,2111,SH,False,振华股份,False
603068.SH,2019-04-15,2026-09-11,1801,SH,False,博通集成,False
603069.SH,2018-01-02,2026-09-11,2111,SH,False,海汽集团,False
603070.SH,2022-03-10,2026-09-11,1096,SH,False,万控智造,False
603071.SH,2021-12-16,2026-09-11,1150,SH,False,物产环能,False
603072.SH,2025-01-03,2026-09-11,411,SH,False,天和磁材,False
603073.SH,2023-03-16,2026-09-11,849,SH,False,彩蝶实业,False
603075.SH,2023-09-11,2026-09-11,728,SH,False,热威股份,False
603076.SH,2018-01-02,2026-09-11,2111,SH,False,乐惠国际,False
603077.SH,2018-01-02,2026-09-11,2111,SH,False,和邦生物,False
603078.SH,2018-01-02,2026-09-11,2111,SH,False,江化微,False
603079.SH,2018-01-02,2026-09-11,2111,SH,False,圣达生物,False
603080.SH,2018-01-03,2026-09-11,2110,SH,False,新疆火炬,False
603081.SH,2018-01-02,2026-09-11,2111,SH,False,大丰实业,False
603082.SH,2024-01-30,2026-09-11,634,SH,False,北自科技,False
603083.SH,2018-01-02,2026-09-11,2111,SH,False,剑桥科技,False
603085.SH,2018-01-02,2026-09-11,2111,SH,False,天成自控,False
603086.SH,2018-01-02,2026-09-11,2111,SH,False,先达股份,False
603087.SH,2020-06-29,2026-09-11,1509,SH,False,甘李药业,False
603088.SH,2018-01-02,2026-09-11,2111,SH,False,宁波精达,False
603089.SH,2018-01-02,2026-09-11,2111,SH,False,正裕工业,False
603090.SH,2018-01-02,2026-09-11,2111,SH,False,宏盛股份,False
603091.SH,2024-09-20,2026-09-11,480,SH,False,众鑫股份,False
603092.SH,2025-11-07,2026-09-11,208,SH,False,德力佳,False
603093.SH,2019-08-30,2026-09-11,1706,SH,False,南华期货,False
603095.SH,2020-04-15,2026-09-11,1557,SH,False,越剑智能,False
603096.SH,2018-01-02,2026-09-11,2111,SH,False,新经典,False
603097.SH,2022-05-12,2026-09-11,1056,SH,False,江苏华辰,False
603098.SH,2018-01-02,2026-09-11,2111,SH,False,森特股份,False
603099.SH,2018-01-02,2026-09-11,2111,SH,False,长白山,False
603100.SH,2018-01-02,2026-09-11,2111,SH,False,川仪股份,False
603101.SH,2018-01-02,2026-09-11,2111,SH,False,汇嘉时代,False
603102.SH,2022-01-25,2026-09-11,1123,SH,False,百合股份,False
603103.SH,2018-01-02,2026-09-11,2111,SH,False,横店影视,False
603105.SH,2018-07-09,2026-09-11,1987,SH,False,芯能科技,False
603106.SH,2018-01-02,2026-09-11,2111,SH,False,恒银科技,False
603107.SH,2023-11-01,2026-09-11,697,SH,False,上海汽配,False
603108.SH,2018-01-02,2026-09-11,2111,SH,False,润达医疗,False
603109.SH,2019-12-31,2026-09-11,1625,SH,False,神驰机电,False
603110.SH,2018-01-02,2026-09-11,2111,SH,False,东方材料,False
603111.SH,2018-01-02,2026-09-11,2111,SH,False,康尼机电,False
603112.SH,2020-09-17,2026-09-11,1451,SH,False,华翔股份,False
603113.SH,2018-01-02,2026-09-11,2111,SH,False,金能科技,False
603115.SH,2019-08-09,2026-09-11,1721,SH,False,海星股份,False
603116.SH,2018-01-02,2026-09-11,2111,SH,False,红蜻蜓,False
603117.SH,2018-01-02,2026-09-11,2111,SH,False,万林物流,False
603118.SH,2018-01-02,2026-09-11,2111,SH,False,共进股份,False
603119.SH,2023-08-01,2026-09-11,757,SH,False,浙江荣泰,False
603120.SH,2025-04-16,2026-09-11,345,SH,False,肯特催化,False
603121.SH,2019-01-11,2026-09-11,1861,SH,False,华培动力,False
603122.SH,2022-02-16,2026-09-11,1112,SH,False,合富中国,False
603123.SH,2018-01-02,2026-09-11,2111,SH,False,翠微股份,False
603124.SH,2025-03-20,2026-09-11,363,SH,False,江南新材,False
603125.SH,2023-04-10,2026-09-11,833,SH,False,常青科技,False
603126.SH,2018-01-02,2026-09-11,2111,SH,False,中材节能,False
603127.SH,2018-01-02,2026-09-11,2111,SH,False,昭衍新药,False
603128.SH,2018-01-02,2026-09-11,2111,SH,False,华贸物流,False
603129.SH,2018-01-02,2026-09-11,2111,SH,False,春风动力,False
603130.SH,2022-11-18,2026-09-11,927,SH,False,云中马,False
603131.SH,2018-01-02,2026-09-11,2111,SH,False,上海沪工,False
603132.SH,2022-02-22,2026-09-11,1108,SH,False,金徽股份,False
603133.SH,2018-01-02,2024-07-03,1577,SH,True,退市碳元,True
603135.SH,2023-04-10,2026-09-11,833,SH,False,中重科技,False
603136.SH,2018-01-02,2026-09-11,2111,SH,False,天目湖,False
603137.SH,2023-04-19,2026-09-11,826,SH,False,恒尚节能,False
603138.SH,2018-01-02,2026-09-11,2111,SH,False,海量数据,False
603139.SH,2018-01-02,2026-09-11,2111,SH,False,康惠股份,False
603150.SH,2022-01-24,2026-09-11,1124,SH,False,万朗磁塑,False
603151.SH,2022-10-19,2026-09-11,949,SH,False,邦基科技,False
603153.SH,2023-03-13,2026-09-11,852,SH,False,上海建科,False
603155.SH,2020-09-01,2026-09-11,1463,SH,False,新亚强,False
603156.SH,2018-02-12,2026-09-11,2082,SH,False,养元饮品,False
603157.SH,2018-01-02,2022-05-24,1064,SH,True,退市拉夏,True
603158.SH,2018-01-02,2026-09-11,2111,SH,False,腾龙股份,False
603159.SH,2018-01-02,2026-09-11,2111,SH,False,上海亚虹,False
603160.SH,2018-01-02,2026-09-11,2111,SH,False,汇顶科技,False
603161.SH,2018-01-05,2026-09-11,2108,SH,False,科华控股,False
603162.SH,2023-03-29,2026-09-11,840,SH,False,海通发展,False
603163.SH,2022-10-13,2026-09-11,953,SH,False,圣晖集成,False
603165.SH,2018-01-02,2026-09-11,2111,SH,False,荣晟环保,False
603166.SH,2018-01-02,2026-09-11,2111,SH,False,福达股份,False
603167.SH,2018-01-02,2026-09-11,2111,SH,False,渤海轮渡,False
603168.SH,2018-01-02,2026-09-11,2111,SH,False,莎普爱思,False
603169.SH,2018-01-02,2026-09-11,2111,SH,False,兰石重装,False
603170.SH,2022-07-15,2026-09-11,1011,SH,False,宝立食品,False
603171.SH,2021-06-30,2026-09-11,1264,SH,False,税友股份,False
603172.SH,2023-05-10,2026-09-11,814,SH,False,万丰股份,False
603173.SH,2023-01-30,2026-09-11,882,SH,False,福斯达,False
603175.SH,2025-10-24,2026-09-11,218,SH,False,超颖电子,False
603176.SH,2021-12-31,2026-09-11,1139,SH,False,汇通集团,False
603177.SH,2018-01-02,2026-09-11,2111,SH,False,德创环保,False
603178.SH,2018-01-02,2026-09-11,2111,SH,False,圣龙股份,False
603179.SH,2018-01-02,2026-09-11,2111,SH,False,新泉股份,False
603180.SH,2018-01-02,2026-09-11,2111,SH,False,金牌家居,False
603181.SH,2018-01-02,2026-09-11,2111,SH,False,皇马科技,False
603182.SH,2022-09-09,2026-09-11,971,SH,False,嘉华股份,False
603183.SH,2018-01-02,2026-09-11,2111,SH,False,建研院,False
603185.SH,2018-12-28,2026-09-11,1869,SH,False,弘元绿能,False
603186.SH,2018-01-02,2026-09-11,2111,SH,False,华正新材,False
603187.SH,2018-11-29,2026-09-11,1890,SH,False,海容冷链,False
603188.SH,2018-01-02,2026-09-11,2111,SH,False,亚邦股份,False
603189.SH,2018-01-02,2026-09-11,2111,SH,False,*ST网达,False
603190.SH,2023-02-17,2026-09-11,868,SH,False,亚通精工,False
603191.SH,2022-04-28,2026-09-11,1063,SH,False,望变电气,False
603192.SH,2018-08-28,2026-09-11,1951,SH,False,汇得科技,False
603193.SH,2023-10-17,2026-09-11,708,SH,False,润本股份,False
603194.SH,2024-12-24,2026-09-11,418,SH,False,中力股份,False
603195.SH,2020-02-06,2026-09-11,1605,SH,False,公牛集团,False
603196.SH,2018-01-02,2026-09-11,2111,SH,False,璞源材料,False
603197.SH,2018-01-02,2026-09-11,2111,SH,False,保隆科技,False
603198.SH,2018-01-02,2026-09-11,2111,SH,False,迎驾贡酒,False
603199.SH,2018-01-02,2026-09-11,2111,SH,False,九华旅游,False
603200.SH,2018-01-02,2026-09-11,2111,SH,False,上海洗霸,False
603201.SH,2022-07-29,2026-09-11,1001,SH,False,常润股份,False
603202.SH,2025-04-24,2026-09-11,339,SH,False,天有为,False
603203.SH,2018-01-02,2026-09-11,2111,SH,False,快克智能,False
603205.SH,2024-11-07,2026-09-11,451,SH,False,健尔康,False
603206.SH,2022-05-06,2026-09-11,1060,SH,False,嘉环科技,False
603207.SH,2024-08-26,2026-09-11,497,SH,False,小方制药,False
603208.SH,2018-01-02,2026-09-11,2111,SH,False,江山欧派,False
603209.SH,2022-03-24,2026-09-11,1086,SH,False,兴通股份,False
603210.SH,2025-04-09,2026-09-11,350,SH,False,泰鸿万立,False
603211.SH,2022-07-25,2026-09-11,1005,SH,False,晋拓股份,False
603212.SH,2020-04-30,2026-09-11,1546,SH,False,赛伍技术,False
603213.SH,2021-11-11,2026-09-11,1175,SH,False,镇洋发展,False
603214.SH,2018-03-30,2026-09-11,2053,SH,False,爱婴室,False
603215.SH,2022-02-18,2026-09-11,1110,SH,False,比依股份,False
603216.SH,2021-12-15,2026-09-11,1151,SH,False,梦天家居,False
603217.SH,2019-06-20,2026-09-11,1757,SH,False,元利科技,False
603218.SH,2018-01-02,2026-09-11,2111,SH,False,日月股份,False
603219.SH,2021-11-22,2026-09-11,1168,SH,False,富佳股份,False
603220.SH,2018-11-15,2026-09-11,1900,SH,False,中贝通信,False
603221.SH,2020-03-23,2026-09-11,1573,SH,False,爱丽家居,False
603222.SH,2018-01-02,2026-09-11,2111,SH,False,济民健康,False
603223.SH,2018-01-02,2026-09-11,2111,SH,False,恒通股份,False
603225.SH,2018-01-02,2026-09-11,2111,SH,False,新凤鸣,False
603226.SH,2018-01-02,2026-09-11,2111,SH,False,菲林格尔,False
603227.SH,2018-01-02,2026-09-11,2111,SH,False,雪峰科技,False
603228.SH,2018-01-02,2026-09-11,2111,SH,False,景旺电子,False
603229.SH,2018-01-02,2026-09-11,2111,SH,False,奥翔药业,False
603230.SH,2021-12-24,2026-09-11,1144,SH,False,内蒙新华,False
603231.SH,2023-12-15,2026-09-11,665,SH,False,索宝蛋白,False
603232.SH,2018-01-02,2026-09-11,2111,SH,False,格尔软件,False
603233.SH,2018-01-02,2026-09-11,2111,SH,False,大参林,False
603235.SH,2022-07-12,2026-09-11,1014,SH,False,天新药业,False
603236.SH,2019-07-16,2026-09-11,1739,SH,False,移远通信,False
603237.SH,2022-08-31,2026-09-11,978,SH,False,五芳斋,False
603238.SH,2018-01-02,2026-09-11,2111,SH,False,诺邦股份,False
603239.SH,2018-01-02,2026-09-11,2111,SH,False,浙江仙通,False
603248.SH,2025-12-23,2026-09-11,176,SH,False,锡华科技,False
603255.SH,2022-08-18,2026-09-11,987,SH,False,鼎际得,False
603256.SH,2019-07-19,2026-09-11,1736,SH,False,宏和科技,False
603257.SH,2025-04-08,2026-09-11,351,SH,False,中国瑞林,False
603258.SH,2018-01-02,2026-09-11,2111,SH,False,电魂网络,False
603259.SH,2018-05-08,2026-09-11,2030,SH,False,药明康德,False
603260.SH,2018-01-02,2026-09-11,2111,SH,False,合盛硅业,False
603261.SH,2022-03-15,2026-09-11,1093,SH,False,立航科技,False
603262.SH,2025-07-23,2026-09-11,279,SH,False,技源集团,False
603266.SH,2018-01-02,2026-09-11,2111,SH,False,天龙股份,False
603267.SH,2019-05-15,2026-09-11,1782,SH,False,鸿远电子,False
603268.SH,2018-01-02,2026-09-11,2111,SH,False,松发股份,False
603269.SH,2018-01-02,2026-09-11,2111,SH,False,海鸥股份,False
603270.SH,2023-09-01,2026-09-11,734,SH,False,金帝股份,False
603271.SH,2025-03-11,2026-09-11,370,SH,False,永杰新材,False
603272.SH,2022-05-20,2026-09-11,1050,SH,False,*ST联翔,False
603273.SH,2023-10-23,2026-09-11,704,SH,False,天元智能,False
603275.SH,2023-08-23,2026-09-11,741,SH,False,众辰科技,False
603276.SH,2023-09-25,2026-09-11,718,SH,False,恒兴新材,False
603277.SH,2018-01-02,2026-09-11,2111,SH,False,银都股份,False
603278.SH,2018-01-02,2026-09-11,2111,SH,False,大业股份,False
603279.SH,2019-07-29,2026-09-11,1730,SH,False,景津装备,False
603280.SH,2022-11-08,2026-09-11,935,SH,False,南方路机,False
603281.SH,2023-01-31,2026-09-11,881,SH,False,江瀚新材,False
603282.SH,2023-03-15,2026-09-11,850,SH,False,亚光股份,False
603283.SH,2018-01-02,2026-09-11,2111,SH,False,赛腾股份,False
603284.SH,2026-02-10,2026-09-11,143,SH,False,林平发展,False
603285.SH,2024-07-05,2026-09-11,533,SH,False,键邦股份,False
603286.SH,2018-01-02,2026-09-11,2111,SH,False,日盈电子,False
603288.SH,2018-01-02,2026-09-11,2111,SH,False,海天味业,False
603289.SH,2018-01-02,2026-09-11,2111,SH,False,泰瑞机器,False
603290.SH,2020-02-04,2026-09-11,1607,SH,False,斯达半导,False
603291.SH,2023-03-27,2026-09-11,842,SH,False,联合水务,False
603293.SH,2026-04-16,2026-09-11,103,SH,False,埃泰克,False
603296.SH,2023-08-08,2026-09-11,752,SH,False,华勤技术,False
603297.SH,2018-09-10,2026-09-11,1942,SH,False,永新光学,False
603298.SH,2018-01-02,2026-09-11,2111,SH,False,杭叉集团,False
603299.SH,2018-01-02,2026-09-11,2111,SH,False,苏盐井神,False
603300.SH,2018-01-02,2026-09-11,2111,SH,False,海南华铁,False
603301.SH,2018-04-12,2026-09-11,2046,SH,False,振德医疗,False
603303.SH,2018-01-02,2026-09-11,2111,SH,False,得邦照明,False
603305.SH,2018-01-02,2026-09-11,2111,SH,False,旭升集团,False
603306.SH,2018-01-02,2026-09-11,2111,SH,False,华懋科技,False
603307.SH,2023-02-16,2026-09-11,869,SH,False,扬州金泉,False
603308.SH,2018-01-02,2026-09-11,2111,SH,False,应流股份,False
603309.SH,2018-01-02,2026-09-11,2111,SH,False,维力医疗,False
603310.SH,2024-08-14,2026-09-11,505,SH,False,巍华新材,False
603311.SH,2018-01-02,2026-09-11,2111,SH,False,金海高科,False
603312.SH,2024-01-11,2026-09-11,647,SH,False,西典新能,False
603313.SH,2018-01-02,2026-09-11,2111,SH,False,梦百合,False
603315.SH,2018-01-02,2026-09-11,2111,SH,False,福鞍股份,False
603316.SH,2018-01-02,2026-09-11,2111,SH,False,诚邦股份,False
603317.SH,2019-04-16,2026-09-11,1800,SH,False,天味食品,False
603318.SH,2018-01-02,2026-09-11,2111,SH,False,水发燃气,False
603319.SH,2018-01-02,2026-09-11,2111,SH,False,美湖股份,False
603320.SH,2018-01-02,2026-09-11,2111,SH,False,迪贝电气,False
603321.SH,2018-01-02,2026-09-11,2111,SH,False,梅轮电梯,False
603322.SH,2018-01-02,2026-09-11,2111,SH,False,超讯科技,False
603323.SH,2018-01-02,2026-09-11,2111,SH,False,苏农银行,False
603324.SH,2021-04-07,2026-09-11,1320,SH,False,盛剑科技,False
603325.SH,2024-01-10,2026-09-11,648,SH,False,博隆技术,False
603326.SH,2018-01-02,2026-09-11,2111,SH,False,我乐家居,False
603327.SH,2019-05-23,2026-09-11,1776,SH,False,福蓉科技,False
603328.SH,2018-01-02,2026-09-11,2111,SH,False,依顿电子,False
603329.SH,2018-01-02,2026-09-11,2111,SH,False,上海雅仕,False
603330.SH,2018-01-02,2026-09-11,2111,SH,False,天洋新材,False
603331.SH,2018-01-02,2026-09-11,2111,SH,False,百达精工,False
603332.SH,2019-01-17,2026-09-11,1857,SH,False,苏州龙杰,False
603333.SH,2018-01-02,2026-09-11,2111,SH,False,福华尚纬,False
603334.SH,2025-11-05,2026-09-11,210,SH,False,丰倍生物,False
603335.SH,2018-01-02,2026-09-11,2111,SH,False,迪生力,False
603336.SH,2018-01-02,2026-09-11,2111,SH,False,宏辉果蔬,False
603337.SH,2018-01-02,2026-09-11,2111,SH,False,杰克科技,False
603338.SH,2018-01-02,2026-09-11,2111,SH,False,浙江鼎力,False
603339.SH,2018-01-02,2026-09-11,2111,SH,False,四方科技,False
603341.SH,2024-03-01,2026-09-11,617,SH,False,龙旗科技,False
603344.SH,2024-03-20,2026-09-11,604,SH,False,星德胜,False
603345.SH,2018-01-02,2026-09-11,2111,SH,False,安井食品,False
603348.SH,2018-04-26,2026-09-11,2036,SH,False,文灿股份,False
603350.SH,2024-07-03,2026-09-11,535,SH,False,安乃达,False
603351.SH,2019-01-30,2026-09-11,1848,SH,False,威尔药业,False
603352.SH,2026-01-15,2026-09-11,161,SH,False,至信股份,False
603353.SH,2020-04-07,2026-09-11,1563,SH,False,和顺石油,False
603355.SH,2018-01-02,2026-09-11,2111,SH,False,莱克电气,False
603356.SH,2018-01-24,2026-09-11,2095,SH,False,华菱精工,False
603357.SH,2018-01-02,2026-09-11,2111,SH,False,设计总院,False
603358.SH,2018-01-02,2026-09-11,2111,SH,False,华达科技,False
603359.SH,2018-01-02,2026-09-11,2111,SH,False,*ST东珠,False
603360.SH,2018-01-02,2026-09-11,2111,SH,False,百傲化学,False
603363.SH,2018-01-02,2026-09-11,2111,SH,False,傲农生物,False
603365.SH,2018-01-02,2026-09-11,2111,SH,False,水星家纺,False
603366.SH,2018-01-02,2026-09-11,2111,SH,False,日出东方,False
603367.SH,2018-01-02,2026-09-11,2111,SH,False,辰欣药业,False
603368.SH,2018-01-02,2026-09-11,2111,SH,False,柳药集团,False
603369.SH,2018-01-02,2026-09-11,2111,SH,False,今世缘,False
603370.SH,2025-09-05,2026-09-11,247,SH,False,华新精科,False
603373.SH,2023-12-20,2026-09-11,662,SH,False,安邦护卫,False
603375.SH,2024-01-24,2026-09-11,638,SH,False,盛景微,False
603376.SH,2025-11-06,2026-09-11,209,SH,False,大明电子,False
603377.SH,2018-01-02,2026-09-11,2111,SH,False,ST东时,False
603378.SH,2018-01-02,2026-09-11,2111,SH,False,*ST亚士,False
603379.SH,2019-04-02,2026-09-11,1809,SH,False,三美股份,False
603380.SH,2018-01-02,2026-09-11,2111,SH,False,易德龙,False
603381.SH,2024-06-26,2026-09-11,540,SH,False,永臻股份,False
603382.SH,2025-06-12,2026-09-11,308,SH,False,海阳科技,False
603383.SH,2018-01-02,2026-09-11,2111,SH,False,顶点软件,False
603385.SH,2018-01-02,2026-09-11,2111,SH,False,惠达卫浴,False
603386.SH,2018-01-02,2026-09-11,2111,SH,False,骏亚科技,False
603387.SH,2018-01-02,2026-09-11,2111,SH,False,基蛋生物,False
603388.SH,2018-01-02,2025-12-04,1923,SH,True,*ST元成,False
603389.SH,2018-01-02,2026-09-11,2111,SH,False,亚振家居,False
603390.SH,2019-11-25,2026-09-11,1651,SH,False,通达电气,False
603391.SH,2024-07-31,2026-09-11,515,SH,False,力聚热能,False
603392.SH,2020-04-29,2026-09-11,1547,SH,False,万泰生物,False
603393.SH,2018-01-02,2026-09-11,2111,SH,False,新天然气,False
603395.SH,2024-11-26,2026-09-11,438,SH,False,红四方,False
603396.SH,2018-01-02,2026-09-11,2111,SH,False,金辰股份,False
603398.SH,2018-01-02,2026-09-11,2111,SH,False,*ST沐邦,False
603399.SH,2018-01-02,2026-09-11,2111,SH,False,永杉锂业,False
603400.SH,2025-06-20,2026-09-11,302,SH,False,华之杰,False
603402.SH,2026-01-06,2026-09-11,168,SH,False,陕西旅游,False
603406.SH,2025-08-08,2026-09-11,267,SH,False,天富龙,False
603407.SH,2026-05-11,2026-09-11,89,SH,False,长裕集团,False
603408.SH,2020-07-30,2026-09-11,1486,SH,False,建霖家居,False
603409.SH,2025-03-04,2026-09-11,375,SH,False,汇通控股,False
603416.SH,2018-01-02,2026-09-11,2111,SH,False,信捷电气,False
603418.SH,2025-09-23,2026-09-11,235,SH,False,友升股份,False
603421.SH,2018-01-02,2026-09-11,2111,SH,False,鼎信通讯,False
603429.SH,2018-01-02,2026-09-11,2111,SH,False,*ST集友,False
603435.SH,2026-05-22,2026-09-11,80,SH,False,嘉德利,False
603439.SH,2020-04-28,2026-09-11,1548,SH,False,三力制药,False
603444.SH,2018-01-02,2026-09-11,2111,SH,False,吉比特,False
603448.SH,2026-09-07,2026-09-11,5,SH,False,天博智能,False
603456.SH,2018-01-02,2026-09-11,2111,SH,False,九洲药业,False
603458.SH,2018-01-02,2026-09-11,2111,SH,False,勘设股份,False
603459.SH,2026-04-08,2026-09-11,109,SH,False,红板科技,False
603466.SH,2018-01-02,2026-09-11,2111,SH,False,风语筑,False
603468.SH,2026-08-06,2026-09-11,27,SH,False,津富士达,False
603477.SH,2018-01-02,2026-09-11,2111,SH,False,巨星农牧,False
603486.SH,2018-05-28,2026-09-11,2016,SH,False,科沃斯,False
603488.SH,2018-01-02,2026-09-11,2111,SH,False,展鹏科技,False
603489.SH,2019-11-11,2026-09-11,1661,SH,False,八方股份,False
603496.SH,2018-01-02,2026-09-11,2111,SH,False,恒为科技,False
603499.SH,2018-01-02,2026-09-11,2111,SH,False,翔港科技,False
603500.SH,2018-01-02,2026-09-11,2111,SH,False,祥和实业,False
603501.SH,2018-01-02,2026-09-11,2111,SH,False,豪威集团,False
603505.SH,2018-01-02,2026-09-11,2111,SH,False,金石资源,False
603506.SH,2018-02-01,2026-09-11,2089,SH,False,南都物业,False
603507.SH,2018-01-02,2026-09-11,2111,SH,False,振江股份,False
603508.SH,2018-01-02,2026-09-11,2111,SH,False,思维列控,False
603511.SH,2021-05-31,2026-09-11,1285,SH,False,爱慕股份,False
603515.SH,2018-01-02,2026-09-11,2111,SH,False,欧普照明,False
603516.SH,2018-02-02,2026-09-11,2088,SH,False,淳中科技,False
603517.SH,2018-01-02,2026-09-11,2111,SH,False,ST绝味,False
603518.SH,2018-01-02,2026-09-11,2111,SH,False,锦泓集团,False
603519.SH,2018-01-02,2026-09-11,2111,SH,False,立霸股份,False
603520.SH,2018-01-02,2026-09-11,2111,SH,False,司太立,False
603527.SH,2018-01-02,2026-09-11,2111,SH,False,众源新材,False
603528.SH,2018-01-02,2026-09-11,2111,SH,False,多伦科技,False
603529.SH,2021-06-15,2026-09-11,1275,SH,False,爱玛科技,False
603530.SH,2019-08-05,2026-09-11,1725,SH,False,神马电力,False
603533.SH,2018-01-02,2026-09-11,2111,SH,False,掌阅科技,False
603535.SH,2018-01-02,2026-09-11,2111,SH,False,嘉诚国际,False
603536.SH,2018-01-02,2026-09-11,2111,SH,False,惠发食品,False
603538.SH,2018-01-02,2026-09-11,2111,SH,False,美诺华,False
603551.SH,2020-01-15,2026-09-11,1615,SH,False,奥普科技,False
603555.SH,2018-01-02,2024-03-29,1515,SH,True,ST贵人,False
603556.SH,2018-01-02,2026-09-11,2111,SH,False,海兴电力,False
603557.SH,2018-01-02,2026-09-11,2111,SH,False,*ST起步,False
603558.SH,2018-01-02,2026-09-11,2111,SH,False,健盛集团,False
603559.SH,2018-01-02,2026-09-11,2111,SH,False,中通国脉,False
603565.SH,2020-09-25,2026-09-11,1445,SH,False,中谷物流,False
603566.SH,2018-01-02,2026-09-11,2111,SH,False,普莱柯,False
603567.SH,2018-01-02,2026-09-11,2111,SH,False,珍宝岛,False
603568.SH,2018-01-02,2026-09-11,2111,SH,False,伟明环保,False
603569.SH,2018-01-02,2026-09-11,2111,SH,False,长久物流,False
603577.SH,2018-01-02,2026-09-11,2111,SH,False,汇金通,False
603578.SH,2018-01-02,2026-09-11,2111,SH,False,三星新材,False
603579.SH,2018-01-02,2026-09-11,2111,SH,False,荣泰健康,False
603580.SH,2018-01-02,2026-09-11,2111,SH,False,艾艾精工,False
603583.SH,2018-09-21,2026-09-11,1933,SH,False,捷昌驱动,False
603585.SH,2018-01-02,2026-09-11,2111,SH,False,苏利股份,False
603586.SH,2018-01-02,2026-09-11,2111,SH,False,金麒麟,False
603587.SH,2018-06-22,2026-09-11,1998,SH,False,地素时尚,False
603588.SH,2018-01-02,2026-09-11,2111,SH,False,高能环境,False
603589.SH,2018-01-02,2026-09-11,2111,SH,False,口子窖,False
603590.SH,2018-08-27,2026-09-11,1952,SH,False,康辰药业,False
603595.SH,2018-01-02,2026-09-11,2111,SH,False,ST东尼,False
603596.SH,2018-04-27,2026-09-11,2035,SH,False,伯特利,False
603598.SH,2018-01-02,2026-09-11,2111,SH,False,引力传媒,False
603599.SH,2018-01-02,2026-09-11,2111,SH,False,广信股份,False
603600.SH,2018-01-02,2026-09-11,2111,SH,False,永艺股份,False
603601.SH,2018-01-02,2026-09-11,2111,SH,False,再升科技,False
603602.SH,2018-01-02,2026-09-11,2111,SH,False,纵横通信,False
603603.SH,2018-01-02,2024-04-25,1532,SH,True,退市博天,True
603605.SH,2018-01-02,2026-09-11,2111,SH,False,珀莱雅,False
603606.SH,2018-01-02,2026-09-11,2111,SH,False,东方电缆,False
603607.SH,2018-01-02,2026-09-11,2111,SH,False,京华激光,False
603608.SH,2018-01-02,2026-09-11,2111,SH,False,天创时尚,False
603609.SH,2018-01-02,2026-09-11,2111,SH,False,禾丰股份,False
603610.SH,2019-10-29,2026-09-11,1670,SH,False,麒盛科技,False
603611.SH,2018-01-02,2026-09-11,2111,SH,False,诺力股份,False
603612.SH,2018-01-02,2026-09-11,2111,SH,False,索通发展,False
603613.SH,2019-07-30,2026-09-11,1729,SH,False,国联股份,False
603615.SH,2018-01-02,2026-09-11,2111,SH,False,茶花股份,False
603616.SH,2018-01-02,2026-09-11,2111,SH,False,韩建河山,False
603617.SH,2018-01-02,2026-09-11,2111,SH,False,君禾股份,False
603618.SH,2018-01-02,2026-09-11,2111,SH,False,杭电股份,False
603619.SH,2018-01-02,2026-09-11,2111,SH,False,中曼石油,False
603626.SH,2018-01-02,2026-09-11,2111,SH,False,科森科技,False
603628.SH,2018-01-02,2026-09-11,2111,SH,False,清源股份,False
603629.SH,2018-12-24,2026-09-11,1873,SH,False,利通电子,False
603630.SH,2018-01-02,2026-09-11,2111,SH,False,拉芳家化,False
603633.SH,2018-01-02,2026-09-11,2111,SH,False,徕木股份,False
603636.SH,2018-01-02,2026-09-11,2111,SH,False,南威软件,False
603637.SH,2018-01-02,2026-09-11,2111,SH,False,镇海股份,False
603638.SH,2018-01-02,2026-09-11,2111,SH,False,艾迪精密,False
603639.SH,2018-01-02,2026-09-11,2111,SH,False,海利尔,False
603648.SH,2018-01-02,2026-09-11,2111,SH,False,畅联股份,False
603650.SH,2018-06-27,2026-09-11,1995,SH,False,彤程新材,False
603655.SH,2018-01-02,2026-09-11,2111,SH,False,朗博科技,False
603656.SH,2018-01-02,2026-09-11,2111,SH,False,泰禾智能,False
603657.SH,2018-07-30,2026-09-11,1972,SH,False,春光科技,False
603658.SH,2018-01-02,2026-09-11,2111,SH,False,安图生物,False
603659.SH,2018-01-02,2026-09-11,2111,SH,False,璞泰来,False
603660.SH,2018-01-02,2026-09-11,2111,SH,False,苏州科达,False
603661.SH,2018-01-02,2026-09-11,2111,SH,False,恒林股份,False
603662.SH,2019-08-06,2026-09-11,1724,SH,False,柯力传感,False
603663.SH,2018-01-02,2026-09-11,2111,SH,False,三祥新材,False
603665.SH,2018-01-02,2026-09-11,2111,SH,False,康隆达,False
603666.SH,2018-06-12,2026-09-11,2005,SH,False,亿嘉和,False
603667.SH,2018-01-02,2026-09-11,2111,SH,False,五洲新春,False
603668.SH,2018-01-02,2026-09-11,2111,SH,False,天马科技,False
603669.SH,2018-01-02,2026-09-11,2111,SH,False,灵康药业,False
603676.SH,2018-01-02,2026-09-11,2111,SH,False,卫信康,False
603677.SH,2018-01-02,2026-09-11,2111,SH,False,奇精机械,False
603678.SH,2018-01-02,2026-09-11,2111,SH,False,火炬电子,False
603679.SH,2018-01-02,2026-09-11,2111,SH,False,华体科技,False
603680.SH,2018-02-27,2026-09-11,2076,SH,False,今创集团,False
603681.SH,2019-03-26,2026-09-11,1814,SH,False,永冠新材,False
603682.SH,2020-04-21,2026-09-11,1553,SH,False,锦和商管,False
603683.SH,2018-01-02,2026-09-11,2111,SH,False,晶华新材,False
603685.SH,2018-01-02,2026-09-11,2111,SH,False,晨丰科技,False
603686.SH,2018-01-02,2026-09-11,2111,SH,False,福龙马,False
603687.SH,2019-07-26,2026-09-11,1731,SH,False,大胜达,False
603688.SH,2018-01-02,2026-09-11,2111,SH,False,石英股份,False
603689.SH,2018-01-02,2026-09-11,2111,SH,False,皖天然气,False
603690.SH,2018-01-02,2026-09-11,2111,SH,False,至纯科技,False
603693.SH,2018-07-03,2026-09-11,1991,SH,False,江苏新能,False
603696.SH,2018-01-02,2026-09-11,2111,SH,False,安记食品,False
603697.SH,2019-05-08,2026-09-11,1787,SH,False,有友食品,False
603698.SH,2018-01-02,2026-09-11,2111,SH,False,航天工程,False
603699.SH,2018-01-02,2026-09-11,2111,SH,False,纽威股份,False
603700.SH,2019-01-22,2026-09-11,1854,SH,False,宁水集团,False
603701.SH,2018-01-02,2026-09-11,2111,SH,False,德宏股份,False
603703.SH,2018-01-02,2026-09-11,2111,SH,False,盛洋科技,False
603706.SH,2018-07-09,2026-09-11,1987,SH,False,东方环宇,False
603707.SH,2018-01-02,2026-09-11,2111,SH,False,健友股份,False
603708.SH,2018-01-02,2026-09-11,2111,SH,False,家家悦,False
603709.SH,2018-02-08,2026-09-11,2084,SH,False,中源家居,False
603711.SH,2018-01-02,2026-09-11,2111,SH,False,香飘飘,False
603712.SH,2018-02-26,2026-09-11,2077,SH,False,七一二,False
603713.SH,2018-07-13,2026-09-11,1983,SH,False,密尔克卫,False
603716.SH,2018-01-02,2026-09-11,2111,SH,False,塞力医疗,False
603717.SH,2018-01-02,2026-09-11,2111,SH,False,天域生物,False
603718.SH,2018-01-02,2026-09-11,2111,SH,False,*ST海利,False
603719.SH,2020-02-24,2026-09-11,1593,SH,False,良品铺子,False
603721.SH,2018-01-02,2026-09-11,2111,SH,False,中广天择,False
603722.SH,2018-01-02,2026-09-11,2111,SH,False,阿科力,False
603725.SH,2018-01-02,2026-09-11,2111,SH,False,天安新材,False
603726.SH,2018-01-02,2026-09-11,2111,SH,False,朗迪集团,False
603727.SH,2018-01-02,2026-09-11,2111,SH,False,博迈科,False
603728.SH,2018-01-02,2026-09-11,2111,SH,False,鸣志电器,False
603729.SH,2018-01-02,2026-09-11,2111,SH,False,ST龙韵,False
603730.SH,2018-01-02,2026-09-11,2111,SH,False,岱美股份,False
603733.SH,2018-04-20,2026-09-11,2040,SH,False,仙鹤股份,False
603737.SH,2018-01-02,2026-09-11,2111,SH,False,三棵树,False
603738.SH,2018-01-02,2026-09-11,2111,SH,False,泰晶科技,False
603739.SH,2019-01-16,2026-09-11,1858,SH,False,蔚蓝生物,False
603755.SH,2019-08-28,2026-09-11,1708,SH,False,日辰股份,False
603757.SH,2018-01-02,2026-09-11,2111,SH,False,大元泵业,False
603758.SH,2018-01-02,2026-09-11,2111,SH,False,秦安股份,False
603759.SH,2021-03-26,2026-09-11,1327,SH,False,海天股份,False
603766.SH,2018-01-02,2026-09-11,2111,SH,False,隆鑫通用,False
603767.SH,2018-01-02,2026-09-11,2111,SH,False,中马传动,False
603768.SH,2018-01-02,2026-09-11,2111,SH,False,常青股份,False
603773.SH,2018-04-17,2026-09-11,2043,SH,False,沃格光电,False
603776.SH,2018-01-02,2026-09-11,2111,SH,False,永安行,False
603777.SH,2018-01-02,2026-09-11,2111,SH,False,来伊份,False
603778.SH,2018-01-02,2026-09-11,2111,SH,False,国晟科技,False
603779.SH,2018-01-02,2026-09-11,2111,SH,False,威龙股份,False
603786.SH,2019-10-15,2026-09-11,1680,SH,False,科博达,False
603787.SH,2018-01-02,2026-09-11,2111,SH,False,新日股份,False
603788.SH,2018-01-02,2026-09-11,2111,SH,False,宁波高发,False
603789.SH,2018-01-02,2026-09-11,2111,SH,False,ST星农,False
603790.SH,2018-09-12,2026-09-11,1940,SH,False,雅运股份,False
603797.SH,2018-01-02,2026-09-11,2111,SH,False,联泰环保,False
603798.SH,2018-01-02,2026-09-11,2111,SH,False,康普顿,False
603799.SH,2018-01-02,2026-09-11,2111,SH,False,华友钴业,False
603800.SH,2018-01-02,2026-09-11,2111,SH,False,洪田股份,False
603801.SH,2018-01-02,2026-09-11,2111,SH,False,志邦家居,False
603803.SH,2018-01-02,2026-09-11,2111,SH,False,瑞斯康达,False
603806.SH,2018-01-02,2026-09-11,2111,SH,False,福斯特,False
603808.SH,2018-01-02,2026-09-11,2111,SH,False,歌力思,False
603809.SH,2018-01-02,2026-09-11,2111,SH,False,豪能股份,False
603810.SH,2018-09-17,2026-09-11,1937,SH,False,丰山集团,False
603811.SH,2018-01-02,2026-09-11,2111,SH,False,诚意药业,False
603813.SH,2018-01-02,2026-09-11,2111,SH,False,原尚股份,False
603815.SH,2019-10-21,2026-09-11,1676,SH,False,交建股份,False
603816.SH,2018-01-02,2026-09-11,2111,SH,False,顾家家居,False
603817.SH,2018-01-02,2026-09-11,2111,SH,False,海峡环保,False
603818.SH,2018-01-02,2026-09-11,2111,SH,False,曲美家居,False
603819.SH,2018-01-02,2026-09-11,2111,SH,False,神力股份,False
603822.SH,2018-01-02,2026-09-11,2111,SH,False,ST嘉澳,False
603823.SH,2018-01-02,2026-09-11,2111,SH,False,百合花,False
603825.SH,2018-01-02,2026-09-11,2111,SH,False,ST华扬,False
603826.SH,2018-01-02,2026-09-11,2111,SH,False,坤彩科技,False
603828.SH,2018-01-02,2026-09-11,2111,SH,False,*ST利达,False
603829.SH,2018-01-02,2026-09-11,2111,SH,False,洛凯股份,False
603833.SH,2018-01-02,2026-09-11,2111,SH,False,欧派家居,False
603836.SH,2021-05-26,2026-09-11,1288,SH,False,海程邦达,False
603838.SH,2018-01-02,2026-09-11,2111,SH,False,*ST四通,False
603839.SH,2018-01-02,2026-09-11,2111,SH,False,安正时尚,False
603843.SH,2018-01-02,2026-09-11,2111,SH,False,*ST正平,False
603848.SH,2018-01-02,2026-09-11,2111,SH,False,好太太,False
603855.SH,2018-01-02,2026-09-11,2111,SH,False,华荣股份,False
603856.SH,2018-01-02,2026-09-11,2111,SH,False,东宏股份,False
603858.SH,2018-01-02,2026-09-11,2111,SH,False,步长制药,False
603859.SH,2018-01-02,2026-09-11,2111,SH,False,能科科技,False
603860.SH,2018-01-02,2026-09-11,2111,SH,False,中公高科,False
603861.SH,2018-01-02,2026-09-11,2111,SH,False,白云电器,False
603863.SH,2019-06-21,2026-09-11,1756,SH,False,松炀资源,False
603866.SH,2018-01-02,2026-09-11,2111,SH,False,桃李面包,False
603867.SH,2019-06-27,2026-09-11,1752,SH,False,新化股份,False
603868.SH,2018-01-02,2026-09-11,2111,SH,False,飞科电器,False
603869.SH,2018-01-02,2026-09-11,2111,SH,False,ST智知,False
603871.SH,2018-02-06,2026-09-11,2086,SH,False,嘉友国际,False
603876.SH,2018-04-18,2026-09-11,2042,SH,False,鼎胜新材,False
603877.SH,2018-01-02,2026-09-11,2111,SH,False,太平鸟,False
603878.SH,2018-01-02,2026-09-11,2111,SH,False,武进不锈,False
603879.SH,2018-01-02,2026-09-11,2111,SH,False,永悦科技,False
603880.SH,2018-01-02,2026-09-11,2111,SH,False,南卫股份,False
603881.SH,2018-01-02,2026-09-11,2111,SH,False,数据港,False
603882.SH,2018-01-02,2026-09-11,2111,SH,False,金域医学,False
603883.SH,2018-01-02,2026-09-11,2111,SH,False,老百姓,False
603885.SH,2018-01-02,2026-09-11,2111,SH,False,吉祥航空,False
603886.SH,2018-01-02,2026-09-11,2111,SH,False,元祖股份,False
603887.SH,2018-01-02,2026-09-11,2111,SH,False,城地香江,False
603888.SH,2018-01-02,2026-09-11,2111,SH,False,新华网,False
603889.SH,2018-01-02,2026-09-11,2111,SH,False,新澳股份,False
603890.SH,2018-01-02,2026-09-11,2111,SH,False,春秋电子,False
603893.SH,2020-02-07,2026-09-11,1604,SH,False,瑞芯微,False
603895.SH,2018-01-22,2026-09-11,2097,SH,False,天永智能,False
603896.SH,2018-01-02,2026-09-11,2111,SH,False,寿仙谷,False
603897.SH,2018-04-10,2026-09-11,2048,SH,False,长城科技,False
603898.SH,2018-01-02,2026-09-11,2111,SH,False,好莱客,False
603899.SH,2018-01-02,2026-09-11,2111,SH,False,晨光股份,False
603900.SH,2018-01-02,2026-09-11,2111,SH,False,莱绅通灵,False
603901.SH,2018-01-02,2026-09-11,2111,SH,False,永创智能,False
603903.SH,2018-01-02,2026-09-11,2111,SH,False,中持股份,False
603906.SH,2018-01-02,2026-09-11,2111,SH,False,龙蟠科技,False
603908.SH,2018-01-02,2026-09-11,2111,SH,False,牧高笛,False
603909.SH,2018-01-02,2026-09-11,2111,SH,False,建发合诚,False
603912.SH,2018-01-02,2026-09-11,2111,SH,False,佳力图,False
603915.SH,2019-06-14,2026-09-11,1761,SH,False,国茂股份,False
603916.SH,2018-01-02,2026-09-11,2111,SH,False,苏博特,False
603917.SH,2018-01-02,2026-09-11,2111,SH,False,合力科技,False
603918.SH,2018-01-02,2026-09-11,2111,SH,False,金桥信息,False
603919.SH,2018-01-02,2026-09-11,2111,SH,False,金徽酒,False
603920.SH,2018-01-02,2026-09-11,2111,SH,False,世运电路,False
603922.SH,2018-01-02,2026-09-11,2111,SH,False,ST金鸿顺,False
603926.SH,2018-01-02,2026-09-11,2111,SH,False,铁流股份,False
603927.SH,2019-09-09,2026-09-11,1700,SH,False,中科软,False
603928.SH,2018-01-02,2026-09-11,2111,SH,False,兴业股份,False
603929.SH,2018-01-02,2026-09-11,2111,SH,False,亚翔集成,False
603931.SH,2020-08-19,2026-09-11,1472,SH,False,格林达,False
603933.SH,2018-01-02,2026-09-11,2111,SH,False,睿能科技,False
603936.SH,2018-01-02,2026-09-11,2111,SH,False,博敏电子,False
603937.SH,2018-01-02,2026-09-11,2111,SH,False,丽岛新材,False
603938.SH,2018-01-02,2026-09-11,2111,SH,False,三孚股份,False
603939.SH,2018-01-02,2026-09-11,2111,SH,False,益丰药房,False
603948.SH,2020-03-02,2026-09-11,1588,SH,False,建业股份,False
603949.SH,2020-03-10,2026-09-11,1582,SH,False,雪龙集团,False
603950.SH,2020-05-26,2026-09-11,1531,SH,False,长源东谷,False
603955.SH,2018-01-02,2026-09-11,2111,SH,False,大千生态,False
603956.SH,2019-02-22,2026-09-11,1836,SH,False,威派格,False
603958.SH,2018-01-02,2026-09-11,2111,SH,False,哈森股份,False
603959.SH,2018-01-02,2026-09-11,2111,SH,False,ST百利,False
603960.SH,2018-01-02,2026-09-11,2111,SH,False,克来机电,False
603963.SH,2018-01-02,2025-03-21,1750,SH,True,*ST大药,False
603966.SH,2018-01-02,2026-09-11,2111,SH,False,法兰泰克,False
603967.SH,2019-04-29,2026-09-11,1791,SH,False,中创物流,False
603968.SH,2018-01-02,2026-09-11,2111,SH,False,醋化股份,False
603969.SH,2018-01-02,2026-09-11,2111,SH,False,银龙股份,False
603970.SH,2018-01-02,2026-09-11,2111,SH,False,中农立华,False
603976.SH,2018-01-02,2026-09-11,2111,SH,False,正川股份,False
603977.SH,2018-01-02,2026-09-11,2111,SH,False,国泰集团,False
603978.SH,2018-01-02,2026-09-11,2111,SH,False,深圳新星,False
603979.SH,2018-01-02,2026-09-11,2111,SH,False,金诚信,False
603980.SH,2018-01-02,2026-09-11,2111,SH,False,吉华集团,False
603982.SH,2019-05-22,2026-09-11,1777,SH,False,泉峰汽车,False
603983.SH,2019-07-25,2026-09-11,1732,SH,False,丸美生物,False
603985.SH,2018-01-02,2026-09-11,2111,SH,False,恒润股份,False
603986.SH,2018-01-02,2026-09-11,2111,SH,False,兆易创新,False
603987.SH,2018-01-02,2026-09-11,2111,SH,False,康德莱,False
603988.SH,2018-01-02,2026-09-11,2111,SH,False,中电电机,False
603989.SH,2018-01-02,2026-09-11,2111,SH,False,艾华集团,False
603990.SH,2018-01-02,2026-09-11,2111,SH,False,麦迪科技,False
603991.SH,2018-01-02,2026-09-11,2111,SH,False,领先股份,False
603992.SH,2019-08-26,2026-09-11,1710,SH,False,松霖科技,False
603993.SH,2018-01-02,2026-09-11,2111,SH,False,洛阳钼业,False
603995.SH,2019-12-24,2026-09-11,1630,SH,False,甬金股份,False
603996.SH,2018-01-02,2022-05-24,1064,SH,True,退市中新,True
603997.SH,2018-01-02,2026-09-11,2111,SH,False,继峰股份,False
603998.SH,2018-01-02,2026-09-11,2111,SH,False,方盛制药,False
603999.SH,2018-01-02,2026-09-11,2111,SH,False,读者传媒,False
605001.SH,2020-05-22,2026-09-11,1533,SH,False,威奥股份,False
605003.SH,2020-09-08,2026-09-11,1458,SH,False,众望布艺,False
605005.SH,2021-01-19,2026-09-11,1370,SH,False,合兴股份,False
605006.SH,2020-09-03,2026-09-11,1461,SH,False,山东玻纤,False
605007.SH,2020-11-10,2026-09-11,1419,SH,False,五洲特纸,False
605008.SH,2020-08-21,2026-09-11,1470,SH,False,长鸿高科,False
605009.SH,2020-09-11,2026-09-11,1455,SH,False,豪悦护理,False
605011.SH,2021-06-30,2026-09-11,1264,SH,False,杭州热电,False
605016.SH,2021-04-21,2026-09-11,1310,SH,False,百龙创园,False
605018.SH,2020-09-29,2026-09-11,1443,SH,False,长华集团,False
605020.SH,2021-07-09,2026-09-11,1257,SH,False,永和股份,False
605028.SH,2021-07-12,2026-09-11,1256,SH,False,世茂能源,False
605033.SH,2021-09-16,2026-09-11,1208,SH,False,美邦股份,False
605050.SH,2020-09-24,2026-09-11,1446,SH,False,福然德,False
605055.SH,2021-01-29,2026-09-11,1362,SH,False,迎丰股份,False
605056.SH,2021-07-20,2026-09-11,1250,SH,False,咸亨国际,False
605058.SH,2020-10-21,2026-09-11,1433,SH,False,澳弘电子,False
605060.SH,2021-03-01,2026-09-11,1346,SH,False,联德股份,False
605066.SH,2020-08-07,2026-09-11,1480,SH,False,天正电气,False
605068.SH,2020-11-23,2026-09-11,1410,SH,False,明新旭腾,False
605069.SH,2021-08-16,2026-09-11,1231,SH,False,正和生态,False
605077.SH,2021-02-09,2026-09-11,1355,SH,False,华康股份,False
605080.SH,2021-05-06,2026-09-11,1302,SH,False,浙江自然,False
605081.SH,2021-02-09,2026-07-02,1304,SH,True,退市太和,True
605086.SH,2021-04-16,2026-09-11,1313,SH,False,龙高股份,False
605088.SH,2020-08-17,2026-09-11,1474,SH,False,冠盛股份,False
605089.SH,2021-04-27,2026-09-11,1306,SH,False,味知香,False
605090.SH,2021-05-25,2026-09-11,1289,SH,False,九丰能源,False
605098.SH,2021-04-21,2026-09-11,1310,SH,False,行动教育,False
605099.SH,2020-09-30,2026-09-11,1442,SH,False,共创草坪,False
605100.SH,2020-08-11,2026-09-11,1478,SH,False,华丰股份,False
605108.SH,2020-07-16,2026-09-11,1496,SH,False,同庆楼,False
605111.SH,2020-09-28,2026-09-11,1444,SH,False,新洁能,False
605116.SH,2020-09-21,2026-09-11,1449,SH,False,奥锐特,False
605117.SH,2021-04-20,2026-09-11,1311,SH,False,德业股份,False
605118.SH,2020-07-30,2026-09-11,1486,SH,False,力鼎光电,False
605122.SH,2021-03-10,2026-09-11,1339,SH,False,四方新材,False
605123.SH,2020-08-25,2026-09-11,1468,SH,False,派克新材,False
605128.SH,2020-09-15,2026-09-11,1453,SH,False,上海沿浦,False
605133.SH,2021-02-24,2026-09-11,1349,SH,False,嵘泰股份,False
605136.SH,2020-09-29,2026-09-11,1443,SH,False,丽人丽妆,False
605138.SH,2021-10-27,2026-09-11,1186,SH,False,盛泰集团,False
605151.SH,2020-12-15,2026-09-11,1394,SH,False,西上海,False
605155.SH,2020-12-31,2026-09-11,1382,SH,False,西大门,False
605158.SH,2020-08-05,2026-09-11,1482,SH,False,华达新材,False
605162.SH,2021-07-07,2026-09-11,1259,SH,False,新中港,False
605166.SH,2020-06-18,2026-09-11,1514,SH,False,聚合顺,False
605167.SH,2021-07-26,2026-09-11,1246,SH,False,利柏特,False
605168.SH,2020-05-28,2026-09-11,1529,SH,False,三人行,False
605169.SH,2020-10-30,2026-09-11,1426,SH,False,洪通燃气,False
605177.SH,2020-11-25,2026-09-11,1408,SH,False,东亚药业,False
605178.SH,2020-08-21,2026-09-11,1470,SH,False,时空科技,False
605179.SH,2020-12-28,2026-09-11,1385,SH,False,一鸣食品,False
605180.SH,2021-04-30,2026-09-11,1303,SH,False,华生科技,False
605183.SH,2020-12-07,2026-09-11,1400,SH,False,确成股份,False
605186.SH,2020-12-22,2026-09-11,1389,SH,False,健麾信息,False
605188.SH,2020-07-28,2026-09-11,1488,SH,False,国光连锁,False
605189.SH,2021-05-28,2026-09-11,1286,SH,False,富春染织,False
605196.SH,2021-05-11,2026-09-11,1299,SH,False,华通线缆,False
605198.SH,2020-09-18,2026-09-11,1450,SH,False,安德利,False
605199.SH,2020-07-10,2026-09-11,1500,SH,False,ST葫芦娃,False
605208.SH,2021-03-08,2026-09-11,1341,SH,False,永茂泰,False
605218.SH,2020-09-28,2026-09-11,1444,SH,False,伟时电子,False
605222.SH,2020-07-31,2026-09-11,1485,SH,False,起帆电缆,False
605228.SH,2021-01-20,2026-09-11,1369,SH,False,神通科技,False
605255.SH,2020-08-25,2026-09-11,1468,SH,False,天普股份,False
605258.SH,2020-12-03,2026-09-11,1402,SH,False,协和电子,False
605259.SH,2021-06-15,2026-09-11,1275,SH,False,绿田机械,False
605266.SH,2020-12-01,2026-09-11,1404,SH,False,健之佳,False
605268.SH,2021-02-24,2026-09-11,1349,SH,False,王力安防,False
605277.SH,2021-01-06,2026-09-11,1379,SH,False,新亚电子,False
605286.SH,2021-03-22,2026-09-11,1331,SH,False,同力天启,False
605287.SH,2021-07-06,2026-09-11,1260,SH,False,德才股份,False
605288.SH,2020-06-01,2026-09-11,1527,SH,False,凯迪股份,False
605289.SH,2021-04-26,2026-09-11,1307,SH,False,罗曼股份,False
605296.SH,2021-05-28,2026-09-11,1286,SH,False,神农集团,False
605298.SH,2021-03-01,2026-09-11,1346,SH,False,必得科技,False
605299.SH,2020-12-15,2026-09-11,1394,SH,False,舒华体育,False
605300.SH,2021-04-30,2026-09-11,1303,SH,False,佳禾食品,False
605303.SH,2021-03-01,2026-09-11,1346,SH,False,园林股份,False
605305.SH,2021-05-06,2026-09-11,1302,SH,False,中际联合,False
605318.SH,2020-08-03,2026-09-11,1484,SH,False,法狮龙,False
605319.SH,2021-06-07,2026-09-11,1280,SH,False,无锡振华,False
605333.SH,2020-08-18,2026-09-11,1473,SH,False,沪光股份,False
605336.SH,2020-10-19,2026-09-11,1435,SH,False,*ST帅电,False
605337.SH,2021-02-08,2026-09-11,1356,SH,False,李子园,False
605338.SH,2020-10-12,2026-09-11,1440,SH,False,巴比食品,False
605339.SH,2021-05-18,2026-09-11,1294,SH,False,南侨食品,False
605358.SH,2020-09-11,2026-09-11,1455,SH,False,立昂微,False
605365.SH,2021-07-20,2026-09-11,1250,SH,False,立达信,False
605366.SH,2020-08-12,2026-09-11,1477,SH,False,宏柏新材,False
605368.SH,2021-01-29,2026-09-11,1362,SH,False,蓝天燃气,False
605369.SH,2020-09-16,2026-09-11,1452,SH,False,拱东医疗,False
605376.SH,2020-12-08,2026-09-11,1399,SH,False,博迁新材,False
605377.SH,2020-12-28,2026-09-11,1385,SH,False,华旺科技,False
605378.SH,2021-04-12,2026-09-11,1317,SH,False,野马电池,False
605388.SH,2020-08-18,2026-09-11,1473,SH,False,均瑶健康,False
605389.SH,2021-03-22,2026-09-11,1331,SH,False,长龄液压,False
605398.SH,2021-01-21,2026-09-11,1368,SH,False,新炬网络,False
605399.SH,2020-08-04,2026-09-11,1483,SH,False,晨光新材,False
605488.SH,2021-05-13,2026-09-11,1297,SH,False,福莱新材,False
605499.SH,2021-05-27,2026-09-11,1287,SH,False,东鹏饮料,False
605500.SH,2020-12-22,2026-09-11,1389,SH,False,森林包装,False
605507.SH,2021-08-02,2026-09-11,1241,SH,False,国邦医药,False
605555.SH,2021-10-21,2026-09-11,1190,SH,False,德昌股份,False
605566.SH,2021-10-25,2026-09-11,1188,SH,False,福莱蒽特,False
605567.SH,2021-10-13,2026-09-11,1196,SH,False,春雪食品,False
605577.SH,2021-08-24,2026-09-11,1225,SH,False,龙版传媒,False
605580.SH,2021-08-19,2026-09-11,1228,SH,False,恒盛能源,False
605588.SH,2021-08-12,2026-09-11,1233,SH,False,冠石科技,False
605589.SH,2021-08-10,2026-09-11,1235,SH,False,圣泉集团,False
605598.SH,2021-09-17,2026-09-11,1207,SH,False,上海港湾,False
605599.SH,2021-09-09,2026-09-11,1213,SH,False,菜百股份,False
