日期,总资产,现金,证券,数量,持仓,收盘价, 收益
2026-07-31,19687844.83,1872190.34,,,,,
,,,南网科技(688248.SH),55146,2310617.40,41.9,19556.98
,,,新益昌(688383.SH),20191,1897954.00,94,-165658.92
,,,光格科技(688450.SH),72573,2044381.41,28.17,-20706.10
,,,海泰新光(688677.SH),16005,1095542.25,68.45,84907.52
,,,锴威特(688693.SH),36605,2040728.75,55.75,-23406.40
,,,智明达(688636.SH),92050,1632046.50,17.73,-986.83
,,,泛亚微透(688386.SH),17451,882671.58,50.58,-2905.23
,,,高凌信息(688175.SH),125373,2084952.99,16.63,20335.64
,,,莱特光电(688150.SH),56684,1929523.36,34.04,-70343.77
,,,瑞华泰(688323.SH),83395,1897236.25,22.75,-102161.41
2026-07-30,18740432.85,1010651.84,,,,,
,,,新益昌(688383.SH),20191,1776808.00,88,-286804.92
,,,智洋创新(688191.SH),108954,1805367.78,16.57,-302282.15
,,,高凌信息(688175.SH),125373,2056117.20,16.4,-8500.15
,,,泛亚微透(688386.SH),17451,837648.00,48,-47928.81
,,,锴威特(688693.SH),36605,1925056.95,52.59,-139078.20
,,,瑞华泰(688323.SH),83395,1822180.75,21.85,-177216.91
,,,智明达(688636.SH),92050,1513302.00,16.44,-119731.33
,,,光格科技(688450.SH),72573,1871657.67,25.79,-193429.84
,,,南网科技(688248.SH),55146,2291316.30,41.55,255.88
,,,莱特光电(688150.SH),56684,1830326.36,32.29,-169540.77
2026-07-29,19949794.78,4884855.19,,,,,
,,,南网科技(688248.SH),55146,2385064.50,43.25,94004.08
,,,新益昌(688383.SH),20191,1956709.81,96.91,-106903.11
,,,智明达(688636.SH),92050,1585101.00,17.22,-47932.33
,,,燕麦科技(688312.SH),24816,1031352.96,41.56,-75499.62
,,,光格科技(688450.SH),72573,1999386.15,27.55,-65701.36
,,,锴威特(688693.SH),36605,2114304.80,57.76,50169.65
,,,智洋创新(688191.SH),108954,1980783.72,18.18,-126866.21
,,,高凌信息(688175.SH),125373,2012236.65,16.05,-52380.70
2026-07-28,20143615.55,3.27,,,,,
,,,智明达(688636.SH),92050,1591544.50,17.29,-41488.83
,,,华恒生物(688639.SH),154441,2495766.56,16.16,73204.36
,,,南网科技(688248.SH),55146,2297933.82,41.67,6873.40
,,,锴威特(688693.SH),36605,2136267.80,58.36,72132.65
,,,高凌信息(688175.SH),125373,2093729.10,16.7,29111.75
,,,燕麦科技(688312.SH),24816,1027382.40,41.4,-79470.18
,,,科兴制药(688136.SH),134334,2379055.14,17.71,-41826.88
,,,智洋创新(688191.SH),108954,2065767.84,18.96,-41882.09
,,,光格科技(688450.SH),72573,2023335.24,27.88,-41752.27
,,,新益昌(688383.SH),20191,2032829.88,100.68,-30783.04
2026-07-27,21018746.93,1633036.60,,,,,
,,,科兴制药(688136.SH),134334,2415325.32,17.98,-5556.70
,,,燕麦科技(688312.SH),24816,1126398.24,45.39,19545.66
,,,高凌信息(688175.SH),125373,2207818.53,17.61,143201.18
,,,新益昌(688383.SH),20191,2183252.83,108.13,119639.91
,,,南网科技(688248.SH),55146,2453997.00,44.5,162936.58
,,,光格科技(688450.SH),72573,2110422.84,29.08,45335.33
,,,华恒生物(688639.SH),154441,2497310.97,16.17,74748.77
,,,锴威特(688693.SH),36605,2266581.60,61.92,202446.45
,,,智洋创新(688191.SH),108954,2124603.00,19.5,16953.07
2026-07-24,20039650.01,31.56,,,,,
,,,新益昌(688383.SH),20191,2081692.10,103.1,18079.18
,,,华恒生物(688639.SH),154441,2387657.86,15.46,-34904.34
,,,光格科技(688450.SH),72573,2015352.21,27.77,-49735.30
,,,高凌信息(688175.SH),125373,1987162.05,15.85,-77455.30
,,,锴威特(688693.SH),36605,2188979.00,59.8,124843.85
,,,科兴制药(688136.SH),134334,2330694.90,17.35,-90187.12
,,,燕麦科技(688312.SH),24816,1096370.88,44.18,-10481.70
,,,智洋创新(688191.SH),108954,1993858.20,18.3,-113791.73
,,,南网科技(688248.SH),55146,2289661.92,41.52,-1398.50
,,,敏芯股份(688286.SH),40797,1668189.33,40.89,-131008.40
2026-07-23,20760359.23,31.56,,,,,
,,,高凌信息(688175.SH),125373,2056117.20,16.4,-8500.15
,,,科兴制药(688136.SH),134334,2493239.04,18.56,72357.02
,,,锴威特(688693.SH),36605,2242056.25,61.25,177921.10
,,,华恒生物(688639.SH),154441,2506577.43,16.23,84015.23
,,,南网科技(688248.SH),55146,2370726.54,42.99,79666.12
,,,智洋创新(688191.SH),108954,2086469.10,19.15,-21180.83
,,,燕麦科技(688312.SH),24816,1131361.44,45.59,24508.86
,,,光格科技(688450.SH),72573,2098811.16,28.92,33723.65
,,,敏芯股份(688286.SH),40797,1693075.50,41.5,-106122.23
,,,新益昌(688383.SH),20191,2081894.01,103.11,18281.09
2026-07-22,20729309.38,31.56,,,,,
,,,敏芯股份(688286.SH),40797,1735504.38,42.54,-63693.35
,,,新益昌(688383.SH),20191,2078865.36,102.96,15252.44
,,,高凌信息(688175.SH),125373,2049848.55,16.35,-14768.80
,,,智洋创新(688191.SH),108954,2066857.38,18.97,-40792.55
,,,华恒生物(688639.SH),154441,2467967.18,15.98,45404.98
,,,燕麦科技(688312.SH),24816,1158907.20,46.7,52054.62
,,,科兴制药(688136.SH),134334,2514732.48,18.72,93850.46
,,,南网科技(688248.SH),55146,2360248.80,42.8,69188.38
,,,光格科技(688450.SH),72573,2041478.49,28.13,-23609.02
,,,锴威特(688693.SH),36605,2254868.00,61.6,190732.85
2026-07-21,21251159.91,3906879.23,,,,,
,,,南网科技(688248.SH),55146,2390579.10,43.35,99518.68
,,,光格科技(688450.SH),72573,2162675.40,29.8,97587.89
,,,华恒生物(688639.SH),154441,2494222.15,16.15,71659.95
,,,高凌信息(688175.SH),125373,2063639.58,16.46,-977.77
,,,科兴制药(688136.SH),134334,2497269.06,18.59,76387.04
,,,锴威特(688693.SH),36605,2367977.45,64.69,303842.30
,,,燕麦科技(688312.SH),24816,1187693.76,47.86,80841.18
,,,新益昌(688383.SH),20191,2180224.18,107.98,116611.26
2026-07-20,20641483.97,9364328.22,,,,,
,,,京源环保(688096.SH),267302,2031495.20,7.6,-567299.26
,,,华恒生物(688639.SH),154441,2469511.59,15.99,46949.39
,,,科兴制药(688136.SH),134334,2561749.38,19.07,140867.36
,,,南网科技(688248.SH),55146,2370726.54,42.99,79666.12
,,,智洋创新(688191.SH),103752,1843673.04,17.77,-281896.70
2026-07-17,21097122.82,2125579.35,,,,,
,,,国博电子(688375.SH),13020,891870.00,68.5,-113106.94
,,,通源环境(688679.SH),75751,2036186.88,26.88,-274978.42
,,,光格科技(688450.SH),949,30899.44,32.56,-7604.46
,,,复洁科技(688335.SH),114679,2125001.87,18.53,-277303.29
,,,安达智能(688125.SH),17225,1965717.00,114.12,-344808.14
,,,京源环保(688096.SH),267302,2539369.00,9.5,-59425.46
,,,南网科技(688248.SH),55146,2103268.44,38.14,-187791.98
,,,科兴制药(688136.SH),134334,2579212.80,19.2,158330.78
,,,理工导航(688282.SH),1194,59043.30,49.45,-6454.66
,,,佳华科技(688051.SH),104540,2148297.00,20.55,-261654.61
,,,华恒生物(688639.SH),154441,2492677.74,16.14,70115.54
2026-07-16,22956164.65,3296086.20,,,,,
,,,安达智能(688125.SH),17225,2207383.75,128.15,-103141.39
,,,万润新能(688275.SH),395,32958.80,83.44,-2558.17
,,,理工导航(688282.SH),1194,64762.56,54.24,-735.40
,,,科兴制药(688136.SH),134334,2924451.18,21.77,503569.16
,,,光格科技(688450.SH),949,36062.00,38,-2441.90
,,,复洁科技(688335.SH),114679,2310781.85,20.15,-91523.31
,,,通源环境(688679.SH),75751,2246774.66,29.66,-64390.64
,,,智洋创新(688191.SH),93199,2072745.76,22.24,-237367.96
,,,佳华科技(688051.SH),104540,2342741.40,22.41,-67210.21
,,,京源环保(688096.SH),267302,2766575.70,10.35,167781.24
,,,华恒生物(688639.SH),154441,2654840.79,17.19,232278.59
2026-07-15,23279129.65,38535.35,,,,,
,,,科兴制药(688136.SH),134334,2916391.14,21.71,495509.12
,,,理工导航(688282.SH),1194,63079.02,52.83,-2418.94
,,,万润新能(688275.SH),395,35087.85,88.83,-429.12
,,,东微半导(688261.SH),14261,1147725.28,80.48,-94474.93
,,,艾罗能源(688717.SH),35058,2191475.58,62.51,-210251.45
,,,安达智能(688125.SH),17225,2244073.00,130.28,-66452.14
,,,智洋创新(688191.SH),93199,2208816.30,23.7,-101297.42
,,,佳华科技(688051.SH),104540,2373058.00,22.7,-36893.61
,,,京源环保(688096.SH),267302,2697077.18,10.09,98282.72
,,,通源环境(688679.SH),75751,2335403.33,30.83,24238.03
,,,华恒生物(688639.SH),154441,2702717.50,17.5,280155.30
,,,复洁科技(688335.SH),114679,2325690.12,20.28,-76615.04
2026-07-14,23074647.23,6997303.74,,,,,
,,,东微半导(688261.SH),14261,1294756.19,90.79,52555.98
,,,华恒生物(688639.SH),154441,2449434.26,15.86,26872.06
,,,科兴制药(688136.SH),134334,2792803.86,20.79,371921.84
,,,迪哲医药(688192.SH),617,34755.61,56.33,10853.70
,,,佳华科技(688051.SH),104540,2323924.20,22.23,-86027.41
,,,万润新能(688275.SH),395,36051.65,91.27,534.68
,,,艾罗能源(688717.SH),35058,2242309.68,63.96,-159417.35
,,,复洁科技(688335.SH),114679,2385323.20,20.8,-16981.96
,,,京源环保(688096.SH),267302,2517984.84,9.42,-80809.62
2026-07-13,22869260.12,35554.32,,,,,
,,,迪哲医药(688192.SH),617,28961.98,46.94,5060.07
,,,中自科技(688737.SH),127047,2136930.54,16.82,-285062.65
,,,智洋创新(688191.SH),62121,1532525.07,24.67,-154827.04
,,,科兴制药(688136.SH),134334,2799520.56,20.84,378638.54
,,,东微半导(688261.SH),14261,1315577.25,92.25,73377.04
,,,迅捷兴(688655.SH),36506,1225141.36,33.56,-155398.80
,,,安达智能(688125.SH),15442,2025990.40,131.2,-395313.75
,,,佳华科技(688051.SH),104540,2273745.00,21.75,-136206.61
,,,京源环保(688096.SH),267302,2432448.20,9.1,-166346.26
,,,复洁科技(688335.SH),114679,2356653.45,20.55,-45651.71
,,,华恒生物(688639.SH),154441,2469511.59,15.99,46949.39
,,,艾罗能源(688717.SH),35058,2236700.40,63.8,-165026.63
2026-07-10,24129979.63,1380557.33,,,,,
,,,京源环保(688096.SH),267302,2469870.48,9.24,-128923.98
,,,艾罗能源(688717.SH),35058,2338368.60,66.7,-63358.43
,,,智洋创新(688191.SH),62121,1660494.33,26.73,-26857.78
,,,安达智能(688125.SH),15442,2368185.12,153.36,-53119.03
,,,通源环境(688679.SH),1072,35644.00,33.25,-3702.95
,,,佳华科技(688051.SH),104540,2346923.00,22.45,-63028.61
,,,东微半导(688261.SH),14261,1255110.61,88.01,12910.40
,,,华恒生物(688639.SH),154441,2534376.81,16.41,111814.61
,,,科兴制药(688136.SH),134334,2878777.62,21.43,457895.60
,,,中自科技(688737.SH),127047,2252543.31,17.73,-169449.88
,,,复洁科技(688335.SH),114679,2580277.50,22.5,177972.34
,,,迪哲医药(688192.SH),617,28850.92,46.76,4949.01
2026-07-09,24113933.80,6491404.87,,,,,
,,,迪哲医药(688192.SH),617,28554.76,46.28,4652.85
,,,京源环保(688096.SH),267302,2469870.48,9.24,-128923.98
,,,安达智能(688125.SH),15442,2502376.10,162.05,81071.95
,,,通源环境(688679.SH),1072,38184.64,35.62,-1162.31
,,,卓越新能(688196.SH),41720,1406798.40,33.72,-140392.90
,,,科兴制药(688136.SH),134334,2713546.80,20.2,292664.78
,,,华恒生物(688639.SH),154441,2523565.94,16.34,101003.74
,,,佳华科技(688051.SH),104540,2316606.40,22.16,-93345.21
,,,中自科技(688737.SH),127047,2252543.31,17.73,-169449.88
,,,东微半导(688261.SH),14261,1370482.10,96.1,128281.89
2026-07-08,24057361.78,23.04,,,,,
,,,华曙高科(688433.SH),27253,2136635.20,78.4,-112812.55
,,,卓越新能(688196.SH),41720,1416811.20,33.96,-130380.10
,,,东微半导(688261.SH),14261,1314578.98,92.18,72378.77
,,,工大高科(688367.SH),76960,2243384.00,29.15,-207279.69
,,,通源环境(688679.SH),1072,38538.40,35.95,-808.55
,,,华恒生物(688639.SH),154441,2535921.22,16.42,113359.02
,,,固德威(688390.SH),13536,1090595.52,80.57,-157717.12
,,,佳华科技(688051.SH),104540,2285244.40,21.86,-124707.21
,,,京源环保(688096.SH),267302,2493927.66,9.33,-104866.80
,,,迪哲医药(688192.SH),617,27876.06,45.18,3974.15
,,,奥浦迈(688293.SH),27219,1115979.00,41,136841.66
,,,科兴制药(688136.SH),134334,2710860.12,20.18,289978.10
,,,中自科技(688737.SH),127047,2263977.54,17.82,-158015.65
,,,安达智能(688125.SH),15442,2383009.44,154.32,-38294.71
2026-07-07,24739221.68,29829.12,,,,,
,,,科兴制药(688136.SH),134334,2816983.98,20.97,396101.96
,,,奥浦迈(688293.SH),27219,1153813.41,42.39,174676.07
,,,工大高科(688367.SH),76960,2294947.20,29.82,-164182.09
,,,佳华科技(688051.SH),104540,2313470.20,22.13,-96481.41
,,,中自科技(688737.SH),127047,2307173.52,18.16,-114819.67
,,,京源环保(688096.SH),267302,2547388.06,9.53,-51406.40
,,,华曙高科(688433.SH),27253,2221119.50,81.5,-28328.25
,,,东微半导(688261.SH),14261,1412979.88,99.08,169704.39
,,,卓越新能(688196.SH),41720,1432247.60,34.33,-114943.70
,,,固德威(688390.SH),13536,1153267.20,85.2,-95045.44
,,,华恒生物(688639.SH),154441,2554454.14,16.54,131891.94
,,,迪哲医药(688192.SH),617,28511.57,46.21,4609.66
,,,安达智能(688125.SH),15442,2473036.30,160.15,51732.15
2026-07-06,25480194.49,3.29,,,,,
,,,迪哲医药(688192.SH),1234,61083.00,49.5,13279.17
,,,卓越新能(688196.SH),41720,1493576.00,35.8,-53615.30
,,,东微半导(688261.SH),14261,1214609.37,85.17,-28666.12
,,,中自科技(688737.SH),127047,2416433.94,19.02,-5559.25
,,,华恒生物(688639.SH),154441,2593064.39,16.79,170502.19
,,,工大高科(688367.SH),76960,2368828.80,30.78,-90300.49
,,,科兴制药(688136.SH),134334,3014454.96,22.44,593572.94
,,,京源环保(688096.SH),267302,2632924.70,9.85,34130.24
,,,安达智能(688125.SH),15442,2563372.00,166,142067.85
,,,固德威(688390.SH),13536,1199018.88,88.58,-49293.76
,,,佳华科技(688051.SH),104540,2419055.60,23.14,9103.99
,,,奥浦迈(688293.SH),27219,1209884.55,44.45,230747.21
,,,华曙高科(688433.SH),27253,2293885.01,84.17,44437.26
2026-07-03,25901400.14,3842073.25,,,,,
,,,奥浦迈(688293.SH),27219,1206073.89,44.31,226936.55
,,,科兴制药(688136.SH),134334,2966094.72,22.08,545212.70
,,,华恒生物(688639.SH),154441,2572987.06,16.66,150424.86
,,,固德威(688390.SH),13536,1229745.60,90.85,-18567.04
,,,佳华科技(688051.SH),104540,2511050.80,24.02,101099.19
,,,安达智能(688125.SH),15442,2647839.74,171.47,226535.59
,,,卓越新能(688196.SH),41720,1601630.80,38.39,54439.50
,,,中自科技(688737.SH),127047,2487580.26,19.58,65587.07
,,,工大高科(688367.SH),76960,2462720.00,32,3590.71
,,,迪哲医药(688192.SH),1234,59824.32,48.48,12020.49
,,,华曙高科(688433.SH),27253,2313779.70,84.9,64331.95
2026-07-02,25670291.37,1248398.61,,,,,
,,,科兴制药(688136.SH),134334,2941914.60,21.9,521032.58
,,,安达智能(688125.SH),15442,2715938.96,175.88,294634.81
,,,中自科技(688737.SH),127047,2401188.30,18.9,-20804.89
,,,迪哲医药(688192.SH),1234,53839.42,43.63,6035.59
,,,腾景科技(688195.SH),13022,2218688.36,170.38,-258703.87
,,,工大高科(688367.SH),76960,2456563.20,31.92,-2566.09
,,,奥浦迈(688293.SH),27219,1173411.09,43.11,194273.75
,,,新相微(688593.SH),39905,1593805.70,39.94,401900.90
,,,卓越新能(688196.SH),41720,1546143.20,37.06,-1048.10
,,,华恒生物(688639.SH),154441,2617774.95,16.95,195212.75
,,,佳华科技(688051.SH),104540,2411737.80,23.07,1786.19
,,,华曙高科(688433.SH),27253,2290887.18,84.06,41439.43
2026-07-01,26066328.59,1547192.47,,,,,
,,,科兴制药(688136.SH),134334,2949974.64,21.96,529092.62
,,,佳华科技(688051.SH),104540,2488052.00,23.8,78100.39
,,,奥浦迈(688293.SH),54438,2432834.22,44.69,474559.53
,,,迪哲医药(688192.SH),1234,54061.54,43.81,6257.71
,,,腾景科技(688195.SH),13022,2467669.00,189.5,-9723.23
,,,华曙高科(688433.SH),27253,2340215.11,85.87,90767.36
,,,华恒生物(688639.SH),154441,2528199.17,16.37,105636.97
,,,博瑞医药(688166.SH),862,28402.90,32.95,-3132.48
,,,中自科技(688737.SH),127047,2454548.04,19.32,32554.85
,,,新相微(688593.SH),39905,1548314.00,38.8,356409.20
,,,安达智能(688125.SH),15442,2772611.10,179.55,351306.95
,,,工大高科(688367.SH),76960,2454254.40,31.89,-4874.89
2026-06-30,25492096.42,6.54,,,,,
,,,博瑞医药(688166.SH),862,30178.62,35.01,-1356.76
,,,新相微(688593.SH),79810,3106205.20,38.92,722395.60
,,,科兴制药(688136.SH),134334,2782057.14,20.71,361175.12
,,,中自科技(688737.SH),127047,2431679.58,19.14,9686.39
,,,奥浦迈(688293.SH),54438,2269520.22,41.69,311245.53
,,,工大高科(688367.SH),76960,2562768.00,33.3,103638.71
,,,迪哲医药(688192.SH),1234,49273.62,39.93,1469.79
,,,腾景科技(688195.SH),13022,2507776.76,192.58,30384.53
,,,华曙高科(688433.SH),27253,2332856.80,85.6,83409.05
,,,安达智能(688125.SH),15442,2524767.00,163.5,103462.85
,,,佳华科技(688051.SH),104540,2402329.20,22.98,-7622.41
,,,华恒生物(688639.SH),154441,2492677.74,16.14,70115.54
2026-06-29,24645508.39,4708583.57,,,,,
,,,新相微(688593.SH),79810,2641711.00,33.1,257901.40
,,,奥浦迈(688293.SH),54438,2264620.80,41.6,306346.11
,,,腾景科技(688195.SH),13022,2395396.90,183.95,-81995.33
,,,中自科技(688737.SH),127047,2468523.21,19.43,46530.02
,,,迪哲医药(688192.SH),1234,50223.80,40.7,2419.97
,,,安达智能(688125.SH),15442,2346103.06,151.93,-75201.09
,,,博瑞医药(688166.SH),862,30997.52,35.96,-537.86
,,,华恒生物(688639.SH),154441,2568353.83,16.63,145791.63
,,,佳华科技(688051.SH),104540,2477598.00,23.7,67646.39
,,,科兴制药(688136.SH),134334,2693396.70,20.05,272514.68
2026-06-26,24218834.14,12096698.77,,,,,
,,,腾景科技(688195.SH),13022,2442927.20,187.6,-34465.03
,,,博瑞医药(688166.SH),862,29618.32,34.36,-1917.06
,,,复洁科技(688335.SH),95371,2385228.71,25.01,-362083.57
,,,奥浦迈(688293.SH),54438,2049590.70,37.65,91316.01
,,,迪哲医药(688192.SH),1234,45028.66,36.49,-2775.17
,,,新相微(688593.SH),79810,2826072.10,35.41,442262.50
,,,悦康药业(688658.SH),189464,2343669.68,12.37,-254160.69
2026-06-25,25176538.00,24.86,,,,,
,,,安达智能(688125.SH),15760,2553120.00,162,-245029.05
,,,复洁科技(688335.SH),95371,2645591.54,27.74,-101720.74
,,,博瑞医药(688166.SH),862,31437.14,36.47,-98.24
,,,腾景科技(688195.SH),13022,2657790.20,204.1,180397.97
,,,新相微(688593.SH),79810,2921844.10,36.61,538034.50
,,,卓越新能(688196.SH),63082,2328987.44,36.92,-167924.35
,,,航天环宇(688523.SH),47572,2374318.52,49.91,-179499.63
,,,奥浦迈(688293.SH),54438,2162821.74,39.73,204547.05
,,,迪哲医药(688192.SH),1234,48187.70,39.05,383.87
,,,悦康药业(688658.SH),189464,2487662.32,13.13,-110168.05
,,,佳华科技(688051.SH),92358,2316338.64,25.08,-212686.84
,,,精进电动(688280.SH),464634,2648413.80,5.7,-150460.85
2026-06-24,25848648.68,19.25,,,,,
,,,迪哲医药(688192.SH),1234,49125.54,39.81,1321.71
,,,悦康药业(688658.SH),189464,2523660.48,13.32,-74169.89
,,,卓越新能(688196.SH),63082,2409101.58,38.19,-119351.21
,,,安达智能(688125.SH),15760,2718915.20,172.52,-79233.85
,,,航天环宇(688523.SH),47572,2423793.40,50.95,-130024.75
,,,新相微(688593.SH),79810,2855601.80,35.78,471792.20
,,,精进电动(688280.SH),464634,2783157.66,5.99,-15716.99
,,,腾景科技(688195.SH),13022,2706101.82,207.81,228709.59
,,,复洁科技(688335.SH),95371,2799138.85,29.35,51826.57
,,,佳华科技(688051.SH),92358,2397613.68,25.96,-131411.80
,,,奥浦迈(688293.SH),54438,2182419.42,40.09,224144.73
2026-06-23,25716622.05,19.25,,,,,
,,,新相微(688593.SH),79810,2379934.20,29.82,-3875.40
,,,卓越新能(688196.SH),63082,2458305.54,38.97,-70147.25
,,,精进电动(688280.SH),464634,2857499.10,6.15,58624.45
,,,航天环宇(688523.SH),47572,2396677.36,50.38,-157140.79
,,,佳华科技(688051.SH),92358,2505672.54,27.13,-23352.94
,,,复洁科技(688335.SH),95371,2985112.30,31.3,237800.02
,,,迪哲医药(688192.SH),1234,47422.62,38.43,-381.21
,,,悦康药业(688658.SH),189464,2595656.80,13.7,-2173.57
,,,腾景科技(688195.SH),13022,2588773.60,198.8,111381.37
,,,安达智能(688125.SH),15760,2711508.00,172.05,-86641.05
,,,奥浦迈(688293.SH),54438,2190040.74,40.23,231766.05
2026-06-22,25860541.19,19.25,,,,,
,,,悦康药业(688658.SH),189464,2478189.12,13.08,-119641.25
,,,迪哲医药(688192.SH),1234,46386.06,37.59,-1417.77
,,,腾景科技(688195.SH),13022,2704669.40,207.7,227277.17
,,,航天环宇(688523.SH),47572,2513704.48,52.84,-40113.67
,,,奥浦迈(688293.SH),54438,2083886.64,38.28,125611.95
,,,新相微(688593.SH),79810,2428618.30,30.43,44808.70
,,,佳华科技(688051.SH),92358,2472423.66,26.77,-56601.82
,,,复洁科技(688335.SH),95371,2975575.20,31.2,228262.92
,,,安达智能(688125.SH),15760,2819464.00,178.9,21314.95
,,,卓越新能(688196.SH),63082,2447581.60,38.8,-80871.19
,,,精进电动(688280.SH),464634,2890023.48,6.22,91148.83
2026-06-18,26635185.45,19.25,,,,,
,,,腾景科技(688195.SH),13022,2767695.88,212.54,290303.65
,,,复洁科技(688335.SH),95371,3250243.68,34.08,502931.40
,,,悦康药业(688658.SH),189464,2497135.52,13.18,-100694.85
,,,新相微(688593.SH),79810,2646499.60,33.16,262690.00
,,,航天环宇(688523.SH),47572,2577450.96,54.18,23632.81
,,,安达智能(688125.SH),15760,3003068.00,190.55,204918.95
,,,佳华科技(688051.SH),92358,2436404.04,26.38,-92621.44
,,,精进电动(688280.SH),464634,2876084.46,6.19,77209.81
,,,卓越新能(688196.SH),63082,2460198.00,39,-68254.79
,,,奥浦迈(688293.SH),54438,2073543.42,38.09,115268.73
,,,迪哲医药(688192.SH),1234,46842.64,37.96,-961.19
2026-06-17,26751366.37,19.25,,,,,
,,,奥浦迈(688293.SH),54438,2041969.38,37.51,83694.69
,,,佳华科技(688051.SH),92358,2472423.66,26.77,-56601.82
,,,迪哲医药(688192.SH),1234,45164.40,36.6,-2639.43
,,,精进电动(688280.SH),464634,2950425.90,6.35,151551.25
,,,复洁科技(688335.SH),95371,3177761.72,33.32,430449.44
,,,悦康药业(688658.SH),189464,2523660.48,13.32,-74169.89
,,,卓越新能(688196.SH),63082,2486692.44,39.42,-41760.35
,,,新相微(688593.SH),79810,2601007.90,32.59,217198.30
,,,腾景科技(688195.SH),13022,2745298.04,210.82,267905.81
,,,航天环宇(688523.SH),47572,2530830.40,53.2,-22987.75
,,,安达智能(688125.SH),15760,3176112.80,201.53,377963.75
2026-06-16,26651035.31,19.25,,,,,
,,,奥浦迈(688293.SH),54438,2003318.40,36.8,45043.71
,,,卓越新能(688196.SH),63082,2542835.42,40.31,14382.63
,,,佳华科技(688051.SH),92358,2558316.60,27.7,29291.12
,,,航天环宇(688523.SH),47572,2503714.36,52.63,-50103.79
,,,悦康药业(688658.SH),189464,2510398.00,13.25,-87432.37
,,,迪哲医药(688192.SH),1234,45596.30,36.95,-2207.53
,,,复洁科技(688335.SH),95371,2994649.40,31.4,247337.12
,,,腾景科技(688195.SH),13022,2782020.08,213.64,304627.85
,,,新相微(688593.SH),79810,2517207.40,31.54,133397.80
,,,精进电动(688280.SH),464634,3089816.10,6.65,290941.45
,,,安达智能(688125.SH),15760,3103144.00,196.9,304994.95
2026-06-15,25963451.27,19.25,,,,,
,,,悦康药业(688658.SH),189464,2538817.60,13.4,-59012.77
,,,新相微(688593.SH),79810,2442186.00,30.6,58376.40
,,,佳华科技(688051.SH),92358,2503825.38,27.11,-25200.10
,,,迪哲医药(688192.SH),1234,46805.62,37.93,-998.21
,,,精进电动(688280.SH),464634,3071230.74,6.61,272356.09
,,,航天环宇(688523.SH),47572,2561276.48,53.84,7458.33
,,,安达智能(688125.SH),15760,2796612.00,177.45,-1537.05
,,,卓越新能(688196.SH),63082,2554821.00,40.5,26368.21
,,,复洁科技(688335.SH),95371,2777203.52,29.12,29891.24
,,,奥浦迈(688293.SH),54438,1955957.34,35.93,-2317.35
,,,腾景科技(688195.SH),13022,2714696.34,208.47,237304.11
2026-06-12,25135630.80,5105301.34,,,,,
,,,奥浦迈(688293.SH),54438,1947791.64,35.78,-10483.05
,,,悦康药业(688658.SH),189464,2561553.28,13.52,-36277.09
,,,复洁科技(688335.SH),95371,2723795.76,28.56,-23516.52
,,,精进电动(688280.SH),464634,2834267.40,6.1,35392.75
,,,航天环宇(688523.SH),47572,2537966.20,53.35,-15851.95
,,,安达智能(688125.SH),15760,2716078.40,172.34,-82070.65
,,,腾景科技(688195.SH),13022,2473398.68,189.94,-3993.55
,,,新相微(688593.SH),79810,2235478.10,28.01,-148331.50
2026-06-11,25347730.98,4937636.34,,,,,
,,,复洁科技(688335.SH),95371,2768620.13,29.03,21307.85
,,,安达智能(688125.SH),15760,2781640.00,176.5,-16509.05
,,,腾景科技(688195.SH),13022,2491108.60,191.3,13716.37
,,,悦康药业(688658.SH),189464,2525555.12,13.33,-72275.25
,,,奥浦迈(688293.SH),54438,1878655.38,34.51,-79619.31
,,,精进电动(688280.SH),464634,2801743.02,6.03,2868.37
,,,品茗科技(688109.SH),33578,2616061.98,77.91,-188449.28
,,,迪威尔(688377.SH),2829,70979.61,25.09,-6032.80
,,,佳华科技(688051.SH),92724,2475730.80,26.7,-160900.99
2026-06-10,25857666.93,2458504.72,,,,,
,,,复洁科技(688335.SH),95371,2865898.55,30.05,99512.07
,,,品茗科技(688109.SH),33578,2703029.00,80.5,-101482.26
,,,佳华科技(688051.SH),92724,2536928.64,27.36,-99703.15
,,,悦康药业(688658.SH),189464,2595656.80,13.7,-2173.57
,,,安达智能(688125.SH),15760,2793932.80,177.28,-4216.25
,,,精进电动(688280.SH),464634,2936486.88,6.32,137612.23
,,,上海谊众(688091.SH),57590,2394592.20,41.58,-146351.88
,,,奥浦迈(688293.SH),54438,1920572.64,35.28,-37702.05
,,,迪威尔(688377.SH),2829,72818.46,25.74,-4193.95
,,,航亚科技(688510.SH),102677,2579246.24,25.12,-210731.12
2026-06-09,25903193.62,6.99,,,,,
,,,复洁科技(688335.SH),95371,2703767.85,28.35,-62618.63
,,,精进电动(688280.SH),464634,2806389.36,6.04,7514.71
,,,上海谊众(688091.SH),57590,2371556.20,41.18,-169387.88
,,,佳华科技(688051.SH),92724,2604617.16,28.09,-32014.63
,,,迪威尔(688377.SH),2829,72365.82,25.58,-4646.59
,,,国光电气(688776.SH),41008,2505998.88,61.11,-187026.63
,,,奥浦迈(688293.SH),54438,1949969.16,35.82,-8305.53
,,,安达智能(688125.SH),15760,2838376.00,180.1,40226.95
,,,航亚科技(688510.SH),102677,2686030.32,26.16,-103947.04
,,,品茗科技(688109.SH),33578,2783616.20,82.9,-20895.06
,,,悦康药业(688658.SH),189464,2580499.68,13.62,-17330.69
2026-06-08,26024201.25,4594913.47,,,,,
,,,航亚科技(688510.SH),102677,2704512.18,26.34,-85465.18
,,,迪威尔(688377.SH),2829,80909.40,28.6,3896.99
,,,悦康药业(688658.SH),189464,2576710.40,13.6,-21119.97
,,,复洁科技(688335.SH),95371,2672295.42,28.02,-94091.06
,,,品茗科技(688109.SH),33578,2947476.84,87.78,142965.58
,,,国光电气(688776.SH),41008,2474012.64,60.33,-219012.87
,,,安达智能(688125.SH),15760,2866428.80,181.88,68279.75
,,,上海谊众(688091.SH),57590,2388833.20,41.48,-152110.88
,,,精进电动(688280.SH),464634,2718108.90,5.85,-80765.75
2026-06-05,26733124.61,2597830.99,,,,,
,,,品茗科技(688109.SH),33578,2913227.28,86.76,108716.02
,,,佳华科技(688051.SH),73854,2271010.50,30.75,-112559.35
,,,上海谊众(688091.SH),57590,2452182.20,42.58,-88761.88
,,,耐科装备(688419.SH),55163,2581628.40,46.8,-127577.09
,,,迪威尔(688377.SH),2829,82097.58,29.02,5085.17
,,,国光电气(688776.SH),41008,2651167.20,64.65,-41858.31
,,,航亚科技(688510.SH),102677,2827724.58,27.54,37747.22
,,,精进电动(688280.SH),464634,2634474.78,5.67,-164399.87
,,,复洁科技(688335.SH),95371,2756221.90,28.9,-10164.58
,,,安达智能(688125.SH),15760,2965559.20,188.17,167410.15
2026-06-04,26604041.68,8.59,,,,,
,,,卓越新能(688196.SH),62504,2598291.28,41.57,-213968.31
,,,复洁科技(688335.SH),95371,2854454.03,29.93,88067.55
,,,耐科装备(688419.SH),55163,2670992.46,48.42,-38213.03
,,,安达智能(688125.SH),15760,2846256.00,180.6,48106.95
,,,精进电动(688280.SH),464634,2597304.06,5.59,-201570.59
,,,国光电气(688776.SH),41008,2647066.40,64.55,-45959.11
,,,航亚科技(688510.SH),102677,2671655.54,26.02,-118321.82
,,,上海谊众(688091.SH),57590,2464852.00,42.8,-76092.08
,,,迪威尔(688377.SH),2829,81475.20,28.8,4462.79
,,,佳华科技(688051.SH),73854,2243684.52,30.38,-139885.33
,,,品茗科技(688109.SH),33578,2928001.60,87.2,123490.34
2026-06-03,26536406.09,2540952.67,,,,,
,,,精进电动(688280.SH),464634,2639121.12,5.68,-159753.53
,,,安达智能(688125.SH),15760,2847832.00,180.7,49682.95
,,,国光电气(688776.SH),41008,2625332.16,64.02,-67693.35
,,,耐科装备(688419.SH),55163,2698573.96,48.92,-10631.53
,,,佳华科技(688051.SH),73854,2397300.84,32.46,13730.99
,,,复洁科技(688335.SH),95371,2782925.78,29.18,16539.30
,,,迪威尔(688377.SH),2829,89651.01,31.69,12638.60
,,,品茗科技(688109.SH),33578,2655348.24,79.08,-149163.02
,,,航亚科技(688510.SH),102677,2639825.67,25.71,-150151.69
,,,卓越新能(688196.SH),62504,2619542.64,41.91,-192716.95
2026-06-02,26407088.16,12.18,,,,,
,,,迪威尔(688377.SH),2829,84813.42,29.98,7801.01
,,,耐科装备(688419.SH),55163,2647272.37,47.99,-61933.12
,,,安达智能(688125.SH),15760,2847516.80,180.68,49367.75
,,,国光电气(688776.SH),41008,2597446.72,63.34,-95578.79
,,,航亚科技(688510.SH),102677,2637772.13,25.69,-152205.23
,,,复洁科技(688335.SH),95371,2674202.84,28.04,-92183.64
,,,热景生物(688068.SH),31454,2547774.00,81,-279510.24
,,,卓越新能(688196.SH),62504,2687046.96,42.99,-125212.63
,,,品茗科技(688109.SH),33578,2706386.80,80.6,-98124.46
,,,佳华科技(688051.SH),73854,2300552.10,31.15,-83017.75
,,,精进电动(688280.SH),464634,2676291.84,5.76,-122582.81
2026-06-01,27124641.06,5092787.53,,,,,
,,,卓越新能(688196.SH),62504,2723299.28,43.57,-88960.31
,,,精进电动(688280.SH),464634,2732047.92,5.88,-66826.73
,,,航亚科技(688510.SH),102677,2688083.86,26.18,-101893.50
,,,品茗科技(688109.SH),33578,2740972.14,81.63,-63539.12
,,,迪威尔(688377.SH),2829,82267.32,29.08,5254.91
,,,安达智能(688125.SH),15760,2937191.20,186.37,139042.15
,,,国光电气(688776.SH),41008,2640915.20,64.4,-52110.31
,,,热景生物(688068.SH),31454,2699382.28,85.82,-127901.96
,,,复洁科技(688335.SH),95371,2787694.33,29.23,21307.85
2026-05-29,26692687.77,2761664.17,,,,,
,,,经纬恒润(688326.SH),31117,2529812.10,81.3,-298992.81
,,,品茗科技(688109.SH),33578,2585506.00,77,-227399.76
,,,航亚科技(688510.SH),102677,2628531.20,25.6,-161446.16
,,,卓越新能(688196.SH),62504,2620792.72,41.93,-191466.87
,,,佳华科技(688051.SH),79617,2520674.22,31.66,-269937.62
,,,安达智能(688125.SH),15760,2836800.00,180,38650.95
,,,复洁科技(688335.SH),95371,2735240.28,28.68,-31146.20
,,,精进电动(688280.SH),464634,2685584.52,5.78,-113290.13
,,,热景生物(688068.SH),31454,2788082.56,88.64,-39201.68
2026-05-28,27653633.81,3725817.99,,,,,
,,,精进电动(688280.SH),464634,2741340.60,5.9,-57534.05
,,,卓越新能(688196.SH),62504,2692672.32,43.08,-119587.27
,,,航亚科技(688510.SH),102677,2863661.53,27.89,73684.17
,,,经纬恒润(688326.SH),31117,2722737.50,87.5,-106067.41
,,,佳华科技(688051.SH),79617,2640099.72,33.16,-150512.12
,,,品茗科技(688109.SH),33578,2719818.00,81,-93087.76
,,,热景生物(688068.SH),31454,2738070.70,87.05,-89213.54
,,,必贝特(688759.SH),52625,1772936.25,33.69,137808.11
,,,安达智能(688125.SH),15760,3036479.20,192.67,238330.15
2026-05-27,27783272.09,9306407.18,,,,,
,,,热景生物(688068.SH),31454,2700640.44,85.86,-126643.80
,,,安达智能(688125.SH),15760,2842631.20,180.37,44482.15
,,,品茗科技(688109.SH),33578,2778243.72,82.74,-34662.04
,,,精进电动(688280.SH),464634,2704169.88,5.82,-94704.77
,,,经纬恒润(688326.SH),31117,2779370.44,89.32,-49434.47
,,,必贝特(688759.SH),52625,1929758.75,36.67,294630.61
,,,卓越新能(688196.SH),62504,2742050.48,43.87,-70209.11
2026-05-26,28045572.04,14903430.88,,,,,
,,,经纬恒润(688326.SH),31117,2872721.44,92.32,43916.53
,,,品茗科技(688109.SH),33578,2844056.60,84.7,31150.84
,,,热景生物(688068.SH),31454,2707245.78,86.07,-120038.46
,,,卓越新能(688196.SH),62504,2732049.84,43.71,-80209.75
,,,必贝特(688759.SH),52625,1986067.50,37.74,350939.36
2026-05-25,28287846.91,12213431.79,,,,,
,,,热景生物(688068.SH),31454,2730207.20,86.8,-97077.04
,,,卓越新能(688196.SH),62504,2882059.44,46.11,69799.85
,,,经纬恒润(688326.SH),31117,2909439.50,93.5,80634.59
,,,精进电动(688280.SH),448322,2685448.78,5.99,-221867.78
,,,必贝特(688759.SH),52625,1982910.00,37.68,347781.86
,,,品茗科技(688109.SH),33578,2884350.20,85.9,71444.44
2026-05-22,28058926.34,15120968.04,,,,,
,,,必贝特(688759.SH),52625,1931863.75,36.71,296735.61
,,,成大生物(688739.SH),121453,2719332.67,22.39,-231461.06
,,,热景生物(688068.SH),31454,2657863.00,84.5,-169421.24
,,,精进电动(688280.SH),448322,2743730.64,6.12,-163585.92
,,,经纬恒润(688326.SH),31117,2885168.24,92.72,56363.33
2026-05-21,28199486.33,15481816.02,,,,,
,,,必贝特(688759.SH),52625,1921865.00,36.52,286736.86
,,,品茗科技(688109.SH),30178,2454980.30,81.35,-488094.40
,,,成大生物(688739.SH),121453,2736336.09,22.53,-214457.64
,,,经纬恒润(688326.SH),31117,2887657.60,92.8,58852.69
,,,精进电动(688280.SH),448322,2716831.32,6.06,-190485.24
2026-05-20,28523913.52,12906928.04,,,,,
,,,精进电动(688280.SH),448322,2793046.06,6.23,-114270.50
,,,经纬恒润(688326.SH),31117,2797729.47,89.91,-31075.44
,,,品茗科技(688109.SH),30178,2742274.86,90.87,-200799.84
,,,热景生物(688068.SH),30939,2594235.15,83.85,-296843.77
,,,必贝特(688759.SH),52625,1898710.00,36.08,263581.86
,,,成大生物(688739.SH),121453,2790989.94,22.98,-159803.79
2026-05-19,28946823.05,12906928.04,,,,,
,,,品茗科技(688109.SH),30178,2761287.00,91.5,-181787.70
,,,热景生物(688068.SH),30939,2871139.20,92.8,-19939.72
,,,精进电动(688280.SH),448322,2846844.70,6.35,-60471.86
,,,经纬恒润(688326.SH),31117,2855295.92,91.76,26491.01
,,,成大生物(688739.SH),121453,2821353.19,23.23,-129440.54
,,,必贝特(688759.SH),52625,1883975.00,35.8,248846.86
2026-05-18,28929052.33,14629365.70,,,,,
,,,经纬恒润(688326.SH),31117,2819822.54,90.62,-8982.37
,,,必贝特(688759.SH),52625,1861872.50,35.38,226744.36
,,,精进电动(688280.SH),448322,2797529.28,6.24,-109787.28
,,,品茗科技(688109.SH),30178,2845483.62,94.29,-97591.08
,,,成大生物(688739.SH),121453,2798277.12,23.04,-152516.61
,,,凯赛生物(688065.SH),26213,1176701.57,44.89,-98079.22
2026-05-15,29090300.42,14629365.70,,,,,
,,,精进电动(688280.SH),448322,2914093.00,6.5,6776.44
,,,成大生物(688739.SH),121453,2806778.83,23.11,-144014.90
,,,经纬恒润(688326.SH),31117,2842849.12,91.36,14044.21
,,,必贝特(688759.SH),52625,1831876.25,34.81,196748.11
,,,凯赛生物(688065.SH),26213,1202652.44,45.88,-72128.35
,,,品茗科技(688109.SH),30178,2862685.08,94.86,-80389.62
2026-05-14,29029128.96,13204994.83,,,,,
,,,必贝特(688759.SH),52625,1734520.00,32.96,99391.86
,,,经纬恒润(688326.SH),31117,2819822.54,90.62,-8982.37
,,,卓越新能(688196.SH),55139,2586019.10,46.9,-398336.95
,,,凯赛生物(688065.SH),26213,1232011.00,47,-42769.79
,,,品茗科技(688109.SH),30178,2869927.80,95.1,-73146.90
,,,嘉和美康(688246.SH),74082,1748335.20,23.6,316748.29
,,,成大生物(688739.SH),121453,2833498.49,23.33,-117295.24
2026-05-13,29515223.13,11432865.58,,,,,
,,,卓越新能(688196.SH),55139,2794444.52,50.68,-189911.53
,,,嘉和美康(688246.SH),148165,3504102.25,23.65,640909.11
,,,品茗科技(688109.SH),30178,2950503.06,97.77,7428.36
,,,凯赛生物(688065.SH),26213,1235942.95,47.15,-38837.84
,,,经纬恒润(688326.SH),31117,2887657.60,92.8,58852.69
,,,必贝特(688759.SH),52625,1808195.00,34.36,173066.86
,,,成大生物(688739.SH),121453,2901512.17,23.89,-49281.56
2026-05-12,29515251.59,11746707.65,,,,,
,,,品茗科技(688109.SH),30178,3087209.40,102.3,144134.70
,,,嘉和美康(688246.SH),148165,3461134.40,23.36,597941.26
,,,经纬恒润(688326.SH),31117,2772524.70,89.1,-56280.21
,,,凯赛生物(688065.SH),26213,1227292.66,46.82,-47488.13
,,,必贝特(688759.SH),52625,1799775.00,34.2,164646.86
,,,卓越新能(688196.SH),55139,2782865.33,50.47,-201490.72
,,,精进电动(688280.SH),396653,2637742.45,6.65,-256534.68
2026-05-11,29659700.45,11746707.65,,,,,
,,,凯赛生物(688065.SH),26213,1252981.40,47.8,-21799.39
,,,精进电动(688280.SH),396653,2788470.59,7.03,-105806.54
,,,卓越新能(688196.SH),55139,2884872.48,52.32,-99483.57
,,,嘉和美康(688246.SH),148165,3508547.20,23.68,645354.06
,,,经纬恒润(688326.SH),31117,2820756.05,90.65,-8048.86
,,,必贝特(688759.SH),52625,1832402.50,34.82,197274.36
,,,品茗科技(688109.SH),30178,2824962.58,93.61,-118112.12
2026-05-08,29989488.33,8421286.79,,,,,
,,,品茗科技(688109.SH),30178,3076948.88,101.96,133874.18
,,,光云科技(688365.SH),2278,51004.42,22.39,8079.49
,,,必贝特(688759.SH),52625,1782935.00,33.88,147806.86
,,,凯赛生物(688065.SH),26213,1247738.80,47.6,-27041.99
,,,卓越新能(688196.SH),55139,2882666.92,52.28,-101689.13
,,,新致软件(688590.SH),205617,3285759.66,15.98,342793.85
,,,精进电动(688280.SH),396653,2847968.54,7.18,-46308.59
,,,经纬恒润(688326.SH),31117,2849072.52,91.56,20267.61
,,,嘉和美康(688246.SH),148165,3544106.80,23.92,680913.66
2026-05-07,29584195.65,4876493.26,,,,,
,,,凯赛生物(688065.SH),26213,1254816.31,47.87,-19964.48
,,,奥普特(688686.SH),31306,3502828.34,111.89,630170.37
,,,卓越新能(688196.SH),55139,2867228.00,52,-117128.05
,,,经纬恒润(688326.SH),31117,2865875.70,92.1,37070.79
,,,嘉和美康(688246.SH),148165,3412239.95,23.03,549046.81
,,,必贝特(688759.SH),52625,1752412.50,33.3,117284.36
,,,新致软件(688590.SH),205617,3224074.56,15.68,281108.75
,,,品茗科技(688109.SH),30178,2910668.10,96.45,-32406.60
,,,光云科技(688365.SH),4556,105289.16,23.11,19439.31
,,,精进电动(688280.SH),396653,2812269.77,7.09,-82007.36
2026-05-06,29138840.81,31.41,,,,,
,,,精进电动(688280.SH),396653,2816236.30,7.1,-78040.83
,,,嘉和美康(688246.SH),148165,3321859.30,22.42,458666.16
,,,凯赛生物(688065.SH),26213,1274738.19,48.63,-42.60
,,,经纬恒润(688326.SH),31117,2768790.66,88.98,-60014.25
,,,必贝特(688759.SH),52625,1739782.50,33.06,104654.36
,,,*ST航图(688066.SH),165308,2074615.40,12.55,-740428.95
,,,奥普特(688686.SH),31306,3416736.84,109.14,544078.87
,,,博睿数据(688229.SH),28855,2752767.00,95.4,467688.46
,,,品茗科技(688109.SH),30178,2837033.78,94.01,-106040.92
,,,卓越新能(688196.SH),55139,2888732.21,52.39,-95623.84
,,,新致软件(688590.SH),205617,3154164.78,15.34,211198.97
,,,光云科技(688365.SH),4556,93352.44,20.49,7502.59
2026-04-30,29149516.86,4169089.33,,,,,
,,,新致软件(688590.SH),205617,3057524.79,14.87,114558.98
,,,博睿数据(688229.SH),28855,2483838.40,86.08,198759.86
,,,*ST航图(688066.SH),165308,2593682.52,15.69,-221361.83
,,,品茗科技(688109.SH),30178,2882300.78,95.51,-60773.92
,,,卓越新能(688196.SH),55139,2890386.38,52.42,-93969.67
,,,奥普特(688686.SH),31306,3422058.86,109.31,549400.89
,,,经纬恒润(688326.SH),31117,2775325.23,89.19,-53479.68
,,,嘉和美康(688246.SH),148165,3111465.00,21,248271.86
,,,光云科技(688365.SH),4556,89844.32,19.72,3994.47
,,,必贝特(688759.SH),52625,1674001.25,31.81,38873.11
2026-04-29,29465544.22,2828861.07,,,,,
,,,光云科技(688365.SH),4556,88978.68,19.53,3128.83
,,,品茗科技(688109.SH),30178,2885016.80,95.6,-58057.90
,,,亚信安全(688225.SH),98163,1548030.51,15.77,-124579.66
,,,博睿数据(688229.SH),28855,2487301.00,86.2,202222.46
,,,奥普特(688686.SH),31306,3330958.40,106.4,458300.43
,,,必贝特(688759.SH),52625,1623481.25,30.85,-11646.89
,,,*ST航图(688066.SH),165308,2593682.52,15.69,-221361.83
,,,*ST禾信(688622.SH),37682,3043198.32,80.76,58338.65
,,,嘉和美康(688246.SH),148165,3114428.30,21.02,251235.16
,,,新致软件(688590.SH),205617,2979390.33,14.49,36424.52
,,,卓越新能(688196.SH),55139,2942217.04,53.36,-42139.01
2026-04-28,29422991.51,1635145.20,,,,,
,,,光云科技(688365.SH),4556,87338.52,19.17,1488.67
,,,奥普特(688686.SH),31306,3254884.82,103.97,382226.85
,,,嘉和美康(688246.SH),148165,3155914.50,21.3,292721.36
,,,*ST禾信(688622.SH),37682,3043198.32,80.76,58338.65
,,,亚信安全(688225.SH),98163,1547048.88,15.76,-125561.29
,,,新致软件(688590.SH),205617,2862188.64,13.92,-80777.17
,,,卓越新能(688196.SH),55139,2924572.56,53.04,-59783.49
,,,品茗科技(688109.SH),30178,2802630.86,92.87,-140443.84
,,,*ST航图(688066.SH),165308,2846603.76,17.22,31559.41
,,,博睿数据(688229.SH),28855,2425262.75,84.05,140184.21
,,,悦康药业(688658.SH),148597,2838202.70,19.1,218368.11
2026-04-27,30054731.22,4619501.25,,,,,
,,,光云科技(688365.SH),4556,91347.80,20.05,5497.95
,,,奥普特(688686.SH),31306,3343480.80,106.8,470822.83
,,,嘉和美康(688246.SH),148165,2866992.75,19.35,3799.61
,,,*ST禾信(688622.SH),37682,3042821.50,80.75,57961.83
,,,品茗科技(688109.SH),30178,2896182.66,95.97,-46892.04
,,,博睿数据(688229.SH),28855,2592621.75,89.85,307543.21
,,,亚信安全(688225.SH),98163,1658954.70,16.9,-13655.47
,,,*ST航图(688066.SH),165308,3084647.28,18.66,269602.93
,,,新致软件(688590.SH),205617,2964997.14,14.42,22031.33
,,,悦康药业(688658.SH),148597,2893183.59,19.47,273349.00
2026-04-24,29565512.63,6134440.66,,,,,
,,,新致软件(688590.SH),205617,2934154.59,14.27,-8811.22
,,,嘉和美康(688246.SH),148165,2784020.35,18.79,-79172.79
,,,博睿数据(688229.SH),28855,2654660.00,92,369581.46
,,,*ST航图(688066.SH),165308,2909420.80,17.6,94376.45
,,,光云科技(688365.SH),4556,84969.40,18.65,-880.45
,,,*ST禾信(688622.SH),37682,2886441.20,76.6,-98418.47
,,,亚信安全(688225.SH),98163,1614781.35,16.45,-57828.82
,,,热景生物(688068.SH),13026,1440284.82,110.57,-45875.97
,,,悦康药业(688658.SH),148597,2864950.16,19.28,245115.57
,,,奥普特(688686.SH),31306,3257389.30,104.05,384731.33
2026-04-23,29919369.00,6133108.45,,,,,
,,,嘉和美康(688246.SH),148165,2779575.40,18.76,-83617.74
,,,*ST航图(688066.SH),165308,2965625.52,17.94,150581.17
,,,热景生物(688068.SH),13026,1431817.92,109.92,-54342.87
,,,浩欧博(688656.SH),21448,2981272.00,139,294319.06
,,,悦康药业(688658.SH),148597,2948164.48,19.84,328329.89
,,,亚信安全(688225.SH),98163,1625579.28,16.56,-47030.89
,,,奥普特(688686.SH),31306,3287130.00,105,414472.03
,,,新致软件(688590.SH),205617,2967053.31,14.43,24087.50
,,,博睿数据(688229.SH),28855,2713524.20,94.04,428445.66
,,,光云科技(688365.SH),4556,86518.44,18.99,668.59
2026-04-22,30390977.03,6.60,,,,,
,,,奥普特(688686.SH),31306,3417362.96,109.16,544704.99
,,,浩欧博(688656.SH),21448,2948885.52,137.49,261932.58
,,,开普云(688228.SH),14147,1536505.67,108.61,76012.37
,,,*ST航图(688066.SH),165308,3076381.88,18.61,261337.53
,,,新致软件(688590.SH),205617,3041075.43,14.79,98109.62
,,,悦康药业(688658.SH),148597,2942220.60,19.8,322386.01
,,,统联精密(688210.SH),35181,1681651.80,47.8,342050.80
,,,翔宇医疗(688626.SH),48590,2922688.50,60.15,244090.26
,,,嘉和美康(688246.SH),148165,2795873.55,18.87,-67319.59
,,,亚信安全(688225.SH),98163,1665826.11,16.97,-6784.06
,,,博睿数据(688229.SH),28855,2775562.45,96.19,490483.91
,,,热景生物(688068.SH),13026,1497729.48,114.98,11568.69
,,,光云科技(688365.SH),4556,89206.48,19.58,3356.63
2026-04-21,29928714.30,6.60,,,,,
,,,浩欧博(688656.SH),21448,2912638.40,135.8,225685.46
,,,新致软件(688590.SH),205617,2989671.18,14.54,46705.37
,,,嘉和美康(688246.SH),148165,2794391.90,18.86,-68801.24
,,,*ST航图(688066.SH),165308,3144158.16,19.02,329113.81
,,,热景生物(688068.SH),13026,1496036.10,114.85,9875.31
,,,统联精密(688210.SH),35181,1688336.19,47.99,348735.19
,,,奥普特(688686.SH),31306,3417676.02,109.17,545018.05
,,,博睿数据(688229.SH),28855,2491629.25,86.35,206550.71
,,,翔宇医疗(688626.SH),48590,2922688.50,60.15,244090.26
,,,开普云(688228.SH),14147,1527876.00,108,67382.70
,,,悦康药业(688658.SH),148597,2789165.69,18.77,169331.10
,,,光云科技(688365.SH),4556,88614.20,19.45,2764.35
,,,亚信安全(688225.SH),98163,1665826.11,16.97,-6784.06
2026-04-20,30373854.88,6.60,,,,,
,,,翔宇医疗(688626.SH),48590,2959131.00,60.9,280532.76
,,,开普云(688228.SH),14147,1552916.19,109.77,92422.89
,,,嘉和美康(688246.SH),148165,2858102.85,19.29,-5090.29
,,,新致软件(688590.SH),205617,3047243.94,14.82,104278.13
,,,悦康药业(688658.SH),148597,2900613.44,19.52,280778.85
,,,*ST航图(688066.SH),165308,3187138.24,19.28,372093.89
,,,奥普特(688686.SH),31306,3378543.52,107.92,505885.55
,,,热景生物(688068.SH),13026,1566246.24,120.24,80085.45
,,,光云科技(688365.SH),4556,92259.00,20.25,6409.15
,,,统联精密(688210.SH),35181,1656673.29,47.09,317072.29
,,,亚信安全(688225.SH),98163,1684477.08,17.16,11866.91
,,,博睿数据(688229.SH),28855,2549339.25,88.35,264260.71
,,,浩欧博(688656.SH),21448,2941164.24,137.13,254211.30
2026-04-17,30422154.20,6.60,,,,,
,,,光云科技(688365.SH),4556,89525.40,19.65,3675.55
,,,新致软件(688590.SH),205617,3024626.07,14.71,81660.26
,,,翔宇医疗(688626.SH),48590,2891105.00,59.5,212506.76
,,,博睿数据(688229.SH),28855,2584830.90,89.58,299752.36
,,,统联精密(688210.SH),35181,1669690.26,47.46,330089.26
,,,浩欧博(688656.SH),21448,2931298.16,136.67,244345.22
,,,开普云(688228.SH),14147,1554896.77,109.91,94403.47
,,,亚信安全(688225.SH),98163,1665826.11,16.97,-6784.06
,,,嘉和美康(688246.SH),148165,2824024.90,19.06,-39168.24
,,,*ST航图(688066.SH),165308,3215240.60,19.45,400196.25
,,,悦康药业(688658.SH),148597,2961538.21,19.93,341703.62
,,,热景生物(688068.SH),13026,1600634.88,122.88,114474.09
,,,奥普特(688686.SH),31306,3408910.34,108.89,536252.37
2026-04-16,30815122.15,6.60,,,,,
,,,热景生物(688068.SH),13026,1633460.40,125.4,147299.61
,,,新致软件(688590.SH),205617,3080142.66,14.98,137176.85
,,,*ST航图(688066.SH),165308,3297894.60,19.95,482850.25
,,,开普云(688228.SH),14147,1569185.24,110.92,108691.94
,,,嘉和美康(688246.SH),148165,2904034.00,19.6,40840.86
,,,光云科技(688365.SH),4556,90573.28,19.88,4723.43
,,,浩欧博(688656.SH),21448,2970548.00,138.5,283595.06
,,,博睿数据(688229.SH),28855,2649177.55,91.81,364099.01
,,,翔宇医疗(688626.SH),48590,2892076.80,59.52,213478.56
,,,亚信安全(688225.SH),98163,1676624.04,17.08,4013.87
,,,奥普特(688686.SH),31306,3265528.86,104.31,392870.89
,,,悦康药业(688658.SH),148597,3071499.99,20.67,451665.40
,,,统联精密(688210.SH),35181,1714370.13,48.73,374769.13
2026-04-15,30290810.46,6.60,,,,,
,,,嘉和美康(688246.SH),148165,2850694.60,19.24,-12498.54
,,,悦康药业(688658.SH),148597,3062584.17,20.61,442749.58
,,,翔宇医疗(688626.SH),48590,2865838.20,58.98,187239.96
,,,亚信安全(688225.SH),98163,1647175.14,16.78,-25435.03
,,,新致软件(688590.SH),205617,2888918.85,14.05,-54046.96
,,,浩欧博(688656.SH),21448,2930440.24,136.63,243487.30
,,,博睿数据(688229.SH),28855,2573866.00,89.2,288787.46
,,,统联精密(688210.SH),35181,1700649.54,48.34,361048.54
,,,奥普特(688686.SH),31306,3231405.32,103.22,358747.35
,,,*ST航图(688066.SH),165308,3302853.84,19.98,487809.49
,,,热景生物(688068.SH),13026,1644532.50,126.25,158371.71
,,,光云科技(688365.SH),4556,84058.20,18.45,-1791.65
,,,开普云(688228.SH),14147,1507787.26,106.58,47293.96
2026-04-14,30279908.14,1672616.78,,,,,
,,,统联精密(688210.SH),35181,1718943.66,48.86,379342.66
,,,光云科技(688365.SH),4556,85926.16,18.86,76.31
,,,浩欧博(688656.SH),21448,2955534.40,137.8,268581.46
,,,悦康药业(688658.SH),148597,2820371.06,18.98,200536.47
,,,博睿数据(688229.SH),28855,2612820.25,90.55,327741.71
,,,翔宇医疗(688626.SH),48590,2934350.10,60.39,255751.86
,,,开普云(688228.SH),14147,1548955.03,109.49,88461.73
,,,奥普特(688686.SH),31306,3307478.90,105.65,434820.93
,,,*ST航图(688066.SH),165308,3246649.12,19.64,431604.77
,,,嘉和美康(688246.SH),148165,2874401.00,19.4,11207.86
,,,新致软件(688590.SH),205617,2932098.42,14.26,-10867.39
,,,热景生物(688068.SH),13026,1569763.26,120.51,83602.47
2026-04-13,29711201.62,2863209.70,,,,,
,,,光云科技(688365.SH),4556,84012.64,18.44,-1837.21
,,,奥普特(688686.SH),31306,3370403.96,107.66,497745.99
,,,翔宇医疗(688626.SH),48590,2875070.30,59.17,196472.06
,,,悦康药业(688658.SH),148597,2796595.54,18.82,176760.95
,,,*ST航图(688066.SH),165308,3031748.72,18.34,216704.37
,,,博睿数据(688229.SH),28855,2484704.05,86.11,199625.51
,,,开普云(688228.SH),14147,1527451.59,107.97,66958.29
,,,热景生物(688068.SH),13026,1562598.96,119.96,76438.17
,,,浩欧博(688656.SH),21448,2916713.52,135.99,229760.58
,,,新致软件(688590.SH),205617,2890975.02,14.06,-51990.79
,,,统联精密(688210.SH),70362,3307717.62,47.01,628515.62
2026-04-10,29501301.19,5.58,,,,,
,,,浩欧博(688656.SH),21448,2949957.92,137.54,263004.98
,,,统联精密(688210.SH),70362,3208507.20,45.6,529305.20
,,,博睿数据(688229.SH),28855,2448346.75,84.85,163268.21
,,,*ST航图(688066.SH),165308,3066463.40,18.55,251419.05
,,,新致软件(688590.SH),205617,2938266.93,14.29,-4698.88
,,,奥普特(688686.SH),31306,3184759.38,101.73,312101.41
,,,热景生物(688068.SH),13026,1598550.72,122.72,112389.93
,,,天能股份(688819.SH),84416,2886183.04,34.19,131274.69
,,,光云科技(688365.SH),4556,86108.40,18.9,258.55
,,,悦康药业(688658.SH),148597,2783221.81,18.73,163387.22
,,,翔宇医疗(688626.SH),48590,2831825.20,58.28,153226.96
,,,开普云(688228.SH),14147,1519104.86,107.38,58611.56
2026-04-09,29184550.81,5.58,,,,,
,,,奥普特(688686.SH),31306,2950903.56,94.26,78245.59
,,,新致软件(688590.SH),205617,2967053.31,14.43,24087.50
,,,翔宇医疗(688626.SH),48590,2803643.00,57.7,125044.76
,,,热景生物(688068.SH),13026,1565464.68,120.18,79303.89
,,,*ST航图(688066.SH),165308,3117708.88,18.86,302664.53
,,,悦康药业(688658.SH),148597,2774305.99,18.67,154471.40
,,,浩欧博(688656.SH),21448,2971191.44,138.53,284238.50
,,,博睿数据(688229.SH),28855,2517310.20,87.24,232231.66
,,,天能股份(688819.SH),84416,2782351.36,32.96,27443.01
,,,开普云(688228.SH),14147,1520943.97,107.51,60450.67
,,,光云科技(688365.SH),4556,83967.08,18.43,-1882.77
,,,统联精密(688210.SH),70362,3129701.76,44.48,450499.76
2026-04-08,29602624.34,3028821.24,,,,,
,,,热景生物(688068.SH),13026,1616526.60,124.1,130365.81
,,,奥普特(688686.SH),31306,2986905.46,95.41,114247.49
,,,天能股份(688819.SH),84416,2751961.60,32.6,-2946.75
,,,博睿数据(688229.SH),28855,2613397.35,90.57,328318.81
,,,悦康药业(688658.SH),148597,2859006.28,19.24,239171.69
,,,浩欧博(688656.SH),21448,3024382.48,141.01,337429.54
,,,统联精密(688210.SH),70362,3170511.72,45.06,491309.72
,,,翔宇医疗(688626.SH),48590,2894992.20,59.58,216393.96
,,,*ST航图(688066.SH),165308,3099525.00,18.75,284480.65
,,,开普云(688228.SH),14147,1556594.41,110.03,96101.11
2026-04-07,28206336.86,5901479.21,,,,,
,,,统联精密(688210.SH),70362,3074819.40,43.7,395617.40
,,,*ST航图(688066.SH),165308,2740806.64,16.58,-74237.71
,,,浩欧博(688656.SH),21448,2970333.52,138.49,283380.58
,,,翔宇医疗(688626.SH),48590,2740476.00,56.4,61877.76
,,,悦康药业(688658.SH),148597,2814427.18,18.94,194592.59
,,,开普云(688228.SH),14147,1417529.40,100.2,-42963.90
,,,天能股份(688819.SH),84416,2647285.76,31.36,-107622.59
,,,博睿数据(688229.SH),28855,2257903.75,78.25,-27174.79
,,,热景生物(688068.SH),13026,1641276.00,126,155115.21
2026-04-03,28136752.40,5100163.87,,,,,
,,,翔宇医疗(688626.SH),48590,2696745.00,55.5,18146.76
,,,灿芯股份(688691.SH),27931,2467703.85,88.35,-219840.92
,,,浩欧博(688656.SH),21448,2834567.68,132.16,147614.74
,,,热景生物(688068.SH),13026,1706796.78,131.03,220635.99
,,,悦康药业(688658.SH),148597,2866436.13,19.29,246601.54
,,,斯瑞新材(688102.SH),46214,1589299.46,34.39,-179210.35
,,,天能股份(688819.SH),84416,2633779.20,31.2,-121129.15
,,,*ST禾信(688622.SH),19376,1875596.80,96.8,516156.45
,,,开普云(688228.SH),14147,1411163.25,99.75,-49330.05
,,,统联精密(688210.SH),70362,2954500.38,41.99,275298.38
2026-04-02,28401428.98,5.41,,,,,
,,,天能股份(688819.SH),84416,2684428.80,31.8,-70479.55
,,,开普云(688228.SH),14147,1438749.90,101.7,-21743.40
,,,前沿生物(688221.SH),153409,3215452.64,20.96,369319.26
,,,斯瑞新材(688102.SH),46214,1626270.66,35.19,-142239.15
,,,三生国健(688336.SH),21967,1985377.46,90.38,618969.10
,,,统联精密(688210.SH),70362,2920023.00,41.5,240821.00
,,,翔宇医疗(688626.SH),48590,2772545.40,57.06,93947.16
,,,浩欧博(688656.SH),21448,2769151.28,129.11,82198.34
,,,灿芯股份(688691.SH),27931,2516303.79,90.09,-171240.98
,,,*ST禾信(688622.SH),19376,1742289.92,89.92,382849.57
,,,热景生物(688068.SH),13026,1773750.42,136.17,287589.63
,,,悦康药业(688658.SH),148597,2957080.30,19.9,337245.71
2026-04-01,28512371.97,5.41,,,,,
,,,统联精密(688210.SH),70362,3024862.38,42.99,345660.38
,,,前沿生物(688221.SH),153409,3221589.00,21,375455.62
,,,斯瑞新材(688102.SH),46214,1673871.08,36.22,-94638.73
,,,翔宇医疗(688626.SH),48590,2830853.40,58.26,152255.16
,,,开普云(688228.SH),14147,1502128.46,106.18,41635.16
,,,*ST禾信(688622.SH),19376,1695400.00,87.5,335959.65
,,,热景生物(688068.SH),13026,1791205.26,137.51,305044.47
,,,天能股份(688819.SH),84416,2722416.00,32.25,-32492.35
,,,悦康药业(688658.SH),148597,2838202.70,19.1,218368.11
,,,三生国健(688336.SH),21967,1750550.23,79.69,384141.87
,,,浩欧博(688656.SH),21448,2820412.00,131.5,133459.06
,,,灿芯股份(688691.SH),27931,2640876.05,94.55,-46668.72
2026-03-31,27202392.48,1768515.22,,,,,
,,,统联精密(688210.SH),70362,2996717.58,42.59,317515.58
,,,天能股份(688819.SH),84416,2727480.96,32.31,-27427.39
,,,灿芯股份(688691.SH),27931,2480272.80,88.8,-207271.97
,,,*ST禾信(688622.SH),19376,1711482.08,88.33,352041.73
,,,悦康药业(688658.SH),148597,2545466.61,17.13,-74367.98
,,,前沿生物(688221.SH),153409,2907100.55,18.95,60967.17
,,,浩欧博(688656.SH),21448,2607862.32,121.59,-79090.62
,,,三生国健(688336.SH),21967,1660265.86,75.58,293857.50
,,,开普云(688228.SH),14147,1450067.50,102.5,-10425.80
,,,热景生物(688068.SH),13026,1593079.80,122.3,106919.01
,,,翔宇医疗(688626.SH),48590,2754081.20,56.68,75482.96
2026-03-30,27881854.61,10.62,,,,,
,,,悦康药业(688658.SH),148597,2557354.37,17.21,-62480.22
,,,开普云(688228.SH),14147,1493498.79,105.57,33005.49
,,,天能股份(688819.SH),84416,2751961.60,32.6,-2946.75
,,,统联精密(688210.SH),70362,3009382.74,42.77,330180.74
,,,浩欧博(688656.SH),21448,2679498.64,124.93,-7454.30
,,,热景生物(688068.SH),13026,1630985.46,125.21,144824.67
,,,翔宇医疗(688626.SH),48590,2752623.50,56.65,74025.26
,,,三生国健(688336.SH),43935,3578505.75,81.45,845626.82
,,,前沿生物(688221.SH),153409,3045168.65,19.85,199035.27
,,,*ST禾信(688622.SH),19376,1763216.00,91,403775.65
,,,灿芯股份(688691.SH),27931,2619648.49,93.79,-67896.28
2026-03-27,27482438.53,2619845.21,,,,,
,,,天能股份(688819.SH),84416,2821182.72,33.42,66274.37
,,,热景生物(688068.SH),13026,1721125.38,132.13,234964.59
,,,开普云(688228.SH),14147,1500430.82,106.06,39937.52
,,,前沿生物(688221.SH),153409,3054373.19,19.91,208239.81
,,,统联精密(688210.SH),70362,2791260.54,39.67,112058.54
,,,灿芯股份(688691.SH),27931,2628307.10,94.1,-59237.67
,,,浩欧博(688656.SH),21448,2684860.64,125.18,-2092.30
,,,翔宇医疗(688626.SH),48590,2760397.90,56.81,81799.66
,,,三生国健(688336.SH),43935,3142670.55,71.53,409791.62
,,,*ST禾信(688622.SH),19376,1757984.48,90.73,398544.13
2026-03-26,26683208.17,85.18,,,,,
,,,天能股份(688819.SH),84416,2804299.52,33.22,49391.17
,,,统联精密(688210.SH),70362,2727934.74,38.77,48732.74
,,,*ST禾信(688622.SH),19376,1674280.16,86.41,314839.81
,,,灿芯股份(688691.SH),27931,2598700.24,93.04,-88844.53
,,,开普云(688228.SH),14147,1497601.42,105.86,37108.12
,,,浩欧博(688656.SH),21448,2603572.72,121.39,-83380.22
,,,明微电子(688699.SH),62285,2684483.50,43.1,-160998.09
,,,三生国健(688336.SH),43935,3102689.70,70.62,369810.77
,,,前沿生物(688221.SH),153409,2848805.13,18.57,2671.75
,,,热景生物(688068.SH),13026,1434292.86,110.11,-51867.93
,,,翔宇医疗(688626.SH),48590,2706463.00,55.7,27864.76
2026-03-25,27150948.20,1486245.98,,,,,
,,,浩欧博(688656.SH),21448,2662340.24,124.13,-24612.70
,,,统联精密(688210.SH),70362,2720898.54,38.67,41696.54
,,,翔宇医疗(688626.SH),48590,2770115.90,57.01,91517.66
,,,灿芯股份(688691.SH),27931,2712938.03,97.13,25393.26
,,,前沿生物(688221.SH),153409,2884089.20,18.8,37955.82
,,,明微电子(688699.SH),62285,2772305.35,44.51,-73176.24
,,,*ST禾信(688622.SH),19376,1704700.48,87.98,345260.13
,,,三生国健(688336.SH),43935,3072813.90,69.94,339934.97
,,,开普云(688228.SH),14147,1572863.46,111.18,112370.16
,,,天能股份(688819.SH),84416,2791637.12,33.07,36728.77
2026-03-24,26797279.10,6860743.69,,,,,
,,,天能股份(688819.SH),84416,2806832.00,33.25,51923.65
,,,统联精密(688210.SH),70362,2647722.06,37.63,-31479.94
,,,明微电子(688699.SH),62285,2740540.00,44,-104941.59
,,,开普云(688228.SH),14147,1490810.86,105.38,30317.56
,,,前沿生物(688221.SH),153409,2785907.44,18.16,-60225.94
,,,三生国健(688336.SH),43935,3009108.15,68.49,276229.22
,,,*ST禾信(688622.SH),19376,1754496.80,90.55,395056.45
,,,翔宇医疗(688626.SH),48590,2701118.10,55.59,22519.86
2026-03-23,26490417.57,6818350.12,,,,,
,,,三生国健(688336.SH),43935,2880378.60,65.56,147499.67
,,,前沿生物(688221.SH),153409,2713805.21,17.69,-132328.17
,,,明微电子(688699.SH),62285,2642129.70,42.42,-203351.89
,,,浩欧博(688656.SH),21123,2524198.50,119.5,-334178.62
,,,天能股份(688819.SH),84416,2815273.60,33.35,60365.25
,,,浙海德曼(688577.SH),41362,2453593.84,59.32,-353470.29
,,,*ST禾信(688622.SH),38752,3642688.00,94,923807.30
2026-03-20,26984313.18,1787213.35,,,,,
,,,昀冢科技(688260.SH),95662,2587657.10,27.05,-257164.21
,,,翔宇医疗(688626.SH),45060,2558506.80,56.78,-173894.93
,,,前沿生物(688221.SH),153409,2804316.52,18.28,-41816.86
,,,浩欧博(688656.SH),21123,2830270.77,133.99,-28106.35
,,,浙海德曼(688577.SH),41362,2631864.06,63.63,-175200.07
,,,*ST禾信(688622.SH),38752,3161775.68,81.59,442894.98
,,,明微电子(688699.SH),62285,2865732.85,46.01,20251.26
,,,三生国健(688336.SH),43935,3076768.05,70.03,343889.12
,,,天能股份(688819.SH),84416,2680208.00,31.75,-74700.35
2026-03-19,27242685.63,4519615.09,,,,,
,,,天能股份(688819.SH),84416,2648129.92,31.37,-106778.43
,,,前沿生物(688221.SH),153409,2922441.45,19.05,76308.07
,,,浩欧博(688656.SH),21123,2919409.83,138.21,61032.71
,,,明微电子(688699.SH),62285,2954177.55,47.43,108695.96
,,,*ST禾信(688622.SH),38752,2906400.00,75,187519.30
,,,浙海德曼(688577.SH),41362,2698870.50,65.25,-108193.63
,,,三生国健(688336.SH),43935,2983625.85,67.91,250746.92
,,,昀冢科技(688260.SH),95662,2690015.44,28.12,-154805.87
2026-03-18,27487711.37,7238495.79,,,,,
,,,前沿生物(688221.SH),153409,3054373.19,19.91,208239.81
,,,明微电子(688699.SH),62285,3012102.60,48.36,166621.01
,,,天能股份(688819.SH),84416,2700467.84,31.99,-54440.51
,,,浙海德曼(688577.SH),41362,2776631.06,67.13,-30433.07
,,,昀冢科技(688260.SH),95662,2774198.00,29,-70623.31
,,,三生国健(688336.SH),43935,2931343.20,66.72,198464.27
,,,浩欧博(688656.SH),21123,3000099.69,142.03,141722.57
2026-03-17,27117232.64,4853147.69,,,,,
,,,昀冢科技(688260.SH),95662,2713930.94,28.37,-130890.37
,,,浙海德曼(688577.SH),41362,2778699.16,67.18,-28364.97
,,,浩欧博(688656.SH),21123,2979610.38,141.06,121233.26
,,,*ST禾信(688622.SH),35940,2380665.60,66.24,-393081.03
,,,开普云(688228.SH),23827,2691497.92,112.96,-251219.50
,,,天能股份(688819.SH),84416,2770533.12,32.82,15624.77
,,,明微电子(688699.SH),62285,2962274.60,47.56,116793.01
,,,前沿生物(688221.SH),153409,2986873.23,19.47,140739.85
2026-03-16,27824354.96,4853147.69,,,,,
,,,天能股份(688819.SH),84416,2826247.68,33.48,71339.33
,,,浩欧博(688656.SH),21123,2978765.46,141.02,120388.34
,,,浙海德曼(688577.SH),41362,2800207.40,67.7,-6856.73
,,,明微电子(688699.SH),62285,3068781.95,49.27,223300.36
,,,前沿生物(688221.SH),153409,2973066.42,19.38,126933.04
,,,昀冢科技(688260.SH),95662,2823942.24,29.52,-20879.07
,,,*ST禾信(688622.SH),35940,2699094.00,75.1,-74652.63
,,,开普云(688228.SH),23827,2801102.12,117.56,-141615.30
2026-03-13,27773480.66,7626894.33,,,,,
,,,开普云(688228.SH),23827,2756307.36,115.68,-186410.06
,,,前沿生物(688221.SH),153409,2914771.00,19,68637.62
,,,明微电子(688699.SH),62285,2954177.55,47.43,108695.96
,,,浩欧博(688656.SH),21123,2915818.92,138.04,57441.80
,,,天能股份(688819.SH),84416,2928391.04,34.69,173482.69
,,,昀冢科技(688260.SH),95662,2836378.30,29.65,-8443.01
,,,浙海德曼(688577.SH),41362,2840742.16,68.68,33678.03
2026-03-12,27664166.40,7746027.24,,,,,
,,,明微电子(688699.SH),62285,2947326.20,47.32,101844.61
,,,开普云(688228.SH),23827,2798481.15,117.45,-144236.27
,,,*ST禾信(688622.SH),35449,2626770.90,74.1,-242321.33
,,,昀冢科技(688260.SH),95662,2887079.16,30.18,42257.85
,,,前沿生物(688221.SH),153409,2893293.74,18.86,47160.36
,,,浙海德曼(688577.SH),41362,2822542.88,68.24,15478.75
,,,浩欧博(688656.SH),21123,2942645.13,139.31,84268.01
2026-03-11,28279271.74,7746027.24,,,,,
,,,开普云(688228.SH),23827,2873297.93,120.59,-69419.49
,,,昀冢科技(688260.SH),95662,2888992.40,30.2,44171.09
,,,浩欧博(688656.SH),21123,3034318.95,143.65,175941.83
,,,浙海德曼(688577.SH),41362,2904026.02,70.21,96961.89
,,,明微电子(688699.SH),62285,3040130.85,48.81,194649.26
,,,*ST禾信(688622.SH),35449,2756514.24,77.76,-112577.99
,,,前沿生物(688221.SH),153409,3035964.11,19.79,189830.73
2026-03-10,28650008.80,10615119.47,,,,,
,,,明微电子(688699.SH),62285,3109267.20,49.92,263785.61
,,,前沿生物(688221.SH),153409,3132611.78,20.42,286478.40
,,,开普云(688228.SH),23827,2905464.38,121.94,-37253.04
,,,浙海德曼(688577.SH),41362,2846119.22,68.81,39055.09
,,,浩欧博(688656.SH),21123,3063468.69,145.03,205091.57
,,,昀冢科技(688260.SH),95662,2977958.06,31.13,133136.75
2026-03-09,27948162.85,10849618.10,,,,,
,,,*ST禾信(688622.SH),33966,2625571.80,77.3,-166047.86
,,,明微电子(688699.SH),62285,2944834.80,47.28,99353.21
,,,前沿生物(688221.SH),153409,2948520.98,19.22,102387.60
,,,昀冢科技(688260.SH),95662,2805766.46,29.33,-39054.85
,,,浩欧博(688656.SH),21123,2912228.01,137.87,53850.89
,,,开普云(688228.SH),23827,2861622.70,120.1,-81094.72
2026-03-06,28838794.75,11361053.41,,,,,
,,,明微电子(688699.SH),62285,2939229.15,47.19,93747.56
,,,开普云(688228.SH),23827,2805390.98,117.74,-137326.44
,,,*ST航图(688066.SH),115019,2849020.63,24.77,-10012.97
,,,浩欧博(688656.SH),21123,2938209.30,139.1,79832.18
,,,前沿生物(688221.SH),153409,3071248.18,20.02,225114.80
,,,昀冢科技(688260.SH),95662,2874643.10,30.05,29821.79
2026-03-05,28549870.55,11361053.41,,,,,
,,,明微电子(688699.SH),62285,2937360.60,47.16,91879.01
,,,昀冢科技(688260.SH),95662,2877512.96,30.08,32691.65
,,,*ST航图(688066.SH),115019,2794961.70,24.3,-64071.90
,,,前沿生物(688221.SH),153409,2899430.10,18.9,53296.72
,,,浩欧博(688656.SH),21123,2891316.24,136.88,32939.12
,,,开普云(688228.SH),23827,2788235.54,117.02,-154481.88
2026-03-04,28397912.90,17078464.12,,,,,
,,,开普云(688228.SH),23827,2814683.51,118.13,-128033.91
,,,明微电子(688699.SH),62285,2828984.70,45.42,-16496.89
,,,昀冢科技(688260.SH),95662,2839248.16,29.68,-5573.15
,,,前沿生物(688221.SH),153409,2836532.41,18.49,-9600.97
2026-03-03,28577928.33,17634696.88,,,,,
,,,开普云(688228.SH),23827,2814206.97,118.11,-128510.45
,,,浙海德曼(688577.SH),38725,2629427.50,67.9,-312680.58
,,,金迪克(688670.SH),148601,2731286.38,18.38,-229697.90
,,,*ST航图(688066.SH),114393,2768310.60,24.2,-173766.79
2026-03-02,29267473.59,17634696.88,,,,,
,,,金迪克(688670.SH),148601,2813016.93,18.93,-147967.35
,,,开普云(688228.SH),23827,3013877.23,126.49,71159.81
,,,浙海德曼(688577.SH),38725,2763028.75,71.35,-179079.33
,,,*ST航图(688066.SH),114393,3042853.80,26.6,100776.41
2026-02-27,29421570.96,17634696.88,,,,,
,,,金迪克(688670.SH),148601,2952701.87,19.87,-8282.41
,,,浙海德曼(688577.SH),38725,2857905.00,73.8,-84203.08
,,,开普云(688228.SH),23827,3050094.27,128.01,107376.85
,,,*ST航图(688066.SH),114393,2926172.94,25.58,-15904.45
2026-02-26,29443492.17,20576804.95,,,,,
,,,*ST航图(688066.SH),114393,2865544.65,25.05,-76532.74
,,,开普云(688228.SH),23827,3110853.12,130.56,168135.70
,,,金迪克(688670.SH),148601,2890289.45,19.45,-70694.83
2026-02-25,29426189.71,26461599.76,,,,,
,,,金迪克(688670.SH),148601,2964589.95,19.95,3605.67
2026-02-24,29411329.61,26461599.76,,,,,
,,,金迪克(688670.SH),148601,2949729.85,19.85,-11254.43
2026-02-13,29389039.46,26461599.76,,,,,
,,,金迪克(688670.SH),148601,2927439.70,19.7,-33544.58
2026-02-12,29431659.30,22140280.51,,,,,
,,,龙芯中科(688047.SH),9921,1597281.00,161,97951.18
,,,*ST航图(688066.SH),116194,2750311.98,23.67,-241579.23
,,,金迪克(688670.SH),148601,2943785.81,19.81,-17198.47
2026-02-11,29482270.65,19391956.81,,,,,
,,,*ST航图(688066.SH),116194,2827000.02,24.33,-164891.19
,,,金迪克(688670.SH),148601,2980936.06,20.06,19951.78
,,,开普云(688228.SH),17452,2724780.76,156.13,-248884.75
,,,龙芯中科(688047.SH),9921,1557597.00,157,58267.18
2026-02-10,29710258.08,19391956.81,,,,,
,,,金迪克(688670.SH),148601,2973506.01,20.01,12521.73
,,,开普云(688228.SH),17452,2895635.84,165.92,-78029.67
,,,*ST航图(688066.SH),116194,2872315.68,24.72,-119575.53
,,,龙芯中科(688047.SH),9921,1576843.74,158.94,77513.92
2026-02-09,29968633.32,19391956.81,,,,,
,,,龙芯中科(688047.SH),9921,1613650.65,162.65,114320.83
,,,金迪克(688670.SH),148601,3037404.44,20.44,76420.16
,,,*ST航图(688066.SH),116194,2945517.90,25.35,-46373.31
,,,开普云(688228.SH),17452,2980103.52,170.76,6438.01
2026-02-06,29608654.95,14712551.15,,,,,
,,,圣诺生物(688117.SH),70128,2723771.52,38.84,-172852.04
,,,开普云(688228.SH),17452,2870854.00,164.5,-102811.51
,,,*ST航图(688066.SH),116194,2744502.28,23.62,-247388.93
,,,龙芯中科(688047.SH),9921,1569502.20,158.2,70172.38
,,,金迪克(688670.SH),148601,3031460.40,20.4,70476.12
,,,*ST禾信(688622.SH),15851,1956013.40,123.4,494366.45
2026-02-05,29724897.28,11932984.31,,,,,
,,,开普云(688228.SH),17452,2995635.80,171.65,21970.29
,,,中国电研(688128.SH),95112,2806755.12,29.51,-215231.70
,,,*ST航图(688066.SH),116194,2801437.34,24.11,-190453.87
,,,金迪克(688670.SH),148601,2976478.03,20.03,15493.75
,,,龙芯中科(688047.SH),9921,1530611.88,154.28,31282.06
,,,*ST禾信(688622.SH),15851,1898315.76,119.76,436668.81
,,,圣诺生物(688117.SH),70128,2782679.04,39.68,-113944.52
2026-02-04,29843830.06,14906649.82,,,,,
,,,金迪克(688670.SH),148601,2989852.12,20.12,28867.84
,,,中国电研(688128.SH),95112,2864773.44,30.12,-157213.38
,,,*ST禾信(688622.SH),15851,1839984.08,116.08,378337.13
,,,*ST航图(688066.SH),116194,2962947.00,25.5,-28944.21
,,,圣诺生物(688117.SH),70128,2727979.20,38.9,-168644.36
,,,龙芯中科(688047.SH),9921,1551644.40,156.4,52314.58
2026-02-03,29887330.64,16081572.12,,,,,
,,,龙芯中科(688047.SH),9921,1633988.70,164.7,134658.88
,,,金迪克(688670.SH),148601,3003226.21,20.21,42241.93
,,,圣诺生物(688117.SH),70128,2741303.52,39.09,-155320.04
,,,中国电研(688128.SH),95112,2881893.60,30.3,-140093.22
,,,*ST禾信(688622.SH),31703,3545346.49,111.83,621960.39
2026-02-02,29481741.23,19042556.41,,,,,
,,,*ST禾信(688622.SH),31703,3325644.70,104.9,402258.60
,,,中国电研(688128.SH),95112,2819119.68,29.64,-202867.14
,,,圣诺生物(688117.SH),70128,2709044.64,38.63,-187578.92
,,,龙芯中科(688047.SH),9921,1585375.80,159.8,86045.98
2026-01-30,29311507.19,19267169.88,,,,,
,,,圣诺生物(688117.SH),70128,2733589.44,38.98,-163034.12
,,,中国电研(688128.SH),95112,2890453.68,30.39,-131533.14
,,,近岸蛋白(688137.SH),62246,2760610.10,44.35,-202253.16
,,,龙芯中科(688047.SH),9921,1659684.09,167.29,160354.27
2026-01-29,29384093.54,19267169.88,,,,,
,,,龙芯中科(688047.SH),9921,1667521.68,168.08,168191.86
,,,圣诺生物(688117.SH),70128,2743407.36,39.12,-153216.20
,,,近岸蛋白(688137.SH),62246,2824101.02,45.37,-138762.24
,,,中国电研(688128.SH),95112,2881893.60,30.3,-140093.22
2026-01-28,29618113.53,16453117.70,,,,,
,,,中国电研(688128.SH),95112,2957032.08,31.09,-64954.74
,,,龙芯中科(688047.SH),9921,1726055.58,173.98,226725.76
,,,思林杰(688115.SH),61943,2826459.09,45.63,-221939.26
,,,圣诺生物(688117.SH),70128,2756030.40,39.3,-140593.16
,,,近岸蛋白(688137.SH),62246,2899418.68,46.58,-63444.58
2026-01-27,29976993.32,13903045.62,,,,,
,,,近岸蛋白(688137.SH),62246,3081177.00,49.5,118313.74
,,,思林杰(688115.SH),61943,2887163.23,46.61,-161235.12
,,,苑东生物(688513.SH),44965,2533777.75,56.35,-209989.27
,,,中国电研(688128.SH),95112,3001734.72,31.56,-20252.10
,,,龙芯中科(688047.SH),9921,1802844.12,181.72,303514.30
,,,圣诺生物(688117.SH),70128,2767250.88,39.46,-129372.68
2026-01-26,30339282.40,13903045.62,,,,,
,,,苑东生物(688513.SH),44965,2634049.70,58.58,-109717.32
,,,近岸蛋白(688137.SH),62246,3311487.20,53.2,348623.94
,,,中国电研(688128.SH),95112,3030268.32,31.86,8281.50
,,,思林杰(688115.SH),61943,2913798.72,47.04,-134599.63
,,,龙芯中科(688047.SH),9921,1763953.80,177.8,264623.98
,,,圣诺生物(688117.SH),70128,2782679.04,39.68,-113944.52
2026-01-23,30549086.35,16951443.97,,,,,
,,,圣诺生物(688117.SH),70128,2854910.88,40.71,-41712.68
,,,近岸蛋白(688137.SH),62246,3112300.00,50,149436.74
,,,苑东生物(688513.SH),44965,2634049.70,58.58,-109717.32
,,,中国电研(688128.SH),95112,3081628.80,32.4,59641.98
,,,龙芯中科(688047.SH),9921,1914753.00,193,415423.18
2026-01-22,30410064.99,16951443.97,,,,,
,,,近岸蛋白(688137.SH),62246,3062503.20,49.2,99639.94
,,,中国电研(688128.SH),95112,3029317.20,31.85,7330.38
,,,苑东生物(688513.SH),44965,2598977.00,57.8,-144790.02
,,,圣诺生物(688117.SH),70128,2849300.64,40.63,-47322.92
,,,龙芯中科(688047.SH),9921,1918522.98,193.38,419193.16
2026-01-21,30113659.85,13834601.85,,,,,
,,,中复神鹰(688295.SH),34220,1163137.80,33.99,241531.02
,,,中国电研(688128.SH),95112,3068313.12,32.26,46326.30
,,,圣诺生物(688117.SH),70128,2858417.28,40.76,-38206.28
,,,苑东生物(688513.SH),44965,2627754.60,58.44,-116012.42
,,,近岸蛋白(688137.SH),62246,3035114.96,48.76,72251.70
,,,龙芯中科(688047.SH),19842,3526320.24,177.72,527660.60
2026-01-20,29355349.88,11075900.48,,,,,
,,,百济神州(688235.SH),9644,2772457.12,287.48,-249289.59
,,,圣诺生物(688117.SH),70128,2846495.52,40.59,-50128.04
,,,中国电研(688128.SH),95112,3092091.12,32.51,70104.30
,,,苑东生物(688513.SH),44965,2640344.80,58.72,-103422.22
,,,龙芯中科(688047.SH),19842,2938600.20,148.1,-60059.44
,,,中复神鹰(688295.SH),34220,1136104.00,33.2,214497.22
,,,近岸蛋白(688137.SH),62246,2853356.64,45.84,-109506.62
2026-01-19,29558061.48,11075900.48,,,,,
,,,中国电研(688128.SH),95112,3128233.68,32.89,106246.86
,,,龙芯中科(688047.SH),19842,2910821.40,146.7,-87838.24
,,,近岸蛋白(688137.SH),62246,2855224.02,45.87,-107639.24
,,,中复神鹰(688295.SH),34220,1171350.60,34.23,249743.82
,,,苑东生物(688513.SH),44965,2652035.70,58.98,-91731.32
,,,百济神州(688235.SH),9644,2840158.00,294.5,-181588.71
,,,圣诺生物(688117.SH),70128,2924337.60,41.7,27714.04
2026-01-16,29671960.87,11034823.80,,,,,
,,,百济神州(688235.SH),9644,2961672.40,307.1,-60074.31
,,,奕瑞科技(688301.SH),25685,2993586.75,116.55,394978.21
,,,圣诺生物(688117.SH),70128,2990257.92,42.64,93634.36
,,,苑东生物(688513.SH),44965,2652935.00,59,-90832.02
,,,中国电研(688128.SH),95112,2996979.12,31.51,-25007.70
,,,龙芯中科(688047.SH),19842,2877883.68,145.04,-120775.96
,,,中复神鹰(688295.SH),34220,1163822.20,34.01,242215.42
2026-01-15,29747722.22,11034823.80,,,,,
,,,中国电研(688128.SH),95112,2963689.92,31.16,-58296.90
,,,百济神州(688235.SH),9644,2960708.00,307,-61038.71
,,,龙芯中科(688047.SH),19842,3024912.90,152.45,26253.26
,,,奕瑞科技(688301.SH),25685,2861822.70,111.42,263214.16
,,,苑东生物(688513.SH),44965,2677216.10,59.54,-66550.92
,,,圣诺生物(688117.SH),70128,3117189.60,44.45,220566.04
,,,中复神鹰(688295.SH),34220,1107359.20,32.36,185752.42
2026-01-14,29988958.70,11034823.80,,,,,
,,,中国电研(688128.SH),95112,2927547.36,30.78,-94439.46
,,,中复神鹰(688295.SH),34220,1117283.00,32.65,195676.22
,,,百济神州(688235.SH),9644,2970352.00,308,-51394.71
,,,龙芯中科(688047.SH),19842,3251111.70,163.85,252452.06
,,,圣诺生物(688117.SH),70128,3140331.84,44.78,243708.28
,,,苑东生物(688513.SH),44965,2661028.70,59.18,-82738.32
,,,奕瑞科技(688301.SH),25685,2886480.30,112.38,287871.76
2026-01-13,29994344.80,11174269.01,,,,,
,,,百济神州(688235.SH),9644,2997355.20,310.8,-24391.51
,,,圣诺生物(688117.SH),70128,3232900.80,46.1,336277.24
,,,中国电研(688128.SH),95112,2954178.72,31.06,-67808.10
,,,佳华科技(688051.SH),69628,2864495.92,41.14,308852.54
,,,中复神鹰(688295.SH),34220,1120020.60,32.73,198413.82
,,,奕瑞科技(688301.SH),25685,2877233.70,112.02,278625.16
,,,苑东生物(688513.SH),44965,2773890.85,61.69,30123.83
2026-01-12,30183053.28,14196015.72,,,,,
,,,圣诺生物(688117.SH),70128,3096151.20,44.15,199527.64
,,,佳华科技(688051.SH),69628,2969634.20,42.65,413990.82
,,,中复神鹰(688295.SH),34220,1210019.20,35.36,288412.42
,,,奕瑞科技(688301.SH),25685,2878261.10,112.06,279652.56
,,,中国电研(688128.SH),95112,3022659.36,31.78,672.54
,,,苑东生物(688513.SH),44965,2810312.50,62.5,66545.48
2026-01-09,30102905.81,10849179.42,,,,,
,,,华秦科技(688281.SH),38180,3536613.40,92.63,1013997.59
,,,佳华科技(688051.SH),69628,2846392.64,40.88,290749.26
,,,奕瑞科技(688301.SH),25685,2879545.35,112.11,280936.81
,,,中复神鹰(688295.SH),34220,1123442.60,32.83,201835.82
,,,圣诺生物(688117.SH),70128,3110878.08,44.36,214254.52
,,,苑东生物(688513.SH),44965,2903839.70,64.58,160072.68
,,,华依科技(688071.SH),81538,2853014.62,34.99,330963.03
2026-01-08,29159929.30,10849179.42,,,,,
,,,中复神鹰(688295.SH),34220,1131997.60,33.08,210390.82
,,,佳华科技(688051.SH),69628,2820630.28,40.51,264986.90
,,,奕瑞科技(688301.SH),25685,2799665.00,109,201056.46
,,,苑东生物(688513.SH),44965,2860673.30,63.62,116906.28
,,,华依科技(688071.SH),81538,2817137.90,34.55,295086.31
,,,圣诺生物(688117.SH),70128,2906805.60,41.45,10182.04
,,,华秦科技(688281.SH),38180,2973840.20,77.89,451224.39
2026-01-07,28845833.84,13745802.98,,,,,
,,,华依科技(688071.SH),81538,2834260.88,34.76,312209.29
,,,佳华科技(688051.SH),69628,2820630.28,40.51,264986.90
,,,中复神鹰(688295.SH),34220,1101884.00,32.2,180277.22
,,,苑东生物(688513.SH),44965,2688907.00,59.8,-54860.02
,,,奕瑞科技(688301.SH),25685,2781685.50,108.3,183076.96
,,,华秦科技(688281.SH),38180,2872663.20,75.24,350047.39
2026-01-06,28921852.68,13745802.98,,,,,
,,,苑东生物(688513.SH),44965,2689806.30,59.82,-53960.72
,,,中复神鹰(688295.SH),34220,1107017.00,32.35,185410.22
,,,华依科技(688071.SH),81538,2853830.00,35,331778.41
,,,奕瑞科技(688301.SH),25685,2810966.40,109.44,212357.86
,,,华秦科技(688281.SH),38180,2859682.00,74.9,337066.19
,,,佳华科技(688051.SH),69628,2854748.00,41,299104.62
2026-01-05,28851529.39,13745802.98,,,,,
,,,苑东生物(688513.SH),44965,2729375.50,60.7,-14391.52
,,,奕瑞科技(688301.SH),25685,2766017.65,107.69,167409.11
,,,中复神鹰(688295.SH),34220,1124811.40,32.87,203204.62
,,,佳华科技(688051.SH),69628,2879814.08,41.36,324170.70
,,,华秦科技(688281.SH),38180,2808139.00,73.55,285523.19
,,,华依科技(688071.SH),81538,2797568.78,34.31,275517.19
2025-12-31,27977713.23,4088802.17,,,,,
,,,华依科技(688071.SH),81538,2704615.46,33.17,182563.87
,,,苑东生物(688513.SH),44965,2767595.75,61.55,23828.73
,,,亚信安全(688225.SH),136455,2647227.00,19.4,132046.41
,,,佳华科技(688051.SH),69628,2757965.08,39.61,202321.70
,,,国博电子(688375.SH),36202,3370768.22,93.11,845312.29
,,,奕瑞科技(688301.SH),25685,2597010.35,101.11,-1598.19
,,,翔宇医疗(688626.SH),51294,3103287.00,60.5,585126.90
,,,华秦科技(688281.SH),38180,2817684.00,73.8,295068.19
,,,中复神鹰(688295.SH),34220,1122758.20,32.81,201151.42
2025-12-30,27524404.39,4088802.17,,,,,
,,,华依科技(688071.SH),81538,2744569.08,33.66,222517.49
,,,奕瑞科技(688301.SH),25685,2627832.35,102.31,29223.81
,,,中复神鹰(688295.SH),34220,1125838.00,32.9,204231.22
,,,国博电子(688375.SH),36202,3008386.20,83.1,482930.27
,,,翔宇医疗(688626.SH),51294,3067894.14,59.81,549734.04
,,,华秦科技(688281.SH),38180,2813866.00,73.7,291250.19
,,,亚信安全(688225.SH),136455,2551708.50,18.7,36527.91
,,,苑东生物(688513.SH),44965,2720832.15,60.51,-22934.87
,,,佳华科技(688051.SH),69628,2774675.80,39.85,219032.42
2025-12-29,27515793.66,2925372.84,,,,,
,,,翔宇医疗(688626.SH),51294,3039169.50,59.25,521009.40
,,,奕瑞科技(688301.SH),25685,2655572.15,103.39,56963.61
,,,中复神鹰(688295.SH),68441,2333838.10,34.1,490597.60
,,,华秦科技(688281.SH),38180,2823029.20,73.94,300413.39
,,,华依科技(688071.SH),81538,2707876.98,33.21,185825.39
,,,亚信安全(688225.SH),136455,2634946.05,19.31,119765.46
,,,苑东生物(688513.SH),44965,2675417.50,59.5,-68349.52
,,,佳华科技(688051.SH),69628,2771194.40,39.8,215551.02
,,,国博电子(688375.SH),36202,2949376.94,81.47,423921.01
2025-12-26,27446526.48,5669139.86,,,,,
,,,佳华科技(688051.SH),69628,3015588.68,43.31,459945.30
,,,华秦科技(688281.SH),38180,2836392.20,74.29,313776.39
,,,华依科技(688071.SH),81538,2756799.78,33.81,234748.19
,,,亚信安全(688225.SH),136455,2589915.90,18.98,74735.31
,,,奕瑞科技(688301.SH),25685,2645555.00,103,46946.46
,,,中复神鹰(688295.SH),68441,2140834.48,31.28,297593.98
,,,翔宇医疗(688626.SH),51294,2836045.26,55.29,317885.16
,,,国博电子(688375.SH),36202,2956255.32,81.66,430799.39
2025-12-25,26890418.98,2638966.29,,,,,
,,,华秦科技(688281.SH),38180,2686344.80,70.36,163728.99
,,,奕瑞科技(688301.SH),25685,2711565.45,105.57,112956.91
,,,中复神鹰(688295.SH),68441,1901975.39,27.79,58734.89
,,,华依科技(688071.SH),81538,2765768.96,33.92,243717.37
,,,佳华科技(688051.SH),69628,2792779.08,40.11,237135.70
,,,国博电子(688375.SH),36202,2913898.98,80.49,388443.05
,,,亚信安全(688225.SH),136455,2490303.75,18.25,-24876.84
,,,威腾电气(688226.SH),75178,3040950.10,40.45,552861.58
,,,翔宇医疗(688626.SH),51294,2947866.18,57.47,429706.08
2025-12-24,26096140.91,21.86,,,,,
,,,翔宇医疗(688626.SH),51294,2760130.14,53.81,241970.04
,,,威腾电气(688226.SH),75178,2952991.84,39.28,464903.32
,,,航天软件(688562.SH),129281,2669652.65,20.65,247831.91
,,,佳华科技(688051.SH),69628,2668841.24,38.33,113197.86
,,,华秦科技(688281.SH),38180,2661909.60,69.72,139293.79
,,,国博电子(688375.SH),36202,2681482.14,74.07,156026.21
,,,中复神鹰(688295.SH),68441,1895815.70,27.7,52575.20
,,,奕瑞科技(688301.SH),25685,2635537.85,102.61,36929.31
,,,亚信安全(688225.SH),136455,2452096.35,17.97,-63084.24
,,,华依科技(688071.SH),81538,2717661.54,33.33,195609.95
2025-12-23,25707943.75,21.86,,,,,
,,,亚信安全(688225.SH),136455,2438450.85,17.87,-76729.74
,,,华依科技(688071.SH),81538,2643461.96,32.42,121410.37
,,,华秦科技(688281.SH),38180,2519880.00,66,-2735.81
,,,佳华科技(688051.SH),69628,2680678.00,38.5,125034.62
,,,国博电子(688375.SH),36202,2668811.44,73.72,143355.51
,,,翔宇医疗(688626.SH),51294,2737047.84,53.36,218887.74
,,,中复神鹰(688295.SH),68441,1839009.67,26.87,-4230.83
,,,奕瑞科技(688301.SH),25685,2675863.30,104.18,77254.76
,,,威腾电气(688226.SH),75178,2904877.92,38.64,416789.40
,,,航天软件(688562.SH),129281,2599840.91,20.11,178020.17
2025-12-22,26419618.36,1843262.35,,,,,
,,,华依科技(688071.SH),81538,2720107.68,33.36,198056.09
,,,华秦科技(688281.SH),38180,2616093.60,68.52,93477.79
,,,奕瑞科技(688301.SH),25685,2706171.60,105.36,107563.06
,,,威腾电气(688226.SH),75178,2961261.42,39.39,473172.90
,,,佳华科技(688051.SH),69628,2783727.44,39.98,228084.06
,,,航天软件(688562.SH),129281,2754978.11,21.31,333157.37
,,,亚信安全(688225.SH),136455,2475293.70,18.14,-39886.89
,,,翔宇医疗(688626.SH),51294,2738586.66,53.39,220426.56
,,,国博电子(688375.SH),36202,2820135.80,77.9,294679.87
2025-12-19,26313581.74,419105.10,,,,,
,,,*ST禾信(688622.SH),11848,1428868.80,120.6,214029.96
,,,威腾电气(688226.SH),75178,2844735.52,37.84,356647.00
,,,翔宇医疗(688626.SH),51294,2770388.94,54.01,252228.84
,,,亚信安全(688225.SH),136455,2497126.50,18.3,-18054.09
,,,佳华科技(688051.SH),69628,2593643.00,37.25,37999.62
,,,华秦科技(688281.SH),38180,2634801.80,69.01,112185.99
,,,航天软件(688562.SH),129281,2831253.90,21.9,409433.16
,,,华依科技(688071.SH),81538,2636938.92,32.34,114887.33
,,,奕瑞科技(688301.SH),25685,2739562.10,106.66,140953.56
,,,国博电子(688375.SH),36202,2917157.16,80.58,391701.23
2025-12-18,25919447.66,3017713.64,,,,,
,,,华依科技(688071.SH),81538,2598616.06,31.87,76564.47
,,,翔宇医疗(688626.SH),51294,2620610.46,51.09,102450.36
,,,佳华科技(688051.SH),69628,2588072.76,37.17,32429.38
,,,华秦科技(688281.SH),38180,2603876.00,68.2,81260.19
,,,国博电子(688375.SH),36202,2928741.80,80.9,403285.87
,,,*ST禾信(688622.SH),11848,1428868.80,120.6,214029.96
,,,航天软件(688562.SH),129281,2782127.12,21.52,360306.38
,,,亚信安全(688225.SH),136455,2453460.90,17.98,-61719.69
,,,威腾电气(688226.SH),75178,2897360.12,38.54,409271.60
2025-12-17,25764974.22,3017713.64,,,,,
,,,航天软件(688562.SH),129281,2713608.19,20.99,291787.45
,,,威腾电气(688226.SH),75178,3030425.18,40.31,542336.66
,,,亚信安全(688225.SH),136455,2424805.35,17.77,-90375.24
,,,国博电子(688375.SH),36202,2821583.88,77.94,296127.95
,,,华秦科技(688281.SH),38180,2634038.20,68.99,111422.39
,,,华依科技(688071.SH),81538,2565185.48,31.46,43133.89
,,,*ST禾信(688622.SH),11848,1427091.60,120.45,212252.76
,,,翔宇医疗(688626.SH),51294,2591885.82,50.53,73725.72
,,,佳华科技(688051.SH),69628,2538636.88,36.46,-17006.50
2025-12-16,25748656.03,681852.52,,,,,
,,,翔宇医疗(688626.SH),51294,2509302.48,48.92,-8857.62
,,,航天软件(688562.SH),129281,2831253.90,21.9,409433.16
,,,亚信安全(688225.SH),136455,2420711.70,17.74,-94468.89
,,,威腾电气(688226.SH),75178,3034935.86,40.37,546847.34
,,,*ST禾信(688622.SH),11848,1398182.48,118.01,183343.64
,,,佳华科技(688051.SH),69628,2485023.32,35.69,-70620.06
,,,国博电子(688375.SH),36202,2892539.80,79.9,367083.87
,,,华依科技(688071.SH),81538,2541539.46,31.17,19487.87
,,,复洁科技(688335.SH),115051,2371201.11,20.61,-206104.48
,,,华秦科技(688281.SH),38180,2582113.40,67.63,59497.59
2025-12-15,25840614.70,3259158.11,,,,,
,,,华依科技(688071.SH),81538,2490170.52,30.54,-31881.07
,,,航天软件(688562.SH),129281,2945021.18,22.78,523200.44
,,,翔宇医疗(688626.SH),51294,2432874.42,47.43,-85285.68
,,,华秦科技(688281.SH),38180,2583258.80,67.66,60642.99
,,,佳华科技(688051.SH),69628,2538636.88,36.46,-17006.50
,,,国博电子(688375.SH),36202,2798776.62,77.31,273320.69
,,,亚信安全(688225.SH),136455,2468470.95,18.09,-46709.64
,,,*ST禾信(688622.SH),11848,1430646.00,120.75,215807.16
,,,威腾电气(688226.SH),75178,2893601.22,38.49,405512.70
2025-12-12,25656283.99,3537995.39,,,,,
,,,航天软件(688562.SH),129281,2683873.56,20.76,262052.82
,,,*ST禾信(688622.SH),11848,1487871.84,125.58,273033.00
,,,亚信安全(688225.SH),136455,2488939.20,18.24,-26241.39
,,,翔宇医疗(688626.SH),51294,2451853.20,47.8,-66306.90
,,,华依科技(688071.SH),81538,2504847.36,30.72,-17204.23
,,,威腾电气(688226.SH),75178,2844735.52,37.84,356647.00
,,,国博电子(688375.SH),36202,2780313.60,76.8,254857.67
,,,昀冢科技(688260.SH),72796,2287250.32,31.42,-180374.39
,,,华秦科技(688281.SH),38180,2588604.00,67.8,65988.19
2025-12-11,25226448.79,8582662.79,,,,,
,,,航天软件(688562.SH),129281,2634746.78,20.38,212926.04
,,,*ST禾信(688622.SH),11848,1404817.36,118.57,189978.52
,,,翔宇医疗(688626.SH),51294,2433900.30,47.45,-84259.80
,,,昀冢科技(688260.SH),72796,2296713.80,31.55,-170910.91
,,,亚信安全(688225.SH),136455,2417982.60,17.72,-97197.99
,,,威腾电气(688226.SH),75178,2834962.38,37.71,346873.86
,,,国博电子(688375.SH),36202,2620662.78,72.39,95206.85
2025-12-10,25218358.31,11108118.72,,,,,
,,,昀冢科技(688260.SH),72796,2365870.00,32.5,-101754.71
,,,*ST禾信(688622.SH),11848,1327212.96,112.02,112374.12
,,,威腾电气(688226.SH),75178,2803387.62,37.29,315299.10
,,,航天软件(688562.SH),129281,2690337.61,20.81,268516.87
,,,翔宇医疗(688626.SH),51294,2467241.40,48.1,-50918.70
,,,亚信安全(688225.SH),136455,2456190.00,18,-58990.59
2025-12-09,25408773.17,8362672.94,,,,,
,,,*ST禾信(688622.SH),11848,1326265.12,111.94,111426.28
,,,益方生物(688382.SH),97402,2745762.38,28.19,306086.56
,,,威腾电气(688226.SH),75178,2866537.14,38.13,378448.62
,,,亚信安全(688225.SH),136455,2482116.45,18.19,-33064.14
,,,航天软件(688562.SH),129281,2673531.08,20.68,251710.34
,,,翔宇医疗(688626.SH),51294,2496478.98,48.67,-21681.12
,,,昀冢科技(688260.SH),72796,2455409.08,33.73,-12215.63
2025-12-08,25633849.06,8362672.94,,,,,
,,,威腾电气(688226.SH),75178,2764295.06,36.77,276206.54
,,,翔宇医疗(688626.SH),51294,2552389.44,49.76,34229.34
,,,航天软件(688562.SH),129281,2734293.15,21.15,312472.41
,,,昀冢科技(688260.SH),72796,2528205.08,34.73,60580.37
,,,益方生物(688382.SH),97402,2829528.10,29.05,389852.28
,,,亚信安全(688225.SH),136455,2520323.85,18.47,5143.26
,,,*ST禾信(688622.SH),11848,1342141.44,113.28,127302.60
2025-12-05,25179931.47,3143972.17,,,,,
,,,*ST航图(688066.SH),97804,2875437.60,29.4,455101.40
,,,航天软件(688562.SH),129281,2722657.86,21.06,300837.12
,,,益方生物(688382.SH),97402,2735048.16,28.08,295372.34
,,,*ST禾信(688622.SH),11848,1311810.56,110.72,96971.72
,,,亚信安全(688225.SH),136455,2521688.40,18.48,6507.81
,,,翔宇医疗(688626.SH),51294,2523664.80,49.2,5504.70
,,,威腾电气(688226.SH),75178,2437270.76,32.42,-50817.76
,,,*ST清越(688496.SH),354471,2424581.64,6.84,8633.47
,,,昀冢科技(688260.SH),72796,2483799.52,34.12,16174.81
2025-12-04,24685903.47,5611596.88,,,,,
,,,*ST航图(688066.SH),97804,2736555.92,27.98,316219.72
,,,*ST禾信(688622.SH),11848,1267736.00,107,52897.16
,,,益方生物(688382.SH),97402,2750632.48,28.24,310956.66
,,,威腾电气(688226.SH),75178,2377128.36,31.62,-110960.16
,,,翔宇医疗(688626.SH),51294,2498017.80,48.7,-20142.30
,,,*ST清越(688496.SH),354471,2399768.67,6.77,-16179.50
,,,航天软件(688562.SH),129281,2586912.81,20.01,165092.07
,,,亚信安全(688225.SH),136455,2457554.55,18.01,-57626.04
2025-12-03,24660635.90,3401317.48,,,,,
,,,*ST航图(688066.SH),97804,2675917.44,27.36,255581.24
,,,航天软件(688562.SH),129281,2527443.55,19.55,105622.81
,,,威腾电气(688226.SH),75178,2419979.82,32.19,-68108.70
,,,*ST禾信(688622.SH),11848,1280768.80,108.1,65929.96
,,,翔宇医疗(688626.SH),51294,2561109.42,49.93,42949.32
,,,赛分科技(688758.SH),113781,2218729.50,19.5,-210381.39
,,,亚信安全(688225.SH),136455,2461648.20,18.04,-53532.39
,,,*ST清越(688496.SH),354471,2484841.71,7.01,68893.54
,,,益方生物(688382.SH),97402,2628879.98,26.99,189204.16
2025-12-02,25083950.80,5916498.07,,,,,
,,,赛分科技(688758.SH),113781,2316581.16,20.36,-112529.73
,,,益方生物(688382.SH),97402,2610373.60,26.8,170697.78
,,,航天软件(688562.SH),129281,2630868.35,20.35,209047.61
,,,翔宇医疗(688626.SH),51294,2535975.36,49.44,17815.26
,,,威腾电气(688226.SH),75178,2441781.44,32.48,-46307.08
,,,*ST禾信(688622.SH),11848,1280768.80,108.1,65929.96
,,,*ST航图(688066.SH),97804,2834359.92,28.98,414023.72
,,,*ST清越(688496.SH),354471,2516744.10,7.1,100795.93
2025-12-01,25237687.70,8434658.17,,,,,
,,,威腾电气(688226.SH),75178,2502675.62,33.29,14587.10
,,,*ST禾信(688622.SH),11848,1297356.00,109.5,82517.16
,,,航天软件(688562.SH),129281,2611476.20,20.2,189655.46
,,,*ST清越(688496.SH),354471,2548646.49,7.19,132698.32
,,,赛分科技(688758.SH),113781,2375747.28,20.88,-53363.61
,,,益方生物(688382.SH),97402,2634724.10,27.05,195048.28
,,,*ST航图(688066.SH),97804,2832403.84,28.96,412067.64
2025-11-28,25389240.74,8434658.17,,,,,
,,,赛分科技(688758.SH),113781,2442878.07,21.47,13767.18
,,,*ST清越(688496.SH),354471,2513199.39,7.09,97251.22
,,,威腾电气(688226.SH),75178,2504930.96,33.32,16842.44
,,,益方生物(688382.SH),97402,2871410.96,29.48,431735.14
,,,*ST航图(688066.SH),97804,2677873.52,27.38,257537.32
,,,航天软件(688562.SH),129281,2563642.23,19.83,141821.49
,,,*ST禾信(688622.SH),11848,1380647.44,116.53,165808.60
2025-11-27,24979299.50,8434658.17,,,,,
,,,赛分科技(688758.SH),113781,2417846.25,21.25,-11264.64
,,,*ST航图(688066.SH),97804,2550728.32,26.08,130392.12
,,,威腾电气(688226.SH),75178,2495909.60,33.2,7821.08
,,,益方生物(688382.SH),97402,2710697.66,27.83,271021.84
,,,*ST清越(688496.SH),354471,2513199.39,7.09,97251.22
,,,*ST禾信(688622.SH),11848,1380528.96,116.52,165690.12
,,,航天软件(688562.SH),129281,2475731.15,19.15,53910.41
2025-11-26,24951056.62,8434658.17,,,,,
,,,益方生物(688382.SH),97402,2742840.32,28.16,303164.50
,,,*ST航图(688066.SH),97804,2485199.64,25.41,64863.44
,,,威腾电气(688226.SH),75178,2465086.62,32.79,-23001.90
,,,赛分科技(688758.SH),113781,2469047.70,21.7,39936.81
,,,*ST禾信(688622.SH),11848,1418798.00,119.75,203959.16
,,,*ST清越(688496.SH),354471,2463573.45,6.95,47625.28
,,,航天软件(688562.SH),129281,2471852.72,19.12,50031.98
2025-11-25,24815163.02,9410022.45,,,,,
,,,赛分科技(688758.SH),113781,2299514.01,20.21,-129596.88
,,,*ST清越(688496.SH),354471,2506109.97,7.07,90161.80
,,,航天软件(688562.SH),129281,2449874.95,18.95,28054.21
,,,*ST航图(688066.SH),97804,2525299.28,25.82,104963.08
,,,益方生物(688382.SH),97402,2639594.20,27.1,199918.38
,,,*ST禾信(688622.SH),23696,2984748.16,125.96,555070.47
2025-11-24,24026335.85,11831843.19,,,,,
,,,益方生物(688382.SH),97402,2573360.84,26.42,133685.02
,,,*ST清越(688496.SH),354471,2452939.32,6.92,36991.15
,,,*ST禾信(688622.SH),23696,2487369.12,104.97,57691.43
,,,赛分科技(688758.SH),113781,2318856.78,20.38,-110254.11
,,,*ST航图(688066.SH),97804,2361966.60,24.15,-58369.60
2025-11-21,24055023.64,9637347.22,,,,,
,,,*ST航图(688066.SH),97804,2238733.56,22.89,-181602.64
,,,益方生物(688382.SH),97402,2480828.94,25.47,41153.12
,,,*ST禾信(688622.SH),23696,2786649.60,117.6,356971.91
,,,百奥泰(688177.SH),90162,2212575.48,24.54,-229206.43
,,,赛分科技(688758.SH),113781,2309754.30,20.3,-119356.59
,,,*ST清越(688496.SH),354471,2389134.54,6.74,-26813.63
2025-11-20,24168587.76,7448218.64,,,,,
,,,松井股份(688157.SH),74277,2208997.98,29.74,-211302.65
,,,*ST航图(688066.SH),97804,2321866.96,23.74,-98469.24
,,,*ST禾信(688622.SH),23696,2322208.00,98,-107469.69
,,,益方生物(688382.SH),97402,2617191.74,26.87,177515.92
,,,百奥泰(688177.SH),90162,2289213.18,25.39,-152568.73
,,,赛分科技(688758.SH),113781,2440602.45,21.45,11491.56
,,,*ST清越(688496.SH),354471,2520288.81,7.11,104340.64
2025-11-19,24259346.03,12307007.21,,,,,
,,,松井股份(688157.SH),74277,2278075.59,30.67,-142225.04
,,,*ST清越(688496.SH),354471,2513199.39,7.09,97251.22
,,,*ST航图(688066.SH),97804,2329691.28,23.82,-90644.92
,,,益方生物(688382.SH),97402,2553880.44,26.22,114204.62
,,,百奥泰(688177.SH),90162,2277492.12,25.26,-164289.79
2025-11-18,24541018.51,12307007.21,,,,,
,,,*ST清越(688496.SH),354471,2573459.46,7.26,157511.29
,,,松井股份(688157.SH),74277,2387262.78,32.14,-33037.85
,,,百奥泰(688177.SH),90162,2349621.72,26.06,-92160.19
,,,益方生物(688382.SH),97402,2554854.46,26.23,115178.64
,,,*ST航图(688066.SH),97804,2368812.88,24.22,-51523.32
2025-11-17,24792592.62,12307007.21,,,,,
,,,松井股份(688157.SH),74277,2470453.02,33.26,50152.39
,,,百奥泰(688177.SH),90162,2356834.68,26.14,-84947.23
,,,益方生物(688382.SH),97402,2630828.02,27.01,191152.20
,,,*ST航图(688066.SH),97804,2379571.32,24.33,-40764.88
,,,*ST清越(688496.SH),354471,2647898.37,7.47,231950.20
2025-11-14,24815390.79,12307007.21,,,,,
,,,松井股份(688157.SH),74277,2460054.24,33.12,39753.61
,,,益方生物(688382.SH),97402,2727256.00,28,287580.18
,,,*ST航图(688066.SH),97804,2376637.20,24.3,-43699.00
,,,百奥泰(688177.SH),90162,2406423.78,26.69,-35358.13
,,,*ST清越(688496.SH),354471,2538012.36,7.16,122064.19
2025-11-13,24939622.62,9943712.40,,,,,
,,,益方生物(688382.SH),97402,2822709.96,28.98,383034.14
,,,松井股份(688157.SH),74277,2471195.79,33.27,50895.16
,,,*ST清越(688496.SH),354471,2467118.16,6.96,51169.99
,,,唯捷创芯(688153.SH),69169,2388405.57,34.53,-10347.73
,,,百奥泰(688177.SH),90162,2408227.02,26.71,-33554.89
,,,*ST航图(688066.SH),97804,2438253.72,24.93,17917.52
2025-11-12,24592000.48,8410993.67,,,,,
,,,*ST清越(688496.SH),354471,2431671.06,6.86,15722.89
,,,*ST航图(688066.SH),97804,2445100.00,25,24763.80
,,,ST南新(688189.SH),153472,1505560.32,9.81,313415.97
,,,唯捷创芯(688153.SH),69169,2383563.74,34.46,-15189.56
,,,百奥泰(688177.SH),90162,2370358.98,26.29,-71422.93
,,,益方生物(688382.SH),97402,2561672.60,26.3,121996.78
,,,松井股份(688157.SH),74277,2483080.11,33.43,62779.48
2025-11-11,24771716.73,6879804.60,,,,,
,,,ST南新(688189.SH),306944,3103203.84,10.11,718915.14
,,,唯捷创芯(688153.SH),69169,2423681.76,35.04,24928.46
,,,百奥泰(688177.SH),90162,2349621.72,26.06,-92160.19
,,,*ST清越(688496.SH),354471,2463573.45,6.95,47625.28
,,,*ST航图(688066.SH),97804,2477375.32,25.33,57039.12
,,,益方生物(688382.SH),97402,2517841.70,25.85,78165.88
,,,松井股份(688157.SH),74277,2556614.34,34.42,136313.71
2025-11-10,24642438.01,6879804.60,,,,,
,,,*ST清越(688496.SH),354471,2438760.48,6.88,22812.31
,,,百奥泰(688177.SH),90162,2353228.20,26.1,-88553.71
,,,松井股份(688157.SH),74277,2503134.90,33.7,82834.27
,,,ST南新(688189.SH),306944,2949731.84,9.61,565443.14
,,,唯捷创芯(688153.SH),69169,2465874.85,35.65,67121.55
,,,益方生物(688382.SH),97402,2527581.90,25.95,87906.08
,,,*ST航图(688066.SH),97804,2524321.24,25.81,103985.04
2025-11-07,24176705.76,6722264.80,,,,,
,,,*ST清越(688496.SH),354471,2403313.38,6.78,-12634.79
,,,唯捷创芯(688153.SH),69169,2426448.52,35.08,27695.22
,,,ST南新(688189.SH),306944,2780912.64,9.06,396623.94
,,,松井股份(688157.SH),74277,2503134.90,33.7,82834.27
,,,百奥泰(688177.SH),90162,2344212.00,26,-97569.91
,,,*ST航图(688066.SH),97804,2452924.32,25.08,32588.12
,,,工大高科(688367.SH),113296,2543495.20,22.45,72502.52
2025-11-06,24192581.54,9142601.01,,,,,
,,,百奥泰(688177.SH),90162,2382080.04,26.42,-59701.87
,,,工大高科(688367.SH),113296,2563888.48,22.63,92895.80
,,,ST南新(688189.SH),306944,2774773.76,9.04,390485.06
,,,松井股份(688157.SH),74277,2480109.03,33.39,59808.40
,,,*ST清越(688496.SH),354471,2403313.38,6.78,-12634.79
,,,唯捷创芯(688153.SH),69169,2445815.84,35.36,47062.54
2025-11-05,24163886.55,11558549.18,,,,,
,,,松井股份(688157.SH),74277,2426629.59,32.67,6328.96
,,,百奥泰(688177.SH),90162,2380276.80,26.4,-61505.11
,,,工大高科(688367.SH),113296,2524234.88,22.28,53242.20
,,,ST南新(688189.SH),306944,2799329.28,9.12,415040.58
,,,唯捷创芯(688153.SH),69169,2474866.82,35.78,76113.52
2025-11-04,24319060.61,11742586.36,,,,,
,,,胜科纳米(688757.SH),79030,2253935.60,28.52,-167569.63
,,,百奥泰(688177.SH),90162,2392899.48,26.54,-48882.43
,,,ST南新(688189.SH),306944,2823884.80,9.2,439596.10
,,,唯捷创芯(688153.SH),69169,2510143.01,36.29,111389.71
,,,工大高科(688367.SH),113296,2595611.36,22.91,124618.68
2025-11-03,24443461.94,14184368.27,,,,,
,,,胜科纳米(688757.SH),79030,2291870.00,29,-129635.23
,,,唯捷创芯(688153.SH),69169,2522593.43,36.47,123840.13
,,,ST南新(688189.SH),306944,2885273.60,9.4,500984.90
,,,工大高科(688367.SH),113296,2559356.64,22.59,88363.96
2025-10-31,24477673.16,14184368.27,,,,,
,,,胜科纳米(688757.SH),79030,2343239.50,29.65,-78265.73
,,,唯捷创芯(688153.SH),69169,2586228.91,37.39,187475.61
,,,ST南新(688189.SH),306944,2814676.48,9.17,430387.78
,,,工大高科(688367.SH),113296,2549160.00,22.5,78167.32
2025-10-30,24226471.44,14184368.27,,,,,
,,,工大高科(688367.SH),113296,2481182.40,21.9,10189.72
,,,唯捷创芯(688153.SH),69169,2598679.33,37.57,199926.03
,,,胜科纳米(688757.SH),79030,2396189.60,30.32,-25315.63
,,,ST南新(688189.SH),306944,2566051.84,8.36,181763.14
2025-10-29,24429156.69,14184368.27,,,,,
,,,工大高科(688367.SH),113296,2535564.48,22.38,64571.80
,,,ST南新(688189.SH),306944,2612093.44,8.51,227804.74
,,,唯捷创芯(688153.SH),69169,2663006.50,38.5,264253.20
,,,胜科纳米(688757.SH),79030,2434124.00,30.8,12618.77
2025-10-28,24232512.09,16605873.50,,,,,
,,,唯捷创芯(688153.SH),69169,2591762.43,37.47,193009.13
,,,工大高科(688367.SH),113296,2438129.92,21.52,-32862.76
,,,ST南新(688189.SH),306944,2596746.24,8.46,212457.54
2025-10-27,24219908.33,16605873.50,,,,,
,,,唯捷创芯(688153.SH),69169,2486625.55,35.95,87872.25
,,,ST南新(688189.SH),306944,2621301.76,8.54,237013.06
,,,工大高科(688367.SH),113296,2506107.52,22.12,35114.84
2025-10-24,24123505.86,16605873.50,,,,,
,,,唯捷创芯(688153.SH),69169,2448582.60,35.4,49829.30
,,,ST南新(688189.SH),306944,2584468.48,8.42,200179.78
,,,工大高科(688367.SH),113296,2484581.28,21.93,13588.60
2025-10-23,23956992.20,16605873.50,,,,,
,,,工大高科(688367.SH),113296,2398476.32,21.17,-72516.36
,,,ST南新(688189.SH),306944,2596746.24,8.46,212457.54
,,,唯捷创芯(688153.SH),69169,2355896.14,34.06,-42857.16
2025-10-22,24087215.77,16605873.50,,,,,
,,,ST南新(688189.SH),306944,2633579.52,8.58,249290.82
,,,工大高科(688367.SH),113296,2410938.88,21.28,-60053.80
,,,唯捷创芯(688153.SH),69169,2436823.87,35.23,38070.57
2025-10-21,23997643.51,15291013.26,,,,,
,,,兴福电子(688545.SH),35273,1311097.41,37.17,130622.37
,,,工大高科(688367.SH),113296,2460789.12,21.72,-10203.56
,,,ST南新(688189.SH),306944,2541496.32,8.28,157207.62
,,,唯捷创芯(688153.SH),69169,2393247.40,34.6,-5505.90
2025-10-20,23869411.63,15291013.26,,,,,
,,,兴福电子(688545.SH),35273,1234555.00,35,54079.96
,,,工大高科(688367.SH),113296,2451725.44,21.64,-19267.24
,,,ST南新(688189.SH),306944,2523079.68,8.22,138790.98
,,,唯捷创芯(688153.SH),69169,2369038.25,34.25,-29715.05
2025-10-17,23759591.27,14097910.02,,,,,
,,,兴福电子(688545.SH),35273,1209158.44,34.28,28683.40
,,,ST南新(688189.SH),306944,2440204.80,7.95,55916.10
,,,先锋精科(688605.SH),18096,1181668.80,65.3,727.60
,,,唯捷创芯(688153.SH),69169,2429906.97,35.13,31153.67
,,,工大高科(688367.SH),113296,2400742.24,21.19,-70250.44
2025-10-16,24011312.27,14097910.02,,,,,
,,,先锋精科(688605.SH),18096,1243014.24,68.69,62073.04
,,,工大高科(688367.SH),113296,2499309.76,22.06,28317.08
,,,兴福电子(688545.SH),35273,1281468.09,36.33,100993.05
,,,唯捷创芯(688153.SH),69169,2384947.12,34.48,-13806.18
,,,ST南新(688189.SH),306944,2504663.04,8.16,120374.34
2025-10-15,23987761.25,14097910.02,,,,,
,,,先锋精科(688605.SH),18096,1292235.36,71.41,111294.16
,,,工大高科(688367.SH),113296,2426800.32,21.42,-44192.36
,,,唯捷创芯(688153.SH),69169,2355896.14,34.06,-42857.16
,,,ST南新(688189.SH),306944,2529218.56,8.24,144929.86
,,,兴福电子(688545.SH),35273,1285700.85,36.45,105225.81
2025-10-14,23964382.77,16496663.32,,,,,
,,,工大高科(688367.SH),113296,2473251.68,21.83,2259.00
,,,先锋精科(688605.SH),18096,1318836.48,72.88,137895.28
,,,ST南新(688189.SH),306944,2394163.20,7.8,9874.50
,,,兴福电子(688545.SH),35273,1281468.09,36.33,100993.05
2025-10-13,24286024.25,15003172.65,,,,,
,,,ST南新(688189.SH),306944,2446343.68,7.97,62054.98
,,,先锋精科(688605.SH),36193,2928737.56,80.92,566789.91
,,,兴福电子(688545.SH),35273,1386934.36,39.32,206459.32
,,,工大高科(688367.SH),113296,2520836.00,22.25,49843.32
2025-10-10,24504389.00,10897591.71,,,,,
,,,博瑞医药(688166.SH),39480,2236147.20,56.64,-197458.70
,,,兴福电子(688545.SH),35273,1384112.52,39.24,203637.48
,,,耐科装备(688419.SH),76289,2311556.70,30.3,-180421.70
,,,先锋精科(688605.SH),36193,2928737.56,80.92,566789.91
,,,工大高科(688367.SH),113296,2425667.36,21.41,-45325.32
,,,胜科纳米(688757.SH),75515,2320575.95,30.73,-40912.42
2025-10-09,24777667.73,13368584.39,,,,,
,,,胜科纳米(688757.SH),75515,2456502.95,32.53,95014.58
,,,博瑞医药(688166.SH),39480,2272863.60,57.57,-160742.30
,,,先锋精科(688605.SH),36193,2873724.20,79.4,511776.55
,,,兴福电子(688545.SH),35273,1415858.22,40.14,235383.18
,,,耐科装备(688419.SH),76289,2390134.37,31.33,-101844.03
2025-09-30,24692025.99,11893409.64,,,,,
,,,先锋精科(688605.SH),36193,2686244.46,74.22,324296.81
,,,博瑞医药(688166.SH),39480,2360904.00,59.8,-72701.90
,,,耐科装备(688419.SH),76289,2409206.62,31.58,-82771.78
,,,兴福电子(688545.SH),70546,2911433.42,41.27,550483.35
,,,胜科纳米(688757.SH),75515,2430827.85,32.19,69339.48
2025-09-29,24222893.81,14327015.54,,,,,
,,,耐科装备(688419.SH),76289,2364959.00,31,-127019.40
,,,胜科纳米(688757.SH),75515,2387029.15,31.61,25540.78
,,,兴福电子(688545.SH),70546,2658878.74,37.69,297928.67
,,,先锋精科(688605.SH),36193,2485011.38,68.66,123063.73
2025-09-26,24248022.17,12141216.84,,,,,
,,,胜科纳米(688757.SH),75515,2397601.25,31.75,36112.88
,,,博瑞医药(688166.SH),37170,2158090.20,58.06,-316048.44
,,,先锋精科(688605.SH),36193,2479944.36,68.52,117996.71
,,,兴福电子(688545.SH),70546,2677220.70,37.95,316270.63
,,,耐科装备(688419.SH),76289,2393948.82,31.38,-98029.58
2025-09-25,24775684.38,14615355.48,,,,,
,,,先锋精科(688605.SH),36193,2550882.64,70.48,188934.99
,,,胜科纳米(688757.SH),75515,2491995.00,33,130506.63
,,,兴福电子(688545.SH),70546,2699089.96,38.26,338139.89
,,,耐科装备(688419.SH),76289,2418361.30,31.7,-73617.10
2025-09-24,24984929.31,17107333.87,,,,,
,,,胜科纳米(688757.SH),75515,2501811.95,33.13,140323.58
,,,先锋精科(688605.SH),36193,2601914.77,71.89,239967.12
,,,兴福电子(688545.SH),70546,2773868.72,39.32,412918.65
2025-09-23,24229192.07,13319529.75,,,,,
,,,先锋精科(688605.SH),36193,2468362.60,68.2,106414.95
,,,兴福电子(688545.SH),70546,2311792.42,32.77,-49157.65
,,,盛邦安全(688651.SH),61717,2194039.35,35.55,-193717.51
,,,胜科纳米(688757.SH),75515,2380987.95,31.53,19499.58
,,,聚辰股份(688123.SH),12954,1554480.00,120,373862.89
2025-09-22,23935335.24,11860183.62,,,,,
,,,盛邦安全(688651.SH),61717,2235389.74,36.22,-152367.12
,,,胜科纳米(688757.SH),75515,2303207.50,30.5,-58280.87
,,,先锋精科(688605.SH),36193,2394166.95,66.15,32219.30
,,,聚辰股份(688123.SH),25909,2795322.01,107.89,433996.64
,,,兴福电子(688545.SH),70546,2347065.42,33.27,-13884.65
2025-09-19,23607292.54,16582622.06,,,,,
,,,聚辰股份(688123.SH),25909,2423268.77,93.53,61943.40
,,,盛邦安全(688651.SH),61717,2260076.54,36.62,-127680.32
,,,先锋精科(688605.SH),36193,2341325.17,64.69,-20622.48
2025-09-18,23612973.20,18944569.72,,,,,
,,,聚辰股份(688123.SH),25909,2357719.00,91,-3606.37
,,,盛邦安全(688651.SH),61717,2310684.48,37.44,-77072.38
2025-09-17,23767229.28,18944569.72,,,,,
,,,盛邦安全(688651.SH),61717,2387213.56,38.68,-543.30
,,,聚辰股份(688123.SH),25909,2435446.00,94,74120.63
2025-09-16,23639487.23,18944569.72,,,,,
,,,聚辰股份(688123.SH),25909,2409537.00,93,48211.63
,,,盛邦安全(688651.SH),61717,2285380.51,37.03,-102376.35
2025-09-15,23459896.42,18944569.72,,,,,
,,,聚辰股份(688123.SH),25909,2265742.05,87.45,-95583.32
,,,盛邦安全(688651.SH),61717,2249584.65,36.45,-138172.21
2025-09-12,23614728.05,21305895.08,,,,,
,,,盛邦安全(688651.SH),61717,2308832.97,37.41,-78923.89
2025-09-11,23622134.09,21305895.08,,,,,
,,,盛邦安全(688651.SH),61717,2316239.01,37.53,-71517.85
2025-09-10,23640800.51,19045098.52,,,,,
,,,英方软件(688435.SH),65614,2269588.26,34.59,-150561.96
,,,盛邦安全(688651.SH),61717,2326113.73,37.69,-61643.13
2025-09-09,23656943.92,19045098.52,,,,,
,,,盛邦安全(688651.SH),61717,2309450.14,37.42,-78306.72
,,,英方软件(688435.SH),65614,2302395.26,35.09,-117754.96
2025-09-08,23799074.30,19045098.52,,,,,
,,,英方软件(688435.SH),65614,2347012.78,35.77,-73137.44
,,,盛邦安全(688651.SH),61717,2406963.00,39,19206.14
2025-09-05,23648953.33,19045098.52,,,,,
,,,盛邦安全(688651.SH),61717,2311301.65,37.45,-76455.21
,,,英方软件(688435.SH),65614,2292553.16,34.94,-127597.06
2025-09-04,23602256.34,16832505.57,,,,,
,,,英方软件(688435.SH),65614,2254497.04,34.36,-165653.18
,,,龙芯中科(688047.SH),17659,2218146.99,125.61,-192188.12
,,,盛邦安全(688651.SH),61717,2297106.74,37.22,-90650.12
2025-09-03,23876245.93,19220262.43,,,,,
,,,英方软件(688435.SH),65614,2293209.30,34.95,-126940.92
,,,龙芯中科(688047.SH),17659,2362774.20,133.8,-47560.91
2025-09-02,23998947.08,19220262.43,,,,,
,,,龙芯中科(688047.SH),17659,2425110.47,137.33,14775.36
,,,英方软件(688435.SH),65614,2353574.18,35.87,-66576.04
2025-09-01,24261835.07,19220262.43,,,,,
,,,英方软件(688435.SH),65614,2483489.90,37.85,63339.68
,,,龙芯中科(688047.SH),17659,2558082.74,144.86,147747.63
2025-08-29,24221925.73,19220262.43,,,,,
,,,英方软件(688435.SH),65614,2483489.90,37.85,63339.68
,,,龙芯中科(688047.SH),17659,2518173.40,142.6,107838.29
2025-08-28,24319592.81,19220262.43,,,,,
,,,英方软件(688435.SH),65614,2448714.48,37.32,28564.26
,,,龙芯中科(688047.SH),17659,2650615.90,150.1,240280.79
2025-08-27,24168352.34,19220262.43,,,,,
,,,龙芯中科(688047.SH),17659,2509873.67,142.13,99538.56
,,,英方软件(688435.SH),65614,2438216.24,37.16,18066.02
2025-08-26,24235327.20,19220262.43,,,,,
,,,龙芯中科(688047.SH),17659,2515171.37,142.43,104836.26
,,,英方软件(688435.SH),65614,2499893.40,38.1,79743.18
2025-08-25,24291079.42,19220262.43,,,,,
,,,龙芯中科(688047.SH),17659,2570267.45,145.55,159932.34
,,,英方软件(688435.SH),65614,2500549.54,38.11,80399.32
2025-08-22,24289273.14,19220262.43,,,,,
,,,龙芯中科(688047.SH),17659,2540247.15,143.85,129912.04
,,,英方软件(688435.SH),65614,2528763.56,38.54,108613.34
2025-08-21,24091122.54,21630597.54,,,,,
,,,英方软件(688435.SH),65614,2460525.00,37.5,40374.78
2025-08-20,24074719.04,21630597.54,,,,,
,,,英方软件(688435.SH),65614,2444121.50,37.25,23971.28
2025-08-19,24094403.24,21630597.54,,,,,
,,,英方软件(688435.SH),65614,2463805.70,37.55,43655.48
2025-08-18,24040599.76,21630597.54,,,,,
,,,英方软件(688435.SH),65614,2410002.22,36.73,-10148.00
2025-08-15,24028711.26,19109146.32,,,,,
,,,英方软件(688435.SH),65614,2391630.30,36.45,-28519.92
,,,传音控股(688036.SH),30972,2527934.64,81.62,200932.31
2025-08-14,23927051.91,16515538.77,,,,,
,,,英方软件(688435.SH),65614,2324704.02,35.43,-95446.20
,,,传音控股(688036.SH),30972,2499750.12,80.71,172747.79
,,,益诺思(688710.SH),60516,2587059.00,42.75,317296.00
2025-08-13,24070738.71,16515538.77,,,,,
,,,英方软件(688435.SH),65614,2379819.78,36.27,-40330.44
,,,益诺思(688710.SH),60516,2613686.04,43.19,343923.04
,,,传音控股(688036.SH),30972,2561694.12,82.71,234691.79
2025-08-12,24062430.25,16515538.77,,,,,
,,,传音控股(688036.SH),30972,2632929.72,85.01,305927.39
,,,益诺思(688710.SH),60516,2553170.04,42.19,283407.04
,,,英方软件(688435.SH),65614,2360791.72,35.98,-59358.50
2025-08-11,24259601.79,18935688.99,,,,,
,,,传音控股(688036.SH),30972,2691466.80,86.9,364464.47
,,,益诺思(688710.SH),60516,2632446.00,43.5,362683.00
2025-08-08,24191823.87,18935688.99,,,,,
,,,益诺思(688710.SH),60516,2564668.08,42.38,294905.08
,,,传音控股(688036.SH),30972,2691466.80,86.9,364464.47
2025-08-07,24179040.63,18935688.99,,,,,
,,,传音控股(688036.SH),30972,2635717.20,85.1,308714.87
,,,益诺思(688710.SH),60516,2607634.44,43.09,337871.44
2025-08-06,24159452.49,16330449.93,,,,,
,,,麦澜德(688273.SH),73320,2594061.60,35.38,389401.20
,,,益诺思(688710.SH),60516,2583428.04,42.69,313665.04
,,,传音控股(688036.SH),30972,2651512.92,85.61,324510.59
2025-08-05,24096893.61,16330449.93,,,,,
,,,麦澜德(688273.SH),73320,2576464.80,35.14,371804.40
,,,传音控股(688036.SH),30972,2617443.72,84.51,290441.39
,,,益诺思(688710.SH),60516,2572535.16,42.51,302772.16
2025-08-04,24042251.49,16330449.93,,,,,
,,,传音控股(688036.SH),30972,2629522.80,84.9,302520.47
,,,麦澜德(688273.SH),73320,2509743.60,34.23,305083.20
,,,益诺思(688710.SH),60516,2572535.16,42.51,302772.16
2025-08-01,23851370.61,16330449.93,,,,,
,,,传音控股(688036.SH),30972,2449885.20,79.1,122882.87
,,,益诺思(688710.SH),60516,2597951.88,42.93,328188.88
,,,麦澜德(688273.SH),73320,2473083.60,33.73,268423.20
2025-07-31,23890552.64,12631800.26,,,,,
,,,传音控股(688036.SH),30972,2360995.56,76.23,33993.23
,,,固德威(688390.SH),35334,1476607.86,41.79,-129475.51
,,,麦澜德(688273.SH),73320,2475283.20,33.76,270622.80
,,,沪硅产业(688126.SH),119952,2229907.68,18.59,-9939.24
,,,益诺思(688710.SH),60516,2715958.08,44.88,446195.08
2025-07-30,24064559.67,10343127.15,,,,,
,,,麦澜德(688273.SH),73320,2489947.20,33.96,285286.80
,,,沪硅产业(688126.SH),119952,2291083.20,19.1,51236.28
,,,益诺思(688710.SH),60516,2815809.48,46.53,546046.48
,,,传音控股(688036.SH),30972,2312059.80,74.65,-14942.53
,,,天能股份(688819.SH),81283,2297057.58,28.26,52559.09
,,,固德威(688390.SH),35334,1515475.26,42.89,-90608.11
2025-07-29,24088316.09,10343127.15,,,,,
,,,麦澜德(688273.SH),73320,2487014.40,33.92,282354.00
,,,传音控股(688036.SH),30972,2340244.32,75.56,13241.99
,,,沪硅产业(688126.SH),119952,2327068.80,19.4,87221.88
,,,天能股份(688819.SH),81283,2332822.10,28.7,88323.61
,,,益诺思(688710.SH),60516,2711116.80,44.8,441353.80
,,,固德威(688390.SH),35334,1546922.52,43.78,-59160.85
2025-07-28,23955605.97,10343127.15,,,,,
,,,固德威(688390.SH),35334,1517241.96,42.94,-88841.41
,,,沪硅产业(688126.SH),119952,2330667.36,19.43,90820.44
,,,益诺思(688710.SH),60516,2541672.00,42,271909.00
,,,天能股份(688819.SH),81283,2326319.46,28.62,81820.97
,,,麦澜德(688273.SH),73320,2540538.00,34.65,335877.60
,,,传音控股(688036.SH),30972,2356040.04,76.07,29037.71
2025-07-25,23885142.61,10343127.15,,,,,
,,,沪硅产业(688126.SH),119952,2327068.80,19.4,87221.88
,,,固德威(688390.SH),35334,1535262.30,43.45,-70821.07
,,,传音控股(688036.SH),30972,2360066.40,76.2,33064.07
,,,益诺思(688710.SH),60516,2545302.96,42.06,275539.96
,,,麦澜德(688273.SH),73320,2449621.20,33.41,244960.80
,,,天能股份(688819.SH),81283,2324693.80,28.6,80195.31
2025-07-24,23798529.00,7668682.08,,,,,
,,,麦澜德(688273.SH),73320,2338908.00,31.9,134247.60
,,,益诺思(688710.SH),60516,2535620.40,41.9,265857.40
,,,天能股份(688819.SH),81283,2329570.78,28.66,85072.29
,,,固德威(688390.SH),35334,1557876.06,44.09,-48207.31
,,,沪硅产业(688126.SH),119952,2329467.84,19.42,89620.92
,,,传音控股(688036.SH),30972,2355110.88,76.04,28108.55
,,,致远互联(688369.SH),89324,2683292.96,30.04,501459.07
2025-07-23,23520905.17,7668682.08,,,,,
,,,麦澜德(688273.SH),73320,2362370.40,32.22,157710.00
,,,传音控股(688036.SH),30972,2315776.44,74.77,-11225.89
,,,固德威(688390.SH),35334,1498161.60,42.4,-107921.77
,,,天能股份(688819.SH),81283,2275111.17,27.99,30612.68
,,,益诺思(688710.SH),60516,2524122.36,41.71,254359.36
,,,沪硅产业(688126.SH),119952,2286285.12,19.06,46438.20
,,,致远互联(688369.SH),89324,2590396.00,29,408562.11
2025-07-22,23326739.56,7649316.96,,,,,
,,,益诺思(688710.SH),60516,2359518.84,38.99,70390.72
,,,固德威(688390.SH),35334,1515121.92,42.88,-90961.45
,,,天能股份(688819.SH),81283,2292180.60,28.2,47682.11
,,,传音控股(688036.SH),30972,2327545.80,75.15,543.47
,,,沪硅产业(688126.SH),119952,2305477.44,19.22,65630.52
,,,麦澜德(688273.SH),73320,2313979.20,31.56,109318.80
,,,致远互联(688369.SH),89324,2563598.80,28.7,381764.91
2025-07-21,23341372.90,7649316.96,,,,,
,,,天能股份(688819.SH),81283,2258041.74,27.78,13543.25
,,,麦澜德(688273.SH),73320,2290516.80,31.24,85856.40
,,,沪硅产业(688126.SH),119952,2286285.12,19.06,46438.20
,,,传音控股(688036.SH),30972,2294405.76,74.08,-32596.57
,,,固德威(688390.SH),35334,1498868.28,42.42,-107215.09
,,,益诺思(688710.SH),60516,2414588.40,39.9,125460.28
,,,致远互联(688369.SH),89324,2649349.84,29.66,467515.95
2025-07-18,23280280.23,5279398.96,,,,,
,,,云路股份(688190.SH),26181,2396608.74,91.54,236955.35
,,,致远互联(688369.SH),89324,2657389.00,29.75,475555.11
,,,麦澜德(688273.SH),73320,2256789.60,30.78,52129.20
,,,天能股份(688819.SH),81283,2219838.73,27.31,-24659.76
,,,固德威(688390.SH),35334,1503815.04,42.56,-102268.33
,,,沪硅产业(688126.SH),119952,2277888.48,18.99,38041.56
,,,益诺思(688710.SH),60516,2375253.00,39.25,86124.88
,,,传音控股(688036.SH),30972,2313298.68,74.69,-13703.65
2025-07-17,23199209.37,7606401.29,,,,,
,,,天能股份(688819.SH),81283,2216587.41,27.27,-27911.08
,,,益诺思(688710.SH),60516,2359518.84,38.99,70390.72
,,,沪硅产业(688126.SH),119952,2276688.96,18.98,36842.04
,,,致远互联(688369.SH),89324,2582356.84,28.91,400522.95
,,,固德威(688390.SH),35334,1513001.88,42.82,-93081.49
,,,云路股份(688190.SH),26181,2386398.15,91.15,226744.76
,,,麦澜德(688273.SH),73320,2258256.00,30.8,53595.60
2025-07-16,23089974.48,3857209.04,,,,,
,,,麦澜德(688273.SH),73320,2278052.40,31.07,73392.00
,,,益诺思(688710.SH),60516,2281453.20,37.7,-7674.92
,,,致远互联(688369.SH),89324,2571637.96,28.79,389804.07
,,,新相微(688593.SH),141127,2270733.43,16.09,105108.26
,,,固德威(688390.SH),35334,1523602.08,43.12,-82481.29
,,,威腾电气(688226.SH),42889,1522559.50,35.5,400581.30
,,,沪硅产业(688126.SH),119952,2240703.36,18.68,856.44
,,,云路股份(688190.SH),26181,2329061.76,88.96,169408.37
,,,天能股份(688819.SH),81283,2214961.75,27.25,-29536.74
2025-07-15,22946413.24,4757863.46,,,,,
,,,天能股份(688819.SH),81283,2222277.22,27.34,-22221.27
,,,沪硅产业(688126.SH),119952,2249100.00,18.75,9253.08
,,,云路股份(688190.SH),26181,2329847.19,88.99,170193.80
,,,新相微(688593.SH),141127,2246741.84,15.92,81116.67
,,,致远互联(688369.SH),89324,2501072.00,28,319238.11
,,,麦澜德(688273.SH),73320,2306647.20,31.46,101986.80
,,,固德威(688390.SH),35334,1523602.08,43.12,-82481.29
,,,威腾电气(688226.SH),85779,2809262.25,32.75,565279.69
2025-07-14,22647689.40,4757863.46,,,,,
,,,麦澜德(688273.SH),73320,2291983.20,31.26,87322.80
,,,威腾电气(688226.SH),85779,2714047.56,31.64,470065.00
,,,沪硅产业(688126.SH),119952,2255097.60,18.8,15250.68
,,,云路股份(688190.SH),26181,2315709.45,88.45,156056.06
,,,天能股份(688819.SH),81283,2239346.65,27.55,-5151.84
,,,固德威(688390.SH),35334,1556462.70,44.05,-49620.67
,,,致远互联(688369.SH),89324,2256324.24,25.26,74490.35
,,,新相微(688593.SH),141127,2260854.54,16.02,95229.37
2025-07-11,22598460.16,4757863.46,,,,,
,,,固德威(688390.SH),35334,1568122.92,44.38,-37960.45
,,,云路股份(688190.SH),26181,2375925.75,90.75,216272.36
,,,沪硅产业(688126.SH),119952,2263494.24,18.87,23647.32
,,,致远互联(688369.SH),89324,2284907.92,25.58,103074.03
,,,新相微(688593.SH),141127,2222750.25,15.75,57125.08
,,,天能股份(688819.SH),81283,2227154.20,27.4,-17344.29
,,,麦澜德(688273.SH),73320,2275119.60,31.03,70459.20
,,,威腾电气(688226.SH),85779,2623121.82,30.58,379139.26
2025-07-10,22342993.01,2404553.14,,,,,
,,,天能股份(688819.SH),81283,2212523.26,27.22,-31975.23
,,,致远互联(688369.SH),89324,2196477.16,24.59,14643.27
,,,沪硅产业(688126.SH),119952,2247900.48,18.74,8053.56
,,,云路股份(688190.SH),26181,2345817.60,89.6,186164.21
,,,新相微(688593.SH),141127,2190291.04,15.52,24665.87
,,,麦澜德(688273.SH),73320,2214264.00,30.2,9603.60
,,,威腾电气(688226.SH),85779,2562218.73,29.87,318236.17
,,,固德威(688390.SH),35334,1583669.88,44.82,-22413.49
,,,威胜信息(688100.SH),67172,2385277.72,35.51,204571.22
2025-07-09,22306135.67,5.15,,,,,
,,,天能股份(688819.SH),81283,2200330.81,27.07,-44167.68
,,,固德威(688390.SH),35334,1580843.16,44.74,-25240.21
,,,致远互联(688369.SH),89324,2211662.24,24.76,29828.35
,,,威腾电气(688226.SH),85779,2543347.35,29.65,299364.79
,,,威胜信息(688100.SH),67172,2387964.60,35.55,207258.10
,,,麦澜德(688273.SH),73320,2190801.60,29.88,-13858.80
,,,华曙高科(688433.SH),63138,2411871.60,38.2,222903.80
,,,云路股份(688190.SH),26181,2358122.67,90.07,198469.28
,,,沪硅产业(688126.SH),119952,2232306.72,18.61,-7540.20
,,,新相微(688593.SH),141127,2188879.77,15.51,23254.60
2025-07-08,22406924.79,1606088.52,,,,,
,,,新相微(688593.SH),141127,2229806.60,15.8,64181.43
,,,沪硅产业(688126.SH),119952,2225109.60,18.55,-14737.32
,,,云路股份(688190.SH),26181,2366762.40,90.4,207109.01
,,,致远互联(688369.SH),89324,2202729.84,24.66,20895.95
,,,华曙高科(688433.SH),63138,2456699.58,38.91,267731.78
,,,威胜信息(688100.SH),67172,2378560.52,35.41,197854.02
,,,天能股份(688819.SH),81283,2218213.07,27.29,-26285.42
,,,威腾电气(688226.SH),85779,2516755.86,29.34,272773.30
,,,麦澜德(688273.SH),73320,2206198.80,30.09,1538.40
2025-07-07,21975824.20,3810748.92,,,,,
,,,云路股份(688190.SH),26181,2334821.58,89.18,175168.19
,,,威胜信息(688100.SH),67172,2406101.04,35.82,225394.54
,,,华曙高科(688433.SH),63138,2275493.52,36.04,86525.72
,,,沪硅产业(688126.SH),119952,2181926.88,18.19,-57920.04
,,,天能股份(688819.SH),81283,2197079.49,27.03,-47419.00
,,,新相微(688593.SH),141127,2173355.80,15.4,7730.63
,,,致远互联(688369.SH),89324,2167893.48,24.27,-13940.41
,,,威腾电气(688226.SH),85779,2428403.49,28.31,184420.93
2025-07-04,21901835.38,3810748.92,,,,,
,,,天能股份(688819.SH),81283,2171881.76,26.72,-72616.73
,,,新相微(688593.SH),141127,2183234.69,15.47,17609.52
,,,华曙高科(688433.SH),63138,2315901.84,36.68,126934.04
,,,威胜信息(688100.SH),67172,2387292.88,35.54,206586.38
,,,威腾电气(688226.SH),85779,2340908.91,27.29,96926.35
,,,致远互联(688369.SH),89324,2163427.28,24.22,-18406.61
,,,云路股份(688190.SH),26181,2336916.06,89.26,177262.67
,,,沪硅产业(688126.SH),119952,2191523.04,18.27,-48323.88
2025-07-03,22216497.79,3810748.92,,,,,
,,,天能股份(688819.SH),81283,2212523.26,27.22,-31975.23
,,,云路股份(688190.SH),26181,2397132.36,91.56,237478.97
,,,新相微(688593.SH),141127,2221338.98,15.74,55713.81
,,,威腾电气(688226.SH),85779,2253414.33,26.27,9431.77
,,,致远互联(688369.SH),89324,2222381.12,24.88,40547.23
,,,沪硅产业(688126.SH),119952,2210715.36,18.43,-29131.56
,,,威胜信息(688100.SH),67172,2398712.12,35.71,218005.62
,,,华曙高科(688433.SH),63138,2489531.34,39.43,300563.54
2025-07-02,22077358.15,3810748.92,,,,,
,,,威腾电气(688226.SH),85779,2304023.94,26.86,60041.38
,,,天能股份(688819.SH),81283,2202769.30,27.1,-41729.19
,,,新相微(688593.SH),141127,2211460.09,15.67,45834.92
,,,云路股份(688190.SH),26181,2408652.00,92,248998.61
,,,沪硅产业(688126.SH),119952,2226309.12,18.56,-13537.80
,,,致远互联(688369.SH),89324,2215235.20,24.8,33401.31
,,,威胜信息(688100.SH),67172,2429611.24,36.17,248904.74
,,,华曙高科(688433.SH),63138,2268548.34,35.93,79580.54
2025-07-01,22363446.44,6050595.84,,,,,
,,,天能股份(688819.SH),81283,2213336.09,27.23,-31162.40
,,,威腾电气(688226.SH),85779,2331473.22,27.18,87490.66
,,,新相微(688593.SH),141127,2266499.62,16.06,100874.45
,,,致远互联(688369.SH),89324,2296520.04,25.71,114686.15
,,,华曙高科(688433.SH),63138,2334211.86,36.97,145244.06
,,,威胜信息(688100.SH),67172,2443045.64,36.37,262339.14
,,,云路股份(688190.SH),26181,2427764.13,92.73,268110.74
2025-06-30,22433298.62,10539076.89,,,,,
,,,华曙高科(688433.SH),63138,2320321.50,36.75,131353.70
,,,威胜信息(688100.SH),67172,2488722.60,37.05,308016.10
,,,云路股份(688190.SH),26181,2423313.36,92.56,263659.97
,,,致远互联(688369.SH),89324,2357260.36,26.39,175426.47
,,,新相微(688593.SH),141127,2304603.91,16.33,138978.74
2025-06-27,22211139.35,10539076.89,,,,,
,,,威胜信息(688100.SH),67172,2346317.96,34.93,165611.46
,,,致远互联(688369.SH),89324,2275975.52,25.48,94141.63
,,,云路股份(688190.SH),26181,2413626.39,92.19,253973.00
,,,新相微(688593.SH),141127,2279201.05,16.15,113575.88
,,,华曙高科(688433.SH),63138,2356941.54,37.33,167973.74
2025-06-26,21853096.07,10539076.89,,,,,
,,,威胜信息(688100.SH),67172,2283176.28,33.99,102469.78
,,,云路股份(688190.SH),26181,2364667.92,90.32,205014.53
,,,致远互联(688369.SH),89324,2239352.68,25.07,57518.79
,,,华曙高科(688433.SH),63138,2168790.30,34.35,-20177.50
,,,新相微(688593.SH),141127,2258032.00,16,92406.83
2025-06-25,21948583.12,10539076.89,,,,,
,,,新相微(688593.SH),141127,2306015.18,16.34,140390.01
,,,华曙高科(688433.SH),63138,2225614.50,35.25,36646.70
,,,云路股份(688190.SH),26181,2340319.59,89.39,180666.20
,,,威胜信息(688100.SH),67172,2308029.92,34.36,127323.42
,,,致远互联(688369.SH),89324,2229527.04,24.96,47693.15
2025-06-24,21814404.50,12720910.78,,,,,
,,,威胜信息(688100.SH),67172,2284519.72,34.01,103813.22
,,,新相微(688593.SH),141127,2252386.92,15.96,86761.75
,,,华曙高科(688433.SH),63138,2209198.62,34.99,20230.82
,,,云路股份(688190.SH),26181,2347388.46,89.66,187735.07
2025-06-23,21714338.08,12720910.78,,,,,
,,,云路股份(688190.SH),26181,2334036.15,89.15,174382.76
,,,新相微(688593.SH),141127,2180412.15,15.45,14786.98
,,,华曙高科(688433.SH),63138,2240136.24,35.48,51168.44
,,,威胜信息(688100.SH),67172,2238842.76,33.33,58136.26
2025-06-20,21600030.92,10710705.74,,,,,
,,,新相微(688593.SH),141127,2152186.75,15.25,-13438.42
,,,云路股份(688190.SH),26181,2264394.69,86.49,104741.30
,,,萤石网络(688475.SH),68091,2042730.00,30,-138464.90
,,,威胜信息(688100.SH),67172,2243544.80,33.4,62838.30
,,,华曙高科(688433.SH),63138,2186468.94,34.63,-2498.86
2025-06-19,21597555.46,11569863.17,,,,,
,,,新相微(688593.SH),141127,2197347.39,15.57,31722.22
,,,威胜信息(688100.SH),67172,2259666.08,33.64,78959.58
,,,华曙高科(688433.SH),63138,2182049.28,34.56,-6918.52
,,,神州细胞(688520.SH),28880,1309130.40,45.33,207718.31
,,,萤石网络(688475.SH),68091,2079499.14,30.54,-101695.76
2025-06-18,21695288.54,11569863.17,,,,,
,,,萤石网络(688475.SH),68091,2106054.63,30.93,-75140.27
,,,华曙高科(688433.SH),63138,2260340.40,35.8,71372.60
,,,威胜信息(688100.SH),67172,2246231.68,33.44,65525.18
,,,新相微(688593.SH),141127,2198758.66,15.58,33133.49
,,,神州细胞(688520.SH),28880,1314040.00,45.5,212627.91
2025-06-17,21694413.24,11569863.17,,,,,
,,,华曙高科(688433.SH),63138,2249606.94,35.63,60639.14
,,,萤石网络(688475.SH),68091,2133291.03,31.33,-47903.87
,,,新相微(688593.SH),141127,2187468.50,15.5,21843.33
,,,神州细胞(688520.SH),28880,1330790.40,46.08,229378.31
,,,威胜信息(688100.SH),67172,2223393.20,33.1,42686.70
2025-06-16,21608398.78,13735488.34,,,,,
,,,威胜信息(688100.SH),67172,2207271.92,32.86,26565.42
,,,萤石网络(688475.SH),68091,2120353.74,31.14,-60841.16
,,,神州细胞(688520.SH),28880,1379020.00,47.75,277607.91
,,,华曙高科(688433.SH),63138,2166264.78,34.31,-22703.02
2025-06-13,21581197.89,7614191.20,,,,,
,,,神州细胞(688520.SH),28880,1413387.20,48.94,311975.11
,,,萤石网络(688475.SH),68091,2110821.00,31,-70373.90
,,,中国通号(688009.SH),425613,2162114.04,5.08,-64697.06
,,,华曙高科(688433.SH),63138,2113228.86,33.47,-75738.94
,,,威胜信息(688100.SH),67172,2178387.96,32.43,-2318.54
,,,灿芯股份(688691.SH),38829,2003188.11,51.59,-187135.50
,,,特宝生物(688278.SH),27399,1985879.52,72.48,-155609.90
2025-06-12,21852599.80,6216690.57,,,,,
,,,灿芯股份(688691.SH),38829,2057937.00,53,-132386.61
,,,神州细胞(688520.SH),57760,2840636.80,49.18,637812.61
,,,华曙高科(688433.SH),63138,2181417.90,34.55,-7549.90
,,,中国通号(688009.SH),425613,2174882.43,5.11,-51928.67
,,,萤石网络(688475.SH),68091,2163251.07,31.77,-17943.83
,,,威胜信息(688100.SH),67172,2208615.36,32.88,27908.86
,,,特宝生物(688278.SH),27399,2009168.67,73.33,-132320.75
2025-06-11,21851949.71,6216690.57,,,,,
,,,华曙高科(688433.SH),63138,2257814.88,35.76,68847.08
,,,灿芯股份(688691.SH),38829,2076574.92,53.48,-113748.69
,,,威胜信息(688100.SH),67172,2247575.12,33.46,66868.62
,,,神州细胞(688520.SH),57760,2703168.00,46.8,500343.81
,,,萤石网络(688475.SH),68091,2172102.90,31.9,-9092.00
,,,特宝生物(688278.SH),27399,2003140.89,73.11,-138348.53
,,,中国通号(688009.SH),425613,2174882.43,5.11,-51928.67
2025-06-10,21803745.29,8251352.35,,,,,
,,,华曙高科(688433.SH),63138,2248975.56,35.62,60007.76
,,,中国通号(688009.SH),425613,2162114.04,5.08,-64697.06
,,,永信至诚(688244.SH),60717,2324246.76,38.28,133406.08
,,,神州细胞(688520.SH),57760,2714142.40,46.99,511318.21
,,,特宝生物(688278.SH),27399,2024786.10,73.9,-116703.32
,,,灿芯股份(688691.SH),38829,2078128.08,53.52,-112195.53
2025-06-09,21891518.99,10440320.15,,,,,
,,,中国通号(688009.SH),425613,2174882.43,5.11,-51928.67
,,,永信至诚(688244.SH),60717,2369177.34,39.02,178336.66
,,,灿芯股份(688691.SH),38829,2153844.63,55.47,-36478.98
,,,特宝生物(688278.SH),27399,2015470.44,73.56,-126018.98
,,,神州细胞(688520.SH),57760,2737824.00,47.4,534999.81
2025-06-06,21901000.04,8492819.06,,,,,
,,,特宝生物(688278.SH),27399,2017662.36,73.64,-123827.06
,,,永信至诚(688244.SH),60717,2398321.50,39.5,207480.82
,,,中国通号(688009.SH),425613,2157857.91,5.07,-68953.19
,,,神州细胞(688520.SH),57760,2682374.40,46.44,479550.21
,,,灿芯股份(688691.SH),38829,2118121.95,54.55,-72201.66
,,,华曙高科(688433.SH),59626,2033842.86,34.11,-154087.00
2025-06-05,21946198.62,8492819.06,,,,,
,,,灿芯股份(688691.SH),38829,2134818.42,54.98,-55505.19
,,,特宝生物(688278.SH),27399,2043691.41,74.59,-97798.01
,,,永信至诚(688244.SH),60717,2386785.27,39.31,195944.59
,,,中国通号(688009.SH),425613,2162114.04,5.08,-64697.06
,,,神州细胞(688520.SH),57760,2509672.00,43.45,306847.81
,,,华曙高科(688433.SH),59626,2216298.42,37.17,28368.56
2025-06-04,21717743.72,8492819.06,,,,,
,,,永信至诚(688244.SH),60717,2313317.70,38.1,122477.02
,,,灿芯股份(688691.SH),38829,2116180.50,54.5,-74143.11
,,,神州细胞(688520.SH),57760,2482524.80,42.98,279700.61
,,,中国通号(688009.SH),425613,2145089.52,5.04,-81721.58
,,,华曙高科(688433.SH),59626,2116723.00,35.5,-71206.86
,,,特宝生物(688278.SH),27399,2051089.14,74.86,-90400.28
2025-06-03,21720449.89,8492819.06,,,,,
,,,灿芯股份(688691.SH),38829,2121616.56,54.64,-68707.05
,,,华曙高科(688433.SH),59626,2057097.00,34.5,-130832.86
,,,神州细胞(688520.SH),57760,2510249.60,43.46,307425.41
,,,永信至诚(688244.SH),60717,2328496.95,38.35,137656.27
,,,中国通号(688009.SH),425613,2153601.78,5.06,-73209.32
,,,特宝生物(688278.SH),27399,2056568.94,75.06,-84920.48
2025-05-30,21455455.52,8492819.06,,,,,
,,,永信至诚(688244.SH),60717,2259279.57,37.21,68438.89
,,,华曙高科(688433.SH),59626,2095853.90,35.15,-92075.96
,,,神州细胞(688520.SH),57760,2287873.60,39.61,85049.41
,,,中国通号(688009.SH),425613,2136577.26,5.02,-90233.84
,,,灿芯股份(688691.SH),38829,2066479.38,53.22,-123844.23
,,,特宝生物(688278.SH),27399,2116572.75,77.25,-24916.67
2025-05-29,21870952.94,8492819.06,,,,,
,,,中国通号(688009.SH),425613,2157857.91,5.07,-68953.19
,,,特宝生物(688278.SH),27399,2215483.14,80.86,73993.72
,,,灿芯股份(688691.SH),38829,2128217.49,54.81,-62106.12
,,,神州细胞(688520.SH),57760,2308667.20,39.97,105843.01
,,,永信至诚(688244.SH),60717,2420179.62,39.86,229338.94
,,,华曙高科(688433.SH),59626,2147728.52,36.02,-40201.34
2025-05-28,21325760.12,8492819.06,,,,,
,,,特宝生物(688278.SH),27399,2157945.24,78.76,16455.82
,,,华曙高科(688433.SH),59626,2058289.52,34.52,-129640.34
,,,永信至诚(688244.SH),60717,2204027.10,36.3,13186.42
,,,中国通号(688009.SH),425613,2132321.13,5.01,-94489.97
,,,神州细胞(688520.SH),57760,2244553.60,38.86,41729.41
,,,灿芯股份(688691.SH),38829,2035804.47,52.43,-154519.14
2025-05-27,21367504.20,7432512.62,,,,,
,,,萤石网络(688475.SH),64049,2052770.45,32.05,-151090.28
,,,华曙高科(688433.SH),59626,2042786.76,34.26,-145143.10
,,,神州细胞(688520.SH),57760,2282675.20,39.52,79851.01
,,,中国通号(688009.SH),425613,2149345.65,5.05,-77465.45
,,,毕得医药(688073.SH),27569,1156795.24,41.96,23865.81
,,,永信至诚(688244.SH),60717,2187633.51,36.03,-3207.17
,,,灿芯股份(688691.SH),38829,2062984.77,53.13,-127338.84
2025-05-26,21410476.36,7432512.62,,,,,
,,,毕得医药(688073.SH),27569,1163411.80,42.2,30482.37
,,,华曙高科(688433.SH),59626,2129244.46,35.71,-58685.40
,,,中国通号(688009.SH),425613,2140833.39,5.03,-85977.71
,,,灿芯股份(688691.SH),38829,2114239.05,54.45,-76084.56
,,,永信至诚(688244.SH),60717,2163346.71,35.63,-27493.97
,,,萤石网络(688475.SH),64049,2060456.33,32.17,-143404.40
,,,神州细胞(688520.SH),57760,2206432.00,38.2,3607.81
2025-05-23,21400793.16,7432512.62,,,,,
,,,毕得医药(688073.SH),27569,1172785.26,42.54,39855.83
,,,华曙高科(688433.SH),59626,2104201.54,35.29,-83728.32
,,,灿芯股份(688691.SH),38829,2059490.16,53.04,-130833.45
,,,萤石网络(688475.SH),64049,2059175.35,32.15,-144685.38
,,,中国通号(688009.SH),425613,2145089.52,5.04,-81721.58
,,,神州细胞(688520.SH),57760,2264192.00,39.2,61367.81
,,,永信至诚(688244.SH),60717,2163346.71,35.63,-27493.97
2025-05-22,21705187.21,7432512.62,,,,,
,,,华曙高科(688433.SH),59626,2154883.64,36.14,-33046.22
,,,永信至诚(688244.SH),60717,2247136.17,37.01,56295.49
,,,灿芯股份(688691.SH),38829,2135595.00,55,-54728.61
,,,神州细胞(688520.SH),57760,2317908.80,40.13,115084.61
,,,萤石网络(688475.SH),64049,2112336.02,32.98,-91524.71
,,,毕得医药(688073.SH),27569,1134188.66,41.14,1259.23
,,,中国通号(688009.SH),425613,2170626.30,5.1,-56184.80
2025-05-21,21993824.70,7032106.32,,,,,
,,,中国通号(688009.SH),425613,2187650.82,5.14,-39160.28
,,,萤石网络(688475.SH),64049,2202645.11,34.39,-1215.62
,,,青云科技(688316.SH),38524,2113041.40,54.85,-151975.38
,,,神州细胞(688520.SH),57760,2360073.60,40.86,157249.41
,,,凯尔达(688255.SH),16694,574607.48,34.42,64101.77
,,,毕得医药(688073.SH),27569,1153486.96,41.84,20557.53
,,,永信至诚(688244.SH),60717,2221027.86,36.58,30187.18
,,,灿芯股份(688691.SH),38829,2149185.15,55.35,-41138.46
2025-05-20,22026514.20,9234930.50,,,,,
,,,凯尔达(688255.SH),16694,588129.62,35.23,77623.91
,,,永信至诚(688244.SH),60717,2287816.56,37.68,96975.88
,,,萤石网络(688475.SH),64049,2179587.47,34.03,-24273.26
,,,中国通号(688009.SH),425613,2196163.08,5.16,-30648.02
,,,毕得医药(688073.SH),27569,1160930.59,42.11,28001.16
,,,灿芯股份(688691.SH),38829,2198497.98,56.62,8174.37
,,,青云科技(688316.SH),38524,2180458.40,56.6,-84558.38
2025-05-19,21885215.25,9234930.50,,,,,
,,,灿芯股份(688691.SH),38829,2203545.75,56.75,13222.14
,,,毕得医药(688073.SH),27569,1159276.45,42.05,26347.02
,,,凯尔达(688255.SH),16694,587628.80,35.2,77123.09
,,,中国通号(688009.SH),425613,2204675.34,5.18,-22135.76
,,,青云科技(688316.SH),38524,2130377.20,55.3,-134639.58
,,,萤石网络(688475.SH),64049,2144360.52,33.48,-59500.21
,,,永信至诚(688244.SH),60717,2220420.69,36.57,29580.01
2025-05-16,21884079.59,12402324.52,,,,,
,,,毕得医药(688073.SH),27569,1141907.98,41.42,8978.55
,,,青云科技(688316.SH),38524,2193941.80,56.95,-71074.98
,,,凯尔达(688255.SH),16694,601484.82,36.03,90979.11
,,,光云科技(688365.SH),94402,1221561.88,12.94,133441.30
,,,中国通号(688009.SH),425613,2179138.56,5.12,-47672.54
,,,萤石网络(688475.SH),64049,2143720.03,33.47,-60140.70
2025-05-15,21947110.79,10389091.99,,,,,
,,,永信至诚(688244.SH),54636,2021532.00,37,-205078.54
,,,光云科技(688365.SH),94402,1241386.30,13.15,153265.72
,,,凯尔达(688255.SH),16694,600817.06,35.99,90311.35
,,,毕得医药(688073.SH),27569,1152108.51,41.79,19179.08
,,,中国通号(688009.SH),425613,2196163.08,5.16,-30648.02
,,,萤石网络(688475.SH),64049,2142439.05,33.45,-61421.68
,,,青云科技(688316.SH),38524,2203572.80,57.2,-61443.98
2025-05-14,22266968.19,12615903.10,,,,,
,,,凯尔达(688255.SH),16694,609331.00,36.5,98825.29
,,,永信至诚(688244.SH),54636,2174512.80,39.8,-52097.74
,,,青云科技(688316.SH),38524,2277538.88,59.12,12522.10
,,,毕得医药(688073.SH),27569,1177747.68,42.72,44818.25
,,,萤石网络(688475.SH),64049,2202645.11,34.39,-1215.62
,,,光云科技(688365.SH),94402,1209289.62,12.81,121169.04
2025-05-13,22291109.79,12615903.10,,,,,
,,,青云科技(688316.SH),38524,2253654.00,58.5,-11362.78
,,,萤石网络(688475.SH),64049,2209690.50,34.5,5829.77
,,,光云科技(688365.SH),94402,1197961.38,12.69,109840.80
,,,毕得医药(688073.SH),27569,1202284.09,43.61,69354.66
,,,永信至诚(688244.SH),54636,2183254.56,39.96,-43355.98
,,,凯尔达(688255.SH),16694,628362.16,37.64,117856.45
2025-05-12,22321233.40,12615903.10,,,,,
,,,毕得医药(688073.SH),27569,1158449.38,42.02,25519.95
,,,光云科技(688365.SH),94402,1203625.50,12.75,115504.92
,,,凯尔达(688255.SH),16694,621016.80,37.2,110511.09
,,,萤石网络(688475.SH),64049,2237872.06,34.94,34011.33
,,,永信至诚(688244.SH),54636,2278867.56,41.71,52257.02
,,,青云科技(688316.SH),38524,2205499.00,57.25,-59517.78
2025-05-09,21973958.35,14800340.09,,,,,
,,,青云科技(688316.SH),38524,2118820.00,55,-146196.78
,,,永信至诚(688244.SH),54636,2115505.92,38.72,-111104.62
,,,毕得医药(688073.SH),27569,1136945.56,41.24,4016.13
,,,光云科技(688365.SH),94402,1179080.98,12.49,90960.40
,,,海天瑞声(688787.SH),203,19276.88,94.96,2531.54
,,,凯尔达(688255.SH),16694,603988.92,36.18,93483.21
2025-05-08,22253347.76,14800340.09,,,,,
,,,凯尔达(688255.SH),16694,639714.08,38.32,129208.37
,,,青云科技(688316.SH),38524,2203958.04,57.21,-61058.74
,,,光云科技(688365.SH),94402,1227226.00,13,139105.42
,,,海天瑞声(688787.SH),203,19849.34,97.78,3104.00
,,,毕得医药(688073.SH),27569,1165893.01,42.29,32963.58
,,,永信至诚(688244.SH),54636,2196367.20,40.2,-30243.34
2025-05-07,22328167.48,10113907.81,,,,,
,,,聚和材料(688503.SH),57727,1911918.24,33.12,180752.82
,,,光云科技(688365.SH),94402,1213065.70,12.85,124945.12
,,,凯尔达(688255.SH),16694,640214.90,38.35,129709.19
,,,海天瑞声(688787.SH),203,19540.78,96.26,2795.44
,,,安恒信息(688023.SH),40459,1980872.64,48.96,249298.83
,,,英方软件(688435.SH),63629,2003677.21,31.49,274088.77
,,,青云科技(688316.SH),38524,2202031.84,57.16,-62984.94
,,,凌云光(688400.SH),38001,1088348.64,28.64,223360.51
,,,毕得医药(688073.SH),27569,1154589.72,41.88,21660.29
2025-05-06,22494227.48,8118697.89,,,,,
,,,英方软件(688435.SH),63629,2014494.14,31.66,284905.70
,,,聚和材料(688503.SH),57727,1920000.02,33.26,188834.60
,,,生益电子(688183.SH),80223,2389040.94,29.78,657062.08
,,,凌云光(688400.SH),38001,1100128.95,28.95,235140.82
,,,毕得医药(688073.SH),27569,1154589.72,41.88,21660.29
,,,海天瑞声(688787.SH),203,20076.70,98.9,3331.36
,,,光云科技(688365.SH),94402,1237610.22,13.11,149489.64
,,,安恒信息(688023.SH),40459,2035087.70,50.3,303513.89
,,,凯尔达(688255.SH),33388,1282433.08,38.41,261421.65
,,,德科立(688205.SH),19068,1222068.12,64.09,355918.27
2025-04-30,21611866.16,2378979.57,,,,,
,,,海天瑞声(688787.SH),203,19849.34,97.78,3104.00
,,,英方软件(688435.SH),63629,1920959.51,30.19,191371.07
,,,凯尔达(688255.SH),33388,1205974.56,36.12,184963.13
,,,光云科技(688365.SH),94402,1210233.64,12.82,122113.06
,,,毕得医药(688073.SH),27569,1128950.55,40.95,-3978.88
,,,德科立(688205.SH),38137,2276778.90,59.7,544433.77
,,,瑞松科技(688090.SH),28912,1204184.80,41.65,340625.05
,,,福立旺(688678.SH),53130,1141763.70,21.49,278012.52
,,,凌云光(688400.SH),76002,2143256.40,28.2,413280.13
,,,瑞可达(688800.SH),23024,1137615.84,49.41,272229.50
,,,安恒信息(688023.SH),40459,1920588.73,47.47,189014.92
,,,生益电子(688183.SH),80223,2077775.70,25.9,345796.84
,,,聚和材料(688503.SH),57727,1844954.92,31.96,113789.50
2025-04-29,20558589.00,1151571.26,,,,,
,,,凌云光(688400.SH),76002,2034573.54,26.77,304597.27
,,,海天瑞声(688787.SH),203,18160.38,89.46,1415.04
,,,安恒信息(688023.SH),40459,1830769.75,45.25,99195.94
,,,福立旺(688678.SH),53130,1036566.30,19.51,172815.12
,,,禾川科技(688320.SH),28135,1227530.05,43.63,362362.41
,,,毕得医药(688073.SH),27569,1127020.72,40.88,-5908.71
,,,德科立(688205.SH),38137,1972827.01,51.73,240481.88
,,,英方软件(688435.SH),63629,1827424.88,28.72,97836.44
,,,凯尔达(688255.SH),33388,1119499.64,33.53,98488.21
,,,聚和材料(688503.SH),57727,1812627.80,31.4,81462.38
,,,瑞可达(688800.SH),23024,1119887.36,48.64,254501.02
,,,生益电子(688183.SH),80223,2040070.89,25.43,308092.03
,,,光云科技(688365.SH),94402,1128103.90,11.95,39983.32
,,,瑞松科技(688090.SH),28912,1111955.52,38.46,248395.77
2025-04-28,20116911.81,36.58,,,,,
,,,毕得医药(688073.SH),27569,1122609.68,40.72,-10319.75
,,,生益电子(688183.SH),80223,2055313.26,25.62,323334.40
,,,瑞松科技(688090.SH),28912,1069744.00,37,206184.25
,,,凌云光(688400.SH),76002,1913730.36,25.18,183754.09
,,,凯尔达(688255.SH),33388,1060736.76,31.77,39725.33
,,,德科立(688205.SH),38137,1945749.74,51.02,213404.61
,,,海天瑞声(688787.SH),203,18225.34,89.78,1480.00
,,,光云科技(688365.SH),94402,1091287.12,11.56,3166.54
,,,聚和材料(688503.SH),57727,1823018.66,31.58,91853.24
,,,安恒信息(688023.SH),40459,1824700.90,45.1,93127.09
,,,福立旺(688678.SH),53130,1009470.00,19,145718.82
,,,英方软件(688435.SH),63629,1806427.31,28.39,76838.87
,,,瑞可达(688800.SH),46048,2219513.60,48.2,488740.92
,,,禾川科技(688320.SH),28135,1156348.50,41.1,291180.86
2025-04-25,20259186.81,1132966.01,,,,,
,,,德科立(688205.SH),38137,2012870.86,52.78,280525.73
,,,安恒信息(688023.SH),40459,1842907.45,45.55,111333.64
,,,英方软件(688435.SH),63629,1835696.65,28.85,106108.21
,,,凌云光(688400.SH),76002,1945651.20,25.6,215674.93
,,,聚和材料(688503.SH),57727,1829368.63,31.69,98203.21
,,,禾川科技(688320.SH),28135,1177449.75,41.85,312282.11
,,,瑞松科技(688090.SH),28912,1072346.08,37.09,208786.33
,,,海天瑞声(688787.SH),203,17829.49,87.83,1084.15
,,,光云科技(688365.SH),94402,1089399.08,11.54,1278.50
,,,凯尔达(688255.SH),33388,1083774.48,32.46,62763.05
,,,福立旺(688678.SH),53130,1022752.50,19.25,159001.32
,,,瑞可达(688800.SH),46048,2135245.76,46.37,404473.08
,,,生益电子(688183.SH),80223,2060928.87,25.69,328950.01
2025-04-24,20029994.80,19.75,,,,,
,,,德科立(688205.SH),38137,2015540.45,52.85,283195.32
,,,瑞松科技(688090.SH),28912,1072635.20,37.1,209075.45
,,,海天瑞声(688787.SH),203,17516.87,86.29,771.53
,,,安恒信息(688023.SH),40459,1815799.92,44.88,84226.11
,,,光云科技(688365.SH),94402,1084678.98,11.49,-3441.60
,,,禾川科技(688320.SH),56271,2240711.22,39.82,510345.20
,,,聚和材料(688503.SH),57727,1833986.79,31.77,102821.37
,,,瑞可达(688800.SH),46048,2127417.60,46.2,396644.92
,,,凯尔达(688255.SH),33388,1077430.76,32.27,56419.33
,,,英方软件(688435.SH),63629,1845241.00,29,115652.56
,,,凌云光(688400.SH),76002,1954771.44,25.72,224795.17
,,,生益电子(688183.SH),80223,1984717.02,24.74,252738.16
,,,福立旺(688678.SH),53130,959527.80,18.06,95776.62
2025-04-23,20394486.89,19.75,,,,,
,,,德科立(688205.SH),38137,2048338.27,53.71,315993.14
,,,光云科技(688365.SH),94402,1115831.64,11.82,27711.06
,,,凯尔达(688255.SH),33388,1120835.16,33.57,99823.73
,,,海天瑞声(688787.SH),203,17460.03,86.01,714.69
,,,聚和材料(688503.SH),57727,1884786.55,32.65,153621.13
,,,瑞可达(688800.SH),46048,2131561.92,46.29,400789.24
,,,生益电子(688183.SH),80223,2022421.83,25.21,290442.97
,,,凌云光(688400.SH),76002,2034573.54,26.77,304597.27
,,,安恒信息(688023.SH),40459,1865564.49,46.11,133990.68
,,,英方软件(688435.SH),63629,1898053.07,29.83,168464.63
,,,禾川科技(688320.SH),56271,2132670.90,37.9,402304.88
,,,瑞松科技(688090.SH),28912,1100679.84,38.07,237120.09
,,,福立旺(688678.SH),53130,1021689.90,19.23,157938.72
2025-04-22,19654017.47,19.75,,,,,
,,,聚和材料(688503.SH),57727,1884786.55,32.65,153621.13
,,,凌云光(688400.SH),76002,1935010.92,25.46,205034.65
,,,凯尔达(688255.SH),33388,1001973.88,30.01,-19037.55
,,,光云科技(688365.SH),94402,1127159.88,11.94,39039.30
,,,德科立(688205.SH),38137,1935834.12,50.76,203488.99
,,,安恒信息(688023.SH),40459,1840075.32,45.48,108501.51
,,,海天瑞声(688787.SH),203,17255.00,85,509.66
,,,瑞松科技(688090.SH),28912,1058468.32,36.61,194908.57
,,,福立旺(688678.SH),53130,973341.60,18.32,109590.42
,,,英方软件(688435.SH),63629,1892326.46,29.74,162738.02
,,,生益电子(688183.SH),80223,1965463.50,24.5,233484.64
,,,瑞可达(688800.SH),46048,2037624.00,44.25,306851.32
,,,禾川科技(688320.SH),56271,1984678.17,35.27,254312.15
2025-04-21,19834978.84,1021031.17,,,,,
,,,生益电子(688183.SH),80223,1980705.87,24.69,248727.01
,,,安恒信息(688023.SH),40459,1860304.82,45.98,128731.01
,,,瑞可达(688800.SH),46048,2050517.44,44.53,319744.76
,,,海天瑞声(688787.SH),203,17437.70,85.9,692.36
,,,聚和材料(688503.SH),57727,1880745.66,32.58,149580.24
,,,光云科技(688365.SH),94402,1153592.44,12.22,65471.86
,,,瑞松科技(688090.SH),28912,1075526.40,37.2,211966.65
,,,英方软件(688435.SH),63629,1896144.20,29.8,166555.76
,,,禾川科技(688320.SH),56271,1985803.59,35.29,255437.57
,,,福立旺(688678.SH),53130,992468.40,18.68,128717.22
,,,德科立(688205.SH),38137,1956809.47,51.31,224464.34
,,,凌云光(688400.SH),76002,1963891.68,25.84,233915.41
2025-04-18,19349998.21,9.93,,,,,
,,,瑞松科技(688090.SH),28912,1068298.40,36.95,204738.65
,,,毕得医药(688073.SH),27029,1021966.49,37.81,-90126.57
,,,海天瑞声(688787.SH),203,16739.38,82.46,-5.96
,,,福立旺(688678.SH),53130,964840.80,18.16,101089.62
,,,安恒信息(688023.SH),40459,1793952.06,44.34,62378.25
,,,聚和材料(688503.SH),57727,1870354.80,32.4,139189.38
,,,德科立(688205.SH),38137,1912570.55,50.15,180225.42
,,,瑞可达(688800.SH),46048,2004469.44,43.53,273696.76
,,,生益电子(688183.SH),80223,1913318.55,23.85,181339.69
,,,英方软件(688435.SH),63629,1859239.38,29.22,129650.94
,,,光云科技(688365.SH),94402,1101671.34,11.67,13550.76
,,,凌云光(688400.SH),76002,1879529.46,24.73,149553.19
,,,禾川科技(688320.SH),56271,1943037.63,34.53,212671.61
2025-04-17,19412870.13,9.93,,,,,
,,,海天瑞声(688787.SH),203,17153.50,84.5,408.16
,,,英方软件(688435.SH),63629,1866238.57,29.33,136650.13
,,,德科立(688205.SH),38137,1913333.29,50.17,180988.16
,,,聚和材料(688503.SH),57727,1836295.87,31.81,105130.45
,,,凌云光(688400.SH),76002,1879529.46,24.73,149553.19
,,,安恒信息(688023.SH),40459,1825105.49,45.11,93531.68
,,,瑞可达(688800.SH),46048,1994338.88,43.31,263566.20
,,,生益电子(688183.SH),80223,1901285.10,23.7,169306.24
,,,福立旺(688678.SH),53130,960590.40,18.08,96839.22
,,,毕得医药(688073.SH),27029,1048454.91,38.79,-63638.15
,,,瑞松科技(688090.SH),28912,1048638.24,36.27,185078.49
,,,禾川科技(688320.SH),56271,1976800.23,35.13,246434.21
,,,光云科技(688365.SH),94402,1145096.26,12.13,56975.68
2025-04-16,19485772.96,1088130.51,,,,,
,,,瑞可达(688800.SH),46048,1972235.84,42.83,241463.16
,,,毕得医药(688073.SH),27029,1060077.38,39.22,-52015.68
,,,德科立(688205.SH),38137,1927443.98,50.54,195098.85
,,,英方软件(688435.SH),63629,1867511.15,29.35,137922.71
,,,安恒信息(688023.SH),40459,1840479.91,45.49,108906.10
,,,凌云光(688400.SH),76002,1896249.90,24.95,166273.63
,,,瑞松科技(688090.SH),28912,1046614.40,36.2,183054.65
,,,海天瑞声(688787.SH),203,17052.00,84,306.66
,,,生益电子(688183.SH),80223,1923747.54,23.98,191768.68
,,,福立旺(688678.SH),53130,992468.40,18.68,128717.22
,,,禾川科技(688320.SH),56271,1989179.85,35.35,258813.83
,,,聚和材料(688503.SH),57727,1864582.10,32.3,133416.68
2025-04-15,19999391.72,13.22,,,,,
,,,英方软件(688435.SH),63629,1913324.03,30.07,183735.59
,,,聚和材料(688503.SH),57727,1890559.25,32.75,159393.83
,,,毕得医药(688073.SH),27029,1096836.82,40.58,-15256.24
,,,海天瑞声(688787.SH),203,17185.98,84.66,440.64
,,,德科立(688205.SH),38137,1959097.69,51.37,226752.56
,,,禾川科技(688320.SH),56271,2052203.37,36.47,321837.35
,,,凌云光(688400.SH),76002,1954771.44,25.72,224795.17
,,,瑞松科技(688090.SH),57824,2182856.00,37.75,455736.51
,,,安恒信息(688023.SH),40459,1887007.76,46.64,155433.95
,,,瑞可达(688800.SH),46048,2027493.44,44.03,296720.76
,,,福立旺(688678.SH),53130,1041348.00,19.6,177596.82
,,,生益电子(688183.SH),80223,1976694.72,24.64,244715.86
2025-04-14,20054523.77,1112106.28,,,,,
,,,瑞可达(688800.SH),46048,2033940.16,44.17,303167.48
,,,福立旺(688678.SH),53130,1041348.00,19.6,177596.82
,,,生益电子(688183.SH),80223,1980705.87,24.69,248727.01
,,,禾川科技(688320.SH),56271,2067959.25,36.75,337593.23
,,,聚和材料(688503.SH),57727,1911340.97,33.11,180175.55
,,,英方软件(688435.SH),63629,1916505.48,30.12,186917.04
,,,凌云光(688400.SH),76002,1944131.16,25.58,214154.89
,,,瑞松科技(688090.SH),57824,2130236.16,36.84,403116.67
,,,德科立(688205.SH),38137,1982361.26,51.98,250016.13
,,,安恒信息(688023.SH),40459,1916542.83,47.37,184969.02
,,,海天瑞声(688787.SH),203,17346.35,85.45,601.01
2025-04-11,19831233.33,34.36,,,,,
,,,海天瑞声(688787.SH),203,17141.32,84.44,395.98
,,,英方软件(688435.SH),63629,1894235.33,29.77,164646.89
,,,德科立(688205.SH),38137,1951088.92,51.16,218743.79
,,,禾川科技(688320.SH),56271,2047138.98,36.38,316772.96
,,,安恒信息(688023.SH),40459,1916138.24,47.36,184564.43
,,,生益电子(688183.SH),80223,1957441.20,24.4,225462.34
,,,福立旺(688678.SH),106261,2106093.02,19.82,378574.39
,,,聚和材料(688503.SH),57727,1881900.20,32.6,150734.78
,,,瑞可达(688800.SH),46048,2000325.12,43.44,269552.44
,,,凌云光(688400.SH),76002,1945651.20,25.6,215674.93
,,,瑞松科技(688090.SH),57824,2114045.44,36.56,386925.95
2025-04-10,19546358.71,34.36,,,,,
,,,禾川科技(688320.SH),56271,1941349.50,34.5,210983.48
,,,瑞可达(688800.SH),46048,1996180.80,43.35,265408.12
,,,凌云光(688400.SH),76002,1906130.16,25.08,176153.89
,,,海天瑞声(688787.SH),203,16879.45,83.15,134.11
,,,瑞松科技(688090.SH),57824,2075881.60,35.9,348762.11
,,,生益电子(688183.SH),80223,1926956.46,24.02,194977.60
,,,英方软件(688435.SH),63629,1876419.21,29.49,146830.77
,,,聚和材料(688503.SH),57727,1871509.34,32.42,140343.92
,,,安恒信息(688023.SH),40459,1881343.50,46.5,149769.69
,,,德科立(688205.SH),38137,1916765.62,50.26,184420.49
,,,福立旺(688678.SH),106261,2136908.71,20.11,409390.08
2025-04-09,18172614.70,16779.69,,,,,
,,,德科立(688205.SH),38137,1809600.65,47.45,77255.52
,,,凌云光(688400.SH),76002,1829368.14,24.07,99391.87
,,,安恒信息(688023.SH),40459,1874465.47,46.33,142891.66
,,,禾川科技(688320.SH),56271,1800672.00,32,70305.98
,,,英方软件(688435.SH),63629,1835060.36,28.84,105471.92
,,,瑞可达(688800.SH),46048,1829487.04,39.73,98714.36
,,,瑞松科技(688090.SH),57824,1853837.44,32.06,126717.95
,,,生益电子(688183.SH),80223,1752872.55,21.85,20893.69
,,,聚和材料(688503.SH),57727,1789537.00,31,58371.58
,,,福立旺(688678.SH),106261,1780934.36,16.76,53415.73
2025-04-08,17550721.24,3471417.81,,,,,
,,,瑞可达(688800.SH),46048,1753968.32,38.09,23195.64
,,,英方软件(688435.SH),63629,1735162.83,27.27,5574.39
,,,禾川科技(688320.SH),56271,1729207.83,30.73,-1158.19
,,,生益电子(688183.SH),80223,1752872.55,21.85,20893.69
,,,凌云光(688400.SH),76002,1752606.12,23.06,22629.85
,,,聚和材料(688503.SH),57727,1779146.14,30.82,47980.72
,,,安恒信息(688023.SH),40459,1804875.99,44.61,73302.18
,,,德科立(688205.SH),38137,1771463.65,46.45,39118.52
2025-04-07,17283025.57,15916214.85,,,,,
,,,中自科技(688737.SH),92728,1366810.72,14.74,-464133.48
2025-04-03,17777717.43,14343921.25,,,,,
,,,中自科技(688737.SH),92728,1708049.76,18.42,-122894.44
,,,晶华微(688130.SH),64178,1725746.42,26.89,-88236.85
2025-04-02,17933721.23,10925255.22,,,,,
,,,德科立(688205.SH),29081,1712289.28,58.88,-123737.18
,,,瑞可达(688800.SH),36621,1807246.35,49.35,2816.25
,,,中自科技(688737.SH),92728,1751631.92,18.89,-79312.28
,,,晶华微(688130.SH),64178,1737298.46,27.07,-76684.81
2025-04-01,17890060.10,10925255.22,,,,,
,,,瑞可达(688800.SH),36621,1779048.18,48.58,-25381.92
,,,晶华微(688130.SH),64178,1740507.36,27.12,-73475.91
,,,中自科技(688737.SH),92728,1735868.16,18.72,-95076.04
,,,德科立(688205.SH),29081,1709381.18,58.78,-126645.28
2025-03-31,17876813.87,10925255.22,,,,,
,,,晶华微(688130.SH),64178,1721895.74,26.83,-92087.53
,,,德科立(688205.SH),29081,1729156.26,59.46,-106870.20
,,,瑞可达(688800.SH),36621,1803584.25,49.25,-845.85
,,,中自科技(688737.SH),92728,1696922.40,18.3,-134021.80
2025-03-28,17954664.40,10925255.22,,,,,
,,,晶华微(688130.SH),64178,1768103.90,27.55,-45879.37
,,,德科立(688205.SH),29081,1709962.80,58.8,-126063.66
,,,瑞可达(688800.SH),36621,1816401.60,49.6,11971.50
,,,中自科技(688737.SH),92728,1734940.88,18.71,-96003.32
2025-03-27,18119807.41,12739238.49,,,,,
,,,德科立(688205.SH),29081,1750676.20,60.2,-85350.26
,,,中自科技(688737.SH),92728,1763686.56,19.02,-67257.64
,,,瑞可达(688800.SH),36621,1866206.16,50.96,61776.06
2025-03-26,18144712.54,12739238.49,,,,,
,,,中自科技(688737.SH),92728,1776668.48,19.16,-54275.72
,,,瑞可达(688800.SH),36621,1866206.16,50.96,61776.06
,,,德科立(688205.SH),29081,1762599.41,60.61,-73427.05
2025-03-25,18151325.87,9098303.08,,,,,
,,,瑞可达(688800.SH),36621,1855586.07,50.67,51155.97
,,,中自科技(688737.SH),92728,1780377.60,19.2,-50566.60
,,,晶华微(688130.SH),65837,1778915.74,27.02,-16630.38
,,,德科立(688205.SH),29081,1767543.18,60.78,-68483.28
,,,浩欧博(688656.SH),21588,1870600.20,86.65,74673.98
2025-03-24,18324254.97,9262837.48,,,,,
,,,中创股份(688695.SH),54638,1683396.78,30.81,-116686.05
,,,瑞可达(688800.SH),36621,1921137.66,52.46,116707.56
,,,晶华微(688130.SH),65837,1774965.52,26.96,-20580.60
,,,德科立(688205.SH),29081,1875433.69,64.49,39407.23
,,,浩欧博(688656.SH),21588,1806483.84,83.68,10557.62
2025-03-21,18436988.81,11098863.94,,,,,
,,,中创股份(688695.SH),54638,1741859.44,31.88,-58223.39
,,,瑞可达(688800.SH),36621,1891840.86,51.66,87410.76
,,,浩欧博(688656.SH),21588,1920900.24,88.98,124974.02
,,,晶华微(688130.SH),65837,1783524.33,27.09,-12021.79
2025-03-20,18806074.40,9330059.69,,,,,
,,,浩欧博(688656.SH),21588,2078492.64,96.28,282566.42
,,,德科立(688205.SH),28080,1779991.20,63.39,-132152.98
,,,晶华微(688130.SH),65837,1873062.65,28.45,77516.53
,,,瑞可达(688800.SH),36621,1966547.70,53.7,162117.60
,,,中创股份(688695.SH),54638,1777920.52,32.54,-22162.31
2025-03-19,18851848.03,9330059.69,,,,,
,,,中创股份(688695.SH),54638,1794858.30,32.85,-5224.53
,,,浩欧博(688656.SH),21588,2072016.24,95.98,276090.02
,,,德科立(688205.SH),28080,1777464.00,63.3,-134680.18
,,,晶华微(688130.SH),65837,1894788.86,28.78,99242.74
,,,瑞可达(688800.SH),36621,1982660.94,54.14,178230.84
2025-03-18,19138169.98,9330059.69,,,,,
,,,浩欧博(688656.SH),21588,1992356.52,92.29,196430.30
,,,德科立(688205.SH),28080,1922637.60,68.47,10493.42
,,,中创股份(688695.SH),54638,1841300.60,33.7,41217.77
,,,瑞可达(688800.SH),36621,2137933.98,58.38,333503.88
,,,晶华微(688130.SH),65837,1913881.59,29.07,118335.47
2025-03-17,19087610.26,11242203.87,,,,,
,,,浩欧博(688656.SH),21588,1951555.20,90.4,155628.98
,,,晶华微(688130.SH),65837,1960625.86,29.78,165079.74
,,,中创股份(688695.SH),54638,1850589.06,33.87,50506.23
,,,瑞可达(688800.SH),36621,2082636.27,56.87,278206.17
2025-03-14,19138678.71,8364772.42,,,,,
,,,瑞可达(688800.SH),36621,2132807.04,58.24,328376.94
,,,晶华微(688130.SH),65837,1966551.19,29.87,171005.07
,,,巨一科技(688162.SH),68116,1909972.64,28.04,156046.78
,,,浩欧博(688656.SH),21588,1951555.20,90.4,155628.98
,,,中创股份(688695.SH),54638,1813435.22,33.19,13352.39
,,,晶品特装(688084.SH),13740,999585.00,72.75,122471.14
2025-03-13,19095381.75,6714621.63,,,,,
,,,巨一科技(688162.SH),68116,1858204.48,27.28,104278.62
,,,瑞可达(688800.SH),36621,2161371.42,59.02,356941.32
,,,晶品特装(688084.SH),13740,955067.40,69.51,77953.54
,,,中创股份(688695.SH),54638,1839661.46,33.67,39578.63
,,,晶华微(688130.SH),65837,1977085.11,30.03,181538.99
,,,浩欧博(688656.SH),21588,1937523.00,89.75,141596.78
,,,德科立(688205.SH),25085,1651847.25,65.85,-148622.25
2025-03-12,19295100.70,6714621.63,,,,,
,,,晶华微(688130.SH),65837,1897422.34,28.82,101876.22
,,,晶品特装(688084.SH),13740,1054545.00,76.75,177431.14
,,,浩欧博(688656.SH),21588,1980483.12,91.74,184556.90
,,,巨一科技(688162.SH),68116,1937900.20,28.45,183974.34
,,,中创股份(688695.SH),54638,1861516.66,34.07,61433.83
,,,瑞可达(688800.SH),36621,2124018.00,58,319587.90
,,,德科立(688205.SH),25085,1724593.75,68.75,-75875.75
2025-03-11,19207698.30,3543876.43,,,,,
,,,浩欧博(688656.SH),21588,2097274.20,97.15,301347.98
,,,晶华微(688130.SH),65837,1915856.70,29.1,120310.58
,,,中创股份(688695.SH),54638,1808517.80,33.1,8434.97
,,,巨一科技(688162.SH),68116,1897030.60,27.85,143104.74
,,,上海谊众(688091.SH),48098,2069656.94,43.03,334145.39
,,,德科立(688205.SH),25085,1793075.80,71.48,-7393.70
,,,晶品特装(688084.SH),27481,2130876.74,77.54,376585.19
,,,瑞可达(688800.SH),36621,1951533.09,53.29,147102.99
2025-03-10,19440904.07,3543876.43,,,,,
,,,浩欧博(688656.SH),21588,2138939.04,99.08,343012.82
,,,晶华微(688130.SH),65837,1836193.93,27.89,40647.81
,,,瑞可达(688800.SH),36621,2069818.92,56.52,265388.82
,,,晶品特装(688084.SH),27481,2131151.55,77.55,376860.00
,,,德科立(688205.SH),25085,1907965.10,76.06,107495.60
,,,巨一科技(688162.SH),68116,1976045.16,29.01,222119.30
,,,上海谊众(688091.SH),48098,2011458.36,41.82,275946.81
,,,中创股份(688695.SH),54638,1825455.58,33.41,25372.75
2025-03-07,18816575.96,3543876.43,,,,,
,,,晶品特装(688084.SH),27481,1998418.32,72.72,244126.77
,,,上海谊众(688091.SH),48098,1991257.20,41.4,255745.65
,,,中创股份(688695.SH),54638,1851135.44,33.88,51052.61
,,,德科立(688205.SH),25085,1799096.20,71.72,-1373.30
,,,晶华微(688130.SH),65837,1825660.01,27.73,30113.89
,,,瑞可达(688800.SH),36621,1882319.40,51.4,77889.30
,,,巨一科技(688162.SH),68116,1871146.52,27.47,117220.66
,,,浩欧博(688656.SH),21588,2053666.44,95.13,257740.22
2025-03-06,18729141.47,3543876.43,,,,,
,,,浩欧博(688656.SH),21588,2013296.88,93.26,217370.66
,,,瑞可达(688800.SH),36621,1895502.96,51.76,91072.86
,,,晶华微(688130.SH),65837,1800641.95,27.35,5095.83
,,,巨一科技(688162.SH),68116,1805755.16,26.51,51829.30
,,,上海谊众(688091.SH),48098,1977789.76,41.12,242278.21
,,,中创股份(688695.SH),54638,1896484.98,34.71,96402.15
,,,德科立(688205.SH),25085,1848764.50,73.7,48295.00
,,,晶品特装(688084.SH),27481,1947028.85,70.85,192737.30
2025-03-05,18488661.86,3543876.43,,,,,
,,,浩欧博(688656.SH),21588,1928887.80,89.35,132961.58
,,,中创股份(688695.SH),54638,1837475.94,33.63,37393.11
,,,德科立(688205.SH),25085,1810133.60,72.16,9664.10
,,,瑞可达(688800.SH),36621,1890009.81,51.61,85579.71
,,,晶品特装(688084.SH),27481,1983578.58,72.18,229287.03
,,,晶华微(688130.SH),65837,1786816.18,27.14,-8729.94
,,,上海谊众(688091.SH),48098,1940273.32,40.34,204761.77
,,,巨一科技(688162.SH),68116,1767610.20,25.95,13684.34
2025-03-04,18612564.95,3543876.43,,,,,
,,,中创股份(688695.SH),54638,1844032.50,33.75,43949.67
,,,德科立(688205.SH),25085,1733373.50,69.1,-67096.00
,,,瑞可达(688800.SH),36621,1856318.49,50.69,51888.39
,,,上海谊众(688091.SH),48098,1971056.04,40.98,235544.49
,,,巨一科技(688162.SH),68116,1764204.40,25.9,10278.54
,,,浩欧博(688656.SH),21588,2117566.92,98.09,321640.70
,,,晶华微(688130.SH),65837,1798008.47,27.31,2462.35
,,,晶品特装(688084.SH),27481,1984128.20,72.2,229836.65
2025-03-03,18138541.33,5348306.54,,,,,
,,,德科立(688205.SH),25085,1733122.65,69.09,-67346.85
,,,晶华微(688130.SH),65837,1709128.52,25.96,-86417.60
,,,巨一科技(688162.SH),68116,1780552.24,26.14,26626.38
,,,中创股份(688695.SH),54638,1759889.98,32.21,-40192.85
,,,上海谊众(688091.SH),48098,1986928.38,41.31,251416.83
,,,晶品特装(688084.SH),27481,1750539.70,63.7,-3751.85
,,,浩欧博(688656.SH),21588,2070073.32,95.89,274147.10
2025-02-28,17972213.31,8948858.86,,,,,
,,,上海谊众(688091.SH),48098,1986928.38,41.31,251416.83
,,,晶华微(688130.SH),65837,1702544.82,25.86,-93001.30
,,,浩欧博(688656.SH),21588,1883337.12,87.24,87410.90
,,,巨一科技(688162.SH),68116,1751943.52,25.72,-1982.34
,,,晶品特装(688084.SH),27481,1698600.61,61.81,-55690.94
2025-02-27,18260652.95,8948858.86,,,,,
,,,晶华微(688130.SH),65837,1798666.84,27.32,3120.72
,,,晶品特装(688084.SH),27481,1763455.77,64.17,9164.22
,,,浩欧博(688656.SH),21588,1932557.76,89.52,136631.54
,,,上海谊众(688091.SH),48098,1952778.80,40.6,217267.25
,,,巨一科技(688162.SH),68116,1864334.92,27.37,110409.06
2025-02-26,18168419.42,8948858.86,,,,,
,,,晶品特装(688084.SH),27481,1874204.20,68.2,119912.65
,,,上海谊众(688091.SH),48098,1898428.06,39.47,162916.51
,,,浩欧博(688656.SH),21588,1757047.32,81.39,-38878.90
,,,巨一科技(688162.SH),68116,1860929.12,27.32,107003.26
,,,晶华微(688130.SH),65837,1828951.86,27.78,33405.74
2025-02-25,18035470.07,8948858.86,,,,,
,,,浩欧博(688656.SH),21588,1740424.56,80.62,-55501.66
,,,巨一科技(688162.SH),68116,1860247.96,27.31,106322.10
,,,晶华微(688130.SH),65837,1799325.21,27.33,3779.09
,,,晶品特装(688084.SH),27481,1813196.38,65.98,58904.83
,,,上海谊众(688091.SH),48098,1873417.10,38.95,137905.55
2025-02-24,18124779.15,8948858.86,,,,,
,,,浩欧博(688656.SH),21588,1719484.20,79.65,-76442.02
,,,晶华微(688130.SH),65837,1791424.77,27.21,-4121.35
,,,上海谊众(688091.SH),48098,1899390.02,39.49,163878.47
,,,巨一科技(688162.SH),68116,1910653.80,28.05,156727.94
,,,晶品特装(688084.SH),27481,1854967.50,67.5,100675.95
2025-02-21,17939820.31,10783343.87,,,,,
,,,巨一科技(688162.SH),68116,1941306.00,28.5,187380.14
,,,国博电子(688375.SH),35256,1794530.40,50.9,187752.01
,,,晶品特装(688084.SH),27481,1747791.60,63.6,-6499.95
,,,上海谊众(688091.SH),48098,1672848.44,34.78,-62663.11
2025-02-20,17870718.57,10783343.87,,,,,
,,,上海谊众(688091.SH),48098,1641584.74,34.13,-93926.81
,,,国博电子(688375.SH),35256,1762447.44,49.99,155669.05
,,,巨一科技(688162.SH),68116,1891581.32,27.77,137655.46
,,,晶品特装(688084.SH),27481,1791761.20,65.2,37469.65
2025-02-19,17840565.82,9622182.95,,,,,
,,,国博电子(688375.SH),35256,1740236.16,49.36,133457.77
,,,晶品特装(688084.SH),27481,1778020.70,64.7,23729.15
,,,和林微纳(688661.SH),23873,1159511.61,48.57,318205.86
,,,巨一科技(688162.SH),68116,1912016.12,28.07,158090.26
,,,上海谊众(688091.SH),48098,1628598.28,33.86,-106913.27
2025-02-18,17495297.96,9622182.95,,,,,
,,,国博电子(688375.SH),35256,1703569.92,48.32,96791.53
,,,上海谊众(688091.SH),48098,1616092.80,33.6,-119418.75
,,,晶品特装(688084.SH),27481,1679913.53,61.13,-74378.02
,,,和林微纳(688661.SH),23873,1001711.08,41.96,160405.33
,,,巨一科技(688162.SH),68116,1871827.68,27.48,117901.82
2025-02-17,17745028.67,9622182.95,,,,,
,,,上海谊众(688091.SH),48098,1648318.46,34.27,-87193.09
,,,晶品特装(688084.SH),27481,1769776.40,64.4,15484.85
,,,巨一科技(688162.SH),68116,1873871.16,27.51,119945.30
,,,国博电子(688375.SH),35256,1739883.60,49.35,133105.21
,,,和林微纳(688661.SH),23873,1090996.10,45.7,249690.35
2025-02-14,17672880.93,8622617.82,,,,,
,,,晶品特装(688084.SH),27481,1739547.30,63.3,-14744.25
,,,上海谊众(688091.SH),48098,1669000.60,34.7,-66510.95
,,,和林微纳(688661.SH),23873,1027732.65,43.05,186426.90
,,,国博电子(688375.SH),35256,1732832.40,49.15,126054.01
,,,巨一科技(688162.SH),68116,1881363.92,27.62,127438.06
,,,国光电气(688776.SH),19286,999786.24,51.84,65058.02
2025-02-13,17551347.41,12130835.23,,,,,
,,,国光电气(688776.SH),19286,1000943.40,51.9,66215.18
,,,国博电子(688375.SH),35256,1720845.36,48.81,114066.97
,,,和林微纳(688661.SH),23873,1051366.92,44.04,210061.17
,,,上海谊众(688091.SH),48098,1647356.50,34.25,-88155.05
2025-02-12,17629018.17,11064851.43,,,,,
,,,上海谊众(688091.SH),48098,1689201.76,35.12,-46309.79
,,,国博电子(688375.SH),35256,1777254.96,50.41,170476.57
,,,国光电气(688776.SH),19286,1005957.76,52.16,71229.54
,,,和林微纳(688661.SH),47746,2091752.26,43.81,409140.77
2025-02-11,17602320.59,11064851.43,,,,,
,,,国光电气(688776.SH),19286,990721.82,51.37,55993.60
,,,和林微纳(688661.SH),47746,2054032.92,43.02,371421.43
,,,国博电子(688375.SH),35256,1785716.40,50.65,178938.01
,,,上海谊众(688091.SH),48098,1706998.02,35.49,-28513.53
2025-02-10,17517651.25,11064851.43,,,,,
,,,国光电气(688776.SH),19286,990528.96,51.36,55800.74
,,,和林微纳(688661.SH),47746,1939919.98,40.63,257308.49
,,,上海谊众(688091.SH),48098,1754615.04,36.48,19103.49
,,,国博电子(688375.SH),35256,1767735.84,50.14,160957.45
2025-02-07,17238722.73,11619835.83,,,,,
,,,江苏北人(688218.SH),3091,74184.00,24,12469.63
,,,国博电子(688375.SH),35256,1726133.76,48.96,119355.37
,,,恒烁股份(688416.SH),24156,1035567.72,42.87,248933.70
,,,国光电气(688776.SH),19286,970085.80,50.3,35357.58
,,,和林微纳(688661.SH),47746,1812915.62,37.97,130304.13
2025-02-06,17191259.02,10593117.85,,,,,
,,,江苏北人(688218.SH),3091,73256.70,23.7,11542.33
,,,瑞松科技(688090.SH),23433,1019101.17,43.49,260473.98
,,,恒烁股份(688416.SH),24156,1029045.60,42.6,242411.58
,,,国光电气(688776.SH),19286,968157.20,50.2,33428.98
,,,和林微纳(688661.SH),47746,1788087.70,37.45,105476.21
,,,国博电子(688375.SH),35256,1720492.80,48.8,113714.41
2025-02-05,16876913.44,9408207.78,,,,,
,,,国博电子(688375.SH),35256,1609788.96,45.66,3010.57
,,,江苏北人(688218.SH),3091,69671.14,22.54,7956.77
,,,国光电气(688776.SH),19286,929585.20,48.2,-5143.02
,,,星环科技(688031.SH),18968,947072.24,49.93,177100.91
,,,恒烁股份(688416.SH),48312,1995768.72,41.31,422500.69
,,,瑞松科技(688090.SH),46866,1916819.40,40.9,399565.02
2025-01-27,16137660.49,2022313.04,,,,,
,,,国光电气(688776.SH),19286,925920.86,48.01,-8807.36
,,,欧莱新材(688530.SH),91087,1580359.45,17.35,41099.54
,,,锴威特(688693.SH),50719,1539321.65,30.35,-999.58
,,,瑞松科技(688090.SH),46866,1751851.08,37.38,234596.70
,,,恒烁股份(688416.SH),48312,1722805.92,35.66,149537.89
,,,国博电子(688375.SH),35256,1588282.80,45.05,-18495.59
,,,晶品特装(688084.SH),30489,1524450.00,50,-15119.62
,,,星环科技(688031.SH),37936,1767817.60,46.6,227874.94
,,,泽璟制药(688266.SH),25052,1648421.60,65.8,79069.44
,,,江苏北人(688218.SH),3091,66116.49,21.39,4402.12
2025-01-24,16618228.52,2022313.04,,,,,
,,,国博电子(688375.SH),35256,1657032.00,47,50253.61
,,,欧莱新材(688530.SH),91087,1634100.78,17.94,94840.87
,,,晶品特装(688084.SH),30489,1594269.81,52.29,54700.19
,,,瑞松科技(688090.SH),46866,1813714.20,38.7,296459.82
,,,泽璟制药(688266.SH),25052,1655185.64,66.07,85833.48
,,,星环科技(688031.SH),37936,1824721.60,48.1,284778.94
,,,国光电气(688776.SH),19286,962371.40,49.9,27643.18
,,,锴威特(688693.SH),50719,1615907.34,31.86,75586.11
,,,恒烁股份(688416.SH),48312,1767736.08,36.59,194468.05
,,,江苏北人(688218.SH),3091,70876.63,22.93,9162.26
2025-01-23,16093453.76,2018745.13,,,,,
,,,国博电子(688375.SH),35256,1653153.84,46.89,46375.45
,,,欧莱新材(688530.SH),91087,1611329.03,17.69,72069.12
,,,国光电气(688776.SH),19286,955621.30,49.55,17325.17
,,,瑞松科技(688090.SH),46866,1732167.36,36.96,214912.98
,,,锴威特(688693.SH),50719,1590547.84,31.36,50226.61
,,,恒烁股份(688416.SH),48312,1729569.60,35.8,156301.57
,,,江苏北人(688218.SH),3091,68774.75,22.25,7060.38
,,,泽璟制药(688266.SH),25052,1629632.60,65.05,60280.44
,,,星环科技(688031.SH),37936,1555376.00,41,15433.34
,,,晶品特装(688084.SH),30489,1548536.31,50.79,8966.69
2025-01-22,15935321.20,2226598.74,,,,,
,,,星环科技(688031.SH),37936,1506817.92,39.72,-33124.74
,,,江苏北人(688218.SH),3091,66240.13,21.43,4525.76
,,,欧莱新材(688530.SH),91087,1606774.68,17.64,67514.77
,,,锴威特(688693.SH),50719,1595112.55,31.45,54791.32
,,,ST思科瑞(688053.SH),59853,1387991.07,23.19,-128573.77
,,,晶品特装(688084.SH),30489,1509510.39,49.51,-30059.23
,,,恒烁股份(688416.SH),48312,1720873.44,35.62,147605.41
,,,泽璟制药(688266.SH),25052,1638400.80,65.4,69048.64
,,,瑞松科技(688090.SH),46866,1708265.70,36.45,191011.32
,,,国光电气(688776.SH),19286,968735.78,50.23,30439.65
2025-01-21,16154785.78,39.58,,,,,
,,,大全能源(688303.SH),57059,1174844.81,20.59,-94779.18
,,,ST思科瑞(688053.SH),59853,1411932.27,23.59,-104632.57
,,,星环科技(688031.SH),37936,1544374.56,40.71,4431.90
,,,华依科技(688071.SH),32463,1084264.20,33.4,325810.78
,,,欧莱新材(688530.SH),91087,1632279.04,17.92,93019.13
,,,江苏北人(688218.SH),3091,68311.10,22.1,6596.73
,,,晶品特装(688084.SH),30489,1545792.30,50.7,6222.68
,,,锴威特(688693.SH),50719,1648367.50,32.5,108046.27
,,,瑞松科技(688090.SH),46866,1736853.96,37.06,219599.58
,,,国光电气(688776.SH),19286,940578.22,48.77,2282.09
,,,恒烁股份(688416.SH),48312,1711211.04,35.42,137943.01
,,,泽璟制药(688266.SH),25052,1655937.20,66.1,86585.04
2025-01-20,16128701.96,39.58,,,,,
,,,欧莱新材(688530.SH),91087,1639566.00,18,100306.09
,,,ST思科瑞(688053.SH),59853,1446048.48,24.16,-70516.36
,,,国光电气(688776.SH),19286,911070.64,47.24,-27225.49
,,,大全能源(688303.SH),57059,1270703.93,22.27,1079.94
,,,泽璟制药(688266.SH),25052,1650676.28,65.89,81324.12
,,,华依科技(688071.SH),32463,1012845.60,31.2,254392.18
,,,恒烁股份(688416.SH),48312,1633911.84,33.82,60643.81
,,,星环科技(688031.SH),37936,1559169.60,41.1,19226.94
,,,瑞松科技(688090.SH),46866,1746227.16,37.26,228972.78
,,,江苏北人(688218.SH),3091,66209.22,21.42,4494.85
,,,锴威特(688693.SH),50719,1645831.55,32.45,105510.32
,,,晶品特装(688084.SH),30489,1546402.08,50.72,6832.46
2025-01-17,16347417.20,39.58,,,,,
,,,星环科技(688031.SH),37936,1559169.60,41.1,19226.94
,,,欧莱新材(688530.SH),91087,1647763.83,18.09,108503.92
,,,华依科技(688071.SH),32463,962527.95,29.65,204074.53
,,,锴威特(688693.SH),50719,1657496.92,32.68,117175.69
,,,国光电气(688776.SH),19286,923606.54,47.89,-14689.59
,,,ST思科瑞(688053.SH),59853,1649548.68,27.56,132983.84
,,,泽璟制药(688266.SH),25052,1603328.00,64,33975.84
,,,瑞松科技(688090.SH),46866,1769191.50,37.75,251937.12
,,,江苏北人(688218.SH),3091,67229.25,21.75,5514.88
,,,晶品特装(688084.SH),30489,1545182.52,50.68,5612.90
,,,大全能源(688303.SH),57059,1328904.11,23.29,59280.12
,,,恒烁股份(688416.SH),48312,1633428.72,33.81,60160.69
2025-01-16,16281098.56,39.58,,,,,
,,,锴威特(688693.SH),50719,1645324.36,32.44,105003.13
,,,恒烁股份(688416.SH),48312,1591397.28,32.94,18129.25
,,,江苏北人(688218.SH),3091,67229.25,21.75,5514.88
,,,欧莱新材(688530.SH),91087,1625902.95,17.85,86643.04
,,,ST思科瑞(688053.SH),59853,1638775.14,27.38,122210.30
,,,晶品特装(688084.SH),30489,1524450.00,50,-15119.62
,,,星环科技(688031.SH),37936,1572826.56,41.46,32883.90
,,,国光电气(688776.SH),19286,929006.62,48.17,-9289.51
,,,华依科技(688071.SH),32463,975188.52,30.04,216735.10
,,,大全能源(688303.SH),57059,1380827.80,24.2,111203.81
,,,泽璟制药(688266.SH),25052,1538443.32,61.41,-30908.84
,,,瑞松科技(688090.SH),46866,1791687.18,38.23,274432.80
2025-01-15,16413460.79,938335.71,,,,,
,,,星环科技(688031.SH),37936,1569791.68,41.38,29849.02
,,,大全能源(688303.SH),57059,1319204.08,23.12,49580.09
,,,欧莱新材(688530.SH),91087,1636833.39,17.97,97573.48
,,,锴威特(688693.SH),50719,1644817.17,32.43,104495.94
,,,泽璟制药(688266.SH),25052,1581031.72,63.11,11679.56
,,,华依科技(688071.SH),32463,986225.94,30.38,227772.52
,,,江苏北人(688218.SH),3091,68682.02,22.22,6967.65
,,,晶品特装(688084.SH),30489,1553109.66,50.94,13540.04
,,,ST思科瑞(688053.SH),59853,1626804.54,27.18,110239.70
,,,恒烁股份(688416.SH),48312,1657101.60,34.3,83833.57
,,,瑞松科技(688090.SH),46866,1831523.28,39.08,314268.90
2025-01-14,16446679.46,1269636.96,,,,,
,,,欧莱新材(688530.SH),91087,1645031.22,18.06,105771.31
,,,ST思科瑞(688053.SH),59853,1657928.10,27.7,141363.26
,,,瑞松科技(688090.SH),46866,1852612.98,39.53,335358.60
,,,晶品特装(688084.SH),30489,1616831.67,53.03,77262.05
,,,江苏北人(688218.SH),3091,69300.22,22.42,7585.85
,,,华依科技(688071.SH),64926,1893242.16,29.16,376335.31
,,,星环科技(688031.SH),37936,1560687.04,41.14,20744.38
,,,恒烁股份(688416.SH),48312,1640192.40,33.95,66924.37
,,,泽璟制药(688266.SH),25052,1589298.88,63.44,19946.72
,,,锴威特(688693.SH),50719,1651917.83,32.57,111596.60
2025-01-13,15675960.64,2842904.99,,,,,
,,,瑞松科技(688090.SH),46866,1776690.06,37.91,259435.68
,,,欧莱新材(688530.SH),91087,1552122.48,17.04,12862.57
,,,晶品特装(688084.SH),30489,1551280.32,50.88,11710.70
,,,泽璟制药(688266.SH),25052,1530677.20,61.1,-38674.96
,,,华依科技(688071.SH),64926,1786114.26,27.51,269207.41
,,,江苏北人(688218.SH),3091,62932.76,20.36,1218.39
,,,锴威特(688693.SH),50719,1538307.27,30.33,-2013.96
,,,星环科技(688031.SH),37936,1463191.52,38.57,-76751.14
,,,ST思科瑞(688053.SH),59853,1571739.78,26.26,55174.94
2025-01-10,15654088.39,18.21,,,,,
,,,晶品特装(688084.SH),30489,1649150.01,54.09,109580.39
,,,星环科技(688031.SH),37936,1448775.84,38.19,-91166.82
,,,江苏北人(688218.SH),3091,62160.01,20.11,445.64
,,,恒烁股份(688416.SH),45158,1458151.82,32.29,-80752.46
,,,威胜信息(688100.SH),43383,1437712.62,33.14,-132016.71
,,,ST思科瑞(688053.SH),59853,1580717.73,26.41,64152.89
,,,欧莱新材(688530.SH),91087,1543013.78,16.94,3753.87
,,,瑞松科技(688090.SH),46866,1663743.00,35.5,146488.62
,,,华依科技(688071.SH),64926,1785465.00,27.5,268558.15
,,,锴威特(688693.SH),50719,1541350.41,30.39,1029.18
,,,泽璟制药(688266.SH),25052,1483829.96,59.23,-85522.20
2025-01-09,16009774.13,18.21,,,,,
,,,威胜信息(688100.SH),43383,1468080.72,33.84,-101648.61
,,,ST思科瑞(688053.SH),59853,1619023.65,27.05,102458.81
,,,晶品特装(688084.SH),30489,1680858.57,55.13,141288.95
,,,泽璟制药(688266.SH),25052,1487838.28,59.39,-81513.88
,,,华依科技(688071.SH),64926,1761442.38,27.13,244535.53
,,,锴威特(688693.SH),50719,1602213.21,31.59,61891.98
,,,瑞松科技(688090.SH),46866,1710140.34,36.49,192885.96
,,,江苏北人(688218.SH),3091,63210.95,20.45,1496.58
,,,欧莱新材(688530.SH),91087,1586735.54,17.42,47475.63
,,,恒烁股份(688416.SH),45158,1543500.44,34.18,4596.16
,,,星环科技(688031.SH),37936,1486711.84,39.19,-53230.82
2025-01-08,15873905.53,61732.59,,,,,
,,,星环科技(688031.SH),37936,1551203.04,40.89,11260.38
,,,恒烁股份(688416.SH),45158,1524985.66,33.77,-13918.62
,,,锴威特(688693.SH),50719,1598155.69,31.51,57834.46
,,,泽璟制药(688266.SH),25052,1485082.56,59.28,-84269.60
,,,瑞松科技(688090.SH),46866,1687644.66,36.01,170390.28
,,,ST思科瑞(688053.SH),59853,1587900.09,26.53,71335.25
,,,华依科技(688071.SH),64926,1685478.96,25.96,168572.11
,,,威胜信息(688100.SH),43383,1475022.00,34,-94707.33
,,,欧莱新材(688530.SH),91087,1581270.32,17.36,42010.41
,,,晶品特装(688084.SH),30489,1635429.96,53.64,95860.34
2025-01-07,15811765.13,61732.59,,,,,
,,,泽璟制药(688266.SH),25052,1551470.36,61.93,-17881.80
,,,威胜信息(688100.SH),43383,1531853.73,35.31,-37875.60
,,,瑞松科技(688090.SH),46866,1615939.68,34.48,98685.30
,,,华依科技(688071.SH),64926,1673792.28,25.78,156885.43
,,,晶品特装(688084.SH),30489,1576891.08,51.72,37321.46
,,,ST思科瑞(688053.SH),59853,1575929.49,26.33,59364.65
,,,星环科技(688031.SH),37936,1542098.40,40.65,2155.74
,,,恒烁股份(688416.SH),45158,1497890.86,33.17,-41013.42
,,,欧莱新材(688530.SH),91087,1593111.63,17.49,53851.72
,,,锴威特(688693.SH),50719,1591055.03,31.37,50733.80
2025-01-06,15170123.76,4612458.66,,,,,
,,,晶品特装(688084.SH),30489,1542743.40,50.6,3173.78
,,,恒烁股份(688416.SH),45158,1431508.60,31.7,-107395.68
,,,威胜信息(688100.SH),43383,1553111.40,35.8,-16617.93
,,,欧莱新材(688530.SH),91087,1544835.52,16.96,5575.61
,,,锴威特(688693.SH),50719,1479980.42,29.18,-60340.81
,,,泽璟制药(688266.SH),25052,1519153.28,60.64,-50198.88
,,,星环科技(688031.SH),37936,1486332.48,39.18,-53610.18
2025-01-03,15402712.00,9432081.20,,,,,
,,,瑞松科技(688090.SH),43810,1430396.50,32.65,-158295.86
,,,威胜信息(688100.SH),43383,1545302.46,35.62,-24426.87
,,,华依科技(688071.SH),62381,1452229.68,23.28,-107131.69
,,,泽璟制药(688266.SH),25052,1542702.16,61.58,-26650.00
2025-01-02,15580366.26,10991442.58,,,,,
,,,泽璟制药(688266.SH),25052,1530176.16,61.08,-39176.00
,,,瑞松科技(688090.SH),43810,1538607.20,35.12,-50085.16
,,,威胜信息(688100.SH),43383,1520140.32,35.04,-49589.01
2024-12-31,15700717.89,12703082.49,,,,,
,,,欧莱新材(688530.SH),77835,1441504.20,18.52,-153883.47
,,,瑞松科技(688090.SH),43810,1556131.20,35.52,-32561.16
2024-12-30,15866597.64,12703082.49,,,,,
,,,瑞松科技(688090.SH),43810,1623160.50,37.05,34468.14
,,,欧莱新材(688530.SH),77835,1540354.65,19.79,-55033.02
2024-12-27,15939154.66,14298470.16,,,,,
,,,瑞松科技(688090.SH),43810,1640684.50,37.45,51992.14
2024-12-26,15887162.52,15887162.52,,,,,
2024-12-25,15892701.88,14456764.24,,,,,
,,,瑞松科技(688090.SH),40358,1435937.64,35.58,-170365.52
2024-12-24,15961714.06,14456764.24,,,,,
,,,瑞松科技(688090.SH),40358,1504949.82,37.29,-101353.34
2024-12-23,15953238.88,14456764.24,,,,,
,,,瑞松科技(688090.SH),40358,1496474.64,37.08,-109828.52
2024-12-20,16063416.22,14456764.24,,,,,
,,,瑞松科技(688090.SH),40358,1606651.98,39.81,348.82
2024-12-19,16048887.34,14456764.24,,,,,
,,,瑞松科技(688090.SH),40358,1592123.10,39.45,-14180.06
2024-12-18,16063067.40,16063067.40,,,,,
2024-12-17,16056585.98,14567447.07,,,,,
,,,瑞松科技(688090.SH),36869,1489138.91,40.39,-129438.44
2024-12-16,16151339.31,14567447.07,,,,,
,,,瑞松科技(688090.SH),36869,1583892.24,42.96,-34685.11
2024-12-13,16188945.69,14567447.07,,,,,
,,,瑞松科技(688090.SH),36869,1621498.62,43.98,2921.27
2024-12-12,16186024.42,16186024.42,,,,,
2024-12-11,16190586.92,14703695.92,,,,,
,,,瑞松科技(688090.SH),34150,1486891.00,43.54,-146838.43
2024-12-10,16278693.92,14703695.92,,,,,
,,,瑞松科技(688090.SH),34150,1574998.00,46.12,-58731.43
2024-12-09,16337425.35,16337425.35,,,,,
2024-12-06,16337425.35,16337425.35,,,,,
2024-12-05,16337425.35,16337425.35,,,,,
2024-12-04,16337425.35,16337425.35,,,,,
2024-12-03,16338719.09,15888396.17,,,,,
,,,三旺通信(688618.SH),19179,450322.92,23.48,31835.53
2024-12-02,16336801.19,15888396.17,,,,,
,,,三旺通信(688618.SH),19179,448405.02,23.38,29917.63
2024-11-29,16332913.95,12930424.46,,,,,
,,,科威尔(688551.SH),47236,1447311.04,30.64,40227.41
,,,三旺通信(688618.SH),19179,442075.95,23.05,23588.56
,,,键凯科技(688356.SH),25865,1513102.50,58.5,61330.22
2024-11-28,16262178.19,12930424.46,,,,,
,,,键凯科技(688356.SH),25865,1478184.75,57.15,26412.47
,,,三旺通信(688618.SH),19179,428458.86,22.34,9971.47
,,,科威尔(688551.SH),47236,1425110.12,30.17,18026.49
2024-11-27,16297306.07,12930424.46,,,,,
,,,键凯科技(688356.SH),25865,1494997.00,57.8,43224.72
,,,科威尔(688551.SH),47236,1437863.84,30.44,30780.21
,,,三旺通信(688618.SH),19179,434020.77,22.63,15533.38
2024-11-26,16237763.30,12930424.46,,,,,
,,,三旺通信(688618.SH),19179,428650.65,22.35,10163.26
,,,科威尔(688551.SH),47236,1411884.04,29.89,4800.41
,,,键凯科技(688356.SH),25865,1466804.15,56.71,15031.87
2024-11-25,16240262.12,12930424.46,,,,,
,,,键凯科技(688356.SH),25865,1470425.25,56.85,18652.97
,,,科威尔(688551.SH),47236,1409994.60,29.85,2910.97
,,,三旺通信(688618.SH),19179,429417.81,22.39,10930.42
2024-11-22,16205117.65,12930424.46,,,,,
,,,键凯科技(688356.SH),25865,1448698.65,56.01,-3073.63
,,,三旺通信(688618.SH),19179,429226.02,22.38,10738.63
,,,科威尔(688551.SH),47236,1396768.52,29.57,-10315.11
2024-11-21,16387214.83,12930424.46,,,,,
,,,三旺通信(688618.SH),19179,443610.27,23.13,25122.88
,,,键凯科技(688356.SH),25865,1544140.50,59.7,92368.22
,,,科威尔(688551.SH),47236,1469039.60,31.1,61955.97
2024-11-20,16389723.55,12930424.46,,,,,
,,,键凯科技(688356.SH),25865,1557073.00,60.2,105300.72
,,,科威尔(688551.SH),47236,1454396.44,30.79,47312.81
,,,三旺通信(688618.SH),19179,447829.65,23.35,29342.26
2024-11-19,16343231.49,12930424.46,,,,,
,,,三旺通信(688618.SH),19179,440158.05,22.95,21670.66
,,,键凯科技(688356.SH),25865,1523448.50,58.9,71676.22
,,,科威尔(688551.SH),47236,1449200.48,30.68,42116.85
2024-11-18,16255293.66,12930424.46,,,,,
,,,三旺通信(688618.SH),19179,425006.64,22.16,6519.25
,,,键凯科技(688356.SH),25865,1501204.60,58.04,49432.32
,,,科威尔(688551.SH),47236,1398657.96,29.61,-8425.67
2024-11-15,16388829.33,12930424.46,,,,,
,,,科威尔(688551.SH),47236,1439753.28,30.48,32669.65
,,,键凯科技(688356.SH),25865,1568712.25,60.65,116939.97
,,,三旺通信(688618.SH),19179,449939.34,23.46,31451.95
2024-11-14,16564729.89,12930424.46,,,,,
,,,键凯科技(688356.SH),25865,1653290.80,63.92,201518.52
,,,科威尔(688551.SH),47236,1520526.84,32.19,113443.21
,,,三旺通信(688618.SH),19179,460487.79,24.01,42000.40
2024-11-13,16735534.67,12114565.88,,,,,
,,,科威尔(688551.SH),47236,1594687.36,33.76,187603.73
,,,键凯科技(688356.SH),25865,1729075.25,66.85,277302.97
,,,三旺通信(688618.SH),19179,482735.43,25.17,64248.04
,,,ST瀚川(688022.SH),58385,814470.75,13.95,185388.05
2024-11-12,16655212.56,7623817.45,,,,,
,,,ST瀚川(688022.SH),58385,782942.85,13.41,153860.15
,,,艾迪药业(688488.SH),145042,1475077.14,10.17,204493.67
,,,蓝特光学(688127.SH),32545,827293.90,25.42,191858.77
,,,科威尔(688551.SH),47236,1557843.28,32.98,150759.65
,,,华特气体(688268.SH),24770,1440375.50,58.15,169233.82
,,,键凯科技(688356.SH),25865,1689760.45,65.33,237988.17
,,,三旺通信(688618.SH),19179,473913.09,24.71,55425.70
,,,奥普特(688686.SH),11370,784188.90,68.97,148055.37
2024-11-11,16778105.45,2499870.43,,,,,
,,,京仪装备(688652.SH),14151,917126.31,64.81,281135.67
,,,利元亨(688499.SH),59028,1749589.92,29.64,476976.59
,,,蓝特光学(688127.SH),32545,833802.90,25.62,198367.77
,,,科威尔(688551.SH),47236,1584767.80,33.55,177684.17
,,,和元生物(688238.SH),130549,857706.93,6.57,210002.69
,,,三旺通信(688618.SH),19179,493283.88,25.72,74796.49
,,,奥普特(688686.SH),22741,1604604.96,70.56,332281.95
,,,键凯科技(688356.SH),25865,1680707.70,64.98,228935.42
,,,艾迪药业(688488.SH),145042,1451870.42,10.01,181286.95
,,,华特气体(688268.SH),24770,1505025.20,60.76,233883.52
,,,ST瀚川(688022.SH),116770,1599749.00,13.7,341583.61
2024-11-08,15741850.30,814867.94,,,,,
,,,艾迪药业(688488.SH),145042,1421411.60,9.8,150828.13
,,,华特气体(688268.SH),24770,1438641.60,58.08,167499.92
,,,键凯科技(688356.SH),25865,1564573.85,60.49,112801.57
,,,和元生物(688238.SH),261099,1626646.77,6.23,331233.33
,,,京仪装备(688652.SH),14151,830663.70,58.7,194673.06
,,,莱特光电(688150.SH),35593,854943.86,24.02,219217.40
,,,ST瀚川(688022.SH),116770,1471302.00,12.6,213136.61
,,,蓝特光学(688127.SH),32545,781080.00,24,145644.87
,,,利元亨(688499.SH),59028,1457991.60,24.7,185378.27
,,,奥普特(688686.SH),22741,1511366.86,66.46,239043.85
,,,科威尔(688551.SH),47236,1501160.08,31.78,94076.45
,,,三旺通信(688618.SH),19179,467200.44,24.36,48713.05
2024-11-07,15484300.33,814867.94,,,,,
,,,利元亨(688499.SH),59028,1453859.64,24.63,181246.31
,,,科威尔(688551.SH),47236,1477069.72,31.27,69986.09
,,,三旺通信(688618.SH),19179,456076.62,23.78,37589.23
,,,艾迪药业(688488.SH),145042,1441717.48,9.94,171134.01
,,,ST瀚川(688022.SH),116770,1464295.80,12.54,206130.41
,,,华特气体(688268.SH),24770,1389101.60,56.08,117959.92
,,,键凯科技(688356.SH),25865,1546985.65,59.81,95213.37
,,,和元生物(688238.SH),261099,1540484.10,5.9,245070.66
,,,莱特光电(688150.SH),35593,812944.12,22.84,177217.66
,,,蓝特光学(688127.SH),32545,787263.55,24.19,151828.42
,,,京仪装备(688652.SH),14151,801229.62,56.62,165238.98
,,,奥普特(688686.SH),22741,1498404.49,65.89,226081.48
2024-11-06,15176028.70,814867.94,,,,,
,,,蓝特光学(688127.SH),32545,785310.85,24.13,149875.72
,,,利元亨(688499.SH),59028,1372401.00,23.25,99787.67
,,,莱特光电(688150.SH),35593,815079.70,22.9,179353.24
,,,三旺通信(688618.SH),19179,448788.60,23.4,30301.21
,,,艾迪药业(688488.SH),145042,1428663.70,9.85,158080.23
,,,科威尔(688551.SH),47236,1439753.28,30.48,32669.65
,,,键凯科技(688356.SH),25865,1493445.10,57.74,41672.82
,,,ST瀚川(688022.SH),116770,1394233.80,11.94,136068.41
,,,京仪装备(688652.SH),14151,829248.60,58.6,193257.96
,,,华特气体(688268.SH),24770,1363836.20,55.06,92694.52
,,,奥普特(688686.SH),22741,1489080.68,65.48,216757.67
,,,和元生物(688238.SH),261099,1501319.25,5.75,205905.81
2024-11-05,15088266.29,2.72,,,,,
,,,三旺通信(688618.SH),19179,451090.08,23.52,32602.69
,,,ST瀚川(688022.SH),116770,1376718.30,11.79,118552.91
,,,艾迪药业(688488.SH),145042,1338737.66,9.23,68154.19
,,,华特气体(688268.SH),24770,1367304.00,55.2,96162.32
,,,莱特光电(688150.SH),35593,821130.51,23.07,185404.05
,,,键凯科技(688356.SH),25865,1502756.50,58.1,50984.22
,,,利元亨(688499.SH),59028,1345838.40,22.8,73225.07
,,,蓝特光学(688127.SH),32545,805488.75,24.75,170053.62
,,,和元生物(688238.SH),261099,1514374.20,5.8,218960.76
,,,科威尔(688551.SH),47236,1442587.44,30.54,35503.81
,,,奥普特(688686.SH),22741,1506136.43,66.23,233813.42
,,,京仪装备(688652.SH),28303,1616101.30,57.1,344075.07
2024-11-04,14540688.94,2.72,,,,,
,,,键凯科技(688356.SH),25865,1456975.45,56.33,5203.17
,,,华特气体(688268.SH),24770,1317764.00,53.2,46622.32
,,,京仪装备(688652.SH),28303,1564306.81,55.27,292280.58
,,,蓝特光学(688127.SH),32545,760576.65,23.37,125141.52
,,,三旺通信(688618.SH),19179,432870.03,22.57,14382.64
,,,艾迪药业(688488.SH),145042,1335836.82,9.21,65253.35
,,,和元生物(688238.SH),261099,1462154.40,5.6,166740.96
,,,科威尔(688551.SH),47236,1388738.40,29.4,-18345.23
,,,奥普特(688686.SH),22741,1428134.80,62.8,155811.79
,,,利元亨(688499.SH),59028,1296845.16,21.97,24231.83
,,,ST瀚川(688022.SH),116770,1327674.90,11.37,69509.51
,,,莱特光电(688150.SH),35593,768808.80,21.6,133082.34
2024-11-01,14016754.21,418490.12,,,,,
,,,ST瀚川(688022.SH),116770,1262283.70,10.81,4118.31
,,,和元生物(688238.SH),261099,1422989.55,5.45,127576.11
,,,键凯科技(688356.SH),25865,1414556.85,54.69,-37215.43
,,,京仪装备(688652.SH),28303,1476001.45,52.15,203975.22
,,,华特气体(688268.SH),24770,1300672.70,52.51,29531.02
,,,奥普特(688686.SH),22741,1336261.16,58.76,63938.15
,,,利元亨(688499.SH),59028,1254935.28,21.26,-17678.05
,,,蓝特光学(688127.SH),32545,743653.25,22.85,108218.12
,,,艾迪药业(688488.SH),145042,1272018.34,8.77,1434.87
,,,科威尔(688551.SH),47236,1351421.96,28.61,-55661.67
,,,莱特光电(688150.SH),35593,763469.85,21.45,127743.39
2024-10-31,14544490.43,1870262.40,,,,,
,,,奥普特(688686.SH),22741,1401982.65,61.65,129659.64
,,,京仪装备(688652.SH),28303,1596572.23,56.41,324546.00
,,,利元亨(688499.SH),59028,1311011.88,22.21,38398.55
,,,和元生物(688238.SH),261099,1399490.64,5.36,104077.20
,,,莱特光电(688150.SH),35593,819706.79,23.03,183980.33
,,,科威尔(688551.SH),47236,1402436.84,29.69,-4646.79
,,,ST瀚川(688022.SH),116770,1363873.60,11.68,105708.21
,,,艾迪药业(688488.SH),145042,1298125.90,8.95,27542.43
,,,华特气体(688268.SH),24770,1312314.60,52.98,41172.92
,,,蓝特光学(688127.SH),32545,768712.90,23.62,133277.77
2024-10-30,14217381.92,2464599.21,,,,,
,,,和元生物(688238.SH),261099,1365547.77,5.23,70134.33
,,,京仪装备(688652.SH),28303,1379488.22,48.74,107461.99
,,,奥普特(688686.SH),22741,1375375.68,60.48,103052.67
,,,华特气体(688268.SH),24770,1301663.50,52.55,30521.82
,,,艾迪药业(688488.SH),145042,1228505.74,8.47,-42077.73
,,,蓝特光学(688127.SH),32545,785636.30,24.14,150201.17
,,,ST瀚川(688022.SH),116770,1339351.90,11.47,81186.51
,,,莱特光电(688150.SH),71186,1637278.00,23,365825.09
,,,利元亨(688499.SH),59028,1339935.60,22.7,67322.27
2024-10-29,14319787.52,2464599.21,,,,,
,,,利元亨(688499.SH),59028,1381845.48,23.41,109232.15
,,,ST瀚川(688022.SH),116770,1365041.30,11.69,106875.91
,,,莱特光电(688150.SH),71186,1502736.46,21.11,231283.55
,,,京仪装备(688652.SH),28303,1382601.55,48.85,110575.32
,,,华特气体(688268.SH),24770,1372258.00,55.4,101116.32
,,,和元生物(688238.SH),261099,1396879.65,5.35,101466.21
,,,蓝特光学(688127.SH),32545,766760.20,23.56,131325.07
,,,艾迪药业(688488.SH),145042,1308278.84,9.02,37695.37
,,,奥普特(688686.SH),22741,1378786.83,60.63,106463.82
2024-10-28,14672712.55,2464599.21,,,,,
,,,华特气体(688268.SH),24770,1393064.80,56.24,121923.12
,,,和元生物(688238.SH),261099,1462154.40,5.6,166740.96
,,,ST瀚川(688022.SH),116770,1451451.10,12.43,193285.71
,,,蓝特光学(688127.SH),32545,752765.85,23.13,117330.72
,,,奥普特(688686.SH),22741,1439277.89,63.29,166954.88
,,,利元亨(688499.SH),59028,1452088.80,24.6,179475.47
,,,莱特光电(688150.SH),71186,1469990.90,20.65,198537.99
,,,艾迪药业(688488.SH),145042,1351791.44,9.32,81207.97
,,,京仪装备(688652.SH),28303,1435528.16,50.72,163501.93
2024-10-25,14453144.56,1614113.58,,,,,
,,,和元生物(688238.SH),261099,1446488.46,5.54,151075.02
,,,ST瀚川(688022.SH),116770,1366209.00,11.7,108043.61
,,,艾森股份(688720.SH),17169,849693.81,49.49,213839.77
,,,奥普特(688686.SH),22741,1375375.68,60.48,103052.67
,,,华特气体(688268.SH),24770,1399257.30,56.49,128115.62
,,,蓝特光学(688127.SH),32545,759925.75,23.35,124490.62
,,,京仪装备(688652.SH),28303,1462699.04,51.68,190672.81
,,,莱特光电(688150.SH),71186,1454329.98,20.43,182877.07
,,,艾迪药业(688488.SH),145042,1302477.16,8.98,31893.69
,,,利元亨(688499.SH),59028,1422574.80,24.1,149961.47
2024-10-24,14073852.28,3.80,,,,,
,,,和元生物(688238.SH),261099,1362936.78,5.22,67523.34
,,,奥普特(688686.SH),22741,1320342.46,58.06,48019.45
,,,ST瀚川(688022.SH),116770,1297314.70,11.11,39149.31
,,,艾迪药业(688488.SH),145042,1293774.64,8.92,23191.17
,,,利元亨(688499.SH),59028,1347018.96,22.82,74405.63
,,,蓝特光学(688127.SH),65090,1552396.50,23.85,281526.25
,,,艾森股份(688720.SH),34339,1643464.54,47.86,371719.43
,,,莱特光电(688150.SH),71186,1460736.72,20.52,189283.81
,,,华特气体(688268.SH),24770,1370524.10,55.33,99382.42
,,,京仪装备(688652.SH),28303,1425339.08,50.36,153312.85
2024-10-23,13952417.77,3.80,,,,,
,,,艾迪药业(688488.SH),145042,1283621.70,8.85,13038.23
,,,和元生物(688238.SH),261099,1362936.78,5.22,67523.34
,,,奥普特(688686.SH),22741,1352407.27,59.47,80084.26
,,,莱特光电(688150.SH),71186,1486363.68,20.88,214910.77
,,,京仪装备(688652.SH),28303,1307598.60,46.2,35572.37
,,,ST瀚川(688022.SH),116770,1332345.70,11.41,74180.31
,,,蓝特光学(688127.SH),65090,1489259.20,22.88,218388.95
,,,华特气体(688268.SH),24770,1374239.60,55.48,103097.92
,,,艾森股份(688720.SH),34339,1565858.40,45.6,294113.29
,,,利元亨(688499.SH),59028,1397783.04,23.68,125169.71
2024-10-22,14108003.66,3.80,,,,,
,,,利元亨(688499.SH),59028,1341706.44,22.73,69093.11
,,,ST瀚川(688022.SH),116770,1319501.00,11.3,61335.61
,,,和元生物(688238.SH),261099,1396879.65,5.35,101466.21
,,,艾森股份(688720.SH),34339,1542851.27,44.93,271106.16
,,,蓝特光学(688127.SH),65090,1577781.60,24.24,306911.35
,,,艾迪药业(688488.SH),145042,1318431.78,9.09,47848.31
,,,奥普特(688686.SH),22741,1333077.42,58.62,60754.41
,,,莱特光电(688150.SH),71186,1538329.46,21.61,266876.55
,,,京仪装备(688652.SH),28303,1332505.24,47.08,60479.01
,,,华特气体(688268.SH),24770,1406936.00,56.8,135794.32
2024-10-21,13769840.67,3.80,,,,,
,,,ST瀚川(688022.SH),116770,1300817.80,11.14,42652.41
,,,莱特光电(688150.SH),71186,1476397.64,20.74,204944.73
,,,艾迪药业(688488.SH),145042,1263315.82,8.71,-7267.65
,,,艾森股份(688720.SH),34339,1517440.41,44.19,245695.30
,,,奥普特(688686.SH),22741,1340127.13,58.93,67804.12
,,,和元生物(688238.SH),261099,1347270.84,5.16,51857.40
,,,蓝特光学(688127.SH),65090,1443045.30,22.17,172175.05
,,,京仪装备(688652.SH),28303,1345807.65,47.55,73781.42
,,,利元亨(688499.SH),59028,1334623.08,22.61,62009.75
,,,华特气体(688268.SH),24770,1400991.20,56.56,129849.52
2024-10-18,13450328.88,3.80,,,,,
,,,利元亨(688499.SH),59028,1292713.20,21.9,20099.87
,,,华特气体(688268.SH),24770,1377955.10,55.63,106813.42
,,,京仪装备(688652.SH),28303,1330524.03,47.01,58497.80
,,,艾森股份(688720.SH),34339,1472456.32,42.88,200711.21
,,,艾迪药业(688488.SH),145042,1257514.14,8.67,-13069.33
,,,ST瀚川(688022.SH),116770,1285637.70,11.01,27472.31
,,,莱特光电(688150.SH),71186,1498465.30,21.05,227012.39
,,,奥普特(688686.SH),22741,1312837.93,57.73,40514.92
,,,和元生物(688238.SH),261099,1289829.06,4.94,-5584.38
,,,蓝特光学(688127.SH),65090,1332392.30,20.47,61522.05
2024-10-17,12657863.24,3.80,,,,,
,,,艾森股份(688720.SH),34339,1358107.45,39.55,86362.34
,,,蓝特光学(688127.SH),65090,1282923.90,19.71,12053.65
,,,利元亨(688499.SH),59028,1227192.12,20.79,-45421.21
,,,奥普特(688686.SH),22741,1229833.28,54.08,-42489.73
,,,莱特光电(688150.SH),71186,1392398.16,19.56,120945.25
,,,和元生物(688238.SH),261099,1237609.26,4.74,-57804.18
,,,ST瀚川(688022.SH),116770,1202731.00,10.3,-55434.39
,,,华特气体(688268.SH),24770,1276893.50,51.55,5751.82
,,,艾迪药业(688488.SH),145042,1209650.28,8.34,-60933.19
,,,京仪装备(688652.SH),28303,1240520.49,43.83,-31505.74
2024-10-16,12575629.24,3.80,,,,,
,,,利元亨(688499.SH),59028,1234865.76,20.92,-37747.57
,,,艾迪药业(688488.SH),145042,1214001.54,8.37,-56581.93
,,,艾森股份(688720.SH),34339,1300761.32,37.88,29016.21
,,,ST瀚川(688022.SH),116770,1184047.80,10.14,-74117.59
,,,和元生物(688238.SH),261099,1253275.20,4.8,-42138.24
,,,京仪装备(688652.SH),28303,1259483.50,44.5,-12542.73
,,,华特气体(688268.SH),24770,1286306.10,51.93,15164.42
,,,莱特光电(688150.SH),71186,1331178.20,18.7,59725.29
,,,奥普特(688686.SH),22741,1235291.12,54.32,-37031.89
,,,蓝特光学(688127.SH),65090,1276414.90,19.61,5544.65
2024-10-15,12707730.83,3.80,,,,,
,,,ST瀚川(688022.SH),116770,1221414.20,10.46,-36751.19
,,,艾迪药业(688488.SH),145042,1235757.84,8.52,-34825.63
,,,和元生物(688238.SH),261099,1255886.19,4.81,-39527.25
,,,利元亨(688499.SH),59028,1257296.40,21.3,-15316.93
,,,莱特光电(688150.SH),71186,1372466.08,19.28,101013.17
,,,京仪装备(688652.SH),28303,1270804.70,44.9,-1221.53
,,,奥普特(688686.SH),22741,1252574.28,55.08,-19748.73
,,,华特气体(688268.SH),24770,1288783.10,52.03,17641.42
,,,艾森股份(688720.SH),34339,1269169.44,36.96,-2575.67
,,,蓝特光学(688127.SH),65090,1283574.80,19.72,12704.55
2024-10-14,12974028.98,2553582.63,,,,,
,,,蓝特光学(688127.SH),65090,1341504.90,20.61,70634.65
,,,艾森股份(688720.SH),34339,1314153.53,38.27,42408.42
,,,莱特光电(688150.SH),71186,1326195.18,18.63,54742.27
,,,利元亨(688499.SH),59028,1286810.40,21.8,14197.07
,,,华特气体(688268.SH),24770,1310580.70,52.91,39439.02
,,,奥普特(688686.SH),22741,1274178.23,56.03,1855.22
,,,京仪装备(688652.SH),28303,1312410.11,46.37,40383.88
,,,艾迪药业(688488.SH),145042,1254613.30,8.65,-15970.17
2024-10-11,12726338.63,12726338.63,,,,,
2024-10-10,12726338.63,12726338.63,,,,,
2024-10-09,12726338.63,12726338.63,,,,,
2024-10-08,12726338.63,12726338.63,,,,,
2024-09-30,11331141.41,4152725.12,,,,,
,,,翱捷科技(688220.SH),1910,75502.30,39.53,19410.55
,,,海光信息(688041.SH),10341,1068018.48,103.28,218105.66
,,,格科微(688728.SH),77269,1138172.37,14.73,292453.70
,,,芯联集成(688469.SH),76920,325371.60,4.23,52448.35
,,,百克生物(688276.SH),19264,589478.40,30.6,169908.63
,,,纳芯微(688052.SH),4701,558478.80,118.8,161838.20
,,,富创精密(688409.SH),13060,603372.00,46.2,180825.32
,,,思瑞浦(688536.SH),11851,1196476.96,100.96,334114.96
,,,芯原股份(688521.SH),16578,596476.44,35.98,178580.54
,,,中国通号(688009.SH),163286,1027068.94,6.29,231673.29
2024-09-27,9908741.44,18.61,,,,,
,,,芯原股份(688521.SH),33156,994016.88,29.98,158225.07
,,,芯联集成(688469.SH),76920,289988.40,3.77,17065.15
,,,思瑞浦(688536.SH),11851,997024.63,84.13,134662.63
,,,富创精密(688409.SH),26121,1005658.50,38.5,160532.79
,,,纳芯微(688052.SH),9402,930798.00,99,137516.81
,,,百克生物(688276.SH),38529,1012156.83,26.27,172995.52
,,,金山办公(688111.SH),3496,776112.00,222,174117.43
,,,中国通号(688009.SH),163286,888275.84,5.44,92880.19
,,,荣昌生物(688331.SH),35781,1088815.83,30.43,269697.65
,,,海光信息(688041.SH),10341,890256.69,86.09,40343.87
,,,翱捷科技(688220.SH),1910,64347.90,33.69,8256.15
,,,格科微(688728.SH),77269,971271.33,12.57,125552.66
2024-09-26,9231163.43,849931.43,,,,,
,,,百克生物(688276.SH),38529,928163.61,24.09,89002.30
,,,中国通号(688009.SH),163286,870314.38,5.33,74918.73
,,,翱捷科技(688220.SH),1910,60929.00,31.9,4837.25
,,,荣昌生物(688331.SH),35781,932452.86,26.06,113334.68
,,,芯联集成(688469.SH),76920,278450.40,3.62,5527.15
,,,格科微(688728.SH),77269,931864.14,12.06,86145.47
,,,芯原股份(688521.SH),33156,934004.52,28.17,98212.71
,,,纳芯微(688052.SH),9402,855582.00,91,62300.81
,,,富创精密(688409.SH),26121,935393.01,35.81,90267.30
,,,思瑞浦(688536.SH),11851,935754.96,78.96,73392.96
,,,金山办公(688111.SH),3496,718323.12,205.47,116328.55
2024-09-25,8791276.37,9.26,,,,,
,,,翱捷科技(688220.SH),1910,58637.00,30.7,2545.25
,,,芯原股份(688521.SH),33156,890570.16,26.86,54778.35
,,,泽璟制药(688266.SH),15558,859112.76,55.22,-58737.88
,,,金山办公(688111.SH),3496,672455.60,192.35,70461.03
,,,荣昌生物(688331.SH),35781,865184.58,24.18,46066.40
,,,百克生物(688276.SH),38529,875378.88,22.72,36217.57
,,,纳芯微(688052.SH),9402,819666.36,87.18,26385.17
,,,格科微(688728.SH),77269,853822.45,11.05,8103.78
,,,思瑞浦(688536.SH),11851,889654.57,75.07,27292.57
,,,富创精密(688409.SH),26121,883673.43,33.83,38547.72
,,,中国通号(688009.SH),163286,852352.92,5.22,56957.27
,,,芯联集成(688469.SH),76920,270758.40,3.52,-2164.85
2024-09-24,8709437.59,845727.93,,,,,
,,,纳芯微(688052.SH),9402,823615.20,87.6,30334.01
,,,思瑞浦(688536.SH),11851,852679.45,71.95,-9682.55
,,,芯联集成(688469.SH),76920,267681.60,3.48,-5241.65
,,,金山办公(688111.SH),3496,670812.48,191.88,68817.91
,,,芯原股份(688521.SH),33156,886259.88,26.73,50468.07
,,,中国通号(688009.SH),163286,827860.02,5.07,32464.37
,,,翱捷科技(688220.SH),1910,58617.90,30.69,2526.15
,,,泽璟制药(688266.SH),15558,849466.80,54.6,-68383.84
,,,百克生物(688276.SH),38529,870755.40,22.6,31594.09
,,,富创精密(688409.SH),26121,895427.88,34.28,50302.17
,,,荣昌生物(688331.SH),35781,860533.05,24.05,41414.87
2024-09-23,8350506.79,1658298.40,,,,,
,,,芯联集成(688469.SH),76920,258451.20,3.36,-14472.05
,,,纳芯微(688052.SH),9402,779237.76,82.88,-14043.43
,,,芯碁微装(688630.SH),17391,843115.68,48.48,-75149.91
,,,翱捷科技(688220.SH),1910,55963.00,29.3,-128.75
,,,芯原股份(688521.SH),33156,821937.24,24.79,-13854.57
,,,富创精密(688409.SH),26121,818109.72,31.32,-27015.99
,,,思瑞浦(688536.SH),11851,806934.59,68.09,-55427.41
,,,泽璟制药(688266.SH),15558,873737.28,56.16,-44113.36
,,,金山办公(688111.SH),3496,644417.68,184.33,42423.11
,,,中国通号(688009.SH),163286,790304.24,4.84,-5091.41
2024-09-20,8477681.78,901241.91,,,,,
,,,芯碁微装(688630.SH),17391,872854.29,50.19,-45411.30
,,,芯联集成(688469.SH),76920,265374.00,3.45,-7549.25
,,,华润微(688396.SH),26243,901709.48,34.36,-5756.95
,,,泽璟制药(688266.SH),15558,869692.20,55.9,-48158.44
,,,金山办公(688111.SH),3496,646410.40,184.9,44415.83
,,,中国通号(688009.SH),163286,787038.52,4.82,-8357.13
,,,思瑞浦(688536.SH),11851,834310.40,70.4,-28051.60
,,,纳芯微(688052.SH),9402,792024.48,84.24,-1256.71
,,,芯原股份(688521.SH),33156,840504.60,25.35,4712.79
,,,金盘科技(688676.SH),26350,766521.50,29.09,-62771.99
2024-09-19,8627802.67,1657759.72,,,,,
,,,芯原股份(688521.SH),33156,842493.96,25.41,6702.15
,,,芯联集成(688469.SH),76920,262297.20,3.41,-10626.05
,,,奇安信(688561.SH),461,9897.67,21.47,-237.28
,,,金山办公(688111.SH),3496,650221.04,185.99,48226.47
,,,金盘科技(688676.SH),26350,804465.50,30.53,-24827.99
,,,泽璟制药(688266.SH),15558,916055.04,58.88,-1795.60
,,,纳芯微(688052.SH),9402,799170.00,85,5888.81
,,,虹软科技(688088.SH),36923,894275.06,24.22,-10199.12
,,,华润微(688396.SH),26243,900922.19,34.33,-6544.24
,,,芯碁微装(688630.SH),17391,890245.29,51.19,-28020.30
2024-09-18,8583901.96,835798.44,,,,,
,,,纳芯微(688052.SH),9402,794186.94,84.47,905.75
,,,芯碁微装(688630.SH),17391,888680.10,51.1,-29585.49
,,,华峰测控(688200.SH),10451,808593.87,77.37,-71309.79
,,,奇安信(688561.SH),461,9450.50,20.5,-684.45
,,,金山办公(688111.SH),3496,642634.72,183.82,40640.15
,,,虹软科技(688088.SH),36923,868059.73,23.51,-36414.45
,,,芯联集成(688469.SH),76920,257682.00,3.35,-15241.25
,,,金盘科技(688676.SH),26350,778642.50,29.55,-50650.99
,,,华润微(688396.SH),26243,891999.57,33.99,-15466.86
,,,中国通号(688009.SH),179599,845911.29,4.71,-72150.86
,,,泽璟制药(688266.SH),15558,962262.30,61.85,44411.66
2024-09-13,8584794.74,793310.65,,,,,
,,,华润微(688396.SH),26243,915355.84,34.88,7889.41
,,,泽璟制药(688266.SH),15558,936591.60,60.2,18740.96
,,,中国通号(688009.SH),179599,881831.09,4.91,-36231.06
,,,金山办公(688111.SH),3496,633055.68,181.08,31061.11
,,,芯碁微装(688630.SH),17391,864680.52,49.72,-53585.07
,,,华峰测控(688200.SH),10451,814028.39,77.89,-65875.27
,,,金盘科技(688676.SH),26350,762305.50,28.93,-66987.99
,,,奇安信(688561.SH),461,9630.29,20.89,-504.66
,,,芯联集成(688469.SH),76920,259989.60,3.38,-12933.65
,,,虹软科技(688088.SH),36923,880982.78,23.86,-23491.40
,,,中芯国际(688981.SH),19647,833032.80,42.4,-68673.03
2024-09-12,8660645.66,1.11,,,,,
,,,奇安信(688561.SH),461,9717.88,21.08,-417.07
,,,金盘科技(688676.SH),26350,801303.50,30.41,-27989.99
,,,华峰测控(688200.SH),10451,824792.92,78.92,-55110.74
,,,芯联集成(688469.SH),76920,259989.60,3.38,-12933.65
,,,中国通号(688009.SH),179599,876443.12,4.88,-41619.03
,,,华润微(688396.SH),26243,909319.95,34.65,1853.52
,,,中芯国际(688981.SH),19647,844428.06,42.98,-57277.77
,,,芯碁微装(688630.SH),17391,866071.80,49.8,-52193.79
,,,虹软科技(688088.SH),36923,896121.21,24.27,-8352.97
,,,智翔金泰(688443.SH),34833,795934.05,22.85,-108316.19
,,,金山办公(688111.SH),3496,634174.40,181.4,32179.83
,,,泽璟制药(688266.SH),15558,942348.06,60.57,24497.42
2024-09-11,8785310.10,829294.61,,,,,
,,,虹软科技(688088.SH),36923,901290.43,24.41,-3183.75
,,,中国通号(688009.SH),179599,867463.17,4.83,-50598.98
,,,奇安信(688561.SH),461,9690.22,21.02,-444.73
,,,中芯国际(688981.SH),19647,851304.51,43.33,-50401.32
,,,金山办公(688111.SH),3496,642110.32,183.67,40115.75
,,,智翔金泰(688443.SH),34833,856891.80,24.6,-47358.44
,,,芯联集成(688469.SH),76920,259220.40,3.37,-13702.85
,,,华润微(688396.SH),26243,910107.24,34.68,2640.81
,,,泽璟制药(688266.SH),15558,956505.84,61.48,38655.20
,,,华峰测控(688200.SH),10451,820403.50,78.5,-59500.16
,,,芯碁微装(688630.SH),17391,881028.06,50.66,-37237.53
2024-09-10,8885700.50,0.97,,,,,
,,,芯碁微装(688630.SH),17391,899984.25,51.75,-18281.34
,,,中芯国际(688981.SH),19647,880971.48,44.84,-20734.35
,,,虹软科技(688088.SH),36923,901659.66,24.42,-2814.52
,,,华峰测控(688200.SH),10451,824270.37,78.87,-55633.29
,,,微芯生物(688321.SH),52996,841576.48,15.88,-62490.56
,,,奇安信(688561.SH),461,9662.56,20.96,-472.39
,,,金山办公(688111.SH),3496,624070.96,178.51,22076.39
,,,芯联集成(688469.SH),76920,260758.80,3.39,-12164.45
,,,中国通号(688009.SH),179599,881831.09,4.91,-36231.06
,,,华润微(688396.SH),26243,925328.18,35.26,17861.75
,,,智翔金泰(688443.SH),34833,916107.90,26.3,11857.66
,,,泽璟制药(688266.SH),15558,919477.80,59.1,1627.16
2024-09-09,8847567.81,0.97,,,,,
,,,芯联集成(688469.SH),76920,261528.00,3.4,-11395.25
,,,中芯国际(688981.SH),19647,881560.89,44.87,-20144.94
,,,华峰测控(688200.SH),10451,834825.88,79.88,-45077.78
,,,智翔金泰(688443.SH),34833,947457.60,27.2,43207.36
,,,华润微(688396.SH),26243,921129.30,35.1,13662.87
,,,虹软科技(688088.SH),36923,877290.48,23.76,-27183.70
,,,微芯生物(688321.SH),52996,856945.32,16.17,-47121.72
,,,泽璟制药(688266.SH),15558,896140.80,57.6,-21709.84
,,,中国通号(688009.SH),179599,883627.08,4.92,-34435.07
,,,奇安信(688561.SH),461,9459.72,20.52,-675.23
,,,芯碁微装(688630.SH),17391,884680.17,50.87,-33585.42
,,,金山办公(688111.SH),3496,592921.60,169.6,-9072.97
2024-09-06,8937073.58,0.97,,,,,
,,,泽璟制药(688266.SH),15558,903608.64,58.08,-14242.00
,,,智翔金泰(688443.SH),34833,966964.08,27.76,62713.84
,,,华峰测控(688200.SH),10451,849143.75,81.25,-30759.91
,,,奇安信(688561.SH),461,9607.24,20.84,-527.71
,,,金山办公(688111.SH),3496,593620.80,169.8,-8373.77
,,,中国通号(688009.SH),179599,897995.00,5,-20067.15
,,,微芯生物(688321.SH),52996,852175.68,16.08,-51891.36
,,,芯碁微装(688630.SH),17391,898766.88,51.68,-19498.71
,,,中芯国际(688981.SH),19647,885686.76,45.08,-16019.07
,,,芯联集成(688469.SH),76920,268450.80,3.49,-4472.45
,,,虹软科技(688088.SH),36923,884675.08,23.96,-19799.10
,,,华润微(688396.SH),26243,926377.90,35.3,18911.47
2024-09-05,9180112.54,3027102.59,,,,,
,,,中芯国际(688981.SH),19647,903172.59,45.97,1466.76
,,,华润微(688396.SH),26243,946847.44,36.08,39381.01
,,,华峰测控(688200.SH),10451,884154.60,84.6,4250.94
,,,奇安信(688561.SH),461,9870.01,21.41,-264.94
,,,微芯生物(688321.SH),52996,889802.84,16.79,-14264.20
,,,虹软科技(688088.SH),36923,915321.17,24.79,10846.99
,,,智翔金泰(688443.SH),34833,992740.50,28.5,88490.26
,,,金山办公(688111.SH),3496,611100.80,174.8,9106.23
2024-09-04,9113152.75,65.16,,,,,
,,,嘉元科技(688388.SH),107236,956545.12,8.92,-21547.51
,,,微芯生物(688321.SH),52996,871784.20,16.45,-32282.84
,,,中芯国际(688981.SH),19647,894527.91,45.53,-7177.92
,,,华峰测控(688200.SH),10451,877884.00,84,-2019.66
,,,奇安信(688561.SH),461,9681.00,21,-453.95
,,,宏华数科(688789.SH),16873,1067554.71,63.27,89036.92
,,,智翔金泰(688443.SH),34833,981942.27,28.19,77692.03
,,,虹软科技(688088.SH),36923,899075.05,24.35,-5399.13
,,,华润微(688396.SH),26243,936350.24,35.68,28883.81
,,,金山办公(688111.SH),3496,610296.72,174.57,8302.15
,,,振华新材(688707.SH),112063,1007446.37,8.99,29132.10
2024-09-03,9074783.03,1503765.56,,,,,
,,,奇安信(688561.SH),461,9750.15,21.15,-384.80
,,,宏华数科(688789.SH),16873,1043426.32,61.84,64908.53
,,,华峰测控(688200.SH),10451,877361.45,83.95,-2542.21
,,,微芯生物(688321.SH),52996,879733.60,16.6,-24333.44
,,,嘉元科技(688388.SH),107236,950110.96,8.86,-27981.67
,,,振华新材(688707.SH),112063,986154.40,8.8,7840.13
,,,智翔金泰(688443.SH),34833,981942.27,28.19,77692.03
,,,虹软科技(688088.SH),36923,904613.50,24.5,139.32
,,,华润微(688396.SH),26243,937924.82,35.74,30458.39
2024-09-02,9032103.74,17.68,,,,,
,,,振华新材(688707.SH),112063,981671.88,8.76,3357.61
,,,微芯生物(688321.SH),52996,896162.36,16.91,-7904.68
,,,华峰测控(688200.SH),10451,880496.75,84.25,593.09
,,,华恒生物(688639.SH),25925,766083.75,29.55,-64905.13
,,,虹软科技(688088.SH),36923,887259.69,24.03,-17214.49
,,,唯捷创芯(688153.SH),26542,751138.60,28.3,-60254.81
,,,华润微(688396.SH),26243,918505.00,35,11038.57
,,,宏华数科(688789.SH),16873,1059286.94,62.78,80769.15
,,,嘉元科技(688388.SH),107236,930808.48,8.68,-47284.15
,,,智翔金泰(688443.SH),34833,950940.90,27.3,46690.66
,,,奇安信(688561.SH),461,9731.71,21.11,-403.24
2024-08-30,9270563.28,17.68,,,,,
,,,宏华数科(688789.SH),16873,1049331.87,62.19,70814.08
,,,华润微(688396.SH),26243,910894.53,34.71,3428.10
,,,华峰测控(688200.SH),10451,910491.12,87.12,30587.46
,,,奇安信(688561.SH),461,10418.60,22.6,283.65
,,,唯捷创芯(688153.SH),26542,849344.00,32,37950.59
,,,华恒生物(688639.SH),25925,808082.25,31.17,-22906.63
,,,智翔金泰(688443.SH),34833,918197.88,26.36,13947.64
,,,虹软科技(688088.SH),36923,934890.36,25.32,30416.18
,,,振华新材(688707.SH),112063,969344.95,8.65,-8969.32
,,,微芯生物(688321.SH),52996,941208.96,17.76,37141.92
,,,嘉元科技(688388.SH),107236,968341.08,9.03,-9751.55
2024-08-29,9058290.38,17.68,,,,,
,,,宏华数科(688789.SH),16873,1012380.00,60,33862.21
,,,振华新材(688707.SH),112063,961500.54,8.58,-16813.73
,,,奇安信(688561.SH),461,10174.27,22.07,39.32
,,,华峰测控(688200.SH),10451,890425.20,85.2,10521.54
,,,华润微(688396.SH),26243,910632.10,34.7,3165.67
,,,唯捷创芯(688153.SH),26542,804488.02,30.31,-6905.39
,,,微芯生物(688321.SH),52996,920540.52,17.37,16473.48
,,,智翔金泰(688443.SH),34833,897298.08,25.76,-6952.16
,,,嘉元科技(688388.SH),107236,945821.52,8.82,-32271.11
,,,虹软科技(688088.SH),36923,910151.95,24.65,5677.77
,,,华恒生物(688639.SH),25925,794860.50,30.66,-36128.38
2024-08-28,8895187.25,831006.57,,,,,
,,,微芯生物(688321.SH),52996,905171.68,17.08,1104.64
,,,华峰测控(688200.SH),10451,877884.00,84,-2019.66
,,,宏华数科(688789.SH),16873,977959.08,57.96,-558.71
,,,振华新材(688707.SH),112063,925640.38,8.26,-52673.89
,,,智翔金泰(688443.SH),34833,882668.22,25.34,-21582.02
,,,嘉元科技(688388.SH),107236,915795.44,8.54,-62297.19
,,,奇安信(688561.SH),461,9980.65,21.65,-154.30
,,,虹软科技(688088.SH),36923,884675.08,23.96,-19799.10
,,,华润微(688396.SH),26243,904071.35,34.45,-3395.08
,,,唯捷创芯(688153.SH),26542,780334.80,29.4,-31058.61
2024-08-27,8888864.78,30.49,,,,,
,,,唯捷创芯(688153.SH),26542,777415.18,29.29,-33978.23
,,,振华新材(688707.SH),112063,923399.12,8.24,-54915.15
,,,宏华数科(688789.SH),16873,956867.83,56.71,-21649.96
,,,虹软科技(688088.SH),36923,878028.94,23.78,-26445.24
,,,华峰测控(688200.SH),10451,862207.50,82.5,-17696.16
,,,嘉元科技(688388.SH),107236,914723.08,8.53,-63369.55
,,,微芯生物(688321.SH),52996,895632.40,16.9,-8434.64
,,,智翔金泰(688443.SH),34833,926557.80,26.6,22307.56
,,,新致软件(688590.SH),85074,844784.82,9.93,-59074.23
,,,华润微(688396.SH),26243,899347.61,34.27,-8118.82
,,,奇安信(688561.SH),461,9870.01,21.41,-264.94
2024-08-26,9066681.03,879934.15,,,,,
,,,虹软科技(688088.SH),36923,896859.67,24.29,-7614.51
,,,微芯生物(688321.SH),52996,902521.88,17.03,-1545.16
,,,宏华数科(688789.SH),16873,972559.72,57.64,-5958.07
,,,嘉元科技(688388.SH),107236,936170.28,8.73,-41922.35
,,,奇安信(688561.SH),461,10142.00,22,7.05
,,,华润微(688396.SH),26243,908007.80,34.6,541.37
,,,智翔金泰(688443.SH),34833,919591.20,26.4,15340.96
,,,振华新材(688707.SH),112063,955897.39,8.53,-22416.88
,,,新致软件(688590.SH),85074,876262.20,10.3,-27596.85
,,,唯捷创芯(688153.SH),26542,808734.74,30.47,-2658.67
2024-08-23,8935185.16,18.62,,,,,
,,,微芯生物(688321.SH),52996,889272.88,16.78,-14794.16
,,,华润微(688396.SH),26243,895936.02,34.14,-11530.41
,,,新致软件(688590.SH),85074,882217.38,10.37,-21641.67
,,,嘉元科技(688388.SH),107236,911506.00,8.5,-66586.63
,,,虹软科技(688088.SH),36923,892059.68,24.16,-12414.50
,,,唯捷创芯(688153.SH),26542,795994.58,29.99,-15398.83
,,,奇安信(688561.SH),461,9989.87,21.67,-145.08
,,,振华新材(688707.SH),112063,903227.78,8.06,-75086.49
,,,智翔金泰(688443.SH),34833,899388.06,25.82,-4862.18
,,,宏华数科(688789.SH),16873,974078.29,57.73,-4439.50
,,,华大智造(688114.SH),22176,881496.00,39.75,-44259.30
2024-08-22,8990009.51,18.62,,,,,
,,,奇安信(688561.SH),461,9870.01,21.41,-264.94
,,,宏华数科(688789.SH),16873,974584.48,57.76,-3933.31
,,,虹软科技(688088.SH),36923,881721.24,23.88,-22752.94
,,,唯捷创芯(688153.SH),26542,795198.32,29.96,-16195.09
,,,新致软件(688590.SH),85074,868605.54,10.21,-35253.51
,,,华大智造(688114.SH),22176,864420.48,38.98,-61334.82
,,,华润微(688396.SH),26243,891737.14,33.98,-15729.29
,,,智翔金泰(688443.SH),34833,950592.57,27.29,46342.33
,,,振华新材(688707.SH),112063,929002.27,8.29,-49312.00
,,,嘉元科技(688388.SH),107236,925446.68,8.63,-52645.95
,,,微芯生物(688321.SH),52996,898812.16,16.96,-5254.88
2024-08-21,9079131.02,1718878.46,,,,,
,,,微芯生物(688321.SH),52996,896692.32,16.92,-7374.72
,,,奇安信(688561.SH),461,10012.92,21.72,-122.03
,,,智翔金泰(688443.SH),34833,955120.86,27.42,50870.62
,,,振华新材(688707.SH),112063,934605.42,8.34,-43708.85
,,,新致软件(688590.SH),85074,892426.26,10.49,-11432.79
,,,华大智造(688114.SH),22176,872847.36,39.36,-52907.94
,,,虹软科技(688088.SH),36923,892059.68,24.16,-12414.50
,,,宏华数科(688789.SH),16873,968172.74,57.38,-10345.05
,,,嘉元科技(688388.SH),107236,938315.00,8.75,-39777.63
2024-08-20,9056868.60,3626786.39,,,,,
,,,华恒生物(688639.SH),25198,862527.54,34.23,-73963.85
,,,振华新材(688707.SH),112063,916675.34,8.18,-61638.93
,,,宏华数科(688789.SH),16873,974415.75,57.75,-4102.04
,,,华大智造(688114.SH),22176,879056.64,39.64,-46698.66
,,,嘉元科技(688388.SH),107236,931880.84,8.69,-46211.79
,,,锴威特(688693.SH),34170,865526.10,25.33,-71173.42
2024-08-19,9165388.75,2732780.52,,,,,
,,,锴威特(688693.SH),34170,883977.90,25.87,-52721.62
,,,华大智造(688114.SH),22176,918529.92,41.42,-7225.38
,,,宏华数科(688789.SH),16873,957374.02,56.74,-21143.77
,,,嘉元科技(688388.SH),107236,939387.36,8.76,-38705.27
,,,振华新材(688707.SH),112063,931243.53,8.31,-47070.74
,,,霍莱沃(688682.SH),30634,898495.22,29.33,-76678.96
,,,华恒生物(688639.SH),25198,903600.28,35.86,-32891.11
2024-08-16,9276784.24,1267608.99,,,,,
,,,振华新材(688707.SH),112063,932364.16,8.32,-45950.11
,,,霍莱沃(688682.SH),30634,928822.88,30.32,-46351.30
,,,华恒生物(688639.SH),25198,914939.38,36.31,-21552.01
,,,海尔生物(688139.SH),30901,910034.45,29.45,-73019.71
,,,嘉元科技(688388.SH),107236,953328.04,8.89,-24764.59
,,,宏华数科(688789.SH),16873,970366.23,57.51,-8151.56
,,,金山办公(688111.SH),2961,561612.87,189.67,-16813.70
,,,华大智造(688114.SH),22176,926735.04,41.79,979.74
,,,锴威特(688693.SH),34170,910972.20,26.66,-25727.32
2024-08-15,9355726.74,3140799.90,,,,,
,,,振华新材(688707.SH),112063,948052.98,8.46,-30261.29
,,,金山办公(688111.SH),2961,570140.55,192.55,-8286.02
,,,嘉元科技(688388.SH),107236,973702.88,9.08,-4389.75
,,,宏华数科(688789.SH),16873,975259.40,57.8,-3258.39
,,,华大智造(688114.SH),22176,914981.76,41.26,-10773.54
,,,海尔生物(688139.SH),30901,916832.67,29.67,-66221.49
,,,霍莱沃(688682.SH),30634,915956.60,29.9,-59217.58
2024-08-14,9295409.16,2290799.56,,,,,
,,,宏华数科(688789.SH),16873,969185.12,57.44,-9332.67
,,,嘉元科技(688388.SH),107236,958689.84,8.94,-19402.79
,,,金山办公(688111.SH),2961,557408.25,188.25,-21018.32
,,,华恒生物(688639.SH),22472,848318.00,37.75,-77631.27
,,,海尔生物(688139.SH),30901,924557.92,29.92,-58496.24
,,,华大智造(688114.SH),22176,863311.68,38.93,-62443.62
,,,霍莱沃(688682.SH),30634,949654.00,31,-25520.18
,,,振华新材(688707.SH),112063,933484.79,8.33,-44829.48
2024-08-13,9440346.65,2290799.56,,,,,
,,,嘉元科技(688388.SH),107236,976919.96,9.11,-1172.67
,,,宏华数科(688789.SH),16873,1000062.71,59.27,21544.92
,,,海尔生物(688139.SH),30901,935682.28,30.28,-47371.88
,,,金山办公(688111.SH),2961,569400.30,192.3,-9026.27
,,,华恒生物(688639.SH),22472,881127.12,39.21,-44822.15
,,,霍莱沃(688682.SH),30634,934337.00,30.5,-40837.18
,,,振华新材(688707.SH),112063,954776.76,8.52,-23537.51
,,,华大智造(688114.SH),22176,897240.96,40.46,-28514.34
2024-08-12,9428553.79,1377375.85,,,,,
,,,霍莱沃(688682.SH),30634,939851.12,30.68,-35323.06
,,,金山办公(688111.SH),2961,569903.67,192.47,-8522.90
,,,嘉元科技(688388.SH),107236,962979.28,8.98,-15113.35
,,,海尔生物(688139.SH),30901,943716.54,30.54,-39337.62
,,,中科星图(688568.SH),30961,916755.21,29.61,-71931.60
,,,振华新材(688707.SH),112063,934605.42,8.34,-43708.85
,,,宏华数科(688789.SH),16873,990445.10,58.7,11927.31
,,,华大智造(688114.SH),22176,901232.64,40.64,-24522.66
,,,华恒生物(688639.SH),22472,891688.96,39.68,-34260.31
2024-08-09,9543650.60,516712.96,,,,,
,,,华大智造(688114.SH),22176,898349.76,40.51,-27405.54
,,,海尔生物(688139.SH),30901,942480.50,30.5,-40573.66
,,,中科星图(688568.SH),30961,934402.98,30.18,-54283.83
,,,振华新材(688707.SH),112063,955897.39,8.53,-22416.88
,,,华恒生物(688639.SH),22472,896857.52,39.91,-29091.75
,,,宏华数科(688789.SH),16873,1002424.93,59.41,23907.14
,,,荣昌生物(688331.SH),32573,867418.99,26.63,18572.62
,,,嘉元科技(688388.SH),107236,971558.16,9.06,-6534.47
,,,霍莱沃(688682.SH),30634,982432.38,32.07,7258.20
,,,金山办公(688111.SH),2961,575115.03,194.23,-3311.54
2024-08-08,9724968.82,1491887.14,,,,,
,,,嘉元科技(688388.SH),107236,986571.20,9.2,8478.57
,,,金山办公(688111.SH),2961,584738.28,197.48,6311.71
,,,振华新材(688707.SH),112063,978309.99,8.73,-4.28
,,,荣昌生物(688331.SH),32573,886311.33,27.21,37464.96
,,,华恒生物(688639.SH),22472,943824.00,42,17874.73
,,,华大智造(688114.SH),22176,927843.84,41.84,2088.54
,,,海尔生物(688139.SH),30901,957621.99,30.99,-25432.17
,,,宏华数科(688789.SH),16873,1016429.52,60.24,37911.73
,,,中科星图(688568.SH),30961,951431.53,30.73,-37255.28
2024-08-07,9751226.01,490208.28,,,,,
,,,华大智造(688114.SH),22176,928730.88,41.88,2975.58
,,,振华新材(688707.SH),112063,978309.99,8.73,-4.28
,,,华恒生物(688639.SH),22472,929441.92,41.36,3492.65
,,,荣昌生物(688331.SH),32573,889894.36,27.32,41047.99
,,,*ST航图(688066.SH),33764,567572.84,16.81,114094.36
,,,精智达(688627.SH),9848,428978.88,43.56,52709.46
,,,海尔生物(688139.SH),30901,947424.66,30.66,-35629.50
,,,中科星图(688568.SH),30961,987346.29,31.89,-1340.52
,,,嘉元科技(688388.SH),107236,987643.56,9.21,9550.93
,,,宏华数科(688789.SH),16873,1024866.02,60.74,46348.23
,,,金山办公(688111.SH),2961,590808.33,199.53,12381.76
2024-08-06,9850778.13,490208.28,,,,,
,,,振华新材(688707.SH),112063,982792.51,8.77,4478.24
,,,华大智造(688114.SH),22176,961994.88,43.38,36239.58
,,,金山办公(688111.SH),2961,595220.22,201.02,16793.65
,,,荣昌生物(688331.SH),32573,891848.74,27.38,43002.37
,,,精智达(688627.SH),9848,443455.44,45.03,67186.02
,,,华恒生物(688639.SH),22472,952138.64,42.37,26189.37
,,,*ST航图(688066.SH),33764,554742.52,16.43,101264.04
,,,海尔生物(688139.SH),30901,1008299.63,32.63,25245.47
,,,嘉元科技(688388.SH),107236,990860.64,9.24,12768.01
,,,宏华数科(688789.SH),16873,1002087.47,59.39,23569.68
,,,中科星图(688568.SH),30961,977129.16,31.56,-11557.65
2024-08-05,9696265.90,3425132.98,,,,,
,,,金山办公(688111.SH),2961,584797.50,197.5,6370.93
,,,荣昌生物(688331.SH),32573,866441.80,26.6,17595.43
,,,海尔生物(688139.SH),30901,1003355.47,32.47,20301.31
,,,*ST航图(688066.SH),33764,541912.20,16.05,88433.72
,,,华恒生物(688639.SH),22472,942026.24,41.92,16076.97
,,,华大智造(688114.SH),22176,955342.08,43.08,29586.78
,,,精智达(688627.SH),9848,430160.64,43.68,53891.22
,,,中科星图(688568.SH),30961,947096.99,30.59,-41589.82
2024-08-02,9881731.91,4015733.20,,,,,
,,,华大智造(688114.SH),22176,969756.48,43.73,44001.18
,,,荣昌生物(688331.SH),32573,868396.18,26.66,19549.81
,,,精智达(688627.SH),9848,471029.84,47.83,94760.42
,,,*ST航图(688066.SH),33764,587155.96,17.39,133677.48
,,,中科星图(688568.SH),30961,991371.22,32.02,2684.41
,,,金山办公(688111.SH),2961,592644.15,200.15,14217.58
,,,麒麟信安(688152.SH),11390,400472.40,35.16,18257.90
,,,华恒生物(688639.SH),22472,985172.48,43.84,59223.21
2024-08-01,9937772.15,2368823.81,,,,,
,,,华大智造(688114.SH),22176,970643.52,43.77,44888.22
,,,金山办公(688111.SH),2961,600490.80,202.8,22064.23
,,,精智达(688627.SH),9848,487672.96,49.52,111403.54
,,,麒麟信安(688152.SH),11390,409926.10,35.99,27711.60
,,,荣昌生物(688331.SH),32573,862207.31,26.47,13360.94
,,,*ST航图(688066.SH),67528,1204699.52,17.84,297742.56
,,,安路科技(688107.SH),45350,1068899.50,23.57,105722.20
,,,中科星图(688568.SH),30961,1005303.67,32.47,16616.86
,,,华恒生物(688639.SH),22472,959104.96,42.68,33155.69
2024-07-31,9861499.80,2881409.21,,,,,
,,,荣昌生物(688331.SH),32573,886311.33,27.21,37464.96
,,,*ST航图(688066.SH),67528,1066267.12,15.79,159310.16
,,,麒麟信安(688152.SH),11390,406167.40,35.66,23952.90
,,,金山办公(688111.SH),2961,623705.04,210.64,45278.47
,,,安路科技(688107.SH),45350,1061190.00,23.4,98012.70
,,,华恒生物(688639.SH),22472,997756.80,44.4,71807.53
,,,华大智造(688114.SH),22176,991267.20,44.7,65511.90
,,,精智达(688627.SH),19697,947425.70,48.1,194848.66
2024-07-30,9445848.96,2881409.21,,,,,
,,,精智达(688627.SH),19697,904289.27,45.91,151712.23
,,,麒麟信安(688152.SH),11390,389993.60,34.24,7779.10
,,,华恒生物(688639.SH),22472,921127.28,40.99,-4821.99
,,,*ST航图(688066.SH),67528,1052761.52,15.59,145804.56
,,,安路科技(688107.SH),45350,1006316.50,22.19,43139.20
,,,荣昌生物(688331.SH),32573,798038.50,24.5,-50807.87
,,,华大智造(688114.SH),22176,918308.16,41.41,-7447.14
,,,金山办公(688111.SH),2961,573604.92,193.72,-4821.65
2024-07-29,9319554.23,2881409.21,,,,,
,,,华恒生物(688639.SH),22472,938206.00,41.75,12256.73
,,,安路科技(688107.SH),45350,997700.00,22,34522.70
,,,金山办公(688111.SH),2961,574907.76,194.16,-3518.81
,,,华大智造(688114.SH),22176,915868.80,41.3,-9886.50
,,,精智达(688627.SH),19697,858395.26,43.58,105818.22
,,,*ST航图(688066.SH),67528,965650.40,14.3,58693.44
,,,荣昌生物(688331.SH),32573,801295.80,24.6,-47550.57
,,,麒麟信安(688152.SH),11390,386121.00,33.9,3906.50
2024-07-26,9393573.08,2881409.21,,,,,
,,,荣昌生物(688331.SH),32573,819536.68,25.16,-29309.69
,,,金山办公(688111.SH),2961,578579.40,195.4,152.83
,,,安路科技(688107.SH),45350,998607.00,22.02,35429.70
,,,*ST航图(688066.SH),67528,957547.04,14.18,50590.08
,,,华大智造(688114.SH),22176,931392.00,42,5636.70
,,,麒麟信安(688152.SH),11390,392955.00,34.5,10740.50
,,,精智达(688627.SH),19697,862531.63,43.79,109954.59
,,,华恒生物(688639.SH),22472,971015.12,43.21,45065.85
2024-07-25,9339865.63,2881409.21,,,,,
,,,华恒生物(688639.SH),22472,952588.08,42.39,26638.81
,,,精智达(688627.SH),19697,859380.11,43.63,106803.07
,,,麒麟信安(688152.SH),11390,388854.60,34.14,6640.10
,,,荣昌生物(688331.SH),32573,825074.09,25.33,-23772.28
,,,*ST航图(688066.SH),67528,919731.36,13.62,12774.40
,,,华大智造(688114.SH),22176,933609.60,42.1,7854.30
,,,金山办公(688111.SH),2961,579704.58,195.78,1278.01
,,,安路科技(688107.SH),45350,999514.00,22.04,36336.70
2024-07-24,9311179.83,2039114.50,,,,,
,,,*ST航图(688066.SH),67528,906225.76,13.42,-731.20
,,,百奥泰(688177.SH),43698,859102.68,19.66,-69426.19
,,,金博股份(688598.SH),53677,837361.20,15.6,-69177.04
,,,荣昌生物(688331.SH),32573,844617.89,25.93,-4228.48
,,,麒麟信安(688152.SH),11390,388057.30,34.07,5842.80
,,,迈信林(688685.SH),45753,1022579.55,22.35,2233.28
,,,金山办公(688111.SH),2961,576477.09,194.69,-1949.48
,,,精智达(688627.SH),19697,854455.86,43.38,101878.82
,,,安路科技(688107.SH),45350,983188.00,21.68,20010.70
2024-07-23,9523143.41,660103.30,,,,,
,,,精智达(688627.SH),19697,874546.80,44.4,121969.76
,,,金博股份(688598.SH),53677,867957.09,16.17,-38581.15
,,,迈信林(688685.SH),45753,1022122.02,22.34,1775.75
,,,*ST航图(688066.SH),67528,937288.64,13.88,30331.68
,,,麒麟信安(688152.SH),11390,399105.60,35.04,16891.10
,,,天承科技(688603.SH),16705,789812.40,47.28,-61925.96
,,,康希通信(688653.SH),46753,602646.17,12.89,-4666.69
,,,金山办公(688111.SH),2961,595753.20,201.2,17326.63
,,,安路科技(688107.SH),45350,1015840.00,22.4,52662.70
,,,荣昌生物(688331.SH),32573,870024.83,26.71,21178.46
,,,百奥泰(688177.SH),43698,887943.36,20.32,-40585.51
2024-07-22,9979600.91,660103.30,,,,,
,,,百奥泰(688177.SH),43698,948246.60,21.7,19717.73
,,,金山办公(688111.SH),2961,616598.64,208.24,38172.07
,,,麒麟信安(688152.SH),11390,434414.60,38.14,52200.10
,,,精智达(688627.SH),19697,921425.66,46.78,168848.62
,,,康希通信(688653.SH),46753,612931.83,13.11,5618.97
,,,金博股份(688598.SH),53677,896405.90,16.7,-10132.34
,,,*ST航图(688066.SH),67528,964299.84,14.28,57342.88
,,,迈信林(688685.SH),45753,1070162.67,23.39,49816.40
,,,安路科技(688107.SH),45350,1077516.00,23.76,114338.70
,,,荣昌生物(688331.SH),32573,926376.12,28.44,77529.75
,,,天承科技(688603.SH),16705,851119.75,50.95,-618.61
2024-07-19,9841830.27,851746.26,,,,,
,,,荣昌生物(688331.SH),32573,910741.08,27.96,61894.71
,,,金博股份(688598.SH),53677,896405.90,16.7,-10132.34
,,,百奥泰(688177.SH),43698,928582.50,21.25,53.63
,,,艾罗能源(688717.SH),9320,652027.20,69.96,198687.04
,,,精智达(688627.SH),19697,903304.42,45.86,150727.38
,,,迈信林(688685.SH),45753,1074280.44,23.48,53934.17
,,,麒麟信安(688152.SH),11390,403206.00,35.4,20991.50
,,,金山办公(688111.SH),2961,602504.28,203.48,24077.71
,,,康希通信(688653.SH),46753,633503.15,13.55,26190.29
,,,安路科技(688107.SH),45350,1044864.00,23.04,81686.70
,,,*ST航图(688066.SH),67528,940665.04,13.93,33708.08
2024-07-18,9706448.33,182.84,,,,,
,,,安路科技(688107.SH),45350,1002688.50,22.11,39511.20
,,,*ST航图(688066.SH),67528,925133.60,13.7,18176.64
,,,迈信林(688685.SH),45753,1053691.59,23.03,33345.32
,,,康希通信(688653.SH),46753,628360.32,13.44,21047.46
,,,艾罗能源(688717.SH),9320,618288.80,66.34,164948.64
,,,荣昌生物(688331.SH),32573,929633.42,28.54,80787.05
,,,金博股份(688598.SH),53677,882986.65,16.45,-23551.59
,,,恒烁股份(688416.SH),30351,849828.00,28,-77702.97
,,,精智达(688627.SH),19697,904289.27,45.91,151712.23
,,,百奥泰(688177.SH),43698,947372.64,21.68,18843.77
,,,金山办公(688111.SH),2961,589831.20,199.2,11404.63
,,,麒麟信安(688152.SH),11390,374161.50,32.85,-8053.00
2024-07-17,9590175.24,578609.42,,,,,
,,,金博股份(688598.SH),53677,884060.19,16.47,-22478.05
,,,康希通信(688653.SH),46753,594698.16,12.72,-12614.70
,,,麒麟信安(688152.SH),11390,371200.10,32.59,-11014.40
,,,艾罗能源(688717.SH),9320,577746.80,61.99,124406.64
,,,精智达(688627.SH),19697,833183.10,42.3,80606.06
,,,安路科技(688107.SH),45350,1003595.50,22.13,40418.20
,,,恒烁股份(688416.SH),30351,872894.76,28.76,-54636.21
,,,百奥泰(688177.SH),43698,967473.72,22.14,38944.85
,,,迈信林(688685.SH),45753,1019834.37,22.29,-511.90
,,,*ST航图(688066.SH),67528,930535.84,13.78,23578.88
,,,荣昌生物(688331.SH),32573,956343.28,29.36,107496.91
2024-07-16,9607564.45,11.72,,,,,
,,,麒麟信安(688152.SH),11390,371314.00,32.6,-10900.50
,,,荣昌生物(688331.SH),32573,930284.88,28.56,81438.51
,,,恒烁股份(688416.SH),30351,902335.23,29.73,-25195.74
,,,精智达(688627.SH),19697,841061.90,42.7,88484.86
,,,安路科技(688107.SH),45350,1021282.00,22.52,58104.70
,,,康希通信(688653.SH),46753,621347.37,13.29,14034.51
,,,迈信林(688685.SH),45753,1033102.74,22.58,12756.47
,,,*ST航图(688066.SH),67528,947417.84,14.03,40460.88
,,,金博股份(688598.SH),53677,882449.88,16.44,-24088.36
,,,百奥泰(688177.SH),43698,895809.00,20.5,-32719.87
,,,艾罗能源(688717.SH),18641,1161147.89,62.29,254418.93
2024-07-15,9443178.23,11.72,,,,,
,,,迈信林(688685.SH),45753,1037220.51,22.67,16874.24
,,,安路科技(688107.SH),45350,990897.50,21.85,27720.20
,,,恒烁股份(688416.SH),30351,896265.03,29.53,-31265.94
,,,荣昌生物(688331.SH),32573,913998.38,28.06,65152.01
,,,精智达(688627.SH),19697,823925.51,41.83,71348.47
,,,麒麟信安(688152.SH),11390,363341.00,31.9,-18873.50
,,,百奥泰(688177.SH),43698,896245.98,20.51,-32282.89
,,,康希通信(688653.SH),46753,622749.96,13.32,15437.10
,,,艾罗能源(688717.SH),18641,1069434.17,57.37,162705.21
,,,*ST航图(688066.SH),67528,951469.52,14.09,44512.56
,,,金博股份(688598.SH),53677,877618.95,16.35,-28919.29
2024-07-12,9584402.62,11.72,,,,,
,,,百奥泰(688177.SH),43698,930330.42,21.29,1801.55
,,,*ST航图(688066.SH),67528,973078.48,14.41,66121.52
,,,精智达(688627.SH),19697,835743.71,42.43,83166.67
,,,艾罗能源(688717.SH),18641,1001208.11,53.71,94479.15
,,,安路科技(688107.SH),45350,1019468.00,22.48,56290.70
,,,恒烁股份(688416.SH),30351,912047.55,30.05,-15483.42
,,,康希通信(688653.SH),46753,615737.01,13.17,8424.15
,,,迈信林(688685.SH),45753,1072907.85,23.45,52561.58
,,,荣昌生物(688331.SH),32573,931262.07,28.59,82415.70
,,,麒麟信安(688152.SH),11390,374731.00,32.9,-7483.50
,,,金博股份(688598.SH),53677,917876.70,17.1,11338.46
2024-07-11,9544335.22,11.72,,,,,
,,,康希通信(688653.SH),46753,645658.93,13.81,38346.07
,,,艾罗能源(688717.SH),18641,931117.95,49.95,24388.99
,,,*ST航图(688066.SH),67528,982532.40,14.55,75575.44
,,,麒麟信安(688152.SH),11390,383843.00,33.7,1628.50
,,,百奥泰(688177.SH),43698,919405.92,21.04,-9122.95
,,,精智达(688627.SH),19697,807577.00,41,54999.96
,,,迈信林(688685.SH),45753,1098529.53,24.01,78183.26
,,,安路科技(688107.SH),45350,1032166.00,22.76,68988.70
,,,恒烁股份(688416.SH),30351,943612.59,31.09,16081.62
,,,荣昌生物(688331.SH),32573,875562.24,26.88,26715.87
,,,金博股份(688598.SH),53677,924317.94,17.22,17779.70
2024-07-10,9173078.14,848858.09,,,,,
,,,安路科技(688107.SH),45350,970490.00,21.4,7312.70
,,,迈信林(688685.SH),45753,1059639.48,23.16,39293.21
,,,康希通信(688653.SH),46753,663892.60,14.2,56579.74
,,,艾罗能源(688717.SH),18641,871839.57,46.77,-34889.39
,,,*ST航图(688066.SH),67528,930535.84,13.78,23578.88
,,,恒烁股份(688416.SH),30351,916296.69,30.19,-11234.28
,,,麒麟信安(688152.SH),11390,372680.80,32.72,-9533.70
,,,精智达(688627.SH),19697,774683.01,39.33,22105.97
,,,百奥泰(688177.SH),43698,875270.94,20.03,-53257.93
,,,金博股份(688598.SH),53677,888891.12,16.56,-17647.12
2024-07-09,9193970.39,5.34,,,,,
,,,艾罗能源(688717.SH),18641,888989.29,47.69,-17739.67
,,,金博股份(688598.SH),53677,886744.04,16.52,-19794.20
,,,百奥泰(688177.SH),43698,866968.32,19.84,-61560.55
,,,康希通信(688653.SH),46753,693346.99,14.83,86034.13
,,,迈信林(688685.SH),45753,1035390.39,22.63,15044.12
,,,麒麟信安(688152.SH),11390,378148.00,33.2,-4066.50
,,,恒烁股份(688416.SH),30351,920242.32,30.32,-7288.65
,,,*ST航图(688066.SH),67528,933236.96,13.82,26280.00
,,,精智达(688627.SH),19697,764243.60,38.8,11666.56
,,,艾迪药业(688488.SH),90314,858886.14,9.51,-69867.29
,,,安路科技(688107.SH),45350,967769.00,21.34,4591.70
2024-07-08,9095903.56,3472806.55,,,,,
,,,康希通信(688653.SH),46753,654542.00,14,47229.14
,,,恒烁股份(688416.SH),30351,885035.16,29.16,-42495.81
,,,百奥泰(688177.SH),43698,879203.76,20.12,-49325.11
,,,安路科技(688107.SH),45350,911081.50,20.09,-52095.80
,,,麒麟信安(688152.SH),11390,373705.90,32.81,-8508.60
,,,艾迪药业(688488.SH),90314,886883.48,9.82,-41869.95
,,,迈信林(688685.SH),45753,1032645.21,22.57,12298.94
2024-07-05,9295789.84,4422412.99,,,,,
,,,福昕软件(688095.SH),451,18743.56,41.56,-1259.10
,,,迈信林(688685.SH),45753,1018004.25,22.25,-2342.02
,,,安路科技(688107.SH),45350,944640.50,20.83,-18536.80
,,,迅捷兴(688655.SH),99461,907084.32,9.12,-54922.44
,,,康希通信(688653.SH),46753,690074.28,14.76,82761.42
,,,恒烁股份(688416.SH),30351,908708.94,29.94,-18822.03
,,,麒麟信安(688152.SH),11390,386121.00,33.9,3906.50
2024-07-04,9288941.30,1309771.04,,,,,
,,,安路科技(688107.SH),45350,960513.00,21.18,-2664.30
,,,云天励飞(688343.SH),36110,982192.00,27.2,9322.15
,,,迅捷兴(688655.SH),99461,906089.71,9.11,-55917.05
,,,康希通信(688653.SH),46753,663892.60,14.2,56579.74
,,,深科达(688328.SH),27558,358254.00,13,-22921.32
,,,昀冢科技(688260.SH),261,3463.47,13.27,-409.44
,,,新益昌(688383.SH),19123,886924.74,46.38,-113592.37
,,,ST信安(688201.SH),84761,923894.90,10.9,-76886.79
,,,迈信林(688685.SH),45753,995127.75,21.75,-25218.52
,,,天承科技(688603.SH),10183,461799.05,45.35,-21483.23
,,,福昕软件(688095.SH),451,18734.54,41.54,-1268.12
,,,艾迪药业(688488.SH),89430,818284.50,9.15,-78072.93
2024-07-03,9584884.09,1503276.68,,,,,
,,,艾迪药业(688488.SH),89430,817390.20,9.14,-78967.23
,,,福昕软件(688095.SH),451,19618.50,43.5,-384.16
,,,昀冢科技(688260.SH),261,3640.95,13.95,-231.96
,,,新益昌(688383.SH),19123,933011.17,48.79,-67505.94
,,,安路科技(688107.SH),45350,1009944.50,22.27,46767.20
,,,慧智微(688512.SH),96622,776840.88,8.04,-53114.67
,,,天承科技(688603.SH),10183,476157.08,46.76,-7125.20
,,,深科达(688328.SH),27558,374788.80,13.6,-6386.52
,,,云天励飞(688343.SH),36110,1021913.00,28.3,49043.15
,,,康希通信(688653.SH),46753,651736.82,13.94,44423.96
,,,迈信林(688685.SH),45753,1029442.50,22.5,9096.23
,,,ST信安(688201.SH),84761,967123.01,11.41,-33658.68
2024-07-02,9655502.34,983194.67,,,,,
,,,昀冢科技(688260.SH),261,3724.47,14.27,-148.44
,,,深科达(688328.SH),27558,380300.40,13.8,-874.92
,,,康希通信(688653.SH),46753,622282.43,13.31,14969.57
,,,新益昌(688383.SH),19123,954811.39,49.93,-45705.72
,,,ST信安(688201.SH),84761,1001875.02,11.82,1093.33
,,,精智达(688627.SH),14324,605761.96,42.29,-55050.68
,,,云天励飞(688343.SH),36110,1047190.00,29,74320.15
,,,天承科技(688603.SH),10183,484914.46,47.62,1632.18
,,,慧智微(688512.SH),96622,775874.66,8.03,-54080.89
,,,奥普特(688686.SH),15503,913591.79,58.93,-87409.09
,,,迈信林(688685.SH),45753,1021664.49,22.33,1318.22
,,,艾迪药业(688488.SH),89430,860316.60,9.62,-36040.83
2024-07-01,9795972.89,1478.83,,,,,
,,,特宝生物(688278.SH),10814,572060.60,52.9,-53342.70
,,,深科达(688328.SH),27558,380851.56,13.82,-323.76
,,,康希通信(688653.SH),46753,604048.76,12.92,-3264.10
,,,艾迪药业(688488.SH),89430,884462.70,9.89,-11894.73
,,,新益昌(688383.SH),19123,992101.24,51.88,-8415.87
,,,ST信安(688201.SH),84761,987465.65,11.65,-13316.04
,,,天承科技(688603.SH),10183,508131.70,49.9,24849.42
,,,迈信林(688685.SH),45753,1023037.08,22.36,2690.81
,,,精智达(688627.SH),14324,639566.60,44.65,-21246.04
,,,奥普特(688686.SH),15503,959790.73,61.91,-41210.15
,,,慧智微(688512.SH),96622,788435.52,8.16,-41520.03
,,,云天励飞(688343.SH),36110,1039968.00,28.8,67098.15
,,,昀冢科技(688260.SH),261,3784.50,14.5,-88.41
,,,盟升电子(688311.SH),21023,410789.42,19.54,-39505.66
2024-06-28,10074836.95,1.73,,,,,
,,,新益昌(688383.SH),19123,996499.53,52.11,-4017.58
,,,慧智微(688512.SH),96622,820320.78,8.49,-9634.77
,,,盟升电子(688311.SH),21023,430761.27,20.49,-19533.81
,,,云天励飞(688343.SH),36110,1030940.50,28.55,58070.65
,,,奥普特(688686.SH),15503,992657.09,64.03,-8343.79
,,,特宝生物(688278.SH),10814,579089.70,53.55,-46313.60
,,,迈信林(688685.SH),45753,1118660.85,24.45,98314.58
,,,康希通信(688653.SH),46753,602178.64,12.88,-5134.22
,,,艾迪药业(688488.SH),89430,913974.60,10.22,17617.17
,,,ST信安(688201.SH),84761,1001027.41,11.81,245.72
,,,天承科技(688603.SH),10183,531654.43,52.21,48372.15
,,,精智达(688627.SH),14324,664920.08,46.42,-1242.58
,,,深科达(688328.SH),27558,392150.34,14.23,10975.02
2024-06-27,10080902.96,896359.15,,,,,
,,,深科达(688328.SH),27558,389118.96,14.12,7943.64
,,,新益昌(688383.SH),19123,1012180.39,52.93,11663.28
,,,康希通信(688653.SH),46753,613399.36,13.12,6086.50
,,,特宝生物(688278.SH),10814,597365.36,55.24,-28037.94
,,,盟升电子(688311.SH),21023,417516.78,19.86,-32778.30
,,,ST信安(688201.SH),84761,1008655.90,11.9,7874.21
,,,慧智微(688512.SH),96622,824185.66,8.53,-5769.89
,,,奥普特(688686.SH),15503,999633.44,64.48,-1367.44
,,,云天励飞(688343.SH),36110,1061995.10,29.41,89125.25
,,,精智达(688627.SH),14324,660479.64,46.11,-5683.02
,,,迈信林(688685.SH),45753,1084346.10,23.7,63999.83
,,,天承科技(688603.SH),10183,515667.12,50.64,32384.84
2024-06-26,10343945.92,896359.15,,,,,
,,,康希通信(688653.SH),46753,604516.29,12.93,-2796.57
,,,新益昌(688383.SH),19123,1038952.59,54.33,38435.48
,,,奥普特(688686.SH),15503,1032499.80,66.6,31498.92
,,,迈信林(688685.SH),45753,1105850.01,24.17,85503.74
,,,慧智微(688512.SH),96622,864766.90,8.95,34811.35
,,,天承科技(688603.SH),10183,539800.83,53.01,56518.55
,,,深科达(688328.SH),27558,390221.28,14.16,9045.96
,,,云天励飞(688343.SH),36110,1097744.00,30.4,124874.15
,,,精智达(688627.SH),14324,678384.64,47.36,12221.98
,,,特宝生物(688278.SH),10814,619209.64,57.26,-6193.66
,,,盟升电子(688311.SH),21023,432232.88,20.56,-18062.20
,,,ST信安(688201.SH),84761,1043407.91,12.31,42626.22
2024-06-25,10010605.32,3668473.19,,,,,
,,,奇安信(688561.SH),38383,899313.69,23.43,-74010.30
,,,盟升电子(688311.SH),21023,422562.30,20.1,-27732.78
,,,特宝生物(688278.SH),10814,599311.88,55.42,-26091.42
,,,康希通信(688653.SH),46753,584412.50,12.5,-22900.36
,,,慧智微(688512.SH),96622,845442.50,8.75,15486.95
,,,深科达(688328.SH),27558,378095.76,13.72,-3079.56
,,,天承科技(688603.SH),10183,511186.60,50.2,27904.32
,,,云天励飞(688343.SH),36110,1012885.50,28.05,40015.65
,,,迈信林(688685.SH),45753,1088921.40,23.8,68575.13
2024-06-24,10146229.64,1401523.90,,,,,
,,,康希通信(688653.SH),46753,591425.45,12.65,-15887.41
,,,盟升电子(688311.SH),21023,443375.07,21.09,-6920.01
,,,步科股份(688160.SH),25407,994429.98,39.14,-87851.70
,,,天承科技(688603.SH),10183,523813.52,51.44,40531.24
,,,云天励飞(688343.SH),36110,1083300.00,30,110430.15
,,,海优新材(688680.SH),30808,884805.76,28.72,-78306.41
,,,奇安信(688561.SH),38383,935777.54,24.38,-37546.45
,,,昀冢科技(688260.SH),62556,887669.64,14.19,-85433.06
,,,特宝生物(688278.SH),10814,604827.02,55.93,-20576.28
,,,慧智微(688512.SH),96622,908246.80,9.4,78291.25
,,,*ST天宜(688033.SH),147348,887034.96,6.02,-75884.21
2024-06-21,10636128.10,607320.26,,,,,
,,,奇安信(688561.SH),38383,974544.37,25.39,1220.38
,,,*ST天宜(688033.SH),147348,931239.36,6.32,-31679.81
,,,奥普特(688686.SH),14705,1051848.65,71.53,50474.59
,,,康希诺(688185.SH),8108,357968.20,44.15,-23009.31
,,,天承科技(688603.SH),10183,546623.44,53.68,63341.16
,,,昀冢科技(688260.SH),62556,960234.60,15.35,-12868.10
,,,云天励飞(688343.SH),36110,1134576.20,31.42,161706.35
,,,盟升电子(688311.SH),21023,467551.52,22.24,17256.44
,,,慧智微(688512.SH),96622,993274.16,10.28,163318.61
,,,海优新材(688680.SH),30808,941184.40,30.55,-21927.77
,,,步科股份(688160.SH),25407,1046768.40,41.2,-35513.28
,,,特宝生物(688278.SH),10814,622994.54,57.61,-2408.76
2024-06-20,10807691.33,603858.04,,,,,
,,,康希诺(688185.SH),8108,352049.36,43.42,-28928.15
,,,天承科技(688603.SH),10183,572284.60,56.2,85540.10
,,,昀冢科技(688260.SH),62556,986508.12,15.77,13405.42
,,,步科股份(688160.SH),25407,1074207.96,42.28,-8073.72
,,,特宝生物(688278.SH),10814,624616.64,57.76,-786.66
,,,云天励飞(688343.SH),36110,1162742.00,32.2,189872.15
,,,*ST天宜(688033.SH),147348,948921.12,6.44,-13998.05
,,,奥普特(688686.SH),14705,1080082.25,73.45,78708.19
,,,慧智微(688512.SH),96622,1006801.24,10.42,176845.69
,,,盟升电子(688311.SH),21023,471335.66,22.42,21040.58
,,,奇安信(688561.SH),38383,972625.22,25.34,-698.77
,,,海优新材(688680.SH),30808,951659.12,30.89,-11453.05
2024-06-19,10788428.65,9.60,,,,,
,,,昀冢科技(688260.SH),62556,992763.72,15.87,19661.02
,,,特宝生物(688278.SH),10814,614775.90,56.85,-10627.40
,,,天承科技(688603.SH),20367,1189432.80,58.4,215895.99
,,,云天励飞(688343.SH),36110,1170325.10,32.41,197455.25
,,,奇安信(688561.SH),38383,967251.60,25.2,-6072.39
,,,慧智微(688512.SH),96622,910179.24,9.42,80223.69
,,,*ST天宜(688033.SH),147348,968076.36,6.57,5157.19
,,,海优新材(688680.SH),30808,974148.96,31.62,11036.79
,,,奥普特(688686.SH),14705,1083464.40,73.68,82090.34
,,,盟升电子(688311.SH),21023,478273.25,22.75,27978.17
,,,康希诺(688185.SH),8108,361454.64,44.58,-19522.87
,,,步科股份(688160.SH),25407,1078273.08,42.44,-4008.60
2024-06-18,10961394.35,9.60,,,,,
,,,奇安信(688561.SH),38383,978766.50,25.5,5442.51
,,,盟升电子(688311.SH),21023,481847.16,22.92,31552.08
,,,天承科技(688603.SH),20367,1149717.15,56.45,176180.34
,,,特宝生物(688278.SH),10814,629699.22,58.23,4295.92
,,,云天励飞(688343.SH),36110,1186574.60,32.86,213704.75
,,,慧智微(688512.SH),96622,935300.96,9.68,105345.41
,,,步科股份(688160.SH),25407,1110285.90,43.7,28004.22
,,,奥普特(688686.SH),14705,1111403.90,75.58,110029.84
,,,海优新材(688680.SH),30808,1006805.44,32.68,43693.27
,,,昀冢科技(688260.SH),62556,1006526.04,16.09,33423.34
,,,*ST天宜(688033.SH),147348,991652.04,6.73,28732.87
,,,康希诺(688185.SH),8108,372805.84,45.98,-8171.67
2024-06-17,10875834.98,9.60,,,,,
,,,*ST天宜(688033.SH),147348,972496.80,6.6,9577.63
,,,奇安信(688561.SH),38383,968403.09,25.23,-4920.90
,,,海优新材(688680.SH),30808,1007421.60,32.7,44309.43
,,,昀冢科技(688260.SH),62556,1007777.16,16.11,34674.46
,,,步科股份(688160.SH),25407,1076240.52,42.36,-6041.16
,,,奥普特(688686.SH),14705,1118756.40,76.08,117382.34
,,,云天励飞(688343.SH),36110,1195602.10,33.11,222732.25
,,,康希诺(688185.SH),8108,376373.36,46.42,-4604.15
,,,天承科技(688603.SH),20367,1127517.12,55.36,153980.31
,,,特宝生物(688278.SH),10814,634565.52,58.68,9162.22
,,,慧智微(688512.SH),96622,920807.66,9.53,90852.11
,,,盟升电子(688311.SH),21023,469864.05,22.35,19568.97
2024-06-14,10857823.75,1463268.79,,,,,
,,,特宝生物(688278.SH),10814,629050.38,58.17,3647.08
,,,奥普特(688686.SH),14705,1089199.35,74.07,87825.29
,,,海优新材(688680.SH),30808,1004956.96,32.62,41844.79
,,,盟升电子(688311.SH),21023,470915.20,22.4,20620.12
,,,云天励飞(688343.SH),36110,1189824.50,32.95,216954.65
,,,慧智微(688512.SH),96622,906314.36,9.38,76358.81
,,,天承科技(688603.SH),20367,1133016.21,55.63,159479.40
,,,奇安信(688561.SH),38383,1004099.28,26.16,30775.29
,,,*ST天宜(688033.SH),147348,976917.24,6.63,13998.07
,,,昀冢科技(688260.SH),62556,990261.48,15.83,17158.78
2024-06-13,10690778.20,625404.63,,,,,
,,,云天励飞(688343.SH),36110,1142881.50,31.65,170011.65
,,,天承科技(688603.SH),20367,1164992.40,57.2,191455.59
,,,慧智微(688512.SH),96622,933368.52,9.66,103412.97
,,,奥普特(688686.SH),14705,1089052.30,74.06,87678.24
,,,昀冢科技(688260.SH),62556,1011530.52,16.17,38427.82
,,,*ST天宜(688033.SH),147348,999019.44,6.78,36100.27
,,,盟升电子(688311.SH),21023,489835.90,23.3,39540.82
,,,艾森股份(688720.SH),29014,1223520.38,42.17,263855.64
,,,奇安信(688561.SH),38383,992968.21,25.87,19644.22
,,,海优新材(688680.SH),30808,1018204.40,33.05,55092.23
2024-06-12,10139983.48,7.23,,,,,
,,,盛科通信(688702.SH),13953,605560.20,43.4,145310.55
,,,*ST天宜(688033.SH),147348,981337.68,6.66,18418.51
,,,艾森股份(688720.SH),29014,1019551.96,35.14,59887.22
,,,云天励飞(688343.SH),36110,1099549.50,30.45,126679.65
,,,天承科技(688603.SH),20367,1059695.01,52.03,86158.20
,,,海优新材(688680.SH),30808,1002492.32,32.54,39380.15
,,,昀冢科技(688260.SH),62556,980878.08,15.68,7775.38
,,,慧智微(688512.SH),96622,887956.18,9.19,58000.63
,,,盟升电子(688311.SH),21023,472597.04,22.48,22301.96
,,,奥普特(688686.SH),14705,1064642.00,72.4,63267.94
,,,奇安信(688561.SH),38383,965716.28,25.16,-7607.71
2024-06-11,10017464.86,7.23,,,,,
,,,盛科通信(688702.SH),13953,609327.51,43.67,149077.86
,,,慧智微(688512.SH),96622,883125.08,9.14,53169.53
,,,艾森股份(688720.SH),29014,1022743.50,35.25,63078.76
,,,*ST天宜(688033.SH),147348,979864.20,6.65,16945.03
,,,奥普特(688686.SH),14705,1026997.20,69.84,25623.14
,,,天承科技(688603.SH),20367,1039939.02,51.06,66402.21
,,,奇安信(688561.SH),38383,962645.64,25.08,-10678.35
,,,盟升电子(688311.SH),21023,464608.30,22.1,14313.22
,,,海优新材(688680.SH),30808,997254.96,32.37,34142.79
,,,昀冢科技(688260.SH),62556,945846.72,15.12,-27255.98
,,,云天励飞(688343.SH),36110,1085105.50,30.05,112235.65
2024-06-07,9640237.68,1789627.52,,,,,
,,,盟升电子(688311.SH),21023,450943.35,21.45,648.27
,,,海优新材(688680.SH),30808,951967.20,30.9,-11144.97
,,,盛科通信(688702.SH),13953,563701.20,40.4,103451.55
,,,云天励飞(688343.SH),36110,1112910.20,30.82,140040.35
,,,天承科技(688603.SH),20367,950935.23,46.69,-22601.58
,,,奇安信(688561.SH),38383,932706.90,24.3,-40617.09
,,,*ST天宜(688033.SH),147348,971023.32,6.59,8104.15
,,,奥普特(688686.SH),14705,999351.80,67.96,-2022.26
,,,昀冢科技(688260.SH),62556,917070.96,14.66,-56031.74
2024-06-06,9421742.39,2376329.93,,,,,
,,,奇安信(688561.SH),38383,933474.56,24.32,-39849.43
,,,云天励飞(688343.SH),36110,927304.80,25.68,-45565.05
,,,天承科技(688603.SH),20367,929549.88,45.64,-43986.93
,,,康鹏科技(688602.SH),106837,918798.20,8.6,-66363.46
,,,昀冢科技(688260.SH),62556,901431.96,14.41,-71670.74
,,,航天环宇(688523.SH),47221,864144.30,18.3,-120785.44
,,,盛科通信(688702.SH),13953,574445.01,41.17,114195.36
,,,奥普特(688686.SH),14705,996263.75,67.75,-5110.31
2024-06-05,9660499.58,2376329.93,,,,,
,,,奇安信(688561.SH),38383,973776.71,25.37,452.72
,,,康鹏科技(688602.SH),106837,957259.52,8.96,-27902.14
,,,云天励飞(688343.SH),36110,976775.50,27.05,3905.65
,,,航天环宇(688523.SH),47221,926003.81,19.61,-58925.93
,,,昀冢科技(688260.SH),62556,947723.40,15.15,-25379.30
,,,奥普特(688686.SH),14705,996704.90,67.78,-4669.16
,,,盛科通信(688702.SH),13953,575561.25,41.25,115311.60
,,,天承科技(688603.SH),20367,930364.56,45.68,-43172.25
2024-06-04,9738124.04,6269163.28,,,,,
,,,奥普特(688686.SH),14705,991264.05,67.41,-10110.01
,,,盛科通信(688702.SH),13953,574305.48,41.16,114055.83
,,,康鹏科技(688602.SH),106837,967943.22,9.06,-17218.44
,,,航天环宇(688523.SH),47221,935448.01,19.81,-49481.73
2024-06-03,9806411.55,4479440.34,,,,,
,,,盛科通信(688702.SH),13953,584630.70,41.9,124381.05
,,,航天环宇(688523.SH),47221,987863.32,20.92,2933.58
,,,康鹏科技(688602.SH),106837,956191.15,8.95,-28970.51
,,,奥普特(688686.SH),14705,988470.10,67.22,-12903.96
,,,芳源股份(688148.SH),187246,880056.20,4.7,-73341.83
,,,奇安信(688561.SH),36998,929759.74,25.13,-79642.72
2024-05-31,9940180.16,4479440.34,,,,,
,,,芳源股份(688148.SH),187246,910015.56,4.86,-43382.47
,,,康鹏科技(688602.SH),106837,981832.03,9.19,-3329.63
,,,盛科通信(688702.SH),13953,584630.70,41.9,124381.05
,,,奥普特(688686.SH),14705,990675.85,67.37,-10698.21
,,,奇安信(688561.SH),36998,964167.88,26.06,-45234.58
,,,航天环宇(688523.SH),47221,1029417.80,21.8,44488.06
2024-05-30,9858505.83,6441738.09,,,,,
,,,盛科通信(688702.SH),13953,554213.16,39.72,93963.51
,,,奇安信(688561.SH),36998,977117.18,26.41,-32285.28
,,,奥普特(688686.SH),14705,977294.30,66.46,-31873.41
,,,芳源股份(688148.SH),187246,908143.10,4.85,-45254.93
2024-05-29,9858114.42,5459390.25,,,,,
,,,奇安信(688561.SH),36998,968977.62,26.19,-40424.84
,,,芳源股份(688148.SH),187246,926867.70,4.95,-26530.33
,,,奥普特(688686.SH),14705,967441.95,65.79,-41725.76
,,,盛科通信(688702.SH),13953,546399.48,39.16,86149.83
,,,华润微(688396.SH),26459,989037.42,37.38,4884.99
2024-05-28,9885435.07,5459390.25,,,,,
,,,华润微(688396.SH),26459,1003325.28,37.92,19172.85
,,,奇安信(688561.SH),36998,969347.60,26.2,-40054.86
,,,盛科通信(688702.SH),13953,561189.66,40.22,100940.01
,,,奥普特(688686.SH),14705,969059.50,65.9,-40108.21
,,,芳源股份(688148.SH),187246,923122.78,4.93,-30275.25
2024-05-27,9928653.35,5459390.25,,,,,
,,,芳源股份(688148.SH),187246,919377.86,4.91,-34020.17
,,,奇安信(688561.SH),36998,984516.78,26.61,-24885.68
,,,盛科通信(688702.SH),13953,583514.46,41.82,123264.81
,,,奥普特(688686.SH),14705,976412.00,66.4,-32755.71
,,,华润微(688396.SH),26459,1005442.00,38,21289.57
2024-05-24,9877957.99,4596347.96,,,,,
,,,芳源股份(688148.SH),187246,928740.16,4.96,-24657.87
,,,奥普特(688686.SH),14705,962148.15,65.43,-47019.56
,,,盛科通信(688702.SH),13953,560910.60,40.2,100660.95
,,,华润微(688396.SH),26459,979247.59,37.01,-4904.84
,,,奇安信(688561.SH),36998,977117.18,26.41,-32285.28
,,,航天环宇(688523.SH),44405,873446.35,19.67,-74556.12
2024-05-23,10000400.76,6005791.91,,,,,
,,,芳源股份(688148.SH),187246,951209.68,5.08,-2188.35
,,,华润微(688396.SH),26459,993006.27,37.53,8853.84
,,,盛科通信(688702.SH),27906,1123216.50,40.25,202717.20
,,,航天环宇(688523.SH),44405,927176.40,20.88,-20826.07
2024-05-22,9990781.50,5498112.59,,,,,
,,,航天环宇(688523.SH),44405,945826.50,21.3,-2175.97
,,,开普云(688228.SH),10288,509050.24,49.48,81012.88
,,,芳源股份(688148.SH),187246,996148.72,5.32,42750.69
,,,华润微(688396.SH),26459,1014702.65,38.35,30550.22
,,,盛科通信(688702.SH),27906,1026940.80,36.8,106441.50
2024-05-21,9947840.49,5498112.59,,,,,
,,,盛科通信(688702.SH),27906,1012429.68,36.28,91930.38
,,,华润微(688396.SH),26459,1002266.92,37.88,18114.49
,,,航天环宇(688523.SH),44405,938721.70,21.14,-9280.77
,,,芳源股份(688148.SH),187246,973679.20,5.2,20281.17
,,,开普云(688228.SH),10288,522630.40,50.8,94593.04
2024-05-20,10019140.02,5498112.59,,,,,
,,,开普云(688228.SH),10288,525819.68,51.11,97782.32
,,,盛科通信(688702.SH),27906,1028615.16,36.86,108115.86
,,,芳源股份(688148.SH),187246,981169.04,5.24,27771.01
,,,华润微(688396.SH),26459,1010733.80,38.2,26581.37
,,,航天环宇(688523.SH),44405,974689.75,21.95,26687.28
2024-05-17,9981485.03,948011.60,,,,,
,,,华润微(688396.SH),26459,1016025.60,38.4,31873.17
,,,芳源股份(688148.SH),187246,966189.36,5.16,12791.33
,,,*ST清越(688496.SH),82749,899481.63,10.87,13689.13
,,,茂莱光学(688502.SH),10010,969868.90,96.89,90860.26
,,,盟升电子(688311.SH),32466,816519.90,25.15,46932.55
,,,深科达(688328.SH),58944,953713.92,16.18,67519.82
,,,盛科通信(688702.SH),27906,1014662.16,36.36,94162.86
,,,海优新材(688680.SH),23966,887221.32,37.02,841.39
,,,开普云(688228.SH),10288,526539.84,51.18,98502.48
,,,普元信息(688118.SH),60545,983250.80,16.24,97260.17
2024-05-16,9757616.08,912384.80,,,,,
,,,开普云(688228.SH),10288,538165.28,52.31,110127.92
,,,*ST清越(688496.SH),82749,872174.46,10.54,-13618.04
,,,深科达(688328.SH),58944,924241.92,15.68,38047.82
,,,华润微(688396.SH),26459,998033.48,37.72,13881.05
,,,海优新材(688680.SH),23966,868048.52,36.22,-18331.41
,,,茂莱光学(688502.SH),10010,922121.20,92.12,43112.56
,,,普元信息(688118.SH),60545,946318.35,15.63,60327.72
,,,盛科通信(688702.SH),27906,997639.50,35.75,77140.20
,,,盟升电子(688311.SH),32466,806455.44,24.84,36868.09
,,,致远互联(688369.SH),1949,35803.13,18.37,1734.37
,,,芳源股份(688148.SH),187246,936230.00,5,-17168.03
2024-05-15,9671373.30,549627.92,,,,,
,,,茂莱光学(688502.SH),10010,944143.20,94.32,65134.56
,,,芳源股份(688148.SH),187246,932485.08,4.98,-20912.95
,,,华润微(688396.SH),26459,1000943.97,37.83,16791.54
,,,普元信息(688118.SH),60545,922100.35,15.23,36109.72
,,,*ST清越(688496.SH),82749,863899.56,10.44,-21892.94
,,,深科达(688328.SH),58944,893001.60,15.15,6807.50
,,,华依科技(688071.SH),13530,364092.30,26.91,31844.69
,,,海优新材(688680.SH),23966,876196.96,36.56,-10182.97
,,,致远互联(688369.SH),1949,35159.96,18.04,1091.20
,,,盛科通信(688702.SH),27906,943222.80,33.8,22723.50
,,,开普云(688228.SH),10288,547836.00,53.25,119798.64
,,,盟升电子(688311.SH),32466,798663.60,24.6,29076.25
2024-05-14,9617712.50,920508.72,,,,,
,,,普元信息(688118.SH),60545,919678.55,15.19,33687.92
,,,芳源股份(688148.SH),187246,938102.46,5.01,-15295.57
,,,海优新材(688680.SH),23966,874998.66,36.51,-11381.27
,,,深科达(688328.SH),58944,881212.80,14.95,-4981.30
,,,*ST清越(688496.SH),82749,896999.16,10.84,11206.66
,,,华依科技(688071.SH),13530,370992.60,27.42,38744.99
,,,华润微(688396.SH),26459,1023169.53,38.67,39017.10
,,,盟升电子(688311.SH),32466,798338.94,24.59,28751.59
,,,致远互联(688369.SH),1949,35510.78,18.22,1442.02
,,,茂莱光学(688502.SH),10010,856355.50,85.55,-22653.14
,,,开普云(688228.SH),20576,1101844.80,53.55,245770.08
2024-05-13,9490015.60,1867400.26,,,,,
,,,开普云(688228.SH),20576,1032092.16,50.16,176017.44
,,,盟升电子(688311.SH),32466,797040.30,24.55,27452.95
,,,致远互联(688369.SH),1949,35471.80,18.2,1403.04
,,,海优新材(688680.SH),23966,888898.94,37.09,2519.01
,,,*ST清越(688496.SH),82749,859762.11,10.39,-26030.39
,,,深科达(688328.SH),58944,858224.64,14.56,-27969.46
,,,普元信息(688118.SH),60545,904542.30,14.94,18551.67
,,,华润微(688396.SH),26459,1024227.89,38.71,40075.46
,,,茂莱光学(688502.SH),10010,857857.00,85.7,-27658.14
,,,华依科技(688071.SH),13530,364498.20,26.94,32250.59
2024-05-10,9730373.09,1867400.26,,,,,
,,,盟升电子(688311.SH),32466,843466.68,25.98,73879.33
,,,海优新材(688680.SH),23966,915261.54,38.19,28881.61
,,,华润微(688396.SH),26459,1027932.15,38.85,43779.72
,,,深科达(688328.SH),58944,901253.76,15.29,15059.66
,,,*ST清越(688496.SH),82749,916858.92,11.08,31066.42
,,,茂莱光学(688502.SH),10010,912211.30,91.13,26696.16
,,,致远互联(688369.SH),1949,37128.45,19.05,3059.69
,,,开普云(688228.SH),20576,993409.28,48.28,137334.56
,,,普元信息(688118.SH),60545,940263.85,15.53,54273.22
,,,华依科技(688071.SH),13530,375186.90,27.73,42939.29
2024-05-09,10009171.36,1867400.26,,,,,
,,,*ST清越(688496.SH),82749,959888.40,11.6,74095.90
,,,茂莱光学(688502.SH),10010,955254.30,95.43,69739.16
,,,海优新材(688680.SH),23966,954805.44,39.84,68425.51
,,,致远互联(688369.SH),1949,38297.85,19.65,4229.09
,,,深科达(688328.SH),58944,946640.64,16.06,60446.54
,,,盟升电子(688311.SH),32466,889893.06,27.41,120305.71
,,,华依科技(688071.SH),13530,396834.90,29.33,64587.29
,,,普元信息(688118.SH),60545,983250.80,16.24,97260.17
,,,开普云(688228.SH),20576,970981.44,47.19,114906.72
,,,华润微(688396.SH),26459,1045924.27,39.53,61771.84
2024-05-08,9861551.67,1867400.26,,,,,
,,,华依科技(688071.SH),13530,399676.20,29.54,67428.59
,,,盟升电子(688311.SH),32466,878854.62,27.07,109267.27
,,,普元信息(688118.SH),60545,969325.45,16.01,83334.82
,,,开普云(688228.SH),20576,977977.28,47.53,121902.56
,,,深科达(688328.SH),58944,941335.68,15.97,55141.58
,,,华润微(688396.SH),26459,968928.58,36.62,-15223.85
,,,*ST清越(688496.SH),82749,959060.91,11.59,73268.41
,,,茂莱光学(688502.SH),10010,932932.00,93.2,47416.86
,,,致远互联(688369.SH),1949,38336.83,19.67,4268.07
,,,海优新材(688680.SH),23966,927723.86,38.71,41343.93
2024-05-07,10139188.44,190637.13,,,,,
,,,盟升电子(688311.SH),32466,930150.90,28.65,160563.55
,,,深科达(688328.SH),58944,974344.32,16.53,88150.22
,,,茂莱光学(688502.SH),10010,960960.00,96,75444.86
,,,开普云(688228.SH),20576,1021392.64,49.64,165317.92
,,,*ST清越(688496.SH),82749,976438.20,11.8,90645.70
,,,海尔生物(688139.SH),17255,676741.10,39.22,186955.29
,,,华依科技(688071.SH),27061,835643.68,30.88,171123.89
,,,致远互联(688369.SH),1949,39330.82,20.18,5262.06
,,,神工股份(688233.SH),28082,586352.16,20.88,151205.64
,,,普元信息(688118.SH),60545,1009890.60,16.68,123899.97
,,,海优新材(688680.SH),23966,946417.34,39.49,60037.41
,,,华润微(688396.SH),26459,990889.55,37.45,6737.12
2024-05-06,9959690.20,190637.13,,,,,
,,,普元信息(688118.SH),60545,997781.60,16.48,111790.97
,,,深科达(688328.SH),58944,970218.24,16.46,84024.14
,,,开普云(688228.SH),20576,1034355.52,50.27,178280.80
,,,华依科技(688071.SH),27061,820760.13,30.33,156240.34
,,,茂莱光学(688502.SH),10010,963162.20,96.22,77647.06
,,,海尔生物(688139.SH),17255,636364.40,36.88,146578.59
,,,*ST清越(688496.SH),82749,968990.79,11.71,83198.29
,,,海优新材(688680.SH),23966,934674.00,39,48294.07
,,,盟升电子(688311.SH),32466,834700.86,25.71,65113.51
,,,神工股份(688233.SH),28082,581016.58,20.69,145870.06
,,,华润微(688396.SH),26459,988243.65,37.35,4091.22
,,,致远互联(688369.SH),1949,38785.10,19.9,4716.34
2024-04-30,9774113.28,190637.13,,,,,
,,,*ST清越(688496.SH),82749,957405.93,11.57,71613.43
,,,致远互联(688369.SH),1949,38005.50,19.5,3936.74
,,,开普云(688228.SH),20576,1017277.44,49.44,161202.72
,,,海尔生物(688139.SH),17255,642921.30,37.26,153135.49
,,,海优新材(688680.SH),23966,918377.12,38.32,31997.19
,,,茂莱光学(688502.SH),10010,939238.30,93.83,53723.16
,,,普元信息(688118.SH),60545,986278.05,16.29,100287.42
,,,深科达(688328.SH),58944,955482.24,16.21,69288.14
,,,华润微(688396.SH),26459,965488.91,36.49,-18663.52
,,,华依科技(688071.SH),27061,772862.16,28.56,108342.37
,,,神工股份(688233.SH),28082,578489.20,20.6,143342.68
,,,盟升电子(688311.SH),32466,811650.00,25,42062.65
2024-04-29,9858936.73,1174789.56,,,,,
,,,开普云(688228.SH),20576,993820.80,48.3,137746.08
,,,盟升电子(688311.SH),32466,851583.18,26.23,81995.83
,,,神工股份(688233.SH),28082,567256.40,20.2,132109.88
,,,茂莱光学(688502.SH),10010,962962.00,96.2,77446.86
,,,海尔生物(688139.SH),17255,637572.25,36.95,147786.44
,,,深科达(688328.SH),58944,972576.00,16.5,86381.90
,,,华依科技(688071.SH),27061,768261.79,28.39,103742.00
,,,普元信息(688118.SH),60545,1008679.70,16.66,122689.07
,,,*ST清越(688496.SH),82749,956578.44,11.56,70785.94
,,,致远互联(688369.SH),1949,38570.71,19.79,4501.95
,,,海优新材(688680.SH),23966,926285.90,38.65,39905.97
2024-04-26,9528266.27,5.23,,,,,
,,,神工股份(688233.SH),56165,1092970.90,19.46,222662.36
,,,盟升电子(688311.SH),32466,821389.80,25.3,51802.45
,,,致远互联(688369.SH),1949,38005.50,19.5,3936.74
,,,海尔生物(688139.SH),34510,1274454.30,36.93,294882.67
,,,华依科技(688071.SH),27061,741471.40,27.4,76951.61
,,,深科达(688328.SH),58944,919526.40,15.6,33332.30
,,,开普云(688228.SH),20576,947319.04,46.04,91244.32
,,,海优新材(688680.SH),23966,879552.20,36.7,-6827.73
,,,普元信息(688118.SH),60545,953583.75,15.75,67593.12
,,,*ST清越(688496.SH),82749,922651.35,11.15,36858.85
,,,茂莱光学(688502.SH),10010,937336.40,93.64,51821.26
2024-04-25,9161250.97,5.23,,,,,
,,,华依科技(688071.SH),27061,734164.93,27.13,69645.14
,,,盟升电子(688311.SH),32466,807754.08,24.88,38166.73
,,,开普云(688228.SH),20576,924479.68,44.93,68404.96
,,,普元信息(688118.SH),60545,937842.05,15.49,51851.42
,,,茂莱光学(688502.SH),10010,914013.10,91.31,28497.96
,,,*ST清越(688496.SH),82749,899481.63,10.87,13689.13
,,,神工股份(688233.SH),56165,957613.25,17.05,87304.71
,,,致远互联(688369.SH),1949,37147.94,19.06,3079.18
,,,海尔生物(688139.SH),34510,1189214.60,34.46,209642.97
,,,海优新材(688680.SH),23966,861817.36,35.96,-24562.57
,,,深科达(688328.SH),58944,897717.12,15.23,11523.02
2024-04-24,9171696.44,5.23,,,,,
,,,普元信息(688118.SH),60545,935420.25,15.45,49429.62
,,,华依科技(688071.SH),27061,722258.09,26.69,57738.30
,,,海尔生物(688139.SH),34510,1197497.00,34.7,217925.37
,,,茂莱光学(688502.SH),10010,924823.90,92.39,39308.76
,,,致远互联(688369.SH),1949,37264.88,19.12,3196.12
,,,神工股份(688233.SH),56165,952558.40,16.96,82249.86
,,,海优新材(688680.SH),23966,864213.96,36.06,-22165.97
,,,*ST清越(688496.SH),82749,901136.61,10.89,15344.11
,,,盟升电子(688311.SH),32466,821389.80,25.3,51802.45
,,,开普云(688228.SH),20576,911516.80,44.3,55442.08
,,,深科达(688328.SH),58944,903611.52,15.33,17417.42
2024-04-23,8954493.08,5.23,,,,,
,,,盟升电子(688311.SH),32466,799637.58,24.63,30050.23
,,,*ST清越(688496.SH),82749,883759.32,10.68,-2033.18
,,,开普云(688228.SH),20576,882710.40,42.9,26635.68
,,,海尔生物(688139.SH),34510,1154014.40,33.44,174442.77
,,,华依科技(688071.SH),27061,710892.47,26.27,46372.68
,,,神工股份(688233.SH),56165,930092.40,16.56,59783.86
,,,茂莱光学(688502.SH),10010,906505.60,90.56,20990.46
,,,普元信息(688118.SH),60545,899093.25,14.85,13102.62
,,,致远互联(688369.SH),1949,35023.53,17.97,954.77
,,,深科达(688328.SH),58944,865297.92,14.68,-20896.18
,,,海优新材(688680.SH),23966,887460.98,37.03,1081.05
2024-04-22,8747993.87,856079.95,,,,,
,,,海优新材(688680.SH),23966,871883.08,36.38,-14496.85
,,,海尔生物(688139.SH),34510,1161261.50,33.65,181689.87
,,,盟升电子(688311.SH),32466,781781.28,24.08,12193.93
,,,神工股份(688233.SH),56165,907064.75,16.15,36756.21
,,,普元信息(688118.SH),60545,876691.60,14.48,-9299.03
,,,*ST清越(688496.SH),82749,848177.25,10.25,-37615.25
,,,茂莱光学(688502.SH),10010,894894.00,89.4,9378.86
,,,深科达(688328.SH),58944,840541.44,14.26,-45652.66
,,,华依科技(688071.SH),27061,676525.00,25,12005.21
,,,致远互联(688369.SH),1949,33094.02,16.98,-974.74
2024-04-19,8738695.53,19.75,,,,,
,,,昱能科技(688348.SH),13416,866002.80,64.55,-73664.12
,,,普元信息(688118.SH),60545,889406.05,14.69,3415.42
,,,茂莱光学(688502.SH),10010,914914.00,91.4,29398.86
,,,神工股份(688233.SH),56165,921106.00,16.4,50797.46
,,,*ST清越(688496.SH),82749,845694.78,10.22,-40097.72
,,,海尔生物(688139.SH),34510,1131928.00,32.8,152356.37
,,,海优新材(688680.SH),23966,849594.70,35.45,-36785.23
,,,深科达(688328.SH),58944,847614.72,14.38,-38579.38
,,,致远互联(688369.SH),1949,32665.24,16.76,-1403.52
,,,华依科技(688071.SH),27061,689784.89,25.49,25265.10
,,,盟升电子(688311.SH),32466,749964.60,23.1,-19622.75
2024-04-18,8867640.13,19.75,,,,,
,,,神工股份(688233.SH),56165,943572.00,16.8,73263.46
,,,*ST清越(688496.SH),82749,878794.38,10.62,-6998.12
,,,海优新材(688680.SH),23966,873800.36,36.46,-12579.57
,,,普元信息(688118.SH),60545,883351.55,14.59,-2639.08
,,,茂莱光学(688502.SH),10010,903002.10,90.21,17486.96
,,,昱能科技(688348.SH),13416,890285.76,66.36,-49381.16
,,,华依科技(688071.SH),27061,703586.00,26,39066.21
,,,深科达(688328.SH),58944,857635.20,14.55,-28558.90
,,,盟升电子(688311.SH),32466,773989.44,23.84,4402.09
,,,海尔生物(688139.SH),34510,1126061.30,32.63,146489.67
,,,致远互联(688369.SH),1949,33542.29,17.21,-526.47
2024-04-17,8877661.44,5199479.39,,,,,
,,,神工股份(688233.SH),56165,947503.55,16.87,77195.01
,,,致远互联(688369.SH),1949,34419.34,17.66,350.58
,,,华依科技(688071.SH),27061,671654.02,24.82,7134.23
,,,海尔生物(688139.SH),34510,1119159.30,32.43,139587.67
,,,昱能科技(688348.SH),13416,905445.84,67.49,-34221.08
2024-04-16,8610396.36,904386.51,,,,,
,,,普源精电(688337.SH),31630,860968.60,27.22,-84090.91
,,,海优新材(688680.SH),24102,825252.48,34.24,-99736.24
,,,云天励飞(688343.SH),4493,119064.50,26.5,-16260.76
,,,昱能科技(688348.SH),13416,874589.04,65.19,-65077.88
,,,景业智能(688290.SH),24152,875993.04,36.27,-149923.53
,,,普元信息(688118.SH),62597,832540.10,13.3,-92889.81
,,,茂莱光学(688502.SH),9727,810550.91,83.33,-124219.45
,,,华依科技(688071.SH),27061,611037.38,22.58,-53482.41
,,,海尔生物(688139.SH),34510,1078092.40,31.24,98520.77
,,,深科达(688328.SH),61870,817921.40,13.22,-107302.68
2024-04-15,9269794.21,3440172.97,,,,,
,,,新点软件(688232.SH),43208,909960.48,21.06,-75282.97
,,,景业智能(688290.SH),24152,978397.52,40.51,-47519.05
,,,茂莱光学(688502.SH),9727,888075.10,91.3,-46695.26
,,,普源精电(688337.SH),31630,909995.10,28.77,-35064.41
,,,海尔生物(688139.SH),34510,1084649.30,31.43,105077.67
,,,云天励飞(688343.SH),4493,128949.10,28.7,-6376.16
,,,昱能科技(688348.SH),13416,929594.64,69.29,-10072.28
2024-04-12,9417060.17,1648553.32,,,,,
,,,云天励飞(688343.SH),4493,131689.83,29.31,-3635.43
,,,新点软件(688232.SH),43208,942798.56,21.82,-42444.89
,,,茂莱光学(688502.SH),9727,935348.32,96.16,577.96
,,,欧林生物(688319.SH),114907,944535.54,8.22,-81641.23
,,,海尔生物(688139.SH),34510,1074296.30,31.13,94724.67
,,,景业智能(688290.SH),24152,995062.40,41.2,-30854.17
,,,普源精电(688337.SH),31630,940359.90,29.73,-4699.61
,,,安恒信息(688023.SH),15940,909058.20,57.03,-75903.60
,,,经纬恒润(688326.SH),14580,895357.80,61.41,-83749.56
2024-04-11,9418612.97,2593612.83,,,,,
,,,茂莱光学(688502.SH),9727,935251.05,96.15,480.69
,,,海尔生物(688139.SH),34510,1022186.20,29.62,42614.57
,,,新点软件(688232.SH),43208,946255.20,21.9,-38988.25
,,,经纬恒润(688326.SH),14580,918248.40,62.98,-60858.96
,,,欧林生物(688319.SH),114907,950280.89,8.27,-75895.88
,,,安恒信息(688023.SH),15940,922926.00,57.9,-62035.80
,,,景业智能(688290.SH),24152,995062.40,41.2,-30854.17
,,,云天励飞(688343.SH),4493,134790.00,30,-535.26
2024-04-10,9403635.22,1701403.40,,,,,
,,,经纬恒润(688326.SH),14580,944929.80,64.81,-34177.56
,,,欧林生物(688319.SH),114907,957175.31,8.33,-69001.46
,,,*ST清越(688496.SH),78344,928376.40,11.85,-71237.15
,,,索辰科技(688507.SH),10868,920519.60,84.7,-58761.36
,,,新点软件(688232.SH),43208,937181.52,21.69,-48061.93
,,,景业智能(688290.SH),24152,1000134.32,41.41,-25782.25
,,,云天励飞(688343.SH),4493,135643.67,30.19,318.41
,,,安恒信息(688023.SH),15940,925795.20,58.08,-59166.60
,,,海尔生物(688139.SH),34510,952476.00,27.6,-27095.63
2024-04-09,9716629.98,1701403.40,,,,,
,,,云天励飞(688343.SH),4493,138653.98,30.86,3328.72
,,,景业智能(688290.SH),24152,1038294.48,42.99,12377.91
,,,经纬恒润(688326.SH),14580,1025848.80,70.36,46741.44
,,,新点软件(688232.SH),43208,962674.24,22.28,-22569.21
,,,索辰科技(688507.SH),10868,955188.52,87.89,-24092.44
,,,安恒信息(688023.SH),15940,956878.20,60.03,-28083.60
,,,海尔生物(688139.SH),34510,967315.30,28.03,-12256.33
,,,*ST清越(688496.SH),78344,970682.16,12.39,-28931.39
,,,欧林生物(688319.SH),114907,999690.90,8.7,-26485.87
2024-04-08,9553484.15,135337.09,,,,,
,,,*ST清越(688496.SH),78344,944045.20,12.05,-55568.35
,,,茂莱光学(688502.SH),6818,688618.00,101,-64932.50
,,,美芯晟(688458.SH),20252,923086.16,45.58,-102601.68
,,,经纬恒润(688326.SH),14580,1020600.00,70,41492.64
,,,新点软件(688232.SH),43208,934589.04,21.63,-50654.41
,,,索辰科技(688507.SH),10868,943994.48,86.86,-35286.48
,,,景业智能(688290.SH),24152,1038294.48,42.99,12377.91
,,,安恒信息(688023.SH),15940,936156.20,58.73,-48805.60
,,,欧林生物(688319.SH),114907,960622.52,8.36,-65554.25
,,,皓元医药(688131.SH),2977,95680.78,32.14,-8485.38
,,,海尔生物(688139.SH),34510,932460.20,27.02,-47111.43
2024-04-03,9785466.21,3073297.05,,,,,
,,,新点软件(688232.SH),43208,972180.00,22.5,-13063.45
,,,景业智能(688290.SH),24152,1011968.80,41.9,-13947.77
,,,*ST清越(688496.SH),78344,976166.24,12.46,-23447.31
,,,茂莱光学(688502.SH),6818,716435.44,105.08,-37115.06
,,,欧林生物(688319.SH),114907,1003138.11,8.73,-23038.66
,,,皓元医药(688131.SH),2977,101843.17,34.21,-2322.99
,,,美芯晟(688458.SH),20252,963995.20,47.6,-61692.64
,,,安恒信息(688023.SH),15940,966442.20,60.63,-18519.60
2024-04-02,10011895.86,4072910.60,,,,,
,,,安恒信息(688023.SH),15940,1004220.00,63,19258.20
,,,美芯晟(688458.SH),20252,1004094.16,49.58,-21593.68
,,,茂莱光学(688502.SH),6818,756388.92,110.94,2838.42
,,,皓元医药(688131.SH),2977,105385.80,35.4,1219.64
,,,欧林生物(688319.SH),114907,1022672.30,8.9,-3504.47
,,,新点软件(688232.SH),43208,1002857.68,23.21,17614.23
,,,景业智能(688290.SH),24152,1043366.40,43.2,17449.83
2024-04-01,10080968.38,4072910.60,,,,,
,,,安恒信息(688023.SH),15940,1033549.60,64.84,48587.80
,,,新点软件(688232.SH),43208,1030942.88,23.86,45699.43
,,,景业智能(688290.SH),24152,989507.44,40.97,-36409.13
,,,欧林生物(688319.SH),114907,1042206.49,9.07,16029.72
,,,皓元医药(688131.SH),2977,107201.77,36.01,3035.61
,,,茂莱光学(688502.SH),6818,771797.60,113.2,18247.10
,,,美芯晟(688458.SH),20252,1032852.00,51,7164.16
2024-03-29,9947233.90,4072910.60,,,,,
,,,美芯晟(688458.SH),20252,1052293.92,51.96,26606.08
,,,茂莱光学(688502.SH),6818,749161.84,109.88,-4388.66
,,,欧林生物(688319.SH),114907,997392.76,8.68,-28784.01
,,,新点软件(688232.SH),43208,1006746.40,23.3,21502.95
,,,皓元医药(688131.SH),2977,102944.66,34.58,-1221.50
,,,安恒信息(688023.SH),15940,997047.00,62.55,12085.20
,,,景业智能(688290.SH),24152,968736.72,40.11,-57179.85
2024-03-28,9930527.98,4072910.60,,,,,
,,,美芯晟(688458.SH),20252,1010574.80,49.9,-15113.04
,,,茂莱光学(688502.SH),6818,759797.92,111.44,6247.42
,,,新点软件(688232.SH),43208,1000265.20,23.15,15021.75
,,,皓元医药(688131.SH),2977,105028.56,35.28,862.40
,,,欧林生物(688319.SH),114907,999690.90,8.7,-26485.87
,,,景业智能(688290.SH),24152,974533.20,40.35,-51383.37
,,,安恒信息(688023.SH),15940,1007726.80,63.22,22765.00
2024-03-27,9839081.41,2723776.86,,,,,
,,,美芯晟(688458.SH),20252,963590.16,47.58,-62097.68
,,,晶丰明源(688368.SH),10169,676035.12,66.48,-72698.20
,,,迪威尔(688377.SH),54197,886662.92,16.36,-72114.83
,,,三未信安(688489.SH),12168,388159.20,31.9,-38822.54
,,,皓元医药(688131.SH),2977,105028.56,35.28,862.40
,,,景业智能(688290.SH),24152,969702.80,40.15,-56213.77
,,,欧林生物(688319.SH),114907,979007.64,8.52,-47169.13
,,,亿华通(688339.SH),9515,357097.95,37.53,24260.48
,,,索辰科技(688507.SH),9265,881564.75,95.15,-63782.12
,,,华锐精密(688059.SH),15281,908455.45,59.45,-30884.36
2024-03-26,10276344.78,5801558.04,,,,,
,,,亿华通(688339.SH),9515,381836.95,40.13,48999.48
,,,迪威尔(688377.SH),54197,938150.07,17.31,-20627.68
,,,皓元医药(688131.SH),2977,105743.04,35.52,1576.88
,,,三未信安(688489.SH),12168,416997.36,34.27,-9984.38
,,,索辰科技(688507.SH),9265,963096.75,103.95,17749.88
,,,华锐精密(688059.SH),15281,946963.57,61.97,7623.76
,,,晶丰明源(688368.SH),10169,721999.00,71,-26734.32
2024-03-25,10314710.41,5801558.04,,,,,
,,,晶丰明源(688368.SH),10169,728202.09,71.61,-20531.23
,,,迪威尔(688377.SH),54197,939775.98,17.34,-19001.77
,,,三未信安(688489.SH),12168,417970.80,34.35,-9010.94
,,,亿华通(688339.SH),9515,390115.00,41,57277.53
,,,华锐精密(688059.SH),15281,921597.11,60.31,-17742.70
,,,索辰科技(688507.SH),9265,1006920.20,108.68,61573.33
,,,皓元医药(688131.SH),2977,108571.19,36.47,4405.03
2024-03-22,10558484.77,4810185.90,,,,,
,,,皓元医药(688131.SH),2977,115299.21,38.73,11133.05
,,,晶丰明源(688368.SH),10169,779657.23,76.67,30923.91
,,,美迪西(688202.SH),11294,509246.46,45.09,41731.16
,,,亿华通(688339.SH),9515,417708.50,43.9,84871.03
,,,迪威尔(688377.SH),54197,972294.18,17.94,13516.43
,,,华锐精密(688059.SH),15281,959646.80,62.8,20306.99
,,,三未信安(688489.SH),12168,439873.20,36.15,12891.46
,,,索辰科技(688507.SH),9265,1067235.35,115.19,121888.48
,,,杰普特(688025.SH),8819,487337.94,55.26,19120.80
2024-03-21,10726499.09,4169127.82,,,,,
,,,晶丰明源(688368.SH),10169,802842.55,78.95,54109.23
,,,皓元医药(688131.SH),2977,121610.45,40.85,17444.29
,,,华锐精密(688059.SH),15281,1007017.90,65.9,67678.09
,,,索辰科技(688507.SH),9265,1085950.65,117.21,140603.78
,,,迪威尔(688377.SH),54197,1015651.78,18.74,56874.03
,,,美迪西(688202.SH),11294,533076.80,47.2,65561.50
,,,亿华通(688339.SH),9515,408764.40,42.96,75926.93
,,,理工导航(688282.SH),21511,637370.93,29.63,188912.78
,,,三未信安(688489.SH),12168,447782.40,36.8,20800.66
,,,杰普特(688025.SH),8819,497303.41,56.39,29086.27
2024-03-20,10694915.27,4169127.82,,,,,
,,,理工导航(688282.SH),21511,583163.21,27.11,134705.06
,,,晶丰明源(688368.SH),10169,827553.22,81.38,78819.90
,,,索辰科技(688507.SH),9265,1039533.00,112.2,94186.13
,,,亿华通(688339.SH),9515,389068.35,40.89,56230.88
,,,三未信安(688489.SH),12168,447295.68,36.76,20313.94
,,,迪威尔(688377.SH),54197,1024865.27,18.91,66087.52
,,,华锐精密(688059.SH),15281,1025507.91,67.11,86168.10
,,,皓元医药(688131.SH),2977,126582.04,42.52,22415.88
,,,美迪西(688202.SH),11294,558036.54,49.41,90521.24
,,,杰普特(688025.SH),8819,504182.23,57.17,35965.09
2024-03-19,10615723.53,3003578.87,,,,,
,,,纳睿雷达(688522.SH),12705,652401.75,51.35,182636.04
,,,皓元医药(688131.SH),2977,121610.45,40.85,17444.29
,,,神工股份(688233.SH),23184,516307.68,22.27,104774.44
,,,杰普特(688025.SH),8819,511942.95,58.05,43725.81
,,,迪威尔(688377.SH),54197,1015109.81,18.73,56332.06
,,,亿华通(688339.SH),9515,384025.40,40.36,51187.93
,,,理工导航(688282.SH),21511,600372.01,27.91,151913.86
,,,晶丰明源(688368.SH),10169,810265.92,79.68,61532.60
,,,三未信安(688489.SH),12168,435006.00,35.75,8024.26
,,,华锐精密(688059.SH),15281,1039566.43,68.03,100226.62
,,,美迪西(688202.SH),11294,539740.26,47.79,72224.96
,,,索辰科技(688507.SH),9265,985796.00,106.4,40449.13
2024-03-18,10540765.79,2031198.85,,,,,
,,,晶丰明源(688368.SH),10169,807825.36,79.44,59092.04
,,,亚虹医药(688176.SH),47639,344906.36,7.24,82289.07
,,,神工股份(688233.SH),23184,507265.92,21.88,95732.68
,,,理工导航(688282.SH),21511,581227.22,27.02,132769.07
,,,皓元医药(688131.SH),2977,124140.90,41.7,19974.74
,,,索辰科技(688507.SH),9265,1020076.50,110.1,74729.63
,,,纳睿雷达(688522.SH),25411,1237515.70,48.7,297947.30
,,,三未信安(688489.SH),12168,427461.84,35.13,480.10
,,,杰普特(688025.SH),8819,499067.21,56.59,30850.07
,,,亿华通(688339.SH),9515,386784.75,40.65,53947.28
,,,美迪西(688202.SH),11294,559278.88,49.52,91763.58
,,,迪威尔(688377.SH),54197,979339.79,18.07,20562.04
,,,华锐精密(688059.SH),15281,1034676.51,67.71,95336.70
2024-03-15,10125008.98,963868.72,,,,,
,,,皓元医药(688131.SH),2977,114167.95,38.35,10001.79
,,,神工股份(688233.SH),23184,495673.92,21.38,84140.68
,,,三未信安(688489.SH),12168,418335.84,34.38,-8645.90
,,,华锐精密(688059.SH),15281,1034065.27,67.67,94725.46
,,,亿华通(688339.SH),9515,379267.90,39.86,46430.43
,,,裕太微(688515.SH),5759,507425.49,88.11,163918.94
,,,亚虹医药(688176.SH),47639,336331.34,7.06,73714.05
,,,索辰科技(688507.SH),9265,943362.30,101.82,-1984.57
,,,晶丰明源(688368.SH),10169,772538.93,75.97,23805.61
,,,迪威尔(688377.SH),54197,969042.36,17.88,10264.61
,,,杰普特(688025.SH),8819,477196.09,54.11,8978.95
,,,理工导航(688282.SH),43022,1114269.80,25.9,217353.49
,,,纳睿雷达(688522.SH),25411,1089877.79,42.89,150309.39
,,,美迪西(688202.SH),11294,509585.28,45.12,42069.98
2024-03-14,9925731.67,512797.80,,,,,
,,,杰普特(688025.SH),8819,463614.83,52.57,-4602.31
,,,索辰科技(688507.SH),9265,926592.65,100.01,-18754.22
,,,神工股份(688233.SH),23184,493123.68,21.27,81590.44
,,,迪威尔(688377.SH),54197,958202.96,17.68,-574.79
,,,理工导航(688282.SH),43022,998110.40,23.2,101194.09
,,,美迪西(688202.SH),11294,527429.80,46.7,59914.50
,,,纳睿雷达(688522.SH),25411,1076918.18,42.38,137349.78
,,,皓元医药(688131.SH),2977,112679.45,37.85,8513.29
,,,亚虹医药(688176.SH),47639,336331.34,7.06,73714.05
,,,三未信安(688489.SH),12168,418092.48,34.36,-8889.26
,,,华锐精密(688059.SH),15281,1046901.31,68.51,107561.50
,,,亿华通(688339.SH),9515,375747.35,39.49,42909.88
,,,晶丰明源(688368.SH),10169,779555.54,76.66,30822.22
,,,裕太微(688515.SH),11519,899633.90,78.1,212561.16
2024-03-13,10099728.26,19.08,,,,,
,,,皓元医药(688131.SH),2977,111042.10,37.3,6875.94
,,,美迪西(688202.SH),11294,502583.00,44.5,35067.70
,,,裕太微(688515.SH),11519,843421.18,73.22,156348.44
,,,索辰科技(688507.SH),9265,957537.75,103.35,12190.88
,,,纳睿雷达(688522.SH),25411,1127231.96,44.36,187663.56
,,,神工股份(688233.SH),46369,1037738.22,22.38,214653.99
,,,迪威尔(688377.SH),54197,984759.49,18.17,25981.74
,,,理工导航(688282.SH),43022,1029086.24,23.92,132169.93
,,,杰普特(688025.SH),8819,485485.95,55.05,17268.81
,,,亿华通(688339.SH),9515,384881.75,40.45,52044.28
,,,华锐精密(688059.SH),15281,1077157.69,70.49,137817.88
,,,晶丰明源(688368.SH),10169,797452.98,78.42,48719.66
,,,三未信安(688489.SH),12168,429287.04,35.28,2305.30
,,,亚虹医药(688176.SH),47639,332043.83,6.97,69426.54
2024-03-12,9941102.69,19.08,,,,,
,,,神工股份(688233.SH),46369,1000179.33,21.57,177095.10
,,,华锐精密(688059.SH),15281,1016033.69,66.49,76693.88
,,,杰普特(688025.SH),8819,487602.51,55.29,19385.37
,,,理工导航(688282.SH),43022,1035539.54,24.07,138623.23
,,,三未信安(688489.SH),12168,421012.80,34.6,-5968.94
,,,皓元医药(688131.SH),2977,110893.25,37.25,6727.09
,,,亿华通(688339.SH),9515,392493.75,41.25,59656.28
,,,裕太微(688515.SH),11519,810361.65,70.35,123288.91
,,,纳睿雷达(688522.SH),25411,1104107.95,43.45,164539.55
,,,晶丰明源(688368.SH),10169,797351.29,78.41,48617.97
,,,迪威尔(688377.SH),54197,986927.37,18.21,28149.62
,,,亚虹医药(688176.SH),47639,328232.71,6.89,65615.42
,,,索辰科技(688507.SH),9265,954202.35,102.99,8855.48
,,,美迪西(688202.SH),11294,496145.42,43.93,28630.12
2024-03-11,9739603.86,19.08,,,,,
,,,纳睿雷达(688522.SH),25411,1063450.35,41.85,123881.95
,,,亚虹医药(688176.SH),47639,320610.47,6.73,57993.18
,,,索辰科技(688507.SH),9265,944566.75,101.95,-780.12
,,,晶丰明源(688368.SH),10169,800707.06,78.74,51973.74
,,,杰普特(688025.SH),8819,486456.04,55.16,18238.90
,,,裕太微(688515.SH),11519,840887.00,73,153814.26
,,,亿华通(688339.SH),9515,392779.20,41.28,59941.73
,,,迪威尔(688377.SH),54197,975004.03,17.99,16226.28
,,,美迪西(688202.SH),11294,466781.02,41.33,-734.28
,,,三未信安(688489.SH),12168,410670.00,33.75,-16311.74
,,,华锐精密(688059.SH),15281,996932.44,65.24,57592.63
,,,理工导航(688282.SH),43022,974878.52,22.66,77962.21
,,,神工股份(688233.SH),46369,959374.61,20.69,136290.38
,,,皓元医药(688131.SH),2977,106487.29,35.77,2321.13
2024-03-08,9434150.32,1049532.12,,,,,
,,,亚虹医药(688176.SH),47639,306318.77,6.43,43701.48
,,,杰普特(688025.SH),8819,484868.62,54.98,16651.48
,,,三未信安(688489.SH),12168,402639.12,33.09,-24342.62
,,,美迪西(688202.SH),11294,441369.52,39.08,-26145.78
,,,迪威尔(688377.SH),54197,915929.30,16.9,-42848.45
,,,晶丰明源(688368.SH),10169,785962.01,77.29,37228.69
,,,裕太微(688515.SH),11519,774076.80,67.2,87004.06
,,,华锐精密(688059.SH),15281,948033.24,62.04,8693.43
,,,亿华通(688339.SH),9515,376127.95,39.53,43290.48
,,,神工股份(688233.SH),46369,945927.60,20.4,122843.37
,,,纳睿雷达(688522.SH),25411,1059892.81,41.71,120324.41
,,,理工导航(688282.SH),43022,943472.46,21.93,46556.15
2024-03-07,9225879.93,28.35,,,,,
,,,纳睿雷达(688522.SH),25411,1023555.08,40.28,83986.68
,,,杰普特(688025.SH),8819,470670.03,53.37,2452.89
,,,华锐精密(688059.SH),15281,929237.61,60.81,-10102.20
,,,迪威尔(688377.SH),54197,922432.94,17.02,-36344.81
,,,亚虹医药(688176.SH),47639,304889.60,6.4,42272.31
,,,亿华通(688339.SH),9515,381551.50,40.1,48714.03
,,,美迪西(688202.SH),11294,442273.04,39.16,-25242.26
,,,裕太微(688515.SH),11519,703234.95,61.05,16162.21
,,,理工导航(688282.SH),43022,926693.88,21.54,29777.57
,,,纳芯微(688052.SH),8364,871528.80,104.2,-67394.33
,,,神工股份(688233.SH),46369,928307.38,20.02,105223.15
,,,晶丰明源(688368.SH),10169,744675.87,73.23,-4057.45
,,,芳源股份(688148.SH),36487,180245.78,4.94,25550.70
,,,三未信安(688489.SH),12168,396555.12,32.59,-30426.62
2024-03-06,9458150.40,28.35,,,,,
,,,三未信安(688489.SH),12168,410670.00,33.75,-16311.74
,,,理工导航(688282.SH),43022,960681.26,22.33,63764.95
,,,迪威尔(688377.SH),54197,931104.46,17.18,-27673.29
,,,亿华通(688339.SH),9515,399725.15,42.01,66887.68
,,,神工股份(688233.SH),46369,957056.16,20.64,133971.93
,,,纳睿雷达(688522.SH),25411,1035244.14,40.74,95675.74
,,,亚虹医药(688176.SH),47639,315846.57,6.63,53229.28
,,,华锐精密(688059.SH),15281,921597.11,60.31,-17742.70
,,,美迪西(688202.SH),11294,473557.42,41.93,6042.12
,,,杰普特(688025.SH),8819,491394.68,55.72,23177.54
,,,晶丰明源(688368.SH),10169,762471.62,74.98,13738.30
,,,芳源股份(688148.SH),36487,184989.09,5.07,30294.01
,,,裕太微(688515.SH),11519,730880.55,63.45,43807.81
,,,纳芯微(688052.SH),8364,882903.84,105.56,-56019.29
2024-03-05,9417576.24,28.35,,,,,
,,,迪威尔(688377.SH),54197,936524.16,17.28,-22253.59
,,,纳睿雷达(688522.SH),25411,974511.85,38.35,34943.45
,,,纳芯微(688052.SH),8364,905152.08,108.22,-33771.05
,,,裕太微(688515.SH),11519,739519.80,64.2,52447.06
,,,华锐精密(688059.SH),15281,916707.19,59.99,-22632.62
,,,芳源股份(688148.SH),36487,179516.04,4.92,24820.96
,,,三未信安(688489.SH),12168,408723.12,33.59,-18258.62
,,,晶丰明源(688368.SH),10169,783013.00,77,34279.68
,,,理工导航(688282.SH),43022,957239.50,22.25,60323.19
,,,美迪西(688202.SH),11294,476380.92,42.18,8865.62
,,,杰普特(688025.SH),8819,465819.58,52.82,-2397.56
,,,亿华通(688339.SH),9515,397917.30,41.82,65079.83
,,,亚虹医药(688176.SH),47639,312511.84,6.56,49894.55
,,,神工股份(688233.SH),46369,964011.51,20.79,140927.28
2024-03-04,9775557.97,28.35,,,,,
,,,三未信安(688489.SH),12168,414320.40,34.05,-12661.34
,,,芳源股份(688148.SH),36487,187543.18,5.14,32848.10
,,,神工股份(688233.SH),46369,999251.95,21.55,176167.72
,,,纳芯微(688052.SH),8364,953496.00,114,14572.87
,,,迪威尔(688377.SH),54197,971752.21,17.93,12974.46
,,,晶丰明源(688368.SH),10169,842298.27,82.83,93564.95
,,,亿华通(688339.SH),9515,397060.95,41.73,64223.48
,,,华锐精密(688059.SH),15281,959646.80,62.8,20306.99
,,,亚虹医药(688176.SH),47639,324421.59,6.81,61804.30
,,,杰普特(688025.SH),8819,480635.50,54.5,12418.36
,,,纳睿雷达(688522.SH),25411,986200.91,38.81,46632.51
,,,理工导航(688282.SH),43022,991226.88,23.04,94310.57
,,,裕太微(688515.SH),11519,765091.98,66.42,78019.24
,,,美迪西(688202.SH),11294,502583.00,44.5,35067.70
2024-03-01,9800404.19,427010.09,,,,,
,,,纳睿雷达(688522.SH),25411,1010595.47,39.77,71027.07
,,,亿华通(688339.SH),9515,414568.55,43.57,81731.08
,,,神工股份(688233.SH),46369,1005279.92,21.68,182195.69
,,,晶丰明源(688368.SH),10169,790131.30,77.7,41397.98
,,,裕太微(688515.SH),11519,765437.55,66.45,78364.81
,,,纳芯微(688052.SH),8364,975911.52,116.68,36988.39
,,,迪威尔(688377.SH),54197,954951.14,17.62,-3826.61
,,,杰普特(688025.SH),8819,490777.35,55.65,22560.21
,,,理工导航(688282.SH),43022,985203.80,22.9,88287.49
,,,美迪西(688202.SH),11294,489594.90,43.35,22079.60
,,,芳源股份(688148.SH),36487,189732.40,5.2,35037.32
,,,华锐精密(688059.SH),15281,980123.34,64.14,40783.53
,,,亚虹医药(688176.SH),47639,321086.86,6.74,58469.57
2024-02-29,9491735.99,1707523.48,,,,,
,,,纳芯微(688052.SH),8364,970140.36,115.99,31217.23
,,,亚虹医药(688176.SH),47639,318704.91,6.69,56087.62
,,,神工股份(688233.SH),46369,984877.56,21.24,161793.33
,,,理工导航(688282.SH),43022,947344.44,22.02,50428.13
,,,杰普特(688025.SH),8819,484956.81,54.99,16739.67
,,,亿华通(688339.SH),19031,785219.06,41.26,119509.14
,,,芳源股份(688148.SH),36487,192286.49,5.27,37591.41
,,,华锐精密(688059.SH),15281,959799.61,62.81,20459.80
,,,纳睿雷达(688522.SH),25411,924706.29,36.39,-14862.11
,,,美迪西(688202.SH),11294,485642.00,43,18126.70
,,,裕太微(688515.SH),11519,730534.98,63.42,43462.24
2024-02-28,9039470.24,1584011.84,,,,,
,,,杰普特(688025.SH),8819,471728.31,53.49,3511.17
,,,上声电子(688533.SH),30393,876230.19,28.83,-62941.70
,,,纳睿雷达(688522.SH),25411,882778.14,34.74,-56790.26
,,,美迪西(688202.SH),11294,465312.80,41.2,-2202.50
,,,亿华通(688339.SH),19031,654285.78,34.38,-11424.14
,,,华锐精密(688059.SH),15281,932141.00,61,-7198.81
,,,纳芯微(688052.SH),8364,906155.76,108.34,-32767.37
,,,亚虹医药(688176.SH),47639,307747.94,6.46,45130.65
,,,芳源股份(688148.SH),36487,183894.48,5.04,29199.40
,,,新益昌(688383.SH),12829,864033.15,67.35,-74638.40
,,,神工股份(688233.SH),46369,911150.85,19.65,88066.62
2024-02-27,9705137.45,536376.27,,,,,
,,,纳睿雷达(688522.SH),25411,972733.08,38.28,33164.68
,,,骄成超声(688392.SH),8834,501594.52,56.78,132103.60
,,,亿华通(688339.SH),19031,690825.30,36.3,25115.38
,,,新益昌(688383.SH),12829,973079.65,75.85,34408.10
,,,神工股份(688233.SH),46369,1019654.31,21.99,196570.08
,,,上声电子(688533.SH),30393,941271.21,30.97,2099.32
,,,美迪西(688202.SH),11294,510488.80,45.2,42973.50
,,,华锐精密(688059.SH),15281,990055.99,64.79,50716.18
,,,亚虹医药(688176.SH),95279,678386.48,7.12,153146.39
,,,杰普特(688025.SH),8819,526847.06,59.74,58629.92
,,,芳源股份(688148.SH),72975,395524.50,5.42,86130.09
,,,纳芯微(688052.SH),8364,968300.28,115.77,29377.15
2024-02-26,9400213.93,5361400.75,,,,,
,,,骄成超声(688392.SH),8834,487018.42,55.13,117527.50
,,,美迪西(688202.SH),11294,498291.28,44.12,30775.98
,,,亚虹医药(688176.SH),95279,645991.62,6.78,120751.53
,,,神工股份(688233.SH),46369,974212.69,21.01,151128.46
,,,芳源股份(688148.SH),72975,383848.50,5.26,74454.09
,,,麒麟信安(688152.SH),10767,520046.10,48.3,136614.49
,,,杰普特(688025.SH),8819,529404.57,60.03,61187.43
2024-02-23,9292257.15,1823542.15,,,,,
,,,神工股份(688233.SH),46369,968648.41,20.89,145564.18
,,,昀冢科技(688260.SH),17822,339330.88,19.04,101574.33
,,,石头科技(688169.SH),3265,1033960.20,316.68,88237.11
,,,美迪西(688202.SH),11294,483834.96,42.84,16319.66
,,,亚虹医药(688176.SH),95279,623124.66,6.54,97884.57
,,,芳源股份(688148.SH),72975,374361.75,5.13,64967.34
,,,麒麟信安(688152.SH),10767,508525.41,47.23,125093.80
,,,普元信息(688118.SH),3409,69168.61,20.29,18633.51
,,,威腾电气(688226.SH),36847,516594.94,14.02,133243.17
,,,深科达(688328.SH),23256,518608.80,22.3,148920.09
,,,杰普特(688025.SH),8819,514324.08,58.32,46106.94
,,,敏芯股份(688286.SH),12508,526086.48,42.06,156753.06
,,,盟升电子(688311.SH),16977,514403.10,30.3,144814.34
,,,骄成超声(688392.SH),8834,477742.72,54.08,108251.80
2024-02-22,8886611.92,468261.78,,,,,
,,,盟升电子(688311.SH),16977,486730.59,28.67,117141.83
,,,芳源股份(688148.SH),72975,356118.00,4.88,46723.59
,,,石头科技(688169.SH),3265,1042024.75,319.15,96301.66
,,,神工股份(688233.SH),46369,896776.46,19.34,73692.23
,,,威腾电气(688226.SH),73694,978656.32,13.28,211952.77
,,,深科达(688328.SH),46512,939542.40,20.2,200164.97
,,,美迪西(688202.SH),11294,477058.56,42.24,9543.26
,,,普元信息(688118.SH),6819,128265.39,18.81,27180.36
,,,麒麟信安(688152.SH),21534,970752.72,45.08,203889.50
,,,亚虹医药(688176.SH),95279,595493.75,6.25,70253.66
,,,骄成超声(688392.SH),8834,471382.24,53.36,101891.32
,,,昀冢科技(688260.SH),35644,600244.96,16.84,124731.87
,,,敏芯股份(688286.SH),12508,475304.00,38,105970.58
2024-02-21,8570588.92,467544.88,,,,,
,,,神工股份(688233.SH),46369,843915.80,18.2,20831.57
,,,敏芯股份(688286.SH),12508,461920.44,36.93,92587.02
,,,威腾电气(688226.SH),73694,927807.46,12.59,161103.91
,,,昀冢科技(688260.SH),35644,525392.56,14.74,49879.47
,,,骄成超声(688392.SH),8834,470233.82,53.23,100742.90
,,,麒麟信安(688152.SH),21534,927900.06,43.09,161036.84
,,,普元信息(688118.SH),6819,121650.96,17.84,20565.93
,,,亚虹医药(688176.SH),95279,577390.74,6.06,52150.65
,,,芳源股份(688148.SH),72975,352469.25,4.83,43074.84
,,,盟升电子(688311.SH),33955,932743.85,27.47,193544.55
,,,石头科技(688169.SH),3265,1052309.50,322.3,106586.41
,,,深科达(688328.SH),46512,909309.60,19.55,169932.17
2024-02-20,8496378.74,4.14,,,,,
,,,石头科技(688169.SH),3265,1075131.85,329.29,129408.76
,,,神工股份(688233.SH),46369,842061.04,18.16,18976.81
,,,普元信息(688118.SH),6819,121378.20,17.8,20293.17
,,,敏芯股份(688286.SH),25017,950395.83,37.99,211699.47
,,,昀冢科技(688260.SH),35644,511134.96,14.34,35621.87
,,,麒麟信安(688152.SH),21534,916487.04,42.56,149623.82
,,,芳源股份(688148.SH),72975,334225.50,4.58,24831.09
,,,亚虹医药(688176.SH),95279,567862.84,5.96,42622.75
,,,骄成超声(688392.SH),8834,463254.96,52.44,93764.04
,,,威腾电气(688226.SH),73694,901277.62,12.23,134574.07
,,,盟升电子(688311.SH),33955,930367.00,27.4,191167.70
,,,深科达(688328.SH),46512,882797.76,18.98,143420.33
2024-02-19,8353212.39,475517.24,,,,,
,,,神工股份(688233.SH),46369,838351.52,18.08,15267.29
,,,深科达(688328.SH),46512,876286.08,18.84,136908.65
,,,普元信息(688118.SH),6819,116263.95,17.05,15178.92
,,,威腾电气(688226.SH),73694,921175.00,12.5,154471.45
,,,亚虹医药(688176.SH),95279,559287.73,5.87,34047.64
,,,芳源股份(688148.SH),72975,332036.25,4.55,22641.84
,,,敏芯股份(688286.SH),25017,908117.10,36.3,169420.74
,,,石头科技(688169.SH),3265,1062888.10,325.54,117165.01
,,,盟升电子(688311.SH),33955,890300.10,26.22,151100.80
,,,麒麟信安(688152.SH),21534,912826.26,42.39,145963.04
,,,骄成超声(688392.SH),8834,460163.06,52.09,90672.14
2024-02-08,8175601.18,1348324.72,,,,,
,,,威腾电气(688226.SH),73694,888749.64,12.06,122046.09
,,,深科达(688328.SH),46512,837216.00,18,97838.57
,,,敏芯股份(688286.SH),25017,885601.80,35.4,146905.44
,,,骄成超声(688392.SH),17669,928505.95,52.55,189482.28
,,,盟升电子(688311.SH),33955,897770.20,26.44,158570.90
,,,石头科技(688169.SH),3265,1060831.15,324.91,115108.06
,,,麒麟信安(688152.SH),21534,880525.26,40.89,113662.04
,,,普元信息(688118.SH),6819,108012.96,15.84,6927.93
,,,芳源股份(688148.SH),72975,340063.50,4.66,30669.09
2024-02-07,7396737.15,2.98,,,,,
,,,深科达(688328.SH),46512,697680.00,15,-41697.43
,,,盟升电子(688311.SH),33955,752103.25,22.15,12903.95
,,,昀冢科技(688260.SH),63247,676110.43,10.69,-90938.89
,,,威腾电气(688226.SH),73694,740624.70,10.05,-26078.85
,,,普元信息(688118.SH),6819,93215.73,13.67,-7869.30
,,,骄成超声(688392.SH),17669,849878.90,48.1,110855.23
,,,敏芯股份(688286.SH),25017,750760.17,30.01,12063.81
,,,麒麟信安(688152.SH),21534,782760.90,36.35,15897.68
,,,华依科技(688071.SH),32177,657054.34,20.42,-81816.67
,,,石头科技(688169.SH),3265,1106835.00,339,161111.91
,,,芳源股份(688148.SH),72975,289710.75,3.97,-19683.66
2024-02-06,7637107.03,2610013.47,,,,,
,,,骄成超声(688392.SH),17669,819841.60,46.4,80817.93
,,,敏芯股份(688286.SH),25017,781781.25,31.25,43084.89
,,,深科达(688328.SH),46512,780006.24,16.77,40628.81
,,,盟升电子(688311.SH),33955,787756.00,23.2,48556.70
,,,普元信息(688118.SH),6819,100921.20,14.8,-163.83
,,,华依科技(688071.SH),32177,740392.77,23.01,1521.76
,,,石头科技(688169.SH),3265,1016394.50,311.3,70671.41
2024-02-05,7490937.61,3796255.17,,,,,
,,,安恒信息(688023.SH),13136,702907.36,53.51,-128934.46
,,,石头科技(688169.SH),3265,978944.95,299.83,33221.86
,,,九联科技(688609.SH),108115,684367.95,6.33,-147865.49
,,,源杰科技(688498.SH),8570,736848.60,85.98,-120061.48
,,,昀冢科技(688260.SH),45614,591613.58,12.97,-203895.97
2024-02-02,8020620.71,8.10,,,,,
,,,美迪西(688202.SH),1759,69480.50,39.5,-5166.90
,,,鼎通科技(688668.SH),20496,666120.00,32.5,-83705.09
,,,昀冢科技(688260.SH),45614,739402.94,16.21,-56106.61
,,,源杰科技(688498.SH),8570,833775.30,97.29,-23134.78
,,,九联科技(688609.SH),108115,807619.05,7.47,-24614.39
,,,精智达(688627.SH),15659,776686.40,49.6,-55306.88
,,,华海诚科(688535.SH),14035,814030.00,58,-42667.90
,,,海优新材(688680.SH),19295,793603.35,41.13,-62938.24
,,,石头科技(688169.SH),3265,967484.80,296.32,21761.71
,,,盟升电子(688311.SH),29357,751245.63,25.59,-81174.57
,,,安恒信息(688023.SH),13136,801164.64,60.99,-30677.18
2024-02-01,8457216.29,795517.64,,,,,
,,,鼎通科技(688668.SH),20496,717360.00,35,-32465.09
,,,精智达(688627.SH),15659,834311.52,53.28,2318.24
,,,九联科技(688609.SH),108115,854108.50,7.9,21875.06
,,,盟升电子(688311.SH),29357,791171.15,26.95,-41249.05
,,,美迪西(688202.SH),1759,74282.57,42.23,-364.83
,,,安恒信息(688023.SH),13136,849373.76,64.66,17531.94
,,,华海诚科(688535.SH),14035,857257.80,61.08,559.90
,,,石头科技(688169.SH),3265,958342.80,293.52,12619.71
,,,源杰科技(688498.SH),8570,888280.50,103.65,31370.42
,,,海优新材(688680.SH),19295,837210.05,43.39,-19331.54
2024-01-31,8342038.85,3403154.39,,,,,
,,,昀冢科技(688260.SH),44316,810982.80,18.3,-120905.86
,,,海优新材(688680.SH),19295,835473.50,43.3,-21068.09
,,,石头科技(688169.SH),3265,937446.80,287.12,-8276.29
,,,鼎通科技(688668.SH),20496,702192.96,34.26,-47632.13
,,,华海诚科(688535.SH),14035,829468.50,59.1,-27229.40
,,,源杰科技(688498.SH),8570,823319.90,96.07,-33590.18
2024-01-30,8532258.81,3319989.55,,,,,
,,,安恒信息(688023.SH),12227,855767.73,69.99,-75622.11
,,,茂莱光学(688502.SH),7006,833854.12,119.02,-92995.24
,,,昀冢科技(688260.SH),44316,869036.76,19.61,-62851.90
,,,*ST航图(688066.SH),36026,851294.38,23.63,-79953.67
,,,石头科技(688169.SH),3265,955045.15,292.51,9322.06
,,,精智达(688627.SH),15338,847271.12,55.24,-84350.05
2024-01-29,8770570.49,8.64,,,,,
,,,石头科技(688169.SH),3265,945576.65,289.61,-146.44
,,,致远互联(688369.SH),35906,869643.32,24.22,-61381.90
,,,佰维存储(688525.SH),24590,842207.50,34.25,-84503.60
,,,精智达(688627.SH),15338,882088.38,57.51,-49532.79
,,,杰华特(688141.SH),44959,860065.67,19.13,-66417.95
,,,安恒信息(688023.SH),12227,889758.79,72.77,-41631.05
,,,昀冢科技(688260.SH),44316,909807.48,20.53,-22081.18
,,,敏芯股份(688286.SH),19464,811454.16,41.69,-80097.03
,,,茂莱光学(688502.SH),7006,888851.22,126.87,-37998.14
,,,*ST航图(688066.SH),36026,871108.68,24.18,-60139.37
2024-01-26,9142566.77,8.64,,,,,
,,,茂莱光学(688502.SH),7006,917085.40,130.9,-9763.96
,,,敏芯股份(688286.SH),19464,848435.76,43.59,-43115.43
,,,佰维存储(688525.SH),24590,889420.30,36.17,-37290.80
,,,安恒信息(688023.SH),12227,925583.90,75.7,-5805.94
,,,石头科技(688169.SH),3265,979826.50,300.1,34103.41
,,,杰华特(688141.SH),44959,893335.33,19.87,-33148.29
,,,精智达(688627.SH),15338,906629.18,59.11,-24991.99
,,,致远互联(688369.SH),35906,933915.06,26.01,2889.84
,,,*ST航图(688066.SH),36026,913259.10,25.35,-17988.95
,,,昀冢科技(688260.SH),44316,935067.60,21.1,3178.94
2024-01-25,9467343.89,1837282.92,,,,,
,,,*ST航图(688066.SH),36026,947483.80,26.3,16235.75
,,,精智达(688627.SH),15338,944207.28,61.56,12586.11
,,,安恒信息(688023.SH),12227,980116.32,80.16,48726.48
,,,昀冢科技(688260.SH),44316,1000655.28,22.58,68766.62
,,,致远互联(688369.SH),35906,957972.08,26.68,26946.86
,,,茂莱光学(688502.SH),7006,940205.20,134.2,13355.84
,,,佰维存储(688525.SH),24590,915731.60,37.24,-10979.50
,,,杰华特(688141.SH),44959,943689.41,20.99,17205.79
2024-01-24,9174333.69,982075.08,,,,,
,,,致远互联(688369.SH),35906,924938.56,25.76,-6086.66
,,,安恒信息(688023.SH),12227,937199.55,76.65,5809.71
,,,杰华特(688141.SH),44959,912218.11,20.29,-14265.51
,,,昀冢科技(688260.SH),44316,928420.20,20.95,-3468.46
,,,茂莱光学(688502.SH),7006,899220.10,128.35,-27629.26
,,,精智达(688627.SH),15338,919973.24,59.98,-11647.93
,,,深科达(688328.SH),30743,869719.47,28.29,-85197.94
,,,*ST航图(688066.SH),36026,908935.98,25.23,-22312.07
,,,佰维存储(688525.SH),24590,891633.40,36.26,-35077.70
2024-01-23,9264081.33,3762119.15,,,,,
,,,安恒信息(688023.SH),12227,924728.01,75.63,-6661.83
,,,昀冢科技(688260.SH),44316,915568.56,20.66,-16320.10
,,,致远互联(688369.SH),35906,918116.42,25.57,-12908.80
,,,深科达(688328.SH),30743,886935.55,28.85,-67981.86
,,,精智达(688627.SH),15338,925341.54,60.33,-6279.63
,,,*ST航图(688066.SH),36026,931272.10,25.85,24.05
2024-01-22,9302027.24,5794820.05,,,,,
,,,佰维存储(688525.SH),24462,878430.42,35.91,-104752.50
,,,茂莱光学(688502.SH),6648,864240.00,130,-98872.57
,,,深科达(688328.SH),30743,903536.77,29.39,-51380.64
,,,杰华特(688141.SH),42000,861000.00,20.5,-121956.20
2024-01-19,9501181.20,5683229.16,,,,,
,,,佰维存储(688525.SH),24462,917325.00,37.5,-65857.92
,,,茂莱光学(688502.SH),6648,924072.00,139,-39040.57
,,,源杰科技(688498.SH),7536,1046675.04,138.89,19798.83
,,,杰华特(688141.SH),42000,929880.00,22.14,-53076.20
2024-01-18,9631983.73,6646341.73,,,,,
,,,源杰科技(688498.SH),7536,1108168.80,147.05,81292.59
,,,杰华特(688141.SH),42000,933240.00,22.22,-49716.20
,,,佰维存储(688525.SH),24462,944233.20,38.6,-38949.72
2024-01-17,9522986.55,4836001.26,,,,,
,,,昀冢科技(688260.SH),39457,920137.24,23.32,-73302.86
,,,源杰科技(688498.SH),7536,1012838.40,134.4,-14037.81
,,,杰华特(688141.SH),42000,931140.00,22.17,-51816.20
,,,*ST航图(688066.SH),31807,902364.59,28.37,-101542.13
,,,佰维存储(688525.SH),24462,920505.06,37.63,-62677.86
2024-01-16,9753958.00,3920162.58,,,,,
,,,源杰科技(688498.SH),7536,1075387.20,142.7,48510.99
,,,杰华特(688141.SH),42000,973980.00,23.19,-8976.20
,,,茂莱光学(688502.SH),6082,922152.84,151.62,-71493.90
,,,昀冢科技(688260.SH),39457,960777.95,24.35,-32662.15
,,,*ST航图(688066.SH),31807,936716.15,29.45,-67190.57
,,,佰维存储(688525.SH),24462,964781.28,39.44,-18401.64
2024-01-15,9837499.50,5886301.69,,,,,
,,,源杰科技(688498.SH),7536,1107792.00,147,80915.79
,,,*ST航图(688066.SH),31807,944667.90,29.7,-59238.82
,,,昀冢科技(688260.SH),39457,963934.51,24.43,-29505.59
,,,茂莱光学(688502.SH),6082,934803.40,153.7,-58843.34
2024-01-12,9907281.03,4978634.77,,,,,
,,,佰维存储(688525.SH),22744,917720.40,40.35,-98539.76
,,,*ST航图(688066.SH),31807,960571.40,30.2,-43335.32
,,,茂莱光学(688502.SH),6082,988933.20,162.6,-4713.54
,,,昀冢科技(688260.SH),39457,977744.46,24.78,-15695.64
,,,源杰科技(688498.SH),7536,1083676.80,143.8,56800.59
2024-01-11,10075960.67,4978634.77,,,,,
,,,茂莱光学(688502.SH),6082,1019343.20,167.6,25696.46
,,,佰维存储(688525.SH),22744,954338.24,41.96,-61921.92
,,,*ST航图(688066.SH),31807,976792.97,30.71,-27113.75
,,,源杰科技(688498.SH),7536,1137936.00,151,111059.79
,,,昀冢科技(688260.SH),39457,1008915.49,25.57,15475.39
2024-01-10,9926246.11,4978634.77,,,,,
,,,茂莱光学(688502.SH),6082,985284.00,162,-8362.74
,,,*ST航图(688066.SH),31807,954846.14,30.02,-49060.58
,,,源杰科技(688498.SH),7536,1053457.44,139.79,26581.23
,,,昀冢科技(688260.SH),39457,978533.60,24.8,-14906.50
,,,佰维存储(688525.SH),22744,975490.16,42.89,-40770.00
2024-01-09,9990538.11,4978634.77,,,,,
,,,源杰科技(688498.SH),7536,1072146.72,142.27,45270.51
,,,昀冢科技(688260.SH),39457,999445.81,25.33,6005.71
,,,佰维存储(688525.SH),22744,973670.64,42.81,-42589.52
,,,*ST航图(688066.SH),31807,968523.15,30.45,-35383.57
,,,茂莱光学(688502.SH),6082,998117.02,164.11,4470.28
2024-01-08,9909593.65,6038775.52,,,,,
,,,源杰科技(688498.SH),7536,1004322.72,133.27,-22553.49
,,,*ST航图(688066.SH),31807,986017.00,31,-17889.72
,,,佰维存储(688525.SH),22744,950926.64,41.81,-65333.52
,,,华峰测控(688200.SH),9219,929551.77,100.83,-96111.45
2024-01-05,10048114.57,5826588.42,,,,,
,,,迈信林(688685.SH),42977,1218827.72,28.36,194914.22
,,,源杰科技(688498.SH),7536,1047504.00,139,20627.79
,,,佰维存储(688525.SH),22744,982313.36,43.19,-33946.80
,,,华峰测控(688200.SH),9219,972881.07,105.53,-52782.15
2024-01-04,10176798.57,5912513.17,,,,,
,,,源杰科技(688498.SH),7536,1108018.08,147.03,81141.87
,,,华峰测控(688200.SH),9219,1001644.35,108.65,-24018.87
,,,迈信林(688685.SH),42977,1217538.41,28.33,193624.91
,,,思瑞浦(688536.SH),6927,937084.56,135.28,-86581.96
2024-01-03,10273431.06,5995221.78,,,,,
,,,源杰科技(688498.SH),7536,1149315.36,152.51,122439.15
,,,佰维存储(688525.SH),21332,956313.56,44.83,-80454.83
,,,思瑞浦(688536.SH),6927,971373.21,140.23,-52293.31
,,,迈信林(688685.SH),42977,1201207.15,27.95,177293.65
2024-01-02,10336529.25,7031990.17,,,,,
,,,思瑞浦(688536.SH),6927,979408.53,141.39,-44257.99
,,,源杰科技(688498.SH),7536,1115328.00,148,88451.79
,,,迈信林(688685.SH),42977,1209802.55,28.15,185889.05
2023-12-29,10445399.99,7031990.17,,,,,
,,,迈信林(688685.SH),42977,1277276.44,29.72,253362.94
,,,源杰科技(688498.SH),7536,1122713.28,148.98,95837.07
,,,思瑞浦(688536.SH),6927,1013420.10,146.3,-10246.42
2023-12-28,10323566.11,7031990.17,,,,,
,,,迈信林(688685.SH),42977,1202926.23,27.99,179012.73
,,,源杰科技(688498.SH),7536,1070865.60,142.1,43989.39
,,,思瑞浦(688536.SH),6927,1017784.11,146.93,-5882.41
2023-12-27,10182103.21,7031990.17,,,,,
,,,思瑞浦(688536.SH),6927,960567.09,138.67,-63099.43
,,,源杰科技(688498.SH),7536,1033034.88,137.08,6158.67
,,,迈信林(688685.SH),42977,1156511.07,26.91,132597.57
2023-12-26,10123163.39,6121616.11,,,,,
,,,思瑞浦(688536.SH),6927,962853.00,139,-60813.52
,,,英方软件(688435.SH),20026,915188.20,45.7,-99053.59
,,,迈信林(688685.SH),42977,1093334.88,25.44,69421.38
,,,源杰科技(688498.SH),7536,1030171.20,136.7,3294.99
2023-12-25,10220295.34,6121616.11,,,,,
,,,英方软件(688435.SH),20026,968056.84,48.34,-46184.95
,,,迈信林(688685.SH),42977,1104079.13,25.69,80165.63
,,,源杰科技(688498.SH),7536,1028362.56,136.46,1486.35
,,,思瑞浦(688536.SH),6927,998180.70,144.1,-25485.82
2023-12-22,10147367.10,6121616.11,,,,,
,,,英方软件(688435.SH),20026,975466.46,48.71,-38775.33
,,,源杰科技(688498.SH),7536,994299.84,131.94,-32576.37
,,,迈信林(688685.SH),42977,1059812.82,24.66,35899.32
,,,思瑞浦(688536.SH),6927,996171.87,143.81,-27494.65
2023-12-21,10312534.81,7148492.32,,,,,
,,,英方软件(688435.SH),20026,1009310.40,50.4,-4931.39
,,,迈信林(688685.SH),42977,1134592.80,26.4,110679.30
,,,思瑞浦(688536.SH),6927,1020139.29,147.27,-3527.23
2023-12-20,10151671.07,8162734.11,,,,,
,,,迈信林(688685.SH),42977,967412.27,22.51,-56501.23
,,,思瑞浦(688536.SH),6927,1021524.69,147.47,-2141.83
2023-12-19,10186261.31,8162734.11,,,,,
,,,思瑞浦(688536.SH),6927,1040643.21,150.23,16976.69
,,,迈信林(688685.SH),42977,982883.99,22.87,-41029.51
2023-12-18,10175088.77,8162734.11,,,,,
,,,迈信林(688685.SH),42977,973858.82,22.66,-50054.68
,,,思瑞浦(688536.SH),6927,1038495.84,149.92,14829.32
2023-12-15,10230982.44,7209944.98,,,,,
,,,思瑞浦(688536.SH),6927,1085460.90,156.7,61794.38
,,,颀中科技(688352.SH),69523,949684.18,13.66,-38419.97
,,,迈信林(688685.SH),42977,985892.38,22.94,-38021.12
2023-12-14,10268695.41,7209944.98,,,,,
,,,颀中科技(688352.SH),69523,969845.85,13.95,-18258.30
,,,思瑞浦(688536.SH),6927,1085391.63,156.69,61725.11
,,,迈信林(688685.SH),42977,1003512.95,23.35,-20400.55
2023-12-13,10276609.30,7209944.98,,,,,
,,,迈信林(688685.SH),42977,1008240.42,23.46,-15673.08
,,,颀中科技(688352.SH),69523,969845.85,13.95,-18258.30
,,,思瑞浦(688536.SH),6927,1088578.05,157.15,64911.53
2023-12-12,10290396.91,7209944.98,,,,,
,,,迈信林(688685.SH),42977,1019414.44,23.72,-4499.06
,,,颀中科技(688352.SH),69523,983750.45,14.15,-4353.70
,,,思瑞浦(688536.SH),6927,1077287.04,155.52,53620.52
2023-12-11,10306727.23,7209944.98,,,,,
,,,思瑞浦(688536.SH),6927,1063710.12,153.56,40043.60
,,,迈信林(688685.SH),42977,1034026.62,24.06,10113.12
,,,颀中科技(688352.SH),69523,999045.51,14.37,10941.36
2023-12-08,10313562.08,6248852.45,,,,,
,,,思瑞浦(688536.SH),6927,1066688.73,153.99,43022.21
,,,迈信林(688685.SH),42977,1044341.10,24.3,20427.60
,,,凯赛生物(688065.SH),18501,962977.05,52.05,7241.79
,,,颀中科技(688352.SH),69523,990702.75,14.25,2598.60
2023-12-07,10236274.21,8296432.47,,,,,
,,,凯赛生物(688065.SH),18501,975557.73,52.73,19822.47
,,,颀中科技(688352.SH),69523,964284.01,13.87,-23820.14
2023-12-06,10239954.85,7767173.07,,,,,
,,,*ST清越(688496.SH),30257,537364.32,17.76,71850.87
,,,颀中科技(688352.SH),69523,949684.18,13.66,-38419.97
,,,凯赛生物(688065.SH),18501,985733.28,53.28,29998.02
2023-12-05,10220122.18,7767173.07,,,,,
,,,*ST清越(688496.SH),30257,531615.49,17.57,66102.04
,,,颀中科技(688352.SH),69523,938560.50,13.5,-49543.65
,,,凯赛生物(688065.SH),18501,982773.12,53.12,27037.86
2023-12-04,10248917.20,7767173.07,,,,,
,,,*ST清越(688496.SH),30257,531615.49,17.57,66102.04
,,,颀中科技(688352.SH),69523,951074.64,13.68,-37029.51
,,,凯赛生物(688065.SH),18501,999054.00,54,43318.74
2023-12-01,10240845.11,7767173.07,,,,,
,,,*ST清越(688496.SH),30257,520117.83,17.19,54604.38
,,,凯赛生物(688065.SH),18501,1001089.11,54.11,45353.85
,,,颀中科技(688352.SH),69523,952465.10,13.7,-35639.05
2023-11-30,10251093.13,7017683.71,,,,,
,,,*ST清越(688496.SH),30257,514369.00,17,48855.55
,,,凯赛生物(688065.SH),18501,1005714.36,54.36,49979.10
,,,英诺特(688253.SH),19422,651608.10,33.55,177983.72
,,,麒麟信安(688152.SH),1258,102300.56,81.32,20960.28
,,,颀中科技(688352.SH),69523,959417.40,13.8,-28686.75
2023-11-29,10188701.71,6915494.79,,,,,
,,,麒麟信安(688152.SH),2516,205582.36,81.71,42901.80
,,,英诺特(688253.SH),19422,585184.86,30.13,111560.48
,,,*ST清越(688496.SH),30257,523748.67,17.31,58235.22
,,,颀中科技(688352.SH),69523,976102.92,14.04,-12001.23
,,,凯赛生物(688065.SH),18501,982588.11,53.11,26852.85
2023-11-28,10191668.91,5996279.91,,,,,
,,,英诺特(688253.SH),19422,580717.80,29.9,107093.42
,,,*ST清越(688496.SH),30257,557031.37,18.41,91517.92
,,,凯赛生物(688065.SH),18501,966492.24,52.24,10756.98
,,,颀中科技(688352.SH),69523,978188.61,14.07,-9915.54
,,,麒麟信安(688152.SH),2516,193228.80,76.8,30548.24
,,,中科星图(688568.SH),18041,919730.18,50.98,77085.44
2023-11-27,10180564.79,5996279.91,,,,,
,,,凯赛生物(688065.SH),18501,961681.98,51.98,5946.72
,,,颀中科技(688352.SH),69523,990007.52,14.24,1903.37
,,,英诺特(688253.SH),19422,592371.00,30.5,118746.62
,,,麒麟信安(688152.SH),2516,198764.00,79,36083.44
,,,中科星图(688568.SH),18041,923157.97,51.17,80513.23
,,,*ST清越(688496.SH),30257,518302.41,17.13,52788.96
2023-11-24,10185781.99,5085643.44,,,,,
,,,英诺特(688253.SH),19422,628884.36,32.38,155259.98
,,,耐科装备(688419.SH),23974,918683.68,38.32,-69635.45
,,,麒麟信安(688152.SH),2516,183114.48,72.78,20433.92
,,,*ST清越(688496.SH),30257,526471.80,17.4,60958.35
,,,颀中科技(688352.SH),69523,963588.78,13.86,-24515.37
,,,中科星图(688568.SH),18041,919008.54,50.94,76363.80
,,,凯赛生物(688065.SH),18501,960386.91,51.91,4651.65
2023-11-23,10234052.28,5085643.44,,,,,
,,,中科星图(688568.SH),18041,945348.40,52.4,102703.66
,,,*ST清越(688496.SH),30257,533128.34,17.62,67614.89
,,,麒麟信安(688152.SH),2516,192952.04,76.69,30271.48
,,,英诺特(688253.SH),19422,584602.20,30.1,110977.82
,,,颀中科技(688352.SH),69523,982359.99,14.13,-5744.16
,,,耐科装备(688419.SH),23974,948890.92,39.58,-39428.21
,,,凯赛生物(688065.SH),18501,961126.95,51.95,5391.69
2023-11-22,10145722.26,4487451.74,,,,,
,,,英诺特(688253.SH),38845,1119124.45,28.81,171851.31
,,,中科星图(688568.SH),18041,933080.52,51.72,90435.78
,,,耐科装备(688419.SH),23974,959439.48,40.02,-28879.65
,,,*ST清越(688496.SH),30257,529497.50,17.5,63984.05
,,,颀中科技(688352.SH),69523,966369.70,13.9,-21734.45
,,,凯赛生物(688065.SH),18501,952246.47,51.47,-3488.79
,,,麒麟信安(688152.SH),2516,198512.40,78.9,35831.84
2023-11-21,10100117.64,4487451.74,,,,,
,,,英诺特(688253.SH),38845,993266.65,25.57,45993.51
,,,颀中科技(688352.SH),69523,989312.29,14.23,1208.14
,,,麒麟信安(688152.SH),2516,194486.80,77.3,31806.24
,,,耐科装备(688419.SH),23974,971426.48,40.52,-16892.65
,,,凯赛生物(688065.SH),18501,965567.19,52.19,9831.93
,,,*ST清越(688496.SH),30257,569134.17,18.81,103620.72
,,,中科星图(688568.SH),18041,929472.32,51.52,86827.58
2023-11-20,10280256.84,3887303.02,,,,,
,,,麒麟信安(688152.SH),2516,200449.72,79.67,37769.16
,,,耐科装备(688419.SH),23974,1041190.82,43.43,52871.69
,,,英诺特(688253.SH),38845,996374.25,25.65,49101.11
,,,颀中科技(688352.SH),69523,987226.60,14.2,-877.55
,,,中科星图(688568.SH),18041,954549.31,52.91,111904.57
,,,凯赛生物(688065.SH),18501,956871.72,51.72,1136.46
,,,*ST清越(688496.SH),60515,1256291.40,20.76,325249.11
2023-11-17,9986287.02,3073532.51,,,,,
,,,凯赛生物(688065.SH),18501,960016.89,51.89,4281.63
,,,颀中科技(688352.SH),69523,964284.01,13.87,-23820.14
,,,中科星图(688568.SH),18041,944987.58,52.38,102342.84
,,,东微半导(688261.SH),8981,815205.37,90.77,55465.12
,,,*ST清越(688496.SH),60515,1046909.50,17.3,115867.21
,,,英诺特(688253.SH),38845,961802.20,24.76,14529.06
,,,麒麟信安(688152.SH),2516,182913.20,72.7,20232.64
,,,耐科装备(688419.SH),23974,1036635.76,43.24,48316.63
2023-11-16,9758341.23,2551630.43,,,,,
,,,凯赛生物(688065.SH),18501,960016.89,51.89,4281.63
,,,颀中科技(688352.SH),69523,964284.01,13.87,-23820.14
,,,新益昌(688383.SH),5370,528783.90,98.47,102017.03
,,,中科星图(688568.SH),18041,946430.86,52.46,103786.12
,,,麒麟信安(688152.SH),2516,182938.36,72.71,20257.80
,,,东微半导(688261.SH),8981,813229.55,90.55,53489.30
,,,耐科装备(688419.SH),23974,965432.98,40.27,-22886.15
,,,*ST清越(688496.SH),60515,922248.60,15.24,-8793.69
,,,英诺特(688253.SH),38845,923345.65,23.77,-23927.49
2023-11-15,9886971.81,3619755.14,,,,,
,,,英诺特(688253.SH),38845,936941.40,24.12,-10331.74
,,,东微半导(688261.SH),8981,831371.17,92.57,71630.92
,,,铁科轨道(688569.SH),30725,913454.25,29.73,53022.78
,,,凯赛生物(688065.SH),18501,967602.30,52.3,11867.04
,,,中科星图(688568.SH),18041,951843.16,52.76,109198.42
,,,麒麟信安(688152.SH),2516,183894.44,73.09,21213.88
,,,*ST清越(688496.SH),60515,953111.25,15.75,22068.96
,,,新益昌(688383.SH),5370,528998.70,98.51,102231.83
2023-11-14,9877691.77,1355409.78,,,,,
,,,东威科技(688700.SH),9434,557549.40,59.1,138472.60
,,,*ST清越(688496.SH),60515,935561.90,15.46,4519.61
,,,中科星图(688568.SH),18041,959781.20,53.2,117136.46
,,,星环科技(688031.SH),7236,574031.88,79.33,166433.11
,,,寒武纪(688256.SH),3798,581169.96,153.02,173468.35
,,,英诺特(688253.SH),38845,977340.20,25.16,30067.06
,,,铁科轨道(688569.SH),30725,894712.00,29.12,34280.53
,,,凯赛生物(688065.SH),18501,946881.18,51.18,-8854.08
,,,麒麟信安(688152.SH),2516,188398.08,74.88,25717.52
,,,华海诚科(688535.SH),5964,538608.84,90.31,130808.73
,,,新益昌(688383.SH),5370,520890.00,97,94123.13
,,,东微半导(688261.SH),8981,847357.35,94.35,87617.10
2023-11-13,9630935.62,1355409.78,,,,,
,,,华海诚科(688535.SH),5964,510578.04,85.61,102777.93
,,,寒武纪(688256.SH),3798,513451.62,135.19,105750.01
,,,东威科技(688700.SH),9434,534436.10,56.65,115359.30
,,,星环科技(688031.SH),7236,526201.92,72.72,118603.15
,,,中科星图(688568.SH),18041,943724.71,52.31,101079.97
,,,凯赛生物(688065.SH),18501,944291.04,51.04,-11444.22
,,,东微半导(688261.SH),8981,828317.63,92.23,68577.38
,,,英诺特(688253.SH),38845,960636.85,24.73,13363.71
,,,麒麟信安(688152.SH),2516,182359.68,72.48,19679.12
,,,新益昌(688383.SH),5370,512566.50,95.45,85799.63
,,,*ST清越(688496.SH),60515,931931.00,15.4,888.71
,,,铁科轨道(688569.SH),30725,887030.75,28.87,26599.28
2023-11-10,9544054.79,829190.69,,,,,
,,,寒武纪(688256.SH),7596,1040576.04,136.99,225172.83
,,,英诺特(688253.SH),38845,938106.75,24.15,-9166.39
,,,*ST清越(688496.SH),60515,919828.00,15.2,-11214.29
,,,星环科技(688031.SH),7236,499211.64,68.99,91612.87
,,,中科星图(688568.SH),18041,937229.95,51.95,94585.21
,,,华海诚科(688535.SH),5964,511711.20,85.8,103911.09
,,,东威科技(688700.SH),9434,521039.82,55.23,101963.02
,,,东微半导(688261.SH),8981,816821.95,90.95,57081.70
,,,麒麟信安(688152.SH),2516,176371.60,70.1,13691.04
,,,新益昌(688383.SH),5370,525186.00,97.8,98419.13
,,,铁科轨道(688569.SH),30725,873204.50,28.42,12773.03
,,,凯赛生物(688065.SH),18501,955576.65,51.65,-158.61
2023-11-09,9512858.45,1776463.84,,,,,
,,,新益昌(688383.SH),5370,523145.40,97.42,96378.53
,,,凯赛生物(688065.SH),18501,955576.65,51.65,-158.61
,,,*ST清越(688496.SH),60515,887149.90,14.66,-43892.39
,,,星环科技(688031.SH),7236,498126.24,68.84,90527.47
,,,中科星图(688568.SH),18041,931096.01,51.61,88451.27
,,,铁科轨道(688569.SH),30725,884880.00,28.8,24448.53
,,,东威科技(688700.SH),9434,536134.22,56.83,117057.42
,,,麒麟信安(688152.SH),2516,181126.84,71.99,18446.28
,,,寒武纪(688256.SH),7596,1006621.92,132.52,191218.71
,,,华海诚科(688535.SH),5964,513560.04,86.11,105759.93
,,,东微半导(688261.SH),8981,818977.39,91.19,59237.14
2023-11-08,9605478.95,2732199.09,,,,,
,,,星环科技(688031.SH),7236,493422.84,68.19,85824.07
,,,铁科轨道(688569.SH),30725,888567.00,28.92,28135.53
,,,麒麟信安(688152.SH),2516,180271.40,71.65,17590.84
,,,东微半导(688261.SH),8981,826521.43,92.03,66781.18
,,,东威科技(688700.SH),9434,530002.12,56.18,110925.32
,,,华海诚科(688535.SH),5964,526979.04,88.36,119178.93
,,,新益昌(688383.SH),5370,558533.70,104.01,131766.83
,,,*ST清越(688496.SH),60515,911961.05,15.07,-19081.24
,,,寒武纪(688256.SH),7596,1025384.04,134.99,209980.83
,,,中科星图(688568.SH),18041,931637.24,51.64,88992.50
2023-11-07,9463535.87,820974.63,,,,,
,,,麒麟信安(688152.SH),2516,174056.88,69.18,11376.32
,,,华海诚科(688535.SH),11928,1037736.00,87,222135.78
,,,东微半导(688261.SH),8981,816372.90,90.9,56632.65
,,,*ST清越(688496.SH),60515,947059.75,15.65,16017.46
,,,东威科技(688700.SH),18869,1042512.25,55.25,204314.24
,,,中科星图(688568.SH),18041,905838.61,50.21,63193.87
,,,新益昌(688383.SH),5370,517990.20,96.46,91223.33
,,,纳芯微(688052.SH),2492,373077.32,149.71,78194.95
,,,铁科轨道(688569.SH),30725,895326.50,29.14,34895.03
,,,寒武纪(688256.SH),7596,932940.72,122.82,117537.51
,,,星环科技(688031.SH),14473,999650.11,69.07,184396.24
2023-11-06,9309608.69,1752016.92,,,,,
,,,新益昌(688383.SH),5370,531630.00,99,104863.13
,,,东微半导(688261.SH),8981,832897.94,92.74,73157.69
,,,东威科技(688700.SH),18869,1036096.79,54.91,197898.78
,,,铁科轨道(688569.SH),30725,898399.00,29.24,37967.53
,,,纳芯微(688052.SH),2492,381774.40,153.2,86892.03
,,,华海诚科(688535.SH),11928,1017458.40,85.3,201858.18
,,,星环科技(688031.SH),14473,900654.79,62.23,85400.92
,,,中科星图(688568.SH),18041,894292.37,49.57,51647.63
,,,寒武纪(688256.SH),7596,886984.92,116.77,71581.71
,,,麒麟信安(688152.SH),2516,177403.16,70.51,14722.60
2023-11-03,8964374.82,844414.43,,,,,
,,,新益昌(688383.SH),10740,1052520.00,98,198986.27
,,,麒麟信安(688152.SH),2516,165502.48,65.78,2821.92
,,,华海诚科(688535.SH),11928,1006126.80,84.35,190526.58
,,,东威科技(688700.SH),18869,993452.85,52.65,155254.84
,,,铁科轨道(688569.SH),30725,874126.25,28.45,13694.78
,,,东微半导(688261.SH),8981,781796.05,87.05,22055.80
,,,寒武纪(688256.SH),7596,828191.88,109.03,12788.67
,,,中科星图(688568.SH),18041,883648.18,48.98,41003.44
,,,星环科技(688031.SH),14473,797462.30,55.1,-17791.57
,,,纳芯微(688052.SH),4984,737133.60,147.9,147368.86
2023-11-02,8483214.46,37.20,,,,,
,,,东威科技(688700.SH),18869,968923.15,51.35,130725.14
,,,纳芯微(688052.SH),4984,700301.84,140.51,110537.10
,,,东微半导(688261.SH),8981,731951.50,81.5,-27788.75
,,,新益昌(688383.SH),10740,919236.60,85.59,65702.87
,,,华海诚科(688535.SH),11928,894600.00,75,78999.78
,,,星环科技(688031.SH),14473,765621.70,52.9,-49632.17
,,,中国通号(688009.SH),181407,845356.62,4.66,-67401.59
,,,寒武纪(688256.SH),7596,795681.00,104.75,-19722.21
,,,中科星图(688568.SH),18041,853339.30,47.3,10694.56
,,,麒麟信安(688152.SH),2516,158004.80,62.8,-4675.76
,,,铁科轨道(688569.SH),30725,850160.75,27.67,-10270.72
2023-11-01,8668786.31,37.20,,,,,
,,,华海诚科(688535.SH),11928,914877.60,76.7,99277.38
,,,星环科技(688031.SH),14473,783134.03,54.11,-32119.84
,,,铁科轨道(688569.SH),30725,859378.25,27.97,-1053.22
,,,东微半导(688261.SH),8981,745423.00,83,-14317.25
,,,中科星图(688568.SH),18041,871019.48,48.28,28374.74
,,,新益昌(688383.SH),10740,950490.00,88.5,96956.27
,,,麒麟信安(688152.SH),2516,163061.96,64.81,381.40
,,,东威科技(688700.SH),18869,1005340.32,53.28,167142.31
,,,中国通号(688009.SH),181407,843542.55,4.65,-69215.66
,,,寒武纪(688256.SH),7596,820368.00,108,4964.79
,,,纳芯微(688052.SH),4984,712113.92,142.88,122349.18
2023-10-31,8744719.32,37.20,,,,,
,,,新益昌(688383.SH),10740,983569.20,91.58,130035.47
,,,铁科轨道(688569.SH),30725,862143.50,28.06,1712.03
,,,中科星图(688568.SH),18041,889782.12,49.32,47137.38
,,,东微半导(688261.SH),8981,752517.99,83.79,-7222.26
,,,东威科技(688700.SH),18869,980433.24,51.96,142235.23
,,,寒武纪(688256.SH),7596,814519.08,107.23,-884.13
,,,华海诚科(688535.SH),11928,933366.00,78.25,117765.78
,,,中国通号(688009.SH),181407,852612.90,4.7,-60145.31
,,,纳芯微(688052.SH),4984,715004.64,143.46,125239.90
,,,麒麟信安(688152.SH),2516,159363.44,63.34,-3317.12
,,,星环科技(688031.SH),14473,801370.01,55.37,-13883.86
2023-10-30,8751065.15,162717.77,,,,,
,,,中科星图(688568.SH),18041,896637.70,49.7,53992.96
,,,华海诚科(688535.SH),11928,919171.68,77.06,103571.46
,,,纳芯微(688052.SH),4984,690333.84,138.51,100569.10
,,,中国通号(688009.SH),181407,858055.11,4.73,-54703.10
,,,寒武纪(688256.SH),7596,833129.28,109.68,17726.07
,,,新益昌(688383.SH),10740,955430.40,88.96,101896.67
,,,东威科技(688700.SH),18869,981188.00,52,142989.99
,,,星环科技(688031.SH),14473,832342.23,57.51,17088.36
,,,东微半导(688261.SH),8981,751619.89,83.69,-8120.36
,,,铁科轨道(688569.SH),30725,870439.25,28.33,10007.78
2023-10-27,8429063.19,1005362.51,,,,,
,,,东威科技(688700.SH),18869,918920.30,48.7,80722.29
,,,中国通号(688009.SH),181407,878009.88,4.84,-34748.33
,,,星环科技(688031.SH),14473,805277.72,55.64,-9976.15
,,,寒武纪(688256.SH),7596,829179.36,109.16,13776.15
,,,东微半导(688261.SH),8981,734376.37,81.77,-25363.88
,,,铁科轨道(688569.SH),30725,874126.25,28.45,13694.78
,,,华海诚科(688535.SH),11928,886846.80,74.35,71246.58
,,,纳芯微(688052.SH),4984,645926.40,129.6,56161.66
,,,新益昌(688383.SH),10740,851037.60,79.24,-2496.13
2023-10-26,8333806.93,1005362.51,,,,,
,,,星环科技(688031.SH),14473,825829.38,57.06,10575.51
,,,铁科轨道(688569.SH),30725,867674.00,28.24,7242.53
,,,中国通号(688009.SH),181407,881638.02,4.86,-31120.19
,,,华海诚科(688535.SH),11928,844502.40,70.8,28902.18
,,,纳芯微(688052.SH),4984,645178.80,129.45,55414.06
,,,东微半导(688261.SH),8981,713630.26,79.46,-46109.99
,,,东威科技(688700.SH),18869,901938.20,47.8,63740.19
,,,寒武纪(688256.SH),7596,845130.96,111.26,29727.75
,,,新益昌(688383.SH),10740,802922.40,74.76,-50611.33
2023-10-25,8343468.89,1005362.51,,,,,
,,,华海诚科(688535.SH),11928,873129.60,73.2,57529.38
,,,铁科轨道(688569.SH),30725,863987.00,28.12,3555.53
,,,东威科技(688700.SH),18869,900051.30,47.7,61853.29
,,,星环科技(688031.SH),14473,814106.25,56.25,-1147.62
,,,新益昌(688383.SH),10740,801204.00,74.6,-52329.73
,,,东微半导(688261.SH),8981,721443.73,80.33,-38296.52
,,,寒武纪(688256.SH),7596,855917.28,112.68,40514.07
,,,纳芯微(688052.SH),4984,641141.76,128.64,51377.02
,,,中国通号(688009.SH),181407,867125.46,4.78,-45632.75
2023-10-24,8349370.59,227583.68,,,,,
,,,华海诚科(688535.SH),11928,881717.76,73.92,66117.54
,,,寒武纪(688256.SH),7596,825381.36,108.66,9978.15
,,,东威科技(688700.SH),18869,891748.94,47.26,53550.93
,,,铁科轨道(688569.SH),30725,859071.00,27.96,-1360.47
,,,星环科技(688031.SH),14473,823658.43,56.91,8404.56
,,,新益昌(688383.SH),10740,815166.00,75.9,-38367.73
,,,东微半导(688261.SH),8981,727011.95,80.95,-32728.30
,,,华依科技(688071.SH),21102,796811.52,37.76,-63804.25
,,,纳芯微(688052.SH),4984,635908.56,127.59,46143.82
,,,中国通号(688009.SH),181407,865311.39,4.77,-47446.82
2023-10-23,8166988.53,2673840.98,,,,,
,,,纳芯微(688052.SH),4984,606702.32,121.73,16937.58
,,,东威科技(688700.SH),18869,870993.04,46.16,32795.03
,,,华依科技(688071.SH),21102,803564.16,38.08,-57051.61
,,,中国通号(688009.SH),181407,865311.39,4.77,-47446.82
,,,新益昌(688383.SH),10740,798304.20,74.33,-55229.53
,,,东微半导(688261.SH),8981,718390.19,79.99,-41350.06
,,,铁科轨道(688569.SH),30725,829882.25,27.01,-30549.22
2023-10-20,8346306.20,303015.70,,,,,
,,,铁科轨道(688569.SH),30725,857534.75,27.91,-2896.72
,,,新益昌(688383.SH),10740,813769.80,75.77,-39763.93
,,,上海谊众(688091.SH),14892,769320.72,51.66,-51474.35
,,,星环科技(688031.SH),13872,792091.20,57.1,-86636.16
,,,容知日新(688768.SH),20795,839702.10,40.38,-50287.21
,,,东威科技(688700.SH),18869,910806.63,48.27,72608.62
,,,华依科技(688071.SH),21102,823400.04,39.02,-37215.73
,,,中国通号(688009.SH),181407,868939.53,4.79,-43818.68
,,,东微半导(688261.SH),8981,745872.05,83.05,-13868.20
,,,纳芯微(688052.SH),4984,621853.68,124.77,32088.94
2023-10-19,8397031.09,1597948.12,,,,,
,,,铁科轨道(688569.SH),30725,852618.75,27.75,-7812.72
,,,鼎通科技(688668.SH),6364,304008.28,47.77,-2549.21
,,,纳芯微(688052.SH),4984,611038.40,122.6,21273.66
,,,中国通号(688009.SH),181407,870753.60,4.8,-42004.61
,,,新益昌(688383.SH),10740,858018.60,79.89,4484.87
,,,华依科技(688071.SH),21102,834584.10,39.55,-26031.67
,,,星环科技(688031.SH),13872,826771.20,59.6,-51956.16
,,,容知日新(688768.SH),20795,858417.60,41.28,-31571.71
,,,上海谊众(688091.SH),14892,782872.44,52.57,-37922.63
2023-10-18,8444697.42,328010.44,,,,,
,,,华依科技(688071.SH),21102,843868.98,39.99,-16746.79
,,,东微半导(688261.SH),9576,802564.56,83.81,-87652.77
,,,新益昌(688383.SH),10740,828483.60,77.14,-25050.13
,,,纳芯微(688052.SH),4984,594342.00,119.25,4577.26
,,,鼎通科技(688668.SH),6364,312472.40,49.1,5914.91
,,,上海谊众(688091.SH),14892,784212.72,52.66,-36582.35
,,,毕得医药(688073.SH),7105,483850.50,68.1,61269.84
,,,铁科轨道(688569.SH),30725,857534.75,27.91,-2896.72
,,,容知日新(688768.SH),20795,871934.35,41.93,-18054.96
,,,中国通号(688009.SH),181407,885266.16,4.88,-27492.05
,,,星环科技(688031.SH),13872,852156.96,61.43,-26570.40
2023-10-17,8536020.39,1181544.18,,,,,
,,,铁科轨道(688569.SH),30725,863987.00,28.12,3555.53
,,,中国通号(688009.SH),181407,899778.72,4.96,-12979.49
,,,华依科技(688071.SH),21102,826565.34,39.17,-34050.43
,,,纳芯微(688052.SH),4984,604609.04,121.31,14844.30
,,,东微半导(688261.SH),9576,838953.36,87.61,-51263.97
,,,容知日新(688768.SH),20795,833879.50,40.1,-56109.81
,,,鼎通科技(688668.SH),6364,338819.36,53.24,32261.87
,,,星环科技(688031.SH),13872,868942.08,62.64,-9785.28
,,,毕得医药(688073.SH),7105,491452.85,69.17,68872.19
,,,上海谊众(688091.SH),14892,787488.96,52.88,-33306.11
2023-10-16,8597589.34,2099144.63,,,,,
,,,纳芯微(688052.SH),4984,595986.72,119.58,6221.98
,,,容知日新(688768.SH),20795,846356.50,40.7,-43632.81
,,,上海谊众(688091.SH),14892,810720.48,54.44,-10074.59
,,,星环科技(688031.SH),13872,871439.04,62.82,-7288.32
,,,毕得医药(688073.SH),7105,500049.90,70.38,77469.24
,,,鼎通科技(688668.SH),6364,347728.96,54.64,41171.47
,,,东微半导(688261.SH),9576,836942.40,87.4,-53274.93
,,,安恒信息(688023.SH),6099,802140.48,131.52,-71106.05
,,,中国通号(688009.SH),181407,887080.23,4.89,-25677.98
2023-10-13,8769169.48,1322436.14,,,,,
,,,安恒信息(688023.SH),6099,821352.33,134.67,-51894.20
,,,纳芯微(688052.SH),4984,609393.68,122.27,19628.94
,,,东微半导(688261.SH),9576,866915.28,90.53,-23302.05
,,,中国通号(688009.SH),181407,901592.79,4.97,-11165.42
,,,东威科技(688700.SH),16523,807974.70,48.9,-68102.88
,,,鼎通科技(688668.SH),6364,357084.04,56.11,50526.55
,,,容知日新(688768.SH),20795,876509.25,42.15,-13480.06
,,,奥比中光(688322.SH),26613,839640.15,31.55,53017.23
,,,毕得医药(688073.SH),7105,535148.60,75.32,112567.94
,,,上海谊众(688091.SH),14892,831122.52,55.81,10327.45
2023-10-12,8955368.99,2305170.93,,,,,
,,,毕得医药(688073.SH),7105,527404.15,74.23,104823.49
,,,纳芯微(688052.SH),4984,614527.20,123.3,24762.46
,,,奥比中光(688322.SH),26613,848422.44,31.88,61799.52
,,,鼎通科技(688668.SH),6364,371212.12,58.33,64654.63
,,,星环科技(688031.SH),12426,806447.40,64.9,-66992.80
,,,中国通号(688009.SH),181407,914291.28,5.04,1533.07
,,,东威科技(688700.SH),16523,881336.82,53.34,5259.24
,,,上海谊众(688091.SH),14892,835441.20,56.1,14646.13
,,,安恒信息(688023.SH),6099,851115.45,139.55,-22131.08
2023-10-11,9098761.78,2282450.99,,,,,
,,,毕得医药(688073.SH),14210,1067881.50,75.15,222720.18
,,,鼎通科技(688668.SH),12728,786208.56,61.77,173093.59
,,,星环科技(688031.SH),12426,862115.88,69.38,-11324.32
,,,安恒信息(688023.SH),6099,872522.94,143.06,-723.59
,,,东威科技(688700.SH),16523,855395.71,51.77,-20681.87
,,,上海谊众(688091.SH),14892,864182.76,58.03,43387.69
,,,奥比中光(688322.SH),26613,875035.44,32.88,88412.52
,,,纳芯微(688052.SH),4984,632968.00,127,43203.26
2023-10-10,8736958.74,1470651.52,,,,,
,,,上海谊众(688091.SH),14892,822634.08,55.24,1839.01
,,,东威科技(688700.SH),16523,855230.48,51.76,-20847.10
,,,星环科技(688031.SH),12426,830181.06,66.81,-43259.14
,,,奥比中光(688322.SH),26613,868914.45,32.65,82291.53
,,,安恒信息(688023.SH),6099,851969.31,139.69,-21277.22
,,,鼎通科技(688668.SH),12728,655237.44,51.48,42122.47
,,,毕得医药(688073.SH),14210,969832.50,68.25,124671.18
,,,铁科轨道(688569.SH),25726,814227.90,31.65,-66851.88
,,,纳芯微(688052.SH),4984,598080.00,120,8315.26
2023-10-09,8803696.25,1470651.52,,,,,
,,,纳芯微(688052.SH),4984,611038.40,122.6,21273.66
,,,毕得医药(688073.SH),14210,988305.50,69.55,143144.18
,,,上海谊众(688091.SH),14892,858523.80,57.65,37728.73
,,,鼎通科技(688668.SH),12728,622781.04,48.93,9666.07
,,,星环科技(688031.SH),12426,838382.22,67.47,-35057.98
,,,奥比中光(688322.SH),26613,839640.15,31.55,53017.23
,,,铁科轨道(688569.SH),25726,859505.66,33.41,-21574.12
,,,安恒信息(688023.SH),6099,855506.73,140.27,-17739.80
,,,东威科技(688700.SH),16523,859361.23,52.01,-16716.35
2023-09-28,8942247.43,589846.17,,,,,
,,,当虹科技(688039.SH),27898,920912.98,33.01,53805.71
,,,东威科技(688700.SH),16523,868118.42,52.54,-7959.16
,,,奥比中光(688322.SH),26613,865188.63,32.51,78565.71
,,,新益昌(688383.SH),6779,553844.30,81.7,-20299.04
,,,鼎通科技(688668.SH),12728,635509.04,49.93,22394.07
,,,上海谊众(688091.SH),14892,877138.80,58.9,56343.73
,,,铁科轨道(688569.SH),25726,871339.62,33.87,-9740.16
,,,星环科技(688031.SH),12426,860376.24,69.24,-13063.96
,,,安恒信息(688023.SH),6099,876853.23,143.77,3606.70
,,,毕得医药(688073.SH),14210,1023120.00,72,177958.68
2023-09-27,8769367.13,1470925.95,,,,,
,,,毕得医药(688073.SH),14210,920523.80,64.78,75362.48
,,,新益昌(688383.SH),6779,540625.25,79.75,-33518.09
,,,星环科技(688031.SH),12426,873796.32,70.32,356.12
,,,东威科技(688700.SH),16523,855560.94,51.78,-20516.64
,,,当虹科技(688039.SH),27898,900547.44,32.28,33440.17
,,,上海谊众(688091.SH),14892,878628.00,59,57832.93
,,,鼎通科技(688668.SH),12728,615398.80,48.35,2283.83
,,,安恒信息(688023.SH),6099,871059.18,142.82,-2187.35
,,,奥比中光(688322.SH),26613,842301.45,31.65,55678.53
2023-09-26,8749315.96,2635947.02,,,,,
,,,东威科技(688700.SH),16523,851925.88,51.56,-24151.70
,,,源杰科技(688498.SH),2779,572474.00,206,156531.21
,,,当虹科技(688039.SH),27898,936814.84,33.58,69707.57
,,,鼎通科技(688668.SH),12728,625963.04,49.18,12848.07
,,,毕得医药(688073.SH),14210,878320.10,61.81,33158.78
,,,奥比中光(688322.SH),26613,847624.05,31.85,61001.13
,,,上海谊众(688091.SH),14892,858672.72,57.66,37877.65
,,,新益昌(688383.SH),6779,541574.31,79.89,-32569.03
2023-09-25,8723721.95,2973679.17,,,,,
,,,源杰科技(688498.SH),5558,1053907.96,189.62,222022.38
,,,上海谊众(688091.SH),14892,855843.24,57.47,35048.17
,,,奥比中光(688322.SH),26613,870245.10,32.7,83622.18
,,,毕得医药(688073.SH),14210,886561.90,62.39,41400.58
,,,当虹科技(688039.SH),27898,908358.88,32.56,41251.61
,,,新益昌(688383.SH),6779,545980.66,80.54,-28162.68
,,,鼎通科技(688668.SH),12728,629145.04,49.43,16030.07
2023-09-22,8605670.94,2104273.53,,,,,
,,,奥比中光(688322.SH),26613,789873.84,29.68,3250.92
,,,江航装备(688586.SH),73301,872281.90,11.9,6074.89
,,,当虹科技(688039.SH),27898,886877.42,31.79,19770.15
,,,源杰科技(688498.SH),5558,1022227.36,183.92,190341.78
,,,新益昌(688383.SH),6779,557572.75,82.25,-16570.59
,,,毕得医药(688073.SH),14210,868373.10,61.11,23211.78
,,,上海谊众(688091.SH),14892,857481.36,57.58,36686.29
,,,鼎通科技(688668.SH),12728,646709.68,50.81,33594.71
2023-09-21,8253771.69,2104273.53,,,,,
,,,当虹科技(688039.SH),27898,853678.80,30.6,-13428.47
,,,毕得医药(688073.SH),14210,871073.00,61.3,25911.68
,,,新益昌(688383.SH),6779,544963.81,80.39,-29179.53
,,,上海谊众(688091.SH),14892,819060.00,55,-1735.07
,,,鼎通科技(688668.SH),12728,601398.00,47.25,-11716.97
,,,江航装备(688586.SH),73301,862019.76,11.76,-4187.25
,,,源杰科技(688498.SH),5558,851874.66,153.27,19989.08
,,,奥比中光(688322.SH),26613,745430.13,28.01,-41192.79
2023-09-20,8231553.88,2090706.24,,,,,
,,,奥比中光(688322.SH),26613,755809.20,28.4,-30813.72
,,,江航装备(688586.SH),73301,863485.78,11.78,-2721.23
,,,毕得医药(688073.SH),14210,847342.30,59.63,2180.98
,,,当虹科技(688039.SH),27898,845309.40,30.3,-21797.87
,,,源杰科技(688498.SH),5558,843759.98,151.81,11874.40
,,,鼎通科技(688668.SH),12728,605089.12,47.54,-8025.85
,,,新益昌(688383.SH),6779,545980.66,80.54,-28162.68
,,,富信科技(688662.SH),25429,834071.20,32.8,-69970.49
2023-09-19,8333585.78,1445034.92,,,,,
,,,江航装备(688586.SH),73301,867150.83,11.83,943.82
,,,当虹科技(688039.SH),27898,901105.40,32.3,33998.13
,,,新益昌(688383.SH),6779,559877.61,82.59,-14265.73
,,,和林微纳(688661.SH),11426,560216.78,49.03,-41600.88
,,,奥比中光(688322.SH),26613,771244.74,28.98,-15378.18
,,,华峰测控(688200.SH),6096,796869.12,130.72,-69960.05
,,,富信科技(688662.SH),25429,857465.88,33.72,-46575.81
,,,毕得医药(688073.SH),14210,828300.90,58.29,-16860.42
,,,三未信安(688489.SH),15947,746319.60,46.8,-78438.68
2023-09-18,8435531.33,1157361.82,,,,,
,,,奥比中光(688322.SH),26613,788010.93,29.61,1388.01
,,,江航装备(688586.SH),73301,890607.15,12.15,24400.14
,,,新益昌(688383.SH),6779,566046.50,83.5,-8096.84
,,,三未信安(688489.SH),15947,778054.13,48.79,-46704.15
,,,鼎通科技(688668.SH),16081,785556.85,48.85,-81913.69
,,,当虹科技(688039.SH),27898,870138.62,31.19,3031.35
,,,华峰测控(688200.SH),6096,805342.56,132.11,-61486.61
,,,富信科技(688662.SH),25429,886200.65,34.85,-17841.04
,,,源杰科技(688498.SH),2350,344110.50,146.43,-36028.54
,,,和林微纳(688661.SH),11426,564101.62,49.37,-37716.04
2023-09-15,8568234.29,24.85,,,,,
,,,新益昌(688383.SH),6779,592349.02,87.38,18205.68
,,,江航装备(688586.SH),73301,895005.21,12.21,28798.20
,,,华恒生物(688639.SH),9302,916712.10,98.55,109212.41
,,,当虹科技(688039.SH),27898,855352.68,30.66,-11754.59
,,,铁科轨道(688569.SH),7500,250875.00,33.45,-18919.26
,,,奥比中光(688322.SH),26613,788010.93,29.61,1388.01
,,,和林微纳(688661.SH),11426,577812.82,50.57,-24004.84
,,,华峰测控(688200.SH),6096,825032.64,135.34,-41796.53
,,,源杰科技(688498.SH),2350,361923.50,154.01,-18215.54
,,,富信科技(688662.SH),25429,911375.36,35.84,7333.67
,,,鼎通科技(688668.SH),16081,805818.91,50.11,-61651.63
,,,三未信安(688489.SH),15947,787941.27,49.41,-36817.01
2023-09-14,8694714.81,786647.77,,,,,
,,,当虹科技(688039.SH),27898,855910.64,30.68,-11196.63
,,,江航装备(688586.SH),73301,895738.22,12.22,29531.21
,,,源杰科技(688498.SH),2350,372898.00,158.68,-7241.04
,,,富信科技(688662.SH),25429,963759.10,37.9,59717.41
,,,三未信安(688489.SH),15947,798625.76,50.08,-26132.52
,,,和林微纳(688661.SH),11426,573585.20,50.2,-28232.46
,,,华峰测控(688200.SH),6096,837590.40,137.4,-29238.77
,,,鼎通科技(688668.SH),16081,824955.30,51.3,-42515.24
,,,新益昌(688383.SH),6779,588281.62,86.78,14138.28
,,,铁科轨道(688569.SH),7500,253500.00,33.8,-16294.26
,,,华恒生物(688639.SH),9302,943222.80,101.4,135723.11
2023-09-13,8888580.08,0.24,,,,,
,,,华恒生物(688639.SH),9302,942571.66,101.33,135071.97
,,,富信科技(688662.SH),25429,982067.98,38.62,78026.29
,,,鼎通科技(688668.SH),16081,844252.50,52.5,-23218.04
,,,星环科技(688031.SH),10250,778590.00,75.96,-88705.72
,,,源杰科技(688498.SH),2350,383050.00,163,2910.96
,,,三未信安(688489.SH),15947,812499.65,50.95,-12258.63
,,,铁科轨道(688569.SH),7500,252825.00,33.71,-16969.26
,,,当虹科技(688039.SH),27898,920355.02,32.99,53247.75
,,,华峰测控(688200.SH),6096,870569.76,142.81,3740.59
,,,和林微纳(688661.SH),11426,586039.54,51.29,-15778.12
,,,新益昌(688383.SH),6779,609025.36,89.84,34882.02
,,,江航装备(688586.SH),73301,906733.37,12.37,40526.36
2023-09-12,9154987.40,0.24,,,,,
,,,三未信安(688489.SH),15947,830360.29,52.07,5602.01
,,,源杰科技(688498.SH),2350,403260.00,171.6,23120.96
,,,鼎通科技(688668.SH),16081,890887.40,55.4,23416.86
,,,富信科技(688662.SH),25429,1052506.31,41.39,148464.62
,,,当虹科技(688039.SH),27898,968897.54,34.73,101790.27
,,,华恒生物(688639.SH),9302,930944.16,100.08,123444.47
,,,江航装备(688586.SH),73301,917728.52,12.52,51521.51
,,,铁科轨道(688569.SH),7500,257325.00,34.31,-12469.26
,,,星环科技(688031.SH),10250,820000.00,80,-47295.72
,,,华峰测控(688200.SH),6096,861486.72,141.32,-5342.45
,,,新益昌(688383.SH),6779,613499.50,90.5,39356.16
,,,和林微纳(688661.SH),11426,608091.72,53.22,6274.06
2023-09-11,9144604.87,0.24,,,,,
,,,源杰科技(688498.SH),2350,396116.00,168.56,15976.96
,,,鼎通科技(688668.SH),16081,848915.99,52.79,-18554.55
,,,三未信安(688489.SH),15947,841682.66,52.78,16924.38
,,,当虹科技(688039.SH),27898,1023856.60,36.7,156749.33
,,,华峰测控(688200.SH),6096,869411.52,142.62,2582.35
,,,星环科技(688031.SH),10250,831172.50,81.09,-36123.22
,,,华恒生物(688639.SH),9302,938571.80,100.9,131072.11
,,,新益昌(688383.SH),6779,621566.51,91.69,47423.17
,,,江航装备(688586.SH),73301,919927.55,12.55,53720.54
,,,和林微纳(688661.SH),11426,613233.42,53.67,11415.76
,,,富信科技(688662.SH),25429,979525.08,38.52,75483.39
,,,铁科轨道(688569.SH),7500,260625.00,34.75,-9169.26
2023-09-08,8996812.47,0.24,,,,,
,,,华恒生物(688639.SH),9302,911782.04,98.02,104282.35
,,,当虹科技(688039.SH),27898,985078.38,35.31,117971.11
,,,三未信安(688489.SH),15947,827968.24,51.92,3209.96
,,,新益昌(688383.SH),6779,623668.00,92,49524.66
,,,江航装备(688586.SH),73301,914063.47,12.47,47856.46
,,,鼎通科技(688668.SH),16081,819326.95,50.95,-48143.59
,,,和林微纳(688661.SH),11426,610148.40,53.4,8330.74
,,,华峰测控(688200.SH),6096,869716.32,142.67,2887.15
,,,富信科技(688662.SH),25429,996053.93,39.17,92012.24
,,,铁科轨道(688569.SH),7500,262875.00,35.05,-6919.26
,,,源杰科技(688498.SH),2350,365049.00,155.34,-15090.04
,,,星环科技(688031.SH),10250,811082.50,79.13,-56213.22
2023-09-07,8748642.61,0.24,,,,,
,,,星环科技(688031.SH),10250,811902.50,79.21,-55393.22
,,,铁科轨道(688569.SH),7500,268200.00,35.76,-1594.26
,,,华峰测控(688200.SH),6096,860389.44,141.14,-6439.73
,,,当虹科技(688039.SH),27898,888551.30,31.85,21444.03
,,,鼎通科技(688668.SH),16081,815145.89,50.69,-52324.65
,,,富信科技(688662.SH),25429,883657.75,34.75,-20383.94
,,,三未信安(688489.SH),15947,825895.13,51.79,1136.85
,,,新益昌(688383.SH),6779,620753.03,91.57,46609.69
,,,源杰科技(688498.SH),2350,358610.00,152.6,-21529.04
,,,和林微纳(688661.SH),11426,598722.40,52.4,-3095.26
,,,江航装备(688586.SH),73301,902335.31,12.31,36128.30
,,,华恒生物(688639.SH),9302,914479.62,98.31,106979.93
2023-09-06,9038662.45,0.24,,,,,
,,,铁科轨道(688569.SH),7500,279900.00,37.32,10105.74
,,,星环科技(688031.SH),10250,851365.00,83.06,-15930.72
,,,鼎通科技(688668.SH),16081,853418.67,53.07,-14051.87
,,,新益昌(688383.SH),6779,617160.16,91.04,43016.82
,,,华峰测控(688200.SH),6096,881481.60,144.6,14652.43
,,,华恒生物(688639.SH),9302,930106.98,99.99,122607.29
,,,当虹科技(688039.SH),27898,894130.90,32.05,27023.63
,,,富信科技(688662.SH),25429,930701.40,36.6,26659.71
,,,三未信安(688489.SH),15947,851569.80,53.4,26811.52
,,,和林微纳(688661.SH),11426,630715.20,55.2,28897.54
,,,江航装备(688586.SH),73301,916262.50,12.5,50055.49
,,,源杰科技(688498.SH),2350,401850.00,171,21710.96
2023-09-05,8764304.25,601817.91,,,,,
,,,鼎通科技(688668.SH),16081,846986.27,52.67,-20484.27
,,,铁科轨道(688569.SH),7500,277650.00,37.02,7855.74
,,,三未信安(688489.SH),15947,833071.28,52.24,8313.00
,,,新益昌(688383.SH),6779,581163.67,85.73,7020.33
,,,星环科技(688031.SH),10250,850545.00,82.98,-16750.72
,,,华恒生物(688639.SH),9302,897549.98,96.49,90050.29
,,,当虹科技(688039.SH),27898,865395.96,31.02,-1711.31
,,,富信科技(688662.SH),25429,882894.88,34.72,-21146.81
,,,华峰测控(688200.SH),6096,845820.00,138.75,-21009.17
,,,江航装备(688586.SH),73301,901602.30,12.3,35395.29
,,,源杰科技(688498.SH),2350,379807.00,161.62,-332.04
2023-09-04,8829974.03,601817.91,,,,,
,,,星环科技(688031.SH),10250,873607.50,85.23,6311.78
,,,新益昌(688383.SH),6779,572825.50,84.5,-1317.84
,,,鼎通科技(688668.SH),16081,857438.92,53.32,-10031.62
,,,铁科轨道(688569.SH),7500,283200.00,37.76,13405.74
,,,江航装备(688586.SH),73301,901602.30,12.3,35395.29
,,,华峰测控(688200.SH),6096,857890.08,140.73,-8939.09
,,,富信科技(688662.SH),25429,882640.59,34.71,-21401.10
,,,三未信安(688489.SH),15947,841523.19,52.77,16764.91
,,,当虹科技(688039.SH),27898,874044.34,31.33,6937.07
,,,华恒生物(688639.SH),9302,903224.20,97.1,95724.51
,,,源杰科技(688498.SH),2350,380159.50,161.77,20.46
2023-09-01,8883421.02,5.34,,,,,
,,,鼎通科技(688668.SH),16081,869338.86,54.06,1868.32
,,,华恒生物(688639.SH),9302,893736.16,96.08,86236.47
,,,江航装备(688586.SH),73301,898670.26,12.26,32463.25
,,,当虹科技(688039.SH),27898,877950.06,31.47,10842.79
,,,艾力斯(688578.SH),19509,599511.57,30.73,154660.75
,,,星环科技(688031.SH),10250,889905.00,86.82,22609.28
,,,源杰科技(688498.SH),2350,378350.00,161,-1789.04
,,,富信科技(688662.SH),25429,882894.88,34.72,-21146.81
,,,新益昌(688383.SH),6779,596890.95,88.05,22747.61
,,,三未信安(688489.SH),15947,855716.02,53.66,30957.74
,,,华峰测控(688200.SH),6096,868801.92,142.52,1972.75
,,,铁科轨道(688569.SH),7500,271650.00,36.22,1855.74
2023-08-31,9030561.25,1173841.30,,,,,
,,,星环科技(688031.SH),10250,932852.50,91.01,65556.78
,,,华恒生物(688639.SH),9302,883690.00,95,76190.31
,,,当虹科技(688039.SH),27898,899431.52,32.24,32324.25
,,,华峰测控(688200.SH),6096,857097.60,140.6,-9731.57
,,,江航装备(688586.SH),73301,907466.38,12.38,41259.37
,,,三未信安(688489.SH),15947,911849.46,57.18,87091.18
,,,鼎通科技(688668.SH),16081,883811.76,54.96,16341.22
,,,源杰科技(688498.SH),2350,399876.00,170.16,19736.96
,,,艾力斯(688578.SH),19509,585855.27,30.03,141004.45
,,,新益昌(688383.SH),6779,594789.46,87.74,20646.12
2023-08-30,8989043.95,574182.14,,,,,
,,,江航装备(688586.SH),73301,903801.33,12.33,37594.32
,,,鼎通科技(688668.SH),16081,878826.65,54.65,11356.11
,,,华峰测控(688200.SH),6096,865936.80,142.05,-892.37
,,,星环科技(688031.SH),10250,930085.00,90.74,62789.28
,,,艾力斯(688578.SH),39019,1139354.80,29.2,249630.35
,,,华恒生物(688639.SH),9302,895596.56,96.28,88096.87
,,,当虹科技(688039.SH),27898,901384.38,32.31,34277.11
,,,源杰科技(688498.SH),2350,395951.50,168.49,15812.46
,,,三未信安(688489.SH),15947,874055.07,54.81,49296.79
,,,浩瀚深度(688292.SH),17986,629869.72,35.02,180807.72
2023-08-29,8695556.30,3848979.26,,,,,
,,,华恒生物(688639.SH),9302,896061.66,96.33,88561.97
,,,浩瀚深度(688292.SH),35973,1170921.15,32.55,272772.18
,,,江航装备(688586.SH),73301,875213.94,11.94,9006.93
,,,三未信安(688489.SH),15947,825895.13,51.79,1136.85
,,,艾力斯(688578.SH),39019,1078485.16,27.64,188760.71
2023-08-28,8272547.00,11.42,,,,,
,,,三未信安(688489.SH),15947,783157.17,49.11,-41601.11
,,,新益昌(688383.SH),10113,800140.56,79.12,-80498.23
,,,鼎通科技(688668.SH),14724,747831.96,50.79,-109600.52
,,,浩瀚深度(688292.SH),35973,992495.07,27.59,94346.10
,,,艾力斯(688578.SH),39019,970402.53,24.87,80678.08
,,,富信科技(688662.SH),25254,808380.54,32.01,-72480.52
,,,国盾量子(688027.SH),5935,726384.65,122.39,-54852.09
,,,江航装备(688586.SH),73301,831233.34,11.34,-34973.67
,,,华恒生物(688639.SH),9302,855784.00,92,48284.31
,,,步科股份(688160.SH),15232,756725.76,49.68,-100518.69
2023-08-25,8427293.48,824769.71,,,,,
,,,新益昌(688383.SH),10113,816523.62,80.74,-64115.17
,,,华恒生物(688639.SH),9302,840528.72,90.36,33029.03
,,,浩瀚深度(688292.SH),35973,1022712.39,28.43,124563.42
,,,步科股份(688160.SH),15232,789322.24,51.82,-67922.21
,,,鼎通科技(688668.SH),14724,793623.60,53.9,-63808.88
,,,江航装备(688586.SH),73301,832699.36,11.36,-33507.65
,,,艾力斯(688578.SH),39019,941528.47,24.13,51804.02
,,,富信科技(688662.SH),25254,835402.32,33.08,-45458.74
,,,国盾量子(688027.SH),5935,730183.05,123.03,-51053.69
2023-08-24,8639489.31,781247.50,,,,,
,,,铁科轨道(688569.SH),24125,827487.50,34.3,-66949.27
,,,江航装备(688586.SH),73301,859820.73,11.73,-6386.28
,,,步科股份(688160.SH),15232,846899.20,55.6,-10345.25
,,,新益昌(688383.SH),10113,841199.34,83.18,-39439.45
,,,鼎通科技(688668.SH),14724,814384.44,55.31,-43048.04
,,,华恒生物(688639.SH),9302,818576.00,88,11076.31
,,,富信科技(688662.SH),25254,866969.82,34.33,-13891.24
,,,浩瀚深度(688292.SH),35973,1051131.06,29.22,152982.09
,,,艾力斯(688578.SH),39019,931773.72,23.88,42049.27
2023-08-23,8650974.78,1647454.51,,,,,
,,,华恒生物(688639.SH),9302,803041.66,86.33,-4458.03
,,,新益昌(688383.SH),10113,837356.40,82.8,-43282.39
,,,富信科技(688662.SH),25254,870505.38,34.47,-10355.68
,,,艾力斯(688578.SH),39019,893925.29,22.91,4200.84
,,,铁科轨道(688569.SH),24125,850888.75,35.27,-43548.02
,,,鼎通科技(688668.SH),14724,822335.40,55.85,-35097.08
,,,浩瀚深度(688292.SH),35973,1044296.19,29.03,146147.22
,,,步科股份(688160.SH),15232,881171.20,57.85,23926.75
2023-08-22,8724793.50,1647454.51,,,,,
,,,艾力斯(688578.SH),39019,897437.00,23,7712.55
,,,华恒生物(688639.SH),9302,854202.66,91.83,46702.97
,,,富信科技(688662.SH),25254,895506.84,35.46,14645.78
,,,步科股份(688160.SH),15232,860912.64,56.52,3668.19
,,,新益昌(688383.SH),10113,875886.93,86.61,-4751.86
,,,铁科轨道(688569.SH),24125,883698.75,36.63,-10738.02
,,,浩瀚深度(688292.SH),35973,960119.37,26.69,61970.40
,,,鼎通科技(688668.SH),14724,849574.80,57.7,-7857.68
2023-08-21,8547155.61,3362131.45,,,,,
,,,华恒生物(688639.SH),9302,806483.40,86.7,-1016.29
,,,富信科技(688662.SH),25254,876313.80,34.7,-4547.26
,,,新益昌(688383.SH),10113,866785.23,85.71,-13853.56
,,,艾力斯(688578.SH),39019,896266.43,22.97,6541.98
,,,铁科轨道(688569.SH),24125,890212.50,36.9,-4224.27
,,,浩瀚深度(688292.SH),35973,848962.80,23.6,-49186.17
2023-08-18,8574337.51,994072.56,,,,,
,,,富信科技(688662.SH),25254,876818.88,34.72,-4042.18
,,,毕得医药(688073.SH),10998,746764.20,67.9,46784.52
,,,铁科轨道(688569.SH),24125,890936.25,36.93,-3500.52
,,,鼎通科技(688668.SH),13860,793069.20,57.22,-79341.26
,,,华恒生物(688639.SH),9302,823227.00,88.5,15727.31
,,,艾力斯(688578.SH),39019,893144.91,22.89,3420.46
,,,新益昌(688383.SH),10113,862133.25,85.25,-18505.54
,,,浩瀚深度(688292.SH),35973,845725.23,23.51,-52423.74
,,,东威科技(688700.SH),13957,848446.03,60.79,-61265.76
2023-08-17,8716219.77,807526.10,,,,,
,,,艾力斯(688578.SH),39019,905240.80,23.2,15516.35
,,,东威科技(688700.SH),13957,869521.10,62.3,-40190.69
,,,富信科技(688662.SH),25254,895506.84,35.46,14645.78
,,,毕得医药(688073.SH),10998,776678.76,70.62,76699.08
,,,铁科轨道(688569.SH),24125,880321.25,36.49,-14115.52
,,,浩瀚深度(688292.SH),35973,906159.87,25.19,8010.90
,,,金迪克(688670.SH),32339,997658.15,30.85,56697.17
,,,鼎通科技(688668.SH),13860,814968.00,58.8,-57442.46
,,,新益昌(688383.SH),10113,862638.90,85.3,-17999.89
2023-08-16,8703262.23,1679936.56,,,,,
,,,新益昌(688383.SH),10113,867290.88,85.76,-13347.91
,,,铁科轨道(688569.SH),24125,862227.50,35.74,-32209.27
,,,金迪克(688670.SH),32339,991837.13,30.67,50876.15
,,,浩瀚深度(688292.SH),35973,884216.34,24.58,-13932.63
,,,东威科技(688700.SH),13957,882640.68,63.24,-27071.11
,,,艾力斯(688578.SH),39019,886511.68,22.72,-3212.77
,,,毕得医药(688073.SH),10998,770519.88,70.06,70540.20
,,,富信科技(688662.SH),25254,878081.58,34.77,-2779.48
2023-08-15,8830109.22,3441436.40,,,,,
,,,东威科技(688700.SH),13957,916556.19,65.67,6844.40
,,,金迪克(688670.SH),32339,1011240.53,31.27,70279.55
,,,浩瀚深度(688292.SH),35973,918390.69,25.53,20241.72
,,,毕得医药(688073.SH),10998,755452.62,68.69,55472.94
,,,艾力斯(688578.SH),39019,893925.29,22.91,4200.84
,,,铁科轨道(688569.SH),24125,893107.50,37.02,-1329.27
2023-08-14,8901701.43,4331160.85,,,,,
,,,金迪克(688670.SH),32339,1023529.35,31.65,82568.37
,,,毕得医药(688073.SH),10998,757102.32,68.84,57122.64
,,,东威科技(688700.SH),13957,951029.98,68.14,41318.19
,,,铁科轨道(688569.SH),24125,879838.75,36.47,-14598.02
,,,浩瀚深度(688292.SH),35973,959040.18,26.66,60891.21
2023-08-11,8856079.21,3519661.54,,,,,
,,,和林微纳(688661.SH),15190,815854.90,53.71,-73738.70
,,,铁科轨道(688569.SH),24125,866570.00,35.92,-27866.77
,,,金迪克(688670.SH),32339,1021912.40,31.6,80951.42
,,,浩瀚深度(688292.SH),35973,916951.77,25.49,18802.80
,,,东威科技(688700.SH),13957,951867.40,68.2,42155.61
,,,毕得医药(688073.SH),10998,763261.20,69.4,63281.52
2023-08-10,8966608.81,3519661.54,,,,,
,,,和林微纳(688661.SH),15190,843045.00,55.5,-46548.60
,,,铁科轨道(688569.SH),24125,860297.50,35.66,-34139.27
,,,东威科技(688700.SH),13957,979362.69,70.17,69650.90
,,,金迪克(688670.SH),32339,1043256.14,32.26,102295.16
,,,毕得医药(688073.SH),10998,787126.86,71.57,87147.18
,,,浩瀚深度(688292.SH),35973,933859.08,25.96,35710.11
2023-08-09,9004624.04,4414098.31,,,,,
,,,金迪克(688670.SH),32339,1023529.35,31.65,82568.37
,,,和林微纳(688661.SH),15190,841526.00,55.4,-48067.60
,,,毕得医药(688073.SH),10998,797904.90,72.55,97925.22
,,,浩瀚深度(688292.SH),35973,962997.21,26.77,64848.24
,,,东威科技(688700.SH),13957,964568.27,69.11,54856.48
2023-08-08,8985066.15,3502350.58,,,,,
,,,地纬智能(688579.SH),64104,921174.48,14.37,31291.51
,,,和林微纳(688661.SH),15190,863095.80,56.82,-26497.80
,,,毕得医药(688073.SH),10998,734556.42,66.79,34576.74
,,,浩瀚深度(688292.SH),35973,981343.44,27.28,83194.47
,,,东威科技(688700.SH),13957,956752.35,68.55,47040.56
,,,金迪克(688670.SH),32339,1025793.08,31.72,84832.10
2023-08-07,9008024.50,3502350.58,,,,,
,,,地纬智能(688579.SH),64104,945534.00,14.75,55651.03
,,,浩瀚深度(688292.SH),35973,957241.53,26.61,59092.56
,,,和林微纳(688661.SH),15190,883602.30,58.17,-5991.30
,,,金迪克(688670.SH),32339,1039052.07,32.13,98091.09
,,,毕得医药(688073.SH),10998,700462.62,63.69,482.94
,,,东威科技(688700.SH),13957,979781.40,70.2,70069.61
2023-08-04,9063352.30,3502350.58,,,,,
,,,和林微纳(688661.SH),15190,878741.50,57.85,-10852.10
,,,地纬智能(688579.SH),64104,951303.36,14.84,61420.39
,,,浩瀚深度(688292.SH),35973,982062.90,27.3,83913.93
,,,金迪克(688670.SH),32339,1047460.21,32.39,106499.23
,,,毕得医药(688073.SH),10998,733236.66,66.67,33256.98
,,,东威科技(688700.SH),13957,968197.09,69.37,58485.30
2023-08-03,9024668.09,3502350.58,,,,,
,,,东威科技(688700.SH),13957,977269.14,70.02,67557.35
,,,毕得医药(688073.SH),10998,777558.60,70.7,77578.92
,,,浩瀚深度(688292.SH),35973,905080.68,25.16,6931.71
,,,金迪克(688670.SH),32339,1082386.33,33.47,141425.35
,,,和林微纳(688661.SH),15190,870387.00,57.3,-19206.60
,,,地纬智能(688579.SH),64104,909635.76,14.19,19752.79
2023-08-02,9121901.62,3502350.58,,,,,
,,,东威科技(688700.SH),13957,975036.02,69.86,65324.23
,,,地纬智能(688579.SH),64104,912840.96,14.24,22957.99
,,,金迪克(688670.SH),32339,1089177.52,33.68,148216.54
,,,和林微纳(688661.SH),15190,884058.00,58.2,-5535.60
,,,浩瀚深度(688292.SH),35973,917311.50,25.5,19162.53
,,,毕得医药(688073.SH),10998,841127.04,76.48,141147.36
2023-08-01,9008099.53,3569255.95,,,,,
,,,金迪克(688670.SH),32339,1067833.78,33.02,126872.80
,,,毕得医药(688073.SH),10998,852674.94,77.53,152695.26
,,,地纬智能(688579.SH),64104,925661.76,14.44,35778.79
,,,和林微纳(688661.SH),15190,882539.00,58.1,-7054.60
,,,东威科技(688700.SH),13957,872312.50,62.5,-37399.29
,,,神工股份(688233.SH),25520,837821.60,32.83,23907.01
2023-07-31,8998951.81,3169003.11,,,,,
,,,神工股份(688233.SH),25520,848795.20,33.26,34880.61
,,,毕得医药(688073.SH),10998,805053.60,73.2,105073.92
,,,和林微纳(688661.SH),15190,877374.40,57.76,-12219.20
,,,地纬智能(688579.SH),64104,964124.16,15.04,74241.19
,,,东威科技(688700.SH),13957,865752.71,62.03,-43959.08
,,,浩瀚深度(688292.SH),15565,399397.90,25.66,-41480.96
,,,金迪克(688670.SH),32339,1069450.73,33.07,128489.75
2023-07-28,8881319.34,2741514.37,,,,,
,,,麒麟信安(688152.SH),4551,517903.80,113.8,96925.73
,,,毕得医药(688073.SH),10998,707721.30,64.35,7741.62
,,,东威科技(688700.SH),13957,860588.62,61.66,-49123.17
,,,浩瀚深度(688292.SH),15565,408581.25,26.25,-32297.61
,,,海天瑞声(688787.SH),9520,811770.40,85.27,-30493.26
,,,地纬智能(688579.SH),64104,900661.20,14.05,10778.23
,,,神工股份(688233.SH),25520,845988.00,33.15,32073.41
,,,金迪克(688670.SH),32339,1086590.40,33.6,145629.42
2023-07-27,8868539.14,1256198.42,,,,,
,,,毕得医药(688073.SH),10998,704311.92,64.04,4332.24
,,,和林微纳(688661.SH),12931,788791.00,61,-53657.69
,,,耐科装备(688419.SH),17729,710755.61,40.09,-65784.10
,,,东威科技(688700.SH),13957,878314.01,62.93,-31397.78
,,,地纬智能(688579.SH),64104,881430.00,13.75,-8452.97
,,,海天瑞声(688787.SH),9520,809200.00,85,-33063.66
,,,麒麟信安(688152.SH),4551,499699.80,109.8,78721.73
,,,金迪克(688670.SH),32339,1074301.58,33.22,133340.60
,,,神工股份(688233.SH),25520,832207.20,32.61,18292.61
,,,浩瀚深度(688292.SH),15565,433329.60,27.84,-7549.26
2023-07-26,9105627.04,2165910.20,,,,,
,,,和林微纳(688661.SH),12931,853446.00,66,10997.31
,,,浩瀚深度(688292.SH),15565,444380.75,28.55,3501.89
,,,耐科装备(688419.SH),17729,781317.03,44.07,4777.32
,,,海天瑞声(688787.SH),9520,807581.60,84.83,-34682.06
,,,地纬智能(688579.SH),64104,898738.08,14.02,8855.11
,,,金迪克(688670.SH),32339,1047136.82,32.38,106175.84
,,,麒麟信安(688152.SH),4551,538838.40,118.4,117860.33
,,,神工股份(688233.SH),25520,863086.40,33.82,49171.81
,,,毕得医药(688073.SH),10998,705191.76,64.12,5212.08
2023-07-25,9223089.36,1638031.39,,,,,
,,,麒麟信安(688152.SH),9103,1070057.65,117.55,228009.01
,,,神工股份(688233.SH),25520,878398.40,34.42,64483.81
,,,金迪克(688670.SH),32339,1008653.41,31.19,67692.43
,,,和林微纳(688661.SH),12931,931032.00,72,88583.31
,,,浩瀚深度(688292.SH),15565,465393.50,29.9,24514.64
,,,地纬智能(688579.SH),64104,916687.20,14.3,26804.23
,,,耐科装备(688419.SH),17729,815711.29,46.01,39171.58
,,,毕得医药(688073.SH),10998,670218.12,60.94,-29761.56
,,,海天瑞声(688787.SH),9520,828906.40,87.07,-13357.26
2023-07-24,9106550.81,1638031.39,,,,,
,,,神工股份(688233.SH),25520,874060.00,34.25,60145.41
,,,地纬智能(688579.SH),64104,926302.80,14.45,36419.83
,,,浩瀚深度(688292.SH),15565,447805.05,28.77,6926.19
,,,和林微纳(688661.SH),12931,943963.00,73,101514.31
,,,毕得医药(688073.SH),10998,675057.24,61.38,-24922.44
,,,耐科装备(688419.SH),17729,824221.21,46.49,47681.50
,,,金迪克(688670.SH),32339,1020295.45,31.55,79334.47
,,,麒麟信安(688152.SH),9103,945710.67,103.89,103662.03
,,,海天瑞声(688787.SH),9520,811104.00,85.2,-31159.66
2023-07-21,8987949.72,776413.05,,,,,
,,,海天瑞声(688787.SH),9520,806344.00,84.7,-35919.66
,,,毕得医药(688073.SH),10998,687924.90,62.55,-12054.78
,,,邦彦技术(688132.SH),33954,864468.84,25.46,-71754.63
,,,和林微纳(688661.SH),12931,926764.77,71.67,84316.08
,,,地纬智能(688579.SH),64104,900661.20,14.05,10778.23
,,,耐科装备(688419.SH),17729,788408.63,44.47,11868.92
,,,浩瀚深度(688292.SH),15565,468195.20,30.08,27316.34
,,,神工股份(688233.SH),25520,893710.40,35.02,79795.81
,,,麒麟信安(688152.SH),9103,916854.16,100.72,74805.52
,,,金迪克(688670.SH),32339,958204.57,29.63,17243.59
2023-07-20,9097176.53,699991.78,,,,,
,,,神工股份(688233.SH),25520,897283.20,35.16,83368.61
,,,耐科装备(688419.SH),17729,777593.94,43.86,1054.23
,,,金迪克(688670.SH),32339,924248.62,28.58,-16712.36
,,,凌云光(688400.SH),28244,780099.28,27.62,-61809.73
,,,邦彦技术(688132.SH),33954,897064.68,26.42,-39158.79
,,,麒麟信安(688152.SH),9103,928506.00,102,86457.36
,,,地纬智能(688579.SH),64104,930790.08,14.52,40907.11
,,,浩瀚深度(688292.SH),15565,522517.05,33.57,81638.19
,,,和林微纳(688661.SH),12931,921980.30,71.3,79531.61
,,,海天瑞声(688787.SH),9520,817101.60,85.83,-25162.06
2023-07-19,9353338.17,1636215.25,,,,,
,,,海天瑞声(688787.SH),9520,849755.20,89.26,7491.54
,,,麒麟信安(688152.SH),9103,964189.76,105.92,122141.12
,,,耐科装备(688419.SH),17729,795500.23,44.87,18960.52
,,,浩瀚深度(688292.SH),15565,492787.90,31.66,51909.04
,,,神工股份(688233.SH),25520,930969.60,36.48,117055.01
,,,凌云光(688400.SH),28244,816534.04,28.91,-25374.97
,,,和林微纳(688661.SH),12931,966850.87,74.77,124402.18
,,,金迪克(688670.SH),32339,922308.28,28.52,-18652.70
,,,地纬智能(688579.SH),64104,978227.04,15.26,88344.07
2023-07-18,9405476.95,2577176.23,,,,,
,,,地纬智能(688579.SH),64104,975021.84,15.21,85138.87
,,,和林微纳(688661.SH),12931,943575.07,72.97,101126.38
,,,耐科装备(688419.SH),17729,826171.40,46.6,49631.69
,,,浩瀚深度(688292.SH),15565,505084.25,32.45,64205.39
,,,麒麟信安(688152.SH),9103,976569.84,107.28,134521.20
,,,凌云光(688400.SH),28244,818511.12,28.98,-23397.89
,,,神工股份(688233.SH),25520,944750.40,37.02,130835.81
,,,海天瑞声(688787.SH),9520,838616.80,88.09,-3646.86
2023-07-17,9430340.46,558515.95,,,,,
,,,海天瑞声(688787.SH),9520,855467.20,89.86,13203.54
,,,神工股份(688233.SH),25520,943984.80,36.99,130070.21
,,,利元亨(688499.SH),14147,784451.15,55.45,-67172.42
,,,和林微纳(688661.SH),12931,979781.87,75.77,137333.18
,,,浩瀚深度(688292.SH),15565,549133.20,35.28,108254.34
,,,凌云光(688400.SH),28244,831785.80,29.45,-10123.21
,,,耐科装备(688419.SH),17729,780076.00,44,3536.29
,,,麒麟信安(688152.SH),9103,1018625.70,111.9,176577.06
,,,金橙子(688291.SH),27319,1121444.95,41.05,258916.67
,,,地纬智能(688579.SH),64104,1007073.84,15.71,117190.87
2023-07-14,9227188.31,23.62,,,,,
,,,地纬智能(688579.SH),64104,948098.16,14.79,58215.19
,,,凌云光(688400.SH),28244,842800.96,29.84,891.95
,,,麒麟信安(688152.SH),9103,993865.54,109.18,151816.90
,,,金橙子(688291.SH),27319,934582.99,34.21,72054.71
,,,海天瑞声(688787.SH),9520,864892.00,90.85,22628.34
,,,利元亨(688499.SH),14147,833116.83,58.89,-18506.74
,,,浩瀚深度(688292.SH),31130,1057174.80,33.96,175417.08
,,,耐科装备(688419.SH),17729,791954.43,44.67,15414.72
,,,和林微纳(688661.SH),12931,982497.38,75.98,140048.69
,,,神工股份(688233.SH),25520,978181.60,38.33,164267.01
2023-07-13,8833874.60,776563.32,,,,,
,,,和林微纳(688661.SH),12931,972152.58,75.18,129703.89
,,,神工股份(688233.SH),25520,877632.80,34.39,63718.21
,,,麒麟信安(688152.SH),9103,980393.10,107.7,138344.46
,,,凌云光(688400.SH),28244,827549.20,29.3,-14359.81
,,,地纬智能(688579.SH),64104,898097.04,14.01,8214.07
,,,浩瀚深度(688292.SH),31130,880979.00,28.3,-778.72
,,,海天瑞声(688787.SH),9520,849184.00,89.2,6920.34
,,,金橙子(688291.SH),27319,900434.24,32.96,37905.96
,,,利元亨(688499.SH),14147,870889.32,61.56,19265.75
2023-07-12,8602265.11,862538.88,,,,,
,,,地纬智能(688579.SH),64104,868609.20,13.55,-21273.77
,,,神工股份(688233.SH),25520,832717.60,32.63,18803.01
,,,凌云光(688400.SH),28244,812015.00,28.75,-29894.01
,,,利元亨(688499.SH),14147,862259.65,60.95,10636.08
,,,海天瑞声(688787.SH),9520,838902.40,88.12,-3361.26
,,,和林微纳(688661.SH),12931,941376.80,72.8,98928.11
,,,浩瀚深度(688292.SH),31130,865414.00,27.8,-16343.72
,,,当虹科技(688039.SH),23327,764892.33,32.79,-76811.65
,,,麒麟信安(688152.SH),9103,953539.25,104.75,111490.61
2023-07-11,8867885.37,862538.88,,,,,
,,,地纬智能(688579.SH),64104,885917.28,13.82,-3965.69
,,,海天瑞声(688787.SH),9520,877268.00,92.15,35004.34
,,,凌云光(688400.SH),28244,850991.72,30.13,9082.71
,,,神工股份(688233.SH),25520,851857.60,33.38,37943.01
,,,当虹科技(688039.SH),23327,784253.74,33.62,-57450.24
,,,利元亨(688499.SH),14147,887582.78,62.74,35959.21
,,,麒麟信安(688152.SH),9103,967102.72,106.24,125054.08
,,,和林微纳(688661.SH),12931,988574.95,76.45,146126.26
,,,浩瀚深度(688292.SH),31130,911797.70,29.29,30039.98
2023-07-10,8804583.55,1029467.07,,,,,
,,,麒麟信安(688152.SH),9103,1001421.03,110.01,159372.39
,,,凌云光(688400.SH),28244,844495.60,29.9,2586.59
,,,和林微纳(688661.SH),12931,945256.10,73.1,102807.41
,,,利元亨(688499.SH),14147,878528.70,62.1,26905.13
,,,金橙子(688291.SH),24765,713479.65,28.81,-60965.95
,,,海天瑞声(688787.SH),9520,874412.00,91.85,32148.34
,,,当虹科技(688039.SH),23327,788452.60,33.8,-53251.38
,,,神工股份(688233.SH),25520,821999.20,32.21,8084.61
,,,地纬智能(688579.SH),64104,907071.60,14.15,17188.63
2023-07-07,8872574.33,1019452.17,,,,,
,,,麒麟信安(688152.SH),9103,1013983.17,111.39,171934.53
,,,利元亨(688499.SH),14147,897344.21,63.43,45720.64
,,,和林微纳(688661.SH),12931,964652.60,74.6,122203.91
,,,海天瑞声(688787.SH),9520,883551.20,92.81,41287.54
,,,金橙子(688291.SH),24765,734529.90,29.66,-39915.70
,,,神工股份(688233.SH),25520,822509.60,32.23,8595.01
,,,当虹科技(688039.SH),23327,782854.12,33.56,-58849.86
,,,凌云光(688400.SH),28244,852686.36,30.19,10777.35
,,,上海谊众(688091.SH),11650,901011.00,77.34,61448.94
2023-07-06,9035011.40,9.85,,,,,
,,,光云科技(688365.SH),8485,117262.70,13.82,-8944.39
,,,凌云光(688400.SH),28244,852968.80,30.2,11059.79
,,,麒麟信安(688152.SH),9103,1026454.28,112.76,184405.64
,,,金橙子(688291.SH),24765,759294.90,30.66,-15150.70
,,,海天瑞声(688787.SH),9520,923059.20,96.96,80795.54
,,,当虹科技(688039.SH),23327,804081.69,34.47,-37622.29
,,,利元亨(688499.SH),14147,939502.27,66.41,87878.70
,,,振华新材(688707.SH),27957,918667.02,32.86,77747.27
,,,上海谊众(688091.SH),11650,897865.50,77.07,58303.44
,,,神工股份(688233.SH),25520,840373.60,32.93,26459.01
,,,和林微纳(688661.SH),12931,955471.59,73.89,113022.90
2023-07-05,8972291.99,9.85,,,,,
,,,和林微纳(688661.SH),12931,905557.93,70.03,63109.24
,,,当虹科技(688039.SH),23327,808513.82,34.66,-33190.16
,,,金橙子(688291.SH),24765,739978.20,29.88,-34467.40
,,,凌云光(688400.SH),28244,811732.56,28.74,-30176.45
,,,利元亨(688499.SH),14147,961854.53,67.99,110230.96
,,,麒麟信安(688152.SH),9103,1029549.30,113.1,187500.66
,,,光云科技(688365.SH),8485,117686.95,13.87,-8520.14
,,,振华新材(688707.SH),27957,929570.25,33.25,88650.50
,,,上海谊众(688091.SH),11650,899613.00,77.22,60050.94
,,,神工股份(688233.SH),25520,834504.00,32.7,20589.41
,,,海天瑞声(688787.SH),9520,933721.60,98.08,91457.94
2023-07-04,8944250.21,9.85,,,,,
,,,神工股份(688233.SH),25520,842160.00,33,28245.41
,,,振华新材(688707.SH),27957,925376.70,33.1,84456.95
,,,凌云光(688400.SH),28244,840541.44,29.76,-1367.57
,,,利元亨(688499.SH),14147,910783.86,64.38,59160.29
,,,当虹科技(688039.SH),23327,828575.04,35.52,-13128.94
,,,光云科技(688365.SH),8485,120487.00,14.2,-5720.09
,,,麒麟信安(688152.SH),9103,952264.83,104.61,110216.19
,,,海天瑞声(688787.SH),9520,870604.00,91.45,28340.34
,,,上海谊众(688091.SH),11650,916505.50,78.67,76943.44
,,,和林微纳(688661.SH),12931,976161.19,75.49,133712.50
,,,金橙子(688291.SH),24765,760780.80,30.72,-13664.80
2023-07-03,8725432.36,9.85,,,,,
,,,和林微纳(688661.SH),12931,919135.48,71.08,76686.79
,,,振华新材(688707.SH),27957,895742.28,32.04,54822.53
,,,金橙子(688291.SH),24765,755084.85,30.49,-19360.75
,,,海天瑞声(688787.SH),9520,843091.20,88.56,827.54
,,,当虹科技(688039.SH),23327,817611.35,35.05,-24092.63
,,,凌云光(688400.SH),28244,845342.92,29.93,3433.91
,,,麒麟信安(688152.SH),9103,921041.54,101.18,78992.90
,,,利元亨(688499.SH),14147,908520.34,64.22,56896.77
,,,光云科技(688365.SH),8485,119893.05,14.13,-6314.04
,,,上海谊众(688091.SH),11650,887147.50,76.15,47585.44
,,,神工股份(688233.SH),25520,812812.00,31.85,-1102.59
2023-06-30,8625099.96,813924.45,,,,,
,,,麒麟信安(688152.SH),9103,840024.84,92.28,-2023.80
,,,当虹科技(688039.SH),23327,836039.68,35.84,-5664.30
,,,和林微纳(688661.SH),12931,909049.30,70.3,66600.61
,,,上海谊众(688091.SH),11650,857789.50,73.63,18227.44
,,,海天瑞声(688787.SH),9520,841568.00,88.4,-695.66
,,,凌云光(688400.SH),28244,860877.12,30.48,18968.11
,,,光云科技(688365.SH),8485,122353.70,14.42,-3853.39
,,,振华新材(688707.SH),27957,860796.03,30.79,19876.28
,,,金橙子(688291.SH),24765,784059.90,31.66,9614.30
,,,利元亨(688499.SH),14147,898617.44,63.52,46993.87
2023-06-29,8491754.31,774456.73,,,,,
,,,振华新材(688707.SH),27957,828925.05,29.65,-11994.70
,,,和林微纳(688661.SH),12931,855385.65,66.15,12936.96
,,,麒麟信安(688152.SH),9103,838659.39,92.13,-3389.25
,,,上海谊众(688091.SH),11650,849285.00,72.9,9722.94
,,,耐科装备(688419.SH),19443,823799.91,42.37,-13782.75
,,,当虹科技(688039.SH),23327,841638.16,36.08,-65.82
,,,海天瑞声(688787.SH),9520,831857.60,87.38,-10406.06
,,,凌云光(688400.SH),28244,848167.32,30.03,6258.31
,,,利元亨(688499.SH),14147,873577.25,61.75,21953.68
,,,光云科技(688365.SH),8485,126002.25,14.85,-204.84
2023-06-28,8439547.36,4336592.76,,,,,
,,,振华新材(688707.SH),27957,827247.63,29.59,-13672.12
,,,利元亨(688499.SH),14147,866362.28,61.24,14738.71
,,,上海谊众(688091.SH),11650,827150.00,71,-12412.06
,,,耐科装备(688419.SH),19443,801051.60,41.2,-36531.06
,,,浩瀚深度(688292.SH),27573,781143.09,28.33,-70335.46
2023-06-27,8463333.11,2702214.20,,,,,
,,,振华新材(688707.SH),27957,837032.58,29.94,-3887.17
,,,和林微纳(688661.SH),11027,766376.50,69.5,-84876.94
,,,利元亨(688499.SH),14147,873294.31,61.73,21670.74
,,,当虹科技(688039.SH),16866,867418.38,51.43,29447.35
,,,耐科装备(688419.SH),19443,795801.99,40.93,-41780.67
,,,浩瀚深度(688292.SH),27573,814782.15,29.55,-36696.40
,,,上海谊众(688091.SH),11650,806413.00,69.22,-33149.06
2023-06-26,8360240.62,3540185.23,,,,,
,,,和林微纳(688661.SH),11027,782586.19,70.97,-68667.25
,,,浩瀚深度(688292.SH),27573,793275.21,28.77,-58203.34
,,,利元亨(688499.SH),14147,854478.80,60.4,2855.23
,,,上海谊众(688091.SH),11650,790569.00,67.86,-48993.06
,,,振华新材(688707.SH),27957,824731.50,29.5,-16188.25
,,,耐科装备(688419.SH),19443,774414.69,39.83,-63167.97
2023-06-21,8529623.95,4845419.26,,,,,
,,,上海谊众(688091.SH),11650,790802.00,67.88,-48760.06
,,,元琛科技(688659.SH),30398,489407.80,16.1,87231.08
,,,益方生物(688382.SH),56012,769604.88,13.74,-72508.04
,,,耐科装备(688419.SH),19443,797357.43,41.01,-40225.23
,,,振华新材(688707.SH),27957,837032.58,29.94,-3887.17
2023-06-20,8605998.13,4075058.84,,,,,
,,,振华新材(688707.SH),27957,833957.31,29.83,-6962.44
,,,罗普特(688619.SH),47681,775293.06,16.26,106223.33
,,,元琛科技(688659.SH),30398,461441.64,15.18,59264.92
,,,耐科装备(688419.SH),19443,853158.84,43.88,15576.18
,,,上海谊众(688091.SH),11650,816199.00,70.06,-23363.06
,,,益方生物(688382.SH),56012,790889.44,14.12,-51223.48
2023-06-19,8625633.42,4075058.84,,,,,
,,,元琛科技(688659.SH),30398,454754.08,14.96,52577.36
,,,上海谊众(688091.SH),11650,827732.50,71.05,-11829.56
,,,耐科装备(688419.SH),19443,848103.66,43.62,10521.00
,,,益方生物(688382.SH),56012,807693.04,14.42,-34419.88
,,,振华新材(688707.SH),27957,830322.90,29.7,-10596.85
,,,罗普特(688619.SH),47681,781968.40,16.4,112898.67
2023-06-16,8624857.35,3556741.61,,,,,
,,,罗普特(688619.SH),47681,765280.05,16.05,96210.32
,,,浩瀚深度(688292.SH),15749,518457.08,32.92,47264.28
,,,益方生物(688382.SH),56012,813854.36,14.53,-28258.56
,,,振华新材(688707.SH),27957,837312.15,29.95,-3607.60
,,,元琛科技(688659.SH),30398,466913.28,15.36,64736.56
,,,耐科装备(688419.SH),19443,830993.82,42.74,-6588.84
,,,上海谊众(688091.SH),11650,835305.00,71.7,-4257.06
2023-06-15,8593258.06,2650369.68,,,,,
,,,振华新材(688707.SH),27957,833677.74,29.82,-7242.01
,,,元琛科技(688659.SH),30398,493967.50,16.25,91790.78
,,,益方生物(688382.SH),56012,807132.92,14.41,-34980.00
,,,上海谊众(688091.SH),11650,818296.00,70.24,-21266.06
,,,浩瀚深度(688292.SH),15749,483336.81,30.69,12144.01
,,,欧科亿(688308.SH),16536,909314.64,54.99,74148.63
,,,耐科装备(688419.SH),19443,837604.44,43.08,21.78
,,,罗普特(688619.SH),47681,759558.33,15.93,90488.60
2023-06-14,8611326.49,2650369.68,,,,,
,,,耐科装备(688419.SH),19443,837410.01,43.07,-172.65
,,,益方生物(688382.SH),56012,813854.36,14.53,-28258.56
,,,欧科亿(688308.SH),16536,931307.52,56.32,96141.51
,,,元琛科技(688659.SH),30398,473600.84,15.58,71424.12
,,,罗普特(688619.SH),47681,772909.01,16.21,103839.28
,,,振华新材(688707.SH),27957,804882.03,28.79,-36037.72
,,,上海谊众(688091.SH),11650,823655.00,70.7,-15907.06
,,,浩瀚深度(688292.SH),15749,503338.04,31.96,32145.24
2023-06-13,8578115.06,1703655.20,,,,,
,,,振华新材(688707.SH),27957,821097.09,29.37,-19822.66
,,,青云科技(688316.SH),13473,926942.40,68.8,238103.56
,,,浩瀚深度(688292.SH),15749,511999.99,32.51,40807.19
,,,益方生物(688382.SH),56012,821696.04,14.67,-20416.88
,,,欧科亿(688308.SH),16536,880542.00,53.25,45375.99
,,,元琛科技(688659.SH),30398,474816.76,15.62,72640.04
,,,耐科装备(688419.SH),19443,844409.49,43.43,6826.83
,,,上海谊众(688091.SH),11650,835305.00,71.7,-4257.06
,,,罗普特(688619.SH),47681,757651.09,15.89,88581.36
2023-06-12,8450072.94,2545768.12,,,,,
,,,欧科亿(688308.SH),16536,844328.16,51.06,9162.15
,,,元琛科技(688659.SH),30398,479072.48,15.76,76895.76
,,,罗普特(688619.SH),47681,738101.88,15.48,69032.15
,,,耐科装备(688419.SH),19443,830216.10,42.7,-7366.56
,,,振华新材(688707.SH),27957,820817.52,29.36,-20102.23
,,,上海谊众(688091.SH),11650,850566.50,73.01,11004.44
,,,青云科技(688316.SH),13473,825894.90,61.3,137056.06
,,,浩瀚深度(688292.SH),15749,515307.28,32.72,44114.48
2023-06-09,8406569.28,2178749.13,,,,,
,,,罗普特(688619.SH),47681,755267.04,15.84,86197.31
,,,元琛科技(688659.SH),30398,470865.02,15.49,68688.30
,,,上海谊众(688091.SH),11650,877245.00,75.3,37682.94
,,,浩瀚深度(688292.SH),15749,537985.84,34.16,66793.04
,,,欧科亿(688308.SH),16536,802988.16,48.56,-32177.85
,,,禾川科技(688320.SH),10536,367917.12,34.92,28405.43
,,,青云科技(688316.SH),13473,786284.28,58.36,97445.44
,,,耐科装备(688419.SH),19443,815439.42,41.94,-22143.24
,,,振华新材(688707.SH),27957,813828.27,29.11,-27091.48
2023-06-08,8379923.97,2253644.95,,,,,
,,,振华新材(688707.SH),27957,810753.00,29,-30166.75
,,,浩瀚深度(688292.SH),15749,513574.89,32.61,42382.09
,,,青云科技(688316.SH),13473,817406.91,60.67,128568.07
,,,欧科亿(688308.SH),16536,802657.44,48.54,-32508.57
,,,耐科装备(688419.SH),19443,807273.36,41.52,-30309.30
,,,海优新材(688680.SH),7596,780413.04,102.74,-51056.70
,,,禾川科技(688320.SH),10536,364545.60,34.6,25033.91
,,,元琛科技(688659.SH),30398,477248.60,15.7,75071.88
,,,罗普特(688619.SH),47681,752406.18,15.78,83336.45
2023-06-07,8465638.75,1752200.43,,,,,
,,,欧科亿(688308.SH),16536,821839.20,49.7,-13326.81
,,,浩瀚深度(688292.SH),15749,542080.58,34.42,70887.78
,,,海优新材(688680.SH),7596,782463.96,103.01,-49005.78
,,,元琛科技(688659.SH),60797,1009230.20,16.6,204863.52
,,,耐科装备(688419.SH),19443,828466.23,42.61,-9116.43
,,,振华新材(688707.SH),27957,813548.70,29.1,-27371.05
,,,禾川科技(688320.SH),10536,386776.56,36.71,47264.87
,,,罗普特(688619.SH),47681,762419.19,15.99,93349.46
,,,青云科技(688316.SH),13473,766613.70,56.9,77774.86
2023-06-06,8403510.41,1821971.88,,,,,
,,,天德钰(688252.SH),34930,771953.00,22.1,-60243.26
,,,元琛科技(688659.SH),60797,985519.37,16.21,181152.69
,,,青云科技(688316.SH),13473,721479.15,53.55,32640.31
,,,耐科装备(688419.SH),19443,809800.95,41.65,-27781.71
,,,欧科亿(688308.SH),16536,822666.00,49.75,-12500.01
,,,浩瀚深度(688292.SH),15749,532788.67,33.83,61595.87
,,,禾川科技(688320.SH),10536,385406.88,36.58,45895.19
,,,罗普特(688619.SH),47681,739532.31,15.51,70462.58
,,,海优新材(688680.SH),7596,812392.20,106.95,-19077.54
2023-06-05,8605733.61,1821060.36,,,,,
,,,海优新材(688680.SH),7596,810493.20,106.7,-21888.06
,,,罗普特(688619.SH),47681,761942.38,15.98,92872.65
,,,青云科技(688316.SH),13473,747616.77,55.49,58777.93
,,,浩瀚深度(688292.SH),15749,554049.82,35.18,82857.02
,,,禾川科技(688320.SH),10536,407005.68,38.63,67493.99
,,,耐科装备(688419.SH),19443,845381.64,43.48,7798.98
,,,欧科亿(688308.SH),16536,861525.60,52.1,26359.59
,,,元琛科技(688659.SH),60797,989775.16,16.28,185408.48
,,,天德钰(688252.SH),34930,806883.00,23.1,-25313.26
2023-06-02,8538878.14,1821060.36,,,,,
,,,罗普特(688619.SH),47681,748591.70,15.7,79521.97
,,,天德钰(688252.SH),34930,802691.40,22.98,-29504.86
,,,青云科技(688316.SH),13473,738320.40,54.8,49481.56
,,,元琛科技(688659.SH),60797,944177.41,15.53,139810.73
,,,欧科亿(688308.SH),16536,875250.48,52.93,40084.47
,,,海优新材(688680.SH),7596,842168.52,110.87,9787.26
,,,耐科装备(688419.SH),19443,819522.45,42.15,-18060.21
,,,浩瀚深度(688292.SH),15749,538930.78,34.22,67737.98
,,,禾川科技(688320.SH),10536,408164.64,38.74,68652.95
2023-06-01,8421065.30,1821060.36,,,,,
,,,欧科亿(688308.SH),16536,852430.80,51.55,17264.79
,,,禾川科技(688320.SH),10536,417014.88,39.58,77503.19
,,,天德钰(688252.SH),34930,807581.60,23.12,-24614.66
,,,浩瀚深度(688292.SH),15749,546490.30,34.7,75297.50
,,,青云科技(688316.SH),13473,753679.62,55.94,64840.78
,,,元琛科技(688659.SH),60797,829271.08,13.64,24904.40
,,,罗普特(688619.SH),47681,753359.80,15.8,84290.07
,,,海优新材(688680.SH),7596,826292.88,108.78,-6088.38
,,,耐科装备(688419.SH),19443,813883.98,41.86,-23698.68
2023-05-31,8373499.71,2656226.37,,,,,
,,,天德钰(688252.SH),34930,818060.60,23.42,-14135.66
,,,元琛科技(688659.SH),60797,773945.81,12.73,-30420.87
,,,青云科技(688316.SH),13473,747212.58,55.46,58373.74
,,,耐科装备(688419.SH),19443,829438.38,42.66,-8144.28
,,,海优新材(688680.SH),7596,849004.92,111.77,16623.66
,,,禾川科技(688320.SH),10536,427024.08,40.53,87512.39
,,,浩瀚深度(688292.SH),15749,521134.41,33.09,49941.61
,,,罗普特(688619.SH),47681,751452.56,15.76,82382.83
2023-05-30,8356563.53,3492234.13,,,,,
,,,罗普特(688619.SH),47681,728088.87,15.27,59019.14
,,,元琛科技(688659.SH),60797,809816.04,13.32,5449.36
,,,浩瀚深度(688292.SH),15749,516567.20,32.8,43799.50
,,,青云科技(688316.SH),13473,724443.21,53.77,35604.37
,,,天德钰(688252.SH),34930,832731.20,23.84,534.94
,,,禾川科技(688320.SH),10536,411957.60,39.1,72445.91
,,,海优新材(688680.SH),7596,840725.28,110.68,8344.02
2023-05-29,8323809.05,5025607.71,,,,,
,,,禾川科技(688320.SH),10536,415223.76,39.41,75712.07
,,,浩瀚深度(688292.SH),15749,503810.51,31.99,31042.81
,,,罗普特(688619.SH),47681,717122.24,15.04,48052.51
,,,元琛科技(688659.SH),60797,804344.31,13.23,-22.37
,,,青云科技(688316.SH),13473,724847.40,53.8,36008.56
,,,云从科技(688327.SH),5063,132853.12,26.24,-39634.16
2023-05-26,8386149.94,2064728.12,,,,,
,,,浩瀚深度(688292.SH),15749,514992.30,32.7,42224.60
,,,博汇科技(688004.SH),20380,770771.60,37.82,56647.66
,,,禾川科技(688320.SH),21072,838876.32,39.81,159852.94
,,,罗普特(688619.SH),47681,737625.07,15.47,68555.34
,,,元琛科技(688659.SH),60797,831094.99,13.67,26728.31
,,,思特威(688213.SH),7931,451353.21,56.91,69789.40
,,,圣诺生物(688117.SH),12568,478589.44,38.08,96902.95
,,,云从科技(688327.SH),5063,166066.40,32.8,-6420.88
,,,青云科技(688316.SH),13473,693994.23,51.51,5155.39
,,,必易微(688045.SH),12961,838058.26,64.66,82902.01
2023-05-25,8275913.67,17.23,,,,,
,,,圣诺生物(688117.SH),25136,975779.52,38.82,212406.54
,,,罗普特(688619.SH),47681,717599.05,15.05,48529.32
,,,浩瀚深度(688292.SH),15749,490266.37,31.13,17498.67
,,,必易微(688045.SH),12961,816543.00,63,61386.75
,,,云从科技(688327.SH),5063,164648.76,32.52,-7838.52
,,,青云科技(688316.SH),13473,661659.03,49.11,-27179.81
,,,思特威(688213.SH),7931,454842.85,57.35,73279.04
,,,博汇科技(688004.SH),20380,712688.60,34.97,-1435.34
,,,元琛科技(688659.SH),60797,865141.31,14.23,60774.63
,,,禾川科技(688320.SH),21072,840140.64,39.87,161117.26
,,,五矿新能(688779.SH),68257,791098.63,11.59,31702.87
,,,南网科技(688248.SH),18932,785488.68,41.49,26466.48
2023-05-24,8189230.90,17.23,,,,,
,,,思特威(688213.SH),7931,458966.97,57.87,77403.16
,,,浩瀚深度(688292.SH),15749,500975.69,31.81,28207.99
,,,南网科技(688248.SH),18932,772614.92,40.81,13592.72
,,,元琛科技(688659.SH),60797,831702.96,13.68,27336.28
,,,云从科技(688327.SH),5063,171990.11,33.97,-497.17
,,,圣诺生物(688117.SH),25136,942851.36,37.51,179478.38
,,,必易微(688045.SH),12961,794509.30,61.3,39353.05
,,,青云科技(688316.SH),13473,663545.25,49.25,-25293.59
,,,禾川科技(688320.SH),21072,811482.72,38.51,132459.34
,,,博汇科技(688004.SH),20380,723490.00,35.5,9366.06
,,,罗普特(688619.SH),47681,721890.34,15.14,52820.61
,,,五矿新能(688779.SH),68257,795194.05,11.65,35798.29
2023-05-23,8113054.78,976871.19,,,,,
,,,必易微(688045.SH),12961,809544.06,62.46,54387.81
,,,思特威(688213.SH),7931,459046.28,57.88,77482.47
,,,罗普特(688619.SH),47681,699957.08,14.68,30887.35
,,,圣诺生物(688117.SH),25136,949135.36,37.76,185762.38
,,,禾川科技(688320.SH),21072,816329.28,38.74,137305.90
,,,五矿新能(688779.SH),68257,800654.61,11.73,41258.85
,,,浩瀚深度(688292.SH),15749,481919.40,30.6,9151.70
,,,南网科技(688248.SH),18932,767881.92,40.56,8859.72
,,,青云科技(688316.SH),13473,662871.60,49.2,-25967.24
,,,博汇科技(688004.SH),20380,688844.00,33.8,-25279.94
2023-05-22,8221757.02,976871.19,,,,,
,,,罗普特(688619.SH),47681,703294.75,14.75,34225.02
,,,南网科技(688248.SH),18932,791357.60,41.8,32335.40
,,,思特威(688213.SH),7931,485377.20,61.2,103813.39
,,,五矿新能(688779.SH),68257,813623.44,11.92,54227.68
,,,青云科技(688316.SH),13473,680386.50,50.5,-8452.34
,,,必易微(688045.SH),12961,809414.45,62.45,54258.20
,,,博汇科技(688004.SH),20380,727566.00,35.7,13442.06
,,,圣诺生物(688117.SH),25136,918218.08,36.53,154845.10
,,,禾川科技(688320.SH),21072,822861.60,39.05,143838.22
,,,浩瀚深度(688292.SH),15749,492786.21,31.29,20018.51
2023-05-19,8091675.93,669072.71,,,,,
,,,恒烁股份(688416.SH),13068,943509.60,72.2,225735.68
,,,圣诺生物(688117.SH),25136,922491.20,36.7,159118.22
,,,南网科技(688248.SH),18932,754440.20,39.85,-4582.00
,,,禾川科技(688320.SH),21072,812325.60,38.55,133302.22
,,,青云科技(688316.SH),13473,695206.80,51.6,6367.96
,,,五矿新能(688779.SH),68257,819084.00,12,59688.24
,,,浩瀚深度(688292.SH),15749,498928.32,31.68,26160.62
,,,博汇科技(688004.SH),20380,701072.00,34.4,-13051.94
,,,必易微(688045.SH),12961,789454.51,60.91,34298.26
,,,思特威(688213.SH),7931,486090.99,61.29,104527.18
2023-05-18,7827612.82,10.98,,,,,
,,,罗普特(688619.SH),503,6780.44,13.48,-1102.17
,,,青云科技(688316.SH),13473,692646.93,51.41,3808.09
,,,浩瀚深度(688292.SH),15749,498455.85,31.65,25688.15
,,,圣诺生物(688117.SH),25136,878000.48,34.93,114627.50
,,,利元亨(688499.SH),7414,669335.92,90.28,-50807.78
,,,南网科技(688248.SH),18932,761066.40,40.2,2044.20
,,,禾川科技(688320.SH),21072,762174.24,36.17,83150.86
,,,恒烁股份(688416.SH),13068,786301.56,60.17,68527.64
,,,思特威(688213.SH),7931,470625.54,59.34,89061.73
,,,五矿新能(688779.SH),68257,806797.74,11.82,47401.98
,,,必易微(688045.SH),12961,761329.14,58.74,6172.89
,,,博汇科技(688004.SH),20380,734087.60,36.02,19963.66
2023-05-17,7666988.02,472778.68,,,,,
,,,博汇科技(688004.SH),20380,689047.80,33.81,-25076.14
,,,禾川科技(688320.SH),21072,713919.36,33.88,34895.98
,,,思特威(688213.SH),7931,471894.50,59.5,90330.69
,,,利元亨(688499.SH),7414,674674.00,91,-45469.70
,,,恒烁股份(688416.SH),13068,768006.36,58.77,50232.44
,,,五矿新能(688779.SH),68257,801337.18,11.74,41941.42
,,,必易微(688045.SH),12961,771827.55,59.55,16671.30
,,,圣诺生物(688117.SH),25136,839542.40,33.4,76169.42
,,,青云科技(688316.SH),13473,672437.43,49.91,-16401.41
,,,南网科技(688248.SH),18932,783595.48,41.39,24573.28
,,,罗普特(688619.SH),503,7927.28,15.76,44.67
2023-05-16,7522677.77,9.15,,,,,
,,,必易微(688045.SH),12961,730222.74,56.34,-24933.51
,,,南网科技(688248.SH),18932,778862.48,41.14,19840.28
,,,博汇科技(688004.SH),20380,660719.60,32.42,-53404.34
,,,利元亨(688499.SH),7414,676898.20,91.3,-43245.50
,,,禾川科技(688320.SH),21072,688632.96,32.68,9609.58
,,,恒烁股份(688416.SH),13068,751148.64,57.48,33374.72
,,,思特威(688213.SH),15863,948607.40,59.8,185431.67
,,,五矿新能(688779.SH),68257,802019.75,11.75,42623.99
,,,罗普特(688619.SH),503,7635.54,15.18,-247.07
,,,圣诺生物(688117.SH),25136,837280.16,33.31,73907.18
,,,青云科技(688316.SH),13473,640641.15,47.55,-48197.69
2023-05-15,7524682.38,9.15,,,,,
,,,思特威(688213.SH),15863,917198.66,57.82,154022.93
,,,罗普特(688619.SH),503,7791.47,15.49,-91.14
,,,圣诺生物(688117.SH),25136,859148.48,34.18,95775.50
,,,南网科技(688248.SH),18932,757090.68,39.99,-1931.52
,,,五矿新能(688779.SH),68257,806797.74,11.82,47401.98
,,,必易微(688045.SH),12961,723223.80,55.8,-31932.45
,,,利元亨(688499.SH),7414,680086.22,91.73,-40057.48
,,,禾川科技(688320.SH),21072,695797.44,33.02,16774.06
,,,恒烁股份(688416.SH),13068,720046.80,55.1,2272.88
,,,青云科技(688316.SH),13473,670685.94,49.78,-18152.90
,,,博汇科技(688004.SH),20380,686806.00,33.7,-27317.94
2023-05-12,7387181.53,688847.99,,,,,
,,,五矿新能(688779.SH),68257,773351.81,11.33,13956.05
,,,必易微(688045.SH),12961,730093.13,56.33,-25063.12
,,,罗普特(688619.SH),503,7841.77,15.59,-40.84
,,,圣诺生物(688117.SH),25136,788767.68,31.38,25394.70
,,,思特威(688213.SH),15863,902763.33,56.91,139587.60
,,,博汇科技(688004.SH),20380,690474.40,33.88,-23649.54
,,,南网科技(688248.SH),18932,719416.00,38,-39606.20
,,,恒烁股份(688416.SH),13068,741739.68,56.76,23965.76
,,,禾川科技(688320.SH),21072,673882.56,31.98,-5140.82
,,,利元亨(688499.SH),7414,670003.18,90.37,-50140.52
2023-05-11,7465069.83,26.63,,,,,
,,,圣诺生物(688117.SH),25136,796308.48,31.68,32935.50
,,,禾川科技(688320.SH),21072,693690.24,32.92,14666.86
,,,必易微(688045.SH),12961,735536.75,56.75,-19619.50
,,,恒烁股份(688416.SH),13068,727887.60,55.7,10113.68
,,,利元亨(688499.SH),7414,678455.14,91.51,-41688.56
,,,思特威(688213.SH),15863,925764.68,58.36,162588.95
,,,罗普特(688619.SH),503,7866.92,15.64,-15.69
,,,南网科技(688248.SH),18932,739294.60,39.05,-19727.60
,,,博汇科技(688004.SH),20380,691085.80,33.91,-23038.14
,,,聚辰股份(688123.SH),10851,690340.62,63.62,-63581.19
,,,五矿新能(688779.SH),68257,778812.37,11.41,19416.61
2023-05-10,7411903.17,679050.01,,,,,
,,,聚辰股份(688123.SH),10851,698261.85,64.35,-55659.96
,,,思特威(688213.SH),15863,905618.67,57.09,142442.94
,,,罗普特(688619.SH),503,7811.59,15.53,-71.02
,,,必易微(688045.SH),12961,716613.69,55.29,-38542.56
,,,圣诺生物(688117.SH),25136,794297.60,31.6,30924.62
,,,恒烁股份(688416.SH),13068,712206.00,54.5,-5567.92
,,,五矿新能(688779.SH),68257,764478.40,11.2,5082.64
,,,南网科技(688248.SH),18932,743270.32,39.26,-15751.88
,,,利元亨(688499.SH),7414,686981.24,92.66,-33162.46
,,,博汇科技(688004.SH),20380,703313.80,34.51,-10810.14
2023-05-09,7336784.72,41.97,,,,,
,,,必易微(688045.SH),12961,718298.62,55.42,-36857.63
,,,五矿新能(688779.SH),68257,749461.86,10.98,-9933.90
,,,聚辰股份(688123.SH),10851,701734.17,64.67,-52187.64
,,,思特威(688213.SH),15863,868657.88,54.76,105482.15
,,,圣诺生物(688117.SH),25136,802843.84,31.94,39470.86
,,,欧科亿(688308.SH),13560,686136.00,50.6,-73068.22
,,,利元亨(688499.SH),7414,672375.66,90.69,-47768.04
,,,罗普特(688619.SH),503,7685.84,15.28,-196.77
,,,恒烁股份(688416.SH),13068,703842.48,53.86,-13931.44
,,,南网科技(688248.SH),18932,736454.80,38.9,-22567.40
,,,博汇科技(688004.SH),20380,689251.60,33.82,-24872.34
2023-05-08,7537398.62,717815.89,,,,,
,,,聚辰股份(688123.SH),10851,728427.63,67.13,-25494.18
,,,博汇科技(688004.SH),20380,726750.80,35.66,12626.86
,,,圣诺生物(688117.SH),25136,813903.68,32.38,50530.70
,,,必易微(688045.SH),12961,749145.80,57.8,-6010.45
,,,利元亨(688499.SH),7414,689502.00,93,-30641.70
,,,五矿新能(688779.SH),68257,757652.70,11.1,-1743.06
,,,南网科技(688248.SH),18932,760687.76,40.18,1665.56
,,,思特威(688213.SH),15863,862154.05,54.35,98978.32
,,,欧科亿(688308.SH),13560,723426.00,53.35,-35778.22
,,,罗普特(688619.SH),503,7932.31,15.77,49.70
2023-05-05,7441432.09,1.21,,,,,
,,,英集芯(688209.SH),42464,713819.84,16.81,-63782.29
,,,罗普特(688619.SH),503,7937.34,15.78,54.73
,,,聚辰股份(688123.SH),10851,730272.30,67.3,-23649.51
,,,欧科亿(688308.SH),13560,722341.20,53.27,-36863.02
,,,博汇科技(688004.SH),20380,702294.80,34.46,-11829.14
,,,五矿新能(688779.SH),68257,749461.86,10.98,-9933.90
,,,思特威(688213.SH),15863,810282.04,51.08,47106.31
,,,圣诺生物(688117.SH),25136,777707.84,30.94,14334.86
,,,南网科技(688248.SH),18932,764852.80,40.4,5830.60
,,,必易微(688045.SH),12961,771179.50,59.5,16023.25
,,,利元亨(688499.SH),7414,691281.36,93.24,-28862.34
2023-05-04,7545892.45,761805.63,,,,,
,,,必易微(688045.SH),12961,780252.20,60.2,25095.95
,,,利元亨(688499.SH),7414,714338.90,96.35,-5804.80
,,,南网科技(688248.SH),18932,792493.52,41.86,33471.32
,,,博汇科技(688004.SH),20380,699441.60,34.32,-14682.34
,,,五矿新能(688779.SH),68257,761065.55,11.15,1669.79
,,,圣诺生物(688117.SH),25136,772680.64,30.74,9307.66
,,,欧科亿(688308.SH),13560,721392.00,53.2,-37812.22
,,,思特威(688213.SH),15863,808219.85,50.95,45044.12
,,,英集芯(688209.SH),42464,734202.56,17.29,-43399.57
2023-04-28,7678075.61,720183.77,,,,,
,,,南网科技(688248.SH),18932,787760.52,41.61,28738.32
,,,五矿新能(688779.SH),68257,759017.84,11.12,-377.92
,,,英诺特(688253.SH),28391,769112.19,27.09,1360.78
,,,欧科亿(688308.SH),13560,754614.00,55.65,-4590.22
,,,思特威(688213.SH),15863,805999.03,50.81,42823.30
,,,博汇科技(688004.SH),20380,733883.80,36.01,19759.86
,,,必易微(688045.SH),12961,781548.30,60.3,26392.05
,,,圣诺生物(688117.SH),25136,800330.24,31.84,36957.26
,,,英集芯(688209.SH),42464,765625.92,18.03,-11976.21
2023-04-27,7644514.48,714137.17,,,,,
,,,必易微(688045.SH),12961,748627.36,57.76,-6528.89
,,,圣诺生物(688117.SH),25136,794297.60,31.6,30924.62
,,,英诺特(688253.SH),28391,749806.31,26.41,-17945.10
,,,高铁电气(688285.SH),73207,775994.20,10.6,-1785.25
,,,五矿新能(688779.SH),68257,749461.86,10.98,-9933.90
,,,南网科技(688248.SH),18932,806881.84,42.62,47859.64
,,,英集芯(688209.SH),42464,747366.40,17.6,-30235.73
,,,思特威(688213.SH),15863,796005.34,50.18,32829.61
,,,欧科亿(688308.SH),13560,761936.40,56.19,2732.18
2023-04-26,7625764.36,2281722.47,,,,,
,,,五矿新能(688779.SH),68257,766526.11,11.23,7130.35
,,,英诺特(688253.SH),28391,749238.49,26.39,-18512.92
,,,欧科亿(688308.SH),13560,764106.00,56.35,4901.78
,,,南网科技(688248.SH),18932,848342.92,44.81,89320.72
,,,传音控股(688036.SH),7417,708323.50,95.5,-68833.50
,,,高铁电气(688285.SH),73207,750371.75,10.25,-27407.70
,,,英集芯(688209.SH),42464,757133.12,17.83,-20469.01
2023-04-25,7590054.37,2398740.12,,,,,
,,,传音控股(688036.SH),7417,755718.13,101.89,-21438.87
,,,英集芯(688209.SH),42464,763502.72,17.98,-14099.41
,,,禾川科技(688320.SH),22000,707960.00,32.18,-74616.26
,,,英诺特(688253.SH),28391,726809.60,25.6,-40941.81
,,,国力电子(688103.SH),11367,727488.00,64,-89514.85
,,,必易微(688045.SH),12981,730181.25,56.25,-47217.88
,,,高铁电气(688285.SH),73207,779654.55,10.65,1875.10
2023-04-24,7797859.19,5508677.83,,,,,
,,,英诺特(688253.SH),28391,780468.59,27.49,12717.18
,,,国力电子(688103.SH),11367,765112.77,67.31,-51890.08
,,,禾川科技(688320.SH),22000,743600.00,33.8,-38976.26
2023-04-21,7821061.12,3218326.70,,,,,
,,,禾川科技(688320.SH),22000,752400.00,34.2,-30176.26
,,,英诺特(688253.SH),28391,750374.13,26.43,-17377.28
,,,国力电子(688103.SH),11367,770227.92,67.76,-46774.93
,,,理工导航(688282.SH),14797,885896.39,59.87,153539.54
,,,赛微微电(688325.SH),15604,739629.60,47.4,-68640.36
,,,晶华微(688130.SH),15154,704206.38,46.47,-112954.47
2023-04-20,7806735.00,3346232.80,,,,,
,,,英集芯(688209.SH),30794,653140.74,21.21,-114776.60
,,,国力电子(688103.SH),11367,770682.60,67.8,-46320.25
,,,英诺特(688253.SH),28391,727945.24,25.64,-39806.17
,,,晶华微(688130.SH),15154,777400.20,51.3,-39760.65
,,,理工导航(688282.SH),14797,756126.70,51.1,23769.85
,,,赛微微电(688325.SH),15604,775206.72,49.68,-33063.24
2023-04-19,7917464.86,2561310.16,,,,,
,,,赛微微电(688325.SH),15604,789874.48,50.62,-18395.48
,,,理工导航(688282.SH),14797,742513.46,50.18,10156.61
,,,英诺特(688253.SH),28391,743560.29,26.19,-24191.12
,,,国力电子(688103.SH),11367,762271.02,67.06,-54731.83
,,,晶华微(688130.SH),15154,786947.22,51.93,-30213.63
,,,宣泰医药(688247.SH),49843,791008.41,15.87,68120.94
,,,英集芯(688209.SH),30794,739979.82,24.03,-27937.52
2023-04-18,7936124.72,1841851.00,,,,,
,,,理工导航(688282.SH),14797,729492.10,49.3,-2864.75
,,,国力电子(688103.SH),11367,761589.00,67,-55413.85
,,,赛微微电(688325.SH),15604,770993.64,49.41,-37276.32
,,,气派科技(688216.SH),23776,724692.48,30.48,-60767.36
,,,宣泰医药(688247.SH),49843,799481.72,16.04,76594.25
,,,晶华微(688130.SH),15154,795888.08,52.52,-21272.77
,,,英诺特(688253.SH),28391,758607.52,26.72,-9143.89
,,,英集芯(688209.SH),30794,753529.18,24.47,-14388.16
2023-04-17,8086590.08,2650120.95,,,,,
,,,气派科技(688216.SH),23776,754650.24,31.74,-30809.60
,,,英集芯(688209.SH),30794,781243.78,25.37,13326.44
,,,宣泰医药(688247.SH),49843,806459.74,16.18,83572.27
,,,英诺特(688253.SH),28391,762582.26,26.86,-5169.15
,,,理工导航(688282.SH),14797,740145.94,50.02,7789.09
,,,国力电子(688103.SH),11367,784436.67,69.01,-32566.18
,,,晶华微(688130.SH),15154,806950.50,53.25,-10210.35
2023-04-14,8206703.21,4284284.65,,,,,
,,,英诺特(688253.SH),28391,776493.85,27.35,8742.44
,,,气派科技(688216.SH),23776,771055.68,32.43,-14404.16
,,,英集芯(688209.SH),30794,803723.40,26.1,35806.06
,,,宣泰医药(688247.SH),49843,837362.40,16.8,114474.93
,,,理工导航(688282.SH),14797,733783.23,49.59,1426.38
2023-04-13,8146574.71,3529086.60,,,,,
,,,气派科技(688216.SH),23776,731349.76,30.76,-54110.08
,,,宣泰医药(688247.SH),49843,855804.31,17.17,132916.84
,,,英集芯(688209.SH),30794,773545.28,25.12,5627.94
,,,芯导科技(688230.SH),10547,750419.05,71.15,25336.02
,,,英诺特(688253.SH),28391,777913.40,27.4,10161.99
,,,理工导航(688282.SH),14797,728456.31,49.23,-3900.54
2023-04-12,8129510.47,3529086.60,,,,,
,,,芯导科技(688230.SH),10547,782165.52,74.16,57082.49
,,,宣泰医药(688247.SH),49843,713253.33,14.31,-9634.14
,,,理工导航(688282.SH),14797,745028.95,50.35,12672.10
,,,气派科技(688216.SH),23776,767489.28,32.28,-17970.56
,,,英集芯(688209.SH),30794,815425.12,26.48,47507.78
,,,英诺特(688253.SH),28391,777061.67,27.37,9310.26
2023-04-11,8102664.72,3529086.60,,,,,
,,,英集芯(688209.SH),30794,825587.14,26.81,57669.80
,,,气派科技(688216.SH),23776,741335.68,31.18,-44124.16
,,,宣泰医药(688247.SH),49843,731196.81,14.67,8309.34
,,,芯导科技(688230.SH),10547,774782.62,73.46,49699.59
,,,英诺特(688253.SH),28391,769112.19,27.09,1360.78
,,,理工导航(688282.SH),14797,731563.68,49.44,-793.17
2023-04-10,8091038.15,3042579.81,,,,,
,,,英诺特(688253.SH),28391,792108.90,27.9,24357.49
,,,恒烁股份(688416.SH),7226,471135.20,65.2,109003.99
,,,气派科技(688216.SH),23776,743713.28,31.28,-41746.56
,,,理工导航(688282.SH),14797,714695.10,48.3,-17661.75
,,,芯导科技(688230.SH),10547,763075.45,72.35,37992.42
,,,英集芯(688209.SH),30794,817580.70,26.55,49663.36
,,,宣泰医药(688247.SH),49843,746149.71,14.97,23262.24
2023-04-07,7976880.59,1172238.64,,,,,
,,,凌云光(688400.SH),24377,883910.02,36.26,163134.11
,,,英集芯(688209.SH),30794,789866.10,25.65,21948.76
,,,恒烁股份(688416.SH),7226,431392.20,59.7,69260.99
,,,英诺特(688253.SH),28391,795515.82,28.02,27764.41
,,,汇成股份(688403.SH),58943,862336.09,14.63,142167.90
,,,芯导科技(688230.SH),10547,793556.28,75.24,68473.25
,,,气派科技(688216.SH),23776,772244.48,32.48,-13215.36
,,,理工导航(688282.SH),14797,726680.67,49.11,-5676.18
,,,宣泰医药(688247.SH),49843,749140.29,15.03,26252.82
2023-04-06,7813774.09,1957698.48,,,,,
,,,芯导科技(688230.SH),10547,806423.62,76.46,81340.59
,,,汇成股份(688403.SH),58943,818718.27,13.89,98550.08
,,,宣泰医药(688247.SH),49843,722723.50,14.5,-163.97
,,,恒烁股份(688416.SH),7226,425466.88,58.88,63335.67
,,,英诺特(688253.SH),28391,763433.99,26.89,-4317.42
,,,英集芯(688209.SH),30794,786786.70,25.55,18869.36
,,,理工导航(688282.SH),14797,729788.04,49.32,-2568.81
,,,凌云光(688400.SH),24377,802734.61,32.93,81958.70
2023-04-04,7717250.48,1439110.13,,,,,
,,,恒烁股份(688416.SH),7226,419035.74,57.99,56904.53
,,,宣泰医药(688247.SH),49843,709265.89,14.23,-13621.58
,,,英诺特(688253.SH),28391,761446.62,26.82,-6304.79
,,,芯导科技(688230.SH),10547,781743.64,74.12,56660.61
,,,传音控股(688036.SH),4196,503394.12,119.97,141413.54
,,,英集芯(688209.SH),30794,773237.34,25.11,5320.00
,,,汇成股份(688403.SH),58943,809287.39,13.73,89119.20
,,,理工导航(688282.SH),14797,713363.37,48.21,-18993.48
,,,凌云光(688400.SH),24377,807366.24,33.12,86590.33
2023-04-03,7673085.04,2974778.88,,,,,
,,,传音控股(688036.SH),4196,472301.76,112.56,110321.18
,,,恒烁股份(688416.SH),7226,427634.68,59.18,65503.47
,,,芯导科技(688230.SH),10547,769509.12,72.96,44426.09
,,,宣泰医药(688247.SH),49843,714250.19,14.33,-8637.28
,,,理工导航(688282.SH),14797,717654.50,48.5,-14702.35
,,,汇成股份(688403.SH),58943,822254.85,13.95,102086.66
,,,凌云光(688400.SH),24377,774701.06,31.78,53925.15
2023-03-31,7521498.74,2525363.29,,,,,
,,,理工导航(688282.SH),14797,703153.44,47.52,-29203.41
,,,宣泰医药(688247.SH),49843,723720.36,14.52,832.89
,,,恒烁股份(688416.SH),14452,848621.44,58.72,124359.03
,,,芯导科技(688230.SH),10547,749153.41,71.03,24070.38
,,,凌云光(688400.SH),24377,742279.65,30.45,21503.74
,,,汇成股份(688403.SH),58943,804571.95,13.65,84403.76
,,,传音控股(688036.SH),4196,424635.20,101.2,62654.62
2023-03-30,7439948.33,2525363.29,,,,,
,,,凌云光(688400.SH),24377,727409.68,29.84,6633.77
,,,汇成股份(688403.SH),58943,747397.24,12.68,27229.05
,,,宣泰医药(688247.SH),49843,704780.02,14.14,-18107.45
,,,传音控股(688036.SH),4196,411627.60,98.1,49647.02
,,,恒烁股份(688416.SH),14452,852668.00,59,128405.59
,,,理工导航(688282.SH),14797,713955.25,48.25,-18401.60
,,,芯导科技(688230.SH),10547,756747.25,71.75,31664.22
2023-03-29,7377281.41,2525363.29,,,,,
,,,传音控股(688036.SH),4196,423879.92,101.02,61899.34
,,,理工导航(688282.SH),14797,711439.76,48.08,-20917.09
,,,汇成股份(688403.SH),58943,732072.06,12.42,11903.87
,,,宣泰医药(688247.SH),49843,727707.80,14.6,4820.33
,,,凌云光(688400.SH),24377,755687.00,31,34911.09
,,,恒烁股份(688416.SH),14452,778240.20,53.85,53977.79
,,,芯导科技(688230.SH),10547,722891.38,68.54,-2191.65
2023-03-28,7304817.03,2525363.29,,,,,
,,,凌云光(688400.SH),24377,734235.24,30.12,13459.33
,,,传音控股(688036.SH),4196,414816.56,98.86,52835.98
,,,恒烁股份(688416.SH),14452,754827.96,52.23,30565.55
,,,芯导科技(688230.SH),10547,715192.07,67.81,-9890.96
,,,宣泰医药(688247.SH),49843,716243.91,14.37,-6643.56
,,,理工导航(688282.SH),14797,720317.96,48.68,-12038.89
,,,汇成股份(688403.SH),58943,723820.04,12.28,3651.85
2023-03-27,7455647.65,1858133.24,,,,,
,,,传音控股(688036.SH),4196,444314.44,105.89,82333.86
,,,思瑞浦(688536.SH),2755,669520.10,243.02,-53425.84
,,,理工导航(688282.SH),14797,724165.18,48.94,-8191.67
,,,凌云光(688400.SH),24377,766656.65,31.45,45880.74
,,,宣泰医药(688247.SH),49843,730199.95,14.65,7312.48
,,,汇成股份(688403.SH),58943,740324.08,12.56,20155.89
,,,恒烁股份(688416.SH),14452,788790.16,54.58,64527.75
,,,芯导科技(688230.SH),10547,733543.85,69.55,8460.82
2023-03-24,7514092.03,1391821.94,,,,,
,,,芯导科技(688230.SH),10547,751473.75,71.25,26390.72
,,,理工导航(688282.SH),14797,731859.62,49.46,-497.23
,,,思瑞浦(688536.SH),2755,702525.00,255,-20420.94
,,,宣泰医药(688247.SH),49843,714250.19,14.33,-8637.28
,,,传音控股(688036.SH),8392,915986.80,109.15,192025.64
,,,汇成股份(688403.SH),58943,758596.41,12.87,38428.22
,,,凌云光(688400.SH),24377,769338.12,31.56,48562.21
,,,恒烁股份(688416.SH),14452,778240.20,53.85,53977.79
2023-03-23,7592837.72,1391821.94,,,,,
,,,恒烁股份(688416.SH),14452,794860.00,55,70597.59
,,,思瑞浦(688536.SH),2755,724096.65,262.83,1150.71
,,,宣泰医药(688247.SH),49843,716742.34,14.38,-6145.13
,,,传音控股(688036.SH),8392,904321.92,107.76,180360.76
,,,凌云光(688400.SH),24377,802247.07,32.91,81471.16
,,,汇成股份(688403.SH),58943,756828.12,12.84,36659.93
,,,理工导航(688282.SH),14797,733043.38,49.54,686.53
,,,芯导科技(688230.SH),10547,768876.30,72.9,43793.27
2023-03-22,7322594.50,2124178.80,,,,,
,,,传音控股(688036.SH),8392,772903.20,92.1,48942.04
,,,凌云光(688400.SH),24377,750811.60,30.8,30035.69
,,,思瑞浦(688536.SH),2755,713241.95,258.89,-9703.99
,,,宣泰医药(688247.SH),49843,722225.07,14.49,-662.40
,,,恒烁股份(688416.SH),14452,754105.36,52.18,29842.95
,,,汇成股份(688403.SH),58943,742092.37,12.59,21924.18
,,,芯导科技(688230.SH),10547,743036.15,70.45,17953.12
2023-03-21,7252579.67,2124178.80,,,,,
,,,汇成股份(688403.SH),58943,733840.35,12.45,13672.16
,,,凌云光(688400.SH),24377,753736.84,30.92,32960.93
,,,宣泰医药(688247.SH),49843,718736.06,14.42,-4151.41
,,,恒烁股份(688416.SH),14452,720576.72,49.86,-3685.69
,,,传音控股(688036.SH),8392,755280.00,90,31318.84
,,,思瑞浦(688536.SH),2755,713214.40,258.88,-9731.54
,,,芯导科技(688230.SH),10547,733016.50,69.5,7933.47
2023-03-20,7240491.47,3570012.21,,,,,
,,,传音控股(688036.SH),8392,764007.68,91.04,40046.52
,,,芯导科技(688230.SH),10547,719938.22,68.26,-5144.81
,,,汇成股份(688403.SH),58943,737376.93,12.51,17208.74
,,,恒烁股份(688416.SH),14452,732716.40,50.7,8453.99
,,,凌云光(688400.SH),24377,716440.03,29.39,-4335.88
2023-03-17,7216407.35,4294274.62,,,,,
,,,芯导科技(688230.SH),10547,712871.73,67.59,-12211.30
,,,凌云光(688400.SH),24377,723265.59,29.67,2489.68
,,,传音控股(688036.SH),8392,758049.36,90.33,34088.20
,,,汇成股份(688403.SH),58943,727946.05,12.35,7777.86
2023-03-16,7148711.96,4294274.62,,,,,
,,,传音控股(688036.SH),8392,746888.00,89,22926.84
,,,芯导科技(688230.SH),10547,698000.46,66.18,-27082.57
,,,凌云光(688400.SH),24377,678655.68,27.84,-42120.23
,,,汇成股份(688403.SH),58943,730893.20,12.4,10725.01
2023-03-15,7220723.07,4294274.62,,,,,
,,,传音控股(688036.SH),8392,761154.40,90.7,37193.24
,,,芯导科技(688230.SH),10547,716246.77,67.91,-8836.26
,,,凌云光(688400.SH),24377,704007.76,28.88,-16768.15
,,,汇成股份(688403.SH),58943,745039.52,12.64,24871.33
2023-03-14,7233835.57,5019357.65,,,,,
,,,凌云光(688400.SH),24377,718146.42,29.46,-2629.49
,,,传音控股(688036.SH),8392,764259.44,91.07,40298.28
,,,汇成股份(688403.SH),58943,732072.06,12.42,11903.87
2023-03-13,7212665.06,5071955.70,,,,,
,,,传音控股(688036.SH),8392,745209.60,88.8,21248.44
,,,诺唯赞(688105.SH),13794,675216.30,48.95,-48560.90
,,,汇成股份(688403.SH),58943,720283.46,12.22,115.27
2023-03-10,7190685.43,5071955.70,,,,,
,,,传音控股(688036.SH),8392,695528.96,82.88,-28432.20
,,,汇成股份(688403.SH),58943,722051.75,12.25,1883.56
,,,诺唯赞(688105.SH),13794,701149.02,50.83,-22628.18
2023-03-09,7204482.56,5792123.88,,,,,
,,,诺唯赞(688105.SH),13794,712046.28,51.62,-11730.92
,,,传音控股(688036.SH),8392,700312.40,83.45,-23648.76
2023-03-08,7210868.26,5792123.88,,,,,
,,,传音控股(688036.SH),8392,703249.60,83.8,-20711.56
,,,诺唯赞(688105.SH),13794,715494.78,51.87,-8282.42
2023-03-07,7239862.24,7239862.24,,,,,
2023-03-06,7239862.24,7239862.24,,,,,
2023-03-03,7239862.24,7239862.24,,,,,
2023-03-02,7239862.24,7239862.24,,,,,
2023-03-01,7235847.46,6856350.02,,,,,
,,,益方生物(688382.SH),22972,379497.44,16.52,36657.43
2023-02-28,7258360.02,6856350.02,,,,,
,,,益方生物(688382.SH),22972,402010.00,17.5,59169.99
2023-02-27,7258589.74,6856350.02,,,,,
,,,益方生物(688382.SH),22972,402239.72,17.51,59399.71
2023-02-24,7267548.82,6856350.02,,,,,
,,,益方生物(688382.SH),22972,411198.80,17.9,68358.79
2023-02-23,7272143.22,6856350.02,,,,,
,,,益方生物(688382.SH),22972,415793.20,18.1,72953.19
2023-02-22,7283169.78,6856350.02,,,,,
,,,益方生物(688382.SH),22972,426819.76,18.58,83979.75
2023-02-21,7262035.54,6856350.02,,,,,
,,,益方生物(688382.SH),22972,405685.52,17.66,62845.51
2023-02-20,7260657.22,6856350.02,,,,,
,,,益方生物(688382.SH),22972,404307.20,17.6,61467.19
2023-02-17,7256981.70,6856350.02,,,,,
,,,益方生物(688382.SH),22972,400631.68,17.44,57791.67
2023-02-16,7262003.51,6037656.59,,,,,
,,,纽威数控(688697.SH),28256,823944.96,29.16,145656.87
,,,益方生物(688382.SH),22972,400401.96,17.43,57561.95
2023-02-15,7281789.43,6037656.59,,,,,
,,,纽威数控(688697.SH),28256,832704.32,29.47,154416.23
,,,益方生物(688382.SH),22972,411428.52,17.91,68588.51
2023-02-14,7281265.51,6037656.59,,,,,
,,,益方生物(688382.SH),22972,421076.76,18.33,78236.75
,,,纽威数控(688697.SH),28256,822532.16,29.11,144244.07
2023-02-13,7288377.87,6037656.59,,,,,
,,,纽威数控(688697.SH),28256,837225.28,29.63,158937.19
,,,益方生物(688382.SH),22972,413496.00,18,70655.99
2023-02-10,7234633.54,5284892.62,,,,,
,,,益方生物(688382.SH),22972,412347.40,17.95,69507.39
,,,柏楚电子(688188.SH),3285,755550.00,230,96544.62
,,,纽威数控(688697.SH),28256,781843.52,27.67,103555.43
2023-02-09,7279558.65,4868208.49,,,,,
,,,益方生物(688382.SH),22972,433251.92,18.86,90411.91
,,,柏楚电子(688188.SH),3285,750622.50,228.5,91617.12
,,,优利德(688628.SH),9635,421049.50,43.7,90774.41
,,,纽威数控(688697.SH),28256,806426.24,28.54,128138.15
2023-02-08,7294311.73,4868208.49,,,,,
,,,纽威数控(688697.SH),28256,813207.68,28.78,134919.59
,,,柏楚电子(688188.SH),3285,760477.50,231.5,101472.12
,,,益方生物(688382.SH),22972,438305.76,19.08,95465.75
,,,优利德(688628.SH),9635,414112.30,42.98,83837.21
2023-02-07,7321942.42,4868208.49,,,,,
,,,柏楚电子(688188.SH),3285,766883.25,233.45,107877.87
,,,优利德(688628.SH),9635,418544.40,43.44,88269.31
,,,益方生物(688382.SH),22972,435319.40,18.95,92479.39
,,,纽威数控(688697.SH),28256,832986.88,29.48,154698.79
2023-02-06,7264925.68,4430928.07,,,,,
,,,优利德(688628.SH),19271,860257.44,44.64,199672.99
,,,益方生物(688382.SH),22972,428427.80,18.65,85587.79
,,,柏楚电子(688188.SH),3285,752166.45,228.97,93161.07
,,,纽威数控(688697.SH),28256,793145.92,28.07,114857.83
2023-02-03,7202885.77,3997273.05,,,,,
,,,柏楚电子(688188.SH),3285,755550.00,230,96544.62
,,,优利德(688628.SH),19271,775465.04,40.24,114880.59
,,,益方生物(688382.SH),45944,878908.72,19.13,193228.71
,,,纽威数控(688697.SH),28256,795688.96,28.16,117400.87
2023-02-02,7129400.86,3997273.05,,,,,
,,,益方生物(688382.SH),45944,831586.40,18.1,145906.39
,,,纽威数控(688697.SH),28256,797101.76,28.21,118813.67
,,,优利德(688628.SH),19271,754459.65,39.15,93875.20
,,,柏楚电子(688188.SH),3285,748980.00,228,89974.62
2023-02-01,6984618.38,3997273.05,,,,,
,,,优利德(688628.SH),19271,768334.77,39.87,107750.32
,,,柏楚电子(688188.SH),3285,711399.60,216.56,52394.22
,,,纽威数控(688697.SH),28256,734373.44,25.99,56085.35
,,,益方生物(688382.SH),45944,773237.52,16.83,87557.51
2023-01-31,6877533.28,3997273.05,,,,,
,,,纽威数控(688697.SH),28256,740589.76,26.21,62301.67
,,,柏楚电子(688188.SH),3285,696452.85,212.01,37447.47
,,,益方生物(688382.SH),45944,697429.92,15.18,11749.91
,,,优利德(688628.SH),19271,745787.70,38.7,85203.25
2023-01-30,6863691.24,4682953.06,,,,,
,,,优利德(688628.SH),19271,757543.01,39.31,96958.56
,,,纽威数控(688697.SH),28256,715441.92,25.32,37153.83
,,,柏楚电子(688188.SH),3285,707753.25,215.45,48747.87
2023-01-20,6889232.05,2971931.88,,,,,
,,,优利德(688628.SH),19271,766793.09,39.79,106208.64
,,,博力威(688345.SH),11493,628437.24,54.68,-6744.73
,,,广大特材(688186.SH),25204,680508.00,27,38853.60
,,,纽威数控(688697.SH),28256,740307.20,26.2,62019.11
,,,芯源微(688037.SH),2044,381839.64,186.81,77586.84
,,,柏楚电子(688188.SH),3285,719415.00,219,60409.62
2023-01-19,6906598.77,2971931.88,,,,,
,,,优利德(688628.SH),19271,782402.60,40.6,121818.15
,,,博力威(688345.SH),11493,641194.47,55.79,6012.50
,,,芯源微(688037.SH),2044,394737.28,193.12,90484.48
,,,柏楚电子(688188.SH),3285,698588.10,212.66,39582.72
,,,纽威数控(688697.SH),28256,744545.60,26.35,66257.51
,,,广大特材(688186.SH),25204,673198.84,26.71,31544.44
2023-01-18,6856165.88,2971931.88,,,,,
,,,广大特材(688186.SH),25204,665133.56,26.39,23479.16
,,,芯源微(688037.SH),2044,377220.20,184.55,72967.40
,,,柏楚电子(688188.SH),3285,677334.15,206.19,18328.77
,,,优利德(688628.SH),19271,781053.63,40.53,120469.18
,,,纽威数控(688697.SH),28256,724483.84,25.64,46195.75
,,,博力威(688345.SH),11493,659008.62,57.34,23826.65
2023-01-17,6792042.12,3269269.77,,,,,
,,,博力威(688345.SH),11493,650273.94,56.58,15091.97
,,,广大特材(688186.SH),25204,662865.20,26.3,21210.80
,,,优利德(688628.SH),19271,769298.32,39.92,108713.87
,,,柏楚电子(688188.SH),3285,677695.50,206.3,18690.12
,,,芯源微(688037.SH),4089,762639.39,186.51,153984.94
2023-01-16,6736383.09,3269269.77,,,,,
,,,优利德(688628.SH),19271,769298.32,39.92,108713.87
,,,广大特材(688186.SH),25204,674207.00,26.75,32552.60
,,,博力威(688345.SH),11493,641309.40,55.8,6127.43
,,,芯源微(688037.SH),4089,715575.00,175,106920.55
,,,柏楚电子(688188.SH),3285,666723.60,202.96,7718.22
2023-01-13,6658926.79,3269269.77,,,,,
,,,柏楚电子(688188.SH),3285,644451.30,196.18,-14554.08
,,,广大特材(688186.SH),25204,676727.40,26.85,35073.00
,,,芯源微(688037.SH),4089,667733.70,163.3,59079.25
,,,博力威(688345.SH),11493,627977.52,54.64,-7204.45
,,,优利德(688628.SH),19271,772767.10,40.1,112182.65
2023-01-12,6621168.43,3269269.77,,,,,
,,,芯源微(688037.SH),4089,646307.34,158.06,37652.89
,,,博力威(688345.SH),11493,635562.90,55.3,380.93
,,,优利德(688628.SH),19271,717266.62,37.22,56682.17
,,,广大特材(688186.SH),25204,695630.40,27.6,53976.00
,,,柏楚电子(688188.SH),3285,657131.40,200.04,-1873.98
2023-01-11,6567309.46,3928275.15,,,,,
,,,广大特材(688186.SH),25204,686809.00,27.25,45154.60
,,,优利德(688628.SH),19271,667740.15,34.65,7155.70
,,,芯源微(688037.SH),4089,653749.32,159.88,45094.87
,,,博力威(688345.SH),11493,630735.84,54.88,-4446.13
2023-01-10,6566488.47,4588859.60,,,,,
,,,芯源微(688037.SH),4089,643322.37,157.33,34667.92
,,,博力威(688345.SH),11493,634643.46,55.22,-538.51
,,,广大特材(688186.SH),25204,699663.04,27.76,58008.64
2023-01-09,6546340.20,4588859.60,,,,,
,,,广大特材(688186.SH),25204,701931.40,27.85,60277.00
,,,芯源微(688037.SH),4089,618951.93,151.37,10297.48
,,,博力威(688345.SH),11493,636597.27,55.39,1415.30
2023-01-06,6499582.54,4588859.60,,,,,
,,,广大特材(688186.SH),25204,655304.00,26,13649.60
,,,芯源微(688037.SH),4089,622959.15,152.35,14304.70
,,,博力威(688345.SH),11493,632459.79,55.03,-2722.18
2023-01-05,6497618.76,4182079.10,,,,,
,,,南网科技(688248.SH),6406,411905.80,64.3,108269.12
,,,博力威(688345.SH),11493,627977.52,54.64,-7204.45
,,,芯源微(688037.SH),4089,627661.50,153.5,19007.05
,,,广大特材(688186.SH),25204,647994.84,25.71,6340.44
2023-01-04,6459957.77,4182079.10,,,,,
,,,南网科技(688248.SH),6406,399926.58,62.43,96289.90
,,,博力威(688345.SH),11493,606830.40,52.8,-28351.57
,,,广大特材(688186.SH),25204,638921.40,25.35,-2733.00
,,,芯源微(688037.SH),4089,632200.29,154.61,23545.84
2023-01-03,6503558.42,3783726.63,,,,,
,,,广大特材(688186.SH),25204,646230.56,25.64,4576.16
,,,南网科技(688248.SH),12812,797931.36,62.28,190657.99
,,,芯源微(688037.SH),4089,655507.59,160.31,46853.14
,,,博力威(688345.SH),11493,620162.28,53.96,-15019.69
2022-12-30,6371219.32,3783726.63,,,,,
,,,芯源微(688037.SH),4089,639928.50,156.5,31274.05
,,,南网科技(688248.SH),12812,731565.20,57.1,124291.83
,,,博力威(688345.SH),11493,603037.71,52.47,-32144.26
,,,广大特材(688186.SH),25204,612961.28,24.32,-28693.12
2022-12-29,6405936.97,4005483.99,,,,,
,,,南网科技(688248.SH),12812,730924.60,57.05,123651.23
,,,博力威(688345.SH),11493,601198.83,52.31,-33983.14
,,,芯源微(688037.SH),4089,647043.36,158.24,38388.91
,,,三孚新科(688359.SH),5597,421286.19,75.27,117623.58
2022-12-28,6429016.33,3613632.81,,,,,
,,,南网科技(688248.SH),12812,759751.60,59.3,152478.23
,,,三孚新科(688359.SH),11195,779172.00,69.6,171792.52
,,,博力威(688345.SH),11493,623610.18,54.26,-11571.79
,,,芯源微(688037.SH),4089,652849.74,159.66,44195.29
2022-12-27,6353010.75,4248814.78,,,,,
,,,芯源微(688037.SH),4089,653544.87,159.83,44890.42
,,,三孚新科(688359.SH),11195,708195.70,63.26,100816.22
,,,南网科技(688248.SH),12812,742455.40,57.95,135182.03
2022-12-26,6319364.68,4248814.78,,,,,
,,,南网科技(688248.SH),12812,691719.88,53.99,84446.51
,,,芯源微(688037.SH),4089,653953.77,159.93,45299.32
,,,三孚新科(688359.SH),11195,724876.25,64.75,117496.77
2022-12-23,6085250.90,4857469.23,,,,,
,,,南网科技(688248.SH),12812,597167.32,46.61,-10106.05
,,,三孚新科(688359.SH),11195,630614.35,56.33,23234.87
2022-12-22,6076643.46,5433520.56,,,,,
,,,和辉光电(688538.SH),240870,643122.90,2.67,934.67
2022-12-21,6082520.31,4269687.39,,,,,
,,,和辉光电(688538.SH),240870,647940.30,2.69,5752.07
,,,中信博(688408.SH),7334,582759.64,79.46,-47945.23
,,,莱特光电(688150.SH),29731,582132.98,19.58,-49614.28
2022-12-20,6127051.27,3702626.11,,,,,
,,,同益中(688722.SH),31433,568622.97,18.09,-64633.86
,,,莱特光电(688150.SH),29731,606215.09,20.39,-25532.17
,,,和辉光电(688538.SH),240870,655166.40,2.72,12978.17
,,,中信博(688408.SH),7334,594420.70,81.05,-36284.17
2022-12-19,6122497.28,3702626.11,,,,,
,,,中信博(688408.SH),7334,587966.78,80.17,-42738.09
,,,和辉光电(688538.SH),240870,652757.70,2.71,10569.47
,,,莱特光电(688150.SH),29731,591349.59,19.89,-40397.67
,,,同益中(688722.SH),31433,587797.10,18.7,-45459.73
2022-12-16,6155505.97,3702626.11,,,,,
,,,莱特光电(688150.SH),29731,596701.17,20.07,-35046.09
,,,中信博(688408.SH),7334,596767.58,81.37,-33937.29
,,,同益中(688722.SH),31433,599427.31,19.07,-33829.52
,,,和辉光电(688538.SH),240870,659983.80,2.74,17795.57
2022-12-15,6244841.01,3702626.11,,,,,
,,,莱特光电(688150.SH),29731,621377.90,20.9,-10369.36
,,,和辉光电(688538.SH),240870,655166.40,2.72,12978.17
,,,中信博(688408.SH),7334,630724.00,86,19.13
,,,同益中(688722.SH),31433,634946.60,20.2,1689.77
2022-12-14,6229598.47,3702626.11,,,,,
,,,和辉光电(688538.SH),240870,657575.10,2.73,15386.87
,,,莱特光电(688150.SH),29731,623161.76,20.96,-8585.50
,,,中信博(688408.SH),7334,611288.90,83.35,-19415.97
,,,同益中(688722.SH),31433,634946.60,20.2,1689.77
2022-12-13,6220323.46,3702626.11,,,,,
,,,同益中(688722.SH),31433,628345.67,19.99,-4911.16
,,,莱特光电(688150.SH),29731,626134.86,21.06,-5612.40
,,,和辉光电(688538.SH),240870,657575.10,2.73,15386.87
,,,中信博(688408.SH),7334,605641.72,82.58,-25063.15
2022-12-12,6283001.08,3702626.11,,,,,
,,,和辉光电(688538.SH),240870,659983.80,2.74,17795.57
,,,同益中(688722.SH),31433,647834.13,20.61,14577.30
,,,中信博(688408.SH),7334,635124.40,86.6,4419.53
,,,莱特光电(688150.SH),29731,637432.64,21.44,5685.38
2022-12-09,6322876.95,3113800.44,,,,,
,,,莱特光电(688150.SH),29731,643973.46,21.66,12226.20
,,,同益中(688722.SH),31433,655378.05,20.85,22121.22
,,,中信博(688408.SH),7334,645098.64,87.96,14393.77
,,,奕瑞科技(688301.SH),1401,602233.86,429.86,-33879.22
,,,和辉光电(688538.SH),240870,662392.50,2.75,20204.27
2022-12-08,6362398.56,3749913.53,,,,,
,,,莱特光电(688150.SH),29731,626134.86,21.06,-5612.40
,,,和辉光电(688538.SH),240870,659983.80,2.74,17795.57
,,,同益中(688722.SH),31433,668579.91,21.27,35323.08
,,,中信博(688408.SH),7334,657786.46,89.69,27081.59
2022-12-07,6338349.54,3749913.53,,,,,
,,,和辉光电(688538.SH),240870,655166.40,2.72,12978.17
,,,中信博(688408.SH),7334,637911.32,86.98,7206.45
,,,莱特光电(688150.SH),29731,647838.49,21.79,16091.23
,,,同益中(688722.SH),31433,647519.80,20.6,14262.97
2022-12-06,6348080.02,3749913.53,,,,,
,,,同益中(688722.SH),31433,639975.88,20.36,6719.05
,,,莱特光电(688150.SH),29731,650811.59,21.89,19064.33
,,,和辉光电(688538.SH),240870,655166.40,2.72,12978.17
,,,中信博(688408.SH),7334,652212.62,88.93,21507.75
2022-12-05,6335599.03,4383170.35,,,,,
,,,中信博(688408.SH),7334,640771.58,87.37,10066.71
,,,莱特光电(688150.SH),29731,654082.00,22,22334.74
,,,和辉光电(688538.SH),240870,657575.10,2.73,15386.87
2022-12-02,6341604.22,4383170.35,,,,,
,,,中信博(688408.SH),7334,671574.38,91.57,40869.51
,,,和辉光电(688538.SH),240870,647940.30,2.69,5752.07
,,,莱特光电(688150.SH),29731,638919.19,21.49,7171.93
2022-12-01,6306014.24,4383170.35,,,,,
,,,中信博(688408.SH),7334,640771.58,87.37,10066.71
,,,莱特光电(688150.SH),29731,636540.71,21.41,4793.45
,,,和辉光电(688538.SH),240870,645531.60,2.68,3343.37
2022-11-30,6288781.87,5013875.22,,,,,
,,,和辉光电(688538.SH),240870,643122.90,2.67,934.67
,,,莱特光电(688150.SH),29731,631783.75,21.25,36.49
2022-11-29,6306766.27,3828325.71,,,,,
,,,莱特光电(688150.SH),29731,639811.12,21.52,8063.86
,,,珠海冠宇(688772.SH),26274,596419.80,22.7,65254.02
,,,和辉光电(688538.SH),240870,650349.00,2.7,8160.77
,,,奥普特(688686.SH),4161,591860.64,142.24,58027.32
2022-11-28,6292994.01,3273803.04,,,,,
,,,菱电电控(688667.SH),6190,560195.00,90.5,-46952.00
,,,珠海冠宇(688772.SH),26274,591165.00,22.5,59999.22
,,,莱特光电(688150.SH),29731,642486.91,21.61,10739.65
,,,奥普特(688686.SH),4161,589447.26,141.66,55613.94
,,,和辉光电(688538.SH),240870,635896.80,2.64,-6291.43
2022-11-25,6382809.91,2816800.37,,,,,
,,,和林微纳(688661.SH),9385,590410.35,62.91,-52906.42
,,,江苏北人(688218.SH),29734,518560.96,17.44,-55731.40
,,,和辉光电(688538.SH),240870,650349.00,2.7,8160.77
,,,珠海冠宇(688772.SH),26274,620854.62,23.63,89688.84
,,,菱电电控(688667.SH),6190,578703.10,93.49,-28443.90
,,,奥普特(688686.SH),4161,607131.51,145.91,73298.19
2022-11-24,6481616.35,2816800.37,,,,,
,,,和辉光电(688538.SH),240870,635896.80,2.64,-6291.43
,,,珠海冠宇(688772.SH),26274,657638.22,25.03,126472.44
,,,奥普特(688686.SH),4161,628935.15,151.15,95101.83
,,,江苏北人(688218.SH),29734,539374.76,18.14,-34917.60
,,,和林微纳(688661.SH),9385,607678.75,64.75,-35638.02
,,,菱电电控(688667.SH),6190,595292.30,96.17,-11854.70
2022-11-23,6444969.63,2816800.37,,,,,
,,,和辉光电(688538.SH),240870,640714.20,2.66,-1474.03
,,,和林微纳(688661.SH),9385,611245.05,65.13,-32071.72
,,,江苏北人(688218.SH),29734,531346.58,17.87,-42945.78
,,,珠海冠宇(688772.SH),26274,608243.10,23.15,77077.32
,,,奥普特(688686.SH),4161,642999.33,154.53,109166.01
,,,菱电电控(688667.SH),6190,593621.00,95.9,-13526.00
2022-11-22,6426286.20,3458988.60,,,,,
,,,江苏北人(688218.SH),29734,535212.00,18,-39080.36
,,,珠海冠宇(688772.SH),26274,578816.22,22.03,47650.44
,,,和林微纳(688661.SH),9385,621380.85,66.21,-21935.92
,,,奥普特(688686.SH),4161,634677.33,152.53,100844.01
,,,菱电电控(688667.SH),6190,597211.20,96.48,-9935.80
2022-11-21,6501537.52,3458988.60,,,,,
,,,江苏北人(688218.SH),29734,566432.70,19.05,-7859.66
,,,和林微纳(688661.SH),9385,647565.00,69,4248.23
,,,奥普特(688686.SH),4161,642874.50,154.5,109041.18
,,,珠海冠宇(688772.SH),26274,572247.72,21.78,41081.94
,,,菱电电控(688667.SH),6190,613429.00,99.1,6282.00
2022-11-18,6424574.15,2878262.13,,,,,
,,,菱电电控(688667.SH),6190,602906.00,97.4,-4241.00
,,,和林微纳(688661.SH),9385,648034.25,69.05,4717.48
,,,四方光电(688665.SH),1527,171955.47,112.61,47050.30
,,,明志科技(688355.SH),10297,403642.40,39.2,104342.41
,,,奥普特(688686.SH),4161,612832.08,147.28,78998.76
,,,珠海冠宇(688772.SH),26274,564891.00,21.5,33725.22
,,,江苏北人(688218.SH),29734,542050.82,18.23,-32241.54
2022-11-17,6426296.86,2878262.13,,,,,
,,,菱电电控(688667.SH),6190,621166.50,100.35,14019.50
,,,奥普特(688686.SH),4161,606673.80,145.8,72840.48
,,,珠海冠宇(688772.SH),26274,555432.36,21.14,24266.58
,,,明志科技(688355.SH),10297,364513.80,35.4,65213.81
,,,江苏北人(688218.SH),29734,561377.92,18.88,-12914.44
,,,和林微纳(688661.SH),9385,674030.70,71.82,30713.93
,,,四方光电(688665.SH),1527,164839.65,107.95,39934.48
2022-11-16,6432216.76,2012639.51,,,,,
,,,明志科技(688355.SH),20595,743273.55,36.09,144644.51
,,,安路科技(688107.SH),4796,335720.00,70,71717.71
,,,珠海冠宇(688772.SH),26274,556220.58,21.17,25054.80
,,,菱电电控(688667.SH),6190,620423.70,100.23,13276.70
,,,四方光电(688665.SH),3054,326869.62,107.03,77059.29
,,,江苏北人(688218.SH),29734,563161.96,18.94,-11130.40
,,,和林微纳(688661.SH),9385,659577.80,70.28,16261.03
,,,奥普特(688686.SH),4161,614330.04,147.64,80496.72
2022-11-15,6401644.05,2003400.53,,,,,
,,,恒玄科技(688608.SH),1516,221108.60,145.85,71742.96
,,,四方光电(688665.SH),3054,303628.68,99.42,53818.35
,,,江苏北人(688218.SH),29734,572379.50,19.25,-1912.86
,,,菱电电控(688667.SH),6190,624571.00,100.9,17424.00
,,,明志科技(688355.SH),20595,724120.20,35.16,125491.16
,,,安路科技(688107.SH),4796,334377.12,69.72,70374.83
,,,珠海冠宇(688772.SH),26274,570934.02,21.73,39768.24
,,,奥普特(688686.SH),4161,620987.64,149.24,87154.32
,,,创耀科技(688259.SH),4801,426136.76,88.76,115374.88
2022-11-14,6037356.01,2003400.53,,,,,
,,,奥普特(688686.SH),4161,564938.97,135.77,31105.65
,,,恒玄科技(688608.SH),1516,189166.48,124.78,39800.84
,,,安路科技(688107.SH),4796,311835.92,65.02,47833.63
,,,四方光电(688665.SH),3054,305400.00,100,55589.67
,,,菱电电控(688667.SH),6190,600430.00,97,-6717.00
,,,珠海冠宇(688772.SH),26274,538091.52,20.48,6925.74
,,,江苏北人(688218.SH),29734,542050.82,18.23,-32241.54
,,,创耀科技(688259.SH),4801,355129.97,73.97,44368.09
,,,明志科技(688355.SH),20595,626911.80,30.44,28282.76
2022-11-11,5986109.35,2157265.15,,,,,
,,,安路科技(688107.SH),4796,298263.24,62.19,34260.95
,,,皓元医药(688131.SH),1920,246528.00,128.4,59128.26
,,,四方光电(688665.SH),3054,262369.14,85.91,12558.81
,,,芳源股份(688148.SH),10976,191860.48,17.48,28051.85
,,,菱电电控(688667.SH),6190,599811.00,96.9,-7336.00
,,,奥普特(688686.SH),4161,580501.11,139.51,46667.79
,,,恒玄科技(688608.SH),1516,180813.32,119.27,31447.68
,,,创耀科技(688259.SH),4801,372797.65,77.65,62035.77
,,,珠海冠宇(688772.SH),26274,549389.34,20.91,18223.56
,,,江苏北人(688218.SH),29734,546510.92,18.38,-27781.44
2022-11-10,5948322.26,1980529.44,,,,,
,,,芳源股份(688148.SH),10976,188238.40,17.15,24429.77
,,,江苏北人(688218.SH),29734,557215.16,18.74,-17077.20
,,,奥普特(688686.SH),4161,588365.40,141.4,54532.08
,,,恒玄科技(688608.SH),1516,171641.52,113.22,22275.88
,,,安路科技(688107.SH),4796,312555.32,65.17,48553.03
,,,皓元医药(688131.SH),1920,226368.00,117.9,38968.26
,,,安集科技(688019.SH),1126,234241.78,208.03,34311.98
,,,珠海冠宇(688772.SH),26274,540456.18,20.57,9290.40
,,,四方光电(688665.SH),3054,262033.20,85.8,12222.87
,,,创耀科技(688259.SH),4801,359402.86,74.86,48640.98
,,,力芯微(688601.SH),8050,527275.00,65.5,51393.70
2022-11-09,6081534.24,1682834.00,,,,,
,,,江苏北人(688218.SH),29734,581597.04,19.56,7304.68
,,,芳源股份(688148.SH),10976,198555.84,18.09,34747.21
,,,珠海冠宇(688772.SH),26274,557271.54,21.21,26105.76
,,,创耀科技(688259.SH),4801,352777.48,73.48,42015.60
,,,安集科技(688019.SH),1126,250884.06,222.81,50954.26
,,,恒玄科技(688608.SH),1516,175431.52,115.72,26065.88
,,,皓元医药(688131.SH),1920,232032.00,120.85,44632.26
,,,奥普特(688686.SH),4161,608005.32,146.12,74172.00
,,,力芯微(688601.SH),8050,539913.50,67.07,64032.20
,,,四方光电(688665.SH),3054,269912.52,88.38,20102.19
,,,安路科技(688107.SH),4796,328334.16,68.46,64331.87
,,,明微电子(688699.SH),5526,303985.26,55.01,61943.50
2022-11-08,6120548.82,1474739.90,,,,,
,,,明微电子(688699.SH),5526,307245.60,55.6,65203.84
,,,恒玄科技(688608.SH),1516,180237.24,118.89,30871.60
,,,珠海冠宇(688772.SH),26274,572510.46,21.79,41344.68
,,,创耀科技(688259.SH),4801,355658.08,74.08,44896.20
,,,安集科技(688019.SH),1126,249735.54,221.79,49805.74
,,,江苏北人(688218.SH),29734,568811.42,19.13,-5480.94
,,,奥普特(688686.SH),4161,609503.28,146.48,75669.96
,,,四方光电(688665.SH),3054,279105.06,91.39,29294.73
,,,力芯微(688601.SH),8050,544260.50,67.61,68379.20
,,,安路科技(688107.SH),4796,319605.44,66.64,55603.15
,,,皓元医药(688131.SH),1920,231052.80,120.34,43653.06
,,,芳源股份(688148.SH),21953,428083.50,19.5,100451.31
2022-11-07,6114946.88,1172260.60,,,,,
,,,创耀科技(688259.SH),4801,360555.10,75.1,49793.22
,,,恒玄科技(688608.SH),1516,187589.84,123.74,38224.20
,,,珠海冠宇(688772.SH),26274,577502.52,21.98,46336.74
,,,奥普特(688686.SH),4161,617450.79,148.39,83617.47
,,,四方光电(688665.SH),3054,259284.60,84.9,9474.27
,,,皓元医药(688131.SH),1920,233702.40,121.72,46302.66
,,,海优新材(688680.SH),1686,303210.24,179.84,80653.20
,,,安集科技(688019.SH),1126,260106.00,231,60176.20
,,,江苏北人(688218.SH),29734,580110.34,19.51,5817.98
,,,力芯微(688601.SH),8050,550217.50,68.35,74336.20
,,,芳源股份(688148.SH),21953,387470.45,17.65,59838.26
,,,明微电子(688699.SH),5526,314705.70,56.95,72663.94
,,,安路科技(688107.SH),4796,310780.80,64.8,46778.51
2022-11-04,6144823.07,983385.46,,,,,
,,,安路科技(688107.SH),4796,343153.80,71.55,79151.51
,,,创耀科技(688259.SH),4801,342599.36,71.36,31837.48
,,,明微电子(688699.SH),5526,321336.90,58.15,79295.14
,,,江苏北人(688218.SH),29734,596166.70,20.05,21874.34
,,,安集科技(688019.SH),1126,260669.00,231.5,60739.20
,,,奥普特(688686.SH),4161,619198.41,148.81,85365.09
,,,力芯微(688601.SH),8050,559475.00,69.5,83593.70
,,,皓元医药(688131.SH),1920,231840.00,120.75,44440.26
,,,海优新材(688680.SH),1686,294459.90,174.65,71902.86
,,,珠海冠宇(688772.SH),26274,585384.72,22.28,54218.94
,,,恒玄科技(688608.SH),3032,377180.80,124.4,78449.52
,,,芳源股份(688148.SH),21953,367054.16,16.72,39421.97
,,,四方光电(688665.SH),3054,262918.86,86.09,13108.53
2022-11-03,6019586.55,61534.46,,,,,
,,,恒玄科技(688608.SH),3032,362536.24,119.57,63804.96
,,,明微电子(688699.SH),11052,627201.00,56.75,143117.47
,,,皓元医药(688131.SH),1920,232032.00,120.85,44632.26
,,,安路科技(688107.SH),4796,351930.48,73.38,87928.19
,,,奥普特(688686.SH),4161,589447.26,141.66,55613.94
,,,安集科技(688019.SH),1126,266670.58,236.83,66740.78
,,,海优新材(688680.SH),3373,555634.29,164.73,110388.21
,,,力芯微(688601.SH),8050,546595.00,67.9,70713.70
,,,盛美上海(688082.SH),3379,327323.73,96.87,89369.01
,,,江苏北人(688218.SH),29734,579813.00,19.5,5520.64
,,,创耀科技(688259.SH),4801,338518.51,70.51,27756.63
,,,珠海冠宇(688772.SH),26274,570145.80,21.7,38980.02
,,,四方光电(688665.SH),3054,259834.32,85.08,10023.99
,,,芳源股份(688148.SH),21953,350369.88,15.96,22737.69
2022-11-02,5794463.18,635826.83,,,,,
,,,明微电子(688699.SH),11052,586308.60,53.05,102225.07
,,,盛美上海(688082.SH),3379,307455.21,90.99,69500.49
,,,奥普特(688686.SH),4161,584495.67,140.47,50662.35
,,,安集科技(688019.SH),1126,248846.00,221,48916.20
,,,恒玄科技(688608.SH),3032,349983.76,115.43,51252.48
,,,皓元医药(688131.SH),1920,221548.80,115.39,34149.06
,,,芳源股份(688148.SH),21953,339173.85,15.45,11541.66
,,,珠海冠宇(688772.SH),26274,565416.48,21.52,34250.70
,,,四方光电(688665.SH),3054,253756.86,83.09,3946.53
,,,安路科技(688107.SH),4796,333369.96,69.51,69367.67
,,,创耀科技(688259.SH),4801,318594.36,66.36,7832.48
,,,力芯微(688601.SH),8050,519788.50,64.57,43907.20
,,,海优新材(688680.SH),3373,529898.30,157.1,84652.22
2022-11-01,5605921.89,249838.38,,,,,
,,,芳源股份(688148.SH),21953,326441.11,14.87,-1191.08
,,,力芯微(688601.SH),8050,506184.00,62.88,30302.70
,,,奥普特(688686.SH),4161,549168.78,131.98,15335.46
,,,海优新材(688680.SH),3373,490299.28,145.36,45053.20
,,,明微电子(688699.SH),11052,560336.40,50.7,76252.87
,,,创耀科技(688259.SH),4801,312113.01,65.01,1351.13
,,,恒玄科技(688608.SH),3032,341221.28,112.54,42490.00
,,,皓元医药(688131.SH),1920,216000.00,112.5,28600.26
,,,珠海冠宇(688772.SH),26274,541244.40,20.6,10078.62
,,,安路科技(688107.SH),9593,669975.12,69.84,141915.49
,,,盛美上海(688082.SH),6759,600672.33,88.87,124692.46
,,,安集科技(688019.SH),1126,242427.80,215.3,42498.00
2022-10-31,5505136.52,445311.07,,,,,
,,,明微电子(688699.SH),11052,551163.24,49.87,67079.71
,,,皓元医药(688131.SH),1920,207571.20,108.11,20171.46
,,,盛美上海(688082.SH),6759,591344.91,87.49,115365.04
,,,恒玄科技(688608.SH),3032,348164.56,114.83,49433.28
,,,珠海冠宇(688772.SH),26274,527581.92,20.08,-3583.86
,,,安集科技(688019.SH),2253,504514.29,223.93,104477.13
,,,创耀科技(688259.SH),4801,316481.92,65.92,5720.04
,,,芳源股份(688148.SH),21953,307781.06,14.02,-19851.13
,,,安路科技(688107.SH),9593,650885.05,67.85,122825.42
,,,力芯微(688601.SH),8050,501756.50,62.33,25875.20
,,,奥普特(688686.SH),4161,552580.80,132.8,18747.48
2022-10-28,5416356.96,1065017.46,,,,,
,,,芳源股份(688148.SH),21953,300536.57,13.69,-27095.62
,,,菱电电控(688667.SH),1062,98776.62,93.01,-9008.90
,,,恒玄科技(688608.SH),3032,339038.24,111.82,40306.96
,,,安路科技(688107.SH),9593,650980.98,67.86,122921.35
,,,创耀科技(688259.SH),4801,302463.00,63,-8298.88
,,,中微公司(688012.SH),3100,330925.00,106.75,84809.09
,,,力芯微(688601.SH),8050,499100.00,62,23218.70
,,,盛美上海(688082.SH),6759,566606.97,83.83,90627.10
,,,安集科技(688019.SH),2253,487774.50,216.5,87737.34
,,,皓元医药(688131.SH),1920,208108.80,108.39,20709.06
,,,明微电子(688699.SH),11052,554920.92,50.21,70837.39
,,,江苏北人(688218.SH),686,12107.90,17.65,-1094.64
2022-10-27,5473872.53,244100.77,,,,,
,,,珠海冠宇(688772.SH),19141,403875.10,21.1,-27788.21
,,,极米科技(688696.SH),2610,458603.10,175.71,-27895.27
,,,恒玄科技(688608.SH),3032,324120.80,106.9,25389.52
,,,芳源股份(688148.SH),21953,316562.26,14.42,-11069.93
,,,安路科技(688107.SH),9593,606853.18,63.26,78793.55
,,,盛美上海(688082.SH),6759,544978.17,80.63,68998.30
,,,菱电电控(688667.SH),1062,105817.68,99.64,-1967.84
,,,中微公司(688012.SH),3100,324880.00,104.8,78764.09
,,,明微电子(688699.SH),11052,578130.12,52.31,94046.59
,,,力芯微(688601.SH),8050,527758.00,65.56,51876.70
,,,创耀科技(688259.SH),4801,307744.10,64.1,-3017.78
,,,江苏北人(688218.SH),686,12999.70,18.95,-202.84
,,,皓元医药(688131.SH),1920,220550.40,114.87,33150.66
,,,安集科技(688019.SH),2253,496899.15,220.55,96861.99
2022-10-26,5497801.58,310781.06,,,,,
,,,明微电子(688699.SH),11052,586861.20,53.1,102777.67
,,,珠海冠宇(688772.SH),19141,413254.19,21.59,-18409.12
,,,安路科技(688107.SH),9593,606181.67,63.19,78122.04
,,,极米科技(688696.SH),2610,456384.60,174.86,-30113.77
,,,芳源股份(688148.SH),21953,320513.80,14.6,-7118.39
,,,盛美上海(688082.SH),6759,544167.09,80.51,68187.22
,,,安集科技(688019.SH),2253,495660.00,220,95622.84
,,,皓元医药(688131.SH),3841,477474.71,124.31,102577.62
,,,中微公司(688012.SH),3100,318432.00,102.72,72316.09
,,,力芯微(688601.SH),8050,530495.00,65.9,54613.70
,,,恒玄科技(688608.SH),3032,312629.52,103.11,13898.24
,,,菱电电控(688667.SH),1062,111095.82,104.61,3310.30
,,,江苏北人(688218.SH),686,13870.92,20.22,668.38
2022-10-25,5352086.02,127.29,,,,,
,,,珠海冠宇(688772.SH),19141,417656.62,21.82,-14006.69
,,,极米科技(688696.SH),2610,451869.30,173.13,-34629.07
,,,芳源股份(688148.SH),21953,315684.14,14.38,-11948.05
,,,菱电电控(688667.SH),1062,110511.72,104.06,2726.20
,,,力芯微(688601.SH),8050,519708.00,64.56,43826.70
,,,恒玄科技(688608.SH),3032,285159.60,94.05,-13571.68
,,,中微公司(688012.SH),6201,625680.90,100.9,133369.68
,,,皓元医药(688131.SH),3841,436376.01,113.61,61478.92
,,,明微电子(688699.SH),11052,561552.12,50.81,77468.59
,,,盛美上海(688082.SH),6759,534974.85,79.15,58994.98
,,,安路科技(688107.SH),9593,588722.41,61.37,60662.78
,,,安集科技(688019.SH),2253,490027.50,217.5,89990.34
,,,江苏北人(688218.SH),686,14035.56,20.46,833.02
2022-10-24,5345931.88,127.29,,,,,
,,,极米科技(688696.SH),2610,459046.80,175.88,-27451.57
,,,盛美上海(688082.SH),6759,530784.27,78.53,54804.40
,,,安路科技(688107.SH),9593,587667.18,61.26,59607.55
,,,明微电子(688699.SH),11052,564536.16,51.08,80452.63
,,,珠海冠宇(688772.SH),19141,428949.81,22.41,-2713.50
,,,皓元医药(688131.SH),3841,435915.09,113.49,61018.00
,,,芳源股份(688148.SH),21953,318757.56,14.52,-8874.63
,,,菱电电控(688667.SH),1062,105775.20,99.6,-2010.32
,,,安集科技(688019.SH),2253,491469.42,218.14,91432.26
,,,中微公司(688012.SH),6201,601745.04,97.04,109433.82
,,,力芯微(688601.SH),8050,520432.50,64.65,44551.20
,,,江苏北人(688218.SH),686,13898.36,20.26,695.82
,,,恒玄科技(688608.SH),3032,286827.20,94.6,-11904.08
2022-10-21,5388155.27,127.29,,,,,
,,,皓元医药(688131.SH),3841,443865.96,115.56,68968.87
,,,力芯微(688601.SH),8050,533634.50,66.29,57753.20
,,,芳源股份(688148.SH),21953,324245.81,14.77,-3386.38
,,,安路科技(688107.SH),9593,554283.54,57.78,26223.91
,,,菱电电控(688667.SH),1062,107293.86,101.03,-491.66
,,,安集科技(688019.SH),2253,483719.10,214.7,83681.94
,,,恒玄科技(688608.SH),3032,298257.84,98.37,-473.44
,,,珠海冠宇(688772.SH),19141,460341.05,24.05,28677.74
,,,江苏北人(688218.SH),686,14104.16,20.56,901.62
,,,极米科技(688696.SH),2610,468364.50,179.45,-18133.87
,,,盛美上海(688082.SH),6759,531257.40,78.6,55277.53
,,,中微公司(688012.SH),6201,595171.98,95.98,102860.76
,,,明微电子(688699.SH),11052,573488.28,51.89,89404.75
2022-10-20,5458727.80,486625.66,,,,,
,,,力芯微(688601.SH),8050,534359.00,66.38,58477.70
,,,菱电电控(688667.SH),1062,109598.40,103.2,1812.88
,,,盛美上海(688082.SH),6759,546127.20,80.8,70147.33
,,,珠海冠宇(688772.SH),19141,444262.61,23.21,12599.30
,,,皓元医药(688131.SH),3841,438680.61,114.21,63783.52
,,,安集科技(688019.SH),2253,496786.50,220.5,96749.34
,,,中微公司(688012.SH),6201,620100.00,100,127788.78
,,,明微电子(688699.SH),11052,595702.80,53.9,111619.27
,,,恒玄科技(688608.SH),3032,298166.88,98.34,-564.40
,,,芳源股份(688148.SH),21953,331051.24,15.08,3419.05
,,,安路科技(688107.SH),9593,542963.80,56.6,14904.17
,,,江苏北人(688218.SH),686,14303.10,20.85,1100.56
2022-10-19,5192458.78,20.50,,,,,
,,,恒玄科技(688608.SH),3032,290132.08,95.69,-8599.20
,,,安路科技(688107.SH),9593,514472.59,53.63,-13587.04
,,,极米科技(688696.SH),2639,489666.45,185.55,-38501.38
,,,芳源股份(688148.SH),21953,329295.00,15,1662.81
,,,皓元医药(688131.SH),3841,436260.78,113.58,61363.69
,,,力芯微(688601.SH),8050,512946.00,63.72,37064.70
,,,安集科技(688019.SH),2253,440686.80,195.6,40649.64
,,,明微电子(688699.SH),11052,563099.40,50.95,79015.87
,,,珠海冠宇(688772.SH),19141,454598.75,23.75,22935.44
,,,江苏北人(688218.SH),686,14659.82,21.37,1457.28
,,,中微公司(688012.SH),6201,535828.41,86.41,43517.19
,,,盛美上海(688082.SH),6759,496786.50,73.5,20806.63
,,,菱电电控(688667.SH),1062,114005.70,107.35,6220.18
2022-10-18,5222027.42,431683.81,,,,,
,,,盛美上海(688082.SH),6759,503748.27,74.53,27768.40
,,,芳源股份(688148.SH),21953,331490.30,15.1,3858.11
,,,极米科技(688696.SH),2639,510514.55,193.45,-17653.28
,,,恒玄科技(688608.SH),3032,296529.60,97.8,-2201.68
,,,江苏北人(688218.SH),686,14803.88,21.58,1601.34
,,,皓元医药(688131.SH),3841,450165.20,117.2,75268.11
,,,明微电子(688699.SH),11052,559562.76,50.63,75479.23
,,,安路科技(688107.SH),9593,523969.66,54.62,-4089.97
,,,力芯微(688601.SH),8050,516890.50,64.21,41009.20
,,,安集科技(688019.SH),2253,437194.65,194.05,37157.49
,,,中微公司(688012.SH),6201,531797.76,85.76,39486.54
,,,菱电电控(688667.SH),1062,113676.48,107.04,5890.96
2022-10-17,5259585.78,1354992.50,,,,,
,,,力芯微(688601.SH),8050,526389.50,65.39,50508.20
,,,芳源股份(688148.SH),21953,329075.47,14.99,1443.28
,,,江苏北人(688218.SH),686,14961.66,21.81,1759.12
,,,中微公司(688012.SH),6201,536076.45,86.45,43765.23
,,,盛美上海(688082.SH),6759,509831.37,75.43,33851.50
,,,皓元医药(688131.SH),3841,428309.91,111.51,53412.82
,,,明微电子(688699.SH),11052,574151.40,51.95,90067.87
,,,珠海冠宇(688772.SH),22006,433298.14,19.69,-47315.76
,,,安集科技(688019.SH),2253,435955.50,193.5,35918.34
,,,菱电电控(688667.SH),1062,116543.88,109.74,8758.36
2022-10-14,5173092.11,480619.61,,,,,
,,,芳源股份(688148.SH),21953,327538.76,14.92,-93.43
,,,江苏北人(688218.SH),686,14330.54,20.89,1128.00
,,,力芯微(688601.SH),8050,515280.50,64.01,39399.20
,,,振华新材(688707.SH),3327,173070.54,52.02,16341.80
,,,南微医学(688029.SH),7044,624521.04,88.66,138214.09
,,,菱电电控(688667.SH),1062,119814.84,112.82,12029.32
,,,盛美上海(688082.SH),6759,493271.82,72.98,17291.95
,,,芯碁微装(688630.SH),7523,521268.67,69.29,23608.38
,,,皓元医药(688131.SH),3841,423777.53,110.33,48880.44
,,,安集科技(688019.SH),2253,422888.10,187.7,22850.94
,,,明微电子(688699.SH),11052,545747.76,49.38,61664.23
,,,中微公司(688012.SH),6201,510962.40,82.4,18651.18
2022-10-13,4943344.51,327643.40,,,,,
,,,皓元医药(688131.SH),3841,392857.48,102.28,17960.39
,,,江苏北人(688218.SH),686,14056.14,20.49,853.60
,,,明微电子(688699.SH),11052,536795.64,48.57,52712.11
,,,上海谊众(688091.SH),5581,481082.20,86.2,-39480.52
,,,南微医学(688029.SH),7044,520410.72,73.88,34103.77
,,,菱电电控(688667.SH),1062,115322.58,108.59,7537.06
,,,芯碁微装(688630.SH),7523,494562.02,65.74,-3098.27
,,,盛美上海(688082.SH),6759,468736.65,69.35,-7243.22
,,,力芯微(688601.SH),8050,489601.00,60.82,13719.70
,,,安集科技(688019.SH),2253,435955.50,193.5,35918.34
,,,振华新材(688707.SH),3327,169311.03,50.89,12582.29
,,,中微公司(688012.SH),6201,497010.15,80.15,4698.93
2022-10-12,4956160.74,867299.51,,,,,
,,,力芯微(688601.SH),8050,489842.50,60.85,13961.20
,,,盛美上海(688082.SH),6759,487729.44,72.16,11749.57
,,,上海谊众(688091.SH),5581,512559.04,91.84,-8003.68
,,,江苏北人(688218.SH),686,14309.96,20.86,1107.42
,,,江航装备(688586.SH),15154,328084.10,21.65,-1514.23
,,,芯碁微装(688630.SH),7523,499376.74,66.38,1716.45
,,,安集科技(688019.SH),2253,437307.30,194.1,37270.14
,,,南微医学(688029.SH),7044,509210.76,72.29,22903.81
,,,振华新材(688707.SH),3327,174035.37,52.31,17306.63
,,,菱电电控(688667.SH),1062,110883.42,104.41,3097.90
,,,明微电子(688699.SH),11052,525522.60,47.55,41439.07
2022-10-11,4753246.36,1351950.60,,,,,
,,,南微医学(688029.SH),7044,493150.44,70.01,6843.49
,,,江苏北人(688218.SH),686,13562.22,19.77,359.68
,,,菱电电控(688667.SH),1062,104872.50,98.75,-2913.02
,,,振华新材(688707.SH),3327,168446.01,50.63,11717.27
,,,芯碁微装(688630.SH),7523,463642.49,61.63,-34017.80
,,,明微电子(688699.SH),11052,475125.48,42.99,-8958.05
,,,方邦股份(688020.SH),12035,423632.00,35.2,-35232.64
,,,中微公司(688012.SH),5572,452557.84,81.22,-31645.96
,,,江航装备(688586.SH),15154,313839.34,20.71,-15758.99
,,,上海谊众(688091.SH),5581,492467.44,88.24,-28095.28
2022-10-10,4850726.51,981507.86,,,,,
,,,菱电电控(688667.SH),1062,103810.50,97.75,-3975.02
,,,上海谊众(688091.SH),5581,498383.30,89.3,-22179.42
,,,芯碁微装(688630.SH),7523,474626.07,63.09,-23034.22
,,,中信博(688408.SH),5062,458111.00,90.5,-38243.75
,,,奇安信(688561.SH),10399,430310.62,41.38,-41014.00
,,,力芯微(688601.SH),7877,465530.70,59.1,-40546.61
,,,南微医学(688029.SH),7044,516325.20,73.3,30018.25
,,,江航装备(688586.SH),15154,320052.48,21.12,-9545.85
,,,振华新材(688707.SH),3327,165318.63,49.69,8589.89
,,,方邦股份(688020.SH),12035,436750.15,36.29,-22114.49
2022-09-30,5046358.56,613917.62,,,,,
,,,奇安信(688561.SH),10399,447988.92,43.08,-23335.70
,,,新风光(688663.SH),7128,307288.08,43.11,51232.83
,,,斯瑞新材(688102.SH),28772,424674.72,14.76,-41350.48
,,,上海谊众(688091.SH),5581,529971.76,94.96,9409.04
,,,芯碁微装(688630.SH),7523,500279.50,66.5,2619.21
,,,明志科技(688355.SH),10819,248512.43,22.97,-6969.62
,,,方邦股份(688020.SH),12035,463106.80,38.48,4242.16
,,,南微医学(688029.SH),7044,535344.00,76,49037.05
,,,振华新材(688707.SH),3327,168512.55,50.65,11783.81
,,,中信博(688408.SH),5062,485952.00,96,-10402.75
,,,江航装备(688586.SH),15154,320810.18,21.17,-8788.15
2022-09-29,5173057.72,8.72,,,,,
,,,江航装备(688586.SH),15154,331872.60,21.9,2274.27
,,,斯瑞新材(688102.SH),28772,439923.88,15.29,-26101.32
,,,新风光(688663.SH),7128,324395.28,45.51,68340.03
,,,惠泰医疗(688617.SH),2801,607620.93,216.93,86840.07
,,,南微医学(688029.SH),7044,523791.84,74.36,37484.89
,,,方邦股份(688020.SH),12035,483445.95,40.17,24581.31
,,,明志科技(688355.SH),10819,273179.75,25.25,17697.70
,,,芯碁微装(688630.SH),7523,526610.00,70,28949.71
,,,中信博(688408.SH),5062,508731.00,100.5,12376.25
,,,振华新材(688707.SH),3327,174334.80,52.4,17606.06
,,,奇安信(688561.SH),10399,460779.69,44.31,-10544.93
,,,上海谊众(688091.SH),5581,518363.28,92.88,-2199.44
2022-09-28,5082483.47,329607.05,,,,,
,,,振华新材(688707.SH),3327,175931.76,52.88,19203.02
,,,斯瑞新材(688102.SH),28772,447692.32,15.56,-18332.88
,,,惠泰医疗(688617.SH),2801,548967.99,195.99,28187.13
,,,芯碁微装(688630.SH),7523,515852.11,68.57,18191.82
,,,新风光(688663.SH),7128,330382.80,46.35,74327.55
,,,上海谊众(688091.SH),5581,520874.73,93.33,312.01
,,,明志科技(688355.SH),10819,273071.56,25.24,17589.51
,,,南微医学(688029.SH),7044,483711.48,68.67,-2595.47
,,,奇安信(688561.SH),10399,459947.77,44.23,-11376.85
,,,中信博(688408.SH),5062,504934.50,99.75,8579.75
,,,方邦股份(688020.SH),12035,491509.40,40.84,32644.76
2022-09-27,5216598.55,29.48,,,,,
,,,明志科技(688355.SH),10819,293194.90,27.1,37712.85
,,,上海谊众(688091.SH),5581,529692.71,94.91,9129.99
,,,方邦股份(688020.SH),12035,517986.40,43.04,59121.76
,,,惠泰医疗(688617.SH),2801,531097.61,189.61,10316.75
,,,斯瑞新材(688102.SH),28772,480204.68,16.69,14179.48
,,,奇安信(688561.SH),10399,485217.34,46.66,13892.72
,,,中信博(688408.SH),5062,524423.20,103.6,28068.45
,,,芯碁微装(688630.SH),7523,534133.00,71,36472.71
,,,振华新材(688707.SH),3327,189539.19,56.97,32810.45
,,,新风光(688663.SH),14256,659625.12,46.27,147514.62
,,,南微医学(688029.SH),7044,471454.92,66.93,-14852.03
2022-09-26,5052759.18,471354.10,,,,,
,,,斯瑞新材(688102.SH),28772,464667.80,16.15,-1357.40
,,,中信博(688408.SH),5062,514248.58,101.59,17893.83
,,,上海谊众(688091.SH),5581,519981.77,93.17,-580.95
,,,明志科技(688355.SH),10819,279346.58,25.82,23864.53
,,,南微医学(688029.SH),7044,451731.72,64.13,-34575.23
,,,振华新材(688707.SH),3327,182519.22,54.86,25790.48
,,,新风光(688663.SH),14256,616572.00,43.25,104461.50
,,,芯碁微装(688630.SH),7523,539098.18,71.66,41437.89
,,,惠泰医疗(688617.SH),2801,498381.93,177.93,-22398.93
,,,方邦股份(688020.SH),12035,514857.30,42.78,55992.66
2022-09-23,4905085.69,31.18,,,,,
,,,明志科技(688355.SH),10819,274261.65,25.35,18779.60
,,,晶丰明源(688368.SH),5180,473348.40,91.38,-45739.47
,,,斯瑞新材(688102.SH),28772,453734.44,15.77,-12290.76
,,,新风光(688663.SH),14256,513786.24,36.04,1675.74
,,,中信博(688408.SH),5062,505187.60,99.8,8832.85
,,,惠泰医疗(688617.SH),2801,504180.00,180,-16600.86
,,,芯碁微装(688630.SH),7523,516077.80,68.6,18417.51
,,,方邦股份(688020.SH),12035,511246.80,42.48,52382.16
,,,振华新材(688707.SH),3327,185114.28,55.64,28385.54
,,,上海谊众(688091.SH),5581,504410.78,90.38,-16151.94
,,,南微医学(688029.SH),7044,463706.52,65.83,-22600.43
2022-09-22,5023845.62,31.18,,,,,
,,,惠泰医疗(688617.SH),2801,518969.28,185.28,-1811.58
,,,方邦股份(688020.SH),12035,495240.25,41.15,36375.61
,,,新风光(688663.SH),14256,495396.00,34.75,-16714.50
,,,晶丰明源(688368.SH),5180,493654.00,95.3,-25433.87
,,,振华新材(688707.SH),3327,187177.02,56.26,30448.28
,,,明志科技(688355.SH),10819,294276.80,27.2,38794.75
,,,南微医学(688029.SH),7044,474061.20,67.3,-12245.75
,,,芯碁微装(688630.SH),7523,542107.38,72.06,44447.09
,,,中信博(688408.SH),5062,516830.20,102.1,20475.45
,,,斯瑞新材(688102.SH),28772,480204.68,16.69,14179.48
,,,上海谊众(688091.SH),5581,525897.63,94.23,5334.91
2022-09-21,4948002.63,31.18,,,,,
,,,方邦股份(688020.SH),12035,462986.45,38.47,4121.81
,,,明志科技(688355.SH),10819,292653.95,27.05,37171.90
,,,惠泰医疗(688617.SH),2801,524319.19,187.19,3538.33
,,,上海谊众(688091.SH),5581,517916.80,92.8,-2645.92
,,,新风光(688663.SH),14256,490263.84,34.39,-21846.66
,,,中信博(688408.SH),5062,503719.62,99.51,7364.87
,,,南微医学(688029.SH),7044,484275.00,68.75,-2031.95
,,,斯瑞新材(688102.SH),28772,481643.28,16.74,15618.08
,,,芯碁微装(688630.SH),7523,525556.78,69.86,27896.49
,,,振华新材(688707.SH),3327,174401.34,52.42,17672.60
,,,晶丰明源(688368.SH),5180,490235.20,94.64,-28852.67
2022-09-20,4964812.83,486338.13,,,,,
,,,惠泰医疗(688617.SH),2801,544906.54,194.54,24125.68
,,,上海谊众(688091.SH),5581,510717.31,91.51,-9845.41
,,,芯碁微装(688630.SH),7523,515175.04,68.48,17514.75
,,,中信博(688408.SH),5062,511970.68,101.14,15615.93
,,,明志科技(688355.SH),10819,294925.94,27.26,39443.89
,,,斯瑞新材(688102.SH),28772,486246.80,16.9,20221.60
,,,振华新材(688707.SH),3327,166449.81,50.03,9721.07
,,,方邦股份(688020.SH),12035,456126.50,37.9,-2738.14
,,,晶丰明源(688368.SH),5180,489717.20,94.54,-29370.67
,,,新风光(688663.SH),14256,502238.88,35.23,-9871.62
2022-09-19,4862596.23,466030.41,,,,,
,,,中信博(688408.SH),5062,489697.88,96.74,-6656.87
,,,芯碁微装(688630.SH),7523,495239.09,65.83,-2421.20
,,,惠泰医疗(688617.SH),2801,550396.50,196.5,29615.64
,,,方邦股份(688020.SH),12035,454923.00,37.8,-3941.64
,,,奥来德(688378.SH),16739,485933.17,29.03,-42558.39
,,,明志科技(688355.SH),10819,287569.02,26.58,32086.97
,,,振华新材(688707.SH),3327,159363.30,47.9,2634.56
,,,上海谊众(688091.SH),5581,499499.50,89.5,-21063.22
,,,晶丰明源(688368.SH),5180,486246.60,93.87,-32841.27
,,,新风光(688663.SH),14256,487697.76,34.21,-24412.74
2022-09-16,4946770.16,955223.42,,,,,
,,,惠泰医疗(688617.SH),2801,561600.50,200.5,40819.64
,,,振华新材(688707.SH),3327,159496.38,47.94,2767.64
,,,晶丰明源(688368.SH),5180,505153.60,97.52,-13934.27
,,,奥来德(688378.SH),16739,507359.09,30.31,-21132.47
,,,明志科技(688355.SH),10819,278048.30,25.7,22566.25
,,,先惠技术(688155.SH),6555,467568.15,71.33,-43255.60
,,,上海谊众(688091.SH),5581,493081.35,88.35,-27481.37
,,,新风光(688663.SH),14256,503236.80,35.3,-8873.70
,,,芯碁微装(688630.SH),7523,516002.57,68.59,18342.28
2022-09-15,4980815.98,654413.23,,,,,
,,,明志科技(688355.SH),10819,285837.98,26.42,30355.93
,,,方邦股份(688020.SH),12511,492933.40,39.4,-48283.63
,,,惠泰医疗(688617.SH),2801,559527.76,199.76,38746.90
,,,奥来德(688378.SH),16739,499156.98,29.82,-29334.58
,,,新风光(688663.SH),14256,513216.00,36,1105.50
,,,上海谊众(688091.SH),5581,494644.03,88.63,-25918.69
,,,先惠技术(688155.SH),6555,491625.00,75,-19198.75
,,,晶丰明源(688368.SH),5180,520693.60,100.52,1605.73
,,,深科达(688328.SH),19532,468768.00,24,-47084.25
2022-09-14,5203325.58,1174975.95,,,,,
,,,晶丰明源(688368.SH),5180,548510.20,105.89,29422.33
,,,先惠技术(688155.SH),6555,506570.40,77.28,-4253.35
,,,深科达(688328.SH),19532,498456.64,25.52,-17395.61
,,,方邦股份(688020.SH),12511,511449.68,40.88,-29767.35
,,,惠泰医疗(688617.SH),2801,585549.05,209.05,64768.19
,,,奥来德(688378.SH),16739,510706.89,30.51,-17784.67
,,,明志科技(688355.SH),10819,305420.37,28.23,49938.32
,,,新风光(688663.SH),14256,561686.40,39.4,49575.90
2022-09-13,5224067.16,694586.53,,,,,
,,,惠泰医疗(688617.SH),2801,592439.51,211.51,71658.65
,,,方邦股份(688020.SH),12511,515953.64,41.24,-25263.39
,,,奥来德(688378.SH),16739,504513.46,30.14,-23978.10
,,,晶丰明源(688368.SH),5180,537632.20,103.79,18544.33
,,,深科达(688328.SH),19532,496308.12,25.41,-19544.13
,,,上海谊众(688091.SH),5177,497509.70,96.1,-25688.12
,,,明志科技(688355.SH),10819,308990.64,28.56,53508.59
,,,先惠技术(688155.SH),6555,502899.60,76.72,-7924.15
,,,新风光(688663.SH),14256,573233.76,40.21,61123.26
2022-09-09,5230874.92,1217784.34,,,,,
,,,先惠技术(688155.SH),6555,494378.10,75.42,-16445.65
,,,惠泰医疗(688617.SH),2801,583308.25,208.25,62527.39
,,,方邦股份(688020.SH),12511,516454.08,41.28,-24762.95
,,,明志科技(688355.SH),10819,314400.14,29.06,58918.09
,,,新风光(688663.SH),14256,575942.40,40.4,63831.90
,,,晶丰明源(688368.SH),5180,528204.60,101.97,9116.73
,,,深科达(688328.SH),19532,495722.16,25.38,-20130.09
,,,奥来德(688378.SH),16739,504680.85,30.15,-23810.71
2022-09-08,5292335.61,745392.16,,,,,
,,,新风光(688663.SH),14256,581787.36,40.81,69676.86
,,,上海谊众(688091.SH),4989,519853.80,104.2,-12747.08
,,,奥来德(688378.SH),16739,505852.58,30.22,-22638.98
,,,先惠技术(688155.SH),6555,498048.90,75.98,-12774.85
,,,惠泰医疗(688617.SH),2801,570423.65,203.65,49642.79
,,,晶丰明源(688368.SH),5180,518259.00,100.05,-828.87
,,,明志科技(688355.SH),10819,324461.81,29.99,68979.76
,,,方邦股份(688020.SH),12511,518080.51,41.41,-23136.52
,,,深科达(688328.SH),19532,510175.84,26.12,-5676.41
2022-09-07,5401331.35,968069.75,,,,,
,,,深科达(688328.SH),19532,530098.48,27.14,14246.23
,,,先惠技术(688155.SH),6555,514829.70,78.54,4005.95
,,,奥来德(688378.SH),16739,516900.32,30.88,-11591.24
,,,晶丰明源(688368.SH),5180,541672.60,104.57,22584.73
,,,惠泰医疗(688617.SH),2801,566362.20,202.2,45581.34
,,,明志科技(688355.SH),21638,637239.10,29.45,126274.99
,,,新风光(688663.SH),14256,587347.20,41.2,75236.70
,,,上海谊众(688091.SH),4989,538812.00,108,6211.12
2022-09-06,5197326.54,968069.75,,,,,
,,,先惠技术(688155.SH),6555,508864.65,77.63,-1959.10
,,,惠泰医疗(688617.SH),2801,558519.40,199.4,37738.54
,,,奥来德(688378.SH),16739,515728.59,30.81,-12762.97
,,,晶丰明源(688368.SH),5180,502978.00,97.1,-16109.87
,,,明志科技(688355.SH),21638,530996.52,24.54,20032.41
,,,上海谊众(688091.SH),4989,551733.51,110.59,19132.63
,,,新风光(688663.SH),14256,549283.68,38.53,37173.18
,,,深科达(688328.SH),19532,511152.44,26.17,-4699.81
2022-09-05,5174617.91,986694.63,,,,,
,,,先惠技术(688155.SH),6555,513518.70,78.34,2694.95
,,,新风光(688663.SH),14256,533602.08,37.43,21491.58
,,,惠泰医疗(688617.SH),2801,556278.60,198.6,35497.74
,,,海尔生物(688139.SH),7441,498844.64,67.04,-45150.54
,,,上海谊众(688091.SH),4989,539310.90,108.1,6710.02
,,,奥来德(688378.SH),16739,509535.16,30.44,-18956.40
,,,深科达(688328.SH),19532,506269.44,25.92,-9582.81
,,,明志科技(688355.SH),21638,530563.76,24.52,19599.65
2022-09-02,5114421.47,1502546.88,,,,,
,,,惠泰医疗(688617.SH),2801,546110.97,194.97,25330.11
,,,上海谊众(688091.SH),4989,503140.65,100.85,-29460.23
,,,奥来德(688378.SH),16739,513552.52,30.68,-14939.04
,,,新风光(688663.SH),14256,500100.48,35.08,-12010.02
,,,海尔生物(688139.SH),7441,511717.57,68.77,-32277.61
,,,明志科技(688355.SH),21638,509574.90,23.55,-1389.21
,,,先惠技术(688155.SH),6555,527677.50,80.5,16853.75
2022-09-01,5102293.07,2524334.74,,,,,
,,,奥来德(688378.SH),16739,506856.92,30.28,-21634.64
,,,海尔生物(688139.SH),7441,508294.71,68.31,-35700.47
,,,上海谊众(688091.SH),4989,516860.40,103.6,-15740.48
,,,新风光(688663.SH),14256,491404.32,34.47,-20706.18
,,,惠泰医疗(688617.SH),2801,554541.98,197.98,33761.12
2022-08-31,5112880.45,1588409.26,,,,,
,,,惠泰医疗(688617.SH),2801,523955.06,187.06,3174.20
,,,上海谊众(688091.SH),4989,507381.30,101.7,-25219.58
,,,海尔生物(688139.SH),7441,517819.19,69.59,-26175.99
,,,先惠技术(688155.SH),6136,484744.00,79,-43551.01
,,,菱电电控(688667.SH),4215,493576.50,117.1,-34637.37
,,,奥来德(688378.SH),16739,515561.20,30.8,-12930.36
,,,正弦电气(688395.SH),22074,481433.94,21.81,-46684.64
2022-08-30,5249297.40,2109190.11,,,,,
,,,先惠技术(688155.SH),6136,521560.00,85,-6735.01
,,,正弦电气(688395.SH),22074,510130.14,23.11,-17988.44
,,,奥来德(688378.SH),16739,539832.75,32.25,11341.19
,,,菱电电控(688667.SH),4215,512923.35,121.69,-15290.52
,,,上海谊众(688091.SH),4989,529582.35,106.15,-3018.53
,,,海尔生物(688139.SH),7441,526078.70,70.7,-17916.48
2022-08-29,5291500.52,3693817.57,,,,,
,,,奥来德(688378.SH),16739,543850.11,32.49,15358.55
,,,上海谊众(688091.SH),4989,526489.17,105.53,-6111.71
,,,海尔生物(688139.SH),7441,527343.67,70.87,-16651.51
2022-08-26,5294536.76,3729361.55,,,,,
,,,正弦电气(688395.SH),21884,503769.68,23.02,-29015.59
,,,海尔生物(688139.SH),7441,542300.08,72.88,-1695.10
,,,上海谊众(688091.SH),4989,519105.45,104.05,-13495.43
2022-08-25,5320278.67,4261962.43,,,,,
,,,正弦电气(688395.SH),21884,512742.12,23.43,-20043.15
,,,海尔生物(688139.SH),7441,545574.12,73.32,1578.94
2022-08-24,5324374.69,3808630.32,,,,,
,,,君实生物(688180.SH),8984,494120.00,55,-49761.98
,,,上海谊众(688091.SH),4600,489072.00,106.32,-54838.45
,,,海尔生物(688139.SH),7441,532552.37,71.57,-11442.81
2022-08-23,5388152.77,3808630.32,,,,,
,,,君实生物(688180.SH),8984,509392.80,56.7,-34489.18
,,,海尔生物(688139.SH),7441,548029.65,73.65,4034.47
,,,上海谊众(688091.SH),4600,522100.00,113.5,-21810.45
2022-08-22,5420788.46,3808630.32,,,,,
,,,君实生物(688180.SH),8984,530595.04,59.06,-13286.94
,,,海尔生物(688139.SH),7441,558819.10,75.1,14823.92
,,,上海谊众(688091.SH),4600,522744.00,113.64,-21166.45
2022-08-19,5438130.87,4352540.77,,,,,
,,,海尔生物(688139.SH),7441,557330.90,74.9,13335.72
,,,君实生物(688180.SH),8984,528259.20,58.8,-15622.78
2022-08-18,5453007.25,4352540.77,,,,,
,,,海尔生物(688139.SH),7441,553610.40,74.4,9615.22
,,,君实生物(688180.SH),8984,546856.08,60.87,2974.10
2022-08-17,5456142.13,4352540.77,,,,,
,,,海尔生物(688139.SH),7441,564920.72,75.92,20925.54
,,,君实生物(688180.SH),8984,538680.64,59.96,-5201.34
2022-08-16,5447458.51,4352540.77,,,,,
,,,君实生物(688180.SH),8984,530145.84,59.01,-13736.14
,,,海尔生物(688139.SH),7441,564771.90,75.9,20776.72
2022-08-15,5445395.22,4352540.77,,,,,
,,,海尔生物(688139.SH),7441,556958.85,74.85,12963.67
,,,君实生物(688180.SH),8984,535895.60,59.65,-7986.38
2022-08-12,5458266.42,4352540.77,,,,,
,,,君实生物(688180.SH),8984,538051.76,59.89,-5830.22
,,,海尔生物(688139.SH),7441,567673.89,76.29,23678.71
2022-08-11,5460547.03,4352540.77,,,,,
,,,君实生物(688180.SH),8984,543532.00,60.5,-349.98
,,,海尔生物(688139.SH),7441,564474.26,75.86,20479.08
2022-08-10,5413251.25,4352540.77,,,,,
,,,海尔生物(688139.SH),7441,541704.80,72.8,-2290.38
,,,君实生物(688180.SH),8984,519005.68,57.77,-24876.30
2022-08-09,5435342.66,4352540.77,,,,,
,,,海尔生物(688139.SH),7441,545648.53,73.33,1653.35
,,,君实生物(688180.SH),8984,537153.36,59.79,-6728.62
2022-08-08,5429626.50,4352540.77,,,,,
,,,君实生物(688180.SH),8984,532032.48,59.22,-11849.50
,,,海尔生物(688139.SH),7441,545053.25,73.25,1058.07
2022-08-05,5440417.94,5440417.94,,,,,
2022-08-04,5440417.94,5440417.94,,,,,
2022-08-03,5440417.94,5440417.94,,,,,
2022-08-02,5440417.94,5440417.94,,,,,
2022-08-01,5440417.94,5440417.94,,,,,
2022-07-29,5440417.94,5440417.94,,,,,
2022-07-28,5440417.94,5440417.94,,,,,
2022-07-27,5440417.94,5440417.94,,,,,
2022-07-26,5440417.94,5440417.94,,,,,
2022-07-25,5440417.94,5440417.94,,,,,
2022-07-22,5440417.94,5440417.94,,,,,
2022-07-21,5440417.94,5440417.94,,,,,
2022-07-20,5440417.94,5440417.94,,,,,
2022-07-19,5440417.94,5440417.94,,,,,
2022-07-18,5440417.94,5440417.94,,,,,
2022-07-15,5440417.94,5440417.94,,,,,
2022-07-14,5440417.94,5440417.94,,,,,
2022-07-13,5440417.94,5440417.94,,,,,
2022-07-12,5440417.94,5440417.94,,,,,
2022-07-11,5440417.94,5440417.94,,,,,
2022-07-08,5440417.94,5440417.94,,,,,
2022-07-07,5441036.22,4962474.92,,,,,
,,,倍轻松(688793.SH),9629,478561.30,49.7,-46364.88
2022-07-06,5470886.12,4962474.92,,,,,
,,,倍轻松(688793.SH),9629,508411.20,52.8,-16514.98
2022-07-05,5475893.20,4962474.92,,,,,
,,,倍轻松(688793.SH),9629,513418.28,53.32,-11507.90
2022-07-04,5482248.34,4962474.92,,,,,
,,,倍轻松(688793.SH),9629,519773.42,53.98,-5152.76
2022-07-01,5505550.52,4962474.92,,,,,
,,,倍轻松(688793.SH),9629,543075.60,56.4,18149.42
2022-06-30,5530682.21,4962474.92,,,,,
,,,倍轻松(688793.SH),9629,568207.29,59.01,43281.11
2022-06-29,5483169.08,4597496.56,,,,,
,,,百克生物(688276.SH),5577,359158.80,64.4,91964.90
,,,倍轻松(688793.SH),9629,526513.72,54.68,1587.54
2022-06-28,5457434.58,4264865.27,,,,,
,,,百克生物(688276.SH),11155,667403.65,59.83,132967.95
,,,倍轻松(688793.SH),9629,525165.66,54.54,239.48
2022-06-27,5391311.22,4264865.27,,,,,
,,,倍轻松(688793.SH),9629,524299.05,54.45,-627.13
,,,百克生物(688276.SH),11155,602146.90,53.98,67711.20
2022-06-24,5394418.94,3677740.14,,,,,
,,,微芯生物(688321.SH),22912,584256.00,25.5,103604.59
,,,百克生物(688276.SH),11155,605716.50,54.3,71280.80
,,,倍轻松(688793.SH),9629,526706.30,54.7,1780.12
2022-06-23,5371053.98,3677740.14,,,,,
,,,百克生物(688276.SH),11155,600139.00,53.8,65703.30
,,,倍轻松(688793.SH),9629,514188.60,53.4,-10737.58
,,,微芯生物(688321.SH),22912,578986.24,25.27,98334.83
2022-06-22,5356562.85,3677740.14,,,,,
,,,微芯生物(688321.SH),22912,558594.56,24.38,77943.15
,,,百克生物(688276.SH),11155,603150.85,54.07,68715.15
,,,倍轻松(688793.SH),9629,517077.30,53.7,-7848.88
2022-06-21,5412589.07,3677740.14,,,,,
,,,微芯生物(688321.SH),22912,570050.56,24.88,89399.15
,,,百克生物(688276.SH),11155,609397.65,54.63,74961.95
,,,倍轻松(688793.SH),9629,555400.72,57.68,30474.54
2022-06-20,5396425.07,3677740.14,,,,,
,,,百克生物(688276.SH),11155,599246.60,53.72,64810.90
,,,倍轻松(688793.SH),9629,546638.33,56.77,21712.15
,,,微芯生物(688321.SH),22912,572800.00,25,92148.59
2022-06-17,5343405.47,3346486.10,,,,,
,,,ST诺泰(688076.SH),12837,331451.34,25.82,17503.51
,,,微芯生物(688321.SH),22912,575549.44,25.12,94898.03
,,,百克生物(688276.SH),11155,566004.70,50.74,31569.00
,,,倍轻松(688793.SH),9629,523913.89,54.41,-1012.29
2022-06-16,5348510.07,3346486.10,,,,,
,,,倍轻松(688793.SH),9629,546445.75,56.75,21519.57
,,,ST诺泰(688076.SH),12837,328627.20,25.6,14679.37
,,,百克生物(688276.SH),11155,572251.50,51.3,37815.80
,,,微芯生物(688321.SH),22912,554699.52,24.21,74048.11
2022-06-15,5267741.86,2855485.25,,,,,
,,,热景生物(688068.SH),3774,488808.48,129.52,6516.47
,,,倍轻松(688793.SH),9629,522565.83,54.27,-2360.35
,,,微芯生物(688321.SH),22912,552637.44,24.12,71986.03
,,,ST诺泰(688076.SH),12837,321951.96,25.08,8004.13
,,,百克生物(688276.SH),11155,526292.90,47.18,-8142.80
2022-06-14,5228130.62,2447096.33,,,,,
,,,百克生物(688276.SH),11155,493051.00,44.2,-41384.70
,,,巨一科技(688162.SH),10370,578646.00,55.8,101464.01
,,,ST诺泰(688076.SH),12837,324390.99,25.27,10443.16
,,,微芯生物(688321.SH),22912,553553.92,24.16,72902.51
,,,热景生物(688068.SH),3774,483260.70,128.05,968.69
,,,睿创微纳(688002.SH),8809,348131.68,39.52,11824.94
2022-06-13,5265746.86,2447096.33,,,,,
,,,ST诺泰(688076.SH),12837,330809.49,25.77,16861.66
,,,微芯生物(688321.SH),22912,558365.44,24.37,77714.03
,,,睿创微纳(688002.SH),8809,366718.67,41.63,30411.93
,,,热景生物(688068.SH),3774,485600.58,128.67,3308.57
,,,巨一科技(688162.SH),10370,572838.80,55.24,95656.81
,,,百克生物(688276.SH),11155,504317.55,45.21,-30118.15
2022-06-10,5284415.10,1408882.61,,,,,
,,,优刻得(688158.SH),34875,528356.25,15.15,53314.63
,,,明微电子(688699.SH),5082,529747.68,104.24,72016.55
,,,微芯生物(688321.SH),22912,559740.16,24.43,79088.75
,,,ST诺泰(688076.SH),12837,327086.76,25.48,13138.93
,,,睿创微纳(688002.SH),8809,375880.03,42.67,39573.29
,,,热景生物(688068.SH),3774,485487.36,128.64,3195.35
,,,百克生物(688276.SH),11155,505209.95,45.29,-29225.75
,,,巨一科技(688162.SH),10370,564024.30,54.39,86842.31
2022-06-09,5192030.62,1087512.03,,,,,
,,,睿创微纳(688002.SH),8809,365133.05,41.45,28826.31
,,,百克生物(688276.SH),11155,503313.60,45.12,-31122.10
,,,热景生物(688068.SH),3774,456427.56,120.94,-25864.45
,,,明微电子(688699.SH),5082,519380.40,102.2,61649.27
,,,巨一科技(688162.SH),10370,538410.40,51.92,61228.41
,,,恒玄科技(688608.SH),1978,328743.60,166.2,90262.59
,,,ST诺泰(688076.SH),12837,321181.74,25.02,7233.91
,,,微芯生物(688321.SH),22912,544618.24,23.77,63966.83
,,,优刻得(688158.SH),34875,527310.00,15.12,52268.38
2022-06-08,5333446.86,1085586.48,,,,,
,,,巨一科技(688162.SH),10370,578023.80,55.74,100841.81
,,,优刻得(688158.SH),34875,553815.00,15.88,78773.38
,,,明微电子(688699.SH),5082,541944.48,106.64,84213.35
,,,ST诺泰(688076.SH),12837,337356.36,26.28,21482.98
,,,睿创微纳(688002.SH),8809,377906.10,42.9,41599.36
,,,恒玄科技(688608.SH),1978,318200.86,160.87,79719.85
,,,百克生物(688276.SH),11155,515137.90,46.18,-19297.80
,,,微芯生物(688321.SH),22912,561802.24,24.52,81150.83
,,,热景生物(688068.SH),3774,463673.64,122.86,-18618.37
2022-06-07,5333073.86,1620022.18,,,,,
,,,热景生物(688068.SH),3774,478316.76,126.74,-3975.25
,,,ST诺泰(688076.SH),12837,332991.78,25.94,17118.40
,,,恒玄科技(688608.SH),1978,303939.48,153.66,65458.47
,,,微芯生物(688321.SH),22912,543930.88,23.74,63279.47
,,,明微电子(688699.SH),5082,537777.24,105.82,80046.11
,,,优刻得(688158.SH),34875,566718.75,16.25,91677.13
,,,巨一科技(688162.SH),10370,564335.40,54.42,87153.41
,,,睿创微纳(688002.SH),8809,385041.39,43.71,48734.65
2022-06-06,5441672.00,1620022.18,,,,,
,,,优刻得(688158.SH),34875,594967.50,17.06,119925.88
,,,明微电子(688699.SH),5082,549872.40,108.2,92141.27
,,,恒玄科技(688608.SH),1978,309557.00,156.5,71075.99
,,,巨一科技(688162.SH),10370,600941.50,57.95,123759.51
,,,微芯生物(688321.SH),22912,551033.60,24.05,70382.19
,,,睿创微纳(688002.SH),8809,411644.57,46.73,75337.83
,,,ST诺泰(688076.SH),12837,335430.81,26.13,19557.43
,,,热景生物(688068.SH),3774,468202.44,124.06,-14089.57
2022-06-02,5283659.40,1283602.72,,,,,
,,,恒玄科技(688608.SH),3956,617136.00,156,140173.98
,,,睿创微纳(688002.SH),8809,392352.86,44.54,56046.12
,,,九号公司(689009.SH),408,20971.20,51.4,6412.98
,,,巨一科技(688162.SH),10370,561017.00,54.1,83835.01
,,,微芯生物(688321.SH),22912,538432.00,23.5,57780.59
,,,明微电子(688699.SH),5082,525072.24,103.32,67341.11
,,,ST诺泰(688076.SH),12837,323492.40,25.2,7619.02
,,,优刻得(688158.SH),34875,573345.00,16.44,98303.38
,,,热景生物(688068.SH),3774,448237.98,118.77,-34054.03
2022-06-01,5018335.87,18698.01,,,,,
,,,恒玄科技(688608.SH),3956,565312.40,142.9,88350.38
,,,ST诺泰(688076.SH),12837,307959.63,23.99,-7913.75
,,,巨一科技(688162.SH),10370,521818.40,50.32,44636.41
,,,优刻得(688158.SH),34875,511267.50,14.66,36225.88
,,,明微电子(688699.SH),5082,489193.32,96.26,31462.19
,,,亿华通(688339.SH),2962,367228.76,123.98,40154.48
,,,睿创微纳(688002.SH),8809,354209.89,40.21,17903.15
,,,热景生物(688068.SH),3774,445256.52,117.98,-37035.49
,,,君实生物(688180.SH),5611,411174.08,73.28,-53192.06
,,,亚辉龙(688575.SH),16432,490330.88,29.84,6448.05
,,,微芯生物(688321.SH),22912,516665.60,22.55,36014.19
,,,九号公司(689009.SH),408,19220.88,47.11,4662.66
2022-05-31,4948521.61,68.34,,,,,
,,,九号公司(689009.SH),817,37255.20,45.6,8103.09
,,,亿华通(688339.SH),2962,352448.38,118.99,25374.10
,,,微芯生物(688321.SH),22912,495357.44,21.62,14706.03
,,,明微电子(688699.SH),5082,477352.26,93.93,19621.13
,,,优刻得(688158.SH),34875,478485.00,13.72,3443.38
,,,ST诺泰(688076.SH),12837,305648.97,23.81,-10224.41
,,,恒玄科技(688608.SH),3956,561949.80,142.05,84987.78
,,,君实生物(688180.SH),5611,474017.28,84.48,9651.14
,,,热景生物(688068.SH),3774,449785.32,119.18,-32506.69
,,,亚辉龙(688575.SH),16432,492960.00,30,9077.17
,,,巨一科技(688162.SH),10370,478057.00,46.1,875.01
,,,睿创微纳(688002.SH),8809,345136.62,39.18,8829.88
2022-05-30,4783345.19,464434.48,,,,,
,,,亚辉龙(688575.SH),16432,486387.20,29.6,2504.37
,,,睿创微纳(688002.SH),8809,331306.49,37.61,-5000.25
,,,明微电子(688699.SH),5082,461191.50,90.75,3460.37
,,,微芯生物(688321.SH),22912,475424.00,20.75,-5227.41
,,,热景生物(688068.SH),3774,456427.56,120.94,-25864.45
,,,ST诺泰(688076.SH),12837,301541.13,23.49,-14332.25
,,,亿华通(688339.SH),2962,344717.56,116.38,17643.28
,,,九号公司(689009.SH),817,34926.75,42.75,5774.64
,,,恒玄科技(688608.SH),3956,507633.92,128.32,30671.90
,,,优刻得(688158.SH),34875,459652.50,13.18,-15389.12
,,,巨一科技(688162.SH),10370,459702.10,44.33,-17479.89
2022-05-27,4751783.03,529292.87,,,,,
,,,明微电子(688699.SH),5082,456973.44,89.92,-757.69
,,,热景生物(688068.SH),3774,469296.90,124.35,-12995.11
,,,巨一科技(688162.SH),10370,461465.00,44.5,-15716.99
,,,睿创微纳(688002.SH),8809,334918.18,38.02,-1388.56
,,,九号公司(689009.SH),817,33063.99,40.47,3911.88
,,,优刻得(688158.SH),34875,455467.50,13.06,-19574.12
,,,ST诺泰(688076.SH),12837,296021.22,23.06,-19852.16
,,,亿华通(688339.SH),2962,337045.98,113.79,9971.70
,,,亚辉龙(688575.SH),16432,486880.16,29.63,2997.33
,,,安恒信息(688023.SH),3533,413184.35,116.95,11160.09
,,,微芯生物(688321.SH),22912,478173.44,20.87,-2477.97
2022-05-26,4785790.65,544050.83,,,,,
,,,亿华通(688339.SH),2962,342792.26,115.73,15717.98
,,,联瑞新材(688300.SH),3546,244674.00,69,54905.44
,,,九号公司(689009.SH),817,32663.66,39.98,3511.55
,,,亚辉龙(688575.SH),16432,487373.12,29.66,3490.29
,,,微芯生物(688321.SH),22912,483214.08,21.09,2562.67
,,,ST诺泰(688076.SH),12837,294865.89,22.97,-21007.49
,,,安恒信息(688023.SH),3533,413007.70,116.9,10983.44
,,,优刻得(688158.SH),34875,460350.00,13.2,-14691.62
,,,恒玄科技(688608.SH),1825,222394.50,121.86,30328.65
,,,睿创微纳(688002.SH),8809,343639.09,39.01,7332.35
,,,明微电子(688699.SH),5082,462766.92,91.06,5035.79
,,,巨一科技(688162.SH),10370,453998.60,43.78,-23183.39
2022-05-25,4792221.85,768045.07,,,,,
,,,恒玄科技(688608.SH),1825,234786.25,128.65,42720.40
,,,晶丰明源(688368.SH),207,30263.40,146.2,4690.05
,,,亿华通(688339.SH),2962,340007.98,114.79,12933.70
,,,联瑞新材(688300.SH),3546,241766.28,68.18,51997.72
,,,ST诺泰(688076.SH),12837,295251.00,23,-20622.38
,,,九号公司(689009.SH),817,32925.10,40.3,3772.99
,,,睿创微纳(688002.SH),8809,329720.87,37.43,-6585.87
,,,明微电子(688699.SH),5082,464901.36,91.48,7170.23
,,,亚辉龙(688575.SH),16432,488523.36,29.73,4640.53
,,,联赢激光(688518.SH),9199,226847.34,24.66,30365.66
,,,巨一科技(688162.SH),10370,464990.80,44.84,-12191.19
,,,优刻得(688158.SH),34875,458606.25,13.15,-16435.37
,,,安恒信息(688023.SH),3533,415586.79,117.63,13562.53
2022-05-24,4777559.19,535760.42,,,,,
,,,睿创微纳(688002.SH),8809,326549.63,37.07,-9757.11
,,,联赢激光(688518.SH),9199,228135.20,24.8,31653.52
,,,恒玄科技(688608.SH),1825,237250.00,130,45184.15
,,,巨一科技(688162.SH),10370,461672.40,44.52,-15509.59
,,,晶丰明源(688368.SH),207,30660.84,148.12,5087.49
,,,安恒信息(688023.SH),3533,415127.50,117.5,13103.24
,,,普冉股份(688766.SH),1070,231548.00,216.4,39759.68
,,,ST诺泰(688076.SH),12837,301669.50,23.5,-14203.88
,,,亚辉龙(688575.SH),16432,481950.56,29.33,-1932.27
,,,明微电子(688699.SH),5082,458498.04,90.22,766.91
,,,优刻得(688158.SH),34875,456862.50,13.1,-18179.12
,,,联瑞新材(688300.SH),3546,237830.22,67.07,48061.66
,,,九号公司(689009.SH),817,32614.64,39.92,3462.53
,,,亿华通(688339.SH),2962,341429.74,115.27,14355.46
2022-05-23,5051944.84,501137.47,,,,,
,,,亿华通(688339.SH),2962,353129.64,119.22,26055.36
,,,普冉股份(688766.SH),1070,244409.40,228.42,52621.08
,,,恒玄科技(688608.SH),1825,250755.00,137.4,58689.15
,,,晶丰明源(688368.SH),415,67632.55,162.97,14702.31
,,,九号公司(689009.SH),817,34346.68,42.04,5194.57
,,,明微电子(688699.SH),5082,486347.40,95.7,28616.27
,,,ST诺泰(688076.SH),12837,323749.14,25.22,7875.76
,,,巨一科技(688162.SH),10370,495374.90,47.77,18192.91
,,,联赢激光(688518.SH),9199,250764.74,27.26,54283.06
,,,优刻得(688158.SH),34875,489645.00,14.04,14603.38
,,,亚辉龙(688575.SH),16432,509227.68,30.99,25344.85
,,,睿创微纳(688002.SH),8809,344960.44,39.16,8653.70
,,,安恒信息(688023.SH),3533,446571.20,126.4,44546.94
,,,联瑞新材(688300.SH),3546,253893.60,71.6,64125.04
2022-05-20,5042039.16,489281.16,,,,,
,,,优刻得(688158.SH),34875,480577.50,13.78,5535.88
,,,巨一科技(688162.SH),10370,504811.60,48.68,27629.61
,,,联赢激光(688518.SH),9199,253616.43,27.57,57134.75
,,,ST诺泰(688076.SH),12837,327086.76,25.48,11213.38
,,,亚辉龙(688575.SH),16432,501833.28,30.54,17950.45
,,,亿华通(688339.SH),2962,350552.70,118.35,23478.42
,,,普冉股份(688766.SH),1070,240429.00,224.7,48640.68
,,,晶丰明源(688368.SH),415,65092.75,156.85,12162.51
,,,九号公司(689009.SH),817,35171.85,43.05,6019.74
,,,恒玄科技(688608.SH),1825,251448.50,137.78,59382.65
,,,睿创微纳(688002.SH),8809,349981.57,39.73,13674.83
,,,安恒信息(688023.SH),3533,445864.60,126.2,43840.34
,,,联瑞新材(688300.SH),3546,248255.46,70.01,58486.90
,,,明微电子(688699.SH),5082,498036.00,98,28448.57
2022-05-19,4992056.48,3.44,,,,,
,,,优刻得(688158.SH),34875,480228.75,13.77,5187.13
,,,ST诺泰(688076.SH),12837,328113.72,25.56,12240.34
,,,联瑞新材(688300.SH),3546,245879.64,69.34,53955.11
,,,巨一科技(688162.SH),10370,489464.00,47.2,12282.01
,,,安恒信息(688023.SH),3533,436890.78,123.66,34866.52
,,,晶丰明源(688368.SH),415,63594.60,153.24,10664.36
,,,睿创微纳(688002.SH),8809,349100.67,39.63,12793.93
,,,亿华通(688339.SH),2962,349279.04,117.92,22204.76
,,,联赢激光(688518.SH),18398,493618.34,26.83,100654.98
,,,九号公司(689009.SH),817,33954.52,41.56,4802.41
,,,恒玄科技(688608.SH),1825,252981.50,138.62,60915.65
,,,亚辉龙(688575.SH),16432,492631.36,29.98,8748.53
,,,明微电子(688699.SH),5082,499001.58,98.19,29414.15
,,,普冉股份(688766.SH),2141,477314.54,222.94,93558.67
2022-05-18,4897680.51,799759.65,,,,,
,,,睿创微纳(688002.SH),8809,338089.42,38.38,1782.68
,,,明微电子(688699.SH),5082,491378.58,96.69,21791.15
,,,普冉股份(688766.SH),2141,460058.08,214.88,76302.21
,,,亿华通(688339.SH),2962,342940.36,115.78,15866.08
,,,联瑞新材(688300.SH),3546,243326.52,68.62,51401.99
,,,优刻得(688158.SH),34875,482670.00,13.84,7628.38
,,,巨一科技(688162.SH),10370,486664.10,46.93,9482.11
,,,恒玄科技(688608.SH),1825,242104.50,132.66,50038.65
,,,九号公司(689009.SH),817,35776.43,43.79,6624.32
,,,晶丰明源(688368.SH),415,62191.90,149.86,9261.66
,,,安恒信息(688023.SH),3533,431061.33,122.01,29037.07
,,,联赢激光(688518.SH),18398,481659.64,26.18,88696.28
2022-05-17,4837113.61,8.24,,,,,
,,,联瑞新材(688300.SH),3546,235170.72,66.32,43246.19
,,,联赢激光(688518.SH),18398,469149.00,25.5,76185.64
,,,晶丰明源(688368.SH),415,60689.60,146.24,7759.36
,,,宏微科技(688711.SH),3577,296461.76,82.88,79161.02
,,,巨一科技(688162.SH),10370,488427.00,47.1,11245.01
,,,恒玄科技(688608.SH),3650,481800.00,132,97668.30
,,,普冉股份(688766.SH),2141,463333.81,216.41,79577.94
,,,珠海冠宇(688772.SH),9744,261918.72,26.88,69910.96
,,,优刻得(688158.SH),34875,458955.00,13.16,-16086.62
,,,亿华通(688339.SH),2962,333787.78,112.69,6713.50
,,,明微电子(688699.SH),5082,479181.78,94.29,9594.35
,,,安恒信息(688023.SH),3533,435901.54,123.38,33877.28
,,,睿创微纳(688002.SH),8809,341789.20,38.8,5482.46
,,,九号公司(689009.SH),817,30539.46,37.38,1387.35
2022-05-16,4719572.14,8.24,,,,,
,,,亿华通(688339.SH),2962,325820.00,110,-1254.28
,,,九号公司(689009.SH),817,28758.40,35.2,-393.71
,,,睿创微纳(688002.SH),8809,325844.91,36.99,-10461.83
,,,宏微科技(688711.SH),3577,265592.25,74.25,48291.51
,,,联赢激光(688518.SH),18398,457006.32,24.84,64042.96
,,,恒玄科技(688608.SH),3650,463659.50,127.03,79527.80
,,,晶丰明源(688368.SH),415,60424.00,145.6,7493.76
,,,优刻得(688158.SH),34875,463140.00,13.28,-11901.62
,,,珠海冠宇(688772.SH),9744,249543.84,25.61,57536.08
,,,安恒信息(688023.SH),3533,435830.88,123.36,33806.62
,,,普冉股份(688766.SH),2141,462027.80,215.8,78271.93
,,,联瑞新材(688300.SH),3546,234567.90,66.15,42643.37
,,,明微电子(688699.SH),5082,465765.30,91.65,-3822.13
,,,巨一科技(688162.SH),10370,481582.80,46.44,4400.81
2022-05-13,4743582.52,813496.97,,,,,
,,,宏微科技(688711.SH),3577,262194.10,73.3,44893.36
,,,恒玄科技(688608.SH),3650,466433.50,127.79,82301.80
,,,珠海冠宇(688772.SH),9744,240969.12,24.73,48961.36
,,,优刻得(688158.SH),34875,463488.75,13.29,-11552.87
,,,安恒信息(688023.SH),3533,437880.02,123.94,35855.76
,,,联赢激光(688518.SH),18398,463813.58,25.21,70850.22
,,,晶丰明源(688368.SH),415,61610.90,148.46,8680.66
,,,明微电子(688699.SH),5082,464494.80,91.4,-5092.63
,,,普冉股份(688766.SH),2141,475880.07,222.27,92124.20
,,,九号公司(689009.SH),817,28439.77,34.81,-712.34
,,,联瑞新材(688300.SH),3546,235950.84,66.54,44026.31
,,,亿华通(688339.SH),2962,328930.10,111.05,1855.82
2022-05-12,4729234.26,504194.24,,,,,
,,,普冉股份(688766.SH),2141,451515.49,210.89,67759.62
,,,亿华通(688339.SH),2962,331980.96,112.08,4906.68
,,,中信博(688408.SH),3932,269695.88,68.59,68702.54
,,,明微电子(688699.SH),5082,470237.46,92.53,650.03
,,,上声电子(688533.SH),6485,300255.50,46.3,76658.27
,,,恒玄科技(688608.SH),3650,460849.00,126.26,76717.30
,,,珠海冠宇(688772.SH),9744,243600.00,25,51592.24
,,,联赢激光(688518.SH),18398,459030.10,24.95,66066.74
,,,晶丰明源(688368.SH),415,62021.75,149.45,9091.51
,,,宏微科技(688711.SH),3577,260763.30,72.9,43462.56
,,,安恒信息(688023.SH),3533,439575.86,124.42,37551.60
,,,联瑞新材(688300.SH),7093,475514.72,67.04,91611.54
2022-05-11,4717357.78,796664.90,,,,,
,,,中信博(688408.SH),3932,266589.60,67.8,65596.26
,,,联瑞新材(688300.SH),7093,480408.89,67.73,96505.71
,,,珠海冠宇(688772.SH),19488,495384.96,25.42,111369.44
,,,普冉股份(688766.SH),2141,449652.82,210.02,65896.95
,,,联赢激光(688518.SH),18398,461053.88,25.06,68090.52
,,,恒玄科技(688608.SH),3650,448585.00,122.9,64453.30
,,,晶丰明源(688368.SH),415,61669.00,148.6,8738.76
,,,上声电子(688533.SH),6485,300774.30,46.38,77177.07
,,,安恒信息(688023.SH),3533,434594.33,123.01,32570.07
,,,固德威(688390.SH),1181,263363.00,223,71458.80
,,,宏微科技(688711.SH),3577,258617.10,72.3,41316.36
2022-05-10,4526546.00,26.26,,,,,
,,,珠海冠宇(688772.SH),19488,455629.44,23.38,71613.92
,,,上声电子(688533.SH),12970,580407.50,44.75,133213.05
,,,安恒信息(688023.SH),3533,425973.81,120.57,23949.55
,,,固德威(688390.SH),2363,495048.50,209.5,111077.60
,,,普冉股份(688766.SH),2141,433017.25,202.25,49261.38
,,,联瑞新材(688300.SH),7093,460690.35,64.95,76787.17
,,,联赢激光(688518.SH),18398,424625.84,23.08,31662.48
,,,恒玄科技(688608.SH),3650,425115.50,116.47,40983.80
,,,宏微科技(688711.SH),3577,255755.50,71.5,38454.76
,,,晶丰明源(688368.SH),415,60668.85,146.19,7738.61
,,,中信博(688408.SH),7864,509587.20,64.8,107600.51
2022-05-09,4214421.10,26.26,,,,,
,,,宏微科技(688711.SH),3577,236189.31,66.03,18888.57
,,,恒玄科技(688608.SH),3650,399857.50,109.55,15725.80
,,,普冉股份(688766.SH),2141,419057.93,195.73,35302.06
,,,安恒信息(688023.SH),3533,417070.65,118.05,15046.39
,,,固德威(688390.SH),2363,451002.18,190.86,67031.28
,,,珠海冠宇(688772.SH),19488,424838.40,21.8,40822.88
,,,联赢激光(688518.SH),18398,408251.62,22.19,15288.26
,,,中信博(688408.SH),7864,439361.68,55.87,37374.99
,,,晶丰明源(688368.SH),415,61835.00,149,8904.76
,,,联瑞新材(688300.SH),7093,441113.67,62.19,57210.49
,,,上声电子(688533.SH),12970,515816.90,39.77,68622.45
2022-05-06,4201363.41,26.26,,,,,
,,,固德威(688390.SH),2363,424489.32,179.64,40518.42
,,,联赢激光(688518.SH),18398,412667.14,22.43,19703.78
,,,宏微科技(688711.SH),3577,232934.24,65.12,15633.50
,,,珠海冠宇(688772.SH),19488,425423.04,21.83,41407.52
,,,安恒信息(688023.SH),3533,418943.14,118.58,16918.88
,,,中信博(688408.SH),7864,411051.28,52.27,9064.59
,,,联瑞新材(688300.SH),7093,438205.54,61.78,54302.36
,,,普冉股份(688766.SH),2141,425416.70,198.7,41660.83
,,,恒玄科技(688608.SH),3650,407230.50,111.57,23098.80
,,,晶丰明源(688368.SH),415,59847.15,144.21,6916.91
,,,上声电子(688533.SH),12970,545129.10,42.03,97934.65
2022-05-05,4280432.60,26.26,,,,,
,,,联瑞新材(688300.SH),7093,461045.00,65,77141.82
,,,宏微科技(688711.SH),3577,235545.45,65.85,18244.71
,,,中信博(688408.SH),7864,421510.40,53.6,19523.71
,,,恒玄科技(688608.SH),3650,414275.00,113.5,30143.30
,,,晶丰明源(688368.SH),415,59502.70,143.38,6572.46
,,,珠海冠宇(688772.SH),19488,430879.68,22.11,46864.16
,,,上声电子(688533.SH),12970,553819.00,42.7,106624.55
,,,固德威(688390.SH),2363,428884.50,181.5,44913.60
,,,联赢激光(688518.SH),18398,416714.70,22.65,23751.34
,,,安恒信息(688023.SH),3533,425726.50,120.5,23702.24
,,,普冉股份(688766.SH),2141,432503.41,202.01,48747.54
2022-04-29,4215945.37,26.26,,,,,
,,,普冉股份(688766.SH),2141,423061.60,197.6,39305.73
,,,珠海冠宇(688772.SH),19488,419186.88,21.51,35171.36
,,,晶丰明源(688368.SH),415,58220.35,140.29,5290.11
,,,宏微科技(688711.SH),3577,222847.10,62.3,5546.36
,,,中信博(688408.SH),7864,424577.36,53.99,22590.67
,,,联赢激光(688518.SH),18398,415058.88,22.56,22095.52
,,,恒玄科技(688608.SH),3650,417925.00,114.5,33793.30
,,,固德威(688390.SH),2363,405443.54,171.58,21472.64
,,,安恒信息(688023.SH),3533,436325.50,123.5,34301.24
,,,联瑞新材(688300.SH),7093,437638.10,61.7,53734.92
,,,上声电子(688533.SH),12970,555634.80,42.84,108440.35
2022-04-28,3984867.08,26.26,,,,,
,,,联瑞新材(688300.SH),7093,409620.75,57.75,25717.57
,,,上声电子(688533.SH),12970,507516.10,39.13,60321.65
,,,联赢激光(688518.SH),18398,390957.50,21.25,-2005.86
,,,恒玄科技(688608.SH),3650,398872.00,109.28,14740.30
,,,普冉股份(688766.SH),2141,408117.42,190.62,24361.55
,,,安恒信息(688023.SH),3533,391385.74,110.78,-10638.52
,,,固德威(688390.SH),2363,404900.05,171.35,20929.15
,,,宏微科技(688711.SH),3577,218197.00,61,896.26
,,,晶丰明源(688368.SH),415,57427.70,138.38,4497.46
,,,珠海冠宇(688772.SH),19488,395996.16,20.32,11980.64
,,,中信博(688408.SH),7864,401850.40,51.1,-136.29
2022-04-27,4069859.77,1021337.96,,,,,
,,,固德威(688390.SH),2363,408515.44,172.88,24544.54
,,,联瑞新材(688300.SH),7093,419480.02,59.14,35576.84
,,,联赢激光(688518.SH),18398,390589.54,21.23,-2373.82
,,,珠海冠宇(688772.SH),19488,405350.40,20.8,21334.88
,,,上声电子(688533.SH),12970,532807.60,41.08,85613.15
,,,恒玄科技(688608.SH),3650,408800.00,112,24668.30
,,,晶丰明源(688368.SH),415,58183.00,140.2,5252.76
,,,普冉股份(688766.SH),2141,424795.81,198.41,41039.94
2022-04-26,3856564.91,2309387.66,,,,,
,,,上声电子(688533.SH),12970,484040.40,37.32,36845.95
,,,中望软件(688083.SH),746,139502.00,187,-8919.68
,,,晶丰明源(688368.SH),415,53132.45,128.03,202.21
,,,联赢激光(688518.SH),18398,372743.48,20.26,-20219.88
,,,宏微科技(688711.SH),2285,126589.00,55.4,-19552.29
,,,中信博(688408.SH),7744,371169.92,47.93,-57515.17
2022-04-25,3990011.49,445927.17,,,,,
,,,恒玄科技(688608.SH),3246,386403.84,119.04,-42110.40
,,,固德威(688390.SH),2156,390731.88,181.23,-37851.34
,,,瑞可达(688800.SH),5301,418779.00,79,-37571.36
,,,上声电子(688533.SH),12970,486764.10,37.53,39569.65
,,,宏微科技(688711.SH),2285,137419.90,60.14,-8721.39
,,,杭可科技(688006.SH),9584,392273.12,40.93,-36060.60
,,,道通科技(688208.SH),13926,404689.56,29.06,-51179.97
,,,中信博(688408.SH),7744,394169.60,50.9,-34515.49
,,,珠海冠宇(688772.SH),19306,390367.32,20.22,-38050.88
,,,中望软件(688083.SH),746,142486.00,191,-5935.68
2022-04-22,4332507.85,2288710.59,,,,,
,,,道通科技(688208.SH),13926,461646.90,33.15,5777.37
,,,明微电子(688699.SH),4504,411575.52,91.38,-44420.18
,,,瑞可达(688800.SH),5301,466700.04,88.04,10349.68
,,,中望软件(688083.SH),746,149200.00,200,778.32
,,,上声电子(688533.SH),12970,511147.70,39.41,63953.25
,,,新益昌(688383.SH),589,43527.10,73.9,-1812.17
2022-04-21,4413227.39,137.44,,,,,
,,,泽璟制药(688266.SH),14684,410858.32,27.98,-45392.92
,,,新益昌(688383.SH),589,43633.12,74.08,-1706.15
,,,恒玄科技(688608.SH),2666,373853.18,140.23,-32578.31
,,,时代电气(688187.SH),3127,133773.06,42.78,-9240.21
,,,道通科技(688208.SH),13926,471952.14,33.89,16082.61
,,,固德威(688390.SH),1878,418775.22,222.99,-25301.84
,,,上声电子(688533.SH),12970,501549.90,38.67,54355.45
,,,中望软件(688083.SH),746,155115.78,207.93,6694.10
,,,宏微科技(688711.SH),5912,409228.64,69.22,-37798.71
,,,普冉股份(688766.SH),680,157216.00,231.2,-13175.10
,,,明微电子(688699.SH),4504,432744.32,96.08,-23251.38
,,,中信博(688408.SH),7150,417917.50,58.45,-26330.69
,,,瑞可达(688800.SH),5301,486472.77,91.77,30122.41
2022-04-20,4539296.64,137.44,,,,,
,,,恒玄科技(688608.SH),2666,384757.12,144.32,-21674.37
,,,固德威(688390.SH),1878,432371.94,230.23,-11705.12
,,,中信博(688408.SH),7150,440440.00,61.6,-3808.19
,,,普冉股份(688766.SH),680,166736.00,245.2,-3655.10
,,,明微电子(688699.SH),4504,450400.00,100,-5595.70
,,,上声电子(688533.SH),12970,498048.00,38.4,50853.55
,,,瑞可达(688800.SH),5301,488752.20,92.2,32401.84
,,,时代电气(688187.SH),3127,135899.42,43.46,-7113.85
,,,泽璟制药(688266.SH),14684,432150.12,29.43,-24101.12
,,,新益昌(688383.SH),589,45223.42,76.78,-115.85
,,,中望软件(688083.SH),746,150110.12,201.22,1688.44
,,,宏微科技(688711.SH),5912,429506.80,72.65,-17520.55
,,,道通科技(688208.SH),13926,484764.06,34.81,28894.53
2022-04-19,4697895.83,137.44,,,,,
,,,泽璟制药(688266.SH),14684,430975.40,29.35,-25275.84
,,,道通科技(688208.SH),13926,490334.46,35.21,34464.93
,,,上声电子(688533.SH),12970,507256.70,39.11,60062.25
,,,新益昌(688383.SH),589,45977.34,78.06,638.07
,,,固德威(688390.SH),1878,501989.40,267.3,57912.34
,,,中望软件(688083.SH),746,149968.38,201.03,1546.70
,,,恒玄科技(688608.SH),2666,402006.14,150.79,-4425.35
,,,时代电气(688187.SH),3127,139088.96,44.48,-3924.31
,,,明微电子(688699.SH),4504,464272.32,103.08,8276.62
,,,中信博(688408.SH),7150,457600.00,64,13351.81
,,,瑞可达(688800.SH),5301,490077.45,92.45,33727.09
,,,宏微科技(688711.SH),5912,446178.64,75.47,-848.71
,,,普冉股份(688766.SH),680,172033.20,252.99,1642.10
2022-04-18,4802412.26,148559.12,,,,,
,,,普冉股份(688766.SH),680,177344.00,260.8,6952.90
,,,恒玄科技(688608.SH),2666,414109.78,155.33,7678.29
,,,宏微科技(688711.SH),5912,454396.32,76.86,7368.97
,,,上声电子(688533.SH),12970,573014.60,44.18,125820.15
,,,中信博(688408.SH),7150,454168.00,63.52,9919.81
,,,固德威(688390.SH),1878,474138.66,252.47,30061.60
,,,道通科技(688208.SH),13926,483789.24,34.74,27919.71
,,,泽璟制药(688266.SH),14684,439785.80,29.95,-16465.44
,,,明微电子(688699.SH),4504,479225.60,106.4,23229.90
,,,新益昌(688383.SH),589,47196.57,80.13,1857.30
,,,瑞可达(688800.SH),5301,509903.19,96.19,53552.83
,,,时代电气(688187.SH),3127,146781.38,46.94,3768.11
2022-04-15,4574376.17,1082333.62,,,,,
,,,固德威(688390.SH),1878,452654.34,241.03,8577.28
,,,时代电气(688187.SH),3127,136274.66,43.58,-6738.61
,,,中信博(688408.SH),7150,434005.00,60.7,-10243.19
,,,瑞可达(688800.SH),5301,477090.00,90,20739.64
,,,博拓生物(688767.SH),1861,150908.49,81.09,-10401.05
,,,宏微科技(688711.SH),5912,436660.32,73.86,-10367.03
,,,上声电子(688533.SH),12970,540849.00,41.7,93654.55
,,,泽璟制药(688266.SH),14684,434793.24,29.61,-21458.00
,,,新益昌(688383.SH),589,46236.50,78.5,897.23
,,,恒玄科技(688608.SH),2666,382571.00,143.5,-23860.49
2022-04-14,4480789.89,1594391.06,,,,,
,,,恒玄科技(688608.SH),2666,387903.00,145.5,-18528.49
,,,时代电气(688187.SH),3127,140058.33,44.79,-2954.94
,,,瑞可达(688800.SH),5301,434682.00,82,-21668.36
,,,泽璟制药(688266.SH),14684,441694.72,30.08,-14556.52
,,,九号公司(689009.SH),9349,378073.56,40.44,-9396.96
,,,上声电子(688533.SH),12970,450707.50,34.75,3513.05
,,,博拓生物(688767.SH),1861,163581.90,87.9,2272.36
,,,新益昌(688383.SH),589,45647.50,77.5,308.23
,,,宏微科技(688711.SH),5912,444050.32,75.11,-2977.03
2022-04-13,4435943.25,939563.06,,,,,
,,,恒玄科技(688608.SH),2666,385716.88,144.68,-20714.61
,,,九号公司(689009.SH),9349,376110.27,40.23,-11360.25
,,,时代电气(688187.SH),3127,133991.95,42.85,-9021.32
,,,瑞可达(688800.SH),5301,437332.50,82.5,-19017.86
,,,中信博(688408.SH),6674,429805.60,64.4,-50088.67
,,,博拓生物(688767.SH),1861,149903.55,80.55,-11405.99
,,,*ST天宜(688033.SH),22365,352472.40,15.76,-33314.75
,,,泽璟制药(688266.SH),14684,438317.40,29.85,-17933.84
,,,派能科技(688063.SH),4122,553089.96,134.18,70160.90
,,,菱电电控(688667.SH),2384,239639.68,100.52,-1698.27
2022-04-12,4582556.50,1319163.95,,,,,
,,,菱电电控(688667.SH),2384,251845.76,105.64,10507.81
,,,*ST天宜(688033.SH),22365,357840.00,16,-27947.15
,,,派能科技(688063.SH),4122,568836.00,138,85906.94
,,,石头科技(688169.SH),971,512785.10,528.1,18362.82
,,,九号公司(689009.SH),9349,384337.39,41.11,-3133.13
,,,博拓生物(688767.SH),1861,152080.92,81.72,-9228.62
,,,时代电气(688187.SH),3127,142903.90,45.7,-109.37
,,,上声电子(688533.SH),12607,444270.68,35.24,-35897.46
,,,中信博(688408.SH),6674,448492.80,67.2,-31401.47
2022-04-11,4563791.87,143056.88,,,,,
,,,石头科技(688169.SH),971,507056.20,522.2,12633.92
,,,派能科技(688063.SH),4122,523494.00,127,40564.94
,,,九号公司(689009.SH),9349,383309.00,41,-4161.52
,,,瑞可达(688800.SH),5007,422791.08,84.44,-57180.09
,,,菱电电控(688667.SH),2384,252251.04,105.81,10913.09
,,,中信博(688408.SH),6674,460973.18,69.07,-18921.09
,,,*ST天宜(688033.SH),22365,361865.70,16.18,-23921.45
,,,博拓生物(688767.SH),1861,148005.33,79.53,-13304.21
,,,上声电子(688533.SH),12607,460155.50,36.5,-20012.64
,,,虹软科技(688088.SH),17436,454556.52,26.07,-46308.89
,,,昊海生科(688366.SH),5344,446277.44,83.51,-49019.10
2022-04-08,4812734.54,1825835.24,,,,,
,,,昊海生科(688366.SH),5344,462790.40,86.6,-32506.14
,,,派能科技(688063.SH),4122,546865.74,132.67,63936.68
,,,博拓生物(688767.SH),1861,147949.50,79.5,-13360.04
,,,九号公司(689009.SH),9349,393405.92,42.08,5935.40
,,,虹软科技(688088.SH),17436,471120.72,27.02,-29744.69
,,,石头科技(688169.SH),971,542148.14,558.34,47725.86
,,,极米科技(688696.SH),370,144477.60,390.48,16533.93
,,,菱电电控(688667.SH),2384,278141.28,116.67,36803.33
2022-04-07,4828281.81,939738.43,,,,,
,,,派能科技(688063.SH),4122,552348.00,134,69418.94
,,,中信博(688408.SH),5965,452147.00,75.8,-43010.85
,,,九号公司(689009.SH),9349,392284.04,41.96,4813.52
,,,石头科技(688169.SH),971,523378.71,539.01,28956.43
,,,昊海生科(688366.SH),5344,475081.60,88.9,-20214.94
,,,极米科技(688696.SH),370,143408.30,387.59,15464.63
,,,菱电电控(688667.SH),2384,281407.36,118.04,40069.41
,,,博拓生物(688767.SH),1861,154704.93,83.13,-6604.61
,,,虹软科技(688088.SH),17436,475828.44,27.29,-25036.97
,,,中望软件(688083.SH),2037,437955.00,215,-44617.98
2022-04-06,4934605.78,49.40,,,,,
,,,中信博(688408.SH),5965,469445.50,78.7,-25712.35
,,,菱电电控(688667.SH),2384,285484.00,119.75,44146.05
,,,南微医学(688029.SH),1456,178971.52,122.92,-12188.69
,,,极米科技(688696.SH),370,146579.20,396.16,18635.53
,,,派能科技(688063.SH),4122,544681.08,132.14,61752.02
,,,石头科技(688169.SH),971,524359.42,540.02,29937.14
,,,九号公司(689009.SH),9349,400043.71,42.79,12573.19
,,,中望软件(688083.SH),2037,449932.56,220.88,-32640.42
,,,昊海生科(688366.SH),5344,501374.08,93.82,6077.54
,,,博拓生物(688767.SH),1861,159859.90,85.9,-1449.64
,,,虹软科技(688088.SH),17436,505644.00,29,4778.59
,,,道通科技(688208.SH),11655,437645.25,37.55,-38622.29
,,,皓元医药(688131.SH),2052,330536.16,161.08,14171.36
2022-04-01,5030096.95,49.40,,,,,
,,,极米科技(688696.SH),370,143156.70,386.91,15213.03
,,,南微医学(688029.SH),1456,183456.00,126,-7704.21
,,,道通科技(688208.SH),11655,448834.05,38.51,-27433.49
,,,派能科技(688063.SH),4122,523988.64,127.12,41059.58
,,,石头科技(688169.SH),971,550120.05,566.55,55697.77
,,,皓元医药(688131.SH),2052,338662.08,165.04,22297.28
,,,菱电电控(688667.SH),2384,308728.00,129.5,67390.05
,,,中信博(688408.SH),5965,483165.00,81,-11992.85
,,,博拓生物(688767.SH),1861,161385.92,86.72,76.38
,,,九号公司(689009.SH),9349,405653.11,43.39,18182.59
,,,昊海生科(688366.SH),5344,514680.64,96.31,19384.10
,,,中望软件(688083.SH),2037,462399.00,227,-20173.98
,,,虹软科技(688088.SH),17436,505818.36,29.01,4952.95
2022-03-31,5026310.84,662224.34,,,,,
,,,派能科技(688063.SH),4122,497360.52,120.66,14431.46
,,,昊海生科(688366.SH),5344,515963.20,96.55,20666.66
,,,道通科技(688208.SH),11655,452330.55,38.81,-23936.99
,,,极米科技(688696.SH),370,137710.30,372.19,9766.63
,,,菱电电控(688667.SH),2384,313496.00,131.5,72158.05
,,,中信博(688408.SH),5965,491873.90,82.46,-3283.95
,,,九号公司(689009.SH),9349,409392.71,43.79,21922.19
,,,皓元医药(688131.SH),2052,361152.00,176,44787.20
,,,中望软件(688083.SH),2037,460932.36,226.28,-21640.62
,,,南微医学(688029.SH),1456,185785.60,127.6,-5374.61
,,,石头科技(688169.SH),971,538089.36,554.16,43667.08
2022-03-30,5104050.76,260153.51,,,,,
,,,极米科技(688696.SH),370,135753.00,366.9,7809.33
,,,昊海生科(688366.SH),5344,523765.44,98.01,28468.90
,,,南微医学(688029.SH),1456,190109.92,130.57,-1050.29
,,,菱电电控(688667.SH),2384,310039.20,130.05,68701.25
,,,道通科技(688208.SH),11655,463053.15,39.73,-13214.39
,,,石头科技(688169.SH),971,558130.80,574.8,63708.52
,,,九号公司(689009.SH),9349,412290.90,44.1,24820.38
,,,皓元医药(688131.SH),2052,362403.72,176.61,46038.92
,,,派能科技(688063.SH),4122,511787.52,124.16,28858.46
,,,圣诺生物(688117.SH),8583,404259.30,47.1,103937.44
,,,中望软件(688083.SH),2037,458121.30,224.9,-24451.68
,,,中信博(688408.SH),5965,514183.00,86.2,19025.15
2022-03-29,4886157.90,260153.51,,,,,
,,,南微医学(688029.SH),1456,180427.52,123.92,-10732.69
,,,圣诺生物(688117.SH),8583,351559.68,40.96,51237.82
,,,石头科技(688169.SH),971,536963.00,553,42540.72
,,,中望软件(688083.SH),2037,451786.23,221.79,-30786.75
,,,菱电电控(688667.SH),2384,275590.40,115.6,34252.45
,,,中信博(688408.SH),5965,501537.20,84.08,6379.35
,,,道通科技(688208.SH),11655,444172.05,38.11,-32095.49
,,,昊海生科(688366.SH),5344,494213.12,92.48,-1083.42
,,,极米科技(688696.SH),370,131727.40,356.02,3783.73
,,,皓元医药(688131.SH),2052,356576.04,173.77,40211.24
,,,九号公司(689009.SH),9349,421733.39,45.11,34262.87
,,,派能科技(688063.SH),4122,479718.36,116.38,-3210.70
2022-03-28,4938787.66,755311.36,,,,,
,,,道通科技(688208.SH),11655,456876.00,39.2,-19391.54
,,,石头科技(688169.SH),971,537739.80,553.8,43317.52
,,,南微医学(688029.SH),1456,184402.40,126.65,-6757.81
,,,派能科技(688063.SH),4122,495299.52,120.16,12370.46
,,,皓元医药(688131.SH),2052,373135.68,181.84,56770.88
,,,菱电电控(688667.SH),2384,281288.16,117.99,39950.21
,,,昊海生科(688366.SH),5344,494320.00,92.5,-976.54
,,,圣诺生物(688117.SH),8583,356881.14,41.58,56559.28
,,,九号公司(689009.SH),9349,420705.00,45,33234.48
,,,中望软件(688083.SH),2037,449362.20,220.6,-33210.78
,,,极米科技(688696.SH),370,133466.40,360.72,5522.73
2022-03-25,4987767.46,9.74,,,,,
,,,皓元医药(688131.SH),2052,367738.92,179.21,51374.12
,,,菱电电控(688667.SH),2384,289060.00,121.25,47722.05
,,,极米科技(688696.SH),370,134313.70,363.01,6370.03
,,,昊海生科(688366.SH),5344,503084.16,94.14,7787.62
,,,石头科技(688169.SH),971,554926.50,571.5,60504.22
,,,道通科技(688208.SH),11655,462703.50,39.7,-13564.04
,,,九号公司(689009.SH),9349,422855.27,45.23,35384.75
,,,中信博(688408.SH),4477,374187.66,83.58,-46586.44
,,,中望软件(688083.SH),2037,449484.42,220.66,-33088.56
,,,南微医学(688029.SH),1456,185392.48,127.33,-5767.73
,,,派能科技(688063.SH),4122,504945.00,122.5,22015.94
,,,和林微纳(688661.SH),6417,392656.23,61.19,-33126.48
,,,圣诺生物(688117.SH),8583,346409.88,40.36,46088.02
2022-03-24,5103787.75,9.74,,,,,
,,,派能科技(688063.SH),4122,512240.94,124.27,29311.88
,,,中望软件(688083.SH),2037,462378.63,226.99,-20194.35
,,,昊海生科(688366.SH),5344,521574.40,97.6,26277.86
,,,南微医学(688029.SH),1456,193211.20,132.7,2050.99
,,,皓元医药(688131.SH),2052,384647.40,187.45,68282.60
,,,圣诺生物(688117.SH),8583,345980.73,40.31,45658.87
,,,菱电电控(688667.SH),2384,285770.08,119.87,44432.13
,,,石头科技(688169.SH),971,552256.25,568.75,57833.97
,,,道通科技(688208.SH),11655,476806.05,40.91,538.51
,,,中信博(688408.SH),4477,397333.75,88.75,-23440.35
,,,九号公司(689009.SH),9349,430521.45,46.05,43050.93
,,,和林微纳(688661.SH),6417,403565.13,62.89,-22217.58
,,,极米科技(688696.SH),370,137492.00,371.6,9548.33
2022-03-23,5077152.42,9.74,,,,,
,,,中信博(688408.SH),4477,404049.25,90.25,-16724.85
,,,圣诺生物(688117.SH),8583,303924.03,35.41,3602.17
,,,九号公司(689009.SH),9349,432017.29,46.21,44546.77
,,,菱电电控(688667.SH),2384,296998.72,124.58,55660.77
,,,昊海生科(688366.SH),5344,514360.00,96.25,19063.46
,,,中望软件(688083.SH),2037,472196.97,231.81,-10376.01
,,,极米科技(688696.SH),370,138202.40,373.52,10258.73
,,,皓元医药(688131.SH),2052,377568.00,184,61203.20
,,,道通科技(688208.SH),11655,488111.40,41.88,11843.86
,,,南微医学(688029.SH),1456,192920.00,132.5,1759.79
,,,和林微纳(688661.SH),6417,414923.22,64.66,-10859.49
,,,派能科技(688063.SH),4122,526173.30,127.65,43244.24
,,,石头科技(688169.SH),971,515698.10,531.1,21275.82
2022-03-22,4920408.36,300331.60,,,,,
,,,中望软件(688083.SH),2037,453558.42,222.66,-29014.56
,,,和林微纳(688661.SH),6417,400035.78,62.34,-25746.93
,,,昊海生科(688366.SH),5344,493518.40,92.35,-1778.14
,,,石头科技(688169.SH),971,507396.05,522.55,12973.77
,,,中信博(688408.SH),4477,387976.82,86.66,-32797.28
,,,皓元医药(688131.SH),2052,348101.28,169.64,31736.48
,,,菱电电控(688667.SH),2384,292469.12,122.68,51131.17
,,,南微医学(688029.SH),1456,186877.60,128.35,-4282.61
,,,道通科技(688208.SH),11655,479137.05,41.11,2869.51
,,,极米科技(688696.SH),370,132707.90,358.67,4764.23
,,,派能科技(688063.SH),4122,505439.64,122.62,22510.58
,,,九号公司(689009.SH),9349,432858.70,46.3,45388.18
2022-03-21,5021410.60,4.28,,,,,
,,,菱电电控(688667.SH),4769,601180.14,126.06,118403.01
,,,中信博(688408.SH),4477,403601.55,90.15,-17172.55
,,,南微医学(688029.SH),1456,187692.96,128.91,-3467.25
,,,极米科技(688696.SH),370,132830.00,359,4886.33
,,,石头科技(688169.SH),971,510454.70,525.7,16032.42
,,,九号公司(689009.SH),9349,430614.94,46.06,43144.42
,,,和林微纳(688661.SH),6417,412613.10,64.3,-13169.61
,,,中望软件(688083.SH),2037,468510.00,230,-14062.98
,,,派能科技(688063.SH),4122,518630.04,125.82,35700.98
,,,皓元医药(688131.SH),2052,364024.80,177.4,47660.00
,,,道通科技(688208.SH),11655,487528.65,41.83,11261.11
,,,昊海生科(688366.SH),5344,503725.44,94.26,8428.90
2022-03-18,4886922.67,4.28,,,,,
,,,中信博(688408.SH),4477,391468.88,87.44,-29305.22
,,,九号公司(689009.SH),9349,408551.30,43.7,21080.78
,,,南微医学(688029.SH),1456,184984.80,127.05,-6175.41
,,,道通科技(688208.SH),11655,477388.80,40.96,1121.26
,,,皓元医药(688131.SH),2052,346377.60,168.8,30012.80
,,,中望软件(688083.SH),2037,474111.75,232.75,-8461.23
,,,菱电电控(688667.SH),4769,557973.00,117,75195.87
,,,派能科技(688063.SH),4122,509314.32,123.56,26385.26
,,,和林微纳(688661.SH),6417,411073.02,64.06,-14709.69
,,,石头科技(688169.SH),971,502007.00,517,7584.72
,,,极米科技(688696.SH),370,129722.00,350.6,1778.33
,,,昊海生科(688366.SH),5344,493945.92,92.43,-1350.62
2022-03-17,4960191.74,686461.04,,,,,
,,,皓元医药(688131.SH),2052,327909.60,159.8,11544.80
,,,派能科技(688063.SH),4122,513559.98,124.59,30630.92
,,,道通科技(688208.SH),11655,486246.60,41.72,9979.06
,,,和林微纳(688661.SH),6417,423457.83,65.99,-2324.88
,,,菱电电控(688667.SH),4769,567987.90,119.1,85210.77
,,,中信博(688408.SH),4477,414212.04,92.52,-6562.06
,,,石头科技(688169.SH),971,505492.89,520.59,11070.61
,,,九号公司(689009.SH),9349,407803.38,43.62,20332.86
,,,极米科技(688696.SH),370,130358.40,352.32,2414.73
,,,中望软件(688083.SH),2037,496702.08,243.84,14129.10
2022-03-16,4778204.70,420806.39,,,,,
,,,中望软件(688083.SH),2037,483604.17,237.41,1031.19
,,,菱电电控(688667.SH),4769,535081.80,112.2,52304.67
,,,皓元医药(688131.SH),2052,305830.08,149.04,-10534.72
,,,道通科技(688208.SH),11655,469113.75,40.25,-7153.79
,,,石头科技(688169.SH),971,470935.00,485,-23487.28
,,,惠泰医疗(688617.SH),2306,437909.40,189.9,-41848.22
,,,派能科技(688063.SH),4122,492084.36,119.38,9155.30
,,,之江生物(688317.SH),6089,247761.41,40.69,22499.37
,,,和林微纳(688661.SH),6417,398559.87,62.11,-27222.84
,,,九号公司(689009.SH),9349,392938.47,42.03,5467.95
,,,极米科技(688696.SH),370,123580.00,334,-4363.67
2022-03-15,4698284.22,387471.88,,,,,
,,,道通科技(688208.SH),11655,454778.10,39.02,-21489.44
,,,中信博(688408.SH),2430,202248.90,83.23,-20802.47
,,,和林微纳(688661.SH),6417,387137.61,60.33,-38645.10
,,,菱电电控(688667.SH),4769,501221.90,105.1,18444.77
,,,之江生物(688317.SH),6089,255920.67,42.03,30658.63
,,,极米科技(688696.SH),370,120930.80,326.84,-7012.87
,,,石头科技(688169.SH),971,469371.69,483.39,-25050.59
,,,中望软件(688083.SH),2037,477330.21,234.33,-5242.77
,,,皓元医药(688131.SH),2052,311678.28,151.89,-4686.52
,,,派能科技(688063.SH),4122,468588.96,113.68,-14340.10
,,,亿华通(688339.SH),1457,211935.22,145.46,-24641.80
,,,惠泰医疗(688617.SH),2306,449670.00,195,-30087.62
2022-03-14,4836253.09,1835751.04,,,,,
,,,道通科技(688208.SH),11655,483449.40,41.48,7181.86
,,,和林微纳(688661.SH),6417,393105.42,61.26,-32677.29
,,,石头科技(688169.SH),971,493957.41,508.71,-464.87
,,,亿华通(688339.SH),1457,222279.92,152.56,-14297.10
,,,皓元医药(688131.SH),2052,334763.28,163.14,18398.48
,,,极米科技(688696.SH),370,125352.30,338.79,-2591.37
,,,惠泰医疗(688617.SH),2306,466273.20,202.2,-13484.42
,,,中信博(688408.SH),2430,212309.10,87.37,-10742.27
,,,之江生物(688317.SH),6089,269012.02,44.18,43749.98
2022-03-11,4912824.53,998237.04,,,,,
,,,迈得医疗(688310.SH),14698,432709.12,29.44,-27218.12
,,,惠泰医疗(688617.SH),2306,495790.00,215,16032.38
,,,皓元医药(688131.SH),2052,357253.20,174.1,40888.40
,,,亿华通(688339.SH),1457,230584.82,158.26,-5992.20
,,,和林微纳(688661.SH),6417,407030.31,63.43,-18752.40
,,,中信博(688408.SH),2430,218068.20,89.74,-4983.17
,,,道通科技(688208.SH),11655,493472.70,42.34,17205.16
,,,前沿生物(688221.SH),29184,592435.20,20.3,141967.63
,,,之江生物(688317.SH),12179,557311.04,45.76,106749.97
,,,极米科技(688696.SH),370,129932.90,351.17,1989.23
2022-03-10,4785162.33,604291.89,,,,,
,,,皓元医药(688131.SH),2052,343874.16,167.58,27509.36
,,,之江生物(688317.SH),12179,500435.11,41.09,49874.04
,,,亿华通(688339.SH),1457,234504.15,160.95,-2072.87
,,,惠泰医疗(688617.SH),2306,477503.42,207.07,-2254.20
,,,迈得医疗(688310.SH),14698,432562.14,29.43,-27365.10
,,,前沿生物(688221.SH),29184,542530.56,18.59,92062.99
,,,和林微纳(688661.SH),6417,408827.07,63.71,-16955.64
,,,中信博(688408.SH),2430,232599.60,95.72,9548.23
,,,键凯科技(688356.SH),1916,456736.08,238.38,59077.21
,,,奥泰生物(688606.SH),3679,551298.15,149.85,86272.08
2022-03-09,4590844.86,62.02,,,,,
,,,皓元医药(688131.SH),2052,323190.00,157.5,6825.20
,,,亿华通(688339.SH),1457,228850.99,157.07,-7726.03
,,,联赢激光(688518.SH),14238,411193.44,28.88,-48610.32
,,,和林微纳(688661.SH),6417,405811.08,63.24,-19971.63
,,,惠泰医疗(688617.SH),2306,454282.00,197,-25475.62
,,,之江生物(688317.SH),12179,455494.60,37.4,4933.53
,,,迈得医疗(688310.SH),14698,423008.44,28.78,-36918.80
,,,中信博(688408.SH),2430,232672.50,95.75,9621.13
,,,键凯科技(688356.SH),1916,452214.32,236.02,54555.45
,,,前沿生物(688221.SH),29184,508677.12,17.43,58209.55
,,,奥泰生物(688606.SH),3679,518739.00,141,53712.93
,,,当虹科技(688039.SH),3803,176649.35,46.45,-20456.20
2022-03-08,4692811.33,425844.73,,,,,
,,,联赢激光(688518.SH),14238,427567.14,30.03,-32236.62
,,,惠泰医疗(688617.SH),2306,461246.12,200.02,-18511.50
,,,亿华通(688339.SH),1457,234577.00,161,-2000.02
,,,之江生物(688317.SH),12179,460122.62,37.78,9561.55
,,,皓元医药(688131.SH),2052,338251.68,164.84,21886.88
,,,前沿生物(688221.SH),29184,496128.00,17,45660.43
,,,当虹科技(688039.SH),3803,181555.22,47.74,-15550.33
,,,中信博(688408.SH),2430,238601.70,98.19,15550.33
,,,迈得医疗(688310.SH),14698,428152.74,29.13,-31774.50
,,,奥泰生物(688606.SH),3679,544124.10,147.9,79098.03
,,,键凯科技(688356.SH),1916,456640.28,238.33,58981.41
2022-03-07,4872925.51,316448.30,,,,,
,,,迈得医疗(688310.SH),14698,448582.96,30.52,-11344.28
,,,亿华通(688339.SH),1457,237476.43,162.99,899.41
,,,中信博(688408.SH),2430,245916.00,101.2,22864.63
,,,前沿生物(688221.SH),29184,549826.56,18.84,99358.99
,,,键凯科技(688356.SH),1916,443304.92,231.37,45646.05
,,,之江生物(688317.SH),12179,508595.04,41.76,58033.97
,,,奥泰生物(688606.SH),3679,576793.62,156.78,111767.55
,,,瑞可达(688800.SH),234,20709.00,88.5,-2186.63
,,,中国电研(688128.SH),18125,406725.00,22.44,-43627.45
,,,当虹科技(688039.SH),3803,184065.20,48.4,-13040.35
,,,联赢激光(688518.SH),14238,448354.62,31.49,-11449.14
,,,惠泰医疗(688617.SH),2306,486127.86,210.81,6370.24
2022-03-04,4917710.00,316448.30,,,,,
,,,联赢激光(688518.SH),14238,471420.18,33.11,11616.42
,,,中国电研(688128.SH),18125,419956.25,23.17,-30396.20
,,,当虹科技(688039.SH),3803,188971.07,49.69,-8134.48
,,,亿华通(688339.SH),1457,249350.98,171.14,12773.96
,,,中信博(688408.SH),2430,256365.00,105.5,33313.63
,,,瑞可达(688800.SH),234,22356.36,95.54,-539.27
,,,之江生物(688317.SH),12179,510056.52,41.88,59495.45
,,,迈得医疗(688310.SH),14698,452698.40,30.8,-7228.84
,,,键凯科技(688356.SH),1916,441561.36,230.46,43902.49
,,,惠泰医疗(688617.SH),2306,490140.30,212.55,10382.68
,,,前沿生物(688221.SH),29184,521518.08,17.87,71050.51
,,,奥泰生物(688606.SH),3679,576867.20,156.8,111841.13
2022-03-03,4918243.98,316448.30,,,,,
,,,奥泰生物(688606.SH),3679,545448.54,148.26,80422.47
,,,迈得医疗(688310.SH),14698,449758.80,30.6,-10168.44
,,,惠泰医疗(688617.SH),2306,495743.88,214.98,15986.26
,,,键凯科技(688356.SH),1916,444282.08,231.88,46623.21
,,,联赢激光(688518.SH),14238,481813.92,33.84,22010.16
,,,当虹科技(688039.SH),3803,191062.72,50.24,-6042.83
,,,亿华通(688339.SH),1457,254071.66,174.38,17494.64
,,,中国电研(688128.SH),18125,425212.50,23.46,-25139.95
,,,中信博(688408.SH),2430,259596.90,106.83,36545.53
,,,瑞可达(688800.SH),234,23397.66,99.99,502.03
,,,前沿生物(688221.SH),29184,535234.56,18.34,84766.99
,,,之江生物(688317.SH),12179,496172.46,40.74,45611.39
2022-03-02,4963615.30,2.57,,,,,
,,,迈得医疗(688310.SH),14698,457401.76,31.12,-2525.48
,,,当虹科技(688039.SH),3803,197717.97,51.99,612.42
,,,虹软科技(688088.SH),9079,315949.20,34.8,-26024.56
,,,之江生物(688317.SH),12179,479852.60,39.4,29291.53
,,,奥泰生物(688606.SH),3679,547104.09,148.71,82078.02
,,,中信博(688408.SH),2430,285719.40,117.58,62668.03
,,,前沿生物(688221.SH),29184,521518.08,17.87,71050.51
,,,键凯科技(688356.SH),1916,451811.96,235.81,54153.09
,,,亿华通(688339.SH),1457,254975.00,175,18397.98
,,,联赢激光(688518.SH),14238,493773.84,34.68,33970.08
,,,中国电研(688128.SH),18125,439531.25,24.25,-10821.20
,,,瑞可达(688800.SH),234,24773.58,105.87,1877.95
,,,惠泰医疗(688617.SH),2306,493484.00,214,13726.38
2022-03-01,4941348.73,2.57,,,,,
,,,之江生物(688317.SH),12179,471327.30,38.7,20766.23
,,,中信博(688408.SH),2430,281491.20,115.84,58439.83
,,,迈得医疗(688310.SH),14698,456519.88,31.06,-3407.36
,,,联赢激光(688518.SH),14238,498045.24,34.98,38241.48
,,,中国电研(688128.SH),18125,443700.00,24.48,-6652.45
,,,奥泰生物(688606.SH),3679,541364.85,147.15,76338.78
,,,瑞可达(688800.SH),234,26205.66,111.99,3310.03
,,,惠泰医疗(688617.SH),2306,493068.92,213.82,13311.30
,,,亿华通(688339.SH),1457,256388.29,175.97,19811.27
,,,虹软科技(688088.SH),9079,321487.39,35.41,-20486.37
,,,键凯科技(688356.SH),1916,440737.48,230.03,43078.61
,,,当虹科技(688039.SH),3803,201749.15,53.05,4643.60
,,,前沿生物(688221.SH),29184,509260.80,17.45,58793.23
2022-02-28,4946103.01,197108.12,,,,,
,,,中信博(688408.SH),2430,284067.00,116.9,61015.63
,,,亿华通(688339.SH),1457,252352.40,173.2,15775.38
,,,奥泰生物(688606.SH),3679,561047.50,152.5,96021.43
,,,虹软科技(688088.SH),9079,329113.75,36.25,-12860.01
,,,迈得医疗(688310.SH),14698,452845.38,30.81,-7081.86
,,,瑞可达(688800.SH),234,25297.74,108.11,2402.11
,,,惠泰医疗(688617.SH),2306,493484.00,214,13726.38
,,,键凯科技(688356.SH),1916,430276.12,224.57,32617.25
,,,中国电研(688128.SH),18125,447143.75,24.67,-3208.70
,,,前沿生物(688221.SH),29184,493793.28,16.92,43325.71
,,,之江生物(688317.SH),12179,475833.53,39.07,25272.46
,,,联赢激光(688518.SH),14238,503740.44,35.38,43936.68
2022-02-25,4946602.40,10.18,,,,,
,,,之江生物(688317.SH),12179,465481.38,38.22,14920.31
,,,迈得医疗(688310.SH),14698,453727.26,30.87,-6199.98
,,,键凯科技(688356.SH),1916,436848.00,228,39189.13
,,,联赢激光(688518.SH),14238,505449.00,35.5,45645.24
,,,奥泰生物(688606.SH),3679,511381.00,139,46354.93
,,,亿华通(688339.SH),1457,252818.64,173.52,16241.62
,,,中信博(688408.SH),2430,280422.00,115.4,57370.63
,,,中国电研(688128.SH),18125,439531.25,24.25,-10821.20
,,,惠泰医疗(688617.SH),2306,501485.82,217.47,21728.20
,,,虹软科技(688088.SH),9079,341279.61,37.59,-694.15
,,,当虹科技(688039.SH),3955,213253.60,53.92,-14602.80
,,,瑞可达(688800.SH),234,26023.14,111.21,3127.51
,,,前沿生物(688221.SH),29184,518891.52,17.78,68423.95
2022-02-24,4768152.65,821741.55,,,,,
,,,迈得医疗(688310.SH),14698,436971.54,29.73,-22955.70
,,,之江生物(688317.SH),12179,450257.63,36.97,-303.44
,,,中国电研(688128.SH),18125,426300.00,23.52,-24052.45
,,,亿华通(688339.SH),1457,249482.11,171.23,12905.09
,,,前沿生物(688221.SH),29184,532899.84,18.26,82432.27
,,,联赢激光(688518.SH),14238,485800.56,34.12,25996.80
,,,瑞可达(688800.SH),234,25744.68,110.02,2849.05
,,,奥泰生物(688606.SH),3679,435520.02,118.38,-29506.05
,,,当虹科技(688039.SH),3955,214756.50,54.3,-13099.90
,,,中信博(688408.SH),2430,276412.50,113.75,53361.13
,,,键凯科技(688356.SH),1916,412265.72,215.17,14606.85
2022-02-23,4817734.16,44.65,,,,,
,,,当虹科技(688039.SH),3955,228084.85,57.67,228.45
,,,联赢激光(688518.SH),14238,507584.70,35.65,47780.94
,,,之江生物(688317.SH),12179,465481.38,38.22,14920.31
,,,亿华通(688339.SH),1457,253838.54,174.22,17261.52
,,,迈得医疗(688310.SH),14698,451228.60,30.7,-8698.64
,,,中信博(688408.SH),4860,552533.40,113.69,106430.65
,,,键凯科技(688356.SH),1916,411135.28,214.58,13476.41
,,,中国电研(688128.SH),18125,446962.50,24.66,-3389.95
,,,瑞可达(688800.SH),234,25353.90,108.35,2458.27
,,,明微电子(688699.SH),3837,545928.36,142.28,35779.36
,,,奥泰生物(688606.SH),3679,455901.68,123.92,-9124.39
,,,前沿生物(688221.SH),29184,473656.32,16.23,23188.75
2022-02-22,4612758.28,44.65,,,,,
,,,中信博(688408.SH),4860,514771.20,105.92,68668.45
,,,之江生物(688317.SH),12179,455494.60,37.4,4933.53
,,,亿华通(688339.SH),1457,241250.06,165.58,4673.04
,,,前沿生物(688221.SH),29184,461690.88,15.82,11223.31
,,,迈得医疗(688310.SH),14698,433591.00,29.5,-26336.24
,,,当虹科技(688039.SH),3955,222350.10,56.22,-5506.30
,,,联赢激光(688518.SH),14238,476830.62,33.49,17026.86
,,,明微电子(688699.SH),3837,512316.24,133.52,2167.24
,,,中国电研(688128.SH),18125,438625.00,24.2,-11727.45
,,,键凯科技(688356.SH),1916,383295.80,200.05,-14363.07
,,,奥泰生物(688606.SH),3679,448948.37,122.03,-16077.70
,,,瑞可达(688800.SH),234,23549.76,100.64,654.13
2022-02-21,4722601.24,44.65,,,,,
,,,明微电子(688699.SH),3837,514925.40,134.2,4776.40
,,,中信博(688408.SH),4860,505440.00,104,59337.25
,,,前沿生物(688221.SH),29184,479493.12,16.43,29025.55
,,,亿华通(688339.SH),1457,245664.77,168.61,9087.75
,,,迈得医疗(688310.SH),14698,438000.40,29.8,-21926.84
,,,之江生物(688317.SH),12179,476807.85,39.15,26246.78
,,,奥泰生物(688606.SH),3679,480109.50,130.5,15083.43
,,,当虹科技(688039.SH),3955,227531.15,57.53,-325.25
,,,键凯科技(688356.SH),1916,390001.80,203.55,-7657.07
,,,联赢激光(688518.SH),14238,487224.36,34.22,27420.60
,,,中国电研(688128.SH),18125,452762.50,24.98,2410.05
,,,瑞可达(688800.SH),234,24595.74,105.11,1700.11
2022-02-18,4712333.89,44.65,,,,,
,,,明微电子(688699.SH),3837,514273.11,134.03,4124.11
,,,迈得医疗(688310.SH),14698,434472.88,29.56,-25454.36
,,,联赢激光(688518.SH),14238,492207.66,34.57,32403.90
,,,奥泰生物(688606.SH),3679,469771.51,127.69,4745.44
,,,之江生物(688317.SH),12179,468891.50,38.5,18330.43
,,,中信博(688408.SH),4860,511758.00,105.3,65655.25
,,,键凯科技(688356.SH),1916,404122.72,210.92,6463.85
,,,当虹科技(688039.SH),3955,221875.50,56.1,-5980.90
,,,前沿生物(688221.SH),29184,465192.96,15.94,14725.39
,,,中国电研(688128.SH),18125,456931.25,25.21,6578.80
,,,亿华通(688339.SH),1457,247588.01,169.93,11010.99
,,,瑞可达(688800.SH),234,25204.14,107.71,2308.51
2022-02-17,4707700.92,44.65,,,,,
,,,亿华通(688339.SH),1457,253110.04,173.72,16533.02
,,,联赢激光(688518.SH),14238,496194.30,34.85,36390.54
,,,键凯科技(688356.SH),1916,408912.72,213.42,11253.85
,,,中国电研(688128.SH),18125,463456.25,25.57,13103.80
,,,当虹科技(688039.SH),3955,223734.35,56.57,-4122.05
,,,中信博(688408.SH),4860,515160.00,106,69057.25
,,,明微电子(688699.SH),3837,523558.65,136.45,13409.65
,,,之江生物(688317.SH),12179,458417.56,37.64,7856.49
,,,瑞可达(688800.SH),234,25608.96,109.44,2713.33
,,,前沿生物(688221.SH),29184,449725.44,15.41,-742.13
,,,迈得医疗(688310.SH),14698,440940.00,30,-18987.24
,,,奥泰生物(688606.SH),3679,448838.00,122,-16188.07
2022-02-16,4666772.89,44.65,,,,,
,,,瑞可达(688800.SH),234,24153.48,103.22,1257.85
,,,亿华通(688339.SH),1457,251259.65,172.45,14682.63
,,,联赢激光(688518.SH),14238,482668.20,33.9,22864.44
,,,前沿生物(688221.SH),29184,452352.00,15.5,1884.43
,,,键凯科技(688356.SH),1916,392569.24,204.89,-5089.63
,,,中信博(688408.SH),4860,500580.00,103,54477.25
,,,中国电研(688128.SH),18125,457656.25,25.25,7303.80
,,,奥泰生物(688606.SH),3679,454761.19,123.61,-10264.88
,,,当虹科技(688039.SH),3955,229390.00,58,1533.60
,,,明微电子(688699.SH),3837,518570.55,135.15,8421.55
,,,之江生物(688317.SH),12179,461827.68,37.92,11266.61
,,,迈得医疗(688310.SH),14698,440940.00,30,-18987.24
2022-02-15,4591556.14,44.65,,,,,
,,,迈得医疗(688310.SH),14698,432709.12,29.44,-27218.12
,,,中信博(688408.SH),4860,490811.40,100.99,44708.65
,,,亿华通(688339.SH),1457,249729.80,171.4,13152.78
,,,中国电研(688128.SH),18125,457656.25,25.25,7303.80
,,,当虹科技(688039.SH),3955,225830.50,57.1,-2025.90
,,,之江生物(688317.SH),12179,450257.63,36.97,-303.44
,,,奥泰生物(688606.SH),3679,440744.20,119.8,-24281.87
,,,联赢激光(688518.SH),14238,465013.08,32.66,5209.32
,,,明微电子(688699.SH),3837,514963.77,134.21,4814.77
,,,瑞可达(688800.SH),234,24371.10,104.15,1475.47
,,,前沿生物(688221.SH),29184,442429.44,15.16,-8038.13
,,,键凯科技(688356.SH),1916,396995.20,207.2,-663.67
2022-02-14,4487179.40,1579282.15,,,,,
,,,奥泰生物(688606.SH),3679,441480.00,120,-23546.07
,,,中信博(688408.SH),4860,459027.00,94.45,12924.25
,,,键凯科技(688356.SH),1916,388334.88,202.68,-9323.99
,,,亿华通(688339.SH),1457,233965.06,160.58,-2611.96
,,,迈得医疗(688310.SH),14698,425948.04,28.98,-33979.20
,,,明微电子(688699.SH),3837,492709.17,128.41,-17439.83
,,,联赢激光(688518.SH),14238,442944.18,31.11,-16859.58
,,,瑞可达(688800.SH),234,23488.92,100.38,593.29
2022-02-11,4448593.29,682764.69,,,,,
,,,亚辉龙(688575.SH),6374,276822.82,43.43,65996.91
,,,之江生物(688317.SH),11660,421975.40,36.19,-54847.06
,,,迈得医疗(688310.SH),14698,440940.00,30,-18987.24
,,,明微电子(688699.SH),3837,496392.69,129.37,-13756.31
,,,键凯科技(688356.SH),1916,382050.40,199.4,-15608.47
,,,前沿生物(688221.SH),28165,419940.15,14.91,-44440.00
,,,联赢激光(688518.SH),14238,441947.52,31.04,-17856.24
,,,君实生物(688180.SH),7927,423698.15,53.45,-53016.06
,,,奥泰生物(688606.SH),3679,439162.23,119.37,-25863.84
,,,瑞可达(688800.SH),234,22899.24,97.86,3.61
2022-02-10,4572845.00,942686.68,,,,,
,,,中信博(688408.SH),4283,419605.51,97.97,-82658.35
,,,之江生物(688317.SH),11660,463834.80,39.78,-12987.66
,,,明微电子(688699.SH),3837,513582.45,133.85,3433.45
,,,奥泰生物(688606.SH),3679,465761.40,126.6,735.33
,,,前沿生物(688221.SH),28165,440782.25,15.65,-23597.90
,,,键凯科技(688356.SH),1916,378774.04,197.69,-18884.83
,,,君实生物(688180.SH),7927,443594.92,55.96,-33119.29
,,,亚辉龙(688575.SH),12749,504222.95,39.55,82538.05
2022-02-09,4688813.13,493704.06,,,,,
,,,亚辉龙(688575.SH),12749,488541.68,38.32,66856.78
,,,键凯科技(688356.SH),1916,386725.44,201.84,-10933.43
,,,前沿生物(688221.SH),28165,453174.85,16.09,-11205.30
,,,奥泰生物(688606.SH),3679,477313.46,129.74,12287.39
,,,君实生物(688180.SH),7927,459131.84,57.92,-17582.37
,,,新风光(688663.SH),12900,451887.00,35.03,-32846.62
,,,明微电子(688699.SH),3837,519146.10,135.3,8997.10
,,,中信博(688408.SH),4283,476697.90,111.3,-25565.96
,,,之江生物(688317.SH),11660,482490.80,41.38,5668.34
2022-02-08,4664468.66,862805.25,,,,,
,,,前沿生物(688221.SH),28165,450921.65,16.01,-13458.50
,,,君实生物(688180.SH),7927,454217.10,57.3,-22497.11
,,,亚辉龙(688575.SH),12749,451442.09,35.41,29757.19
,,,中信博(688408.SH),4283,505822.30,118.1,3558.44
,,,明微电子(688699.SH),3837,505371.27,131.71,-4777.73
,,,新风光(688663.SH),12900,462981.00,35.89,-21752.62
,,,芯源微(688037.SH),3668,495180.00,135,-37866.83
,,,之江生物(688317.SH),11660,475728.00,40.8,-1094.46
2022-02-07,4719778.90,6.47,,,,,
,,,亚辉龙(688575.SH),12749,450932.13,35.37,29247.23
,,,君实生物(688180.SH),7927,466900.30,58.9,-9813.91
,,,前沿生物(688221.SH),28165,441627.20,15.68,-22752.95
,,,新风光(688663.SH),12900,459240.00,35.6,-25493.62
,,,奥泰生物(688606.SH),3779,468596.00,124,-34030.99
,,,芯源微(688037.SH),3668,507247.72,138.29,-25799.11
,,,中信博(688408.SH),4283,533190.67,124.49,30926.81
,,,键凯科技(688356.SH),1970,404184.90,205.17,-46344.11
,,,明微电子(688699.SH),3837,515040.51,134.23,4891.51
,,,之江生物(688317.SH),11660,472813.00,40.55,-4009.46
2022-01-28,4750923.23,1375228.04,,,,,
,,,前沿生物(688221.SH),28165,448386.80,15.92,-15993.35
,,,明微电子(688699.SH),3837,497044.98,129.54,-13104.02
,,,新风光(688663.SH),12900,467754.00,36.26,-16979.62
,,,键凯科技(688356.SH),1970,414606.20,210.46,-35922.81
,,,芯源微(688037.SH),3668,520232.44,141.83,-12814.39
,,,中信博(688408.SH),4283,548266.83,128.01,46002.97
,,,奥泰生物(688606.SH),3779,479403.94,126.86,-23223.05
2022-01-27,4820967.07,464396.19,,,,,
,,,键凯科技(688356.SH),1970,425126.00,215.8,-25403.01
,,,奥泰生物(688606.SH),3779,489909.56,129.64,-12717.43
,,,美迪西(688202.SH),1287,472329.00,367,-37205.54
,,,新风光(688663.SH),12900,468399.00,36.31,-16334.62
,,,芯源微(688037.SH),3668,516160.96,140.72,-16885.87
,,,中信博(688408.SH),4283,547795.70,127.9,45531.84
,,,之江生物(688317.SH),10483,457058.80,43.6,-45181.40
,,,海优新材(688680.SH),2192,472310.24,215.47,-37403.72
,,,明微电子(688699.SH),3837,507481.62,132.26,-2667.38
2022-01-26,4987192.46,450665.75,,,,,
,,,芯源微(688037.SH),3668,545468.28,148.71,12421.45
,,,美迪西(688202.SH),1287,488802.60,379.8,-20731.94
,,,奥泰生物(688606.SH),3779,490363.04,129.76,-12263.95
,,,前沿生物(688221.SH),27432,463326.48,16.89,-46707.81
,,,之江生物(688317.SH),10483,483580.79,46.13,-18659.41
,,,海优新材(688680.SH),2192,492893.12,224.86,-16820.84
,,,中信博(688408.SH),4283,565356.00,132,63092.14
,,,明微电子(688699.SH),3837,522599.40,136.2,12450.40
,,,新风光(688663.SH),12900,484137.00,37.53,-596.62
2022-01-25,4996261.58,987396.24,,,,,
,,,前沿生物(688221.SH),27432,478414.08,17.44,-31620.21
,,,明微电子(688699.SH),3837,518033.37,135.01,7884.37
,,,中信博(688408.SH),4283,553920.39,129.33,51656.53
,,,芯源微(688037.SH),3668,533473.92,145.44,427.09
,,,之江生物(688317.SH),10483,480855.21,45.87,-21384.99
,,,海优新材(688680.SH),2192,504269.60,230.05,-5444.36
,,,美迪西(688202.SH),1287,488866.95,379.85,-20667.59
,,,圣诺生物(688117.SH),13614,451031.82,33.13,-63123.85
2022-01-24,5096761.44,3026828.04,,,,,
,,,之江生物(688317.SH),10483,497942.50,47.5,-4297.70
,,,圣诺生物(688117.SH),13614,483297.00,35.5,-30858.67
,,,中信博(688408.SH),4283,536659.90,125.3,34396.04
,,,芯源微(688037.SH),3668,552034.00,150.5,18987.17
2022-01-21,5038315.11,2591280.15,,,,,
,,,圣诺生物(688117.SH),13614,481527.18,35.37,-32628.49
,,,芯源微(688037.SH),3668,508311.44,138.58,-24735.39
,,,阳光诺和(688621.SH),5137,472706.74,92.02,-61740.59
,,,迈得医疗(688310.SH),14399,475167.00,33,-54780.68
,,,海优新材(688680.SH),2313,509322.60,220.2,-23891.30
2022-01-20,5149743.02,2128118.42,,,,,
,,,迈得医疗(688310.SH),14399,494173.68,34.32,-35774.00
,,,芯源微(688037.SH),3668,506220.68,138.01,-26826.15
,,,阳光诺和(688621.SH),5137,499265.03,97.19,-35182.30
,,,聚石化学(688669.SH),13438,484439.90,36.05,-40847.80
,,,海优新材(688680.SH),2313,527364.00,228,-5849.90
,,,中信博(688408.SH),4337,510161.31,117.63,-28559.64
2022-01-19,5289832.31,2658066.10,,,,,
,,,阳光诺和(688621.SH),5137,534248.00,104,-199.33
,,,聚石化学(688669.SH),13438,502581.20,37.4,-22706.50
,,,中信博(688408.SH),4337,524777.00,121,-13943.95
,,,海优新材(688680.SH),2313,546076.17,236.09,12862.27
,,,芯源微(688037.SH),3668,524083.84,142.88,-8962.99
2022-01-18,5394502.86,2180625.65,,,,,
,,,中信博(688408.SH),4337,550799.00,127,12078.05
,,,阳光诺和(688621.SH),5137,549556.26,106.98,15108.93
,,,华纳药厂(688799.SH),11551,479019.97,41.47,-59568.78
,,,海优新材(688680.SH),2313,567610.20,245.4,34396.30
,,,芯源微(688037.SH),3668,551006.96,150.22,17960.13
,,,聚石化学(688669.SH),13438,515884.82,38.39,-9402.88
2022-01-17,5467184.22,2180625.65,,,,,
,,,阳光诺和(688621.SH),5137,560909.03,109.19,26461.70
,,,海优新材(688680.SH),2313,569529.99,246.23,36316.09
,,,芯源微(688037.SH),3668,552951.00,150.75,19904.17
,,,华纳药厂(688799.SH),11551,513441.95,44.45,-25146.80
,,,聚石化学(688669.SH),13438,532682.32,39.64,7394.62
,,,中信博(688408.SH),4337,557044.28,128.44,18323.33
2022-01-14,5381241.28,3257935.35,,,,,
,,,海优新材(688680.SH),2313,538535.79,232.83,5321.89
,,,芯源微(688037.SH),3668,506184.00,138,-26862.83
,,,聚石化学(688669.SH),13438,526769.60,39.2,1481.90
,,,阳光诺和(688621.SH),5137,551816.54,107.42,17369.21
2022-01-13,5349365.96,2751861.19,,,,,
,,,芯源微(688037.SH),3668,499068.08,136.06,-33978.75
,,,聚石化学(688669.SH),13438,540879.50,40.25,15591.80
,,,阳光诺和(688621.SH),5137,545549.40,106.2,11102.07
,,,中信博(688408.SH),4107,505900.26,123.18,-41463.91
,,,海优新材(688680.SH),2313,506107.53,218.81,-27106.37
2022-01-12,5478612.45,3299225.35,,,,,
,,,阳光诺和(688621.SH),5137,574316.60,111.8,39869.27
,,,聚石化学(688669.SH),13438,547598.50,40.75,22310.80
,,,海优新材(688680.SH),2313,536616.00,232,3402.10
,,,芯源微(688037.SH),3668,520856.00,142,-12190.83
2022-01-11,5337004.52,2062936.18,,,,,
,,,中信博(688408.SH),3753,474716.97,126.49,-59811.24
,,,芯源微(688037.SH),3668,512969.80,139.85,-20077.03
,,,阳光诺和(688621.SH),5137,535480.88,104.24,1033.55
,,,亚辉龙(688575.SH),16568,718719.84,43.38,189482.91
,,,聚石化学(688669.SH),13438,522603.82,38.89,-2683.88
,,,海优新材(688680.SH),2313,509577.03,220.31,-23636.87
2022-01-10,5312994.52,3129196.91,,,,,
,,,阳光诺和(688621.SH),5137,544778.85,106.05,10331.52
,,,中信博(688408.SH),3753,512509.68,136.56,-22018.53
,,,聚石化学(688669.SH),13438,527575.88,39.26,2288.18
,,,亚辉龙(688575.SH),16568,598933.20,36.15,69696.27
2022-01-07,5314863.35,3694509.62,,,,,
,,,惠泰医疗(688617.SH),2089,500211.05,239.45,-44178.50
,,,聚石化学(688669.SH),13438,544239.00,40.5,18951.30
,,,亚辉龙(688575.SH),16568,575903.68,34.76,46666.75
2022-01-06,5346387.24,3694509.62,,,,,
,,,惠泰医疗(688617.SH),2089,507376.32,242.88,-37013.23
,,,亚辉龙(688575.SH),16568,549063.52,33.14,19826.59
,,,聚石化学(688669.SH),13438,595437.78,44.31,70150.08
2022-01-05,5383515.87,2651442.91,,,,,
,,,惠泰医疗(688617.SH),2089,533739.50,255.5,-10650.05
,,,悦康药业(688658.SH),21026,557609.52,26.52,54353.51
,,,博力威(688345.SH),8768,499337.60,56.95,-33401.37
,,,聚石化学(688669.SH),13438,600275.46,44.67,74987.76
,,,亚辉龙(688575.SH),16568,541110.88,32.66,11873.95
2022-01-04,5444235.42,2645107.26,,,,,
,,,亚辉龙(688575.SH),16568,559170.00,33.75,29933.07
,,,聚石化学(688669.SH),13438,631451.62,46.99,106163.92
,,,富信科技(688662.SH),12711,544030.80,42.8,38243.16
,,,博力威(688345.SH),8768,513804.80,58.6,-18934.17
,,,悦康药业(688658.SH),21026,550670.94,26.19,47414.93
2021-12-31,5535918.52,2645107.26,,,,,
,,,聚石化学(688669.SH),13438,630914.10,46.95,105626.40
,,,悦康药业(688658.SH),21026,624682.46,29.71,121426.45
,,,博力威(688345.SH),8768,522572.80,59.6,-10166.17
,,,亚辉龙(688575.SH),16568,572424.40,34.55,43187.47
,,,富信科技(688662.SH),12711,540217.50,42.5,34429.86
2021-12-30,5537704.22,2645107.26,,,,,
,,,富信科技(688662.SH),12711,551657.40,43.4,45869.76
,,,聚石化学(688669.SH),13438,606322.56,45.12,81034.86
,,,悦康药业(688658.SH),21026,591671.64,28.14,88415.63
,,,博力威(688345.SH),8768,526781.44,60.08,-5957.53
,,,亚辉龙(688575.SH),16568,616163.92,37.19,86926.99
2021-12-29,5333703.74,2645107.26,,,,,
,,,悦康药业(688658.SH),21026,512403.62,24.37,9147.61
,,,聚石化学(688669.SH),13438,505268.80,37.6,-20018.90
,,,博力威(688345.SH),8768,524238.72,59.79,-8500.25
,,,亚辉龙(688575.SH),16568,588164.00,35.5,58927.07
,,,富信科技(688662.SH),12711,558521.34,43.94,52733.70
2021-12-28,5341729.52,2645107.26,,,,,
,,,聚石化学(688669.SH),13438,506209.46,37.67,-19078.24
,,,亚辉龙(688575.SH),16568,555028.00,33.5,25791.07
,,,悦康药业(688658.SH),21026,515347.26,24.51,12091.25
,,,富信科技(688662.SH),12711,578350.50,45.5,72562.86
,,,博力威(688345.SH),8768,541687.04,61.78,8948.07
2021-12-27,5309735.02,3177846.22,,,,,
,,,悦康药业(688658.SH),21026,497475.16,23.66,-5780.85
,,,聚石化学(688669.SH),13438,526500.84,39.18,1213.14
,,,富信科技(688662.SH),12711,569452.80,44.8,63665.16
,,,亚辉龙(688575.SH),16568,538460.00,32.5,9223.07
2021-12-24,5289540.96,3707083.15,,,,,
,,,富信科技(688662.SH),12711,547716.99,43.09,41929.35
,,,悦康药业(688658.SH),21026,489695.54,23.29,-13560.47
,,,聚石化学(688669.SH),13438,545045.28,40.56,19757.58
2021-12-23,5247858.45,4232370.85,,,,,
,,,悦康药业(688658.SH),21026,497895.68,23.68,-5360.33
,,,富信科技(688662.SH),12711,517591.92,40.72,11804.28
2021-12-22,5238803.99,4232370.85,,,,,
,,,富信科技(688662.SH),12711,510219.54,40.14,4431.90
,,,悦康药业(688658.SH),21026,496213.60,23.6,-7042.41
2021-12-21,5237865.49,4232370.85,,,,,
,,,悦康药业(688658.SH),21026,497054.64,23.64,-6201.37
,,,富信科技(688662.SH),12711,508440.00,40,2652.36
2021-12-20,5147666.09,3549629.57,,,,,
,,,亚辉龙(688575.SH),17125,595950.00,34.8,90286.84
,,,富信科技(688662.SH),12711,508185.78,39.98,2398.14
,,,悦康药业(688658.SH),21026,493900.74,23.49,-9355.27
2021-12-17,5035081.27,3305920.24,,,,,
,,,聚石化学(688669.SH),6573,245304.36,37.32,13007.18
,,,亚辉龙(688575.SH),17125,496625.00,29,-9038.16
,,,富信科技(688662.SH),12711,506787.57,39.87,999.93
,,,悦康药业(688658.SH),21026,480444.10,22.85,-22811.91
2021-12-16,5075159.40,3305920.24,,,,,
,,,聚石化学(688669.SH),6573,248590.86,37.82,16293.68
,,,富信科技(688662.SH),12711,523057.65,41.15,17270.01
,,,亚辉龙(688575.SH),17125,510838.75,29.83,5175.59
,,,悦康药业(688658.SH),21026,486751.90,23.15,-16504.11
2021-12-15,5077684.19,3305920.24,,,,,
,,,富信科技(688662.SH),12711,532590.90,41.9,26803.26
,,,悦康药业(688658.SH),21026,478972.28,22.78,-24283.73
,,,聚石化学(688669.SH),6573,257924.52,39.24,25627.34
,,,亚辉龙(688575.SH),17125,502276.25,29.33,-3386.91
2021-12-14,5121912.41,3305920.24,,,,,
,,,亚辉龙(688575.SH),17125,513750.00,30,8086.84
,,,悦康药业(688658.SH),21026,485490.34,23.09,-17765.67
,,,富信科技(688662.SH),12711,538056.63,42.33,32268.99
,,,聚石化学(688669.SH),6573,278695.20,42.4,46398.02
2021-12-13,5095559.82,3305920.24,,,,,
,,,聚石化学(688669.SH),6573,281981.70,42.9,49684.52
,,,亚辉龙(688575.SH),17125,505016.25,29.49,-646.91
,,,悦康药业(688658.SH),21026,482126.18,22.93,-21129.83
,,,富信科技(688662.SH),12711,520515.45,40.95,14727.81
2021-12-10,5076721.01,3305920.24,,,,,
,,,聚石化学(688669.SH),6573,276066.00,42,43768.82
,,,富信科技(688662.SH),12711,508440.00,40,2652.36
,,,悦康药业(688658.SH),21026,484018.52,23.02,-19237.49
,,,亚辉龙(688575.SH),17125,502276.25,29.33,-3386.91
2021-12-09,5091185.62,3305920.24,,,,,
,,,富信科技(688662.SH),12711,509965.32,40.12,4177.68
,,,悦康药业(688658.SH),21026,483387.74,22.99,-19868.27
,,,聚石化学(688669.SH),6573,281587.32,42.84,49290.14
,,,亚辉龙(688575.SH),17125,510325.00,29.8,4661.84
2021-12-08,5079745.13,3017552.51,,,,,
,,,富信科技(688662.SH),12711,513143.07,40.37,7355.43
,,,亚辉龙(688575.SH),17125,487377.50,28.46,-18285.66
,,,聚石化学(688669.SH),13147,579125.35,44.05,114495.66
,,,悦康药业(688658.SH),21026,482546.70,22.95,-20709.31
2021-12-07,5030089.57,3017552.51,,,,,
,,,亚辉龙(688575.SH),17125,486007.50,28.38,-19655.66
,,,悦康药业(688658.SH),21026,481285.14,22.89,-21970.87
,,,聚石化学(688669.SH),13147,540999.05,41.15,76369.36
,,,富信科技(688662.SH),12711,504245.37,39.67,-1542.27
2021-12-06,5047766.47,3094351.37,,,,,
,,,九联科技(688609.SH),33040,424564.00,12.85,-37404.36
,,,亚辉龙(688575.SH),17125,491487.50,28.7,-14175.66
,,,聚石化学(688669.SH),13147,540999.05,41.15,76369.36
,,,富信科技(688662.SH),12711,496364.55,39.05,-9423.09
2021-12-03,5061529.77,3642962.60,,,,,
,,,中国电研(688128.SH),7648,303319.68,39.66,79177.68
,,,先惠技术(688155.SH),1201,160513.65,133.65,39451.20
,,,九联科技(688609.SH),33040,440423.20,13.33,-21545.16
,,,聚石化学(688669.SH),13147,514310.64,39.12,49680.95
2021-12-02,5037181.43,3344872.87,,,,,
,,,九联科技(688609.SH),33040,440753.60,13.34,-21214.76
,,,聚石化学(688669.SH),13147,500506.29,38.07,35876.60
,,,中国电研(688128.SH),15297,597500.82,39.06,149187.52
,,,先惠技术(688155.SH),1201,153547.85,127.85,32485.40
2021-12-01,4999916.69,3192604.72,,,,,
,,,先惠技术(688155.SH),1201,157931.50,131.5,36869.05
,,,九联科技(688609.SH),33040,465864.00,14.1,3895.64
,,,泽璟制药(688266.SH),2435,152090.10,62.46,-12845.78
,,,聚石化学(688669.SH),13147,494195.73,37.59,29566.04
,,,中国电研(688128.SH),15297,537230.64,35.12,88917.34
2021-11-30,4978600.88,3192604.72,,,,,
,,,泽璟制药(688266.SH),2435,152650.15,62.69,-12285.73
,,,聚石化学(688669.SH),13147,479602.56,36.48,14972.87
,,,先惠技术(688155.SH),1201,154448.60,128.6,33386.15
,,,九联科技(688609.SH),33040,466194.40,14.11,4226.04
,,,中国电研(688128.SH),15297,533100.45,34.85,84787.15
2021-11-29,4978811.95,3192604.72,,,,,
,,,先惠技术(688155.SH),1201,147710.99,122.99,26648.54
,,,中国电研(688128.SH),15297,550386.06,35.98,102072.76
,,,九联科技(688609.SH),33040,456943.20,13.83,-5025.16
,,,泽璟制药(688266.SH),2435,153405.00,63,-11530.88
,,,聚石化学(688669.SH),13147,477761.98,36.34,13132.29
2021-11-26,4969962.21,1745765.54,,,,,
,,,热景生物(688068.SH),2448,283870.08,115.96,50505.15
,,,中望软件(688083.SH),1321,453036.95,342.95,55825.22
,,,晶丰明源(688368.SH),568,189996.00,334.5,7863.39
,,,中国电研(688128.SH),15297,553904.37,36.21,105591.07
,,,乐鑫科技(688018.SH),1217,241404.12,198.36,42845.10
,,,九联科技(688609.SH),33040,464212.00,14.05,2243.64
,,,寒武纪(688256.SH),2650,258587.00,97.58,59937.54
,,,先惠技术(688155.SH),1201,148899.98,123.98,27837.53
,,,聚石化学(688669.SH),13147,473423.47,36.01,8793.78
,,,泽璟制药(688266.SH),2435,156862.70,64.42,-8073.18
2021-11-25,5005383.58,1745765.54,,,,,
,,,先惠技术(688155.SH),1201,146509.99,121.99,25447.54
,,,热景生物(688068.SH),2448,286416.00,117,53051.07
,,,中望软件(688083.SH),1321,457700.08,346.48,60488.35
,,,九联科技(688609.SH),33040,476436.80,14.42,14468.44
,,,中国电研(688128.SH),15297,547479.63,35.79,99166.33
,,,乐鑫科技(688018.SH),1217,246174.76,202.28,47615.74
,,,聚石化学(688669.SH),13147,474212.29,36.07,9582.60
,,,泽璟制药(688266.SH),2435,158153.25,64.95,-6782.63
,,,晶丰明源(688368.SH),568,199044.24,350.43,16911.63
,,,寒武纪(688256.SH),2650,267491.00,100.94,68841.54
2021-11-24,4966487.03,1494845.66,,,,,
,,,中国电研(688128.SH),15297,540595.98,35.34,92282.68
,,,九联科技(688609.SH),33040,490313.60,14.84,28345.24
,,,晶丰明源(688368.SH),568,188757.76,332.32,6625.15
,,,泽璟制药(688266.SH),2435,155888.70,64.02,-9047.18
,,,寒武纪(688256.SH),5300,506362.00,95.54,109063.07
,,,聚石化学(688669.SH),13147,477104.63,36.29,12474.94
,,,乐鑫科技(688018.SH),1217,255898.59,210.27,57339.57
,,,先惠技术(688155.SH),1201,145296.98,120.98,24234.53
,,,热景生物(688068.SH),2448,270724.32,110.59,37359.39
,,,中望软件(688083.SH),1321,440698.81,333.61,43487.08
2021-11-23,4911815.10,1082439.31,,,,,
,,,乐鑫科技(688018.SH),2435,517023.55,212.33,119742.36
,,,晶丰明源(688368.SH),568,187036.72,329.29,4904.11
,,,热景生物(688068.SH),2448,268643.52,109.74,35278.59
,,,中国电研(688128.SH),15297,531570.75,34.75,83257.45
,,,九联科技(688609.SH),33040,494608.80,14.97,32640.44
,,,寒武纪(688256.SH),5300,455694.00,85.98,58395.07
,,,聚石化学(688669.SH),13147,472634.65,35.95,8004.96
,,,中望软件(688083.SH),1321,445454.41,337.21,48242.68
,,,泽璟制药(688266.SH),2435,155060.80,63.68,-9875.08
,,,先惠技术(688155.SH),2403,301648.59,125.53,59422.89
2021-11-22,4764498.95,1082439.31,,,,,
,,,乐鑫科技(688018.SH),2435,477820.05,196.23,80538.86
,,,九联科技(688609.SH),33040,475445.60,14.39,13477.24
,,,寒武纪(688256.SH),5300,459351.00,86.67,62052.07
,,,聚石化学(688669.SH),13147,465403.80,35.4,774.11
,,,中国电研(688128.SH),15297,481855.50,31.5,33542.20
,,,中望软件(688083.SH),1321,439245.71,332.51,42033.98
,,,热景生物(688068.SH),2448,242107.20,98.9,8742.27
,,,泽璟制药(688266.SH),2435,156716.60,64.36,-8219.28
,,,先惠技术(688155.SH),2403,289273.14,120.38,47047.44
,,,晶丰明源(688368.SH),568,194841.04,343.03,12708.43
2021-11-19,4697907.05,1082439.31,,,,,
,,,九联科技(688609.SH),33040,471480.80,14.27,9512.44
,,,乐鑫科技(688018.SH),2435,472390.00,194,75108.81
,,,热景生物(688068.SH),2448,236550.24,96.63,3185.31
,,,中望软件(688083.SH),1321,433565.41,328.21,36353.68
,,,中国电研(688128.SH),15297,477725.31,31.23,29412.01
,,,聚石化学(688669.SH),13147,465140.86,35.38,511.17
,,,晶丰明源(688368.SH),568,179658.40,316.3,-2474.21
,,,先惠技术(688155.SH),2403,278243.37,115.79,36017.67
,,,泽璟制药(688266.SH),2435,156838.35,64.41,-8097.53
,,,寒武纪(688256.SH),5300,443875.00,83.75,46576.07
2021-11-18,4642326.06,1547069.01,,,,,
,,,寒武纪(688256.SH),5300,440960.00,83.2,43661.07
,,,先惠技术(688155.SH),2403,267934.50,111.5,25708.80
,,,中望软件(688083.SH),1321,417422.79,315.99,20211.06
,,,晶丰明源(688368.SH),568,178920.00,315,-3212.61
,,,中国电研(688128.SH),15297,484608.96,31.68,36295.66
,,,九联科技(688609.SH),33040,458925.60,13.89,-3042.76
,,,乐鑫科技(688018.SH),2435,452910.00,186,55628.81
,,,热景生物(688068.SH),2448,235008.00,96,1643.07
,,,泽璟制药(688266.SH),2435,158567.20,65.12,-6368.68
2021-11-17,4640453.30,847562.12,,,,,
,,,中国电研(688128.SH),15297,461204.55,30.15,12891.25
,,,热景生物(688068.SH),2448,239904.00,98,6539.07
,,,诺禾致源(688315.SH),9056,435865.28,48.13,61173.56
,,,九联科技(688609.SH),33040,473132.80,14.32,11164.44
,,,乐鑫科技(688018.SH),2435,453202.20,186.12,55921.01
,,,寒武纪(688256.SH),5300,440006.00,83.02,42707.07
,,,泽璟制药(688266.SH),2435,162317.10,66.66,-2618.78
,,,晶丰明源(688368.SH),568,180169.60,317.2,-1963.01
,,,安集科技(688019.SH),871,260037.05,298.55,64283.40
,,,中望软件(688083.SH),1321,417436.00,316,20224.27
,,,先惠技术(688155.SH),2403,269616.60,112.2,27390.90
2021-11-16,4573026.31,847562.12,,,,,
,,,先惠技术(688155.SH),2403,253252.17,105.39,11026.47
,,,诺禾致源(688315.SH),9056,405074.88,44.73,30383.16
,,,泽璟制药(688266.SH),2435,161148.30,66.18,-3787.58
,,,九联科技(688609.SH),33040,481392.80,14.57,19424.44
,,,中国电研(688128.SH),15297,427857.09,27.97,-20456.21
,,,中望软件(688083.SH),1321,427435.97,323.57,30224.24
,,,安集科技(688019.SH),871,247816.92,284.52,52063.27
,,,晶丰明源(688368.SH),568,180913.68,318.51,-1218.93
,,,乐鑫科技(688018.SH),2435,458997.50,188.5,61716.31
,,,热景生物(688068.SH),2448,241886.88,98.81,8521.95
,,,寒武纪(688256.SH),5300,439688.00,82.96,42389.07
2021-11-15,4617281.62,847562.12,,,,,
,,,先惠技术(688155.SH),2403,261158.04,108.68,18932.34
,,,安集科技(688019.SH),871,249672.15,286.65,53918.50
,,,九联科技(688609.SH),33040,481723.20,14.58,19754.84
,,,中望软件(688083.SH),1321,422825.68,320.08,25613.95
,,,中国电研(688128.SH),15297,454779.81,29.73,6466.51
,,,诺禾致源(688315.SH),9056,395203.84,43.64,20512.12
,,,热景生物(688068.SH),2448,245901.60,100.45,12536.67
,,,寒武纪(688256.SH),5300,457920.00,86.4,60621.07
,,,乐鑫科技(688018.SH),2435,453713.55,186.33,56432.36
,,,晶丰明源(688368.SH),568,183554.88,323.16,1422.27
,,,泽璟制药(688266.SH),2435,163266.75,67.05,-1669.13
2021-11-12,4592596.70,776002.62,,,,,
,,,寒武纪(688256.SH),5300,454051.00,85.67,56752.07
,,,安集科技(688019.SH),871,247851.76,284.56,52098.11
,,,热景生物(688068.SH),2448,236134.08,96.46,2769.15
,,,阿拉丁(688179.SH),6643,537285.84,80.88,144447.15
,,,诺禾致源(688315.SH),9056,387234.56,42.76,12542.84
,,,晶丰明源(688368.SH),568,186326.72,328.04,4194.11
,,,乐鑫科技(688018.SH),2435,425418.85,174.71,28137.66
,,,泽璟制药(688266.SH),2435,162195.35,66.61,-2740.53
,,,中国电研(688128.SH),15297,472830.27,30.91,24516.97
,,,中望软件(688083.SH),1321,446299.85,337.85,49088.12
,,,先惠技术(688155.SH),2403,260965.80,108.6,18740.10
2021-11-11,4436761.87,613308.90,,,,,
,,,中望软件(688083.SH),1321,439364.60,332.6,42152.87
,,,阿拉丁(688179.SH),6643,447738.20,67.4,54899.51
,,,先惠技术(688155.SH),2403,253949.04,105.68,11723.34
,,,乐鑫科技(688018.SH),2435,426003.25,174.95,28722.06
,,,寒武纪(688256.SH),5300,446366.00,84.22,49067.07
,,,金盘科技(688676.SH),19822,518741.74,26.17,126952.62
,,,安集科技(688019.SH),1742,495720.94,284.57,104213.65
,,,热景生物(688068.SH),2448,231776.64,94.68,-1588.29
,,,晶丰明源(688368.SH),568,188059.12,331.09,5926.51
,,,诺禾致源(688315.SH),9056,375733.44,41.49,1041.72
2021-11-10,4302313.33,613308.90,,,,,
,,,热景生物(688068.SH),2448,231213.60,94.45,-2151.33
,,,寒武纪(688256.SH),5300,444935.00,83.95,47636.07
,,,安集科技(688019.SH),1742,480792.00,276,89284.71
,,,金盘科技(688676.SH),19822,432317.82,21.81,40528.70
,,,中望软件(688083.SH),1321,437251.00,331,40039.27
,,,晶丰明源(688368.SH),568,186065.44,327.58,3932.83
,,,诺禾致源(688315.SH),9056,375642.88,41.48,951.16
,,,先惠技术(688155.SH),2403,248998.86,103.62,6773.16
,,,乐鑫科技(688018.SH),2435,421255.00,173,23973.81
,,,阿拉丁(688179.SH),6643,430532.83,64.81,37694.14
2021-11-09,4320505.63,101756.28,,,,,
,,,热景生物(688068.SH),2448,227664.00,93,-5700.93
,,,芯碁微装(688630.SH),1466,102854.56,70.16,26373.71
,,,诺禾致源(688315.SH),9056,378359.68,41.78,3667.96
,,,阿拉丁(688179.SH),6643,431462.85,64.95,38624.16
,,,金盘科技(688676.SH),19822,443219.92,22.36,51430.80
,,,安集科技(688019.SH),1742,479398.40,275.2,87891.11
,,,晶丰明源(688368.SH),568,185741.68,327.01,3609.07
,,,寒武纪(688256.SH),5300,450500.00,85,53201.07
,,,智明达(688636.SH),2800,411572.00,146.99,45920.71
,,,乐鑫科技(688018.SH),2435,422740.35,173.61,25459.16
,,,中望软件(688083.SH),1321,439457.07,332.67,42245.34
,,,先惠技术(688155.SH),2403,245778.84,102.28,3553.14
2021-11-08,4164850.47,59.12,,,,,
,,,阿拉丁(688179.SH),6643,422229.08,63.56,29390.39
,,,中望软件(688083.SH),1321,428994.75,324.75,31783.02
,,,智明达(688636.SH),2800,388416.00,138.72,22764.71
,,,热景生物(688068.SH),2448,223918.56,91.47,-9446.37
,,,寒武纪(688256.SH),5300,434017.00,81.89,36718.07
,,,芯碁微装(688630.SH),2932,194538.20,66.35,41576.50
,,,晶丰明源(688368.SH),568,177676.08,312.81,-4456.53
,,,安集科技(688019.SH),1742,423131.80,242.9,31624.51
,,,诺禾致源(688315.SH),9056,372835.52,41.17,-1856.20
,,,先惠技术(688155.SH),2403,245106.00,102,2880.30
,,,乐鑫科技(688018.SH),2435,412294.20,169.32,15013.01
,,,金盘科技(688676.SH),19822,441634.16,22.28,49845.04
2021-11-05,4202235.14,242284.82,,,,,
,,,芯碁微装(688630.SH),2932,189201.96,64.53,36240.26
,,,乐鑫科技(688018.SH),2435,422155.95,173.37,24874.76
,,,热景生物(688068.SH),2448,232927.20,95.15,-437.73
,,,诺禾致源(688315.SH),9056,386057.28,42.63,11365.56
,,,中望软件(688083.SH),1321,439642.01,332.81,42430.28
,,,阿拉丁(688179.SH),6643,428340.64,64.48,35501.95
,,,安集科技(688019.SH),1742,403273.00,231.5,11765.71
,,,智明达(688636.SH),2800,384496.00,137.32,18844.71
,,,寒武纪(688256.SH),5300,451030.00,85.1,53731.07
,,,晶丰明源(688368.SH),568,183174.32,322.49,1041.71
,,,金盘科技(688676.SH),19822,439651.96,22.18,47862.84
2021-11-04,4231171.34,82.92,,,,,
,,,金盘科技(688676.SH),19822,463438.36,23.38,71649.24
,,,热景生物(688068.SH),2448,234542.88,95.81,1177.95
,,,中望软件(688083.SH),1321,452310.40,342.4,55098.67
,,,广大特材(688186.SH),3934,239580.60,60.9,59619.77
,,,乐鑫科技(688018.SH),2435,420159.25,172.55,22878.06
,,,寒武纪(688256.SH),5300,447214.00,84.38,49915.07
,,,晶丰明源(688368.SH),568,190848.00,336,8715.39
,,,阿拉丁(688179.SH),6643,435448.65,65.55,42609.96
,,,诺禾致源(688315.SH),9056,399369.60,44.1,24677.88
,,,智明达(688636.SH),2800,391104.00,139.68,25452.71
,,,芯碁微装(688630.SH),2932,176828.92,60.31,23867.22
,,,安集科技(688019.SH),1742,380243.76,218.28,-11263.53
2021-11-03,3974784.67,233447.84,,,,,
,,,广大特材(688186.SH),3934,204056.58,51.87,24095.75
,,,安集科技(688019.SH),1742,383570.98,220.19,-7936.31
,,,寒武纪(688256.SH),5300,417693.00,78.81,20394.07
,,,晶丰明源(688368.SH),568,180044.64,316.98,-2087.97
,,,阿拉丁(688179.SH),6643,388947.65,58.55,-3891.04
,,,中望软件(688083.SH),1321,425044.96,321.76,27833.23
,,,智明达(688636.SH),2800,393680.00,140.6,28028.71
,,,乐鑫科技(688018.SH),2435,414339.60,170.16,17058.41
,,,诺禾致源(688315.SH),9056,374103.36,41.31,-588.36
,,,金盘科技(688676.SH),19822,401791.94,20.27,10002.82
,,,芯碁微装(688630.SH),2932,158064.12,53.91,5102.42
2021-11-02,3985001.23,48.30,,,,,
,,,安集科技(688019.SH),1742,384738.12,220.86,-6769.17
,,,芯碁微装(688630.SH),2932,156862.00,53.5,3900.30
,,,乐鑫科技(688018.SH),2435,421035.85,172.91,23754.66
,,,阿拉丁(688179.SH),6643,386888.32,58.24,-5950.37
,,,诺禾致源(688315.SH),9056,371386.56,41.01,-3305.16
,,,寒武纪(688256.SH),5300,417375.00,78.75,20076.07
,,,中望软件(688083.SH),1321,412627.56,312.36,15415.83
,,,当虹科技(688039.SH),4993,234271.56,46.92,-22058.26
,,,广大特材(688186.SH),3934,194457.62,49.43,14496.79
,,,智明达(688636.SH),2800,401884.00,143.53,36232.71
,,,晶丰明源(688368.SH),568,184191.04,324.28,2058.43
,,,金盘科技(688676.SH),19822,419235.30,21.15,27446.18
2021-11-01,4047371.69,48.30,,,,,
,,,安集科技(688019.SH),1742,391984.84,225.02,477.55
,,,广大特材(688186.SH),3934,200830.70,51.05,20869.87
,,,乐鑫科技(688018.SH),2435,422472.50,173.5,25191.31
,,,晶丰明源(688368.SH),568,179374.40,315.8,-2758.21
,,,中望软件(688083.SH),1321,411029.15,311.15,13817.42
,,,寒武纪(688256.SH),5300,423364.00,79.88,26065.07
,,,芯碁微装(688630.SH),2932,156832.68,53.49,3870.98
,,,阿拉丁(688179.SH),6643,391937.00,59,-901.69
,,,诺禾致源(688315.SH),9056,382887.68,42.28,8195.96
,,,智明达(688636.SH),2800,405440.00,144.8,39788.71
,,,金盘科技(688676.SH),19822,432119.60,21.8,40330.48
,,,当虹科技(688039.SH),4993,249050.84,49.88,-7278.98
2021-10-29,3987174.19,256378.12,,,,,
,,,智明达(688636.SH),2800,374668.00,133.81,9016.71
,,,中望软件(688083.SH),1321,392416.26,297.06,-4795.47
,,,安集科技(688019.SH),1742,412819.16,236.98,21311.87
,,,寒武纪(688256.SH),5300,406033.00,76.61,8734.07
,,,芯碁微装(688630.SH),2932,154956.20,52.85,1994.50
,,,乐鑫科技(688018.SH),2435,398609.50,163.7,1328.31
,,,金盘科技(688676.SH),19822,418640.64,21.12,26851.52
,,,广大特材(688186.SH),3934,211295.14,53.71,31334.31
,,,阿拉丁(688179.SH),6643,405156.57,60.99,12317.88
,,,晶丰明源(688368.SH),568,174944.00,308,-7188.61
,,,诺禾致源(688315.SH),9056,381257.60,42.1,6565.88
2021-10-28,3959736.45,575095.24,,,,,
,,,寒武纪(688256.SH),5300,393949.00,74.33,-3349.93
,,,固德威(688390.SH),532,249508.00,469,68254.53
,,,智明达(688636.SH),2800,376572.00,134.49,10920.71
,,,芯碁微装(688630.SH),2932,147010.48,50.14,-5951.22
,,,广大特材(688186.SH),3934,216488.02,55.03,36527.19
,,,中望软件(688083.SH),1321,399153.36,302.16,1941.63
,,,安集科技(688019.SH),1742,380069.56,218.18,-11437.73
,,,金盘科技(688676.SH),19822,424785.46,21.43,32996.34
,,,中国电研(688128.SH),475,12397.50,26.1,-1186.35
,,,乐鑫科技(688018.SH),2435,407253.75,167.25,9972.56
,,,诺禾致源(688315.SH),9056,377454.08,41.68,2762.36
2021-10-27,3980611.41,1344756.61,,,,,
,,,中国电研(688128.SH),475,12791.75,26.93,-792.10
,,,固德威(688390.SH),532,244188.00,459,62934.53
,,,金盘科技(688676.SH),19822,412099.38,20.79,20310.26
,,,晶丰明源(688368.SH),1070,349355.00,326.5,-31165.12
,,,智明达(688636.SH),2800,401156.00,143.27,35504.71
,,,广大特材(688186.SH),7869,448139.55,56.95,88172.15
,,,安集科技(688019.SH),1742,376272.00,216,-15235.29
,,,诺禾致源(688315.SH),9056,391853.12,43.27,17161.40
2021-10-26,3962074.19,1344756.61,,,,,
,,,广大特材(688186.SH),7869,422880.06,53.74,62912.66
,,,安集科技(688019.SH),1742,379756.00,218,-11751.29
,,,金盘科技(688676.SH),19822,394854.24,19.92,3065.12
,,,诺禾致源(688315.SH),9056,405346.56,44.76,30654.84
,,,固德威(688390.SH),532,241373.72,453.71,60120.25
,,,中国电研(688128.SH),475,13205.00,27.8,-378.85
,,,智明达(688636.SH),2800,397600.00,142,31948.71
,,,晶丰明源(688368.SH),1070,362302.00,338.6,-18218.12
2021-10-25,3949901.60,2128053.02,,,,,
,,,固德威(688390.SH),532,231446.60,435.05,50193.13
,,,诺禾致源(688315.SH),9056,378540.80,41.8,3849.08
,,,广大特材(688186.SH),7869,429804.78,54.62,69837.38
,,,晶丰明源(688368.SH),1070,377249.90,352.57,-3270.22
,,,智明达(688636.SH),2800,391440.00,139.8,25788.71
,,,中国电研(688128.SH),475,13366.50,28.14,-217.35
2021-10-22,3797915.82,1502384.31,,,,,
,,,诺禾致源(688315.SH),9056,361606.08,39.93,-13085.64
,,,新风光(688663.SH),10291,363581.03,35.33,79927.45
,,,中国电研(688128.SH),475,13110.00,27.6,-473.85
,,,海优新材(688680.SH),1616,406908.80,251.8,41662.44
,,,石头科技(688169.SH),253,228957.41,904.97,47237.98
,,,广大特材(688186.SH),7869,373856.19,47.51,13888.79
,,,固德威(688390.SH),532,205884.00,387,24630.53
,,,智明达(688636.SH),2800,341628.00,122.01,-24023.29
2021-10-21,3860664.00,943191.73,,,,,
,,,广大特材(688186.SH),7869,388571.22,49.38,28603.82
,,,智明达(688636.SH),2800,360108.00,128.61,-5543.29
,,,石头科技(688169.SH),507,453004.50,893.5,88847.37
,,,海优新材(688680.SH),1616,424830.24,262.89,59583.88
,,,固德威(688390.SH),532,216518.68,406.99,35265.21
,,,中国电研(688128.SH),475,13656.25,28.75,72.40
,,,翔宇医疗(688626.SH),6928,335592.32,48.44,-29658.85
,,,新风光(688663.SH),10291,344748.50,33.5,61094.92
,,,诺禾致源(688315.SH),9056,380442.56,42.01,5750.84
2021-10-20,3829036.48,385106.19,,,,,
,,,广大特材(688186.SH),7869,389594.19,49.51,29626.79
,,,诺禾致源(688315.SH),9056,377091.84,41.64,2400.12
,,,翔宇医疗(688626.SH),6928,349448.32,50.44,-15802.85
,,,海优新材(688680.SH),1616,413857.60,256.1,48611.24
,,,石头科技(688169.SH),507,427958.70,844.1,63801.57
,,,智明达(688636.SH),2800,371868.00,132.81,6216.71
,,,中国电研(688128.SH),475,14349.75,30.21,765.90
,,,固德威(688390.SH),1065,457779.60,429.84,94931.95
,,,三友医疗(688085.SH),12563,331914.46,26.42,-33250.71
,,,新风光(688663.SH),10291,310067.83,30.13,26414.25
2021-10-19,3761803.46,385106.19,,,,,
,,,石头科技(688169.SH),507,416247.00,821,52089.87
,,,诺禾致源(688315.SH),9056,369213.12,40.77,-5478.60
,,,翔宇医疗(688626.SH),6928,354297.92,51.14,-10953.25
,,,广大特材(688186.SH),7869,367718.37,46.73,7750.97
,,,智明达(688636.SH),2800,361200.00,129,-4451.29
,,,固德威(688390.SH),1065,440910.00,414,78062.35
,,,新风光(688663.SH),10291,306260.16,29.76,22606.58
,,,三友医疗(688085.SH),12563,344226.20,27.4,-20938.97
,,,中国电研(688128.SH),475,14240.50,29.98,656.65
,,,海优新材(688680.SH),1616,402384.00,249,37137.64
2021-10-18,3755127.86,759797.91,,,,,
,,,智明达(688636.SH),2800,366128.00,130.76,476.71
,,,中国电研(688128.SH),475,14012.50,29.5,428.65
,,,海优新材(688680.SH),1616,402222.40,248.9,36976.04
,,,石头科技(688169.SH),507,376356.24,742.32,12199.11
,,,三友医疗(688085.SH),12563,345356.87,27.49,-19808.30
,,,固德威(688390.SH),1065,444105.00,417,81257.35
,,,新风光(688663.SH),10291,313669.68,30.48,30016.10
,,,广大特材(688186.SH),7869,373777.50,47.5,13810.10
,,,翔宇医疗(688626.SH),6928,359701.76,51.92,-5549.41
2021-10-15,3751852.84,391068.30,,,,,
,,,智明达(688636.SH),2800,371084.00,132.53,5432.71
,,,翔宇医疗(688626.SH),6928,364066.40,52.55,-1184.77
,,,中国电研(688128.SH),475,14558.75,30.65,974.90
,,,固德威(688390.SH),1065,433060.95,406.63,70213.30
,,,三友医疗(688085.SH),12563,344728.72,27.44,-20436.45
,,,石头科技(688169.SH),507,392331.81,773.83,28174.68
,,,心脉医疗(688016.SH),1516,373269.52,246.22,5553.49
,,,广大特材(688186.SH),7869,352531.20,44.8,-7436.20
,,,海优新材(688680.SH),1616,407555.20,252.2,42308.84
,,,新风光(688663.SH),10291,307597.99,29.89,23944.41
2021-10-14,3827473.07,391068.30,,,,,
,,,翔宇医疗(688626.SH),6928,386582.40,55.8,21331.23
,,,智明达(688636.SH),2800,379400.00,135.5,13748.71
,,,海优新材(688680.SH),1616,413696.00,256,48449.64
,,,广大特材(688186.SH),7869,358669.02,45.58,-1298.38
,,,心脉医疗(688016.SH),1516,387610.88,255.68,19894.85
,,,固德威(688390.SH),1065,427693.35,401.59,64845.70
,,,石头科技(688169.SH),507,395252.13,779.59,31095.00
,,,三友医疗(688085.SH),12563,358422.39,28.53,-6742.78
,,,新风光(688663.SH),10291,314904.60,30.6,31251.02
,,,中国电研(688128.SH),475,14174.00,29.84,590.15
2021-10-13,3689401.28,2.07,,,,,
,,,石头科技(688169.SH),507,371124.00,732,6966.87
,,,智明达(688636.SH),2800,358400.00,128,-7251.29
,,,海优新材(688680.SH),1616,385432.16,238.51,20185.80
,,,翔宇医疗(688626.SH),6928,385058.24,55.58,19807.07
,,,三友医疗(688085.SH),12563,354150.97,28.19,-11014.20
,,,新风光(688663.SH),10291,276622.08,26.88,-7031.50
,,,中国电研(688128.SH),475,13561.25,28.55,-22.60
,,,固德威(688390.SH),1065,407895.00,383,45047.35
,,,中信博(688408.SH),2308,385343.68,166.96,21922.71
,,,广大特材(688186.SH),7869,357803.43,45.47,-2163.97
,,,心脉医疗(688016.SH),1516,394008.40,259.9,26292.37
2021-10-12,3582586.98,643623.05,,,,,
,,,石头科技(688169.SH),507,345571.20,681.6,-18585.93
,,,智明达(688636.SH),2800,366800.00,131,1148.71
,,,中信博(688408.SH),2308,353124.00,153,-10296.97
,,,海优新材(688680.SH),1616,341816.32,211.52,-23430.04
,,,中国电研(688128.SH),475,13371.25,28.15,-212.60
,,,固德威(688390.SH),1065,366317.40,343.96,3469.75
,,,三友医疗(688085.SH),12563,359301.80,28.6,-5863.37
,,,心脉医疗(688016.SH),1516,397904.52,262.47,30188.49
,,,翔宇医疗(688626.SH),6928,394757.44,56.98,29506.27
2021-10-11,3641253.53,673028.44,,,,,
,,,石头科技(688169.SH),507,356928.00,704,-7229.13
,,,中信博(688408.SH),2308,370618.64,160.58,7197.67
,,,浙海德曼(688577.SH),6561,333692.46,50.86,-27795.44
,,,心脉医疗(688016.SH),1516,403437.92,266.12,35721.89
,,,三友医疗(688085.SH),12563,362442.55,28.85,-2722.62
,,,中国电研(688128.SH),475,13642.00,28.72,58.15
,,,智明达(688636.SH),2800,370020.00,132.15,4368.71
,,,翔宇医疗(688626.SH),6928,402586.08,58.11,37334.91
,,,海优新材(688680.SH),1616,354857.44,219.59,-10388.92
2021-10-08,3647025.04,885587.20,,,,,
,,,南微医学(688029.SH),571,150173.00,263,34199.36
,,,心脉医疗(688016.SH),1516,408652.96,269.56,40936.93
,,,中国电研(688128.SH),475,13689.50,28.82,105.65
,,,石头科技(688169.SH),507,370546.02,730.86,6388.89
,,,翔宇医疗(688626.SH),6928,392886.88,56.71,27635.71
,,,中信博(688408.SH),2308,357001.44,154.68,-6419.53
,,,海优新材(688680.SH),1616,374168.64,231.54,8922.28
,,,三友医疗(688085.SH),12563,351638.37,27.99,-13526.80
,,,浙海德曼(688577.SH),6561,342681.03,52.23,-18806.87
2021-09-30,3669740.58,736217.36,,,,,
,,,三友医疗(688085.SH),12563,347366.95,27.65,-17798.22
,,,石头科技(688169.SH),507,358413.51,706.93,-5743.62
,,,浙海德曼(688577.SH),6561,341040.78,51.98,-20447.12
,,,海优新材(688680.SH),1616,375154.40,232.15,9908.04
,,,翔宇医疗(688626.SH),6928,401131.20,57.9,35880.03
,,,中信博(688408.SH),2308,386128.40,167.3,22707.43
,,,心脉医疗(688016.SH),1516,415384.00,274,47667.97
,,,中国电研(688128.SH),475,13884.25,29.23,300.40
,,,南微医学(688029.SH),1143,295019.73,258.11,62869.35
2021-09-29,3547559.58,13608.50,,,,,
,,,中信博(688408.SH),2308,360048.00,156,-3372.97
,,,南微医学(688029.SH),1143,273691.35,239.45,41540.97
,,,翔宇医疗(688626.SH),6928,349864.00,50.5,-15387.17
,,,石头科技(688169.SH),507,364781.43,719.49,624.30
,,,金山办公(688111.SH),1486,400878.22,269.77,27034.13
,,,阿拉丁(688179.SH),4545,336284.55,73.99,-32707.40
,,,心脉医疗(688016.SH),1516,402209.96,265.31,34493.93
,,,海优新材(688680.SH),1616,357847.04,221.44,-7399.32
,,,浙海德曼(688577.SH),6561,345502.26,52.66,-15985.64
,,,三友医疗(688085.SH),12563,342844.27,27.29,-22320.90
2021-09-28,3643555.19,375096.40,,,,,
,,,金山办公(688111.SH),1486,391947.36,263.76,18103.27
,,,三友医疗(688085.SH),12563,354653.49,28.23,-10511.68
,,,中信博(688408.SH),2308,375419.28,162.66,11998.31
,,,石头科技(688169.SH),507,367575.00,725,3417.87
,,,心脉医疗(688016.SH),1516,411897.20,271.7,44181.17
,,,南微医学(688029.SH),1143,267256.26,233.82,35105.88
,,,阿拉丁(688179.SH),4545,348147.00,76.6,-20844.95
,,,翔宇医疗(688626.SH),6928,373419.20,53.9,8168.03
,,,海优新材(688680.SH),1616,378144.00,234,12897.64
2021-09-27,3722744.81,51047.85,,,,,
,,,南微医学(688029.SH),1143,272525.49,238.43,40375.11
,,,会通股份(688219.SH),24724,326109.56,13.19,-32469.77
,,,心脉医疗(688016.SH),1516,418916.28,276.33,51200.25
,,,阿拉丁(688179.SH),4545,362236.50,79.7,-6755.45
,,,三友医疗(688085.SH),12563,362191.29,28.83,-2973.88
,,,中信博(688408.SH),2308,395545.04,171.38,32124.07
,,,海优新材(688680.SH),1616,377917.76,233.86,12671.40
,,,金山办公(688111.SH),1486,396256.76,266.66,22412.67
,,,石头科技(688169.SH),507,375078.60,739.8,10921.47
,,,翔宇医疗(688626.SH),6928,384919.68,55.56,19668.51
2021-09-24,3691534.04,420039.81,,,,,
,,,心脉医疗(688016.SH),1516,408577.16,269.51,40861.13
,,,三友医疗(688085.SH),12563,359301.80,28.6,-5863.37
,,,金山办公(688111.SH),1486,381902.00,257,8057.91
,,,海优新材(688680.SH),1616,378580.32,234.27,13333.96
,,,石头科技(688169.SH),507,382785.00,755,18627.87
,,,会通股份(688219.SH),24724,341438.44,13.81,-17140.89
,,,中信博(688408.SH),2308,401845.88,174.11,38424.91
,,,南微医学(688029.SH),1143,249048.27,217.89,16897.89
,,,翔宇医疗(688626.SH),6928,368015.36,53.12,2764.19
2021-09-23,3665476.53,1341727.21,,,,,
,,,金山办公(688111.SH),1486,381619.66,256.81,7775.57
,,,石头科技(688169.SH),507,371124.00,732,6966.87
,,,中信博(688408.SH),2308,381743.20,165.4,18322.23
,,,泽璟制药(688266.SH),2658,174949.56,65.82,9508.02
,,,南微医学(688029.SH),1143,241653.06,211.42,9502.68
,,,会通股份(688219.SH),24724,358003.52,14.48,-575.81
,,,心脉医疗(688016.SH),1516,414656.32,273.52,46940.29
2021-09-22,3640450.61,1369638.49,,,,,
,,,金山办公(688111.SH),1486,354084.08,238.28,-19760.01
,,,泽璟制药(688266.SH),2658,177235.44,66.68,11793.90
,,,会通股份(688219.SH),24724,362453.84,14.66,3874.51
,,,心脉医疗(688016.SH),1516,427966.80,282.3,60250.77
,,,南微医学(688029.SH),1143,234406.44,205.08,2256.06
,,,华锐精密(688059.SH),2173,335945.80,154.6,-34335.84
,,,中信博(688408.SH),2308,378719.72,164.09,15298.75
2021-09-17,3625305.55,1038683.39,,,,,
,,,南微医学(688029.SH),1143,236601.00,207,4450.62
,,,金山办公(688111.SH),1486,364070.00,245,-9774.09
,,,泽璟制药(688266.SH),2658,179866.86,67.67,14425.32
,,,中信博(688408.SH),2308,378465.84,163.98,15044.87
,,,心脉医疗(688016.SH),1516,374452.00,247,6735.97
,,,华锐精密(688059.SH),2173,343029.78,157.86,-27251.86
,,,会通股份(688219.SH),24724,372590.68,15.07,14011.35
,,,石头科技(688169.SH),458,337546.00,737,-25106.40
2021-09-16,3608939.35,1038683.39,,,,,
,,,心脉医疗(688016.SH),1516,357018.00,235.5,-10698.03
,,,中信博(688408.SH),2308,368149.08,159.51,4728.11
,,,南微医学(688029.SH),1143,220839.03,193.21,-11311.35
,,,会通股份(688219.SH),24724,368140.36,14.89,9561.03
,,,华锐精密(688059.SH),2173,354438.03,163.11,-15843.61
,,,石头科技(688169.SH),458,345011.40,753.3,-17641.00
,,,金山办公(688111.SH),1486,381976.30,257.05,8132.21
,,,泽璟制药(688266.SH),2658,174683.76,65.72,9242.22
2021-09-15,3678162.21,1406399.41,,,,,
,,,会通股份(688219.SH),24724,363195.56,14.69,4616.23
,,,石头科技(688169.SH),458,348084.58,760.01,-14567.82
,,,华锐精密(688059.SH),2173,369257.89,169.93,-1023.75
,,,中信博(688408.SH),2308,408516.00,177,45095.03
,,,金山办公(688111.SH),1486,375958.00,253,2113.91
,,,泽璟制药(688266.SH),2658,174710.34,65.73,9268.80
,,,南微医学(688029.SH),1143,232040.43,203.01,-109.95
2021-09-14,3701941.64,1429400.97,,,,,
,,,会通股份(688219.SH),24724,368140.36,14.89,9561.03
,,,南微医学(688029.SH),1143,257209.29,225.03,25058.91
,,,纵横股份(688070.SH),9417,347863.98,36.94,-1272.23
,,,石头科技(688169.SH),458,362369.60,791.2,-282.80
,,,中信博(688408.SH),2308,386197.64,167.33,22776.67
,,,金山办公(688111.SH),1486,375943.14,252.99,2099.05
,,,泽璟制药(688266.SH),2658,174816.66,65.77,9375.12
2021-09-13,3638543.44,1823775.80,,,,,
,,,南微医学(688029.SH),1143,234177.84,204.88,2027.46
,,,泽璟制药(688266.SH),2658,175933.02,66.19,10491.48
,,,会通股份(688219.SH),24724,361712.12,14.63,3132.79
,,,纵横股份(688070.SH),9417,347298.96,36.88,-1837.25
,,,康希诺(688185.SH),922,334547.70,362.85,-24935.43
,,,金山办公(688111.SH),1486,361098.00,243,-12746.09
2021-09-10,3676143.22,1823775.80,,,,,
,,,泽璟制药(688266.SH),2658,174843.24,65.78,9401.70
,,,纵横股份(688070.SH),9417,365285.43,38.79,16149.22
,,,会通股份(688219.SH),24724,365420.72,14.78,6841.39
,,,金山办公(688111.SH),1486,372243.00,250.5,-1601.09
,,,康希诺(688185.SH),922,341711.64,370.62,-17771.49
,,,南微医学(688029.SH),1143,232863.39,203.73,713.01
2021-09-09,3680798.58,1823775.80,,,,,
,,,金山办公(688111.SH),1486,360355.00,242.5,-13489.09
,,,康希诺(688185.SH),922,340854.18,369.69,-18628.95
,,,泽璟制药(688266.SH),2658,178750.50,67.25,13308.96
,,,南微医学(688029.SH),1143,235115.10,205.7,2964.72
,,,纵横股份(688070.SH),9417,374796.60,39.8,25660.39
,,,会通股份(688219.SH),24724,367151.40,14.85,8572.07
2021-09-08,3682980.43,1489526.12,,,,,
,,,石头科技(688169.SH),238,203061.60,853.2,-15004.25
,,,金山办公(688111.SH),1486,372673.94,250.79,-1170.15
,,,纵横股份(688070.SH),9417,363496.20,38.6,14359.99
,,,泽璟制药(688266.SH),2658,175454.58,66.01,10013.04
,,,会通股份(688219.SH),24724,372590.68,15.07,14011.35
,,,南微医学(688029.SH),1143,230714.55,201.85,-1435.83
,,,康希诺(688185.SH),922,341305.96,370.18,-18177.17
,,,深科达(688328.SH),3568,134156.80,37.6,-11251.84
2021-09-07,3727921.78,1026287.16,,,,,
,,,石头科技(688169.SH),238,216265.84,908.68,-1800.01
,,,沃尔德(688028.SH),4827,254238.09,52.67,66519.62
,,,深科达(688328.SH),3568,138902.24,38.93,-6506.40
,,,欧科亿(688308.SH),2293,207493.57,90.49,41879.85
,,,会通股份(688219.SH),24724,372837.92,15.08,14258.59
,,,纵横股份(688070.SH),9417,368581.38,39.14,19445.17
,,,金山办公(688111.SH),1486,377354.84,253.94,3510.75
,,,南微医学(688029.SH),1143,239321.34,209.38,7170.96
,,,泽璟制药(688266.SH),2658,174896.40,65.8,9454.86
,,,康希诺(688185.SH),922,351743.00,381.5,-7740.13
2021-09-06,3718580.14,1026287.16,,,,,
,,,沃尔德(688028.SH),4827,234930.09,48.67,47211.62
,,,会通股份(688219.SH),24724,366904.16,14.84,8324.83
,,,纵横股份(688070.SH),9417,371312.31,39.43,22176.10
,,,泽璟制药(688266.SH),2658,177580.98,66.81,12139.44
,,,南微医学(688029.SH),1143,245013.48,214.36,12863.10
,,,深科达(688328.SH),3568,141506.88,39.66,-3901.76
,,,石头科技(688169.SH),238,215535.18,905.61,-2530.67
,,,金山办公(688111.SH),1486,378632.80,254.8,4788.71
,,,康希诺(688185.SH),922,345335.10,374.55,-14148.03
,,,欧科亿(688308.SH),2293,215542.00,94,49928.28
2021-09-03,3638977.79,784433.99,,,,,
,,,康希诺(688185.SH),922,340227.22,369.01,-19255.91
,,,会通股份(688219.SH),24724,363195.56,14.69,4616.23
,,,欧科亿(688308.SH),2293,205659.17,89.69,40045.45
,,,深科达(688328.SH),3568,139366.08,39.06,-6042.56
,,,石头科技(688169.SH),238,213010.00,895,-5055.85
,,,沃尔德(688028.SH),9654,462136.98,47.87,86700.03
,,,南微医学(688029.SH),1143,228771.45,200.15,-3378.93
,,,泽璟制药(688266.SH),2658,178086.00,67,12644.46
,,,金山办公(688111.SH),1486,356640.00,240,-17204.09
,,,纵横股份(688070.SH),9417,367451.34,39.02,18315.13
2021-09-02,3573562.76,691287.54,,,,,
,,,沃尔德(688028.SH),9654,385098.06,39.89,9661.11
,,,南微医学(688029.SH),1143,231571.80,202.6,-578.58
,,,泽璟制药(688266.SH),2658,175082.46,65.87,9640.92
,,,纵横股份(688070.SH),9417,386850.36,41.08,37714.15
,,,阿拉丁(688179.SH),1613,138524.44,85.88,-13478.72
,,,石头科技(688169.SH),238,213010.00,895,-5055.85
,,,深科达(688328.SH),3568,138652.48,38.86,-6756.16
,,,东来技术(688129.SH),15579,315318.96,20.24,-23991.54
,,,康希诺(688185.SH),922,342698.18,371.69,-16784.95
,,,欧科亿(688308.SH),2293,198115.20,86.4,32501.48
,,,金山办公(688111.SH),1486,357353.28,240.48,-16490.81
2021-09-01,3612584.28,591655.37,,,,,
,,,新致软件(688590.SH),17944,354932.32,19.78,-30492.27
,,,欧科亿(688308.SH),2293,201302.47,87.79,35688.75
,,,阿拉丁(688179.SH),1613,142863.41,88.57,-9139.75
,,,泽璟制药(688266.SH),2658,174444.54,65.63,9003.00
,,,东来技术(688129.SH),15579,315630.54,20.26,-23679.96
,,,深科达(688328.SH),3568,138581.12,38.84,-6827.52
,,,石头科技(688169.SH),238,225357.44,946.88,7291.59
,,,沃尔德(688028.SH),9654,378822.96,39.24,3386.01
,,,金山办公(688111.SH),1486,358586.66,241.31,-15257.43
,,,纵横股份(688070.SH),9417,384119.43,40.79,34983.22
,,,银河微电(688689.SH),10167,346288.02,34.06,-35851.61
2021-08-31,3653710.34,218875.27,,,,,
,,,阿拉丁(688179.SH),1613,140250.35,86.95,-11752.81
,,,欧科亿(688308.SH),2293,205292.29,89.53,39678.57
,,,纵横股份(688070.SH),9417,395419.83,41.99,46283.62
,,,东来技术(688129.SH),15579,319213.71,20.49,-20096.79
,,,银河微电(688689.SH),10167,353811.60,34.8,-28328.03
,,,泽璟制药(688266.SH),2658,172770.00,65,7328.46
,,,金山办公(688111.SH),1486,370757.00,249.5,-3087.09
,,,新致软件(688590.SH),17944,356906.16,19.89,-28518.43
,,,沃尔德(688028.SH),9654,386449.62,40.03,11012.67
,,,康希诺(688185.SH),819,315503.37,385.23,-29267.99
,,,会通股份(688219.SH),18287,274670.74,15.02,-58185.19
,,,深科达(688328.SH),3568,143790.40,40.3,-1618.24
2021-08-30,3745845.44,519269.33,,,,,
,,,泽璟制药(688266.SH),2658,167985.60,63.2,2544.06
,,,会通股份(688219.SH),18287,334834.97,18.31,1979.04
,,,阿拉丁(688179.SH),1613,147428.20,91.4,-4574.96
,,,康众医疗(688607.SH),3528,219371.04,62.18,56709.68
,,,沃尔德(688028.SH),9654,399772.14,41.41,24335.19
,,,东来技术(688129.SH),15579,329184.27,21.13,-10126.23
,,,新致软件(688590.SH),17944,369646.40,20.6,-15778.19
,,,康希诺(688185.SH),819,326412.45,398.55,-18358.91
,,,纵横股份(688070.SH),9417,350406.57,37.21,1270.36
,,,银河微电(688689.SH),10167,374247.27,36.81,-7892.36
,,,欧科亿(688308.SH),2293,207287.20,90.4,41673.48
2021-08-27,3778531.58,205711.56,,,,,
,,,欧科亿(688308.SH),2293,214166.20,93.4,48552.48
,,,沃尔德(688028.SH),9654,417149.34,43.21,41712.39
,,,仕佳光子(688313.SH),26348,314331.64,11.93,-30564.89
,,,康希诺(688185.SH),819,337837.50,412.5,-6933.86
,,,银河微电(688689.SH),10167,373230.57,36.71,-8909.06
,,,新致软件(688590.SH),17944,368569.76,20.54,-16854.83
,,,康众医疗(688607.SH),3528,211256.64,59.88,48595.28
,,,东来技术(688129.SH),15579,327159.00,21,-12151.50
,,,纵横股份(688070.SH),9417,346545.60,36.8,-2590.61
,,,泽璟制药(688266.SH),2658,167267.94,62.93,1826.40
,,,阿拉丁(688179.SH),1613,148218.57,91.89,-3784.59
,,,会通股份(688219.SH),18287,347087.26,18.98,14231.33
2021-08-26,3828900.36,534146.89,,,,,
,,,泽璟制药(688266.SH),2658,169846.20,63.9,4404.66
,,,仕佳光子(688313.SH),26348,323289.96,12.27,-21606.57
,,,沃尔德(688028.SH),9654,406240.32,42.08,30803.37
,,,欧科亿(688308.SH),2293,211185.30,92.1,45571.58
,,,康众医疗(688607.SH),7056,417009.60,59.1,91686.88
,,,会通股份(688219.SH),18287,342149.77,18.71,9293.84
,,,康希诺(688185.SH),819,324954.63,396.77,-19816.73
,,,东来技术(688129.SH),15579,336506.40,21.6,-2804.10
,,,新致软件(688590.SH),17944,377003.44,21.01,-8421.15
,,,纵横股份(688070.SH),9417,386567.85,41.05,37431.64
2021-08-25,3858321.02,919571.48,,,,,
,,,欧科亿(688308.SH),2293,214739.45,93.65,49125.73
,,,康众医疗(688607.SH),7056,401980.32,56.97,76657.60
,,,仕佳光子(688313.SH),26348,328823.04,12.48,-16073.49
,,,康希诺(688185.SH),819,333734.31,407.49,-11037.05
,,,会通股份(688219.SH),18287,350927.53,19.19,18071.60
,,,纵横股份(688070.SH),9417,364249.56,38.68,15113.35
,,,泽璟制药(688266.SH),2658,188319.30,70.85,22877.76
,,,东来技术(688129.SH),15579,355045.41,22.79,15734.91
,,,沃尔德(688028.SH),9654,400930.62,41.53,25493.67
2021-08-24,3682347.12,540915.11,,,,,
,,,航亚科技(688510.SH),12503,443106.32,35.44,123421.01
,,,欧科亿(688308.SH),2293,213707.60,93.2,48093.88
,,,键凯科技(688356.SH),1902,404136.96,212.48,60036.14
,,,康众医疗(688607.SH),7056,352729.44,49.99,27406.72
,,,纵横股份(688070.SH),9417,369052.23,39.19,19916.02
,,,仕佳光子(688313.SH),26348,329086.52,12.49,-15810.01
,,,会通股份(688219.SH),18287,349281.70,19.1,16425.77
,,,东来技术(688129.SH),15579,343984.32,22.08,4673.82
,,,康希诺(688185.SH),819,336346.92,410.68,-8424.44
2021-08-23,3602163.05,323798.40,,,,,
,,,康希诺(688185.SH),819,338001.30,412.7,-6770.06
,,,东来技术(688129.SH),15579,345074.85,22.15,5764.35
,,,键凯科技(688356.SH),1902,359630.16,189.08,15529.34
,,,仕佳光子(688313.SH),26348,327769.12,12.44,-17127.41
,,,欧科亿(688308.SH),4586,426406.28,92.98,95178.85
,,,会通股份(688219.SH),18287,345441.43,18.89,12585.50
,,,纵横股份(688070.SH),9417,367168.83,38.99,18032.62
,,,康众医疗(688607.SH),7056,349272.00,49.5,23949.28
,,,航亚科技(688510.SH),12503,419600.68,33.56,99915.37
2021-08-20,3424380.07,667899.22,,,,,
,,,仕佳光子(688313.SH),26348,322499.52,12.24,-22397.01
,,,纵横股份(688070.SH),9417,355020.90,37.7,5884.69
,,,东来技术(688129.SH),15579,330586.38,21.22,-8724.12
,,,欧科亿(688308.SH),4586,380959.02,83.07,49731.59
,,,康希诺(688185.SH),819,319410.00,390,-25361.36
,,,会通股份(688219.SH),18287,328800.26,17.98,-4055.67
,,,航亚科技(688510.SH),12503,367463.17,29.39,47777.86
,,,康众医疗(688607.SH),7056,351741.60,49.85,26418.88
2021-08-19,3453395.72,347520.90,,,,,
,,,航亚科技(688510.SH),12503,373214.55,29.85,53529.24
,,,欧科亿(688308.SH),4586,376052.00,82,44824.57
,,,东来技术(688129.SH),15579,341647.47,21.93,2336.97
,,,仕佳光子(688313.SH),26348,332775.24,12.63,-12121.29
,,,会通股份(688219.SH),18287,334103.49,18.27,1247.56
,,,康希诺(688185.SH),819,328320.72,400.88,-16450.64
,,,键凯科技(688356.SH),1776,323054.40,181.9,-25842.43
,,,康众医疗(688607.SH),7056,354775.68,50.28,29452.96
,,,纵横股份(688070.SH),9417,341931.27,36.31,-7204.94
2021-08-18,3419846.34,347520.90,,,,,
,,,键凯科技(688356.SH),1776,330087.36,185.86,-18809.47
,,,仕佳光子(688313.SH),26348,337781.36,12.82,-7115.17
,,,航亚科技(688510.SH),12503,344832.74,27.58,25147.43
,,,会通股份(688219.SH),18287,336663.67,18.41,3807.74
,,,康众医疗(688607.SH),7056,335583.36,47.56,10260.64
,,,纵横股份(688070.SH),9417,331384.23,35.19,-17751.98
,,,康希诺(688185.SH),819,328034.07,400.53,-16737.29
,,,欧科亿(688308.SH),4586,381325.90,83.15,50098.47
,,,东来技术(688129.SH),15579,346632.75,22.25,7322.25
2021-08-17,3409568.18,347520.90,,,,,
,,,键凯科技(688356.SH),1776,336978.24,189.74,-11918.59
,,,会通股份(688219.SH),18287,324228.51,17.73,-8627.42
,,,仕佳光子(688313.SH),26348,339625.72,12.89,-5270.81
,,,纵横股份(688070.SH),9417,329124.15,34.95,-20012.06
,,,欧科亿(688308.SH),4586,388113.18,84.63,56885.75
,,,东来技术(688129.SH),15579,342738.00,22,3427.50
,,,康希诺(688185.SH),819,330057.00,403,-14714.36
,,,康众医疗(688607.SH),7056,334101.60,47.35,8778.88
,,,航亚科技(688510.SH),12503,337080.88,26.96,17395.57
2021-08-16,3459212.34,1037188.78,,,,,
,,,康众医疗(688607.SH),7056,330996.96,46.91,5674.24
,,,键凯科技(688356.SH),1776,333870.24,187.99,-15026.59
,,,航亚科技(688510.SH),12503,343957.53,27.51,24272.22
,,,纵横股份(688070.SH),9417,338070.30,35.9,-11065.91
,,,欧科亿(688308.SH),4586,376694.04,82.14,45466.61
,,,会通股份(688219.SH),18287,345258.56,18.88,12402.63
,,,东来技术(688129.SH),15579,353175.93,22.67,13865.43
2021-08-13,3501879.44,1515878.40,,,,,
,,,东来技术(688129.SH),15579,369378.09,23.71,30067.59
,,,康众医疗(688607.SH),7056,334101.60,47.35,8778.88
,,,大地熊(688077.SH),3269,225201.41,68.89,72581.08
,,,航亚科技(688510.SH),12503,344832.74,27.58,25147.43
,,,欧科亿(688308.SH),4586,361376.80,78.8,30149.37
,,,会通股份(688219.SH),18287,351110.40,19.2,18254.47
2021-08-12,3449083.06,1515878.40,,,,,
,,,欧科亿(688308.SH),4586,345371.66,75.31,14144.23
,,,会通股份(688219.SH),18287,344892.82,18.86,12036.89
,,,东来技术(688129.SH),15579,354889.62,22.78,15579.12
,,,大地熊(688077.SH),3269,201305.02,61.58,48684.69
,,,康众医疗(688607.SH),7056,337911.84,47.89,12589.12
,,,航亚科技(688510.SH),12503,348833.70,27.9,29148.39
2021-08-11,3436436.34,798227.61,,,,,
,,,康众医疗(688607.SH),7056,340875.36,48.31,15552.64
,,,东来技术(688129.SH),15579,341180.10,21.9,1869.60
,,,豪森智能(688529.SH),5656,216624.80,38.3,53924.15
,,,龙腾光电(688055.SH),41670,302524.20,7.26,-24921.15
,,,大地熊(688077.SH),6538,384434.40,58.8,79193.74
,,,欧科亿(688308.SH),4586,353167.86,77.01,21940.43
,,,航亚科技(688510.SH),12503,366212.87,29.29,46527.56
,,,会通股份(688219.SH),18287,333189.14,18.22,333.21
2021-08-10,3403458.29,922529.58,,,,,
,,,欧科亿(688308.SH),4586,337575.46,73.61,6348.03
,,,会通股份(688219.SH),18287,337943.76,18.48,5087.83
,,,航亚科技(688510.SH),12503,368713.47,29.49,49028.16
,,,豪森智能(688529.SH),11312,440036.80,38.9,114635.50
,,,康众医疗(688607.SH),7056,326128.32,46.22,805.60
,,,大地熊(688077.SH),6538,363839.70,55.65,58599.04
,,,龙腾光电(688055.SH),41670,306691.20,7.36,-20754.15
2021-08-09,3296106.86,1255385.51,,,,,
,,,大地熊(688077.SH),6538,350109.90,53.55,44869.24
,,,欧科亿(688308.SH),4586,335328.32,73.12,4100.89
,,,航亚科技(688510.SH),12503,361711.79,28.93,42026.48
,,,龙腾光电(688055.SH),41670,305441.10,7.33,-22004.25
,,,豪森智能(688529.SH),11312,378160.16,33.43,52758.86
,,,康众医疗(688607.SH),7056,309970.08,43.93,-15352.64
2021-08-06,3308358.13,1293049.34,,,,,
,,,康众医疗(688607.SH),7056,307147.68,43.53,-18175.04
,,,豪森智能(688529.SH),11312,363228.32,32.11,37827.02
,,,龙腾光电(688055.SH),41670,314191.80,7.54,-13253.55
,,,航亚科技(688510.SH),12503,372214.31,29.77,52529.00
,,,伟思医疗(688580.SH),2590,292333.30,112.87,-27333.04
,,,大地熊(688077.SH),6538,366193.38,56.01,60952.72
2021-08-05,3326299.40,1293049.34,,,,,
,,,航亚科技(688510.SH),12503,378340.78,30.26,58655.47
,,,龙腾光电(688055.SH),41670,308774.70,7.41,-18670.65
,,,康众医疗(688607.SH),7056,324646.56,46.01,-676.16
,,,豪森智能(688529.SH),11312,339360.00,30,13958.70
,,,大地熊(688077.SH),6538,361486.02,55.29,56245.36
,,,伟思医疗(688580.SH),2590,320642.00,123.8,975.66
2021-08-04,3310120.34,1293049.34,,,,,
,,,航亚科技(688510.SH),12503,356335.50,28.5,36650.19
,,,伟思医疗(688580.SH),2590,315850.50,121.95,-3815.84
,,,龙腾光电(688055.SH),41670,318358.80,7.64,-9086.55
,,,康众医疗(688607.SH),7056,317167.20,44.95,-8155.52
,,,豪森智能(688529.SH),11312,343884.80,30.4,18483.50
,,,大地熊(688077.SH),6538,365474.20,55.9,60233.54
2021-08-03,3251429.31,1943773.36,,,,,
,,,航亚科技(688510.SH),12503,353959.93,28.31,34274.62
,,,伟思医疗(688580.SH),2590,318259.20,122.88,-1407.14
,,,大地熊(688077.SH),6538,322911.82,49.39,17671.16
,,,龙腾光电(688055.SH),41670,312525.00,7.5,-14920.35
2021-08-02,3274529.77,1943773.36,,,,,
,,,航亚科技(688510.SH),12503,360961.61,28.87,41276.30
,,,龙腾光电(688055.SH),41670,328359.60,7.88,914.25
,,,伟思医疗(688580.SH),2590,311266.20,120.18,-8400.14
,,,大地熊(688077.SH),6538,330169.00,50.5,24928.34
2021-07-30,3265305.87,1777122.87,,,,,
,,,航亚科技(688510.SH),12503,341581.96,27.32,21896.65
,,,大地熊(688077.SH),6538,337753.08,51.66,32512.42
,,,龙腾光电(688055.SH),41670,334193.40,8.02,6748.05
,,,伟思医疗(688580.SH),2590,307951.00,118.9,-11715.34
,,,正帆科技(688596.SH),7118,166703.56,23.42,33289.10
2021-07-29,3259300.01,1594817.45,,,,,
,,,龙腾光电(688055.SH),41670,339610.50,8.15,11748.45
,,,航亚科技(688510.SH),12503,330704.35,26.45,11019.04
,,,伟思医疗(688580.SH),2590,328904.10,126.99,9237.76
,,,美迪西(688202.SH),359,181513.99,505.61,45798.45
,,,大地熊(688077.SH),6538,323238.72,49.44,17998.06
,,,正帆科技(688596.SH),7118,160510.90,22.55,27096.44
2021-07-28,3175416.60,1805707.17,,,,,
,,,华兴源创(688001.SH),3452,152854.56,44.28,17224.85
,,,龙腾光电(688055.SH),41670,322109.10,7.73,-5752.95
,,,美迪西(688202.SH),359,170525.00,475,34809.46
,,,正帆科技(688596.SH),7118,150901.60,21.2,17487.14
,,,大地熊(688077.SH),6538,300159.58,45.91,-5081.08
,,,会通股份(688219.SH),15817,273159.59,17.27,-28847.46
2021-07-27,3208994.89,1805707.17,,,,,
,,,大地熊(688077.SH),6538,296563.68,45.36,-8676.98
,,,美迪西(688202.SH),359,165696.45,461.55,29980.91
,,,正帆科技(688596.SH),7118,155813.02,21.89,22398.56
,,,龙腾光电(688055.SH),41670,332526.60,7.98,4664.55
,,,会通股份(688219.SH),15817,288027.57,18.21,-13979.48
,,,华兴源创(688001.SH),3452,164660.40,47.7,29030.69
2021-07-26,3270639.59,1805707.17,,,,,
,,,龙腾光电(688055.SH),41670,336276.90,8.07,8414.85
,,,华兴源创(688001.SH),3452,176362.68,51.09,40732.97
,,,正帆科技(688596.SH),7118,167201.82,23.49,33787.36
,,,美迪西(688202.SH),359,156883.00,437,21167.46
,,,大地熊(688077.SH),6538,337491.56,51.62,32250.90
,,,会通股份(688219.SH),15817,290716.46,18.38,-11290.59
2021-07-23,3259140.98,1602499.45,,,,,
,,,正帆科技(688596.SH),7118,164141.08,23.06,30726.62
,,,芯朋微(688508.SH),1699,196319.45,115.55,45339.56
,,,会通股份(688219.SH),15817,303686.40,19.2,1679.35
,,,龙腾光电(688055.SH),41670,335026.80,8.04,7164.75
,,,大地熊(688077.SH),6538,327357.66,50.07,22117.00
,,,美迪西(688202.SH),359,157751.78,439.42,22036.24
,,,华兴源创(688001.SH),3452,172358.36,49.93,36728.65
2021-07-22,3258841.69,1402586.48,,,,,
,,,正帆科技(688596.SH),14237,330725.51,23.23,63877.84
,,,芯朋微(688508.SH),3399,387078.12,113.88,85029.48
,,,大地熊(688077.SH),6538,333961.04,51.08,28720.38
,,,华兴源创(688001.SH),6905,321082.50,46.5,49783.78
,,,美迪西(688202.SH),359,166909.87,464.93,31194.33
,,,会通股份(688219.SH),15817,316498.17,20.01,14491.12
2021-07-21,3186060.00,1402586.48,,,,,
,,,华兴源创(688001.SH),6905,267568.75,38.75,-3729.97
,,,正帆科技(688596.SH),14237,327878.11,23.03,61030.44
,,,美迪西(688202.SH),359,171623.54,478.06,35908.00
,,,大地熊(688077.SH),6538,317093.00,48.5,11852.34
,,,芯朋微(688508.SH),3399,392618.49,115.51,90569.85
,,,会通股份(688219.SH),15817,306691.63,19.39,4684.58
2021-07-20,3126739.24,1402586.48,,,,,
,,,正帆科技(688596.SH),14237,319905.39,22.47,53057.72
,,,芯朋微(688508.SH),3399,363489.06,106.94,61440.42
,,,美迪西(688202.SH),359,169602.37,472.43,33886.83
,,,大地熊(688077.SH),6538,304540.04,46.58,-700.62
,,,会通股份(688219.SH),15817,306849.80,19.4,4842.75
,,,华兴源创(688001.SH),6905,259766.10,37.62,-11532.62
2021-07-19,3110975.15,936405.19,,,,,
,,,华兴源创(688001.SH),6905,257970.80,37.36,-13327.92
,,,大地熊(688077.SH),6538,301663.32,46.14,-3577.34
,,,福立旺(688678.SH),11457,250335.45,21.85,-18260.29
,,,芯朋微(688508.SH),3399,354549.69,104.31,52501.05
,,,美迪西(688202.SH),359,169448.00,472,33732.46
,,,会通股份(688219.SH),15817,316181.83,19.99,14174.78
,,,新致软件(688590.SH),7583,217328.78,28.66,82342.43
,,,正帆科技(688596.SH),14237,307092.09,21.57,40244.42
2021-07-16,3054235.97,1241645.86,,,,,
,,,美迪西(688202.SH),359,164418.41,457.99,28702.87
,,,新致软件(688590.SH),7583,181082.04,23.88,46095.69
,,,芯朋微(688508.SH),3399,336399.03,98.97,34350.39
,,,华兴源创(688001.SH),6905,263149.55,38.11,-8149.17
,,,正帆科技(688596.SH),14237,301966.77,21.21,35119.10
,,,福立旺(688678.SH),11457,252397.71,22.03,-16198.03
,,,会通股份(688219.SH),15817,313176.60,19.8,11169.55
2021-07-15,3038871.98,1045976.19,,,,,
,,,正帆科技(688596.SH),14237,320332.50,22.5,53484.83
,,,明冠新材(688560.SH),5949,201552.12,33.88,67391.68
,,,华兴源创(688001.SH),6905,263563.85,38.17,-7734.87
,,,新致软件(688590.SH),7583,159546.32,21.04,24559.97
,,,芯朋微(688508.SH),3399,311348.40,91.6,9299.76
,,,会通股份(688219.SH),15817,310487.71,19.63,8480.66
,,,美迪西(688202.SH),359,174010.89,484.71,38295.35
,,,福立旺(688678.SH),11457,252054.00,22,-16541.74
2021-07-14,3018639.01,1478139.05,,,,,
,,,华兴源创(688001.SH),6905,266533.00,38.6,-4765.72
,,,福立旺(688678.SH),11457,263052.72,22.96,-5543.02
,,,美迪西(688202.SH),359,173134.93,482.27,37419.39
,,,明冠新材(688560.SH),11898,348968.34,29.33,80647.46
,,,正帆科技(688596.SH),14237,329871.29,23.17,63023.62
,,,新致软件(688590.SH),7583,158939.68,20.96,23953.33
2021-07-13,3004127.79,1307049.86,,,,,
,,,华兴源创(688001.SH),6905,275854.75,39.95,4556.03
,,,正帆科技(688596.SH),14237,326596.78,22.94,59749.11
,,,美迪西(688202.SH),719,344954.63,479.77,73145.51
,,,明冠新材(688560.SH),11898,318271.50,26.75,49950.62
,,,新致软件(688590.SH),7583,167660.13,22.11,32673.78
,,,福立旺(688678.SH),11457,263740.14,23.02,-4855.60
2021-07-12,2975086.06,1307049.86,,,,,
,,,新致软件(688590.SH),7583,180399.57,23.79,45413.22
,,,华兴源创(688001.SH),6905,278616.75,40.35,7318.03
,,,正帆科技(688596.SH),14237,304387.06,21.38,37539.39
,,,美迪西(688202.SH),719,327058.72,454.88,55249.60
,,,明冠新材(688560.SH),11898,312917.40,26.3,44596.52
,,,福立旺(688678.SH),11457,264656.70,23.1,-3939.04
2021-07-09,2915789.25,1307049.86,,,,,
,,,美迪西(688202.SH),719,292136.89,406.31,20327.77
,,,华兴源创(688001.SH),6905,280895.40,40.68,9596.68
,,,新致软件(688590.SH),7583,175925.60,23.2,40939.25
,,,正帆科技(688596.SH),14237,271926.70,19.1,5079.03
,,,明冠新材(688560.SH),11898,321364.98,27.01,53044.10
,,,福立旺(688678.SH),11457,266489.82,23.26,-2105.92
2021-07-08,2884363.53,942035.39,,,,,
,,,福立旺(688678.SH),11457,276457.41,24.13,7861.67
,,,华兴源创(688001.SH),6905,271504.60,39.32,205.88
,,,新致软件(688590.SH),15166,328495.56,21.66,58522.85
,,,美迪西(688202.SH),719,282574.19,393.01,10765.07
,,,正帆科技(688596.SH),14237,275343.58,19.34,8495.91
,,,明冠新材(688560.SH),11898,316962.72,26.64,48641.84
,,,联赢激光(688518.SH),8496,190990.08,22.48,58485.84
2021-07-07,2802685.07,764963.58,,,,,
,,,明冠新材(688560.SH),11898,309229.02,25.99,40908.14
,,,联赢激光(688518.SH),16992,346806.72,20.41,81798.24
,,,华兴源创(688001.SH),6905,267914.00,38.8,-3384.72
,,,福立旺(688678.SH),11457,273707.73,23.89,5111.99
,,,新致软件(688590.SH),15166,275869.54,18.19,3773.59
,,,正帆科技(688596.SH),14237,272496.18,19.14,5648.51
,,,美迪西(688202.SH),719,291698.30,405.7,19889.18
2021-07-06,2719799.08,1036772.70,,,,,
,,,新致软件(688590.SH),15166,265253.34,17.49,-6842.61
,,,福立旺(688678.SH),11457,275426.28,24.04,6830.54
,,,华兴源创(688001.SH),6905,263425.75,38.15,-7872.97
,,,明冠新材(688560.SH),11898,289478.34,24.33,21157.46
,,,正帆科技(688596.SH),14237,265235.31,18.63,-1612.36
,,,联赢激光(688518.SH),16992,324207.36,19.08,59198.88
2021-07-05,2712831.96,1308868.64,,,,,
,,,明冠新材(688560.SH),11898,299829.60,25.2,31508.72
,,,华兴源创(688001.SH),6905,262390.00,38,-8908.72
,,,福立旺(688678.SH),11457,276457.41,24.13,7861.67
,,,联赢激光(688518.SH),16992,305176.32,17.96,40167.84
,,,正帆科技(688596.SH),14237,260109.99,18.27,-6737.68
2021-07-02,2670140.20,1060430.70,,,,,
,,,福立旺(688678.SH),11457,262709.01,22.93,-5886.73
,,,正帆科技(688596.SH),14237,260537.10,18.3,-7734.27
,,,明冠新材(688560.SH),11898,274367.88,23.06,6047.00
,,,联赢激光(688518.SH),16992,312482.88,18.39,47474.40
,,,新致软件(688590.SH),14178,246130.08,17.36,-20745.32
,,,华兴源创(688001.SH),6905,253482.55,36.71,-17816.17
2021-07-01,2688749.05,1597022.95,,,,,
,,,华兴源创(688001.SH),6905,255830.25,37.05,-15468.47
,,,联赢激光(688518.SH),16992,318090.24,18.72,53081.76
,,,福立旺(688678.SH),11457,266146.11,23.23,-2449.63
,,,新致软件(688590.SH),14178,251659.50,17.75,-15215.90
2021-06-30,2709861.45,1594983.91,,,,,
,,,联赢激光(688518.SH),16992,318939.84,18.77,51892.32
,,,华兴源创(688001.SH),6905,262113.80,37.96,-9184.92
,,,福立旺(688678.SH),11457,271530.90,23.7,2935.16
,,,新致软件(688590.SH),14178,262293.00,18.5,-4582.40
2021-06-29,2686238.96,1863579.66,,,,,
,,,新致软件(688590.SH),14178,258748.50,18.25,-8126.90
,,,联赢激光(688518.SH),16992,309254.40,18.2,42206.88
,,,华兴源创(688001.SH),6905,254656.40,36.88,-16642.32
2021-06-28,2712906.55,2134878.37,,,,,
,,,新致软件(688590.SH),14178,258748.50,18.25,-8126.90
,,,联赢激光(688518.SH),16992,319279.68,18.79,52232.16
2021-06-25,2705740.69,2134878.37,,,,,
,,,新致软件(688590.SH),14178,258039.60,18.2,-8835.80
,,,联赢激光(688518.SH),16992,312822.72,18.41,45775.20
2021-06-24,2666003.23,2134878.37,,,,,
,,,新致软件(688590.SH),14178,254495.10,17.95,-12380.30
,,,联赢激光(688518.SH),16992,276629.76,16.28,9582.24
2021-06-23,2650629.25,2134878.37,,,,,
,,,新致软件(688590.SH),14178,257472.48,18.16,-9402.92
,,,联赢激光(688518.SH),16992,258278.40,15.2,-8769.12
2021-06-22,2653893.43,2134878.37,,,,,
,,,联赢激光(688518.SH),16992,255729.60,15.05,-11317.92
,,,新致软件(688590.SH),14178,263285.46,18.57,-3589.94
2021-06-21,2676893.23,2134878.37,,,,,
,,,新致软件(688590.SH),14178,266404.62,18.79,-470.78
,,,联赢激光(688518.SH),16992,275610.24,16.22,8562.72
2021-06-18,2657457.43,2134878.37,,,,,
,,,新致软件(688590.SH),14178,259882.74,18.33,-6992.66
,,,联赢激光(688518.SH),16992,262696.32,15.46,-4351.20
2021-06-17,2669890.09,2401925.89,,,,,
,,,新致软件(688590.SH),14178,267964.20,18.9,1088.80
2021-06-16,2665494.91,2401925.89,,,,,
,,,新致软件(688590.SH),14178,263569.02,18.59,-3306.38
2021-06-15,2668801.30,2668801.30,,,,,
2021-06-11,2669204.78,2425510.38,,,,,
,,,赛科希德(688338.SH),4460,243694.40,54.64,-20006.28
2021-06-10,2676162.38,2425510.38,,,,,
,,,赛科希德(688338.SH),4460,250652.00,56.2,-13048.68
2021-06-09,2673406.60,1921299.64,,,,,
,,,赛科希德(688338.SH),4460,250785.80,56.23,-12914.88
,,,中信博(688408.SH),1850,237170.00,128.2,14954.12
,,,澜起科技(688008.SH),4459,264151.16,59.24,41135.17
2021-06-08,2675437.76,1306227.68,,,,,
,,,赛科希德(688338.SH),4460,256851.40,57.59,-6849.28
,,,芯原股份(688521.SH),2151,142288.65,66.15,30179.32
,,,澜起科技(688008.SH),4459,257061.35,57.65,34045.36
,,,豪森智能(688529.SH),9346,232061.18,24.83,9513.30
,,,中信博(688408.SH),1850,239094.00,129.24,16082.62
,,,传音控股(688036.SH),1505,241853.50,160.7,17635.65
2021-06-07,2693724.97,1304423.90,,,,,
,,,赛科希德(688338.SH),4460,256227.00,57.45,-7473.68
,,,芯原股份(688521.SH),2151,145149.48,67.48,33040.15
,,,中信博(688408.SH),1850,241351.00,130.46,18339.62
,,,豪森智能(688529.SH),9346,238136.08,25.48,13784.42
,,,澜起科技(688008.SH),4459,268164.26,60.14,45148.27
,,,传音控股(688036.SH),1505,240273.25,159.65,16055.40
2021-06-04,2701680.31,1275771.04,,,,,
,,,芯原股份(688521.SH),2151,141750.90,65.9,29641.57
,,,澜起科技(688008.SH),4459,262144.61,58.79,39128.62
,,,传音控股(688036.SH),1505,240784.95,159.99,16567.10
,,,利扬芯片(688135.SH),645,26812.65,41.57,5931.22
,,,中信博(688408.SH),1850,239945.00,129.7,16933.62
,,,赛科希德(688338.SH),4460,277456.60,62.21,13755.92
,,,豪森智能(688529.SH),9346,237014.56,25.36,12662.90
2021-06-03,2714185.12,1275771.04,,,,,
,,,芯原股份(688521.SH),2151,142955.46,66.46,30846.13
,,,澜起科技(688008.SH),4459,258532.82,57.98,35516.83
,,,豪森智能(688529.SH),9346,239724.90,25.65,15373.24
,,,中信博(688408.SH),1850,247881.50,133.99,24870.12
,,,利扬芯片(688135.SH),645,25593.60,39.68,4712.17
,,,传音控股(688036.SH),1505,246759.80,163.96,22541.95
,,,赛科希德(688338.SH),4460,276966.00,62.1,13265.32
2021-06-02,2731746.64,1275771.04,,,,,
,,,澜起科技(688008.SH),4459,258086.92,57.88,35070.93
,,,中信博(688408.SH),1850,252580.50,136.53,29569.12
,,,赛科希德(688338.SH),4460,276609.20,62.02,12908.52
,,,传音控股(688036.SH),1505,252238.00,167.6,28020.15
,,,豪森智能(688529.SH),9346,245799.80,26.3,21448.14
,,,利扬芯片(688135.SH),645,25941.90,40.22,5060.47
,,,芯原股份(688521.SH),2151,144719.28,67.28,32609.95
2021-06-01,2740532.55,1129985.35,,,,,
,,,澜起科技(688008.SH),4459,268520.98,60.22,45504.99
,,,芯原股份(688521.SH),4302,293310.36,68.18,69091.71
,,,传音控股(688036.SH),1505,261870.00,174,37652.15
,,,豪森智能(688529.SH),9346,235145.36,25.16,10793.70
,,,中信博(688408.SH),1850,256780.00,138.8,33768.62
,,,赛科希德(688338.SH),4460,269830.00,60.5,6129.32
,,,利扬芯片(688135.SH),645,25090.50,38.9,4209.07
2021-05-31,2723215.72,827024.23,,,,,
,,,芯原股份(688521.SH),4302,278167.32,64.66,53948.67
,,,豪森智能(688529.SH),9346,231780.80,24.8,7429.14
,,,传音控股(688036.SH),1505,267890.00,178,43672.15
,,,澜起科技(688008.SH),4459,267317.05,59.95,44301.06
,,,蓝特光学(688127.SH),5574,153452.22,27.53,37972.58
,,,利扬芯片(688135.SH),645,24709.95,38.31,3828.52
,,,成都先导(688222.SH),4885,153047.05,31.33,41559.70
,,,赛科希德(688338.SH),4460,269651.60,60.46,5950.92
,,,中信博(688408.SH),1850,250175.50,135.23,27164.12
2021-05-28,2623375.48,943474.55,,,,,
,,,豪森智能(688529.SH),9346,226266.66,24.21,1915.00
,,,澜起科技(688008.SH),4459,262412.15,58.85,39396.16
,,,芯原股份(688521.SH),4302,259195.50,60.25,34976.85
,,,成都先导(688222.SH),4885,146061.50,29.9,34574.15
,,,中信博(688408.SH),1850,225330.00,121.8,2318.62
,,,传音控股(688036.SH),1505,245315.00,163,21097.15
,,,利扬芯片(688135.SH),645,23439.30,36.34,2557.87
,,,蓝特光学(688127.SH),11149,291880.82,26.18,60900.82
2021-05-27,2649180.98,512935.52,,,,,
,,,传音控股(688036.SH),1505,264925.15,176.03,40707.30
,,,蓝特光学(688127.SH),11149,280731.82,25.18,49751.82
,,,利扬芯片(688135.SH),645,23665.05,36.69,2783.62
,,,成都先导(688222.SH),4885,145133.35,29.71,33646.00
,,,芯原股份(688521.SH),4302,258894.36,60.18,34675.71
,,,澜起科技(688008.SH),4459,266648.20,59.8,43632.21
,,,安集科技(688019.SH),636,153574.92,241.47,40265.84
,,,奥福科技(688021.SH),6043,279488.75,46.25,50048.83
,,,中信博(688408.SH),1850,232711.50,125.79,9700.12
,,,豪森智能(688529.SH),9346,230472.36,24.66,6120.70
2021-05-26,2580323.37,370083.12,,,,,
,,,澜起科技(688008.SH),4459,249525.64,55.96,26509.65
,,,奥福科技(688021.SH),6043,269819.95,44.65,40380.03
,,,利扬芯片(688135.SH),645,21910.65,33.97,1029.22
,,,传音控股(688036.SH),1505,264880.00,176,40662.15
,,,芯原股份(688521.SH),4302,248741.64,57.82,24522.99
,,,成都先导(688222.SH),4885,147820.10,30.26,36332.75
,,,蓝特光学(688127.SH),11149,269359.84,24.16,38379.84
,,,中信博(688408.SH),1850,222555.00,120.3,-456.38
,,,豪森智能(688529.SH),9346,229444.30,24.55,5092.64
,,,安集科技(688019.SH),1273,286183.13,224.81,59386.81
2021-05-25,2576473.48,225447.42,,,,,
,,,中信博(688408.SH),1850,225330.00,121.8,2318.62
,,,传音控股(688036.SH),1505,266400.05,177.01,42182.20
,,,豪森智能(688529.SH),9346,226827.42,24.27,2475.76
,,,安集科技(688019.SH),1273,277132.10,217.7,50335.78
,,,成都先导(688222.SH),9771,292152.90,29.9,69155.38
,,,澜起科技(688008.SH),4459,250729.57,56.23,27713.58
,,,利扬芯片(688135.SH),645,21839.70,33.86,958.27
,,,蓝特光学(688127.SH),11149,269248.35,24.15,38268.35
,,,芯原股份(688521.SH),4302,249128.82,57.91,24910.17
,,,奥福科技(688021.SH),6043,272237.15,45.05,42797.23
2021-05-24,2500667.73,225447.42,,,,,
,,,奥福科技(688021.SH),6043,270303.39,44.73,40863.47
,,,蓝特光学(688127.SH),11149,270251.76,24.24,39271.76
,,,豪森智能(688529.SH),9346,226733.96,24.26,2382.30
,,,中信博(688408.SH),1850,230880.00,124.8,7868.62
,,,安集科技(688019.SH),1273,264618.51,207.87,37822.19
,,,芯原股份(688521.SH),4302,233082.36,54.18,8863.71
,,,澜起科技(688008.SH),4459,246582.70,55.3,23566.71
,,,传音控股(688036.SH),1505,253562.40,168.48,29344.55
,,,成都先导(688222.SH),9771,257758.98,26.38,34761.46
,,,利扬芯片(688135.SH),645,21446.25,33.25,564.82
2021-05-21,2488529.59,225447.42,,,,,
,,,豪森智能(688529.SH),9346,222808.64,23.84,-1543.02
,,,澜起科技(688008.SH),4459,241722.39,54.21,18706.40
,,,奥福科技(688021.SH),6043,256767.07,42.49,27327.15
,,,成都先导(688222.SH),9771,266552.88,27.28,43555.36
,,,芯原股份(688521.SH),4302,240912.00,56,16693.35
,,,中信博(688408.SH),1850,239205.00,129.3,16193.62
,,,传音控股(688036.SH),1505,246835.05,164.01,22617.20
,,,蓝特光学(688127.SH),11149,268690.90,24.1,37710.90
,,,安集科技(688019.SH),1273,258393.54,202.98,31597.22
,,,利扬芯片(688135.SH),645,21194.70,32.86,313.27
2021-05-20,2476521.15,225447.42,,,,,
,,,传音控股(688036.SH),1505,241371.90,160.38,17154.05
,,,奥福科技(688021.SH),6043,258277.82,42.74,28837.90
,,,蓝特光学(688127.SH),11149,273707.95,24.55,42727.95
,,,利扬芯片(688135.SH),645,21472.05,33.29,590.62
,,,芯原股份(688521.SH),4302,229898.88,53.44,5680.23
,,,成都先导(688222.SH),9771,269581.89,27.59,46584.37
,,,中信博(688408.SH),1850,229585.00,124.1,6573.62
,,,安集科技(688019.SH),1273,266247.95,209.15,39451.63
,,,豪森智能(688529.SH),9346,224023.62,23.97,-328.04
,,,澜起科技(688008.SH),4459,236906.67,53.13,13890.68
2021-05-19,2468353.68,225447.42,,,,,
,,,中信博(688408.SH),1850,221315.50,119.63,-1695.88
,,,蓝特光学(688127.SH),11149,272816.03,24.47,41836.03
,,,安集科技(688019.SH),1273,266362.52,209.24,39566.20
,,,传音控股(688036.SH),1505,231724.85,153.97,7507.00
,,,豪森智能(688529.SH),9346,221687.12,23.72,-2664.54
,,,利扬芯片(688135.SH),645,21833.25,33.85,951.82
,,,澜起科技(688008.SH),4459,238601.09,53.51,15585.10
,,,芯原股份(688521.SH),4302,233598.60,54.3,9379.95
,,,成都先导(688222.SH),9771,269679.60,27.6,46682.08
,,,奥福科技(688021.SH),6043,265287.70,43.9,35847.78
2021-05-18,2430945.76,225447.42,,,,,
,,,中信博(688408.SH),1850,216154.00,116.84,-6857.38
,,,澜起科技(688008.SH),4459,240518.46,53.94,17502.47
,,,成都先导(688222.SH),9771,275444.49,28.19,52446.97
,,,利扬芯片(688135.SH),645,22226.70,34.46,1345.27
,,,芯原股份(688521.SH),4302,233340.48,54.24,9121.83
,,,蓝特光学(688127.SH),11149,250295.05,22.45,19315.05
,,,豪森智能(688529.SH),9346,219257.16,23.46,-5094.50
,,,奥福科技(688021.SH),6043,242807.74,40.18,13367.82
,,,安集科技(688019.SH),1273,265000.41,208.17,38204.09
,,,传音控股(688036.SH),1505,240453.85,159.77,16236.00
2021-05-17,2354842.61,225447.42,,,,,
,,,利扬芯片(688135.SH),645,21807.45,33.81,926.02
,,,安集科技(688019.SH),1273,247076.57,194.09,20280.25
,,,豪森智能(688529.SH),9346,213929.94,22.89,-10421.72
,,,传音控股(688036.SH),1505,242455.50,161.1,18237.65
,,,蓝特光学(688127.SH),11149,230561.32,20.68,-418.68
,,,奥福科技(688021.SH),6043,224195.30,37.1,-5244.62
,,,芯原股份(688521.SH),4302,233211.42,54.21,8992.77
,,,中信博(688408.SH),1850,218207.50,117.95,-4803.88
,,,成都先导(688222.SH),9771,257075.01,26.31,34077.49
,,,澜起科技(688008.SH),4459,240875.18,54.02,17859.19
2021-05-14,2323534.71,1961.53,,,,,
,,,传音控股(688036.SH),1505,241552.50,160.5,17334.65
,,,蓝特光学(688127.SH),11149,228888.97,20.53,-2091.03
,,,奥福科技(688021.SH),6043,233924.53,38.71,4484.61
,,,豪森智能(688529.SH),9346,217014.12,23.22,-7337.54
,,,芯原股份(688521.SH),4302,233383.50,54.25,9164.85
,,,华峰测控(688200.SH),705,210090.00,298,-886.11
,,,中信博(688408.SH),1850,208865.00,112.9,-14146.38
,,,安集科技(688019.SH),1273,245689.00,193,18892.68
,,,利扬芯片(688135.SH),645,22020.30,34.14,1138.87
,,,澜起科技(688008.SH),4459,242123.70,54.3,19107.71
,,,成都先导(688222.SH),9771,238021.56,24.36,15024.04
2021-05-13,2299432.01,27.77,,,,,
,,,成都先导(688222.SH),9771,232061.25,23.75,9063.73
,,,华峰测控(688200.SH),705,203145.75,288.15,-7830.36
,,,澜起科技(688008.SH),4459,243907.30,54.7,20891.31
,,,蓝特光学(688127.SH),11149,226882.15,20.35,-4097.85
,,,传音控股(688036.SH),1505,232372.00,154.4,8154.15
,,,芯原股份(688521.SH),4302,230200.02,53.51,5981.37
,,,利扬芯片(688135.SH),645,21891.30,33.94,1009.87
,,,豪森智能(688529.SH),9346,214210.32,22.92,-10141.34
,,,安集科技(688019.SH),1273,242379.20,190.4,15582.88
,,,奥福科技(688021.SH),6043,239604.95,39.65,8231.27
,,,中信博(688408.SH),1850,212750.00,115,-10261.38
2021-05-12,2262289.00,27.77,,,,,
,,,奥福科技(688021.SH),6043,238396.35,39.45,7022.67
,,,成都先导(688222.SH),9771,222778.80,22.8,-218.72
,,,豪森智能(688529.SH),9346,214023.40,22.9,-10328.26
,,,安集科技(688019.SH),1273,218052.17,171.29,-8744.15
,,,传音控股(688036.SH),1505,232597.75,154.55,8379.90
,,,芯原股份(688521.SH),4302,226758.42,52.71,2539.77
,,,华峰测控(688200.SH),705,207622.50,294.5,-3353.61
,,,澜起科技(688008.SH),4459,230351.94,51.66,7335.95
,,,利扬芯片(688135.SH),645,21388.20,33.16,506.77
,,,蓝特光学(688127.SH),11149,231899.20,20.8,919.20
,,,中信博(688408.SH),1850,218392.50,118.05,-4618.88
2021-05-11,2239116.91,20909.20,,,,,
,,,奥福科技(688021.SH),6043,238638.07,39.49,7264.39
,,,澜起科技(688008.SH),4459,226829.33,50.87,3813.34
,,,华峰测控(688200.SH),705,199832.25,283.45,-11143.86
,,,传音控股(688036.SH),1505,232868.65,154.73,8650.80
,,,蓝特光学(688127.SH),11149,222757.02,19.98,-8222.98
,,,豪森智能(688529.SH),9346,215986.06,23.11,-8365.60
,,,中信博(688408.SH),1850,214230.00,115.8,-8781.38
,,,芯原股份(688521.SH),4302,229683.78,53.39,5465.13
,,,安集科技(688019.SH),1273,217046.50,170.5,-9749.82
,,,成都先导(688222.SH),9771,220336.05,22.55,-2661.47
2021-05-10,2240759.28,689934.09,,,,,
,,,豪森智能(688529.SH),9346,213649.56,22.86,-10702.10
,,,安集科技(688019.SH),1273,219197.87,172.19,-7598.45
,,,奥福科技(688021.SH),6043,240511.40,39.8,9137.72
,,,传音控股(688036.SH),1505,231770.00,154,7552.15
,,,华峰测控(688200.SH),705,204048.15,289.43,-6927.96
,,,蓝特光学(688127.SH),11149,221084.67,19.83,-9895.33
,,,芯原股份(688521.SH),4302,220563.54,51.27,-3655.11
2021-05-07,2241467.24,1362722.26,,,,,
,,,安集科技(688019.SH),1273,223538.80,175.6,-3257.52
,,,蓝特光学(688127.SH),11149,221419.14,19.86,-9560.86
,,,奥福科技(688021.SH),6043,235858.29,39.03,4484.61
,,,华峰测控(688200.SH),705,197928.75,280.75,-13047.36
2021-05-06,2266212.08,1380943.31,,,,,
,,,成都先导(688222.SH),8886,207843.54,23.39,-23100.53
,,,蓝特光学(688127.SH),11149,230449.83,20.67,-530.17
,,,奥福科技(688021.SH),6043,228425.40,37.8,-2948.28
,,,华峰测控(688200.SH),705,218550.00,310,7573.89
2021-04-30,2298500.75,1380943.31,,,,,
,,,华峰测控(688200.SH),705,227820.75,323.15,16844.64
,,,成都先导(688222.SH),8886,217707.00,24.5,-13237.07
,,,蓝特光学(688127.SH),11149,238588.60,21.4,7608.60
,,,奥福科技(688021.SH),6043,233441.09,38.63,2067.41
2021-04-29,2284350.20,1184140.43,,,,,
,,,安集科技(688019.SH),1013,199561.00,197,-14673.74
,,,奥福科技(688021.SH),6043,233018.08,38.56,1644.40
,,,华峰测控(688200.SH),705,206980.95,293.59,-3995.16
,,,蓝特光学(688127.SH),11149,238588.60,21.4,7608.60
,,,成都先导(688222.SH),8886,222061.14,24.99,-8882.93
2021-04-28,2325887.22,1399772.08,,,,,
,,,奥福科技(688021.SH),6043,230963.46,38.22,-410.22
,,,天奈科技(688116.SH),3756,246468.72,65.62,46076.88
,,,华峰测控(688200.SH),705,214609.05,304.41,3632.94
,,,安集科技(688019.SH),1013,234073.91,231.07,19839.17
2021-04-27,2313879.22,1438323.67,,,,,
,,,华峰测控(688200.SH),705,220911.75,313.35,9935.64
,,,虹软科技(688088.SH),4552,194370.40,42.7,-15868.33
,,,安集科技(688019.SH),1013,225899.00,223,11664.26
,,,天奈科技(688116.SH),3756,234374.40,62.4,33982.56
2021-04-26,2321581.21,1285666.71,,,,,
,,,华峰测控(688200.SH),705,227715.00,323,16738.89
,,,天奈科技(688116.SH),3756,230956.44,61.49,30564.60
,,,虹软科技(688088.SH),4552,203793.04,44.77,-6445.69
,,,硕世生物(688399.SH),762,150083.52,196.96,44563.40
,,,安集科技(688019.SH),1013,223366.50,220.5,9131.76
2021-04-23,2300519.10,344520.30,,,,,
,,,中信博(688408.SH),1572,232656.00,148,35703.93
,,,孚能科技(688567.SH),7628,215491.00,28.25,17624.19
,,,思瑞浦(688536.SH),299,123427.20,412.8,24539.19
,,,安集科技(688019.SH),1013,219922.30,217.1,5687.56
,,,天奈科技(688116.SH),3756,225660.48,60.08,25268.64
,,,虹软科技(688088.SH),4552,218769.12,48.06,8530.39
,,,道通科技(688208.SH),1635,119305.95,72.97,21256.97
,,,固德威(688390.SH),572,124982.00,218.5,26669.78
,,,硕世生物(688399.SH),1525,260759.75,170.99,49581.03
,,,华峰测控(688200.SH),705,215025.00,305,4048.89
2021-04-22,2274433.85,344520.30,,,,,
,,,道通科技(688208.SH),1635,120172.50,73.5,22123.52
,,,固德威(688390.SH),572,121916.08,213.14,23603.86
,,,孚能科技(688567.SH),7628,215872.40,28.3,18005.59
,,,华峰测控(688200.SH),705,222018.60,314.92,11042.49
,,,虹软科技(688088.SH),4552,219224.32,48.16,8985.59
,,,思瑞浦(688536.SH),299,120030.56,401.44,21142.55
,,,中信博(688408.SH),1572,227106.84,144.47,30154.77
,,,硕世生物(688399.SH),1525,237884.75,155.99,26706.03
,,,安集科技(688019.SH),1013,220327.50,217.5,6092.76
,,,天奈科技(688116.SH),3756,225360.00,60,24968.16
2021-04-21,2257150.11,344520.30,,,,,
,,,孚能科技(688567.SH),7628,216635.20,28.4,18768.39
,,,思瑞浦(688536.SH),299,117650.52,393.48,18762.51
,,,固德威(688390.SH),572,117872.04,206.07,19559.82
,,,天奈科技(688116.SH),3756,221115.72,58.87,20723.88
,,,安集科技(688019.SH),1013,218483.84,215.68,4249.10
,,,中信博(688408.SH),1572,222642.36,141.63,25690.29
,,,华峰测控(688200.SH),705,222075.00,315,11098.89
,,,硕世生物(688399.SH),1525,238311.75,156.27,27133.03
,,,道通科技(688208.SH),1635,120303.30,73.58,22254.32
,,,虹软科技(688088.SH),4552,217540.08,47.79,7301.35
2021-04-20,2255801.09,344520.30,,,,,
,,,固德威(688390.SH),572,117551.72,205.51,19239.50
,,,虹软科技(688088.SH),4552,219861.60,48.3,9622.87
,,,安集科技(688019.SH),1013,216782.00,214,2547.26
,,,硕世生物(688399.SH),1525,231540.75,151.83,20362.03
,,,华峰测控(688200.SH),705,221722.50,314.5,10746.39
,,,思瑞浦(688536.SH),299,117806.00,394,18917.99
,,,孚能科技(688567.SH),7628,217016.60,28.45,19149.79
,,,中信博(688408.SH),1572,229134.72,145.76,32182.65
,,,道通科技(688208.SH),1635,119387.70,73.02,21338.72
,,,天奈科技(688116.SH),3756,220477.20,58.7,20085.36
2021-04-19,2266679.22,64795.00,,,,,
,,,虹软科技(688088.SH),4552,226644.08,49.79,16405.35
,,,华峰测控(688200.SH),705,220086.90,312.18,9110.79
,,,固德威(688390.SH),572,111368.40,194.7,13056.18
,,,思瑞浦(688536.SH),299,119253.16,398.84,20365.15
,,,孚能科技(688567.SH),7628,211295.60,27.7,13428.79
,,,硕世生物(688399.SH),1525,246287.50,161.5,35108.78
,,,中信博(688408.SH),1572,219687.00,139.75,22734.93
,,,奕瑞科技(688301.SH),1212,276845.04,228.42,70306.73
,,,安集科技(688019.SH),1013,218787.74,215.98,4553.00
,,,天奈科技(688116.SH),3756,227238.00,60.5,26846.16
,,,道通科技(688208.SH),1635,124390.80,76.08,26341.82
2021-04-16,2170192.69,63977.50,,,,,
,,,固德威(688390.SH),572,107822.00,188.5,9509.78
,,,道通科技(688208.SH),1635,121317.00,74.2,22450.52
,,,华峰测控(688200.SH),705,224739.90,318.78,13763.79
,,,奕瑞科技(688301.SH),1212,230704.20,190.35,24165.89
,,,硕世生物(688399.SH),1525,253866.75,166.47,42688.03
,,,天奈科技(688116.SH),3756,215369.04,57.34,14977.20
,,,安集科技(688019.SH),1013,203420.53,200.81,-10814.21
,,,虹软科技(688088.SH),4552,217358.00,47.75,7119.27
,,,中信博(688408.SH),1572,210946.68,134.19,13994.61
,,,孚能科技(688567.SH),7628,201074.08,26.36,3207.27
,,,思瑞浦(688536.SH),299,119597.01,399.99,20709.00
2021-04-15,2119156.47,274953.61,,,,,
,,,固德威(688390.SH),572,107822.00,188.5,9509.78
,,,孚能科技(688567.SH),7628,197336.36,25.87,-530.45
,,,硕世生物(688399.SH),1525,230092.00,150.88,18913.28
,,,思瑞浦(688536.SH),299,122646.81,410.19,23758.80
,,,天奈科技(688116.SH),3756,217247.04,57.84,16855.20
,,,安集科技(688019.SH),1013,209741.65,207.05,-4493.09
,,,奕瑞科技(688301.SH),1212,219493.20,181.1,12954.89
,,,虹软科技(688088.SH),4552,215992.40,47.45,5753.67
,,,中信博(688408.SH),1572,203495.40,129.45,6543.33
,,,道通科技(688208.SH),1635,120336.00,73.6,21469.52
2021-04-14,2106088.06,485192.33,,,,,
,,,中信博(688408.SH),1572,209783.40,133.45,12831.33
,,,天奈科技(688116.SH),3756,211838.40,56.4,11446.56
,,,奕瑞科技(688301.SH),1212,220850.64,182.22,14312.33
,,,孚能科技(688567.SH),7628,198480.56,26.02,613.75
,,,硕世生物(688399.SH),1525,221125.00,145,9946.28
,,,安集科技(688019.SH),1013,206743.17,204.09,-7491.57
,,,思瑞浦(688536.SH),299,122739.50,410.5,23851.49
,,,道通科技(688208.SH),1635,119322.30,72.98,20455.82
,,,固德威(688390.SH),572,110012.76,192.33,11700.54
2021-04-13,2065587.34,295966.91,,,,,
,,,道通科技(688208.SH),1635,119894.55,73.33,21028.07
,,,中信博(688408.SH),1572,208447.20,132.6,11495.13
,,,孚能科技(688567.SH),7628,192835.84,25.28,-5030.97
,,,奕瑞科技(688301.SH),1212,215251.20,177.6,8712.89
,,,虹软科技(688088.SH),4138,190223.86,45.97,-21299.65
,,,思瑞浦(688536.SH),299,121074.07,404.93,22186.06
,,,天奈科技(688116.SH),3756,187612.20,49.95,-12779.64
,,,安集科技(688019.SH),1013,204393.01,201.77,-9841.73
,,,硕世生物(688399.SH),1525,222924.50,146.18,11745.78
,,,固德威(688390.SH),572,106964.00,187,8651.78
2021-04-12,2060188.86,502505.22,,,,,
,,,虹软科技(688088.SH),4138,198665.38,48.01,-12858.13
,,,道通科技(688208.SH),1635,121218.90,74.14,22352.42
,,,安集科技(688019.SH),1013,211301.67,208.59,-2933.07
,,,中信博(688408.SH),1572,204360.00,130,7407.93
,,,硕世生物(688399.SH),1525,204639.75,134.19,-6538.97
,,,天奈科技(688116.SH),3756,191518.44,50.99,-8873.40
,,,固德威(688390.SH),572,106981.16,187.03,8668.94
,,,孚能科技(688567.SH),7628,194895.40,25.55,-2971.41
,,,思瑞浦(688536.SH),299,124102.94,415.06,25214.93
2021-04-09,2113772.80,484561.91,,,,,
,,,道通科技(688208.SH),1635,126876.00,77.6,28009.52
,,,虹软科技(688088.SH),4138,206031.02,49.79,-5492.49
,,,固德威(688390.SH),572,108937.40,190.45,10625.18
,,,天奈科技(688116.SH),3756,197978.76,52.71,-2413.08
,,,安集科技(688019.SH),1013,219152.42,216.34,4917.68
,,,思瑞浦(688536.SH),299,125974.68,421.32,27086.67
,,,孚能科技(688567.SH),7628,204430.40,26.8,6563.59
,,,西部超导(688122.SH),4377,230974.29,52.77,29300.69
,,,中信博(688408.SH),1572,208855.92,132.86,11903.85
2021-04-08,2119354.83,484561.91,,,,,
,,,西部超导(688122.SH),4377,223445.85,51.05,21772.25
,,,中信博(688408.SH),1572,221557.68,140.94,24605.61
,,,孚能科技(688567.SH),7628,204430.40,26.8,6563.59
,,,虹软科技(688088.SH),4138,204003.40,49.3,-7520.11
,,,道通科技(688208.SH),1635,124439.85,76.11,25573.37
,,,安集科技(688019.SH),1013,219750.09,216.93,5515.35
,,,天奈科技(688116.SH),3756,198391.92,52.82,-1999.92
,,,固德威(688390.SH),572,112849.88,197.29,14537.66
,,,思瑞浦(688536.SH),299,125923.85,421.15,27035.84
2021-04-07,2134186.83,249822.98,,,,,
,,,安集科技(688019.SH),1013,227894.61,224.97,13659.87
,,,道通科技(688208.SH),1635,122706.75,75.05,23840.27
,,,思瑞浦(688536.SH),299,125588.97,420.03,26700.96
,,,绿的谐波(688017.SH),2336,238272.00,102,28180.49
,,,西部超导(688122.SH),4377,220950.96,50.48,19277.36
,,,天奈科技(688116.SH),3756,197490.48,52.58,-2901.36
,,,孚能科技(688567.SH),7628,205422.04,26.93,7555.23
,,,固德威(688390.SH),572,112855.60,197.3,14543.38
,,,中信博(688408.SH),1572,224544.48,142.84,27592.41
,,,虹软科技(688088.SH),4138,208637.96,50.42,-2885.55
2021-04-06,2148433.16,249822.98,,,,,
,,,绿的谐波(688017.SH),2336,236146.24,101.09,26054.73
,,,虹软科技(688088.SH),4138,211286.28,51.06,-237.23
,,,中信博(688408.SH),1572,227940.00,145,30987.93
,,,安集科技(688019.SH),1013,224794.83,221.91,10560.09
,,,思瑞浦(688536.SH),299,128495.25,429.75,29607.24
,,,天奈科技(688116.SH),3756,200382.60,53.35,-9.24
,,,固德威(688390.SH),572,118804.40,207.7,20492.18
,,,孚能科技(688567.SH),7628,205956.00,27,8089.19
,,,西部超导(688122.SH),4377,222964.38,50.94,21290.78
,,,道通科技(688208.SH),1635,121840.20,74.52,22973.72
2021-04-02,2162921.44,211551.72,,,,,
,,,西部超导(688122.SH),4377,220338.18,50.34,18664.58
,,,安集科技(688019.SH),1013,224906.26,222.02,10671.52
,,,道通科技(688208.SH),3271,243885.76,74.56,46092.33
,,,固德威(688390.SH),572,121550.00,212.5,23237.78
,,,孚能科技(688567.SH),7628,214041.68,28.06,16174.87
,,,中信博(688408.SH),1572,228364.44,145.27,31412.37
,,,绿的谐波(688017.SH),2336,241238.72,103.27,31147.21
,,,思瑞浦(688536.SH),598,255047.00,426.5,57270.98
,,,天奈科技(688116.SH),3756,201997.68,53.78,1605.84
2021-04-01,2094194.21,299228.35,,,,,
,,,道通科技(688208.SH),3271,220923.34,67.54,23129.91
,,,思瑞浦(688536.SH),598,239200.00,400,41423.98
,,,天奈科技(688116.SH),3756,197190.00,52.5,-3201.84
,,,固德威(688390.SH),1145,248465.00,217,51668.69
,,,孚能科技(688567.SH),7628,200006.16,26.22,2139.35
,,,绿的谐波(688017.SH),2336,231264.00,99,21172.49
,,,中信博(688408.SH),1572,234165.12,148.96,37213.05
,,,西部超导(688122.SH),4377,223752.24,51.12,22078.64
2021-03-31,2042894.00,111397.41,,,,,
,,,西部超导(688122.SH),4377,221301.12,50.56,19627.52
,,,道通科技(688208.SH),3271,218502.80,66.8,20709.37
,,,中信博(688408.SH),1572,234400.92,149.11,37448.85
,,,孚能科技(688567.SH),7628,196726.12,25.79,-1140.69
,,,绿的谐波(688017.SH),2336,228460.80,97.8,18369.29
,,,固德威(688390.SH),1145,237095.15,207.07,40298.84
,,,天奈科技(688116.SH),3756,192645.24,51.29,-7746.60
,,,安集科技(688019.SH),998,186606.04,186.98,-16944.19
,,,思瑞浦(688536.SH),598,215758.40,360.8,17982.38
2021-03-30,2089248.58,111397.41,,,,,
,,,中信博(688408.SH),1572,236884.68,150.69,39932.61
,,,孚能科技(688567.SH),7628,195658.20,25.65,-2208.61
,,,天奈科技(688116.SH),3756,195236.88,51.98,-5154.96
,,,西部超导(688122.SH),4377,237233.40,54.2,35559.80
,,,道通科技(688208.SH),3271,220138.30,67.3,22344.87
,,,固德威(688390.SH),1145,235812.75,205.95,39016.44
,,,思瑞浦(688536.SH),598,214383.00,358.5,16606.98
,,,安集科技(688019.SH),998,200657.88,201.06,-2892.35
,,,绿的谐波(688017.SH),2336,241846.08,103.53,31754.57
2021-03-29,2005687.72,311789.25,,,,,
,,,思瑞浦(688536.SH),598,212062.76,354.62,14286.74
,,,道通科技(688208.SH),3271,207315.98,63.38,9522.55
,,,安集科技(688019.SH),998,198801.60,199.2,-4748.63
,,,固德威(688390.SH),1145,205607.65,179.57,8811.34
,,,西部超导(688122.SH),4377,232506.24,53.12,30832.64
,,,中信博(688408.SH),1572,209783.40,133.45,12831.33
,,,绿的谐波(688017.SH),2336,232315.20,99.45,22223.69
,,,孚能科技(688567.SH),7628,195505.64,25.63,-2361.17
2021-03-26,2016026.26,515339.49,,,,,
,,,思瑞浦(688536.SH),598,219167.00,366.5,21390.98
,,,绿的谐波(688017.SH),2336,233997.12,100.17,23905.61
,,,西部超导(688122.SH),4377,232987.71,53.23,31314.11
,,,孚能科技(688567.SH),7628,198633.12,26.04,766.31
,,,中信博(688408.SH),1572,204894.48,130.34,7942.41
,,,固德威(688390.SH),1145,209546.45,183.01,12750.14
,,,道通科技(688208.SH),3271,201460.89,61.59,3667.46
2021-03-25,1961716.73,909087.87,,,,,
,,,西部超导(688122.SH),4377,222439.14,50.82,20765.54
,,,道通科技(688208.SH),3271,192727.32,58.92,-5066.11
,,,绿的谐波(688017.SH),2336,237781.44,101.79,27689.93
,,,孚能科技(688567.SH),7628,186123.20,24.4,-11743.61
,,,思瑞浦(688536.SH),598,213557.76,357.12,15781.74
2021-03-24,1975188.82,1087723.27,,,,,
,,,绿的谐波(688017.SH),2336,254694.08,109.03,44602.57
,,,中信博(688408.SH),416,51076.48,122.78,-5479.57
,,,安集科技(688019.SH),942,184358.82,195.71,-13312.02
,,,固德威(688390.SH),1083,181944.00,168,-17786.45
,,,西部超导(688122.SH),4377,215392.17,49.21,13718.57
2021-03-23,2001597.28,895421.78,,,,,
,,,安集科技(688019.SH),942,189539.82,201.21,-8131.02
,,,成都先导(688222.SH),6871,194243.17,28.27,-15804.46
,,,中信博(688408.SH),416,52832.00,127,-3724.05
,,,西部超导(688122.SH),4377,221169.81,50.53,19496.21
,,,绿的谐波(688017.SH),2336,257847.68,110.38,47756.17
,,,固德威(688390.SH),1083,190543.02,175.94,-9187.43
2021-03-22,2014087.98,895421.78,,,,,
,,,成都先导(688222.SH),6871,204755.80,29.8,-5291.83
,,,绿的谐波(688017.SH),2336,254834.24,109.09,44742.73
,,,固德威(688390.SH),1083,191907.60,177.2,-7822.85
,,,西部超导(688122.SH),4377,225327.96,51.48,23654.36
,,,中信博(688408.SH),416,57491.20,138.2,935.15
,,,安集科技(688019.SH),942,184349.40,195.7,-13321.44
2021-03-19,2002307.27,895421.78,,,,,
,,,安集科技(688019.SH),942,188079.72,199.66,-9591.12
,,,西部超导(688122.SH),4377,225371.73,51.49,23698.13
,,,成都先导(688222.SH),6871,204206.12,29.72,-5841.51
,,,固德威(688390.SH),1083,188442.00,174,-11288.45
,,,中信博(688408.SH),416,56160.00,135,-396.05
,,,绿的谐波(688017.SH),2336,244625.92,104.72,34534.41
2021-03-18,2016194.50,701835.83,,,,,
,,,西部超导(688122.SH),4377,217318.05,49.65,15644.45
,,,绿的谐波(688017.SH),2336,234067.20,100.2,23975.69
,,,中信博(688408.SH),416,57653.44,138.59,1097.39
,,,安集科技(688019.SH),942,193279.56,205.18,-4391.28
,,,成都先导(688222.SH),6871,213894.23,31.13,3846.60
,,,光云科技(688365.SH),8560,197650.40,23.09,-12809.47
,,,固德威(688390.SH),1083,200495.79,185.13,765.34
2021-03-17,1989315.89,901566.27,,,,,
,,,成都先导(688222.SH),6871,199259.00,29,-10788.63
,,,绿的谐波(688017.SH),2336,220284.80,94.3,10193.29
,,,中信博(688408.SH),416,57195.84,137.49,639.79
,,,安集科技(688019.SH),942,196322.22,208.41,-1348.62
,,,西部超导(688122.SH),4377,210446.16,48.08,8772.56
,,,光云科技(688365.SH),8560,204241.60,23.86,-6218.27
2021-03-16,1977267.45,915810.74,,,,,
,,,固德威(688390.SH),1004,184033.20,183.3,-17601.10
,,,中信博(688408.SH),416,56617.60,136.1,61.55
,,,西部超导(688122.SH),4377,206288.01,47.13,4614.41
,,,绿的谐波(688017.SH),2336,210240.00,90,148.49
,,,成都先导(688222.SH),6871,201320.30,29.3,-8727.33
,,,光云科技(688365.SH),8560,202957.60,23.71,-7502.27
2021-03-15,1981996.97,735870.72,,,,,
,,,光云科技(688365.SH),8560,196965.60,23.01,-13494.27
,,,安集科技(688019.SH),868,178374.00,205.5,-23265.19
,,,绿的谐波(688017.SH),2336,221499.52,94.82,11408.01
,,,成都先导(688222.SH),6871,197266.41,28.71,-12781.22
,,,固德威(688390.SH),1004,190890.52,190.13,-10743.78
,,,西部超导(688122.SH),4377,205719.00,47,4045.40
,,,中信博(688408.SH),416,55411.20,133.2,-1144.85
2021-03-12,2031944.25,735870.72,,,,,
,,,安集科技(688019.SH),868,188616.40,217.3,-13022.79
,,,成都先导(688222.SH),6871,205374.19,29.89,-4673.44
,,,中信博(688408.SH),416,63440.00,152.5,6883.95
,,,西部超导(688122.SH),4377,206506.86,47.18,4833.26
,,,固德威(688390.SH),1004,215157.20,214.3,13522.90
,,,绿的谐波(688017.SH),2336,221639.68,94.88,11548.17
,,,光云科技(688365.SH),8560,195339.20,22.82,-15120.67
2021-03-11,2047901.47,617318.00,,,,,
,,,光云科技(688365.SH),8560,206638.40,24.14,-3821.47
,,,安集科技(688019.SH),868,198772.00,229,-2867.19
,,,绿的谐波(688017.SH),2336,220588.48,94.43,10496.97
,,,大地熊(688077.SH),2699,118513.09,43.91,18826.13
,,,中信博(688408.SH),416,59217.60,142.35,2661.55
,,,西部超导(688122.SH),4377,209570.76,47.88,7897.16
,,,固德威(688390.SH),1004,212115.08,211.27,10480.78
,,,成都先导(688222.SH),6871,205168.06,29.86,-4879.57
2021-03-10,2011943.91,636913.32,,,,,
,,,成都先导(688222.SH),6871,201663.85,29.35,-8383.78
,,,昊海生科(688366.SH),2009,194893.09,97.01,-18651.51
,,,神工股份(688233.SH),5966,211077.08,35.38,11473.85
,,,光云科技(688365.SH),8560,203385.60,23.76,-7074.27
,,,中信博(688408.SH),416,57890.56,139.16,1334.51
,,,大地熊(688077.SH),2699,115706.13,42.87,16019.17
,,,百奥泰(688177.SH),7812,177254.28,22.69,-22175.11
,,,绿的谐波(688017.SH),2336,213160.00,91.25,3068.49
2021-03-09,2016814.70,56563.91,,,,,
,,,德林海(688069.SH),2888,215878.00,74.75,17768.56
,,,百奥泰(688177.SH),7812,184831.92,23.66,-14597.47
,,,成都先导(688222.SH),6871,202213.53,29.43,-7834.10
,,,昊海生科(688366.SH),2009,195897.59,97.51,-17647.01
,,,绿的谐波(688017.SH),2336,205264.32,87.87,-4827.19
,,,光云科技(688365.SH),8560,217252.80,25.38,6792.93
,,,敏芯股份(688286.SH),2142,195993.00,91.5,-2211.38
,,,神工股份(688233.SH),5966,212329.94,35.59,12726.71
,,,孚能科技(688567.SH),6671,217474.60,32.6,19291.27
,,,大地熊(688077.SH),2699,113115.09,41.91,13428.13
2021-03-08,2099979.11,476703.04,,,,,
,,,百奥泰(688177.SH),7812,195300.00,25,-4129.39
,,,敏芯股份(688286.SH),2142,198220.68,92.54,16.30
,,,神工股份(688233.SH),5966,225872.76,37.86,26269.53
,,,大地熊(688077.SH),2699,122237.71,45.29,22550.75
,,,德林海(688069.SH),2888,231271.04,80.08,33161.60
,,,光云科技(688365.SH),8560,226840.00,26.5,16380.13
,,,昊海生科(688366.SH),2009,205058.63,102.07,-8485.97
,,,孚能科技(688567.SH),6671,218475.25,32.75,20291.92
2021-03-05,2128733.13,476703.04,,,,,
,,,大地熊(688077.SH),2699,124639.82,46.18,24952.86
,,,光云科技(688365.SH),8560,217424.00,25.4,6964.13
,,,昊海生科(688366.SH),2009,219282.35,109.15,5737.75
,,,神工股份(688233.SH),5966,227065.96,38.06,27462.73
,,,孚能科技(688567.SH),6671,222144.30,33.3,23960.97
,,,百奥泰(688177.SH),7812,204674.40,26.2,5245.01
,,,德林海(688069.SH),2888,232859.44,80.63,34750.00
,,,敏芯股份(688286.SH),2142,203939.82,95.21,5735.44
2021-03-04,2134131.47,497500.63,,,,,
,,,神工股份(688233.SH),5966,225156.84,37.74,25553.61
,,,昊海生科(688366.SH),2009,216570.20,107.8,3025.60
,,,孚能科技(688567.SH),6671,219475.90,32.9,21292.57
,,,敏芯股份(688286.SH),2142,203511.42,95.01,5307.04
,,,东方生物(688298.SH),1475,191897.50,130.1,-16570.75
,,,大地熊(688077.SH),2699,133276.62,49.38,33589.66
,,,百奥泰(688177.SH),7812,207096.12,26.51,7666.73
,,,德林海(688069.SH),2888,239646.24,82.98,41536.80
2021-03-03,2160222.72,497500.63,,,,,
,,,敏芯股份(688286.SH),2142,208073.88,97.14,9869.50
,,,东方生物(688298.SH),1475,198077.75,134.29,-10390.50
,,,神工股份(688233.SH),5966,227423.92,38.12,27820.69
,,,大地熊(688077.SH),2699,127878.62,47.38,28191.66
,,,昊海生科(688366.SH),2009,222737.83,110.87,9193.23
,,,孚能科技(688567.SH),6671,229415.69,34.39,31232.36
,,,百奥泰(688177.SH),7812,210767.76,26.98,11338.37
,,,德林海(688069.SH),2888,238346.64,82.53,40237.20
2021-03-02,2141989.82,711045.23,,,,,
,,,东方生物(688298.SH),1475,204154.75,138.41,-4313.50
,,,孚能科技(688567.SH),6671,226080.19,33.89,27896.86
,,,敏芯股份(688286.SH),2142,207559.80,96.9,9355.42
,,,神工股份(688233.SH),5966,228497.80,38.3,28894.57
,,,百奥泰(688177.SH),7812,205221.24,26.27,5791.85
,,,德林海(688069.SH),2888,238866.48,82.71,40757.04
,,,大地熊(688077.SH),2699,120564.33,44.67,20877.37
2021-03-01,2160089.81,584610.52,,,,,
,,,德林海(688069.SH),2888,242880.80,84.1,44771.36
,,,神工股份(688233.SH),5966,227781.88,38.18,28178.65
,,,敏芯股份(688286.SH),2142,212058.00,99,13853.62
,,,百奥泰(688177.SH),7812,205689.96,26.33,6260.57
,,,孚能科技(688567.SH),6671,221543.91,33.21,23360.58
,,,东方生物(688298.SH),1475,213816.00,144.96,5347.75
,,,大地熊(688077.SH),5398,251708.74,46.63,52334.81
2021-02-26,2069976.08,793078.77,,,,,
,,,神工股份(688233.SH),5966,223725.00,37.5,24121.77
,,,百奥泰(688177.SH),7812,199362.24,25.52,-67.15
,,,敏芯股份(688286.SH),2142,195993.00,91.5,-2211.38
,,,德林海(688069.SH),2888,225264.00,78,27154.56
,,,大地熊(688077.SH),5398,229954.80,42.6,30580.87
,,,孚能科技(688567.SH),6671,202598.27,30.37,4414.94
2021-02-25,2063060.91,793078.77,,,,,
,,,神工股份(688233.SH),5966,227602.90,38.15,27999.67
,,,德林海(688069.SH),2888,210824.00,73,12714.56
,,,大地熊(688077.SH),5398,229954.80,42.6,30580.87
,,,百奥泰(688177.SH),7812,201315.24,25.77,1885.85
,,,孚能科技(688567.SH),6671,199729.74,29.94,1546.41
,,,敏芯股份(688286.SH),2142,200555.46,93.63,2351.08
2021-02-24,2097384.01,793078.77,,,,,
,,,孚能科技(688567.SH),6671,210803.60,31.6,12620.27
,,,德林海(688069.SH),2888,209033.44,72.38,10924.00
,,,敏芯股份(688286.SH),2142,205203.60,95.8,6999.22
,,,大地熊(688077.SH),5398,233733.40,43.3,34359.47
,,,百奥泰(688177.SH),7812,211783.32,27.11,12353.93
,,,神工股份(688233.SH),5966,233747.88,39.18,34144.65
2021-02-23,2094360.88,793078.77,,,,,
,,,德林海(688069.SH),2888,209004.56,72.37,10895.12
,,,百奥泰(688177.SH),7812,210845.88,26.99,11416.49
,,,大地熊(688077.SH),5398,243989.60,45.2,44615.67
,,,孚能科技(688567.SH),6671,216740.79,32.49,18557.46
,,,神工股份(688233.SH),5966,217639.68,36.48,18036.45
,,,敏芯股份(688286.SH),2142,203061.60,94.8,4857.22
2021-02-22,2092210.06,793078.77,,,,,
,,,百奥泰(688177.SH),7812,214048.80,27.4,14619.41
,,,大地熊(688077.SH),5398,236324.44,43.78,36950.51
,,,敏芯股份(688286.SH),2142,207109.98,96.69,8905.60
,,,德林海(688069.SH),2888,211719.28,73.31,13609.84
,,,神工股份(688233.SH),5966,216923.76,36.36,17320.53
,,,孚能科技(688567.SH),6671,213005.03,31.93,14821.70
2021-02-19,2036279.34,793078.77,,,,,
,,,百奥泰(688177.SH),7812,204049.44,26.12,4620.05
,,,孚能科技(688567.SH),6671,212071.09,31.79,13887.76
,,,敏芯股份(688286.SH),2142,208845.00,97.5,10640.62
,,,大地熊(688077.SH),5398,206473.50,38.25,7099.57
,,,德林海(688069.SH),2888,198954.32,68.89,844.88
,,,神工股份(688233.SH),5966,212807.22,35.67,13203.99
2021-02-18,2012978.26,793078.77,,,,,
,,,百奥泰(688177.SH),7812,198190.44,25.37,-1238.95
,,,孚能科技(688567.SH),6671,210069.79,31.49,11886.46
,,,神工股份(688233.SH),5966,210599.80,35.3,10996.57
,,,大地熊(688077.SH),5398,201723.26,37.37,2349.33
,,,敏芯股份(688286.SH),2142,205589.16,95.98,7384.78
,,,德林海(688069.SH),2888,193727.04,67.08,-4382.40
2021-02-10,1980518.55,585690.72,,,,,
,,,德林海(688069.SH),2888,188875.20,65.4,-9234.24
,,,敏芯股份(688286.SH),2142,193379.76,90.28,-4824.62
,,,大地熊(688077.SH),5398,197027.00,36.5,-2346.93
,,,伟思医疗(688580.SH),2133,207028.98,97.06,10341.52
,,,孚能科技(688567.SH),6671,214606.07,32.17,16422.74
,,,神工股份(688233.SH),5966,196579.70,32.95,-3023.53
,,,百奥泰(688177.SH),7812,197331.12,25.26,-2098.27
2021-02-09,1996764.97,984494.04,,,,,
,,,德林海(688069.SH),2888,197799.12,68.49,-310.32
,,,孚能科技(688567.SH),6671,208135.20,31.2,9951.87
,,,神工股份(688233.SH),5966,201650.80,33.8,2047.57
,,,敏芯股份(688286.SH),2142,201090.96,93.88,2886.58
,,,伟思医疗(688580.SH),2133,203594.85,95.45,6907.39
2021-02-08,1996837.03,999803.54,,,,,
,,,孚能科技(688567.SH),6671,202798.40,30.4,4615.07
,,,敏芯股份(688286.SH),2142,197728.02,92.31,-476.36
,,,德林海(688069.SH),2888,204297.12,70.74,6187.68
,,,大地熊(688077.SH),5289,188764.41,35.69,-12679.97
,,,伟思医疗(688580.SH),2133,203445.54,95.38,6758.08
2021-02-05,1997616.73,1279253.67,,,,,
,,,大地熊(688077.SH),5289,190774.23,36.07,-10670.15
,,,昊海生科(688366.SH),1168,135826.72,116.29,34187.67
,,,伟思医疗(688580.SH),2133,197345.16,92.52,657.70
,,,东方生物(688298.SH),1365,194416.95,142.43,-5960.88
2021-02-04,2003440.79,1279253.67,,,,,
,,,大地熊(688077.SH),5289,193630.29,36.61,-7814.09
,,,东方生物(688298.SH),1365,199071.60,145.84,-1306.23
,,,昊海生科(688366.SH),1168,128444.96,109.97,26805.91
,,,伟思医疗(688580.SH),2133,203040.27,95.19,6352.81
2021-02-03,2021447.82,1279253.67,,,,,
,,,昊海生科(688366.SH),1168,132170.88,113.16,30531.83
,,,东方生物(688298.SH),1365,189571.20,138.88,-10806.63
,,,伟思医疗(688580.SH),2133,212382.81,99.57,15695.35
,,,大地熊(688077.SH),5289,208069.26,39.34,6624.88
2021-02-02,2014333.44,1279253.67,,,,,
,,,东方生物(688298.SH),1365,195590.85,143.29,-4786.98
,,,伟思医疗(688580.SH),2133,216435.51,101.47,19748.05
,,,昊海生科(688366.SH),1168,120537.60,103.2,18898.55
,,,大地熊(688077.SH),5289,202515.81,38.29,1071.43
2021-02-01,2019355.21,1279253.67,,,,,
,,,伟思医疗(688580.SH),2133,219912.30,103.1,23224.84
,,,大地熊(688077.SH),5289,196327.68,37.12,-5116.70
,,,昊海生科(688366.SH),1168,124298.56,106.42,22659.51
,,,东方生物(688298.SH),1365,199563.00,146.2,-814.83
2021-01-29,2005041.77,1479631.50,,,,,
,,,昊海生科(688366.SH),1168,124135.04,106.28,22495.99
,,,大地熊(688077.SH),5289,193947.63,36.67,-7496.75
,,,伟思医疗(688580.SH),2133,207327.60,97.2,10640.14
2021-01-28,2011698.78,1569604.66,,,,,
,,,昊海生科(688366.SH),1168,114954.56,98.42,13315.51
,,,伟思医疗(688580.SH),2133,214153.20,100.4,17465.74
,,,天智航(688277.SH),2796,112986.36,40.41,12659.28
2021-01-27,2034642.66,1385150.53,,,,,
,,,伟思医疗(688580.SH),2133,227911.05,106.85,31223.59
,,,大地熊(688077.SH),4892,185504.64,37.92,-20432.05
,,,昊海生科(688366.SH),1168,120070.40,102.8,18431.35
,,,天智航(688277.SH),2796,116006.04,41.49,15678.96
2021-01-26,2063033.20,1591087.22,,,,,
,,,昊海生科(688366.SH),1168,123924.80,106.1,22285.75
,,,天智航(688277.SH),2796,121709.88,43.53,21382.80
,,,伟思医疗(688580.SH),2133,226311.30,106.1,29623.84
2021-01-25,2067626.57,1275012.00,,,,,
,,,伟思医疗(688580.SH),2133,227377.80,106.6,30690.34
,,,昊海生科(688366.SH),2337,255691.17,109.41,52326.04
,,,天智航(688277.SH),2796,122325.00,43.75,21997.92
,,,卓易信息(688258.SH),3865,187220.60,48.44,-16158.72
2021-01-22,2042883.38,1275012.00,,,,,
,,,卓易信息(688258.SH),3865,193134.05,49.97,-10245.27
,,,天智航(688277.SH),2796,126267.36,45.16,25940.28
,,,伟思医疗(688580.SH),2133,219677.67,102.99,22990.21
,,,昊海生科(688366.SH),2337,228792.30,97.9,25427.17
2021-01-21,2029983.90,1275012.00,,,,,
,,,伟思医疗(688580.SH),2133,213278.67,99.99,16591.21
,,,卓易信息(688258.SH),3865,201405.15,52.11,-1974.17
,,,昊海生科(688366.SH),2337,210330.00,90,6964.87
,,,天智航(688277.SH),2796,129958.08,46.48,29631.00
2021-01-20,2017123.90,1275012.00,,,,,
,,,卓易信息(688258.SH),3865,198313.15,51.31,-5066.17
,,,伟思医疗(688580.SH),2133,207220.95,97.15,10533.49
,,,昊海生科(688366.SH),2337,213134.40,91.2,9769.27
,,,天智航(688277.SH),2796,123443.40,44.15,23116.32
2021-01-19,2010004.75,1275012.00,,,,,
,,,昊海生科(688366.SH),2337,199486.32,85.36,-3878.81
,,,伟思医疗(688580.SH),2133,209140.65,98.05,12453.19
,,,卓易信息(688258.SH),3865,202139.50,52.3,-1239.82
,,,天智航(688277.SH),2796,124226.28,44.43,23899.20
2021-01-18,2001060.52,1275012.00,,,,,
,,,天智航(688277.SH),2796,122968.08,43.98,22641.00
,,,卓易信息(688258.SH),3865,202951.15,52.51,-428.17
,,,昊海生科(688366.SH),2337,198902.07,85.11,-4463.06
,,,伟思医疗(688580.SH),2133,201227.22,94.34,4539.76
2021-01-15,1993574.27,1275012.00,,,,,
,,,卓易信息(688258.SH),3865,199627.25,51.65,-3752.07
,,,昊海生科(688366.SH),2337,201028.74,86.02,-2336.39
,,,天智航(688277.SH),2796,114076.80,40.8,13749.72
,,,伟思医疗(688580.SH),2133,203829.48,95.56,7142.02
2021-01-14,1994669.47,1275012.00,,,,,
,,,卓易信息(688258.SH),3865,199008.85,51.49,-4370.47
,,,昊海生科(688366.SH),2337,207104.94,88.62,3739.81
,,,伟思医疗(688580.SH),2133,202123.08,94.76,5435.62
,,,天智航(688277.SH),2796,111420.60,39.85,11093.52
2021-01-13,1968758.68,1277402.03,,,,,
,,,卓易信息(688258.SH),3865,189771.50,49.1,-13607.82
,,,天智航(688277.SH),2796,105912.48,37.88,5585.40
,,,泽璟制药(688266.SH),3446,195181.44,56.64,-6078.94
,,,昊海生科(688366.SH),2337,200491.23,85.79,-2873.90
2021-01-12,1993226.95,1277402.03,,,,,
,,,昊海生科(688366.SH),2337,201683.10,86.3,-1682.03
,,,天智航(688277.SH),2796,116900.76,41.81,16573.68
,,,泽璟制药(688266.SH),3446,202831.56,58.86,1571.18
,,,卓易信息(688258.SH),3865,194409.50,50.3,-8969.82
2021-01-11,1990438.87,1097724.36,,,,,
,,,泽璟制药(688266.SH),3446,196249.70,56.95,-5010.68
,,,天智航(688277.SH),2796,118718.16,42.46,18391.08
,,,赛诺医疗(688108.SH),15474,178724.70,11.55,-21038.94
,,,卓易信息(688258.SH),3865,193365.95,50.03,-10013.37
,,,昊海生科(688366.SH),2337,205656.00,88,2290.87
2021-01-08,2027573.84,1097724.36,,,,,
,,,泽璟制药(688266.SH),3446,203761.98,59.13,2501.60
,,,昊海生科(688366.SH),2337,206170.14,88.22,2805.01
,,,卓易信息(688258.SH),3865,204845.00,53,1465.68
,,,赛诺医疗(688108.SH),15474,187854.36,12.14,-11909.28
,,,天智航(688277.SH),2796,127218.00,45.5,26890.92
2021-01-07,2032219.65,1504468.81,,,,,
,,,天智航(688277.SH),2796,125820.00,45,25492.92
,,,泽璟制药(688266.SH),3446,211136.42,61.27,9876.04
,,,赛诺医疗(688108.SH),15474,190794.42,12.33,-8969.22
2021-01-06,2048864.87,1504468.81,,,,,
,,,泽璟制药(688266.SH),3446,220578.46,64.01,19318.08
,,,天智航(688277.SH),2796,118941.84,42.54,18614.76
,,,赛诺医疗(688108.SH),15474,204875.76,13.24,5112.12
2021-01-05,2068663.49,1376862.13,,,,,
,,,赛诺医疗(688108.SH),15474,211529.58,13.67,11765.94
,,,泽璟制药(688266.SH),3446,227401.54,65.99,26141.16
,,,天智航(688277.SH),5592,252870.24,45.22,52216.07
2021-01-04,2020182.67,1376862.13,,,,,
,,,天智航(688277.SH),5592,210706.56,37.68,10052.39
,,,泽璟制药(688266.SH),3446,224024.46,65.01,22764.08
,,,赛诺医疗(688108.SH),15474,208589.52,13.48,8825.88
2020-12-31,2021441.61,1376862.13,,,,,
,,,天智航(688277.SH),5592,213222.96,38.13,12568.79
,,,赛诺医疗(688108.SH),15474,208434.78,13.47,8671.14
,,,泽璟制药(688266.SH),3446,222921.74,64.69,21661.36
2020-12-30,1994773.57,1376862.13,,,,,
,,,泽璟制药(688266.SH),3446,211929.00,61.5,10668.62
,,,赛诺医疗(688108.SH),15474,203328.36,13.14,3564.72
,,,天智航(688277.SH),5592,202654.08,36.24,1999.91
2020-12-29,2003365.16,1577516.30,,,,,
,,,赛诺医疗(688108.SH),15474,205649.46,13.29,5885.82
,,,泽璟制药(688266.SH),3446,220199.40,63.9,18939.02
2020-12-28,2004569.94,1577516.30,,,,,
,,,泽璟制药(688266.SH),3446,220785.22,64.07,19524.84
,,,赛诺医疗(688108.SH),15474,206268.42,13.33,6504.78
2020-12-25,2015766.80,1577516.30,,,,,
,,,赛诺医疗(688108.SH),15474,207506.34,13.41,7742.70
,,,泽璟制药(688266.SH),3446,230744.16,66.96,29483.78
2020-12-24,1998961.12,1777279.94,,,,,
,,,泽璟制药(688266.SH),3446,221681.18,64.33,20420.80
2020-12-23,2009643.72,1777279.94,,,,,
,,,泽璟制药(688266.SH),3446,232363.78,67.43,31103.40
2020-12-22,2007010.33,1588787.41,,,,,
,,,泽璟制药(688266.SH),3446,227780.60,66.1,26520.22
,,,赛诺医疗(688108.SH),13262,190442.32,14.36,-13066.02
2020-12-21,2010195.58,1403818.85,,,,,
,,,赛特新材(688398.SH),3119,184800.75,59.25,-15868.46
,,,赛诺医疗(688108.SH),13262,190177.08,14.34,-13331.26
,,,泽璟制药(688266.SH),3446,231398.90,67.15,30138.52
2020-12-18,2031907.75,1403818.85,,,,,
,,,赛特新材(688398.SH),3119,192567.06,61.74,-8102.15
,,,泽璟制药(688266.SH),3446,245079.52,71.12,43819.14
,,,赛诺医疗(688108.SH),13262,190442.32,14.36,-13066.02
2020-12-17,2045673.67,1403818.85,,,,,
,,,泽璟制药(688266.SH),3446,251661.38,73.03,50401.00
,,,赛诺医疗(688108.SH),13262,195879.74,14.77,-7628.60
,,,赛特新材(688398.SH),3119,194313.70,62.3,-6355.51
2020-12-16,2010197.05,1403818.85,,,,,
,,,赛诺医疗(688108.SH),13262,194951.40,14.7,-8556.94
,,,泽璟制药(688266.SH),3446,220544.00,64,19283.62
,,,赛特新材(688398.SH),3119,190882.80,61.2,-9786.41
2020-12-15,2025803.60,1403818.85,,,,,
,,,赛特新材(688398.SH),3119,197463.89,63.31,-3205.32
,,,泽璟制药(688266.SH),3446,221612.26,64.31,20351.88
,,,赛诺医疗(688108.SH),13262,202908.60,15.3,-599.74
2020-12-14,2008928.77,1605079.22,,,,,
,,,赛诺医疗(688108.SH),13262,201582.40,15.2,-1925.94
,,,赛特新材(688398.SH),3119,202267.15,64.85,1597.94
2020-12-11,2011182.14,1627183.28,,,,,
,,,赛诺医疗(688108.SH),13262,203306.46,15.33,-201.88
,,,泽璟制药(688266.SH),3073,180692.40,58.8,-23054.21
2020-12-10,2038480.19,1830929.89,,,,,
,,,赛诺医疗(688108.SH),13262,207550.30,15.65,4041.96
2020-12-09,2034501.59,1830929.89,,,,,
,,,赛诺医疗(688108.SH),13262,203571.70,15.35,63.36
2020-12-08,2037153.99,1830929.89,,,,,
,,,赛诺医疗(688108.SH),13262,206224.10,15.55,2715.76
2020-12-07,2040336.87,1830929.89,,,,,
,,,赛诺医疗(688108.SH),13262,209406.98,15.79,5898.64
2020-12-04,2041795.69,1830929.89,,,,,
,,,赛诺医疗(688108.SH),13262,210865.80,15.9,7357.46
2020-12-03,2042193.55,1830929.89,,,,,
,,,赛诺医疗(688108.SH),13262,211263.66,15.93,7755.32
2020-12-02,2035101.19,1834044.89,,,,,
,,,佳华科技(688051.SH),2102,201056.30,95.65,-8658.14
2020-12-01,2034701.81,1834044.89,,,,,
,,,佳华科技(688051.SH),2102,200656.92,95.46,-9057.52
2020-11-30,2032539.89,1639640.05,,,,,
,,,佳华科技(688051.SH),2102,197419.84,93.92,-12294.60
,,,ST南新(688189.SH),4320,195480.00,45.25,-16903.49
2020-11-27,2039502.47,1235098.97,,,,,
,,,优刻得(688158.SH),3900,210600.00,54,688.19
,,,昊海生科(688366.SH),1862,193256.98,103.79,-16699.94
,,,佳华科技(688051.SH),2102,198975.32,94.66,-10739.12
,,,ST南新(688189.SH),4320,201571.20,46.66,-10812.29
2020-11-26,2051242.02,1043209.32,,,,,
,,,优刻得(688158.SH),3900,208728.00,53.52,-1183.81
,,,佳华科技(688051.SH),2102,202653.82,96.41,-7060.62
,,,光云科技(688365.SH),5884,191759.56,32.59,-18192.75
,,,昊海生科(688366.SH),1862,199345.72,107.06,-10611.20
,,,ST南新(688189.SH),4320,205545.60,47.58,-6837.89
2020-11-25,2071015.03,846578.34,,,,,
,,,昊海生科(688366.SH),1862,200369.82,107.61,-9587.10
,,,佳华科技(688051.SH),2102,204650.72,97.36,-5063.72
,,,光云科技(688365.SH),5884,195348.80,33.2,-14603.51
,,,优刻得(688158.SH),3900,211770.00,54.3,1858.19
,,,赛诺医疗(688108.SH),13065,198457.35,15.19,-15646.84
,,,ST南新(688189.SH),4320,213840.00,49.5,1456.51
2020-11-24,2096926.06,846578.34,,,,,
,,,赛诺医疗(688108.SH),13065,202768.80,15.52,-11335.39
,,,佳华科技(688051.SH),2102,210115.92,99.96,401.48
,,,昊海生科(688366.SH),1862,207985.40,111.7,-1971.52
,,,优刻得(688158.SH),3900,211068.00,54.12,1156.19
,,,光云科技(688365.SH),5884,202409.60,34.4,-7542.71
,,,ST南新(688189.SH),4320,216000.00,50,3616.51
2020-11-23,2105684.37,846578.34,,,,,
,,,佳华科技(688051.SH),2102,207320.26,98.63,-2394.18
,,,昊海生科(688366.SH),1862,214744.46,115.33,4787.54
,,,赛诺医疗(688108.SH),13065,206818.95,15.83,-7285.24
,,,优刻得(688158.SH),3900,211380.00,54.2,1468.19
,,,光云科技(688365.SH),5884,201762.36,34.29,-8189.95
,,,ST南新(688189.SH),4320,217080.00,50.25,4696.51
2020-11-20,2115106.79,846578.34,,,,,
,,,优刻得(688158.SH),3900,214656.00,55.04,4744.19
,,,赛诺医疗(688108.SH),13065,205512.45,15.73,-8591.74
,,,ST南新(688189.SH),4320,217296.00,50.3,4912.51
,,,光云科技(688365.SH),5884,203880.60,34.65,-6071.71
,,,昊海生科(688366.SH),1862,219716.00,118,9759.08
,,,佳华科技(688051.SH),2102,207467.40,98.7,-2247.04
2020-11-19,2123247.26,846578.34,,,,,
,,,昊海生科(688366.SH),1862,220460.80,118.4,10503.88
,,,光云科技(688365.SH),5884,206587.24,35.11,-3365.07
,,,优刻得(688158.SH),3900,218205.00,55.95,8293.19
,,,赛诺医疗(688108.SH),13065,208778.70,15.98,-5325.49
,,,ST南新(688189.SH),4320,215611.20,49.91,3227.71
,,,佳华科技(688051.SH),2102,207025.98,98.49,-2688.46
2020-11-18,2122681.54,846578.34,,,,,
,,,昊海生科(688366.SH),1862,217798.14,116.97,7841.22
,,,优刻得(688158.SH),3900,219570.00,56.3,9658.19
,,,佳华科技(688051.SH),2102,205176.22,97.61,-4538.22
,,,光云科技(688365.SH),5884,206881.44,35.16,-3070.87
,,,ST南新(688189.SH),4320,218160.00,50.5,5776.51
,,,赛诺医疗(688108.SH),13065,208517.40,15.96,-5586.79
2020-11-17,2126204.60,843182.49,,,,,
,,,赛诺医疗(688108.SH),13065,210607.80,16.12,-3496.39
,,,优刻得(688158.SH),3900,219180.00,56.2,9268.19
,,,威胜信息(688100.SH),7455,218356.95,29.29,5400.65
,,,佳华科技(688051.SH),2102,203389.52,96.76,-6324.92
,,,光云科技(688365.SH),5884,210058.80,35.7,106.49
,,,昊海生科(688366.SH),1862,221429.04,118.92,11472.12
2020-11-16,2138427.27,843182.49,,,,,
,,,昊海生科(688366.SH),1862,228970.14,122.97,19013.22
,,,佳华科技(688051.SH),2102,209380.22,99.61,-334.22
,,,威胜信息(688100.SH),7455,216269.55,29.01,3313.25
,,,光云科技(688365.SH),5884,213471.52,36.28,3519.21
,,,赛诺医疗(688108.SH),13065,208909.35,15.99,-5194.84
,,,优刻得(688158.SH),3900,218244.00,55.96,8332.19
2020-11-13,2117142.80,843182.49,,,,,
,,,昊海生科(688366.SH),1862,218952.58,117.59,8995.66
,,,赛诺医疗(688108.SH),13065,208256.10,15.94,-5848.09
,,,优刻得(688158.SH),3900,211380.00,54.2,1468.19
,,,威胜信息(688100.SH),7455,220891.65,29.63,7935.35
,,,佳华科技(688051.SH),2102,210599.38,100.19,884.94
,,,光云科技(688365.SH),5884,203880.60,34.65,-6071.71
2020-11-12,2105059.96,843182.49,,,,,
,,,昊海生科(688366.SH),1862,214427.92,115.16,4471.00
,,,赛诺医疗(688108.SH),13065,201984.90,15.46,-12119.29
,,,佳华科技(688051.SH),2102,209590.42,99.71,-124.02
,,,威胜信息(688100.SH),7455,217462.35,29.17,4506.05
,,,优刻得(688158.SH),3900,209118.00,53.62,-793.81
,,,光云科技(688365.SH),5884,209293.88,35.57,-658.43
2020-11-11,2089986.34,843182.49,,,,,
,,,昊海生科(688366.SH),1862,208879.16,112.18,-1077.76
,,,佳华科技(688051.SH),2102,214782.36,102.18,5067.92
,,,赛诺医疗(688108.SH),13065,198718.65,15.21,-15385.54
,,,光云科技(688365.SH),5884,210176.48,35.72,224.17
,,,优刻得(688158.SH),3900,206700.00,53,-3211.81
,,,威胜信息(688100.SH),7455,207547.20,27.84,-5409.10
2020-11-10,2139620.20,843182.49,,,,,
,,,光云科技(688365.SH),5884,216884.24,36.86,6931.93
,,,赛诺医疗(688108.SH),13065,206688.30,15.82,-7415.89
,,,优刻得(688158.SH),3900,218829.00,56.11,8917.19
,,,昊海生科(688366.SH),1862,218058.82,117.11,8101.90
,,,佳华科技(688051.SH),2102,222391.60,105.8,12677.16
,,,威胜信息(688100.SH),7455,213585.75,28.65,629.45
2020-11-09,2163669.18,843182.49,,,,,
,,,光云科技(688365.SH),5884,219473.20,37.3,9520.89
,,,威胜信息(688100.SH),7455,213213.00,28.6,256.70
,,,昊海生科(688366.SH),1862,225059.94,120.87,15103.02
,,,赛诺医疗(688108.SH),13065,214657.95,16.43,553.76
,,,优刻得(688158.SH),3900,224640.00,57.6,14728.19
,,,佳华科技(688051.SH),2102,223442.60,106.3,13728.16
2020-11-06,2109692.06,843182.49,,,,,
,,,优刻得(688158.SH),3900,216879.00,55.61,6967.19
,,,光云科技(688365.SH),5884,208764.32,35.48,-1187.99
,,,赛诺医疗(688108.SH),13065,202768.80,15.52,-11335.39
,,,佳华科技(688051.SH),2102,217241.70,103.35,7527.26
,,,昊海生科(688366.SH),1862,215619.60,115.8,5662.68
,,,威胜信息(688100.SH),7455,205236.15,27.53,-7720.15
2020-11-05,2138966.02,1057286.68,,,,,
,,,威胜信息(688100.SH),7455,205907.10,27.62,-7049.20
,,,光云科技(688365.SH),5884,212235.88,36.07,2283.57
,,,昊海生科(688366.SH),1862,227164.00,122,17207.08
,,,优刻得(688158.SH),3900,217386.00,55.74,7474.19
,,,佳华科技(688051.SH),2102,218986.36,104.18,9271.92
2020-11-04,2122560.86,1057286.68,,,,,
,,,昊海生科(688366.SH),1862,221596.62,119.01,11639.70
,,,佳华科技(688051.SH),2102,216106.62,102.81,6392.18
,,,优刻得(688158.SH),3900,215709.00,55.31,5797.19
,,,威胜信息(688100.SH),7455,202626.90,27.18,-10329.40
,,,光云科技(688365.SH),5884,209235.04,35.56,-717.27
2020-11-03,2124427.41,1057286.68,,,,,
,,,昊海生科(688366.SH),1862,216904.38,116.49,6947.46
,,,优刻得(688158.SH),3900,213642.00,54.78,3730.19
,,,光云科技(688365.SH),5884,214177.60,36.4,4225.29
,,,佳华科技(688051.SH),2102,217031.50,103.25,7317.06
,,,威胜信息(688100.SH),7455,205385.25,27.55,-7571.05
2020-11-02,2087765.50,1267001.12,,,,,
,,,威胜信息(688100.SH),7455,202030.50,27.1,-10925.80
,,,光云科技(688365.SH),5884,205704.64,34.96,-4247.67
,,,昊海生科(688366.SH),1862,206719.24,111.02,-3237.68
,,,优刻得(688158.SH),3900,206310.00,52.9,-3601.81
2020-10-30,2098003.25,1476958.04,,,,,
,,,优刻得(688158.SH),3900,208650.00,53.5,-1261.81
,,,光云科技(688365.SH),5884,210588.36,35.79,636.05
,,,威胜信息(688100.SH),7455,201806.85,27.07,-11149.45
2020-10-29,2100940.06,1896822.16,,,,,
,,,威胜信息(688100.SH),7455,204117.90,27.38,-8838.40
2020-10-28,2120037.48,1710000.18,,,,,
,,,威胜信息(688100.SH),7455,218058.75,29.25,5102.45
,,,光峰科技(688007.SH),9077,191978.55,21.15,-9994.44
2020-10-27,2120281.09,1710000.18,,,,,
,,,光峰科技(688007.SH),9077,195427.81,21.53,-6545.18
,,,威胜信息(688100.SH),7455,214853.10,28.82,1896.80
2020-10-26,2127781.94,1710000.18,,,,,
,,,威胜信息(688100.SH),7455,219177.00,29.4,6220.70
,,,光峰科技(688007.SH),9077,198604.76,21.88,-3368.23
2020-10-23,2123104.63,1710000.18,,,,,
,,,光峰科技(688007.SH),9077,197878.60,21.8,-4094.39
,,,威胜信息(688100.SH),7455,215225.85,28.87,2269.55
2020-10-22,2126071.03,1710000.18,,,,,
,,,光峰科技(688007.SH),9077,201963.25,22.25,-9.74
,,,威胜信息(688100.SH),7455,214107.60,28.72,1151.30
2020-10-21,2132920.27,1710000.18,,,,,
,,,光峰科技(688007.SH),9077,204414.04,22.52,2441.05
,,,威胜信息(688100.SH),7455,218506.05,29.31,5549.75
2020-10-20,2139315.66,1710000.18,,,,,
,,,光峰科技(688007.SH),9077,206410.98,22.74,4437.99
,,,威胜信息(688100.SH),7455,222904.50,29.9,9948.20
2020-10-19,2125789.36,1710000.18,,,,,
,,,光峰科技(688007.SH),9077,204141.73,22.49,2168.74
,,,威胜信息(688100.SH),7455,211647.45,28.39,-1308.85
2020-10-16,2127824.37,1922956.48,,,,,
,,,光峰科技(688007.SH),9077,204867.89,22.57,2894.90
2020-10-15,2129185.92,1922956.48,,,,,
,,,光峰科技(688007.SH),9077,206229.44,22.72,4256.45
2020-10-14,2130729.01,1922956.48,,,,,
,,,光峰科技(688007.SH),9077,207772.53,22.89,5799.54
2020-10-13,2132181.33,1922956.48,,,,,
,,,光峰科技(688007.SH),9077,209224.85,23.05,7251.86
2020-10-12,2133179.80,1922956.48,,,,,
,,,光峰科技(688007.SH),9077,210223.32,23.16,8250.33
2020-10-09,2120824.98,958782.64,,,,,
,,,天奈科技(688116.SH),4804,207773.00,43.25,23693.56
,,,海尔生物(688139.SH),3173,222681.14,70.18,38700.80
,,,泽璟制药(688266.SH),1236,119990.88,97.08,29369.47
,,,光峰科技(688007.SH),9077,202507.87,22.31,534.88
,,,昊海生科(688366.SH),1715,195835.85,114.19,11891.49
,,,安集科技(688019.SH),674,213253.60,316.4,29375.48
2020-09-30,2073217.45,623860.33,,,,,
,,,昊海生科(688366.SH),1715,197739.50,115.3,13795.14
,,,海尔生物(688139.SH),3173,222332.11,70.07,38351.77
,,,泽璟制药(688266.SH),2473,224103.26,90.62,42787.13
,,,安集科技(688019.SH),674,209115.24,310.26,25237.12
,,,光峰科技(688007.SH),9077,199421.69,21.97,-2551.30
,,,天奈科技(688116.SH),4804,193937.48,40.37,9858.04
,,,容百科技(688005.SH),6816,202707.84,29.74,12377.21
2020-09-29,2042636.17,623860.33,,,,,
,,,安集科技(688019.SH),674,207086.50,307.25,23208.38
,,,泽璟制药(688266.SH),2473,213419.90,86.3,32103.77
,,,昊海生科(688366.SH),1715,196882.00,114.8,12937.64
,,,容百科技(688005.SH),6816,194119.68,28.48,3789.05
,,,海尔生物(688139.SH),3173,216715.90,68.3,32735.56
,,,天奈科技(688116.SH),4804,189950.16,39.54,5870.72
,,,光峰科技(688007.SH),9077,200601.70,22.1,-1371.29
2020-09-28,2002053.95,445688.06,,,,,
,,,安集科技(688019.SH),674,198594.10,294.65,14715.98
,,,容百科技(688005.SH),6816,185940.48,27.28,-4390.15
,,,泽璟制药(688266.SH),2473,198928.12,80.44,17611.99
,,,昊海生科(688366.SH),1715,193795.00,113,9850.64
,,,赛诺医疗(688108.SH),8538,184506.18,21.61,-18994.56
,,,海尔生物(688139.SH),3173,212495.81,66.97,28515.47
,,,洁特生物(688026.SH),2900,190907.00,65.83,-18373.37
,,,天奈科技(688116.SH),4804,191199.20,39.8,7119.76
2020-09-25,2077150.60,445688.06,,,,,
,,,容百科技(688005.SH),6816,197527.68,28.98,7197.05
,,,赛诺医疗(688108.SH),8538,197996.22,23.19,-5504.52
,,,昊海生科(688366.SH),1715,210945.00,123,27000.64
,,,洁特生物(688026.SH),2900,196330.00,67.7,-12950.37
,,,天奈科技(688116.SH),4804,194850.24,40.56,10770.80
,,,海尔生物(688139.SH),3173,216779.36,68.32,32799.02
,,,安集科技(688019.SH),674,215484.54,319.71,31606.42
,,,泽璟制药(688266.SH),2473,201549.50,81.5,20233.37
2020-09-24,2107139.14,445688.06,,,,,
,,,昊海生科(688366.SH),1715,204256.50,119.1,20312.14
,,,洁特生物(688026.SH),2900,200332.00,69.08,-8948.37
,,,安集科技(688019.SH),674,219724.00,326,35845.88
,,,泽璟制药(688266.SH),2473,211194.20,85.4,29878.07
,,,赛诺医疗(688108.SH),8538,204741.24,23.98,1240.50
,,,容百科技(688005.SH),6816,199776.96,29.31,9446.33
,,,海尔生物(688139.SH),3173,222300.38,70.06,38320.04
,,,天奈科技(688116.SH),4804,199125.80,41.45,15046.36
2020-09-23,2138293.38,445688.06,,,,,
,,,洁特生物(688026.SH),2900,209032.00,72.08,-248.37
,,,泽璟制药(688266.SH),2473,216634.80,87.6,35318.67
,,,赛诺医疗(688108.SH),8538,211827.78,24.81,8327.04
,,,容百科技(688005.SH),6816,211636.80,31.05,21306.17
,,,昊海生科(688366.SH),1715,201306.70,117.38,17362.34
,,,安集科技(688019.SH),674,219184.80,325.2,35306.68
,,,海尔生物(688139.SH),3173,221983.08,69.96,38002.74
,,,天奈科技(688116.SH),4804,200999.36,41.84,16919.92
2020-09-22,2085358.56,401184.36,,,,,
,,,安集科技(688019.SH),674,216374.22,321.03,32496.10
,,,海尔生物(688139.SH),3173,207609.39,65.43,23629.05
,,,东方生物(688298.SH),751,123922.51,165.01,33211.29
,,,泽璟制药(688266.SH),2473,213419.90,86.3,32103.77
,,,赛诺医疗(688108.SH),8538,204912.00,24,1411.26
,,,昊海生科(688366.SH),1715,182801.85,106.59,-1142.51
,,,容百科技(688005.SH),6816,205161.60,30.1,14830.97
,,,硕世生物(688399.SH),491,128637.09,261.99,38036.03
,,,天奈科技(688116.SH),4804,201335.64,41.91,17256.20
2020-09-21,2088637.34,172862.68,,,,,
,,,安集科技(688019.SH),674,221921.24,329.26,38043.12
,,,海尔生物(688139.SH),3173,205864.24,64.88,21883.90
,,,泽璟制药(688266.SH),2473,216115.47,87.39,34799.34
,,,东方生物(688298.SH),1502,229625.76,152.88,48203.32
,,,硕世生物(688399.SH),983,226738.78,230.66,45352.14
,,,容百科技(688005.SH),6816,207888.00,30.5,17557.37
,,,天奈科技(688116.SH),4804,218005.52,45.38,33926.08
,,,赛诺医疗(688108.SH),8538,205338.90,24.05,1838.16
,,,昊海生科(688366.SH),1715,184276.75,107.45,332.39
2020-09-18,2096213.14,172862.68,,,,,
,,,泽璟制药(688266.SH),2473,216387.50,87.5,35071.37
,,,容百科技(688005.SH),6816,208365.12,30.57,18034.49
,,,赛诺医疗(688108.SH),8538,209693.28,24.56,6192.54
,,,天奈科技(688116.SH),4804,222569.32,46.33,38489.88
,,,安集科技(688019.SH),674,223768.00,332,39889.88
,,,昊海生科(688366.SH),1715,191394.00,111.6,7449.64
,,,硕世生物(688399.SH),983,222433.24,226.28,41046.60
,,,东方生物(688298.SH),1502,224398.80,149.4,42976.36
,,,海尔生物(688139.SH),3173,204341.20,64.4,20360.86
2020-09-17,2028408.16,376363.42,,,,,
,,,容百科技(688005.SH),6816,202094.40,29.65,11763.77
,,,泽璟制药(688266.SH),2473,216807.91,87.67,35491.78
,,,安集科技(688019.SH),674,219050.00,325,35171.88
,,,海尔生物(688139.SH),3173,202215.29,63.73,18234.95
,,,硕世生物(688399.SH),983,195715.30,199.1,14328.66
,,,天奈科技(688116.SH),4804,220407.52,45.88,36328.08
,,,昊海生科(688366.SH),1715,191016.70,111.38,7072.34
,,,东方生物(688298.SH),1502,204737.62,136.31,23315.18
2020-09-16,1957963.16,376363.42,,,,,
,,,东方生物(688298.SH),1502,195560.40,130.2,14137.96
,,,泽璟制药(688266.SH),2473,208078.22,84.14,26762.09
,,,安集科技(688019.SH),674,215680.00,320,31801.88
,,,容百科技(688005.SH),6816,191938.56,28.16,1607.93
,,,天奈科技(688116.SH),4804,202920.96,42.24,18841.52
,,,海尔生物(688139.SH),3173,195647.18,61.66,11666.84
,,,硕世生物(688399.SH),983,190790.47,194.09,9403.83
,,,昊海生科(688366.SH),1715,180983.95,105.53,-2960.41
2020-09-15,1958875.01,376363.42,,,,,
,,,东方生物(688298.SH),1502,197798.38,131.69,16375.94
,,,硕世生物(688399.SH),983,193405.25,196.75,12018.61
,,,泽璟制药(688266.SH),2473,198260.41,80.17,16944.28
,,,昊海生科(688366.SH),1715,184448.25,107.55,503.89
,,,容百科技(688005.SH),6816,195073.92,28.62,4743.29
,,,海尔生物(688139.SH),3173,195647.18,61.66,11666.84
,,,安集科技(688019.SH),674,214669.00,318.5,30790.88
,,,天奈科技(688116.SH),4804,203209.20,42.3,19129.76
2020-09-14,1920049.43,376363.42,,,,,
,,,海尔生物(688139.SH),3173,189142.53,59.61,5162.19
,,,容百科技(688005.SH),6816,195755.52,28.72,5424.89
,,,安集科技(688019.SH),674,200831.78,297.97,16953.66
,,,泽璟制药(688266.SH),2473,198730.28,80.36,17414.15
,,,天奈科技(688116.SH),4804,201431.72,41.93,17352.28
,,,硕世生物(688399.SH),983,186081.90,189.3,4695.26
,,,昊海生科(688366.SH),1715,180898.20,105.48,-3046.16
,,,东方生物(688298.SH),1502,190814.08,127.04,9391.64
2020-09-11,1871429.35,376363.42,,,,,
,,,容百科技(688005.SH),6816,179669.76,26.36,-10660.87
,,,天奈科技(688116.SH),4804,193264.92,40.23,9185.48
,,,昊海生科(688366.SH),1715,177296.70,103.38,-6647.66
,,,泽璟制药(688266.SH),2473,193388.60,78.2,12072.47
,,,安集科技(688019.SH),674,195797.00,290.5,11918.88
,,,硕世生物(688399.SH),983,186799.49,190.03,5412.85
,,,东方生物(688298.SH),1502,185767.36,123.68,4344.92
,,,海尔生物(688139.SH),3173,183082.10,57.7,-898.24
2020-09-10,1810702.97,920488.63,,,,,
,,,海尔生物(688139.SH),3173,174832.30,55.1,-9148.04
,,,天奈科技(688116.SH),4804,182696.12,38.03,-1383.32
,,,容百科技(688005.SH),6816,177965.76,26.11,-12364.87
,,,昊海生科(688366.SH),1715,171500.00,100,-12444.36
,,,安集科技(688019.SH),674,183220.16,271.84,-657.96
2020-09-09,1828608.28,1201725.73,,,,,
,,,新光光电(688011.SH),1999,113143.40,56.6,16970.65
,,,东方生物(688298.SH),1345,165744.35,123.23,-22220.44
,,,硕世生物(688399.SH),893,167098.16,187.12,-20863.27
,,,容百科技(688005.SH),6816,180896.64,26.54,-9433.99
2020-09-08,1866812.32,1201725.73,,,,,
,,,容百科技(688005.SH),6816,187780.80,27.55,-2549.83
,,,新光光电(688011.SH),1999,115562.19,57.81,19389.44
,,,硕世生物(688399.SH),893,180921.80,202.6,-7039.63
,,,东方生物(688298.SH),1345,180821.80,134.44,-7142.99
2020-09-07,1883482.73,1409820.79,,,,,
,,,新光光电(688011.SH),1999,115102.42,57.58,18929.67
,,,容百科技(688005.SH),6816,188939.52,27.72,-1391.11
,,,中微公司(688012.SH),1028,169620.00,165,-20997.53
2020-09-04,1916733.03,1409820.79,,,,,
,,,中微公司(688012.SH),1028,190580.92,185.39,-36.61
,,,新光光电(688011.SH),1999,121939.00,61,25766.25
,,,容百科技(688005.SH),6816,194392.32,28.52,4061.69
2020-09-03,1906092.18,1600151.42,,,,,
,,,中微公司(688012.SH),1028,183282.12,178.29,-7335.41
,,,新光光电(688011.SH),1999,122658.64,61.36,26485.89
2020-09-02,1911416.83,1600151.42,,,,,
,,,新光光电(688011.SH),1999,125917.01,62.99,29744.26
,,,中微公司(688012.SH),1028,185348.40,180.3,-5269.13
2020-09-01,1905894.81,1600151.42,,,,,
,,,新光光电(688011.SH),1999,116601.67,58.33,20428.92
,,,中微公司(688012.SH),1028,189141.72,183.99,-1475.81
2020-08-31,1905511.55,1790768.95,,,,,
,,,新光光电(688011.SH),1999,114742.60,57.4,18569.85
2020-08-28,1896416.10,1790768.95,,,,,
,,,新光光电(688011.SH),1999,105647.15,52.85,9474.40
2020-08-27,1892258.18,1790768.95,,,,,
,,,新光光电(688011.SH),1999,101489.23,50.77,5316.48
2020-08-26,1884209.75,1719037.76,,,,,
,,,中微公司(688012.SH),405,71199.00,175.8,-7186.42
,,,新光光电(688011.SH),1999,93972.99,47.01,-2199.76
2020-08-25,1898712.50,1432641.49,,,,,
,,,中微公司(688012.SH),405,77148.45,190.49,-1236.97
,,,新光光电(688011.SH),1999,101949.00,51,5776.25
,,,沃尔德(688028.SH),3629,178111.32,49.08,4973.51
,,,容百科技(688005.SH),734,20889.64,28.46,-48.06
,,,天奈科技(688116.SH),1942,87972.60,45.3,1374.25
2020-08-24,1908618.26,1432641.49,,,,,
,,,新光光电(688011.SH),1999,106346.80,53.2,10174.05
,,,中微公司(688012.SH),405,78541.65,193.93,156.23
,,,天奈科技(688116.SH),1942,93216.00,48,6617.65
,,,容百科技(688005.SH),734,21212.60,28.9,274.90
,,,沃尔德(688028.SH),3629,176659.72,48.68,3521.91
2020-08-21,1903812.31,1248034.73,,,,,
,,,新光光电(688011.SH),1999,106506.72,53.28,10333.97
,,,中微公司(688012.SH),405,80060.40,197.68,1674.98
,,,容百科技(688005.SH),734,21366.74,29.11,429.04
,,,虹软科技(688088.SH),2665,185723.85,69.69,6277.26
,,,天奈科技(688116.SH),1942,89778.66,46.23,3180.31
,,,沃尔德(688028.SH),3629,172341.21,47.49,-796.60
2020-08-20,1909613.21,1248034.73,,,,,
,,,新光光电(688011.SH),1999,111744.10,55.9,15571.35
,,,中微公司(688012.SH),405,81405.00,201,3019.58
,,,沃尔德(688028.SH),3629,173103.30,47.7,-34.51
,,,虹软科技(688088.SH),2665,186496.70,69.98,7050.11
,,,容百科技(688005.SH),734,21653.00,29.5,715.30
,,,天奈科技(688116.SH),1942,87176.38,44.89,578.03
2020-08-19,1929974.34,1248034.73,,,,,
,,,新光光电(688011.SH),1999,117741.10,58.9,21568.35
,,,沃尔德(688028.SH),3629,175280.70,48.3,2142.89
,,,中微公司(688012.SH),405,81000.00,200,2614.58
,,,容百科技(688005.SH),734,21080.48,28.72,142.78
,,,天奈科技(688116.SH),1942,92905.28,47.84,6306.93
,,,虹软科技(688088.SH),2665,193932.05,72.77,14485.46
2020-08-18,1939852.17,1127095.53,,,,,
,,,新光光电(688011.SH),3998,243838.02,60.99,51492.53
,,,中微公司(688012.SH),405,85398.30,210.86,7012.88
,,,沃尔德(688028.SH),3629,177385.52,48.88,4247.71
,,,容百科技(688005.SH),734,21873.20,29.8,935.50
,,,虹软科技(688088.SH),2665,184151.50,69.1,4704.91
,,,天奈科技(688116.SH),1942,100110.10,51.55,13511.75
2020-08-17,1924522.23,948507.70,,,,,
,,,天奈科技(688116.SH),1942,98673.02,50.81,12074.67
,,,虹软科技(688088.SH),2665,186816.50,70.1,7369.91
,,,沃尔德(688028.SH),3629,176732.30,48.7,3594.49
,,,中微公司(688012.SH),405,84118.50,207.7,5733.08
,,,容百科技(688005.SH),734,21961.28,29.92,1023.58
,,,新光光电(688011.SH),3998,227406.24,56.88,35060.75
,,,普门科技(688389.SH),5937,180306.69,30.37,-13089.72
2020-08-14,1906119.84,766194.93,,,,,
,,,沃尔德(688028.SH),3629,171724.28,47.32,-1413.53
,,,容百科技(688005.SH),734,21711.72,29.58,774.02
,,,新光光电(688011.SH),3998,219890.00,55,27544.51
,,,虹软科技(688088.SH),2665,178555.00,67,-891.59
,,,天奈科技(688116.SH),1942,97954.48,50.44,11356.13
,,,普门科技(688389.SH),5937,182325.27,30.71,-11071.14
,,,兴图新科(688081.SH),3891,183888.66,47.26,200.94
,,,中微公司(688012.SH),405,83875.50,207.1,5490.08
2020-08-13,1878504.13,766194.93,,,,,
,,,虹软科技(688088.SH),2665,178368.45,66.93,-1078.14
,,,普门科技(688389.SH),5937,179356.77,30.21,-14039.64
,,,中微公司(688012.SH),405,85313.25,210.65,6927.83
,,,容百科技(688005.SH),734,21902.56,29.84,964.86
,,,天奈科技(688116.SH),1942,98595.34,50.77,11996.99
,,,沃尔德(688028.SH),3629,170490.42,46.98,-2647.39
,,,新光光电(688011.SH),3998,197701.10,49.45,5355.61
,,,兴图新科(688081.SH),3891,180581.31,46.41,-3106.41
2020-08-12,1868730.43,766194.93,,,,,
,,,虹软科技(688088.SH),2665,179274.55,67.27,-172.04
,,,普门科技(688389.SH),5937,178169.37,30.01,-15227.04
,,,容百科技(688005.SH),734,22313.60,30.4,1375.90
,,,天奈科技(688116.SH),1942,100517.92,51.76,13919.57
,,,中微公司(688012.SH),405,87070.95,214.99,8685.53
,,,兴图新科(688081.SH),3891,179297.28,46.08,-4390.44
,,,沃尔德(688028.SH),3629,170744.45,47.05,-2393.36
,,,新光光电(688011.SH),3998,185147.38,46.31,-7198.11
2020-08-11,1906021.70,477108.60,,,,,
,,,沃尔德(688028.SH),3629,173248.46,47.74,110.65
,,,兴图新科(688081.SH),3891,183071.55,47.05,-616.17
,,,普门科技(688389.SH),5937,180484.80,30.4,-12911.61
,,,容百科技(688005.SH),734,21374.08,29.12,436.38
,,,新光光电(688011.SH),3998,195582.16,48.92,3236.67
,,,赛特新材(688398.SH),3057,180179.58,58.94,-12149.77
,,,虹软科技(688088.SH),2665,178128.60,66.84,-1317.99
,,,天奈科技(688116.SH),3884,231020.32,59.48,57823.62
,,,中微公司(688012.SH),405,85823.55,211.91,7438.13
2020-08-10,1932057.55,669454.10,,,,,
,,,天奈科技(688116.SH),3884,216766.04,55.81,43569.34
,,,普门科技(688389.SH),5937,191883.84,32.32,-1512.57
,,,赛特新材(688398.SH),3057,190603.95,62.35,-1725.40
,,,沃尔德(688028.SH),3629,178292.77,49.13,5154.96
,,,兴图新科(688081.SH),3891,187974.21,48.31,4286.49
,,,中微公司(688012.SH),405,89500.95,220.99,11115.53
,,,虹软科技(688088.SH),2665,185297.45,69.53,5850.86
,,,容百科技(688005.SH),734,22284.24,30.36,1346.54
2020-08-07,1923278.18,862850.50,,,,,
,,,兴图新科(688081.SH),3891,203343.66,52.26,19655.94
,,,中微公司(688012.SH),405,84325.05,208.21,5939.63
,,,赛特新材(688398.SH),3057,187913.79,61.47,-4415.56
,,,容百科技(688005.SH),734,22210.84,30.26,1273.14
,,,沃尔德(688028.SH),3629,176587.14,48.66,3449.33
,,,天奈科技(688116.SH),3884,202162.20,52.05,28965.50
,,,虹软科技(688088.SH),2665,183885.00,69,4438.41
2020-08-06,1917719.57,746588.77,,,,,
,,,西部超导(688122.SH),2823,117154.50,41.5,30571.97
,,,容百科技(688005.SH),734,22952.18,31.27,2014.48
,,,沃尔德(688028.SH),3629,181341.13,49.97,8203.32
,,,中微公司(688012.SH),405,89100.00,220,10714.58
,,,虹软科技(688088.SH),2665,189721.35,71.19,10274.76
,,,兴图新科(688081.SH),3891,191476.11,49.21,7788.39
,,,赛特新材(688398.SH),3057,185651.61,60.73,-6677.74
,,,天奈科技(688116.SH),3884,193733.92,49.88,20537.22
2020-08-05,1930185.58,938918.12,,,,,
,,,中微公司(688012.SH),405,91611.00,226.2,13225.58
,,,西部超导(688122.SH),2823,116731.05,41.35,30148.52
,,,沃尔德(688028.SH),3629,178546.80,49.2,5408.99
,,,容百科技(688005.SH),734,23010.90,31.35,2073.20
,,,虹软科技(688088.SH),2665,193239.15,72.51,13792.56
,,,兴图新科(688081.SH),3891,194550.00,50,10862.28
,,,天奈科技(688116.SH),3884,193578.56,49.84,20381.86
2020-08-04,1915194.75,938918.12,,,,,
,,,容百科技(688005.SH),734,22335.62,30.43,1397.92
,,,天奈科技(688116.SH),3884,197462.56,50.84,24265.86
,,,中微公司(688012.SH),405,92651.85,228.77,14266.43
,,,沃尔德(688028.SH),3629,176804.88,48.72,3667.07
,,,虹软科技(688088.SH),2665,191347.00,71.8,11900.41
,,,兴图新科(688081.SH),3891,187779.66,48.26,4091.94
,,,西部超导(688122.SH),2823,107895.06,38.22,21312.53
2020-08-03,1954556.71,724973.71,,,,,
,,,虹软科技(688088.SH),2665,197743.00,74.2,18296.41
,,,中微公司(688012.SH),810,202086.90,249.49,45316.06
,,,西部超导(688122.SH),5647,220402.41,39.03,47206.67
,,,天奈科技(688116.SH),3884,210745.84,54.26,37549.14
,,,容百科技(688005.SH),734,22900.80,31.2,1963.10
,,,兴图新科(688081.SH),3891,193927.44,49.84,10239.72
,,,沃尔德(688028.SH),3629,181776.61,50.09,8638.80
2020-07-31,1869034.11,561925.98,,,,,
,,,建龙微纳(688357.SH),3021,162892.32,53.92,6468.42
,,,容百科技(688005.SH),734,21102.50,28.75,164.80
,,,西部超导(688122.SH),5647,197814.41,35.03,24618.67
,,,中微公司(688012.SH),810,178515.90,220.39,21745.06
,,,虹软科技(688088.SH),2665,185803.80,69.72,6357.21
,,,沃尔德(688028.SH),3629,175280.70,48.3,2142.89
,,,兴图新科(688081.SH),3891,182332.26,46.86,-1355.46
,,,天奈科技(688116.SH),3884,203366.24,52.36,30169.54
2020-07-30,1851240.85,442282.19,,,,,
,,,晶丰明源(688368.SH),1002,119117.76,118.88,29835.03
,,,虹软科技(688088.SH),2665,183618.50,68.9,4171.91
,,,建龙微纳(688357.SH),3021,162106.86,53.66,5682.96
,,,中微公司(688012.SH),810,168593.40,208.14,11822.56
,,,兴图新科(688081.SH),3891,181087.14,46.54,-2600.58
,,,天奈科技(688116.SH),3884,193811.60,49.9,20614.90
,,,沃尔德(688028.SH),3629,176115.37,48.53,2977.56
,,,容百科技(688005.SH),734,20933.68,28.52,-4.02
,,,西部超导(688122.SH),5647,203574.35,36.05,30378.61
2020-07-29,1844269.34,329566.84,,,,,
,,,兴图新科(688081.SH),3891,180620.22,46.42,-3067.50
,,,建龙微纳(688357.SH),3021,162137.07,53.67,5713.17
,,,容百科技(688005.SH),734,21484.18,29.27,546.48
,,,虹软科技(688088.SH),2665,185670.55,69.67,6223.96
,,,沃尔德(688028.SH),3629,179889.53,49.57,6751.72
,,,西部超导(688122.SH),5647,201823.78,35.74,28628.04
,,,天奈科技(688116.SH),3884,195870.12,50.43,22673.42
,,,晶丰明源(688368.SH),2005,225061.25,112.25,46406.68
,,,中微公司(688012.SH),810,162145.80,200.18,5374.96
2020-07-28,1760110.73,329566.84,,,,,
,,,西部超导(688122.SH),5647,185503.95,32.85,12308.21
,,,晶丰明源(688368.SH),2005,213171.60,106.32,34517.03
,,,中微公司(688012.SH),810,152280.00,188,-4490.84
,,,容百科技(688005.SH),734,20463.92,27.88,-473.78
,,,天奈科技(688116.SH),3884,181577.00,46.75,8380.30
,,,建龙微纳(688357.SH),3021,157756.62,52.22,1332.72
,,,虹软科技(688088.SH),2665,170879.80,64.12,-8566.79
,,,沃尔德(688028.SH),3629,174010.55,47.95,872.74
,,,兴图新科(688081.SH),3891,174900.45,44.95,-8787.27
2020-07-27,1731756.90,156898.13,,,,,
,,,容百科技(688005.SH),734,20361.16,27.74,-576.54
,,,乐鑫科技(688018.SH),1004,164053.60,163.4,-15612.95
,,,西部超导(688122.SH),5647,177428.74,31.42,4233.00
,,,新光光电(688011.SH),4156,162748.96,39.16,-15953.62
,,,晶丰明源(688368.SH),2005,203728.05,101.61,25073.48
,,,沃尔德(688028.SH),3629,169438.01,46.69,-3699.80
,,,虹软科技(688088.SH),2665,165949.55,62.27,-13497.04
,,,兴图新科(688081.SH),3891,176184.48,45.28,-7503.24
,,,天奈科技(688116.SH),3884,178780.52,46.03,5583.82
,,,建龙微纳(688357.SH),3021,156185.70,51.7,-238.20
2020-07-24,1729177.02,540472.13,,,,,
,,,晶丰明源(688368.SH),2005,191277.00,95.4,12622.43
,,,虹软科技(688088.SH),2665,171359.50,64.3,-8087.09
,,,兴图新科(688081.SH),3891,173810.97,44.67,-9876.75
,,,乐鑫科技(688018.SH),1004,170680.00,170,-8986.55
,,,新光光电(688011.SH),4156,167403.68,40.28,-11298.90
,,,建龙微纳(688357.SH),3021,157212.84,52.04,788.94
,,,龙软科技(688078.SH),4110,156960.90,38.19,-21782.27
2020-07-23,1805166.82,550277.23,,,,,
,,,建龙微纳(688357.SH),3021,166759.20,55.2,10335.30
,,,龙软科技(688078.SH),4110,169373.10,41.21,-9370.07
,,,乐鑫科技(688018.SH),1004,178712.00,178,-954.55
,,,新光光电(688011.SH),4156,182656.20,43.95,3953.62
,,,江苏北人(688218.SH),6169,171128.06,27.74,-12512.75
,,,晶丰明源(688368.SH),2005,196068.95,97.79,17414.38
,,,兴图新科(688081.SH),3891,190192.08,48.88,6504.36
2020-07-22,1796946.41,550277.23,,,,,
,,,江苏北人(688218.SH),6169,173287.21,28.09,-10353.60
,,,兴图新科(688081.SH),3891,180075.48,46.28,-3612.24
,,,龙软科技(688078.SH),4110,174428.40,42.44,-4314.77
,,,建龙微纳(688357.SH),3021,168873.90,55.9,12450.00
,,,乐鑫科技(688018.SH),1004,183240.04,182.51,3573.49
,,,新光光电(688011.SH),4156,176630.00,42.5,-2072.58
,,,晶丰明源(688368.SH),2005,190134.15,94.83,11479.58
2020-07-21,1817610.93,481097.10,,,,,
,,,江苏北人(688218.SH),6169,174521.01,28.29,-9119.80
,,,新光光电(688011.SH),4156,178666.44,42.99,-36.14
,,,乐鑫科技(688018.SH),1004,184836.40,184.1,5169.85
,,,龙软科技(688078.SH),4110,175620.30,42.73,-3122.87
,,,建龙微纳(688357.SH),3021,169719.78,56.18,13295.88
,,,西部超导(688122.SH),2239,80536.83,35.97,2821.88
,,,兴图新科(688081.SH),3891,180814.77,46.47,-2872.95
,,,晶丰明源(688368.SH),2005,191798.30,95.66,13143.73
2020-07-20,1820662.44,481097.10,,,,,
,,,建龙微纳(688357.SH),3021,163919.46,54.26,7495.56
,,,江苏北人(688218.SH),6169,176186.64,28.56,-7454.17
,,,龙软科技(688078.SH),4110,175538.10,42.71,-3205.07
,,,新光光电(688011.SH),4156,180245.72,43.37,1543.14
,,,兴图新科(688081.SH),3891,184044.30,47.3,356.58
,,,西部超导(688122.SH),2239,82686.27,36.93,4971.32
,,,晶丰明源(688368.SH),2005,199236.85,99.37,20582.28
,,,乐鑫科技(688018.SH),1004,177708.00,177,-1958.55
2020-07-17,1784169.29,507842.36,,,,,
,,,龙软科技(688078.SH),4110,171839.10,41.81,-6904.07
,,,安博通(688168.SH),1572,152216.76,96.83,-14798.59
,,,兴图新科(688081.SH),3891,172176.75,44.25,-11510.97
,,,新光光电(688011.SH),4156,176463.76,42.46,-2238.82
,,,江苏北人(688218.SH),6169,171559.89,27.81,-12080.92
,,,建龙微纳(688357.SH),3021,158270.19,52.39,1846.29
,,,西部超导(688122.SH),2239,81320.48,36.32,3605.53
,,,晶丰明源(688368.SH),2005,192480.00,96,13825.43
2020-07-16,1781691.53,1043942.69,,,,,
,,,建龙微纳(688357.SH),3021,157998.30,52.3,1574.40
,,,安博通(688168.SH),1572,154590.48,98.34,-12424.87
,,,西部超导(688122.SH),2239,81186.14,36.26,3471.19
,,,兴图新科(688081.SH),3891,171982.20,44.2,-11705.52
,,,江苏北人(688218.SH),6169,171991.72,27.88,-11649.09
2020-07-15,1835087.40,1411271.22,,,,,
,,,西部超导(688122.SH),2239,89268.93,39.87,11553.98
,,,建龙微纳(688357.SH),3021,168481.17,55.77,12057.27
,,,安博通(688168.SH),1572,166066.08,105.64,-949.27
2020-07-14,1865743.74,1184738.02,,,,,
,,,建龙微纳(688357.SH),3021,181562.10,60.1,25138.20
,,,中国电研(688128.SH),7566,220246.26,29.11,65848.11
,,,西部超导(688122.SH),2239,97709.96,43.64,19995.01
,,,安博通(688168.SH),1572,181487.40,115.45,14472.05
2020-07-13,1836941.61,1184738.02,,,,,
,,,西部超导(688122.SH),2239,99993.74,44.66,22278.79
,,,安博通(688168.SH),1572,184710.00,117.5,17694.65
,,,建龙微纳(688357.SH),3021,183948.69,60.89,27524.79
,,,中国电研(688128.SH),7566,183551.16,24.26,29153.01
2020-07-10,1811364.07,1093686.63,,,,,
,,,西部超导(688122.SH),2239,95762.03,42.77,18047.08
,,,建龙微纳(688357.SH),3021,177846.27,58.87,21422.37
,,,普元信息(688118.SH),1847,90835.46,49.18,16618.20
,,,中国电研(688128.SH),7566,172202.16,22.76,17804.01
,,,安博通(688168.SH),1572,181031.52,115.16,14016.17
2020-07-09,1828883.27,500085.49,,,,,
,,,宝兰德(688058.SH),567,110565.00,195,33281.28
,,,建龙微纳(688357.SH),3021,174039.81,57.61,17615.91
,,,铂力特(688333.SH),1498,107406.60,71.7,29381.37
,,,中国电研(688128.SH),7566,175531.20,23.2,21133.05
,,,西部超导(688122.SH),4478,201957.80,45.1,46527.90
,,,安博通(688168.SH),1572,184364.16,117.28,17348.81
,,,普元信息(688118.SH),3695,193248.50,52.3,44773.80
,,,迈得医疗(688310.SH),4379,181684.71,41.49,33988.83
2020-07-08,1713458.12,401842.11,,,,,
,,,安博通(688168.SH),1572,171395.16,109.03,4379.81
,,,宝兰德(688058.SH),567,97455.96,171.88,20172.24
,,,铂力特(688333.SH),2996,179011.00,59.75,22960.54
,,,中国电研(688128.SH),7566,169705.38,22.43,15307.23
,,,迈得医疗(688310.SH),4379,178663.20,40.8,30967.32
,,,西部超导(688122.SH),4478,179702.14,40.13,24272.24
,,,普元信息(688118.SH),3695,167050.95,45.21,18576.25
,,,建龙微纳(688357.SH),3021,168632.22,55.82,12208.32
2020-07-07,1686092.23,302518.05,,,,,
,,,西部超导(688122.SH),4478,172716.46,38.57,17286.56
,,,铂力特(688333.SH),2996,177033.64,59.09,20703.05
,,,迈得医疗(688310.SH),4379,176867.81,40.39,29171.93
,,,中国电研(688128.SH),7566,167435.58,22.13,13037.43
,,,建龙微纳(688357.SH),3021,167333.19,55.39,10909.29
,,,宝兰德(688058.SH),1135,194675.20,171.52,39971.46
,,,安博通(688168.SH),1572,166632.00,106,-383.35
,,,普元信息(688118.SH),3695,160880.30,43.54,12405.60
2020-07-06,1656991.63,469533.40,,,,,
,,,建龙微纳(688357.SH),3021,163285.05,54.05,6861.15
,,,中国电研(688128.SH),7566,166376.34,21.99,11978.19
,,,宝兰德(688058.SH),1135,191111.30,168.38,36407.56
,,,普元信息(688118.SH),3695,160363.00,43.4,11888.30
,,,迈得医疗(688310.SH),4379,170255.52,38.88,22559.64
,,,铂力特(688333.SH),2996,165768.68,55.33,9438.09
,,,西部超导(688122.SH),4478,170298.34,38.03,14868.44
2020-07-03,1593668.38,469533.40,,,,,
,,,迈得医疗(688310.SH),4379,161453.73,36.87,13757.85
,,,西部超导(688122.SH),4478,161924.48,36.16,6494.58
,,,普元信息(688118.SH),3695,152123.15,41.17,3648.45
,,,建龙微纳(688357.SH),3021,158149.35,52.35,1725.45
,,,铂力特(688333.SH),2996,155941.80,52.05,-388.79
,,,宝兰德(688058.SH),1135,176640.05,155.63,21936.31
,,,中国电研(688128.SH),7566,157902.42,20.87,3504.27
2020-07-02,1581782.46,469533.40,,,,,
,,,宝兰德(688058.SH),1135,168978.80,148.88,14275.06
,,,铂力特(688333.SH),2996,154863.24,51.69,-1467.35
,,,建龙微纳(688357.SH),3021,162167.28,53.68,5743.38
,,,迈得医疗(688310.SH),4379,164650.40,37.6,16954.52
,,,中国电研(688128.SH),7566,158507.70,20.95,4109.55
,,,西部超导(688122.SH),4478,153729.74,34.33,-1700.16
,,,普元信息(688118.SH),3695,149351.90,40.42,877.20
2020-07-01,1564413.07,625957.30,,,,,
,,,西部超导(688122.SH),4478,153595.40,34.3,-1834.50
,,,迈得医疗(688310.SH),4379,164387.66,37.54,16691.78
,,,铂力特(688333.SH),2996,154413.84,51.54,-1916.75
,,,宝兰德(688058.SH),1135,164813.35,145.21,10109.61
,,,普元信息(688118.SH),3695,147504.40,39.92,-970.30
,,,中国电研(688128.SH),7566,153741.12,20.32,-657.03
2020-06-30,1566283.92,614913.26,,,,,
,,,热景生物(688068.SH),2440,168360.00,69,25779.05
,,,迈得医疗(688310.SH),4379,164606.61,37.59,16910.73
,,,宝兰德(688058.SH),1135,161147.30,141.98,6443.56
,,,中国电研(688128.SH),7566,154724.70,20.45,326.55
,,,普元信息(688118.SH),3695,149832.25,40.55,766.35
,,,西部超导(688122.SH),4478,152699.80,34.1,-2730.10
2020-06-29,1548220.05,526229.28,,,,,
,,,西部超导(688122.SH),4478,153595.40,34.3,-1834.50
,,,热景生物(688068.SH),2440,167140.00,68.5,24559.05
,,,宝兰德(688058.SH),1135,158843.25,139.95,4139.51
,,,中国电研(688128.SH),7566,147990.96,19.56,-6407.19
,,,迈得医疗(688310.SH),4379,157731.58,36.02,10035.70
,,,普元信息(688118.SH),3695,146543.70,39.66,-2522.20
,,,杰普特(688025.SH),1558,90145.88,57.86,18640.18
2020-06-24,1551246.91,428975.93,,,,,
,,,迈得医疗(688310.SH),4379,157118.52,35.88,9422.64
,,,宝兰德(688058.SH),1135,165165.20,145.52,10461.46
,,,热景生物(688068.SH),2440,158819.60,65.09,16238.65
,,,申联生物(688098.SH),7696,165079.20,21.45,23145.60
,,,中国电研(688128.SH),7566,152227.92,20.12,-2170.23
,,,杰普特(688025.SH),3116,172439.44,55.34,29428.04
,,,普元信息(688118.SH),3695,151421.10,40.98,2355.20
2020-06-23,1556320.73,428243.93,,,,,
,,,申联生物(688098.SH),7696,168080.64,21.84,26147.04
,,,宝兰德(688058.SH),1135,160035.00,141,5331.26
,,,迈得医疗(688310.SH),4379,160008.66,36.54,12312.78
,,,热景生物(688068.SH),2440,162577.20,66.63,19264.25
,,,杰普特(688025.SH),3116,175617.76,56.36,32606.36
,,,中国电研(688128.SH),7566,153514.14,20.29,-884.01
,,,普元信息(688118.SH),3695,148243.40,40.12,-822.50
2020-06-22,1548116.67,582642.09,,,,,
,,,申联生物(688098.SH),7696,164001.76,21.31,22068.16
,,,热景生物(688068.SH),2440,160576.40,65.81,17263.45
,,,迈得医疗(688310.SH),4379,158344.64,36.16,10648.76
,,,宝兰德(688058.SH),1135,161022.45,141.87,6318.71
,,,普元信息(688118.SH),3695,151458.05,40.99,2392.15
,,,杰普特(688025.SH),3116,170071.28,54.58,27059.88
2020-06-19,1520013.20,582642.09,,,,,
,,,普元信息(688118.SH),3695,149462.75,40.45,396.85
,,,热景生物(688068.SH),2440,154256.80,63.22,10943.85
,,,杰普特(688025.SH),3116,161564.60,51.85,18553.20
,,,宝兰德(688058.SH),1135,156630.00,138,1926.26
,,,申联生物(688098.SH),7696,160615.52,20.87,18681.92
,,,迈得医疗(688310.SH),4379,154841.44,35.36,7145.56
2020-06-18,1521609.72,582642.09,,,,,
,,,申联生物(688098.SH),7696,162077.76,21.06,20144.16
,,,迈得医疗(688310.SH),4379,155848.61,35.59,8152.73
,,,宝兰德(688058.SH),1135,153974.10,135.66,-729.64
,,,热景生物(688068.SH),2440,158282.80,64.87,14969.85
,,,普元信息(688118.SH),3695,150460.40,40.72,1394.50
,,,杰普特(688025.SH),3116,158323.96,50.81,15312.56
2020-06-17,1548660.94,582642.09,,,,,
,,,申联生物(688098.SH),7696,168927.20,21.95,26993.60
,,,宝兰德(688058.SH),1135,153906.00,135.6,-797.74
,,,杰普特(688025.SH),3116,160629.80,51.55,17618.40
,,,热景生物(688068.SH),2440,167164.40,68.51,23851.45
,,,普元信息(688118.SH),3695,152492.65,41.27,3426.75
,,,迈得医疗(688310.SH),4379,162898.80,37.2,15202.92
2020-06-16,1544789.60,580578.96,,,,,
,,,热景生物(688068.SH),2440,173288.80,71.02,29975.85
,,,容百科技(688005.SH),4559,156054.57,34.23,12344.16
,,,申联生物(688098.SH),7696,169312.00,22,27378.40
,,,杰普特(688025.SH),3116,157358.00,50.5,14346.60
,,,普元信息(688118.SH),3695,147356.60,39.88,-1709.30
,,,迈得医疗(688310.SH),4379,160840.67,36.73,13144.79
2020-06-15,1513504.05,579046.31,,,,,
,,,热景生物(688068.SH),2440,175924.00,72.1,32611.05
,,,容百科技(688005.SH),4559,150994.08,33.12,7283.67
,,,普元信息(688118.SH),3695,142257.50,38.5,-6808.40
,,,迈得医疗(688310.SH),4379,153615.32,35.08,4386.79
,,,申联生物(688098.SH),7696,159076.32,20.67,17142.72
,,,杰普特(688025.SH),3116,152590.52,48.97,9579.12
2020-06-12,1493531.55,579046.31,,,,,
,,,普元信息(688118.SH),3695,147763.05,39.99,-1302.85
,,,热景生物(688068.SH),2440,146595.20,60.08,3282.25
,,,申联生物(688098.SH),7696,149918.08,19.48,7984.48
,,,杰普特(688025.SH),3116,161408.80,51.8,18397.40
,,,容百科技(688005.SH),4559,158425.25,34.75,14714.84
,,,迈得医疗(688310.SH),4379,150374.86,34.34,1146.33
2020-06-11,1492082.50,579046.31,,,,,
,,,普元信息(688118.SH),3695,151790.60,41.08,2724.70
,,,迈得医疗(688310.SH),4379,149805.59,34.21,577.06
,,,热景生物(688068.SH),2440,141032.00,57.8,-2280.95
,,,杰普特(688025.SH),3116,156111.60,50.1,13100.20
,,,容百科技(688005.SH),4559,162300.40,35.6,18589.99
,,,申联生物(688098.SH),7696,151996.00,19.75,10062.40
2020-06-10,1492257.04,589125.03,,,,,
,,,迈得医疗(688310.SH),4379,151819.93,34.67,2591.40
,,,容百科技(688005.SH),4559,157650.22,34.58,13939.81
,,,申联生物(688098.SH),7696,155767.04,20.24,13833.44
,,,杰普特(688025.SH),3116,156360.88,50.18,13349.48
,,,晶丰明源(688368.SH),1811,140062.74,77.34,-12338.63
,,,热景生物(688068.SH),2440,141471.20,57.98,-1841.75
2020-06-09,1487797.80,738353.56,,,,,
,,,杰普特(688025.SH),3116,148944.80,47.8,5933.40
,,,晶丰明源(688368.SH),1811,143069.00,79,-9332.37
,,,容百科技(688005.SH),4559,162118.04,35.56,18407.63
,,,热景生物(688068.SH),2440,141007.60,57.79,-2305.35
,,,申联生物(688098.SH),7696,154304.80,20.05,12371.20
2020-06-08,1505292.46,738353.56,,,,,
,,,申联生物(688098.SH),7696,156228.80,20.3,14295.20
,,,容百科技(688005.SH),4559,160841.52,35.28,17131.11
,,,杰普特(688025.SH),3116,154335.48,49.53,11324.08
,,,晶丰明源(688368.SH),1811,152305.10,84.1,-96.27
,,,热景生物(688068.SH),2440,143228.00,58.7,-84.95
2020-06-05,1520141.57,737737.88,,,,,
,,,申联生物(688098.SH),7696,167541.92,21.77,24992.64
,,,杰普特(688025.SH),3116,155800.00,50,12788.60
,,,晶丰明源(688368.SH),1811,151671.25,83.75,-730.12
,,,热景生物(688068.SH),2440,143813.60,58.94,500.65
,,,容百科技(688005.SH),4559,163576.92,35.88,19866.51
2020-06-04,1514200.72,685615.87,,,,,
,,,热景生物(688068.SH),2440,147961.60,60.64,4648.65
,,,容百科技(688005.SH),4559,170734.55,37.45,27024.14
,,,杰普特(688025.SH),3116,155675.36,49.96,12663.96
,,,申联生物(688098.SH),7696,161923.84,21.04,19374.56
,,,鸿泉技术(688288.SH),4275,192289.50,44.98,49733.04
2020-06-03,1473915.25,684961.51,,,,,
,,,鸿泉技术(688288.SH),4275,160227.00,37.48,17670.54
,,,申联生物(688098.SH),7696,156459.68,20.33,13910.40
,,,杰普特(688025.SH),3116,162032.00,52,18366.24
,,,容百科技(688005.SH),4559,164762.26,36.14,21051.85
,,,热景生物(688068.SH),2440,145472.80,59.62,2159.85
2020-06-02,1464814.89,684961.51,,,,,
,,,容百科技(688005.SH),4559,169093.31,37.09,25382.90
,,,申联生物(688098.SH),7696,150764.64,19.59,8215.36
,,,杰普特(688025.SH),3116,163995.08,52.63,20329.32
,,,鸿泉技术(688288.SH),4275,154626.75,36.17,12070.29
,,,热景生物(688068.SH),2440,141373.60,57.94,-1939.35
2020-06-01,1457356.86,684961.51,,,,,
,,,热景生物(688068.SH),2440,142520.40,58.41,-792.55
,,,杰普特(688025.SH),3116,154179.68,49.48,10513.92
,,,容百科技(688005.SH),4559,173287.59,38.01,29577.18
,,,鸿泉技术(688288.SH),4275,149796.00,35.04,7239.54
,,,申联生物(688098.SH),7696,152611.68,19.83,10062.40
2020-05-29,1426696.96,702427.44,,,,,
,,,鸿泉技术(688288.SH),4275,141502.50,33.1,-1053.96
,,,申联生物(688098.SH),7696,149148.48,19.38,6599.20
,,,容百科技(688005.SH),4559,167315.30,36.7,23604.89
,,,杰普特(688025.SH),3116,141902.64,45.54,-1763.12
,,,乐鑫科技(688018.SH),722,124400.60,172.3,-3851.68
2020-05-28,1419876.13,564643.28,,,,,
,,,申联生物(688098.SH),7696,143068.64,18.59,519.36
,,,鸿泉技术(688288.SH),4275,140433.75,32.85,-2122.71
,,,乐鑫科技(688018.SH),722,127245.28,176.24,-1007.00
,,,杰普特(688025.SH),3116,139534.48,44.78,-4131.28
,,,容百科技(688005.SH),4559,166403.50,36.5,22693.09
,,,热景生物(688068.SH),2560,138547.20,54.12,10252.72
2020-05-27,1434434.39,708309.03,,,,,
,,,容百科技(688005.SH),4559,168683.00,37,24972.59
,,,热景生物(688068.SH),2560,144870.40,56.59,16575.92
,,,鸿泉技术(688288.SH),4275,143640.00,33.6,1083.54
,,,乐鑫科技(688018.SH),722,125093.72,173.26,-3158.56
,,,申联生物(688098.SH),7696,143838.24,18.69,1288.96
2020-05-26,1429578.44,993414.77,,,,,
,,,容百科技(688005.SH),4559,166357.91,36.49,22647.50
,,,热景生物(688068.SH),2560,142387.20,55.62,14092.72
,,,乐鑫科技(688018.SH),722,127418.56,176.48,-833.72
2020-05-25,1410077.66,866914.82,,,,,
,,,容百科技(688005.SH),4559,154595.69,33.91,10885.28
,,,乐鑫科技(688018.SH),722,124039.60,171.8,-4212.68
,,,热景生物(688068.SH),2560,138009.60,53.91,9715.12
,,,鸿泉技术(688288.SH),4005,126517.95,31.59,-15467.56
2020-05-22,1416068.76,866914.82,,,,,
,,,鸿泉技术(688288.SH),4005,135769.50,33.9,-6216.01
,,,乐鑫科技(688018.SH),722,129707.30,179.65,1455.02
,,,容百科技(688005.SH),4559,151632.34,33.26,7921.93
,,,热景生物(688068.SH),2560,132044.80,51.58,3750.32
2020-05-21,1431811.60,866914.82,,,,,
,,,热景生物(688068.SH),2560,141056.00,55.1,12761.52
,,,鸿泉技术(688288.SH),4005,138653.10,34.62,-3332.41
,,,乐鑫科技(688018.SH),722,134284.78,185.99,6032.50
,,,容百科技(688005.SH),4559,150902.90,33.1,7192.49
2020-05-20,1456096.62,866914.82,,,,,
,,,乐鑫科技(688018.SH),722,143678.00,199,15425.72
,,,容百科技(688005.SH),4559,159565.00,35,15854.59
,,,热景生物(688068.SH),2560,142720.00,55.75,14425.52
,,,鸿泉技术(688288.SH),4005,143218.80,35.76,1233.29
2020-05-19,1442477.97,866914.82,,,,,
,,,乐鑫科技(688018.SH),722,145353.04,201.32,17100.76
,,,容百科技(688005.SH),4559,144246.76,31.64,536.35
,,,鸿泉技术(688288.SH),4005,138532.95,34.59,-3452.56
,,,热景生物(688068.SH),2560,147430.40,57.59,19135.92
2020-05-18,1433592.90,774809.65,,,,,
,,,晶晨股份(688099.SH),1447,89786.35,62.05,25638.30
,,,乐鑫科技(688018.SH),722,142089.60,196.8,13837.32
,,,鸿泉技术(688288.SH),4005,136570.50,34.1,-6616.51
,,,热景生物(688068.SH),2560,148096.00,57.85,19801.52
,,,容百科技(688005.SH),4559,142240.80,31.2,-1469.61
2020-05-15,1438276.54,918520.06,,,,,
,,,乐鑫科技(688018.SH),722,151136.26,209.33,22883.98
,,,鸿泉技术(688288.SH),4005,143539.20,35.84,352.19
,,,热景生物(688068.SH),2560,142515.20,55.67,14220.72
,,,晶晨股份(688099.SH),1447,82565.82,57.06,18417.77
2020-05-14,1431247.87,982370.07,,,,,
,,,乐鑫科技(688018.SH),722,146847.58,203.39,18595.30
,,,晶晨股份(688099.SH),2894,158388.62,54.73,30092.52
,,,热景生物(688068.SH),2560,143641.60,56.11,15347.12
2020-05-13,1441209.81,701854.55,,,,,
,,,杭可科技(688006.SH),3855,142635.00,37,22932.34
,,,晶晨股份(688099.SH),2894,154915.82,53.53,26619.72
,,,乐鑫科技(688018.SH),722,146522.68,202.94,18270.40
,,,热景生物(688068.SH),2560,154137.60,60.21,25843.12
,,,容百科技(688005.SH),4408,141144.16,32.02,21456.72
2020-05-12,1439083.53,701854.55,,,,,
,,,杭可科技(688006.SH),3855,142095.30,36.86,22392.64
,,,容百科技(688005.SH),4408,141540.88,32.11,21853.44
,,,热景生物(688068.SH),2560,151475.20,59.17,23180.72
,,,晶晨股份(688099.SH),2894,155118.40,53.6,26822.30
,,,乐鑫科技(688018.SH),722,146999.20,203.6,18746.92
2020-05-11,1433275.01,701854.55,,,,,
,,,乐鑫科技(688018.SH),722,146327.74,202.67,18075.46
,,,热景生物(688068.SH),2560,145228.80,56.73,16934.32
,,,容百科技(688005.SH),4408,143568.56,32.57,23881.12
,,,晶晨股份(688099.SH),2894,152195.46,52.59,23899.36
,,,杭可科技(688006.SH),3855,144099.90,37.38,24397.24
2020-05-08,1427921.65,611702.80,,,,,
,,,杭可科技(688006.SH),3855,145063.65,37.63,25360.99
,,,宝兰德(688058.SH),603,88641.00,147,24563.86
,,,乐鑫科技(688018.SH),722,151157.92,209.36,22905.64
,,,容百科技(688005.SH),4408,142995.52,32.44,23308.08
,,,晶晨股份(688099.SH),2894,152629.56,52.74,24333.46
,,,热景生物(688068.SH),2560,135731.20,53.02,7436.72
2020-05-07,1411637.08,611702.80,,,,,
,,,晶晨股份(688099.SH),2894,150488.00,52,22191.90
,,,热景生物(688068.SH),2560,137036.80,53.53,8742.32
,,,宝兰德(688058.SH),603,82369.80,136.6,18292.66
,,,容百科技(688005.SH),4408,139248.72,31.59,19561.28
,,,乐鑫科技(688018.SH),722,146768.16,203.28,18515.88
,,,杭可科技(688006.SH),3855,144022.80,37.36,24320.14
2020-05-06,1426801.63,528957.10,,,,,
,,,热景生物(688068.SH),2560,135372.80,52.88,7078.32
,,,容百科技(688005.SH),4408,144846.88,32.86,25159.44
,,,宝兰德(688058.SH),1207,164610.66,136.38,36350.12
,,,乐鑫科技(688018.SH),722,149670.60,207.3,20786.57
,,,杭可科技(688006.SH),3855,147762.15,38.33,28059.49
,,,晶晨股份(688099.SH),2894,155581.44,53.76,27285.34
2020-04-30,1330948.01,528957.10,,,,,
,,,宝兰德(688058.SH),1207,137175.55,113.65,8915.01
,,,乐鑫科技(688018.SH),722,137273.86,190.13,8389.83
,,,容百科技(688005.SH),4408,128140.56,29.07,8453.12
,,,杭可科技(688006.SH),3855,139088.40,36.08,19385.74
,,,热景生物(688068.SH),2560,128896.00,50.35,601.52
,,,晶晨股份(688099.SH),2894,131416.54,45.41,3120.44
2020-04-29,1284062.13,657841.13,,,,,
,,,宝兰德(688058.SH),1207,129088.65,106.95,828.11
,,,热景生物(688068.SH),2560,125235.20,48.92,-3059.28
,,,杭可科技(688006.SH),3855,130491.75,33.85,10789.09
,,,容百科技(688005.SH),4408,117252.80,26.6,-2434.64
,,,晶晨股份(688099.SH),2894,124152.60,42.9,-4143.50
2020-04-28,1286074.64,1042692.25,,,,,
,,,容百科技(688005.SH),4408,116283.04,26.38,-3404.40
,,,杭可科技(688006.SH),3855,127099.35,32.97,7396.69
2020-04-27,1296722.85,1042692.25,,,,,
,,,容百科技(688005.SH),4408,121881.20,27.65,2193.76
,,,杭可科技(688006.SH),3855,132149.40,34.28,12446.74
2020-04-24,1305135.85,899213.78,,,,,
,,,杭可科技(688006.SH),3855,135194.85,35.07,15492.19
,,,容百科技(688005.SH),4408,126774.08,28.76,7086.64
,,,天奈科技(688116.SH),3693,143953.14,38.98,18472.42
2020-04-23,1302460.27,899213.78,,,,,
,,,容百科技(688005.SH),4408,125980.64,28.58,6293.20
,,,天奈科技(688116.SH),3693,142919.10,38.7,17438.38
,,,杭可科技(688006.SH),3855,134346.75,34.85,14644.09
2020-04-22,1282533.14,748465.01,,,,,
,,,天奈科技(688116.SH),3693,137896.62,37.34,12415.90
,,,杭可科技(688006.SH),3855,124786.35,32.37,5083.69
,,,嘉元科技(688388.SH),2525,148975.00,59,26230.76
,,,容百科技(688005.SH),4408,122410.16,27.77,2722.72
2020-04-21,1278116.66,667834.80,,,,,
,,,杭可科技(688006.SH),3855,122126.40,31.68,2423.74
,,,热景生物(688068.SH),1305,83650.50,64.1,23364.67
,,,天奈科技(688116.SH),3693,134646.78,36.46,9166.06
,,,嘉元科技(688388.SH),2525,147712.50,58.5,24968.26
,,,容百科技(688005.SH),4408,122145.68,27.71,2458.24
2020-04-20,1278065.62,590384.04,,,,,
,,,容百科技(688005.SH),4408,124129.28,28.16,4441.84
,,,嘉元科技(688388.SH),2525,147737.75,58.51,24993.51
,,,热景生物(688068.SH),2611,154310.10,59.1,33692.25
,,,天奈科技(688116.SH),3693,136641.00,37,11160.28
,,,杭可科技(688006.SH),3855,124863.45,32.39,5160.79
2020-04-17,1254329.08,590384.04,,,,,
,,,热景生物(688068.SH),2611,138383.00,53,17765.15
,,,嘉元科技(688388.SH),2525,143546.25,56.85,20802.01
,,,天奈科技(688116.SH),3693,134240.55,36.35,8759.83
,,,杭可科技(688006.SH),3855,124439.40,32.28,4736.74
,,,容百科技(688005.SH),4408,123335.84,27.98,3648.40
2020-04-16,1245636.84,590384.04,,,,,
,,,嘉元科技(688388.SH),2525,137385.25,54.41,14641.01
,,,容百科技(688005.SH),4408,122983.20,27.9,3295.76
,,,热景生物(688068.SH),2611,145432.70,55.7,24814.85
,,,天奈科技(688116.SH),3693,126669.90,34.3,1189.18
,,,杭可科技(688006.SH),3855,122781.75,31.85,3079.09
2020-04-15,1234527.40,590384.04,,,,,
,,,杭可科技(688006.SH),3855,123591.30,32.06,3888.64
,,,容百科技(688005.SH),4408,126641.84,28.73,6954.40
,,,天奈科技(688116.SH),3693,128959.56,34.92,3478.84
,,,热景生物(688068.SH),2611,128095.66,49.06,7477.81
,,,嘉元科技(688388.SH),2525,136855.00,54.2,14110.76
2020-04-14,1223248.40,590384.04,,,,,
,,,天奈科技(688116.SH),3693,128331.75,34.75,2851.03
,,,嘉元科技(688388.SH),2525,134077.50,53.1,11333.26
,,,杭可科技(688006.SH),3855,122627.55,31.81,2924.89
,,,热景生物(688068.SH),2611,122508.12,46.92,1890.27
,,,容百科技(688005.SH),4408,125319.44,28.43,5632.00
2020-04-13,1194442.88,829774.13,,,,,
,,,嘉元科技(688388.SH),2525,123346.25,48.85,602.01
,,,天奈科技(688116.SH),3693,120354.87,32.59,-5125.85
,,,热景生物(688068.SH),2611,120967.63,46.33,349.78
2020-04-10,1221341.64,601656.97,,,,,
,,,嘉元科技(688388.SH),2525,130668.75,51.75,7924.51
,,,热景生物(688068.SH),2611,124100.83,47.53,3482.98
,,,虹软科技(688088.SH),2034,117544.86,57.79,-7630.06
,,,容百科技(688005.SH),4102,123839.38,30.19,1071.87
,,,天奈科技(688116.SH),3693,123530.85,33.45,-1949.87
2020-04-09,1247815.20,601656.97,,,,,
,,,虹软科技(688088.SH),2034,123911.28,60.92,-1263.64
,,,容百科技(688005.SH),4102,130238.50,31.75,7470.99
,,,嘉元科技(688388.SH),2525,131300.00,52,8555.76
,,,热景生物(688068.SH),2611,126320.18,48.38,5702.33
,,,天奈科技(688116.SH),3693,134388.27,36.39,8907.55
2020-04-08,1248844.68,601656.97,,,,,
,,,热景生物(688068.SH),2611,126894.60,48.6,6276.75
,,,虹软科技(688088.SH),2034,126067.32,61.98,892.40
,,,天奈科技(688116.SH),3693,132652.56,35.92,7171.84
,,,容百科技(688005.SH),4102,130197.48,31.74,7429.97
,,,嘉元科技(688388.SH),2525,131375.75,52.03,8631.51
2020-04-07,1251088.00,601656.97,,,,,
,,,热景生物(688068.SH),2611,126372.40,48.4,5754.55
,,,嘉元科技(688388.SH),2525,132284.75,52.39,9540.51
,,,天奈科技(688116.SH),3693,135902.40,36.8,10421.68
,,,容百科技(688005.SH),4102,128966.88,31.44,6199.37
,,,虹软科技(688088.SH),2034,125904.60,61.9,729.68
2020-04-03,1236440.60,726831.89,,,,,
,,,热景生物(688068.SH),2611,121698.71,46.61,1080.86
,,,天奈科技(688116.SH),3693,132948.00,36,7467.28
,,,容百科技(688005.SH),4102,126136.50,30.75,3368.99
,,,嘉元科技(688388.SH),2525,128825.50,51.02,6081.26
2020-04-02,1238153.71,726831.89,,,,,
,,,容百科技(688005.SH),4102,128433.62,31.31,5666.11
,,,嘉元科技(688388.SH),2525,130744.50,51.78,8000.26
,,,热景生物(688068.SH),2611,121411.50,46.5,793.65
,,,天奈科技(688116.SH),3693,130732.20,35.4,5251.48
2020-04-01,1218015.51,726831.89,,,,,
,,,热景生物(688068.SH),2611,118748.28,45.48,-1869.57
,,,嘉元科技(688388.SH),2525,122841.25,48.65,97.01
,,,容百科技(688005.SH),4102,124290.60,30.3,1523.09
,,,天奈科技(688116.SH),3693,125303.49,33.93,-177.23
2020-03-31,1203649.96,734834.30,,,,,
,,,容百科技(688005.SH),4102,121501.24,29.62,-1266.27
,,,嘉元科技(688388.SH),2525,116604.50,46.18,-6139.74
,,,天奈科技(688116.SH),3693,115738.62,31.34,-9742.10
,,,乐鑫科技(688018.SH),601,114971.30,191.3,-10926.68
2020-03-30,1211341.89,734834.30,,,,,
,,,乐鑫科技(688018.SH),601,116594.00,194,-9303.98
,,,天奈科技(688116.SH),3693,115221.60,31.2,-10259.12
,,,嘉元科技(688388.SH),2525,120114.25,47.57,-2629.99
,,,容百科技(688005.SH),4102,124577.74,30.37,1810.23
2020-03-27,1229384.67,618165.28,,,,,
,,,ST瀚川(688022.SH),2855,122194.00,42.8,-3715.00
,,,乐鑫科技(688018.SH),601,120139.90,199.9,-5758.08
,,,天奈科技(688116.SH),3693,120317.94,32.58,-5162.78
,,,嘉元科技(688388.SH),2525,122841.25,48.65,97.01
,,,容百科技(688005.SH),4102,125726.30,30.65,2958.79
2020-03-26,1238090.71,743646.00,,,,,
,,,嘉元科技(688388.SH),2525,122462.50,48.5,-281.74
,,,乐鑫科技(688018.SH),601,124376.95,206.95,-1521.03
,,,ST瀚川(688022.SH),2855,119910.00,42,-5999.00
,,,容百科技(688005.SH),4102,127695.26,31.13,4927.75
2020-03-25,1248208.75,743646.00,,,,,
,,,容百科技(688005.SH),4102,131264.00,32,8496.49
,,,嘉元科技(688388.SH),2525,126123.75,49.95,3379.51
,,,ST瀚川(688022.SH),2855,122707.90,42.98,-3201.10
,,,乐鑫科技(688018.SH),601,124467.10,207.1,-1430.88
2020-03-24,1229450.20,743646.00,,,,,
,,,ST瀚川(688022.SH),2855,118939.30,41.66,-6969.70
,,,嘉元科技(688388.SH),2525,121553.50,48.14,-1190.74
,,,容百科技(688005.SH),4102,123921.42,30.21,1153.91
,,,乐鑫科技(688018.SH),601,121389.98,201.98,-4508.00
2020-03-23,1220899.95,989157.75,,,,,
,,,ST瀚川(688022.SH),2855,115598.95,40.49,-10310.05
,,,乐鑫科技(688018.SH),601,116143.25,193.25,-9754.73
2020-03-20,1247068.50,761126.86,,,,,
,,,乐鑫科技(688018.SH),601,121462.10,202.1,-4435.88
,,,ST瀚川(688022.SH),2855,126990.40,44.48,1081.40
,,,*ST天宜(688033.SH),4306,119060.90,27.65,-9164.68
,,,容百科技(688005.SH),3768,118428.24,31.43,-7523.66
2020-03-19,1240688.29,761126.86,,,,,
,,,容百科技(688005.SH),3768,114961.68,30.51,-10990.22
,,,乐鑫科技(688018.SH),601,122003.00,203,-3894.98
,,,*ST天宜(688033.SH),4306,119060.90,27.65,-9164.68
,,,ST瀚川(688022.SH),2855,123535.85,43.27,-2373.15
2020-03-18,1240078.61,761126.86,,,,,
,,,ST瀚川(688022.SH),2855,121651.55,42.61,-4257.45
,,,*ST天宜(688033.SH),4306,120869.42,28.07,-7356.16
,,,乐鑫科技(688018.SH),601,120187.98,199.98,-5710.00
,,,容百科技(688005.SH),3768,116242.80,30.85,-9709.10
2020-03-17,1254861.91,761126.86,,,,,
,,,容百科技(688005.SH),3768,122007.84,32.38,-3944.06
,,,*ST天宜(688033.SH),4306,124271.16,28.86,-3954.42
,,,ST瀚川(688022.SH),2855,123650.05,43.31,-2258.95
,,,乐鑫科技(688018.SH),601,123806.00,206,-2091.98
2020-03-16,1261606.74,1138885.74,,,,,
,,,*ST天宜(688033.SH),4306,122721.00,28.5,-5504.58
2020-03-13,1271123.00,1138885.74,,,,,
,,,*ST天宜(688033.SH),4306,132237.26,30.71,4011.68
2020-03-12,1277883.42,1138885.74,,,,,
,,,*ST天宜(688033.SH),4306,138997.68,32.28,10772.10
2020-03-11,1279993.36,1138885.74,,,,,
,,,*ST天宜(688033.SH),4306,141107.62,32.77,12882.04
2020-03-10,1275773.48,1138885.74,,,,,
,,,*ST天宜(688033.SH),4306,136887.74,31.79,8662.16
2020-03-09,1269003.80,1023563.62,,,,,
,,,*ST天宜(688033.SH),4306,128964.70,29.95,739.12
,,,方邦股份(688020.SH),1206,116475.48,96.58,-9116.19
2020-03-06,1281032.72,1023563.62,,,,,
,,,方邦股份(688020.SH),1206,128246.04,106.34,2654.37
,,,*ST天宜(688033.SH),4306,129223.06,30.01,997.48
2020-03-05,1287337.32,1084759.32,,,,,
,,,交控科技(688015.SH),1654,69170.28,41.82,15822.11
,,,方邦股份(688020.SH),1206,133407.72,110.62,7816.05
2020-03-04,1284998.85,967322.43,,,,,
,,,方邦股份(688020.SH),1206,136109.16,112.86,10517.49
,,,*ST天宜(688033.SH),2098,61387.48,29.26,11445.35
,,,交控科技(688015.SH),1654,66044.22,39.93,12696.05
,,,沃尔德(688028.SH),874,54135.56,61.94,4202.95
2020-03-03,1283419.07,967322.43,,,,,
,,,方邦股份(688020.SH),1206,133033.86,110.31,7442.19
,,,*ST天宜(688033.SH),2098,61786.10,29.45,11843.97
,,,沃尔德(688028.SH),874,53925.80,61.7,3993.19
,,,交控科技(688015.SH),1654,67350.88,40.72,14002.71
2020-03-02,1280592.97,967322.43,,,,,
,,,交控科技(688015.SH),1654,66457.72,40.18,13109.55
,,,*ST天宜(688033.SH),2098,62541.38,29.81,12599.25
,,,沃尔德(688028.SH),874,53287.78,60.97,3355.17
,,,方邦股份(688020.SH),1206,130983.66,108.61,5391.99
2020-02-28,1253949.63,1092914.11,,,,,
,,,沃尔德(688028.SH),874,50692.00,58,759.39
,,,*ST天宜(688033.SH),2098,54967.60,26.2,5025.47
,,,交控科技(688015.SH),1654,55375.92,33.48,2027.75
2020-02-27,1269154.91,1092914.11,,,,,
,,,交控科技(688015.SH),1654,60569.48,36.62,7221.31
,,,沃尔德(688028.SH),874,55857.34,63.91,5924.73
,,,*ST天宜(688033.SH),2098,59813.98,28.51,9871.85
2020-02-26,1274697.51,1092914.11,,,,,
,,,*ST天宜(688033.SH),2098,60128.68,28.66,10186.55
,,,交控科技(688015.SH),1654,62852.00,38,9503.83
,,,沃尔德(688028.SH),874,58802.72,67.28,8870.11
2020-02-25,1280790.11,1092914.11,,,,,
,,,沃尔德(688028.SH),874,60673.08,69.42,10740.47
,,,*ST天宜(688033.SH),2098,61009.84,29.08,11067.71
,,,交控科技(688015.SH),1654,66193.08,40.02,12844.91
2020-02-24,1278300.73,1092914.11,,,,,
,,,沃尔德(688028.SH),874,61145.04,69.96,11212.43
,,,交控科技(688015.SH),1654,62140.78,37.57,8792.61
,,,*ST天宜(688033.SH),2098,62100.80,29.6,12158.67
2020-02-21,1282658.61,1092914.11,,,,,
,,,*ST天宜(688033.SH),2098,63842.14,30.43,13900.01
,,,沃尔德(688028.SH),874,63050.36,72.14,13117.75
,,,交控科技(688015.SH),1654,62852.00,38,9503.83
2020-02-20,1287845.15,1092914.11,,,,,
,,,沃尔德(688028.SH),874,65550.00,75,15617.39
,,,交控科技(688015.SH),1654,64175.20,38.8,10827.03
,,,*ST天宜(688033.SH),2098,65205.84,31.08,15263.71
2020-02-19,1288516.25,1092914.11,,,,,
,,,沃尔德(688028.SH),874,65200.40,74.6,15267.79
,,,交控科技(688015.SH),1654,64671.40,39.1,11323.23
,,,*ST天宜(688033.SH),2098,65730.34,31.33,15788.21
2020-02-18,1286768.72,1026041.42,,,,,
,,,*ST天宜(688033.SH),2098,65079.96,31.02,15137.83
,,,沃尔德(688028.SH),874,64177.82,73.43,14245.21
,,,福光股份(688010.SH),1336,67294.32,50.37,17346.87
,,,交控科技(688015.SH),1654,64175.20,38.8,10827.03
2020-02-17,1284983.21,673630.80,,,,,
,,,铂力特(688333.SH),1053,73236.15,69.55,23240.78
,,,*ST天宜(688033.SH),2098,65772.30,31.35,15830.17
,,,沃尔德(688028.SH),1748,128705.24,73.63,28840.02
,,,福光股份(688010.SH),1336,67067.20,50.2,17119.75
,,,交控科技(688015.SH),3308,130632.92,39.49,23936.58
,,,西部超导(688122.SH),1689,74147.10,43.9,24156.18
,,,新光光电(688011.SH),1374,71791.50,52.25,21800.55
2020-02-14,1224941.89,673630.80,,,,,
,,,西部超导(688122.SH),1689,62746.35,37.15,12755.43
,,,交控科技(688015.SH),3308,121138.96,36.62,14442.62
,,,沃尔德(688028.SH),1748,117430.64,67.18,17565.42
,,,*ST天宜(688033.SH),2098,61261.60,29.2,11319.47
,,,铂力特(688333.SH),1053,61031.88,57.96,11036.51
,,,新光光电(688011.SH),1374,64976.46,47.29,14985.51
,,,福光股份(688010.SH),1336,62725.20,46.95,12777.75
2020-02-13,1241617.86,673630.80,,,,,
,,,交控科技(688015.SH),3308,125141.64,37.83,18445.30
,,,西部超导(688122.SH),1689,64131.33,37.97,14140.41
,,,新光光电(688011.SH),1374,67064.94,48.81,17073.99
,,,沃尔德(688028.SH),1748,121083.96,69.27,21218.74
,,,*ST天宜(688033.SH),2098,62981.96,30.02,13039.83
,,,铂力特(688333.SH),1053,63000.99,59.83,13005.62
,,,福光股份(688010.SH),1336,64582.24,48.34,14634.79
2020-02-12,1231249.09,603276.37,,,,,
,,,福光股份(688010.SH),1336,62538.16,46.81,12590.71
,,,西部超导(688122.SH),1689,64114.44,37.96,14123.52
,,,新光光电(688011.SH),1374,65182.56,47.44,15191.61
,,,天准科技(688003.SH),1951,69065.40,35.4,19102.67
,,,交控科技(688015.SH),3308,123223.00,37.25,16526.66
,,,*ST天宜(688033.SH),2098,62919.02,29.99,12976.89
,,,铂力特(688333.SH),1053,61768.98,58.66,11773.61
,,,沃尔德(688028.SH),1748,119161.16,68.17,19295.94
2020-02-11,1209104.34,603276.37,,,,,
,,,新光光电(688011.SH),1374,63204.00,46,13213.05
,,,福光股份(688010.SH),1336,60253.60,45.1,10306.15
,,,交控科技(688015.SH),3308,119088.00,36,12391.66
,,,沃尔德(688028.SH),1748,116137.12,66.44,16271.90
,,,*ST天宜(688033.SH),2098,61072.78,29.11,11130.65
,,,天准科技(688003.SH),1951,64012.31,32.81,14049.58
,,,西部超导(688122.SH),1689,62070.75,36.75,12079.83
,,,铂力特(688333.SH),1053,59989.41,56.97,9994.04
2020-02-10,1241757.00,413437.05,,,,,
,,,*ST天宜(688033.SH),4197,127169.10,30.3,27261.03
,,,天准科技(688003.SH),1951,66743.71,34.21,16780.98
,,,福光股份(688010.SH),1336,63900.88,47.83,13953.43
,,,新光光电(688011.SH),1374,67298.52,48.98,17307.57
,,,沃尔德(688028.SH),1748,122744.56,70.22,22879.34
,,,西部超导(688122.SH),3379,130159.08,38.52,30147.65
,,,铂力特(688333.SH),2106,124864.74,59.29,24874.01
,,,交控科技(688015.SH),3308,125439.36,37.92,18743.02
2020-02-07,1202349.05,220006.51,,,,,
,,,天准科技(688003.SH),3903,124583.76,31.92,24632.69
,,,*ST天宜(688033.SH),4197,118313.43,28.19,18405.36
,,,福光股份(688010.SH),2673,123358.95,46.15,23426.67
,,,西部超导(688122.SH),3379,122928.02,36.38,22916.59
,,,新光光电(688011.SH),1374,66529.08,48.42,16538.13
,,,交控科技(688015.SH),3308,120278.88,36.36,13582.54
,,,杭可科技(688006.SH),1445,69649.00,48.2,19667.33
,,,沃尔德(688028.SH),1748,117185.92,67.04,17320.70
,,,铂力特(688333.SH),2106,119515.50,56.75,19524.77
2020-02-06,1159551.16,220006.51,,,,,
,,,交控科技(688015.SH),3308,116044.64,35.08,9348.30
,,,西部超导(688122.SH),3379,117149.93,34.67,17138.50
,,,福光股份(688010.SH),2673,113762.88,42.56,13830.60
,,,*ST天宜(688033.SH),4197,114620.07,27.31,14712.00
,,,铂力特(688333.SH),2106,115830.00,55,15839.27
,,,沃尔德(688028.SH),1748,111609.80,63.85,11744.58
,,,杭可科技(688006.SH),1445,68709.75,47.55,18728.08
,,,天准科技(688003.SH),3903,120056.28,30.76,20105.21
,,,新光光电(688011.SH),1374,61761.30,44.95,11770.35
2020-02-05,1133111.73,93663.24,,,,,
,,,沃尔德(688028.SH),1748,109599.60,62.7,9734.38
,,,福光股份(688010.SH),2673,110929.50,41.5,10997.22
,,,西部超导(688122.SH),3379,114784.63,33.97,14773.20
,,,杭可科技(688006.SH),2890,131957.40,45.66,31994.05
,,,交控科技(688015.SH),3308,112141.20,33.9,5444.86
,,,铂力特(688333.SH),2106,112039.20,53.2,12048.47
,,,天准科技(688003.SH),3903,115919.10,29.7,15968.03
,,,新光光电(688011.SH),2749,121780.70,44.3,21762.43
,,,*ST天宜(688033.SH),4197,110297.16,26.28,10389.09
2020-02-04,1059235.75,200359.58,,,,,
,,,福光股份(688010.SH),2673,106171.56,39.72,6239.28
,,,新光光电(688011.SH),2749,108008.21,39.29,7989.94
,,,杭可科技(688006.SH),2890,111843.00,38.7,11879.65
,,,天准科技(688003.SH),3903,108074.07,27.69,8123.00
,,,*ST天宜(688033.SH),4197,105764.40,25.2,5856.33
,,,铂力特(688333.SH),2106,106605.72,50.62,6614.99
,,,西部超导(688122.SH),3379,106742.61,31.59,6731.18
,,,沃尔德(688028.SH),1748,105666.60,60.45,5801.38
2020-02-03,999749.43,900009.27,,,,,
,,,铂力特(688333.SH),2106,99740.16,47.36,-250.57
2020-01-23,1000000.00,1000000.00,,,,,
2020-01-22,1000000.00,1000000.00,,,,,
2020-01-21,1000000.00,1000000.00,,,,,
2020-01-20,1000000.00,1000000.00,,,,,
2020-01-17,1000000.00,1000000.00,,,,,
2020-01-16,1000000.00,1000000.00,,,,,
2020-01-15,1000000.00,1000000.00,,,,,
2020-01-14,1000000.00,1000000.00,,,,,
2020-01-13,1000000.00,1000000.00,,,,,
2020-01-10,1000000.00,1000000.00,,,,,
2020-01-09,1000000.00,1000000.00,,,,,
2020-01-08,1000000.00,1000000.00,,,,,
2020-01-07,1000000.00,1000000.00,,,,,
2020-01-06,1000000.00,1000000.00,,,,,
2020-01-03,1000000.00,1000000.00,,,,,
2020-01-02,1000000.00,1000000.00,,,,,
2019-12-31,1000000.00,1000000.00,,,,,
