日期,时间,代码,名称,操作,成交价,数量,金额,佣金,印花税
2026-07-31,09:31:00,688191.SH,智洋创新,卖出,17.206,-108954,-1874610.23,562.38,1874.61
2026-07-31,09:31:00,688677.SH,海泰新光,买入,63.126,16005,1010331.63,303.10,0.00
2026-07-30,09:31:00,688323.SH,瑞华泰,买入,23.968,83395,1998798.02,599.64,0.00
2026-07-30,09:31:00,688150.SH,莱特光电,买入,35.270,56684,1999267.35,599.78,0.00
2026-07-30,09:31:00,688386.SH,泛亚微透,买入,50.731,17451,885311.22,265.59,0.00
2026-07-30,09:31:00,688312.SH,燕麦科技,卖出,40.778,-24816,-1011953.80,303.59,1011.95
2026-07-29,09:31:00,688639.SH,华恒生物,卖出,16.227,-154441,-2506188.24,751.86,2506.19
2026-07-29,09:31:00,688136.SH,科兴制药,卖出,17.754,-134334,-2385022.26,715.51,2385.02
2026-07-28,09:31:00,688636.SH,智明达,买入,17.735,92050,1632543.57,489.76,0.00
2026-07-27,09:31:00,688286.SH,敏芯股份,卖出,40.080,-40797,-1635130.70,490.54,1635.13
2026-07-22,09:31:00,688191.SH,智洋创新,买入,19.339,108954,2107017.82,632.11,0.00
2026-07-22,09:31:00,688286.SH,敏芯股份,买入,44.088,40797,1798658.14,539.60,0.00
2026-07-21,09:31:00,688191.SH,智洋创新,卖出,18.164,-103752,-1884509.83,565.35,1884.51
2026-07-21,09:31:00,688096.SH,京源环保,卖出,7.585,-267302,-2027432.21,608.23,2027.43
2026-07-21,09:31:00,688383.SH,新益昌,买入,102.174,20191,2062994.02,618.90,0.00
2026-07-21,09:31:00,688693.SH,锴威特,买入,56.373,36605,2063516.09,619.05,0.00
2026-07-21,09:31:00,688450.SH,光格科技,买入,28.447,72573,2064468.16,619.34,0.00
2026-07-21,09:31:00,688175.SH,高凌信息,买入,16.463,125373,2063998.15,619.20,0.00
2026-07-21,09:31:00,688312.SH,燕麦科技,买入,44.589,24816,1106520.62,331.96,0.00
2026-07-20,09:31:00,688282.SH,理工导航,卖出,49.102,-1194,-58627.31,17.59,58.63
2026-07-20,09:31:00,688051.SH,佳华科技,卖出,20.718,-104540,-2165909.90,649.77,2165.91
2026-07-20,09:31:00,688335.SH,复洁科技,卖出,18.792,-114679,-2155086.76,646.53,2155.09
2026-07-20,09:31:00,688450.SH,光格科技,卖出,33.782,-949,-32059.40,9.62,32.06
2026-07-20,09:31:00,688191.SH,智洋创新,买入,20.481,103752,2124932.26,637.48,0.00
2026-07-20,09:31:00,688375.SH,国博电子,卖出,69.730,-13020,-907887.99,272.37,907.89
2026-07-20,09:31:00,688679.SH,通源环境,卖出,27.295,-75751,-2067646.27,620.29,2067.65
2026-07-20,09:31:00,688125.SH,安达智能,卖出,115.489,-17225,-1989290.45,596.79,1989.29
2026-07-17,09:31:00,688248.SH,南网科技,买入,41.533,55146,2290373.30,687.11,0.00
2026-07-17,09:31:00,688191.SH,智洋创新,卖出,22.485,-93199,-2095573.92,628.67,2095.57
2026-07-17,09:31:00,688375.SH,国博电子,买入,77.164,13020,1004675.54,301.40,0.00
2026-07-17,09:31:00,688275.SH,万润新能,卖出,82.844,-395,-32723.37,9.82,32.72
2026-07-16,09:31:00,688717.SH,艾罗能源,卖出,62.405,-35058,-2187792.39,656.34,2187.79
2026-07-16,09:31:00,688261.SH,东微半导,卖出,78.014,-14261,-1112552.81,333.77,1112.55
2026-07-16,09:31:00,688450.SH,光格科技,买入,40.561,949,38492.35,11.55,0.00
2026-07-15,09:31:00,688192.SH,迪哲医药,卖出,62.535,-617,-38583.90,11.58,38.58
2026-07-15,09:31:00,688282.SH,理工导航,买入,54.839,1194,65478.32,19.64,0.00
2026-07-15,09:31:00,688191.SH,智洋创新,买入,24.779,93199,2309420.89,692.83,0.00
2026-07-15,09:31:00,688679.SH,通源环境,买入,30.501,75751,2310472.16,693.14,0.00
2026-07-15,09:31:00,688125.SH,安达智能,买入,134.098,17225,2309832.19,692.95,0.00
2026-07-14,09:31:00,688655.SH,迅捷兴,卖出,34.172,-36506,-1247465.51,374.24,1247.47
2026-07-14,09:31:00,688275.SH,万润新能,买入,89.889,395,35506.32,10.65,0.00
2026-07-14,09:31:00,688191.SH,智洋创新,卖出,25.150,-62121,-1562318.30,468.70,1562.32
2026-07-14,09:31:00,688737.SH,中自科技,卖出,17.116,-127047,-2174498.34,652.35,2174.50
2026-07-14,09:31:00,688125.SH,安达智能,卖出,130.948,-15442,-2022092.53,606.63,2022.09
2026-07-13,09:31:00,688655.SH,迅捷兴,买入,37.805,36506,1380126.12,414.04,0.00
2026-07-13,09:31:00,688679.SH,通源环境,卖出,33.193,-1072,-35583.41,10.68,35.58
2026-07-10,09:31:00,688196.SH,卓越新能,卖出,33.134,-41720,-1382333.79,414.70,1382.33
2026-07-10,09:31:00,688191.SH,智洋创新,买入,27.154,62121,1686846.06,506.05,0.00
2026-07-10,09:31:00,688717.SH,艾罗能源,买入,68.487,35058,2401006.73,720.30,0.00
2026-07-10,09:31:00,688335.SH,复洁科技,买入,20.942,114679,2401584.68,720.48,0.00
2026-07-09,09:31:00,688293.SH,奥浦迈,卖出,40.778,-27219,-1109944.00,332.98,1109.94
2026-07-09,09:31:00,688367.SH,工大高科,卖出,29.421,-76960,-2264243.24,679.27,2264.24
2026-07-09,09:31:00,688433.SH,华曙高科,卖出,74.351,-27253,-2026287.80,607.89,2026.29
2026-07-09,09:31:00,688390.SH,固德威,卖出,81.217,-13536,-1099356.56,329.81,1099.36
2026-07-08,09:31:00,688679.SH,通源环境,买入,36.693,1072,39335.15,11.80,0.00
2026-07-07,09:31:00,688192.SH,迪哲医药,卖出,48.403,-617,-29864.65,8.96,29.86
2026-07-06,09:31:00,688261.SH,东微半导,买入,87.154,14261,1242902.62,372.87,0.00
2026-07-06,09:31:00,688096.SH,京源环保,买入,9.719,267302,2598015.06,779.40,0.00
2026-07-03,09:31:00,688195.SH,腾景科技,卖出,172.754,-13022,-2249599.98,674.88,2249.60
2026-07-03,09:31:00,688593.SH,新相微,卖出,40.030,-39905,-1597388.37,479.22,1597.39
2026-07-03,09:31:00,688390.SH,固德威,买入,92.194,13536,1247938.25,374.38,0.00
2026-07-02,09:31:00,688166.SH,博瑞医药,卖出,32.984,-862,-28432.12,8.53,28.43
2026-07-02,09:31:00,688196.SH,卓越新能,买入,37.074,41720,1546727.28,464.02,0.00
2026-07-02,09:31:00,688293.SH,奥浦迈,卖出,44.880,-27219,-1221590.35,366.48,1221.59
2026-07-01,09:31:00,688593.SH,新相微,卖出,38.822,-39905,-1549199.89,464.76,1549.20
2026-06-30,09:31:00,688367.SH,工大高科,买入,31.944,76960,2458391.77,737.52,0.00
2026-06-30,09:31:00,688433.SH,华曙高科,买入,82.515,27253,2248773.12,674.63,0.00
2026-06-29,09:31:00,688737.SH,中自科技,买入,19.058,127047,2421266.81,726.38,0.00
2026-06-29,09:31:00,688335.SH,复洁科技,卖出,24.950,-95371,-2379506.45,713.85,2379.51
2026-06-29,09:31:00,688125.SH,安达智能,买入,156.753,15442,2420577.97,726.17,0.00
2026-06-29,09:31:00,688136.SH,科兴制药,买入,18.016,134334,2420155.97,726.05,0.00
2026-06-29,09:31:00,688639.SH,华恒生物,买入,15.681,154441,2421835.65,726.55,0.00
2026-06-29,09:31:00,688051.SH,佳华科技,买入,23.046,104540,2409228.84,722.77,0.00
2026-06-29,09:31:00,688658.SH,悦康药业,卖出,12.325,-189464,-2335200.64,700.56,2335.20
2026-06-26,09:31:00,688523.SH,航天环宇,卖出,48.702,-47572,-2316870.57,695.06,2316.87
2026-06-26,09:31:00,688125.SH,安达智能,卖出,161.536,-15760,-2545811.77,763.74,2545.81
2026-06-26,09:31:00,688196.SH,卓越新能,卖出,36.587,-63082,-2307960.95,692.39,2307.96
2026-06-26,09:31:00,688051.SH,佳华科技,卖出,25.140,-92358,-2321845.02,696.55,2321.85
2026-06-26,09:31:00,688280.SH,精进电动,卖出,5.639,-464634,-2619931.74,785.98,2619.93
2026-06-25,09:31:00,688166.SH,博瑞医药,买入,36.573,862,31525.93,9.46,0.00
2026-06-15,09:31:00,688196.SH,卓越新能,买入,40.070,63082,2527694.48,758.31,0.00
2026-06-15,09:31:00,688051.SH,佳华科技,买入,27.375,92358,2528267.00,758.48,0.00
2026-06-15,09:31:00,688192.SH,迪哲医药,买入,38.727,1234,47789.49,14.34,0.00
2026-06-12,09:31:00,688051.SH,佳华科技,卖出,26.387,-92724,-2446719.31,734.02,2446.72
2026-06-12,09:31:00,688377.SH,迪威尔,卖出,25.030,-2829,-70809.42,21.24,70.81
2026-06-12,09:31:00,688523.SH,航天环宇,买入,53.667,47572,2553052.23,765.92,0.00
2026-06-12,09:31:00,688109.SH,品茗科技,卖出,77.265,-33578,-2594409.54,778.32,2594.41
2026-06-12,09:31:00,688593.SH,新相微,买入,29.860,79810,2383094.68,714.93,0.00
2026-06-11,09:31:00,688510.SH,航亚科技,卖出,25.200,-102677,-2587409.06,776.22,2587.41
2026-06-11,09:31:00,688091.SH,上海谊众,卖出,40.918,-57590,-2356467.62,706.94,2356.47
2026-06-11,09:31:00,688195.SH,腾景科技,买入,190.190,13022,2476649.23,742.99,0.00
2026-06-10,09:31:00,688776.SH,国光电气,卖出,60.030,-41008,-2461697.94,738.51,2461.70
2026-06-09,09:31:00,688293.SH,奥浦迈,买入,35.962,54438,1957687.38,587.31,0.00
2026-06-09,09:31:00,688051.SH,佳华科技,买入,28.427,92724,2635841.04,790.75,0.00
2026-06-08,09:31:00,688658.SH,悦康药业,买入,13.707,189464,2597051.26,779.12,0.00
2026-06-08,09:31:00,688419.SH,耐科装备,卖出,44.710,-55163,-2466359.80,739.91,2466.36
2026-06-08,09:31:00,688051.SH,佳华科技,卖出,28.902,-73854,-2134534.22,640.36,2134.53
2026-06-05,09:31:00,688196.SH,卓越新能,卖出,41.617,-62504,-2601203.97,780.36,2601.20
2026-06-04,09:31:00,688091.SH,上海谊众,买入,44.108,57590,2540182.02,762.05,0.00
2026-06-03,09:31:00,688068.SH,热景生物,卖出,80.888,-31454,-2544248.01,763.27,2544.25
2026-06-02,09:31:00,688419.SH,耐科装备,买入,49.098,55163,2708392.97,812.52,0.00
2026-06-02,09:31:00,688051.SH,佳华科技,买入,32.264,73854,2382855.00,714.86,0.00
2026-06-01,09:31:00,688326.SH,经纬恒润,卖出,81.936,-31117,-2549596.29,764.88,2549.60
2026-06-01,09:31:00,688051.SH,佳华科技,卖出,32.026,-79617,-2549799.71,764.94,2549.80
2026-06-01,09:31:00,688776.SH,国光电气,买入,65.651,41008,2692217.85,807.67,0.00
2026-06-01,09:31:00,688377.SH,迪威尔,买入,27.214,2829,76989.31,23.10,0.00
2026-05-29,09:31:00,688759.SH,必贝特,卖出,34.291,-52625,-1804578.61,541.37,1804.58
2026-05-29,09:31:00,688335.SH,复洁科技,买入,28.998,95371,2765556.81,829.67,0.00
2026-05-28,09:31:00,688510.SH,航亚科技,买入,27.164,102677,2789140.62,836.74,0.00
2026-05-28,09:31:00,688051.SH,佳华科技,买入,35.040,79617,2789774.90,836.93,0.00
2026-05-27,09:31:00,688125.SH,安达智能,买入,177.494,15760,2797309.85,839.19,0.00
2026-05-27,09:31:00,688280.SH,精进电动,买入,6.022,464634,2798035.24,839.41,0.00
2026-05-26,09:31:00,688280.SH,精进电动,卖出,6.008,-448322,-2693500.64,808.05,2693.50
2026-05-25,09:31:00,688196.SH,卓越新能,买入,44.980,62504,2811416.17,843.42,0.00
2026-05-25,09:31:00,688109.SH,品茗科技,买入,83.747,33578,2812062.14,843.62,0.00
2026-05-25,09:31:00,688739.SH,成大生物,卖出,22.405,-121453,-2721166.61,816.35,2721.17
2026-05-22,09:31:00,688109.SH,品茗科技,卖出,81.836,-30178,-2469646.81,740.89,2469.65
2026-05-22,09:31:00,688068.SH,热景生物,买入,89.859,31454,2826436.31,847.93,0.00
2026-05-21,09:31:00,688068.SH,热景生物,卖出,83.333,-30939,-2578239.69,773.47,2578.24
2026-05-19,09:31:00,688068.SH,热景生物,买入,93.416,30939,2890211.86,867.06,0.00
2026-05-19,09:31:00,688065.SH,凯赛生物,卖出,44.641,-26213,-1170162.48,351.05,1170.16
2026-05-15,09:31:00,688280.SH,精进电动,买入,6.483,448322,2906444.63,871.93,0.00
2026-05-15,09:31:00,688196.SH,卓越新能,卖出,46.816,-55139,-2581397.35,774.42,2581.40
2026-05-15,09:31:00,688246.SH,嘉和美康,卖出,23.703,-74082,-1755928.60,526.78,1755.93
2026-05-14,09:31:00,688246.SH,嘉和美康,卖出,23.952,-74083,-1774436.02,532.33,1774.44
2026-05-13,09:31:00,688280.SH,精进电动,卖出,6.657,-396653,-2640384.16,792.12,2640.38
2026-05-13,09:31:00,688739.SH,成大生物,买入,24.288,121453,2949908.76,884.97,0.00
2026-05-11,09:31:00,688590.SH,新致软件,卖出,15.948,-205617,-3279188.14,983.76,3279.19
2026-05-11,09:31:00,688365.SH,光云科技,卖出,22.196,-2278,-50561.39,15.17,50.56
2026-05-08,09:31:00,688686.SH,奥普特,卖出,111.666,-31306,-3495822.68,1048.75,3495.82
2026-05-08,09:31:00,688365.SH,光云科技,卖出,23.523,-2278,-53585.08,16.08,53.59
2026-05-07,09:31:00,688066.SH,*ST航图,卖出,12.525,-165308,-2070466.17,621.14,2070.47
2026-05-07,09:31:00,688229.SH,博睿数据,卖出,97.465,-28855,-2812343.34,843.70,2812.34
2026-05-06,09:31:00,688280.SH,精进电动,买入,7.295,396653,2893409.11,868.02,0.00
2026-05-06,09:31:00,688065.SH,凯赛生物,买入,48.617,26213,1274398.47,382.32,0.00
2026-04-30,09:31:00,688326.SH,经纬恒润,买入,90.881,31117,2827956.52,848.39,0.00
2026-04-30,09:31:00,688622.SH,*ST禾信,卖出,69.860,-37682,-2632464.52,789.74,2632.46
2026-04-30,09:31:00,688225.SH,亚信安全,卖出,15.709,-98163,-1541995.45,462.60,1542.00
2026-04-29,09:31:00,688658.SH,悦康药业,卖出,19.062,-148597,-2832526.29,849.76,2832.53
2026-04-29,09:31:00,688759.SH,必贝特,买入,31.062,52625,1634637.75,490.39,0.00
2026-04-28,09:31:00,688196.SH,卓越新能,买入,54.108,55139,2983461.01,895.04,0.00
2026-04-27,09:31:00,688109.SH,品茗科技,买入,97.495,30178,2942192.04,882.66,0.00
2026-04-27,09:31:00,688068.SH,热景生物,卖出,109.780,-13026,-1429994.28,429.00,1429.99
2026-04-24,09:31:00,688656.SH,浩欧博,卖出,139.411,-21448,-2990078.98,897.02,2990.08
2026-04-24,09:31:00,688622.SH,*ST禾信,买入,79.188,37682,2983964.48,895.19,0.00
2026-04-23,09:31:00,688210.SH,统联精密,卖出,47.944,-35181,-1686715.05,506.01,1686.72
2026-04-23,09:31:00,688626.SH,翔宇医疗,卖出,60.030,-48590,-2916843.12,875.05,2916.84
2026-04-23,09:31:00,688228.SH,开普云,卖出,108.682,-14147,-1537527.08,461.26,1537.53
2026-04-15,09:31:00,688225.SH,亚信安全,买入,17.034,98163,1672108.54,501.63,0.00
2026-04-14,09:31:00,688210.SH,统联精密,卖出,47.605,-35181,-1674777.43,502.43,1674.78
2026-04-14,09:31:00,688246.SH,嘉和美康,买入,19.319,148165,2862334.44,858.70,0.00
2026-04-13,09:31:00,688819.SH,天能股份,卖出,33.962,-84416,-2866931.13,860.08,2866.93
2026-04-09,09:31:00,688365.SH,光云科技,买入,18.838,4556,85824.11,25.75,0.00
2026-04-09,09:31:00,688590.SH,新致软件,买入,14.309,205617,2942083.18,882.62,0.00
2026-04-08,09:31:00,688686.SH,奥普特,买入,91.733,31306,2871796.43,861.54,0.00
2026-04-07,09:31:00,688102.SH,斯瑞新材,卖出,34.431,-46214,-1591194.23,477.36,1591.19
2026-04-07,09:31:00,688691.SH,灿芯股份,卖出,88.822,-27931,-2480887.28,744.27,2480.89
2026-04-07,09:31:00,688229.SH,博睿数据,买入,79.168,28855,2284393.22,685.32,0.00
2026-04-07,09:31:00,688622.SH,*ST禾信,卖出,94.810,-19376,-1837038.56,551.11,1837.04
2026-04-07,09:31:00,688066.SH,*ST航图,买入,17.024,165308,2814200.09,844.26,0.00
2026-04-03,09:31:00,688221.SH,前沿生物,卖出,20.599,-153409,-3160029.04,948.01,3160.03
2026-04-03,09:31:00,688336.SH,三生国健,卖出,88.622,-21967,-1946768.26,584.03,1946.77
2026-04-01,09:31:00,688102.SH,斯瑞新材,买入,38.256,46214,1767979.42,530.39,0.00
2026-03-31,09:31:00,688336.SH,三生国健,卖出,80.608,-21968,-1770806.65,531.24,1770.81
2026-03-30,09:31:00,688658.SH,悦康药业,买入,17.625,148597,2619048.87,785.71,0.00
2026-03-27,09:31:00,688699.SH,明微电子,卖出,42.116,-62285,-2623170.15,786.95,2623.17
2026-03-26,09:31:00,688068.SH,热景生物,买入,114.058,13026,1485715.08,445.71,0.00
2026-03-25,09:31:00,688691.SH,灿芯股份,买入,96.192,27931,2686738.75,806.02,0.00
2026-03-25,09:31:00,688656.SH,浩欧博,买入,125.240,21448,2686147.09,805.84,0.00
2026-03-24,09:31:00,688210.SH,统联精密,买入,38.066,70362,2678398.48,803.52,0.00
2026-03-24,09:31:00,688622.SH,*ST禾信,卖出,93.473,-19376,-1811126.65,543.34,1811.13
2026-03-24,09:31:00,688577.SH,浙海德曼,卖出,59.670,-41362,-2468087.91,740.43,2468.09
2026-03-24,09:31:00,688626.SH,翔宇医疗,买入,55.110,48590,2677794.90,803.34,0.00
2026-03-24,09:31:00,688656.SH,浩欧博,卖出,122.634,-21123,-2590403.05,777.12,2590.40
2026-03-24,09:31:00,688228.SH,开普云,买入,103.206,14147,1460055.28,438.02,0.00
2026-03-23,09:31:00,688626.SH,翔宇医疗,卖出,54.890,-45060,-2473343.40,742.00,2473.34
2026-03-23,09:31:00,688260.SH,昀冢科技,卖出,26.806,-95662,-2564342.36,769.30,2564.34
2026-03-20,09:31:00,688626.SH,翔宇医疗,买入,60.621,45060,2731582.26,819.47,0.00
2026-03-19,09:31:00,688622.SH,*ST禾信,买入,70.140,38752,2718065.28,815.42,0.00
2026-03-18,09:31:00,688336.SH,三生国健,买入,62.184,43935,2732059.31,819.62,0.00
2026-03-18,09:31:00,688228.SH,开普云,卖出,112.874,-23827,-2689444.03,806.83,2689.44
2026-03-18,09:31:00,688622.SH,*ST禾信,卖出,67.764,-35940,-2435445.35,730.63,2435.45
2026-03-16,09:31:00,688622.SH,*ST禾信,买入,77.154,35940,2772914.76,831.87,0.00
2026-03-13,09:31:00,688819.SH,天能股份,买入,32.625,84416,2754082.13,826.22,0.00
2026-03-13,09:31:00,688622.SH,*ST禾信,卖出,74.451,-35449,-2639206.41,791.76,2639.21
2026-03-11,09:31:00,688622.SH,*ST禾信,买入,80.912,35449,2868231.76,860.47,0.00
2026-03-10,09:31:00,688622.SH,*ST禾信,卖出,75.838,-33966,-2575914.19,772.77,2575.91
2026-03-10,09:31:00,688577.SH,浙海德曼,买入,67.845,41362,2806222.26,841.87,0.00
2026-03-09,09:31:00,688066.SH,*ST航图,卖出,19.850,-115019,-2283152.45,684.95,2283.15
2026-03-09,09:31:00,688622.SH,*ST禾信,买入,82.164,33966,2790782.42,837.23,0.00
2026-03-05,09:31:00,688066.SH,*ST航图,买入,24.850,115019,2858176.14,857.45,0.00
2026-03-05,09:31:00,688656.SH,浩欧博,买入,135.280,21123,2857519.86,857.26,0.00
2026-03-04,09:31:00,688577.SH,浙海德曼,卖出,67.365,-38725,-2608709.63,782.61,2608.71
2026-03-04,09:31:00,688260.SH,昀冢科技,买入,29.729,95662,2843968.12,853.19,0.00
2026-03-04,09:31:00,688066.SH,*ST航图,卖出,23.543,-114393,-2693133.81,807.94,2693.13
2026-03-04,09:31:00,688699.SH,明微电子,买入,45.671,62285,2844628.20,853.39,0.00
2026-03-04,09:31:00,688670.SH,金迪克,卖出,18.094,-148601,-2688747.86,806.62,2688.75
2026-03-04,09:31:00,688221.SH,前沿生物,买入,18.547,153409,2845279.79,853.58,0.00
2026-02-27,09:31:00,688577.SH,浙海德曼,买入,75.952,38725,2941225.71,882.37,0.00
2026-02-26,09:31:00,688228.SH,开普云,买入,123.466,23827,2941834.87,882.55,0.00
2026-02-26,09:31:00,688066.SH,*ST航图,买入,25.711,114393,2941195.03,882.36,0.00
2026-02-13,09:31:00,688047.SH,龙芯中科,卖出,158.772,-9921,-1575175.23,472.55,1575.18
2026-02-13,09:31:00,688066.SH,*ST航图,卖出,23.683,-116194,-2751769.05,825.53,2751.77
2026-02-12,09:31:00,688228.SH,开普云,卖出,157.684,-17452,-2751901.17,825.57,2751.90
2026-02-09,09:31:00,688117.SH,圣诺生物,卖出,38.792,-70128,-2720423.61,816.13,2720.42
2026-02-09,09:31:00,688622.SH,*ST禾信,卖出,123.972,-15851,-1965073.20,589.52,1965.07
2026-02-06,09:31:00,688128.SH,中国电研,卖出,29.012,-95112,-2759376.03,827.81,2759.38
2026-02-05,09:31:00,688228.SH,开普云,买入,170.340,17452,2972773.68,891.83,0.00
2026-02-04,09:31:00,688066.SH,*ST航图,买入,25.741,116194,2990993.91,897.30,0.00
2026-02-04,09:31:00,688622.SH,*ST禾信,卖出,114.770,-15852,-1819334.04,545.80,1819.33
2026-02-03,09:31:00,688670.SH,金迪克,买入,19.920,148601,2960096.26,888.03,0.00
2026-02-02,09:31:00,688137.SH,近岸蛋白,卖出,43.413,-62246,-2702285.60,810.69,2702.29
2026-02-02,09:31:00,688622.SH,*ST禾信,买入,92.184,31703,2922509.35,876.75,0.00
2026-01-29,09:31:00,688115.SH,思林杰,卖出,45.489,-61943,-2817715.22,845.31,2817.72
2026-01-28,09:31:00,688513.SH,苑东生物,卖出,56.786,-44965,-2553391.48,766.02,2553.39
2026-01-26,09:31:00,688115.SH,思林杰,买入,49.198,61943,3047484.10,914.25,0.00
2026-01-22,09:31:00,688295.SH,中复神鹰,卖出,33.912,-34220,-1160470.01,348.14,1160.47
2026-01-22,09:31:00,688047.SH,龙芯中科,卖出,197.604,-9921,-1960429.28,588.13,1960.43
2026-01-21,09:31:00,688235.SH,百济神州,卖出,286.426,-9644,-2762292.34,828.69,2762.29
2026-01-19,09:31:00,688137.SH,近岸蛋白,买入,47.585,62246,2961974.67,888.59,0.00
2026-01-19,09:31:00,688301.SH,奕瑞科技,卖出,117.105,-25685,-3007850.14,902.36,3007.85
2026-01-14,09:31:00,688051.SH,佳华科技,卖出,41.118,-69628,-2862936.25,858.88,2862.94
2026-01-14,09:31:00,688047.SH,龙芯中科,买入,151.082,19842,2997760.31,899.33,0.00
2026-01-13,09:31:00,688235.SH,百济神州,买入,313.235,9644,3020840.46,906.25,0.00
2026-01-12,09:31:00,688071.SH,华依科技,卖出,34.750,-81538,-2833474.85,850.04,2833.47
2026-01-12,09:31:00,688281.SH,华秦科技,卖出,92.814,-38180,-3543638.52,1063.09,3543.64
2026-01-12,09:31:00,688128.SH,中国电研,买入,31.763,95112,3021080.50,906.32,0.00
2026-01-08,09:31:00,688117.SH,圣诺生物,买入,41.292,70128,2895754.83,868.73,0.00
2026-01-05,09:31:00,688626.SH,翔宇医疗,卖出,69.960,-51294,-3588517.98,1076.56,3588.52
2026-01-05,09:31:00,688225.SH,亚信安全,卖出,19.411,-136455,-2648741.65,794.62,2648.74
2026-01-05,09:31:00,688375.SH,国博电子,卖出,94.810,-36202,-3432311.62,1029.69,3432.31
2025-12-30,09:31:00,688295.SH,中复神鹰,卖出,34.042,-34221,-1164943.75,349.48,1164.94
2025-12-29,09:31:00,688513.SH,苑东生物,买入,61.002,44965,2742944.14,822.88,0.00
2025-12-26,09:31:00,688226.SH,威腾电气,卖出,40.359,-75178,-3034117.92,910.24,3034.12
2025-12-25,09:31:00,688562.SH,航天软件,卖出,20.439,-129281,-2642379.53,792.71,2642.38
2025-12-23,09:31:00,688295.SH,中复神鹰,买入,26.924,68441,1842687.69,552.81,0.00
2025-12-22,09:31:00,688622.SH,*ST禾信,卖出,120.359,-11848,-1426011.06,427.80,1426.01
2025-12-19,09:31:00,688301.SH,奕瑞科技,买入,101.142,25685,2597829.19,779.35,0.00
2025-12-17,09:31:00,688335.SH,复洁科技,卖出,20.329,-115051,-2338901.69,701.67,2338.90
2025-12-16,09:31:00,688335.SH,复洁科技,买入,22.395,115051,2576532.63,772.96,0.00
2025-12-15,09:31:00,688260.SH,昀冢科技,卖出,31.317,-72796,-2279769.80,683.93,2279.77
2025-12-15,09:31:00,688051.SH,佳华科技,买入,36.693,69628,2554876.91,766.46,0.00
2025-12-12,09:31:00,688281.SH,华秦科技,买入,66.052,38180,2521859.25,756.56,0.00
2025-12-12,09:31:00,688071.SH,华依科技,买入,30.922,81538,2521295.21,756.39,0.00
2025-12-11,09:31:00,688375.SH,国博电子,买入,69.739,36202,2524698.52,757.41,0.00
2025-12-10,09:31:00,688382.SH,益方生物,卖出,28.223,-97402,-2749019.50,824.71,2749.02
2025-12-08,09:31:00,688066.SH,*ST航图,卖出,29.122,-97804,-2848212.88,854.46,2848.21
2025-12-08,09:31:00,688496.SH,*ST清越,卖出,6.707,-354471,-2377281.03,713.18,2377.28
2025-12-05,09:31:00,688260.SH,昀冢科技,买入,33.888,72796,2466884.64,740.07,0.00
2025-12-04,09:31:00,688758.SH,赛分科技,卖出,19.451,-113781,-2213156.51,663.95,2213.16
2025-12-03,09:31:00,688225.SH,亚信安全,买入,18.427,136455,2514426.26,754.33,0.00
2025-12-02,09:31:00,688626.SH,翔宇医疗,买入,49.078,51294,2517404.88,755.22,0.00
2025-11-26,09:31:00,688622.SH,*ST禾信,卖出,127.844,-11848,-1514693.34,454.41,1514.69
2025-11-26,09:31:00,688226.SH,威腾电气,买入,33.086,75178,2487342.32,746.20,0.00
2025-11-25,09:31:00,688562.SH,航天软件,买入,18.727,129281,2421094.41,726.33,0.00
2025-11-24,09:31:00,688177.SH,百奥泰,卖出,24.371,-90162,-2197352.53,659.21,2197.35
2025-11-21,09:31:00,688157.SH,松井股份,卖出,29.511,-74277,-2191978.15,657.59,2191.98
2025-11-20,09:31:00,688622.SH,*ST禾信,买入,102.505,23696,2428949.00,728.68,0.00
2025-11-20,09:31:00,688758.SH,赛分科技,买入,21.343,113781,2428382.37,728.51,0.00
2025-11-14,09:31:00,688153.SH,唯捷创芯,卖出,34.211,-69169,-2366371.09,709.91,2366.37
2025-11-13,09:31:00,688189.SH,ST南新,卖出,10.000,-153472,-1534713.86,460.41,1534.71
2025-11-12,09:31:00,688189.SH,ST南新,卖出,9.990,-153472,-1533182.21,459.95,1533.18
2025-11-10,09:31:00,688367.SH,工大高科,卖出,22.954,-113296,-2600596.38,780.18,2600.60
2025-11-10,09:31:00,688382.SH,益方生物,买入,25.040,97402,2438944.13,731.68,0.00
2025-11-07,09:31:00,688066.SH,*ST航图,买入,24.739,97804,2419610.32,725.88,0.00
2025-11-06,09:31:00,688496.SH,*ST清越,买入,6.814,354471,2415223.61,724.57,0.00
2025-11-05,09:31:00,688157.SH,松井股份,买入,32.575,74277,2419574.76,725.87,0.00
2025-11-05,09:31:00,688757.SH,胜科纳米,卖出,28.333,-79030,-2239174.38,671.75,2239.17
2025-11-04,09:31:00,688177.SH,百奥泰,买入,27.074,90162,2441049.59,732.31,0.00
2025-10-29,09:31:00,688757.SH,胜科纳米,买入,30.631,79030,2420778.99,726.23,0.00
2025-10-22,09:31:00,688545.SH,兴福电子,卖出,37.325,-35273,-1316571.78,394.97,1316.57
2025-10-20,09:31:00,688605.SH,先锋精科,卖出,66.018,-18096,-1194656.30,358.40,1194.66
2025-10-15,09:31:00,688153.SH,唯捷创芯,买入,34.669,69169,2398033.89,719.41,0.00
2025-10-14,09:31:00,688605.SH,先锋精科,卖出,82.634,-18097,-1495434.74,448.63,1495.43
2025-10-13,09:31:00,688419.SH,耐科装备,卖出,28.203,-76289,-2151615.29,645.48,2151.62
2025-10-13,09:31:00,688189.SH,ST南新,买入,7.766,306944,2383573.63,715.07,0.00
2025-10-13,09:31:00,688166.SH,博瑞医药,卖出,54.740,-39480,-2161147.04,648.34,2161.15
2025-10-13,09:31:00,688757.SH,胜科纳米,卖出,28.942,-75515,-2185555.13,655.67,2185.56
2025-10-10,09:31:00,688367.SH,工大高科,买入,21.804,113296,2470251.60,741.08,0.00
2025-10-09,09:31:00,688545.SH,兴福电子,卖出,41.876,-35273,-1477094.97,443.13,1477.09
2025-09-30,09:31:00,688166.SH,博瑞医药,买入,61.623,39480,2432876.04,729.86,0.00
2025-09-29,09:31:00,688166.SH,博瑞医药,卖出,58.882,-37170,-2188643.94,656.59,2188.64
2025-09-26,09:31:00,688166.SH,博瑞医药,买入,66.543,37170,2473396.62,742.02,0.00
2025-09-25,09:31:00,688419.SH,耐科装备,买入,32.655,76289,2491231.03,747.37,0.00
2025-09-24,09:31:00,688651.SH,盛邦安全,卖出,35.479,-61717,-2189651.27,656.90,2189.65
2025-09-24,09:31:00,688123.SH,聚辰股份,卖出,123.752,-12954,-1603083.41,480.93,1603.08
2025-09-23,09:31:00,688123.SH,聚辰股份,卖出,112.794,-12955,-1461245.75,438.37,1461.25
2025-09-22,09:31:00,688757.SH,胜科纳米,买入,31.262,75515,2360780.14,708.23,0.00
2025-09-22,09:31:00,688545.SH,兴福电子,买入,33.457,70546,2360242.00,708.07,0.00
2025-09-19,09:31:00,688605.SH,先锋精科,买入,65.240,36193,2361239.28,708.37,0.00
2025-09-15,09:31:00,688123.SH,聚辰股份,买入,91.112,25909,2360617.18,708.19,0.00
2025-09-11,09:31:00,688435.SH,英方软件,卖出,34.501,-65614,-2263739.43,679.12,2263.74
2025-09-05,09:31:00,688047.SH,龙芯中科,卖出,125.459,-17659,-2215473.06,664.64,2215.47
2025-09-04,09:31:00,688651.SH,盛邦安全,买入,38.677,61717,2387040.75,716.11,0.00
2025-08-22,09:31:00,688047.SH,龙芯中科,买入,136.452,17659,2409612.23,722.88,0.00
2025-08-18,09:31:00,688036.SH,传音控股,卖出,81.517,-30972,-2524733.37,757.42,2524.73
2025-08-15,09:31:00,688710.SH,益诺思,卖出,42.914,-60516,-2596983.62,779.10,2596.98
2025-08-12,09:31:00,688435.SH,英方软件,买入,36.874,65614,2419424.39,725.83,0.00
2025-08-07,09:31:00,688273.SH,麦澜德,卖出,35.579,-73320,-2608630.28,782.59,2608.63
2025-08-01,09:31:00,688126.SH,沪硅产业,卖出,18.613,-119952,-2232630.59,669.79,2232.63
2025-08-01,09:31:00,688390.SH,固德威,卖出,41.627,-35334,-1470833.58,441.25,1470.83
2025-07-31,09:31:00,688819.SH,天能股份,卖出,28.194,-81283,-2291652.26,687.50,2291.65
2025-07-25,09:31:00,688369.SH,致远互联,卖出,29.980,-89324,-2677926.37,803.38,2677.93
2025-07-21,09:31:00,688190.SH,云路股份,卖出,90.638,-26181,-2373002.90,711.90,2373.00
2025-07-18,09:31:00,688036.SH,传音控股,买入,75.110,30972,2326304.44,697.89,0.00
2025-07-17,09:31:00,688593.SH,新相微,卖出,15.958,-141127,-2252107.49,675.63,2252.11
2025-07-17,09:31:00,688226.SH,威腾电气,卖出,35.020,-42889,-1501965.06,450.59,1501.97
2025-07-16,09:31:00,688710.SH,益诺思,买入,37.815,60516,2288441.59,686.53,0.00
2025-07-16,09:31:00,688226.SH,威腾电气,卖出,32.415,-42890,-1390281.07,417.08,1390.28
2025-07-11,09:31:00,688100.SH,威胜信息,卖出,35.080,-67172,-2356373.61,706.91,2356.37
2025-07-10,09:31:00,688433.SH,华曙高科,卖出,38.134,-63138,-2407677.97,722.30,2407.68
2025-07-09,09:31:00,688390.SH,固德威,买入,45.441,35334,1605601.69,481.68,0.00
2025-07-08,09:31:00,688273.SH,麦澜德,买入,30.060,73320,2203999.20,661.20,0.00
2025-07-02,09:31:00,688126.SH,沪硅产业,买入,18.667,119952,2239175.17,671.75,0.00
2025-07-01,09:31:00,688226.SH,威腾电气,买入,26.152,85779,2243309.56,672.99,0.00
2025-07-01,09:31:00,688819.SH,天能股份,买入,27.605,81283,2243825.34,673.15,0.00
2025-06-25,09:31:00,688369.SH,致远互联,买入,24.419,89324,2181179.53,654.35,0.00
2025-06-23,09:31:00,688475.SH,萤石网络,卖出,29.561,-68091,-2012821.71,603.85,2012.82
2025-06-20,09:31:00,688190.SH,云路股份,买入,82.465,26181,2159005.69,647.70,0.00
2025-06-20,09:31:00,688520.SH,神州细胞,卖出,45.090,-28880,-1302188.80,390.66,1302.19
2025-06-17,09:31:00,688593.SH,新相微,买入,15.341,141127,2164975.68,649.49,0.00
2025-06-16,09:31:00,688691.SH,灿芯股份,卖出,51.317,-38829,-1992594.01,597.78,1992.59
2025-06-16,09:31:00,688278.SH,特宝生物,卖出,72.535,-27399,-1987376.60,596.21,1987.38
2025-06-16,09:31:00,688009.SH,中国通号,卖出,5.050,-425613,-2149294.58,644.79,2149.29
2025-06-13,09:31:00,688520.SH,神州细胞,卖出,48.453,-28880,-1399319.75,419.80,1399.32
2025-06-11,09:31:00,688100.SH,威胜信息,买入,32.455,67172,2180052.48,654.02,0.00
2025-06-11,09:31:00,688475.SH,萤石网络,买入,32.024,68091,2180540.74,654.16,0.00
2025-06-11,09:31:00,688244.SH,永信至诚,卖出,25.898,-89861,-2327229.16,698.17,2327.23
2025-06-10,09:31:00,688433.SH,华曙高科,买入,34.659,63138,2188311.31,656.49,0.00
2025-06-09,09:31:00,688433.SH,华曙高科,卖出,32.704,-59626,-1950036.13,585.01,1950.04
2025-05-28,09:31:00,688475.SH,萤石网络,卖出,31.667,-64049,-2028210.22,608.46,2028.21
2025-05-28,09:31:00,688278.SH,特宝生物,买入,78.136,27399,2140847.17,642.25,0.00
2025-05-28,09:31:00,688073.SH,毕得医药,卖出,41.906,-27569,-1155307.07,346.59,1155.31
2025-05-22,09:31:00,688255.SH,凯尔达,卖出,34.361,-16694,-573624.87,172.09,573.62
2025-05-22,09:31:00,688433.SH,华曙高科,买入,36.683,59626,2187273.68,656.18,0.00
2025-05-22,09:31:00,688316.SH,青云科技,卖出,52.385,-38524,-2018080.51,605.42,2018.08
2025-05-21,09:31:00,688520.SH,神州细胞,买入,38.126,57760,2202163.54,660.65,0.00
2025-05-19,09:31:00,688691.SH,灿芯股份,买入,56.393,38829,2189666.71,656.90,0.00
2025-05-19,09:31:00,688244.SH,永信至诚,买入,36.072,60717,2190183.62,657.06,0.00
2025-05-19,09:31:00,688365.SH,光云科技,卖出,12.874,-94402,-1215350.23,364.61,1215.35
2025-05-16,09:31:00,688244.SH,永信至诚,卖出,36.896,-54636,-2015853.13,604.76,2015.85
2025-05-15,09:31:00,688009.SH,中国通号,买入,5.230,425613,2226143.26,667.84,0.00
2025-05-12,09:31:00,688475.SH,萤石网络,买入,34.399,64049,2203199.77,660.96,0.00
2025-05-12,09:31:00,688787.SH,海天瑞声,卖出,95.808,-203,-19449.02,5.83,19.45
2025-05-08,09:31:00,688503.SH,聚和材料,卖出,32.964,-57727,-1902909.36,570.87,1902.91
2025-05-08,09:31:00,688244.SH,永信至诚,买入,40.741,54636,2225942.76,667.78,0.00
2025-05-08,09:31:00,688023.SH,安恒信息,卖出,48.213,-40459,-1950665.14,585.20,1950.67
2025-05-08,09:31:00,688435.SH,英方软件,卖出,31.237,-63629,-1987604.52,596.28,1987.60
2025-05-08,09:31:00,688400.SH,凌云光,卖出,28.443,-38001,-1080862.44,324.26,1080.86
2025-05-07,09:31:00,688316.SH,青云科技,买入,58.777,38524,2264337.48,679.30,0.00
2025-05-07,09:31:00,688255.SH,凯尔达,卖出,38.722,-16694,-646431.75,193.93,646.43
2025-05-07,09:31:00,688205.SH,德科立,卖出,64.730,-19068,-1234276.98,370.28,1234.28
2025-05-07,09:31:00,688183.SH,生益电子,卖出,29.730,-80223,-2385063.48,715.52,2385.06
2025-05-06,09:31:00,688205.SH,德科立,卖出,60.179,-19069,-1147560.98,344.27,1147.56
2025-05-06,09:31:00,688800.SH,瑞可达,卖出,50.399,-23024,-1160386.58,348.12,1160.39
2025-05-06,09:31:00,688678.SH,福立旺,卖出,21.856,-53130,-1161219.91,348.37,1161.22
2025-05-06,09:31:00,688090.SH,瑞松科技,卖出,41.407,-28912,-1197159.76,359.15,1197.16
2025-05-06,09:31:00,688400.SH,凌云光,卖出,28.443,-38001,-1080862.44,324.26,1080.86
2025-04-30,09:31:00,688320.SH,禾川科技,卖出,43.682,-28135,-1229006.01,368.70,1229.01
2025-04-29,09:31:00,688800.SH,瑞可达,卖出,50.080,-23024,-1153033.63,345.91,1153.03
2025-04-28,09:31:00,688073.SH,毕得医药,买入,41.082,27569,1132589.66,339.78,0.00
2025-04-25,09:31:00,688320.SH,禾川科技,卖出,40.319,-28136,-1134421.01,340.33,1134.42
2025-04-22,09:31:00,688255.SH,凯尔达,买入,30.571,33388,1020705.22,306.21,0.00
2025-04-21,09:31:00,688073.SH,毕得医药,卖出,37.824,-27029,-1022350.30,306.71,1022.35
2025-04-17,09:31:00,688365.SH,光云科技,买入,11.523,94402,1087794.25,326.34,0.00
2025-04-16,09:31:00,688090.SH,瑞松科技,卖出,37.684,-28912,-1089533.69,326.86,1089.53
2025-04-15,09:31:00,688073.SH,毕得医药,买入,41.132,27029,1111759.53,333.53,0.00
2025-04-14,09:31:00,688678.SH,福立旺,卖出,20.958,-53131,-1113519.50,334.06,1113.52
2025-04-10,09:31:00,688787.SH,海天瑞声,买入,82.465,203,16740.31,5.02,0.00
2025-04-09,09:31:00,688090.SH,瑞松科技,买入,29.860,57824,1726601.51,517.98,0.00
2025-04-09,09:31:00,688678.SH,福立旺,买入,16.252,106261,1727000.53,518.10,0.00
2025-04-08,09:31:00,688400.SH,凌云光,买入,22.755,76002,1729457.43,518.84,0.00
2025-04-08,09:31:00,688435.SH,英方软件,买入,27.174,63629,1729069.72,518.72,0.00
2025-04-08,09:31:00,688503.SH,聚和材料,买入,29.980,57727,1730646.22,519.19,0.00
2025-04-08,09:31:00,688023.SH,安恒信息,买入,42.785,40459,1731054.50,519.32,0.00
2025-04-08,09:31:00,688205.SH,德科立,买入,45.411,38137,1731825.58,519.55,0.00
2025-04-08,09:31:00,688320.SH,禾川科技,买入,30.741,56271,1729847.07,518.95,0.00
2025-04-08,09:31:00,688800.SH,瑞可达,买入,37.575,46048,1730253.60,519.08,0.00
2025-04-08,09:31:00,688737.SH,中自科技,卖出,15.150,-92728,-1404795.82,421.44,1404.80
2025-04-08,09:31:00,688183.SH,生益电子,买入,21.583,80223,1731459.43,519.44,0.00
2025-04-07,09:31:00,688130.SH,晶华微,卖出,24.531,-64178,-1574340.25,472.30,1574.34
2025-04-03,09:31:00,688800.SH,瑞可达,卖出,47.405,-36621,-1736018.51,520.81,1736.02
2025-04-03,09:31:00,688205.SH,德科立,卖出,58.014,-29081,-1687097.57,506.13,1687.10
2025-03-28,09:31:00,688130.SH,晶华微,买入,28.256,64178,1813439.24,544.03,0.00
2025-03-26,09:31:00,688130.SH,晶华微,卖出,26.976,-65837,-1776014.96,532.80,1776.01
2025-03-26,09:31:00,688656.SH,浩欧博,卖出,86.606,-21588,-1869659.83,560.90,1869.66
2025-03-25,09:31:00,688695.SH,中创股份,卖出,30.539,-54638,-1668578.95,500.57,1668.58
2025-03-25,09:31:00,688737.SH,中自科技,买入,19.739,92728,1830395.08,549.12,0.00
2025-03-24,09:31:00,688205.SH,德科立,买入,63.116,29081,1835475.81,550.64,0.00
2025-03-21,09:31:00,688205.SH,德科立,卖出,63.074,-28080,-1771106.69,531.33,1771.11
2025-03-18,09:31:00,688205.SH,德科立,买入,68.076,28080,1911570.71,573.47,0.00
2025-03-17,09:31:00,688162.SH,巨一科技,卖出,27.874,-68116,-1898674.92,569.60,1898.67
2025-03-17,09:31:00,688084.SH,晶品特装,卖出,71.507,-13740,-982502.06,294.75,982.50
2025-03-14,09:31:00,688205.SH,德科立,卖出,65.868,-25085,-1652298.78,495.69,1652.30
2025-03-12,09:31:00,688091.SH,上海谊众,卖出,42.914,-48098,-2064077.57,619.22,2064.08
2025-03-12,09:31:00,688084.SH,晶品特装,卖出,80.838,-13741,-1110794.96,333.24,1110.79
2025-03-04,09:31:00,688800.SH,瑞可达,买入,49.258,36621,1803888.94,541.17,0.00
2025-03-03,09:31:00,688205.SH,德科立,买入,71.753,25085,1799929.52,539.98,0.00
2025-03-03,09:31:00,688695.SH,中创股份,买入,32.936,54638,1799542.96,539.86,0.00
2025-02-24,09:31:00,688130.SH,晶华微,买入,27.264,65837,1795007.62,538.50,0.00
2025-02-24,09:31:00,688375.SH,国博电子,卖出,49.900,-35256,-1759274.40,527.78,1759.27
2025-02-24,09:31:00,688656.SH,浩欧博,买入,83.166,21588,1795387.61,538.62,0.00
2025-02-20,09:31:00,688661.SH,和林微纳,卖出,48.702,-23873,-1162672.40,348.80,1162.67
2025-02-17,09:31:00,688776.SH,国光电气,卖出,51.896,-19286,-1000866.26,300.26,1000.87
2025-02-14,09:31:00,688162.SH,巨一科技,买入,25.741,68116,1753399.84,526.02,0.00
2025-02-14,09:31:00,688084.SH,晶品特装,买入,63.817,27481,1753765.42,526.13,0.00
2025-02-13,09:31:00,688661.SH,和林微纳,卖出,44.710,-23873,-1067371.38,320.21,1067.37
2025-02-10,09:31:00,688416.SH,恒烁股份,卖出,45.908,-24156,-1108953.65,332.69,1108.95
2025-02-10,09:31:00,688218.SH,江苏北人,卖出,23.653,-3091,-73110.19,21.93,73.11
2025-02-10,09:31:00,688091.SH,上海谊众,买入,36.072,48098,1734991.06,520.50,0.00
2025-02-07,09:31:00,688090.SH,瑞松科技,卖出,43.872,-23433,-1028054.45,308.42,1028.05
2025-02-06,09:31:00,688031.SH,星环科技,卖出,48.902,-18968,-927573.14,278.27,927.57
2025-02-06,09:31:00,688090.SH,瑞松科技,卖出,40.848,-23433,-957194.46,287.16,957.19
2025-02-06,09:31:00,688416.SH,恒烁股份,卖出,40.838,-24156,-986486.59,295.95,986.49
2025-02-06,09:31:00,688661.SH,和林微纳,买入,35.230,47746,1682106.86,504.63,0.00
2025-02-05,09:31:00,688530.SH,欧莱新材,卖出,17.764,-91087,-1618105.90,485.43,1618.11
2025-02-05,09:31:00,688693.SH,锴威特,卖出,30.938,-50719,-1569144.42,470.74,1569.14
2025-02-05,09:31:00,688031.SH,星环科技,卖出,52.605,-18968,-997803.67,299.34,997.80
2025-02-05,09:31:00,688084.SH,晶品特装,卖出,50.898,-30489,-1551829.12,465.55,1551.83
2025-02-05,09:31:00,688266.SH,泽璟制药,卖出,66.207,-25052,-1658625.78,497.59,1658.63
2025-01-23,09:31:00,688375.SH,国博电子,买入,45.561,35256,1606296.50,481.89,0.00
2025-01-23,09:31:00,688053.SH,ST思科瑞,卖出,23.403,-59853,-1400745.74,420.22,1400.75
2025-01-22,09:31:00,688071.SH,华依科技,卖出,32.734,-32463,-1062656.83,318.80,1062.66
2025-01-22,09:31:00,688303.SH,大全能源,卖出,20.449,-57059,-1166800.63,350.04,1166.80
2025-01-16,09:31:00,688776.SH,国光电气,买入,48.637,19286,938014.72,281.40,0.00
2025-01-15,09:31:00,688071.SH,华依科技,卖出,28.942,-32463,-939544.15,281.86,939.54
2025-01-15,09:31:00,688303.SH,大全能源,买入,22.244,57059,1269243.22,380.77,0.00
2025-01-14,09:31:00,688416.SH,恒烁股份,买入,32.555,48312,1572796.19,471.84,0.00
2025-01-13,09:31:00,688416.SH,恒烁股份,卖出,31.387,-45158,-1417378.66,425.21,1417.38
2025-01-13,09:31:00,688100.SH,威胜信息,卖出,32.944,-43383,-1429208.68,428.76,1429.21
2025-01-09,09:31:00,688218.SH,江苏北人,买入,19.960,3091,61695.87,18.51,0.00
2025-01-07,09:31:00,688053.SH,ST思科瑞,买入,25.331,59853,1516110.01,454.83,0.00
2025-01-07,09:31:00,688090.SH,瑞松科技,买入,32.365,46866,1516799.34,455.04,0.00
2025-01-07,09:31:00,688071.SH,华依科技,买入,23.357,64926,1516451.91,454.94,0.00
2025-01-06,09:31:00,688530.SH,欧莱新材,买入,16.894,91087,1538798.27,461.64,0.00
2025-01-06,09:31:00,688071.SH,华依科技,卖出,23.164,-62381,-1444967.28,433.49,1444.97
2025-01-06,09:31:00,688090.SH,瑞松科技,卖出,32.804,-43810,-1437154.63,431.15,1437.15
2025-01-06,09:31:00,688031.SH,星环科技,买入,40.581,37936,1539480.82,461.84,0.00
2025-01-06,09:31:00,688693.SH,锴威特,买入,30.361,50719,1539859.27,461.96,0.00
2025-01-06,09:31:00,688416.SH,恒烁股份,买入,34.068,45158,1538442.74,461.53,0.00
2025-01-06,09:31:00,688084.SH,晶品特装,买入,50.481,30489,1539107.89,461.73,0.00
2025-01-03,09:31:00,688071.SH,华依科技,买入,24.990,62381,1558893.70,467.67,0.00
2025-01-02,09:31:00,688100.SH,威胜信息,买入,36.172,43383,1569258.55,470.78,0.00
2025-01-02,09:31:00,688530.SH,欧莱新材,卖出,18.363,-77835,-1429299.67,428.79,1429.30
2025-01-02,09:31:00,688266.SH,泽璟制药,买入,62.625,25052,1568881.50,470.66,0.00
2024-12-30,09:31:00,688530.SH,欧莱新材,买入,20.491,77835,1594909.20,478.47,0.00
2024-12-27,09:31:00,688090.SH,瑞松科技,买入,36.252,43810,1588215.89,476.46,0.00
2024-12-26,09:31:00,688090.SH,瑞松科技,卖出,35.489,-40358,-1432260.22,429.68,1432.26
2024-12-19,09:31:00,688090.SH,瑞松科技,买入,39.789,40358,1605821.41,481.75,0.00
2024-12-18,09:31:00,688090.SH,瑞松科技,卖出,40.619,-36869,-1497567.16,449.27,1497.57
2024-12-13,09:31:00,688090.SH,瑞松科技,买入,43.888,36869,1618091.92,485.43,0.00
2024-12-12,09:31:00,688090.SH,瑞松科技,卖出,43.463,-34150,-1484258.03,445.28,1484.26
2024-12-10,09:31:00,688090.SH,瑞松科技,买入,47.825,34150,1633239.46,489.97,0.00
2024-12-04,09:31:00,688618.SH,三旺通信,卖出,23.443,-19179,-449613.68,134.88,449.61
2024-12-02,09:31:00,688356.SH,键凯科技,卖出,58.393,-25865,-1510334.43,453.10,1510.33
2024-12-02,09:31:00,688551.SH,科威尔,卖出,30.728,-47236,-1451487.65,435.45,1451.49
2024-11-14,09:31:00,688022.SH,ST瀚川,卖出,13.992,-58385,-816920.58,245.08,816.92
2024-11-13,09:31:00,688268.SH,华特气体,卖出,57.405,-24770,-1421920.86,426.58,1421.92
2024-11-13,09:31:00,688488.SH,艾迪药业,卖出,10.160,-145042,-1473574.50,442.07,1473.57
2024-11-13,09:31:00,688127.SH,蓝特光学,卖出,25.160,-32545,-818818.53,245.65,818.82
2024-11-13,09:31:00,688686.SH,奥普特,卖出,68.802,-11370,-782280.10,234.68,782.28
2024-11-12,09:31:00,688022.SH,ST瀚川,卖出,13.673,-58385,-798274.75,239.48,798.27
2024-11-12,09:31:00,688238.SH,和元生物,卖出,6.737,-130549,-879443.34,263.83,879.44
2024-11-12,09:31:00,688686.SH,奥普特,卖出,70.239,-11371,-798690.40,239.61,798.69
2024-11-12,09:31:00,688652.SH,京仪装备,卖出,63.882,-14151,-903993.90,271.20,903.99
2024-11-12,09:31:00,688499.SH,利元亨,卖出,29.651,-59028,-1750214.44,525.06,1750.21
2024-11-11,09:31:00,688238.SH,和元生物,卖出,6.257,-130550,-816911.40,245.07,816.91
2024-11-11,09:31:00,688150.SH,莱特光电,卖出,24.451,-35593,-870284.44,261.09,870.28
2024-11-06,09:31:00,688652.SH,京仪装备,卖出,57.654,-14152,-815925.92,244.78,815.93
2024-11-04,09:31:00,688618.SH,三旺通信,买入,21.814,19179,418361.88,125.51,0.00
2024-11-01,09:31:00,688356.SH,键凯科技,买入,56.112,25865,1451336.88,435.40,0.00
2024-10-31,09:31:00,688551.SH,科威尔,买入,29.779,47236,1406661.63,422.00,0.00
2024-10-31,09:31:00,688150.SH,莱特光电,卖出,22.864,-35593,-813804.76,244.14,813.80
2024-10-28,09:31:00,688720.SH,艾森股份,卖出,49.601,-17169,-851592.70,255.48,851.59
2024-10-25,09:31:00,688127.SH,蓝特光学,卖出,24.261,-32545,-789586.61,236.88,789.59
2024-10-25,09:31:00,688720.SH,艾森股份,卖出,48.144,-17170,-826624.24,247.99,826.62
2024-10-15,09:31:00,688022.SH,ST瀚川,买入,10.771,116770,1257788.05,377.34,0.00
2024-10-15,09:31:00,688238.SH,和元生物,买入,4.960,261099,1295024.93,388.51,0.00
2024-10-14,09:31:00,688720.SH,艾森股份,买入,37.024,34339,1271363.70,381.41,0.00
2024-10-14,09:31:00,688652.SH,京仪装备,买入,44.930,28303,1271644.73,381.49,0.00
2024-10-14,09:31:00,688268.SH,华特气体,买入,51.302,24770,1270760.45,381.23,0.00
2024-10-14,09:31:00,688488.SH,艾迪药业,买入,8.757,145042,1270202.41,381.06,0.00
2024-10-14,09:31:00,688127.SH,蓝特光学,买入,19.519,65090,1270489.11,381.15,0.00
2024-10-14,09:31:00,688686.SH,奥普特,买入,55.932,22741,1271941.43,381.58,0.00
2024-10-14,09:31:00,688499.SH,利元亨,买入,21.553,59028,1272231.66,381.67,0.00
2024-10-14,09:31:00,688150.SH,莱特光电,买入,17.856,71186,1271071.59,381.32,0.00
2024-10-08,09:31:00,688276.SH,百克生物,卖出,35.968,-19264,-692886.01,207.87,692.89
2024-10-08,09:31:00,688220.SH,翱捷科技,卖出,47.315,-1910,-90371.99,27.11,90.37
2024-10-08,09:31:00,688521.SH,芯原股份,卖出,43.094,-16578,-714406.36,214.32,714.41
2024-10-08,09:31:00,688728.SH,格科微,卖出,17.645,-77269,-1363383.69,409.02,1363.38
2024-10-08,09:31:00,688536.SH,思瑞浦,卖出,120.908,-11851,-1432877.15,429.86,1432.88
2024-10-08,09:31:00,688469.SH,芯联集成,卖出,5.070,-76920,-389972.09,116.99,389.97
2024-10-08,09:31:00,688409.SH,富创精密,卖出,55.329,-13060,-722598.31,216.78,722.60
2024-10-08,09:31:00,688052.SH,纳芯微,卖出,142.275,-4701,-668834.21,200.65,668.83
2024-10-08,09:31:00,688009.SH,中国通号,卖出,7.535,-163286,-1230343.68,369.10,1230.34
2024-10-08,09:31:00,688041.SH,海光信息,卖出,123.692,-10341,-1279100.21,383.73,1279.10
2024-09-30,09:31:00,688521.SH,芯原股份,卖出,32.415,-16578,-537376.53,161.21,537.38
2024-09-30,09:31:00,688331.SH,荣昌生物,卖出,33.932,-35781,-1214120.89,364.24,1214.12
2024-09-30,09:31:00,688111.SH,金山办公,卖出,240.518,-3496,-840850.93,252.26,840.85
2024-09-30,09:31:00,688276.SH,百克生物,卖出,27.794,-19265,-535457.19,160.64,535.46
2024-09-30,09:31:00,688052.SH,纳芯微,卖出,104.790,-4701,-492617.79,147.79,492.62
2024-09-30,09:31:00,688409.SH,富创精密,卖出,41.167,-13061,-537688.72,161.31,537.69
2024-09-27,09:31:00,688041.SH,海光信息,买入,82.164,10341,849657.92,254.90,0.00
2024-09-26,09:31:00,688266.SH,泽璟制药,卖出,54.700,-15558,-851028.51,255.31,851.03
2024-09-25,09:31:00,688728.SH,格科微,买入,10.942,77269,845465.03,253.64,0.00
2024-09-24,09:31:00,688331.SH,荣昌生物,买入,22.886,35781,818872.52,245.66,0.00
2024-09-24,09:31:00,688630.SH,芯碁微装,卖出,48.692,-17391,-846809.88,254.04,846.81
2024-09-24,09:31:00,688276.SH,百克生物,买入,21.773,38529,838909.64,251.67,0.00
2024-09-23,09:31:00,688396.SH,华润微,卖出,34.211,-26243,-897810.82,269.34,897.81
2024-09-23,09:31:00,688409.SH,富创精密,买入,32.345,26121,844872.25,253.46,0.00
2024-09-23,09:31:00,688676.SH,金盘科技,卖出,28.942,-26350,-762621.70,228.79,762.62
2024-09-23,09:31:00,688220.SH,翱捷科技,买入,29.359,1910,56074.93,16.82,0.00
2024-09-20,09:31:00,688561.SH,奇安信,卖出,21.537,-461,-9928.48,5.00,9.93
2024-09-20,09:31:00,688009.SH,中国通号,买入,4.870,163286,795157.10,238.55,0.00
2024-09-20,09:31:00,688088.SH,虹软科技,卖出,24.172,-36923,-892486.51,267.75,892.49
2024-09-20,09:31:00,688536.SH,思瑞浦,买入,72.745,11851,862103.37,258.63,0.00
2024-09-19,09:31:00,688009.SH,中国通号,卖出,4.731,-179599,-849596.66,254.88,849.60
2024-09-19,09:31:00,688200.SH,华峰测控,卖出,77.535,-10451,-810314.31,243.09,810.31
2024-09-19,09:31:00,688521.SH,芯原股份,买入,25.200,33156,835541.15,250.66,0.00
2024-09-18,09:31:00,688052.SH,纳芯微,买入,84.348,9402,793043.28,237.91,0.00
2024-09-18,09:31:00,688981.SH,中芯国际,卖出,42.595,-19647,-836856.89,251.06,836.86
2024-09-13,09:31:00,688443.SH,智翔金泰,卖出,22.804,-34833,-794342.18,238.30,794.34
2024-09-12,09:31:00,688676.SH,金盘科技,买入,31.463,26350,829044.78,248.71,0.00
2024-09-11,09:31:00,688321.SH,微芯生物,卖出,15.669,-52996,-830373.13,249.11,830.37
2024-09-06,09:31:00,688630.SH,芯碁微装,买入,52.785,17391,917990.20,275.40,0.00
2024-09-06,09:31:00,688469.SH,芯联集成,买入,3.547,76920,272841.39,81.85,0.00
2024-09-06,09:31:00,688009.SH,中国通号,买入,5.110,179599,917786.81,275.34,0.00
2024-09-06,09:31:00,688266.SH,泽璟制药,买入,58.978,15558,917575.37,275.27,0.00
2024-09-05,09:31:00,688789.SH,宏华数科,卖出,62.884,-16873,-1061041.39,318.31,1061.04
2024-09-05,09:31:00,688388.SH,嘉元科技,卖出,8.942,-107236,-958912.89,287.67,958.91
2024-09-05,09:31:00,688707.SH,振华新材,卖出,9.022,-112063,-1011023.42,303.31,1011.02
2024-09-04,09:31:00,688981.SH,中芯国际,买入,45.882,19647,901435.40,270.43,0.00
2024-09-04,09:31:00,688111.SH,金山办公,买入,172.144,3496,601814.03,180.54,0.00
2024-09-03,09:31:00,688639.SH,华恒生物,卖出,29.501,-25925,-764810.31,229.44,764.81
2024-09-03,09:31:00,688153.SH,唯捷创芯,卖出,27.914,-26542,-740894.98,222.27,740.89
2024-08-29,09:31:00,688639.SH,华恒生物,买入,32.044,25925,830739.66,249.22,0.00
2024-08-28,09:31:00,688590.SH,新致软件,卖出,9.780,-85074,-832057.75,249.62,832.06
2024-08-27,09:31:00,688200.SH,华峰测控,买入,84.168,10451,879639.77,263.89,0.00
2024-08-26,09:31:00,688114.SH,华大智造,卖出,39.730,-22176,-881060.91,264.32,881.06
2024-08-22,09:31:00,688396.SH,华润微,买入,34.569,26243,907194.27,272.16,0.00
2024-08-22,09:31:00,688153.SH,唯捷创芯,买入,30.561,26542,811150.06,243.35,0.00
2024-08-21,09:31:00,688639.SH,华恒生物,卖出,34.132,-25198,-860048.06,258.01,860.05
2024-08-21,09:31:00,688693.SH,锴威特,卖出,25.200,-34170,-861066.92,258.32,861.07
2024-08-21,09:31:00,688590.SH,新致软件,买入,10.621,85074,903587.97,271.08,0.00
2024-08-21,09:31:00,688443.SH,智翔金泰,买入,25.952,34833,903979.05,271.19,0.00
2024-08-21,09:31:00,688561.SH,奇安信,买入,21.974,461,10129.95,5.00,0.00
2024-08-21,09:31:00,688321.SH,微芯生物,买入,17.054,52996,903795.90,271.14,0.00
2024-08-21,09:31:00,688088.SH,虹软科技,买入,24.489,36923,904202.92,271.26,0.00
2024-08-20,09:31:00,688682.SH,霍莱沃,卖出,29.221,-30634,-895169.59,268.55,895.17
2024-08-19,09:31:00,688139.SH,海尔生物,卖出,29.391,-30901,-908214.38,272.46,908.21
2024-08-19,09:31:00,688111.SH,金山办公,卖出,188.742,-2961,-558864.35,167.66,558.86
2024-08-16,09:31:00,688639.SH,华恒生物,买入,37.154,25198,936210.52,280.86,0.00
2024-08-16,09:31:00,688693.SH,锴威特,买入,27.405,34170,936418.60,280.93,0.00
2024-08-15,09:31:00,688639.SH,华恒生物,卖出,37.874,-22472,-851106.78,255.33,851.11
2024-08-13,09:31:00,688568.SH,中科星图,卖出,29.541,-30961,-914612.71,274.38,914.61
2024-08-12,09:31:00,688331.SH,荣昌生物,卖出,26.457,-32573,-861783.21,258.53,861.78
2024-08-09,09:31:00,688682.SH,霍莱沃,买入,31.824,30634,974881.71,292.46,0.00
2024-08-08,09:31:00,688627.SH,精智达,卖出,43.473,-9848,-428120.92,128.44,428.12
2024-08-08,09:31:00,688066.SH,*ST航图,卖出,17.026,-33764,-574861.81,172.46,574.86
2024-08-06,09:31:00,688789.SH,宏华数科,买入,57.976,16873,978224.32,293.47,0.00
2024-08-06,09:31:00,688707.SH,振华新材,买入,8.727,112063,978020.87,293.41,0.00
2024-08-06,09:31:00,688388.SH,嘉元科技,买入,9.118,107236,977799.30,293.34,0.00
2024-08-05,09:31:00,688152.SH,麒麟信安,卖出,34.501,-11390,-392964.80,117.89,392.96
2024-08-05,09:31:00,688139.SH,海尔生物,买入,31.803,30901,982759.34,294.83,0.00
2024-08-02,09:31:00,688107.SH,安路科技,卖出,23.233,-45350,-1053636.50,316.09,1053.64
2024-08-02,09:31:00,688066.SH,*ST航图,卖出,17.635,-33764,-595416.66,178.62,595.42
2024-08-01,09:31:00,688627.SH,精智达,卖出,48.403,-9849,-476721.15,143.02,476.72
2024-08-01,09:31:00,688568.SH,中科星图,买入,31.924,30961,988390.29,296.52,0.00
2024-07-25,09:31:00,688685.SH,迈信林,卖出,22.056,-45753,-1009119.02,302.74,1009.12
2024-07-25,09:31:00,688598.SH,金博股份,卖出,15.449,-53677,-829258.12,248.78,829.26
2024-07-25,09:31:00,688639.SH,华恒生物,买入,41.192,22472,925671.57,277.70,0.00
2024-07-25,09:31:00,688177.SH,百奥泰,卖出,19.661,-43698,-859128.90,257.74,859.13
2024-07-25,09:31:00,688114.SH,华大智造,买入,41.733,22176,925477.66,277.64,0.00
2024-07-24,09:31:00,688653.SH,康希通信,卖出,12.774,-46753,-597241.52,179.17,597.24
2024-07-24,09:31:00,688603.SH,天承科技,卖出,46.906,-16705,-783564.73,235.07,783.56
2024-07-22,09:31:00,688717.SH,艾罗能源,卖出,70.918,-9320,-660954.64,198.29,660.95
2024-07-22,09:31:00,688603.SH,天承科技,买入,50.972,16705,851482.92,255.44,0.00
2024-07-19,09:31:00,688416.SH,恒烁股份,卖出,28.094,-30351,-852671.89,255.80,852.67
2024-07-18,09:31:00,688111.SH,金山办公,买入,195.290,2961,578253.10,173.48,0.00
2024-07-17,09:31:00,688717.SH,艾罗能源,卖出,62.155,-9321,-579350.86,173.81,579.35
2024-07-11,09:31:00,688331.SH,荣昌生物,买入,26.052,32573,848591.80,254.58,0.00
2024-07-10,09:31:00,688488.SH,艾迪药业,卖出,9.411,-90314,-849957.70,254.99,849.96
2024-07-09,09:31:00,688066.SH,*ST航图,买入,13.427,67528,906684.95,272.01,0.00
2024-07-09,09:31:00,688717.SH,艾罗能源,买入,48.627,18641,906457.03,271.94,0.00
2024-07-09,09:31:00,688627.SH,精智达,买入,38.196,19697,752351.34,225.71,0.00
2024-07-09,09:31:00,688598.SH,金博股份,买入,16.884,53677,906266.36,271.88,0.00
2024-07-08,09:31:00,688655.SH,迅捷兴,卖出,8.952,-99461,-890380.84,267.11,890.38
2024-07-08,09:31:00,688177.SH,百奥泰,买入,21.242,43698,928250.40,278.48,0.00
2024-07-08,09:31:00,688095.SH,福昕软件,卖出,40.968,-451,-18476.52,5.54,18.48
2024-07-08,09:31:00,688488.SH,艾迪药业,买入,10.281,90314,928474.88,278.54,0.00
2024-07-05,09:31:00,688152.SH,麒麟信安,买入,33.547,11390,382099.87,114.63,0.00
2024-07-05,09:31:00,688383.SH,新益昌,卖出,46.786,-19123,-894693.27,268.41,894.69
2024-07-05,09:31:00,688603.SH,天承科技,卖出,45.259,-10183,-460875.45,138.26,460.88
2024-07-05,09:31:00,688488.SH,艾迪药业,卖出,9.192,-89430,-822003.00,246.60,822.00
2024-07-05,09:31:00,688201.SH,ST信安,卖出,10.878,-84761,-922047.11,276.61,922.05
2024-07-05,09:31:00,688343.SH,云天励飞,卖出,26.946,-36110,-973020.06,291.91,973.02
2024-07-05,09:31:00,688328.SH,深科达,卖出,12.774,-27558,-352036.92,105.61,352.04
2024-07-05,09:31:00,688416.SH,恒烁股份,买入,30.551,30351,927252.79,278.18,0.00
2024-07-05,09:31:00,688260.SH,昀冢科技,卖出,13.303,-261,-3472.17,5.00,3.47
2024-07-04,09:31:00,688512.SH,慧智微,卖出,7.964,-96622,-769501.47,230.85,769.50
2024-07-04,09:31:00,688655.SH,迅捷兴,买入,9.669,99461,961718.25,288.52,0.00
2024-07-03,09:31:00,688686.SH,奥普特,卖出,58.373,-15503,-904956.93,271.49,904.96
2024-07-03,09:31:00,688627.SH,精智达,卖出,41.906,-14324,-600261.83,180.08,600.26
2024-07-03,09:31:00,688095.SH,福昕软件,买入,44.339,451,19996.66,6.00,0.00
2024-07-03,09:31:00,688107.SH,安路科技,买入,21.232,45350,962888.43,288.87,0.00
2024-07-02,09:31:00,688278.SH,特宝生物,卖出,52.485,-10814,-567570.84,170.27,567.57
2024-07-02,09:31:00,688311.SH,盟升电子,卖出,19.760,-21023,-415422.89,124.63,415.42
2024-07-01,09:31:00,688260.SH,昀冢科技,买入,14.820,261,3867.91,5.00,0.00
2024-06-28,09:31:00,688488.SH,艾迪药业,买入,10.020,89430,896088.60,268.83,0.00
2024-06-26,09:31:00,688561.SH,奇安信,卖出,23.383,-38383,-897515.06,269.25,897.52
2024-06-26,09:31:00,688201.SH,ST信安,买入,11.804,84761,1000481.55,300.14,0.00
2024-06-26,09:31:00,688383.SH,新益昌,买入,52.304,19123,1000217.04,300.07,0.00
2024-06-26,09:31:00,688627.SH,精智达,买入,46.493,14324,665962.87,199.79,0.00
2024-06-26,09:31:00,688686.SH,奥普特,买入,64.549,15503,1000700.67,300.21,0.00
2024-06-25,09:31:00,688033.SH,*ST天宜,卖出,6.038,-147348,-889672.49,266.90,889.67
2024-06-25,09:31:00,688685.SH,迈信林,买入,22.294,45753,1020040.26,306.01,0.00
2024-06-25,09:31:00,688328.SH,深科达,买入,13.828,27558,381061.00,114.32,0.00
2024-06-25,09:31:00,688160.SH,步科股份,卖出,39.521,-25407,-1004104.97,301.23,1004.10
2024-06-25,09:31:00,688680.SH,海优新材,卖出,28.822,-30808,-887955.57,266.39,887.96
2024-06-25,09:31:00,688260.SH,昀冢科技,卖出,14.251,-62556,-891513.08,267.45,891.51
2024-06-24,09:31:00,688686.SH,奥普特,卖出,71.397,-14705,-1049891.71,314.97,1049.89
2024-06-24,09:31:00,688185.SH,康希诺,卖出,43.593,-8108,-353449.13,106.03,353.45
2024-06-24,09:31:00,688653.SH,康希通信,买入,12.986,46753,607130.72,182.14,0.00
2024-06-20,09:31:00,688603.SH,天承科技,卖出,59.371,-10184,-604634.47,181.39,604.63
2024-06-17,09:31:00,688160.SH,步科股份,买入,42.585,25407,1081957.09,324.59,0.00
2024-06-17,09:31:00,688185.SH,康希诺,买入,46.974,8108,380863.25,114.26,0.00
2024-06-14,09:31:00,688720.SH,艾森股份,卖出,50.499,-29014,-1465172.18,439.55,1465.17
2024-06-14,09:31:00,688278.SH,特宝生物,买入,57.815,10814,625215.74,187.56,0.00
2024-06-13,09:31:00,688702.SH,盛科通信,卖出,44.880,-13953,-626211.48,187.86,626.21
2024-06-11,09:31:00,688720.SH,艾森股份,买入,33.066,29014,959376.92,287.81,0.00
2024-06-11,09:31:00,688512.SH,慧智微,买入,8.587,96622,829706.64,248.91,0.00
2024-06-07,09:31:00,688033.SH,*ST天宜,买入,6.533,147348,962630.38,288.79,0.00
2024-06-07,09:31:00,688602.SH,康鹏科技,卖出,8.533,-106837,-911629.44,273.49,911.63
2024-06-07,09:31:00,688523.SH,航天环宇,卖出,18.643,-47221,-880324.10,264.10,880.32
2024-06-07,09:31:00,688311.SH,盟升电子,买入,21.413,21023,450160.03,135.05,0.00
2024-06-07,09:31:00,688680.SH,海优新材,买入,31.252,30808,962823.32,288.85,0.00
2024-06-05,09:31:00,688343.SH,云天励飞,买入,26.934,36110,972578.07,291.77,0.00
2024-06-05,09:31:00,688260.SH,昀冢科技,买入,15.551,62556,972810.86,291.84,0.00
2024-06-05,09:31:00,688561.SH,奇安信,买入,25.351,38383,973032.08,291.91,0.00
2024-06-05,09:31:00,688603.SH,天承科技,买入,47.785,20367,973244.83,291.97,0.00
2024-06-04,09:31:00,688148.SH,芳源股份,卖出,4.641,-187246,-868952.51,260.69,868.95
2024-06-04,09:31:00,688561.SH,奇安信,卖出,24.950,-36998,-923100.10,276.93,923.10
2024-05-31,09:31:00,688602.SH,康鹏科技,买入,9.218,106837,984866.20,295.46,0.00
2024-05-31,09:31:00,688523.SH,航天环宇,买入,20.852,47221,984634.35,295.39,0.00
2024-05-30,09:31:00,688396.SH,华润微,卖出,37.175,-26459,-983626.55,295.09,983.63
2024-05-27,09:31:00,688523.SH,航天环宇,卖出,19.461,-44405,-864165.70,259.25,864.17
2024-05-24,09:31:00,688702.SH,盛科通信,卖出,43.712,-13953,-609919.12,182.98,609.92
2024-05-24,09:31:00,688561.SH,奇安信,买入,27.274,36998,1009099.73,302.73,0.00
2024-05-24,09:31:00,688686.SH,奥普特,买入,68.607,14705,1008865.05,302.66,0.00
2024-05-23,09:31:00,688228.SH,开普云,卖出,49.411,-10288,-508340.16,152.50,508.34
2024-05-20,09:31:00,688680.SH,海优新材,卖出,36.916,-23966,-884729.34,265.42,884.73
2024-05-20,09:31:00,688328.SH,深科达,卖出,16.257,-58944,-958277.36,287.48,958.28
2024-05-20,09:31:00,688311.SH,盟升电子,卖出,25.309,-32466,-821691.08,246.51,821.69
2024-05-20,09:31:00,688502.SH,茂莱光学,卖出,96.806,-10010,-969028.06,290.71,969.03
2024-05-20,09:31:00,688118.SH,普元信息,卖出,16.208,-60545,-981284.30,294.39,981.28
2024-05-20,09:31:00,688523.SH,航天环宇,买入,21.343,44405,947718.15,284.32,0.00
2024-05-20,09:31:00,688496.SH,*ST清越,卖出,10.758,-82749,-890250.15,267.08,890.25
2024-05-17,09:31:00,688369.SH,致远互联,卖出,18.303,-1949,-35673.17,10.70,35.67
2024-05-16,09:31:00,688071.SH,华依科技,卖出,26.846,-13530,-363229.09,108.97,363.23
2024-05-15,09:31:00,688702.SH,盛科通信,买入,32.976,27906,920223.23,276.07,0.00
2024-05-15,09:31:00,688228.SH,开普云,卖出,53.493,-10288,-550333.93,165.10,550.33
2024-05-14,09:31:00,688148.SH,芳源股份,买入,5.090,187246,953112.10,285.93,0.00
2024-05-08,09:31:00,688071.SH,华依科技,卖出,31.068,-13531,-420377.59,126.11,420.38
2024-05-08,09:31:00,688233.SH,神工股份,卖出,20.908,-28082,-587141.26,176.14,587.14
2024-05-08,09:31:00,688139.SH,海尔生物,卖出,38.912,-17255,-671426.91,201.43,671.43
2024-04-30,09:31:00,688396.SH,华润微,买入,37.184,26459,983857.28,295.16,0.00
2024-04-29,09:31:00,688233.SH,神工股份,卖出,19.321,-28083,-542599.51,162.78,542.60
2024-04-29,09:31:00,688139.SH,海尔生物,卖出,36.726,-17255,-633714.03,190.11,633.71
2024-04-23,09:31:00,688228.SH,开普云,买入,41.593,20576,855817.98,256.75,0.00
2024-04-22,09:31:00,688348.SH,昱能科技,卖出,63.892,-13416,-857174.54,257.15,857.17
2024-04-18,09:31:00,688311.SH,盟升电子,买入,23.697,32466,769356.54,230.81,0.00
2024-04-18,09:31:00,688502.SH,茂莱光学,买入,88.437,10010,885249.57,265.57,0.00
2024-04-18,09:31:00,688680.SH,海优新材,买入,36.974,23966,886114.09,265.83,0.00
2024-04-18,09:31:00,688328.SH,深科达,买入,15.030,58944,885928.32,265.78,0.00
2024-04-18,09:31:00,688118.SH,普元信息,买入,14.629,60545,885724.91,265.72,0.00
2024-04-18,09:31:00,688496.SH,*ST清越,买入,10.701,82749,885526.84,265.66,0.00
2024-04-17,09:31:00,688337.SH,普源精电,卖出,27.195,-31630,-860193.66,258.06,860.19
2024-04-17,09:31:00,688118.SH,普元信息,卖出,13.623,-62597,-852740.15,255.82,852.74
2024-04-17,09:31:00,688680.SH,海优新材,卖出,34.231,-24102,-825045.20,247.51,825.05
2024-04-17,09:31:00,688328.SH,深科达,卖出,13.353,-61870,-826164.96,247.85,826.16
2024-04-17,09:31:00,688290.SH,景业智能,卖出,37.285,-24152,-900514.08,270.15,900.51
2024-04-17,09:31:00,688233.SH,神工股份,买入,15.491,56165,870047.52,261.01,0.00
2024-04-17,09:31:00,688369.SH,致远互联,买入,17.475,1949,34058.54,10.22,0.00
2024-04-17,09:31:00,688502.SH,茂莱光学,卖出,84.331,-9727,-820287.64,246.09,820.29
2024-04-17,09:31:00,688343.SH,云天励飞,卖出,26.996,-4493,-121292.58,36.39,121.29
2024-04-16,09:31:00,688232.SH,新点软件,卖出,20.958,-43208,-905553.26,271.67,905.55
2024-04-16,09:31:00,688680.SH,海优新材,买入,38.367,24102,924711.31,277.41,0.00
2024-04-16,09:31:00,688071.SH,华依科技,买入,24.549,27061,664320.49,199.30,0.00
2024-04-16,09:31:00,688328.SH,深科达,买入,14.950,61870,924946.60,277.48,0.00
2024-04-16,09:31:00,688118.SH,普元信息,买入,14.780,62597,925152.36,277.55,0.00
2024-04-15,09:31:00,688326.SH,经纬恒润,卖出,61.317,-14580,-894003.61,268.20,894.00
2024-04-15,09:31:00,688348.SH,昱能科技,买入,70.020,13416,939385.10,281.82,0.00
2024-04-15,09:31:00,688023.SH,安恒信息,卖出,56.996,-15940,-908512.73,272.55,908.51
2024-04-15,09:31:00,688319.SH,欧林生物,卖出,8.114,-114907,-932325.52,279.70,932.33
2024-04-12,09:31:00,688337.SH,普源精电,买入,29.870,31630,944776.08,283.43,0.00
2024-04-11,09:31:00,688496.SH,*ST清越,卖出,11.776,-78344,-922610.28,276.78,922.61
2024-04-11,09:31:00,688502.SH,茂莱光学,买入,96.072,9727,934490.01,280.35,0.00
2024-04-11,09:31:00,688507.SH,索辰科技,卖出,83.433,-10868,-906747.67,272.02,906.75
2024-04-09,09:31:00,688458.SH,美芯晟,卖出,45.269,-20252,-916793.46,275.04,916.79
2024-04-09,09:31:00,688502.SH,茂莱光学,卖出,101.397,-6818,-691323.38,207.40,691.32
2024-04-09,09:31:00,688131.SH,皓元医药,卖出,32.076,-2977,-95489.42,28.65,95.49
2024-04-09,09:31:00,688343.SH,云天励飞,买入,30.110,4493,135284.68,40.59,0.00
2024-04-08,09:31:00,688139.SH,海尔生物,买入,28.377,34510,979277.85,293.78,0.00
2024-04-08,09:31:00,688507.SH,索辰科技,买入,90.080,10868,978987.27,293.70,0.00
2024-04-08,09:31:00,688326.SH,经纬恒润,买入,67.134,14580,978813.72,293.64,0.00
2024-04-03,09:31:00,688496.SH,*ST清越,买入,12.755,78344,999313.76,299.79,0.00
2024-03-28,09:31:00,688489.SH,三未信安,卖出,31.806,-12168,-387018.57,116.11,387.02
2024-03-28,09:31:00,688377.SH,迪威尔,卖出,16.327,-54197,-884889.59,265.47,884.89
2024-03-28,09:31:00,688368.SH,晶丰明源,卖出,66.227,-10169,-673465.21,202.04,673.47
2024-03-28,09:31:00,688023.SH,安恒信息,买入,61.773,15940,984666.40,295.40,0.00
2024-03-28,09:31:00,688502.SH,茂莱光学,买入,110.491,6818,753324.50,226.00,0.00
2024-03-28,09:31:00,688059.SH,华锐精密,卖出,59.331,-15281,-906638.54,271.99,906.64
2024-03-28,09:31:00,688339.SH,亿华通,卖出,37.375,-9515,-355624.08,106.69,355.62
2024-03-28,09:31:00,688232.SH,新点软件,买入,22.796,43208,984947.96,295.48,0.00
2024-03-28,09:31:00,688507.SH,索辰科技,卖出,93.962,-9265,-870555.15,261.17,870.56
2024-03-27,09:31:00,688458.SH,美芯晟,买入,50.631,20252,1025380.23,307.61,0.00
2024-03-27,09:31:00,688290.SH,景业智能,买入,42.465,24152,1025608.88,307.68,0.00
2024-03-27,09:31:00,688319.SH,欧林生物,买入,8.928,114907,1025869.01,307.76,0.00
2024-03-25,09:31:00,688202.SH,美迪西,卖出,45.110,-11294,-509467.82,152.84,509.47
2024-03-25,09:31:00,688025.SH,杰普特,卖出,54.790,-8819,-483194.77,144.96,483.19
2024-03-22,09:31:00,688282.SH,理工导航,卖出,29.840,-21511,-641892.54,192.57,641.89
2024-03-20,09:31:00,688233.SH,神工股份,卖出,22.255,-23184,-515969.19,154.79,515.97
2024-03-20,09:31:00,688522.SH,纳睿雷达,卖出,51.247,-12705,-651096.95,195.33,651.10
2024-03-19,09:31:00,688522.SH,纳睿雷达,卖出,48.004,-12706,-609936.28,182.98,609.94
2024-03-19,09:31:00,688176.SH,亚虹医药,卖出,7.635,-47639,-363709.47,109.11,363.71
2024-03-18,09:31:00,688515.SH,裕太微,卖出,87.535,-5759,-504111.65,151.23,504.11
2024-03-18,09:31:00,688282.SH,理工导航,卖出,26.247,-21511,-564607.82,169.38,564.61
2024-03-15,09:31:00,688515.SH,裕太微,卖出,78.413,-5760,-451658.07,135.50,451.66
2024-03-14,09:31:00,688233.SH,神工股份,卖出,22.146,-23185,-513446.20,154.03,513.45
2024-03-11,09:31:00,688131.SH,皓元医药,买入,34.980,2977,104134.92,31.24,0.00
2024-03-11,09:31:00,688507.SH,索辰科技,买入,102.004,9265,945063.35,283.52,0.00
2024-03-08,09:31:00,688052.SH,纳芯微,卖出,104.091,-8364,-870620.47,261.19,870.62
2024-03-08,09:31:00,688148.SH,芳源股份,卖出,4.940,-36487,-180249.43,54.07,180.25
2024-03-04,09:31:00,688489.SH,三未信安,买入,35.080,12168,426853.68,128.06,0.00
2024-03-01,09:31:00,688339.SH,亿华通,卖出,44.930,-9516,-427553.50,128.27,427.55
2024-03-01,09:31:00,688377.SH,迪威尔,买入,17.685,54197,958490.20,287.55,0.00
2024-03-01,09:31:00,688368.SH,晶丰明源,买入,73.607,10169,748508.77,224.55,0.00
2024-02-29,09:31:00,688533.SH,上声电子,卖出,28.303,-30393,-860221.59,258.07,860.22
2024-02-29,09:31:00,688515.SH,裕太微,买入,59.629,11519,686866.68,206.06,0.00
2024-02-29,09:31:00,688282.SH,理工导航,买入,20.842,43022,896647.32,268.99,0.00
2024-02-29,09:31:00,688383.SH,新益昌,卖出,66.217,-12829,-849501.74,254.85,849.50
2024-02-28,09:31:00,688176.SH,亚虹医药,卖出,7.176,-47640,-341846.54,102.55,341.85
2024-02-28,09:31:00,688392.SH,骄成超声,卖出,57.625,-8834,-509055.01,152.72,509.06
2024-02-28,09:31:00,688148.SH,芳源股份,卖出,5.429,-36488,-198097.73,59.43,198.10
2024-02-27,09:31:00,688052.SH,纳芯微,买入,112.224,8364,938641.54,281.59,0.00
2024-02-27,09:31:00,688533.SH,上声电子,买入,30.892,30393,938890.22,281.67,0.00
2024-02-27,09:31:00,688059.SH,华锐精密,买入,61.453,15281,939058.10,281.72,0.00
2024-02-27,09:31:00,688339.SH,亿华通,买入,34.970,19031,665510.26,199.65,0.00
2024-02-27,09:31:00,688522.SH,纳睿雷达,买入,36.964,25411,939286.61,281.79,0.00
2024-02-27,09:31:00,688152.SH,麒麟信安,卖出,49.880,-10767,-537058.39,161.12,537.06
2024-02-27,09:31:00,688383.SH,新益昌,买入,73.146,12829,938390.03,281.52,0.00
2024-02-26,09:31:00,688226.SH,威腾电气,卖出,14.251,-36847,-525122.81,157.54,525.12
2024-02-26,09:31:00,688169.SH,石头科技,卖出,318.641,-3265,-1040364.30,312.11,1040.36
2024-02-26,09:31:00,688311.SH,盟升电子,卖出,30.289,-16977,-514221.45,154.27,514.22
2024-02-26,09:31:00,688286.SH,敏芯股份,卖出,42.435,-12508,-530776.48,159.23,530.78
2024-02-26,09:31:00,688328.SH,深科达,卖出,22.555,-23256,-524534.43,157.36,524.53
2024-02-26,09:31:00,688118.SH,普元信息,卖出,20.180,-3409,-68792.12,20.64,68.79
2024-02-26,09:31:00,688260.SH,昀冢科技,卖出,19.002,-17822,-338652.22,101.60,338.65
2024-02-23,09:31:00,688328.SH,深科达,卖出,20.758,-23256,-482757.35,144.83,482.76
2024-02-23,09:31:00,688118.SH,普元信息,卖出,18.942,-3410,-64592.36,19.38,64.59
2024-02-23,09:31:00,688025.SH,杰普特,买入,53.076,8819,468076.71,140.42,0.00
2024-02-23,09:31:00,688260.SH,昀冢科技,卖出,16.517,-17822,-294364.19,88.31,294.36
2024-02-23,09:31:00,688152.SH,麒麟信安,卖出,45.878,-10767,-493969.07,148.19,493.97
2024-02-23,09:31:00,688226.SH,威腾电气,卖出,13.303,-36847,-490188.17,147.06,490.19
2024-02-22,09:31:00,688202.SH,美迪西,买入,41.383,11294,467375.08,140.21,0.00
2024-02-22,09:31:00,688311.SH,盟升电子,卖出,27.615,-16978,-468841.70,140.65,468.84
2024-02-21,09:31:00,688286.SH,敏芯股份,卖出,37.425,-12509,-468149.32,140.44,468.15
2024-02-20,09:31:00,688260.SH,昀冢科技,买入,13.337,35644,475370.48,142.61,0.00
2024-02-19,09:31:00,688176.SH,亚虹医药,买入,5.511,95279,525082.57,157.52,0.00
2024-02-19,09:31:00,688392.SH,骄成超声,卖出,53.892,-8835,-476135.82,142.84,476.14
2024-02-19,09:31:00,688233.SH,神工股份,买入,17.745,46369,822837.38,246.85,0.00
2024-02-08,09:31:00,688071.SH,华依科技,卖出,20.399,-32177,-656382.48,196.91,656.38
2024-02-08,09:31:00,688260.SH,昀冢科技,卖出,10.968,-63247,-693694.36,208.11,693.69
2024-02-07,09:31:00,688226.SH,威腾电气,买入,10.401,73694,766473.61,229.94,0.00
2024-02-07,09:31:00,688152.SH,麒麟信安,买入,35.601,21534,766633.23,229.99,0.00
2024-02-07,09:31:00,688260.SH,昀冢科技,买入,12.124,63247,766819.28,230.05,0.00
2024-02-07,09:31:00,688148.SH,芳源股份,买入,4.238,72975,309301.62,92.79,0.00
2024-02-06,09:31:00,688023.SH,安恒信息,卖出,53.223,-13136,-699141.79,209.74,699.14
2024-02-06,09:31:00,688498.SH,源杰科技,卖出,83.592,-8570,-716387.55,214.92,716.39
2024-02-06,09:31:00,688286.SH,敏芯股份,买入,29.519,25017,738474.82,221.54,0.00
2024-02-06,09:31:00,688311.SH,盟升电子,买入,21.763,33955,738977.61,221.69,0.00
2024-02-06,09:31:00,688328.SH,深科达,买入,15.892,46512,739155.68,221.75,0.00
2024-02-06,09:31:00,688609.SH,九联科技,卖出,6.237,-108115,-674367.31,202.31,674.37
2024-02-06,09:31:00,688118.SH,普元信息,买入,14.820,6819,101054.72,30.32,0.00
2024-02-06,09:31:00,688071.SH,华依科技,买入,22.956,32177,738649.42,221.59,0.00
2024-02-06,09:31:00,688392.SH,骄成超声,买入,41.813,17669,738802.02,221.64,0.00
2024-02-06,09:31:00,688260.SH,昀冢科技,卖出,11.477,-45614,-523511.88,157.05,523.51
2024-02-05,09:31:00,688627.SH,精智达,卖出,48.912,-15659,-765912.69,229.77,765.91
2024-02-05,09:31:00,688680.SH,海优新材,卖出,40.279,-19295,-777188.71,233.16,777.19
2024-02-05,09:31:00,688311.SH,盟升电子,卖出,25.309,-29357,-743004.53,222.90,743.00
2024-02-05,09:31:00,688668.SH,鼎通科技,卖出,31.936,-20496,-654560.26,196.37,654.56
2024-02-05,09:31:00,688535.SH,华海诚科,卖出,56.387,-14035,-791391.55,237.42,791.39
2024-02-05,09:31:00,688202.SH,美迪西,卖出,39.301,-1759,-69130.88,20.74,69.13
2024-02-02,09:31:00,688260.SH,昀冢科技,买入,17.435,45614,795270.97,238.58,0.00
2024-02-01,09:31:00,688311.SH,盟升电子,买入,28.347,29357,832170.55,249.65,0.00
2024-02-01,09:31:00,688202.SH,美迪西,买入,42.425,1759,74625.01,22.39,0.00
2024-02-01,09:31:00,688023.SH,安恒信息,买入,63.306,13136,831592.34,249.48,0.00
2024-02-01,09:31:00,688627.SH,精智达,买入,53.116,15659,831743.76,249.52,0.00
2024-02-01,09:31:00,688260.SH,昀冢科技,卖出,17.974,-44316,-796534.90,238.96,796.53
2024-02-01,09:31:00,688609.SH,九联科技,买入,7.695,108115,831983.85,249.60,0.00
2024-01-31,09:31:00,688535.SH,华海诚科,买入,61.022,14035,856440.96,256.93,0.00
2024-01-31,09:31:00,688502.SH,茂莱光学,卖出,118.782,-7006,-832186.41,249.66,832.19
2024-01-31,09:31:00,688680.SH,海优新材,买入,44.379,19295,856284.70,256.89,0.00
2024-01-31,09:31:00,688498.SH,源杰科技,买入,99.960,8570,856653.09,257.00,0.00
2024-01-31,09:31:00,688023.SH,安恒信息,卖出,70.359,-12227,-860279.49,258.08,860.28
2024-01-31,09:31:00,688668.SH,鼎通科技,买入,36.573,20496,749600.21,224.88,0.00
2024-01-31,09:31:00,688066.SH,*ST航图,卖出,23.732,-36026,-854984.88,256.50,854.98
2024-01-31,09:31:00,688627.SH,精智达,卖出,56.078,-15338,-860118.54,258.04,860.12
2024-01-30,09:31:00,688525.SH,佰维存储,卖出,33.383,-24590,-820890.43,246.27,820.89
2024-01-30,09:31:00,688286.SH,敏芯股份,卖出,41.277,-19464,-803420.98,241.03,803.42
2024-01-30,09:31:00,688369.SH,致远互联,卖出,23.603,-35906,-847478.55,254.24,847.48
2024-01-30,09:31:00,688141.SH,杰华特,卖出,18.962,-44959,-852512.56,255.75,852.51
2024-01-26,09:31:00,688169.SH,石头科技,买入,289.568,3265,945439.45,283.63,0.00
2024-01-26,09:31:00,688286.SH,敏芯股份,买入,45.791,19464,891283.81,267.39,0.00
2024-01-25,09:31:00,688328.SH,深科达,卖出,27.854,-30743,-856321.06,256.90,856.32
2024-01-24,09:31:00,688525.SH,佰维存储,买入,37.675,24590,926433.17,277.93,0.00
2024-01-24,09:31:00,688141.SH,杰华特,买入,20.601,44959,926205.75,277.86,0.00
2024-01-24,09:31:00,688502.SH,茂莱光学,买入,132.254,7006,926571.38,277.97,0.00
2024-01-23,09:31:00,688525.SH,佰维存储,卖出,36.227,-24462,-886194.66,265.86,886.19
2024-01-23,09:31:00,688502.SH,茂莱光学,卖出,132.734,-6648,-882415.63,264.72,882.42
2024-01-23,09:31:00,688141.SH,杰华特,卖出,20.459,-42000,-859278.00,257.78,859.28
2024-01-23,09:31:00,688369.SH,致远互联,买入,25.922,35906,930746.00,279.22,0.00
2024-01-23,09:31:00,688627.SH,精智达,买入,60.721,15338,931341.77,279.40,0.00
2024-01-23,09:31:00,688260.SH,昀冢科技,买入,21.022,44316,931609.18,279.48,0.00
2024-01-23,09:31:00,688066.SH,*ST航图,买入,25.842,36026,930968.76,279.29,0.00
2024-01-23,09:31:00,688023.SH,安恒信息,买入,76.152,12227,931110.50,279.33,0.00
2024-01-22,09:31:00,688498.SH,源杰科技,卖出,141.706,-7536,-1067896.57,320.37,1067.90
2024-01-22,09:31:00,688328.SH,深科达,买入,31.052,30743,954631.02,286.39,0.00
2024-01-19,09:31:00,688502.SH,茂莱光学,买入,144.829,6648,962823.72,288.85,0.00
2024-01-18,09:31:00,688260.SH,昀冢科技,卖出,23.174,-39457,-914359.16,274.31,914.36
2024-01-18,09:31:00,688066.SH,*ST航图,卖出,28.243,-31807,-898337.82,269.50,898.34
2024-01-17,09:31:00,688502.SH,茂莱光学,卖出,150.778,-6082,-917030.82,275.11,917.03
2024-01-16,09:31:00,688525.SH,佰维存储,买入,40.180,24462,982888.05,294.87,0.00
2024-01-16,09:31:00,688141.SH,杰华特,买入,23.397,42000,982661.40,294.80,0.00
2024-01-15,09:31:00,688525.SH,佰维存储,卖出,39.960,-22744,-908848.42,272.65,908.85
2024-01-09,09:31:00,688502.SH,茂莱光学,买入,163.326,6082,993348.73,298.00,0.00
2024-01-09,09:31:00,688200.SH,华峰测控,卖出,100.678,-9219,-928152.69,278.45,928.15
2024-01-09,09:31:00,688260.SH,昀冢科技,买入,25.170,39457,993142.16,297.94,0.00
2024-01-08,09:31:00,688066.SH,*ST航图,买入,31.553,31807,1003605.63,301.08,0.00
2024-01-08,09:31:00,688685.SH,迈信林,卖出,28.333,-42977,-1217676.80,365.30,1217.68
2024-01-05,09:31:00,688525.SH,佰维存储,买入,44.669,22744,1015955.38,304.79,0.00
2024-01-05,09:31:00,688536.SH,思瑞浦,卖出,134.481,-6927,-931546.42,279.46,931.55
2024-01-04,09:31:00,688200.SH,华峰测控,买入,111.222,9219,1025355.62,307.61,0.00
2024-01-04,09:31:00,688525.SH,佰维存储,卖出,44.261,-21332,-944182.05,283.25,944.18
2024-01-03,09:31:00,688525.SH,佰维存储,买入,48.587,21332,1036457.46,310.94,0.00
2023-12-27,09:31:00,688435.SH,英方软件,卖出,45.519,-20026,-911559.09,273.47,911.56
2023-12-22,09:31:00,688498.SH,源杰科技,买入,136.222,7536,1026568.24,307.97,0.00
2023-12-21,09:31:00,688435.SH,英方软件,买入,50.631,20026,1013937.61,304.18,0.00
2023-12-18,09:31:00,688352.SH,颀中科技,卖出,13.723,-69523,-954029.37,286.21,954.03
2023-12-11,09:31:00,688065.SH,凯赛生物,卖出,52.016,-18501,-962343.58,288.70,962.34
2023-12-08,09:31:00,688536.SH,思瑞浦,买入,147.735,6927,1023359.51,307.01,0.00
2023-12-08,09:31:00,688685.SH,迈信林,买入,23.818,42977,1023606.42,307.08,0.00
2023-12-07,09:31:00,688496.SH,*ST清越,卖出,17.515,-30257,-529948.33,158.98,529.95
2023-12-01,09:31:00,688152.SH,麒麟信安,卖出,80.389,-1258,-101129.24,30.34,101.13
2023-12-01,09:31:00,688253.SH,英诺特,卖出,33.433,-19422,-649335.73,194.80,649.34
2023-11-30,09:31:00,688152.SH,麒麟信安,卖出,81.337,-1258,-102321.95,30.70,102.32
2023-11-29,09:31:00,688568.SH,中科星图,卖出,51.018,-18041,-920411.41,276.12,920.41
2023-11-27,09:31:00,688419.SH,耐科装备,卖出,38.034,-23974,-911821.84,273.55,911.82
2023-11-23,09:31:00,688253.SH,英诺特,卖出,30.838,-19423,-598970.36,179.69,598.97
2023-11-21,09:31:00,688496.SH,*ST清越,卖出,19.860,-30258,-600929.93,180.28,600.93
2023-11-20,09:31:00,688261.SH,东微半导,卖出,90.728,-8981,-814829.78,244.45,814.83
2023-11-17,09:31:00,688383.SH,新益昌,卖出,97.315,-5370,-522581.44,156.77,522.58
2023-11-16,09:31:00,688352.SH,颀中科技,买入,14.208,69523,987807.81,296.34,0.00
2023-11-16,09:31:00,688419.SH,耐科装备,买入,41.212,23974,988022.72,296.41,0.00
2023-11-16,09:31:00,688569.SH,铁科轨道,卖出,29.601,-30725,-909480.89,272.84,909.48
2023-11-15,09:31:00,688700.SH,东威科技,卖出,59.880,-9434,-564907.92,169.47,564.91
2023-11-15,09:31:00,688535.SH,华海诚科,卖出,93.243,-5964,-556102.09,166.83,556.10
2023-11-15,09:31:00,688256.SH,寒武纪,卖出,149.700,-3798,-568560.60,170.57,568.56
2023-11-15,09:31:00,688031.SH,星环科技,卖出,79.840,-7236,-577722.24,173.32,577.72
2023-11-13,09:31:00,688256.SH,寒武纪,卖出,138.732,-3798,-526904.06,158.07,526.90
2023-11-10,09:31:00,688253.SH,英诺特,买入,24.379,38845,946989.05,284.10,0.00
2023-11-09,09:31:00,688065.SH,凯赛生物,买入,51.643,18501,955448.62,286.63,0.00
2023-11-08,09:31:00,688700.SH,东威科技,卖出,55.189,-9435,-520711.99,156.21,520.71
2023-11-08,09:31:00,688031.SH,星环科技,卖出,69.860,-7237,-505576.82,151.67,505.58
2023-11-08,09:31:00,688535.SH,华海诚科,卖出,86.367,-5964,-515092.31,154.53,515.09
2023-11-08,09:31:00,688052.SH,纳芯微,卖出,149.411,-2492,-372331.17,111.70,372.33
2023-11-07,09:31:00,688496.SH,*ST清越,买入,15.381,60515,930763.06,279.23,0.00
2023-11-06,09:31:00,688383.SH,新益昌,卖出,100.778,-5370,-541178.07,162.35,541.18
2023-11-06,09:31:00,688052.SH,纳芯微,卖出,147.514,-2492,-367605.83,110.28,367.61
2023-11-03,09:31:00,688009.SH,中国通号,卖出,4.661,-181407,-845476.35,253.64,845.48
2023-10-31,09:31:00,688152.SH,麒麟信安,买入,64.639,2516,162631.77,48.79,0.00
2023-10-30,09:31:00,688568.SH,中科星图,买入,46.693,18041,842392.02,252.72,0.00
2023-10-25,09:31:00,688071.SH,华依科技,卖出,36.906,-21102,-778791.26,233.64,778.79
2023-10-24,09:31:00,688535.SH,华海诚科,买入,68.356,11928,815355.62,244.61,0.00
2023-10-24,09:31:00,688031.SH,星环科技,买入,56.312,14473,815009.37,244.50,0.00
2023-10-24,09:31:00,688256.SH,寒武纪,买入,107.314,7596,815158.66,244.55,0.00
2023-10-23,09:31:00,688091.SH,上海谊众,卖出,51.297,-14892,-763917.90,229.18,763.92
2023-10-23,09:31:00,688031.SH,星环科技,卖出,57.385,-13872,-796044.72,238.81,796.04
2023-10-23,09:31:00,688768.SH,容知日新,卖出,39.142,-20795,-813948.74,244.18,813.95
2023-10-20,09:31:00,688700.SH,东威科技,买入,44.409,18869,837946.63,251.38,0.00
2023-10-20,09:31:00,688668.SH,鼎通科技,卖出,47.674,-6364,-303400.26,91.02,303.40
2023-10-20,09:31:00,688261.SH,东微半导,买入,84.569,8981,759512.39,227.85,0.00
2023-10-19,09:31:00,688073.SH,毕得医药,卖出,66.966,-7105,-475792.01,142.74,475.79
2023-10-19,09:31:00,688261.SH,东微半导,卖出,83.103,-9576,-795798.73,238.74,795.80
2023-10-18,09:31:00,688383.SH,新益昌,买入,79.449,10740,853277.75,255.98,0.00
2023-10-17,09:31:00,688023.SH,安恒信息,卖出,131.906,-6099,-804492.62,241.35,804.49
2023-10-17,09:31:00,688071.SH,华依科技,买入,40.771,21102,860357.66,258.11,0.00
2023-10-17,09:31:00,688569.SH,铁科轨道,买入,27.996,30725,860173.41,258.05,0.00
2023-10-16,09:31:00,688700.SH,东威科技,卖出,48.882,-16523,-807677.95,242.30,807.68
2023-10-16,09:31:00,688322.SH,奥比中光,卖出,31.936,-26613,-849912.77,254.97,849.91
2023-10-16,09:31:00,688031.SH,星环科技,买入,63.326,13872,878463.82,263.54,0.00
2023-10-13,09:31:00,688031.SH,星环科技,卖出,64.261,-12426,-798509.92,239.55,798.51
2023-10-13,09:31:00,688261.SH,东微半导,买入,92.936,9576,889950.35,266.99,0.00
2023-10-13,09:31:00,688768.SH,容知日新,买入,42.785,20795,889722.39,266.92,0.00
2023-10-12,09:31:00,688668.SH,鼎通科技,卖出,61.527,-6364,-391555.92,117.47,391.56
2023-10-12,09:31:00,688073.SH,毕得医药,卖出,76.726,-7105,-545139.94,163.54,545.14
2023-10-12,09:31:00,688009.SH,中国通号,买入,5.030,181407,912484.47,273.75,0.00
2023-10-11,09:31:00,688569.SH,铁科轨道,卖出,31.597,-25726,-812856.19,243.86,812.86
2023-10-09,09:31:00,688383.SH,新益昌,卖出,81.636,-6779,-553413.16,166.02,553.41
2023-10-09,09:31:00,688052.SH,纳芯微,买入,118.296,4984,589587.86,176.88,0.00
2023-10-09,09:31:00,688039.SH,当虹科技,卖出,32.944,-27898,-919071.15,275.72,919.07
2023-09-28,09:31:00,688569.SH,铁科轨道,买入,34.238,25726,880815.53,264.24,0.00
2023-09-27,09:31:00,688031.SH,星环科技,买入,70.270,12426,873178.25,261.95,0.00
2023-09-27,09:31:00,688023.SH,安恒信息,买入,143.136,6099,872984.63,261.90,0.00
2023-09-27,09:31:00,688498.SH,源杰科技,卖出,209.580,-2779,-582422.82,174.73,582.42
2023-09-26,09:31:00,688498.SH,源杰科技,卖出,193.971,-2779,-539046.19,161.71,539.05
2023-09-26,09:31:00,688700.SH,东威科技,买入,53.006,16523,875814.83,262.74,0.00
2023-09-25,09:31:00,688586.SH,江航装备,卖出,11.876,-73301,-870537.34,261.16,870.54
2023-09-21,09:31:00,688091.SH,上海谊众,买入,55.100,14892,820548.90,246.16,0.00
2023-09-21,09:31:00,688662.SH,富信科技,卖出,32.854,-25429,-835448.43,250.63,835.45
2023-09-20,09:31:00,688668.SH,鼎通科技,买入,48.156,12728,612931.10,183.88,0.00
2023-09-20,09:31:00,688661.SH,和林微纳,卖出,48.183,-11426,-550543.99,165.16,550.54
2023-09-20,09:31:00,688489.SH,三未信安,卖出,46.676,-15947,-744349.51,223.30,744.35
2023-09-20,09:31:00,688498.SH,源杰科技,买入,149.629,5558,831636.09,249.49,0.00
2023-09-20,09:31:00,688200.SH,华峰测控,卖出,130.988,-6096,-798499.80,239.55,798.50
2023-09-19,09:31:00,688668.SH,鼎通科技,卖出,49.181,-16081,-790886.74,237.27,790.89
2023-09-19,09:31:00,688498.SH,源杰科技,卖出,146.137,-2350,-343422.28,103.03,343.42
2023-09-19,09:31:00,688073.SH,毕得医药,买入,59.459,14210,844907.84,253.47,0.00
2023-09-18,09:31:00,688569.SH,铁科轨道,卖出,33.333,-7500,-249999.00,75.00,250.00
2023-09-18,09:31:00,688639.SH,华恒生物,卖出,97.704,-9302,-908844.47,272.65,908.84
2023-09-15,09:31:00,688322.SH,奥比中光,买入,29.549,26613,786387.00,235.92,0.00
2023-09-14,09:31:00,688031.SH,星环科技,卖出,76.846,-10250,-787671.50,236.30,787.67
2023-09-06,09:31:00,688661.SH,和林微纳,买入,52.655,11426,601637.17,180.49,0.00
2023-09-04,09:31:00,688578.SH,艾力斯,卖出,30.888,-19509,-602595.94,180.78,602.60
2023-09-01,09:31:00,688662.SH,富信科技,买入,35.541,25429,903770.56,271.13,0.00
2023-09-01,09:31:00,688569.SH,铁科轨道,买入,35.962,7500,269713.35,80.91,0.00
2023-08-31,09:31:00,688292.SH,浩瀚深度,卖出,33.433,-17986,-601325.94,180.40,601.33
2023-08-31,09:31:00,688383.SH,新益昌,买入,84.669,6779,573971.15,172.19,0.00
2023-08-31,09:31:00,688578.SH,艾力斯,卖出,29.421,-19510,-574004.49,172.20,574.00
2023-08-30,09:31:00,688498.SH,源杰科技,买入,161.713,2350,380025.03,114.01,0.00
2023-08-30,09:31:00,688668.SH,鼎通科技,买入,53.928,16081,867210.38,260.16,0.00
2023-08-30,09:31:00,688292.SH,浩瀚深度,卖出,31.956,-17987,-574791.85,172.44,574.79
2023-08-30,09:31:00,688039.SH,当虹科技,买入,31.072,27898,866847.21,260.05,0.00
2023-08-30,09:31:00,688200.SH,华峰测控,买入,142.154,6096,866569.20,259.97,0.00
2023-08-30,09:31:00,688031.SH,星环科技,买入,84.589,10250,867035.61,260.11,0.00
2023-08-29,09:31:00,688383.SH,新益昌,卖出,80.129,-10113,-810348.82,243.10,810.35
2023-08-29,09:31:00,688662.SH,富信科技,卖出,31.936,-25254,-806511.74,241.95,806.51
2023-08-29,09:31:00,688668.SH,鼎通科技,卖出,50.948,-14724,-750156.88,225.05,750.16
2023-08-29,09:31:00,688027.SH,国盾量子,卖出,120.758,-5935,-716698.73,215.01,716.70
2023-08-29,09:31:00,688160.SH,步科股份,卖出,50.569,-15232,-770261.83,231.08,770.26
2023-08-28,09:31:00,688489.SH,三未信安,买入,51.703,15947,824510.93,247.35,0.00
2023-08-25,09:31:00,688569.SH,铁科轨道,卖出,34.231,-24125,-825832.52,247.75,825.83
2023-08-25,09:31:00,688027.SH,国盾量子,买入,131.593,5935,781002.44,234.30,0.00
2023-08-24,09:31:00,688586.SH,江航装备,买入,11.814,73301,865947.23,259.78,0.00
2023-08-22,09:31:00,688160.SH,步科股份,买入,56.262,15232,856987.35,257.10,0.00
2023-08-22,09:31:00,688668.SH,鼎通科技,买入,58.216,14724,857175.33,257.15,0.00
2023-08-21,09:31:00,688700.SH,东威科技,卖出,59.960,-13957,-836859.49,251.06,836.86
2023-08-21,09:31:00,688073.SH,毕得医药,卖出,67.565,-10998,-743075.47,222.92,743.08
2023-08-21,09:31:00,688668.SH,鼎通科技,卖出,57.086,-13860,-791206.42,237.36,791.21
2023-08-18,09:31:00,688670.SH,金迪克,卖出,30.778,-32339,-995340.09,298.60,995.34
2023-08-18,09:31:00,688639.SH,华恒生物,买入,86.783,9302,807257.51,242.18,0.00
2023-08-17,09:31:00,688668.SH,鼎通科技,买入,62.926,13860,872148.82,261.64,0.00
2023-08-16,09:31:00,688662.SH,富信科技,买入,34.870,25254,880596.88,264.18,0.00
2023-08-16,09:31:00,688383.SH,新益昌,买入,87.054,10113,880374.67,264.11,0.00
2023-08-15,09:31:00,688578.SH,艾力斯,买入,22.796,39019,889457.61,266.84,0.00
2023-08-14,09:31:00,688661.SH,和林微纳,卖出,53.493,-15190,-812555.63,243.77,812.56
2023-08-10,09:31:00,688569.SH,铁科轨道,买入,37.064,24125,894168.52,268.25,0.00
2023-08-09,09:31:00,688579.SH,地纬智能,卖出,14.241,-64104,-912934.55,273.88,912.93
2023-08-02,09:31:00,688292.SH,浩瀚深度,买入,24.960,35973,897879.60,269.36,0.00
2023-08-02,09:31:00,688233.SH,神工股份,卖出,32.615,-25520,-832325.61,249.70,832.33
2023-08-01,09:31:00,688292.SH,浩瀚深度,卖出,25.748,-15565,-400773.85,120.23,400.77
2023-07-31,09:31:00,688661.SH,和林微纳,买入,58.547,15190,889326.80,266.80,0.00
2023-07-31,09:31:00,688152.SH,麒麟信安,卖出,112.435,-4551,-511690.23,153.51,511.69
2023-07-31,09:31:00,688787.SH,海天瑞声,卖出,84.780,-9520,-807106.55,242.13,807.11
2023-07-28,09:31:00,688661.SH,和林微纳,卖出,60.419,-12931,-781277.05,234.38,781.28
2023-07-28,09:31:00,688419.SH,耐科装备,卖出,39.820,-17729,-705972.33,211.79,705.97
2023-07-27,09:31:00,688700.SH,东威科技,买入,65.160,13957,909438.96,272.83,0.00
2023-07-26,09:31:00,688152.SH,麒麟信安,卖出,116.117,-4552,-528565.95,158.57,528.57
2023-07-24,09:31:00,688132.SH,邦彦技术,卖出,25.409,-33954,-862739.90,258.82,862.74
2023-07-21,09:31:00,688400.SH,凌云光,卖出,27.525,-28244,-777411.58,233.22,777.41
2023-07-21,09:31:00,688073.SH,毕得医药,买入,63.627,10998,699769.75,209.93,0.00
2023-07-20,09:31:00,688132.SH,邦彦技术,买入,27.565,33954,935942.69,280.78,0.00
2023-07-19,09:31:00,688670.SH,金迪克,买入,29.088,32339,940678.77,282.20,0.00
2023-07-18,09:31:00,688499.SH,利元亨,卖出,55.459,-14147,-784576.49,235.37,784.58
2023-07-18,09:31:00,688291.SH,金橙子,卖出,45.269,-27319,-1236711.46,371.01,1236.71
2023-07-17,09:31:00,688292.SH,浩瀚深度,卖出,35.928,-15565,-559219.32,167.77,559.22
2023-07-14,09:31:00,688419.SH,耐科装备,买入,43.787,17729,776306.81,232.89,0.00
2023-07-13,09:31:00,688291.SH,金橙子,买入,31.563,27319,862269.60,258.68,0.00
2023-07-13,09:31:00,688039.SH,当虹科技,卖出,33.333,-23327,-777563.56,233.27,777.56
2023-07-11,09:31:00,688291.SH,金橙子,卖出,28.902,-24765,-715760.01,214.73,715.76
2023-07-11,09:31:00,688292.SH,浩瀚深度,买入,28.317,31130,881493.27,264.45,0.00
2023-07-10,09:31:00,688091.SH,上海谊众,卖出,77.345,-11650,-901069.25,270.32,901.07
2023-07-10,09:31:00,688579.SH,地纬智能,买入,13.878,64104,889616.08,266.88,0.00
2023-07-07,09:31:00,688365.SH,光云科技,卖出,13.762,-8485,-116774.13,35.03,116.77
2023-07-07,09:31:00,688707.SH,振华新材,卖出,32.335,-27957,-903995.19,271.20,904.00
2023-07-03,09:31:00,688233.SH,神工股份,买入,31.884,25520,813670.49,244.10,0.00
2023-06-30,09:31:00,688419.SH,耐科装备,卖出,41.916,-19443,-814972.79,244.49,814.97
2023-06-30,09:31:00,688291.SH,金橙子,买入,31.262,24765,774213.34,232.26,0.00
2023-06-29,09:31:00,688039.SH,当虹科技,买入,36.072,23327,841451.54,252.44,0.00
2023-06-29,09:31:00,688365.SH,光云科技,买入,14.870,8485,126169.23,37.85,0.00
2023-06-29,09:31:00,688661.SH,和林微纳,买入,65.130,12931,842196.03,252.66,0.00
2023-06-29,09:31:00,688787.SH,海天瑞声,买入,88.447,9520,842011.06,252.60,0.00
2023-06-29,09:31:00,688152.SH,麒麟信安,买入,92.475,9103,841796.10,252.54,0.00
2023-06-29,09:31:00,688400.SH,凌云光,买入,29.799,28244,841656.51,252.50,0.00
2023-06-29,09:31:00,688292.SH,浩瀚深度,卖出,28.124,-27573,-775453.13,232.64,775.45
2023-06-28,09:31:00,688661.SH,和林微纳,卖出,69.511,-11027,-766494.49,229.95,766.49
2023-06-28,09:31:00,688039.SH,当虹科技,卖出,36.846,-23612,-870011.53,261.00,870.01
2023-06-27,09:31:00,688039.SH,当虹科技,买入,49.669,16866,837719.72,251.32,0.00
2023-06-26,09:31:00,688292.SH,浩瀚深度,买入,30.872,27573,851223.18,255.37,0.00
2023-06-26,09:31:00,688659.SH,元琛科技,卖出,15.768,-30398,-479327.82,143.80,479.33
2023-06-26,09:31:00,688499.SH,利元亨,买入,60.180,14147,851368.16,255.41,0.00
2023-06-26,09:31:00,688382.SH,益方生物,卖出,13.772,-56012,-771419.67,231.43,771.42
2023-06-26,09:31:00,688661.SH,和林微纳,买入,77.174,11027,850998.14,255.30,0.00
2023-06-21,09:31:00,688619.SH,罗普特,卖出,16.178,-47681,-771363.19,231.41,771.36
2023-06-19,09:31:00,688292.SH,浩瀚深度,卖出,32.954,-15749,-518991.92,155.70,518.99
2023-06-16,09:31:00,688308.SH,欧科亿,卖出,38.702,-23150,-895961.49,268.79,895.96
2023-06-14,09:31:00,688316.SH,青云科技,卖出,70.359,-13473,-947946.81,284.38,947.95
2023-06-13,09:31:00,688382.SH,益方生物,买入,15.030,56012,841860.36,252.56,0.00
2023-06-12,09:31:00,688320.SH,禾川科技,卖出,34.880,-10536,-367496.73,110.25,367.50
2023-06-09,09:31:00,688091.SH,上海谊众,买入,72.044,11650,839310.27,251.79,0.00
2023-06-09,09:31:00,688680.SH,海优新材,卖出,100.798,-7596,-765661.61,229.70,765.66
2023-06-08,09:31:00,688659.SH,元琛科技,卖出,16.517,-30399,-502097.24,150.63,502.10
2023-06-07,09:31:00,688707.SH,振华新材,买入,30.070,27957,840667.55,252.20,0.00
2023-06-07,09:31:00,688252.SH,天德钰,卖出,22.106,-34930,-772152.10,231.65,772.15
2023-06-01,09:31:00,688308.SH,欧科亿,买入,50.491,16536,834915.54,250.47,0.00
2023-05-31,09:31:00,688419.SH,耐科装备,买入,43.066,19443,837331.46,251.20,0.00
2023-05-30,09:31:00,688680.SH,海优新材,买入,109.549,7596,832131.62,249.64,0.00
2023-05-30,09:31:00,688252.SH,天德钰,买入,23.818,34930,831946.67,249.58,0.00
2023-05-30,09:31:00,688327.SH,云从科技,卖出,25.948,-5063,-131374.72,39.41,131.37
2023-05-29,09:31:00,688320.SH,禾川科技,卖出,39.920,-10536,-420597.12,126.18,420.60
2023-05-29,09:31:00,688213.SH,思特威,卖出,56.617,-7931,-449025.78,134.71,449.03
2023-05-29,09:31:00,688117.SH,圣诺生物,卖出,38.104,-12568,-478886.55,143.67,478.89
2023-05-29,09:31:00,688045.SH,必易微,卖出,64.690,-12961,-838451.76,251.54,838.45
2023-05-29,09:31:00,688004.SH,博汇科技,卖出,38.164,-20380,-777772.54,233.33,777.77
2023-05-26,09:31:00,688117.SH,圣诺生物,卖出,38.563,-12568,-484656.26,145.40,484.66
2023-05-26,09:31:00,688779.SH,五矿新能,卖出,11.687,-68257,-797690.89,239.31,797.69
2023-05-26,09:31:00,688248.SH,南网科技,卖出,41.467,-18932,-785051.35,235.52,785.05
2023-05-24,09:31:00,688659.SH,元琛科技,买入,13.226,60797,804125.44,241.24,0.00
2023-05-24,09:31:00,688327.SH,云从科技,买入,34.058,5063,172435.55,51.73,0.00
2023-05-22,09:31:00,688416.SH,恒烁股份,卖出,74.850,-13068,-978139.80,293.44,978.14
2023-05-22,09:31:00,688619.SH,罗普特,买入,14.028,47681,668869.07,200.66,0.00
2023-05-19,09:31:00,688499.SH,利元亨,卖出,89.481,-7414,-663409.76,199.02,663.41
2023-05-19,09:31:00,688619.SH,罗普特,卖出,12.974,-503,-6525.92,5.00,6.53
2023-05-18,09:31:00,688292.SH,浩瀚深度,买入,30.010,15749,472625.92,141.79,0.00
2023-05-17,09:31:00,688213.SH,思特威,卖出,59.680,-7932,-473384.93,142.02,473.38
2023-05-15,09:31:00,688316.SH,青云科技,买入,51.112,13473,688632.25,206.59,0.00
2023-05-12,09:31:00,688123.SH,聚辰股份,卖出,63.563,-10851,-689717.99,206.92,689.72
2023-05-11,09:31:00,688320.SH,禾川科技,买入,32.214,21072,678819.73,203.65,0.00
2023-05-10,09:31:00,688308.SH,欧科亿,卖出,50.140,-13560,-679891.89,203.97,679.89
2023-05-09,09:31:00,688416.SH,恒烁股份,买入,54.910,13068,717558.65,215.27,0.00
2023-05-08,09:31:00,688209.SH,英集芯,卖出,16.926,-42464,-718749.06,215.62,718.75
2023-05-05,09:31:00,688123.SH,聚辰股份,买入,69.459,10851,753695.70,226.11,0.00
2023-05-05,09:31:00,688619.SH,罗普特,买入,15.661,503,7877.61,5.00,0.00
2023-05-04,09:31:00,688499.SH,利元亨,买入,97.104,7414,719927.72,215.98,0.00
2023-05-04,09:31:00,688253.SH,英诺特,卖出,26.866,-28391,-762757.15,228.83,762.76
2023-04-28,09:31:00,688285.SH,高铁电气,卖出,9.850,-73207,-721107.98,216.33,721.11
2023-04-28,09:31:00,688004.SH,博汇科技,买入,35.030,20380,713909.77,214.17,0.00
2023-04-27,09:31:00,688117.SH,圣诺生物,买入,30.361,25136,763144.04,228.94,0.00
2023-04-27,09:31:00,688213.SH,思特威,买入,48.096,15863,762946.85,228.88,0.00
2023-04-27,09:31:00,688036.SH,传音控股,卖出,96.407,-7417,-715049.24,214.51,715.05
2023-04-27,09:31:00,688045.SH,必易微,买入,58.246,12961,754929.78,226.48,0.00
2023-04-26,09:31:00,688248.SH,南网科技,买入,40.080,18932,758794.56,227.64,0.00
2023-04-26,09:31:00,688320.SH,禾川科技,卖出,32.585,-22000,-716863.40,215.06,716.86
2023-04-26,09:31:00,688103.SH,国力电子,卖出,65.020,-11367,-739078.93,221.72,739.08
2023-04-26,09:31:00,688308.SH,欧科亿,买入,55.972,13560,758976.52,227.69,0.00
2023-04-26,09:31:00,688779.SH,五矿新能,买入,11.122,68257,759168.01,227.75,0.00
2023-04-26,09:31:00,688045.SH,必易微,卖出,54.501,-12981,-707474.63,212.24,707.47
2023-04-25,09:31:00,688285.SH,高铁电气,买入,10.621,73207,777546.19,233.26,0.00
2023-04-25,09:31:00,688036.SH,传音控股,买入,104.749,7417,776923.93,233.08,0.00
2023-04-25,09:31:00,688045.SH,必易微,买入,59.870,12981,777165.98,233.15,0.00
2023-04-25,09:31:00,688209.SH,英集芯,买入,18.307,42464,777368.91,233.21,0.00
2023-04-24,09:31:00,688325.SH,赛微微电,卖出,47.884,-15604,-747182.56,224.15,747.18
2023-04-24,09:31:00,688130.SH,晶华微,卖出,45.509,-15154,-689640.36,206.89,689.64
2023-04-24,09:31:00,688282.SH,理工导航,卖出,57.884,-14797,-856509.55,256.95,856.51
2023-04-21,09:31:00,688209.SH,英集芯,卖出,21.287,-30794,-655522.35,196.66,655.52
2023-04-21,09:31:00,688320.SH,禾川科技,买入,35.561,22000,782341.56,234.70,0.00
2023-04-20,09:31:00,688247.SH,宣泰医药,卖出,15.768,-49843,-785944.36,235.78,785.94
2023-04-19,09:31:00,688216.SH,气派科技,卖出,30.299,-23776,-720395.68,216.12,720.40
2023-04-18,09:31:00,688325.SH,赛微微电,买入,51.783,15604,808027.55,242.41,0.00
2023-04-17,09:31:00,688130.SH,晶华微,买入,53.908,15154,816915.77,245.07,0.00
2023-04-17,09:31:00,688103.SH,国力电子,买入,71.853,11367,816757.83,245.03,0.00
2023-04-14,09:31:00,688230.SH,芯导科技,卖出,71.696,-10547,-756181.09,226.85,756.18
2023-04-11,09:31:00,688416.SH,恒烁股份,卖出,67.415,-7226,-487140.07,146.14,487.14
2023-04-10,09:31:00,688403.SH,汇成股份,卖出,14.850,-58943,-875317.70,262.60,875.32
2023-04-10,09:31:00,688400.SH,凌云光,卖出,40.918,-24377,-997458.09,299.24,997.46
2023-04-07,09:31:00,688216.SH,气派科技,买入,33.026,23776,785224.27,235.57,0.00
2023-04-06,09:31:00,688036.SH,传音控股,卖出,123.752,-4196,-519263.39,155.78,519.26
2023-04-04,09:31:00,688253.SH,英诺特,买入,27.034,28391,767521.16,230.26,0.00
2023-04-04,09:31:00,688209.SH,英集芯,买入,24.930,30794,767687.03,230.31,0.00
2023-04-03,09:31:00,688416.SH,恒烁股份,卖出,62.275,-7226,-450000.60,135.00,450.00
2023-03-28,09:31:00,688536.SH,思瑞浦,卖出,242.504,-2755,-668098.58,200.43,668.10
2023-03-27,09:31:00,688036.SH,传音控股,卖出,111.277,-4196,-466918.29,140.08,466.92
2023-03-23,09:31:00,688282.SH,理工导航,买入,49.479,14797,732137.21,219.64,0.00
2023-03-21,09:31:00,688536.SH,思瑞浦,买入,262.334,2755,722729.12,216.82,0.00
2023-03-21,09:31:00,688247.SH,宣泰医药,买入,14.499,49843,722670.67,216.80,0.00
2023-03-20,09:31:00,688416.SH,恒烁股份,买入,50.100,14452,724045.20,217.21,0.00
2023-03-15,09:31:00,688230.SH,芯导科技,买入,68.727,10547,724865.57,217.46,0.00
2023-03-14,09:31:00,688105.SH,诺唯赞,卖出,48.503,-13794,-669047.62,200.71,669.05
2023-03-14,09:31:00,688400.SH,凌云光,买入,29.559,24377,720559.74,216.17,0.00
2023-03-10,09:31:00,688403.SH,汇成股份,买入,12.214,58943,719952.20,215.99,0.00
2023-03-08,09:31:00,688105.SH,诺唯赞,买入,52.455,13794,723560.13,217.07,0.00
2023-03-08,09:31:00,688036.SH,传音控股,买入,86.242,8392,723744.04,217.12,0.00
2023-03-02,09:31:00,688382.SH,益方生物,卖出,16.716,-22972,-384011.44,115.20,384.01
2023-02-17,09:31:00,688697.SH,纽威数控,卖出,29.012,-28256,-819759.12,245.93,819.76
2023-02-13,09:31:00,688188.SH,柏楚电子,卖出,229.450,-3285,-753743.84,226.12,753.74
2023-02-10,09:31:00,688628.SH,优利德,卖出,43.303,-9635,-417226.52,125.17,417.23
2023-02-07,09:31:00,688628.SH,优利德,卖出,45.439,-9636,-437849.63,131.35,437.85
2023-02-06,09:31:00,688382.SH,益方生物,卖出,18.902,-22972,-434219.50,130.27,434.22
2023-01-31,09:31:00,688382.SH,益方生物,买入,14.920,45944,685474.37,205.64,0.00
2023-01-30,09:31:00,688186.SH,广大特材,卖出,27.086,-25204,-682668.49,204.80,682.67
2023-01-30,09:31:00,688037.SH,芯源微,卖出,190.119,-2044,-388603.24,116.58,388.60
2023-01-30,09:31:00,688345.SH,博力威,卖出,55.858,-11493,-641976.68,192.59,641.98
2023-01-18,09:31:00,688697.SH,纽威数控,买入,23.998,28256,678084.66,203.43,0.00
2023-01-18,09:31:00,688037.SH,芯源微,卖出,186.526,-2045,-381446.08,114.43,381.45
2023-01-12,09:31:00,688188.SH,柏楚电子,买入,200.550,3285,658807.74,197.64,0.00
2023-01-11,09:31:00,688628.SH,优利德,买入,34.268,19271,660386.34,198.12,0.00
2023-01-06,09:31:00,688248.SH,南网科技,卖出,63.583,-6406,-407310.01,122.19,407.31
2023-01-04,09:31:00,688248.SH,南网科技,卖出,62.265,-6406,-398871.00,119.66,398.87
2022-12-30,09:31:00,688186.SH,广大特材,买入,25.451,25204,641461.96,192.44,0.00
2022-12-30,09:31:00,688359.SH,三孚新科,卖出,75.119,-5597,-420443.62,126.13,420.44
2022-12-29,09:31:00,688359.SH,三孚新科,卖出,70.090,-5598,-392361.24,117.71,392.36
2022-12-28,09:31:00,688345.SH,博力威,买入,55.250,11493,634991.47,190.50,0.00
2022-12-26,09:31:00,688037.SH,芯源微,买入,148.807,4089,608471.90,182.54,0.00
2022-12-23,09:31:00,688248.SH,南网科技,买入,47.385,12812,607091.24,182.13,0.00
2022-12-23,09:31:00,688359.SH,三孚新科,买入,54.238,11195,607197.32,182.16,0.00
2022-12-23,09:31:00,688538.SH,和辉光电,卖出,2.655,-240870,-639432.77,191.83,639.43
2022-12-22,09:31:00,688408.SH,中信博,卖出,79.640,-7334,-584082.69,175.22,584.08
2022-12-22,09:31:00,688150.SH,莱特光电,卖出,19.551,-29731,-581265.43,174.38,581.27
2022-12-21,09:31:00,688722.SH,同益中,卖出,18.064,-31433,-567799.43,170.34,567.80
2022-12-12,09:31:00,688301.SH,奕瑞科技,卖出,420.837,-1401,-589592.13,176.88,589.59
2022-12-09,09:31:00,688301.SH,奕瑞科技,买入,453.906,1401,635922.31,190.78,0.00
2022-12-06,09:31:00,688722.SH,同益中,买入,20.140,31433,633066.91,189.92,0.00
2022-12-01,09:31:00,688408.SH,中信博,买入,85.972,7334,630515.71,189.15,0.00
2022-11-30,09:31:00,688772.SH,珠海冠宇,卖出,22.675,-26274,-595751.39,178.73,595.75
2022-11-30,09:31:00,688686.SH,奥普特,卖出,142.115,-4161,-591341.35,177.40,591.34
2022-11-29,09:31:00,688667.SH,菱电电控,卖出,89.700,-6190,-555244.49,166.57,555.24
2022-11-28,09:31:00,688150.SH,莱特光电,买入,21.242,29731,631557.79,189.47,0.00
2022-11-28,09:31:00,688661.SH,和林微纳,卖出,62.724,-9385,-588667.56,176.60,588.67
2022-11-28,09:31:00,688218.SH,江苏北人,卖出,16.866,-29734,-501499.59,150.45,501.50
2022-11-23,09:31:00,688538.SH,和辉光电,买入,2.665,240870,641995.63,192.60,0.00
2022-11-21,09:31:00,688355.SH,明志科技,卖出,39.601,-10297,-407767.79,122.33,407.77
2022-11-21,09:31:00,688665.SH,四方光电,卖出,113.762,-1527,-173714.60,52.11,173.71
2022-11-17,09:31:00,688355.SH,明志科技,卖出,35.988,-10298,-370603.19,111.18,370.60
2022-11-17,09:31:00,688665.SH,四方光电,卖出,106.816,-1527,-163107.94,48.93,163.11
2022-11-17,09:31:00,688107.SH,安路科技,卖出,69.441,-4796,-333038.27,99.91,333.04
2022-11-16,09:31:00,688259.SH,创耀科技,卖出,89.820,-4801,-431225.82,129.37,431.23
2022-11-16,09:31:00,688661.SH,和林微纳,买入,68.527,9385,643123.83,192.94,0.00
2022-11-16,09:31:00,688608.SH,恒玄科技,卖出,146.556,-1516,-222179.35,66.65,222.18
2022-11-14,09:31:00,688355.SH,明志科技,买入,29.058,20595,598449.51,179.53,0.00
2022-11-14,09:31:00,688148.SH,芳源股份,卖出,18.054,-10976,-198158.73,59.45,198.16
2022-11-14,09:31:00,688131.SH,皓元医药,卖出,128.742,-1920,-247184.64,74.16,247.18
2022-11-11,09:31:00,688667.SH,菱电电控,买入,98.056,6190,606964.91,182.09,0.00
2022-11-11,09:31:00,688019.SH,安集科技,卖出,214.610,-1126,-241650.77,72.50,241.65
2022-11-11,09:31:00,688601.SH,力芯微,卖出,67.485,-8050,-543252.32,162.98,543.25
2022-11-10,09:31:00,688699.SH,明微电子,卖出,53.942,-5526,-298082.94,89.42,298.08
2022-11-09,09:31:00,688148.SH,芳源股份,卖出,18.982,-10977,-208364.97,62.51,208.36
2022-11-08,09:31:00,688680.SH,海优新材,卖出,179.640,-1686,-302873.04,90.86,302.87
2022-11-07,09:31:00,688608.SH,恒玄科技,卖出,124.750,-1516,-189121.00,56.74,189.12
2022-11-04,09:31:00,688699.SH,明微电子,卖出,57.884,-5526,-319866.98,95.96,319.87
2022-11-04,09:31:00,688680.SH,海优新材,卖出,165.448,-1687,-279111.52,83.73,279.11
2022-11-04,09:31:00,688082.SH,盛美上海,卖出,95.908,-3379,-324072.46,97.22,324.07
2022-11-03,09:31:00,688218.SH,江苏北人,买入,19.309,29734,574120.13,172.24,0.00
2022-11-02,09:31:00,688665.SH,四方光电,买入,81.773,3054,249735.41,74.92,0.00
2022-11-02,09:31:00,688082.SH,盛美上海,卖出,89.770,-3380,-303422.94,91.03,303.42
2022-11-02,09:31:00,688107.SH,安路科技,卖出,69.461,-4797,-333203.46,99.96,333.20
2022-11-01,09:31:00,688019.SH,安集科技,卖出,221.915,-1127,-250098.52,75.03,250.10
2022-11-01,09:31:00,688680.SH,海优新材,买入,131.963,3373,445112.55,133.53,0.00
2022-10-31,09:31:00,688686.SH,奥普特,买入,128.256,4161,533673.22,160.10,0.00
2022-10-31,09:31:00,688772.SH,珠海冠宇,买入,20.210,26274,531006.47,159.30,0.00
2022-10-31,09:31:00,688218.SH,江苏北人,卖出,16.966,-686,-11638.68,5.00,11.64
2022-10-31,09:31:00,688667.SH,菱电电控,卖出,92.804,-1062,-98557.87,29.57,98.56
2022-10-31,09:31:00,688012.SH,中微公司,卖出,108.283,-3100,-335677.30,100.70,335.68
2022-10-28,09:31:00,688772.SH,珠海冠宇,卖出,20.898,-19141,-400010.91,120.00,400.01
2022-10-28,09:31:00,688696.SH,极米科技,卖出,161.676,-2610,-421974.36,126.59,421.97
2022-10-27,09:31:00,688259.SH,创耀科技,买入,64.709,4801,310668.68,93.20,0.00
2022-10-27,09:31:00,688131.SH,皓元医药,卖出,127.225,-1921,-244399.30,73.32,244.40
2022-10-26,09:31:00,688012.SH,中微公司,卖出,100.309,-3101,-311058.15,93.32,311.06
2022-10-21,09:31:00,688696.SH,极米科技,买入,186.342,2610,486352.46,145.91,0.00
2022-10-20,09:31:00,688696.SH,极米科技,卖出,184.630,-2639,-487238.57,146.17,487.24
2022-10-19,09:31:00,688772.SH,珠海冠宇,买入,22.545,19141,431533.85,129.46,0.00
2022-10-18,09:31:00,688608.SH,恒玄科技,买入,98.497,3032,298641.69,89.59,0.00
2022-10-18,09:31:00,688107.SH,安路科技,买入,55.030,9593,527901.26,158.37,0.00
2022-10-18,09:31:00,688696.SH,极米科技,买入,200.079,2639,528009.43,158.40,0.00
2022-10-18,09:31:00,688772.SH,珠海冠宇,卖出,19.641,-22006,-432211.92,129.66,432.21
2022-10-17,09:31:00,688630.SH,芯碁微装,卖出,69.151,-7523,-520226.13,156.07,520.23
2022-10-17,09:31:00,688772.SH,珠海冠宇,买入,21.834,22006,480469.76,144.14,0.00
2022-10-17,09:31:00,688029.SH,南微医学,卖出,93.812,-7044,-660811.73,198.24,660.81
2022-10-17,09:31:00,688707.SH,振华新材,卖出,52.814,-3327,-175712.71,52.71,175.71
2022-10-14,09:31:00,688091.SH,上海谊众,卖出,86.227,-5581,-481234.00,144.37,481.23
2022-10-14,09:31:00,688148.SH,芳源股份,买入,14.920,21953,327533.93,98.26,0.00
2022-10-13,09:31:00,688131.SH,皓元医药,买入,97.575,3841,374784.65,112.44,0.00
2022-10-13,09:31:00,688586.SH,江航装备,卖出,15.459,-21216,-327978.57,98.39,327.98
2022-10-13,09:31:00,688012.SH,中微公司,买入,79.368,6201,492163.57,147.65,0.00
2022-10-12,09:31:00,688020.SH,方邦股份,卖出,35.130,-12035,-422784.74,126.84,422.78
2022-10-12,09:31:00,688012.SH,中微公司,卖出,79.970,-5572,-445591.39,133.68,445.59
2022-10-12,09:31:00,688601.SH,力芯微,买入,59.098,8050,475738.58,142.72,0.00
2022-10-12,09:31:00,688019.SH,安集科技,买入,177.504,2253,399917.19,119.98,0.00
2022-10-12,09:31:00,688082.SH,盛美上海,买入,70.401,6759,475837.11,142.75,0.00
2022-10-11,09:31:00,688218.SH,江苏北人,买入,19.238,686,13197.54,5.00,0.00
2022-10-11,09:31:00,688601.SH,力芯微,卖出,59.171,-7877,-466093.28,139.83,466.09
2022-10-11,09:31:00,688408.SH,中信博,卖出,90.549,-5062,-458356.71,137.51,458.36
2022-10-11,09:31:00,688012.SH,中微公司,买入,86.873,5572,484058.58,145.22,0.00
2022-10-11,09:31:00,688561.SH,奇安信,卖出,41.277,-10399,-429242.43,128.77,429.24
2022-10-11,09:31:00,688699.SH,明微电子,买入,43.787,11052,483938.34,145.18,0.00
2022-10-10,09:31:00,688601.SH,力芯微,买入,64.228,7877,505925.53,151.78,0.00
2022-10-10,09:31:00,688663.SH,新风光,卖出,42.914,-7128,-305890.99,91.77,305.89
2022-10-10,09:31:00,688355.SH,明志科技,卖出,23.253,-10819,-251578.53,75.47,251.58
2022-10-10,09:31:00,688102.SH,斯瑞新材,卖出,14.780,-28772,-425261.09,127.58,425.26
2022-10-10,09:31:00,688667.SH,菱电电控,买入,101.463,1062,107753.20,32.33,0.00
2022-09-30,09:31:00,688617.SH,惠泰医疗,卖出,219.460,-2801,-614708.02,184.41,614.71
2022-09-29,09:31:00,688586.SH,江航装备,买入,21.743,15154,329499.48,98.85,0.00
2022-09-28,09:31:00,688663.SH,新风光,卖出,46.297,-7128,-330006.58,99.00,330.01
2022-09-27,09:31:00,688561.SH,奇安信,买入,45.310,10399,471183.27,141.35,0.00
2022-09-26,09:31:00,688368.SH,晶丰明源,卖出,91.107,-5180,-471936.44,141.58,471.94
2022-09-21,09:31:00,688029.SH,南微医学,买入,69.018,7044,486161.10,145.85,0.00
2022-09-20,09:31:00,688102.SH,斯瑞新材,买入,16.192,28772,465885.43,139.77,0.00
2022-09-20,09:31:00,688378.SH,奥来德,卖出,29.092,-16739,-486965.97,146.09,486.97
2022-09-19,09:31:00,688408.SH,中信博,买入,98.026,5062,496205.89,148.86,0.00
2022-09-19,09:31:00,688155.SH,先惠技术,卖出,71.187,-6555,-466633.01,139.99,466.63
2022-09-19,09:31:00,688020.SH,方邦股份,买入,38.116,12035,458727.02,137.62,0.00
2022-09-16,09:31:00,688630.SH,芯碁微装,买入,66.132,7523,497511.04,149.25,0.00
2022-09-16,09:31:00,688328.SH,深科达,卖出,23.673,-19532,-462372.44,138.71,462.37
2022-09-16,09:31:00,688020.SH,方邦股份,卖出,39.491,-12511,-494070.15,148.22,494.07
2022-09-16,09:31:00,688707.SH,振华新材,买入,47.094,3327,156681.74,47.00,0.00
2022-09-15,09:31:00,688091.SH,上海谊众,买入,93.246,5581,520406.60,156.12,0.00
2022-09-14,09:31:00,688091.SH,上海谊众,卖出,92.914,-5177,-481014.74,144.30,481.01
2022-09-13,09:31:00,688091.SH,上海谊众,买入,101.032,5177,523040.90,156.91,0.00
2022-09-09,09:31:00,688091.SH,上海谊众,卖出,94.810,-4989,-473007.09,141.90,473.01
2022-09-08,09:31:00,688020.SH,方邦股份,买入,43.246,12511,541054.71,162.32,0.00
2022-09-08,09:31:00,688355.SH,明志科技,卖出,29.481,-10819,-318954.07,95.69,318.95
2022-09-06,09:31:00,688139.SH,海尔生物,卖出,67.345,-7441,-501114.44,150.33,501.11
2022-09-06,09:31:00,688368.SH,晶丰明源,买入,100.180,5180,518932.19,155.68,0.00
2022-09-05,09:31:00,688328.SH,深科达,买入,26.403,19532,515697.54,154.71,0.00
2022-09-02,09:31:00,688155.SH,先惠技术,买入,77.906,6555,510670.55,153.20,0.00
2022-09-02,09:31:00,688355.SH,明志科技,买入,23.607,21638,510810.86,153.24,0.00
2022-09-01,09:31:00,688667.SH,菱电电控,卖出,116.277,-4215,-490107.47,147.03,490.11
2022-09-01,09:31:00,688395.SH,正弦电气,卖出,21.677,-22074,-478488.39,143.55,478.49
2022-09-01,09:31:00,688663.SH,新风光,买入,35.912,14256,511956.91,153.59,0.00
2022-09-01,09:31:00,688155.SH,先惠技术,卖出,78.443,-6136,-481325.02,144.40,481.33
2022-08-31,09:31:00,688617.SH,惠泰医疗,买入,185.871,2801,520624.67,156.19,0.00
2022-08-30,09:31:00,688155.SH,先惠技术,买入,86.072,6136,528136.56,158.44,0.00
2022-08-30,09:31:00,688395.SH,正弦电气,买入,23.918,22074,527960.19,158.39,0.00
2022-08-30,09:31:00,688667.SH,菱电电控,买入,125.280,4215,528055.45,158.42,0.00
2022-08-29,09:31:00,688395.SH,正弦电气,卖出,22.555,-21884,-493589.24,148.08,493.59
2022-08-29,09:31:00,688378.SH,奥来德,买入,31.563,16739,528333.06,158.50,0.00
2022-08-26,09:31:00,688091.SH,上海谊众,买入,106.723,4989,532441.15,159.73,0.00
2022-08-25,09:31:00,688091.SH,上海谊众,卖出,107.664,-4600,-495255.50,148.58,495.26
2022-08-25,09:31:00,688180.SH,君实生物,卖出,54.780,-8984,-492145.50,147.64,492.15
2022-08-25,09:31:00,688395.SH,正弦电气,买入,24.339,21884,532625.48,159.79,0.00
2022-08-22,09:31:00,688091.SH,上海谊众,买入,118.206,4600,543747.32,163.12,0.00
2022-08-08,09:31:00,688180.SH,君实生物,买入,60.521,8984,543718.87,163.12,0.00
2022-08-08,09:31:00,688139.SH,海尔生物,买入,73.086,7441,543832.03,163.15,0.00
2022-07-08,09:31:00,688793.SH,倍轻松,卖出,49.700,-9629,-478565.15,143.57,478.57
2022-06-30,09:31:00,688276.SH,百克生物,卖出,65.529,-5577,-365453.45,109.64,365.45
2022-06-29,09:31:00,688276.SH,百克生物,卖出,59.710,-5578,-333064.28,99.92,333.06
2022-06-27,09:31:00,688321.SH,微芯生物,卖出,25.659,-22912,-587889.38,176.37,587.89
2022-06-20,09:31:00,688076.SH,ST诺泰,卖出,25.838,-12837,-331685.23,99.51,331.69
2022-06-16,09:31:00,688068.SH,热景生物,卖出,84.630,-5586,-472745.41,141.82,472.75
2022-06-15,09:31:00,688002.SH,睿创微纳,卖出,39.122,-8809,-344622.17,103.39,344.62
2022-06-15,09:31:00,688162.SH,巨一科技,卖出,56.886,-10370,-589907.82,176.97,589.91
2022-06-15,09:31:00,688793.SH,倍轻松,买入,54.499,9629,524768.75,157.43,0.00
2022-06-13,09:31:00,688699.SH,明微电子,卖出,101.896,-5082,-517834.46,155.35,517.83
2022-06-13,09:31:00,688158.SH,优刻得,卖出,14.960,-34875,-521730.70,156.52,521.73
2022-06-10,09:31:00,688608.SH,恒玄科技,卖出,162.684,-1978,-321788.91,96.54,321.79
2022-06-08,09:31:00,688276.SH,百克生物,买入,47.896,11155,534275.42,160.28,0.00
2022-06-06,09:31:00,689009.SH,九号公司,卖出,51.786,-408,-21128.78,6.34,21.13
2022-06-06,09:31:00,688608.SH,恒玄科技,卖出,159.620,-1978,-315728.60,94.72,315.73
2022-06-02,09:31:00,688339.SH,亿华通,卖出,88.553,-4147,-367227.38,110.17,367.23
2022-06-02,09:31:00,688180.SH,君实生物,卖出,72.155,-5611,-404863.95,121.46,404.86
2022-06-02,09:31:00,688575.SH,亚辉龙,卖出,21.207,-23005,-487878.54,146.36,487.88
2022-06-01,09:31:00,689009.SH,九号公司,卖出,45.609,-409,-18653.92,5.60,18.65
2022-05-31,09:31:00,688180.SH,君实生物,买入,82.735,5611,464226.87,139.27,0.00
2022-05-30,09:31:00,688608.SH,恒玄科技,买入,120.531,3956,476818.97,143.05,0.00
2022-05-30,09:31:00,688023.SH,安恒信息,卖出,116.796,-3533,-412640.06,123.79,412.64
2022-05-27,09:31:00,688608.SH,恒玄科技,卖出,121.407,-1825,-221567.23,66.47,221.57
2022-05-27,09:31:00,688068.SH,热景生物,买入,127.755,3774,482147.37,144.64,0.00
2022-05-27,09:31:00,688300.SH,联瑞新材,卖出,69.361,-3546,-245954.11,73.79,245.95
2022-05-26,09:31:00,688321.SH,微芯生物,买入,20.972,22912,480507.26,144.15,0.00
2022-05-26,09:31:00,688518.SH,联赢激光,卖出,24.681,-9199,-227036.29,68.11,227.04
2022-05-26,09:31:00,688368.SH,晶丰明源,卖出,144.710,-207,-29954.97,8.99,29.95
2022-05-25,09:31:00,688766.SH,普冉股份,卖出,154.690,-1498,-231725.62,69.52,231.73
2022-05-24,09:31:00,688368.SH,晶丰明源,卖出,158.682,-208,-33005.86,9.90,33.01
2022-05-20,09:31:00,688766.SH,普冉股份,卖出,222.434,-1071,-238227.07,71.47,238.23
2022-05-20,09:31:00,688518.SH,联赢激光,卖出,27.126,-9199,-249528.76,74.86,249.53
2022-05-19,09:31:00,688575.SH,亚辉龙,买入,29.439,16432,483737.70,145.12,0.00
2022-05-19,09:31:00,688076.SH,ST诺泰,买入,24.599,12837,315778.65,94.73,0.00
2022-05-18,09:31:00,688608.SH,恒玄科技,卖出,133.063,-1825,-242840.60,72.85,242.84
2022-05-18,09:31:00,688772.SH,珠海冠宇,卖出,26.816,-9744,-261297.64,78.39,261.30
2022-05-18,09:31:00,688711.SH,宏微科技,卖出,82.934,-3577,-296654.20,89.00,296.65
2022-05-16,09:31:00,688162.SH,巨一科技,买入,46.002,10370,477038.87,143.11,0.00
2022-05-16,09:31:00,688002.SH,睿创微纳,买入,38.166,8809,336205.88,100.86,0.00
2022-05-13,09:31:00,688533.SH,上声电子,卖出,46.277,-6485,-300108.03,90.03,300.11
2022-05-13,09:31:00,688408.SH,中信博,卖出,69.860,-3932,-274689.52,82.41,274.69
2022-05-13,09:31:00,689009.SH,九号公司,买入,35.671,817,29143.37,8.74,0.00
2022-05-13,09:31:00,688300.SH,联瑞新材,卖出,67.595,-3547,-239757.83,71.93,239.76
2022-05-13,09:31:00,688158.SH,优刻得,买入,13.617,34875,474899.15,142.47,0.00
2022-05-12,09:31:00,688699.SH,明微电子,买入,92.374,5082,469446.60,140.83,0.00
2022-05-12,09:31:00,688772.SH,珠海冠宇,卖出,25.369,-9744,-247197.10,74.16,247.20
2022-05-12,09:31:00,688390.SH,固德威,卖出,218.163,-1181,-257650.27,77.30,257.65
2022-05-12,09:31:00,688339.SH,亿华通,买入,110.390,2962,326976.19,98.09,0.00
2022-05-11,09:31:00,688390.SH,固德威,卖出,212.424,-1182,-251085.52,75.33,251.09
2022-05-11,09:31:00,688408.SH,中信博,卖出,65.698,-3932,-258325.87,77.50,258.33
2022-05-11,09:31:00,688533.SH,上声电子,卖出,44.451,-6485,-288264.22,86.48,288.26
2022-04-28,09:31:00,688408.SH,中信博,买入,51.102,7864,401866.13,120.56,0.00
2022-04-28,09:31:00,688711.SH,宏微科技,买入,60.731,3577,217235.57,65.17,0.00
2022-04-28,09:31:00,688023.SH,安恒信息,买入,113.757,3533,401903.69,120.57,0.00
2022-04-27,09:31:00,688711.SH,宏微科技,卖出,55.090,-2285,-125879.74,37.76,125.88
2022-04-27,09:31:00,688300.SH,联瑞新材,买入,54.108,7093,383788.04,115.14,0.00
2022-04-27,09:31:00,688608.SH,恒玄科技,买入,105.210,3650,384016.50,115.20,0.00
2022-04-27,09:31:00,688390.SH,固德威,买入,162.444,2363,383855.74,115.16,0.00
2022-04-27,09:31:00,688772.SH,珠海冠宇,买入,19.699,19488,383900.35,115.17,0.00
2022-04-27,09:31:00,688766.SH,普冉股份,买入,179.188,2141,383640.78,115.09,0.00
2022-04-27,09:31:00,688408.SH,中信博,卖出,47.904,-7744,-370968.58,111.29,370.97
2022-04-27,09:31:00,688083.SH,中望软件,卖出,181.905,-746,-135701.47,40.71,135.70
2022-04-26,09:31:00,688800.SH,瑞可达,卖出,76.477,-5301,-405403.20,121.62,405.40
2022-04-26,09:31:00,688006.SH,杭可科技,卖出,40.738,-9584,-390436.44,117.13,390.44
2022-04-26,09:31:00,688772.SH,珠海冠宇,卖出,20.509,-19306,-395944.82,118.78,395.94
2022-04-26,09:31:00,688518.SH,联赢激光,买入,21.353,18398,392845.50,117.85,0.00
2022-04-26,09:31:00,688390.SH,固德威,卖出,167.963,-2156,-362129.09,108.64,362.13
2022-04-26,09:31:00,688608.SH,恒玄科技,卖出,111.287,-3246,-361237.54,108.37,361.24
2022-04-26,09:31:00,688208.SH,道通科技,卖出,28.523,-13926,-397209.07,119.16,397.21
2022-04-26,09:31:00,688368.SH,晶丰明源,买入,127.504,415,52914.37,15.87,0.00
2022-04-25,09:31:00,688006.SH,杭可科技,买入,44.679,9584,428205.26,128.46,0.00
2022-04-25,09:31:00,688699.SH,明微电子,卖出,89.820,-4504,-404549.28,121.36,404.55
2022-04-25,09:31:00,688711.SH,宏微科技,买入,63.938,2285,146097.46,43.83,0.00
2022-04-25,09:31:00,688608.SH,恒玄科技,买入,131.973,3246,428385.72,128.52,0.00
2022-04-25,09:31:00,688390.SH,固德威,买入,198.727,2156,428454.68,128.54,0.00
2022-04-25,09:31:00,688772.SH,珠海冠宇,买入,22.184,19306,428289.71,128.49,0.00
2022-04-25,09:31:00,688383.SH,新益昌,卖出,71.177,-589,-41923.47,12.58,41.92
2022-04-25,09:31:00,688408.SH,中信博,买入,55.340,7744,428556.52,128.57,0.00
2022-04-22,09:31:00,688608.SH,恒玄科技,卖出,139.720,-2666,-372493.52,111.75,372.49
2022-04-22,09:31:00,688390.SH,固德威,卖出,218.562,-1878,-410459.44,123.14,410.46
2022-04-22,09:31:00,688266.SH,泽璟制药,卖出,27.505,-14684,-403881.66,121.16,403.88
2022-04-22,09:31:00,688711.SH,宏微科技,卖出,69.062,-5912,-408292.18,122.49,408.29
2022-04-22,09:31:00,688408.SH,中信博,卖出,57.086,-7150,-408162.04,122.45,408.16
2022-04-22,09:31:00,688187.SH,时代电气,卖出,41.946,-3127,-131164.95,39.35,131.16
2022-04-22,09:31:00,688766.SH,普冉股份,卖出,231.027,-680,-157098.37,47.13,157.10
2022-04-19,09:31:00,688083.SH,中望软件,买入,198.897,746,148377.16,44.51,0.00
2022-04-18,09:31:00,688767.SH,博拓生物,卖出,79.890,-1861,-148675.10,44.60,148.68
2022-04-18,09:31:00,688208.SH,道通科技,买入,32.725,13926,455732.81,136.72,0.00
2022-04-18,09:31:00,688699.SH,明微电子,买入,101.212,4504,455858.94,136.76,0.00
2022-04-18,09:31:00,688766.SH,普冉股份,买入,250.500,680,170340.00,51.10,0.00
2022-04-15,09:31:00,688390.SH,固德威,买入,236.392,1878,443943.88,133.18,0.00
2022-04-15,09:31:00,688408.SH,中信博,买入,62.114,7150,444114.96,133.23,0.00
2022-04-15,09:31:00,689009.SH,九号公司,卖出,40.299,-9349,-376757.59,113.03,376.76
2022-04-14,09:31:00,688408.SH,中信博,卖出,65.329,-6674,-436006.28,130.80,436.01
2022-04-14,09:31:00,688383.SH,新益昌,买入,76.954,589,45325.67,13.60,0.00
2022-04-14,09:31:00,688033.SH,*ST天宜,卖出,15.728,-22365,-351767.46,105.53,351.77
2022-04-14,09:31:00,688667.SH,菱电电控,卖出,101.087,-2384,-240992.41,72.30,240.99
2022-04-14,09:31:00,688711.SH,宏微科技,买入,75.591,5912,446893.28,134.07,0.00
2022-04-14,09:31:00,688063.SH,派能科技,卖出,137.724,-4122,-567698.33,170.31,567.70
2022-04-14,09:31:00,688533.SH,上声电子,买入,34.469,12970,447060.34,134.12,0.00
2022-04-13,09:31:00,688533.SH,上声电子,卖出,35.120,-12607,-442753.05,132.83,442.75
2022-04-13,09:31:00,688800.SH,瑞可达,买入,86.062,5301,456213.50,136.86,0.00
2022-04-13,09:31:00,688266.SH,泽璟制药,买入,31.062,14684,456114.41,136.83,0.00
2022-04-13,09:31:00,688608.SH,恒玄科技,买入,152.404,2666,406309.60,121.89,0.00
2022-04-13,09:31:00,688169.SH,石头科技,卖出,512.772,-971,-497902.00,149.37,497.90
2022-04-12,09:31:00,688187.SH,时代电气,买入,45.721,3127,142970.38,42.89,0.00
2022-04-12,09:31:00,688366.SH,昊海生科,卖出,82.834,-5344,-442664.90,132.80,442.66
2022-04-12,09:31:00,688800.SH,瑞可达,卖出,85.030,-5007,-425743.21,127.72,425.74
2022-04-12,09:31:00,688088.SH,虹软科技,卖出,25.948,-17436,-452429.33,135.73,452.43
2022-04-11,09:31:00,688408.SH,中信博,买入,71.883,6674,479750.35,143.93,0.00
2022-04-11,09:31:00,688696.SH,极米科技,卖出,387.104,-370,-143228.57,42.97,143.23
2022-04-11,09:31:00,688033.SH,*ST天宜,买入,17.244,22365,385671.45,115.70,0.00
2022-04-11,09:31:00,688800.SH,瑞可达,买入,95.831,5007,479827.22,143.95,0.00
2022-04-11,09:31:00,688533.SH,上声电子,买入,38.076,12607,480024.13,144.01,0.00
2022-04-08,09:31:00,688083.SH,中望软件,卖出,214.570,-2037,-437079.09,131.12,437.08
2022-04-08,09:31:00,688408.SH,中信博,卖出,75.469,-5965,-450171.15,135.05,450.17
2022-04-07,09:31:00,688131.SH,皓元医药,卖出,160.758,-2052,-329875.09,98.96,329.88
2022-04-07,09:31:00,688029.SH,南微医学,卖出,121.606,-1456,-177058.77,53.12,177.06
2022-04-07,09:31:00,688208.SH,道通科技,卖出,37.235,-11655,-433978.35,130.19,433.98
2022-04-01,09:31:00,688767.SH,博拓生物,买入,86.653,1861,161261.16,48.38,0.00
2022-04-01,09:31:00,688088.SH,虹软科技,买入,28.717,17436,500715.19,150.21,0.00
2022-03-31,09:31:00,688117.SH,圣诺生物,卖出,46.906,-8583,-402594.20,120.78,402.59
2022-03-29,09:31:00,688408.SH,中信博,买入,82.986,5965,495009.34,148.50,0.00
2022-03-28,09:31:00,688408.SH,中信博,卖出,83.113,-4477,-372098.87,111.63,372.10
2022-03-28,09:31:00,688661.SH,和林微纳,卖出,59.870,-6417,-384185.92,115.26,384.19
2022-03-23,09:31:00,688117.SH,圣诺生物,买入,34.980,8583,300231.80,90.07,0.00
2022-03-22,09:31:00,688667.SH,菱电电控,卖出,126.087,-2385,-300718.26,90.22,300.72
2022-03-18,09:31:00,688366.SH,昊海生科,买入,92.655,5344,495148.00,148.54,0.00
2022-03-18,09:31:00,688029.SH,南微医学,买入,131.252,1456,191102.88,57.33,0.00
2022-03-17,09:31:00,688317.SH,之江生物,卖出,40.349,-6089,-245685.91,73.71,245.69
2022-03-17,09:31:00,688617.SH,惠泰医疗,卖出,191.516,-2306,-441636.36,132.49,441.64
2022-03-17,09:31:00,688408.SH,中信博,买入,93.958,4477,420647.91,126.19,0.00
2022-03-16,09:31:00,688408.SH,中信博,卖出,85.708,-2430,-208271.02,62.48,208.27
2022-03-16,09:31:00,688339.SH,亿华通,卖出,146.247,-1457,-213081.76,63.92,213.08
2022-03-16,09:31:00,689009.SH,九号公司,买入,41.433,9349,387354.31,116.21,0.00
2022-03-15,09:31:00,688667.SH,菱电电控,买入,101.202,4769,482632.34,144.79,0.00
2022-03-15,09:31:00,688063.SH,派能科技,买入,117.124,4122,482784.22,144.84,0.00
2022-03-15,09:31:00,688083.SH,中望软件,买入,236.833,2037,482428.25,144.73,0.00
2022-03-14,09:31:00,688169.SH,石头科技,买入,509.036,971,494273.99,148.28,0.00
2022-03-14,09:31:00,688317.SH,之江生物,卖出,46.976,-6090,-286082.99,85.82,286.08
2022-03-14,09:31:00,688221.SH,前沿生物,卖出,20.968,-29184,-611929.53,183.58,611.93
2022-03-14,09:31:00,688310.SH,迈得医疗,卖出,29.641,-14698,-435657.54,130.70,435.66
2022-03-11,09:31:00,688208.SH,道通科技,买入,40.852,11655,476124.70,142.84,0.00
2022-03-11,09:31:00,688356.SH,键凯科技,卖出,234.191,-1916,-448709.34,134.61,448.71
2022-03-11,09:31:00,688606.SH,奥泰生物,卖出,149.700,-3679,-550746.30,165.22,550.75
2022-03-11,09:31:00,688696.SH,极米科技,买入,345.690,370,127905.30,38.37,0.00
2022-03-10,09:31:00,688518.SH,联赢激光,卖出,29.700,-14238,-422875.43,126.86,422.88
2022-03-10,09:31:00,688039.SH,当虹科技,卖出,47.894,-3803,-182140.96,54.64,182.14
2022-03-09,09:31:00,688661.SH,和林微纳,买入,66.332,6417,425655.01,127.70,0.00
2022-03-08,09:31:00,688128.SH,中国电研,卖出,22.375,-18125,-405549.78,121.66,405.55
2022-03-08,09:31:00,688800.SH,瑞可达,卖出,88.742,-234,-20765.67,6.23,20.77
2022-03-08,09:31:00,688131.SH,皓元医药,买入,154.128,2052,316269.92,94.88,0.00
2022-03-03,09:31:00,688088.SH,虹软科技,卖出,34.900,-9079,-316857.64,95.06,316.86
2022-03-01,09:31:00,688039.SH,当虹科技,买入,51.813,3803,197046.44,59.11,0.00
2022-02-28,09:31:00,688039.SH,当虹科技,卖出,49.900,-3955,-197354.50,59.21,197.35
2022-02-25,09:31:00,688088.SH,虹软科技,买入,37.655,9079,341871.20,102.56,0.00
2022-02-25,09:31:00,688617.SH,惠泰医疗,买入,207.985,2306,479613.73,143.88,0.00
2022-02-24,09:31:00,688699.SH,明微电子,卖出,142.105,-3837,-545257.73,163.58,545.26
2022-02-24,09:31:00,688408.SH,中信博,卖出,114.201,-2430,-277508.77,83.25,277.51
2022-02-15,09:31:00,688317.SH,之江生物,买入,36.984,12179,450425.94,135.13,0.00
2022-02-15,09:31:00,688039.SH,当虹科技,买入,57.595,3955,227788.07,68.34,0.00
2022-02-15,09:31:00,688128.SH,中国电研,买入,24.840,18125,450217.39,135.07,0.00
2022-02-15,09:31:00,688221.SH,前沿生物,买入,15.431,29184,450332.47,135.10,0.00
2022-02-14,09:31:00,688575.SH,亚辉龙,卖出,45.978,-6374,-293062.88,87.92,293.06
2022-02-14,09:31:00,688221.SH,前沿生物,卖出,15.080,-28165,-424722.00,127.42,424.72
2022-02-14,09:31:00,688317.SH,之江生物,卖出,36.527,-11660,-425902.49,127.77,425.90
2022-02-14,09:31:00,688180.SH,君实生物,卖出,55.199,-7927,-437565.49,131.27,437.57
2022-02-14,09:31:00,688339.SH,亿华通,买入,162.324,1457,236506.07,70.95,0.00
2022-02-14,09:31:00,688408.SH,中信博,买入,91.763,4860,445968.96,133.79,0.00
2022-02-11,09:31:00,688575.SH,亚辉龙,卖出,42.655,-6375,-271922.57,81.58,271.92
2022-02-11,09:31:00,688310.SH,迈得医疗,买入,31.282,14698,459789.30,137.94,0.00
2022-02-11,09:31:00,688408.SH,中信博,卖出,96.117,-4283,-411670.74,123.50,411.67
2022-02-11,09:31:00,688518.SH,联赢激光,买入,32.284,14238,459665.86,137.90,0.00
2022-02-11,09:31:00,688800.SH,瑞可达,买入,97.815,234,22888.77,6.87,0.00
2022-02-10,09:31:00,688663.SH,新风光,卖出,34.850,-12900,-449567.06,134.87,449.57
2022-02-09,09:31:00,688356.SH,键凯科技,买入,207.484,1916,397539.61,119.26,0.00
2022-02-09,09:31:00,688037.SH,芯源微,卖出,134.740,-3668,-494226.25,148.27,494.23
2022-02-09,09:31:00,688606.SH,奥泰生物,买入,126.362,3679,464886.61,139.47,0.00
2022-02-08,09:31:00,688606.SH,奥泰生物,卖出,123.363,-3779,-466187.95,139.86,466.19
2022-02-08,09:31:00,688356.SH,键凯科技,卖出,201.895,-1970,-397733.94,119.32,397.73
2022-02-07,09:31:00,688180.SH,君实生物,买入,60.120,7927,476571.24,142.97,0.00
2022-02-07,09:31:00,688317.SH,之江生物,买入,40.882,11660,476679.46,143.00,0.00
2022-02-07,09:31:00,688575.SH,亚辉龙,买入,33.066,12749,421558.43,126.47,0.00
2022-01-28,09:31:00,688202.SH,美迪西,卖出,364.999,-1287,-469753.12,140.93,469.75
2022-01-28,09:31:00,688221.SH,前沿生物,买入,16.483,28165,464240.88,139.27,0.00
2022-01-28,09:31:00,688680.SH,海优新材,卖出,213.432,-2192,-467843.56,140.35,467.84
2022-01-28,09:31:00,688317.SH,之江生物,卖出,41.916,-10483,-439405.43,131.82,439.41
2022-01-27,09:31:00,688356.SH,键凯科技,买入,228.626,1970,450393.89,135.12,0.00
2022-01-27,09:31:00,688221.SH,前沿生物,卖出,16.946,-27432,-464863.77,139.46,464.86
2022-01-26,09:31:00,688606.SH,奥泰生物,买入,132.965,3779,502476.25,150.74,0.00
2022-01-26,09:31:00,688117.SH,圣诺生物,卖出,33.144,-13614,-451216.70,135.37,451.22
2022-01-26,09:31:00,688663.SH,新风光,买入,37.565,12900,484588.24,145.38,0.00
2022-01-25,09:31:00,688699.SH,明微电子,买入,132.915,3837,509996.01,153.00,0.00
2022-01-25,09:31:00,688221.SH,前沿生物,买入,18.587,27432,509881.33,152.96,0.00
2022-01-25,09:31:00,688680.SH,海优新材,买入,232.464,2192,509561.09,152.87,0.00
2022-01-25,09:31:00,688202.SH,美迪西,买入,395.790,1287,509381.73,152.81,0.00
2022-01-24,09:31:00,688408.SH,中信博,买入,117.234,4283,502113.22,150.63,0.00
2022-01-24,09:31:00,688680.SH,海优新材,卖出,212.594,-2313,-491729.83,147.52,491.73
2022-01-24,09:31:00,688621.SH,阳光诺和,卖出,91.846,-5137,-471812.59,141.54,471.81
2022-01-24,09:31:00,688310.SH,迈得医疗,卖出,33.223,-14399,-478384.02,143.52,478.38
2022-01-24,09:31:00,688317.SH,之江生物,买入,47.896,10483,502089.57,150.63,0.00
2022-01-21,09:31:00,688117.SH,圣诺生物,买入,37.755,13614,514001.47,154.20,0.00
2022-01-21,09:31:00,688669.SH,聚石化学,卖出,35.778,-13438,-480788.80,144.24,480.79
2022-01-21,09:31:00,688408.SH,中信博,卖出,114.780,-4337,-497800.77,149.34,497.80
2022-01-20,09:31:00,688310.SH,迈得医疗,买入,36.793,14399,529788.74,158.94,0.00
2022-01-19,09:31:00,688799.SH,华纳药厂,卖出,41.387,-11551,-478061.93,143.42,478.06
2022-01-17,09:31:00,688408.SH,中信博,买入,124.178,4337,538559.38,161.57,0.00
2022-01-17,09:31:00,688799.SH,华纳药厂,买入,46.613,11551,538427.23,161.53,0.00
2022-01-14,09:31:00,688408.SH,中信博,卖出,123.383,-4107,-506732.91,152.02,506.73
2022-01-13,09:31:00,688408.SH,中信博,买入,133.236,4107,547200.01,164.16,0.00
2022-01-12,09:31:00,688575.SH,亚辉龙,卖出,45.888,-16568,-760273.05,228.08,760.27
2022-01-12,09:31:00,688408.SH,中信博,卖出,127.265,-3753,-477625.39,143.29,477.63
2022-01-11,09:31:00,688680.SH,海优新材,买入,230.460,2313,533053.98,159.92,0.00
2022-01-11,09:31:00,688037.SH,芯源微,买入,145.280,3668,532886.97,159.87,0.00
2022-01-10,09:31:00,688621.SH,阳光诺和,买入,104.008,5137,534287.04,160.29,0.00
2022-01-10,09:31:00,688408.SH,中信博,买入,142.384,3753,534367.90,160.31,0.00
2022-01-10,09:31:00,688617.SH,惠泰医疗,卖出,241.416,-2089,-504318.44,151.30,504.32
2022-01-06,09:31:00,688658.SH,悦康药业,卖出,26.217,-21026,-551248.31,165.37,551.25
2022-01-06,09:31:00,688345.SH,博力威,卖出,56.247,-8768,-493176.15,147.95,493.18
2022-01-05,09:31:00,688662.SH,富信科技,卖出,43.383,-12711,-551442.08,165.43,551.44
2022-01-05,09:31:00,688617.SH,惠泰医疗,买入,260.520,2089,544226.28,163.27,0.00
2021-12-28,09:31:00,688345.SH,博力威,买入,60.741,8768,532579.19,159.77,0.00
2021-12-27,09:31:00,688575.SH,亚辉龙,买入,31.934,16568,529078.20,158.72,0.00
2021-12-24,09:31:00,688669.SH,聚石化学,买入,39.078,13438,525130.16,157.54,0.00
2021-12-21,09:31:00,688575.SH,亚辉龙,卖出,39.920,-17125,-683630.00,205.09,683.63
2021-12-20,09:31:00,688669.SH,聚石化学,卖出,37.126,-6573,-244026.57,73.21,244.03
2021-12-09,09:31:00,688669.SH,聚石化学,卖出,43.922,-6574,-288743.10,86.62,288.74
2021-12-07,09:31:00,688609.SH,九联科技,卖出,12.924,-33040,-427012.26,128.10,427.01
2021-12-07,09:31:00,688658.SH,悦康药业,买入,23.928,21026,503105.08,150.93,0.00
2021-12-06,09:31:00,688155.SH,先惠技术,卖出,136.117,-1201,-163476.78,49.04,163.48
2021-12-06,09:31:00,688662.SH,富信科技,买入,39.779,12711,505635.95,151.69,0.00
2021-12-06,09:31:00,688128.SH,中国电研,卖出,39.221,-7648,-299965.27,89.99,299.97
2021-12-06,09:31:00,688575.SH,亚辉龙,买入,29.519,17125,505511.51,151.65,0.00
2021-12-03,09:31:00,688128.SH,中国电研,卖出,39.022,-7649,-298477.75,89.54,298.48
2021-12-02,09:31:00,688266.SH,泽璟制药,卖出,62.615,-2435,-152466.36,45.74,152.47
2021-11-29,09:31:00,688068.SH,热景生物,卖出,128.742,-2448,-315160.42,94.55,315.16
2021-11-29,09:31:00,688018.SH,乐鑫科技,卖出,196.995,-1217,-239743.18,71.92,239.74
2021-11-29,09:31:00,688368.SH,晶丰明源,卖出,332.314,-568,-188754.37,56.63,188.75
2021-11-29,09:31:00,688083.SH,中望软件,卖出,340.318,-1321,-449560.08,134.87,449.56
2021-11-29,09:31:00,688256.SH,寒武纪,卖出,96.417,-2650,-255504.47,76.65,255.50
2021-11-25,09:31:00,688256.SH,寒武纪,卖出,94.810,-2650,-251246.50,75.37,251.25
2021-11-24,09:31:00,688155.SH,先惠技术,卖出,125.109,-1202,-150381.35,45.11,150.38
2021-11-24,09:31:00,688018.SH,乐鑫科技,卖出,215.568,-1218,-262561.82,78.77,262.56
2021-11-19,09:31:00,688669.SH,聚石化学,买入,35.331,13147,464490.35,139.35,0.00
2021-11-18,09:31:00,688315.SH,诺禾致源,卖出,48.273,-9056,-437162.64,131.15,437.16
2021-11-18,09:31:00,688019.SH,安集科技,卖出,302.244,-871,-263254.79,78.98,263.25
2021-11-15,09:31:00,688179.SH,阿拉丁,卖出,80.419,-6643,-534222.35,160.27,534.22
2021-11-15,09:31:00,688609.SH,九联科技,买入,13.978,33040,461829.82,138.55,0.00
2021-11-12,09:31:00,688676.SH,金盘科技,卖出,26.936,-19822,-533925.79,160.18,533.93
2021-11-12,09:31:00,688128.SH,中国电研,买入,29.298,15297,448178.85,134.45,0.00
2021-11-12,09:31:00,688019.SH,安集科技,卖出,279.021,-871,-243027.15,72.91,243.03
2021-11-12,09:31:00,688266.SH,泽璟制药,买入,67.715,2435,164886.41,49.47,0.00
2021-11-10,09:31:00,688636.SH,智明达,卖出,146.097,-2800,-409072.22,122.72,409.07
2021-11-10,09:31:00,688630.SH,芯碁微装,卖出,70.359,-1466,-103146.29,30.94,103.15
2021-11-09,09:31:00,688630.SH,芯碁微装,卖出,69.461,-1466,-101829.53,30.55,101.83
2021-11-08,09:31:00,688155.SH,先惠技术,买入,100.771,2403,242153.05,72.65,0.00
2021-11-05,09:31:00,688186.SH,广大特材,卖出,61.646,-3934,-242517.17,72.76,242.52
2021-11-04,09:31:00,688068.SH,热景生物,买入,95.300,2448,233294.94,69.99,0.00
2021-11-03,09:31:00,688039.SH,当虹科技,卖出,46.806,-4993,-233703.36,70.11,233.70
2021-11-01,09:31:00,688039.SH,当虹科技,买入,51.322,4993,256252.94,76.88,0.00
2021-10-29,09:31:00,688128.SH,中国电研,卖出,26.018,-475,-12358.48,5.00,12.36
2021-10-29,09:31:00,688179.SH,阿拉丁,买入,59.118,6643,392720.87,117.82,0.00
2021-10-29,09:31:00,688368.SH,晶丰明源,买入,320.560,568,182077.99,54.62,0.00
2021-10-29,09:31:00,688390.SH,固德威,卖出,459.080,-532,-244230.56,73.27,244.23
2021-10-28,09:31:00,688083.SH,中望软件,买入,300.600,1321,397092.60,119.13,0.00
2021-10-28,09:31:00,688256.SH,寒武纪,买入,74.940,5300,397179.77,119.15,0.00
2021-10-28,09:31:00,688018.SH,乐鑫科技,买入,163.106,2435,397162.04,119.15,0.00
2021-10-28,09:31:00,688368.SH,晶丰明源,卖出,325.847,-1070,-348656.29,104.60,348.66
2021-10-28,09:31:00,688186.SH,广大特材,卖出,57.734,-3935,-227184.47,68.16,227.18
2021-10-28,09:31:00,688630.SH,芯碁微装,买入,52.154,2932,152915.82,45.87,0.00
2021-10-26,09:31:00,688019.SH,安集科技,买入,224.678,1742,391389.88,117.42,0.00
2021-10-26,09:31:00,688676.SH,金盘科技,买入,19.759,19822,391671.62,117.50,0.00
2021-10-25,09:31:00,688663.SH,新风光,卖出,36.926,-10291,-380005.47,114.00,380.01
2021-10-25,09:31:00,688680.SH,海优新材,卖出,249.789,-1616,-403659.70,121.10,403.66
2021-10-25,09:31:00,688169.SH,石头科技,卖出,884.717,-253,-223833.41,67.15,223.83
2021-10-25,09:31:00,688368.SH,晶丰明源,买入,355.520,1070,380405.99,114.12,0.00
2021-10-22,09:31:00,688626.SH,翔宇医疗,卖出,48.124,-6928,-333400.02,100.02,333.40
2021-10-22,09:31:00,688169.SH,石头科技,卖出,891.813,-254,-226520.45,67.96,226.52
2021-10-21,09:31:00,688085.SH,三友医疗,卖出,26.367,-12563,-331250.63,99.38,331.25
2021-10-21,09:31:00,688390.SH,固德威,卖出,426.944,-533,-227561.37,68.27,227.56
2021-10-19,09:31:00,688315.SH,诺禾致源,买入,41.363,9056,374579.34,112.37,0.00
2021-10-18,09:31:00,688016.SH,心脉医疗,卖出,243.542,-1516,-369209.58,110.76,369.21
2021-10-14,09:31:00,688408.SH,中信博,卖出,169.660,-2308,-391575.28,117.47,391.58
2021-10-13,09:31:00,688663.SH,新风光,买入,27.555,10291,283568.51,85.07,0.00
2021-10-13,09:31:00,688186.SH,广大特材,买入,45.731,7869,359859.44,107.96,0.00
2021-10-12,09:31:00,688390.SH,固德威,买入,340.600,1065,362738.83,108.82,0.00
2021-10-12,09:31:00,688577.SH,浙海德曼,卖出,50.888,-6561,-333876.30,100.16,333.88
2021-10-11,09:31:00,688636.SH,智明达,买入,130.551,2800,365541.62,109.66,0.00
2021-10-11,09:31:00,688029.SH,南微医学,卖出,268.462,-571,-153291.80,45.99,153.29
2021-10-08,09:31:00,688029.SH,南微医学,卖出,261.476,-572,-149564.27,44.87,149.56
2021-09-30,09:31:00,688111.SH,金山办公,卖出,267.284,-1486,-397184.56,119.16,397.18
2021-09-30,09:31:00,688128.SH,中国电研,买入,28.587,475,13578.85,5.00,0.00
2021-09-30,09:31:00,688179.SH,阿拉丁,卖出,74.800,-4545,-339966.45,101.99,339.97
2021-09-29,09:31:00,688577.SH,浙海德曼,买入,55.080,6561,361379.49,108.41,0.00
2021-09-28,09:31:00,688219.SH,会通股份,卖出,13.124,-24724,-324470.36,97.34,324.47
2021-09-27,09:31:00,688179.SH,阿拉丁,买入,81.162,4545,368881.29,110.66,0.00
2021-09-24,09:31:00,688085.SH,三友医疗,买入,29.058,12563,365055.65,109.52,0.00
2021-09-24,09:31:00,688680.SH,海优新材,买入,225.951,1616,365136.82,109.54,0.00
2021-09-24,09:31:00,688266.SH,泽璟制药,卖出,65.539,-2658,-174201.76,52.26,174.20
2021-09-24,09:31:00,688626.SH,翔宇医疗,买入,52.705,6928,365141.63,109.54,0.00
2021-09-23,09:31:00,688059.SH,华锐精密,卖出,154.940,-2173,-336683.53,101.01,336.68
2021-09-23,09:31:00,688169.SH,石头科技,买入,718.043,507,364047.91,109.21,0.00
2021-09-22,09:31:00,688169.SH,石头科技,卖出,723.550,-458,-331385.90,99.42,331.39
2021-09-16,09:31:00,688016.SH,心脉医疗,买入,242.484,1516,367605.74,110.28,0.00
2021-09-15,09:31:00,688070.SH,纵横股份,卖出,36.926,-9417,-347732.14,104.32,347.73
2021-09-15,09:31:00,688059.SH,华锐精密,买入,170.350,2173,370170.59,111.05,0.00
2021-09-14,09:31:00,688185.SH,康希诺,卖出,360.228,-922,-332130.31,99.64,332.13
2021-09-14,09:31:00,688408.SH,中信博,买入,157.414,2308,363311.97,108.99,0.00
2021-09-14,09:31:00,688169.SH,石头科技,买入,791.580,458,362543.64,108.76,0.00
2021-09-09,09:31:00,688328.SH,深科达,卖出,37.215,-3568,-132784.62,39.84,132.78
2021-09-09,09:31:00,688169.SH,石头科技,卖出,848.320,-238,-201900.15,60.57,201.90
2021-09-08,09:31:00,688308.SH,欧科亿,卖出,90.519,-2293,-207559.15,62.27,207.56
2021-09-08,09:31:00,688028.SH,沃尔德,卖出,53.094,-4827,-256282.81,76.88,256.28
2021-09-06,09:31:00,688028.SH,沃尔德,卖出,50.169,-4827,-242167.98,72.65,242.17
2021-09-03,09:31:00,688219.SH,会通股份,买入,14.499,24724,358471.79,107.54,0.00
2021-09-03,09:31:00,688129.SH,东来技术,卖出,20.160,-15579,-314066.41,94.22,314.07
2021-09-03,09:31:00,688179.SH,阿拉丁,卖出,85.708,-1613,-138247.39,41.47,138.25
2021-09-02,09:31:00,688185.SH,康希诺,买入,389.778,922,359375.32,107.81,0.00
2021-09-02,09:31:00,688590.SH,新致软件,卖出,19.461,-17944,-349208.18,104.76,349.21
2021-09-02,09:31:00,688029.SH,南微医学,买入,203.045,1143,232080.76,69.62,0.00
2021-09-02,09:31:00,688689.SH,银河微电,卖出,33.732,-10167,-342957.31,102.89,342.96
2021-09-01,09:31:00,688169.SH,石头科技,买入,915.968,238,218000.45,65.40,0.00
2021-09-01,09:31:00,688185.SH,康希诺,卖出,389.220,-819,-318771.18,95.63,318.77
2021-09-01,09:31:00,688219.SH,会通股份,卖出,14.920,-18287,-272843.87,81.85,272.84
2021-08-31,09:31:00,688111.SH,金山办公,买入,251.502,1486,373731.97,112.12,0.00
2021-08-31,09:31:00,688328.SH,深科达,买入,40.741,3568,145365.03,43.61,0.00
2021-08-31,09:31:00,688607.SH,康众医疗,卖出,62.116,-3528,-219143.55,65.74,219.14
2021-08-30,09:31:00,688313.SH,仕佳光子,卖出,11.916,-26348,-313965.93,94.19,313.97
2021-08-27,09:31:00,688179.SH,阿拉丁,买入,94.208,1613,151957.57,45.59,0.00
2021-08-27,09:31:00,688607.SH,康众医疗,卖出,58.383,-3528,-205975.22,61.79,205.98
2021-08-27,09:31:00,688689.SH,银河微电,买入,37.575,10167,382025.03,114.61,0.00
2021-08-26,09:31:00,688590.SH,新致软件,买入,21.473,17944,385309.00,115.59,0.00
2021-08-25,09:31:00,688266.SH,泽璟制药,买入,62.224,2658,165391.92,49.62,0.00
2021-08-25,09:31:00,688510.SH,航亚科技,卖出,34.930,-12503,-436729.79,131.02,436.73
2021-08-25,09:31:00,688356.SH,键凯科技,卖出,254.470,-1902,-484002.02,145.20,484.00
2021-08-25,09:31:00,688028.SH,沃尔德,买入,38.878,9654,375324.35,112.60,0.00
2021-08-24,09:31:00,688308.SH,欧科亿,卖出,94.810,-2293,-217399.33,65.22,217.40
2021-08-23,09:31:00,688356.SH,键凯科技,买入,180.861,1902,343997.62,103.20,0.00
2021-08-20,09:31:00,688356.SH,键凯科技,卖出,180.628,-1776,-320795.36,96.24,320.80
2021-08-17,09:31:00,688185.SH,康希诺,买入,420.840,819,344667.96,103.40,0.00
2021-08-17,09:31:00,688313.SH,仕佳光子,买入,13.086,26348,344793.09,103.44,0.00
2021-08-16,09:31:00,688356.SH,键凯科技,买入,196.392,1776,348792.19,104.64,0.00
2021-08-16,09:31:00,688070.SH,纵横股份,买入,37.064,9417,349031.50,104.71,0.00
2021-08-16,09:31:00,688077.SH,大地熊,卖出,67.185,-3269,-219628.94,65.89,219.63
2021-08-12,09:31:00,688529.SH,豪森智能,卖出,39.421,-5656,-222965.18,66.89,222.97
2021-08-12,09:31:00,688055.SH,龙腾光电,卖出,7.236,-41670,-301503.28,90.45,301.50
2021-08-12,09:31:00,688077.SH,大地熊,卖出,59.381,-3269,-194116.49,58.23,194.12
2021-08-11,09:31:00,688529.SH,豪森智能,卖出,38.064,-5656,-215288.40,64.59,215.29
2021-08-11,09:31:00,688129.SH,东来技术,买入,21.773,15579,339208.73,101.76,0.00
2021-08-10,09:31:00,688219.SH,会通股份,买入,18.196,18287,332756.10,99.83,0.00
2021-08-09,09:31:00,688580.SH,伟思医疗,卖出,113.493,-2590,-293945.73,88.18,293.95
2021-08-09,09:31:00,688308.SH,欧科亿,买入,72.204,4586,331128.09,99.34,0.00
2021-08-04,09:31:00,688529.SH,豪森智能,买入,28.757,11312,325303.71,97.59,0.00
2021-08-04,09:31:00,688607.SH,康众医疗,买入,46.092,7056,325225.15,97.57,0.00
2021-08-02,09:31:00,688596.SH,正帆科技,卖出,23.443,-7118,-166867.42,50.06,166.87
2021-07-30,09:31:00,688202.SH,美迪西,卖出,507.313,-359,-182125.49,54.64,182.13
2021-07-29,09:31:00,688001.SH,华兴源创,卖出,44.850,-3452,-154822.61,46.45,154.82
2021-07-29,09:31:00,688219.SH,会通股份,卖出,17.235,-15817,-272613.27,81.78,272.61
2021-07-29,09:31:00,688510.SH,航亚科技,买入,25.561,12503,319589.43,95.88,0.00
2021-07-29,09:31:00,688580.SH,伟思医疗,买入,123.386,2590,319570.47,95.87,0.00
2021-07-26,09:31:00,688508.SH,芯朋微,卖出,119.760,-1699,-203472.24,61.04,203.47
2021-07-23,09:31:00,688001.SH,华兴源创,卖出,48.802,-3453,-168514.00,50.55,168.51
2021-07-23,09:31:00,688055.SH,龙腾光电,买入,7.866,41670,327763.72,98.33,0.00
2021-07-23,09:31:00,688508.SH,芯朋微,卖出,113.772,-1700,-193412.40,58.02,193.41
2021-07-23,09:31:00,688596.SH,正帆科技,卖出,23.393,-7119,-166535.62,49.96,166.54
2021-07-20,09:31:00,688590.SH,新致软件,卖出,28.912,-7583,-219240.15,65.77,219.24
2021-07-20,09:31:00,688678.SH,福立旺,卖出,21.607,-11457,-247547.96,74.26,247.55
2021-07-19,09:31:00,688077.SH,大地熊,买入,46.673,6538,305149.12,91.54,0.00
2021-07-16,09:31:00,688560.SH,明冠新材,卖出,32.934,-5949,-195924.37,58.78,195.92
2021-07-15,09:31:00,688508.SH,芯朋微,买入,88.837,3399,301958.05,90.59,0.00
2021-07-15,09:31:00,688560.SH,明冠新材,卖出,28.932,-5949,-172116.59,51.63,172.12
2021-07-15,09:31:00,688219.SH,会通股份,买入,19.088,15817,301916.48,90.57,0.00
2021-07-14,09:31:00,688202.SH,美迪西,卖出,475.866,-360,-171311.89,51.39,171.31
2021-07-09,09:31:00,688518.SH,联赢激光,卖出,22.754,-8496,-193321.38,58.00,193.32
2021-07-09,09:31:00,688590.SH,新致软件,卖出,22.704,-7583,-172168.22,51.65,172.17
2021-07-08,09:31:00,688518.SH,联赢激光,卖出,20.619,-8496,-175176.31,52.55,175.18
2021-07-07,09:31:00,688202.SH,美迪西,买入,377.924,719,271727.60,81.52,0.00
2021-07-06,09:31:00,688590.SH,新致软件,买入,17.936,15166,272014.34,81.60,0.00
2021-07-05,09:31:00,688590.SH,新致软件,卖出,17.445,-14178,-247335.78,74.20,247.34
2021-07-02,09:31:00,688560.SH,明冠新材,买入,22.545,11898,268240.41,80.47,0.00
2021-07-02,09:31:00,688596.SH,正帆科技,买入,18.838,14237,268190.91,80.46,0.00
2021-06-30,09:31:00,688678.SH,福立旺,买入,23.437,11457,268515.19,80.55,0.00
2021-06-29,09:31:00,688001.SH,华兴源创,买入,39.278,6905,271217.35,81.37,0.00
2021-06-18,09:31:00,688518.SH,联赢激光,买入,15.711,16992,266967.43,80.09,0.00
2021-06-16,09:31:00,688590.SH,新致软件,买入,18.818,14178,266795.37,80.04,0.00
2021-06-15,09:31:00,688338.SH,赛科希德,卖出,54.621,-4460,-243607.61,73.08,243.61
2021-06-10,09:31:00,688408.SH,中信博,卖出,128.622,-1850,-237951.14,71.39,237.95
2021-06-10,09:31:00,688008.SH,澜起科技,卖出,59.860,-4459,-266915.92,80.07,266.92
2021-06-09,09:31:00,688036.SH,传音控股,卖出,160.448,-1505,-241474.93,72.44,241.47
2021-06-09,09:31:00,688521.SH,芯原股份,卖出,66.018,-2151,-142004.07,42.60,142.00
2021-06-09,09:31:00,688529.SH,豪森智能,卖出,24.780,-9346,-231597.06,69.48,231.60
2021-06-07,09:31:00,688135.SH,利扬芯片,卖出,44.481,-645,-28690.15,8.61,28.69
2021-06-02,09:31:00,688521.SH,芯原股份,卖出,67.864,-2151,-145975.46,43.79,145.98
2021-06-01,09:31:00,688222.SH,成都先导,卖出,31.307,-4885,-152935.97,45.88,152.94
2021-06-01,09:31:00,688127.SH,蓝特光学,卖出,26.986,-5574,-150419.52,45.13,150.42
2021-05-31,09:31:00,688338.SH,赛科希德,买入,59.108,4460,263621.59,79.09,0.00
2021-05-31,09:31:00,688127.SH,蓝特光学,卖出,26.447,-5575,-147442.02,44.23,147.44
2021-05-28,09:31:00,688019.SH,安集科技,卖出,239.261,-636,-152169.69,45.65,152.17
2021-05-28,09:31:00,688021.SH,奥福科技,卖出,46.157,-6043,-278929.77,83.68,278.93
2021-05-27,09:31:00,688019.SH,安集科技,卖出,224.550,-637,-143038.35,42.91,143.04
2021-05-26,09:31:00,688222.SH,成都先导,卖出,29.641,-4886,-144823.97,43.45,144.82
2021-05-17,09:31:00,688200.SH,华峰测控,卖出,317.414,-705,-223776.80,67.13,223.78
2021-05-12,09:31:00,688135.SH,利扬芯片,买入,32.365,645,20875.17,6.26,0.00
2021-05-11,09:31:00,688008.SH,澜起科技,买入,50.000,4459,222949.11,66.88,0.00
2021-05-11,09:31:00,688222.SH,成都先导,买入,22.816,9771,222930.64,66.88,0.00
2021-05-11,09:31:00,688408.SH,中信博,买入,120.511,1850,222944.50,66.88,0.00
2021-05-10,09:31:00,688529.SH,豪森智能,买入,23.998,9346,224284.37,67.29,0.00
2021-05-10,09:31:00,688036.SH,传音控股,买入,148.937,1505,224150.61,67.25,0.00
2021-05-10,09:31:00,688521.SH,芯原股份,买入,52.104,4302,224151.41,67.25,0.00
2021-05-07,09:31:00,688222.SH,成都先导,卖出,23.503,-8886,-208846.77,62.65,208.85
2021-05-07,09:31:00,688019.SH,安集科技,买入,178.106,1273,226728.30,68.02,0.00
2021-04-30,09:31:00,688019.SH,安集科技,卖出,194.530,-1013,-197059.05,59.12,197.06
2021-04-29,09:31:00,688116.SH,天奈科技,卖出,65.658,-3756,-246613.03,73.98,246.61
2021-04-29,09:31:00,688127.SH,蓝特光学,买入,20.711,11149,230910.73,69.27,0.00
2021-04-29,09:31:00,688222.SH,成都先导,买入,25.982,8886,230874.81,69.26,0.00
2021-04-28,09:31:00,688088.SH,虹软科技,卖出,42.415,-4552,-193073.08,57.92,193.07
2021-04-28,09:31:00,688021.SH,奥福科技,买入,38.276,6043,231304.29,69.39,0.00
2021-04-27,09:31:00,688399.SH,硕世生物,卖出,200.598,-762,-152855.68,45.86,152.86
2021-04-26,09:31:00,688208.SH,道通科技,卖出,72.824,-1635,-119067.34,35.72,119.07
2021-04-26,09:31:00,688399.SH,硕世生物,卖出,173.153,-763,-132115.74,39.63,132.12
2021-04-26,09:31:00,688390.SH,固德威,卖出,218.442,-572,-124948.96,37.48,124.95
2021-04-26,09:31:00,688408.SH,中信博,卖出,144.810,-1572,-227641.01,68.29,227.64
2021-04-26,09:31:00,688536.SH,思瑞浦,卖出,413.172,-299,-123538.43,37.06,123.54
2021-04-26,09:31:00,688567.SH,孚能科技,卖出,28.194,-7628,-215060.02,64.52,215.06
2021-04-20,09:31:00,688301.SH,奕瑞科技,卖出,231.097,-1212,-280089.42,84.03,280.09
2021-04-16,09:31:00,688200.SH,华峰测控,买入,299.167,705,210912.83,63.27,0.00
2021-04-15,09:31:00,688088.SH,虹软科技,买入,46.172,4552,210175.67,63.05,0.00
2021-04-14,09:31:00,688088.SH,虹软科技,卖出,45.788,-4138,-189471.74,56.84,189.47
2021-04-13,09:31:00,688301.SH,奕瑞科技,买入,170.360,1212,206476.37,61.94,0.00
2021-04-12,09:31:00,688399.SH,硕世生物,买入,138.436,1525,211115.39,63.33,0.00
2021-04-12,09:31:00,688122.SH,西部超导,卖出,52.415,-4377,-229420.28,68.83,229.42
2021-04-08,09:31:00,688017.SH,绿的谐波,卖出,100.618,-2336,-235044.49,70.51,235.04
2021-04-06,09:31:00,688536.SH,思瑞浦,卖出,426.974,-299,-127665.33,38.30,127.67
2021-04-06,09:31:00,688208.SH,道通科技,卖出,74.850,-1636,-122454.60,36.74,122.45
2021-04-06,09:31:00,688088.SH,虹软科技,买入,51.102,4138,211460.08,63.44,0.00
2021-04-02,09:31:00,688019.SH,安集科技,买入,211.422,1013,214170.49,64.25,0.00
2021-04-02,09:31:00,688390.SH,固德威,卖出,221.157,-573,-126722.85,38.02,126.72
2021-04-01,09:31:00,688019.SH,安集科技,卖出,188.452,-998,-188075.44,56.42,188.08
2021-03-30,09:31:00,688116.SH,天奈科技,买入,53.336,3756,200331.74,60.10,0.00
2021-03-29,09:31:00,688019.SH,安集科技,买入,203.897,998,203489.19,61.05,0.00
2021-03-26,09:31:00,688390.SH,固德威,买入,171.823,1145,196737.29,59.02,0.00
2021-03-26,09:31:00,688408.SH,中信博,买入,125.250,1572,196893.00,59.07,0.00
2021-03-25,09:31:00,688019.SH,安集科技,卖出,194.610,-942,-183322.62,55.00,183.32
2021-03-25,09:31:00,688567.SH,孚能科技,买入,25.932,7628,197807.47,59.34,0.00
2021-03-25,09:31:00,688390.SH,固德威,卖出,167.165,-1083,-181039.69,54.31,181.04
2021-03-25,09:31:00,688208.SH,道通科技,买入,60.451,3271,197734.11,59.32,0.00
2021-03-25,09:31:00,688408.SH,中信博,卖出,122.544,-416,-50978.48,15.29,50.98
2021-03-25,09:31:00,688536.SH,思瑞浦,买入,330.630,598,197716.70,59.32,0.00
2021-03-24,09:31:00,688222.SH,成都先导,卖出,28.024,-6871,-192551.80,57.77,192.55
2021-03-19,09:31:00,688365.SH,光云科技,卖出,22.645,-8560,-193837.95,58.15,193.84
2021-03-18,09:31:00,688390.SH,固德威,买入,184.368,1083,199670.54,59.90,0.00
2021-03-17,09:31:00,688390.SH,固德威,卖出,182.933,-1004,-183665.13,55.10,183.67
2021-03-17,09:31:00,688019.SH,安集科技,买入,209.779,942,197611.55,59.28,0.00
2021-03-16,09:31:00,688019.SH,安集科技,卖出,207.574,-868,-180174.25,54.05,180.17
2021-03-12,09:31:00,688077.SH,大地熊,卖出,43.982,-2699,-118707.04,35.61,118.71
2021-03-11,09:31:00,688019.SH,安集科技,买入,232.234,868,201578.71,60.47,0.00
2021-03-11,09:31:00,688390.SH,固德威,买入,200.771,1004,201573.82,60.47,0.00
2021-03-11,09:31:00,688122.SH,西部超导,买入,46.062,4377,201613.11,60.48,0.00
2021-03-11,09:31:00,688177.SH,百奥泰,卖出,22.655,-7812,-176977.74,53.09,176.98
2021-03-11,09:31:00,688366.SH,昊海生科,卖出,98.203,-2009,-197290.23,59.19,197.29
2021-03-11,09:31:00,688233.SH,神工股份,卖出,35.509,-5966,-211845.74,63.55,211.85
2021-03-10,09:31:00,688286.SH,敏芯股份,卖出,92.714,-2142,-198593.82,59.58,198.59
2021-03-10,09:31:00,688069.SH,德林海,卖出,74.830,-2888,-216109.16,64.83,216.11
2021-03-10,09:31:00,688567.SH,孚能科技,卖出,33.433,-6671,-223031.54,66.91,223.03
2021-03-10,09:31:00,688408.SH,中信博,买入,135.911,416,56539.09,16.96,0.00
2021-03-09,09:31:00,688222.SH,成都先导,买入,30.561,6871,209984.63,63.00,0.00
2021-03-09,09:31:00,688017.SH,绿的谐波,买入,89.909,2336,210028.50,63.01,0.00
2021-03-05,09:31:00,688298.SH,东方生物,卖出,128.752,-1475,-189909.17,56.97,189.91
2021-03-05,09:31:00,688365.SH,光云科技,买入,24.579,8560,210396.75,63.12,0.00
2021-03-03,09:31:00,688366.SH,昊海生科,买入,106.262,2009,213480.56,64.04,0.00
2021-03-02,09:31:00,688077.SH,大地熊,卖出,46.906,-2699,-126599.29,37.98,126.60
2021-03-01,09:31:00,688298.SH,东方生物,买入,141.292,1475,208405.73,62.52,0.00
2021-02-18,09:31:00,688580.SH,伟思医疗,卖出,97.355,-2133,-207658.00,62.30,207.66
2021-02-10,09:31:00,688177.SH,百奥泰,买入,25.521,7812,199369.58,59.81,0.00
2021-02-10,09:31:00,688077.SH,大地熊,买入,36.924,5398,199314.13,59.79,0.00
2021-02-09,09:31:00,688077.SH,大地熊,卖出,34.890,-5289,-184533.63,55.36,184.53
2021-02-09,09:31:00,688233.SH,神工股份,买入,33.447,5966,199543.37,59.86,0.00
2021-02-08,09:31:00,688286.SH,敏芯股份,买入,92.505,2142,198144.94,59.44,0.00
2021-02-08,09:31:00,688567.SH,孚能科技,买入,29.699,6671,198123.90,59.44,0.00
2021-02-08,09:31:00,688366.SH,昊海生科,卖出,113.772,-1168,-132885.70,39.87,132.89
2021-02-08,09:31:00,688069.SH,德林海,买入,68.577,2888,198050.03,59.42,0.00
2021-02-08,09:31:00,688298.SH,东方生物,卖出,133.752,-1365,-182571.43,54.77,182.57
2021-02-01,09:31:00,688298.SH,东方生物,买入,146.753,1365,200317.74,60.10,0.00
2021-01-29,09:31:00,688077.SH,大地熊,买入,38.076,5289,201383.96,60.42,0.00
2021-01-29,09:31:00,688277.SH,天智航,卖出,39.920,-2796,-111616.32,33.48,111.62
2021-01-28,09:31:00,688077.SH,大地熊,卖出,37.754,-4892,-184694.23,55.41,184.69
2021-01-27,09:31:00,688077.SH,大地熊,买入,42.084,4892,205874.93,61.76,0.00
2021-01-26,09:31:00,688258.SH,卓易信息,卖出,48.802,-3865,-188620.50,56.59,188.62
2021-01-26,09:31:00,688366.SH,昊海生科,卖出,109.381,-1169,-127866.16,38.36,127.87
2021-01-14,09:31:00,688266.SH,泽璟制药,卖出,56.457,-3446,-194550.34,58.37,194.55
2021-01-14,09:31:00,688580.SH,伟思医疗,买入,92.184,2133,196628.47,58.99,0.00
2021-01-12,09:31:00,688108.SH,赛诺医疗,卖出,11.627,-15474,-179911.56,53.97,179.91
2021-01-08,09:31:00,688258.SH,卓易信息,买入,52.605,3865,203318.32,61.00,0.00
2021-01-08,09:31:00,688366.SH,昊海生科,买入,86.994,2337,203304.14,60.99,0.00
2021-01-06,09:31:00,688277.SH,天智航,卖出,45.698,-2796,-127772.78,38.33,127.77
2020-12-30,09:31:00,688277.SH,天智航,买入,35.872,5592,200593.99,60.18,0.00
2020-12-25,09:31:00,688108.SH,赛诺医疗,买入,12.906,15474,199703.73,59.91,0.00
2020-12-23,09:31:00,688108.SH,赛诺医疗,卖出,14.231,-13262,-188737.89,56.62,188.74
2020-12-22,09:31:00,688398.SH,赛特新材,卖出,59.381,-3119,-185209.34,55.56,185.21
2020-12-15,09:31:00,688266.SH,泽璟制药,买入,58.387,3446,201200.02,60.36,0.00
2020-12-14,09:31:00,688266.SH,泽璟制药,卖出,58.183,-3073,-178797.59,53.64,178.80
2020-12-14,09:31:00,688398.SH,赛特新材,买入,64.318,3119,200609.03,60.18,0.00
2020-12-11,09:31:00,688266.SH,泽璟制药,买入,66.282,3073,203685.51,61.11,0.00
2020-12-03,09:31:00,688108.SH,赛诺医疗,买入,15.341,13262,203447.30,61.03,0.00
2020-12-03,09:31:00,688051.SH,佳华科技,卖出,95.459,-2102,-200654.19,60.20,200.65
2020-12-01,09:31:00,688189.SH,ST南新,卖出,45.060,-4320,-194657.90,58.40,194.66
2020-11-30,09:31:00,688366.SH,昊海生科,卖出,103.203,-1862,-192164.32,57.65,192.16
2020-11-30,09:31:00,688158.SH,优刻得,卖出,54.591,-3900,-212903.34,63.87,212.90
2020-11-27,09:31:00,688365.SH,光云科技,卖出,32.655,-5884,-192139.43,57.64,192.14
2020-11-26,09:31:00,688108.SH,赛诺医疗,卖出,15.070,-13065,-196886.94,59.07,196.89
2020-11-18,09:31:00,688100.SH,威胜信息,卖出,28.982,-7455,-216060.21,64.82,216.06
2020-11-18,09:31:00,688189.SH,ST南新,买入,49.148,4320,212319.79,63.70,0.00
2020-11-06,09:31:00,688108.SH,赛诺医疗,买入,16.383,13065,214039.98,64.21,0.00
2020-11-03,09:31:00,688051.SH,佳华科技,买入,99.739,2102,209651.55,62.90,0.00
2020-11-02,09:31:00,688366.SH,昊海生科,买入,112.725,1862,209893.95,62.97,0.00
2020-10-30,09:31:00,688158.SH,优刻得,买入,53.807,3900,209848.86,62.95,0.00
2020-10-30,09:31:00,688365.SH,光云科技,买入,35.671,5884,209889.34,62.97,0.00
2020-10-29,09:31:00,688007.SH,光峰科技,卖出,20.609,-9077,-187065.17,56.12,187.07
2020-10-19,09:31:00,688100.SH,威胜信息,买入,28.557,7455,212892.43,63.87,0.00
2020-10-12,09:31:00,688266.SH,泽璟制药,卖出,97.694,-1236,-120750.06,36.23,120.75
2020-10-12,09:31:00,688366.SH,昊海生科,卖出,113.632,-1715,-194879.36,58.46,194.88
2020-10-12,09:31:00,688116.SH,天奈科技,卖出,43.313,-4804,-208076.61,62.42,208.08
2020-10-12,09:31:00,688139.SH,海尔生物,卖出,70.958,-3173,-225149.10,67.54,225.15
2020-10-12,09:31:00,688019.SH,安集科技,卖出,321.326,-674,-216573.76,64.97,216.57
2020-10-09,09:31:00,688005.SH,容百科技,卖出,32.535,-6816,-221757.20,66.53,221.76
2020-10-09,09:31:00,688266.SH,泽璟制药,卖出,91.836,-1237,-113601.08,34.08,113.60
2020-09-29,09:31:00,688108.SH,赛诺医疗,卖出,22.006,-8538,-187886.37,56.37,187.89
2020-09-29,09:31:00,688007.SH,光峰科技,买入,22.244,9077,201912.42,60.57,0.00
2020-09-29,09:31:00,688026.SH,洁特生物,卖出,66.467,-2900,-192753.72,57.83,192.75
2020-09-23,09:31:00,688298.SH,东方生物,卖出,166.836,-751,-125293.58,37.59,125.29
2020-09-23,09:31:00,688026.SH,洁特生物,买入,72.144,2900,209217.60,62.77,0.00
2020-09-23,09:31:00,688399.SH,硕世生物,卖出,262.364,-491,-128820.83,38.65,128.82
2020-09-22,09:31:00,688298.SH,东方生物,卖出,152.734,-751,-114703.17,34.41,114.70
2020-09-22,09:31:00,688399.SH,硕世生物,卖出,231.536,-492,-113915.71,34.17,113.92
2020-09-18,09:31:00,688108.SH,赛诺医疗,买入,23.828,8538,203439.71,61.03,0.00
2020-09-11,09:31:00,688399.SH,硕世生物,买入,184.468,983,181332.24,54.40,0.00
2020-09-11,09:31:00,688298.SH,东方生物,买入,120.751,1502,181368.03,54.41,0.00
2020-09-11,09:31:00,688266.SH,泽璟制药,买入,73.296,2473,181261.75,54.38,0.00
2020-09-10,09:31:00,688298.SH,东方生物,卖出,126.746,-1345,-170473.37,51.14,170.47
2020-09-10,09:31:00,688399.SH,硕世生物,卖出,189.600,-893,-169312.84,50.79,169.31
2020-09-10,09:31:00,688139.SH,海尔生物,买入,57.966,3173,183925.17,55.18,0.00
2020-09-10,09:31:00,688116.SH,天奈科技,买入,38.306,4804,184024.23,55.21,0.00
2020-09-10,09:31:00,688366.SH,昊海生科,买入,107.224,1715,183889.19,55.17,0.00
2020-09-10,09:31:00,688011.SH,新光光电,卖出,57.754,-1999,-115450.77,34.64,115.45
2020-09-10,09:31:00,688019.SH,安集科技,买入,272.734,674,183822.97,55.15,0.00
2020-09-08,09:31:00,688298.SH,东方生物,买入,139.709,1345,187908.42,56.37,0.00
2020-09-08,09:31:00,688399.SH,硕世生物,买入,210.420,893,187905.06,56.37,0.00
2020-09-08,09:31:00,688012.SH,中微公司,卖出,163.472,-1028,-168049.63,50.41,168.05
2020-09-04,09:31:00,688005.SH,容百科技,买入,27.916,6816,190273.55,57.08,0.00
2020-09-01,09:31:00,688012.SH,中微公司,买入,185.370,1028,190560.36,57.17,0.00
2020-08-27,09:31:00,688012.SH,中微公司,卖出,177.345,-405,-71824.56,21.55,71.82
2020-08-26,09:31:00,688028.SH,沃尔德,卖出,49.072,-3629,-178081.05,53.42,178.08
2020-08-26,09:31:00,688005.SH,容百科技,卖出,28.383,-734,-20833.21,6.25,20.83
2020-08-26,09:31:00,688116.SH,天奈科技,卖出,45.239,-1942,-87854.80,26.36,87.85
2020-08-24,09:31:00,688088.SH,虹软科技,卖出,69.361,-2665,-184847.07,55.45,184.85
2020-08-19,09:31:00,688011.SH,新光光电,卖出,60.579,-1999,-121096.62,36.33,121.10
2020-08-18,09:31:00,688389.SH,普门科技,卖出,30.120,-5937,-178820.30,53.65,178.82
2020-08-17,09:31:00,688081.SH,兴图新科,卖出,46.916,-3891,-182550.08,54.77,182.55
2020-08-12,09:31:00,688398.SH,赛特新材,卖出,58.044,-3057,-177439.53,53.23,177.44
2020-08-12,09:31:00,688116.SH,天奈科技,卖出,57.684,-1942,-112023.10,33.61,112.02
2020-08-11,09:31:00,688011.SH,新光光电,买入,48.096,3998,192287.81,57.69,0.00
2020-08-10,09:31:00,688389.SH,普门科技,买入,32.565,5937,193338.40,58.00,0.00
2020-08-07,09:31:00,688122.SH,西部超导,卖出,41.237,-2823,-116413.07,34.92,116.41
2020-08-06,09:31:00,688398.SH,赛特新材,买入,62.896,3057,192271.67,57.68,0.00
2020-08-04,09:31:00,688122.SH,西部超导,卖出,40.219,-2824,-113579.59,34.07,113.58
2020-08-04,09:31:00,688012.SH,中微公司,卖出,248.502,-405,-100643.31,30.19,100.64
2020-08-03,09:31:00,688357.SH,建龙微纳,卖出,54.042,-3021,-163259.98,48.98,163.26
2020-07-31,09:31:00,688368.SH,晶丰明源,卖出,119.560,-1002,-119799.52,35.94,119.80
2020-07-30,09:31:00,688368.SH,晶丰明源,卖出,112.525,-1003,-112862.07,33.86,112.86
2020-07-28,09:31:00,688011.SH,新光光电,卖出,39.740,-4156,-165160.94,49.55,165.16
2020-07-28,09:31:00,688012.SH,中微公司,买入,193.486,810,156723.82,47.02,0.00
2020-07-28,09:31:00,688018.SH,乐鑫科技,卖出,164.051,-1004,-164707.44,49.41,164.71
2020-07-27,09:31:00,688028.SH,沃尔德,买入,47.695,3629,173085.88,51.93,0.00
2020-07-27,09:31:00,688122.SH,西部超导,买入,30.661,5647,173143.80,51.94,0.00
2020-07-27,09:31:00,688005.SH,容百科技,买入,28.517,734,20931.42,6.28,0.00
2020-07-27,09:31:00,688116.SH,天奈科技,买入,44.579,3884,173144.76,51.94,0.00
2020-07-27,09:31:00,688078.SH,龙软科技,卖出,38.223,-4110,-157098.17,47.13,157.10
2020-07-24,09:31:00,688218.SH,江苏北人,卖出,27.535,-6169,-169862.30,50.96,169.86
2020-07-24,09:31:00,688088.SH,虹软科技,买入,67.314,2665,179392.77,53.82,0.00
2020-07-22,09:31:00,688122.SH,西部超导,卖出,30.938,-2239,-69270.18,20.78,69.27
2020-07-20,09:31:00,688018.SH,乐鑫科技,买入,178.897,1004,179612.67,53.88,0.00
2020-07-20,09:31:00,688168.SH,安博通,卖出,97.405,-1572,-153120.35,45.94,153.12
2020-07-17,09:31:00,688078.SH,龙软科技,买入,43.477,4110,178689.57,53.61,0.00
2020-07-17,09:31:00,688011.SH,新光光电,买入,42.986,4156,178648.98,53.59,0.00
2020-07-17,09:31:00,688368.SH,晶丰明源,买入,89.078,2005,178600.99,53.58,0.00
2020-07-16,09:31:00,688081.SH,兴图新科,买入,47.194,3891,183632.63,55.09,0.00
2020-07-16,09:31:00,688218.SH,江苏北人,买入,29.759,6169,183585.74,55.08,0.00
2020-07-15,09:31:00,688128.SH,中国电研,卖出,29.980,-7566,-226828.07,68.05,226.83
2020-07-13,09:31:00,688118.SH,普元信息,卖出,49.361,-1847,-91169.91,27.35,91.17
2020-07-10,09:31:00,688333.SH,铂力特,卖出,73.113,-1498,-109523.99,32.86,109.52
2020-07-10,09:31:00,688310.SH,迈得医疗,卖出,41.447,-4379,-181496.15,54.45,181.50
2020-07-10,09:31:00,688122.SH,西部超导,卖出,45.499,-2239,-101871.86,30.56,101.87
2020-07-10,09:31:00,688058.SH,宝兰德,卖出,189.620,-567,-107514.54,32.25,107.51
2020-07-10,09:31:00,688118.SH,普元信息,卖出,50.848,-1848,-93967.29,28.19,93.97
2020-07-09,09:31:00,688333.SH,铂力特,卖出,65.668,-1498,-98371.26,29.51,98.37
2020-07-08,09:31:00,688058.SH,宝兰德,卖出,174.600,-568,-99172.86,29.75,99.17
2020-07-07,09:31:00,688168.SH,安博通,买入,106.212,1572,166965.26,50.09,0.00
2020-07-02,09:31:00,688357.SH,建龙微纳,买入,51.763,3021,156376.99,46.91,0.00
2020-07-01,09:31:00,688068.SH,热景生物,卖出,68.443,-2440,-167000.53,50.10,167.00
2020-07-01,09:31:00,688333.SH,铂力特,买入,52.164,2996,156283.70,46.89,0.00
2020-06-30,09:31:00,688025.SH,杰普特,卖出,56.996,-1558,-88799.43,26.64,88.80
2020-06-29,09:31:00,688025.SH,杰普特,卖出,57.884,-1558,-90183.27,27.05,90.18
2020-06-29,09:31:00,688098.SH,申联生物,卖出,21.158,-7696,-162828.89,48.85,162.83
2020-06-29,09:31:00,688122.SH,西部超导,买入,34.699,4478,155383.29,46.61,0.00
2020-06-23,09:31:00,688128.SH,中国电研,买入,20.401,7566,154351.85,46.31,0.00
2020-06-17,09:31:00,688005.SH,容百科技,卖出,34.431,-4559,-156970.93,47.09,156.97
2020-06-17,09:31:00,688058.SH,宝兰德,买入,136.262,1135,154657.35,46.40,0.00
2020-06-11,09:31:00,688118.SH,普元信息,买入,40.331,3695,149021.20,44.71,0.00
2020-06-11,09:31:00,688368.SH,晶丰明源,卖出,76.846,-1811,-139168.11,41.75,139.17
2020-06-10,09:31:00,688310.SH,迈得医疗,买入,34.068,4379,149183.77,44.76,0.00
2020-06-05,09:31:00,688288.SH,鸿泉技术,卖出,47.904,-4275,-204789.60,61.44,204.79
2020-06-05,09:31:00,688368.SH,晶丰明源,买入,84.128,1811,152355.66,45.71,0.00
2020-06-01,09:31:00,688018.SH,乐鑫科技,卖出,174.530,-722,-126010.83,37.80,126.01
2020-06-01,09:31:00,688068.SH,热景生物,买入,58.717,2440,143269.97,42.98,0.00
2020-05-29,09:31:00,688068.SH,热景生物,卖出,53.892,-2560,-137963.52,41.39,137.96
2020-05-28,09:31:00,688025.SH,杰普特,买入,46.092,3116,143622.67,43.09,0.00
2020-05-27,09:31:00,688288.SH,鸿泉技术,买入,33.337,4275,142513.71,42.75,0.00
2020-05-27,09:31:00,688098.SH,申联生物,买入,18.517,7696,142506.52,42.75,0.00
2020-05-26,09:31:00,688288.SH,鸿泉技术,卖出,31.627,-4005,-126664.61,38.00,126.66
2020-05-19,09:31:00,688099.SH,晶晨股份,卖出,62.904,-1447,-91022.00,27.31,91.02
2020-05-18,09:31:00,688005.SH,容百科技,买入,31.513,4559,143667.31,43.10,0.00
2020-05-15,09:31:00,688099.SH,晶晨股份,卖出,54.900,-1447,-79440.27,23.83,79.44
2020-05-15,09:31:00,688288.SH,鸿泉技术,买入,35.741,4005,143144.07,42.94,0.00
2020-05-14,09:31:00,688005.SH,容百科技,卖出,31.706,-4408,-139762.08,41.93,139.76
2020-05-14,09:31:00,688006.SH,杭可科技,卖出,36.607,-3855,-141118.60,42.34,141.12
2020-05-11,09:31:00,688058.SH,宝兰德,卖出,149.700,-603,-90269.10,27.08,90.27
2020-05-07,09:31:00,688058.SH,宝兰德,卖出,136.127,-604,-82220.83,24.67,82.22
2020-04-30,09:31:00,688018.SH,乐鑫科技,买入,178.456,722,128845.38,38.65,0.00
2020-04-29,09:31:00,688099.SH,晶晨股份,买入,44.318,2894,128257.62,38.48,0.00
2020-04-29,09:31:00,688068.SH,热景生物,买入,50.100,2560,128256.00,38.48,0.00
2020-04-29,09:31:00,688058.SH,宝兰德,买入,106.232,1207,128222.07,38.47,0.00
2020-04-27,09:31:00,688116.SH,天奈科技,卖出,38.902,-3693,-143665.23,43.10,143.67
2020-04-23,09:31:00,688388.SH,嘉元科技,卖出,59.780,-2525,-150945.01,45.28,150.95
2020-04-22,09:31:00,688068.SH,热景生物,卖出,61.866,-1305,-80735.16,24.22,80.74
2020-04-21,09:31:00,688068.SH,热景生物,卖出,59.381,-1306,-77551.59,23.27,77.55
2020-04-14,09:31:00,688006.SH,杭可科技,买入,31.042,3855,119666.76,35.90,0.00
2020-04-14,09:31:00,688005.SH,容百科技,买入,27.144,4408,119651.55,35.90,0.00
2020-04-13,09:31:00,688088.SH,虹软科技,卖出,56.547,-2034,-115015.95,34.50,115.02
2020-04-13,09:31:00,688005.SH,容百科技,卖出,27.645,-4102,-113398.15,34.02,113.40
2020-04-07,09:31:00,688088.SH,虹软科技,买入,61.523,2034,125137.38,37.54,0.00
2020-04-01,09:31:00,688068.SH,热景生物,买入,46.182,2611,120581.67,36.17,0.00
2020-04-01,09:31:00,688018.SH,乐鑫科技,卖出,187.624,-601,-112762.02,33.83,112.76
2020-03-30,09:31:00,688022.SH,ST瀚川,卖出,40.918,-2855,-116820.89,35.05,116.82
2020-03-27,09:31:00,688116.SH,天奈科技,买入,33.968,3693,125443.09,37.63,0.00
2020-03-24,09:31:00,688005.SH,容百科技,买入,29.920,4102,122730.69,36.82,0.00
2020-03-24,09:31:00,688388.SH,嘉元科技,买入,48.597,2525,122707.43,36.81,0.00
2020-03-23,09:31:00,688033.SH,*ST天宜,卖出,26.826,-4306,-115513.79,34.65,115.51
2020-03-23,09:31:00,688005.SH,容百科技,卖出,29.940,-3768,-112813.92,33.84,112.81
2020-03-17,09:31:00,688005.SH,容百科技,买入,33.417,3768,125914.13,37.77,0.00
2020-03-17,09:31:00,688022.SH,ST瀚川,买入,44.088,2855,125871.24,37.76,0.00
2020-03-17,09:31:00,688018.SH,乐鑫科技,买入,209.418,601,125860.22,37.76,0.00
2020-03-10,09:31:00,688020.SH,方邦股份,卖出,95.748,-1206,-115472.23,34.64,115.47
2020-03-06,09:31:00,688015.SH,交控科技,卖出,40.579,-1654,-67117.14,20.14,67.12
2020-03-06,09:31:00,688033.SH,*ST天宜,买入,29.769,4306,128187.12,38.46,0.00
2020-03-05,09:31:00,688033.SH,*ST天宜,卖出,29.810,-2098,-62541.93,18.76,62.54
2020-03-05,09:31:00,688028.SH,沃尔德,卖出,62.984,-874,-55047.82,16.51,55.05
2020-03-02,09:31:00,688020.SH,方邦股份,买入,104.108,1206,125554.01,37.67,0.00
2020-02-19,09:31:00,688010.SH,福光股份,卖出,50.120,-1336,-66959.73,20.09,66.96
2020-02-18,09:31:00,688122.SH,西部超导,卖出,42.485,-1689,-71756.93,21.53,71.76
2020-02-18,09:31:00,688011.SH,新光光电,卖出,52.495,-1374,-72127.86,21.64,72.13
2020-02-18,09:31:00,688015.SH,交控科技,卖出,39.920,-1654,-66027.68,19.81,66.03
2020-02-18,09:31:00,688333.SH,铂力特,卖出,74.770,-1053,-78732.98,23.62,78.73
2020-02-18,09:31:00,688028.SH,沃尔德,卖出,73.483,-874,-64223.91,19.27,64.22
2020-02-13,09:31:00,688003.SH,天准科技,卖出,36.108,-1951,-70446.01,21.13,70.45
2020-02-11,09:31:00,688122.SH,西部超导,卖出,38.423,-1690,-64934.87,19.48,64.93
2020-02-11,09:31:00,688333.SH,铂力特,卖出,59.171,-1053,-62307.51,18.69,62.31
2020-02-11,09:31:00,688033.SH,*ST天宜,卖出,29.940,-2099,-62844.06,18.85,62.84
2020-02-10,09:31:00,688010.SH,福光股份,卖出,46.956,-1337,-62780.04,18.83,62.78
2020-02-10,09:31:00,688006.SH,杭可科技,卖出,47.165,-1445,-68154.12,20.45,68.15
2020-02-10,09:31:00,688003.SH,天准科技,卖出,32.146,-1952,-62748.17,18.82,62.75
2020-02-06,09:31:00,688006.SH,杭可科技,卖出,43.912,-1445,-63452.84,19.04,63.45
2020-02-06,09:31:00,688011.SH,新光光电,卖出,45.858,-1375,-63054.89,18.92,63.05
2020-02-05,09:31:00,688015.SH,交控科技,买入,32.244,3308,106664.34,32.00,0.00
2020-02-04,09:31:00,688033.SH,*ST天宜,买入,23.797,4197,99878.11,29.96,0.00
2020-02-04,09:31:00,688028.SH,沃尔德,买入,57.114,1748,99835.27,29.95,0.00
2020-02-04,09:31:00,688003.SH,天准科技,买入,25.601,3903,99921.09,29.98,0.00
2020-02-04,09:31:00,688006.SH,杭可科技,买入,34.579,2890,99933.37,29.98,0.00
2020-02-04,09:31:00,688011.SH,新光光电,买入,36.373,2749,99988.28,30.00,0.00
2020-02-04,09:31:00,688010.SH,福光股份,买入,37.375,2673,99902.31,29.97,0.00
2020-02-04,09:31:00,688122.SH,西部超导,买入,29.589,3379,99981.43,29.99,0.00
2020-02-03,09:31:00,688333.SH,铂力特,买入,47.465,2106,99960.74,29.99,0.00
