symbol,exchange,raw_exists,qfq_exists,issues,raw_rows,raw_first,raw_last,qfq_rows,qfq_first,qfq_last,trade_days,suspended_days,st_days,issue_count
000001.SZ,SZ,True,True,,2111,2018-01-02,2026-09-11,2111,2018-01-02,2026-09-11,2111,0,0,0
000002.SZ,SZ,True,True,,2111,2018-01-02,2026-09-11,2111,2018-01-02,2026-09-11,2111,0,0,0
000004.SZ,SZ,True,True,,2067,2018-01-02,2026-07-13,2067,2018-01-02,2026-07-13,2067,65,555,0
000005.SZ,SZ,True,True,,1533,2018-01-02,2024-04-26,1533,2018-01-02,2024-04-26,1533,37,724,0
000006.SZ,SZ,True,True,,2111,2018-01-02,2026-09-11,2111,2018-01-02,2026-09-11,2111,42,0,0
000007.SZ,SZ,True,True,,2111,2018-01-02,2026-09-11,2111,2018-01-02,2026-09-11,2111,57,563,0
000008.SZ,SZ,True,True,,2111,2018-01-02,2026-09-11,2111,2018-01-02,2026-09-11,2111,60,0,0
000009.SZ,SZ,True,True,,2111,2018-01-02,2026-09-11,2111,2018-01-02,2026-09-11,2111,0,0,0
000010.SZ,SZ,True,True,,2111,2018-01-02,2026-09-11,2111,2018-01-02,2026-09-11,2111,3,393,0
000011.SZ,SZ,True,True,,2111,2018-01-02,2026-09-11,2111,2018-01-02,2026-09-11,2111,0,0,0
000012.SZ,SZ,True,True,,2111,2018-01-02,2026-09-11,2111,2018-01-02,2026-09-11,2111,0,0,0
000014.SZ,SZ,True,True,,2111,2018-01-02,2026-09-11,2111,2018-01-02,2026-09-11,2111,0,0,0
000016.SZ,SZ,True,True,,2111,2018-01-02,2026-09-11,2111,2018-01-02,2026-09-11,2111,30,93,0
000017.SZ,SZ,True,True,,2111,2018-01-02,2026-09-11,2111,2018-01-02,2026-09-11,2111,2,277,0
000018.SZ,SZ,True,True,,491,2018-01-02,2020-01-07,491,2018-01-02,2020-01-07,491,28,138,0
000019.SZ,SZ,True,True,,2111,2018-01-02,2026-09-11,2111,2018-01-02,2026-09-11,2111,68,0,0
000020.SZ,SZ,True,True,,2111,2018-01-02,2026-09-11,2111,2018-01-02,2026-09-11,2111,0,0,0
000021.SZ,SZ,True,True,,2111,2018-01-02,2026-09-11,2111,2018-01-02,2026-09-11,2111,0,0,0
000022.SZ,SZ,True,True,,240,2018-01-02,2018-12-25,240,2018-01-02,2018-12-25,240,131,0,0
000023.SZ,SZ,True,True,,1620,2018-01-02,2024-09-02,1620,2018-01-02,2024-09-02,1620,30,325,0
000025.SZ,SZ,True,True,,2111,2018-01-02,2026-09-11,2111,2018-01-02,2026-09-11,2111,0,0,0
000026.SZ,SZ,True,True,,2111,2018-01-02,2026-09-11,2111,2018-01-02,2026-09-11,2111,0,0,0
000027.SZ,SZ,True,True,,2111,2018-01-02,2026-09-11,2111,2018-01-02,2026-09-11,2111,0,0,0
000028.SZ,SZ,True,True,,2111,2018-01-02,2026-09-11,2111,2018-01-02,2026-09-11,2111,0,0,0
000029.SZ,SZ,True,True,,2111,2018-01-02,2026-09-11,2111,2018-01-02,2026-09-11,2111,691,0,0
000030.SZ,SZ,True,True,,2111,2018-01-02,2026-09-11,2111,2018-01-02,2026-09-11,2111,0,0,0
000031.SZ,SZ,True,True,,2111,2018-01-02,2026-09-11,2111,2018-01-02,2026-09-11,2111,75,0,0
000032.SZ,SZ,True,True,,2111,2018-01-02,2026-09-11,2111,2018-01-02,2026-09-11,2111,12,0,0
000034.SZ,SZ,True,True,,2111,2018-01-02,2026-09-11,2111,2018-01-02,2026-09-11,2111,92,0,0
000035.SZ,SZ,True,True,,2111,2018-01-02,2026-09-11,2111,2018-01-02,2026-09-11,2111,131,0,0
000036.SZ,SZ,True,True,,2111,2018-01-02,2026-09-11,2111,2018-01-02,2026-09-11,2111,0,0,0
000037.SZ,SZ,True,True,,2111,2018-01-02,2026-09-11,2111,2018-01-02,2026-09-11,2111,3,0,0
000038.SZ,SZ,True,True,,1341,2018-01-02,2023-07-12,1341,2018-01-02,2023-07-12,1341,158,274,0
000039.SZ,SZ,True,True,,2111,2018-01-02,2026-09-11,2111,2018-01-02,2026-09-11,2111,5,0,0
000040.SZ,SZ,True,True,,1777,2018-01-02,2025-04-30,1777,2018-01-02,2025-04-30,1777,119,196,0
000042.SZ,SZ,True,True,,2111,2018-01-02,2026-09-11,2111,2018-01-02,2026-09-11,2111,25,0,0
000043.SZ,SZ,True,True,,475,2018-01-02,2019-12-13,475,2018-01-02,2019-12-13,475,11,0,0
000045.SZ,SZ,True,True,,2111,2018-01-02,2026-09-11,2111,2018-01-02,2026-09-11,2111,13,0,0
000046.SZ,SZ,True,True,,1484,2018-01-02,2024-02-07,1484,2018-01-02,2024-02-07,1484,87,189,0
000048.SZ,SZ,True,True,,2111,2018-01-02,2026-09-11,2111,2018-01-02,2026-09-11,2111,50,312,0
000049.SZ,SZ,True,True,,2111,2018-01-02,2026-09-11,2111,2018-01-02,2026-09-11,2111,6,0,0
000050.SZ,SZ,True,True,,2111,2018-01-02,2026-09-11,2111,2018-01-02,2026-09-11,2111,0,0,0
000055.SZ,SZ,True,True,,2111,2018-01-02,2026-09-11,2111,2018-01-02,2026-09-11,2111,0,0,0
000056.SZ,SZ,True,True,,2111,2018-01-02,2026-09-11,2111,2018-01-02,2026-09-11,2111,67,96,0
000058.SZ,SZ,True,True,,2111,2018-01-02,2026-09-11,2111,2018-01-02,2026-09-11,2111,0,0,0
000059.SZ,SZ,True,True,,2111,2018-01-02,2026-09-11,2111,2018-01-02,2026-09-11,2111,0,0,0
000060.SZ,SZ,True,True,,2111,2018-01-02,2026-09-11,2111,2018-01-02,2026-09-11,2111,0,0,0
000061.SZ,SZ,True,True,,2111,2018-01-02,2026-09-11,2111,2018-01-02,2026-09-11,2111,10,0,0
000062.SZ,SZ,True,True,,2111,2018-01-02,2026-09-11,2111,2018-01-02,2026-09-11,2111,10,0,0
000063.SZ,SZ,True,True,,2111,2018-01-02,2026-09-11,2111,2018-01-02,2026-09-11,2111,40,0,0
000065.SZ,SZ,True,True,,2111,2018-01-02,2026-09-11,2111,2018-01-02,2026-09-11,2111,6,0,0
000066.SZ,SZ,True,True,,2111,2018-01-02,2026-09-11,2111,2018-01-02,2026-09-11,2111,0,0,0
000068.SZ,SZ,True,True,,2111,2018-01-02,2026-09-11,2111,2018-01-02,2026-09-11,2111,0,0,0
000069.SZ,SZ,True,True,,2111,2018-01-02,2026-09-11,2111,2018-01-02,2026-09-11,2111,0,0,0
000070.SZ,SZ,True,True,,2111,2018-01-02,2026-09-11,2111,2018-01-02,2026-09-11,2111,2,281,0
000078.SZ,SZ,True,True,,2111,2018-01-02,2026-09-11,2111,2018-01-02,2026-09-11,2111,1,92,0
000088.SZ,SZ,True,True,,2111,2018-01-02,2026-09-11,2111,2018-01-02,2026-09-11,2111,16,0,0
000089.SZ,SZ,True,True,,2111,2018-01-02,2026-09-11,2111,2018-01-02,2026-09-11,2111,0,0,0
000090.SZ,SZ,True,True,,2111,2018-01-02,2026-09-11,2111,2018-01-02,2026-09-11,2111,5,0,0
000096.SZ,SZ,True,True,,2111,2018-01-02,2026-09-11,2111,2018-01-02,2026-09-11,2111,0,0,0
000099.SZ,SZ,True,True,,2111,2018-01-02,2026-09-11,2111,2018-01-02,2026-09-11,2111,0,0,0
000100.SZ,SZ,True,True,,2111,2018-01-02,2026-09-11,2111,2018-01-02,2026-09-11,2111,1,0,0
000150.SZ,SZ,True,True,,1320,2018-01-02,2023-06-09,1320,2018-01-02,2023-06-09,1320,30,268,0
000151.SZ,SZ,True,True,,2111,2018-01-02,2026-09-11,2111,2018-01-02,2026-09-11,2111,10,0,0
000153.SZ,SZ,True,True,,2111,2018-01-02,2026-09-11,2111,2018-01-02,2026-09-11,2111,10,0,0
000155.SZ,SZ,True,True,,2111,2018-01-02,2026-09-11,2111,2018-01-02,2026-09-11,2111,21,0,0
000156.SZ,SZ,True,True,,2111,2018-01-02,2026-09-11,2111,2018-01-02,2026-09-11,2111,124,0,0
000157.SZ,SZ,True,True,,2111,2018-01-02,2026-09-11,2111,2018-01-02,2026-09-11,2111,0,0,0
000158.SZ,SZ,True,True,,2111,2018-01-02,2026-09-11,2111,2018-01-02,2026-09-11,2111,9,0,0
000159.SZ,SZ,True,True,,2111,2018-01-02,2026-09-11,2111,2018-01-02,2026-09-11,2111,0,0,0
000166.SZ,SZ,True,True,,2111,2018-01-02,2026-09-11,2111,2018-01-02,2026-09-11,2111,0,0,0
000301.SZ,SZ,True,True,,2111,2018-01-02,2026-09-11,2111,2018-01-02,2026-09-11,2111,25,0,0
000333.SZ,SZ,True,True,,2111,2018-01-02,2026-09-11,2111,2018-01-02,2026-09-11,2111,40,0,0
000338.SZ,SZ,True,True,,2111,2018-01-02,2026-09-11,2111,2018-01-02,2026-09-11,2111,0,0,0
000400.SZ,SZ,True,True,,2111,2018-01-02,2026-09-11,2111,2018-01-02,2026-09-11,2111,0,0,0
000401.SZ,SZ,True,True,,2111,2018-01-02,2026-09-11,2111,2018-01-02,2026-09-11,2111,41,0,0
000402.SZ,SZ,True,True,,2111,2018-01-02,2026-09-11,2111,2018-01-02,2026-09-11,2111,0,0,0
000403.SZ,SZ,True,True,,2111,2018-01-02,2026-09-11,2111,2018-01-02,2026-09-11,2111,14,216,0
000404.SZ,SZ,True,True,,2111,2018-01-02,2026-09-11,2111,2018-01-02,2026-09-11,2111,0,0,0
000407.SZ,SZ,True,True,,2111,2018-01-02,2026-09-11,2111,2018-01-02,2026-09-11,2111,10,0,0
000408.SZ,SZ,True,True,,2111,2018-01-02,2026-09-11,2111,2018-01-02,2026-09-11,2111,32,247,0
000409.SZ,SZ,True,True,,2111,2018-01-02,2026-09-11,2111,2018-01-02,2026-09-11,2111,50,680,0
000410.SZ,SZ,True,True,,2111,2018-01-02,2026-09-11,2111,2018-01-02,2026-09-11,2111,18,946,0
000411.SZ,SZ,True,True,,2111,2018-01-02,2026-09-11,2111,2018-01-02,2026-09-11,2111,11,0,0
000413.SZ,SZ,True,True,,1642,2018-01-02,2024-10-11,1642,2018-01-02,2024-10-11,1642,95,62,0
000415.SZ,SZ,True,True,,2111,2018-01-02,2026-09-11,2111,2018-01-02,2026-09-11,2111,119,0,0
000416.SZ,SZ,True,True,,1558,2018-01-02,2024-06-05,1558,2018-01-02,2024-06-05,1558,28,266,0
000417.SZ,SZ,True,True,,2111,2018-01-02,2026-09-11,2111,2018-01-02,2026-09-11,2111,0,0,0
000418.SZ,SZ,True,True,,356,2018-01-02,2019-06-21,356,2018-01-02,2019-06-21,356,62,0,0
000419.SZ,SZ,True,True,,2111,2018-01-02,2026-09-11,2111,2018-01-02,2026-09-11,2111,0,0,0
000420.SZ,SZ,True,True,,2111,2018-01-02,2026-09-11,2111,2018-01-02,2026-09-11,2111,25,0,0
000421.SZ,SZ,True,True,,2111,2018-01-02,2026-09-11,2111,2018-01-02,2026-09-11,2111,10,0,0
000422.SZ,SZ,True,True,,2111,2018-01-02,2026-09-11,2111,2018-01-02,2026-09-11,2111,21,762,0
000423.SZ,SZ,True,True,,2111,2018-01-02,2026-09-11,2111,2018-01-02,2026-09-11,2111,0,0,0
000425.SZ,SZ,True,True,,2111,2018-01-02,2026-09-11,2111,2018-01-02,2026-09-11,2111,23,0,0
000426.SZ,SZ,True,True,,2111,2018-01-02,2026-09-11,2111,2018-01-02,2026-09-11,2111,49,0,0
000428.SZ,SZ,True,True,,2111,2018-01-02,2026-09-11,2111,2018-01-02,2026-09-11,2111,0,0,0
000429.SZ,SZ,True,True,,2111,2018-01-02,2026-09-11,2111,2018-01-02,2026-09-11,2111,0,0,0
000430.SZ,SZ,True,True,,2111,2018-01-02,2026-09-11,2111,2018-01-02,2026-09-11,2111,5,260,0
000488.SZ,SZ,True,True,,2111,2018-01-02,2026-09-11,2111,2018-01-02,2026-09-11,2111,1,382,0
000498.SZ,SZ,True,True,,2111,2018-01-02,2026-09-11,2111,2018-01-02,2026-09-11,2111,11,0,0
000501.SZ,SZ,True,True,,2111,2018-01-02,2026-09-11,2111,2018-01-02,2026-09-11,2111,0,0,0
000502.SZ,SZ,True,True,,1087,2018-01-02,2022-06-27,1087,2018-01-02,2022-06-27,1087,47,262,0
000503.SZ,SZ,True,True,,2111,2018-01-02,2026-09-11,2111,2018-01-02,2026-09-11,2111,20,0,0
000504.SZ,SZ,True,True,,2111,2018-01-02,2026-09-11,2111,2018-01-02,2026-09-11,2111,14,754,0
000505.SZ,SZ,True,True,,2111,2018-01-02,2026-09-11,2111,2018-01-02,2026-09-11,2111,6,0,0
000506.SZ,SZ,True,True,,2111,2018-01-02,2026-09-11,2111,2018-01-02,2026-09-11,2111,95,263,0
000507.SZ,SZ,True,True,,2111,2018-01-02,2026-09-11,2111,2018-01-02,2026-09-11,2111,3,0,0
000509.SZ,SZ,True,True,,2111,2018-01-02,2026-09-11,2111,2018-01-02,2026-09-11,2111,80,545,0
000510.SZ,SZ,True,True,,2111,2018-01-02,2026-09-11,2111,2018-01-02,2026-09-11,2111,10,0,0
000511.SZ,SZ,True,True,,132,2018-01-02,2018-07-18,132,2018-01-02,2018-07-18,132,102,101,0
000513.SZ,SZ,True,True,,2111,2018-01-02,2026-09-11,2111,2018-01-02,2026-09-11,2111,0,0,0
000514.SZ,SZ,True,True,,2111,2018-01-02,2026-09-11,2111,2018-01-02,2026-09-11,2111,0,0,0
000516.SZ,SZ,True,True,,2111,2018-01-02,2026-09-11,2111,2018-01-02,2026-09-11,2111,70,58,0
000517.SZ,SZ,True,True,,2111,2018-01-02,2026-09-11,2111,2018-01-02,2026-09-11,2111,0,0,0
000518.SZ,SZ,True,True,,2111,2018-01-02,2026-09-11,2111,2018-01-02,2026-09-11,2111,2,253,0
000519.SZ,SZ,True,True,,2111,2018-01-02,2026-09-11,2111,2018-01-02,2026-09-11,2111,0,0,0
000520.SZ,SZ,True,True,,2111,2018-01-02,2026-09-11,2111,2018-01-02,2026-09-11,2111,0,0,0
000521.SZ,SZ,True,True,,2111,2018-01-02,2026-09-11,2111,2018-01-02,2026-09-11,2111,2,0,0
000523.SZ,SZ,True,True,,2111,2018-01-02,2026-09-11,2111,2018-01-02,2026-09-11,2111,60,256,0
000524.SZ,SZ,True,True,,2111,2018-01-02,2026-09-11,2111,2018-01-02,2026-09-11,2111,10,0,0
000525.SZ,SZ,True,True,,2111,2018-01-02,2026-09-11,2111,2018-01-02,2026-09-11,2111,28,995,0
000526.SZ,SZ,True,True,,2111,2018-01-02,2026-09-11,2111,2018-01-02,2026-09-11,2111,146,92,0
000528.SZ,SZ,True,True,,2111,2018-01-02,2026-09-11,2111,2018-01-02,2026-09-11,2111,21,0,0
000529.SZ,SZ,True,True,,2111,2018-01-02,2026-09-11,2111,2018-01-02,2026-09-11,2111,0,0,0
000530.SZ,SZ,True,True,,2111,2018-01-02,2026-09-11,2111,2018-01-02,2026-09-11,2111,0,0,0
000531.SZ,SZ,True,True,,2111,2018-01-02,2026-09-11,2111,2018-01-02,2026-09-11,2111,0,0,0
000532.SZ,SZ,True,True,,2111,2018-01-02,2026-09-11,2111,2018-01-02,2026-09-11,2111,0,0,0
000533.SZ,SZ,True,True,,2111,2018-01-02,2026-09-11,2111,2018-01-02,2026-09-11,2111,39,0,0
000534.SZ,SZ,True,True,,2111,2018-01-02,2026-09-11,2111,2018-01-02,2026-09-11,2111,106,0,0
000536.SZ,SZ,True,True,,2111,2018-01-02,2026-09-11,2111,2018-01-02,2026-09-11,2111,2,248,0
000537.SZ,SZ,True,True,,2111,2018-01-02,2026-09-11,2111,2018-01-02,2026-09-11,2111,0,0,0
000538.SZ,SZ,True,True,,2111,2018-01-02,2026-09-11,2111,2018-01-02,2026-09-11,2111,51,0,0
000539.SZ,SZ,True,True,,2111,2018-01-02,2026-09-11,2111,2018-01-02,2026-09-11,2111,0,0,0
000540.SZ,SZ,True,True,,1333,2018-01-02,2023-06-30,1333,2018-01-02,2023-06-30,1333,273,38,0
000541.SZ,SZ,True,True,,2111,2018-01-02,2026-09-11,2111,2018-01-02,2026-09-11,2111,0,0,0
000543.SZ,SZ,True,True,,2111,2018-01-02,2026-09-11,2111,2018-01-02,2026-09-11,2111,11,0,0
000544.SZ,SZ,True,True,,2111,2018-01-02,2026-09-11,2111,2018-01-02,2026-09-11,2111,0,0,0
000545.SZ,SZ,True,True,,2111,2018-01-02,2026-09-11,2111,2018-01-02,2026-09-11,2111,115,0,0
000546.SZ,SZ,True,True,,2111,2018-01-02,2026-09-11,2111,2018-01-02,2026-09-11,2111,6,81,0
000547.SZ,SZ,True,True,,2111,2018-01-02,2026-09-11,2111,2018-01-02,2026-09-11,2111,58,0,0
000548.SZ,SZ,True,True,,2111,2018-01-02,2026-09-11,2111,2018-01-02,2026-09-11,2111,0,0,0
000550.SZ,SZ,True,True,,2111,2018-01-02,2026-09-11,2111,2018-01-02,2026-09-11,2111,0,0,0
000551.SZ,SZ,True,True,,2111,2018-01-02,2026-09-11,2111,2018-01-02,2026-09-11,2111,0,0,0
000552.SZ,SZ,True,True,,2111,2018-01-02,2026-09-11,2111,2018-01-02,2026-09-11,2111,21,0,0
000553.SZ,SZ,True,True,,2111,2018-01-02,2026-09-11,2111,2018-01-02,2026-09-11,2111,0,0,0
000554.SZ,SZ,True,True,,2111,2018-01-02,2026-09-11,2111,2018-01-02,2026-09-11,2111,0,0,0
000555.SZ,SZ,True,True,,2111,2018-01-02,2026-09-11,2111,2018-01-02,2026-09-11,2111,5,0,0
000557.SZ,SZ,True,True,,2111,2018-01-02,2026-09-11,2111,2018-01-02,2026-09-11,2111,14,0,0
000558.SZ,SZ,True,True,,2111,2018-01-02,2026-09-11,2111,2018-01-02,2026-09-11,2111,15,0,0
000559.SZ,SZ,True,True,,2111,2018-01-02,2026-09-11,2111,2018-01-02,2026-09-11,2111,10,0,0
000560.SZ,SZ,True,True,,2111,2018-01-02,2026-09-11,2111,2018-01-02,2026-09-11,2111,0,0,0
000561.SZ,SZ,True,True,,2111,2018-01-02,2026-09-11,2111,2018-01-02,2026-09-11,2111,10,0,0
000563.SZ,SZ,True,True,,2111,2018-01-02,2026-09-11,2111,2018-01-02,2026-09-11,2111,6,0,0
000564.SZ,SZ,True,True,,2111,2018-01-02,2026-09-11,2111,2018-01-02,2026-09-11,2111,143,795,0
000565.SZ,SZ,True,True,,2111,2018-01-02,2026-09-11,2111,2018-01-02,2026-09-11,2111,0,0,0
000566.SZ,SZ,True,True,,2111,2018-01-02,2026-09-11,2111,2018-01-02,2026-09-11,2111,126,0,0
000567.SZ,SZ,True,True,,2111,2018-01-02,2026-09-11,2111,2018-01-02,2026-09-11,2111,0,0,0
000568.SZ,SZ,True,True,,2111,2018-01-02,2026-09-11,2111,2018-01-02,2026-09-11,2111,0,0,0
000570.SZ,SZ,True,True,,2111,2018-01-02,2026-09-11,2111,2018-01-02,2026-09-11,2111,0,0,0
000571.SZ,SZ,True,True,,2111,2018-01-02,2026-09-11,2111,2018-01-02,2026-09-11,2111,4,1019,0
000572.SZ,SZ,True,True,,2111,2018-01-02,2026-09-11,2111,2018-01-02,2026-09-11,2111,3,507,0
000573.SZ,SZ,True,True,,2111,2018-01-02,2026-09-11,2111,2018-01-02,2026-09-11,2111,0,0,0
000576.SZ,SZ,True,True,,2111,2018-01-02,2026-09-11,2111,2018-01-02,2026-09-11,2111,11,0,0
000581.SZ,SZ,True,True,,2111,2018-01-02,2026-09-11,2111,2018-01-02,2026-09-11,2111,0,0,0
000582.SZ,SZ,True,True,,2111,2018-01-02,2026-09-11,2111,2018-01-02,2026-09-11,2111,0,0,0
000584.SZ,SZ,True,True,,1824,2018-01-02,2025-07-10,1824,2018-01-02,2025-07-10,1824,124,515,0
000585.SZ,SZ,True,True,,1064,2018-01-02,2022-05-24,1064,2018-01-02,2022-05-24,1064,32,989,0
000586.SZ,SZ,True,True,,2111,2018-01-02,2026-09-11,2111,2018-01-02,2026-09-11,2111,18,0,0
000587.SZ,SZ,True,True,,1275,2018-01-02,2023-04-03,1275,2018-01-02,2023-04-03,1275,58,707,0
000589.SZ,SZ,True,True,,2111,2018-01-02,2026-09-11,2111,2018-01-02,2026-09-11,2111,0,0,0
000590.SZ,SZ,True,True,,2111,2018-01-02,2026-09-11,2111,2018-01-02,2026-09-11,2111,24,0,0
000591.SZ,SZ,True,True,,2111,2018-01-02,2026-09-11,2111,2018-01-02,2026-09-11,2111,0,0,0
000592.SZ,SZ,True,True,,2111,2018-01-02,2026-09-11,2111,2018-01-02,2026-09-11,2111,22,0,0
000593.SZ,SZ,True,True,,2111,2018-01-02,2026-09-11,2111,2018-01-02,2026-09-11,2111,62,0,0
000595.SZ,SZ,True,True,,2111,2018-01-02,2026-09-11,2111,2018-01-02,2026-09-11,2111,21,667,0
000596.SZ,SZ,True,True,,2111,2018-01-02,2026-09-11,2111,2018-01-02,2026-09-11,2111,0,0,0
000597.SZ,SZ,True,True,,2111,2018-01-02,2026-09-11,2111,2018-01-02,2026-09-11,2111,12,0,0
000598.SZ,SZ,True,True,,2111,2018-01-02,2026-09-11,2111,2018-01-02,2026-09-11,2111,0,0,0
000599.SZ,SZ,True,True,,2111,2018-01-02,2026-09-11,2111,2018-01-02,2026-09-11,2111,8,0,0
000600.SZ,SZ,True,True,,2111,2018-01-02,2026-09-11,2111,2018-01-02,2026-09-11,2111,2,0,0
000601.SZ,SZ,True,True,,2111,2018-01-02,2026-09-11,2111,2018-01-02,2026-09-11,2111,12,0,0
000603.SZ,SZ,True,True,,2111,2018-01-02,2026-09-11,2111,2018-01-02,2026-09-11,2111,66,0,0
000605.SZ,SZ,True,True,,2111,2018-01-02,2026-09-11,2111,2018-01-02,2026-09-11,2111,0,0,0
000606.SZ,SZ,True,True,,1337,2018-01-02,2023-07-06,1337,2018-01-02,2023-07-06,1337,90,512,0
000607.SZ,SZ,True,True,,2111,2018-01-02,2026-09-11,2111,2018-01-02,2026-09-11,2111,0,0,0
000608.SZ,SZ,True,True,,2111,2018-01-02,2026-09-11,2111,2018-01-02,2026-09-11,2111,12,260,0
000609.SZ,SZ,True,True,,2111,2018-01-02,2026-09-11,2111,2018-01-02,2026-09-11,2111,8,827,0
000610.SZ,SZ,True,True,,2111,2018-01-02,2026-09-11,2111,2018-01-02,2026-09-11,2111,1,96,0
000611.SZ,SZ,True,True,,1088,2018-01-02,2022-06-28,1088,2018-01-02,2022-06-28,1088,87,750,0
000612.SZ,SZ,True,True,,2111,2018-01-02,2026-09-11,2111,2018-01-02,2026-09-11,2111,15,0,0
000613.SZ,SZ,True,True,,1089,2018-01-02,2022-06-29,1089,2018-01-02,2022-06-29,1089,42,315,0
000615.SZ,SZ,True,True,,2111,2018-01-02,2026-09-11,2111,2018-01-02,2026-09-11,2111,21,817,0
000616.SZ,SZ,True,True,,1371,2018-01-02,2023-08-23,1371,2018-01-02,2023-08-23,1371,171,561,0
000617.SZ,SZ,True,True,,2111,2018-01-02,2026-09-11,2111,2018-01-02,2026-09-11,2111,0,0,0
000619.SZ,SZ,True,True,,2111,2018-01-02,2026-09-11,2111,2018-01-02,2026-09-11,2111,0,0,0
000620.SZ,SZ,True,True,,2111,2018-01-02,2026-09-11,2111,2018-01-02,2026-09-11,2111,3,252,0
000622.SZ,SZ,True,True,,1827,2018-01-02,2025-07-15,1827,2018-01-02,2025-07-15,1827,39,277,0
000623.SZ,SZ,True,True,,2111,2018-01-02,2026-09-11,2111,2018-01-02,2026-09-11,2111,0,0,0
000625.SZ,SZ,True,True,,2111,2018-01-02,2026-09-11,2111,2018-01-02,2026-09-11,2111,0,0,0
000626.SZ,SZ,True,True,,2111,2018-01-02,2026-09-11,2111,2018-01-02,2026-09-11,2111,0,0,0
000627.SZ,SZ,True,True,,1881,2018-01-02,2025-09-29,1881,2018-01-02,2025-09-29,1881,89,60,0
000628.SZ,SZ,True,True,,2111,2018-01-02,2026-09-11,2111,2018-01-02,2026-09-11,2111,10,0,0
000629.SZ,SZ,True,True,,2111,2018-01-02,2026-09-11,2111,2018-01-02,2026-09-11,2111,158,158,0
000630.SZ,SZ,True,True,,2111,2018-01-02,2026-09-11,2111,2018-01-02,2026-09-11,2111,10,0,0
000631.SZ,SZ,True,True,,2111,2018-01-02,2026-09-11,2111,2018-01-02,2026-09-11,2111,0,0,0
000632.SZ,SZ,True,True,,2111,2018-01-02,2026-09-11,2111,2018-01-02,2026-09-11,2111,1,93,0
000633.SZ,SZ,True,True,,2111,2018-01-02,2026-09-11,2111,2018-01-02,2026-09-11,2111,15,0,0
000635.SZ,SZ,True,True,,2111,2018-01-02,2026-09-11,2111,2018-01-02,2026-09-11,2111,2,0,0
000636.SZ,SZ,True,True,,2111,2018-01-02,2026-09-11,2111,2018-01-02,2026-09-11,2111,0,0,0
000637.SZ,SZ,True,True,,2111,2018-01-02,2026-09-11,2111,2018-01-02,2026-09-11,2111,2,267,0
000638.SZ,SZ,True,True,,2039,2018-01-02,2026-06-02,2039,2018-01-02,2026-06-02,2039,53,583,0
000639.SZ,SZ,True,True,,2111,2018-01-02,2026-09-11,2111,2018-01-02,2026-09-11,2111,1,93,0
000650.SZ,SZ,True,True,,2111,2018-01-02,2026-09-11,2111,2018-01-02,2026-09-11,2111,0,0,0
000651.SZ,SZ,True,True,,2111,2018-01-02,2026-09-11,2111,2018-01-02,2026-09-11,2111,6,0,0
000652.SZ,SZ,True,True,,2111,2018-01-02,2026-09-11,2111,2018-01-02,2026-09-11,2111,0,0,0
000655.SZ,SZ,True,True,,2111,2018-01-02,2026-09-11,2111,2018-01-02,2026-09-11,2111,2,240,0
000656.SZ,SZ,True,True,,2111,2018-01-02,2026-09-11,2111,2018-01-02,2026-09-11,2111,13,529,0
000657.SZ,SZ,True,True,,2111,2018-01-02,2026-09-11,2111,2018-01-02,2026-09-11,2111,10,0,0
000659.SZ,SZ,True,True,,2111,2018-01-02,2026-09-11,2111,2018-01-02,2026-09-11,2111,3,74,0
000661.SZ,SZ,True,True,,2111,2018-01-02,2026-09-11,2111,2018-01-02,2026-09-11,2111,9,0,0
000662.SZ,SZ,True,True,,795,2018-01-02,2021-04-12,795,2018-01-02,2021-04-12,795,38,160,0
000663.SZ,SZ,True,True,,2111,2018-01-02,2026-09-11,2111,2018-01-02,2026-09-11,2111,22,340,0
000665.SZ,SZ,True,True,,2111,2018-01-02,2026-09-11,2111,2018-01-02,2026-09-11,2111,0,0,0
000666.SZ,SZ,True,True,,1411,2018-01-02,2023-10-26,1411,2018-01-02,2023-10-26,1411,200,0,0
000667.SZ,SZ,True,True,,1343,2018-01-02,2023-07-14,1343,2018-01-02,2023-07-14,1343,35,49,0
000668.SZ,SZ,True,True,,2111,2018-01-02,2026-09-11,2111,2018-01-02,2026-09-11,2111,12,263,0
000669.SZ,SZ,True,True,,2111,2018-01-02,2026-09-11,2111,2018-01-02,2026-09-11,2111,57,1545,0
000670.SZ,SZ,True,True,,2111,2018-01-02,2026-09-11,2111,2018-01-02,2026-09-11,2111,612,828,0
000671.SZ,SZ,True,True,,1366,2018-01-02,2023-08-16,1366,2018-01-02,2023-08-16,1366,47,72,0
000672.SZ,SZ,True,True,,2111,2018-01-02,2026-09-11,2111,2018-01-02,2026-09-11,2111,0,0,0
000673.SZ,SZ,True,True,,1092,2018-01-02,2022-07-04,1092,2018-01-02,2022-07-04,1092,88,512,0
000676.SZ,SZ,True,True,,2111,2018-01-02,2026-09-11,2111,2018-01-02,2026-09-11,2111,0,0,0
000677.SZ,SZ,True,True,,2111,2018-01-02,2026-09-11,2111,2018-01-02,2026-09-11,2111,1,92,0
000678.SZ,SZ,True,True,,2111,2018-01-02,2026-09-11,2111,2018-01-02,2026-09-11,2111,18,0,0
000679.SZ,SZ,True,True,,2111,2018-01-02,2026-09-11,2111,2018-01-02,2026-09-11,2111,2,241,0
000680.SZ,SZ,True,True,,2111,2018-01-02,2026-09-11,2111,2018-01-02,2026-09-11,2111,0,0,0
000681.SZ,SZ,True,True,,2111,2018-01-02,2026-09-11,2111,2018-01-02,2026-09-11,2111,0,0,0
000682.SZ,SZ,True,True,,2111,2018-01-02,2026-09-11,2111,2018-01-02,2026-09-11,2111,6,0,0
000683.SZ,SZ,True,True,,2111,2018-01-02,2026-09-11,2111,2018-01-02,2026-09-11,2111,0,0,0
000685.SZ,SZ,True,True,,2111,2018-01-02,2026-09-11,2111,2018-01-02,2026-09-11,2111,0,0,0
000686.SZ,SZ,True,True,,2111,2018-01-02,2026-09-11,2111,2018-01-02,2026-09-11,2111,0,0,0
000687.SZ,SZ,True,True,,1081,2018-01-02,2022-06-17,1081,2018-01-02,2022-06-17,1081,24,470,0
000688.SZ,SZ,True,True,,2111,2018-01-02,2026-09-11,2111,2018-01-02,2026-09-11,2111,31,0,0
000690.SZ,SZ,True,True,,2111,2018-01-02,2026-09-11,2111,2018-01-02,2026-09-11,2111,0,0,0
000691.SZ,SZ,True,True,,2111,2018-01-02,2026-09-11,2111,2018-01-02,2026-09-11,2111,8,261,0
000692.SZ,SZ,True,True,,2111,2018-01-02,2026-09-11,2111,2018-01-02,2026-09-11,2111,2,262,0
000693.SZ,SZ,True,True,,368,2018-01-02,2019-07-09,368,2018-01-02,2019-07-09,368,312,337,0
000695.SZ,SZ,True,True,,2111,2018-01-02,2026-09-11,2111,2018-01-02,2026-09-11,2111,19,0,0
000697.SZ,SZ,True,True,,2111,2018-01-02,2026-09-11,2111,2018-01-02,2026-09-11,2111,9,526,0
000698.SZ,SZ,True,True,,2111,2018-01-02,2026-09-11,2111,2018-01-02,2026-09-11,2111,1,228,0
000700.SZ,SZ,True,True,,2111,2018-01-02,2026-09-11,2111,2018-01-02,2026-09-11,2111,0,0,0
000701.SZ,SZ,True,True,,2111,2018-01-02,2026-09-11,2111,2018-01-02,2026-09-11,2111,0,0,0
000702.SZ,SZ,True,True,,2111,2018-01-02,2026-09-11,2111,2018-01-02,2026-09-11,2111,5,0,0
000703.SZ,SZ,True,True,,2111,2018-01-02,2026-09-11,2111,2018-01-02,2026-09-11,2111,63,0,0
000705.SZ,SZ,True,True,,2111,2018-01-02,2026-09-11,2111,2018-01-02,2026-09-11,2111,0,0,0
000707.SZ,SZ,True,True,,2111,2018-01-02,2026-09-11,2111,2018-01-02,2026-09-11,2111,4,950,0
000708.SZ,SZ,True,True,,2111,2018-01-02,2026-09-11,2111,2018-01-02,2026-09-11,2111,6,0,0
000709.SZ,SZ,True,True,,2111,2018-01-02,2026-09-11,2111,2018-01-02,2026-09-11,2111,0,0,0
000710.SZ,SZ,True,True,,2111,2018-01-02,2026-09-11,2111,2018-01-02,2026-09-11,2111,0,0,0
000711.SZ,SZ,True,True,,2111,2018-01-02,2026-09-11,2111,2018-01-02,2026-09-11,2111,152,808,0
000712.SZ,SZ,True,True,,2111,2018-01-02,2026-09-11,2111,2018-01-02,2026-09-11,2111,0,0,0
000713.SZ,SZ,True,True,,2111,2018-01-02,2026-09-11,2111,2018-01-02,2026-09-11,2111,41,0,0
000715.SZ,SZ,True,True,,2111,2018-01-02,2026-09-11,2111,2018-01-02,2026-09-11,2111,11,0,0
000716.SZ,SZ,True,True,,2111,2018-01-02,2026-09-11,2111,2018-01-02,2026-09-11,2111,5,0,0
000717.SZ,SZ,True,True,,2111,2018-01-02,2026-09-11,2111,2018-01-02,2026-09-11,2111,0,0,0
000718.SZ,SZ,True,True,,2111,2018-01-02,2026-09-11,2111,2018-01-02,2026-09-11,2111,0,0,0
000719.SZ,SZ,True,True,,2111,2018-01-02,2026-09-11,2111,2018-01-02,2026-09-11,2111,0,0,0
000720.SZ,SZ,True,True,,2111,2018-01-02,2026-09-11,2111,2018-01-02,2026-09-11,2111,2,247,0
000721.SZ,SZ,True,True,,2111,2018-01-02,2026-09-11,2111,2018-01-02,2026-09-11,2111,0,0,0
000722.SZ,SZ,True,True,,2111,2018-01-02,2026-09-11,2111,2018-01-02,2026-09-11,2111,10,0,0
000723.SZ,SZ,True,True,,2111,2018-01-02,2026-09-11,2111,2018-01-02,2026-09-11,2111,85,0,0
000725.SZ,SZ,True,True,,2111,2018-01-02,2026-09-11,2111,2018-01-02,2026-09-11,2111,0,0,0
000726.SZ,SZ,True,True,,2111,2018-01-02,2026-09-11,2111,2018-01-02,2026-09-11,2111,0,0,0
000727.SZ,SZ,True,True,,2111,2018-01-02,2026-09-11,2111,2018-01-02,2026-09-11,2111,9,234,0
000728.SZ,SZ,True,True,,2111,2018-01-02,2026-09-11,2111,2018-01-02,2026-09-11,2111,6,0,0
000729.SZ,SZ,True,True,,2111,2018-01-02,2026-09-11,2111,2018-01-02,2026-09-11,2111,0,0,0
000731.SZ,SZ,True,True,,2111,2018-01-02,2026-09-11,2111,2018-01-02,2026-09-11,2111,0,0,0
000732.SZ,SZ,True,True,,1358,2018-01-02,2023-08-04,1358,2018-01-02,2023-08-04,1358,57,307,0
000733.SZ,SZ,True,True,,2111,2018-01-02,2026-09-11,2111,2018-01-02,2026-09-11,2111,0,0,0
000735.SZ,SZ,True,True,,2111,2018-01-02,2026-09-11,2111,2018-01-02,2026-09-11,2111,2,0,0
000736.SZ,SZ,True,True,,2111,2018-01-02,2026-09-11,2111,2018-01-02,2026-09-11,2111,2,273,0
000737.SZ,SZ,True,True,,2111,2018-01-02,2026-09-11,2111,2018-01-02,2026-09-11,2111,34,768,0
000738.SZ,SZ,True,True,,2111,2018-01-02,2026-09-11,2111,2018-01-02,2026-09-11,2111,0,0,0
000739.SZ,SZ,True,True,,2111,2018-01-02,2026-09-11,2111,2018-01-02,2026-09-11,2111,0,0,0
000750.SZ,SZ,True,True,,2111,2018-01-02,2026-09-11,2111,2018-01-02,2026-09-11,2111,6,0,0
000751.SZ,SZ,True,True,,2111,2018-01-02,2026-09-11,2111,2018-01-02,2026-09-11,2111,0,0,0
000752.SZ,SZ,True,True,,2111,2018-01-02,2026-09-11,2111,2018-01-02,2026-09-11,2111,4,1804,0
000753.SZ,SZ,True,True,,2111,2018-01-02,2026-09-11,2111,2018-01-02,2026-09-11,2111,0,0,0
000755.SZ,SZ,True,True,,2111,2018-01-02,2026-09-11,2111,2018-01-02,2026-09-11,2111,30,210,0
000756.SZ,SZ,True,True,,2111,2018-01-02,2026-09-11,2111,2018-01-02,2026-09-11,2111,14,0,0
000757.SZ,SZ,True,True,,2111,2018-01-02,2026-09-11,2111,2018-01-02,2026-09-11,2111,99,0,0
000758.SZ,SZ,True,True,,2111,2018-01-02,2026-09-11,2111,2018-01-02,2026-09-11,2111,10,0,0
000759.SZ,SZ,True,True,,2111,2018-01-02,2026-09-11,2111,2018-01-02,2026-09-11,2111,0,0,0
000760.SZ,SZ,True,True,,865,2018-01-02,2021-07-23,865,2018-01-02,2021-07-23,865,254,512,0
000761.SZ,SZ,True,True,,2111,2018-01-02,2026-09-11,2111,2018-01-02,2026-09-11,2111,1,0,0
000762.SZ,SZ,True,True,,2111,2018-01-02,2026-09-11,2111,2018-01-02,2026-09-11,2111,0,0,0
000766.SZ,SZ,True,True,,2111,2018-01-02,2026-09-11,2111,2018-01-02,2026-09-11,2111,118,0,0
000767.SZ,SZ,True,True,,2111,2018-01-02,2026-09-11,2111,2018-01-02,2026-09-11,2111,0,0,0
000768.SZ,SZ,True,True,,2111,2018-01-02,2026-09-11,2111,2018-01-02,2026-09-11,2111,0,0,0
000776.SZ,SZ,True,True,,2111,2018-01-02,2026-09-11,2111,2018-01-02,2026-09-11,2111,0,0,0
000777.SZ,SZ,True,True,,2111,2018-01-02,2026-09-11,2111,2018-01-02,2026-09-11,2111,15,0,0
000778.SZ,SZ,True,True,,2111,2018-01-02,2026-09-11,2111,2018-01-02,2026-09-11,2111,0,0,0
000779.SZ,SZ,True,True,,2111,2018-01-02,2026-09-11,2111,2018-01-02,2026-09-11,2111,105,0,0
000780.SZ,SZ,True,True,,988,2018-01-02,2022-01-24,988,2018-01-02,2022-01-24,988,40,506,0
000782.SZ,SZ,True,True,,2111,2018-01-02,2026-09-11,2111,2018-01-02,2026-09-11,2111,11,0,0
000783.SZ,SZ,True,True,,2111,2018-01-02,2026-09-11,2111,2018-01-02,2026-09-11,2111,0,0,0
000785.SZ,SZ,True,True,,2111,2018-01-02,2026-09-11,2111,2018-01-02,2026-09-11,2111,11,0,0
000786.SZ,SZ,True,True,,2111,2018-01-02,2026-09-11,2111,2018-01-02,2026-09-11,2111,0,0,0
000788.SZ,SZ,True,True,,2111,2018-01-02,2026-09-11,2111,2018-01-02,2026-09-11,2111,0,0,0
000789.SZ,SZ,True,True,,2111,2018-01-02,2026-09-11,2111,2018-01-02,2026-09-11,2111,0,0,0
000790.SZ,SZ,True,True,,2111,2018-01-02,2026-09-11,2111,2018-01-02,2026-09-11,2111,15,0,0
000791.SZ,SZ,True,True,,2111,2018-01-02,2026-09-11,2111,2018-01-02,2026-09-11,2111,9,0,0
000792.SZ,SZ,True,True,,2111,2018-01-02,2026-09-11,2111,2018-01-02,2026-09-11,2111,314,555,0
000793.SZ,SZ,True,True,,2111,2018-01-02,2026-09-11,2111,2018-01-02,2026-09-11,2111,111,365,0
000795.SZ,SZ,True,True,,2111,2018-01-02,2026-09-11,2111,2018-01-02,2026-09-11,2111,0,0,0
000796.SZ,SZ,True,True,,2111,2018-01-02,2026-09-11,2111,2018-01-02,2026-09-11,2111,134,602,0
000797.SZ,SZ,True,True,,2111,2018-01-02,2026-09-11,2111,2018-01-02,2026-09-11,2111,0,0,0
000798.SZ,SZ,True,True,,2111,2018-01-02,2026-09-11,2111,2018-01-02,2026-09-11,2111,0,0,0
000799.SZ,SZ,True,True,,2111,2018-01-02,2026-09-11,2111,2018-01-02,2026-09-11,2111,0,0,0
000800.SZ,SZ,True,True,,2111,2018-01-02,2026-09-11,2111,2018-01-02,2026-09-11,2111,11,0,0
000801.SZ,SZ,True,True,,2111,2018-01-02,2026-09-11,2111,2018-01-02,2026-09-11,2111,10,0,0
000802.SZ,SZ,True,True,,2111,2018-01-02,2026-09-11,2111,2018-01-02,2026-09-11,2111,2,276,0
000803.SZ,SZ,True,True,,2111,2018-01-02,2026-09-11,2111,2018-01-02,2026-09-11,2111,26,397,0
000806.SZ,SZ,True,True,,1337,2018-01-02,2023-07-06,1337,2018-01-02,2023-07-06,1337,55,1021,0
000807.SZ,SZ,True,True,,2111,2018-01-02,2026-09-11,2111,2018-01-02,2026-09-11,2111,10,0,0
000809.SZ,SZ,True,True,,2111,2018-01-02,2026-09-11,2111,2018-01-02,2026-09-11,2111,8,610,0
000810.SZ,SZ,True,True,,2111,2018-01-02,2026-09-11,2111,2018-01-02,2026-09-11,2111,3,0,0
000811.SZ,SZ,True,True,,2111,2018-01-02,2026-09-11,2111,2018-01-02,2026-09-11,2111,0,0,0
000812.SZ,SZ,True,True,,2111,2018-01-02,2026-09-11,2111,2018-01-02,2026-09-11,2111,101,0,0
000813.SZ,SZ,True,True,,2111,2018-01-02,2026-09-11,2111,2018-01-02,2026-09-11,2111,2,0,0
000815.SZ,SZ,True,True,,2111,2018-01-02,2026-09-11,2111,2018-01-02,2026-09-11,2111,10,0,0
000816.SZ,SZ,True,True,,2111,2018-01-02,2026-09-11,2111,2018-01-02,2026-09-11,2111,3,606,0
000818.SZ,SZ,True,True,,2111,2018-01-02,2026-09-11,2111,2018-01-02,2026-09-11,2111,17,0,0
000819.SZ,SZ,True,True,,2111,2018-01-02,2026-09-11,2111,2018-01-02,2026-09-11,2111,0,0,0
000820.SZ,SZ,True,True,,2111,2018-01-02,2026-09-11,2111,2018-01-02,2026-09-11,2111,53,1118,0
000821.SZ,SZ,True,True,,2111,2018-01-02,2026-09-11,2111,2018-01-02,2026-09-11,2111,1,158,0
000822.SZ,SZ,True,True,,2111,2018-01-02,2026-09-11,2111,2018-01-02,2026-09-11,2111,0,0,0
000823.SZ,SZ,True,True,,2111,2018-01-02,2026-09-11,2111,2018-01-02,2026-09-11,2111,0,0,0
000825.SZ,SZ,True,True,,2111,2018-01-02,2026-09-11,2111,2018-01-02,2026-09-11,2111,108,0,0
000826.SZ,SZ,True,True,,2111,2018-01-02,2026-09-11,2111,2018-01-02,2026-09-11,2111,25,93,0
000828.SZ,SZ,True,True,,2111,2018-01-02,2026-09-11,2111,2018-01-02,2026-09-11,2111,0,0,0
000829.SZ,SZ,True,True,,2111,2018-01-02,2026-09-11,2111,2018-01-02,2026-09-11,2111,0,0,0
000830.SZ,SZ,True,True,,2111,2018-01-02,2026-09-11,2111,2018-01-02,2026-09-11,2111,10,0,0
000831.SZ,SZ,True,True,,2111,2018-01-02,2026-09-11,2111,2018-01-02,2026-09-11,2111,0,0,0
000833.SZ,SZ,True,True,,2111,2018-01-02,2026-09-11,2111,2018-01-02,2026-09-11,2111,0,0,0
000835.SZ,SZ,True,True,,1063,2018-01-02,2022-05-23,1063,2018-01-02,2022-05-23,1063,33,445,0
000836.SZ,SZ,True,True,,1605,2018-01-02,2024-08-12,1605,2018-01-02,2024-08-12,1605,41,70,0
000837.SZ,SZ,True,True,,2111,2018-01-02,2026-09-11,2111,2018-01-02,2026-09-11,2111,2,256,0
000838.SZ,SZ,True,True,,2111,2018-01-02,2026-09-11,2111,2018-01-02,2026-09-11,2111,6,96,0
000839.SZ,SZ,True,True,,2111,2018-01-02,2026-09-11,2111,2018-01-02,2026-09-11,2111,2,509,0
000848.SZ,SZ,True,True,,2111,2018-01-02,2026-09-11,2111,2018-01-02,2026-09-11,2111,0,0,0
000850.SZ,SZ,True,True,,2111,2018-01-02,2026-09-11,2111,2018-01-02,2026-09-11,2111,0,0,0
000851.SZ,SZ,True,True,,1905,2018-01-02,2025-11-10,1905,2018-01-02,2025-11-10,1905,27,370,0
000852.SZ,SZ,True,True,,2111,2018-01-02,2026-09-11,2111,2018-01-02,2026-09-11,2111,0,0,0
000856.SZ,SZ,True,True,,2111,2018-01-02,2026-09-11,2111,2018-01-02,2026-09-11,2111,0,0,0
000858.SZ,SZ,True,True,,2111,2018-01-02,2026-09-11,2111,2018-01-02,2026-09-11,2111,0,0,0
000859.SZ,SZ,True,True,,2111,2018-01-02,2026-09-11,2111,2018-01-02,2026-09-11,2111,10,0,0
000860.SZ,SZ,True,True,,2111,2018-01-02,2026-09-11,2111,2018-01-02,2026-09-11,2111,0,0,0
000861.SZ,SZ,True,True,,1630,2018-01-02,2024-09-18,1630,2018-01-02,2024-09-18,1630,40,0,0
000862.SZ,SZ,True,True,,2111,2018-01-02,2026-09-11,2111,2018-01-02,2026-09-11,2111,16,0,0
000863.SZ,SZ,True,True,,2111,2018-01-02,2026-09-11,2111,2018-01-02,2026-09-11,2111,5,0,0
000868.SZ,SZ,True,True,,2111,2018-01-02,2026-09-11,2111,2018-01-02,2026-09-11,2111,3,487,0
000869.SZ,SZ,True,True,,2111,2018-01-02,2026-09-11,2111,2018-01-02,2026-09-11,2111,0,0,0
000875.SZ,SZ,True,True,,2111,2018-01-02,2026-09-11,2111,2018-01-02,2026-09-11,2111,10,0,0
000876.SZ,SZ,True,True,,2111,2018-01-02,2026-09-11,2111,2018-01-02,2026-09-11,2111,0,0,0
000877.SZ,SZ,True,True,,2111,2018-01-02,2026-09-11,2111,2018-01-02,2026-09-11,2111,11,0,0
000878.SZ,SZ,True,True,,2111,2018-01-02,2026-09-11,2111,2018-01-02,2026-09-11,2111,19,0,0
000880.SZ,SZ,True,True,,2111,2018-01-02,2026-09-11,2111,2018-01-02,2026-09-11,2111,10,0,0
000881.SZ,SZ,True,True,,2111,2018-01-02,2026-09-11,2111,2018-01-02,2026-09-11,2111,8,0,0
000882.SZ,SZ,True,True,,2111,2018-01-02,2026-09-11,2111,2018-01-02,2026-09-11,2111,0,0,0
000883.SZ,SZ,True,True,,2111,2018-01-02,2026-09-11,2111,2018-01-02,2026-09-11,2111,0,0,0
000885.SZ,SZ,True,True,,2111,2018-01-02,2026-09-11,2111,2018-01-02,2026-09-11,2111,16,0,0
000886.SZ,SZ,True,True,,2111,2018-01-02,2026-09-11,2111,2018-01-02,2026-09-11,2111,0,0,0
000887.SZ,SZ,True,True,,2111,2018-01-02,2026-09-11,2111,2018-01-02,2026-09-11,2111,0,0,0
000888.SZ,SZ,True,True,,2111,2018-01-02,2026-09-11,2111,2018-01-02,2026-09-11,2111,0,0,0
000889.SZ,SZ,True,True,,2111,2018-01-02,2026-09-11,2111,2018-01-02,2026-09-11,2111,8,746,0
000890.SZ,SZ,True,True,,2111,2018-01-02,2026-09-11,2111,2018-01-02,2026-09-11,2111,40,253,0
000892.SZ,SZ,True,True,,2111,2018-01-02,2026-09-11,2111,2018-01-02,2026-09-11,2111,0,0,0
000893.SZ,SZ,True,True,,2111,2018-01-02,2026-09-11,2111,2018-01-02,2026-09-11,2111,13,348,0
000895.SZ,SZ,True,True,,2111,2018-01-02,2026-09-11,2111,2018-01-02,2026-09-11,2111,15,0,0
000897.SZ,SZ,True,True,,2111,2018-01-02,2026-09-11,2111,2018-01-02,2026-09-11,2111,2,294,0
000898.SZ,SZ,True,True,,2111,2018-01-02,2026-09-11,2111,2018-01-02,2026-09-11,2111,0,0,0
000899.SZ,SZ,True,True,,2111,2018-01-02,2026-09-11,2111,2018-01-02,2026-09-11,2111,5,0,0
000900.SZ,SZ,True,True,,2111,2018-01-02,2026-09-11,2111,2018-01-02,2026-09-11,2111,97,0,0
000901.SZ,SZ,True,True,,2111,2018-01-02,2026-09-11,2111,2018-01-02,2026-09-11,2111,6,0,0
000902.SZ,SZ,True,True,,2111,2018-01-02,2026-09-11,2111,2018-01-02,2026-09-11,2111,0,0,0
000903.SZ,SZ,True,True,,2111,2018-01-02,2026-09-11,2111,2018-01-02,2026-09-11,2111,1,288,0
000905.SZ,SZ,True,True,,2111,2018-01-02,2026-09-11,2111,2018-01-02,2026-09-11,2111,5,0,0
000906.SZ,SZ,True,True,,2111,2018-01-02,2026-09-11,2111,2018-01-02,2026-09-11,2111,24,0,0
000908.SZ,SZ,True,True,,2111,2018-01-02,2026-09-11,2111,2018-01-02,2026-09-11,2111,9,511,0
000909.SZ,SZ,True,True,,2111,2018-01-02,2026-09-11,2111,2018-01-02,2026-09-11,2111,12,818,0
000910.SZ,SZ,True,True,,2111,2018-01-02,2026-09-11,2111,2018-01-02,2026-09-11,2111,0,0,0
000911.SZ,SZ,True,True,,2111,2018-01-02,2026-09-11,2111,2018-01-02,2026-09-11,2111,4,440,0
000912.SZ,SZ,True,True,,2111,2018-01-02,2026-09-11,2111,2018-01-02,2026-09-11,2111,228,310,0
000913.SZ,SZ,True,True,,2111,2018-01-02,2026-09-11,2111,2018-01-02,2026-09-11,2111,0,0,0
000915.SZ,SZ,True,True,,2111,2018-01-02,2026-09-11,2111,2018-01-02,2026-09-11,2111,0,0,0
000917.SZ,SZ,True,True,,2111,2018-01-02,2026-09-11,2111,2018-01-02,2026-09-11,2111,0,0,0
000918.SZ,SZ,True,True,,1353,2018-01-02,2023-07-28,1353,2018-01-02,2023-07-28,1353,45,59,0
000919.SZ,SZ,True,True,,2111,2018-01-02,2026-09-11,2111,2018-01-02,2026-09-11,2111,0,0,0
000920.SZ,SZ,True,True,,2111,2018-01-02,2026-09-11,2111,2018-01-02,2026-09-11,2111,0,0,0
000921.SZ,SZ,True,True,,2111,2018-01-02,2026-09-11,2111,2018-01-02,2026-09-11,2111,0,0,0
000922.SZ,SZ,True,True,,2111,2018-01-02,2026-09-11,2111,2018-01-02,2026-09-11,2111,1,219,0
000923.SZ,SZ,True,True,,2111,2018-01-02,2026-09-11,2111,2018-01-02,2026-09-11,2111,0,0,0
000925.SZ,SZ,True,True,,2111,2018-01-02,2026-09-11,2111,2018-01-02,2026-09-11,2111,0,0,0
000926.SZ,SZ,True,True,,2111,2018-01-02,2026-09-11,2111,2018-01-02,2026-09-11,2111,6,0,0
000927.SZ,SZ,True,True,,2111,2018-01-02,2026-09-11,2111,2018-01-02,2026-09-11,2111,21,179,0
000928.SZ,SZ,True,True,,2111,2018-01-02,2026-09-11,2111,2018-01-02,2026-09-11,2111,0,0,0
000929.SZ,SZ,True,True,,2111,2018-01-02,2026-09-11,2111,2018-01-02,2026-09-11,2111,7,272,0
000930.SZ,SZ,True,True,,2111,2018-01-02,2026-09-11,2111,2018-01-02,2026-09-11,2111,90,0,0
000931.SZ,SZ,True,True,,2111,2018-01-02,2026-09-11,2111,2018-01-02,2026-09-11,2111,3,0,0
000932.SZ,SZ,True,True,,2111,2018-01-02,2026-09-11,2111,2018-01-02,2026-09-11,2111,7,43,0
000933.SZ,SZ,True,True,,2111,2018-01-02,2026-09-11,2111,2018-01-02,2026-09-11,2111,10,0,0
000935.SZ,SZ,True,True,,2111,2018-01-02,2026-09-11,2111,2018-01-02,2026-09-11,2111,0,0,0
000936.SZ,SZ,True,True,,2111,2018-01-02,2026-09-11,2111,2018-01-02,2026-09-11,2111,0,0,0
000937.SZ,SZ,True,True,,2111,2018-01-02,2026-09-11,2111,2018-01-02,2026-09-11,2111,0,0,0
000938.SZ,SZ,True,True,,2111,2018-01-02,2026-09-11,2111,2018-01-02,2026-09-11,2111,5,0,0
000939.SZ,SZ,True,True,,720,2018-01-02,2020-12-17,720,2018-01-02,2020-12-17,720,489,570,0
000948.SZ,SZ,True,True,,2111,2018-01-02,2026-09-11,2111,2018-01-02,2026-09-11,2111,10,0,0
000949.SZ,SZ,True,True,,2111,2018-01-02,2026-09-11,2111,2018-01-02,2026-09-11,2111,0,0,0
000950.SZ,SZ,True,True,,2111,2018-01-02,2026-09-11,2111,2018-01-02,2026-09-11,2111,160,160,0
000951.SZ,SZ,True,True,,2111,2018-01-02,2026-09-11,2111,2018-01-02,2026-09-11,2111,0,0,0
000952.SZ,SZ,True,True,,2111,2018-01-02,2026-09-11,2111,2018-01-02,2026-09-11,2111,0,0,0
000953.SZ,SZ,True,True,,2111,2018-01-02,2026-09-11,2111,2018-01-02,2026-09-11,2111,16,823,0
000955.SZ,SZ,True,True,,2111,2018-01-02,2026-09-11,2111,2018-01-02,2026-09-11,2111,0,0,0
000957.SZ,SZ,True,True,,2111,2018-01-02,2026-09-11,2111,2018-01-02,2026-09-11,2111,15,0,0
000958.SZ,SZ,True,True,,2111,2018-01-02,2026-09-11,2111,2018-01-02,2026-09-11,2111,21,0,0
000959.SZ,SZ,True,True,,2111,2018-01-02,2026-09-11,2111,2018-01-02,2026-09-11,2111,32,0,0
000960.SZ,SZ,True,True,,2111,2018-01-02,2026-09-11,2111,2018-01-02,2026-09-11,2111,0,0,0
000961.SZ,SZ,True,True,,1583,2018-01-02,2024-07-11,1583,2018-01-02,2024-07-11,1583,48,53,0
000962.SZ,SZ,True,True,,2111,2018-01-02,2026-09-11,2111,2018-01-02,2026-09-11,2111,40,0,0
000963.SZ,SZ,True,True,,2111,2018-01-02,2026-09-11,2111,2018-01-02,2026-09-11,2111,0,0,0
000965.SZ,SZ,True,True,,2111,2018-01-02,2026-09-11,2111,2018-01-02,2026-09-11,2111,0,0,0
000966.SZ,SZ,True,True,,2111,2018-01-02,2026-09-11,2111,2018-01-02,2026-09-11,2111,11,0,0
000967.SZ,SZ,True,True,,2111,2018-01-02,2026-09-11,2111,2018-01-02,2026-09-11,2111,56,0,0
000968.SZ,SZ,True,True,,2111,2018-01-02,2026-09-11,2111,2018-01-02,2026-09-11,2111,0,0,0
000969.SZ,SZ,True,True,,2111,2018-01-02,2026-09-11,2111,2018-01-02,2026-09-11,2111,0,0,0
000970.SZ,SZ,True,True,,2111,2018-01-02,2026-09-11,2111,2018-01-02,2026-09-11,2111,6,0,0
000971.SZ,SZ,True,True,,1592,2018-01-02,2024-07-24,1592,2018-01-02,2024-07-24,1592,48,1292,0
000972.SZ,SZ,True,True,,2111,2018-01-02,2026-09-11,2111,2018-01-02,2026-09-11,2111,89,1583,0
000973.SZ,SZ,True,True,,2111,2018-01-02,2026-09-11,2111,2018-01-02,2026-09-11,2111,10,0,0
000975.SZ,SZ,True,True,,2111,2018-01-02,2026-09-11,2111,2018-01-02,2026-09-11,2111,15,0,0
000976.SZ,SZ,True,True,,1616,2018-01-02,2024-08-27,1616,2018-01-02,2024-08-27,1616,82,321,0
000977.SZ,SZ,True,True,,2111,2018-01-02,2026-09-11,2111,2018-01-02,2026-09-11,2111,6,0,0
000978.SZ,SZ,True,True,,2111,2018-01-02,2026-09-11,2111,2018-01-02,2026-09-11,2111,0,0,0
000979.SZ,SZ,True,True,,243,2018-01-02,2018-12-28,243,2018-01-02,2018-12-28,243,57,0,0
000980.SZ,SZ,True,True,,2111,2018-01-02,2026-09-11,2111,2018-01-02,2026-09-11,2111,18,572,0
000981.SZ,SZ,True,True,,2111,2018-01-02,2026-09-11,2111,2018-01-02,2026-09-11,2111,69,855,0
000982.SZ,SZ,True,True,,1605,2018-01-02,2024-08-12,1605,2018-01-02,2024-08-12,1605,43,832,0
000983.SZ,SZ,True,True,,2111,2018-01-02,2026-09-11,2111,2018-01-02,2026-09-11,2111,10,0,0
000985.SZ,SZ,True,True,,2111,2018-01-02,2026-09-11,2111,2018-01-02,2026-09-11,2111,0,0,0
000987.SZ,SZ,True,True,,2111,2018-01-02,2026-09-11,2111,2018-01-02,2026-09-11,2111,11,0,0
000988.SZ,SZ,True,True,,2111,2018-01-02,2026-09-11,2111,2018-01-02,2026-09-11,2111,0,0,0
000989.SZ,SZ,True,True,,2111,2018-01-02,2026-09-11,2111,2018-01-02,2026-09-11,2111,2,246,0
000990.SZ,SZ,True,True,,2111,2018-01-02,2026-09-11,2111,2018-01-02,2026-09-11,2111,0,0,0
000993.SZ,SZ,True,True,,2111,2018-01-02,2026-09-11,2111,2018-01-02,2026-09-11,2111,0,0,0
000995.SZ,SZ,True,True,,2111,2018-01-02,2026-09-11,2111,2018-01-02,2026-09-11,2111,418,958,0
000996.SZ,SZ,True,True,,1574,2018-01-02,2024-06-28,1574,2018-01-02,2024-06-28,1574,50,264,0
000997.SZ,SZ,True,True,,2111,2018-01-02,2026-09-11,2111,2018-01-02,2026-09-11,2111,0,0,0
000998.SZ,SZ,True,True,,2111,2018-01-02,2026-09-11,2111,2018-01-02,2026-09-11,2111,20,0,0
000999.SZ,SZ,True,True,,2111,2018-01-02,2026-09-11,2111,2018-01-02,2026-09-11,2111,0,0,0
001201.SZ,SZ,True,True,,1305,2021-04-28,2026-09-11,1305,2021-04-28,2026-09-11,1305,0,0,0
001202.SZ,SZ,True,True,,1304,2021-04-29,2026-09-11,1304,2021-04-29,2026-09-11,1304,0,0,0
001203.SZ,SZ,True,True,,1300,2021-05-10,2026-09-11,1300,2021-05-10,2026-09-11,1300,0,0,0
001205.SZ,SZ,True,True,,1297,2021-05-13,2026-09-11,1297,2021-05-13,2026-09-11,1297,0,0,0
001206.SZ,SZ,True,True,,1294,2021-05-18,2026-09-11,1294,2021-05-18,2026-09-11,1294,9,0,0
001207.SZ,SZ,True,True,,1269,2021-06-23,2026-09-11,1269,2021-06-23,2026-09-11,1269,0,0,0
001208.SZ,SZ,True,True,,1268,2021-06-24,2026-09-11,1268,2021-06-24,2026-09-11,1268,0,0,0
001209.SZ,SZ,True,True,,1247,2021-07-23,2026-09-11,1247,2021-07-23,2026-09-11,1247,0,0,0
001210.SZ,SZ,True,True,,1243,2021-07-29,2026-09-11,1243,2021-07-29,2026-09-11,1243,0,0,0
001211.SZ,SZ,True,True,,1238,2021-08-05,2026-09-11,1238,2021-08-05,2026-09-11,1238,0,0,0
001212.SZ,SZ,True,True,,1226,2021-08-23,2026-09-11,1226,2021-08-23,2026-09-11,1226,2,0,0
001213.SZ,SZ,True,True,,1214,2021-09-08,2026-09-11,1214,2021-09-08,2026-09-11,1214,0,0,0
001215.SZ,SZ,True,True,,1216,2021-09-06,2026-09-11,1216,2021-09-06,2026-09-11,1216,0,0,0
001216.SZ,SZ,True,True,,1192,2021-10-19,2026-09-11,1192,2021-10-19,2026-09-11,1192,0,0,0
001217.SZ,SZ,True,True,,1201,2021-09-29,2026-09-11,1201,2021-09-29,2026-09-11,1201,0,0,0
001218.SZ,SZ,True,True,,1194,2021-10-15,2026-09-11,1194,2021-10-15,2026-09-11,1194,0,0,0
001219.SZ,SZ,True,True,,1190,2021-10-21,2026-09-11,1190,2021-10-21,2026-09-11,1190,0,0,0
001220.SZ,SZ,True,True,,148,2026-02-03,2026-09-11,148,2026-02-03,2026-09-11,148,0,0,0
001221.SZ,SZ,True,True,,274,2025-07-30,2026-09-11,274,2025-07-30,2026-09-11,274,0,0,0
001222.SZ,SZ,True,True,,987,2022-08-18,2026-09-11,987,2022-08-18,2026-09-11,987,0,0,0
001223.SZ,SZ,True,True,,911,2022-12-12,2026-09-11,911,2022-12-12,2026-09-11,911,0,0,0
001225.SZ,SZ,True,True,,865,2023-02-22,2026-09-11,865,2023-02-22,2026-09-11,865,0,0,0
001226.SZ,SZ,True,True,,1028,2022-06-22,2026-09-11,1028,2022-06-22,2026-09-11,1028,0,0,0
001227.SZ,SZ,True,True,,1129,2022-01-17,2026-09-11,1129,2022-01-17,2026-09-11,1129,0,0,0
001228.SZ,SZ,True,True,,1062,2022-04-29,2026-09-11,1062,2022-04-29,2026-09-11,1062,0,0,0
001229.SZ,SZ,True,True,,995,2022-08-08,2026-09-11,995,2022-08-08,2026-09-11,995,0,0,0
001230.SZ,SZ,True,True,,1011,2022-07-15,2026-09-11,1011,2022-07-15,2026-09-11,1011,0,0,0
001231.SZ,SZ,True,True,,986,2022-08-19,2026-09-11,986,2022-08-19,2026-09-11,986,0,0,0
001232.SZ,SZ,True,True,,29,2026-08-04,2026-09-11,29,2026-08-04,2026-09-11,29,0,0,0
001233.SZ,SZ,True,True,,196,2025-11-25,2026-09-11,196,2025-11-25,2026-09-11,196,0,0,0
001234.SZ,SZ,True,True,,1133,2022-01-11,2026-09-11,1133,2022-01-11,2026-09-11,1133,0,0,0
001236.SZ,SZ,True,True,,996,2022-08-05,2026-09-11,996,2022-08-05,2026-09-11,996,0,0,0
001237.SZ,SZ,True,True,,80,2026-05-22,2026-09-11,80,2026-05-22,2026-09-11,80,0,0,0
001238.SZ,SZ,True,True,,966,2022-09-19,2026-09-11,966,2022-09-19,2026-09-11,966,0,0,0
001239.SZ,SZ,True,True,,668,2023-12-12,2026-09-11,668,2023-12-12,2026-09-11,668,0,0,0
001248.SZ,SZ,True,True,,52,2026-07-02,2026-09-11,52,2026-07-02,2026-09-11,52,0,0,0
001255.SZ,SZ,True,True,,957,2022-09-30,2026-09-11,957,2022-09-30,2026-09-11,957,0,0,0
001256.SZ,SZ,True,True,,916,2022-12-05,2026-09-11,916,2022-12-05,2026-09-11,916,0,0,0
001257.SZ,SZ,True,True,,114,2026-03-31,2026-09-11,114,2026-03-31,2026-09-11,114,0,0,0
001258.SZ,SZ,True,True,,1003,2022-07-27,2026-09-11,1003,2022-07-27,2026-09-11,1003,0,0,0
001259.SZ,SZ,True,True,,978,2022-08-31,2026-09-11,978,2022-08-31,2026-09-11,978,0,0,0
001260.SZ,SZ,True,True,,869,2023-02-16,2026-09-11,869,2023-02-16,2026-09-11,869,0,0,0
001266.SZ,SZ,True,True,,1104,2022-02-28,2026-09-11,1104,2022-02-28,2026-09-11,1104,0,0,0
001267.SZ,SZ,True,True,,1171,2021-11-17,2026-09-11,1171,2021-11-17,2026-09-11,1171,4,0,0
001268.SZ,SZ,True,True,,1022,2022-06-30,2026-09-11,1022,2022-06-30,2026-09-11,1022,0,0,0
001269.SZ,SZ,True,True,,957,2022-09-30,2026-09-11,957,2022-09-30,2026-09-11,957,0,0,0
001270.SZ,SZ,True,True,,1040,2022-06-06,2026-09-11,1040,2022-06-06,2026-09-11,1040,5,257,0
001277.SZ,SZ,True,True,,491,2024-09-03,2026-09-11,491,2024-09-03,2026-09-11,491,0,0,0
001278.SZ,SZ,True,True,,855,2023-03-08,2026-09-11,855,2023-03-08,2026-09-11,855,0,0,0
001279.SZ,SZ,True,True,,470,2024-10-11,2026-09-11,470,2024-10-11,2026-09-11,470,0,0,0
001280.SZ,SZ,True,True,,190,2025-12-03,2026-09-11,190,2025-12-03,2026-09-11,190,0,0,0
001282.SZ,SZ,True,True,,804,2023-05-24,2026-09-11,804,2023-05-24,2026-09-11,804,0,0,0
001283.SZ,SZ,True,True,,975,2022-09-05,2026-09-11,975,2022-09-05,2026-09-11,975,0,0,0
001285.SZ,SZ,True,True,,230,2025-09-30,2026-09-11,230,2025-09-30,2026-09-11,230,10,0,0
001286.SZ,SZ,True,True,,833,2023-04-10,2026-09-11,833,2023-04-10,2026-09-11,833,0,0,0
001287.SZ,SZ,True,True,,833,2023-04-10,2026-09-11,833,2023-04-10,2026-09-11,833,0,0,0
001288.SZ,SZ,True,True,,1183,2021-11-01,2026-09-11,1183,2021-11-01,2026-09-11,1183,0,0,0
001289.SZ,SZ,True,True,,1124,2022-01-24,2026-09-11,1124,2022-01-24,2026-09-11,1124,0,0,0
001296.SZ,SZ,True,True,,1144,2021-12-24,2026-09-11,1144,2021-12-24,2026-09-11,1144,0,0,0
001298.SZ,SZ,True,True,,941,2022-10-31,2026-09-11,941,2022-10-31,2026-09-11,941,0,0,0
001299.SZ,SZ,True,True,,941,2022-10-31,2026-09-11,941,2022-10-31,2026-09-11,941,0,0,0
001300.SZ,SZ,True,True,,949,2022-10-19,2026-09-11,949,2022-10-19,2026-09-11,949,0,0,0
001301.SZ,SZ,True,True,,899,2022-12-28,2026-09-11,899,2022-12-28,2026-09-11,899,0,0,0
001306.SZ,SZ,True,True,,686,2023-11-16,2026-09-11,686,2023-11-16,2026-09-11,686,0,0,0
001308.SZ,SZ,True,True,,1090,2022-03-18,2026-09-11,1090,2022-03-18,2026-09-11,1090,0,0,0
001309.SZ,SZ,True,True,,1021,2022-07-01,2026-09-11,1021,2022-07-01,2026-09-11,1021,0,0,0
001311.SZ,SZ,True,True,,862,2023-02-27,2026-09-11,862,2023-02-27,2026-09-11,862,0,0,0
001312.SZ,SZ,True,True,,100,2026-04-21,2026-09-11,100,2026-04-21,2026-09-11,100,0,0,0
001313.SZ,SZ,True,True,,1112,2022-02-16,2026-09-11,1112,2022-02-16,2026-09-11,1112,0,0,0
001314.SZ,SZ,True,True,,871,2023-02-14,2026-09-11,871,2023-02-14,2026-09-11,871,9,0,0
001316.SZ,SZ,True,True,,1026,2022-06-24,2026-09-11,1026,2022-06-24,2026-09-11,1026,0,0,0
001317.SZ,SZ,True,True,,1162,2021-11-30,2026-09-11,1162,2021-11-30,2026-09-11,1162,5,0,0
001318.SZ,SZ,True,True,,1050,2022-05-20,2026-09-11,1050,2022-05-20,2026-09-11,1050,0,0,0
001319.SZ,SZ,True,True,,1056,2022-05-12,2026-09-11,1056,2022-05-12,2026-09-11,1056,0,0,0
001322.SZ,SZ,True,True,,944,2022-10-26,2026-09-11,944,2022-10-26,2026-09-11,944,0,0,0
001323.SZ,SZ,True,True,,1027,2022-06-23,2026-09-11,1027,2022-06-23,2026-09-11,1027,0,0,0
001324.SZ,SZ,True,True,,806,2023-05-22,2026-09-11,806,2023-05-22,2026-09-11,806,0,0,0
001325.SZ,SZ,True,True,,179,2025-12-18,2026-09-11,179,2025-12-18,2026-09-11,179,0,0,0
001326.SZ,SZ,True,True,,691,2023-11-09,2026-09-11,691,2023-11-09,2026-09-11,691,0,0,0
001328.SZ,SZ,True,True,,833,2023-04-10,2026-09-11,833,2023-04-10,2026-09-11,833,0,0,0
001330.SZ,SZ,True,True,,987,2022-08-18,2026-09-11,987,2022-08-18,2026-09-11,987,0,0,0
001331.SZ,SZ,True,True,,972,2022-09-08,2026-09-11,972,2022-09-08,2026-09-11,972,29,0,0
001332.SZ,SZ,True,True,,965,2022-09-20,2026-09-11,965,2022-09-20,2026-09-11,965,0,0,0
001333.SZ,SZ,True,True,,913,2022-12-08,2026-09-11,913,2022-12-08,2026-09-11,913,0,0,0
001335.SZ,SZ,True,True,,346,2025-04-15,2026-09-11,346,2025-04-15,2026-09-11,346,0,0,0
001336.SZ,SZ,True,True,,1005,2022-07-25,2026-09-11,1005,2022-07-25,2026-09-11,1005,0,0,0
001337.SZ,SZ,True,True,,858,2023-03-03,2026-09-11,858,2023-03-03,2026-09-11,858,0,0,0
001338.SZ,SZ,True,True,,929,2022-11-16,2026-09-11,929,2022-11-16,2026-09-11,929,0,0,0
001339.SZ,SZ,True,True,,990,2022-08-15,2026-09-11,990,2022-08-15,2026-09-11,990,0,0,0
001356.SZ,SZ,True,True,,397,2025-01-23,2026-09-11,397,2025-01-23,2026-09-11,397,0,0,0
001358.SZ,SZ,True,True,,661,2023-12-21,2026-09-11,661,2023-12-21,2026-09-11,661,0,0,0
001359.SZ,SZ,True,True,,598,2024-03-28,2026-09-11,598,2024-03-28,2026-09-11,598,0,0,0
001360.SZ,SZ,True,True,,833,2023-04-10,2026-09-11,833,2023-04-10,2026-09-11,833,0,0,0
001365.SZ,SZ,True,True,,84,2026-05-18,2026-09-11,84,2026-05-18,2026-09-11,84,0,0,0
001366.SZ,SZ,True,True,,856,2023-03-07,2026-09-11,856,2023-03-07,2026-09-11,856,0,0,0
001367.SZ,SZ,True,True,,833,2023-04-10,2026-09-11,833,2023-04-10,2026-09-11,833,0,0,0
001368.SZ,SZ,True,True,,852,2023-03-13,2026-09-11,852,2023-03-13,2026-09-11,852,0,0,0
001369.SZ,SZ,True,True,,171,2025-12-30,2026-09-11,171,2025-12-30,2026-09-11,171,0,0,0
001373.SZ,SZ,True,True,,798,2023-06-01,2026-09-11,798,2023-06-01,2026-09-11,798,0,0,0
001376.SZ,SZ,True,True,,695,2023-11-03,2026-09-11,695,2023-11-03,2026-09-11,695,0,0,0
001378.SZ,SZ,True,True,,699,2023-10-30,2026-09-11,699,2023-10-30,2026-09-11,699,0,0,0
001379.SZ,SZ,True,True,,641,2024-01-19,2026-09-11,641,2024-01-19,2026-09-11,641,0,0,0
001380.SZ,SZ,True,True,,810,2023-05-16,2026-09-11,810,2023-05-16,2026-09-11,810,0,0,0
001382.SZ,SZ,True,True,,362,2025-03-21,2026-09-11,362,2025-03-21,2026-09-11,362,0,0,0
001386.SZ,SZ,True,True,,220,2025-10-22,2026-09-11,220,2025-10-22,2026-09-11,220,0,0,0
001387.SZ,SZ,True,True,,647,2024-01-11,2026-09-11,647,2024-01-11,2026-09-11,647,0,0,0
001388.SZ,SZ,True,True,,295,2025-07-01,2026-09-11,295,2025-07-01,2026-09-11,295,0,0,0
001389.SZ,SZ,True,True,,595,2024-04-02,2026-09-11,595,2024-04-02,2026-09-11,595,0,0,0
001390.SZ,SZ,True,True,,317,2025-05-29,2026-09-11,317,2025-05-29,2026-09-11,317,0,0,0
001391.SZ,SZ,True,True,,414,2024-12-30,2026-09-11,414,2024-12-30,2026-09-11,414,0,0,0
001393.SZ,SZ,True,True,,85,2026-05-15,2026-09-11,85,2026-05-15,2026-09-11,85,0,0,0
001395.SZ,SZ,True,True,,395,2025-01-27,2026-09-11,395,2025-01-27,2026-09-11,395,0,0,0
001396.SZ,SZ,True,True,,171,2025-12-30,2026-09-11,171,2025-12-30,2026-09-11,171,0,0,0
001399.SZ,SZ,True,True,,56,2026-06-26,2026-09-11,56,2026-06-26,2026-09-11,56,0,0,0
001400.SZ,SZ,True,True,,339,2025-04-24,2026-09-11,339,2025-04-24,2026-09-11,339,0,0,0
001696.SZ,SZ,True,True,,2111,2018-01-02,2026-09-11,2111,2018-01-02,2026-09-11,2111,0,0,0
001872.SZ,SZ,True,True,,2111,2018-01-02,2026-09-11,2111,2018-01-02,2026-09-11,2111,131,0,0
001896.SZ,SZ,True,True,,2111,2018-01-02,2026-09-11,2111,2018-01-02,2026-09-11,2111,11,0,0
001914.SZ,SZ,True,True,,2111,2018-01-02,2026-09-11,2111,2018-01-02,2026-09-11,2111,11,0,0
001965.SZ,SZ,True,True,,2111,2018-01-02,2026-09-11,2111,2018-01-02,2026-09-11,2111,0,0,0
001979.SZ,SZ,True,True,,2111,2018-01-02,2026-09-11,2111,2018-01-02,2026-09-11,2111,16,0,0
002001.SZ,SZ,True,True,,2111,2018-01-02,2026-09-11,2111,2018-01-02,2026-09-11,2111,0,0,0
002002.SZ,SZ,True,True,,1506,2018-01-02,2024-03-18,1506,2018-01-02,2024-03-18,1506,97,106,0
002003.SZ,SZ,True,True,,2111,2018-01-02,2026-09-11,2111,2018-01-02,2026-09-11,2111,0,0,0
002004.SZ,SZ,True,True,,2111,2018-01-02,2026-09-11,2111,2018-01-02,2026-09-11,2111,46,0,0
002005.SZ,SZ,True,True,,2111,2018-01-02,2026-09-11,2111,2018-01-02,2026-09-11,2111,122,1746,0
002006.SZ,SZ,True,True,,2111,2018-01-02,2026-09-11,2111,2018-01-02,2026-09-11,2111,0,0,0
002007.SZ,SZ,True,True,,2111,2018-01-02,2026-09-11,2111,2018-01-02,2026-09-11,2111,0,0,0
002008.SZ,SZ,True,True,,2111,2018-01-02,2026-09-11,2111,2018-01-02,2026-09-11,2111,0,0,0
002009.SZ,SZ,True,True,,2111,2018-01-02,2026-09-11,2111,2018-01-02,2026-09-11,2111,0,0,0
002010.SZ,SZ,True,True,,2111,2018-01-02,2026-09-11,2111,2018-01-02,2026-09-11,2111,10,0,0
002011.SZ,SZ,True,True,,2111,2018-01-02,2026-09-11,2111,2018-01-02,2026-09-11,2111,116,0,0
002012.SZ,SZ,True,True,,2111,2018-01-02,2026-09-11,2111,2018-01-02,2026-09-11,2111,23,0,0
002013.SZ,SZ,True,True,,1264,2018-01-02,2023-03-17,1264,2018-01-02,2023-03-17,1264,39,0,0
002014.SZ,SZ,True,True,,2111,2018-01-02,2026-09-11,2111,2018-01-02,2026-09-11,2111,0,0,0
002015.SZ,SZ,True,True,,2111,2018-01-02,2026-09-11,2111,2018-01-02,2026-09-11,2111,15,0,0
002016.SZ,SZ,True,True,,2111,2018-01-02,2026-09-11,2111,2018-01-02,2026-09-11,2111,4,0,0
002017.SZ,SZ,True,True,,2111,2018-01-02,2026-09-11,2111,2018-01-02,2026-09-11,2111,6,0,0
002018.SZ,SZ,True,True,,445,2018-01-02,2019-11-01,445,2018-01-02,2019-11-01,445,44,337,0
002019.SZ,SZ,True,True,,2111,2018-01-02,2026-09-11,2111,2018-01-02,2026-09-11,2111,0,0,0
002020.SZ,SZ,True,True,,2111,2018-01-02,2026-09-11,2111,2018-01-02,2026-09-11,2111,0,0,0
002021.SZ,SZ,True,True,,2111,2018-01-02,2026-09-11,2111,2018-01-02,2026-09-11,2111,15,1234,0
002022.SZ,SZ,True,True,,2111,2018-01-02,2026-09-11,2111,2018-01-02,2026-09-11,2111,7,224,0
002023.SZ,SZ,True,True,,2111,2018-01-02,2026-09-11,2111,2018-01-02,2026-09-11,2111,0,0,0
002024.SZ,SZ,True,True,,2111,2018-01-02,2026-09-11,2111,2018-01-02,2026-09-11,2111,17,1060,0
002025.SZ,SZ,True,True,,2111,2018-01-02,2026-09-11,2111,2018-01-02,2026-09-11,2111,0,0,0
002026.SZ,SZ,True,True,,2111,2018-01-02,2026-09-11,2111,2018-01-02,2026-09-11,2111,0,0,0
002027.SZ,SZ,True,True,,2111,2018-01-02,2026-09-11,2111,2018-01-02,2026-09-11,2111,0,0,0
002028.SZ,SZ,True,True,,2111,2018-01-02,2026-09-11,2111,2018-01-02,2026-09-11,2111,0,0,0
002029.SZ,SZ,True,True,,2111,2018-01-02,2026-09-11,2111,2018-01-02,2026-09-11,2111,0,0,0
002030.SZ,SZ,True,True,,2111,2018-01-02,2026-09-11,2111,2018-01-02,2026-09-11,2111,0,0,0
002031.SZ,SZ,True,True,,2111,2018-01-02,2026-09-11,2111,2018-01-02,2026-09-11,2111,0,0,0
002032.SZ,SZ,True,True,,2111,2018-01-02,2026-09-11,2111,2018-01-02,2026-09-11,2111,1,0,0
002033.SZ,SZ,True,True,,2111,2018-01-02,2026-09-11,2111,2018-01-02,2026-09-11,2111,46,0,0
002034.SZ,SZ,True,True,,2111,2018-01-02,2026-09-11,2111,2018-01-02,2026-09-11,2111,25,0,0
002035.SZ,SZ,True,True,,2111,2018-01-02,2026-09-11,2111,2018-01-02,2026-09-11,2111,0,0,0
002036.SZ,SZ,True,True,,2111,2018-01-02,2026-09-11,2111,2018-01-02,2026-09-11,2111,10,0,0
002037.SZ,SZ,True,True,,2111,2018-01-02,2026-09-11,2111,2018-01-02,2026-09-11,2111,50,0,0
002038.SZ,SZ,True,True,,2111,2018-01-02,2026-09-11,2111,2018-01-02,2026-09-11,2111,0,0,0
002039.SZ,SZ,True,True,,2111,2018-01-02,2026-09-11,2111,2018-01-02,2026-09-11,2111,0,0,0
002040.SZ,SZ,True,True,,2111,2018-01-02,2026-09-11,2111,2018-01-02,2026-09-11,2111,0,0,0
002041.SZ,SZ,True,True,,2111,2018-01-02,2026-09-11,2111,2018-01-02,2026-09-11,2111,0,0,0
002042.SZ,SZ,True,True,,2111,2018-01-02,2026-09-11,2111,2018-01-02,2026-09-11,2111,0,0,0
002043.SZ,SZ,True,True,,2111,2018-01-02,2026-09-11,2111,2018-01-02,2026-09-11,2111,0,0,0
002044.SZ,SZ,True,True,,2111,2018-01-02,2026-09-11,2111,2018-01-02,2026-09-11,2111,0,0,0
002045.SZ,SZ,True,True,,2111,2018-01-02,2026-09-11,2111,2018-01-02,2026-09-11,2111,5,0,0
002046.SZ,SZ,True,True,,2111,2018-01-02,2026-09-11,2111,2018-01-02,2026-09-11,2111,0,0,0
002047.SZ,SZ,True,True,,2111,2018-01-02,2026-09-11,2111,2018-01-02,2026-09-11,2111,70,256,0
002048.SZ,SZ,True,True,,2111,2018-01-02,2026-09-11,2111,2018-01-02,2026-09-11,2111,0,0,0
002049.SZ,SZ,True,True,,2111,2018-01-02,2026-09-11,2111,2018-01-02,2026-09-11,2111,26,0,0
002050.SZ,SZ,True,True,,2111,2018-01-02,2026-09-11,2111,2018-01-02,2026-09-11,2111,0,0,0
002051.SZ,SZ,True,True,,2111,2018-01-02,2026-09-11,2111,2018-01-02,2026-09-11,2111,118,0,0
002052.SZ,SZ,True,True,,2111,2018-01-02,2026-09-11,2111,2018-01-02,2026-09-11,2111,15,1240,0
002053.SZ,SZ,True,True,,2111,2018-01-02,2026-09-11,2111,2018-01-02,2026-09-11,2111,38,0,0
002054.SZ,SZ,True,True,,2111,2018-01-02,2026-09-11,2111,2018-01-02,2026-09-11,2111,0,0,0
002055.SZ,SZ,True,True,,2111,2018-01-02,2026-09-11,2111,2018-01-02,2026-09-11,2111,1,168,0
002056.SZ,SZ,True,True,,2111,2018-01-02,2026-09-11,2111,2018-01-02,2026-09-11,2111,0,0,0
002057.SZ,SZ,True,True,,2111,2018-01-02,2026-09-11,2111,2018-01-02,2026-09-11,2111,0,0,0
002058.SZ,SZ,True,True,,2111,2018-01-02,2026-09-11,2111,2018-01-02,2026-09-11,2111,4,541,0
002059.SZ,SZ,True,True,,2111,2018-01-02,2026-09-11,2111,2018-01-02,2026-09-11,2111,116,0,0
002060.SZ,SZ,True,True,,2111,2018-01-02,2026-09-11,2111,2018-01-02,2026-09-11,2111,10,0,0
002061.SZ,SZ,True,True,,2111,2018-01-02,2026-09-11,2111,2018-01-02,2026-09-11,2111,0,0,0
002062.SZ,SZ,True,True,,2111,2018-01-02,2026-09-11,2111,2018-01-02,2026-09-11,2111,2,0,0
002063.SZ,SZ,True,True,,2111,2018-01-02,2026-09-11,2111,2018-01-02,2026-09-11,2111,0,0,0
002064.SZ,SZ,True,True,,2111,2018-01-02,2026-09-11,2111,2018-01-02,2026-09-11,2111,15,0,0
002065.SZ,SZ,True,True,,2111,2018-01-02,2026-09-11,2111,2018-01-02,2026-09-11,2111,10,0,0
002066.SZ,SZ,True,True,,2111,2018-01-02,2026-09-11,2111,2018-01-02,2026-09-11,2111,11,0,0
002067.SZ,SZ,True,True,,2111,2018-01-02,2026-09-11,2111,2018-01-02,2026-09-11,2111,0,0,0
002068.SZ,SZ,True,True,,2111,2018-01-02,2026-09-11,2111,2018-01-02,2026-09-11,2111,0,0,0
002069.SZ,SZ,True,True,,2111,2018-01-02,2026-09-11,2111,2018-01-02,2026-09-11,2111,5,260,0
002070.SZ,SZ,True,True,,368,2018-01-02,2019-07-09,368,2018-01-02,2019-07-09,368,281,337,0
002071.SZ,SZ,True,True,,811,2018-01-02,2021-05-07,811,2018-01-02,2021-05-07,811,39,181,0
002072.SZ,SZ,True,True,,2111,2018-01-02,2026-09-11,2111,2018-01-02,2026-09-11,2111,102,861,0
002073.SZ,SZ,True,True,,2111,2018-01-02,2026-09-11,2111,2018-01-02,2026-09-11,2111,10,0,0
002074.SZ,SZ,True,True,,2111,2018-01-02,2026-09-11,2111,2018-01-02,2026-09-11,2111,7,0,0
002075.SZ,SZ,True,True,,2111,2018-01-02,2026-09-11,2111,2018-01-02,2026-09-11,2111,217,0,0
002076.SZ,SZ,True,True,,2111,2018-01-02,2026-09-11,2111,2018-01-02,2026-09-11,2111,17,992,0
002077.SZ,SZ,True,True,,2111,2018-01-02,2026-09-11,2111,2018-01-02,2026-09-11,2111,2,264,0
002078.SZ,SZ,True,True,,2111,2018-01-02,2026-09-11,2111,2018-01-02,2026-09-11,2111,0,0,0
002079.SZ,SZ,True,True,,2111,2018-01-02,2026-09-11,2111,2018-01-02,2026-09-11,2111,11,0,0
002080.SZ,SZ,True,True,,2111,2018-01-02,2026-09-11,2111,2018-01-02,2026-09-11,2111,10,0,0
002081.SZ,SZ,True,True,,2111,2018-01-02,2026-09-11,2111,2018-01-02,2026-09-11,2111,0,0,0
002082.SZ,SZ,True,True,,2111,2018-01-02,2026-09-11,2111,2018-01-02,2026-09-11,2111,135,92,0
002083.SZ,SZ,True,True,,2111,2018-01-02,2026-09-11,2111,2018-01-02,2026-09-11,2111,0,0,0
002084.SZ,SZ,True,True,,2111,2018-01-02,2026-09-11,2111,2018-01-02,2026-09-11,2111,5,0,0
002085.SZ,SZ,True,True,,2111,2018-01-02,2026-09-11,2111,2018-01-02,2026-09-11,2111,48,0,0
002086.SZ,SZ,True,True,,2111,2018-01-02,2026-09-11,2111,2018-01-02,2026-09-11,2111,76,1290,0
002087.SZ,SZ,True,True,,1574,2018-01-02,2024-06-28,1574,2018-01-02,2024-06-28,1574,37,264,0
002088.SZ,SZ,True,True,,2111,2018-01-02,2026-09-11,2111,2018-01-02,2026-09-11,2111,4,0,0
002089.SZ,SZ,True,True,,1527,2018-01-02,2024-04-18,1527,2018-01-02,2024-04-18,1527,110,1189,0
002090.SZ,SZ,True,True,,2111,2018-01-02,2026-09-11,2111,2018-01-02,2026-09-11,2111,7,0,0
002091.SZ,SZ,True,True,,2111,2018-01-02,2026-09-11,2111,2018-01-02,2026-09-11,2111,0,0,0
002092.SZ,SZ,True,True,,2111,2018-01-02,2026-09-11,2111,2018-01-02,2026-09-11,2111,12,241,0
002093.SZ,SZ,True,True,,2111,2018-01-02,2026-09-11,2111,2018-01-02,2026-09-11,2111,0,0,0
002094.SZ,SZ,True,True,,2111,2018-01-02,2026-09-11,2111,2018-01-02,2026-09-11,2111,0,0,0
002095.SZ,SZ,True,True,,2111,2018-01-02,2026-09-11,2111,2018-01-02,2026-09-11,2111,0,0,0
002096.SZ,SZ,True,True,,2111,2018-01-02,2026-09-11,2111,2018-01-02,2026-09-11,2111,11,0,0
002097.SZ,SZ,True,True,,2111,2018-01-02,2026-09-11,2111,2018-01-02,2026-09-11,2111,3,0,0
002098.SZ,SZ,True,True,,2111,2018-01-02,2026-09-11,2111,2018-01-02,2026-09-11,2111,169,0,0
002099.SZ,SZ,True,True,,2111,2018-01-02,2026-09-11,2111,2018-01-02,2026-09-11,2111,0,0,0
002100.SZ,SZ,True,True,,2111,2018-01-02,2026-09-11,2111,2018-01-02,2026-09-11,2111,0,0,0
002101.SZ,SZ,True,True,,2111,2018-01-02,2026-09-11,2111,2018-01-02,2026-09-11,2111,0,0,0
002102.SZ,SZ,True,True,,2111,2018-01-02,2026-09-11,2111,2018-01-02,2026-09-11,2111,66,1202,0
002103.SZ,SZ,True,True,,2111,2018-01-02,2026-09-11,2111,2018-01-02,2026-09-11,2111,80,0,0
002104.SZ,SZ,True,True,,2111,2018-01-02,2026-09-11,2111,2018-01-02,2026-09-11,2111,0,0,0
002105.SZ,SZ,True,True,,2111,2018-01-02,2026-09-11,2111,2018-01-02,2026-09-11,2111,0,0,0
002106.SZ,SZ,True,True,,2111,2018-01-02,2026-09-11,2111,2018-01-02,2026-09-11,2111,0,0,0
002107.SZ,SZ,True,True,,2111,2018-01-02,2026-09-11,2111,2018-01-02,2026-09-11,2111,0,0,0
002108.SZ,SZ,True,True,,2111,2018-01-02,2026-09-11,2111,2018-01-02,2026-09-11,2111,0,0,0
002109.SZ,SZ,True,True,,2111,2018-01-02,2026-09-11,2111,2018-01-02,2026-09-11,2111,1,92,0
002110.SZ,SZ,True,True,,2111,2018-01-02,2026-09-11,2111,2018-01-02,2026-09-11,2111,7,0,0
002111.SZ,SZ,True,True,,2111,2018-01-02,2026-09-11,2111,2018-01-02,2026-09-11,2111,0,0,0
002112.SZ,SZ,True,True,,2111,2018-01-02,2026-09-11,2111,2018-01-02,2026-09-11,2111,42,0,0
002113.SZ,SZ,True,True,,1363,2018-01-02,2023-08-11,1363,2018-01-02,2023-08-11,1363,192,1063,0
002114.SZ,SZ,True,True,,2111,2018-01-02,2026-09-11,2111,2018-01-02,2026-09-11,2111,4,0,0
002115.SZ,SZ,True,True,,2111,2018-01-02,2026-09-11,2111,2018-01-02,2026-09-11,2111,18,0,0
002116.SZ,SZ,True,True,,2111,2018-01-02,2026-09-11,2111,2018-01-02,2026-09-11,2111,0,0,0
002117.SZ,SZ,True,True,,2111,2018-01-02,2026-09-11,2111,2018-01-02,2026-09-11,2111,0,0,0
002118.SZ,SZ,True,True,,1358,2018-01-02,2023-08-04,1358,2018-01-02,2023-08-04,1358,74,63,0
002119.SZ,SZ,True,True,,2111,2018-01-02,2026-09-11,2111,2018-01-02,2026-09-11,2111,0,0,0
002120.SZ,SZ,True,True,,2111,2018-01-02,2026-09-11,2111,2018-01-02,2026-09-11,2111,0,0,0
002121.SZ,SZ,True,True,,2111,2018-01-02,2026-09-11,2111,2018-01-02,2026-09-11,2111,113,261,0
002122.SZ,SZ,True,True,,2111,2018-01-02,2026-09-11,2111,2018-01-02,2026-09-11,2111,91,1385,0
002123.SZ,SZ,True,True,,2111,2018-01-02,2026-09-11,2111,2018-01-02,2026-09-11,2111,20,0,0
002124.SZ,SZ,True,True,,2111,2018-01-02,2026-09-11,2111,2018-01-02,2026-09-11,2111,14,242,0
002125.SZ,SZ,True,True,,2111,2018-01-02,2026-09-11,2111,2018-01-02,2026-09-11,2111,9,0,0
002126.SZ,SZ,True,True,,2111,2018-01-02,2026-09-11,2111,2018-01-02,2026-09-11,2111,0,0,0
002127.SZ,SZ,True,True,,2111,2018-01-02,2026-09-11,2111,2018-01-02,2026-09-11,2111,0,0,0
002128.SZ,SZ,True,True,,2111,2018-01-02,2026-09-11,2111,2018-01-02,2026-09-11,2111,25,0,0
002129.SZ,SZ,True,True,,2111,2018-01-02,2026-09-11,2111,2018-01-02,2026-09-11,2111,16,0,0
002130.SZ,SZ,True,True,,2111,2018-01-02,2026-09-11,2111,2018-01-02,2026-09-11,2111,16,0,0
002131.SZ,SZ,True,True,,2111,2018-01-02,2026-09-11,2111,2018-01-02,2026-09-11,2111,3,0,0
002132.SZ,SZ,True,True,,2111,2018-01-02,2026-09-11,2111,2018-01-02,2026-09-11,2111,0,0,0
002133.SZ,SZ,True,True,,2111,2018-01-02,2026-09-11,2111,2018-01-02,2026-09-11,2111,0,0,0
002134.SZ,SZ,True,True,,2111,2018-01-02,2026-09-11,2111,2018-01-02,2026-09-11,2111,1,70,0
002135.SZ,SZ,True,True,,2111,2018-01-02,2026-09-11,2111,2018-01-02,2026-09-11,2111,0,0,0
002136.SZ,SZ,True,True,,2111,2018-01-02,2026-09-11,2111,2018-01-02,2026-09-11,2111,2,0,0
002137.SZ,SZ,True,True,,2111,2018-01-02,2026-09-11,2111,2018-01-02,2026-09-11,2111,2,0,0
002138.SZ,SZ,True,True,,2111,2018-01-02,2026-09-11,2111,2018-01-02,2026-09-11,2111,0,0,0
002139.SZ,SZ,True,True,,2111,2018-01-02,2026-09-11,2111,2018-01-02,2026-09-11,2111,0,0,0
002140.SZ,SZ,True,True,,2111,2018-01-02,2026-09-11,2111,2018-01-02,2026-09-11,2111,0,0,0
002141.SZ,SZ,True,True,,2111,2018-01-02,2026-09-11,2111,2018-01-02,2026-09-11,2111,2,282,0
002142.SZ,SZ,True,True,,2111,2018-01-02,2026-09-11,2111,2018-01-02,2026-09-11,2111,6,0,0
002143.SZ,SZ,True,True,,465,2018-01-02,2019-11-29,465,2018-01-02,2019-11-29,465,124,129,0
002144.SZ,SZ,True,True,,2111,2018-01-02,2026-09-11,2111,2018-01-02,2026-09-11,2111,0,0,0
002145.SZ,SZ,True,True,,2111,2018-01-02,2026-09-11,2111,2018-01-02,2026-09-11,2111,0,0,0
002146.SZ,SZ,True,True,,2111,2018-01-02,2026-09-11,2111,2018-01-02,2026-09-11,2111,10,0,0
002147.SZ,SZ,True,True,,1085,2018-01-02,2022-06-23,1085,2018-01-02,2022-06-23,1085,211,845,0
002148.SZ,SZ,True,True,,2111,2018-01-02,2026-09-11,2111,2018-01-02,2026-09-11,2111,0,0,0
002149.SZ,SZ,True,True,,2111,2018-01-02,2026-09-11,2111,2018-01-02,2026-09-11,2111,0,0,0
002150.SZ,SZ,True,True,,2111,2018-01-02,2026-09-11,2111,2018-01-02,2026-09-11,2111,9,0,0
002151.SZ,SZ,True,True,,2111,2018-01-02,2026-09-11,2111,2018-01-02,2026-09-11,2111,0,0,0
002152.SZ,SZ,True,True,,2111,2018-01-02,2026-09-11,2111,2018-01-02,2026-09-11,2111,0,0,0
002153.SZ,SZ,True,True,,2111,2018-01-02,2026-09-11,2111,2018-01-02,2026-09-11,2111,3,0,0
002154.SZ,SZ,True,True,,2111,2018-01-02,2026-09-11,2111,2018-01-02,2026-09-11,2111,0,0,0
002155.SZ,SZ,True,True,,2111,2018-01-02,2026-09-11,2111,2018-01-02,2026-09-11,2111,15,0,0
002156.SZ,SZ,True,True,,2111,2018-01-02,2026-09-11,2111,2018-01-02,2026-09-11,2111,0,0,0
002157.SZ,SZ,True,True,,2111,2018-01-02,2026-09-11,2111,2018-01-02,2026-09-11,2111,3,267,0
002158.SZ,SZ,True,True,,2111,2018-01-02,2026-09-11,2111,2018-01-02,2026-09-11,2111,0,0,0
002159.SZ,SZ,True,True,,2111,2018-01-02,2026-09-11,2111,2018-01-02,2026-09-11,2111,5,0,0
002160.SZ,SZ,True,True,,2111,2018-01-02,2026-09-11,2111,2018-01-02,2026-09-11,2111,53,0,0
002161.SZ,SZ,True,True,,2111,2018-01-02,2026-09-11,2111,2018-01-02,2026-09-11,2111,70,0,0
002162.SZ,SZ,True,True,,2111,2018-01-02,2026-09-11,2111,2018-01-02,2026-09-11,2111,5,0,0
002163.SZ,SZ,True,True,,2111,2018-01-02,2026-09-11,2111,2018-01-02,2026-09-11,2111,75,0,0
002164.SZ,SZ,True,True,,2111,2018-01-02,2026-09-11,2111,2018-01-02,2026-09-11,2111,0,0,0
002165.SZ,SZ,True,True,,2111,2018-01-02,2026-09-11,2111,2018-01-02,2026-09-11,2111,0,0,0
002166.SZ,SZ,True,True,,2111,2018-01-02,2026-09-11,2111,2018-01-02,2026-09-11,2111,16,0,0
002167.SZ,SZ,True,True,,2111,2018-01-02,2026-09-11,2111,2018-01-02,2026-09-11,2111,0,0,0
002168.SZ,SZ,True,True,,2111,2018-01-02,2026-09-11,2111,2018-01-02,2026-09-11,2111,106,507,0
002169.SZ,SZ,True,True,,2111,2018-01-02,2026-09-11,2111,2018-01-02,2026-09-11,2111,8,0,0
002170.SZ,SZ,True,True,,2111,2018-01-02,2026-09-11,2111,2018-01-02,2026-09-11,2111,0,0,0
002171.SZ,SZ,True,True,,2111,2018-01-02,2026-09-11,2111,2018-01-02,2026-09-11,2111,60,0,0
002172.SZ,SZ,True,True,,2111,2018-01-02,2026-09-11,2111,2018-01-02,2026-09-11,2111,5,0,0
002173.SZ,SZ,True,True,,2111,2018-01-02,2026-09-11,2111,2018-01-02,2026-09-11,2111,0,0,0
002174.SZ,SZ,True,True,,2111,2018-01-02,2026-09-11,2111,2018-01-02,2026-09-11,2111,0,0,0
002175.SZ,SZ,True,True,,2111,2018-01-02,2026-09-11,2111,2018-01-02,2026-09-11,2111,30,808,0
002176.SZ,SZ,True,True,,2111,2018-01-02,2026-09-11,2111,2018-01-02,2026-09-11,2111,12,231,0
002177.SZ,SZ,True,True,,2111,2018-01-02,2026-09-11,2111,2018-01-02,2026-09-11,2111,2,270,0
002178.SZ,SZ,True,True,,2111,2018-01-02,2026-09-11,2111,2018-01-02,2026-09-11,2111,0,0,0
002179.SZ,SZ,True,True,,2111,2018-01-02,2026-09-11,2111,2018-01-02,2026-09-11,2111,0,0,0
002180.SZ,SZ,True,True,,2111,2018-01-02,2026-09-11,2111,2018-01-02,2026-09-11,2111,9,0,0
002181.SZ,SZ,True,True,,2111,2018-01-02,2026-09-11,2111,2018-01-02,2026-09-11,2111,0,0,0
002182.SZ,SZ,True,True,,2111,2018-01-02,2026-09-11,2111,2018-01-02,2026-09-11,2111,2,0,0
002183.SZ,SZ,True,True,,2111,2018-01-02,2026-09-11,2111,2018-01-02,2026-09-11,2111,14,0,0
002184.SZ,SZ,True,True,,2111,2018-01-02,2026-09-11,2111,2018-01-02,2026-09-11,2111,10,0,0
002185.SZ,SZ,True,True,,2111,2018-01-02,2026-09-11,2111,2018-01-02,2026-09-11,2111,16,0,0
002186.SZ,SZ,True,True,,2111,2018-01-02,2026-09-11,2111,2018-01-02,2026-09-11,2111,5,0,0
002187.SZ,SZ,True,True,,2111,2018-01-02,2026-09-11,2111,2018-01-02,2026-09-11,2111,6,0,0
002188.SZ,SZ,True,True,,2111,2018-01-02,2026-09-11,2111,2018-01-02,2026-09-11,2111,15,1057,0
002189.SZ,SZ,True,True,,2111,2018-01-02,2026-09-11,2111,2018-01-02,2026-09-11,2111,48,0,0
002190.SZ,SZ,True,True,,2111,2018-01-02,2026-09-11,2111,2018-01-02,2026-09-11,2111,2,293,0
002191.SZ,SZ,True,True,,2111,2018-01-02,2026-09-11,2111,2018-01-02,2026-09-11,2111,0,0,0
002192.SZ,SZ,True,True,,2111,2018-01-02,2026-09-11,2111,2018-01-02,2026-09-11,2111,2,221,0
002193.SZ,SZ,True,True,,2111,2018-01-02,2026-09-11,2111,2018-01-02,2026-09-11,2111,14,92,0
002194.SZ,SZ,True,True,,2111,2018-01-02,2026-09-11,2111,2018-01-02,2026-09-11,2111,2,318,0
002195.SZ,SZ,True,True,,2111,2018-01-02,2026-09-11,2111,2018-01-02,2026-09-11,2111,0,0,0
002196.SZ,SZ,True,True,,2111,2018-01-02,2026-09-11,2111,2018-01-02,2026-09-11,2111,5,0,0
002197.SZ,SZ,True,True,,2111,2018-01-02,2026-09-11,2111,2018-01-02,2026-09-11,2111,12,401,0
002198.SZ,SZ,True,True,,2111,2018-01-02,2026-09-11,2111,2018-01-02,2026-09-11,2111,79,92,0
002199.SZ,SZ,True,True,,2111,2018-01-02,2026-09-11,2111,2018-01-02,2026-09-11,2111,17,322,0
002200.SZ,SZ,True,True,,2111,2018-01-02,2026-09-11,2111,2018-01-02,2026-09-11,2111,5,1720,0
002201.SZ,SZ,True,True,,2111,2018-01-02,2026-09-11,2111,2018-01-02,2026-09-11,2111,0,0,0
002202.SZ,SZ,True,True,,2111,2018-01-02,2026-09-11,2111,2018-01-02,2026-09-11,2111,6,0,0
002203.SZ,SZ,True,True,,2111,2018-01-02,2026-09-11,2111,2018-01-02,2026-09-11,2111,0,0,0
002204.SZ,SZ,True,True,,2111,2018-01-02,2026-09-11,2111,2018-01-02,2026-09-11,2111,0,0,0
002205.SZ,SZ,True,True,,2111,2018-01-02,2026-09-11,2111,2018-01-02,2026-09-11,2111,16,0,0
002206.SZ,SZ,True,True,,2111,2018-01-02,2026-09-11,2111,2018-01-02,2026-09-11,2111,0,0,0
002207.SZ,SZ,True,True,,2111,2018-01-02,2026-09-11,2111,2018-01-02,2026-09-11,2111,7,698,0
002208.SZ,SZ,True,True,,2111,2018-01-02,2026-09-11,2111,2018-01-02,2026-09-11,2111,21,0,0
002209.SZ,SZ,True,True,,2111,2018-01-02,2026-09-11,2111,2018-01-02,2026-09-11,2111,6,0,0
002210.SZ,SZ,True,True,,2111,2018-01-02,2026-09-11,2111,2018-01-02,2026-09-11,2111,132,629,0
002211.SZ,SZ,True,True,,2111,2018-01-02,2026-09-11,2111,2018-01-02,2026-09-11,2111,3,614,0
002212.SZ,SZ,True,True,,2111,2018-01-02,2026-09-11,2111,2018-01-02,2026-09-11,2111,44,0,0
002213.SZ,SZ,True,True,,2111,2018-01-02,2026-09-11,2111,2018-01-02,2026-09-11,2111,35,0,0
002214.SZ,SZ,True,True,,2111,2018-01-02,2026-09-11,2111,2018-01-02,2026-09-11,2111,2,308,0
002215.SZ,SZ,True,True,,2111,2018-01-02,2026-09-11,2111,2018-01-02,2026-09-11,2111,0,0,0
002216.SZ,SZ,True,True,,2111,2018-01-02,2026-09-11,2111,2018-01-02,2026-09-11,2111,0,0,0
002217.SZ,SZ,True,True,,2111,2018-01-02,2026-09-11,2111,2018-01-02,2026-09-11,2111,44,335,0
002218.SZ,SZ,True,True,,2111,2018-01-02,2026-09-11,2111,2018-01-02,2026-09-11,2111,0,0,0
002219.SZ,SZ,True,True,,2111,2018-01-02,2026-09-11,2111,2018-01-02,2026-09-11,2111,121,525,0
002220.SZ,SZ,True,True,,634,2018-01-02,2020-08-11,634,2018-01-02,2020-08-11,634,30,265,0
002221.SZ,SZ,True,True,,2111,2018-01-02,2026-09-11,2111,2018-01-02,2026-09-11,2111,8,0,0
002222.SZ,SZ,True,True,,2111,2018-01-02,2026-09-11,2111,2018-01-02,2026-09-11,2111,0,0,0
002223.SZ,SZ,True,True,,2111,2018-01-02,2026-09-11,2111,2018-01-02,2026-09-11,2111,0,0,0
002224.SZ,SZ,True,True,,2111,2018-01-02,2026-09-11,2111,2018-01-02,2026-09-11,2111,0,0,0
002225.SZ,SZ,True,True,,2111,2018-01-02,2026-09-11,2111,2018-01-02,2026-09-11,2111,15,0,0
002226.SZ,SZ,True,True,,2111,2018-01-02,2026-09-11,2111,2018-01-02,2026-09-11,2111,136,0,0
002227.SZ,SZ,True,True,,2111,2018-01-02,2026-09-11,2111,2018-01-02,2026-09-11,2111,1,99,0
002228.SZ,SZ,True,True,,2111,2018-01-02,2026-09-11,2111,2018-01-02,2026-09-11,2111,0,0,0
002229.SZ,SZ,True,True,,2111,2018-01-02,2026-09-11,2111,2018-01-02,2026-09-11,2111,0,0,0
002230.SZ,SZ,True,True,,2111,2018-01-02,2026-09-11,2111,2018-01-02,2026-09-11,2111,0,0,0
002231.SZ,SZ,True,True,,1995,2018-01-02,2026-03-26,1995,2018-01-02,2026-03-26,1995,35,219,0
002232.SZ,SZ,True,True,,2111,2018-01-02,2026-09-11,2111,2018-01-02,2026-09-11,2111,0,0,0
002233.SZ,SZ,True,True,,2111,2018-01-02,2026-09-11,2111,2018-01-02,2026-09-11,2111,0,0,0
002234.SZ,SZ,True,True,,2111,2018-01-02,2026-09-11,2111,2018-01-02,2026-09-11,2111,0,0,0
002235.SZ,SZ,True,True,,2111,2018-01-02,2026-09-11,2111,2018-01-02,2026-09-11,2111,5,0,0
002236.SZ,SZ,True,True,,2111,2018-01-02,2026-09-11,2111,2018-01-02,2026-09-11,2111,2,0,0
002237.SZ,SZ,True,True,,2111,2018-01-02,2026-09-11,2111,2018-01-02,2026-09-11,2111,1,0,0
002238.SZ,SZ,True,True,,2111,2018-01-02,2026-09-11,2111,2018-01-02,2026-09-11,2111,0,0,0
002239.SZ,SZ,True,True,,2111,2018-01-02,2026-09-11,2111,2018-01-02,2026-09-11,2111,107,0,0
002240.SZ,SZ,True,True,,2111,2018-01-02,2026-09-11,2111,2018-01-02,2026-09-11,2111,2,0,0
002241.SZ,SZ,True,True,,2111,2018-01-02,2026-09-11,2111,2018-01-02,2026-09-11,2111,0,0,0
002242.SZ,SZ,True,True,,2111,2018-01-02,2026-09-11,2111,2018-01-02,2026-09-11,2111,0,0,0
002243.SZ,SZ,True,True,,2111,2018-01-02,2026-09-11,2111,2018-01-02,2026-09-11,2111,11,0,0
002244.SZ,SZ,True,True,,2111,2018-01-02,2026-09-11,2111,2018-01-02,2026-09-11,2111,0,0,0
002245.SZ,SZ,True,True,,2111,2018-01-02,2026-09-11,2111,2018-01-02,2026-09-11,2111,4,0,0
002246.SZ,SZ,True,True,,2111,2018-01-02,2026-09-11,2111,2018-01-02,2026-09-11,2111,0,0,0
002247.SZ,SZ,True,True,,2111,2018-01-02,2026-09-11,2111,2018-01-02,2026-09-11,2111,2,264,0
002248.SZ,SZ,True,True,,2111,2018-01-02,2026-09-11,2111,2018-01-02,2026-09-11,2111,1,67,0
002249.SZ,SZ,True,True,,2111,2018-01-02,2026-09-11,2111,2018-01-02,2026-09-11,2111,0,0,0
002250.SZ,SZ,True,True,,2111,2018-01-02,2026-09-11,2111,2018-01-02,2026-09-11,2111,0,0,0
002251.SZ,SZ,True,True,,2111,2018-01-02,2026-09-11,2111,2018-01-02,2026-09-11,2111,29,356,0
002252.SZ,SZ,True,True,,2111,2018-01-02,2026-09-11,2111,2018-01-02,2026-09-11,2111,209,0,0
002253.SZ,SZ,True,True,,2111,2018-01-02,2026-09-11,2111,2018-01-02,2026-09-11,2111,2,280,0
002254.SZ,SZ,True,True,,2111,2018-01-02,2026-09-11,2111,2018-01-02,2026-09-11,2111,22,0,0
002255.SZ,SZ,True,True,,2111,2018-01-02,2026-09-11,2111,2018-01-02,2026-09-11,2111,2,247,0
002256.SZ,SZ,True,True,,2111,2018-01-02,2026-09-11,2111,2018-01-02,2026-09-11,2111,93,310,0
002258.SZ,SZ,True,True,,2111,2018-01-02,2026-09-11,2111,2018-01-02,2026-09-11,2111,0,0,0
002259.SZ,SZ,True,True,,2111,2018-01-02,2026-09-11,2111,2018-01-02,2026-09-11,2111,99,1603,0
002260.SZ,SZ,True,True,,1081,2018-01-02,2022-06-17,1081,2018-01-02,2022-06-17,1081,833,973,0
002261.SZ,SZ,True,True,,2111,2018-01-02,2026-09-11,2111,2018-01-02,2026-09-11,2111,0,0,0
002262.SZ,SZ,True,True,,2111,2018-01-02,2026-09-11,2111,2018-01-02,2026-09-11,2111,0,0,0
002263.SZ,SZ,True,True,,2111,2018-01-02,2026-09-11,2111,2018-01-02,2026-09-11,2111,177,509,0
002264.SZ,SZ,True,True,,2111,2018-01-02,2026-09-11,2111,2018-01-02,2026-09-11,2111,0,0,0
002265.SZ,SZ,True,True,,2111,2018-01-02,2026-09-11,2111,2018-01-02,2026-09-11,2111,11,0,0
002266.SZ,SZ,True,True,,2111,2018-01-02,2026-09-11,2111,2018-01-02,2026-09-11,2111,11,0,0
002267.SZ,SZ,True,True,,2111,2018-01-02,2026-09-11,2111,2018-01-02,2026-09-11,2111,0,0,0
002268.SZ,SZ,True,True,,2111,2018-01-02,2026-09-11,2111,2018-01-02,2026-09-11,2111,0,0,0
002269.SZ,SZ,True,True,,2111,2018-01-02,2026-09-11,2111,2018-01-02,2026-09-11,2111,0,0,0
002270.SZ,SZ,True,True,,2111,2018-01-02,2026-09-11,2111,2018-01-02,2026-09-11,2111,52,0,0
002271.SZ,SZ,True,True,,2111,2018-01-02,2026-09-11,2111,2018-01-02,2026-09-11,2111,0,0,0
002272.SZ,SZ,True,True,,2111,2018-01-02,2026-09-11,2111,2018-01-02,2026-09-11,2111,0,0,0
002273.SZ,SZ,True,True,,2111,2018-01-02,2026-09-11,2111,2018-01-02,2026-09-11,2111,0,0,0
002274.SZ,SZ,True,True,,2111,2018-01-02,2026-09-11,2111,2018-01-02,2026-09-11,2111,5,0,0
002275.SZ,SZ,True,True,,2111,2018-01-02,2026-09-11,2111,2018-01-02,2026-09-11,2111,0,0,0
002276.SZ,SZ,True,True,,2111,2018-01-02,2026-09-11,2111,2018-01-02,2026-09-11,2111,0,0,0
002277.SZ,SZ,True,True,,2111,2018-01-02,2026-09-11,2111,2018-01-02,2026-09-11,2111,12,0,0
002278.SZ,SZ,True,True,,2111,2018-01-02,2026-09-11,2111,2018-01-02,2026-09-11,2111,10,0,0
002279.SZ,SZ,True,True,,2111,2018-01-02,2026-09-11,2111,2018-01-02,2026-09-11,2111,0,0,0
002280.SZ,SZ,True,True,,1609,2018-01-02,2024-08-16,1609,2018-01-02,2024-08-16,1609,40,294,0
002281.SZ,SZ,True,True,,2111,2018-01-02,2026-09-11,2111,2018-01-02,2026-09-11,2111,0,0,0
002282.SZ,SZ,True,True,,2111,2018-01-02,2026-09-11,2111,2018-01-02,2026-09-11,2111,19,0,0
002283.SZ,SZ,True,True,,2111,2018-01-02,2026-09-11,2111,2018-01-02,2026-09-11,2111,0,0,0
002284.SZ,SZ,True,True,,2111,2018-01-02,2026-09-11,2111,2018-01-02,2026-09-11,2111,0,0,0
002285.SZ,SZ,True,True,,2111,2018-01-02,2026-09-11,2111,2018-01-02,2026-09-11,2111,15,0,0
002286.SZ,SZ,True,True,,2111,2018-01-02,2026-09-11,2111,2018-01-02,2026-09-11,2111,0,0,0
002287.SZ,SZ,True,True,,2111,2018-01-02,2026-09-11,2111,2018-01-02,2026-09-11,2111,0,0,0
002288.SZ,SZ,True,True,,1610,2018-01-02,2024-08-19,1610,2018-01-02,2024-08-19,1610,58,74,0
002289.SZ,SZ,True,True,,2111,2018-01-02,2026-09-11,2111,2018-01-02,2026-09-11,2111,27,1250,0
002290.SZ,SZ,True,True,,2111,2018-01-02,2026-09-11,2111,2018-01-02,2026-09-11,2111,3,478,0
002291.SZ,SZ,True,True,,2111,2018-01-02,2026-09-11,2111,2018-01-02,2026-09-11,2111,15,0,0
002292.SZ,SZ,True,True,,2111,2018-01-02,2026-09-11,2111,2018-01-02,2026-09-11,2111,0,0,0
002293.SZ,SZ,True,True,,2111,2018-01-02,2026-09-11,2111,2018-01-02,2026-09-11,2111,0,0,0
002294.SZ,SZ,True,True,,2111,2018-01-02,2026-09-11,2111,2018-01-02,2026-09-11,2111,0,0,0
002295.SZ,SZ,True,True,,2111,2018-01-02,2026-09-11,2111,2018-01-02,2026-09-11,2111,0,0,0
002296.SZ,SZ,True,True,,2111,2018-01-02,2026-09-11,2111,2018-01-02,2026-09-11,2111,0,0,0
002297.SZ,SZ,True,True,,2111,2018-01-02,2026-09-11,2111,2018-01-02,2026-09-11,2111,30,0,0
002298.SZ,SZ,True,True,,2111,2018-01-02,2026-09-11,2111,2018-01-02,2026-09-11,2111,0,0,0
002299.SZ,SZ,True,True,,2111,2018-01-02,2026-09-11,2111,2018-01-02,2026-09-11,2111,0,0,0
002300.SZ,SZ,True,True,,2111,2018-01-02,2026-09-11,2111,2018-01-02,2026-09-11,2111,0,0,0
002301.SZ,SZ,True,True,,2111,2018-01-02,2026-09-11,2111,2018-01-02,2026-09-11,2111,121,0,0
002302.SZ,SZ,True,True,,2111,2018-01-02,2026-09-11,2111,2018-01-02,2026-09-11,2111,0,0,0
002303.SZ,SZ,True,True,,2111,2018-01-02,2026-09-11,2111,2018-01-02,2026-09-11,2111,0,0,0
002304.SZ,SZ,True,True,,2111,2018-01-02,2026-09-11,2111,2018-01-02,2026-09-11,2111,0,0,0
002305.SZ,SZ,True,True,,2111,2018-01-02,2026-09-11,2111,2018-01-02,2026-09-11,2111,11,335,0
002306.SZ,SZ,True,True,,2111,2018-01-02,2026-09-11,2111,2018-01-02,2026-09-11,2111,7,1141,0
002307.SZ,SZ,True,True,,2111,2018-01-02,2026-09-11,2111,2018-01-02,2026-09-11,2111,11,0,0
002308.SZ,SZ,True,True,,1637,2018-01-02,2024-09-27,1637,2018-01-02,2024-09-27,1637,74,56,0
002309.SZ,SZ,True,True,,2111,2018-01-02,2026-09-11,2111,2018-01-02,2026-09-11,2111,161,754,0
002310.SZ,SZ,True,True,,2111,2018-01-02,2026-09-11,2111,2018-01-02,2026-09-11,2111,73,260,0
002311.SZ,SZ,True,True,,2111,2018-01-02,2026-09-11,2111,2018-01-02,2026-09-11,2111,0,0,0
002312.SZ,SZ,True,True,,2111,2018-01-02,2026-09-11,2111,2018-01-02,2026-09-11,2111,96,82,0
002313.SZ,SZ,True,True,,2111,2018-01-02,2026-09-11,2111,2018-01-02,2026-09-11,2111,2,365,0
002314.SZ,SZ,True,True,,2111,2018-01-02,2026-09-11,2111,2018-01-02,2026-09-11,2111,16,0,0
002315.SZ,SZ,True,True,,2111,2018-01-02,2026-09-11,2111,2018-01-02,2026-09-11,2111,0,0,0
002316.SZ,SZ,True,True,,2111,2018-01-02,2026-09-11,2111,2018-01-02,2026-09-11,2111,4,489,0
002317.SZ,SZ,True,True,,2111,2018-01-02,2026-09-11,2111,2018-01-02,2026-09-11,2111,0,0,0
002318.SZ,SZ,True,True,,2111,2018-01-02,2026-09-11,2111,2018-01-02,2026-09-11,2111,0,0,0
002319.SZ,SZ,True,True,,2111,2018-01-02,2026-09-11,2111,2018-01-02,2026-09-11,2111,37,218,0
002320.SZ,SZ,True,True,,2111,2018-01-02,2026-09-11,2111,2018-01-02,2026-09-11,2111,0,0,0
002321.SZ,SZ,True,True,,2111,2018-01-02,2026-09-11,2111,2018-01-02,2026-09-11,2111,34,509,0
002322.SZ,SZ,True,True,,2111,2018-01-02,2026-09-11,2111,2018-01-02,2026-09-11,2111,0,0,0
002323.SZ,SZ,True,True,,2111,2018-01-02,2026-09-11,2111,2018-01-02,2026-09-11,2111,323,1040,0
002324.SZ,SZ,True,True,,2111,2018-01-02,2026-09-11,2111,2018-01-02,2026-09-11,2111,1,0,0
002325.SZ,SZ,True,True,,1608,2018-01-02,2024-08-15,1608,2018-01-02,2024-08-15,1608,35,72,0
002326.SZ,SZ,True,True,,2111,2018-01-02,2026-09-11,2111,2018-01-02,2026-09-11,2111,5,0,0
002327.SZ,SZ,True,True,,2111,2018-01-02,2026-09-11,2111,2018-01-02,2026-09-11,2111,0,0,0
002328.SZ,SZ,True,True,,2111,2018-01-02,2026-09-11,2111,2018-01-02,2026-09-11,2111,0,0,0
002329.SZ,SZ,True,True,,2111,2018-01-02,2026-09-11,2111,2018-01-02,2026-09-11,2111,0,0,0
002330.SZ,SZ,True,True,,2111,2018-01-02,2026-09-11,2111,2018-01-02,2026-09-11,2111,0,0,0
002331.SZ,SZ,True,True,,2111,2018-01-02,2026-09-11,2111,2018-01-02,2026-09-11,2111,4,0,0
002332.SZ,SZ,True,True,,2111,2018-01-02,2026-09-11,2111,2018-01-02,2026-09-11,2111,0,0,0
002333.SZ,SZ,True,True,,2111,2018-01-02,2026-09-11,2111,2018-01-02,2026-09-11,2111,4,501,0
002334.SZ,SZ,True,True,,2111,2018-01-02,2026-09-11,2111,2018-01-02,2026-09-11,2111,0,0,0
002335.SZ,SZ,True,True,,2111,2018-01-02,2026-09-11,2111,2018-01-02,2026-09-11,2111,0,0,0
002336.SZ,SZ,True,True,,1819,2018-01-02,2025-07-03,1819,2018-01-02,2025-07-03,1819,45,787,0
002337.SZ,SZ,True,True,,2111,2018-01-02,2026-09-11,2111,2018-01-02,2026-09-11,2111,0,0,0
002338.SZ,SZ,True,True,,2111,2018-01-02,2026-09-11,2111,2018-01-02,2026-09-11,2111,17,0,0
002339.SZ,SZ,True,True,,2111,2018-01-02,2026-09-11,2111,2018-01-02,2026-09-11,2111,0,0,0
002340.SZ,SZ,True,True,,2111,2018-01-02,2026-09-11,2111,2018-01-02,2026-09-11,2111,0,0,0
002341.SZ,SZ,True,True,,1614,2018-01-02,2024-08-23,1614,2018-01-02,2024-08-23,1614,49,79,0
002342.SZ,SZ,True,True,,2111,2018-01-02,2026-09-11,2111,2018-01-02,2026-09-11,2111,8,0,0
002343.SZ,SZ,True,True,,2111,2018-01-02,2026-09-11,2111,2018-01-02,2026-09-11,2111,5,0,0
002344.SZ,SZ,True,True,,2111,2018-01-02,2026-09-11,2111,2018-01-02,2026-09-11,2111,26,0,0
002345.SZ,SZ,True,True,,2111,2018-01-02,2026-09-11,2111,2018-01-02,2026-09-11,2111,67,0,0
002346.SZ,SZ,True,True,,2111,2018-01-02,2026-09-11,2111,2018-01-02,2026-09-11,2111,0,0,0
002347.SZ,SZ,True,True,,2111,2018-01-02,2026-09-11,2111,2018-01-02,2026-09-11,2111,0,0,0
002348.SZ,SZ,True,True,,2111,2018-01-02,2026-09-11,2111,2018-01-02,2026-09-11,2111,7,0,0
002349.SZ,SZ,True,True,,2111,2018-01-02,2026-09-11,2111,2018-01-02,2026-09-11,2111,0,0,0
002350.SZ,SZ,True,True,,2111,2018-01-02,2026-09-11,2111,2018-01-02,2026-09-11,2111,7,0,0
002351.SZ,SZ,True,True,,2111,2018-01-02,2026-09-11,2111,2018-01-02,2026-09-11,2111,0,0,0
002352.SZ,SZ,True,True,,2111,2018-01-02,2026-09-11,2111,2018-01-02,2026-09-11,2111,3,0,0
002353.SZ,SZ,True,True,,2111,2018-01-02,2026-09-11,2111,2018-01-02,2026-09-11,2111,0,0,0
002354.SZ,SZ,True,True,,2111,2018-01-02,2026-09-11,2111,2018-01-02,2026-09-11,2111,12,256,0
002355.SZ,SZ,True,True,,2111,2018-01-02,2026-09-11,2111,2018-01-02,2026-09-11,2111,10,0,0
002356.SZ,SZ,True,True,,2111,2018-01-02,2026-09-11,2111,2018-01-02,2026-09-11,2111,18,770,0
002357.SZ,SZ,True,True,,2111,2018-01-02,2026-09-11,2111,2018-01-02,2026-09-11,2111,99,0,0
002358.SZ,SZ,True,True,,2111,2018-01-02,2026-09-11,2111,2018-01-02,2026-09-11,2111,43,457,0
002359.SZ,SZ,True,True,,865,2018-01-02,2021-07-23,865,2018-01-02,2021-07-23,865,310,512,0
002360.SZ,SZ,True,True,,2111,2018-01-02,2026-09-11,2111,2018-01-02,2026-09-11,2111,1,94,0
002361.SZ,SZ,True,True,,2111,2018-01-02,2026-09-11,2111,2018-01-02,2026-09-11,2111,0,0,0
002362.SZ,SZ,True,True,,2111,2018-01-02,2026-09-11,2111,2018-01-02,2026-09-11,2111,0,0,0
002363.SZ,SZ,True,True,,2111,2018-01-02,2026-09-11,2111,2018-01-02,2026-09-11,2111,0,0,0
002364.SZ,SZ,True,True,,2111,2018-01-02,2026-09-11,2111,2018-01-02,2026-09-11,2111,0,0,0
002365.SZ,SZ,True,True,,2111,2018-01-02,2026-09-11,2111,2018-01-02,2026-09-11,2111,0,0,0
002366.SZ,SZ,True,True,,2111,2018-01-02,2026-09-11,2111,2018-01-02,2026-09-11,2111,83,253,0
002367.SZ,SZ,True,True,,2111,2018-01-02,2026-09-11,2111,2018-01-02,2026-09-11,2111,0,0,0
002368.SZ,SZ,True,True,,2111,2018-01-02,2026-09-11,2111,2018-01-02,2026-09-11,2111,0,0,0
002369.SZ,SZ,True,True,,2111,2018-01-02,2026-09-11,2111,2018-01-02,2026-09-11,2111,128,0,0
002370.SZ,SZ,True,True,,2111,2018-01-02,2026-09-11,2111,2018-01-02,2026-09-11,2111,14,0,0
002371.SZ,SZ,True,True,,2111,2018-01-02,2026-09-11,2111,2018-01-02,2026-09-11,2111,0,0,0
002372.SZ,SZ,True,True,,2111,2018-01-02,2026-09-11,2111,2018-01-02,2026-09-11,2111,0,0,0
002373.SZ,SZ,True,True,,2111,2018-01-02,2026-09-11,2111,2018-01-02,2026-09-11,2111,5,0,0
002374.SZ,SZ,True,True,,2111,2018-01-02,2026-09-11,2111,2018-01-02,2026-09-11,2111,10,0,0
002375.SZ,SZ,True,True,,2111,2018-01-02,2026-09-11,2111,2018-01-02,2026-09-11,2111,0,0,0
002376.SZ,SZ,True,True,,2111,2018-01-02,2026-09-11,2111,2018-01-02,2026-09-11,2111,0,0,0
002377.SZ,SZ,True,True,,2111,2018-01-02,2026-09-11,2111,2018-01-02,2026-09-11,2111,6,0,0
002378.SZ,SZ,True,True,,2111,2018-01-02,2026-09-11,2111,2018-01-02,2026-09-11,2111,0,0,0
002379.SZ,SZ,True,True,,2111,2018-01-02,2026-09-11,2111,2018-01-02,2026-09-11,2111,10,0,0
002380.SZ,SZ,True,True,,2111,2018-01-02,2026-09-11,2111,2018-01-02,2026-09-11,2111,0,0,0
002381.SZ,SZ,True,True,,2111,2018-01-02,2026-09-11,2111,2018-01-02,2026-09-11,2111,0,0,0
002382.SZ,SZ,True,True,,2111,2018-01-02,2026-09-11,2111,2018-01-02,2026-09-11,2111,9,0,0
002383.SZ,SZ,True,True,,2111,2018-01-02,2026-09-11,2111,2018-01-02,2026-09-11,2111,0,0,0
002384.SZ,SZ,True,True,,2111,2018-01-02,2026-09-11,2111,2018-01-02,2026-09-11,2111,70,0,0
002385.SZ,SZ,True,True,,2111,2018-01-02,2026-09-11,2111,2018-01-02,2026-09-11,2111,5,0,0
002386.SZ,SZ,True,True,,2111,2018-01-02,2026-09-11,2111,2018-01-02,2026-09-11,2111,0,0,0
002387.SZ,SZ,True,True,,2111,2018-01-02,2026-09-11,2111,2018-01-02,2026-09-11,2111,33,0,0
002388.SZ,SZ,True,True,,2111,2018-01-02,2026-09-11,2111,2018-01-02,2026-09-11,2111,12,284,0
002389.SZ,SZ,True,True,,2111,2018-01-02,2026-09-11,2111,2018-01-02,2026-09-11,2111,0,0,0
002390.SZ,SZ,True,True,,2111,2018-01-02,2026-09-11,2111,2018-01-02,2026-09-11,2111,5,0,0
002391.SZ,SZ,True,True,,2111,2018-01-02,2026-09-11,2111,2018-01-02,2026-09-11,2111,0,0,0
002392.SZ,SZ,True,True,,2111,2018-01-02,2026-09-11,2111,2018-01-02,2026-09-11,2111,0,0,0
002393.SZ,SZ,True,True,,2111,2018-01-02,2026-09-11,2111,2018-01-02,2026-09-11,2111,0,0,0
002394.SZ,SZ,True,True,,2111,2018-01-02,2026-09-11,2111,2018-01-02,2026-09-11,2111,0,0,0
002395.SZ,SZ,True,True,,2111,2018-01-02,2026-09-11,2111,2018-01-02,2026-09-11,2111,0,0,0
002396.SZ,SZ,True,True,,2111,2018-01-02,2026-09-11,2111,2018-01-02,2026-09-11,2111,0,0,0
002397.SZ,SZ,True,True,,2111,2018-01-02,2026-09-11,2111,2018-01-02,2026-09-11,2111,0,0,0
002398.SZ,SZ,True,True,,2111,2018-01-02,2026-09-11,2111,2018-01-02,2026-09-11,2111,47,0,0
002399.SZ,SZ,True,True,,2111,2018-01-02,2026-09-11,2111,2018-01-02,2026-09-11,2111,0,0,0
002400.SZ,SZ,True,True,,2111,2018-01-02,2026-09-11,2111,2018-01-02,2026-09-11,2111,0,0,0
002401.SZ,SZ,True,True,,2111,2018-01-02,2026-09-11,2111,2018-01-02,2026-09-11,2111,0,0,0
002402.SZ,SZ,True,True,,2111,2018-01-02,2026-09-11,2111,2018-01-02,2026-09-11,2111,14,0,0
002403.SZ,SZ,True,True,,2111,2018-01-02,2026-09-11,2111,2018-01-02,2026-09-11,2111,0,0,0
002404.SZ,SZ,True,True,,2111,2018-01-02,2026-09-11,2111,2018-01-02,2026-09-11,2111,0,0,0
002405.SZ,SZ,True,True,,2111,2018-01-02,2026-09-11,2111,2018-01-02,2026-09-11,2111,0,0,0
002406.SZ,SZ,True,True,,2111,2018-01-02,2026-09-11,2111,2018-01-02,2026-09-11,2111,0,0,0
002407.SZ,SZ,True,True,,2111,2018-01-02,2026-09-11,2111,2018-01-02,2026-09-11,2111,0,0,0
002408.SZ,SZ,True,True,,2111,2018-01-02,2026-09-11,2111,2018-01-02,2026-09-11,2111,109,0,0
002409.SZ,SZ,True,True,,2111,2018-01-02,2026-09-11,2111,2018-01-02,2026-09-11,2111,5,0,0
002410.SZ,SZ,True,True,,2111,2018-01-02,2026-09-11,2111,2018-01-02,2026-09-11,2111,0,0,0
002411.SZ,SZ,True,True,,1341,2018-01-02,2023-07-12,1341,2018-01-02,2023-07-12,1341,180,235,0
002412.SZ,SZ,True,True,,2111,2018-01-02,2026-09-11,2111,2018-01-02,2026-09-11,2111,0,0,0
002413.SZ,SZ,True,True,,2111,2018-01-02,2026-09-11,2111,2018-01-02,2026-09-11,2111,65,0,0
002414.SZ,SZ,True,True,,2111,2018-01-02,2026-09-11,2111,2018-01-02,2026-09-11,2111,0,0,0
002415.SZ,SZ,True,True,,2111,2018-01-02,2026-09-11,2111,2018-01-02,2026-09-11,2111,2,0,0
002416.SZ,SZ,True,True,,2111,2018-01-02,2026-09-11,2111,2018-01-02,2026-09-11,2111,0,0,0
002417.SZ,SZ,True,True,,1339,2018-01-02,2023-07-10,1339,2018-01-02,2023-07-10,1339,42,280,0
002418.SZ,SZ,True,True,,2111,2018-01-02,2026-09-11,2111,2018-01-02,2026-09-11,2111,5,268,0
002419.SZ,SZ,True,True,,2111,2018-01-02,2026-09-11,2111,2018-01-02,2026-09-11,2111,0,0,0
002420.SZ,SZ,True,True,,2111,2018-01-02,2026-09-11,2111,2018-01-02,2026-09-11,2111,6,459,0
002421.SZ,SZ,True,True,,2111,2018-01-02,2026-09-11,2111,2018-01-02,2026-09-11,2111,0,0,0
002422.SZ,SZ,True,True,,2111,2018-01-02,2026-09-11,2111,2018-01-02,2026-09-11,2111,0,0,0
002423.SZ,SZ,True,True,,2111,2018-01-02,2026-09-11,2111,2018-01-02,2026-09-11,2111,92,0,0
002424.SZ,SZ,True,True,,2111,2018-01-02,2026-09-11,2111,2018-01-02,2026-09-11,2111,3,456,0
002425.SZ,SZ,True,True,,2111,2018-01-02,2026-09-11,2111,2018-01-02,2026-09-11,2111,16,297,0
002426.SZ,SZ,True,True,,2111,2018-01-02,2026-09-11,2111,2018-01-02,2026-09-11,2111,12,246,0
002427.SZ,SZ,True,True,,2111,2018-01-02,2026-09-11,2111,2018-01-02,2026-09-11,2111,54,1272,0
002428.SZ,SZ,True,True,,2111,2018-01-02,2026-09-11,2111,2018-01-02,2026-09-11,2111,0,0,0
002429.SZ,SZ,True,True,,2111,2018-01-02,2026-09-11,2111,2018-01-02,2026-09-11,2111,5,0,0
002430.SZ,SZ,True,True,,2111,2018-01-02,2026-09-11,2111,2018-01-02,2026-09-11,2111,0,0,0
002431.SZ,SZ,True,True,,2111,2018-01-02,2026-09-11,2111,2018-01-02,2026-09-11,2111,76,95,0
002432.SZ,SZ,True,True,,2111,2018-01-02,2026-09-11,2111,2018-01-02,2026-09-11,2111,0,0,0
002433.SZ,SZ,True,True,,1579,2018-01-02,2024-07-05,1579,2018-01-02,2024-07-05,1579,61,411,0
002434.SZ,SZ,True,True,,2111,2018-01-02,2026-09-11,2111,2018-01-02,2026-09-11,2111,0,0,0
002435.SZ,SZ,True,True,,1608,2018-01-02,2024-08-15,1608,2018-01-02,2024-08-15,1608,34,73,0
002436.SZ,SZ,True,True,,2111,2018-01-02,2026-09-11,2111,2018-01-02,2026-09-11,2111,69,0,0
002437.SZ,SZ,True,True,,2111,2018-01-02,2026-09-11,2111,2018-01-02,2026-09-11,2111,108,0,0
002438.SZ,SZ,True,True,,2111,2018-01-02,2026-09-11,2111,2018-01-02,2026-09-11,2111,10,0,0
002439.SZ,SZ,True,True,,2111,2018-01-02,2026-09-11,2111,2018-01-02,2026-09-11,2111,5,0,0
002440.SZ,SZ,True,True,,2111,2018-01-02,2026-09-11,2111,2018-01-02,2026-09-11,2111,0,0,0
002441.SZ,SZ,True,True,,2111,2018-01-02,2026-09-11,2111,2018-01-02,2026-09-11,2111,0,0,0
002442.SZ,SZ,True,True,,2111,2018-01-02,2026-09-11,2111,2018-01-02,2026-09-11,2111,39,0,0
002443.SZ,SZ,True,True,,2111,2018-01-02,2026-09-11,2111,2018-01-02,2026-09-11,2111,0,0,0
002444.SZ,SZ,True,True,,2111,2018-01-02,2026-09-11,2111,2018-01-02,2026-09-11,2111,0,0,0
002445.SZ,SZ,True,True,,2111,2018-01-02,2026-09-11,2111,2018-01-02,2026-09-11,2111,89,635,0
002446.SZ,SZ,True,True,,2111,2018-01-02,2026-09-11,2111,2018-01-02,2026-09-11,2111,0,0,0
002447.SZ,SZ,True,True,,1087,2018-01-02,2022-06-27,1087,2018-01-02,2022-06-27,1087,85,505,0
002448.SZ,SZ,True,True,,2111,2018-01-02,2026-09-11,2111,2018-01-02,2026-09-11,2111,0,0,0
002449.SZ,SZ,True,True,,2111,2018-01-02,2026-09-11,2111,2018-01-02,2026-09-11,2111,0,0,0
002450.SZ,SZ,True,True,,827,2018-01-02,2021-05-31,827,2018-01-02,2021-05-31,827,593,538,0
002451.SZ,SZ,True,True,,2111,2018-01-02,2026-09-11,2111,2018-01-02,2026-09-11,2111,77,0,0
002452.SZ,SZ,True,True,,2111,2018-01-02,2026-09-11,2111,2018-01-02,2026-09-11,2111,0,0,0
002453.SZ,SZ,True,True,,2111,2018-01-02,2026-09-11,2111,2018-01-02,2026-09-11,2111,40,0,0
002454.SZ,SZ,True,True,,2111,2018-01-02,2026-09-11,2111,2018-01-02,2026-09-11,2111,0,0,0
002455.SZ,SZ,True,True,,2111,2018-01-02,2026-09-11,2111,2018-01-02,2026-09-11,2111,0,0,0
002456.SZ,SZ,True,True,,2111,2018-01-02,2026-09-11,2111,2018-01-02,2026-09-11,2111,15,0,0
002457.SZ,SZ,True,True,,2111,2018-01-02,2026-09-11,2111,2018-01-02,2026-09-11,2111,0,0,0
002458.SZ,SZ,True,True,,2111,2018-01-02,2026-09-11,2111,2018-01-02,2026-09-11,2111,20,0,0
002459.SZ,SZ,True,True,,2111,2018-01-02,2026-09-11,2111,2018-01-02,2026-09-11,2111,72,0,0
002460.SZ,SZ,True,True,,2111,2018-01-02,2026-09-11,2111,2018-01-02,2026-09-11,2111,0,0,0
002461.SZ,SZ,True,True,,2111,2018-01-02,2026-09-11,2111,2018-01-02,2026-09-11,2111,0,0,0
002462.SZ,SZ,True,True,,2111,2018-01-02,2026-09-11,2111,2018-01-02,2026-09-11,2111,5,0,0
002463.SZ,SZ,True,True,,2111,2018-01-02,2026-09-11,2111,2018-01-02,2026-09-11,2111,0,0,0
002464.SZ,SZ,True,True,,1088,2018-01-02,2022-06-28,1088,2018-01-02,2022-06-28,1088,142,268,0
002465.SZ,SZ,True,True,,2111,2018-01-02,2026-09-11,2111,2018-01-02,2026-09-11,2111,0,0,0
002466.SZ,SZ,True,True,,2111,2018-01-02,2026-09-11,2111,2018-01-02,2026-09-11,2111,19,0,0
002467.SZ,SZ,True,True,,2111,2018-01-02,2026-09-11,2111,2018-01-02,2026-09-11,2111,0,0,0
002468.SZ,SZ,True,True,,2111,2018-01-02,2026-09-11,2111,2018-01-02,2026-09-11,2111,0,0,0
002469.SZ,SZ,True,True,,2111,2018-01-02,2026-09-11,2111,2018-01-02,2026-09-11,2111,10,0,0
002470.SZ,SZ,True,True,,2111,2018-01-02,2026-09-11,2111,2018-01-02,2026-09-11,2111,36,744,0
002471.SZ,SZ,True,True,,2111,2018-01-02,2026-09-11,2111,2018-01-02,2026-09-11,2111,10,0,0
002472.SZ,SZ,True,True,,2111,2018-01-02,2026-09-11,2111,2018-01-02,2026-09-11,2111,0,0,0
002473.SZ,SZ,True,True,,1084,2018-01-02,2022-06-22,1084,2018-01-02,2022-06-22,1084,22,738,0
002474.SZ,SZ,True,True,,2111,2018-01-02,2026-09-11,2111,2018-01-02,2026-09-11,2111,0,0,0
002475.SZ,SZ,True,True,,2111,2018-01-02,2026-09-11,2111,2018-01-02,2026-09-11,2111,0,0,0
002476.SZ,SZ,True,True,,2111,2018-01-02,2026-09-11,2111,2018-01-02,2026-09-11,2111,0,0,0
002477.SZ,SZ,True,True,,433,2018-01-02,2019-10-16,433,2018-01-02,2019-10-16,433,83,83,0
002478.SZ,SZ,True,True,,2111,2018-01-02,2026-09-11,2111,2018-01-02,2026-09-11,2111,0,0,0
002479.SZ,SZ,True,True,,2111,2018-01-02,2026-09-11,2111,2018-01-02,2026-09-11,2111,0,0,0
002480.SZ,SZ,True,True,,2111,2018-01-02,2026-09-11,2111,2018-01-02,2026-09-11,2111,20,0,0
002481.SZ,SZ,True,True,,2111,2018-01-02,2026-09-11,2111,2018-01-02,2026-09-11,2111,0,0,0
002482.SZ,SZ,True,True,,2111,2018-01-02,2026-09-11,2111,2018-01-02,2026-09-11,2111,4,468,0
002483.SZ,SZ,True,True,,2111,2018-01-02,2026-09-11,2111,2018-01-02,2026-09-11,2111,16,0,0
002484.SZ,SZ,True,True,,2111,2018-01-02,2026-09-11,2111,2018-01-02,2026-09-11,2111,0,0,0
002485.SZ,SZ,True,True,,2111,2018-01-02,2026-09-11,2111,2018-01-02,2026-09-11,2111,109,1060,0
002486.SZ,SZ,True,True,,2111,2018-01-02,2026-09-11,2111,2018-01-02,2026-09-11,2111,11,0,0
002487.SZ,SZ,True,True,,2111,2018-01-02,2026-09-11,2111,2018-01-02,2026-09-11,2111,0,0,0
002488.SZ,SZ,True,True,,2111,2018-01-02,2026-09-11,2111,2018-01-02,2026-09-11,2111,0,0,0
002489.SZ,SZ,True,True,,2111,2018-01-02,2026-09-11,2111,2018-01-02,2026-09-11,2111,0,0,0
002490.SZ,SZ,True,True,,2111,2018-01-02,2026-09-11,2111,2018-01-02,2026-09-11,2111,3,329,0
002491.SZ,SZ,True,True,,2111,2018-01-02,2026-09-11,2111,2018-01-02,2026-09-11,2111,0,0,0
002492.SZ,SZ,True,True,,2111,2018-01-02,2026-09-11,2111,2018-01-02,2026-09-11,2111,0,0,0
002493.SZ,SZ,True,True,,2111,2018-01-02,2026-09-11,2111,2018-01-02,2026-09-11,2111,0,0,0
002494.SZ,SZ,True,True,,2111,2018-01-02,2026-09-11,2111,2018-01-02,2026-09-11,2111,10,0,0
002495.SZ,SZ,True,True,,2111,2018-01-02,2026-09-11,2111,2018-01-02,2026-09-11,2111,0,0,0
002496.SZ,SZ,True,True,,2111,2018-01-02,2026-09-11,2111,2018-01-02,2026-09-11,2111,7,887,0
002497.SZ,SZ,True,True,,2111,2018-01-02,2026-09-11,2111,2018-01-02,2026-09-11,2111,0,0,0
002498.SZ,SZ,True,True,,2111,2018-01-02,2026-09-11,2111,2018-01-02,2026-09-11,2111,0,0,0
002499.SZ,SZ,True,True,,1285,2018-01-02,2023-04-18,1285,2018-01-02,2023-04-18,1285,48,950,0
002500.SZ,SZ,True,True,,2111,2018-01-02,2026-09-11,2111,2018-01-02,2026-09-11,2111,6,0,0
002501.SZ,SZ,True,True,,2111,2018-01-02,2026-09-11,2111,2018-01-02,2026-09-11,2111,3,861,0
002502.SZ,SZ,True,True,,1623,2018-01-02,2024-09-05,1623,2018-01-02,2024-09-05,1623,155,586,0
002503.SZ,SZ,True,True,,1363,2018-01-02,2023-08-11,1363,2018-01-02,2023-08-11,1363,59,72,0
002504.SZ,SZ,True,True,,1369,2018-01-02,2023-08-21,1369,2018-01-02,2023-08-21,1369,51,649,0
002505.SZ,SZ,True,True,,1619,2018-01-02,2024-08-30,1619,2018-01-02,2024-08-30,1619,43,0,0
002506.SZ,SZ,True,True,,2111,2018-01-02,2026-09-11,2111,2018-01-02,2026-09-11,2111,9,0,0
002507.SZ,SZ,True,True,,2111,2018-01-02,2026-09-11,2111,2018-01-02,2026-09-11,2111,57,0,0
002508.SZ,SZ,True,True,,2111,2018-01-02,2026-09-11,2111,2018-01-02,2026-09-11,2111,0,0,0
002509.SZ,SZ,True,True,,618,2018-01-02,2020-07-20,618,2018-01-02,2020-07-20,618,53,0,0
002510.SZ,SZ,True,True,,2111,2018-01-02,2026-09-11,2111,2018-01-02,2026-09-11,2111,10,0,0
002511.SZ,SZ,True,True,,2111,2018-01-02,2026-09-11,2111,2018-01-02,2026-09-11,2111,0,0,0
002512.SZ,SZ,True,True,,2111,2018-01-02,2026-09-11,2111,2018-01-02,2026-09-11,2111,149,134,0
002513.SZ,SZ,True,True,,2111,2018-01-02,2026-09-11,2111,2018-01-02,2026-09-11,2111,7,276,0
002514.SZ,SZ,True,True,,2111,2018-01-02,2026-09-11,2111,2018-01-02,2026-09-11,2111,7,92,0
002515.SZ,SZ,True,True,,2111,2018-01-02,2026-09-11,2111,2018-01-02,2026-09-11,2111,83,0,0
002516.SZ,SZ,True,True,,2111,2018-01-02,2026-09-11,2111,2018-01-02,2026-09-11,2111,5,0,0
002517.SZ,SZ,True,True,,2111,2018-01-02,2026-09-11,2111,2018-01-02,2026-09-11,2111,36,0,0
002518.SZ,SZ,True,True,,2111,2018-01-02,2026-09-11,2111,2018-01-02,2026-09-11,2111,0,0,0
002519.SZ,SZ,True,True,,2111,2018-01-02,2026-09-11,2111,2018-01-02,2026-09-11,2111,0,0,0
002520.SZ,SZ,True,True,,2111,2018-01-02,2026-09-11,2111,2018-01-02,2026-09-11,2111,108,0,0
002521.SZ,SZ,True,True,,2111,2018-01-02,2026-09-11,2111,2018-01-02,2026-09-11,2111,0,0,0
002522.SZ,SZ,True,True,,2111,2018-01-02,2026-09-11,2111,2018-01-02,2026-09-11,2111,0,0,0
002523.SZ,SZ,True,True,,2111,2018-01-02,2026-09-11,2111,2018-01-02,2026-09-11,2111,52,0,0
002524.SZ,SZ,True,True,,2111,2018-01-02,2026-09-11,2111,2018-01-02,2026-09-11,2111,72,0,0
002526.SZ,SZ,True,True,,2111,2018-01-02,2026-09-11,2111,2018-01-02,2026-09-11,2111,0,0,0
002527.SZ,SZ,True,True,,2111,2018-01-02,2026-09-11,2111,2018-01-02,2026-09-11,2111,5,0,0
002528.SZ,SZ,True,True,,2111,2018-01-02,2026-09-11,2111,2018-01-02,2026-09-11,2111,4,576,0
002529.SZ,SZ,True,True,,2111,2018-01-02,2026-09-11,2111,2018-01-02,2026-09-11,2111,19,547,0
002530.SZ,SZ,True,True,,2111,2018-01-02,2026-09-11,2111,2018-01-02,2026-09-11,2111,5,0,0
002531.SZ,SZ,True,True,,2111,2018-01-02,2026-09-11,2111,2018-01-02,2026-09-11,2111,6,0,0
002532.SZ,SZ,True,True,,2111,2018-01-02,2026-09-11,2111,2018-01-02,2026-09-11,2111,83,0,0
002533.SZ,SZ,True,True,,2111,2018-01-02,2026-09-11,2111,2018-01-02,2026-09-11,2111,11,0,0
002534.SZ,SZ,True,True,,2111,2018-01-02,2026-09-11,2111,2018-01-02,2026-09-11,2111,0,0,0
002535.SZ,SZ,True,True,,2111,2018-01-02,2026-09-11,2111,2018-01-02,2026-09-11,2111,3,757,0
002536.SZ,SZ,True,True,,2111,2018-01-02,2026-09-11,2111,2018-01-02,2026-09-11,2111,0,0,0
002537.SZ,SZ,True,True,,2111,2018-01-02,2026-09-11,2111,2018-01-02,2026-09-11,2111,0,0,0
002538.SZ,SZ,True,True,,2111,2018-01-02,2026-09-11,2111,2018-01-02,2026-09-11,2111,26,114,0
002539.SZ,SZ,True,True,,2111,2018-01-02,2026-09-11,2111,2018-01-02,2026-09-11,2111,0,0,0
002540.SZ,SZ,True,True,,2111,2018-01-02,2026-09-11,2111,2018-01-02,2026-09-11,2111,0,0,0
002541.SZ,SZ,True,True,,2111,2018-01-02,2026-09-11,2111,2018-01-02,2026-09-11,2111,0,0,0
002542.SZ,SZ,True,True,,2111,2018-01-02,2026-09-11,2111,2018-01-02,2026-09-11,2111,11,100,0
002543.SZ,SZ,True,True,,2111,2018-01-02,2026-09-11,2111,2018-01-02,2026-09-11,2111,0,0,0
002544.SZ,SZ,True,True,,2111,2018-01-02,2026-09-11,2111,2018-01-02,2026-09-11,2111,0,0,0
002545.SZ,SZ,True,True,,2111,2018-01-02,2026-09-11,2111,2018-01-02,2026-09-11,2111,61,0,0
002546.SZ,SZ,True,True,,2111,2018-01-02,2026-09-11,2111,2018-01-02,2026-09-11,2111,0,0,0
002547.SZ,SZ,True,True,,2111,2018-01-02,2026-09-11,2111,2018-01-02,2026-09-11,2111,1,93,0
002548.SZ,SZ,True,True,,2111,2018-01-02,2026-09-11,2111,2018-01-02,2026-09-11,2111,10,0,0
002549.SZ,SZ,True,True,,2111,2018-01-02,2026-09-11,2111,2018-01-02,2026-09-11,2111,0,0,0
002550.SZ,SZ,True,True,,2111,2018-01-02,2026-09-11,2111,2018-01-02,2026-09-11,2111,0,0,0
002551.SZ,SZ,True,True,,2111,2018-01-02,2026-09-11,2111,2018-01-02,2026-09-11,2111,0,0,0
002552.SZ,SZ,True,True,,2111,2018-01-02,2026-09-11,2111,2018-01-02,2026-09-11,2111,20,205,0
002553.SZ,SZ,True,True,,2111,2018-01-02,2026-09-11,2111,2018-01-02,2026-09-11,2111,0,0,0
002554.SZ,SZ,True,True,,2111,2018-01-02,2026-09-11,2111,2018-01-02,2026-09-11,2111,19,0,0
002555.SZ,SZ,True,True,,2111,2018-01-02,2026-09-11,2111,2018-01-02,2026-09-11,2111,0,0,0
002556.SZ,SZ,True,True,,2111,2018-01-02,2026-09-11,2111,2018-01-02,2026-09-11,2111,11,0,0
002557.SZ,SZ,True,True,,2111,2018-01-02,2026-09-11,2111,2018-01-02,2026-09-11,2111,0,0,0
002558.SZ,SZ,True,True,,2111,2018-01-02,2026-09-11,2111,2018-01-02,2026-09-11,2111,35,0,0
002559.SZ,SZ,True,True,,2111,2018-01-02,2026-09-11,2111,2018-01-02,2026-09-11,2111,5,0,0
002560.SZ,SZ,True,True,,2111,2018-01-02,2026-09-11,2111,2018-01-02,2026-09-11,2111,10,0,0
002561.SZ,SZ,True,True,,2111,2018-01-02,2026-09-11,2111,2018-01-02,2026-09-11,2111,0,0,0
002562.SZ,SZ,True,True,,2111,2018-01-02,2026-09-11,2111,2018-01-02,2026-09-11,2111,0,0,0
002563.SZ,SZ,True,True,,2111,2018-01-02,2026-09-11,2111,2018-01-02,2026-09-11,2111,0,0,0
002564.SZ,SZ,True,True,,2111,2018-01-02,2026-09-11,2111,2018-01-02,2026-09-11,2111,50,433,0
002565.SZ,SZ,True,True,,2111,2018-01-02,2026-09-11,2111,2018-01-02,2026-09-11,2111,0,0,0
002566.SZ,SZ,True,True,,2111,2018-01-02,2026-09-11,2111,2018-01-02,2026-09-11,2111,0,0,0
002567.SZ,SZ,True,True,,2111,2018-01-02,2026-09-11,2111,2018-01-02,2026-09-11,2111,0,0,0
002568.SZ,SZ,True,True,,2111,2018-01-02,2026-09-11,2111,2018-01-02,2026-09-11,2111,0,0,0
002569.SZ,SZ,True,True,,2111,2018-01-02,2026-09-11,2111,2018-01-02,2026-09-11,2111,82,1790,0
002570.SZ,SZ,True,True,,2111,2018-01-02,2026-09-11,2111,2018-01-02,2026-09-11,2111,2,237,0
002571.SZ,SZ,True,True,,2111,2018-01-02,2026-09-11,2111,2018-01-02,2026-09-11,2111,11,63,0
002572.SZ,SZ,True,True,,2111,2018-01-02,2026-09-11,2111,2018-01-02,2026-09-11,2111,0,0,0
002573.SZ,SZ,True,True,,2111,2018-01-02,2026-09-11,2111,2018-01-02,2026-09-11,2111,81,0,0
002574.SZ,SZ,True,True,,2111,2018-01-02,2026-09-11,2111,2018-01-02,2026-09-11,2111,0,0,0
002575.SZ,SZ,True,True,,2111,2018-01-02,2026-09-11,2111,2018-01-02,2026-09-11,2111,65,512,0
002576.SZ,SZ,True,True,,2111,2018-01-02,2026-09-11,2111,2018-01-02,2026-09-11,2111,0,0,0
002577.SZ,SZ,True,True,,2111,2018-01-02,2026-09-11,2111,2018-01-02,2026-09-11,2111,0,0,0
002578.SZ,SZ,True,True,,2111,2018-01-02,2026-09-11,2111,2018-01-02,2026-09-11,2111,19,0,0
002579.SZ,SZ,True,True,,2111,2018-01-02,2026-09-11,2111,2018-01-02,2026-09-11,2111,37,0,0
002580.SZ,SZ,True,True,,2111,2018-01-02,2026-09-11,2111,2018-01-02,2026-09-11,2111,86,0,0
002581.SZ,SZ,True,True,,2111,2018-01-02,2026-09-11,2111,2018-01-02,2026-09-11,2111,2,290,0
002582.SZ,SZ,True,True,,2111,2018-01-02,2026-09-11,2111,2018-01-02,2026-09-11,2111,0,0,0
002583.SZ,SZ,True,True,,2111,2018-01-02,2026-09-11,2111,2018-01-02,2026-09-11,2111,0,0,0
002584.SZ,SZ,True,True,,2111,2018-01-02,2026-09-11,2111,2018-01-02,2026-09-11,2111,85,0,0
002585.SZ,SZ,True,True,,2111,2018-01-02,2026-09-11,2111,2018-01-02,2026-09-11,2111,0,0,0
002586.SZ,SZ,True,True,,2111,2018-01-02,2026-09-11,2111,2018-01-02,2026-09-11,2111,6,1762,0
002587.SZ,SZ,True,True,,2111,2018-01-02,2026-09-11,2111,2018-01-02,2026-09-11,2111,0,0,0
002588.SZ,SZ,True,True,,2111,2018-01-02,2026-09-11,2111,2018-01-02,2026-09-11,2111,0,0,0
002589.SZ,SZ,True,True,,2111,2018-01-02,2026-09-11,2111,2018-01-02,2026-09-11,2111,0,0,0
002590.SZ,SZ,True,True,,2111,2018-01-02,2026-09-11,2111,2018-01-02,2026-09-11,2111,0,0,0
002591.SZ,SZ,True,True,,2111,2018-01-02,2026-09-11,2111,2018-01-02,2026-09-11,2111,7,0,0
002592.SZ,SZ,True,True,,2111,2018-01-02,2026-09-11,2111,2018-01-02,2026-09-11,2111,90,1506,0
002593.SZ,SZ,True,True,,2111,2018-01-02,2026-09-11,2111,2018-01-02,2026-09-11,2111,0,0,0
002594.SZ,SZ,True,True,,2111,2018-01-02,2026-09-11,2111,2018-01-02,2026-09-11,2111,0,0,0
002595.SZ,SZ,True,True,,2111,2018-01-02,2026-09-11,2111,2018-01-02,2026-09-11,2111,0,0,0
002596.SZ,SZ,True,True,,2111,2018-01-02,2026-09-11,2111,2018-01-02,2026-09-11,2111,10,0,0
002597.SZ,SZ,True,True,,2111,2018-01-02,2026-09-11,2111,2018-01-02,2026-09-11,2111,0,0,0
002598.SZ,SZ,True,True,,2111,2018-01-02,2026-09-11,2111,2018-01-02,2026-09-11,2111,11,109,0
002599.SZ,SZ,True,True,,2111,2018-01-02,2026-09-11,2111,2018-01-02,2026-09-11,2111,4,0,0
002600.SZ,SZ,True,True,,2111,2018-01-02,2026-09-11,2111,2018-01-02,2026-09-11,2111,0,0,0
002601.SZ,SZ,True,True,,2111,2018-01-02,2026-09-11,2111,2018-01-02,2026-09-11,2111,40,0,0
002602.SZ,SZ,True,True,,2111,2018-01-02,2026-09-11,2111,2018-01-02,2026-09-11,2111,102,245,0
002603.SZ,SZ,True,True,,2111,2018-01-02,2026-09-11,2111,2018-01-02,2026-09-11,2111,0,0,0
002604.SZ,SZ,True,True,,615,2018-01-02,2020-07-15,615,2018-01-02,2020-07-15,615,329,571,0
002605.SZ,SZ,True,True,,2111,2018-01-02,2026-09-11,2111,2018-01-02,2026-09-11,2111,0,0,0
002606.SZ,SZ,True,True,,2111,2018-01-02,2026-09-11,2111,2018-01-02,2026-09-11,2111,10,0,0
002607.SZ,SZ,True,True,,2111,2018-01-02,2026-09-11,2111,2018-01-02,2026-09-11,2111,98,0,0
002608.SZ,SZ,True,True,,2111,2018-01-02,2026-09-11,2111,2018-01-02,2026-09-11,2111,0,0,0
002609.SZ,SZ,True,True,,2111,2018-01-02,2026-09-11,2111,2018-01-02,2026-09-11,2111,21,0,0
002610.SZ,SZ,True,True,,1605,2018-01-02,2024-08-12,1605,2018-01-02,2024-08-12,1605,132,70,0
002611.SZ,SZ,True,True,,2111,2018-01-02,2026-09-11,2111,2018-01-02,2026-09-11,2111,10,0,0
002612.SZ,SZ,True,True,,2111,2018-01-02,2026-09-11,2111,2018-01-02,2026-09-11,2111,1,0,0
002613.SZ,SZ,True,True,,2111,2018-01-02,2026-09-11,2111,2018-01-02,2026-09-11,2111,0,0,0
002614.SZ,SZ,True,True,,2111,2018-01-02,2026-09-11,2111,2018-01-02,2026-09-11,2111,0,0,0
002615.SZ,SZ,True,True,,2111,2018-01-02,2026-09-11,2111,2018-01-02,2026-09-11,2111,0,0,0
002616.SZ,SZ,True,True,,2111,2018-01-02,2026-09-11,2111,2018-01-02,2026-09-11,2111,0,0,0
002617.SZ,SZ,True,True,,2111,2018-01-02,2026-09-11,2111,2018-01-02,2026-09-11,2111,118,0,0
002618.SZ,SZ,True,True,,1084,2018-01-02,2022-06-22,1084,2018-01-02,2022-06-22,1084,20,260,0
002619.SZ,SZ,True,True,,1049,2018-01-02,2022-04-28,1049,2018-01-02,2022-04-28,1049,75,240,0
002620.SZ,SZ,True,True,,2111,2018-01-02,2026-09-11,2111,2018-01-02,2026-09-11,2111,2,335,0
002621.SZ,SZ,True,True,,1600,2018-01-02,2024-08-05,1600,2018-01-02,2024-08-05,1600,94,64,0
002622.SZ,SZ,True,True,,2111,2018-01-02,2026-09-11,2111,2018-01-02,2026-09-11,2111,75,0,0
002623.SZ,SZ,True,True,,2111,2018-01-02,2026-09-11,2111,2018-01-02,2026-09-11,2111,9,0,0
002624.SZ,SZ,True,True,,2111,2018-01-02,2026-09-11,2111,2018-01-02,2026-09-11,2111,10,0,0
002625.SZ,SZ,True,True,,2111,2018-01-02,2026-09-11,2111,2018-01-02,2026-09-11,2111,2,0,0
002626.SZ,SZ,True,True,,2111,2018-01-02,2026-09-11,2111,2018-01-02,2026-09-11,2111,0,0,0
002627.SZ,SZ,True,True,,2111,2018-01-02,2026-09-11,2111,2018-01-02,2026-09-11,2111,21,0,0
002628.SZ,SZ,True,True,,2111,2018-01-02,2026-09-11,2111,2018-01-02,2026-09-11,2111,12,0,0
002629.SZ,SZ,True,True,,2111,2018-01-02,2026-09-11,2111,2018-01-02,2026-09-11,2111,18,641,0
002630.SZ,SZ,True,True,,2111,2018-01-02,2026-09-11,2111,2018-01-02,2026-09-11,2111,67,335,0
002631.SZ,SZ,True,True,,2111,2018-01-02,2026-09-11,2111,2018-01-02,2026-09-11,2111,0,0,0
002632.SZ,SZ,True,True,,2111,2018-01-02,2026-09-11,2111,2018-01-02,2026-09-11,2111,0,0,0
002633.SZ,SZ,True,True,,2111,2018-01-02,2026-09-11,2111,2018-01-02,2026-09-11,2111,13,0,0
002634.SZ,SZ,True,True,,2111,2018-01-02,2026-09-11,2111,2018-01-02,2026-09-11,2111,11,95,0
002635.SZ,SZ,True,True,,2111,2018-01-02,2026-09-11,2111,2018-01-02,2026-09-11,2111,0,0,0
002636.SZ,SZ,True,True,,2111,2018-01-02,2026-09-11,2111,2018-01-02,2026-09-11,2111,0,0,0
002637.SZ,SZ,True,True,,2111,2018-01-02,2026-09-11,2111,2018-01-02,2026-09-11,2111,10,0,0
002638.SZ,SZ,True,True,,2111,2018-01-02,2026-09-11,2111,2018-01-02,2026-09-11,2111,13,255,0
002639.SZ,SZ,True,True,,2111,2018-01-02,2026-09-11,2111,2018-01-02,2026-09-11,2111,0,0,0
002640.SZ,SZ,True,True,,2111,2018-01-02,2026-09-11,2111,2018-01-02,2026-09-11,2111,2,344,0
002641.SZ,SZ,True,True,,2111,2018-01-02,2026-09-11,2111,2018-01-02,2026-09-11,2111,0,0,0
002642.SZ,SZ,True,True,,2111,2018-01-02,2026-09-11,2111,2018-01-02,2026-09-11,2111,7,271,0
002643.SZ,SZ,True,True,,2111,2018-01-02,2026-09-11,2111,2018-01-02,2026-09-11,2111,0,0,0
002644.SZ,SZ,True,True,,2111,2018-01-02,2026-09-11,2111,2018-01-02,2026-09-11,2111,8,0,0
002645.SZ,SZ,True,True,,2111,2018-01-02,2026-09-11,2111,2018-01-02,2026-09-11,2111,11,0,0
002646.SZ,SZ,True,True,,2111,2018-01-02,2026-09-11,2111,2018-01-02,2026-09-11,2111,0,0,0
002647.SZ,SZ,True,True,,2111,2018-01-02,2026-09-11,2111,2018-01-02,2026-09-11,2111,104,306,0
002648.SZ,SZ,True,True,,2111,2018-01-02,2026-09-11,2111,2018-01-02,2026-09-11,2111,0,0,0
002649.SZ,SZ,True,True,,2111,2018-01-02,2026-09-11,2111,2018-01-02,2026-09-11,2111,0,0,0
002650.SZ,SZ,True,True,,2111,2018-01-02,2026-09-11,2111,2018-01-02,2026-09-11,2111,159,850,0
002651.SZ,SZ,True,True,,2111,2018-01-02,2026-09-11,2111,2018-01-02,2026-09-11,2111,0,0,0
002652.SZ,SZ,True,True,,2111,2018-01-02,2026-09-11,2111,2018-01-02,2026-09-11,2111,0,0,0
002653.SZ,SZ,True,True,,2111,2018-01-02,2026-09-11,2111,2018-01-02,2026-09-11,2111,0,0,0
002654.SZ,SZ,True,True,,2111,2018-01-02,2026-09-11,2111,2018-01-02,2026-09-11,2111,0,0,0
002655.SZ,SZ,True,True,,2111,2018-01-02,2026-09-11,2111,2018-01-02,2026-09-11,2111,5,0,0
002656.SZ,SZ,True,True,,2111,2018-01-02,2026-09-11,2111,2018-01-02,2026-09-11,2111,235,1577,0
002657.SZ,SZ,True,True,,2111,2018-01-02,2026-09-11,2111,2018-01-02,2026-09-11,2111,0,0,0
002658.SZ,SZ,True,True,,2111,2018-01-02,2026-09-11,2111,2018-01-02,2026-09-11,2111,0,0,0
002659.SZ,SZ,True,True,,2111,2018-01-02,2026-09-11,2111,2018-01-02,2026-09-11,2111,9,0,0
002660.SZ,SZ,True,True,,2111,2018-01-02,2026-09-11,2111,2018-01-02,2026-09-11,2111,0,0,0
002661.SZ,SZ,True,True,,2111,2018-01-02,2026-09-11,2111,2018-01-02,2026-09-11,2111,54,0,0
002662.SZ,SZ,True,True,,2111,2018-01-02,2026-09-11,2111,2018-01-02,2026-09-11,2111,55,0,0
002663.SZ,SZ,True,True,,2111,2018-01-02,2026-09-11,2111,2018-01-02,2026-09-11,2111,10,0,0
002664.SZ,SZ,True,True,,2111,2018-01-02,2026-09-11,2111,2018-01-02,2026-09-11,2111,0,0,0
002665.SZ,SZ,True,True,,1615,2018-01-02,2024-08-26,1615,2018-01-02,2024-08-26,1615,150,81,0
002666.SZ,SZ,True,True,,2111,2018-01-02,2026-09-11,2111,2018-01-02,2026-09-11,2111,0,0,0
002667.SZ,SZ,True,True,,2111,2018-01-02,2026-09-11,2111,2018-01-02,2026-09-11,2111,6,92,0
002668.SZ,SZ,True,True,,2111,2018-01-02,2026-09-11,2111,2018-01-02,2026-09-11,2111,100,253,0
002669.SZ,SZ,True,True,,2111,2018-01-02,2026-09-11,2111,2018-01-02,2026-09-11,2111,20,0,0
002670.SZ,SZ,True,True,,2111,2018-01-02,2026-09-11,2111,2018-01-02,2026-09-11,2111,30,0,0
002671.SZ,SZ,True,True,,2111,2018-01-02,2026-09-11,2111,2018-01-02,2026-09-11,2111,0,0,0
002672.SZ,SZ,True,True,,2111,2018-01-02,2026-09-11,2111,2018-01-02,2026-09-11,2111,0,0,0
002673.SZ,SZ,True,True,,2111,2018-01-02,2026-09-11,2111,2018-01-02,2026-09-11,2111,0,0,0
002674.SZ,SZ,True,True,,2111,2018-01-02,2026-09-11,2111,2018-01-02,2026-09-11,2111,0,0,0
002675.SZ,SZ,True,True,,2111,2018-01-02,2026-09-11,2111,2018-01-02,2026-09-11,2111,5,0,0
002676.SZ,SZ,True,True,,2111,2018-01-02,2026-09-11,2111,2018-01-02,2026-09-11,2111,10,0,0
002677.SZ,SZ,True,True,,2111,2018-01-02,2026-09-11,2111,2018-01-02,2026-09-11,2111,5,0,0
002678.SZ,SZ,True,True,,2111,2018-01-02,2026-09-11,2111,2018-01-02,2026-09-11,2111,0,0,0
002679.SZ,SZ,True,True,,2111,2018-01-02,2026-09-11,2111,2018-01-02,2026-09-11,2111,0,0,0
002680.SZ,SZ,True,True,,463,2018-01-02,2019-11-27,463,2018-01-02,2019-11-27,463,230,295,0
002681.SZ,SZ,True,True,,2111,2018-01-02,2026-09-11,2111,2018-01-02,2026-09-11,2111,2,229,0
002682.SZ,SZ,True,True,,2111,2018-01-02,2026-09-11,2111,2018-01-02,2026-09-11,2111,12,0,0
002683.SZ,SZ,True,True,,2111,2018-01-02,2026-09-11,2111,2018-01-02,2026-09-11,2111,10,0,0
002684.SZ,SZ,True,True,,1087,2018-01-02,2022-06-27,1087,2018-01-02,2022-06-27,1087,53,749,0
002685.SZ,SZ,True,True,,2111,2018-01-02,2026-09-11,2111,2018-01-02,2026-09-11,2111,5,0,0
002686.SZ,SZ,True,True,,2111,2018-01-02,2026-09-11,2111,2018-01-02,2026-09-11,2111,4,0,0
002687.SZ,SZ,True,True,,2111,2018-01-02,2026-09-11,2111,2018-01-02,2026-09-11,2111,0,0,0
002688.SZ,SZ,True,True,,2111,2018-01-02,2026-09-11,2111,2018-01-02,2026-09-11,2111,0,0,0
002689.SZ,SZ,True,True,,2111,2018-01-02,2026-09-11,2111,2018-01-02,2026-09-11,2111,1,191,0
002690.SZ,SZ,True,True,,2111,2018-01-02,2026-09-11,2111,2018-01-02,2026-09-11,2111,0,0,0
002691.SZ,SZ,True,True,,2111,2018-01-02,2026-09-11,2111,2018-01-02,2026-09-11,2111,10,93,0
002692.SZ,SZ,True,True,,2111,2018-01-02,2026-09-11,2111,2018-01-02,2026-09-11,2111,62,1075,0
002693.SZ,SZ,True,True,,2111,2018-01-02,2026-09-11,2111,2018-01-02,2026-09-11,2111,12,256,0
002694.SZ,SZ,True,True,,2111,2018-01-02,2026-09-11,2111,2018-01-02,2026-09-11,2111,35,93,0
002695.SZ,SZ,True,True,,2111,2018-01-02,2026-09-11,2111,2018-01-02,2026-09-11,2111,0,0,0
002696.SZ,SZ,True,True,,2111,2018-01-02,2026-09-11,2111,2018-01-02,2026-09-11,2111,0,0,0
002697.SZ,SZ,True,True,,2111,2018-01-02,2026-09-11,2111,2018-01-02,2026-09-11,2111,6,0,0
002698.SZ,SZ,True,True,,2111,2018-01-02,2026-09-11,2111,2018-01-02,2026-09-11,2111,0,0,0
002699.SZ,SZ,True,True,,1558,2018-01-02,2024-06-05,1558,2018-01-02,2024-06-05,1558,123,486,0
002700.SZ,SZ,True,True,,2111,2018-01-02,2026-09-11,2111,2018-01-02,2026-09-11,2111,2,1185,0
002701.SZ,SZ,True,True,,2111,2018-01-02,2026-09-11,2111,2018-01-02,2026-09-11,2111,0,0,0
002702.SZ,SZ,True,True,,2111,2018-01-02,2026-09-11,2111,2018-01-02,2026-09-11,2111,0,0,0
002703.SZ,SZ,True,True,,2111,2018-01-02,2026-09-11,2111,2018-01-02,2026-09-11,2111,5,0,0
002705.SZ,SZ,True,True,,2111,2018-01-02,2026-09-11,2111,2018-01-02,2026-09-11,2111,0,0,0
002706.SZ,SZ,True,True,,2111,2018-01-02,2026-09-11,2111,2018-01-02,2026-09-11,2111,0,0,0
002707.SZ,SZ,True,True,,2111,2018-01-02,2026-09-11,2111,2018-01-02,2026-09-11,2111,43,0,0
002708.SZ,SZ,True,True,,2111,2018-01-02,2026-09-11,2111,2018-01-02,2026-09-11,2111,9,0,0
002709.SZ,SZ,True,True,,2111,2018-01-02,2026-09-11,2111,2018-01-02,2026-09-11,2111,0,0,0
002711.SZ,SZ,True,True,,859,2018-01-02,2021-07-15,859,2018-01-02,2021-07-15,859,298,511,0
002712.SZ,SZ,True,True,,2111,2018-01-02,2026-09-11,2111,2018-01-02,2026-09-11,2111,0,0,0
002713.SZ,SZ,True,True,,2111,2018-01-02,2026-09-11,2111,2018-01-02,2026-09-11,2111,6,295,0
002714.SZ,SZ,True,True,,2111,2018-01-02,2026-09-11,2111,2018-01-02,2026-09-11,2111,0,0,0
002715.SZ,SZ,True,True,,2111,2018-01-02,2026-09-11,2111,2018-01-02,2026-09-11,2111,10,0,0
002716.SZ,SZ,True,True,,2111,2018-01-02,2026-09-11,2111,2018-01-02,2026-09-11,2111,98,418,0
002717.SZ,SZ,True,True,,2111,2018-01-02,2026-09-11,2111,2018-01-02,2026-09-11,2111,6,335,0
002718.SZ,SZ,True,True,,2111,2018-01-02,2026-09-11,2111,2018-01-02,2026-09-11,2111,10,0,0
002719.SZ,SZ,True,True,,2111,2018-01-02,2026-09-11,2111,2018-01-02,2026-09-11,2111,122,491,0
002721.SZ,SZ,True,True,,2111,2018-01-02,2026-09-11,2111,2018-01-02,2026-09-11,2111,96,511,0
002722.SZ,SZ,True,True,,2111,2018-01-02,2026-09-11,2111,2018-01-02,2026-09-11,2111,1,0,0
002723.SZ,SZ,True,True,,2111,2018-01-02,2026-09-11,2111,2018-01-02,2026-09-11,2111,63,0,0
002724.SZ,SZ,True,True,,2111,2018-01-02,2026-09-11,2111,2018-01-02,2026-09-11,2111,2,0,0
002725.SZ,SZ,True,True,,2111,2018-01-02,2026-09-11,2111,2018-01-02,2026-09-11,2111,5,0,0
002726.SZ,SZ,True,True,,2111,2018-01-02,2026-09-11,2111,2018-01-02,2026-09-11,2111,56,93,0
002727.SZ,SZ,True,True,,2111,2018-01-02,2026-09-11,2111,2018-01-02,2026-09-11,2111,0,0,0
002728.SZ,SZ,True,True,,2111,2018-01-02,2026-09-11,2111,2018-01-02,2026-09-11,2111,0,0,0
002729.SZ,SZ,True,True,,2111,2018-01-02,2026-09-11,2111,2018-01-02,2026-09-11,2111,50,0,0
002730.SZ,SZ,True,True,,2111,2018-01-02,2026-09-11,2111,2018-01-02,2026-09-11,2111,0,0,0
002731.SZ,SZ,True,True,,2111,2018-01-02,2026-09-11,2111,2018-01-02,2026-09-11,2111,68,143,0
002732.SZ,SZ,True,True,,2111,2018-01-02,2026-09-11,2111,2018-01-02,2026-09-11,2111,0,0,0
002733.SZ,SZ,True,True,,2111,2018-01-02,2026-09-11,2111,2018-01-02,2026-09-11,2111,0,0,0
002734.SZ,SZ,True,True,,2111,2018-01-02,2026-09-11,2111,2018-01-02,2026-09-11,2111,0,0,0
002735.SZ,SZ,True,True,,2111,2018-01-02,2026-09-11,2111,2018-01-02,2026-09-11,2111,19,0,0
002736.SZ,SZ,True,True,,2111,2018-01-02,2026-09-11,2111,2018-01-02,2026-09-11,2111,10,0,0
002737.SZ,SZ,True,True,,2111,2018-01-02,2026-09-11,2111,2018-01-02,2026-09-11,2111,0,0,0
002738.SZ,SZ,True,True,,2111,2018-01-02,2026-09-11,2111,2018-01-02,2026-09-11,2111,56,0,0
002739.SZ,SZ,True,True,,2111,2018-01-02,2026-09-11,2111,2018-01-02,2026-09-11,2111,209,0,0
002740.SZ,SZ,True,True,,1496,2018-01-02,2024-03-04,1496,2018-01-02,2024-03-04,1496,28,445,0
002741.SZ,SZ,True,True,,2111,2018-01-02,2026-09-11,2111,2018-01-02,2026-09-11,2111,0,0,0
002742.SZ,SZ,True,True,,2111,2018-01-02,2026-09-11,2111,2018-01-02,2026-09-11,2111,14,868,0
002743.SZ,SZ,True,True,,2111,2018-01-02,2026-09-11,2111,2018-01-02,2026-09-11,2111,11,4,0
002745.SZ,SZ,True,True,,2111,2018-01-02,2026-09-11,2111,2018-01-02,2026-09-11,2111,3,0,0
002746.SZ,SZ,True,True,,2111,2018-01-02,2026-09-11,2111,2018-01-02,2026-09-11,2111,0,0,0
002747.SZ,SZ,True,True,,2111,2018-01-02,2026-09-11,2111,2018-01-02,2026-09-11,2111,10,0,0
002748.SZ,SZ,True,True,,2111,2018-01-02,2026-09-11,2111,2018-01-02,2026-09-11,2111,7,245,0
002749.SZ,SZ,True,True,,2111,2018-01-02,2026-09-11,2111,2018-01-02,2026-09-11,2111,0,0,0
002750.SZ,SZ,True,True,,1814,2018-01-02,2025-06-26,1814,2018-01-02,2025-06-26,1814,27,264,0
002751.SZ,SZ,True,True,,1342,2018-01-02,2023-07-13,1342,2018-01-02,2023-07-13,1342,65,275,0
002752.SZ,SZ,True,True,,2111,2018-01-02,2026-09-11,2111,2018-01-02,2026-09-11,2111,0,0,0
002753.SZ,SZ,True,True,,2111,2018-01-02,2026-09-11,2111,2018-01-02,2026-09-11,2111,0,0,0
002755.SZ,SZ,True,True,,2111,2018-01-02,2026-09-11,2111,2018-01-02,2026-09-11,2111,31,0,0
002756.SZ,SZ,True,True,,2111,2018-01-02,2026-09-11,2111,2018-01-02,2026-09-11,2111,0,0,0
002757.SZ,SZ,True,True,,2111,2018-01-02,2026-09-11,2111,2018-01-02,2026-09-11,2111,5,0,0
002758.SZ,SZ,True,True,,2111,2018-01-02,2026-09-11,2111,2018-01-02,2026-09-11,2111,11,0,0
002759.SZ,SZ,True,True,,2111,2018-01-02,2026-09-11,2111,2018-01-02,2026-09-11,2111,1,43,0
002760.SZ,SZ,True,True,,2111,2018-01-02,2026-09-11,2111,2018-01-02,2026-09-11,2111,4,0,0
002761.SZ,SZ,True,True,,2111,2018-01-02,2026-09-11,2111,2018-01-02,2026-09-11,2111,41,0,0
002762.SZ,SZ,True,True,,2111,2018-01-02,2026-09-11,2111,2018-01-02,2026-09-11,2111,12,279,0
002763.SZ,SZ,True,True,,2111,2018-01-02,2026-09-11,2111,2018-01-02,2026-09-11,2111,0,0,0
002765.SZ,SZ,True,True,,2111,2018-01-02,2026-09-11,2111,2018-01-02,2026-09-11,2111,53,0,0
002766.SZ,SZ,True,True,,2111,2018-01-02,2026-09-11,2111,2018-01-02,2026-09-11,2111,5,732,0
002767.SZ,SZ,True,True,,2111,2018-01-02,2026-09-11,2111,2018-01-02,2026-09-11,2111,0,0,0
002768.SZ,SZ,True,True,,2111,2018-01-02,2026-09-11,2111,2018-01-02,2026-09-11,2111,0,0,0
002769.SZ,SZ,True,True,,2111,2018-01-02,2026-09-11,2111,2018-01-02,2026-09-11,2111,30,0,0
002770.SZ,SZ,True,True,,1085,2018-01-02,2022-06-23,1085,2018-01-02,2022-06-23,1085,111,467,0
002771.SZ,SZ,True,True,,2111,2018-01-02,2026-09-11,2111,2018-01-02,2026-09-11,2111,0,0,0
002772.SZ,SZ,True,True,,2111,2018-01-02,2026-09-11,2111,2018-01-02,2026-09-11,2111,0,0,0
002773.SZ,SZ,True,True,,2111,2018-01-02,2026-09-11,2111,2018-01-02,2026-09-11,2111,0,0,0
002774.SZ,SZ,True,True,,2111,2018-01-02,2026-09-11,2111,2018-01-02,2026-09-11,2111,0,0,0
002775.SZ,SZ,True,True,,2111,2018-01-02,2026-09-11,2111,2018-01-02,2026-09-11,2111,11,0,0
002776.SZ,SZ,True,True,,1475,2018-01-02,2024-01-25,1475,2018-01-02,2024-01-25,1475,64,682,0
002777.SZ,SZ,True,True,,2111,2018-01-02,2026-09-11,2111,2018-01-02,2026-09-11,2111,0,0,0
002778.SZ,SZ,True,True,,2111,2018-01-02,2026-09-11,2111,2018-01-02,2026-09-11,2111,66,0,0
002779.SZ,SZ,True,True,,2111,2018-01-02,2026-09-11,2111,2018-01-02,2026-09-11,2111,0,0,0
002780.SZ,SZ,True,True,,2111,2018-01-02,2026-09-11,2111,2018-01-02,2026-09-11,2111,0,0,0
002781.SZ,SZ,True,True,,1336,2018-01-02,2023-07-05,1336,2018-01-02,2023-07-05,1336,40,278,0
002782.SZ,SZ,True,True,,2111,2018-01-02,2026-09-11,2111,2018-01-02,2026-09-11,2111,0,0,0
002783.SZ,SZ,True,True,,2111,2018-01-02,2026-09-11,2111,2018-01-02,2026-09-11,2111,0,0,0
002785.SZ,SZ,True,True,,2111,2018-01-02,2026-09-11,2111,2018-01-02,2026-09-11,2111,5,0,0
002786.SZ,SZ,True,True,,2111,2018-01-02,2026-09-11,2111,2018-01-02,2026-09-11,2111,3,0,0
002787.SZ,SZ,True,True,,2111,2018-01-02,2026-09-11,2111,2018-01-02,2026-09-11,2111,0,0,0
002788.SZ,SZ,True,True,,2111,2018-01-02,2026-09-11,2111,2018-01-02,2026-09-11,2111,6,0,0
002789.SZ,SZ,True,True,,2111,2018-01-02,2026-09-11,2111,2018-01-02,2026-09-11,2111,1,337,0
002790.SZ,SZ,True,True,,2111,2018-01-02,2026-09-11,2111,2018-01-02,2026-09-11,2111,0,0,0
002791.SZ,SZ,True,True,,2111,2018-01-02,2026-09-11,2111,2018-01-02,2026-09-11,2111,0,0,0
002792.SZ,SZ,True,True,,2111,2018-01-02,2026-09-11,2111,2018-01-02,2026-09-11,2111,0,0,0
002793.SZ,SZ,True,True,,2111,2018-01-02,2026-09-11,2111,2018-01-02,2026-09-11,2111,11,0,0
002795.SZ,SZ,True,True,,2111,2018-01-02,2026-09-11,2111,2018-01-02,2026-09-11,2111,11,0,0
002796.SZ,SZ,True,True,,2111,2018-01-02,2026-09-11,2111,2018-01-02,2026-09-11,2111,0,0,0
002797.SZ,SZ,True,True,,2111,2018-01-02,2026-09-11,2111,2018-01-02,2026-09-11,2111,0,0,0
002798.SZ,SZ,True,True,,2111,2018-01-02,2026-09-11,2111,2018-01-02,2026-09-11,2111,2,0,0
002799.SZ,SZ,True,True,,2111,2018-01-02,2026-09-11,2111,2018-01-02,2026-09-11,2111,59,0,0
002800.SZ,SZ,True,True,,2111,2018-01-02,2026-09-11,2111,2018-01-02,2026-09-11,2111,4,270,0
002801.SZ,SZ,True,True,,2111,2018-01-02,2026-09-11,2111,2018-01-02,2026-09-11,2111,0,0,0
002802.SZ,SZ,True,True,,2111,2018-01-02,2026-09-11,2111,2018-01-02,2026-09-11,2111,0,0,0
002803.SZ,SZ,True,True,,2111,2018-01-02,2026-09-11,2111,2018-01-02,2026-09-11,2111,0,0,0
002805.SZ,SZ,True,True,,2111,2018-01-02,2026-09-11,2111,2018-01-02,2026-09-11,2111,0,0,0
002806.SZ,SZ,True,True,,2111,2018-01-02,2026-09-11,2111,2018-01-02,2026-09-11,2111,17,0,0
002807.SZ,SZ,True,True,,2111,2018-01-02,2026-09-11,2111,2018-01-02,2026-09-11,2111,0,0,0
002808.SZ,SZ,True,True,,2067,2018-01-02,2026-07-13,2067,2018-01-02,2026-07-13,2067,35,758,0
002809.SZ,SZ,True,True,,2111,2018-01-02,2026-09-11,2111,2018-01-02,2026-09-11,2111,0,0,0
002810.SZ,SZ,True,True,,2111,2018-01-02,2026-09-11,2111,2018-01-02,2026-09-11,2111,0,0,0
002811.SZ,SZ,True,True,,2111,2018-01-02,2026-09-11,2111,2018-01-02,2026-09-11,2111,0,0,0
002812.SZ,SZ,True,True,,2111,2018-01-02,2026-09-11,2111,2018-01-02,2026-09-11,2111,15,0,0
002813.SZ,SZ,True,True,,2111,2018-01-02,2026-09-11,2111,2018-01-02,2026-09-11,2111,18,0,0
002815.SZ,SZ,True,True,,2111,2018-01-02,2026-09-11,2111,2018-01-02,2026-09-11,2111,0,0,0
002816.SZ,SZ,True,True,,2111,2018-01-02,2026-09-11,2111,2018-01-02,2026-09-11,2111,28,668,0
002817.SZ,SZ,True,True,,2111,2018-01-02,2026-09-11,2111,2018-01-02,2026-09-11,2111,0,0,0
002818.SZ,SZ,True,True,,2111,2018-01-02,2026-09-11,2111,2018-01-02,2026-09-11,2111,0,0,0
002819.SZ,SZ,True,True,,2111,2018-01-02,2026-09-11,2111,2018-01-02,2026-09-11,2111,103,0,0
002820.SZ,SZ,True,True,,2111,2018-01-02,2026-09-11,2111,2018-01-02,2026-09-11,2111,0,0,0
002821.SZ,SZ,True,True,,2111,2018-01-02,2026-09-11,2111,2018-01-02,2026-09-11,2111,0,0,0
002822.SZ,SZ,True,True,,2111,2018-01-02,2026-09-11,2111,2018-01-02,2026-09-11,2111,5,620,0
002823.SZ,SZ,True,True,,2111,2018-01-02,2026-09-11,2111,2018-01-02,2026-09-11,2111,0,0,0
002824.SZ,SZ,True,True,,2111,2018-01-02,2026-09-11,2111,2018-01-02,2026-09-11,2111,0,0,0
002825.SZ,SZ,True,True,,2111,2018-01-02,2026-09-11,2111,2018-01-02,2026-09-11,2111,15,0,0
002826.SZ,SZ,True,True,,2111,2018-01-02,2026-09-11,2111,2018-01-02,2026-09-11,2111,5,0,0
002827.SZ,SZ,True,True,,2111,2018-01-02,2026-09-11,2111,2018-01-02,2026-09-11,2111,0,0,0
002828.SZ,SZ,True,True,,2111,2018-01-02,2026-09-11,2111,2018-01-02,2026-09-11,2111,12,0,0
002829.SZ,SZ,True,True,,2111,2018-01-02,2026-09-11,2111,2018-01-02,2026-09-11,2111,0,0,0
002830.SZ,SZ,True,True,,2111,2018-01-02,2026-09-11,2111,2018-01-02,2026-09-11,2111,0,0,0
002831.SZ,SZ,True,True,,2111,2018-01-02,2026-09-11,2111,2018-01-02,2026-09-11,2111,0,0,0
002832.SZ,SZ,True,True,,2111,2018-01-02,2026-09-11,2111,2018-01-02,2026-09-11,2111,0,0,0
002833.SZ,SZ,True,True,,2111,2018-01-02,2026-09-11,2111,2018-01-02,2026-09-11,2111,0,0,0
002835.SZ,SZ,True,True,,2111,2018-01-02,2026-09-11,2111,2018-01-02,2026-09-11,2111,0,0,0
002836.SZ,SZ,True,True,,2111,2018-01-02,2026-09-11,2111,2018-01-02,2026-09-11,2111,10,0,0
002837.SZ,SZ,True,True,,2111,2018-01-02,2026-09-11,2111,2018-01-02,2026-09-11,2111,6,0,0
002838.SZ,SZ,True,True,,2111,2018-01-02,2026-09-11,2111,2018-01-02,2026-09-11,2111,25,0,0
002839.SZ,SZ,True,True,,2111,2018-01-02,2026-09-11,2111,2018-01-02,2026-09-11,2111,0,0,0
002840.SZ,SZ,True,True,,2111,2018-01-02,2026-09-11,2111,2018-01-02,2026-09-11,2111,0,0,0
002841.SZ,SZ,True,True,,2111,2018-01-02,2026-09-11,2111,2018-01-02,2026-09-11,2111,0,0,0
002842.SZ,SZ,True,True,,2111,2018-01-02,2026-09-11,2111,2018-01-02,2026-09-11,2111,0,0,0
002843.SZ,SZ,True,True,,2111,2018-01-02,2026-09-11,2111,2018-01-02,2026-09-11,2111,0,0,0
002845.SZ,SZ,True,True,,2111,2018-01-02,2026-09-11,2111,2018-01-02,2026-09-11,2111,0,0,0
002846.SZ,SZ,True,True,,2111,2018-01-02,2026-09-11,2111,2018-01-02,2026-09-11,2111,0,0,0
002847.SZ,SZ,True,True,,2111,2018-01-02,2026-09-11,2111,2018-01-02,2026-09-11,2111,0,0,0
002848.SZ,SZ,True,True,,2111,2018-01-02,2026-09-11,2111,2018-01-02,2026-09-11,2111,5,264,0
002849.SZ,SZ,True,True,,2111,2018-01-02,2026-09-11,2111,2018-01-02,2026-09-11,2111,0,0,0
002850.SZ,SZ,True,True,,2111,2018-01-02,2026-09-11,2111,2018-01-02,2026-09-11,2111,0,0,0
002851.SZ,SZ,True,True,,2111,2018-01-02,2026-09-11,2111,2018-01-02,2026-09-11,2111,70,0,0
002852.SZ,SZ,True,True,,2111,2018-01-02,2026-09-11,2111,2018-01-02,2026-09-11,2111,0,0,0
002853.SZ,SZ,True,True,,2111,2018-01-02,2026-09-11,2111,2018-01-02,2026-09-11,2111,5,0,0
002855.SZ,SZ,True,True,,2111,2018-01-02,2026-09-11,2111,2018-01-02,2026-09-11,2111,0,0,0
002856.SZ,SZ,True,True,,2111,2018-01-02,2026-09-11,2111,2018-01-02,2026-09-11,2111,65,93,0
002857.SZ,SZ,True,True,,2111,2018-01-02,2026-09-11,2111,2018-01-02,2026-09-11,2111,61,0,0
002858.SZ,SZ,True,True,,2111,2018-01-02,2026-09-11,2111,2018-01-02,2026-09-11,2111,0,0,0
002859.SZ,SZ,True,True,,2111,2018-01-02,2026-09-11,2111,2018-01-02,2026-09-11,2111,10,0,0
002860.SZ,SZ,True,True,,2111,2018-01-02,2026-09-11,2111,2018-01-02,2026-09-11,2111,0,0,0
002861.SZ,SZ,True,True,,2111,2018-01-02,2026-09-11,2111,2018-01-02,2026-09-11,2111,0,0,0
002862.SZ,SZ,True,True,,2111,2018-01-02,2026-09-11,2111,2018-01-02,2026-09-11,2111,0,0,0
002863.SZ,SZ,True,True,,2111,2018-01-02,2026-09-11,2111,2018-01-02,2026-09-11,2111,0,0,0
002864.SZ,SZ,True,True,,2111,2018-01-02,2026-09-11,2111,2018-01-02,2026-09-11,2111,4,0,0
002865.SZ,SZ,True,True,,2111,2018-01-02,2026-09-11,2111,2018-01-02,2026-09-11,2111,0,0,0
002866.SZ,SZ,True,True,,2111,2018-01-02,2026-09-11,2111,2018-01-02,2026-09-11,2111,76,0,0
002867.SZ,SZ,True,True,,2111,2018-01-02,2026-09-11,2111,2018-01-02,2026-09-11,2111,0,0,0
002868.SZ,SZ,True,True,,2111,2018-01-02,2026-09-11,2111,2018-01-02,2026-09-11,2111,6,248,0
002869.SZ,SZ,True,True,,2111,2018-01-02,2026-09-11,2111,2018-01-02,2026-09-11,2111,0,0,0
002870.SZ,SZ,True,True,,2111,2018-01-02,2026-09-11,2111,2018-01-02,2026-09-11,2111,54,0,0
002871.SZ,SZ,True,True,,2111,2018-01-02,2026-09-11,2111,2018-01-02,2026-09-11,2111,0,0,0
002872.SZ,SZ,True,True,,2111,2018-01-02,2026-09-11,2111,2018-01-02,2026-09-11,2111,62,1791,0
002873.SZ,SZ,True,True,,2111,2018-01-02,2026-09-11,2111,2018-01-02,2026-09-11,2111,10,0,0
002875.SZ,SZ,True,True,,2111,2018-01-02,2026-09-11,2111,2018-01-02,2026-09-11,2111,5,0,0
002876.SZ,SZ,True,True,,2111,2018-01-02,2026-09-11,2111,2018-01-02,2026-09-11,2111,0,0,0
002877.SZ,SZ,True,True,,2111,2018-01-02,2026-09-11,2111,2018-01-02,2026-09-11,2111,0,0,0
002878.SZ,SZ,True,True,,2111,2018-01-02,2026-09-11,2111,2018-01-02,2026-09-11,2111,4,0,0
002879.SZ,SZ,True,True,,2111,2018-01-02,2026-09-11,2111,2018-01-02,2026-09-11,2111,0,0,0
002880.SZ,SZ,True,True,,2111,2018-01-02,2026-09-11,2111,2018-01-02,2026-09-11,2111,5,0,0
002881.SZ,SZ,True,True,,2111,2018-01-02,2026-09-11,2111,2018-01-02,2026-09-11,2111,0,0,0
002882.SZ,SZ,True,True,,2111,2018-01-02,2026-09-11,2111,2018-01-02,2026-09-11,2111,0,0,0
002883.SZ,SZ,True,True,,2111,2018-01-02,2026-09-11,2111,2018-01-02,2026-09-11,2111,16,92,0
002884.SZ,SZ,True,True,,2111,2018-01-02,2026-09-11,2111,2018-01-02,2026-09-11,2111,6,0,0
002885.SZ,SZ,True,True,,2111,2018-01-02,2026-09-11,2111,2018-01-02,2026-09-11,2111,0,0,0
002886.SZ,SZ,True,True,,2111,2018-01-02,2026-09-11,2111,2018-01-02,2026-09-11,2111,0,0,0
002887.SZ,SZ,True,True,,2111,2018-01-02,2026-09-11,2111,2018-01-02,2026-09-11,2111,0,0,0
002888.SZ,SZ,True,True,,2111,2018-01-02,2026-09-11,2111,2018-01-02,2026-09-11,2111,2,0,0
002889.SZ,SZ,True,True,,2111,2018-01-02,2026-09-11,2111,2018-01-02,2026-09-11,2111,0,0,0
002890.SZ,SZ,True,True,,2111,2018-01-02,2026-09-11,2111,2018-01-02,2026-09-11,2111,10,0,0
002891.SZ,SZ,True,True,,2111,2018-01-02,2026-09-11,2111,2018-01-02,2026-09-11,2111,10,0,0
002892.SZ,SZ,True,True,,2111,2018-01-02,2026-09-11,2111,2018-01-02,2026-09-11,2111,0,0,0
002893.SZ,SZ,True,True,,2111,2018-01-02,2026-09-11,2111,2018-01-02,2026-09-11,2111,5,0,0
002895.SZ,SZ,True,True,,2111,2018-01-02,2026-09-11,2111,2018-01-02,2026-09-11,2111,0,0,0
002896.SZ,SZ,True,True,,2111,2018-01-02,2026-09-11,2111,2018-01-02,2026-09-11,2111,0,0,0
002897.SZ,SZ,True,True,,2111,2018-01-02,2026-09-11,2111,2018-01-02,2026-09-11,2111,0,0,0
002898.SZ,SZ,True,True,,2070,2018-01-02,2026-07-16,2070,2018-01-02,2026-07-16,2070,37,281,0
002899.SZ,SZ,True,True,,2111,2018-01-02,2026-09-11,2111,2018-01-02,2026-09-11,2111,0,0,0
002900.SZ,SZ,True,True,,2111,2018-01-02,2026-09-11,2111,2018-01-02,2026-09-11,2111,0,0,0
002901.SZ,SZ,True,True,,2111,2018-01-02,2026-09-11,2111,2018-01-02,2026-09-11,2111,0,0,0
002902.SZ,SZ,True,True,,2111,2018-01-02,2026-09-11,2111,2018-01-02,2026-09-11,2111,8,0,0
002903.SZ,SZ,True,True,,2111,2018-01-02,2026-09-11,2111,2018-01-02,2026-09-11,2111,0,0,0
002905.SZ,SZ,True,True,,2111,2018-01-02,2026-09-11,2111,2018-01-02,2026-09-11,2111,0,0,0
002906.SZ,SZ,True,True,,2111,2018-01-02,2026-09-11,2111,2018-01-02,2026-09-11,2111,4,0,0
002907.SZ,SZ,True,True,,2111,2018-01-02,2026-09-11,2111,2018-01-02,2026-09-11,2111,2,0,0
002908.SZ,SZ,True,True,,2111,2018-01-02,2026-09-11,2111,2018-01-02,2026-09-11,2111,0,0,0
002909.SZ,SZ,True,True,,2111,2018-01-02,2026-09-11,2111,2018-01-02,2026-09-11,2111,0,0,0
002910.SZ,SZ,True,True,,2111,2018-01-02,2026-09-11,2111,2018-01-02,2026-09-11,2111,0,0,0
002911.SZ,SZ,True,True,,2111,2018-01-02,2026-09-11,2111,2018-01-02,2026-09-11,2111,0,0,0
002912.SZ,SZ,True,True,,2111,2018-01-02,2026-09-11,2111,2018-01-02,2026-09-11,2111,0,0,0
002913.SZ,SZ,True,True,,2111,2018-01-02,2026-09-11,2111,2018-01-02,2026-09-11,2111,0,0,0
002915.SZ,SZ,True,True,,2111,2018-01-02,2026-09-11,2111,2018-01-02,2026-09-11,2111,1,0,0
002916.SZ,SZ,True,True,,2111,2018-01-02,2026-09-11,2111,2018-01-02,2026-09-11,2111,2,0,0
002917.SZ,SZ,True,True,,2111,2018-01-02,2026-09-11,2111,2018-01-02,2026-09-11,2111,10,0,0
002918.SZ,SZ,True,True,,2111,2018-01-02,2026-09-11,2111,2018-01-02,2026-09-11,2111,0,0,0
002919.SZ,SZ,True,True,,2111,2018-01-02,2026-09-11,2111,2018-01-02,2026-09-11,2111,0,0,0
002920.SZ,SZ,True,True,,2111,2018-01-02,2026-09-11,2111,2018-01-02,2026-09-11,2111,0,0,0
002921.SZ,SZ,True,True,,2111,2018-01-02,2026-09-11,2111,2018-01-02,2026-09-11,2111,0,0,0
002922.SZ,SZ,True,True,,2111,2018-01-02,2026-09-11,2111,2018-01-02,2026-09-11,2111,2,0,0
002923.SZ,SZ,True,True,,2108,2018-01-05,2026-09-11,2108,2018-01-05,2026-09-11,2108,0,0,0
002925.SZ,SZ,True,True,,2102,2018-01-15,2026-09-11,2102,2018-01-15,2026-09-11,2102,2,0,0
002926.SZ,SZ,True,True,,2087,2018-02-05,2026-09-11,2087,2018-02-05,2026-09-11,2087,0,0,0
002927.SZ,SZ,True,True,,2078,2018-02-23,2026-09-11,2078,2018-02-23,2026-09-11,2078,2,0,0
002928.SZ,SZ,True,True,,2073,2018-03-02,2026-09-11,2073,2018-03-02,2026-09-11,2073,0,0,0
002929.SZ,SZ,True,True,,2074,2018-03-01,2026-09-11,2074,2018-03-01,2026-09-11,2074,0,0,0
002930.SZ,SZ,True,True,,2055,2018-03-28,2026-09-11,2055,2018-03-28,2026-09-11,2055,9,0,0
002931.SZ,SZ,True,True,,2051,2018-04-03,2026-09-11,2051,2018-04-03,2026-09-11,2051,24,0,0
002932.SZ,SZ,True,True,,1986,2018-07-10,2026-09-11,1986,2018-07-10,2026-09-11,1986,1,99,0
002933.SZ,SZ,True,True,,1951,2018-08-28,2026-09-11,1951,2018-08-28,2026-09-11,1951,3,0,0
002935.SZ,SZ,True,True,,1947,2018-09-03,2026-09-11,1947,2018-09-03,2026-09-11,1947,0,0,0
002936.SZ,SZ,True,True,,1935,2018-09-19,2026-09-11,1935,2018-09-19,2026-09-11,1935,0,0,0
002937.SZ,SZ,True,True,,1931,2018-09-26,2026-09-11,1931,2018-09-26,2026-09-11,1931,0,0,0
002938.SZ,SZ,True,True,,1936,2018-09-18,2026-09-11,1936,2018-09-18,2026-09-11,1936,0,0,0
002939.SZ,SZ,True,True,,1914,2018-10-26,2026-09-11,1914,2018-10-26,2026-09-11,1914,0,0,0
002940.SZ,SZ,True,True,,1917,2018-10-23,2026-09-11,1917,2018-10-23,2026-09-11,1917,10,0,0
002941.SZ,SZ,True,True,,1891,2018-11-28,2026-09-11,1891,2018-11-28,2026-09-11,1891,0,0,0
002942.SZ,SZ,True,True,,1886,2018-12-05,2026-09-11,1886,2018-12-05,2026-09-11,1886,0,0,0
002943.SZ,SZ,True,True,,1890,2018-11-29,2026-09-11,1890,2018-11-29,2026-09-11,1890,15,0,0
002945.SZ,SZ,True,True,,1857,2019-01-17,2026-09-11,1857,2019-01-17,2026-09-11,1857,0,0,0
002946.SZ,SZ,True,True,,1851,2019-01-25,2026-09-11,1851,2019-01-25,2026-09-11,1851,0,0,0
002947.SZ,SZ,True,True,,1846,2019-02-01,2026-09-11,1846,2019-02-01,2026-09-11,1846,0,0,0
002948.SZ,SZ,True,True,,1858,2019-01-16,2026-09-11,1858,2019-01-16,2026-09-11,1858,6,0,0
002949.SZ,SZ,True,True,,1834,2019-02-26,2026-09-11,1834,2019-02-26,2026-09-11,1834,0,0,0
002950.SZ,SZ,True,True,,1825,2019-03-11,2026-09-11,1825,2019-03-11,2026-09-11,1825,0,0,0
002951.SZ,SZ,True,True,,1821,2019-03-15,2026-09-11,1821,2019-03-15,2026-09-11,1821,3,445,0
002952.SZ,SZ,True,True,,1812,2019-03-28,2026-09-11,1812,2019-03-28,2026-09-11,1812,0,0,0
002953.SZ,SZ,True,True,,1786,2019-05-09,2026-09-11,1786,2019-05-09,2026-09-11,1786,0,0,0
002955.SZ,SZ,True,True,,1776,2019-05-23,2026-09-11,1776,2019-05-23,2026-09-11,1776,4,0,0
002956.SZ,SZ,True,True,,1758,2019-06-19,2026-09-11,1758,2019-06-19,2026-09-11,1758,0,0,0
002957.SZ,SZ,True,True,,1731,2019-07-26,2026-09-11,1731,2019-07-26,2026-09-11,1731,0,0,0
002958.SZ,SZ,True,True,,1814,2019-03-26,2026-09-11,1814,2019-03-26,2026-09-11,1814,0,0,0
002959.SZ,SZ,True,True,,1711,2019-08-23,2026-09-11,1711,2019-08-23,2026-09-11,1711,0,0,0
002960.SZ,SZ,True,True,,1721,2019-08-09,2026-09-11,1721,2019-08-09,2026-09-11,1721,0,0,0
002961.SZ,SZ,True,True,,1702,2019-09-05,2026-09-11,1702,2019-09-05,2026-09-11,1702,0,0,0
002962.SZ,SZ,True,True,,1695,2019-09-17,2026-09-11,1695,2019-09-17,2026-09-11,1695,0,0,0
002963.SZ,SZ,True,True,,1671,2019-10-28,2026-09-11,1671,2019-10-28,2026-09-11,1671,0,0,0
002965.SZ,SZ,True,True,,1672,2019-10-25,2026-09-11,1672,2019-10-25,2026-09-11,1672,0,0,0
002966.SZ,SZ,True,True,,1726,2019-08-02,2026-09-11,1726,2019-08-02,2026-09-11,1726,0,0,0
002967.SZ,SZ,True,True,,1662,2019-11-08,2026-09-11,1662,2019-11-08,2026-09-11,1662,0,0,0
002968.SZ,SZ,True,True,,1645,2019-12-03,2026-09-11,1645,2019-12-03,2026-09-11,1645,10,0,0
002969.SZ,SZ,True,True,,1646,2019-12-02,2026-09-11,1646,2019-12-02,2026-09-11,1646,17,0,0
002970.SZ,SZ,True,True,,1635,2019-12-17,2026-09-11,1635,2019-12-17,2026-09-11,1635,0,0,0
002971.SZ,SZ,True,True,,1617,2020-01-13,2026-09-11,1617,2020-01-13,2026-09-11,1617,0,0,0
002972.SZ,SZ,True,True,,1627,2019-12-27,2026-09-11,1627,2019-12-27,2026-09-11,1627,0,0,0
002973.SZ,SZ,True,True,,1622,2020-01-06,2026-09-11,1622,2020-01-06,2026-09-11,1622,0,0,0
002975.SZ,SZ,True,True,,1606,2020-02-05,2026-09-11,1606,2020-02-05,2026-09-11,1606,0,0,0
002976.SZ,SZ,True,True,,1584,2020-03-06,2026-09-11,1584,2020-03-06,2026-09-11,1584,0,0,0
002977.SZ,SZ,True,True,,1577,2020-03-17,2026-09-11,1577,2020-03-17,2026-09-11,1577,1,97,0
002978.SZ,SZ,True,True,,1555,2020-04-17,2026-09-11,1555,2020-04-17,2026-09-11,1555,0,0,0
002979.SZ,SZ,True,True,,1562,2020-04-08,2026-09-11,1562,2020-04-08,2026-09-11,1562,0,0,0
002980.SZ,SZ,True,True,,1557,2020-04-15,2026-09-11,1557,2020-04-15,2026-09-11,1557,0,0,0
002981.SZ,SZ,True,True,,1555,2020-04-17,2026-09-11,1555,2020-04-17,2026-09-11,1555,0,0,0
002982.SZ,SZ,True,True,,1550,2020-04-24,2026-09-11,1550,2020-04-24,2026-09-11,1550,0,0,0
002983.SZ,SZ,True,True,,1548,2020-04-28,2026-09-11,1548,2020-04-28,2026-09-11,1548,0,0,0
002984.SZ,SZ,True,True,,1455,2020-09-11,2026-09-11,1455,2020-09-11,2026-09-11,1455,0,0,0
002985.SZ,SZ,True,True,,1547,2020-04-29,2026-09-11,1547,2020-04-29,2026-09-11,1547,0,0,0
002986.SZ,SZ,True,True,,1526,2020-06-02,2026-09-11,1526,2020-06-02,2026-09-11,1526,0,0,0
002987.SZ,SZ,True,True,,1544,2020-05-07,2026-09-11,1544,2020-05-07,2026-09-11,1544,0,0,0
002988.SZ,SZ,True,True,,1537,2020-05-18,2026-09-11,1537,2020-05-18,2026-09-11,1537,0,0,0
002989.SZ,SZ,True,True,,1520,2020-06-10,2026-09-11,1520,2020-06-10,2026-09-11,1520,2,0,0
002990.SZ,SZ,True,True,,1532,2020-05-25,2026-09-11,1532,2020-05-25,2026-09-11,1532,0,0,0
002991.SZ,SZ,True,True,,1485,2020-07-31,2026-09-11,1485,2020-07-31,2026-09-11,1485,0,0,0
002992.SZ,SZ,True,True,,1484,2020-08-03,2026-09-11,1484,2020-08-03,2026-09-11,1484,0,0,0
002993.SZ,SZ,True,True,,1474,2020-08-17,2026-09-11,1474,2020-08-17,2026-09-11,1474,0,0,0
002995.SZ,SZ,True,True,,1482,2020-08-05,2026-09-11,1482,2020-08-05,2026-09-11,1482,9,0,0
002996.SZ,SZ,True,True,,1465,2020-08-28,2026-09-11,1465,2020-08-28,2026-09-11,1465,0,0,0
002997.SZ,SZ,True,True,,1461,2020-09-03,2026-09-11,1461,2020-09-03,2026-09-11,1461,0,0,0
002998.SZ,SZ,True,True,,1445,2020-09-25,2026-09-11,1445,2020-09-25,2026-09-11,1445,5,0,0
002999.SZ,SZ,True,True,,1461,2020-09-03,2026-09-11,1461,2020-09-03,2026-09-11,1461,0,0,0
003000.SZ,SZ,True,True,,1454,2020-09-14,2026-09-11,1454,2020-09-14,2026-09-11,1454,0,0,0
003001.SZ,SZ,True,True,,1439,2020-10-13,2026-09-11,1439,2020-10-13,2026-09-11,1439,0,0,0
003002.SZ,SZ,True,True,,1448,2020-09-22,2026-09-11,1448,2020-09-22,2026-09-11,1448,0,0,0
003003.SZ,SZ,True,True,,1449,2020-09-21,2026-09-11,1449,2020-09-21,2026-09-11,1449,0,0,0
003004.SZ,SZ,True,True,,1407,2020-11-26,2026-09-11,1407,2020-11-26,2026-09-11,1407,2,252,0
003005.SZ,SZ,True,True,,1448,2020-09-22,2026-09-11,1448,2020-09-22,2026-09-11,1448,5,0,0
003006.SZ,SZ,True,True,,1449,2020-09-21,2026-09-11,1449,2020-09-21,2026-09-11,1449,0,0,0
003007.SZ,SZ,True,True,,1447,2020-09-23,2026-09-11,1447,2020-09-23,2026-09-11,1447,0,0,0
003008.SZ,SZ,True,True,,1447,2020-09-23,2026-09-11,1447,2020-09-23,2026-09-11,1447,0,0,0
003009.SZ,SZ,True,True,,1445,2020-09-25,2026-09-11,1445,2020-09-25,2026-09-11,1445,0,0,0
003010.SZ,SZ,True,True,,1445,2020-09-25,2026-09-11,1445,2020-09-25,2026-09-11,1445,0,0,0
003011.SZ,SZ,True,True,,1442,2020-09-30,2026-09-11,1442,2020-09-30,2026-09-11,1442,0,0,0
003012.SZ,SZ,True,True,,1435,2020-10-19,2026-09-11,1435,2020-10-19,2026-09-11,1435,0,0,0
003013.SZ,SZ,True,True,,1432,2020-10-22,2026-09-11,1432,2020-10-22,2026-09-11,1432,10,0,0
003015.SZ,SZ,True,True,,1433,2020-10-21,2026-09-11,1433,2020-10-21,2026-09-11,1433,0,0,0
003016.SZ,SZ,True,True,,1430,2020-10-26,2026-09-11,1430,2020-10-26,2026-09-11,1430,0,0,0
003017.SZ,SZ,True,True,,1430,2020-10-26,2026-09-11,1430,2020-10-26,2026-09-11,1430,0,0,0
003018.SZ,SZ,True,True,,1421,2020-11-06,2026-09-11,1421,2020-11-06,2026-09-11,1421,0,0,0
003019.SZ,SZ,True,True,,1414,2020-11-17,2026-09-11,1414,2020-11-17,2026-09-11,1414,0,0,0
003020.SZ,SZ,True,True,,1394,2020-12-15,2026-09-11,1394,2020-12-15,2026-09-11,1394,0,0,0
003021.SZ,SZ,True,True,,1401,2020-12-04,2026-09-11,1401,2020-12-04,2026-09-11,1401,0,0,0
003022.SZ,SZ,True,True,,1399,2020-12-08,2026-09-11,1399,2020-12-08,2026-09-11,1399,0,0,0
003023.SZ,SZ,True,True,,1396,2020-12-11,2026-09-11,1396,2020-12-11,2026-09-11,1396,0,0,0
003025.SZ,SZ,True,True,,1396,2020-12-11,2026-09-11,1396,2020-12-11,2026-09-11,1396,0,0,0
003026.SZ,SZ,True,True,,1391,2020-12-18,2026-09-11,1391,2020-12-18,2026-09-11,1391,0,0,0
003027.SZ,SZ,True,True,,1391,2020-12-18,2026-09-11,1391,2020-12-18,2026-09-11,1391,0,0,0
003028.SZ,SZ,True,True,,1385,2020-12-28,2026-09-11,1385,2020-12-28,2026-09-11,1385,0,0,0
003029.SZ,SZ,True,True,,1387,2020-12-24,2026-09-11,1387,2020-12-24,2026-09-11,1387,0,0,0
003030.SZ,SZ,True,True,,1379,2021-01-06,2026-09-11,1379,2021-01-06,2026-09-11,1379,0,0,0
003031.SZ,SZ,True,True,,1381,2021-01-04,2026-09-11,1381,2021-01-04,2026-09-11,1381,10,0,0
003032.SZ,SZ,True,True,,1375,2021-01-12,2026-09-11,1375,2021-01-12,2026-09-11,1375,2,274,0
003033.SZ,SZ,True,True,,1376,2021-01-11,2026-09-11,1376,2021-01-11,2026-09-11,1376,0,0,0
003035.SZ,SZ,True,True,,1370,2021-01-19,2026-09-11,1370,2021-01-19,2026-09-11,1370,0,0,0
003036.SZ,SZ,True,True,,1363,2021-01-28,2026-09-11,1363,2021-01-28,2026-09-11,1363,0,0,0
003037.SZ,SZ,True,True,,1358,2021-02-04,2026-09-11,1358,2021-02-04,2026-09-11,1358,0,0,0
003038.SZ,SZ,True,True,,1354,2021-02-10,2026-09-11,1354,2021-02-10,2026-09-11,1354,0,0,0
003039.SZ,SZ,True,True,,1341,2021-03-08,2026-09-11,1341,2021-03-08,2026-09-11,1341,5,0,0
003040.SZ,SZ,True,True,,1331,2021-03-22,2026-09-11,1331,2021-03-22,2026-09-11,1331,0,0,0
003041.SZ,SZ,True,True,,1321,2021-04-06,2026-09-11,1321,2021-04-06,2026-09-11,1321,9,0,0
003042.SZ,SZ,True,True,,1321,2021-04-06,2026-09-11,1321,2021-04-06,2026-09-11,1321,0,0,0
003043.SZ,SZ,True,True,,1321,2021-04-06,2026-09-11,1321,2021-04-06,2026-09-11,1321,5,0,0
003816.SZ,SZ,True,True,,1710,2019-08-26,2026-09-11,1710,2019-08-26,2026-09-11,1710,0,0,0
600000.SH,SH,True,True,,2111,2018-01-02,2026-09-11,2111,2018-01-02,2026-09-11,2111,0,0,0
600004.SH,SH,True,True,,2111,2018-01-02,2026-09-11,2111,2018-01-02,2026-09-11,2111,0,0,0
600006.SH,SH,True,True,,2111,2018-01-02,2026-09-11,2111,2018-01-02,2026-09-11,2111,5,0,0
600007.SH,SH,True,True,,2111,2018-01-02,2026-09-11,2111,2018-01-02,2026-09-11,2111,0,0,0
600008.SH,SH,True,True,,2111,2018-01-02,2026-09-11,2111,2018-01-02,2026-09-11,2111,6,0,0
600009.SH,SH,True,True,,2111,2018-01-02,2026-09-11,2111,2018-01-02,2026-09-11,2111,11,0,0
600010.SH,SH,True,True,,2111,2018-01-02,2026-09-11,2111,2018-01-02,2026-09-11,2111,9,0,0
600011.SH,SH,True,True,,2111,2018-01-02,2026-09-11,2111,2018-01-02,2026-09-11,2111,0,0,0
600012.SH,SH,True,True,,2111,2018-01-02,2026-09-11,2111,2018-01-02,2026-09-11,2111,10,0,0
600015.SH,SH,True,True,,2111,2018-01-02,2026-09-11,2111,2018-01-02,2026-09-11,2111,0,0,0
600016.SH,SH,True,True,,2111,2018-01-02,2026-09-11,2111,2018-01-02,2026-09-11,2111,0,0,0
600017.SH,SH,True,True,,2111,2018-01-02,2026-09-11,2111,2018-01-02,2026-09-11,2111,0,0,0
600018.SH,SH,True,True,,2111,2018-01-02,2026-09-11,2111,2018-01-02,2026-09-11,2111,0,0,0
600019.SH,SH,True,True,,2111,2018-01-02,2026-09-11,2111,2018-01-02,2026-09-11,2111,0,0,0
600020.SH,SH,True,True,,2111,2018-01-02,2026-09-11,2111,2018-01-02,2026-09-11,2111,0,0,0
600021.SH,SH,True,True,,2111,2018-01-02,2026-09-11,2111,2018-01-02,2026-09-11,2111,0,0,0
600022.SH,SH,True,True,,2111,2018-01-02,2026-09-11,2111,2018-01-02,2026-09-11,2111,97,0,0
600023.SH,SH,True,True,,2111,2018-01-02,2026-09-11,2111,2018-01-02,2026-09-11,2111,0,0,0
600025.SH,SH,True,True,,2111,2018-01-02,2026-09-11,2111,2018-01-02,2026-09-11,2111,0,0,0
600026.SH,SH,True,True,,2111,2018-01-02,2026-09-11,2111,2018-01-02,2026-09-11,2111,2,0,0
600027.SH,SH,True,True,,2111,2018-01-02,2026-09-11,2111,2018-01-02,2026-09-11,2111,11,0,0
600028.SH,SH,True,True,,2111,2018-01-02,2026-09-11,2111,2018-01-02,2026-09-11,2111,0,0,0
600029.SH,SH,True,True,,2111,2018-01-02,2026-09-11,2111,2018-01-02,2026-09-11,2111,0,0,0
600030.SH,SH,True,True,,2111,2018-01-02,2026-09-11,2111,2018-01-02,2026-09-11,2111,17,0,0
600031.SH,SH,True,True,,2111,2018-01-02,2026-09-11,2111,2018-01-02,2026-09-11,2111,0,0,0
600032.SH,SH,True,True,,1289,2021-05-25,2026-09-11,1289,2021-05-25,2026-09-11,1289,0,0,0
600033.SH,SH,True,True,,2111,2018-01-02,2026-09-11,2111,2018-01-02,2026-09-11,2111,0,0,0
600035.SH,SH,True,True,,2111,2018-01-02,2026-09-11,2111,2018-01-02,2026-09-11,2111,0,0,0
600036.SH,SH,True,True,,2111,2018-01-02,2026-09-11,2111,2018-01-02,2026-09-11,2111,0,0,0
600037.SH,SH,True,True,,2111,2018-01-02,2026-09-11,2111,2018-01-02,2026-09-11,2111,6,0,0
600038.SH,SH,True,True,,2111,2018-01-02,2026-09-11,2111,2018-01-02,2026-09-11,2111,10,0,0
600039.SH,SH,True,True,,2111,2018-01-02,2026-09-11,2111,2018-01-02,2026-09-11,2111,12,0,0
600048.SH,SH,True,True,,2111,2018-01-02,2026-09-11,2111,2018-01-02,2026-09-11,2111,0,0,0
600050.SH,SH,True,True,,2111,2018-01-02,2026-09-11,2111,2018-01-02,2026-09-11,2111,0,0,0
600051.SH,SH,True,True,,2111,2018-01-02,2026-09-11,2111,2018-01-02,2026-09-11,2111,71,0,0
600052.SH,SH,True,True,,2111,2018-01-02,2026-09-11,2111,2018-01-02,2026-09-11,2111,83,0,0
600053.SH,SH,True,True,,2111,2018-01-02,2026-09-11,2111,2018-01-02,2026-09-11,2111,6,93,0
600054.SH,SH,True,True,,2111,2018-01-02,2026-09-11,2111,2018-01-02,2026-09-11,2111,0,0,0
600055.SH,SH,True,True,,2111,2018-01-02,2026-09-11,2111,2018-01-02,2026-09-11,2111,1,0,0
600056.SH,SH,True,True,,2111,2018-01-02,2026-09-11,2111,2018-01-02,2026-09-11,2111,0,0,0
600057.SH,SH,True,True,,2111,2018-01-02,2026-09-11,2111,2018-01-02,2026-09-11,2111,0,0,0
600058.SH,SH,True,True,,2111,2018-01-02,2026-09-11,2111,2018-01-02,2026-09-11,2111,10,0,0
600059.SH,SH,True,True,,2111,2018-01-02,2026-09-11,2111,2018-01-02,2026-09-11,2111,0,0,0
600060.SH,SH,True,True,,2111,2018-01-02,2026-09-11,2111,2018-01-02,2026-09-11,2111,0,0,0
600061.SH,SH,True,True,,2111,2018-01-02,2026-09-11,2111,2018-01-02,2026-09-11,2111,0,0,0
600062.SH,SH,True,True,,2111,2018-01-02,2026-09-11,2111,2018-01-02,2026-09-11,2111,0,0,0
600063.SH,SH,True,True,,2111,2018-01-02,2026-09-11,2111,2018-01-02,2026-09-11,2111,1,0,0
600064.SH,SH,True,True,,2111,2018-01-02,2026-09-11,2111,2018-01-02,2026-09-11,2111,1,0,0
600066.SH,SH,True,True,,2111,2018-01-02,2026-09-11,2111,2018-01-02,2026-09-11,2111,1,0,0
600067.SH,SH,True,True,,2111,2018-01-02,2026-09-11,2111,2018-01-02,2026-09-11,2111,0,0,0
600068.SH,SH,True,True,,901,2018-01-02,2021-09-13,901,2018-01-02,2021-09-13,901,19,0,0
600069.SH,SH,True,True,,646,2018-01-02,2020-08-27,646,2018-01-02,2020-08-27,646,83,46,0
600070.SH,SH,True,True,,1777,2018-01-02,2025-04-30,1777,2018-01-02,2025-04-30,1777,20,483,0
600071.SH,SH,True,True,,2111,2018-01-02,2026-09-11,2111,2018-01-02,2026-09-11,2111,6,0,0
600072.SH,SH,True,True,,2111,2018-01-02,2026-09-11,2111,2018-01-02,2026-09-11,2111,21,0,0
600073.SH,SH,True,True,,2111,2018-01-02,2026-09-11,2111,2018-01-02,2026-09-11,2111,0,0,0
600074.SH,SH,True,True,,586,2018-01-02,2020-06-02,586,2018-01-02,2020-06-02,586,238,551,0
600075.SH,SH,True,True,,2111,2018-01-02,2026-09-11,2111,2018-01-02,2026-09-11,2111,11,0,0
600076.SH,SH,True,True,,2111,2018-01-02,2026-09-11,2111,2018-01-02,2026-09-11,2111,80,0,0
600077.SH,SH,True,True,,1350,2018-01-02,2023-07-25,1350,2018-01-02,2023-07-25,1350,29,55,0
600078.SH,SH,True,True,,2111,2018-01-02,2026-09-11,2111,2018-01-02,2026-09-11,2111,18,760,0
600079.SH,SH,True,True,,2111,2018-01-02,2026-09-11,2111,2018-01-02,2026-09-11,2111,11,181,0
600080.SH,SH,True,True,,2111,2018-01-02,2026-09-11,2111,2018-01-02,2026-09-11,2111,7,321,0
600081.SH,SH,True,True,,2111,2018-01-02,2026-09-11,2111,2018-01-02,2026-09-11,2111,21,0,0
600082.SH,SH,True,True,,2111,2018-01-02,2026-09-11,2111,2018-01-02,2026-09-11,2111,1,105,0
600083.SH,SH,True,True,,1738,2018-01-02,2025-03-05,1738,2018-01-02,2025-03-05,1738,32,760,0
600084.SH,SH,True,True,,2111,2018-01-02,2026-09-11,2111,2018-01-02,2026-09-11,2111,112,830,0
600085.SH,SH,True,True,,2111,2018-01-02,2026-09-11,2111,2018-01-02,2026-09-11,2111,0,0,0
600086.SH,SH,True,True,,778,2018-01-02,2021-03-17,778,2018-01-02,2021-03-17,778,216,142,0
600088.SH,SH,True,True,,2111,2018-01-02,2026-09-11,2111,2018-01-02,2026-09-11,2111,0,0,0
600089.SH,SH,True,True,,2111,2018-01-02,2026-09-11,2111,2018-01-02,2026-09-11,2111,0,0,0
600090.SH,SH,True,True,,1095,2018-01-02,2022-07-07,1095,2018-01-02,2022-07-07,1095,45,472,0
600091.SH,SH,True,True,,1083,2018-01-02,2022-06-21,1083,2018-01-02,2022-06-21,1083,21,1064,0
600093.SH,SH,True,True,,1085,2018-01-02,2022-06-23,1085,2018-01-02,2022-06-23,1085,72,213,0
600094.SH,SH,True,True,,2111,2018-01-02,2026-09-11,2111,2018-01-02,2026-09-11,2111,0,0,0
600095.SH,SH,True,True,,2111,2018-01-02,2026-09-11,2111,2018-01-02,2026-09-11,2111,21,0,0
600096.SH,SH,True,True,,2111,2018-01-02,2026-09-11,2111,2018-01-02,2026-09-11,2111,0,0,0
600097.SH,SH,True,True,,2111,2018-01-02,2026-09-11,2111,2018-01-02,2026-09-11,2111,0,0,0
600098.SH,SH,True,True,,2111,2018-01-02,2026-09-11,2111,2018-01-02,2026-09-11,2111,0,0,0
600099.SH,SH,True,True,,2111,2018-01-02,2026-09-11,2111,2018-01-02,2026-09-11,2111,0,0,0
600100.SH,SH,True,True,,2111,2018-01-02,2026-09-11,2111,2018-01-02,2026-09-11,2111,0,0,0
600101.SH,SH,True,True,,2111,2018-01-02,2026-09-11,2111,2018-01-02,2026-09-11,2111,0,0,0
600103.SH,SH,True,True,,2111,2018-01-02,2026-09-11,2111,2018-01-02,2026-09-11,2111,0,0,0
600104.SH,SH,True,True,,2111,2018-01-02,2026-09-11,2111,2018-01-02,2026-09-11,2111,0,0,0
600105.SH,SH,True,True,,2111,2018-01-02,2026-09-11,2111,2018-01-02,2026-09-11,2111,0,0,0
600106.SH,SH,True,True,,2111,2018-01-02,2026-09-11,2111,2018-01-02,2026-09-11,2111,0,0,0
600107.SH,SH,True,True,,2111,2018-01-02,2026-09-11,2111,2018-01-02,2026-09-11,2111,2,334,0
600108.SH,SH,True,True,,2111,2018-01-02,2026-09-11,2111,2018-01-02,2026-09-11,2111,0,0,0
600109.SH,SH,True,True,,2111,2018-01-02,2026-09-11,2111,2018-01-02,2026-09-11,2111,10,0,0
600110.SH,SH,True,True,,2111,2018-01-02,2026-09-11,2111,2018-01-02,2026-09-11,2111,8,0,0
600111.SH,SH,True,True,,2111,2018-01-02,2026-09-11,2111,2018-01-02,2026-09-11,2111,0,0,0
600112.SH,SH,True,True,,1608,2018-01-02,2024-08-15,1608,2018-01-02,2024-08-15,1608,95,1351,0
600113.SH,SH,True,True,,2111,2018-01-02,2026-09-11,2111,2018-01-02,2026-09-11,2111,8,0,0
600114.SH,SH,True,True,,2111,2018-01-02,2026-09-11,2111,2018-01-02,2026-09-11,2111,10,0,0
600115.SH,SH,True,True,,2111,2018-01-02,2026-09-11,2111,2018-01-02,2026-09-11,2111,0,0,0
600116.SH,SH,True,True,,2111,2018-01-02,2026-09-11,2111,2018-01-02,2026-09-11,2111,12,0,0
600117.SH,SH,True,True,,2111,2018-01-02,2026-09-11,2111,2018-01-02,2026-09-11,2111,35,293,0
600118.SH,SH,True,True,,2111,2018-01-02,2026-09-11,2111,2018-01-02,2026-09-11,2111,0,0,0
600119.SH,SH,True,True,,2111,2018-01-02,2026-09-11,2111,2018-01-02,2026-09-11,2111,4,589,0
600120.SH,SH,True,True,,2111,2018-01-02,2026-09-11,2111,2018-01-02,2026-09-11,2111,0,0,0
600121.SH,SH,True,True,,2111,2018-01-02,2026-09-11,2111,2018-01-02,2026-09-11,2111,1,65,0
600122.SH,SH,True,True,,1329,2018-01-02,2023-06-26,1329,2018-01-02,2023-06-26,1329,134,763,0
600123.SH,SH,True,True,,2111,2018-01-02,2026-09-11,2111,2018-01-02,2026-09-11,2111,0,0,0
600125.SH,SH,True,True,,2111,2018-01-02,2026-09-11,2111,2018-01-02,2026-09-11,2111,0,0,0
600126.SH,SH,True,True,,2111,2018-01-02,2026-09-11,2111,2018-01-02,2026-09-11,2111,7,0,0
600127.SH,SH,True,True,,2111,2018-01-02,2026-09-11,2111,2018-01-02,2026-09-11,2111,1,0,0
600128.SH,SH,True,True,,2111,2018-01-02,2026-09-11,2111,2018-01-02,2026-09-11,2111,0,0,0
600129.SH,SH,True,True,,2111,2018-01-02,2026-09-11,2111,2018-01-02,2026-09-11,2111,0,0,0
600130.SH,SH,True,True,,2111,2018-01-02,2026-09-11,2111,2018-01-02,2026-09-11,2111,2,242,0
600131.SH,SH,True,True,,2111,2018-01-02,2026-09-11,2111,2018-01-02,2026-09-11,2111,11,0,0
600132.SH,SH,True,True,,2111,2018-01-02,2026-09-11,2111,2018-01-02,2026-09-11,2111,0,0,0
600133.SH,SH,True,True,,2111,2018-01-02,2026-09-11,2111,2018-01-02,2026-09-11,2111,69,0,0
600135.SH,SH,True,True,,2111,2018-01-02,2026-09-11,2111,2018-01-02,2026-09-11,2111,1,0,0
600136.SH,SH,True,True,,2111,2018-01-02,2026-09-11,2111,2018-01-02,2026-09-11,2111,6,1060,0
600137.SH,SH,True,True,,2111,2018-01-02,2026-09-11,2111,2018-01-02,2026-09-11,2111,0,0,0
600138.SH,SH,True,True,,2111,2018-01-02,2026-09-11,2111,2018-01-02,2026-09-11,2111,0,0,0
600139.SH,SH,True,True,,1270,2018-01-02,2023-03-27,1270,2018-01-02,2023-03-27,1270,22,460,0
600141.SH,SH,True,True,,2111,2018-01-02,2026-09-11,2111,2018-01-02,2026-09-11,2111,1,0,0
600143.SH,SH,True,True,,2111,2018-01-02,2026-09-11,2111,2018-01-02,2026-09-11,2111,0,0,0
600145.SH,SH,True,True,,1049,2018-01-02,2022-04-28,1049,2018-01-02,2022-04-28,1049,627,1029,0
600146.SH,SH,True,True,,1090,2018-01-02,2022-06-30,1090,2018-01-02,2022-06-30,1090,77,469,0
600148.SH,SH,True,True,,2111,2018-01-02,2026-09-11,2111,2018-01-02,2026-09-11,2111,93,0,0
600149.SH,SH,True,True,,2111,2018-01-02,2026-09-11,2111,2018-01-02,2026-09-11,2111,2,798,0
600150.SH,SH,True,True,,2111,2018-01-02,2026-09-11,2111,2018-01-02,2026-09-11,2111,78,227,0
600151.SH,SH,True,True,,2111,2018-01-02,2026-09-11,2111,2018-01-02,2026-09-11,2111,0,0,0
600152.SH,SH,True,True,,2111,2018-01-02,2026-09-11,2111,2018-01-02,2026-09-11,2111,0,0,0
600153.SH,SH,True,True,,2111,2018-01-02,2026-09-11,2111,2018-01-02,2026-09-11,2111,0,0,0
600155.SH,SH,True,True,,2111,2018-01-02,2026-09-11,2111,2018-01-02,2026-09-11,2111,0,0,0
600156.SH,SH,True,True,,2111,2018-01-02,2026-09-11,2111,2018-01-02,2026-09-11,2111,10,0,0
600157.SH,SH,True,True,,2111,2018-01-02,2026-09-11,2111,2018-01-02,2026-09-11,2111,180,140,0
600158.SH,SH,True,True,,2111,2018-01-02,2026-09-11,2111,2018-01-02,2026-09-11,2111,76,0,0
600159.SH,SH,True,True,,2111,2018-01-02,2026-09-11,2111,2018-01-02,2026-09-11,2111,0,0,0
600160.SH,SH,True,True,,2111,2018-01-02,2026-09-11,2111,2018-01-02,2026-09-11,2111,10,0,0
600161.SH,SH,True,True,,2111,2018-01-02,2026-09-11,2111,2018-01-02,2026-09-11,2111,0,0,0
600162.SH,SH,True,True,,2111,2018-01-02,2026-09-11,2111,2018-01-02,2026-09-11,2111,8,0,0
600163.SH,SH,True,True,,2111,2018-01-02,2026-09-11,2111,2018-01-02,2026-09-11,2111,11,0,0
600165.SH,SH,True,True,,2111,2018-01-02,2026-09-11,2111,2018-01-02,2026-09-11,2111,104,580,0
600166.SH,SH,True,True,,2111,2018-01-02,2026-09-11,2111,2018-01-02,2026-09-11,2111,0,0,0
600167.SH,SH,True,True,,2111,2018-01-02,2026-09-11,2111,2018-01-02,2026-09-11,2111,4,0,0
600168.SH,SH,True,True,,2111,2018-01-02,2026-09-11,2111,2018-01-02,2026-09-11,2111,10,0,0
600169.SH,SH,True,True,,2111,2018-01-02,2026-09-11,2111,2018-01-02,2026-09-11,2111,1,211,0
600170.SH,SH,True,True,,2111,2018-01-02,2026-09-11,2111,2018-01-02,2026-09-11,2111,0,0,0
600171.SH,SH,True,True,,2111,2018-01-02,2026-09-11,2111,2018-01-02,2026-09-11,2111,0,0,0
600172.SH,SH,True,True,,2111,2018-01-02,2026-09-11,2111,2018-01-02,2026-09-11,2111,5,0,0
600173.SH,SH,True,True,,2111,2018-01-02,2026-09-11,2111,2018-01-02,2026-09-11,2111,0,0,0
600175.SH,SH,True,True,,637,2018-01-02,2020-08-14,637,2018-01-02,2020-08-14,637,83,36,0
600176.SH,SH,True,True,,2111,2018-01-02,2026-09-11,2111,2018-01-02,2026-09-11,2111,10,0,0
600177.SH,SH,True,True,,2111,2018-01-02,2026-09-11,2111,2018-01-02,2026-09-11,2111,0,0,0
600178.SH,SH,True,True,,2111,2018-01-02,2026-09-11,2111,2018-01-02,2026-09-11,2111,0,0,0
600179.SH,SH,True,True,,2111,2018-01-02,2026-09-11,2111,2018-01-02,2026-09-11,2111,45,458,0
600180.SH,SH,True,True,,2111,2018-01-02,2026-09-11,2111,2018-01-02,2026-09-11,2111,1,93,0
600182.SH,SH,True,True,,2111,2018-01-02,2026-09-11,2111,2018-01-02,2026-09-11,2111,20,498,0
600183.SH,SH,True,True,,2111,2018-01-02,2026-09-11,2111,2018-01-02,2026-09-11,2111,0,0,0
600184.SH,SH,True,True,,2111,2018-01-02,2026-09-11,2111,2018-01-02,2026-09-11,2111,0,0,0
600185.SH,SH,True,True,,2111,2018-01-02,2026-09-11,2111,2018-01-02,2026-09-11,2111,15,0,0
600186.SH,SH,True,True,,2111,2018-01-02,2026-09-11,2111,2018-01-02,2026-09-11,2111,4,230,0
600187.SH,SH,True,True,,2111,2018-01-02,2026-09-11,2111,2018-01-02,2026-09-11,2111,55,92,0
600188.SH,SH,True,True,,2111,2018-01-02,2026-09-11,2111,2018-01-02,2026-09-11,2111,0,0,0
600189.SH,SH,True,True,,2111,2018-01-02,2026-09-11,2111,2018-01-02,2026-09-11,2111,63,0,0
600190.SH,SH,True,True,,1834,2018-01-02,2025-07-24,1834,2018-01-02,2025-07-24,1834,63,259,0
600191.SH,SH,True,True,,2111,2018-01-02,2026-09-11,2111,2018-01-02,2026-09-11,2111,3,314,0
600192.SH,SH,True,True,,2111,2018-01-02,2026-09-11,2111,2018-01-02,2026-09-11,2111,0,0,0
600193.SH,SH,True,True,,2061,2018-01-02,2026-07-03,2061,2018-01-02,2026-07-03,2061,34,1028,0
600195.SH,SH,True,True,,2111,2018-01-02,2026-09-11,2111,2018-01-02,2026-09-11,2111,0,0,0
600196.SH,SH,True,True,,2111,2018-01-02,2026-09-11,2111,2018-01-02,2026-09-11,2111,0,0,0
600197.SH,SH,True,True,,2111,2018-01-02,2026-09-11,2111,2018-01-02,2026-09-11,2111,0,0,0
600198.SH,SH,True,True,,2111,2018-01-02,2026-09-11,2111,2018-01-02,2026-09-11,2111,18,476,0
600199.SH,SH,True,True,,2111,2018-01-02,2026-09-11,2111,2018-01-02,2026-09-11,2111,0,0,0
600200.SH,SH,True,True,,1941,2018-01-02,2025-12-30,1941,2018-01-02,2025-12-30,1941,21,148,0
600201.SH,SH,True,True,,2111,2018-01-02,2026-09-11,2111,2018-01-02,2026-09-11,2111,0,0,0
600202.SH,SH,True,True,,2111,2018-01-02,2026-09-11,2111,2018-01-02,2026-09-11,2111,2,228,0
600203.SH,SH,True,True,,2111,2018-01-02,2026-09-11,2111,2018-01-02,2026-09-11,2111,0,0,0
600206.SH,SH,True,True,,2111,2018-01-02,2026-09-11,2111,2018-01-02,2026-09-11,2111,0,0,0
600207.SH,SH,True,True,,2111,2018-01-02,2026-09-11,2111,2018-01-02,2026-09-11,2111,0,0,0
600208.SH,SH,True,True,,2111,2018-01-02,2026-09-11,2111,2018-01-02,2026-09-11,2111,11,0,0
600209.SH,SH,True,True,,1084,2018-01-02,2022-06-22,1084,2018-01-02,2022-06-22,1084,42,991,0
600210.SH,SH,True,True,,2111,2018-01-02,2026-09-11,2111,2018-01-02,2026-09-11,2111,0,0,0
600211.SH,SH,True,True,,2111,2018-01-02,2026-09-11,2111,2018-01-02,2026-09-11,2111,0,0,0
600212.SH,SH,True,True,,2111,2018-01-02,2026-09-11,2111,2018-01-02,2026-09-11,2111,73,213,0
600213.SH,SH,True,True,,1646,2018-01-02,2024-10-17,1646,2018-01-02,2024-10-17,1646,44,110,0
600215.SH,SH,True,True,,2111,2018-01-02,2026-09-11,2111,2018-01-02,2026-09-11,2111,12,245,0
600216.SH,SH,True,True,,2111,2018-01-02,2026-09-11,2111,2018-01-02,2026-09-11,2111,0,0,0
600217.SH,SH,True,True,,2111,2018-01-02,2026-09-11,2111,2018-01-02,2026-09-11,2111,129,0,0
600218.SH,SH,True,True,,2111,2018-01-02,2026-09-11,2111,2018-01-02,2026-09-11,2111,0,0,0
600219.SH,SH,True,True,,2111,2018-01-02,2026-09-11,2111,2018-01-02,2026-09-11,2111,6,0,0
600220.SH,SH,True,True,,1582,2018-01-02,2024-07-10,1582,2018-01-02,2024-07-10,1582,20,47,0
600221.SH,SH,True,True,,2111,2018-01-02,2026-09-11,2111,2018-01-02,2026-09-11,2111,131,395,0
600222.SH,SH,True,True,,2111,2018-01-02,2026-09-11,2111,2018-01-02,2026-09-11,2111,7,0,0
600223.SH,SH,True,True,,2111,2018-01-02,2026-09-11,2111,2018-01-02,2026-09-11,2111,0,0,0
600225.SH,SH,True,True,,1739,2018-01-02,2025-03-06,1739,2018-01-02,2025-03-06,1739,38,636,0
600226.SH,SH,True,True,,2111,2018-01-02,2026-09-11,2111,2018-01-02,2026-09-11,2111,245,693,0
600227.SH,SH,True,True,,2111,2018-01-02,2026-09-11,2111,2018-01-02,2026-09-11,2111,42,0,0
600228.SH,SH,True,True,,2111,2018-01-02,2026-09-11,2111,2018-01-02,2026-09-11,2111,30,1059,0
600229.SH,SH,True,True,,2111,2018-01-02,2026-09-11,2111,2018-01-02,2026-09-11,2111,3,0,0
600230.SH,SH,True,True,,2111,2018-01-02,2026-09-11,2111,2018-01-02,2026-09-11,2111,0,0,0
600231.SH,SH,True,True,,2111,2018-01-02,2026-09-11,2111,2018-01-02,2026-09-11,2111,0,0,0
600232.SH,SH,True,True,,2111,2018-01-02,2026-09-11,2111,2018-01-02,2026-09-11,2111,70,0,0
600233.SH,SH,True,True,,2111,2018-01-02,2026-09-11,2111,2018-01-02,2026-09-11,2111,0,0,0
600234.SH,SH,True,True,,2111,2018-01-02,2026-09-11,2111,2018-01-02,2026-09-11,2111,7,1065,0
600235.SH,SH,True,True,,2111,2018-01-02,2026-09-11,2111,2018-01-02,2026-09-11,2111,0,0,0
600236.SH,SH,True,True,,2111,2018-01-02,2026-09-11,2111,2018-01-02,2026-09-11,2111,0,0,0
600237.SH,SH,True,True,,2111,2018-01-02,2026-09-11,2111,2018-01-02,2026-09-11,2111,0,0,0
600238.SH,SH,True,True,,2111,2018-01-02,2026-09-11,2111,2018-01-02,2026-09-11,2111,15,1052,0
600239.SH,SH,True,True,,2111,2018-01-02,2026-09-11,2111,2018-01-02,2026-09-11,2111,16,584,0
600240.SH,SH,True,True,,506,2018-01-02,2020-02-05,506,2018-01-02,2020-02-05,506,25,152,0
600241.SH,SH,True,True,,2111,2018-01-02,2026-09-11,2111,2018-01-02,2026-09-11,2111,78,750,0
600242.SH,SH,True,True,,1332,2018-01-02,2023-06-29,1332,2018-01-02,2023-06-29,1332,49,708,0
600243.SH,SH,True,True,,2111,2018-01-02,2026-09-11,2111,2018-01-02,2026-09-11,2111,8,592,0
600246.SH,SH,True,True,,2111,2018-01-02,2026-09-11,2111,2018-01-02,2026-09-11,2111,1,0,0
600247.SH,SH,True,True,,781,2018-01-02,2021-03-22,781,2018-01-02,2021-03-22,781,22,780,0
600248.SH,SH,True,True,,2111,2018-01-02,2026-09-11,2111,2018-01-02,2026-09-11,2111,20,0,0
600249.SH,SH,True,True,,2111,2018-01-02,2026-09-11,2111,2018-01-02,2026-09-11,2111,2,0,0
600250.SH,SH,True,True,,2111,2018-01-02,2026-09-11,2111,2018-01-02,2026-09-11,2111,26,0,0
600251.SH,SH,True,True,,2111,2018-01-02,2026-09-11,2111,2018-01-02,2026-09-11,2111,0,0,0
600252.SH,SH,True,True,,2111,2018-01-02,2026-09-11,2111,2018-01-02,2026-09-11,2111,0,0,0
600255.SH,SH,True,True,,2111,2018-01-02,2026-09-11,2111,2018-01-02,2026-09-11,2111,83,210,0
600256.SH,SH,True,True,,2111,2018-01-02,2026-09-11,2111,2018-01-02,2026-09-11,2111,13,0,0
600257.SH,SH,True,True,,2111,2018-01-02,2026-09-11,2111,2018-01-02,2026-09-11,2111,80,0,0
600258.SH,SH,True,True,,2111,2018-01-02,2026-09-11,2111,2018-01-02,2026-09-11,2111,0,0,0
600259.SH,SH,True,True,,2111,2018-01-02,2026-09-11,2111,2018-01-02,2026-09-11,2111,0,0,0
600260.SH,SH,True,True,,1242,2018-01-02,2023-02-15,1242,2018-01-02,2023-02-15,1242,11,360,0
600261.SH,SH,True,True,,2111,2018-01-02,2026-09-11,2111,2018-01-02,2026-09-11,2111,0,0,0
600262.SH,SH,True,True,,2111,2018-01-02,2026-09-11,2111,2018-01-02,2026-09-11,2111,0,0,0
600265.SH,SH,True,True,,2111,2018-01-02,2026-09-11,2111,2018-01-02,2026-09-11,2111,33,1892,0
600266.SH,SH,True,True,,2111,2018-01-02,2026-09-11,2111,2018-01-02,2026-09-11,2111,0,0,0
600267.SH,SH,True,True,,2111,2018-01-02,2026-09-11,2111,2018-01-02,2026-09-11,2111,10,0,0
600268.SH,SH,True,True,,2111,2018-01-02,2026-09-11,2111,2018-01-02,2026-09-11,2111,0,0,0
600269.SH,SH,True,True,,2111,2018-01-02,2026-09-11,2111,2018-01-02,2026-09-11,2111,0,0,0
600270.SH,SH,True,True,,243,2018-01-02,2018-12-28,243,2018-01-02,2018-12-28,243,69,0,0
600271.SH,SH,True,True,,2111,2018-01-02,2026-09-11,2111,2018-01-02,2026-09-11,2111,0,0,0
600272.SH,SH,True,True,,2111,2018-01-02,2026-09-11,2111,2018-01-02,2026-09-11,2111,0,0,0
600273.SH,SH,True,True,,2111,2018-01-02,2026-09-11,2111,2018-01-02,2026-09-11,2111,45,0,0
600275.SH,SH,True,True,,1084,2018-01-02,2022-06-22,1084,2018-01-02,2022-06-22,1084,21,1064,0
600276.SH,SH,True,True,,2111,2018-01-02,2026-09-11,2111,2018-01-02,2026-09-11,2111,0,0,0
600277.SH,SH,True,True,,1588,2018-01-02,2024-07-18,1588,2018-01-02,2024-07-18,1588,40,53,0
600278.SH,SH,True,True,,2111,2018-01-02,2026-09-11,2111,2018-01-02,2026-09-11,2111,11,0,0
600279.SH,SH,True,True,,2111,2018-01-02,2026-09-11,2111,2018-01-02,2026-09-11,2111,11,0,0
600280.SH,SH,True,True,,2111,2018-01-02,2026-09-11,2111,2018-01-02,2026-09-11,2111,2,252,0
600281.SH,SH,True,True,,2111,2018-01-02,2026-09-11,2111,2018-01-02,2026-09-11,2111,0,0,0
600282.SH,SH,True,True,,2111,2018-01-02,2026-09-11,2111,2018-01-02,2026-09-11,2111,9,0,0
600283.SH,SH,True,True,,2111,2018-01-02,2026-09-11,2111,2018-01-02,2026-09-11,2111,8,0,0
600284.SH,SH,True,True,,2111,2018-01-02,2026-09-11,2111,2018-01-02,2026-09-11,2111,1,0,0
600285.SH,SH,True,True,,2111,2018-01-02,2026-09-11,2111,2018-01-02,2026-09-11,2111,0,0,0
600287.SH,SH,True,True,,2111,2018-01-02,2026-09-11,2111,2018-01-02,2026-09-11,2111,2,247,0
600288.SH,SH,True,True,,2111,2018-01-02,2026-09-11,2111,2018-01-02,2026-09-11,2111,0,0,0
600289.SH,SH,True,True,,2111,2018-01-02,2026-09-11,2111,2018-01-02,2026-09-11,2111,54,2111,0
600290.SH,SH,True,True,,1468,2018-01-02,2024-01-16,1468,2018-01-02,2024-01-16,1468,76,984,0
600291.SH,SH,True,True,,1078,2018-01-02,2022-06-14,1078,2018-01-02,2022-06-14,1078,14,249,0
600292.SH,SH,True,True,,2111,2018-01-02,2026-09-11,2111,2018-01-02,2026-09-11,2111,10,0,0
600293.SH,SH,True,True,,2111,2018-01-02,2026-09-11,2111,2018-01-02,2026-09-11,2111,68,0,0
600295.SH,SH,True,True,,2111,2018-01-02,2026-09-11,2111,2018-01-02,2026-09-11,2111,1,0,0
600297.SH,SH,True,True,,1617,2018-01-02,2024-08-28,1617,2018-01-02,2024-08-28,1617,30,0,0
600298.SH,SH,True,True,,2111,2018-01-02,2026-09-11,2111,2018-01-02,2026-09-11,2111,0,0,0
600299.SH,SH,True,True,,2111,2018-01-02,2026-09-11,2111,2018-01-02,2026-09-11,2111,0,0,0
600300.SH,SH,True,True,,2111,2018-01-02,2026-09-11,2111,2018-01-02,2026-09-11,2111,4,231,0
600301.SH,SH,True,True,,2111,2018-01-02,2026-09-11,2111,2018-01-02,2026-09-11,2111,13,1066,0
600302.SH,SH,True,True,,2111,2018-01-02,2026-09-11,2111,2018-01-02,2026-09-11,2111,6,92,0
600303.SH,SH,True,True,,2111,2018-01-02,2026-09-11,2111,2018-01-02,2026-09-11,2111,14,718,0
600305.SH,SH,True,True,,2111,2018-01-02,2026-09-11,2111,2018-01-02,2026-09-11,2111,0,0,0
600306.SH,SH,True,True,,1572,2018-01-02,2024-06-26,1572,2018-01-02,2024-06-26,1572,86,986,0
600307.SH,SH,True,True,,2111,2018-01-02,2026-09-11,2111,2018-01-02,2026-09-11,2111,0,0,0
600308.SH,SH,True,True,,2111,2018-01-02,2026-09-11,2111,2018-01-02,2026-09-11,2111,0,0,0
600309.SH,SH,True,True,,2111,2018-01-02,2026-09-11,2111,2018-01-02,2026-09-11,2111,106,0,0
600310.SH,SH,True,True,,2111,2018-01-02,2026-09-11,2111,2018-01-02,2026-09-11,2111,13,0,0
600311.SH,SH,True,True,,1270,2018-01-02,2023-03-27,1270,2018-01-02,2023-03-27,1270,20,705,0
600312.SH,SH,True,True,,2111,2018-01-02,2026-09-11,2111,2018-01-02,2026-09-11,2111,0,0,0
600313.SH,SH,True,True,,2111,2018-01-02,2026-09-11,2111,2018-01-02,2026-09-11,2111,0,0,0
600315.SH,SH,True,True,,2111,2018-01-02,2026-09-11,2111,2018-01-02,2026-09-11,2111,0,0,0
600316.SH,SH,True,True,,2111,2018-01-02,2026-09-11,2111,2018-01-02,2026-09-11,2111,0,0,0
600317.SH,SH,True,True,,750,2018-01-02,2021-01-29,750,2018-01-02,2021-01-29,750,22,0,0
600318.SH,SH,True,True,,2111,2018-01-02,2026-09-11,2111,2018-01-02,2026-09-11,2111,140,0,0
600319.SH,SH,True,True,,2111,2018-01-02,2026-09-11,2111,2018-01-02,2026-09-11,2111,24,608,0
600320.SH,SH,True,True,,2111,2018-01-02,2026-09-11,2111,2018-01-02,2026-09-11,2111,0,0,0
600321.SH,SH,True,True,,1573,2018-01-02,2024-06-27,1573,2018-01-02,2024-06-27,1573,25,493,0
600322.SH,SH,True,True,,2111,2018-01-02,2026-09-11,2111,2018-01-02,2026-09-11,2111,10,0,0
600323.SH,SH,True,True,,2111,2018-01-02,2026-09-11,2111,2018-01-02,2026-09-11,2111,2,0,0
600325.SH,SH,True,True,,2111,2018-01-02,2026-09-11,2111,2018-01-02,2026-09-11,2111,0,0,0
600326.SH,SH,True,True,,2111,2018-01-02,2026-09-11,2111,2018-01-02,2026-09-11,2111,0,0,0
600327.SH,SH,True,True,,2111,2018-01-02,2026-09-11,2111,2018-01-02,2026-09-11,2111,0,0,0
600328.SH,SH,True,True,,2111,2018-01-02,2026-09-11,2111,2018-01-02,2026-09-11,2111,27,0,0
600329.SH,SH,True,True,,2111,2018-01-02,2026-09-11,2111,2018-01-02,2026-09-11,2111,1,0,0
600330.SH,SH,True,True,,2111,2018-01-02,2026-09-11,2111,2018-01-02,2026-09-11,2111,0,0,0
600331.SH,SH,True,True,,2111,2018-01-02,2026-09-11,2111,2018-01-02,2026-09-11,2111,1,0,0
600332.SH,SH,True,True,,2111,2018-01-02,2026-09-11,2111,2018-01-02,2026-09-11,2111,4,0,0
600333.SH,SH,True,True,,2111,2018-01-02,2026-09-11,2111,2018-01-02,2026-09-11,2111,0,0,0
600335.SH,SH,True,True,,2111,2018-01-02,2026-09-11,2111,2018-01-02,2026-09-11,2111,125,0,0
600336.SH,SH,True,True,,2111,2018-01-02,2026-09-11,2111,2018-01-02,2026-09-11,2111,0,0,0
600337.SH,SH,True,True,,2111,2018-01-02,2026-09-11,2111,2018-01-02,2026-09-11,2111,11,92,0
600338.SH,SH,True,True,,2111,2018-01-02,2026-09-11,2111,2018-01-02,2026-09-11,2111,0,0,0
600339.SH,SH,True,True,,2111,2018-01-02,2026-09-11,2111,2018-01-02,2026-09-11,2111,0,0,0
600340.SH,SH,True,True,,2111,2018-01-02,2026-09-11,2111,2018-01-02,2026-09-11,2111,16,92,0
600343.SH,SH,True,True,,2111,2018-01-02,2026-09-11,2111,2018-01-02,2026-09-11,2111,9,0,0
600345.SH,SH,True,True,,2111,2018-01-02,2026-09-11,2111,2018-01-02,2026-09-11,2111,20,0,0
600346.SH,SH,True,True,,2111,2018-01-02,2026-09-11,2111,2018-01-02,2026-09-11,2111,0,0,0
600348.SH,SH,True,True,,2111,2018-01-02,2026-09-11,2111,2018-01-02,2026-09-11,2111,0,0,0
600350.SH,SH,True,True,,2111,2018-01-02,2026-09-11,2111,2018-01-02,2026-09-11,2111,0,0,0
600351.SH,SH,True,True,,2111,2018-01-02,2026-09-11,2111,2018-01-02,2026-09-11,2111,0,0,0
600352.SH,SH,True,True,,2111,2018-01-02,2026-09-11,2111,2018-01-02,2026-09-11,2111,0,0,0
600353.SH,SH,True,True,,2111,2018-01-02,2026-09-11,2111,2018-01-02,2026-09-11,2111,10,0,0
600354.SH,SH,True,True,,2111,2018-01-02,2026-09-11,2111,2018-01-02,2026-09-11,2111,14,280,0
600355.SH,SH,True,True,,2015,2018-01-02,2026-04-24,2015,2018-01-02,2026-04-24,2015,15,240,0
600356.SH,SH,True,True,,2111,2018-01-02,2026-09-11,2111,2018-01-02,2026-09-11,2111,9,0,0
600358.SH,SH,True,True,,2111,2018-01-02,2026-09-11,2111,2018-01-02,2026-09-11,2111,40,508,0
600359.SH,SH,True,True,,2111,2018-01-02,2026-09-11,2111,2018-01-02,2026-09-11,2111,0,0,0
600360.SH,SH,True,True,,2111,2018-01-02,2026-09-11,2111,2018-01-02,2026-09-11,2111,18,494,0
600361.SH,SH,True,True,,2111,2018-01-02,2026-09-11,2111,2018-01-02,2026-09-11,2111,11,0,0
600362.SH,SH,True,True,,2111,2018-01-02,2026-09-11,2111,2018-01-02,2026-09-11,2111,0,0,0
600363.SH,SH,True,True,,2111,2018-01-02,2026-09-11,2111,2018-01-02,2026-09-11,2111,0,0,0
600365.SH,SH,True,True,,2111,2018-01-02,2026-09-11,2111,2018-01-02,2026-09-11,2111,54,1468,0
600366.SH,SH,True,True,,2111,2018-01-02,2026-09-11,2111,2018-01-02,2026-09-11,2111,1,0,0
600367.SH,SH,True,True,,2111,2018-01-02,2026-09-11,2111,2018-01-02,2026-09-11,2111,0,0,0
600368.SH,SH,True,True,,2111,2018-01-02,2026-09-11,2111,2018-01-02,2026-09-11,2111,0,0,0
600369.SH,SH,True,True,,2111,2018-01-02,2026-09-11,2111,2018-01-02,2026-09-11,2111,0,0,0
600370.SH,SH,True,True,,2111,2018-01-02,2026-09-11,2111,2018-01-02,2026-09-11,2111,13,93,0
600371.SH,SH,True,True,,2111,2018-01-02,2026-09-11,2111,2018-01-02,2026-09-11,2111,0,0,0
600372.SH,SH,True,True,,2111,2018-01-02,2026-09-11,2111,2018-01-02,2026-09-11,2111,18,0,0
600373.SH,SH,True,True,,2111,2018-01-02,2026-09-11,2111,2018-01-02,2026-09-11,2111,3,0,0
600375.SH,SH,True,True,,2111,2018-01-02,2026-09-11,2111,2018-01-02,2026-09-11,2111,15,253,0
600376.SH,SH,True,True,,2111,2018-01-02,2026-09-11,2111,2018-01-02,2026-09-11,2111,0,0,0
600377.SH,SH,True,True,,2111,2018-01-02,2026-09-11,2111,2018-01-02,2026-09-11,2111,0,0,0
600378.SH,SH,True,True,,2111,2018-01-02,2026-09-11,2111,2018-01-02,2026-09-11,2111,66,0,0
600379.SH,SH,True,True,,2111,2018-01-02,2026-09-11,2111,2018-01-02,2026-09-11,2111,0,0,0
600380.SH,SH,True,True,,2111,2018-01-02,2026-09-11,2111,2018-01-02,2026-09-11,2111,6,0,0
600381.SH,SH,True,True,,2111,2018-01-02,2026-09-11,2111,2018-01-02,2026-09-11,2111,2,576,0
600382.SH,SH,True,True,,2111,2018-01-02,2026-09-11,2111,2018-01-02,2026-09-11,2111,3,504,0
600383.SH,SH,True,True,,2111,2018-01-02,2026-09-11,2111,2018-01-02,2026-09-11,2111,0,0,0
600385.SH,SH,True,True,,1095,2018-01-02,2022-07-07,1095,2018-01-02,2022-07-07,1095,34,756,0
600386.SH,SH,True,True,,2111,2018-01-02,2026-09-11,2111,2018-01-02,2026-09-11,2111,0,0,0
600387.SH,SH,True,True,,1824,2018-01-02,2025-07-10,1824,2018-01-02,2025-07-10,1824,37,890,0
600388.SH,SH,True,True,,2111,2018-01-02,2026-09-11,2111,2018-01-02,2026-09-11,2111,6,292,0
600389.SH,SH,True,True,,2111,2018-01-02,2026-09-11,2111,2018-01-02,2026-09-11,2111,11,0,0
600390.SH,SH,True,True,,2111,2018-01-02,2026-09-11,2111,2018-01-02,2026-09-11,2111,0,0,0
600391.SH,SH,True,True,,2111,2018-01-02,2026-09-11,2111,2018-01-02,2026-09-11,2111,0,0,0
600392.SH,SH,True,True,,2111,2018-01-02,2026-09-11,2111,2018-01-02,2026-09-11,2111,0,0,0
600393.SH,SH,True,True,,1345,2018-01-02,2023-07-18,1345,2018-01-02,2023-07-18,1345,95,320,0
600395.SH,SH,True,True,,2111,2018-01-02,2026-09-11,2111,2018-01-02,2026-09-11,2111,0,0,0
600396.SH,SH,True,True,,2111,2018-01-02,2026-09-11,2111,2018-01-02,2026-09-11,2111,4,501,0
600397.SH,SH,True,True,,2111,2018-01-02,2026-09-11,2111,2018-01-02,2026-09-11,2111,2,245,0
600398.SH,SH,True,True,,2111,2018-01-02,2026-09-11,2111,2018-01-02,2026-09-11,2111,5,0,0
600399.SH,SH,True,True,,2111,2018-01-02,2026-09-11,2111,2018-01-02,2026-09-11,2111,204,682,0
600400.SH,SH,True,True,,2111,2018-01-02,2026-09-11,2111,2018-01-02,2026-09-11,2111,0,0,0
600401.SH,SH,True,True,,371,2018-01-02,2019-07-12,371,2018-01-02,2019-07-12,371,316,337,0
600403.SH,SH,True,True,,2111,2018-01-02,2026-09-11,2111,2018-01-02,2026-09-11,2111,3,299,0
600405.SH,SH,True,True,,2111,2018-01-02,2026-09-11,2111,2018-01-02,2026-09-11,2111,5,0,0
600406.SH,SH,True,True,,2111,2018-01-02,2026-09-11,2111,2018-01-02,2026-09-11,2111,0,0,0
600408.SH,SH,True,True,,2111,2018-01-02,2026-09-11,2111,2018-01-02,2026-09-11,2111,3,978,0
600409.SH,SH,True,True,,2111,2018-01-02,2026-09-11,2111,2018-01-02,2026-09-11,2111,0,0,0
600410.SH,SH,True,True,,2111,2018-01-02,2026-09-11,2111,2018-01-02,2026-09-11,2111,0,0,0
600415.SH,SH,True,True,,2111,2018-01-02,2026-09-11,2111,2018-01-02,2026-09-11,2111,0,0,0
600416.SH,SH,True,True,,2111,2018-01-02,2026-09-11,2111,2018-01-02,2026-09-11,2111,2,243,0
600418.SH,SH,True,True,,2111,2018-01-02,2026-09-11,2111,2018-01-02,2026-09-11,2111,0,0,0
600419.SH,SH,True,True,,2111,2018-01-02,2026-09-11,2111,2018-01-02,2026-09-11,2111,7,0,0
600420.SH,SH,True,True,,2111,2018-01-02,2026-09-11,2111,2018-01-02,2026-09-11,2111,0,0,0
600421.SH,SH,True,True,,2055,2018-01-02,2026-06-25,2055,2018-01-02,2026-06-25,2055,71,1093,0
600422.SH,SH,True,True,,2111,2018-01-02,2026-09-11,2111,2018-01-02,2026-09-11,2111,2,0,0
600423.SH,SH,True,True,,2111,2018-01-02,2026-09-11,2111,2018-01-02,2026-09-11,2111,200,914,0
600425.SH,SH,True,True,,2111,2018-01-02,2026-09-11,2111,2018-01-02,2026-09-11,2111,1,78,0
600426.SH,SH,True,True,,2111,2018-01-02,2026-09-11,2111,2018-01-02,2026-09-11,2111,0,0,0
600428.SH,SH,True,True,,2111,2018-01-02,2026-09-11,2111,2018-01-02,2026-09-11,2111,0,0,0
600429.SH,SH,True,True,,2111,2018-01-02,2026-09-11,2111,2018-01-02,2026-09-11,2111,0,0,0
600432.SH,SH,True,True,,129,2018-01-02,2018-07-13,129,2018-01-02,2018-07-13,129,99,97,0
600433.SH,SH,True,True,,2111,2018-01-02,2026-09-11,2111,2018-01-02,2026-09-11,2111,13,0,0
600435.SH,SH,True,True,,2111,2018-01-02,2026-09-11,2111,2018-01-02,2026-09-11,2111,0,0,0
600436.SH,SH,True,True,,2111,2018-01-02,2026-09-11,2111,2018-01-02,2026-09-11,2111,0,0,0
600438.SH,SH,True,True,,2111,2018-01-02,2026-09-11,2111,2018-01-02,2026-09-11,2111,10,0,0
600439.SH,SH,True,True,,2111,2018-01-02,2026-09-11,2111,2018-01-02,2026-09-11,2111,11,30,0
600444.SH,SH,True,True,,2111,2018-01-02,2026-09-11,2111,2018-01-02,2026-09-11,2111,0,0,0
600446.SH,SH,True,True,,2111,2018-01-02,2026-09-11,2111,2018-01-02,2026-09-11,2111,15,0,0
600448.SH,SH,True,True,,2111,2018-01-02,2026-09-11,2111,2018-01-02,2026-09-11,2111,0,0,0
600449.SH,SH,True,True,,2111,2018-01-02,2026-09-11,2111,2018-01-02,2026-09-11,2111,11,0,0
600452.SH,SH,True,True,,2111,2018-01-02,2026-09-11,2111,2018-01-02,2026-09-11,2111,0,0,0
600455.SH,SH,True,True,,2111,2018-01-02,2026-09-11,2111,2018-01-02,2026-09-11,2111,1,0,0
600456.SH,SH,True,True,,2111,2018-01-02,2026-09-11,2111,2018-01-02,2026-09-11,2111,0,0,0
600458.SH,SH,True,True,,2111,2018-01-02,2026-09-11,2111,2018-01-02,2026-09-11,2111,0,0,0
600459.SH,SH,True,True,,2111,2018-01-02,2026-09-11,2111,2018-01-02,2026-09-11,2111,12,0,0
600460.SH,SH,True,True,,2111,2018-01-02,2026-09-11,2111,2018-01-02,2026-09-11,2111,11,0,0
600461.SH,SH,True,True,,2111,2018-01-02,2026-09-11,2111,2018-01-02,2026-09-11,2111,11,0,0
600462.SH,SH,True,True,,1830,2018-01-02,2025-07-18,1830,2018-01-02,2025-07-18,1830,53,1559,0
600463.SH,SH,True,True,,2111,2018-01-02,2026-09-11,2111,2018-01-02,2026-09-11,2111,6,0,0
600466.SH,SH,True,True,,1317,2018-01-02,2023-06-06,1317,2018-01-02,2023-06-06,1317,23,23,0
600467.SH,SH,True,True,,2111,2018-01-02,2026-09-11,2111,2018-01-02,2026-09-11,2111,0,0,0
600468.SH,SH,True,True,,2111,2018-01-02,2026-09-11,2111,2018-01-02,2026-09-11,2111,1,0,0
600469.SH,SH,True,True,,2111,2018-01-02,2026-09-11,2111,2018-01-02,2026-09-11,2111,5,0,0
600470.SH,SH,True,True,,2111,2018-01-02,2026-09-11,2111,2018-01-02,2026-09-11,2111,4,224,0
600475.SH,SH,True,True,,2111,2018-01-02,2026-09-11,2111,2018-01-02,2026-09-11,2111,0,0,0
600476.SH,SH,True,True,,2111,2018-01-02,2026-09-11,2111,2018-01-02,2026-09-11,2111,1,94,0
600477.SH,SH,True,True,,2111,2018-01-02,2026-09-11,2111,2018-01-02,2026-09-11,2111,0,0,0
600478.SH,SH,True,True,,2111,2018-01-02,2026-09-11,2111,2018-01-02,2026-09-11,2111,1,0,0
600479.SH,SH,True,True,,2111,2018-01-02,2026-09-11,2111,2018-01-02,2026-09-11,2111,9,0,0
600480.SH,SH,True,True,,2111,2018-01-02,2026-09-11,2111,2018-01-02,2026-09-11,2111,6,0,0
600481.SH,SH,True,True,,2111,2018-01-02,2026-09-11,2111,2018-01-02,2026-09-11,2111,0,0,0
600482.SH,SH,True,True,,2111,2018-01-02,2026-09-11,2111,2018-01-02,2026-09-11,2111,21,0,0
600483.SH,SH,True,True,,2111,2018-01-02,2026-09-11,2111,2018-01-02,2026-09-11,2111,9,0,0
600485.SH,SH,True,True,,828,2018-01-02,2021-06-01,828,2018-01-02,2021-06-01,828,640,506,0
600486.SH,SH,True,True,,2111,2018-01-02,2026-09-11,2111,2018-01-02,2026-09-11,2111,5,0,0
600487.SH,SH,True,True,,2111,2018-01-02,2026-09-11,2111,2018-01-02,2026-09-11,2111,11,0,0
600488.SH,SH,True,True,,2111,2018-01-02,2026-09-11,2111,2018-01-02,2026-09-11,2111,1,0,0
600489.SH,SH,True,True,,2111,2018-01-02,2026-09-11,2111,2018-01-02,2026-09-11,2111,11,0,0
600490.SH,SH,True,True,,2111,2018-01-02,2026-09-11,2111,2018-01-02,2026-09-11,2111,114,0,0
600491.SH,SH,True,True,,2111,2018-01-02,2026-09-11,2111,2018-01-02,2026-09-11,2111,12,92,0
600493.SH,SH,True,True,,2111,2018-01-02,2026-09-11,2111,2018-01-02,2026-09-11,2111,0,0,0
600495.SH,SH,True,True,,2111,2018-01-02,2026-09-11,2111,2018-01-02,2026-09-11,2111,0,0,0
600496.SH,SH,True,True,,2111,2018-01-02,2026-09-11,2111,2018-01-02,2026-09-11,2111,1,0,0
600497.SH,SH,True,True,,2111,2018-01-02,2026-09-11,2111,2018-01-02,2026-09-11,2111,10,0,0
600498.SH,SH,True,True,,2111,2018-01-02,2026-09-11,2111,2018-01-02,2026-09-11,2111,0,0,0
600499.SH,SH,True,True,,2111,2018-01-02,2026-09-11,2111,2018-01-02,2026-09-11,2111,10,0,0
600500.SH,SH,True,True,,2111,2018-01-02,2026-09-11,2111,2018-01-02,2026-09-11,2111,9,0,0
600501.SH,SH,True,True,,2111,2018-01-02,2026-09-11,2111,2018-01-02,2026-09-11,2111,0,0,0
600502.SH,SH,True,True,,2111,2018-01-02,2026-09-11,2111,2018-01-02,2026-09-11,2111,0,0,0
600503.SH,SH,True,True,,2111,2018-01-02,2026-09-11,2111,2018-01-02,2026-09-11,2111,0,0,0
600505.SH,SH,True,True,,2111,2018-01-02,2026-09-11,2111,2018-01-02,2026-09-11,2111,0,0,0
600506.SH,SH,True,True,,2111,2018-01-02,2026-09-11,2111,2018-01-02,2026-09-11,2111,68,247,0
600507.SH,SH,True,True,,2111,2018-01-02,2026-09-11,2111,2018-01-02,2026-09-11,2111,0,0,0
600508.SH,SH,True,True,,2111,2018-01-02,2026-09-11,2111,2018-01-02,2026-09-11,2111,0,0,0
600509.SH,SH,True,True,,2111,2018-01-02,2026-09-11,2111,2018-01-02,2026-09-11,2111,0,0,0
600510.SH,SH,True,True,,2111,2018-01-02,2026-09-11,2111,2018-01-02,2026-09-11,2111,10,0,0
600511.SH,SH,True,True,,2111,2018-01-02,2026-09-11,2111,2018-01-02,2026-09-11,2111,0,0,0
600512.SH,SH,True,True,,2111,2018-01-02,2026-09-11,2111,2018-01-02,2026-09-11,2111,36,0,0
600513.SH,SH,True,True,,2111,2018-01-02,2026-09-11,2111,2018-01-02,2026-09-11,2111,0,0,0
600515.SH,SH,True,True,,2111,2018-01-02,2026-09-11,2111,2018-01-02,2026-09-11,2111,139,400,0
600516.SH,SH,True,True,,2111,2018-01-02,2026-09-11,2111,2018-01-02,2026-09-11,2111,0,0,0
600517.SH,SH,True,True,,2111,2018-01-02,2026-09-11,2111,2018-01-02,2026-09-11,2111,11,0,0
600518.SH,SH,True,True,,2111,2018-01-02,2026-09-11,2111,2018-01-02,2026-09-11,2111,35,1244,0
600519.SH,SH,True,True,,2111,2018-01-02,2026-09-11,2111,2018-01-02,2026-09-11,2111,0,0,0
600520.SH,SH,True,True,,2111,2018-01-02,2026-09-11,2111,2018-01-02,2026-09-11,2111,5,0,0
600521.SH,SH,True,True,,2111,2018-01-02,2026-09-11,2111,2018-01-02,2026-09-11,2111,0,0,0
600522.SH,SH,True,True,,2111,2018-01-02,2026-09-11,2111,2018-01-02,2026-09-11,2111,0,0,0
600523.SH,SH,True,True,,2111,2018-01-02,2026-09-11,2111,2018-01-02,2026-09-11,2111,0,0,0
600525.SH,SH,True,True,,2111,2018-01-02,2026-09-11,2111,2018-01-02,2026-09-11,2111,14,322,0
600526.SH,SH,True,True,,2111,2018-01-02,2026-09-11,2111,2018-01-02,2026-09-11,2111,23,241,0
600527.SH,SH,True,True,,2111,2018-01-02,2026-09-11,2111,2018-01-02,2026-09-11,2111,0,0,0
600528.SH,SH,True,True,,2111,2018-01-02,2026-09-11,2111,2018-01-02,2026-09-11,2111,0,0,0
600529.SH,SH,True,True,,2111,2018-01-02,2026-09-11,2111,2018-01-02,2026-09-11,2111,0,0,0
600530.SH,SH,True,True,,2111,2018-01-02,2026-09-11,2111,2018-01-02,2026-09-11,2111,52,513,0
600531.SH,SH,True,True,,2111,2018-01-02,2026-09-11,2111,2018-01-02,2026-09-11,2111,0,0,0
600532.SH,SH,True,True,,1331,2018-01-02,2023-06-28,1331,2018-01-02,2023-06-28,1331,77,221,0
600533.SH,SH,True,True,,2111,2018-01-02,2026-09-11,2111,2018-01-02,2026-09-11,2111,0,0,0
600535.SH,SH,True,True,,2111,2018-01-02,2026-09-11,2111,2018-01-02,2026-09-11,2111,2,0,0
600536.SH,SH,True,True,,2111,2018-01-02,2026-09-11,2111,2018-01-02,2026-09-11,2111,2,0,0
600537.SH,SH,True,True,,2111,2018-01-02,2026-09-11,2111,2018-01-02,2026-09-11,2111,1,94,0
600538.SH,SH,True,True,,2111,2018-01-02,2026-09-11,2111,2018-01-02,2026-09-11,2111,11,0,0
600539.SH,SH,True,True,,2111,2018-01-02,2026-09-11,2111,2018-01-02,2026-09-11,2111,82,744,0
600540.SH,SH,True,True,,2111,2018-01-02,2026-09-11,2111,2018-01-02,2026-09-11,2111,3,62,0
600543.SH,SH,True,True,,2111,2018-01-02,2026-09-11,2111,2018-01-02,2026-09-11,2111,3,382,0
600545.SH,SH,True,True,,2111,2018-01-02,2026-09-11,2111,2018-01-02,2026-09-11,2111,0,0,0
600546.SH,SH,True,True,,2111,2018-01-02,2026-09-11,2111,2018-01-02,2026-09-11,2111,45,0,0
600547.SH,SH,True,True,,2111,2018-01-02,2026-09-11,2111,2018-01-02,2026-09-11,2111,1,0,0
600548.SH,SH,True,True,,2111,2018-01-02,2026-09-11,2111,2018-01-02,2026-09-11,2111,0,0,0
600549.SH,SH,True,True,,2111,2018-01-02,2026-09-11,2111,2018-01-02,2026-09-11,2111,0,0,0
600550.SH,SH,True,True,,2111,2018-01-02,2026-09-11,2111,2018-01-02,2026-09-11,2111,0,0,0
600551.SH,SH,True,True,,2111,2018-01-02,2026-09-11,2111,2018-01-02,2026-09-11,2111,0,0,0
600552.SH,SH,True,True,,2111,2018-01-02,2026-09-11,2111,2018-01-02,2026-09-11,2111,0,0,0
600555.SH,SH,True,True,,1099,2018-01-02,2022-07-13,1099,2018-01-02,2022-07-13,1099,35,513,0
600556.SH,SH,True,True,,2111,2018-01-02,2026-09-11,2111,2018-01-02,2026-09-11,2111,3,558,0
600557.SH,SH,True,True,,2111,2018-01-02,2026-09-11,2111,2018-01-02,2026-09-11,2111,0,0,0
600558.SH,SH,True,True,,2111,2018-01-02,2026-09-11,2111,2018-01-02,2026-09-11,2111,0,0,0
600559.SH,SH,True,True,,2111,2018-01-02,2026-09-11,2111,2018-01-02,2026-09-11,2111,5,0,0
600560.SH,SH,True,True,,2111,2018-01-02,2026-09-11,2111,2018-01-02,2026-09-11,2111,0,0,0
600561.SH,SH,True,True,,2111,2018-01-02,2026-09-11,2111,2018-01-02,2026-09-11,2111,0,0,0
600562.SH,SH,True,True,,2111,2018-01-02,2026-09-11,2111,2018-01-02,2026-09-11,2111,1,0,0
600563.SH,SH,True,True,,2111,2018-01-02,2026-09-11,2111,2018-01-02,2026-09-11,2111,0,0,0
600565.SH,SH,True,True,,1602,2018-01-02,2024-08-07,1602,2018-01-02,2024-08-07,1602,34,67,0
600566.SH,SH,True,True,,2111,2018-01-02,2026-09-11,2111,2018-01-02,2026-09-11,2111,1,0,0
600567.SH,SH,True,True,,2111,2018-01-02,2026-09-11,2111,2018-01-02,2026-09-11,2111,0,0,0
600568.SH,SH,True,True,,2111,2018-01-02,2026-09-11,2111,2018-01-02,2026-09-11,2111,93,1526,0
600569.SH,SH,True,True,,2111,2018-01-02,2026-09-11,2111,2018-01-02,2026-09-11,2111,6,0,0
600570.SH,SH,True,True,,2111,2018-01-02,2026-09-11,2111,2018-01-02,2026-09-11,2111,0,0,0
600571.SH,SH,True,True,,2111,2018-01-02,2026-09-11,2111,2018-01-02,2026-09-11,2111,0,0,0
600572.SH,SH,True,True,,2111,2018-01-02,2026-09-11,2111,2018-01-02,2026-09-11,2111,1,0,0
600573.SH,SH,True,True,,2111,2018-01-02,2026-09-11,2111,2018-01-02,2026-09-11,2111,0,0,0
600575.SH,SH,True,True,,2111,2018-01-02,2026-09-11,2111,2018-01-02,2026-09-11,2111,35,0,0
600576.SH,SH,True,True,,2111,2018-01-02,2026-09-11,2111,2018-01-02,2026-09-11,2111,11,0,0
600577.SH,SH,True,True,,2111,2018-01-02,2026-09-11,2111,2018-01-02,2026-09-11,2111,0,0,0
600578.SH,SH,True,True,,2111,2018-01-02,2026-09-11,2111,2018-01-02,2026-09-11,2111,0,0,0
600579.SH,SH,True,True,,2111,2018-01-02,2026-09-11,2111,2018-01-02,2026-09-11,2111,18,0,0
600580.SH,SH,True,True,,2111,2018-01-02,2026-09-11,2111,2018-01-02,2026-09-11,2111,0,0,0
600581.SH,SH,True,True,,2111,2018-01-02,2026-09-11,2111,2018-01-02,2026-09-11,2111,4,114,0
600582.SH,SH,True,True,,2111,2018-01-02,2026-09-11,2111,2018-01-02,2026-09-11,2111,0,0,0
600583.SH,SH,True,True,,2111,2018-01-02,2026-09-11,2111,2018-01-02,2026-09-11,2111,0,0,0
600584.SH,SH,True,True,,2111,2018-01-02,2026-09-11,2111,2018-01-02,2026-09-11,2111,5,0,0
600585.SH,SH,True,True,,2111,2018-01-02,2026-09-11,2111,2018-01-02,2026-09-11,2111,0,0,0
600586.SH,SH,True,True,,2111,2018-01-02,2026-09-11,2111,2018-01-02,2026-09-11,2111,0,0,0
600587.SH,SH,True,True,,2111,2018-01-02,2026-09-11,2111,2018-01-02,2026-09-11,2111,0,0,0
600588.SH,SH,True,True,,2111,2018-01-02,2026-09-11,2111,2018-01-02,2026-09-11,2111,0,0,0
600589.SH,SH,True,True,,2111,2018-01-02,2026-09-11,2111,2018-01-02,2026-09-11,2111,39,754,0
600590.SH,SH,True,True,,2111,2018-01-02,2026-09-11,2111,2018-01-02,2026-09-11,2111,10,0,0
600592.SH,SH,True,True,,2111,2018-01-02,2026-09-11,2111,2018-01-02,2026-09-11,2111,0,0,0
600593.SH,SH,True,True,,2111,2018-01-02,2026-09-11,2111,2018-01-02,2026-09-11,2111,12,198,0
600594.SH,SH,True,True,,2111,2018-01-02,2026-09-11,2111,2018-01-02,2026-09-11,2111,0,0,0
600595.SH,SH,True,True,,2111,2018-01-02,2026-09-11,2111,2018-01-02,2026-09-11,2111,5,739,0
600596.SH,SH,True,True,,2111,2018-01-02,2026-09-11,2111,2018-01-02,2026-09-11,2111,8,0,0
600597.SH,SH,True,True,,2111,2018-01-02,2026-09-11,2111,2018-01-02,2026-09-11,2111,0,0,0
600598.SH,SH,True,True,,2111,2018-01-02,2026-09-11,2111,2018-01-02,2026-09-11,2111,0,0,0
600599.SH,SH,True,True,,2055,2018-01-02,2026-06-25,2055,2018-01-02,2026-06-25,2055,30,1445,0
600600.SH,SH,True,True,,2111,2018-01-02,2026-09-11,2111,2018-01-02,2026-09-11,2111,0,0,0
600601.SH,SH,True,True,,2111,2018-01-02,2026-09-11,2111,2018-01-02,2026-09-11,2111,4,514,0
600602.SH,SH,True,True,,2111,2018-01-02,2026-09-11,2111,2018-01-02,2026-09-11,2111,0,0,0
600603.SH,SH,True,True,,2111,2018-01-02,2026-09-11,2111,2018-01-02,2026-09-11,2111,2,276,0
600604.SH,SH,True,True,,2111,2018-01-02,2026-09-11,2111,2018-01-02,2026-09-11,2111,0,0,0
600605.SH,SH,True,True,,2111,2018-01-02,2026-09-11,2111,2018-01-02,2026-09-11,2111,6,0,0
600606.SH,SH,True,True,,2111,2018-01-02,2026-09-11,2111,2018-01-02,2026-09-11,2111,5,0,0
600608.SH,SH,True,True,,2060,2018-01-02,2026-07-02,2060,2018-01-02,2026-07-02,2060,29,2042,0
600609.SH,SH,True,True,,2111,2018-01-02,2026-09-11,2111,2018-01-02,2026-09-11,2111,0,0,0
600610.SH,SH,True,True,,2111,2018-01-02,2026-09-11,2111,2018-01-02,2026-09-11,2111,368,699,0
600611.SH,SH,True,True,,2111,2018-01-02,2026-09-11,2111,2018-01-02,2026-09-11,2111,0,0,0
600612.SH,SH,True,True,,2111,2018-01-02,2026-09-11,2111,2018-01-02,2026-09-11,2111,0,0,0
600613.SH,SH,True,True,,2111,2018-01-02,2026-09-11,2111,2018-01-02,2026-09-11,2111,0,0,0
600614.SH,SH,True,True,,863,2018-01-02,2021-07-21,863,2018-01-02,2021-07-21,863,309,508,0
600615.SH,SH,True,True,,2111,2018-01-02,2026-09-11,2111,2018-01-02,2026-09-11,2111,15,424,0
600616.SH,SH,True,True,,2111,2018-01-02,2026-09-11,2111,2018-01-02,2026-09-11,2111,0,0,0
600617.SH,SH,True,True,,2111,2018-01-02,2026-09-11,2111,2018-01-02,2026-09-11,2111,0,0,0
600618.SH,SH,True,True,,2111,2018-01-02,2026-09-11,2111,2018-01-02,2026-09-11,2111,0,0,0
600619.SH,SH,True,True,,2111,2018-01-02,2026-09-11,2111,2018-01-02,2026-09-11,2111,0,0,0
600620.SH,SH,True,True,,2111,2018-01-02,2026-09-11,2111,2018-01-02,2026-09-11,2111,0,0,0
600621.SH,SH,True,True,,2111,2018-01-02,2026-09-11,2111,2018-01-02,2026-09-11,2111,0,0,0
600622.SH,SH,True,True,,2111,2018-01-02,2026-09-11,2111,2018-01-02,2026-09-11,2111,0,0,0
600623.SH,SH,True,True,,2111,2018-01-02,2026-09-11,2111,2018-01-02,2026-09-11,2111,0,0,0
600624.SH,SH,True,True,,2111,2018-01-02,2026-09-11,2111,2018-01-02,2026-09-11,2111,1,235,0
600626.SH,SH,True,True,,2111,2018-01-02,2026-09-11,2111,2018-01-02,2026-09-11,2111,0,0,0
600628.SH,SH,True,True,,2111,2018-01-02,2026-09-11,2111,2018-01-02,2026-09-11,2111,0,0,0
600629.SH,SH,True,True,,2111,2018-01-02,2026-09-11,2111,2018-01-02,2026-09-11,2111,0,0,0
600630.SH,SH,True,True,,2111,2018-01-02,2026-09-11,2111,2018-01-02,2026-09-11,2111,0,0,0
600633.SH,SH,True,True,,2111,2018-01-02,2026-09-11,2111,2018-01-02,2026-09-11,2111,0,0,0
600634.SH,SH,True,True,,863,2018-01-02,2021-07-21,863,2018-01-02,2021-07-21,863,176,750,0
600635.SH,SH,True,True,,2111,2018-01-02,2026-09-11,2111,2018-01-02,2026-09-11,2111,0,0,0
600636.SH,SH,True,True,,2056,2018-01-02,2026-06-26,2056,2018-01-02,2026-06-26,2056,25,339,0
600637.SH,SH,True,True,,2111,2018-01-02,2026-09-11,2111,2018-01-02,2026-09-11,2111,0,0,0
600638.SH,SH,True,True,,2111,2018-01-02,2026-09-11,2111,2018-01-02,2026-09-11,2111,0,0,0
600639.SH,SH,True,True,,2111,2018-01-02,2026-09-11,2111,2018-01-02,2026-09-11,2111,0,0,0
600640.SH,SH,True,True,,2111,2018-01-02,2026-09-11,2111,2018-01-02,2026-09-11,2111,0,0,0
600641.SH,SH,True,True,,2111,2018-01-02,2026-09-11,2111,2018-01-02,2026-09-11,2111,80,0,0
600642.SH,SH,True,True,,2111,2018-01-02,2026-09-11,2111,2018-01-02,2026-09-11,2111,0,0,0
600643.SH,SH,True,True,,2111,2018-01-02,2026-09-11,2111,2018-01-02,2026-09-11,2111,1,0,0
600644.SH,SH,True,True,,2111,2018-01-02,2026-09-11,2111,2018-01-02,2026-09-11,2111,0,0,0
600645.SH,SH,True,True,,2111,2018-01-02,2026-09-11,2111,2018-01-02,2026-09-11,2111,18,0,0
600647.SH,SH,True,True,,1577,2018-01-02,2024-07-03,1577,2018-01-02,2024-07-03,1577,66,263,0
600648.SH,SH,True,True,,2111,2018-01-02,2026-09-11,2111,2018-01-02,2026-09-11,2111,0,0,0
600649.SH,SH,True,True,,2111,2018-01-02,2026-09-11,2111,2018-01-02,2026-09-11,2111,0,0,0
600650.SH,SH,True,True,,2111,2018-01-02,2026-09-11,2111,2018-01-02,2026-09-11,2111,0,0,0
600651.SH,SH,True,True,,2111,2018-01-02,2026-09-11,2111,2018-01-02,2026-09-11,2111,16,232,0
600652.SH,SH,True,True,,1083,2018-01-02,2022-06-21,1083,2018-01-02,2022-06-21,1083,24,742,0
600653.SH,SH,True,True,,2111,2018-01-02,2026-09-11,2111,2018-01-02,2026-09-11,2111,5,0,0
600654.SH,SH,True,True,,2111,2018-01-02,2026-09-11,2111,2018-01-02,2026-09-11,2111,7,1571,0
600655.SH,SH,True,True,,2111,2018-01-02,2026-09-11,2111,2018-01-02,2026-09-11,2111,5,0,0
600657.SH,SH,True,True,,2111,2018-01-02,2026-09-11,2111,2018-01-02,2026-09-11,2111,5,0,0
600658.SH,SH,True,True,,2111,2018-01-02,2026-09-11,2111,2018-01-02,2026-09-11,2111,0,0,0
600660.SH,SH,True,True,,2111,2018-01-02,2026-09-11,2111,2018-01-02,2026-09-11,2111,0,0,0
600661.SH,SH,True,True,,2111,2018-01-02,2026-09-11,2111,2018-01-02,2026-09-11,2111,0,0,0
600662.SH,SH,True,True,,2111,2018-01-02,2026-09-11,2111,2018-01-02,2026-09-11,2111,11,0,0
600663.SH,SH,True,True,,2111,2018-01-02,2026-09-11,2111,2018-01-02,2026-09-11,2111,10,0,0
600664.SH,SH,True,True,,2111,2018-01-02,2026-09-11,2111,2018-01-02,2026-09-11,2111,36,0,0
600665.SH,SH,True,True,,2111,2018-01-02,2026-09-11,2111,2018-01-02,2026-09-11,2111,0,0,0
600666.SH,SH,True,True,,2111,2018-01-02,2026-09-11,2111,2018-01-02,2026-09-11,2111,88,1290,0
600667.SH,SH,True,True,,2111,2018-01-02,2026-09-11,2111,2018-01-02,2026-09-11,2111,0,0,0
600668.SH,SH,True,True,,2111,2018-01-02,2026-09-11,2111,2018-01-02,2026-09-11,2111,0,0,0
600671.SH,SH,True,True,,2111,2018-01-02,2026-09-11,2111,2018-01-02,2026-09-11,2111,6,1193,0
600673.SH,SH,True,True,,2111,2018-01-02,2026-09-11,2111,2018-01-02,2026-09-11,2111,30,0,0
600674.SH,SH,True,True,,2111,2018-01-02,2026-09-11,2111,2018-01-02,2026-09-11,2111,0,0,0
600675.SH,SH,True,True,,2111,2018-01-02,2026-09-11,2111,2018-01-02,2026-09-11,2111,0,0,0
600676.SH,SH,True,True,,2111,2018-01-02,2026-09-11,2111,2018-01-02,2026-09-11,2111,0,0,0
600677.SH,SH,True,True,,779,2018-01-02,2021-03-18,779,2018-01-02,2021-03-18,779,215,277,0
600678.SH,SH,True,True,,2111,2018-01-02,2026-09-11,2111,2018-01-02,2026-09-11,2111,107,93,0
600679.SH,SH,True,True,,2111,2018-01-02,2026-09-11,2111,2018-01-02,2026-09-11,2111,10,0,0
600680.SH,SH,True,True,,337,2018-01-02,2019-05-24,337,2018-01-02,2019-05-24,337,260,336,0
600681.SH,SH,True,True,,2111,2018-01-02,2026-09-11,2111,2018-01-02,2026-09-11,2111,0,0,0
600682.SH,SH,True,True,,2111,2018-01-02,2026-09-11,2111,2018-01-02,2026-09-11,2111,83,0,0
600683.SH,SH,True,True,,2111,2018-01-02,2026-09-11,2111,2018-01-02,2026-09-11,2111,0,0,0
600684.SH,SH,True,True,,2111,2018-01-02,2026-09-11,2111,2018-01-02,2026-09-11,2111,0,0,0
600685.SH,SH,True,True,,2111,2018-01-02,2026-09-11,2111,2018-01-02,2026-09-11,2111,61,0,0
600686.SH,SH,True,True,,2111,2018-01-02,2026-09-11,2111,2018-01-02,2026-09-11,2111,11,0,0
600687.SH,SH,True,True,,768,2018-01-02,2021-03-03,768,2018-01-02,2021-03-03,768,68,424,0
600688.SH,SH,True,True,,2111,2018-01-02,2026-09-11,2111,2018-01-02,2026-09-11,2111,0,0,0
600689.SH,SH,True,True,,2111,2018-01-02,2026-09-11,2111,2018-01-02,2026-09-11,2111,2,0,0
600690.SH,SH,True,True,,2111,2018-01-02,2026-09-11,2111,2018-01-02,2026-09-11,2111,2,0,0
600691.SH,SH,True,True,,2111,2018-01-02,2026-09-11,2111,2018-01-02,2026-09-11,2111,0,0,0
600692.SH,SH,True,True,,2111,2018-01-02,2026-09-11,2111,2018-01-02,2026-09-11,2111,0,0,0
600693.SH,SH,True,True,,2111,2018-01-02,2026-09-11,2111,2018-01-02,2026-09-11,2111,1,0,0
600694.SH,SH,True,True,,2111,2018-01-02,2026-09-11,2111,2018-01-02,2026-09-11,2111,0,0,0
600695.SH,SH,True,True,,1078,2018-01-02,2022-06-14,1078,2018-01-02,2022-06-14,1078,53,257,0
600696.SH,SH,True,True,,2056,2018-01-02,2026-06-26,2056,2018-01-02,2026-06-26,2056,27,1104,0
600697.SH,SH,True,True,,2111,2018-01-02,2026-09-11,2111,2018-01-02,2026-09-11,2111,0,0,0
600698.SH,SH,True,True,,2111,2018-01-02,2026-09-11,2111,2018-01-02,2026-09-11,2111,3,530,0
600699.SH,SH,True,True,,2111,2018-01-02,2026-09-11,2111,2018-01-02,2026-09-11,2111,0,0,0
600701.SH,SH,True,True,,809,2018-01-02,2021-04-30,809,2018-01-02,2021-04-30,809,322,697,0
600702.SH,SH,True,True,,2111,2018-01-02,2026-09-11,2111,2018-01-02,2026-09-11,2111,2,155,0
600703.SH,SH,True,True,,2111,2018-01-02,2026-09-11,2111,2018-01-02,2026-09-11,2111,0,0,0
600704.SH,SH,True,True,,2111,2018-01-02,2026-09-11,2111,2018-01-02,2026-09-11,2111,0,0,0
600705.SH,SH,True,True,,1792,2018-01-02,2025-05-26,1792,2018-01-02,2025-05-26,1792,35,0,0
600706.SH,SH,True,True,,2111,2018-01-02,2026-09-11,2111,2018-01-02,2026-09-11,2111,0,0,0
600707.SH,SH,True,True,,2111,2018-01-02,2026-09-11,2111,2018-01-02,2026-09-11,2111,1,0,0
600708.SH,SH,True,True,,2111,2018-01-02,2026-09-11,2111,2018-01-02,2026-09-11,2111,0,0,0
600710.SH,SH,True,True,,2111,2018-01-02,2026-09-11,2111,2018-01-02,2026-09-11,2111,6,56,0
600711.SH,SH,True,True,,2111,2018-01-02,2026-09-11,2111,2018-01-02,2026-09-11,2111,47,251,0
600712.SH,SH,True,True,,2111,2018-01-02,2026-09-11,2111,2018-01-02,2026-09-11,2111,0,0,0
600713.SH,SH,True,True,,2111,2018-01-02,2026-09-11,2111,2018-01-02,2026-09-11,2111,1,0,0
600714.SH,SH,True,True,,2111,2018-01-02,2026-09-11,2111,2018-01-02,2026-09-11,2111,0,0,0
600715.SH,SH,True,True,,2111,2018-01-02,2026-09-11,2111,2018-01-02,2026-09-11,2111,30,244,0
600716.SH,SH,True,True,,2111,2018-01-02,2026-09-11,2111,2018-01-02,2026-09-11,2111,0,0,0
600717.SH,SH,True,True,,2111,2018-01-02,2026-09-11,2111,2018-01-02,2026-09-11,2111,9,0,0
600718.SH,SH,True,True,,2111,2018-01-02,2026-09-11,2111,2018-01-02,2026-09-11,2111,10,0,0
600719.SH,SH,True,True,,2111,2018-01-02,2026-09-11,2111,2018-01-02,2026-09-11,2111,20,224,0
600720.SH,SH,True,True,,2111,2018-01-02,2026-09-11,2111,2018-01-02,2026-09-11,2111,10,0,0
600721.SH,SH,True,True,,2111,2018-01-02,2026-09-11,2111,2018-01-02,2026-09-11,2111,14,729,0
600722.SH,SH,True,True,,2111,2018-01-02,2026-09-11,2111,2018-01-02,2026-09-11,2111,0,0,0
600723.SH,SH,True,True,,923,2018-01-02,2021-10-22,923,2018-01-02,2021-10-22,923,31,0,0
600724.SH,SH,True,True,,2111,2018-01-02,2026-09-11,2111,2018-01-02,2026-09-11,2111,80,0,0
600725.SH,SH,True,True,,2111,2018-01-02,2026-09-11,2111,2018-01-02,2026-09-11,2111,11,827,0
600726.SH,SH,True,True,,2111,2018-01-02,2026-09-11,2111,2018-01-02,2026-09-11,2111,11,517,0
600727.SH,SH,True,True,,2111,2018-01-02,2026-09-11,2111,2018-01-02,2026-09-11,2111,16,0,0
600728.SH,SH,True,True,,2111,2018-01-02,2026-09-11,2111,2018-01-02,2026-09-11,2111,0,0,0
600729.SH,SH,True,True,,2111,2018-01-02,2026-09-11,2111,2018-01-02,2026-09-11,2111,23,0,0
600730.SH,SH,True,True,,2111,2018-01-02,2026-09-11,2111,2018-01-02,2026-09-11,2111,6,95,0
600731.SH,SH,True,True,,2111,2018-01-02,2026-09-11,2111,2018-01-02,2026-09-11,2111,0,0,0
600732.SH,SH,True,True,,2111,2018-01-02,2026-09-11,2111,2018-01-02,2026-09-11,2111,4,526,0
600733.SH,SH,True,True,,2111,2018-01-02,2026-09-11,2111,2018-01-02,2026-09-11,2111,180,163,0
600734.SH,SH,True,True,,2111,2018-01-02,2026-09-11,2111,2018-01-02,2026-09-11,2111,149,1058,0
600735.SH,SH,True,True,,2111,2018-01-02,2026-09-11,2111,2018-01-02,2026-09-11,2111,98,230,0
600736.SH,SH,True,True,,2111,2018-01-02,2026-09-11,2111,2018-01-02,2026-09-11,2111,0,0,0
600737.SH,SH,True,True,,2111,2018-01-02,2026-09-11,2111,2018-01-02,2026-09-11,2111,0,0,0
600738.SH,SH,True,True,,2111,2018-01-02,2026-09-11,2111,2018-01-02,2026-09-11,2111,3,0,0
600739.SH,SH,True,True,,2111,2018-01-02,2026-09-11,2111,2018-01-02,2026-09-11,2111,0,0,0
600740.SH,SH,True,True,,2111,2018-01-02,2026-09-11,2111,2018-01-02,2026-09-11,2111,6,0,0
600741.SH,SH,True,True,,2111,2018-01-02,2026-09-11,2111,2018-01-02,2026-09-11,2111,0,0,0
600742.SH,SH,True,True,,2111,2018-01-02,2026-09-11,2111,2018-01-02,2026-09-11,2111,0,0,0
600743.SH,SH,True,True,,2111,2018-01-02,2026-09-11,2111,2018-01-02,2026-09-11,2111,0,0,0
600744.SH,SH,True,True,,2111,2018-01-02,2026-09-11,2111,2018-01-02,2026-09-11,2111,0,0,0
600745.SH,SH,True,True,,2111,2018-01-02,2026-09-11,2111,2018-01-02,2026-09-11,2111,170,92,0
600746.SH,SH,True,True,,2111,2018-01-02,2026-09-11,2111,2018-01-02,2026-09-11,2111,2,0,0
600747.SH,SH,True,True,,474,2018-01-02,2019-12-12,474,2018-01-02,2019-12-12,474,27,440,0
600748.SH,SH,True,True,,2111,2018-01-02,2026-09-11,2111,2018-01-02,2026-09-11,2111,1,0,0
600749.SH,SH,True,True,,2111,2018-01-02,2026-09-11,2111,2018-01-02,2026-09-11,2111,12,230,0
600750.SH,SH,True,True,,2111,2018-01-02,2026-09-11,2111,2018-01-02,2026-09-11,2111,65,0,0
600751.SH,SH,True,True,,2111,2018-01-02,2026-09-11,2111,2018-01-02,2026-09-11,2111,171,0,0
600753.SH,SH,True,True,,2111,2018-01-02,2026-09-11,2111,2018-01-02,2026-09-11,2111,107,336,0
600754.SH,SH,True,True,,2111,2018-01-02,2026-09-11,2111,2018-01-02,2026-09-11,2111,0,0,0
600755.SH,SH,True,True,,2111,2018-01-02,2026-09-11,2111,2018-01-02,2026-09-11,2111,1,0,0
600756.SH,SH,True,True,,2111,2018-01-02,2026-09-11,2111,2018-01-02,2026-09-11,2111,0,0,0
600757.SH,SH,True,True,,2111,2018-01-02,2026-09-11,2111,2018-01-02,2026-09-11,2111,0,0,0
600758.SH,SH,True,True,,2111,2018-01-02,2026-09-11,2111,2018-01-02,2026-09-11,2111,18,0,0
600759.SH,SH,True,True,,2111,2018-01-02,2026-09-11,2111,2018-01-02,2026-09-11,2111,139,619,0
600760.SH,SH,True,True,,2111,2018-01-02,2026-09-11,2111,2018-01-02,2026-09-11,2111,0,0,0
600761.SH,SH,True,True,,2111,2018-01-02,2026-09-11,2111,2018-01-02,2026-09-11,2111,0,0,0
600763.SH,SH,True,True,,2111,2018-01-02,2026-09-11,2111,2018-01-02,2026-09-11,2111,0,0,0
600764.SH,SH,True,True,,2111,2018-01-02,2026-09-11,2111,2018-01-02,2026-09-11,2111,124,0,0
600765.SH,SH,True,True,,2111,2018-01-02,2026-09-11,2111,2018-01-02,2026-09-11,2111,10,0,0
600766.SH,SH,True,True,,1577,2018-01-02,2024-07-03,1577,2018-01-02,2024-07-03,1577,145,602,0
600767.SH,SH,True,True,,1332,2018-01-02,2023-06-29,1332,2018-01-02,2023-06-29,1332,28,1140,0
600768.SH,SH,True,True,,2111,2018-01-02,2026-09-11,2111,2018-01-02,2026-09-11,2111,78,0,0
600769.SH,SH,True,True,,2111,2018-01-02,2026-09-11,2111,2018-01-02,2026-09-11,2111,10,0,0
600770.SH,SH,True,True,,2111,2018-01-02,2026-09-11,2111,2018-01-02,2026-09-11,2111,0,0,0
600771.SH,SH,True,True,,2111,2018-01-02,2026-09-11,2111,2018-01-02,2026-09-11,2111,0,0,0
600773.SH,SH,True,True,,2111,2018-01-02,2026-09-11,2111,2018-01-02,2026-09-11,2111,0,0,0
600774.SH,SH,True,True,,2111,2018-01-02,2026-09-11,2111,2018-01-02,2026-09-11,2111,6,0,0
600775.SH,SH,True,True,,2111,2018-01-02,2026-09-11,2111,2018-01-02,2026-09-11,2111,0,0,0
600776.SH,SH,True,True,,2111,2018-01-02,2026-09-11,2111,2018-01-02,2026-09-11,2111,0,0,0
600777.SH,SH,True,True,,2111,2018-01-02,2026-09-11,2111,2018-01-02,2026-09-11,2111,93,518,0
600778.SH,SH,True,True,,2111,2018-01-02,2026-09-11,2111,2018-01-02,2026-09-11,2111,2,248,0
600779.SH,SH,True,True,,2111,2018-01-02,2026-09-11,2111,2018-01-02,2026-09-11,2111,2,0,0
600780.SH,SH,True,True,,2111,2018-01-02,2026-09-11,2111,2018-01-02,2026-09-11,2111,0,0,0
600781.SH,SH,True,True,,1331,2018-01-02,2023-06-28,1331,2018-01-02,2023-06-28,1331,70,904,0
600782.SH,SH,True,True,,2111,2018-01-02,2026-09-11,2111,2018-01-02,2026-09-11,2111,0,0,0
600783.SH,SH,True,True,,2111,2018-01-02,2026-09-11,2111,2018-01-02,2026-09-11,2111,0,0,0
600784.SH,SH,True,True,,2111,2018-01-02,2026-09-11,2111,2018-01-02,2026-09-11,2111,117,0,0
600785.SH,SH,True,True,,2111,2018-01-02,2026-09-11,2111,2018-01-02,2026-09-11,2111,3,0,0
600787.SH,SH,True,True,,2111,2018-01-02,2026-09-11,2111,2018-01-02,2026-09-11,2111,0,0,0
600789.SH,SH,True,True,,2111,2018-01-02,2026-09-11,2111,2018-01-02,2026-09-11,2111,0,0,0
600790.SH,SH,True,True,,2111,2018-01-02,2026-09-11,2111,2018-01-02,2026-09-11,2111,0,0,0
600791.SH,SH,True,True,,2111,2018-01-02,2026-09-11,2111,2018-01-02,2026-09-11,2111,0,0,0
600792.SH,SH,True,True,,2111,2018-01-02,2026-09-11,2111,2018-01-02,2026-09-11,2111,0,0,0
600793.SH,SH,True,True,,2111,2018-01-02,2026-09-11,2111,2018-01-02,2026-09-11,2111,0,0,0
600794.SH,SH,True,True,,2111,2018-01-02,2026-09-11,2111,2018-01-02,2026-09-11,2111,100,0,0
600795.SH,SH,True,True,,2111,2018-01-02,2026-09-11,2111,2018-01-02,2026-09-11,2111,0,0,0
600796.SH,SH,True,True,,2111,2018-01-02,2026-09-11,2111,2018-01-02,2026-09-11,2111,134,0,0
600797.SH,SH,True,True,,2111,2018-01-02,2026-09-11,2111,2018-01-02,2026-09-11,2111,0,0,0
600798.SH,SH,True,True,,2111,2018-01-02,2026-09-11,2111,2018-01-02,2026-09-11,2111,81,0,0
600800.SH,SH,True,True,,2111,2018-01-02,2026-09-11,2111,2018-01-02,2026-09-11,2111,130,0,0
600801.SH,SH,True,True,,2111,2018-01-02,2026-09-11,2111,2018-01-02,2026-09-11,2111,2,0,0
600802.SH,SH,True,True,,2111,2018-01-02,2026-09-11,2111,2018-01-02,2026-09-11,2111,0,0,0
600803.SH,SH,True,True,,2111,2018-01-02,2026-09-11,2111,2018-01-02,2026-09-11,2111,32,0,0
600804.SH,SH,True,True,,1818,2018-01-02,2025-07-02,1818,2018-01-02,2025-07-02,1818,48,752,0
600805.SH,SH,True,True,,2111,2018-01-02,2026-09-11,2111,2018-01-02,2026-09-11,2111,0,0,0
600806.SH,SH,True,True,,129,2018-01-02,2018-07-13,129,2018-01-02,2018-07-13,129,99,97,0
600807.SH,SH,True,True,,2111,2018-01-02,2026-09-11,2111,2018-01-02,2026-09-11,2111,89,527,0
600808.SH,SH,True,True,,2111,2018-01-02,2026-09-11,2111,2018-01-02,2026-09-11,2111,0,0,0
600809.SH,SH,True,True,,2111,2018-01-02,2026-09-11,2111,2018-01-02,2026-09-11,2111,10,0,0
600810.SH,SH,True,True,,2111,2018-01-02,2026-09-11,2111,2018-01-02,2026-09-11,2111,11,0,0
600811.SH,SH,True,True,,1777,2018-01-02,2025-04-30,1777,2018-01-02,2025-04-30,1777,92,30,0
600812.SH,SH,True,True,,2111,2018-01-02,2026-09-11,2111,2018-01-02,2026-09-11,2111,9,0,0
600814.SH,SH,True,True,,2111,2018-01-02,2026-09-11,2111,2018-01-02,2026-09-11,2111,0,0,0
600815.SH,SH,True,True,,2111,2018-01-02,2026-09-11,2111,2018-01-02,2026-09-11,2111,5,558,0
600816.SH,SH,True,True,,2111,2018-01-02,2026-09-11,2111,2018-01-02,2026-09-11,2111,56,852,0
600817.SH,SH,True,True,,2111,2018-01-02,2026-09-11,2111,2018-01-02,2026-09-11,2111,14,799,0
600818.SH,SH,True,True,,2111,2018-01-02,2026-09-11,2111,2018-01-02,2026-09-11,2111,27,94,0
600819.SH,SH,True,True,,2111,2018-01-02,2026-09-11,2111,2018-01-02,2026-09-11,2111,0,0,0
600820.SH,SH,True,True,,2111,2018-01-02,2026-09-11,2111,2018-01-02,2026-09-11,2111,0,0,0
600821.SH,SH,True,True,,2111,2018-01-02,2026-09-11,2111,2018-01-02,2026-09-11,2111,13,254,0
600822.SH,SH,True,True,,2111,2018-01-02,2026-09-11,2111,2018-01-02,2026-09-11,2111,0,0,0
600823.SH,SH,True,True,,1564,2018-01-02,2024-06-14,1564,2018-01-02,2024-06-14,1564,23,269,0
600824.SH,SH,True,True,,2111,2018-01-02,2026-09-11,2111,2018-01-02,2026-09-11,2111,10,0,0
600825.SH,SH,True,True,,2111,2018-01-02,2026-09-11,2111,2018-01-02,2026-09-11,2111,5,0,0
600826.SH,SH,True,True,,2111,2018-01-02,2026-09-11,2111,2018-01-02,2026-09-11,2111,11,0,0
600827.SH,SH,True,True,,2111,2018-01-02,2026-09-11,2111,2018-01-02,2026-09-11,2111,0,0,0
600828.SH,SH,True,True,,2111,2018-01-02,2026-09-11,2111,2018-01-02,2026-09-11,2111,0,0,0
600829.SH,SH,True,True,,2111,2018-01-02,2026-09-11,2111,2018-01-02,2026-09-11,2111,36,0,0
600830.SH,SH,True,True,,2111,2018-01-02,2026-09-11,2111,2018-01-02,2026-09-11,2111,0,0,0
600831.SH,SH,True,True,,2111,2018-01-02,2026-09-11,2111,2018-01-02,2026-09-11,2111,2,324,0
600833.SH,SH,True,True,,2111,2018-01-02,2026-09-11,2111,2018-01-02,2026-09-11,2111,0,0,0
600834.SH,SH,True,True,,2111,2018-01-02,2026-09-11,2111,2018-01-02,2026-09-11,2111,0,0,0
600835.SH,SH,True,True,,2111,2018-01-02,2026-09-11,2111,2018-01-02,2026-09-11,2111,0,0,0
600836.SH,SH,True,True,,1583,2018-01-02,2024-07-11,1583,2018-01-02,2024-07-11,1583,21,300,0
600837.SH,SH,True,True,,1737,2018-01-02,2025-03-04,1737,2018-01-02,2025-03-04,1737,36,0,0
600838.SH,SH,True,True,,2111,2018-01-02,2026-09-11,2111,2018-01-02,2026-09-11,2111,0,0,0
600839.SH,SH,True,True,,2111,2018-01-02,2026-09-11,2111,2018-01-02,2026-09-11,2111,0,0,0
600841.SH,SH,True,True,,2111,2018-01-02,2026-09-11,2111,2018-01-02,2026-09-11,2111,11,0,0
600843.SH,SH,True,True,,2111,2018-01-02,2026-09-11,2111,2018-01-02,2026-09-11,2111,1,0,0
600844.SH,SH,True,True,,2111,2018-01-02,2026-09-11,2111,2018-01-02,2026-09-11,2111,106,38,0
600845.SH,SH,True,True,,2111,2018-01-02,2026-09-11,2111,2018-01-02,2026-09-11,2111,1,0,0
600846.SH,SH,True,True,,2111,2018-01-02,2026-09-11,2111,2018-01-02,2026-09-11,2111,2,0,0
600847.SH,SH,True,True,,2111,2018-01-02,2026-09-11,2111,2018-01-02,2026-09-11,2111,12,82,0
600848.SH,SH,True,True,,2111,2018-01-02,2026-09-11,2111,2018-01-02,2026-09-11,2111,77,0,0
600850.SH,SH,True,True,,2111,2018-01-02,2026-09-11,2111,2018-01-02,2026-09-11,2111,81,0,0
600851.SH,SH,True,True,,2111,2018-01-02,2026-09-11,2111,2018-01-02,2026-09-11,2111,0,0,0
600853.SH,SH,True,True,,2111,2018-01-02,2026-09-11,2111,2018-01-02,2026-09-11,2111,0,0,0
600854.SH,SH,True,True,,2111,2018-01-02,2026-09-11,2111,2018-01-02,2026-09-11,2111,0,0,0
600855.SH,SH,True,True,,2111,2018-01-02,2026-09-11,2111,2018-01-02,2026-09-11,2111,10,0,0
600856.SH,SH,True,True,,1084,2018-01-02,2022-06-22,1084,2018-01-02,2022-06-22,1084,106,673,0
600857.SH,SH,True,True,,2111,2018-01-02,2026-09-11,2111,2018-01-02,2026-09-11,2111,3,0,0
600858.SH,SH,True,True,,2111,2018-01-02,2026-09-11,2111,2018-01-02,2026-09-11,2111,0,0,0
600859.SH,SH,True,True,,2111,2018-01-02,2026-09-11,2111,2018-01-02,2026-09-11,2111,18,0,0
600860.SH,SH,True,True,,2111,2018-01-02,2026-09-11,2111,2018-01-02,2026-09-11,2111,15,306,0
600861.SH,SH,True,True,,2111,2018-01-02,2026-09-11,2111,2018-01-02,2026-09-11,2111,11,0,0
600862.SH,SH,True,True,,2111,2018-01-02,2026-09-11,2111,2018-01-02,2026-09-11,2111,0,0,0
600863.SH,SH,True,True,,2111,2018-01-02,2026-09-11,2111,2018-01-02,2026-09-11,2111,8,0,0
600864.SH,SH,True,True,,2111,2018-01-02,2026-09-11,2111,2018-01-02,2026-09-11,2111,0,0,0
600865.SH,SH,True,True,,2111,2018-01-02,2026-09-11,2111,2018-01-02,2026-09-11,2111,3,0,0
600866.SH,SH,True,True,,2111,2018-01-02,2026-09-11,2111,2018-01-02,2026-09-11,2111,72,0,0
600867.SH,SH,True,True,,2111,2018-01-02,2026-09-11,2111,2018-01-02,2026-09-11,2111,0,0,0
600868.SH,SH,True,True,,2111,2018-01-02,2026-09-11,2111,2018-01-02,2026-09-11,2111,5,0,0
600869.SH,SH,True,True,,2111,2018-01-02,2026-09-11,2111,2018-01-02,2026-09-11,2111,13,0,0
600870.SH,SH,True,True,,1090,2018-01-02,2022-06-30,1090,2018-01-02,2022-06-30,1090,90,994,0
600871.SH,SH,True,True,,2111,2018-01-02,2026-09-11,2111,2018-01-02,2026-09-11,2111,2,245,0
600872.SH,SH,True,True,,2111,2018-01-02,2026-09-11,2111,2018-01-02,2026-09-11,2111,0,0,0
600873.SH,SH,True,True,,2111,2018-01-02,2026-09-11,2111,2018-01-02,2026-09-11,2111,0,0,0
600874.SH,SH,True,True,,2111,2018-01-02,2026-09-11,2111,2018-01-02,2026-09-11,2111,0,0,0
600875.SH,SH,True,True,,2111,2018-01-02,2026-09-11,2111,2018-01-02,2026-09-11,2111,5,0,0
600876.SH,SH,True,True,,2111,2018-01-02,2026-09-11,2111,2018-01-02,2026-09-11,2111,6,0,0
600877.SH,SH,True,True,,2111,2018-01-02,2026-09-11,2111,2018-01-02,2026-09-11,2111,92,814,0
600879.SH,SH,True,True,,2111,2018-01-02,2026-09-11,2111,2018-01-02,2026-09-11,2111,0,0,0
600880.SH,SH,True,True,,2111,2018-01-02,2026-09-11,2111,2018-01-02,2026-09-11,2111,84,0,0
600881.SH,SH,True,True,,2111,2018-01-02,2026-09-11,2111,2018-01-02,2026-09-11,2111,0,0,0
600882.SH,SH,True,True,,2111,2018-01-02,2026-09-11,2111,2018-01-02,2026-09-11,2111,16,0,0
600883.SH,SH,True,True,,2111,2018-01-02,2026-09-11,2111,2018-01-02,2026-09-11,2111,0,0,0
600884.SH,SH,True,True,,2111,2018-01-02,2026-09-11,2111,2018-01-02,2026-09-11,2111,0,0,0
600885.SH,SH,True,True,,2111,2018-01-02,2026-09-11,2111,2018-01-02,2026-09-11,2111,0,0,0
600886.SH,SH,True,True,,2111,2018-01-02,2026-09-11,2111,2018-01-02,2026-09-11,2111,0,0,0
600887.SH,SH,True,True,,2111,2018-01-02,2026-09-11,2111,2018-01-02,2026-09-11,2111,0,0,0
600888.SH,SH,True,True,,2111,2018-01-02,2026-09-11,2111,2018-01-02,2026-09-11,2111,6,0,0
600889.SH,SH,True,True,,2111,2018-01-02,2026-09-11,2111,2018-01-02,2026-09-11,2111,22,97,0
600890.SH,SH,True,True,,1083,2018-01-02,2022-06-21,1083,2018-01-02,2022-06-21,1083,23,274,0
600891.SH,SH,True,True,,814,2018-01-02,2021-05-12,814,2018-01-02,2021-05-12,814,272,472,0
600892.SH,SH,True,True,,2111,2018-01-02,2026-09-11,2111,2018-01-02,2026-09-11,2111,6,497,0
600893.SH,SH,True,True,,2111,2018-01-02,2026-09-11,2111,2018-01-02,2026-09-11,2111,11,0,0
600894.SH,SH,True,True,,2111,2018-01-02,2026-09-11,2111,2018-01-02,2026-09-11,2111,0,0,0
600895.SH,SH,True,True,,2111,2018-01-02,2026-09-11,2111,2018-01-02,2026-09-11,2111,0,0,0
600896.SH,SH,True,True,,1107,2018-01-02,2022-07-25,1107,2018-01-02,2022-07-25,1107,93,505,0
600897.SH,SH,True,True,,2111,2018-01-02,2026-09-11,2111,2018-01-02,2026-09-11,2111,0,0,0
600898.SH,SH,True,True,,1721,2018-01-02,2025-02-10,1721,2018-01-02,2025-02-10,1721,20,908,0
600900.SH,SH,True,True,,2111,2018-01-02,2026-09-11,2111,2018-01-02,2026-09-11,2111,11,0,0
600901.SH,SH,True,True,,2074,2018-03-01,2026-09-11,2074,2018-03-01,2026-09-11,2074,0,0,0
600903.SH,SH,True,True,,2111,2018-01-02,2026-09-11,2111,2018-01-02,2026-09-11,2111,10,0,0
600905.SH,SH,True,True,,1277,2021-06-10,2026-09-11,1277,2021-06-10,2026-09-11,1277,0,0,0
600906.SH,SH,True,True,,1301,2021-05-07,2026-09-11,1301,2021-05-07,2026-09-11,1301,0,0,0
600908.SH,SH,True,True,,2111,2018-01-02,2026-09-11,2111,2018-01-02,2026-09-11,2111,0,0,0
600909.SH,SH,True,True,,2111,2018-01-02,2026-09-11,2111,2018-01-02,2026-09-11,2111,6,0,0
600916.SH,SH,True,True,,1357,2021-02-05,2026-09-11,1357,2021-02-05,2026-09-11,1357,0,0,0
600917.SH,SH,True,True,,2111,2018-01-02,2026-09-11,2111,2018-01-02,2026-09-11,2111,5,0,0
600918.SH,SH,True,True,,1525,2020-06-03,2026-09-11,1525,2020-06-03,2026-09-11,1525,0,0,0
600919.SH,SH,True,True,,2111,2018-01-02,2026-09-11,2111,2018-01-02,2026-09-11,2111,6,0,0
600925.SH,SH,True,True,,840,2023-03-29,2026-09-11,840,2023-03-29,2026-09-11,840,0,0,0
600926.SH,SH,True,True,,2111,2018-01-02,2026-09-11,2111,2018-01-02,2026-09-11,2111,0,0,0
600927.SH,SH,True,True,,1145,2021-12-23,2026-09-11,1145,2021-12-23,2026-09-11,1145,0,0,0
600928.SH,SH,True,True,,1831,2019-03-01,2026-09-11,1831,2019-03-01,2026-09-11,1831,0,0,0
600929.SH,SH,True,True,,2057,2018-03-26,2026-09-11,2057,2018-03-26,2026-09-11,2057,15,0,0
600930.SH,SH,True,True,,284,2025-07-16,2026-09-11,284,2025-07-16,2026-09-11,284,0,0,0
600933.SH,SH,True,True,,2111,2018-01-02,2026-09-11,2111,2018-01-02,2026-09-11,2111,8,0,0
600935.SH,SH,True,True,,1164,2021-11-26,2026-09-11,1164,2021-11-26,2026-09-11,1164,0,0,0
600936.SH,SH,True,True,,2111,2018-01-02,2026-09-11,2111,2018-01-02,2026-09-11,2111,0,0,0
600938.SH,SH,True,True,,1068,2022-04-21,2026-09-11,1068,2022-04-21,2026-09-11,1068,0,0,0
600939.SH,SH,True,True,,2111,2018-01-02,2026-09-11,2111,2018-01-02,2026-09-11,2111,0,0,0
600941.SH,SH,True,True,,1137,2022-01-05,2026-09-11,1137,2022-01-05,2026-09-11,1137,0,0,0
600955.SH,SH,True,True,,1209,2021-09-15,2026-09-11,1209,2021-09-15,2026-09-11,1209,0,0,0
600956.SH,SH,True,True,,1509,2020-06-29,2026-09-11,1509,2020-06-29,2026-09-11,1509,0,0,0
600958.SH,SH,True,True,,2111,2018-01-02,2026-09-11,2111,2018-01-02,2026-09-11,2111,16,0,0
600959.SH,SH,True,True,,2111,2018-01-02,2026-09-11,2111,2018-01-02,2026-09-11,2111,25,0,0
600960.SH,SH,True,True,,2111,2018-01-02,2026-09-11,2111,2018-01-02,2026-09-11,2111,84,0,0
600961.SH,SH,True,True,,2111,2018-01-02,2026-09-11,2111,2018-01-02,2026-09-11,2111,11,0,0
600962.SH,SH,True,True,,2111,2018-01-02,2026-09-11,2111,2018-01-02,2026-09-11,2111,14,0,0
600963.SH,SH,True,True,,2111,2018-01-02,2026-09-11,2111,2018-01-02,2026-09-11,2111,0,0,0
600965.SH,SH,True,True,,2111,2018-01-02,2026-09-11,2111,2018-01-02,2026-09-11,2111,1,92,0
600966.SH,SH,True,True,,2111,2018-01-02,2026-09-11,2111,2018-01-02,2026-09-11,2111,2,0,0
600967.SH,SH,True,True,,2111,2018-01-02,2026-09-11,2111,2018-01-02,2026-09-11,2111,0,0,0
600968.SH,SH,True,True,,1753,2019-06-26,2026-09-11,1753,2019-06-26,2026-09-11,1753,0,0,0
600969.SH,SH,True,True,,2111,2018-01-02,2026-09-11,2111,2018-01-02,2026-09-11,2111,0,0,0
600970.SH,SH,True,True,,2111,2018-01-02,2026-09-11,2111,2018-01-02,2026-09-11,2111,22,0,0
600971.SH,SH,True,True,,2111,2018-01-02,2026-09-11,2111,2018-01-02,2026-09-11,2111,0,0,0
600973.SH,SH,True,True,,2111,2018-01-02,2026-09-11,2111,2018-01-02,2026-09-11,2111,9,0,0
600975.SH,SH,True,True,,2111,2018-01-02,2026-09-11,2111,2018-01-02,2026-09-11,2111,10,0,0
600976.SH,SH,True,True,,2111,2018-01-02,2026-09-11,2111,2018-01-02,2026-09-11,2111,0,0,0
600977.SH,SH,True,True,,2111,2018-01-02,2026-09-11,2111,2018-01-02,2026-09-11,2111,0,0,0
600978.SH,SH,True,True,,781,2018-01-02,2021-03-22,781,2018-01-02,2021-03-22,781,21,214,0
600979.SH,SH,True,True,,2111,2018-01-02,2026-09-11,2111,2018-01-02,2026-09-11,2111,1,0,0
600980.SH,SH,True,True,,2111,2018-01-02,2026-09-11,2111,2018-01-02,2026-09-11,2111,11,0,0
600981.SH,SH,True,True,,2111,2018-01-02,2026-09-11,2111,2018-01-02,2026-09-11,2111,0,0,0
600982.SH,SH,True,True,,2111,2018-01-02,2026-09-11,2111,2018-01-02,2026-09-11,2111,1,0,0
600983.SH,SH,True,True,,2111,2018-01-02,2026-09-11,2111,2018-01-02,2026-09-11,2111,4,0,0
600984.SH,SH,True,True,,2111,2018-01-02,2026-09-11,2111,2018-01-02,2026-09-11,2111,20,0,0
600985.SH,SH,True,True,,2111,2018-01-02,2026-09-11,2111,2018-01-02,2026-09-11,2111,5,0,0
600986.SH,SH,True,True,,2111,2018-01-02,2026-09-11,2111,2018-01-02,2026-09-11,2111,2,0,0
600987.SH,SH,True,True,,2111,2018-01-02,2026-09-11,2111,2018-01-02,2026-09-11,2111,58,0,0
600988.SH,SH,True,True,,2111,2018-01-02,2026-09-11,2111,2018-01-02,2026-09-11,2111,8,0,0
600989.SH,SH,True,True,,1781,2019-05-16,2026-09-11,1781,2019-05-16,2026-09-11,1781,0,0,0
600990.SH,SH,True,True,,2111,2018-01-02,2026-09-11,2111,2018-01-02,2026-09-11,2111,0,0,0
600992.SH,SH,True,True,,2111,2018-01-02,2026-09-11,2111,2018-01-02,2026-09-11,2111,0,0,0
600993.SH,SH,True,True,,2111,2018-01-02,2026-09-11,2111,2018-01-02,2026-09-11,2111,0,0,0
600995.SH,SH,True,True,,2111,2018-01-02,2026-09-11,2111,2018-01-02,2026-09-11,2111,11,0,0
600996.SH,SH,True,True,,2111,2018-01-02,2026-09-11,2111,2018-01-02,2026-09-11,2111,0,0,0
600997.SH,SH,True,True,,2111,2018-01-02,2026-09-11,2111,2018-01-02,2026-09-11,2111,0,0,0
600998.SH,SH,True,True,,2111,2018-01-02,2026-09-11,2111,2018-01-02,2026-09-11,2111,0,0,0
600999.SH,SH,True,True,,2111,2018-01-02,2026-09-11,2111,2018-01-02,2026-09-11,2111,6,0,0
601000.SH,SH,True,True,,2111,2018-01-02,2026-09-11,2111,2018-01-02,2026-09-11,2111,0,0,0
601001.SH,SH,True,True,,2111,2018-01-02,2026-09-11,2111,2018-01-02,2026-09-11,2111,0,0,0
601002.SH,SH,True,True,,2111,2018-01-02,2026-09-11,2111,2018-01-02,2026-09-11,2111,0,0,0
601003.SH,SH,True,True,,2111,2018-01-02,2026-09-11,2111,2018-01-02,2026-09-11,2111,20,0,0
601005.SH,SH,True,True,,2111,2018-01-02,2026-09-11,2111,2018-01-02,2026-09-11,2111,2,43,0
601006.SH,SH,True,True,,2111,2018-01-02,2026-09-11,2111,2018-01-02,2026-09-11,2111,0,0,0
601007.SH,SH,True,True,,2111,2018-01-02,2026-09-11,2111,2018-01-02,2026-09-11,2111,5,0,0
601008.SH,SH,True,True,,2111,2018-01-02,2026-09-11,2111,2018-01-02,2026-09-11,2111,0,0,0
601009.SH,SH,True,True,,2111,2018-01-02,2026-09-11,2111,2018-01-02,2026-09-11,2111,0,0,0
601010.SH,SH,True,True,,2111,2018-01-02,2026-09-11,2111,2018-01-02,2026-09-11,2111,3,93,0
601011.SH,SH,True,True,,2111,2018-01-02,2026-09-11,2111,2018-01-02,2026-09-11,2111,0,0,0
601012.SH,SH,True,True,,2111,2018-01-02,2026-09-11,2111,2018-01-02,2026-09-11,2111,6,0,0
601015.SH,SH,True,True,,2111,2018-01-02,2026-09-11,2111,2018-01-02,2026-09-11,2111,6,0,0
601016.SH,SH,True,True,,2111,2018-01-02,2026-09-11,2111,2018-01-02,2026-09-11,2111,6,0,0
601018.SH,SH,True,True,,2111,2018-01-02,2026-09-11,2111,2018-01-02,2026-09-11,2111,0,0,0
601019.SH,SH,True,True,,2111,2018-01-02,2026-09-11,2111,2018-01-02,2026-09-11,2111,0,0,0
601020.SH,SH,True,True,,2111,2018-01-02,2026-09-11,2111,2018-01-02,2026-09-11,2111,13,257,0
601021.SH,SH,True,True,,2111,2018-01-02,2026-09-11,2111,2018-01-02,2026-09-11,2111,0,0,0
601022.SH,SH,True,True,,913,2022-12-08,2026-09-11,913,2022-12-08,2026-09-11,913,0,0,0
601026.SH,SH,True,True,,223,2025-10-17,2026-09-11,223,2025-10-17,2026-09-11,223,0,0,0
601028.SH,SH,True,True,,1792,2018-01-02,2025-05-26,1792,2018-01-02,2025-05-26,1792,42,0,0
601033.SH,SH,True,True,,642,2024-01-18,2026-09-11,642,2024-01-18,2026-09-11,642,0,0,0
601038.SH,SH,True,True,,2111,2018-01-02,2026-09-11,2111,2018-01-02,2026-09-11,2111,0,0,0
601058.SH,SH,True,True,,2111,2018-01-02,2026-09-11,2111,2018-01-02,2026-09-11,2111,0,0,0
601059.SH,SH,True,True,,880,2023-02-01,2026-09-11,880,2023-02-01,2026-09-11,880,20,0,0
601061.SH,SH,True,True,,833,2023-04-10,2026-09-11,833,2023-04-10,2026-09-11,833,0,0,0
601065.SH,SH,True,True,,833,2023-04-10,2026-09-11,833,2023-04-10,2026-09-11,833,0,0,0
601066.SH,SH,True,True,,2000,2018-06-20,2026-09-11,2000,2018-06-20,2026-09-11,2000,0,0,0
601068.SH,SH,True,True,,1948,2018-08-31,2026-09-11,1948,2018-08-31,2026-09-11,1948,0,0,0
601069.SH,SH,True,True,,2111,2018-01-02,2026-09-11,2111,2018-01-02,2026-09-11,2111,15,0,0
601077.SH,SH,True,True,,1670,2019-10-29,2026-09-11,1670,2019-10-29,2026-09-11,1670,0,0,0
601083.SH,SH,True,True,,673,2023-12-05,2026-09-11,673,2023-12-05,2026-09-11,673,0,0,0
601086.SH,SH,True,True,,2111,2018-01-02,2026-09-11,2111,2018-01-02,2026-09-11,2111,0,0,0
601088.SH,SH,True,True,,2111,2018-01-02,2026-09-11,2111,2018-01-02,2026-09-11,2111,10,0,0
601089.SH,SH,True,True,,1022,2022-06-30,2026-09-11,1022,2022-06-30,2026-09-11,1022,0,0,0
601096.SH,SH,True,True,,660,2023-12-22,2026-09-11,660,2023-12-22,2026-09-11,660,0,0,0
601098.SH,SH,True,True,,2111,2018-01-02,2026-09-11,2111,2018-01-02,2026-09-11,2111,0,0,0
601099.SH,SH,True,True,,2111,2018-01-02,2026-09-11,2111,2018-01-02,2026-09-11,2111,0,0,0
601100.SH,SH,True,True,,2111,2018-01-02,2026-09-11,2111,2018-01-02,2026-09-11,2111,0,0,0
601101.SH,SH,True,True,,2111,2018-01-02,2026-09-11,2111,2018-01-02,2026-09-11,2111,1,0,0
601106.SH,SH,True,True,,2111,2018-01-02,2026-09-11,2111,2018-01-02,2026-09-11,2111,1,82,0
601107.SH,SH,True,True,,2111,2018-01-02,2026-09-11,2111,2018-01-02,2026-09-11,2111,10,0,0
601108.SH,SH,True,True,,2111,2018-01-02,2026-09-11,2111,2018-01-02,2026-09-11,2111,6,0,0
601111.SH,SH,True,True,,2111,2018-01-02,2026-09-11,2111,2018-01-02,2026-09-11,2111,1,0,0
601112.SH,SH,True,True,,151,2026-01-29,2026-09-11,151,2026-01-29,2026-09-11,151,0,0,0
601113.SH,SH,True,True,,2111,2018-01-02,2026-09-11,2111,2018-01-02,2026-09-11,2111,7,659,0
601116.SH,SH,True,True,,2111,2018-01-02,2026-09-11,2111,2018-01-02,2026-09-11,2111,0,0,0
601117.SH,SH,True,True,,2111,2018-01-02,2026-09-11,2111,2018-01-02,2026-09-11,2111,0,0,0
601118.SH,SH,True,True,,2111,2018-01-02,2026-09-11,2111,2018-01-02,2026-09-11,2111,113,0,0
601121.SH,SH,True,True,,853,2023-03-10,2026-09-11,853,2023-03-10,2026-09-11,853,4,0,0
601123.SH,SH,True,True,,9,2026-09-01,2026-09-11,9,2026-09-01,2026-09-11,9,0,0,0
601126.SH,SH,True,True,,2111,2018-01-02,2026-09-11,2111,2018-01-02,2026-09-11,2111,0,0,0
601127.SH,SH,True,True,,2111,2018-01-02,2026-09-11,2111,2018-01-02,2026-09-11,2111,4,0,0
601128.SH,SH,True,True,,2111,2018-01-02,2026-09-11,2111,2018-01-02,2026-09-11,2111,0,0,0
601133.SH,SH,True,True,,833,2023-04-10,2026-09-11,833,2023-04-10,2026-09-11,833,3,0,0
601136.SH,SH,True,True,,903,2022-12-22,2026-09-11,903,2022-12-22,2026-09-11,903,0,0,0
601137.SH,SH,True,True,,2111,2018-01-02,2026-09-11,2111,2018-01-02,2026-09-11,2111,2,0,0
601138.SH,SH,True,True,,2007,2018-06-08,2026-09-11,2007,2018-06-08,2026-09-11,2007,0,0,0
601139.SH,SH,True,True,,2111,2018-01-02,2026-09-11,2111,2018-01-02,2026-09-11,2111,0,0,0
601155.SH,SH,True,True,,2111,2018-01-02,2026-09-11,2111,2018-01-02,2026-09-11,2111,0,0,0
601156.SH,SH,True,True,,1278,2021-06-09,2026-09-11,1278,2021-06-09,2026-09-11,1278,0,0,0
601158.SH,SH,True,True,,2111,2018-01-02,2026-09-11,2111,2018-01-02,2026-09-11,2111,0,0,0
601162.SH,SH,True,True,,1919,2018-10-19,2026-09-11,1919,2018-10-19,2026-09-11,1919,6,0,0
601163.SH,SH,True,True,,2111,2018-01-02,2026-09-11,2111,2018-01-02,2026-09-11,2111,0,0,0
601166.SH,SH,True,True,,2111,2018-01-02,2026-09-11,2111,2018-01-02,2026-09-11,2111,0,0,0
601168.SH,SH,True,True,,2111,2018-01-02,2026-09-11,2111,2018-01-02,2026-09-11,2111,0,0,0
601169.SH,SH,True,True,,2111,2018-01-02,2026-09-11,2111,2018-01-02,2026-09-11,2111,0,0,0
601177.SH,SH,True,True,,2111,2018-01-02,2026-09-11,2111,2018-01-02,2026-09-11,2111,3,0,0
601179.SH,SH,True,True,,2111,2018-01-02,2026-09-11,2111,2018-01-02,2026-09-11,2111,0,0,0
601186.SH,SH,True,True,,2111,2018-01-02,2026-09-11,2111,2018-01-02,2026-09-11,2111,0,0,0
601187.SH,SH,True,True,,1429,2020-10-27,2026-09-11,1429,2020-10-27,2026-09-11,1429,0,0,0
601188.SH,SH,True,True,,2111,2018-01-02,2026-09-11,2111,2018-01-02,2026-09-11,2111,0,0,0
601198.SH,SH,True,True,,2111,2018-01-02,2026-09-11,2111,2018-01-02,2026-09-11,2111,20,0,0
601199.SH,SH,True,True,,2111,2018-01-02,2026-09-11,2111,2018-01-02,2026-09-11,2111,0,0,0
601200.SH,SH,True,True,,2111,2018-01-02,2026-09-11,2111,2018-01-02,2026-09-11,2111,0,0,0
601208.SH,SH,True,True,,2111,2018-01-02,2026-09-11,2111,2018-01-02,2026-09-11,2111,0,0,0
601211.SH,SH,True,True,,2111,2018-01-02,2026-09-11,2111,2018-01-02,2026-09-11,2111,19,0,0
601212.SH,SH,True,True,,2111,2018-01-02,2026-09-11,2111,2018-01-02,2026-09-11,2111,5,0,0
601216.SH,SH,True,True,,2111,2018-01-02,2026-09-11,2111,2018-01-02,2026-09-11,2111,70,0,0
601218.SH,SH,True,True,,2111,2018-01-02,2026-09-11,2111,2018-01-02,2026-09-11,2111,0,0,0
601222.SH,SH,True,True,,2111,2018-01-02,2026-09-11,2111,2018-01-02,2026-09-11,2111,0,0,0
601225.SH,SH,True,True,,2111,2018-01-02,2026-09-11,2111,2018-01-02,2026-09-11,2111,0,0,0
601226.SH,SH,True,True,,2111,2018-01-02,2026-09-11,2111,2018-01-02,2026-09-11,2111,0,0,0
601228.SH,SH,True,True,,2111,2018-01-02,2026-09-11,2111,2018-01-02,2026-09-11,2111,0,0,0
601229.SH,SH,True,True,,2111,2018-01-02,2026-09-11,2111,2018-01-02,2026-09-11,2111,0,0,0
601231.SH,SH,True,True,,2111,2018-01-02,2026-09-11,2111,2018-01-02,2026-09-11,2111,8,0,0
601233.SH,SH,True,True,,2111,2018-01-02,2026-09-11,2111,2018-01-02,2026-09-11,2111,0,0,0
601236.SH,SH,True,True,,1746,2019-07-05,2026-09-11,1746,2019-07-05,2026-09-11,1746,6,0,0
601238.SH,SH,True,True,,2111,2018-01-02,2026-09-11,2111,2018-01-02,2026-09-11,2111,0,0,0
601258.SH,SH,True,True,,1333,2018-01-02,2023-06-30,1333,2018-01-02,2023-06-30,1333,30,446,0
601279.SH,SH,True,True,,1314,2021-04-15,2026-09-11,1314,2021-04-15,2026-09-11,1314,0,0,0
601288.SH,SH,True,True,,2111,2018-01-02,2026-09-11,2111,2018-01-02,2026-09-11,2111,0,0,0
601298.SH,SH,True,True,,1855,2019-01-21,2026-09-11,1855,2019-01-21,2026-09-11,1855,6,0,0
601311.SH,SH,True,True,,2111,2018-01-02,2026-09-11,2111,2018-01-02,2026-09-11,2111,0,0,0
601318.SH,SH,True,True,,2111,2018-01-02,2026-09-11,2111,2018-01-02,2026-09-11,2111,0,0,0
601319.SH,SH,True,True,,1899,2018-11-16,2026-09-11,1899,2018-11-16,2026-09-11,1899,0,0,0
601326.SH,SH,True,True,,2111,2018-01-02,2026-09-11,2111,2018-01-02,2026-09-11,2111,0,0,0
601328.SH,SH,True,True,,2111,2018-01-02,2026-09-11,2111,2018-01-02,2026-09-11,2111,0,0,0
601330.SH,SH,True,True,,2006,2018-06-11,2026-09-11,2006,2018-06-11,2026-09-11,2006,0,0,0
601333.SH,SH,True,True,,2111,2018-01-02,2026-09-11,2111,2018-01-02,2026-09-11,2111,0,0,0
601336.SH,SH,True,True,,2111,2018-01-02,2026-09-11,2111,2018-01-02,2026-09-11,2111,0,0,0
601339.SH,SH,True,True,,2111,2018-01-02,2026-09-11,2111,2018-01-02,2026-09-11,2111,1,0,0
601360.SH,SH,True,True,,2111,2018-01-02,2026-09-11,2111,2018-01-02,2026-09-11,2111,14,0,0
601366.SH,SH,True,True,,2111,2018-01-02,2026-09-11,2111,2018-01-02,2026-09-11,2111,5,0,0
601368.SH,SH,True,True,,2111,2018-01-02,2026-09-11,2111,2018-01-02,2026-09-11,2111,0,0,0
601369.SH,SH,True,True,,2111,2018-01-02,2026-09-11,2111,2018-01-02,2026-09-11,2111,48,0,0
601375.SH,SH,True,True,,2111,2018-01-02,2026-09-11,2111,2018-01-02,2026-09-11,2111,0,0,0
601377.SH,SH,True,True,,2111,2018-01-02,2026-09-11,2111,2018-01-02,2026-09-11,2111,6,0,0
601388.SH,SH,True,True,,2111,2018-01-02,2026-09-11,2111,2018-01-02,2026-09-11,2111,0,0,0
601390.SH,SH,True,True,,2111,2018-01-02,2026-09-11,2111,2018-01-02,2026-09-11,2111,74,0,0
601398.SH,SH,True,True,,2111,2018-01-02,2026-09-11,2111,2018-01-02,2026-09-11,2111,0,0,0
601399.SH,SH,True,True,,1522,2020-06-08,2026-09-11,1522,2020-06-08,2026-09-11,1522,1,223,0
601456.SH,SH,True,True,,1485,2020-07-31,2026-09-11,1485,2020-07-31,2026-09-11,1485,20,0,0
601500.SH,SH,True,True,,2111,2018-01-02,2026-09-11,2111,2018-01-02,2026-09-11,2111,7,0,0
601512.SH,SH,True,True,,1632,2019-12-20,2026-09-11,1632,2019-12-20,2026-09-11,1632,0,0,0
601515.SH,SH,True,True,,2111,2018-01-02,2026-09-11,2111,2018-01-02,2026-09-11,2111,8,0,0
601518.SH,SH,True,True,,2111,2018-01-02,2026-09-11,2111,2018-01-02,2026-09-11,2111,0,0,0
601519.SH,SH,True,True,,2111,2018-01-02,2026-09-11,2111,2018-01-02,2026-09-11,2111,11,83,0
601528.SH,SH,True,True,,1267,2021-06-25,2026-09-11,1267,2021-06-25,2026-09-11,1267,0,0,0
601555.SH,SH,True,True,,2111,2018-01-02,2026-09-11,2111,2018-01-02,2026-09-11,2111,22,0,0
601558.SH,SH,True,True,,606,2018-01-02,2020-07-02,606,2018-01-02,2020-07-02,606,26,571,0
601566.SH,SH,True,True,,2111,2018-01-02,2026-09-11,2111,2018-01-02,2026-09-11,2111,0,0,0
601567.SH,SH,True,True,,2111,2018-01-02,2026-09-11,2111,2018-01-02,2026-09-11,2111,0,0,0
601568.SH,SH,True,True,,1434,2020-10-20,2026-09-11,1434,2020-10-20,2026-09-11,1434,0,0,0
601577.SH,SH,True,True,,1931,2018-09-26,2026-09-11,1931,2018-09-26,2026-09-11,1931,0,0,0
601579.SH,SH,True,True,,2111,2018-01-02,2026-09-11,2111,2018-01-02,2026-09-11,2111,0,0,0
601588.SH,SH,True,True,,2111,2018-01-02,2026-09-11,2111,2018-01-02,2026-09-11,2111,0,0,0
601595.SH,SH,True,True,,2111,2018-01-02,2026-09-11,2111,2018-01-02,2026-09-11,2111,0,0,0
601598.SH,SH,True,True,,1856,2019-01-18,2026-09-11,1856,2019-01-18,2026-09-11,1856,0,0,0
601599.SH,SH,True,True,,2111,2018-01-02,2026-09-11,2111,2018-01-02,2026-09-11,2111,5,0,0
601600.SH,SH,True,True,,2111,2018-01-02,2026-09-11,2111,2018-01-02,2026-09-11,2111,35,0,0
601601.SH,SH,True,True,,2111,2018-01-02,2026-09-11,2111,2018-01-02,2026-09-11,2111,0,0,0
601606.SH,SH,True,True,,1967,2018-08-06,2026-09-11,1967,2018-08-06,2026-09-11,1967,0,0,0
601607.SH,SH,True,True,,2111,2018-01-02,2026-09-11,2111,2018-01-02,2026-09-11,2111,0,0,0
601608.SH,SH,True,True,,2111,2018-01-02,2026-09-11,2111,2018-01-02,2026-09-11,2111,0,0,0
601609.SH,SH,True,True,,1552,2020-04-22,2026-09-11,1552,2020-04-22,2026-09-11,1552,0,0,0
601611.SH,SH,True,True,,2111,2018-01-02,2026-09-11,2111,2018-01-02,2026-09-11,2111,0,0,0
601615.SH,SH,True,True,,1853,2019-01-23,2026-09-11,1853,2019-01-23,2026-09-11,1853,8,0,0
601616.SH,SH,True,True,,2111,2018-01-02,2026-09-11,2111,2018-01-02,2026-09-11,2111,0,0,0
601618.SH,SH,True,True,,2111,2018-01-02,2026-09-11,2111,2018-01-02,2026-09-11,2111,0,0,0
601619.SH,SH,True,True,,2111,2018-01-02,2026-09-11,2111,2018-01-02,2026-09-11,2111,85,0,0
601628.SH,SH,True,True,,2111,2018-01-02,2026-09-11,2111,2018-01-02,2026-09-11,2111,0,0,0
601633.SH,SH,True,True,,2111,2018-01-02,2026-09-11,2111,2018-01-02,2026-09-11,2111,0,0,0
601636.SH,SH,True,True,,2111,2018-01-02,2026-09-11,2111,2018-01-02,2026-09-11,2111,0,0,0
601658.SH,SH,True,True,,1640,2019-12-10,2026-09-11,1640,2019-12-10,2026-09-11,1640,0,0,0
601665.SH,SH,True,True,,1272,2021-06-18,2026-09-11,1272,2021-06-18,2026-09-11,1272,0,0,0
601666.SH,SH,True,True,,2111,2018-01-02,2026-09-11,2111,2018-01-02,2026-09-11,2111,0,0,0
601668.SH,SH,True,True,,2111,2018-01-02,2026-09-11,2111,2018-01-02,2026-09-11,2111,0,0,0
601669.SH,SH,True,True,,2111,2018-01-02,2026-09-11,2111,2018-01-02,2026-09-11,2111,0,0,0
601677.SH,SH,True,True,,2111,2018-01-02,2026-09-11,2111,2018-01-02,2026-09-11,2111,0,0,0
601678.SH,SH,True,True,,2111,2018-01-02,2026-09-11,2111,2018-01-02,2026-09-11,2111,0,0,0
601686.SH,SH,True,True,,1401,2020-12-04,2026-09-11,1401,2020-12-04,2026-09-11,1401,0,0,0
601688.SH,SH,True,True,,2111,2018-01-02,2026-09-11,2111,2018-01-02,2026-09-11,2111,0,0,0
601689.SH,SH,True,True,,2111,2018-01-02,2026-09-11,2111,2018-01-02,2026-09-11,2111,0,0,0
601696.SH,SH,True,True,,1591,2020-02-26,2026-09-11,1591,2020-02-26,2026-09-11,1591,0,0,0
601698.SH,SH,True,True,,1751,2019-06-28,2026-09-11,1751,2019-06-28,2026-09-11,1751,0,0,0
601699.SH,SH,True,True,,2111,2018-01-02,2026-09-11,2111,2018-01-02,2026-09-11,2111,0,0,0
601700.SH,SH,True,True,,2111,2018-01-02,2026-09-11,2111,2018-01-02,2026-09-11,2111,31,0,0
601702.SH,SH,True,True,,1459,2020-09-07,2026-09-11,1459,2020-09-07,2026-09-11,1459,0,0,0
601717.SH,SH,True,True,,2111,2018-01-02,2026-09-11,2111,2018-01-02,2026-09-11,2111,2,0,0
601718.SH,SH,True,True,,2111,2018-01-02,2026-09-11,2111,2018-01-02,2026-09-11,2111,1,92,0
601727.SH,SH,True,True,,2111,2018-01-02,2026-09-11,2111,2018-01-02,2026-09-11,2111,43,0,0
601728.SH,SH,True,True,,1227,2021-08-20,2026-09-11,1227,2021-08-20,2026-09-11,1227,0,0,0
601766.SH,SH,True,True,,2111,2018-01-02,2026-09-11,2111,2018-01-02,2026-09-11,2111,0,0,0
601777.SH,SH,True,True,,2111,2018-01-02,2026-09-11,2111,2018-01-02,2026-09-11,2111,5,161,0
601778.SH,SH,True,True,,1536,2020-05-19,2026-09-11,1536,2020-05-19,2026-09-11,1536,0,0,0
601788.SH,SH,True,True,,2111,2018-01-02,2026-09-11,2111,2018-01-02,2026-09-11,2111,0,0,0
601789.SH,SH,True,True,,2111,2018-01-02,2026-09-11,2111,2018-01-02,2026-09-11,2111,0,0,0
601798.SH,SH,True,True,,2111,2018-01-02,2026-09-11,2111,2018-01-02,2026-09-11,2111,3,489,0
601799.SH,SH,True,True,,2111,2018-01-02,2026-09-11,2111,2018-01-02,2026-09-11,2111,0,0,0
601800.SH,SH,True,True,,2111,2018-01-02,2026-09-11,2111,2018-01-02,2026-09-11,2111,0,0,0
601801.SH,SH,True,True,,2111,2018-01-02,2026-09-11,2111,2018-01-02,2026-09-11,2111,0,0,0
601808.SH,SH,True,True,,2111,2018-01-02,2026-09-11,2111,2018-01-02,2026-09-11,2111,0,0,0
601811.SH,SH,True,True,,2111,2018-01-02,2026-09-11,2111,2018-01-02,2026-09-11,2111,0,0,0
601816.SH,SH,True,True,,1614,2020-01-16,2026-09-11,1614,2020-01-16,2026-09-11,1614,0,0,0
601818.SH,SH,True,True,,2111,2018-01-02,2026-09-11,2111,2018-01-02,2026-09-11,2111,0,0,0
601825.SH,SH,True,True,,1228,2021-08-19,2026-09-11,1228,2021-08-19,2026-09-11,1228,0,0,0
601827.SH,SH,True,True,,1523,2020-06-05,2026-09-11,1523,2020-06-05,2026-09-11,1523,0,0,0
601828.SH,SH,True,True,,2100,2018-01-17,2026-09-11,2100,2018-01-17,2026-09-11,2100,6,0,0
601838.SH,SH,True,True,,2090,2018-01-31,2026-09-11,2090,2018-01-31,2026-09-11,2090,0,0,0
601857.SH,SH,True,True,,2111,2018-01-02,2026-09-11,2111,2018-01-02,2026-09-11,2111,0,0,0
601858.SH,SH,True,True,,2111,2018-01-02,2026-09-11,2111,2018-01-02,2026-09-11,2111,0,0,0
601860.SH,SH,True,True,,1867,2019-01-03,2026-09-11,1867,2019-01-03,2026-09-11,1867,0,0,0
601865.SH,SH,True,True,,1841,2019-02-15,2026-09-11,1841,2019-02-15,2026-09-11,1841,0,0,0
601866.SH,SH,True,True,,2111,2018-01-02,2026-09-11,2111,2018-01-02,2026-09-11,2111,11,0,0
601868.SH,SH,True,True,,1202,2021-09-28,2026-09-11,1202,2021-09-28,2026-09-11,1202,0,0,0
601869.SH,SH,True,True,,1978,2018-07-20,2026-09-11,1978,2018-07-20,2026-09-11,1978,0,0,0
601872.SH,SH,True,True,,2111,2018-01-02,2026-09-11,2111,2018-01-02,2026-09-11,2111,0,0,0
601877.SH,SH,True,True,,2111,2018-01-02,2026-09-11,2111,2018-01-02,2026-09-11,2111,0,0,0
601878.SH,SH,True,True,,2111,2018-01-02,2026-09-11,2111,2018-01-02,2026-09-11,2111,0,0,0
601880.SH,SH,True,True,,2111,2018-01-02,2026-09-11,2111,2018-01-02,2026-09-11,2111,16,0,0
601881.SH,SH,True,True,,2111,2018-01-02,2026-09-11,2111,2018-01-02,2026-09-11,2111,0,0,0
601882.SH,SH,True,True,,2111,2018-01-02,2026-09-11,2111,2018-01-02,2026-09-11,2111,0,0,0
601886.SH,SH,True,True,,2111,2018-01-02,2026-09-11,2111,2018-01-02,2026-09-11,2111,0,0,0
601888.SH,SH,True,True,,2111,2018-01-02,2026-09-11,2111,2018-01-02,2026-09-11,2111,0,0,0
601890.SH,SH,True,True,,2111,2018-01-02,2026-09-11,2111,2018-01-02,2026-09-11,2111,0,0,0
601898.SH,SH,True,True,,2111,2018-01-02,2026-09-11,2111,2018-01-02,2026-09-11,2111,0,0,0
601899.SH,SH,True,True,,2111,2018-01-02,2026-09-11,2111,2018-01-02,2026-09-11,2111,4,0,0
601900.SH,SH,True,True,,2111,2018-01-02,2026-09-11,2111,2018-01-02,2026-09-11,2111,0,0,0
601901.SH,SH,True,True,,2111,2018-01-02,2026-09-11,2111,2018-01-02,2026-09-11,2111,0,0,0
601908.SH,SH,True,True,,2111,2018-01-02,2026-09-11,2111,2018-01-02,2026-09-11,2111,0,0,0
601916.SH,SH,True,True,,1650,2019-11-26,2026-09-11,1650,2019-11-26,2026-09-11,1650,6,0,0
601918.SH,SH,True,True,,2111,2018-01-02,2026-09-11,2111,2018-01-02,2026-09-11,2111,0,0,0
601919.SH,SH,True,True,,2111,2018-01-02,2026-09-11,2111,2018-01-02,2026-09-11,2111,0,0,0
601921.SH,SH,True,True,,1247,2021-07-23,2026-09-11,1247,2021-07-23,2026-09-11,1247,0,0,0
601928.SH,SH,True,True,,2111,2018-01-02,2026-09-11,2111,2018-01-02,2026-09-11,2111,0,0,0
601929.SH,SH,True,True,,2111,2018-01-02,2026-09-11,2111,2018-01-02,2026-09-11,2111,0,0,0
601933.SH,SH,True,True,,2111,2018-01-02,2026-09-11,2111,2018-01-02,2026-09-11,2111,1,0,0
601939.SH,SH,True,True,,2111,2018-01-02,2026-09-11,2111,2018-01-02,2026-09-11,2111,0,0,0
601949.SH,SH,True,True,,2111,2018-01-02,2026-09-11,2111,2018-01-02,2026-09-11,2111,0,0,0
601952.SH,SH,True,True,,2111,2018-01-02,2026-09-11,2111,2018-01-02,2026-09-11,2111,0,0,0
601956.SH,SH,True,True,,1386,2020-12-25,2026-09-11,1386,2020-12-25,2026-09-11,1386,0,0,0
601958.SH,SH,True,True,,2111,2018-01-02,2026-09-11,2111,2018-01-02,2026-09-11,2111,0,0,0
601963.SH,SH,True,True,,1357,2021-02-05,2026-09-11,1357,2021-02-05,2026-09-11,1357,0,0,0
601965.SH,SH,True,True,,2111,2018-01-02,2026-09-11,2111,2018-01-02,2026-09-11,2111,0,0,0
601966.SH,SH,True,True,,2111,2018-01-02,2026-09-11,2111,2018-01-02,2026-09-11,2111,4,0,0
601968.SH,SH,True,True,,2111,2018-01-02,2026-09-11,2111,2018-01-02,2026-09-11,2111,12,0,0
601969.SH,SH,True,True,,2111,2018-01-02,2026-09-11,2111,2018-01-02,2026-09-11,2111,18,0,0
601975.SH,SH,True,True,,1864,2019-01-08,2026-09-11,1864,2019-01-08,2026-09-11,1864,1,53,0
601985.SH,SH,True,True,,2111,2018-01-02,2026-09-11,2111,2018-01-02,2026-09-11,2111,0,0,0
601988.SH,SH,True,True,,2111,2018-01-02,2026-09-11,2111,2018-01-02,2026-09-11,2111,0,0,0
601989.SH,SH,True,True,,1864,2018-01-02,2025-09-04,1864,2018-01-02,2025-09-04,1864,27,0,0
601990.SH,SH,True,True,,2004,2018-06-13,2026-09-11,2004,2018-06-13,2026-09-11,2004,0,0,0
601991.SH,SH,True,True,,2111,2018-01-02,2026-09-11,2111,2018-01-02,2026-09-11,2111,0,0,0
601992.SH,SH,True,True,,2111,2018-01-02,2026-09-11,2111,2018-01-02,2026-09-11,2111,0,0,0
601995.SH,SH,True,True,,1425,2020-11-02,2026-09-11,1425,2020-11-02,2026-09-11,1425,20,0,0
601996.SH,SH,True,True,,2111,2018-01-02,2026-09-11,2111,2018-01-02,2026-09-11,2111,0,0,0
601997.SH,SH,True,True,,2111,2018-01-02,2026-09-11,2111,2018-01-02,2026-09-11,2111,0,0,0
601998.SH,SH,True,True,,2111,2018-01-02,2026-09-11,2111,2018-01-02,2026-09-11,2111,0,0,0
601999.SH,SH,True,True,,2111,2018-01-02,2026-09-11,2111,2018-01-02,2026-09-11,2111,0,0,0
603000.SH,SH,True,True,,2111,2018-01-02,2026-09-11,2111,2018-01-02,2026-09-11,2111,0,0,0
603001.SH,SH,True,True,,2111,2018-01-02,2026-09-11,2111,2018-01-02,2026-09-11,2111,17,280,0
603002.SH,SH,True,True,,2111,2018-01-02,2026-09-11,2111,2018-01-02,2026-09-11,2111,11,0,0
603003.SH,SH,True,True,,1818,2018-01-02,2025-07-02,1818,2018-01-02,2025-07-02,1818,28,266,0
603004.SH,SH,True,True,,657,2023-12-27,2026-09-11,657,2023-12-27,2026-09-11,657,0,0,0
603005.SH,SH,True,True,,2111,2018-01-02,2026-09-11,2111,2018-01-02,2026-09-11,2111,0,0,0
603006.SH,SH,True,True,,2111,2018-01-02,2026-09-11,2111,2018-01-02,2026-09-11,2111,10,0,0
603007.SH,SH,True,True,,2111,2018-01-02,2026-09-11,2111,2018-01-02,2026-09-11,2111,11,1202,0
603008.SH,SH,True,True,,2111,2018-01-02,2026-09-11,2111,2018-01-02,2026-09-11,2111,1,95,0
603009.SH,SH,True,True,,2111,2018-01-02,2026-09-11,2111,2018-01-02,2026-09-11,2111,13,0,0
603010.SH,SH,True,True,,2111,2018-01-02,2026-09-11,2111,2018-01-02,2026-09-11,2111,6,0,0
603011.SH,SH,True,True,,2111,2018-01-02,2026-09-11,2111,2018-01-02,2026-09-11,2111,0,0,0
603012.SH,SH,True,True,,2111,2018-01-02,2026-09-11,2111,2018-01-02,2026-09-11,2111,0,0,0
603013.SH,SH,True,True,,2029,2018-05-09,2026-09-11,2029,2018-05-09,2026-09-11,2029,0,0,0
603014.SH,SH,True,True,,325,2025-05-19,2026-09-11,325,2025-05-19,2026-09-11,325,10,0,0
603015.SH,SH,True,True,,2111,2018-01-02,2026-09-11,2111,2018-01-02,2026-09-11,2111,10,0,0
603016.SH,SH,True,True,,2111,2018-01-02,2026-09-11,2111,2018-01-02,2026-09-11,2111,83,0,0
603017.SH,SH,True,True,,2111,2018-01-02,2026-09-11,2111,2018-01-02,2026-09-11,2111,0,0,0
603018.SH,SH,True,True,,2111,2018-01-02,2026-09-11,2111,2018-01-02,2026-09-11,2111,0,0,0
603019.SH,SH,True,True,,2111,2018-01-02,2026-09-11,2111,2018-01-02,2026-09-11,2111,13,0,0
603020.SH,SH,True,True,,2111,2018-01-02,2026-09-11,2111,2018-01-02,2026-09-11,2111,0,0,0
603021.SH,SH,True,True,,2111,2018-01-02,2026-09-11,2111,2018-01-02,2026-09-11,2111,89,340,0
603022.SH,SH,True,True,,2111,2018-01-02,2026-09-11,2111,2018-01-02,2026-09-11,2111,1,0,0
603023.SH,SH,True,True,,2111,2018-01-02,2026-09-11,2111,2018-01-02,2026-09-11,2111,24,262,0
603025.SH,SH,True,True,,2111,2018-01-02,2026-09-11,2111,2018-01-02,2026-09-11,2111,10,0,0
603026.SH,SH,True,True,,2111,2018-01-02,2026-09-11,2111,2018-01-02,2026-09-11,2111,0,0,0
603027.SH,SH,True,True,,2111,2018-01-02,2026-09-11,2111,2018-01-02,2026-09-11,2111,0,0,0
603028.SH,SH,True,True,,2111,2018-01-02,2026-09-11,2111,2018-01-02,2026-09-11,2111,20,0,0
603029.SH,SH,True,True,,2111,2018-01-02,2026-09-11,2111,2018-01-02,2026-09-11,2111,10,0,0
603030.SH,SH,True,True,,2111,2018-01-02,2026-09-11,2111,2018-01-02,2026-09-11,2111,4,287,0
603031.SH,SH,True,True,,2111,2018-01-02,2026-09-11,2111,2018-01-02,2026-09-11,2111,8,0,0
603032.SH,SH,True,True,,2111,2018-01-02,2026-09-11,2111,2018-01-02,2026-09-11,2111,113,247,0
603033.SH,SH,True,True,,2111,2018-01-02,2026-09-11,2111,2018-01-02,2026-09-11,2111,74,0,0
603035.SH,SH,True,True,,2111,2018-01-02,2026-09-11,2111,2018-01-02,2026-09-11,2111,0,0,0
603036.SH,SH,True,True,,2111,2018-01-02,2026-09-11,2111,2018-01-02,2026-09-11,2111,5,0,0
603037.SH,SH,True,True,,2111,2018-01-02,2026-09-11,2111,2018-01-02,2026-09-11,2111,5,0,0
603038.SH,SH,True,True,,2111,2018-01-02,2026-09-11,2111,2018-01-02,2026-09-11,2111,2,0,0
603039.SH,SH,True,True,,2111,2018-01-02,2026-09-11,2111,2018-01-02,2026-09-11,2111,2,224,0
603040.SH,SH,True,True,,2111,2018-01-02,2026-09-11,2111,2018-01-02,2026-09-11,2111,0,0,0
603041.SH,SH,True,True,,2111,2018-01-02,2026-09-11,2111,2018-01-02,2026-09-11,2111,0,0,0
603042.SH,SH,True,True,,2111,2018-01-02,2026-09-11,2111,2018-01-02,2026-09-11,2111,7,0,0
603043.SH,SH,True,True,,2111,2018-01-02,2026-09-11,2111,2018-01-02,2026-09-11,2111,0,0,0
603045.SH,SH,True,True,,2023,2018-05-17,2026-09-11,2023,2018-05-17,2026-09-11,2023,11,0,0
603048.SH,SH,True,True,,1172,2021-11-16,2026-09-11,1172,2021-11-16,2026-09-11,1172,0,0,0
603049.SH,SH,True,True,,313,2025-06-05,2026-09-11,313,2025-06-05,2026-09-11,313,0,0,0
603050.SH,SH,True,True,,2111,2018-01-02,2026-09-11,2111,2018-01-02,2026-09-11,2111,1,0,0
603051.SH,SH,True,True,,1085,2022-03-25,2026-09-11,1085,2022-03-25,2026-09-11,1085,0,0,0
603052.SH,SH,True,True,,955,2022-10-11,2026-09-11,955,2022-10-11,2026-09-11,955,0,0,0
603053.SH,SH,True,True,,1635,2019-12-17,2026-09-11,1635,2019-12-17,2026-09-11,1635,0,0,0
603055.SH,SH,True,True,,2111,2018-01-02,2026-09-11,2111,2018-01-02,2026-09-11,2111,0,0,0
603056.SH,SH,True,True,,1987,2018-01-16,2026-03-30,1987,2018-01-16,2026-03-30,1987,56,0,0
603057.SH,SH,True,True,,961,2022-09-26,2026-09-11,961,2022-09-26,2026-09-11,961,0,0,0
603058.SH,SH,True,True,,2111,2018-01-02,2026-09-11,2111,2018-01-02,2026-09-11,2111,12,0,0
603059.SH,SH,True,True,,2073,2018-03-02,2026-09-11,2073,2018-03-02,2026-09-11,2073,0,0,0
603060.SH,SH,True,True,,2111,2018-01-02,2026-09-11,2111,2018-01-02,2026-09-11,2111,0,0,0
603061.SH,SH,True,True,,858,2023-03-03,2026-09-11,858,2023-03-03,2026-09-11,858,0,0,0
603062.SH,SH,True,True,,693,2023-11-07,2026-09-11,693,2023-11-07,2026-09-11,693,0,0,0
603063.SH,SH,True,True,,2111,2018-01-02,2026-09-11,2111,2018-01-02,2026-09-11,2111,0,0,0
603065.SH,SH,True,True,,846,2023-03-21,2026-09-11,846,2023-03-21,2026-09-11,846,0,0,0
603066.SH,SH,True,True,,2111,2018-01-02,2026-09-11,2111,2018-01-02,2026-09-11,2111,80,0,0
603067.SH,SH,True,True,,2111,2018-01-02,2026-09-11,2111,2018-01-02,2026-09-11,2111,13,0,0
603068.SH,SH,True,True,,1801,2019-04-15,2026-09-11,1801,2019-04-15,2026-09-11,1801,0,0,0
603069.SH,SH,True,True,,2111,2018-01-02,2026-09-11,2111,2018-01-02,2026-09-11,2111,18,0,0
603070.SH,SH,True,True,,1096,2022-03-10,2026-09-11,1096,2022-03-10,2026-09-11,1096,0,0,0
603071.SH,SH,True,True,,1150,2021-12-16,2026-09-11,1150,2021-12-16,2026-09-11,1150,0,0,0
603072.SH,SH,True,True,,411,2025-01-03,2026-09-11,411,2025-01-03,2026-09-11,411,0,0,0
603073.SH,SH,True,True,,849,2023-03-16,2026-09-11,849,2023-03-16,2026-09-11,849,0,0,0
603075.SH,SH,True,True,,728,2023-09-11,2026-09-11,728,2023-09-11,2026-09-11,728,0,0,0
603076.SH,SH,True,True,,2111,2018-01-02,2026-09-11,2111,2018-01-02,2026-09-11,2111,0,0,0
603077.SH,SH,True,True,,2111,2018-01-02,2026-09-11,2111,2018-01-02,2026-09-11,2111,0,0,0
603078.SH,SH,True,True,,2111,2018-01-02,2026-09-11,2111,2018-01-02,2026-09-11,2111,7,0,0
603079.SH,SH,True,True,,2111,2018-01-02,2026-09-11,2111,2018-01-02,2026-09-11,2111,28,0,0
603080.SH,SH,True,True,,2110,2018-01-03,2026-09-11,2110,2018-01-03,2026-09-11,2110,2,0,0
603081.SH,SH,True,True,,2111,2018-01-02,2026-09-11,2111,2018-01-02,2026-09-11,2111,0,0,0
603082.SH,SH,True,True,,634,2024-01-30,2026-09-11,634,2024-01-30,2026-09-11,634,5,0,0
603083.SH,SH,True,True,,2111,2018-01-02,2026-09-11,2111,2018-01-02,2026-09-11,2111,0,0,0
603085.SH,SH,True,True,,2111,2018-01-02,2026-09-11,2111,2018-01-02,2026-09-11,2111,10,0,0
603086.SH,SH,True,True,,2111,2018-01-02,2026-09-11,2111,2018-01-02,2026-09-11,2111,0,0,0
603087.SH,SH,True,True,,1509,2020-06-29,2026-09-11,1509,2020-06-29,2026-09-11,1509,0,0,0
603088.SH,SH,True,True,,2111,2018-01-02,2026-09-11,2111,2018-01-02,2026-09-11,2111,17,0,0
603089.SH,SH,True,True,,2111,2018-01-02,2026-09-11,2111,2018-01-02,2026-09-11,2111,0,0,0
603090.SH,SH,True,True,,2111,2018-01-02,2026-09-11,2111,2018-01-02,2026-09-11,2111,0,0,0
603091.SH,SH,True,True,,480,2024-09-20,2026-09-11,480,2024-09-20,2026-09-11,480,0,0,0
603092.SH,SH,True,True,,208,2025-11-07,2026-09-11,208,2025-11-07,2026-09-11,208,0,0,0
603093.SH,SH,True,True,,1706,2019-08-30,2026-09-11,1706,2019-08-30,2026-09-11,1706,0,0,0
603095.SH,SH,True,True,,1557,2020-04-15,2026-09-11,1557,2020-04-15,2026-09-11,1557,0,0,0
603096.SH,SH,True,True,,2111,2018-01-02,2026-09-11,2111,2018-01-02,2026-09-11,2111,0,0,0
603097.SH,SH,True,True,,1056,2022-05-12,2026-09-11,1056,2022-05-12,2026-09-11,1056,0,0,0
603098.SH,SH,True,True,,2111,2018-01-02,2026-09-11,2111,2018-01-02,2026-09-11,2111,1,0,0
603099.SH,SH,True,True,,2111,2018-01-02,2026-09-11,2111,2018-01-02,2026-09-11,2111,0,0,0
603100.SH,SH,True,True,,2111,2018-01-02,2026-09-11,2111,2018-01-02,2026-09-11,2111,0,0,0
603101.SH,SH,True,True,,2111,2018-01-02,2026-09-11,2111,2018-01-02,2026-09-11,2111,0,0,0
603102.SH,SH,True,True,,1123,2022-01-25,2026-09-11,1123,2022-01-25,2026-09-11,1123,0,0,0
603103.SH,SH,True,True,,2111,2018-01-02,2026-09-11,2111,2018-01-02,2026-09-11,2111,0,0,0
603105.SH,SH,True,True,,1987,2018-07-09,2026-09-11,1987,2018-07-09,2026-09-11,1987,0,0,0
603106.SH,SH,True,True,,2111,2018-01-02,2026-09-11,2111,2018-01-02,2026-09-11,2111,1,0,0
603107.SH,SH,True,True,,697,2023-11-01,2026-09-11,697,2023-11-01,2026-09-11,697,0,0,0
603108.SH,SH,True,True,,2111,2018-01-02,2026-09-11,2111,2018-01-02,2026-09-11,2111,39,0,0
603109.SH,SH,True,True,,1625,2019-12-31,2026-09-11,1625,2019-12-31,2026-09-11,1625,0,0,0
603110.SH,SH,True,True,,2111,2018-01-02,2026-09-11,2111,2018-01-02,2026-09-11,2111,2,0,0
603111.SH,SH,True,True,,2111,2018-01-02,2026-09-11,2111,2018-01-02,2026-09-11,2111,0,0,0
603112.SH,SH,True,True,,1451,2020-09-17,2026-09-11,1451,2020-09-17,2026-09-11,1451,0,0,0
603113.SH,SH,True,True,,2111,2018-01-02,2026-09-11,2111,2018-01-02,2026-09-11,2111,0,0,0
603115.SH,SH,True,True,,1721,2019-08-09,2026-09-11,1721,2019-08-09,2026-09-11,1721,0,0,0
603116.SH,SH,True,True,,2111,2018-01-02,2026-09-11,2111,2018-01-02,2026-09-11,2111,0,0,0
603117.SH,SH,True,True,,2111,2018-01-02,2026-09-11,2111,2018-01-02,2026-09-11,2111,2,545,0
603118.SH,SH,True,True,,2111,2018-01-02,2026-09-11,2111,2018-01-02,2026-09-11,2111,5,0,0
603119.SH,SH,True,True,,757,2023-08-01,2026-09-11,757,2023-08-01,2026-09-11,757,0,0,0
603120.SH,SH,True,True,,345,2025-04-16,2026-09-11,345,2025-04-16,2026-09-11,345,0,0,0
603121.SH,SH,True,True,,1861,2019-01-11,2026-09-11,1861,2019-01-11,2026-09-11,1861,10,0,0
603122.SH,SH,True,True,,1112,2022-02-16,2026-09-11,1112,2022-02-16,2026-09-11,1112,3,0,0
603123.SH,SH,True,True,,2111,2018-01-02,2026-09-11,2111,2018-01-02,2026-09-11,2111,11,0,0
603124.SH,SH,True,True,,363,2025-03-20,2026-09-11,363,2025-03-20,2026-09-11,363,0,0,0
603125.SH,SH,True,True,,833,2023-04-10,2026-09-11,833,2023-04-10,2026-09-11,833,0,0,0
603126.SH,SH,True,True,,2111,2018-01-02,2026-09-11,2111,2018-01-02,2026-09-11,2111,0,0,0
603127.SH,SH,True,True,,2111,2018-01-02,2026-09-11,2111,2018-01-02,2026-09-11,2111,0,0,0
603128.SH,SH,True,True,,2111,2018-01-02,2026-09-11,2111,2018-01-02,2026-09-11,2111,0,0,0
603129.SH,SH,True,True,,2111,2018-01-02,2026-09-11,2111,2018-01-02,2026-09-11,2111,0,0,0
603130.SH,SH,True,True,,927,2022-11-18,2026-09-11,927,2022-11-18,2026-09-11,927,0,0,0
603131.SH,SH,True,True,,2111,2018-01-02,2026-09-11,2111,2018-01-02,2026-09-11,2111,6,0,0
603132.SH,SH,True,True,,1108,2022-02-22,2026-09-11,1108,2022-02-22,2026-09-11,1108,0,0,0
603133.SH,SH,True,True,,1577,2018-01-02,2024-07-03,1577,2018-01-02,2024-07-03,1577,37,265,0
603135.SH,SH,True,True,,833,2023-04-10,2026-09-11,833,2023-04-10,2026-09-11,833,0,0,0
603136.SH,SH,True,True,,2111,2018-01-02,2026-09-11,2111,2018-01-02,2026-09-11,2111,0,0,0
603137.SH,SH,True,True,,826,2023-04-19,2026-09-11,826,2023-04-19,2026-09-11,826,10,0,0
603138.SH,SH,True,True,,2111,2018-01-02,2026-09-11,2111,2018-01-02,2026-09-11,2111,0,0,0
603139.SH,SH,True,True,,2111,2018-01-02,2026-09-11,2111,2018-01-02,2026-09-11,2111,2,0,0
603150.SH,SH,True,True,,1124,2022-01-24,2026-09-11,1124,2022-01-24,2026-09-11,1124,0,0,0
603151.SH,SH,True,True,,949,2022-10-19,2026-09-11,949,2022-10-19,2026-09-11,949,8,0,0
603153.SH,SH,True,True,,852,2023-03-13,2026-09-11,852,2023-03-13,2026-09-11,852,0,0,0
603155.SH,SH,True,True,,1463,2020-09-01,2026-09-11,1463,2020-09-01,2026-09-11,1463,0,0,0
603156.SH,SH,True,True,,2082,2018-02-12,2026-09-11,2082,2018-02-12,2026-09-11,2082,0,0,0
603157.SH,SH,True,True,,1064,2018-01-02,2022-05-24,1064,2018-01-02,2022-05-24,1064,20,440,0
603158.SH,SH,True,True,,2111,2018-01-02,2026-09-11,2111,2018-01-02,2026-09-11,2111,0,0,0
603159.SH,SH,True,True,,2111,2018-01-02,2026-09-11,2111,2018-01-02,2026-09-11,2111,9,0,0
603160.SH,SH,True,True,,2111,2018-01-02,2026-09-11,2111,2018-01-02,2026-09-11,2111,10,0,0
603161.SH,SH,True,True,,2108,2018-01-05,2026-09-11,2108,2018-01-05,2026-09-11,2108,15,0,0
603162.SH,SH,True,True,,840,2023-03-29,2026-09-11,840,2023-03-29,2026-09-11,840,0,0,0
603163.SH,SH,True,True,,953,2022-10-13,2026-09-11,953,2022-10-13,2026-09-11,953,0,0,0
603165.SH,SH,True,True,,2111,2018-01-02,2026-09-11,2111,2018-01-02,2026-09-11,2111,0,0,0
603166.SH,SH,True,True,,2111,2018-01-02,2026-09-11,2111,2018-01-02,2026-09-11,2111,0,0,0
603167.SH,SH,True,True,,2111,2018-01-02,2026-09-11,2111,2018-01-02,2026-09-11,2111,0,0,0
603168.SH,SH,True,True,,2111,2018-01-02,2026-09-11,2111,2018-01-02,2026-09-11,2111,0,0,0
603169.SH,SH,True,True,,2111,2018-01-02,2026-09-11,2111,2018-01-02,2026-09-11,2111,0,0,0
603170.SH,SH,True,True,,1011,2022-07-15,2026-09-11,1011,2022-07-15,2026-09-11,1011,0,0,0
603171.SH,SH,True,True,,1264,2021-06-30,2026-09-11,1264,2021-06-30,2026-09-11,1264,0,0,0
603172.SH,SH,True,True,,814,2023-05-10,2026-09-11,814,2023-05-10,2026-09-11,814,0,0,0
603173.SH,SH,True,True,,882,2023-01-30,2026-09-11,882,2023-01-30,2026-09-11,882,0,0,0
603175.SH,SH,True,True,,218,2025-10-24,2026-09-11,218,2025-10-24,2026-09-11,218,0,0,0
603176.SH,SH,True,True,,1139,2021-12-31,2026-09-11,1139,2021-12-31,2026-09-11,1139,0,0,0
603177.SH,SH,True,True,,2111,2018-01-02,2026-09-11,2111,2018-01-02,2026-09-11,2111,0,0,0
603178.SH,SH,True,True,,2111,2018-01-02,2026-09-11,2111,2018-01-02,2026-09-11,2111,0,0,0
603179.SH,SH,True,True,,2111,2018-01-02,2026-09-11,2111,2018-01-02,2026-09-11,2111,0,0,0
603180.SH,SH,True,True,,2111,2018-01-02,2026-09-11,2111,2018-01-02,2026-09-11,2111,0,0,0
603181.SH,SH,True,True,,2111,2018-01-02,2026-09-11,2111,2018-01-02,2026-09-11,2111,0,0,0
603182.SH,SH,True,True,,971,2022-09-09,2026-09-11,971,2022-09-09,2026-09-11,971,5,0,0
603183.SH,SH,True,True,,2111,2018-01-02,2026-09-11,2111,2018-01-02,2026-09-11,2111,6,0,0
603185.SH,SH,True,True,,1869,2018-12-28,2026-09-11,1869,2018-12-28,2026-09-11,1869,0,0,0
603186.SH,SH,True,True,,2111,2018-01-02,2026-09-11,2111,2018-01-02,2026-09-11,2111,0,0,0
603187.SH,SH,True,True,,1890,2018-11-29,2026-09-11,1890,2018-11-29,2026-09-11,1890,0,0,0
603188.SH,SH,True,True,,2111,2018-01-02,2026-09-11,2111,2018-01-02,2026-09-11,2111,32,481,0
603189.SH,SH,True,True,,2111,2018-01-02,2026-09-11,2111,2018-01-02,2026-09-11,2111,1,92,0
603190.SH,SH,True,True,,868,2023-02-17,2026-09-11,868,2023-02-17,2026-09-11,868,0,0,0
603191.SH,SH,True,True,,1063,2022-04-28,2026-09-11,1063,2022-04-28,2026-09-11,1063,0,0,0
603192.SH,SH,True,True,,1951,2018-08-28,2026-09-11,1951,2018-08-28,2026-09-11,1951,0,0,0
603193.SH,SH,True,True,,708,2023-10-17,2026-09-11,708,2023-10-17,2026-09-11,708,0,0,0
603194.SH,SH,True,True,,418,2024-12-24,2026-09-11,418,2024-12-24,2026-09-11,418,0,0,0
603195.SH,SH,True,True,,1605,2020-02-06,2026-09-11,1605,2020-02-06,2026-09-11,1605,0,0,0
603196.SH,SH,True,True,,2111,2018-01-02,2026-09-11,2111,2018-01-02,2026-09-11,2111,20,0,0
603197.SH,SH,True,True,,2111,2018-01-02,2026-09-11,2111,2018-01-02,2026-09-11,2111,0,0,0
603198.SH,SH,True,True,,2111,2018-01-02,2026-09-11,2111,2018-01-02,2026-09-11,2111,0,0,0
603199.SH,SH,True,True,,2111,2018-01-02,2026-09-11,2111,2018-01-02,2026-09-11,2111,0,0,0
603200.SH,SH,True,True,,2111,2018-01-02,2026-09-11,2111,2018-01-02,2026-09-11,2111,0,0,0
603201.SH,SH,True,True,,1001,2022-07-29,2026-09-11,1001,2022-07-29,2026-09-11,1001,0,0,0
603202.SH,SH,True,True,,339,2025-04-24,2026-09-11,339,2025-04-24,2026-09-11,339,0,0,0
603203.SH,SH,True,True,,2111,2018-01-02,2026-09-11,2111,2018-01-02,2026-09-11,2111,0,0,0
603205.SH,SH,True,True,,451,2024-11-07,2026-09-11,451,2024-11-07,2026-09-11,451,0,0,0
603206.SH,SH,True,True,,1060,2022-05-06,2026-09-11,1060,2022-05-06,2026-09-11,1060,0,0,0
603207.SH,SH,True,True,,497,2024-08-26,2026-09-11,497,2024-08-26,2026-09-11,497,0,0,0
603208.SH,SH,True,True,,2111,2018-01-02,2026-09-11,2111,2018-01-02,2026-09-11,2111,0,0,0
603209.SH,SH,True,True,,1086,2022-03-24,2026-09-11,1086,2022-03-24,2026-09-11,1086,0,0,0
603210.SH,SH,True,True,,350,2025-04-09,2026-09-11,350,2025-04-09,2026-09-11,350,0,0,0
603211.SH,SH,True,True,,1005,2022-07-25,2026-09-11,1005,2022-07-25,2026-09-11,1005,0,0,0
603212.SH,SH,True,True,,1546,2020-04-30,2026-09-11,1546,2020-04-30,2026-09-11,1546,0,0,0
603213.SH,SH,True,True,,1175,2021-11-11,2026-09-11,1175,2021-11-11,2026-09-11,1175,10,0,0
603214.SH,SH,True,True,,2053,2018-03-30,2026-09-11,2053,2018-03-30,2026-09-11,2053,0,0,0
603215.SH,SH,True,True,,1110,2022-02-18,2026-09-11,1110,2022-02-18,2026-09-11,1110,0,0,0
603216.SH,SH,True,True,,1151,2021-12-15,2026-09-11,1151,2021-12-15,2026-09-11,1151,9,0,0
603217.SH,SH,True,True,,1757,2019-06-20,2026-09-11,1757,2019-06-20,2026-09-11,1757,0,0,0
603218.SH,SH,True,True,,2111,2018-01-02,2026-09-11,2111,2018-01-02,2026-09-11,2111,0,0,0
603219.SH,SH,True,True,,1168,2021-11-22,2026-09-11,1168,2021-11-22,2026-09-11,1168,0,0,0
603220.SH,SH,True,True,,1900,2018-11-15,2026-09-11,1900,2018-11-15,2026-09-11,1900,0,0,0
603221.SH,SH,True,True,,1573,2020-03-23,2026-09-11,1573,2020-03-23,2026-09-11,1573,8,0,0
603222.SH,SH,True,True,,2111,2018-01-02,2026-09-11,2111,2018-01-02,2026-09-11,2111,54,0,0
603223.SH,SH,True,True,,2111,2018-01-02,2026-09-11,2111,2018-01-02,2026-09-11,2111,3,0,0
603225.SH,SH,True,True,,2111,2018-01-02,2026-09-11,2111,2018-01-02,2026-09-11,2111,0,0,0
603226.SH,SH,True,True,,2111,2018-01-02,2026-09-11,2111,2018-01-02,2026-09-11,2111,4,0,0
603227.SH,SH,True,True,,2111,2018-01-02,2026-09-11,2111,2018-01-02,2026-09-11,2111,13,0,0
603228.SH,SH,True,True,,2111,2018-01-02,2026-09-11,2111,2018-01-02,2026-09-11,2111,0,0,0
603229.SH,SH,True,True,,2111,2018-01-02,2026-09-11,2111,2018-01-02,2026-09-11,2111,0,0,0
603230.SH,SH,True,True,,1144,2021-12-24,2026-09-11,1144,2021-12-24,2026-09-11,1144,0,0,0
603231.SH,SH,True,True,,665,2023-12-15,2026-09-11,665,2023-12-15,2026-09-11,665,0,0,0
603232.SH,SH,True,True,,2111,2018-01-02,2026-09-11,2111,2018-01-02,2026-09-11,2111,0,0,0
603233.SH,SH,True,True,,2111,2018-01-02,2026-09-11,2111,2018-01-02,2026-09-11,2111,0,0,0
603235.SH,SH,True,True,,1014,2022-07-12,2026-09-11,1014,2022-07-12,2026-09-11,1014,0,0,0
603236.SH,SH,True,True,,1739,2019-07-16,2026-09-11,1739,2019-07-16,2026-09-11,1739,0,0,0
603237.SH,SH,True,True,,978,2022-08-31,2026-09-11,978,2022-08-31,2026-09-11,978,0,0,0
603238.SH,SH,True,True,,2111,2018-01-02,2026-09-11,2111,2018-01-02,2026-09-11,2111,0,0,0
603239.SH,SH,True,True,,2111,2018-01-02,2026-09-11,2111,2018-01-02,2026-09-11,2111,0,0,0
603248.SH,SH,True,True,,176,2025-12-23,2026-09-11,176,2025-12-23,2026-09-11,176,0,0,0
603255.SH,SH,True,True,,987,2022-08-18,2026-09-11,987,2022-08-18,2026-09-11,987,0,0,0
603256.SH,SH,True,True,,1736,2019-07-19,2026-09-11,1736,2019-07-19,2026-09-11,1736,0,0,0
603257.SH,SH,True,True,,351,2025-04-08,2026-09-11,351,2025-04-08,2026-09-11,351,0,0,0
603258.SH,SH,True,True,,2111,2018-01-02,2026-09-11,2111,2018-01-02,2026-09-11,2111,0,0,0
603259.SH,SH,True,True,,2030,2018-05-08,2026-09-11,2030,2018-05-08,2026-09-11,2030,0,0,0
603260.SH,SH,True,True,,2111,2018-01-02,2026-09-11,2111,2018-01-02,2026-09-11,2111,0,0,0
603261.SH,SH,True,True,,1093,2022-03-15,2026-09-11,1093,2022-03-15,2026-09-11,1093,2,273,0
603262.SH,SH,True,True,,279,2025-07-23,2026-09-11,279,2025-07-23,2026-09-11,279,0,0,0
603266.SH,SH,True,True,,2111,2018-01-02,2026-09-11,2111,2018-01-02,2026-09-11,2111,0,0,0
603267.SH,SH,True,True,,1782,2019-05-15,2026-09-11,1782,2019-05-15,2026-09-11,1782,0,0,0
603268.SH,SH,True,True,,2111,2018-01-02,2026-09-11,2111,2018-01-02,2026-09-11,2111,10,235,0
603269.SH,SH,True,True,,2111,2018-01-02,2026-09-11,2111,2018-01-02,2026-09-11,2111,6,0,0
603270.SH,SH,True,True,,734,2023-09-01,2026-09-11,734,2023-09-01,2026-09-11,734,0,0,0
603271.SH,SH,True,True,,370,2025-03-11,2026-09-11,370,2025-03-11,2026-09-11,370,0,0,0
603272.SH,SH,True,True,,1050,2022-05-20,2026-09-11,1050,2022-05-20,2026-09-11,1050,1,94,0
603273.SH,SH,True,True,,704,2023-10-23,2026-09-11,704,2023-10-23,2026-09-11,704,0,0,0
603275.SH,SH,True,True,,741,2023-08-23,2026-09-11,741,2023-08-23,2026-09-11,741,0,0,0
603276.SH,SH,True,True,,718,2023-09-25,2026-09-11,718,2023-09-25,2026-09-11,718,0,0,0
603277.SH,SH,True,True,,2111,2018-01-02,2026-09-11,2111,2018-01-02,2026-09-11,2111,0,0,0
603278.SH,SH,True,True,,2111,2018-01-02,2026-09-11,2111,2018-01-02,2026-09-11,2111,0,0,0
603279.SH,SH,True,True,,1730,2019-07-29,2026-09-11,1730,2019-07-29,2026-09-11,1730,0,0,0
603280.SH,SH,True,True,,935,2022-11-08,2026-09-11,935,2022-11-08,2026-09-11,935,0,0,0
603281.SH,SH,True,True,,881,2023-01-31,2026-09-11,881,2023-01-31,2026-09-11,881,0,0,0
603282.SH,SH,True,True,,850,2023-03-15,2026-09-11,850,2023-03-15,2026-09-11,850,0,0,0
603283.SH,SH,True,True,,2111,2018-01-02,2026-09-11,2111,2018-01-02,2026-09-11,2111,6,0,0
603284.SH,SH,True,True,,143,2026-02-10,2026-09-11,143,2026-02-10,2026-09-11,143,0,0,0
603285.SH,SH,True,True,,533,2024-07-05,2026-09-11,533,2024-07-05,2026-09-11,533,0,0,0
603286.SH,SH,True,True,,2111,2018-01-02,2026-09-11,2111,2018-01-02,2026-09-11,2111,17,0,0
603288.SH,SH,True,True,,2111,2018-01-02,2026-09-11,2111,2018-01-02,2026-09-11,2111,0,0,0
603289.SH,SH,True,True,,2111,2018-01-02,2026-09-11,2111,2018-01-02,2026-09-11,2111,0,0,0
603290.SH,SH,True,True,,1607,2020-02-04,2026-09-11,1607,2020-02-04,2026-09-11,1607,0,0,0
603291.SH,SH,True,True,,842,2023-03-27,2026-09-11,842,2023-03-27,2026-09-11,842,0,0,0
603293.SH,SH,True,True,,103,2026-04-16,2026-09-11,103,2026-04-16,2026-09-11,103,0,0,0
603296.SH,SH,True,True,,752,2023-08-08,2026-09-11,752,2023-08-08,2026-09-11,752,0,0,0
603297.SH,SH,True,True,,1942,2018-09-10,2026-09-11,1942,2018-09-10,2026-09-11,1942,0,0,0
603298.SH,SH,True,True,,2111,2018-01-02,2026-09-11,2111,2018-01-02,2026-09-11,2111,0,0,0
603299.SH,SH,True,True,,2111,2018-01-02,2026-09-11,2111,2018-01-02,2026-09-11,2111,5,0,0
603300.SH,SH,True,True,,2111,2018-01-02,2026-09-11,2111,2018-01-02,2026-09-11,2111,2,0,0
603301.SH,SH,True,True,,2046,2018-04-12,2026-09-11,2046,2018-04-12,2026-09-11,2046,0,0,0
603303.SH,SH,True,True,,2111,2018-01-02,2026-09-11,2111,2018-01-02,2026-09-11,2111,0,0,0
603305.SH,SH,True,True,,2111,2018-01-02,2026-09-11,2111,2018-01-02,2026-09-11,2111,7,0,0
603306.SH,SH,True,True,,2111,2018-01-02,2026-09-11,2111,2018-01-02,2026-09-11,2111,17,0,0
603307.SH,SH,True,True,,869,2023-02-16,2026-09-11,869,2023-02-16,2026-09-11,869,0,0,0
603308.SH,SH,True,True,,2111,2018-01-02,2026-09-11,2111,2018-01-02,2026-09-11,2111,0,0,0
603309.SH,SH,True,True,,2111,2018-01-02,2026-09-11,2111,2018-01-02,2026-09-11,2111,69,0,0
603310.SH,SH,True,True,,505,2024-08-14,2026-09-11,505,2024-08-14,2026-09-11,505,0,0,0
603311.SH,SH,True,True,,2111,2018-01-02,2026-09-11,2111,2018-01-02,2026-09-11,2111,5,0,0
603312.SH,SH,True,True,,647,2024-01-11,2026-09-11,647,2024-01-11,2026-09-11,647,0,0,0
603313.SH,SH,True,True,,2111,2018-01-02,2026-09-11,2111,2018-01-02,2026-09-11,2111,0,0,0
603315.SH,SH,True,True,,2111,2018-01-02,2026-09-11,2111,2018-01-02,2026-09-11,2111,91,0,0
603316.SH,SH,True,True,,2111,2018-01-02,2026-09-11,2111,2018-01-02,2026-09-11,2111,0,0,0
603317.SH,SH,True,True,,1800,2019-04-16,2026-09-11,1800,2019-04-16,2026-09-11,1800,0,0,0
603318.SH,SH,True,True,,2111,2018-01-02,2026-09-11,2111,2018-01-02,2026-09-11,2111,87,0,0
603319.SH,SH,True,True,,2111,2018-01-02,2026-09-11,2111,2018-01-02,2026-09-11,2111,0,0,0
603320.SH,SH,True,True,,2111,2018-01-02,2026-09-11,2111,2018-01-02,2026-09-11,2111,0,0,0
603321.SH,SH,True,True,,2111,2018-01-02,2026-09-11,2111,2018-01-02,2026-09-11,2111,0,0,0
603322.SH,SH,True,True,,2111,2018-01-02,2026-09-11,2111,2018-01-02,2026-09-11,2111,13,33,0
603323.SH,SH,True,True,,2111,2018-01-02,2026-09-11,2111,2018-01-02,2026-09-11,2111,0,0,0
603324.SH,SH,True,True,,1320,2021-04-07,2026-09-11,1320,2021-04-07,2026-09-11,1320,0,0,0
603325.SH,SH,True,True,,648,2024-01-10,2026-09-11,648,2024-01-10,2026-09-11,648,0,0,0
603326.SH,SH,True,True,,2111,2018-01-02,2026-09-11,2111,2018-01-02,2026-09-11,2111,0,0,0
603327.SH,SH,True,True,,1776,2019-05-23,2026-09-11,1776,2019-05-23,2026-09-11,1776,0,0,0
603328.SH,SH,True,True,,2111,2018-01-02,2026-09-11,2111,2018-01-02,2026-09-11,2111,0,0,0
603329.SH,SH,True,True,,2111,2018-01-02,2026-09-11,2111,2018-01-02,2026-09-11,2111,6,0,0
603330.SH,SH,True,True,,2111,2018-01-02,2026-09-11,2111,2018-01-02,2026-09-11,2111,14,0,0
603331.SH,SH,True,True,,2111,2018-01-02,2026-09-11,2111,2018-01-02,2026-09-11,2111,0,0,0
603332.SH,SH,True,True,,1857,2019-01-17,2026-09-11,1857,2019-01-17,2026-09-11,1857,0,0,0
603333.SH,SH,True,True,,2111,2018-01-02,2026-09-11,2111,2018-01-02,2026-09-11,2111,36,0,0
603334.SH,SH,True,True,,210,2025-11-05,2026-09-11,210,2025-11-05,2026-09-11,210,0,0,0
603335.SH,SH,True,True,,2111,2018-01-02,2026-09-11,2111,2018-01-02,2026-09-11,2111,0,0,0
603336.SH,SH,True,True,,2111,2018-01-02,2026-09-11,2111,2018-01-02,2026-09-11,2111,7,0,0
603337.SH,SH,True,True,,2111,2018-01-02,2026-09-11,2111,2018-01-02,2026-09-11,2111,0,0,0
603338.SH,SH,True,True,,2111,2018-01-02,2026-09-11,2111,2018-01-02,2026-09-11,2111,0,0,0
603339.SH,SH,True,True,,2111,2018-01-02,2026-09-11,2111,2018-01-02,2026-09-11,2111,0,0,0
603341.SH,SH,True,True,,617,2024-03-01,2026-09-11,617,2024-03-01,2026-09-11,617,0,0,0
603344.SH,SH,True,True,,604,2024-03-20,2026-09-11,604,2024-03-20,2026-09-11,604,0,0,0
603345.SH,SH,True,True,,2111,2018-01-02,2026-09-11,2111,2018-01-02,2026-09-11,2111,0,0,0
603348.SH,SH,True,True,,2036,2018-04-26,2026-09-11,2036,2018-04-26,2026-09-11,2036,1,0,0
603350.SH,SH,True,True,,535,2024-07-03,2026-09-11,535,2024-07-03,2026-09-11,535,0,0,0
603351.SH,SH,True,True,,1848,2019-01-30,2026-09-11,1848,2019-01-30,2026-09-11,1848,0,0,0
603352.SH,SH,True,True,,161,2026-01-15,2026-09-11,161,2026-01-15,2026-09-11,161,0,0,0
603353.SH,SH,True,True,,1563,2020-04-07,2026-09-11,1563,2020-04-07,2026-09-11,1563,0,0,0
603355.SH,SH,True,True,,2111,2018-01-02,2026-09-11,2111,2018-01-02,2026-09-11,2111,0,0,0
603356.SH,SH,True,True,,2095,2018-01-24,2026-09-11,2095,2018-01-24,2026-09-11,2095,10,0,0
603357.SH,SH,True,True,,2111,2018-01-02,2026-09-11,2111,2018-01-02,2026-09-11,2111,0,0,0
603358.SH,SH,True,True,,2111,2018-01-02,2026-09-11,2111,2018-01-02,2026-09-11,2111,5,0,0
603359.SH,SH,True,True,,2111,2018-01-02,2026-09-11,2111,2018-01-02,2026-09-11,2111,11,93,0
603360.SH,SH,True,True,,2111,2018-01-02,2026-09-11,2111,2018-01-02,2026-09-11,2111,0,0,0
603363.SH,SH,True,True,,2111,2018-01-02,2026-09-11,2111,2018-01-02,2026-09-11,2111,2,252,0
603365.SH,SH,True,True,,2111,2018-01-02,2026-09-11,2111,2018-01-02,2026-09-11,2111,0,0,0
603366.SH,SH,True,True,,2111,2018-01-02,2026-09-11,2111,2018-01-02,2026-09-11,2111,0,0,0
603367.SH,SH,True,True,,2111,2018-01-02,2026-09-11,2111,2018-01-02,2026-09-11,2111,0,0,0
603368.SH,SH,True,True,,2111,2018-01-02,2026-09-11,2111,2018-01-02,2026-09-11,2111,0,0,0
603369.SH,SH,True,True,,2111,2018-01-02,2026-09-11,2111,2018-01-02,2026-09-11,2111,0,0,0
603370.SH,SH,True,True,,247,2025-09-05,2026-09-11,247,2025-09-05,2026-09-11,247,0,0,0
603373.SH,SH,True,True,,662,2023-12-20,2026-09-11,662,2023-12-20,2026-09-11,662,0,0,0
603375.SH,SH,True,True,,638,2024-01-24,2026-09-11,638,2024-01-24,2026-09-11,638,0,0,0
603376.SH,SH,True,True,,209,2025-11-06,2026-09-11,209,2025-11-06,2026-09-11,209,0,0,0
603377.SH,SH,True,True,,2111,2018-01-02,2026-09-11,2111,2018-01-02,2026-09-11,2111,43,576,0
603378.SH,SH,True,True,,2111,2018-01-02,2026-09-11,2111,2018-01-02,2026-09-11,2111,1,92,0
603379.SH,SH,True,True,,1809,2019-04-02,2026-09-11,1809,2019-04-02,2026-09-11,1809,0,0,0
603380.SH,SH,True,True,,2111,2018-01-02,2026-09-11,2111,2018-01-02,2026-09-11,2111,0,0,0
603381.SH,SH,True,True,,540,2024-06-26,2026-09-11,540,2024-06-26,2026-09-11,540,0,0,0
603382.SH,SH,True,True,,308,2025-06-12,2026-09-11,308,2025-06-12,2026-09-11,308,0,0,0
603383.SH,SH,True,True,,2111,2018-01-02,2026-09-11,2111,2018-01-02,2026-09-11,2111,2,0,0
603385.SH,SH,True,True,,2111,2018-01-02,2026-09-11,2111,2018-01-02,2026-09-11,2111,0,0,0
603386.SH,SH,True,True,,2111,2018-01-02,2026-09-11,2111,2018-01-02,2026-09-11,2111,88,0,0
603387.SH,SH,True,True,,2111,2018-01-02,2026-09-11,2111,2018-01-02,2026-09-11,2111,0,0,0
603388.SH,SH,True,True,,1923,2018-01-02,2025-12-04,1923,2018-01-02,2025-12-04,1923,20,389,0
603389.SH,SH,True,True,,2111,2018-01-02,2026-09-11,2111,2018-01-02,2026-09-11,2111,35,531,0
603390.SH,SH,True,True,,1651,2019-11-25,2026-09-11,1651,2019-11-25,2026-09-11,1651,0,0,0
603391.SH,SH,True,True,,515,2024-07-31,2026-09-11,515,2024-07-31,2026-09-11,515,0,0,0
603392.SH,SH,True,True,,1547,2020-04-29,2026-09-11,1547,2020-04-29,2026-09-11,1547,0,0,0
603393.SH,SH,True,True,,2111,2018-01-02,2026-09-11,2111,2018-01-02,2026-09-11,2111,62,0,0
603395.SH,SH,True,True,,438,2024-11-26,2026-09-11,438,2024-11-26,2026-09-11,438,0,0,0
603396.SH,SH,True,True,,2111,2018-01-02,2026-09-11,2111,2018-01-02,2026-09-11,2111,0,0,0
603398.SH,SH,True,True,,2111,2018-01-02,2026-09-11,2111,2018-01-02,2026-09-11,2111,74,334,0
603399.SH,SH,True,True,,2111,2018-01-02,2026-09-11,2111,2018-01-02,2026-09-11,2111,18,0,0
603400.SH,SH,True,True,,302,2025-06-20,2026-09-11,302,2025-06-20,2026-09-11,302,0,0,0
603402.SH,SH,True,True,,168,2026-01-06,2026-09-11,168,2026-01-06,2026-09-11,168,0,0,0
603406.SH,SH,True,True,,267,2025-08-08,2026-09-11,267,2025-08-08,2026-09-11,267,0,0,0
603407.SH,SH,True,True,,89,2026-05-11,2026-09-11,89,2026-05-11,2026-09-11,89,0,0,0
603408.SH,SH,True,True,,1486,2020-07-30,2026-09-11,1486,2020-07-30,2026-09-11,1486,0,0,0
603409.SH,SH,True,True,,375,2025-03-04,2026-09-11,375,2025-03-04,2026-09-11,375,0,0,0
603416.SH,SH,True,True,,2111,2018-01-02,2026-09-11,2111,2018-01-02,2026-09-11,2111,0,0,0
603418.SH,SH,True,True,,235,2025-09-23,2026-09-11,235,2025-09-23,2026-09-11,235,0,0,0
603421.SH,SH,True,True,,2111,2018-01-02,2026-09-11,2111,2018-01-02,2026-09-11,2111,0,0,0
603429.SH,SH,True,True,,2111,2018-01-02,2026-09-11,2111,2018-01-02,2026-09-11,2111,25,119,0
603435.SH,SH,True,True,,80,2026-05-22,2026-09-11,80,2026-05-22,2026-09-11,80,0,0,0
603439.SH,SH,True,True,,1548,2020-04-28,2026-09-11,1548,2020-04-28,2026-09-11,1548,0,0,0
603444.SH,SH,True,True,,2111,2018-01-02,2026-09-11,2111,2018-01-02,2026-09-11,2111,0,0,0
603448.SH,SH,True,True,,5,2026-09-07,2026-09-11,5,2026-09-07,2026-09-11,5,0,0,0
603456.SH,SH,True,True,,2111,2018-01-02,2026-09-11,2111,2018-01-02,2026-09-11,2111,23,0,0
603458.SH,SH,True,True,,2111,2018-01-02,2026-09-11,2111,2018-01-02,2026-09-11,2111,2,0,0
603459.SH,SH,True,True,,109,2026-04-08,2026-09-11,109,2026-04-08,2026-09-11,109,0,0,0
603466.SH,SH,True,True,,2111,2018-01-02,2026-09-11,2111,2018-01-02,2026-09-11,2111,1,0,0
603468.SH,SH,True,True,,27,2026-08-06,2026-09-11,27,2026-08-06,2026-09-11,27,0,0,0
603477.SH,SH,True,True,,2111,2018-01-02,2026-09-11,2111,2018-01-02,2026-09-11,2111,11,0,0
603486.SH,SH,True,True,,2016,2018-05-28,2026-09-11,2016,2018-05-28,2026-09-11,2016,0,0,0
603488.SH,SH,True,True,,2111,2018-01-02,2026-09-11,2111,2018-01-02,2026-09-11,2111,16,0,0
603489.SH,SH,True,True,,1661,2019-11-11,2026-09-11,1661,2019-11-11,2026-09-11,1661,0,0,0
603496.SH,SH,True,True,,2111,2018-01-02,2026-09-11,2111,2018-01-02,2026-09-11,2111,9,0,0
603499.SH,SH,True,True,,2111,2018-01-02,2026-09-11,2111,2018-01-02,2026-09-11,2111,1,0,0
603500.SH,SH,True,True,,2111,2018-01-02,2026-09-11,2111,2018-01-02,2026-09-11,2111,0,0,0
603501.SH,SH,True,True,,2111,2018-01-02,2026-09-11,2111,2018-01-02,2026-09-11,2111,86,0,0
603505.SH,SH,True,True,,2111,2018-01-02,2026-09-11,2111,2018-01-02,2026-09-11,2111,0,0,0
603506.SH,SH,True,True,,2089,2018-02-01,2026-09-11,2089,2018-02-01,2026-09-11,2089,0,0,0
603507.SH,SH,True,True,,2111,2018-01-02,2026-09-11,2111,2018-01-02,2026-09-11,2111,5,0,0
603508.SH,SH,True,True,,2111,2018-01-02,2026-09-11,2111,2018-01-02,2026-09-11,2111,93,0,0
603511.SH,SH,True,True,,1285,2021-05-31,2026-09-11,1285,2021-05-31,2026-09-11,1285,0,0,0
603515.SH,SH,True,True,,2111,2018-01-02,2026-09-11,2111,2018-01-02,2026-09-11,2111,0,0,0
603516.SH,SH,True,True,,2088,2018-02-02,2026-09-11,2088,2018-02-02,2026-09-11,2088,0,0,0
603517.SH,SH,True,True,,2111,2018-01-02,2026-09-11,2111,2018-01-02,2026-09-11,2111,1,235,0
603518.SH,SH,True,True,,2111,2018-01-02,2026-09-11,2111,2018-01-02,2026-09-11,2111,3,0,0
603519.SH,SH,True,True,,2111,2018-01-02,2026-09-11,2111,2018-01-02,2026-09-11,2111,0,0,0
603520.SH,SH,True,True,,2111,2018-01-02,2026-09-11,2111,2018-01-02,2026-09-11,2111,101,0,0
603527.SH,SH,True,True,,2111,2018-01-02,2026-09-11,2111,2018-01-02,2026-09-11,2111,0,0,0
603528.SH,SH,True,True,,2111,2018-01-02,2026-09-11,2111,2018-01-02,2026-09-11,2111,0,0,0
603529.SH,SH,True,True,,1275,2021-06-15,2026-09-11,1275,2021-06-15,2026-09-11,1275,0,0,0
603530.SH,SH,True,True,,1725,2019-08-05,2026-09-11,1725,2019-08-05,2026-09-11,1725,0,0,0
603533.SH,SH,True,True,,2111,2018-01-02,2026-09-11,2111,2018-01-02,2026-09-11,2111,0,0,0
603535.SH,SH,True,True,,2111,2018-01-02,2026-09-11,2111,2018-01-02,2026-09-11,2111,0,0,0
603536.SH,SH,True,True,,2111,2018-01-02,2026-09-11,2111,2018-01-02,2026-09-11,2111,0,0,0
603538.SH,SH,True,True,,2111,2018-01-02,2026-09-11,2111,2018-01-02,2026-09-11,2111,73,0,0
603551.SH,SH,True,True,,1615,2020-01-15,2026-09-11,1615,2020-01-15,2026-09-11,1615,0,0,0
603555.SH,SH,True,True,,1515,2018-01-02,2024-03-29,1515,2018-01-02,2024-03-29,1515,20,721,0
603556.SH,SH,True,True,,2111,2018-01-02,2026-09-11,2111,2018-01-02,2026-09-11,2111,0,0,0
603557.SH,SH,True,True,,2111,2018-01-02,2026-09-11,2111,2018-01-02,2026-09-11,2111,12,1303,0
603558.SH,SH,True,True,,2111,2018-01-02,2026-09-11,2111,2018-01-02,2026-09-11,2111,0,0,0
603559.SH,SH,True,True,,2111,2018-01-02,2026-09-11,2111,2018-01-02,2026-09-11,2111,7,766,0
603565.SH,SH,True,True,,1445,2020-09-25,2026-09-11,1445,2020-09-25,2026-09-11,1445,0,0,0
603566.SH,SH,True,True,,2111,2018-01-02,2026-09-11,2111,2018-01-02,2026-09-11,2111,0,0,0
603567.SH,SH,True,True,,2111,2018-01-02,2026-09-11,2111,2018-01-02,2026-09-11,2111,0,0,0
603568.SH,SH,True,True,,2111,2018-01-02,2026-09-11,2111,2018-01-02,2026-09-11,2111,0,0,0
603569.SH,SH,True,True,,2111,2018-01-02,2026-09-11,2111,2018-01-02,2026-09-11,2111,0,0,0
603577.SH,SH,True,True,,2111,2018-01-02,2026-09-11,2111,2018-01-02,2026-09-11,2111,0,0,0
603578.SH,SH,True,True,,2111,2018-01-02,2026-09-11,2111,2018-01-02,2026-09-11,2111,5,0,0
603579.SH,SH,True,True,,2111,2018-01-02,2026-09-11,2111,2018-01-02,2026-09-11,2111,0,0,0
603580.SH,SH,True,True,,2111,2018-01-02,2026-09-11,2111,2018-01-02,2026-09-11,2111,7,282,0
603583.SH,SH,True,True,,1933,2018-09-21,2026-09-11,1933,2018-09-21,2026-09-11,1933,0,0,0
603585.SH,SH,True,True,,2111,2018-01-02,2026-09-11,2111,2018-01-02,2026-09-11,2111,0,0,0
603586.SH,SH,True,True,,2111,2018-01-02,2026-09-11,2111,2018-01-02,2026-09-11,2111,0,0,0
603587.SH,SH,True,True,,1998,2018-06-22,2026-09-11,1998,2018-06-22,2026-09-11,1998,0,0,0
603588.SH,SH,True,True,,2111,2018-01-02,2026-09-11,2111,2018-01-02,2026-09-11,2111,5,0,0
603589.SH,SH,True,True,,2111,2018-01-02,2026-09-11,2111,2018-01-02,2026-09-11,2111,0,0,0
603590.SH,SH,True,True,,1952,2018-08-27,2026-09-11,1952,2018-08-27,2026-09-11,1952,0,0,0
603595.SH,SH,True,True,,2111,2018-01-02,2026-09-11,2111,2018-01-02,2026-09-11,2111,1,213,0
603596.SH,SH,True,True,,2035,2018-04-27,2026-09-11,2035,2018-04-27,2026-09-11,2035,0,0,0
603598.SH,SH,True,True,,2111,2018-01-02,2026-09-11,2111,2018-01-02,2026-09-11,2111,41,0,0
603599.SH,SH,True,True,,2111,2018-01-02,2026-09-11,2111,2018-01-02,2026-09-11,2111,0,0,0
603600.SH,SH,True,True,,2111,2018-01-02,2026-09-11,2111,2018-01-02,2026-09-11,2111,0,0,0
603601.SH,SH,True,True,,2111,2018-01-02,2026-09-11,2111,2018-01-02,2026-09-11,2111,0,0,0
603602.SH,SH,True,True,,2111,2018-01-02,2026-09-11,2111,2018-01-02,2026-09-11,2111,62,0,0
603603.SH,SH,True,True,,1532,2018-01-02,2024-04-25,1532,2018-01-02,2024-04-25,1532,135,461,0
603605.SH,SH,True,True,,2111,2018-01-02,2026-09-11,2111,2018-01-02,2026-09-11,2111,0,0,0
603606.SH,SH,True,True,,2111,2018-01-02,2026-09-11,2111,2018-01-02,2026-09-11,2111,0,0,0
603607.SH,SH,True,True,,2111,2018-01-02,2026-09-11,2111,2018-01-02,2026-09-11,2111,1,0,0
603608.SH,SH,True,True,,2111,2018-01-02,2026-09-11,2111,2018-01-02,2026-09-11,2111,7,242,0
603609.SH,SH,True,True,,2111,2018-01-02,2026-09-11,2111,2018-01-02,2026-09-11,2111,0,0,0
603610.SH,SH,True,True,,1670,2019-10-29,2026-09-11,1670,2019-10-29,2026-09-11,1670,0,0,0
603611.SH,SH,True,True,,2111,2018-01-02,2026-09-11,2111,2018-01-02,2026-09-11,2111,0,0,0
603612.SH,SH,True,True,,2111,2018-01-02,2026-09-11,2111,2018-01-02,2026-09-11,2111,11,0,0
603613.SH,SH,True,True,,1729,2019-07-30,2026-09-11,1729,2019-07-30,2026-09-11,1729,0,0,0
603615.SH,SH,True,True,,2111,2018-01-02,2026-09-11,2111,2018-01-02,2026-09-11,2111,0,0,0
603616.SH,SH,True,True,,2111,2018-01-02,2026-09-11,2111,2018-01-02,2026-09-11,2111,12,0,0
603617.SH,SH,True,True,,2111,2018-01-02,2026-09-11,2111,2018-01-02,2026-09-11,2111,0,0,0
603618.SH,SH,True,True,,2111,2018-01-02,2026-09-11,2111,2018-01-02,2026-09-11,2111,0,0,0
603619.SH,SH,True,True,,2111,2018-01-02,2026-09-11,2111,2018-01-02,2026-09-11,2111,0,0,0
603626.SH,SH,True,True,,2111,2018-01-02,2026-09-11,2111,2018-01-02,2026-09-11,2111,0,0,0
603628.SH,SH,True,True,,2111,2018-01-02,2026-09-11,2111,2018-01-02,2026-09-11,2111,0,0,0
603629.SH,SH,True,True,,1873,2018-12-24,2026-09-11,1873,2018-12-24,2026-09-11,1873,0,0,0
603630.SH,SH,True,True,,2111,2018-01-02,2026-09-11,2111,2018-01-02,2026-09-11,2111,0,0,0
603633.SH,SH,True,True,,2111,2018-01-02,2026-09-11,2111,2018-01-02,2026-09-11,2111,6,0,0
603636.SH,SH,True,True,,2111,2018-01-02,2026-09-11,2111,2018-01-02,2026-09-11,2111,75,0,0
603637.SH,SH,True,True,,2111,2018-01-02,2026-09-11,2111,2018-01-02,2026-09-11,2111,2,0,0
603638.SH,SH,True,True,,2111,2018-01-02,2026-09-11,2111,2018-01-02,2026-09-11,2111,0,0,0
603639.SH,SH,True,True,,2111,2018-01-02,2026-09-11,2111,2018-01-02,2026-09-11,2111,0,0,0
603648.SH,SH,True,True,,2111,2018-01-02,2026-09-11,2111,2018-01-02,2026-09-11,2111,0,0,0
603650.SH,SH,True,True,,1995,2018-06-27,2026-09-11,1995,2018-06-27,2026-09-11,1995,0,0,0
603655.SH,SH,True,True,,2111,2018-01-02,2026-09-11,2111,2018-01-02,2026-09-11,2111,5,0,0
603656.SH,SH,True,True,,2111,2018-01-02,2026-09-11,2111,2018-01-02,2026-09-11,2111,0,0,0
603657.SH,SH,True,True,,1972,2018-07-30,2026-09-11,1972,2018-07-30,2026-09-11,1972,0,0,0
603658.SH,SH,True,True,,2111,2018-01-02,2026-09-11,2111,2018-01-02,2026-09-11,2111,0,0,0
603659.SH,SH,True,True,,2111,2018-01-02,2026-09-11,2111,2018-01-02,2026-09-11,2111,56,0,0
603660.SH,SH,True,True,,2111,2018-01-02,2026-09-11,2111,2018-01-02,2026-09-11,2111,0,0,0
603661.SH,SH,True,True,,2111,2018-01-02,2026-09-11,2111,2018-01-02,2026-09-11,2111,8,0,0
603662.SH,SH,True,True,,1724,2019-08-06,2026-09-11,1724,2019-08-06,2026-09-11,1724,0,0,0
603663.SH,SH,True,True,,2111,2018-01-02,2026-09-11,2111,2018-01-02,2026-09-11,2111,0,0,0
603665.SH,SH,True,True,,2111,2018-01-02,2026-09-11,2111,2018-01-02,2026-09-11,2111,0,0,0
603666.SH,SH,True,True,,2005,2018-06-12,2026-09-11,2005,2018-06-12,2026-09-11,2005,0,0,0
603667.SH,SH,True,True,,2111,2018-01-02,2026-09-11,2111,2018-01-02,2026-09-11,2111,72,0,0
603668.SH,SH,True,True,,2111,2018-01-02,2026-09-11,2111,2018-01-02,2026-09-11,2111,0,0,0
603669.SH,SH,True,True,,2111,2018-01-02,2026-09-11,2111,2018-01-02,2026-09-11,2111,0,0,0
603676.SH,SH,True,True,,2111,2018-01-02,2026-09-11,2111,2018-01-02,2026-09-11,2111,0,0,0
603677.SH,SH,True,True,,2111,2018-01-02,2026-09-11,2111,2018-01-02,2026-09-11,2111,3,0,0
603678.SH,SH,True,True,,2111,2018-01-02,2026-09-11,2111,2018-01-02,2026-09-11,2111,0,0,0
603679.SH,SH,True,True,,2111,2018-01-02,2026-09-11,2111,2018-01-02,2026-09-11,2111,0,0,0
603680.SH,SH,True,True,,2076,2018-02-27,2026-09-11,2076,2018-02-27,2026-09-11,2076,0,0,0
603681.SH,SH,True,True,,1814,2019-03-26,2026-09-11,1814,2019-03-26,2026-09-11,1814,0,0,0
603682.SH,SH,True,True,,1553,2020-04-21,2026-09-11,1553,2020-04-21,2026-09-11,1553,0,0,0
603683.SH,SH,True,True,,2111,2018-01-02,2026-09-11,2111,2018-01-02,2026-09-11,2111,0,0,0
603685.SH,SH,True,True,,2111,2018-01-02,2026-09-11,2111,2018-01-02,2026-09-11,2111,2,0,0
603686.SH,SH,True,True,,2111,2018-01-02,2026-09-11,2111,2018-01-02,2026-09-11,2111,0,0,0
603687.SH,SH,True,True,,1731,2019-07-26,2026-09-11,1731,2019-07-26,2026-09-11,1731,0,0,0
603688.SH,SH,True,True,,2111,2018-01-02,2026-09-11,2111,2018-01-02,2026-09-11,2111,0,0,0
603689.SH,SH,True,True,,2111,2018-01-02,2026-09-11,2111,2018-01-02,2026-09-11,2111,0,0,0
603690.SH,SH,True,True,,2111,2018-01-02,2026-09-11,2111,2018-01-02,2026-09-11,2111,91,0,0
603693.SH,SH,True,True,,1991,2018-07-03,2026-09-11,1991,2018-07-03,2026-09-11,1991,9,0,0
603696.SH,SH,True,True,,2111,2018-01-02,2026-09-11,2111,2018-01-02,2026-09-11,2111,34,0,0
603697.SH,SH,True,True,,1787,2019-05-08,2026-09-11,1787,2019-05-08,2026-09-11,1787,0,0,0
603698.SH,SH,True,True,,2111,2018-01-02,2026-09-11,2111,2018-01-02,2026-09-11,2111,0,0,0
603699.SH,SH,True,True,,2111,2018-01-02,2026-09-11,2111,2018-01-02,2026-09-11,2111,10,0,0
603700.SH,SH,True,True,,1854,2019-01-22,2026-09-11,1854,2019-01-22,2026-09-11,1854,0,0,0
603701.SH,SH,True,True,,2111,2018-01-02,2026-09-11,2111,2018-01-02,2026-09-11,2111,10,0,0
603703.SH,SH,True,True,,2111,2018-01-02,2026-09-11,2111,2018-01-02,2026-09-11,2111,10,0,0
603706.SH,SH,True,True,,1987,2018-07-09,2026-09-11,1987,2018-07-09,2026-09-11,1987,0,0,0
603707.SH,SH,True,True,,2111,2018-01-02,2026-09-11,2111,2018-01-02,2026-09-11,2111,0,0,0
603708.SH,SH,True,True,,2111,2018-01-02,2026-09-11,2111,2018-01-02,2026-09-11,2111,0,0,0
603709.SH,SH,True,True,,2084,2018-02-08,2026-09-11,2084,2018-02-08,2026-09-11,2084,0,0,0
603711.SH,SH,True,True,,2111,2018-01-02,2026-09-11,2111,2018-01-02,2026-09-11,2111,0,0,0
603712.SH,SH,True,True,,2077,2018-02-26,2026-09-11,2077,2018-02-26,2026-09-11,2077,3,0,0
603713.SH,SH,True,True,,1983,2018-07-13,2026-09-11,1983,2018-07-13,2026-09-11,1983,0,0,0
603716.SH,SH,True,True,,2111,2018-01-02,2026-09-11,2111,2018-01-02,2026-09-11,2111,3,0,0
603717.SH,SH,True,True,,2111,2018-01-02,2026-09-11,2111,2018-01-02,2026-09-11,2111,0,0,0
603718.SH,SH,True,True,,2111,2018-01-02,2026-09-11,2111,2018-01-02,2026-09-11,2111,37,92,0
603719.SH,SH,True,True,,1593,2020-02-24,2026-09-11,1593,2020-02-24,2026-09-11,1593,5,0,0
603721.SH,SH,True,True,,2111,2018-01-02,2026-09-11,2111,2018-01-02,2026-09-11,2111,9,261,0
603722.SH,SH,True,True,,2111,2018-01-02,2026-09-11,2111,2018-01-02,2026-09-11,2111,7,0,0
603725.SH,SH,True,True,,2111,2018-01-02,2026-09-11,2111,2018-01-02,2026-09-11,2111,15,0,0
603726.SH,SH,True,True,,2111,2018-01-02,2026-09-11,2111,2018-01-02,2026-09-11,2111,6,0,0
603727.SH,SH,True,True,,2111,2018-01-02,2026-09-11,2111,2018-01-02,2026-09-11,2111,0,0,0
603728.SH,SH,True,True,,2111,2018-01-02,2026-09-11,2111,2018-01-02,2026-09-11,2111,0,0,0
603729.SH,SH,True,True,,2111,2018-01-02,2026-09-11,2111,2018-01-02,2026-09-11,2111,13,352,0
603730.SH,SH,True,True,,2111,2018-01-02,2026-09-11,2111,2018-01-02,2026-09-11,2111,15,0,0
603733.SH,SH,True,True,,2040,2018-04-20,2026-09-11,2040,2018-04-20,2026-09-11,2040,0,0,0
603737.SH,SH,True,True,,2111,2018-01-02,2026-09-11,2111,2018-01-02,2026-09-11,2111,0,0,0
603738.SH,SH,True,True,,2111,2018-01-02,2026-09-11,2111,2018-01-02,2026-09-11,2111,0,0,0
603739.SH,SH,True,True,,1858,2019-01-16,2026-09-11,1858,2019-01-16,2026-09-11,1858,0,0,0
603755.SH,SH,True,True,,1708,2019-08-28,2026-09-11,1708,2019-08-28,2026-09-11,1708,0,0,0
603757.SH,SH,True,True,,2111,2018-01-02,2026-09-11,2111,2018-01-02,2026-09-11,2111,0,0,0
603758.SH,SH,True,True,,2111,2018-01-02,2026-09-11,2111,2018-01-02,2026-09-11,2111,14,0,0
603759.SH,SH,True,True,,1327,2021-03-26,2026-09-11,1327,2021-03-26,2026-09-11,1327,0,0,0
603766.SH,SH,True,True,,2111,2018-01-02,2026-09-11,2111,2018-01-02,2026-09-11,2111,1,0,0
603767.SH,SH,True,True,,2111,2018-01-02,2026-09-11,2111,2018-01-02,2026-09-11,2111,0,0,0
603768.SH,SH,True,True,,2111,2018-01-02,2026-09-11,2111,2018-01-02,2026-09-11,2111,0,0,0
603773.SH,SH,True,True,,2043,2018-04-17,2026-09-11,2043,2018-04-17,2026-09-11,2043,0,0,0
603776.SH,SH,True,True,,2111,2018-01-02,2026-09-11,2111,2018-01-02,2026-09-11,2111,15,0,0
603777.SH,SH,True,True,,2111,2018-01-02,2026-09-11,2111,2018-01-02,2026-09-11,2111,0,0,0
603778.SH,SH,True,True,,2111,2018-01-02,2026-09-11,2111,2018-01-02,2026-09-11,2111,24,0,0
603779.SH,SH,True,True,,2111,2018-01-02,2026-09-11,2111,2018-01-02,2026-09-11,2111,7,416,0
603786.SH,SH,True,True,,1680,2019-10-15,2026-09-11,1680,2019-10-15,2026-09-11,1680,0,0,0
603787.SH,SH,True,True,,2111,2018-01-02,2026-09-11,2111,2018-01-02,2026-09-11,2111,0,0,0
603788.SH,SH,True,True,,2111,2018-01-02,2026-09-11,2111,2018-01-02,2026-09-11,2111,0,0,0
603789.SH,SH,True,True,,2111,2018-01-02,2026-09-11,2111,2018-01-02,2026-09-11,2111,8,334,0
603790.SH,SH,True,True,,1940,2018-09-12,2026-09-11,1940,2018-09-12,2026-09-11,1940,11,0,0
603797.SH,SH,True,True,,2111,2018-01-02,2026-09-11,2111,2018-01-02,2026-09-11,2111,0,0,0
603798.SH,SH,True,True,,2111,2018-01-02,2026-09-11,2111,2018-01-02,2026-09-11,2111,1,0,0
603799.SH,SH,True,True,,2111,2018-01-02,2026-09-11,2111,2018-01-02,2026-09-11,2111,12,0,0
603800.SH,SH,True,True,,2111,2018-01-02,2026-09-11,2111,2018-01-02,2026-09-11,2111,6,0,0
603801.SH,SH,True,True,,2111,2018-01-02,2026-09-11,2111,2018-01-02,2026-09-11,2111,0,0,0
603803.SH,SH,True,True,,2111,2018-01-02,2026-09-11,2111,2018-01-02,2026-09-11,2111,3,0,0
603806.SH,SH,True,True,,2111,2018-01-02,2026-09-11,2111,2018-01-02,2026-09-11,2111,0,0,0
603808.SH,SH,True,True,,2111,2018-01-02,2026-09-11,2111,2018-01-02,2026-09-11,2111,0,0,0
603809.SH,SH,True,True,,2111,2018-01-02,2026-09-11,2111,2018-01-02,2026-09-11,2111,0,0,0
603810.SH,SH,True,True,,1937,2018-09-17,2026-09-11,1937,2018-09-17,2026-09-11,1937,2,81,0
603811.SH,SH,True,True,,2111,2018-01-02,2026-09-11,2111,2018-01-02,2026-09-11,2111,0,0,0
603813.SH,SH,True,True,,2111,2018-01-02,2026-09-11,2111,2018-01-02,2026-09-11,2111,2,272,0
603815.SH,SH,True,True,,1676,2019-10-21,2026-09-11,1676,2019-10-21,2026-09-11,1676,10,0,0
603816.SH,SH,True,True,,2111,2018-01-02,2026-09-11,2111,2018-01-02,2026-09-11,2111,4,0,0
603817.SH,SH,True,True,,2111,2018-01-02,2026-09-11,2111,2018-01-02,2026-09-11,2111,0,0,0
603818.SH,SH,True,True,,2111,2018-01-02,2026-09-11,2111,2018-01-02,2026-09-11,2111,34,0,0
603819.SH,SH,True,True,,2111,2018-01-02,2026-09-11,2111,2018-01-02,2026-09-11,2111,7,0,0
603822.SH,SH,True,True,,2111,2018-01-02,2026-09-11,2111,2018-01-02,2026-09-11,2111,80,184,0
603823.SH,SH,True,True,,2111,2018-01-02,2026-09-11,2111,2018-01-02,2026-09-11,2111,0,0,0
603825.SH,SH,True,True,,2111,2018-01-02,2026-09-11,2111,2018-01-02,2026-09-11,2111,87,255,0
603826.SH,SH,True,True,,2111,2018-01-02,2026-09-11,2111,2018-01-02,2026-09-11,2111,0,0,0
603828.SH,SH,True,True,,2111,2018-01-02,2026-09-11,2111,2018-01-02,2026-09-11,2111,17,576,0
603829.SH,SH,True,True,,2111,2018-01-02,2026-09-11,2111,2018-01-02,2026-09-11,2111,0,0,0
603833.SH,SH,True,True,,2111,2018-01-02,2026-09-11,2111,2018-01-02,2026-09-11,2111,0,0,0
603836.SH,SH,True,True,,1288,2021-05-26,2026-09-11,1288,2021-05-26,2026-09-11,1288,0,0,0
603838.SH,SH,True,True,,2111,2018-01-02,2026-09-11,2111,2018-01-02,2026-09-11,2111,87,335,0
603839.SH,SH,True,True,,2111,2018-01-02,2026-09-11,2111,2018-01-02,2026-09-11,2111,0,0,0
603843.SH,SH,True,True,,2111,2018-01-02,2026-09-11,2111,2018-01-02,2026-09-11,2111,111,334,0
603848.SH,SH,True,True,,2111,2018-01-02,2026-09-11,2111,2018-01-02,2026-09-11,2111,0,0,0
603855.SH,SH,True,True,,2111,2018-01-02,2026-09-11,2111,2018-01-02,2026-09-11,2111,0,0,0
603856.SH,SH,True,True,,2111,2018-01-02,2026-09-11,2111,2018-01-02,2026-09-11,2111,0,0,0
603858.SH,SH,True,True,,2111,2018-01-02,2026-09-11,2111,2018-01-02,2026-09-11,2111,0,0,0
603859.SH,SH,True,True,,2111,2018-01-02,2026-09-11,2111,2018-01-02,2026-09-11,2111,5,0,0
603860.SH,SH,True,True,,2111,2018-01-02,2026-09-11,2111,2018-01-02,2026-09-11,2111,0,0,0
603861.SH,SH,True,True,,2111,2018-01-02,2026-09-11,2111,2018-01-02,2026-09-11,2111,0,0,0
603863.SH,SH,True,True,,1756,2019-06-21,2026-09-11,1756,2019-06-21,2026-09-11,1756,7,232,0
603866.SH,SH,True,True,,2111,2018-01-02,2026-09-11,2111,2018-01-02,2026-09-11,2111,0,0,0
603867.SH,SH,True,True,,1752,2019-06-27,2026-09-11,1752,2019-06-27,2026-09-11,1752,0,0,0
603868.SH,SH,True,True,,2111,2018-01-02,2026-09-11,2111,2018-01-02,2026-09-11,2111,0,0,0
603869.SH,SH,True,True,,2111,2018-01-02,2026-09-11,2111,2018-01-02,2026-09-11,2111,1,576,0
603871.SH,SH,True,True,,2086,2018-02-06,2026-09-11,2086,2018-02-06,2026-09-11,2086,0,0,0
603876.SH,SH,True,True,,2042,2018-04-18,2026-09-11,2042,2018-04-18,2026-09-11,2042,0,0,0
603877.SH,SH,True,True,,2111,2018-01-02,2026-09-11,2111,2018-01-02,2026-09-11,2111,1,0,0
603878.SH,SH,True,True,,2111,2018-01-02,2026-09-11,2111,2018-01-02,2026-09-11,2111,0,0,0
603879.SH,SH,True,True,,2111,2018-01-02,2026-09-11,2111,2018-01-02,2026-09-11,2111,2,242,0
603880.SH,SH,True,True,,2111,2018-01-02,2026-09-11,2111,2018-01-02,2026-09-11,2111,96,278,0
603881.SH,SH,True,True,,2111,2018-01-02,2026-09-11,2111,2018-01-02,2026-09-11,2111,0,0,0
603882.SH,SH,True,True,,2111,2018-01-02,2026-09-11,2111,2018-01-02,2026-09-11,2111,0,0,0
603883.SH,SH,True,True,,2111,2018-01-02,2026-09-11,2111,2018-01-02,2026-09-11,2111,0,0,0
603885.SH,SH,True,True,,2111,2018-01-02,2026-09-11,2111,2018-01-02,2026-09-11,2111,0,0,0
603886.SH,SH,True,True,,2111,2018-01-02,2026-09-11,2111,2018-01-02,2026-09-11,2111,0,0,0
603887.SH,SH,True,True,,2111,2018-01-02,2026-09-11,2111,2018-01-02,2026-09-11,2111,82,0,0
603888.SH,SH,True,True,,2111,2018-01-02,2026-09-11,2111,2018-01-02,2026-09-11,2111,0,0,0
603889.SH,SH,True,True,,2111,2018-01-02,2026-09-11,2111,2018-01-02,2026-09-11,2111,0,0,0
603890.SH,SH,True,True,,2111,2018-01-02,2026-09-11,2111,2018-01-02,2026-09-11,2111,0,0,0
603893.SH,SH,True,True,,1604,2020-02-07,2026-09-11,1604,2020-02-07,2026-09-11,1604,0,0,0
603895.SH,SH,True,True,,2097,2018-01-22,2026-09-11,2097,2018-01-22,2026-09-11,2097,0,0,0
603896.SH,SH,True,True,,2111,2018-01-02,2026-09-11,2111,2018-01-02,2026-09-11,2111,0,0,0
603897.SH,SH,True,True,,2048,2018-04-10,2026-09-11,2048,2018-04-10,2026-09-11,2048,5,0,0
603898.SH,SH,True,True,,2111,2018-01-02,2026-09-11,2111,2018-01-02,2026-09-11,2111,0,0,0
603899.SH,SH,True,True,,2111,2018-01-02,2026-09-11,2111,2018-01-02,2026-09-11,2111,0,0,0
603900.SH,SH,True,True,,2111,2018-01-02,2026-09-11,2111,2018-01-02,2026-09-11,2111,1,0,0
603901.SH,SH,True,True,,2111,2018-01-02,2026-09-11,2111,2018-01-02,2026-09-11,2111,0,0,0
603903.SH,SH,True,True,,2111,2018-01-02,2026-09-11,2111,2018-01-02,2026-09-11,2111,2,0,0
603906.SH,SH,True,True,,2111,2018-01-02,2026-09-11,2111,2018-01-02,2026-09-11,2111,0,0,0
603908.SH,SH,True,True,,2111,2018-01-02,2026-09-11,2111,2018-01-02,2026-09-11,2111,0,0,0
603909.SH,SH,True,True,,2111,2018-01-02,2026-09-11,2111,2018-01-02,2026-09-11,2111,4,0,0
603912.SH,SH,True,True,,2111,2018-01-02,2026-09-11,2111,2018-01-02,2026-09-11,2111,0,0,0
603915.SH,SH,True,True,,1761,2019-06-14,2026-09-11,1761,2019-06-14,2026-09-11,1761,0,0,0
603916.SH,SH,True,True,,2111,2018-01-02,2026-09-11,2111,2018-01-02,2026-09-11,2111,0,0,0
603917.SH,SH,True,True,,2111,2018-01-02,2026-09-11,2111,2018-01-02,2026-09-11,2111,0,0,0
603918.SH,SH,True,True,,2111,2018-01-02,2026-09-11,2111,2018-01-02,2026-09-11,2111,0,0,0
603919.SH,SH,True,True,,2111,2018-01-02,2026-09-11,2111,2018-01-02,2026-09-11,2111,3,0,0
603920.SH,SH,True,True,,2111,2018-01-02,2026-09-11,2111,2018-01-02,2026-09-11,2111,3,0,0
603922.SH,SH,True,True,,2111,2018-01-02,2026-09-11,2111,2018-01-02,2026-09-11,2111,24,93,0
603926.SH,SH,True,True,,2111,2018-01-02,2026-09-11,2111,2018-01-02,2026-09-11,2111,0,0,0
603927.SH,SH,True,True,,1700,2019-09-09,2026-09-11,1700,2019-09-09,2026-09-11,1700,0,0,0
603928.SH,SH,True,True,,2111,2018-01-02,2026-09-11,2111,2018-01-02,2026-09-11,2111,0,0,0
603929.SH,SH,True,True,,2111,2018-01-02,2026-09-11,2111,2018-01-02,2026-09-11,2111,0,0,0
603931.SH,SH,True,True,,1472,2020-08-19,2026-09-11,1472,2020-08-19,2026-09-11,1472,0,0,0
603933.SH,SH,True,True,,2111,2018-01-02,2026-09-11,2111,2018-01-02,2026-09-11,2111,10,0,0
603936.SH,SH,True,True,,2111,2018-01-02,2026-09-11,2111,2018-01-02,2026-09-11,2111,5,0,0
603937.SH,SH,True,True,,2111,2018-01-02,2026-09-11,2111,2018-01-02,2026-09-11,2111,0,0,0
603938.SH,SH,True,True,,2111,2018-01-02,2026-09-11,2111,2018-01-02,2026-09-11,2111,0,0,0
603939.SH,SH,True,True,,2111,2018-01-02,2026-09-11,2111,2018-01-02,2026-09-11,2111,67,0,0
603948.SH,SH,True,True,,1588,2020-03-02,2026-09-11,1588,2020-03-02,2026-09-11,1588,0,0,0
603949.SH,SH,True,True,,1582,2020-03-10,2026-09-11,1582,2020-03-10,2026-09-11,1582,0,0,0
603950.SH,SH,True,True,,1531,2020-05-26,2026-09-11,1531,2020-05-26,2026-09-11,1531,10,0,0
603955.SH,SH,True,True,,2111,2018-01-02,2026-09-11,2111,2018-01-02,2026-09-11,2111,46,0,0
603956.SH,SH,True,True,,1836,2019-02-22,2026-09-11,1836,2019-02-22,2026-09-11,1836,0,0,0
603958.SH,SH,True,True,,2111,2018-01-02,2026-09-11,2111,2018-01-02,2026-09-11,2111,25,0,0
603959.SH,SH,True,True,,2111,2018-01-02,2026-09-11,2111,2018-01-02,2026-09-11,2111,9,386,0
603960.SH,SH,True,True,,2111,2018-01-02,2026-09-11,2111,2018-01-02,2026-09-11,2111,2,0,0
603963.SH,SH,True,True,,1750,2018-01-02,2025-03-21,1750,2018-01-02,2025-03-21,1750,33,216,0
603966.SH,SH,True,True,,2111,2018-01-02,2026-09-11,2111,2018-01-02,2026-09-11,2111,3,0,0
603967.SH,SH,True,True,,1791,2019-04-29,2026-09-11,1791,2019-04-29,2026-09-11,1791,0,0,0
603968.SH,SH,True,True,,2111,2018-01-02,2026-09-11,2111,2018-01-02,2026-09-11,2111,0,0,0
603969.SH,SH,True,True,,2111,2018-01-02,2026-09-11,2111,2018-01-02,2026-09-11,2111,0,0,0
603970.SH,SH,True,True,,2111,2018-01-02,2026-09-11,2111,2018-01-02,2026-09-11,2111,0,0,0
603976.SH,SH,True,True,,2111,2018-01-02,2026-09-11,2111,2018-01-02,2026-09-11,2111,0,0,0
603977.SH,SH,True,True,,2111,2018-01-02,2026-09-11,2111,2018-01-02,2026-09-11,2111,16,0,0
603978.SH,SH,True,True,,2111,2018-01-02,2026-09-11,2111,2018-01-02,2026-09-11,2111,3,0,0
603979.SH,SH,True,True,,2111,2018-01-02,2026-09-11,2111,2018-01-02,2026-09-11,2111,0,0,0
603980.SH,SH,True,True,,2111,2018-01-02,2026-09-11,2111,2018-01-02,2026-09-11,2111,6,0,0
603982.SH,SH,True,True,,1777,2019-05-22,2026-09-11,1777,2019-05-22,2026-09-11,1777,0,0,0
603983.SH,SH,True,True,,1732,2019-07-25,2026-09-11,1732,2019-07-25,2026-09-11,1732,0,0,0
603985.SH,SH,True,True,,2111,2018-01-02,2026-09-11,2111,2018-01-02,2026-09-11,2111,5,0,0
603986.SH,SH,True,True,,2111,2018-01-02,2026-09-11,2111,2018-01-02,2026-09-11,2111,44,0,0
603987.SH,SH,True,True,,2111,2018-01-02,2026-09-11,2111,2018-01-02,2026-09-11,2111,0,0,0
603988.SH,SH,True,True,,2111,2018-01-02,2026-09-11,2111,2018-01-02,2026-09-11,2111,25,0,0
603989.SH,SH,True,True,,2111,2018-01-02,2026-09-11,2111,2018-01-02,2026-09-11,2111,0,0,0
603990.SH,SH,True,True,,2111,2018-01-02,2026-09-11,2111,2018-01-02,2026-09-11,2111,5,0,0
603991.SH,SH,True,True,,2111,2018-01-02,2026-09-11,2111,2018-01-02,2026-09-11,2111,9,0,0
603992.SH,SH,True,True,,1710,2019-08-26,2026-09-11,1710,2019-08-26,2026-09-11,1710,0,0,0
603993.SH,SH,True,True,,2111,2018-01-02,2026-09-11,2111,2018-01-02,2026-09-11,2111,0,0,0
603995.SH,SH,True,True,,1630,2019-12-24,2026-09-11,1630,2019-12-24,2026-09-11,1630,0,0,0
603996.SH,SH,True,True,,1064,2018-01-02,2022-05-24,1064,2018-01-02,2022-05-24,1064,22,705,0
603997.SH,SH,True,True,,2111,2018-01-02,2026-09-11,2111,2018-01-02,2026-09-11,2111,91,0,0
603998.SH,SH,True,True,,2111,2018-01-02,2026-09-11,2111,2018-01-02,2026-09-11,2111,53,0,0
603999.SH,SH,True,True,,2111,2018-01-02,2026-09-11,2111,2018-01-02,2026-09-11,2111,0,0,0
605001.SH,SH,True,True,,1533,2020-05-22,2026-09-11,1533,2020-05-22,2026-09-11,1533,0,0,0
605003.SH,SH,True,True,,1458,2020-09-08,2026-09-11,1458,2020-09-08,2026-09-11,1458,0,0,0
605005.SH,SH,True,True,,1370,2021-01-19,2026-09-11,1370,2021-01-19,2026-09-11,1370,0,0,0
605006.SH,SH,True,True,,1461,2020-09-03,2026-09-11,1461,2020-09-03,2026-09-11,1461,0,0,0
605007.SH,SH,True,True,,1419,2020-11-10,2026-09-11,1419,2020-11-10,2026-09-11,1419,0,0,0
605008.SH,SH,True,True,,1470,2020-08-21,2026-09-11,1470,2020-08-21,2026-09-11,1470,9,0,0
605009.SH,SH,True,True,,1455,2020-09-11,2026-09-11,1455,2020-09-11,2026-09-11,1455,0,0,0
605011.SH,SH,True,True,,1264,2021-06-30,2026-09-11,1264,2021-06-30,2026-09-11,1264,0,0,0
605016.SH,SH,True,True,,1310,2021-04-21,2026-09-11,1310,2021-04-21,2026-09-11,1310,0,0,0
605018.SH,SH,True,True,,1443,2020-09-29,2026-09-11,1443,2020-09-29,2026-09-11,1443,0,0,0
605020.SH,SH,True,True,,1257,2021-07-09,2026-09-11,1257,2021-07-09,2026-09-11,1257,0,0,0
605028.SH,SH,True,True,,1256,2021-07-12,2026-09-11,1256,2021-07-12,2026-09-11,1256,9,0,0
605033.SH,SH,True,True,,1208,2021-09-16,2026-09-11,1208,2021-09-16,2026-09-11,1208,0,0,0
605050.SH,SH,True,True,,1446,2020-09-24,2026-09-11,1446,2020-09-24,2026-09-11,1446,0,0,0
605055.SH,SH,True,True,,1362,2021-01-29,2026-09-11,1362,2021-01-29,2026-09-11,1362,0,0,0
605056.SH,SH,True,True,,1250,2021-07-20,2026-09-11,1250,2021-07-20,2026-09-11,1250,0,0,0
605058.SH,SH,True,True,,1433,2020-10-21,2026-09-11,1433,2020-10-21,2026-09-11,1433,0,0,0
605060.SH,SH,True,True,,1346,2021-03-01,2026-09-11,1346,2021-03-01,2026-09-11,1346,0,0,0
605066.SH,SH,True,True,,1480,2020-08-07,2026-09-11,1480,2020-08-07,2026-09-11,1480,0,0,0
605068.SH,SH,True,True,,1410,2020-11-23,2026-09-11,1410,2020-11-23,2026-09-11,1410,0,0,0
605069.SH,SH,True,True,,1231,2021-08-16,2026-09-11,1231,2021-08-16,2026-09-11,1231,0,0,0
605077.SH,SH,True,True,,1355,2021-02-09,2026-09-11,1355,2021-02-09,2026-09-11,1355,5,0,0
605080.SH,SH,True,True,,1302,2021-05-06,2026-09-11,1302,2021-05-06,2026-09-11,1302,0,0,0
605081.SH,SH,True,True,,1304,2021-02-09,2026-07-02,1304,2021-02-09,2026-07-02,1304,33,267,0
605086.SH,SH,True,True,,1313,2021-04-16,2026-09-11,1313,2021-04-16,2026-09-11,1313,0,0,0
605088.SH,SH,True,True,,1474,2020-08-17,2026-09-11,1474,2020-08-17,2026-09-11,1474,0,0,0
605089.SH,SH,True,True,,1306,2021-04-27,2026-09-11,1306,2021-04-27,2026-09-11,1306,0,0,0
605090.SH,SH,True,True,,1289,2021-05-25,2026-09-11,1289,2021-05-25,2026-09-11,1289,11,0,0
605098.SH,SH,True,True,,1310,2021-04-21,2026-09-11,1310,2021-04-21,2026-09-11,1310,0,0,0
605099.SH,SH,True,True,,1442,2020-09-30,2026-09-11,1442,2020-09-30,2026-09-11,1442,0,0,0
605100.SH,SH,True,True,,1478,2020-08-11,2026-09-11,1478,2020-08-11,2026-09-11,1478,0,0,0
605108.SH,SH,True,True,,1496,2020-07-16,2026-09-11,1496,2020-07-16,2026-09-11,1496,0,0,0
605111.SH,SH,True,True,,1444,2020-09-28,2026-09-11,1444,2020-09-28,2026-09-11,1444,0,0,0
605116.SH,SH,True,True,,1449,2020-09-21,2026-09-11,1449,2020-09-21,2026-09-11,1449,0,0,0
605117.SH,SH,True,True,,1311,2021-04-20,2026-09-11,1311,2021-04-20,2026-09-11,1311,0,0,0
605118.SH,SH,True,True,,1486,2020-07-30,2026-09-11,1486,2020-07-30,2026-09-11,1486,0,0,0
605122.SH,SH,True,True,,1339,2021-03-10,2026-09-11,1339,2021-03-10,2026-09-11,1339,0,0,0
605123.SH,SH,True,True,,1468,2020-08-25,2026-09-11,1468,2020-08-25,2026-09-11,1468,0,0,0
605128.SH,SH,True,True,,1453,2020-09-15,2026-09-11,1453,2020-09-15,2026-09-11,1453,0,0,0
605133.SH,SH,True,True,,1349,2021-02-24,2026-09-11,1349,2021-02-24,2026-09-11,1349,0,0,0
605136.SH,SH,True,True,,1443,2020-09-29,2026-09-11,1443,2020-09-29,2026-09-11,1443,0,0,0
605138.SH,SH,True,True,,1186,2021-10-27,2026-09-11,1186,2021-10-27,2026-09-11,1186,0,0,0
605151.SH,SH,True,True,,1394,2020-12-15,2026-09-11,1394,2020-12-15,2026-09-11,1394,0,0,0
605155.SH,SH,True,True,,1382,2020-12-31,2026-09-11,1382,2020-12-31,2026-09-11,1382,0,0,0
605158.SH,SH,True,True,,1482,2020-08-05,2026-09-11,1482,2020-08-05,2026-09-11,1482,0,0,0
605162.SH,SH,True,True,,1259,2021-07-07,2026-09-11,1259,2021-07-07,2026-09-11,1259,0,0,0
605166.SH,SH,True,True,,1514,2020-06-18,2026-09-11,1514,2020-06-18,2026-09-11,1514,0,0,0
605167.SH,SH,True,True,,1246,2021-07-26,2026-09-11,1246,2021-07-26,2026-09-11,1246,0,0,0
605168.SH,SH,True,True,,1529,2020-05-28,2026-09-11,1529,2020-05-28,2026-09-11,1529,0,0,0
605169.SH,SH,True,True,,1426,2020-10-30,2026-09-11,1426,2020-10-30,2026-09-11,1426,10,0,0
605177.SH,SH,True,True,,1408,2020-11-25,2026-09-11,1408,2020-11-25,2026-09-11,1408,0,0,0
605178.SH,SH,True,True,,1470,2020-08-21,2026-09-11,1470,2020-08-21,2026-09-11,1470,14,0,0
605179.SH,SH,True,True,,1385,2020-12-28,2026-09-11,1385,2020-12-28,2026-09-11,1385,0,0,0
605180.SH,SH,True,True,,1303,2021-04-30,2026-09-11,1303,2021-04-30,2026-09-11,1303,0,0,0
605183.SH,SH,True,True,,1400,2020-12-07,2026-09-11,1400,2020-12-07,2026-09-11,1400,0,0,0
605186.SH,SH,True,True,,1389,2020-12-22,2026-09-11,1389,2020-12-22,2026-09-11,1389,0,0,0
605188.SH,SH,True,True,,1488,2020-07-28,2026-09-11,1488,2020-07-28,2026-09-11,1488,0,0,0
605189.SH,SH,True,True,,1286,2021-05-28,2026-09-11,1286,2021-05-28,2026-09-11,1286,0,0,0
605196.SH,SH,True,True,,1299,2021-05-11,2026-09-11,1299,2021-05-11,2026-09-11,1299,0,0,0
605198.SH,SH,True,True,,1450,2020-09-18,2026-09-11,1450,2020-09-18,2026-09-11,1450,0,0,0
605199.SH,SH,True,True,,1500,2020-07-10,2026-09-11,1500,2020-07-10,2026-09-11,1500,1,335,0
605208.SH,SH,True,True,,1341,2021-03-08,2026-09-11,1341,2021-03-08,2026-09-11,1341,0,0,0
605218.SH,SH,True,True,,1444,2020-09-28,2026-09-11,1444,2020-09-28,2026-09-11,1444,0,0,0
605222.SH,SH,True,True,,1485,2020-07-31,2026-09-11,1485,2020-07-31,2026-09-11,1485,0,0,0
605228.SH,SH,True,True,,1369,2021-01-20,2026-09-11,1369,2021-01-20,2026-09-11,1369,0,0,0
605255.SH,SH,True,True,,1468,2020-08-25,2026-09-11,1468,2020-08-25,2026-09-11,1468,33,0,0
605258.SH,SH,True,True,,1402,2020-12-03,2026-09-11,1402,2020-12-03,2026-09-11,1402,0,0,0
605259.SH,SH,True,True,,1275,2021-06-15,2026-09-11,1275,2021-06-15,2026-09-11,1275,0,0,0
605266.SH,SH,True,True,,1404,2020-12-01,2026-09-11,1404,2020-12-01,2026-09-11,1404,0,0,0
605268.SH,SH,True,True,,1349,2021-02-24,2026-09-11,1349,2021-02-24,2026-09-11,1349,0,0,0
605277.SH,SH,True,True,,1379,2021-01-06,2026-09-11,1379,2021-01-06,2026-09-11,1379,0,0,0
605286.SH,SH,True,True,,1331,2021-03-22,2026-09-11,1331,2021-03-22,2026-09-11,1331,10,0,0
605287.SH,SH,True,True,,1260,2021-07-06,2026-09-11,1260,2021-07-06,2026-09-11,1260,0,0,0
605288.SH,SH,True,True,,1527,2020-06-01,2026-09-11,1527,2020-06-01,2026-09-11,1527,0,0,0
605289.SH,SH,True,True,,1307,2021-04-26,2026-09-11,1307,2021-04-26,2026-09-11,1307,0,0,0
605296.SH,SH,True,True,,1286,2021-05-28,2026-09-11,1286,2021-05-28,2026-09-11,1286,0,0,0
605298.SH,SH,True,True,,1346,2021-03-01,2026-09-11,1346,2021-03-01,2026-09-11,1346,0,0,0
605299.SH,SH,True,True,,1394,2020-12-15,2026-09-11,1394,2020-12-15,2026-09-11,1394,0,0,0
605300.SH,SH,True,True,,1303,2021-04-30,2026-09-11,1303,2021-04-30,2026-09-11,1303,0,0,0
605303.SH,SH,True,True,,1346,2021-03-01,2026-09-11,1346,2021-03-01,2026-09-11,1346,0,0,0
605305.SH,SH,True,True,,1302,2021-05-06,2026-09-11,1302,2021-05-06,2026-09-11,1302,0,0,0
605318.SH,SH,True,True,,1484,2020-08-03,2026-09-11,1484,2020-08-03,2026-09-11,1484,1,0,0
605319.SH,SH,True,True,,1280,2021-06-07,2026-09-11,1280,2021-06-07,2026-09-11,1280,7,0,0
605333.SH,SH,True,True,,1473,2020-08-18,2026-09-11,1473,2020-08-18,2026-09-11,1473,0,0,0
605336.SH,SH,True,True,,1435,2020-10-19,2026-09-11,1435,2020-10-19,2026-09-11,1435,1,98,0
605337.SH,SH,True,True,,1356,2021-02-08,2026-09-11,1356,2021-02-08,2026-09-11,1356,0,0,0
605338.SH,SH,True,True,,1440,2020-10-12,2026-09-11,1440,2020-10-12,2026-09-11,1440,0,0,0
605339.SH,SH,True,True,,1294,2021-05-18,2026-09-11,1294,2021-05-18,2026-09-11,1294,0,0,0
605358.SH,SH,True,True,,1455,2020-09-11,2026-09-11,1455,2020-09-11,2026-09-11,1455,0,0,0
605365.SH,SH,True,True,,1250,2021-07-20,2026-09-11,1250,2021-07-20,2026-09-11,1250,0,0,0
605366.SH,SH,True,True,,1477,2020-08-12,2026-09-11,1477,2020-08-12,2026-09-11,1477,0,0,0
605368.SH,SH,True,True,,1362,2021-01-29,2026-09-11,1362,2021-01-29,2026-09-11,1362,1,0,0
605369.SH,SH,True,True,,1452,2020-09-16,2026-09-11,1452,2020-09-16,2026-09-11,1452,0,0,0
605376.SH,SH,True,True,,1399,2020-12-08,2026-09-11,1399,2020-12-08,2026-09-11,1399,0,0,0
605377.SH,SH,True,True,,1385,2020-12-28,2026-09-11,1385,2020-12-28,2026-09-11,1385,0,0,0
605378.SH,SH,True,True,,1317,2021-04-12,2026-09-11,1317,2021-04-12,2026-09-11,1317,0,0,0
605388.SH,SH,True,True,,1473,2020-08-18,2026-09-11,1473,2020-08-18,2026-09-11,1473,0,0,0
605389.SH,SH,True,True,,1331,2021-03-22,2026-09-11,1331,2021-03-22,2026-09-11,1331,18,0,0
605398.SH,SH,True,True,,1368,2021-01-21,2026-09-11,1368,2021-01-21,2026-09-11,1368,0,0,0
605399.SH,SH,True,True,,1483,2020-08-04,2026-09-11,1483,2020-08-04,2026-09-11,1483,0,0,0
605488.SH,SH,True,True,,1297,2021-05-13,2026-09-11,1297,2021-05-13,2026-09-11,1297,0,0,0
605499.SH,SH,True,True,,1287,2021-05-27,2026-09-11,1287,2021-05-27,2026-09-11,1287,0,0,0
605500.SH,SH,True,True,,1389,2020-12-22,2026-09-11,1389,2020-12-22,2026-09-11,1389,0,0,0
605507.SH,SH,True,True,,1241,2021-08-02,2026-09-11,1241,2021-08-02,2026-09-11,1241,0,0,0
605555.SH,SH,True,True,,1190,2021-10-21,2026-09-11,1190,2021-10-21,2026-09-11,1190,4,0,0
605566.SH,SH,True,True,,1188,2021-10-25,2026-09-11,1188,2021-10-25,2026-09-11,1188,0,0,0
605567.SH,SH,True,True,,1196,2021-10-13,2026-09-11,1196,2021-10-13,2026-09-11,1196,0,0,0
605577.SH,SH,True,True,,1225,2021-08-24,2026-09-11,1225,2021-08-24,2026-09-11,1225,3,0,0
605580.SH,SH,True,True,,1228,2021-08-19,2026-09-11,1228,2021-08-19,2026-09-11,1228,0,0,0
605588.SH,SH,True,True,,1233,2021-08-12,2026-09-11,1233,2021-08-12,2026-09-11,1233,0,0,0
605589.SH,SH,True,True,,1235,2021-08-10,2026-09-11,1235,2021-08-10,2026-09-11,1235,0,0,0
605598.SH,SH,True,True,,1207,2021-09-17,2026-09-11,1207,2021-09-17,2026-09-11,1207,0,0,0
605599.SH,SH,True,True,,1213,2021-09-09,2026-09-11,1213,2021-09-09,2026-09-11,1213,0,0,0
