日期,总资产,现金,证券,数量,持仓,收盘价, 收益
2026-09-23,224440.16,44307.16,,,,,
,,,厦门国贸(600755.SH),4900,28420.00,5.8,425.74
,,,南方传媒(601900.SH),2500,31425.00,12.57,829.77
,,,中原高速(600020.SH),7900,30336.00,3.84,-386.52
,,,东莞控股(000828.SZ),3000,30330.00,10.11,-280.26
,,,华贸物流(603128.SH),5800,30450.00,5.25,-928.00
,,,洪城环境(600461.SH),3300,29172.00,8.84,-265.57
2026-09-22,224827.16,44307.16,,,,,
,,,厦门国贸(600755.SH),4900,28469.00,5.81,474.74
,,,东莞控股(000828.SZ),3000,30120.00,10.04,-490.26
,,,中原高速(600020.SH),7900,30178.00,3.82,-544.52
,,,华贸物流(603128.SH),5800,30914.00,5.33,-464.00
,,,南方传媒(601900.SH),2500,31700.00,12.68,1104.77
,,,洪城环境(600461.SH),3300,29139.00,8.83,-298.57
2026-09-21,224149.16,44307.16,,,,,
,,,南方传媒(601900.SH),2500,30375.00,12.15,-220.23
,,,中原高速(600020.SH),7900,30336.00,3.84,-386.52
,,,厦门国贸(600755.SH),4900,27685.00,5.65,-309.26
,,,华贸物流(603128.SH),5800,31842.00,5.49,464.00
,,,东莞控股(000828.SZ),3000,30300.00,10.1,-310.26
,,,洪城环境(600461.SH),3300,29304.00,8.88,-133.57
2026-09-18,222891.16,44307.16,,,,,
,,,中原高速(600020.SH),7900,30178.00,3.82,-544.52
,,,南方传媒(601900.SH),2500,30275.00,12.11,-320.23
,,,华贸物流(603128.SH),5800,30856.00,5.32,-522.00
,,,东莞控股(000828.SZ),3000,30300.00,10.1,-310.26
,,,厦门国贸(600755.SH),4900,27440.00,5.6,-554.26
,,,洪城环境(600461.SH),3300,29535.00,8.95,97.43
2026-09-17,223344.16,44307.16,,,,,
,,,洪城环境(600461.SH),3300,29403.00,8.91,-34.57
,,,华贸物流(603128.SH),5800,31204.00,5.38,-174.00
,,,厦门国贸(600755.SH),4900,26999.00,5.51,-995.26
,,,东莞控股(000828.SZ),3000,30420.00,10.14,-190.26
,,,南方传媒(601900.SH),2500,30675.00,12.27,79.77
,,,中原高速(600020.SH),7900,30336.00,3.84,-386.52
2026-09-16,224321.16,44307.16,,,,,
,,,厦门国贸(600755.SH),4900,27342.00,5.58,-652.26
,,,洪城环境(600461.SH),3300,29898.00,9.06,460.43
,,,华贸物流(603128.SH),5800,31088.00,5.36,-290.00
,,,中原高速(600020.SH),7900,30336.00,3.84,-386.52
,,,南方传媒(601900.SH),2500,30900.00,12.36,304.77
,,,东莞控股(000828.SZ),3000,30450.00,10.15,-160.26
2026-09-15,224731.16,44307.16,,,,,
,,,洪城环境(600461.SH),3300,29997.00,9.09,559.43
,,,南方传媒(601900.SH),2500,31250.00,12.5,654.77
,,,中原高速(600020.SH),7900,30415.00,3.85,-307.52
,,,厦门国贸(600755.SH),4900,27146.00,5.54,-848.26
,,,东莞控股(000828.SZ),3000,30180.00,10.06,-430.26
,,,华贸物流(603128.SH),5800,31436.00,5.42,58.00
2026-09-14,225546.16,44307.16,,,,,
,,,中原高速(600020.SH),7900,30494.00,3.86,-228.52
,,,华贸物流(603128.SH),5800,32306.00,5.57,928.00
,,,南方传媒(601900.SH),2500,30450.00,12.18,-145.23
,,,洪城环境(600461.SH),3300,30162.00,9.14,724.43
,,,东莞控股(000828.SZ),3000,30240.00,10.08,-370.26
,,,厦门国贸(600755.SH),4900,27587.00,5.63,-407.26
2026-09-11,224467.16,44307.16,,,,,
,,,南方传媒(601900.SH),2500,30600.00,12.24,4.77
,,,厦门国贸(600755.SH),4900,27832.00,5.68,-162.26
,,,东莞控股(000828.SZ),3000,30090.00,10.03,-520.26
,,,洪城环境(600461.SH),3300,29634.00,8.98,196.43
,,,华贸物流(603128.SH),5800,31668.00,5.46,290.00
,,,中原高速(600020.SH),7900,30336.00,3.84,-386.52
2026-09-10,227215.16,44307.16,,,,,
,,,南方传媒(601900.SH),2500,30650.00,12.26,54.77
,,,中原高速(600020.SH),7900,30968.00,3.92,245.48
,,,洪城环境(600461.SH),3300,29568.00,8.96,130.43
,,,厦门国贸(600755.SH),4900,28322.00,5.78,327.74
,,,华贸物流(603128.SH),5800,32770.00,5.65,1392.00
,,,东莞控股(000828.SZ),3000,30630.00,10.21,19.74
2026-09-09,227964.16,44307.16,,,,,
,,,厦门国贸(600755.SH),4900,28420.00,5.8,425.74
,,,洪城环境(600461.SH),3300,29568.00,8.96,130.43
,,,中原高速(600020.SH),7900,31126.00,3.94,403.48
,,,华贸物流(603128.SH),5800,33408.00,5.76,2030.00
,,,东莞控股(000828.SZ),3000,30360.00,10.12,-250.26
,,,南方传媒(601900.SH),2500,30775.00,12.31,179.77
2026-09-08,229380.16,44307.16,,,,,
,,,南方传媒(601900.SH),2500,32250.00,12.9,1654.77
,,,东莞控股(000828.SZ),3000,30390.00,10.13,-220.26
,,,中原高速(600020.SH),7900,31047.00,3.93,324.48
,,,厦门国贸(600755.SH),4900,28567.00,5.83,572.74
,,,洪城环境(600461.SH),3300,29469.00,8.93,31.43
,,,华贸物流(603128.SH),5800,33350.00,5.75,1972.00
2026-09-07,227647.16,44307.16,,,,,
,,,东莞控股(000828.SZ),3000,30270.00,10.09,-340.26
,,,中原高速(600020.SH),7900,30810.00,3.9,87.48
,,,厦门国贸(600755.SH),4900,28371.00,5.79,376.74
,,,南方传媒(601900.SH),2500,31550.00,12.62,954.77
,,,华贸物流(603128.SH),5800,33002.00,5.69,1624.00
,,,洪城环境(600461.SH),3300,29337.00,8.89,-100.57
2026-09-04,226641.16,44307.16,,,,,
,,,东莞控股(000828.SZ),3000,30210.00,10.07,-400.26
,,,华贸物流(603128.SH),5800,32480.00,5.6,1102.00
,,,洪城环境(600461.SH),3300,29436.00,8.92,-1.57
,,,南方传媒(601900.SH),2500,31125.00,12.45,529.77
,,,厦门国贸(600755.SH),4900,28273.00,5.77,278.74
,,,中原高速(600020.SH),7900,30810.00,3.9,87.48
2026-09-03,225028.16,44307.16,,,,,
,,,厦门国贸(600755.SH),4900,27881.00,5.69,-113.26
,,,东莞控股(000828.SZ),3000,30060.00,10.02,-550.26
,,,中原高速(600020.SH),7900,30889.00,3.91,166.48
,,,南方传媒(601900.SH),2500,30125.00,12.05,-470.23
,,,洪城环境(600461.SH),3300,29634.00,8.98,196.43
,,,华贸物流(603128.SH),5800,32132.00,5.54,754.00
2026-09-02,225266.16,44307.16,,,,,
,,,华贸物流(603128.SH),5800,32596.00,5.62,1218.00
,,,东莞控股(000828.SZ),3000,30390.00,10.13,-220.26
,,,南方传媒(601900.SH),2500,29900.00,11.96,-695.23
,,,厦门国贸(600755.SH),4900,27636.00,5.64,-358.26
,,,洪城环境(600461.SH),3300,29469.00,8.93,31.43
,,,中原高速(600020.SH),7900,30968.00,3.92,245.48
2026-09-01,228164.16,44307.16,,,,,
,,,南方传媒(601900.SH),2500,31400.00,12.56,804.77
,,,厦门国贸(600755.SH),4900,28224.00,5.76,229.74
,,,洪城环境(600461.SH),3300,29568.00,8.96,130.43
,,,东莞控股(000828.SZ),3000,30690.00,10.23,79.74
,,,中原高速(600020.SH),7900,31205.00,3.95,482.48
,,,华贸物流(603128.SH),5800,32770.00,5.65,1392.00
2026-08-31,226849.40,47477.40,,,,,
,,,东莞控股(000828.SZ),3500,35770.00,10.22,58.03
,,,中原高速(600020.SH),7900,30889.00,3.91,166.48
,,,华贸物流(603128.SH),5200,29276.00,5.63,1287.76
,,,周大生(002867.SZ),2300,24932.00,10.84,-4852.36
,,,山东路桥(000498.SZ),5500,27115.00,4.93,-1109.78
,,,陕天然气(002267.SZ),4300,31390.00,7.3,-460.11
2026-08-28,227089.40,47477.40,,,,,
,,,中原高速(600020.SH),7900,31205.00,3.95,482.48
,,,陕天然气(002267.SZ),4300,30272.00,7.04,-1578.11
,,,山东路桥(000498.SZ),5500,27335.00,4.97,-889.78
,,,周大生(002867.SZ),2300,25806.00,11.22,-3978.36
,,,东莞控股(000828.SZ),3500,35770.00,10.22,58.03
,,,华贸物流(603128.SH),5200,29224.00,5.62,1235.76
2026-08-27,226448.40,47477.40,,,,,
,,,周大生(002867.SZ),2300,25599.00,11.13,-4185.36
,,,陕天然气(002267.SZ),4300,29670.00,6.9,-2180.11
,,,山东路桥(000498.SZ),5500,27170.00,4.94,-1054.78
,,,华贸物流(603128.SH),5200,29172.00,5.61,1183.76
,,,中原高速(600020.SH),7900,31205.00,3.95,482.48
,,,东莞控股(000828.SZ),3500,36155.00,10.33,443.03
2026-08-26,226876.40,47477.40,,,,,
,,,周大生(002867.SZ),2300,25760.00,11.2,-4024.36
,,,陕天然气(002267.SZ),4300,30788.00,7.16,-1062.11
,,,山东路桥(000498.SZ),5500,27390.00,4.98,-834.78
,,,东莞控股(000828.SZ),3500,35560.00,10.16,-151.97
,,,中原高速(600020.SH),7900,30573.00,3.87,-149.52
,,,华贸物流(603128.SH),5200,29328.00,5.64,1339.76
2026-08-25,227752.40,47477.40,,,,,
,,,东莞控股(000828.SZ),3500,35000.00,10,-711.97
,,,周大生(002867.SZ),2300,28451.00,12.37,-1333.36
,,,中原高速(600020.SH),7900,30020.00,3.8,-702.52
,,,山东路桥(000498.SZ),5500,27500.00,5,-724.78
,,,华贸物流(603128.SH),5200,28860.00,5.55,871.76
,,,陕天然气(002267.SZ),4300,30444.00,7.08,-1406.11
2026-08-24,226116.40,47477.40,,,,,
,,,中原高速(600020.SH),7900,29941.00,3.79,-781.52
,,,周大生(002867.SZ),2300,28244.00,12.28,-1540.36
,,,东莞控股(000828.SZ),3500,34755.00,9.93,-956.97
,,,陕天然气(002267.SZ),4300,30229.00,7.03,-1621.11
,,,山东路桥(000498.SZ),5500,27390.00,4.98,-834.78
,,,华贸物流(603128.SH),5200,28080.00,5.4,91.76
2026-08-21,223298.40,47477.40,,,,,
,,,周大生(002867.SZ),2300,28313.00,12.31,-1471.36
,,,山东路桥(000498.SZ),5500,27060.00,4.92,-1164.78
,,,华贸物流(603128.SH),5200,27716.00,5.33,-272.24
,,,东莞控股(000828.SZ),3500,33215.00,9.49,-2496.97
,,,中原高速(600020.SH),7900,29546.00,3.74,-1176.52
,,,陕天然气(002267.SZ),4300,29971.00,6.97,-1879.11
2026-08-20,224266.40,47477.40,,,,,
,,,中原高速(600020.SH),7900,29862.00,3.78,-860.52
,,,山东路桥(000498.SZ),5500,27335.00,4.97,-889.78
,,,陕天然气(002267.SZ),4300,29971.00,6.97,-1879.11
,,,周大生(002867.SZ),2300,28359.00,12.33,-1425.36
,,,华贸物流(603128.SH),5200,27872.00,5.36,-116.24
,,,东莞控股(000828.SZ),3500,33390.00,9.54,-2321.97
2026-08-19,224626.40,47477.40,,,,,
,,,华贸物流(603128.SH),5200,27612.00,5.31,-376.24
,,,山东路桥(000498.SZ),5500,27225.00,4.95,-999.78
,,,周大生(002867.SZ),2300,28474.00,12.38,-1310.36
,,,东莞控股(000828.SZ),3500,34020.00,9.72,-1691.97
,,,陕天然气(002267.SZ),4300,30272.00,7.04,-1578.11
,,,中原高速(600020.SH),7900,29546.00,3.74,-1176.52
2026-08-18,224932.40,47477.40,,,,,
,,,周大生(002867.SZ),2300,28589.00,12.43,-1195.36
,,,中原高速(600020.SH),7900,29546.00,3.74,-1176.52
,,,华贸物流(603128.SH),5200,27976.00,5.38,-12.24
,,,山东路桥(000498.SZ),5500,27060.00,4.92,-1164.78
,,,东莞控股(000828.SZ),3500,34055.00,9.73,-1656.97
,,,陕天然气(002267.SZ),4300,30229.00,7.03,-1621.11
2026-08-17,225211.40,47477.40,,,,,
,,,中原高速(600020.SH),7900,29625.00,3.75,-1097.52
,,,周大生(002867.SZ),2300,28635.00,12.45,-1149.36
,,,山东路桥(000498.SZ),5500,27280.00,4.96,-944.78
,,,陕天然气(002267.SZ),4300,30143.00,7.01,-1707.11
,,,东莞控股(000828.SZ),3500,34335.00,9.81,-1376.97
,,,华贸物流(603128.SH),5200,27716.00,5.33,-272.24
2026-08-14,224221.40,47477.40,,,,,
,,,中原高速(600020.SH),7900,29625.00,3.75,-1097.52
,,,华贸物流(603128.SH),5200,27456.00,5.28,-532.24
,,,山东路桥(000498.SZ),5500,27060.00,4.92,-1164.78
,,,东莞控股(000828.SZ),3500,34230.00,9.78,-1481.97
,,,陕天然气(002267.SZ),4300,30014.00,6.98,-1836.11
,,,周大生(002867.SZ),2300,28359.00,12.33,-1425.36
2026-08-13,224972.40,47477.40,,,,,
,,,陕天然气(002267.SZ),4300,29928.00,6.96,-1922.11
,,,华贸物流(603128.SH),5200,27560.00,5.3,-428.24
,,,山东路桥(000498.SZ),5500,27170.00,4.94,-1054.78
,,,周大生(002867.SZ),2300,28658.00,12.46,-1126.36
,,,中原高速(600020.SH),7900,29704.00,3.76,-1018.52
,,,东莞控股(000828.SZ),3500,34475.00,9.85,-1236.97
2026-08-12,226165.40,47477.40,,,,,
,,,东莞控股(000828.SZ),3500,34650.00,9.9,-1061.97
,,,华贸物流(603128.SH),5200,27716.00,5.33,-272.24
,,,陕天然气(002267.SZ),4300,30444.00,7.08,-1406.11
,,,山东路桥(000498.SZ),5500,27335.00,4.97,-889.78
,,,中原高速(600020.SH),7900,29862.00,3.78,-860.52
,,,周大生(002867.SZ),2300,28681.00,12.47,-1103.36
2026-08-11,226683.40,47477.40,,,,,
,,,周大生(002867.SZ),2300,29348.00,12.76,-436.36
,,,东莞控股(000828.SZ),3500,34615.00,9.89,-1096.97
,,,陕天然气(002267.SZ),4300,30616.00,7.12,-1234.11
,,,华贸物流(603128.SH),5200,27612.00,5.31,-376.24
,,,山东路桥(000498.SZ),5500,27390.00,4.98,-834.78
,,,中原高速(600020.SH),7900,29625.00,3.75,-1097.52
2026-08-10,228220.40,47477.40,,,,,
,,,陕天然气(002267.SZ),4300,30745.00,7.15,-1105.11
,,,山东路桥(000498.SZ),5500,27610.00,5.02,-614.78
,,,华贸物流(603128.SH),5200,27664.00,5.32,-324.24
,,,东莞控股(000828.SZ),3500,34965.00,9.99,-746.97
,,,周大生(002867.SZ),2300,29739.00,12.93,-45.36
,,,中原高速(600020.SH),7900,30020.00,3.8,-702.52
2026-08-07,226272.40,47477.40,,,,,
,,,陕天然气(002267.SZ),4300,30444.00,7.08,-1406.11
,,,华贸物流(603128.SH),5200,27300.00,5.25,-688.24
,,,中原高速(600020.SH),7900,29941.00,3.79,-781.52
,,,东莞控股(000828.SZ),3500,34790.00,9.94,-921.97
,,,周大生(002867.SZ),2300,29095.00,12.65,-689.36
,,,山东路桥(000498.SZ),5500,27225.00,4.95,-999.78
2026-08-06,227821.40,47477.40,,,,,
,,,华贸物流(603128.SH),5200,27560.00,5.3,-428.24
,,,中原高速(600020.SH),7900,30178.00,3.82,-544.52
,,,山东路桥(000498.SZ),5500,27610.00,5.02,-614.78
,,,陕天然气(002267.SZ),4300,30788.00,7.16,-1062.11
,,,周大生(002867.SZ),2300,29348.00,12.76,-436.36
,,,东莞控股(000828.SZ),3500,34860.00,9.96,-851.97
2026-08-05,228891.40,47477.40,,,,,
,,,陕天然气(002267.SZ),4300,31003.00,7.21,-847.11
,,,华贸物流(603128.SH),5200,27664.00,5.32,-324.24
,,,周大生(002867.SZ),2300,29371.00,12.77,-413.36
,,,山东路桥(000498.SZ),5500,27830.00,5.06,-394.78
,,,中原高速(600020.SH),7900,30336.00,3.84,-386.52
,,,东莞控股(000828.SZ),3500,35210.00,10.06,-501.97
2026-08-04,230056.40,47477.40,,,,,
,,,陕天然气(002267.SZ),4300,31519.00,7.33,-331.11
,,,华贸物流(603128.SH),5200,27820.00,5.35,-168.24
,,,东莞控股(000828.SZ),3500,35315.00,10.09,-396.97
,,,山东路桥(000498.SZ),5500,28050.00,5.1,-174.78
,,,中原高速(600020.SH),7900,30573.00,3.87,-149.52
,,,周大生(002867.SZ),2300,29302.00,12.74,-482.36
2026-08-03,233368.40,47477.40,,,,,
,,,中原高速(600020.SH),7900,31205.00,3.95,482.48
,,,周大生(002867.SZ),2300,29946.00,13.02,161.64
,,,陕天然气(002267.SZ),4300,32164.00,7.48,313.89
,,,东莞控股(000828.SZ),3500,35630.00,10.18,-81.97
,,,华贸物流(603128.SH),5200,28236.00,5.43,247.76
,,,山东路桥(000498.SZ),5500,28710.00,5.22,485.22
2026-07-31,232084.14,77979.14,,,,,
,,,华旺科技(605377.SH),3100,27280.00,8.8,-1678.47
,,,柳药集团(603368.SH),2300,36271.00,15.77,2659.85
,,,联明股份(603006.SH),2200,22814.00,10.37,-7509.71
,,,宁水集团(603700.SH),3000,33180.00,11.06,-1880.47
,,,江河集团(601886.SH),4000,34560.00,8.64,-2431.96
2026-07-30,230942.14,77979.14,,,,,
,,,宁水集团(603700.SH),3000,33630.00,11.21,-1430.47
,,,联明股份(603006.SH),2200,22088.00,10.04,-8235.71
,,,柳药集团(603368.SH),2300,35972.00,15.64,2360.85
,,,华旺科技(605377.SH),3100,26753.00,8.63,-2205.47
,,,江河集团(601886.SH),4000,34520.00,8.63,-2471.96
2026-07-29,232147.14,77979.14,,,,,
,,,华旺科技(605377.SH),3100,27683.00,8.93,-1275.47
,,,柳药集团(603368.SH),2300,35673.00,15.51,2061.85
,,,联明股份(603006.SH),2200,22792.00,10.36,-7531.71
,,,江河集团(601886.SH),4000,34600.00,8.65,-2391.96
,,,宁水集团(603700.SH),3000,33420.00,11.14,-1640.47
2026-07-28,230319.14,77979.14,,,,,
,,,柳药集团(603368.SH),2300,35213.00,15.31,1601.85
,,,江河集团(601886.SH),4000,34040.00,8.51,-2951.96
,,,宁水集团(603700.SH),3000,32970.00,10.99,-2090.47
,,,华旺科技(605377.SH),3100,28117.00,9.07,-841.47
,,,联明股份(603006.SH),2200,22000.00,10,-8323.71
2026-07-27,229615.14,77979.14,,,,,
,,,华旺科技(605377.SH),3100,28706.00,9.26,-252.47
,,,江河集团(601886.SH),4000,33560.00,8.39,-3431.96
,,,柳药集团(603368.SH),2300,35190.00,15.3,1578.85
,,,联明股份(603006.SH),2200,21780.00,9.9,-8543.71
,,,宁水集团(603700.SH),3000,32400.00,10.8,-2660.47
2026-07-24,227814.14,77979.14,,,,,
,,,柳药集团(603368.SH),2300,34661.00,15.07,1049.85
,,,联明股份(603006.SH),2200,21230.00,9.65,-9093.71
,,,华旺科技(605377.SH),3100,28024.00,9.04,-934.47
,,,江河集团(601886.SH),4000,33640.00,8.41,-3351.96
,,,宁水集团(603700.SH),3000,32280.00,10.76,-2780.47
2026-07-23,230298.14,77979.14,,,,,
,,,柳药集团(603368.SH),2300,35374.00,15.38,1762.85
,,,联明股份(603006.SH),2200,21802.00,9.91,-8521.71
,,,宁水集团(603700.SH),3000,32670.00,10.89,-2390.47
,,,华旺科技(605377.SH),3100,29233.00,9.43,274.53
,,,江河集团(601886.SH),4000,33240.00,8.31,-3751.96
2026-07-22,228000.14,77979.14,,,,,
,,,联明股份(603006.SH),2200,20834.00,9.47,-9489.71
,,,江河集团(601886.SH),4000,32760.00,8.19,-4231.96
,,,宁水集团(603700.SH),3000,32400.00,10.8,-2660.47
,,,柳药集团(603368.SH),2300,35259.00,15.33,1647.85
,,,华旺科技(605377.SH),3100,28768.00,9.28,-190.47
2026-07-21,230986.14,77979.14,,,,,
,,,江河集团(601886.SH),4000,33960.00,8.49,-3031.96
,,,华旺科技(605377.SH),3100,28582.00,9.22,-376.47
,,,柳药集团(603368.SH),2300,35305.00,15.35,1693.85
,,,联明股份(603006.SH),2200,21560.00,9.8,-8763.71
,,,宁水集团(603700.SH),3000,33600.00,11.2,-1460.47
2026-07-20,229249.14,77979.14,,,,,
,,,柳药集团(603368.SH),2300,36133.00,15.71,2521.85
,,,宁水集团(603700.SH),3000,32970.00,10.99,-2090.47
,,,江河集团(601886.SH),4000,31840.00,7.96,-5151.96
,,,华旺科技(605377.SH),3100,28613.00,9.23,-345.47
,,,联明股份(603006.SH),2200,21714.00,9.87,-8609.71
2026-07-17,230106.14,77979.14,,,,,
,,,华旺科技(605377.SH),3100,29140.00,9.4,181.53
,,,江河集团(601886.SH),4000,31280.00,7.82,-5711.96
,,,宁水集团(603700.SH),3000,32790.00,10.93,-2270.47
,,,联明股份(603006.SH),2200,22968.00,10.44,-7355.71
,,,柳药集团(603368.SH),2300,35949.00,15.63,2337.85
2026-07-16,236635.14,77979.14,,,,,
,,,华旺科技(605377.SH),3100,29667.00,9.57,708.53
,,,江河集团(601886.SH),4000,32920.00,8.23,-4071.96
,,,联明股份(603006.SH),2200,24266.00,11.03,-6057.71
,,,柳药集团(603368.SH),2300,36823.00,16.01,3211.85
,,,宁水集团(603700.SH),3000,34980.00,11.66,-80.47
2026-07-15,237040.14,77979.14,,,,,
,,,宁水集团(603700.SH),3000,35010.00,11.67,-50.47
,,,联明股份(603006.SH),2200,23980.00,10.9,-6343.71
,,,江河集团(601886.SH),4000,32920.00,8.23,-4071.96
,,,华旺科技(605377.SH),3100,30535.00,9.85,1576.53
,,,柳药集团(603368.SH),2300,36616.00,15.92,3004.85
2026-07-14,235379.14,77979.14,,,,,
,,,宁水集团(603700.SH),3000,34920.00,11.64,-140.47
,,,华旺科技(605377.SH),3100,30566.00,9.86,1607.53
,,,江河集团(601886.SH),4000,31320.00,7.83,-5671.96
,,,联明股份(603006.SH),2200,24530.00,11.15,-5793.71
,,,柳药集团(603368.SH),2300,36064.00,15.68,2452.85
2026-07-13,232982.14,77979.14,,,,,
,,,江河集团(601886.SH),4000,30600.00,7.65,-6391.96
,,,华旺科技(605377.SH),3100,30659.00,9.89,1700.53
,,,联明股份(603006.SH),2200,24684.00,11.22,-5639.71
,,,柳药集团(603368.SH),2300,35190.00,15.3,1578.85
,,,宁水集团(603700.SH),3000,33870.00,11.29,-1190.47
2026-07-10,237920.14,77979.14,,,,,
,,,联明股份(603006.SH),2200,27434.00,12.47,-2889.71
,,,宁水集团(603700.SH),3000,34560.00,11.52,-500.47
,,,华旺科技(605377.SH),3100,31403.00,10.13,2444.53
,,,江河集团(601886.SH),4000,31400.00,7.85,-5591.96
,,,柳药集团(603368.SH),2300,35144.00,15.28,1532.85
2026-07-09,236228.14,77979.14,,,,,
,,,柳药集团(603368.SH),2300,34822.00,15.14,1210.85
,,,江河集团(601886.SH),4000,31480.00,7.87,-5511.96
,,,华旺科技(605377.SH),3100,29233.00,9.43,274.53
,,,联明股份(603006.SH),2200,28424.00,12.92,-1899.71
,,,宁水集团(603700.SH),3000,34290.00,11.43,-770.47
2026-07-08,235329.14,77979.14,,,,,
,,,联明股份(603006.SH),2200,28798.00,13.09,-1525.71
,,,华旺科技(605377.SH),3100,29388.00,9.48,429.53
,,,柳药集团(603368.SH),2300,35144.00,15.28,1532.85
,,,江河集团(601886.SH),4000,31680.00,7.92,-5311.96
,,,宁水集团(603700.SH),3000,32340.00,10.78,-2720.47
2026-07-07,238061.14,77979.14,,,,,
,,,江河集团(601886.SH),4000,31400.00,7.85,-5591.96
,,,柳药集团(603368.SH),2300,35075.00,15.25,1463.85
,,,宁水集团(603700.SH),3000,32940.00,10.98,-2120.47
,,,联明股份(603006.SH),2200,30690.00,13.95,366.29
,,,华旺科技(605377.SH),3100,29977.00,9.67,1018.53
2026-07-06,240989.14,77979.14,,,,,
,,,江河集团(601886.SH),4000,32320.00,8.08,-4671.96
,,,宁水集团(603700.SH),3000,33630.00,11.21,-1430.47
,,,柳药集团(603368.SH),2300,35926.00,15.62,2314.85
,,,联明股份(603006.SH),2200,31064.00,14.12,740.29
,,,华旺科技(605377.SH),3100,30070.00,9.7,1111.53
2026-07-03,240529.14,77979.14,,,,,
,,,宁水集团(603700.SH),3000,34530.00,11.51,-530.47
,,,江河集团(601886.SH),4000,32240.00,8.06,-4751.96
,,,柳药集团(603368.SH),2300,35834.00,15.58,2222.85
,,,华旺科技(605377.SH),3100,27342.00,8.82,-1616.47
,,,联明股份(603006.SH),2200,32604.00,14.82,2280.29
2026-07-02,239495.14,77979.14,,,,,
,,,江河集团(601886.SH),4000,31800.00,7.95,-5191.96
,,,宁水集团(603700.SH),3000,34260.00,11.42,-800.47
,,,华旺科技(605377.SH),3100,28055.00,9.05,-903.47
,,,联明股份(603006.SH),2200,32142.00,14.61,1818.29
,,,柳药集团(603368.SH),2300,35259.00,15.33,1647.85
2026-07-01,239731.14,77979.14,,,,,
,,,宁水集团(603700.SH),3000,34680.00,11.56,-380.47
,,,江河集团(601886.SH),4000,32000.00,8,-4991.96
,,,华旺科技(605377.SH),3100,28737.00,9.27,-221.47
,,,联明股份(603006.SH),2200,31812.00,14.46,1488.29
,,,柳药集团(603368.SH),2300,34523.00,15.01,911.85
2026-06-30,238469.37,52257.37,,,,,
,,,江河集团(601886.SH),3200,25696.00,8.03,-4806.01
,,,联明股份(603006.SH),1900,27075.00,14.25,1021.80
,,,东方环宇(603706.SH),1400,24206.00,17.29,-5615.34
,,,镇洋发展(603213.SH),2800,38724.00,13.83,-2530.69
,,,立霸股份(603519.SH),2200,33660.00,15.3,1752.76
,,,渤海轮渡(603167.SH),4300,36851.00,8.57,-2325.92
2026-06-29,239760.37,52257.37,,,,,
,,,镇洋发展(603213.SH),2800,39256.00,14.02,-1998.69
,,,东方环宇(603706.SH),1400,23954.00,17.11,-5867.34
,,,联明股份(603006.SH),1900,26505.00,13.95,451.80
,,,立霸股份(603519.SH),2200,33902.00,15.41,1994.76
,,,渤海轮渡(603167.SH),4300,37582.00,8.74,-1594.92
,,,江河集团(601886.SH),3200,26304.00,8.22,-4198.01
2026-06-26,236999.37,52257.37,,,,,
,,,联明股份(603006.SH),1900,26372.00,13.88,318.80
,,,立霸股份(603519.SH),2200,32010.00,14.55,102.76
,,,江河集团(601886.SH),3200,26464.00,8.27,-4038.01
,,,东方环宇(603706.SH),1400,24290.00,17.35,-5531.34
,,,镇洋发展(603213.SH),2800,38024.00,13.58,-3230.69
,,,渤海轮渡(603167.SH),4300,37582.00,8.74,-1594.92
2026-06-25,242928.37,52257.37,,,,,
,,,联明股份(603006.SH),1900,27132.00,14.28,1078.80
,,,渤海轮渡(603167.SH),4300,37969.00,8.83,-1207.92
,,,东方环宇(603706.SH),1400,26278.00,18.77,-3543.34
,,,立霸股份(603519.SH),2200,33968.00,15.44,2060.76
,,,镇洋发展(603213.SH),2800,38444.00,13.73,-2810.69
,,,江河集团(601886.SH),3200,26880.00,8.4,-3622.01
2026-06-24,245790.37,52257.37,,,,,
,,,江河集团(601886.SH),3200,27520.00,8.6,-2982.01
,,,立霸股份(603519.SH),2200,34760.00,15.8,2852.76
,,,联明股份(603006.SH),1900,27151.00,14.29,1097.80
,,,渤海轮渡(603167.SH),4300,38442.00,8.94,-734.92
,,,东方环宇(603706.SH),1400,26712.00,19.08,-3109.34
,,,镇洋发展(603213.SH),2800,38948.00,13.91,-2306.69
2026-06-23,246372.37,52257.37,,,,,
,,,东方环宇(603706.SH),1400,27776.00,19.84,-2045.34
,,,江河集团(601886.SH),3200,28032.00,8.76,-2470.01
,,,渤海轮渡(603167.SH),4300,38872.00,9.04,-304.92
,,,立霸股份(603519.SH),2200,34034.00,15.47,2126.76
,,,联明股份(603006.SH),1900,26201.00,13.79,147.80
,,,镇洋发展(603213.SH),2800,39200.00,14,-2054.69
2026-06-22,244718.37,52257.37,,,,,
,,,立霸股份(603519.SH),2200,33110.00,15.05,1202.76
,,,江河集团(601886.SH),3200,28640.00,8.95,-1862.01
,,,镇洋发展(603213.SH),2800,39060.00,13.95,-2194.69
,,,渤海轮渡(603167.SH),4300,38700.00,9,-476.92
,,,东方环宇(603706.SH),1400,27244.00,19.46,-2577.34
,,,联明股份(603006.SH),1900,25707.00,13.53,-346.20
2026-06-18,243795.37,52257.37,,,,,
,,,渤海轮渡(603167.SH),4300,38743.00,9.01,-433.92
,,,东方环宇(603706.SH),1400,27412.00,19.58,-2409.34
,,,镇洋发展(603213.SH),2800,39480.00,14.1,-1774.69
,,,联明股份(603006.SH),1900,24415.00,12.85,-1638.20
,,,立霸股份(603519.SH),2200,32560.00,14.8,652.76
,,,江河集团(601886.SH),3200,28928.00,9.04,-1574.01
2026-06-17,245234.37,52257.37,,,,,
,,,联明股份(603006.SH),1900,23655.00,12.45,-2398.20
,,,镇洋发展(603213.SH),2800,39760.00,14.2,-1494.69
,,,江河集团(601886.SH),3200,30176.00,9.43,-326.01
,,,东方环宇(603706.SH),1400,27692.00,19.78,-2129.34
,,,立霸股份(603519.SH),2200,32736.00,14.88,828.76
,,,渤海轮渡(603167.SH),4300,38958.00,9.06,-218.92
2026-06-16,245175.37,52257.37,,,,,
,,,立霸股份(603519.SH),2200,30932.00,14.06,-975.24
,,,渤海轮渡(603167.SH),4300,39173.00,9.11,-3.92
,,,江河集团(601886.SH),3200,30400.00,9.5,-102.01
,,,联明股份(603006.SH),1900,24415.00,12.85,-1638.20
,,,镇洋发展(603213.SH),2800,40124.00,14.33,-1130.69
,,,东方环宇(603706.SH),1400,27874.00,19.91,-1947.34
2026-06-15,246537.37,52257.37,,,,,
,,,立霸股份(603519.SH),2200,30888.00,14.04,-1019.24
,,,联明股份(603006.SH),1900,24662.00,12.98,-1391.20
,,,镇洋发展(603213.SH),2800,40824.00,14.58,-430.69
,,,江河集团(601886.SH),3200,29696.00,9.28,-806.01
,,,东方环宇(603706.SH),1400,28994.00,20.71,-827.34
,,,渤海轮渡(603167.SH),4300,39216.00,9.12,39.08
2026-06-12,243801.37,52257.37,,,,,
,,,联明股份(603006.SH),1900,24301.00,12.79,-1752.20
,,,立霸股份(603519.SH),2200,30008.00,13.64,-1899.24
,,,渤海轮渡(603167.SH),4300,39001.00,9.07,-175.92
,,,江河集团(601886.SH),3200,28640.00,8.95,-1862.01
,,,镇洋发展(603213.SH),2800,41300.00,14.75,45.31
,,,东方环宇(603706.SH),1400,28294.00,20.21,-1527.34
2026-06-11,240908.37,52257.37,,,,,
,,,联明股份(603006.SH),1900,24681.00,12.99,-1372.20
,,,渤海轮渡(603167.SH),4300,38872.00,9.04,-304.92
,,,江河集团(601886.SH),3200,27552.00,8.61,-2950.01
,,,镇洋发展(603213.SH),2800,41804.00,14.93,549.31
,,,立霸股份(603519.SH),2200,27280.00,12.4,-4627.24
,,,东方环宇(603706.SH),1400,28462.00,20.33,-1359.34
2026-06-10,242092.37,50997.37,,,,,
,,,镇洋发展(603213.SH),2800,41636.00,14.87,381.31
,,,东方环宇(603706.SH),1400,30366.00,21.69,-715.34
,,,联明股份(603006.SH),1900,25346.00,13.34,-707.20
,,,渤海轮渡(603167.SH),4300,38915.00,9.05,-261.92
,,,立霸股份(603519.SH),2200,26928.00,12.24,-4979.24
,,,江河集团(601886.SH),3200,27904.00,8.72,-2598.01
2026-06-09,242743.37,50997.37,,,,,
,,,立霸股份(603519.SH),2200,27412.00,12.46,-4495.24
,,,渤海轮渡(603167.SH),4300,38872.00,9.04,-304.92
,,,镇洋发展(603213.SH),2800,40824.00,14.58,-430.69
,,,江河集团(601886.SH),3200,28000.00,8.75,-2502.01
,,,联明股份(603006.SH),1900,26258.00,13.82,204.80
,,,东方环宇(603706.SH),1400,30380.00,21.7,-701.34
2026-06-08,241272.37,50997.37,,,,,
,,,镇洋发展(603213.SH),2800,39648.00,14.16,-1606.69
,,,立霸股份(603519.SH),2200,27038.00,12.29,-4869.24
,,,联明股份(603006.SH),1900,26904.00,14.16,850.80
,,,东方环宇(603706.SH),1400,30464.00,21.76,-617.34
,,,渤海轮渡(603167.SH),4300,38829.00,9.03,-347.92
,,,江河集团(601886.SH),3200,27392.00,8.56,-3110.01
2026-06-05,242608.37,50997.37,,,,,
,,,联明股份(603006.SH),1900,26543.00,13.97,489.80
,,,江河集团(601886.SH),3200,27136.00,8.48,-3366.01
,,,渤海轮渡(603167.SH),4300,39216.00,9.12,39.08
,,,镇洋发展(603213.SH),2800,39760.00,14.2,-1494.69
,,,立霸股份(603519.SH),2200,27610.00,12.55,-4297.24
,,,东方环宇(603706.SH),1400,31346.00,22.39,264.66
2026-06-04,238732.37,50997.37,,,,,
,,,东方环宇(603706.SH),1400,30786.00,21.99,-295.34
,,,联明股份(603006.SH),1900,25042.00,13.18,-1011.20
,,,镇洋发展(603213.SH),2800,38864.00,13.88,-2390.69
,,,立霸股份(603519.SH),2200,27324.00,12.42,-4583.24
,,,渤海轮渡(603167.SH),4300,38743.00,9.01,-433.92
,,,江河集团(601886.SH),3200,26976.00,8.43,-3526.01
2026-06-03,242820.37,50997.37,,,,,
,,,东方环宇(603706.SH),1400,31304.00,22.36,222.66
,,,立霸股份(603519.SH),2200,27676.00,12.58,-4231.24
,,,镇洋发展(603213.SH),2800,40040.00,14.3,-1214.69
,,,江河集团(601886.SH),3200,27904.00,8.72,-2598.01
,,,联明股份(603006.SH),1900,25726.00,13.54,-327.20
,,,渤海轮渡(603167.SH),4300,39173.00,9.11,-3.92
2026-06-02,245104.37,50997.37,,,,,
,,,江河集团(601886.SH),3200,27808.00,8.69,-2694.01
,,,渤海轮渡(603167.SH),4300,39603.00,9.21,426.08
,,,镇洋发展(603213.SH),2800,40852.00,14.59,-402.69
,,,东方环宇(603706.SH),1400,31696.00,22.64,614.66
,,,联明股份(603006.SH),1900,26296.00,13.84,242.80
,,,立霸股份(603519.SH),2200,27852.00,12.66,-4055.24
2026-06-01,246347.37,50389.37,,,,,
,,,联明股份(603006.SH),1900,27284.00,14.36,622.80
,,,渤海轮渡(603167.SH),4300,39732.00,9.24,555.08
,,,立霸股份(603519.SH),2200,28116.00,12.78,-3791.24
,,,东方环宇(603706.SH),1400,32102.00,22.93,1020.66
,,,镇洋发展(603213.SH),2800,40404.00,14.43,-850.69
,,,江河集团(601886.SH),3200,28320.00,8.85,-2182.01
2026-05-29,246364.94,56877.94,,,,,
,,,轻纺城(600790.SH),9500,38760.00,4.08,-1422.23
,,,物产环能(603071.SH),2300,32200.00,14,638.60
,,,水星家纺(603365.SH),1300,23673.00,18.21,-5579.14
,,,立霸股份(603519.SH),2600,32214.00,12.39,-5494.55
,,,江河集团(601886.SH),3500,31465.00,8.99,-1896.58
,,,红蜻蜓(603116.SH),4300,31175.00,7.25,3160.70
2026-05-28,244269.94,56877.94,,,,,
,,,江河集团(601886.SH),3500,31080.00,8.88,-2281.58
,,,红蜻蜓(603116.SH),4300,31433.00,7.31,3418.70
,,,立霸股份(603519.SH),2600,32500.00,12.5,-5208.55
,,,物产环能(603071.SH),2300,30245.00,13.15,-1316.40
,,,水星家纺(603365.SH),1300,23374.00,17.98,-5878.14
,,,轻纺城(600790.SH),9500,38760.00,4.08,-1422.23
2026-05-27,246234.94,56026.94,,,,,
,,,江河集团(601886.SH),3500,32305.00,9.23,-1056.58
,,,物产环能(603071.SH),2300,30590.00,13.3,-1822.40
,,,轻纺城(600790.SH),9500,38855.00,4.09,-1327.23
,,,水星家纺(603365.SH),1300,23946.00,18.42,-5306.14
,,,红蜻蜓(603116.SH),4300,31648.00,7.36,3633.70
,,,立霸股份(603519.SH),2600,32864.00,12.64,-4844.55
2026-05-26,250551.94,56026.94,,,,,
,,,红蜻蜓(603116.SH),4300,33239.00,7.73,5224.70
,,,江河集团(601886.SH),3500,33110.00,9.46,-251.58
,,,水星家纺(603365.SH),1300,24531.00,18.87,-4721.14
,,,物产环能(603071.SH),2300,30705.00,13.35,-1707.40
,,,轻纺城(600790.SH),9500,39140.00,4.12,-1042.23
,,,立霸股份(603519.SH),2600,33800.00,13,-3908.55
2026-05-25,253450.94,56026.94,,,,,
,,,立霸股份(603519.SH),2600,33982.00,13.07,-3726.55
,,,轻纺城(600790.SH),9500,40565.00,4.27,382.77
,,,江河集团(601886.SH),3500,32375.00,9.25,-986.58
,,,红蜻蜓(603116.SH),4300,35088.00,8.16,7073.70
,,,物产环能(603071.SH),2300,30935.00,13.45,-1477.40
,,,水星家纺(603365.SH),1300,24479.00,18.83,-4773.14
2026-05-22,250914.94,56026.94,,,,,
,,,轻纺城(600790.SH),9500,40185.00,4.23,2.77
,,,物产环能(603071.SH),2300,30406.00,13.22,-2006.40
,,,江河集团(601886.SH),3500,31115.00,8.89,-2246.58
,,,水星家纺(603365.SH),1300,24622.00,18.94,-4630.14
,,,红蜻蜓(603116.SH),4300,33798.00,7.86,5783.70
,,,立霸股份(603519.SH),2600,34762.00,13.37,-2946.55
2026-05-21,249612.94,56026.94,,,,,
,,,物产环能(603071.SH),2300,30084.00,13.08,-2328.40
,,,红蜻蜓(603116.SH),4300,34013.00,7.91,5998.70
,,,江河集团(601886.SH),3500,31815.00,9.09,-1546.58
,,,立霸股份(603519.SH),2600,34502.00,13.27,-3206.55
,,,轻纺城(600790.SH),9500,38095.00,4.01,-2087.23
,,,水星家纺(603365.SH),1300,25077.00,19.29,-4175.14
2026-05-20,254846.94,56026.94,,,,,
,,,水星家纺(603365.SH),1300,25467.00,19.59,-3785.14
,,,红蜻蜓(603116.SH),4300,33153.00,7.71,5138.70
,,,江河集团(601886.SH),3500,32340.00,9.24,-1021.58
,,,物产环能(603071.SH),2300,31763.00,13.81,-649.40
,,,轻纺城(600790.SH),9500,40945.00,4.31,762.77
,,,立霸股份(603519.SH),2600,35152.00,13.52,-2556.55
2026-05-19,256561.94,56026.94,,,,,
,,,立霸股份(603519.SH),2600,35178.00,13.53,-2530.55
,,,水星家纺(603365.SH),1300,25441.00,19.57,-3811.14
,,,红蜻蜓(603116.SH),4300,33497.00,7.79,5482.70
,,,物产环能(603071.SH),2300,32384.00,14.08,-28.40
,,,江河集团(601886.SH),3500,32235.00,9.21,-1126.58
,,,轻纺城(600790.SH),9500,41800.00,4.4,1617.77
2026-05-18,252868.94,56026.94,,,,,
,,,江河集团(601886.SH),3500,31955.00,9.13,-1406.58
,,,水星家纺(603365.SH),1300,26143.00,20.11,-3109.14
,,,红蜻蜓(603116.SH),4300,32121.00,7.47,4106.70
,,,物产环能(603071.SH),2300,31694.00,13.78,-718.40
,,,立霸股份(603519.SH),2600,34554.00,13.29,-3154.55
,,,轻纺城(600790.SH),9500,40375.00,4.25,192.77
2026-05-15,257497.94,56026.94,,,,,
,,,江河集团(601886.SH),3500,32515.00,9.29,-846.58
,,,立霸股份(603519.SH),2600,34736.00,13.36,-2972.55
,,,水星家纺(603365.SH),1300,26780.00,20.6,-2472.14
,,,红蜻蜓(603116.SH),4300,34228.00,7.96,6213.70
,,,物产环能(603071.SH),2300,31602.00,13.74,-810.40
,,,轻纺城(600790.SH),9500,41610.00,4.38,1427.77
2026-05-14,258144.94,56026.94,,,,,
,,,物产环能(603071.SH),2300,32476.00,14.12,63.60
,,,江河集团(601886.SH),3500,32655.00,9.33,-706.58
,,,立霸股份(603519.SH),2600,35282.00,13.57,-2426.55
,,,水星家纺(603365.SH),1300,26390.00,20.3,-2862.14
,,,红蜻蜓(603116.SH),4300,33325.00,7.75,5310.70
,,,轻纺城(600790.SH),9500,41990.00,4.42,1807.77
2026-05-13,263043.94,56026.94,,,,,
,,,轻纺城(600790.SH),9500,43415.00,4.57,3232.77
,,,水星家纺(603365.SH),1300,26650.00,20.5,-2602.14
,,,江河集团(601886.SH),3500,33215.00,9.49,-146.58
,,,立霸股份(603519.SH),2600,37648.00,14.48,-60.55
,,,物产环能(603071.SH),2300,32936.00,14.32,523.60
,,,红蜻蜓(603116.SH),4300,33153.00,7.71,5138.70
2026-05-12,261938.94,56026.94,,,,,
,,,立霸股份(603519.SH),2600,37648.00,14.48,-60.55
,,,江河集团(601886.SH),3500,32515.00,9.29,-846.58
,,,红蜻蜓(603116.SH),4300,31519.00,7.33,3504.70
,,,水星家纺(603365.SH),1300,27326.00,21.02,-1926.14
,,,轻纺城(600790.SH),9500,44175.00,4.65,3992.77
,,,物产环能(603071.SH),2300,32729.00,14.23,316.60
2026-05-11,262439.94,56026.94,,,,,
,,,江河集团(601886.SH),3500,33110.00,9.46,-251.58
,,,物产环能(603071.SH),2300,32890.00,14.3,477.60
,,,红蜻蜓(603116.SH),4300,31089.00,7.23,3074.70
,,,立霸股份(603519.SH),2600,37752.00,14.52,43.45
,,,轻纺城(600790.SH),9500,44935.00,4.73,4752.77
,,,水星家纺(603365.SH),1300,26637.00,20.49,-2615.14
2026-05-08,266740.94,56026.94,,,,,
,,,轻纺城(600790.SH),9500,46930.00,4.94,6747.77
,,,江河集团(601886.SH),3500,33215.00,9.49,-146.58
,,,物产环能(603071.SH),2300,33166.00,14.42,753.60
,,,红蜻蜓(603116.SH),4300,32637.00,7.59,4622.70
,,,立霸股份(603519.SH),2600,38428.00,14.78,719.45
,,,水星家纺(603365.SH),1300,26338.00,20.26,-2914.14
2026-05-07,262485.94,56026.94,,,,,
,,,轻纺城(600790.SH),9500,44555.00,4.69,4372.77
,,,立霸股份(603519.SH),2600,37778.00,14.53,69.45
,,,江河集团(601886.SH),3500,33075.00,9.45,-286.58
,,,红蜻蜓(603116.SH),4300,31433.00,7.31,3418.70
,,,物产环能(603071.SH),2300,32591.00,14.17,178.60
,,,水星家纺(603365.SH),1300,27027.00,20.79,-2225.14
2026-05-06,261346.94,56026.94,,,,,
,,,轻纺城(600790.SH),9500,43890.00,4.62,3707.77
,,,水星家纺(603365.SH),1300,28834.00,22.18,-418.14
,,,立霸股份(603519.SH),2600,37960.00,14.6,251.45
,,,红蜻蜓(603116.SH),4300,29498.00,6.86,1483.70
,,,物产环能(603071.SH),2300,32798.00,14.26,385.60
,,,江河集团(601886.SH),3500,32340.00,9.24,-1021.58
2026-04-30,257693.45,52229.45,,,,,
,,,老凤祥(600612.SH),800,31528.00,39.41,-1932.80
,,,周大生(002867.SZ),2800,37128.00,13.26,3366.51
,,,承德露露(000848.SZ),4200,37380.00,8.9,3534.31
,,,伟星股份(002003.SZ),3600,36000.00,10,278.01
,,,百联股份(600827.SH),4100,33907.00,8.27,-1187.55
,,,友发集团(601686.SH),5300,29521.00,5.57,-1980.31
2026-04-29,258961.45,52229.45,,,,,
,,,老凤祥(600612.SH),800,31800.00,39.75,-1660.80
,,,伟星股份(002003.SZ),3600,36540.00,10.15,818.01
,,,周大生(002867.SZ),2800,37464.00,13.38,3702.51
,,,承德露露(000848.SZ),4200,37464.00,8.92,3618.31
,,,百联股份(600827.SH),4100,33784.00,8.24,-1310.55
,,,友发集团(601686.SH),5300,29680.00,5.6,-1821.31
2026-04-28,254709.45,52229.45,,,,,
,,,百联股份(600827.SH),4100,33661.00,8.21,-1433.55
,,,老凤祥(600612.SH),800,31456.00,39.32,-2004.80
,,,友发集团(601686.SH),5300,29521.00,5.57,-1980.31
,,,伟星股份(002003.SZ),3600,36540.00,10.15,818.01
,,,周大生(002867.SZ),2800,34048.00,12.16,286.51
,,,承德露露(000848.SZ),4200,37254.00,8.87,3408.31
2026-04-27,252290.45,52229.45,,,,,
,,,承德露露(000848.SZ),4200,35322.00,8.41,1476.31
,,,百联股份(600827.SH),4100,33292.00,8.12,-1802.55
,,,伟星股份(002003.SZ),3600,36432.00,10.12,710.01
,,,老凤祥(600612.SH),800,31440.00,39.3,-2020.80
,,,周大生(002867.SZ),2800,34160.00,12.2,398.51
,,,友发集团(601686.SH),5300,29415.00,5.55,-2086.31
2026-04-24,253709.45,52229.45,,,,,
,,,承德露露(000848.SZ),4200,35112.00,8.36,1266.31
,,,伟星股份(002003.SZ),3600,36684.00,10.19,962.01
,,,周大生(002867.SZ),2800,34440.00,12.3,678.51
,,,老凤祥(600612.SH),800,32248.00,40.31,-1212.80
,,,百联股份(600827.SH),4100,33210.00,8.1,-1884.55
,,,友发集团(601686.SH),5300,29786.00,5.62,-1715.31
2026-04-23,255731.45,52229.45,,,,,
,,,百联股份(600827.SH),4100,33210.00,8.1,-1884.55
,,,友发集团(601686.SH),5300,30210.00,5.7,-1291.31
,,,伟星股份(002003.SZ),3600,36576.00,10.16,854.01
,,,周大生(002867.SZ),2800,35196.00,12.57,1434.51
,,,承德露露(000848.SZ),4200,35238.00,8.39,1392.31
,,,老凤祥(600612.SH),800,33072.00,41.34,-388.80
2026-04-22,256169.45,52229.45,,,,,
,,,周大生(002867.SZ),2800,35448.00,12.66,1686.51
,,,承德露露(000848.SZ),4200,34986.00,8.33,1140.31
,,,友发集团(601686.SH),5300,31111.00,5.87,-390.31
,,,伟星股份(002003.SZ),3600,36108.00,10.03,386.01
,,,老凤祥(600612.SH),800,33200.00,41.5,-260.80
,,,百联股份(600827.SH),4100,33087.00,8.07,-2007.55
2026-04-21,256559.45,52229.45,,,,,
,,,老凤祥(600612.SH),800,32960.00,41.2,-500.80
,,,友发集团(601686.SH),5300,31217.00,5.89,-284.31
,,,承德露露(000848.SZ),4200,35154.00,8.37,1308.31
,,,百联股份(600827.SH),4100,33907.00,8.27,-1187.55
,,,周大生(002867.SZ),2800,35056.00,12.52,1294.51
,,,伟星股份(002003.SZ),3600,36036.00,10.01,314.01
2026-04-20,255912.45,52229.45,,,,,
,,,承德露露(000848.SZ),4200,34692.00,8.26,846.31
,,,友发集团(601686.SH),5300,31323.00,5.91,-178.31
,,,老凤祥(600612.SH),800,33016.00,41.27,-444.80
,,,周大生(002867.SZ),2800,34580.00,12.35,818.51
,,,伟星股份(002003.SZ),3600,36288.00,10.08,566.01
,,,百联股份(600827.SH),4100,33784.00,8.24,-1310.55
2026-04-17,255537.45,52229.45,,,,,
,,,百联股份(600827.SH),4100,33743.00,8.23,-1351.55
,,,老凤祥(600612.SH),800,33256.00,41.57,-204.80
,,,周大生(002867.SZ),2800,34496.00,12.32,734.51
,,,伟星股份(002003.SZ),3600,36324.00,10.09,602.01
,,,承德露露(000848.SZ),4200,34272.00,8.16,426.31
,,,友发集团(601686.SH),5300,31217.00,5.89,-284.31
2026-04-16,256258.45,52229.45,,,,,
,,,伟星股份(002003.SZ),3600,35820.00,9.95,98.01
,,,友发集团(601686.SH),5300,31058.00,5.86,-443.31
,,,老凤祥(600612.SH),800,33536.00,41.92,75.20
,,,承德露露(000848.SZ),4200,34356.00,8.18,510.31
,,,百联股份(600827.SH),4100,34399.00,8.39,-695.55
,,,周大生(002867.SZ),2800,34860.00,12.45,1098.51
2026-04-15,257913.45,52229.45,,,,,
,,,百联股份(600827.SH),4100,34891.00,8.51,-203.55
,,,友发集团(601686.SH),5300,30793.00,5.81,-708.31
,,,伟星股份(002003.SZ),3600,35568.00,9.88,-153.99
,,,老凤祥(600612.SH),800,33536.00,41.92,75.20
,,,承德露露(000848.SZ),4200,34356.00,8.18,510.31
,,,周大生(002867.SZ),2800,36540.00,13.05,2778.51
2026-04-14,255651.45,52229.45,,,,,
,,,老凤祥(600612.SH),800,33448.00,41.81,-12.80
,,,周大生(002867.SZ),2800,34636.00,12.37,874.51
,,,伟星股份(002003.SZ),3600,35136.00,9.76,-585.99
,,,承德露露(000848.SZ),4200,34272.00,8.16,426.31
,,,友发集团(601686.SH),5300,30793.00,5.81,-708.31
,,,百联股份(600827.SH),4100,35137.00,8.57,42.45
2026-04-13,253523.45,52229.45,,,,,
,,,老凤祥(600612.SH),800,33240.00,41.55,-220.80
,,,周大生(002867.SZ),2800,32956.00,11.77,-805.49
,,,伟星股份(002003.SZ),3600,34596.00,9.61,-1125.99
,,,承德露露(000848.SZ),4200,34818.00,8.29,972.31
,,,百联股份(600827.SH),4100,34891.00,8.51,-203.55
,,,友发集团(601686.SH),5300,30793.00,5.81,-708.31
2026-04-10,252198.45,52229.45,,,,,
,,,老凤祥(600612.SH),800,33136.00,41.42,-324.80
,,,伟星股份(002003.SZ),3600,34956.00,9.71,-765.99
,,,周大生(002867.SZ),2800,32900.00,11.75,-861.49
,,,友发集团(601686.SH),5300,30899.00,5.83,-602.31
,,,百联股份(600827.SH),4100,34604.00,8.44,-490.55
,,,承德露露(000848.SZ),4200,33474.00,7.97,-371.69
2026-04-09,251541.45,52229.45,,,,,
,,,承德露露(000848.SZ),4200,33348.00,7.94,-497.69
,,,百联股份(600827.SH),4100,34645.00,8.45,-449.55
,,,周大生(002867.SZ),2800,32816.00,11.72,-945.49
,,,老凤祥(600612.SH),800,33112.00,41.39,-348.80
,,,伟星股份(002003.SZ),3600,34704.00,9.64,-1017.99
,,,友发集团(601686.SH),5300,30687.00,5.79,-814.31
2026-04-08,254117.45,52229.45,,,,,
,,,老凤祥(600612.SH),800,33608.00,42.01,147.20
,,,百联股份(600827.SH),4100,34973.00,8.53,-121.55
,,,友发集团(601686.SH),5300,31111.00,5.87,-390.31
,,,伟星股份(002003.SZ),3600,35136.00,9.76,-585.99
,,,周大生(002867.SZ),2800,33292.00,11.89,-469.49
,,,承德露露(000848.SZ),4200,33768.00,8.04,-77.69
2026-04-07,250534.45,52229.45,,,,,
,,,百联股份(600827.SH),4100,34399.00,8.39,-695.55
,,,周大生(002867.SZ),2800,32536.00,11.62,-1225.49
,,,伟星股份(002003.SZ),3600,34308.00,9.53,-1413.99
,,,友发集团(601686.SH),5300,30422.00,5.74,-1079.31
,,,承德露露(000848.SZ),4200,33432.00,7.96,-413.69
,,,老凤祥(600612.SH),800,33208.00,41.51,-252.80
2026-04-03,250397.45,52229.45,,,,,
,,,伟星股份(002003.SZ),3600,34596.00,9.61,-1125.99
,,,友发集团(601686.SH),5300,30263.00,5.71,-1238.31
,,,百联股份(600827.SH),4100,34317.00,8.37,-777.55
,,,周大生(002867.SZ),2800,32816.00,11.72,-945.49
,,,承德露露(000848.SZ),4200,33264.00,7.92,-581.69
,,,老凤祥(600612.SH),800,32912.00,41.14,-548.80
2026-04-02,254111.45,52229.45,,,,,
,,,伟星股份(002003.SZ),3600,35604.00,9.89,-117.99
,,,友发集团(601686.SH),5300,30952.00,5.84,-549.31
,,,百联股份(600827.SH),4100,34932.00,8.52,-162.55
,,,周大生(002867.SZ),2800,33516.00,11.97,-245.49
,,,承德露露(000848.SZ),4200,33558.00,7.99,-287.69
,,,老凤祥(600612.SH),800,33320.00,41.65,-140.80
2026-04-01,254352.45,52229.45,,,,,
,,,伟星股份(002003.SZ),3600,35496.00,9.86,-225.99
,,,老凤祥(600612.SH),800,33424.00,41.78,-36.80
,,,友发集团(601686.SH),5300,31270.00,5.9,-231.31
,,,承德露露(000848.SZ),4200,33390.00,7.95,-455.69
,,,百联股份(600827.SH),4100,35055.00,8.55,-39.55
,,,周大生(002867.SZ),2800,33488.00,11.96,-273.49
2026-03-31,253842.17,55547.17,,,,,
,,,我乐家居(603326.SH),4100,34645.00,8.45,-7024.65
,,,中农立华(603970.SH),2300,29164.00,12.68,-2879.55
,,,维力医疗(603309.SH),2100,31311.00,14.91,-219.37
,,,新澳股份(603889.SH),2900,22243.00,7.67,-777.84
,,,行动教育(605098.SH),700,36995.00,52.85,5338.34
,,,三峰环境(601827.SH),5300,43937.00,8.29,-1625.22
2026-03-30,262998.17,55547.17,,,,,
,,,我乐家居(603326.SH),4100,37146.00,9.06,-4523.65
,,,新澳股份(603889.SH),2900,22301.00,7.69,-719.84
,,,维力医疗(603309.SH),2100,32634.00,15.54,1103.63
,,,三峰环境(601827.SH),5300,47700.00,9,2137.78
,,,行动教育(605098.SH),700,37471.00,53.53,5814.34
,,,中农立华(603970.SH),2300,30199.00,13.13,-1844.55
2026-03-27,262279.17,55547.17,,,,,
,,,中农立华(603970.SH),2300,29394.00,12.78,-2649.55
,,,三峰环境(601827.SH),5300,49025.00,9.25,3462.78
,,,维力医疗(603309.SH),2100,32907.00,15.67,1376.63
,,,行动教育(605098.SH),700,36463.00,52.09,4806.34
,,,我乐家居(603326.SH),4100,36613.00,8.93,-5056.65
,,,新澳股份(603889.SH),2900,22330.00,7.7,-690.84
2026-03-26,260248.17,55547.17,,,,,
,,,中农立华(603970.SH),2300,28612.00,12.44,-3431.55
,,,三峰环境(601827.SH),5300,48813.00,9.21,3250.78
,,,我乐家居(603326.SH),4100,36244.00,8.84,-5425.65
,,,维力医疗(603309.SH),2100,32130.00,15.3,599.63
,,,新澳股份(603889.SH),2900,22243.00,7.67,-777.84
,,,行动教育(605098.SH),700,36659.00,52.37,5002.34
2026-03-25,262217.17,55547.17,,,,,
,,,三峰环境(601827.SH),5300,49343.00,9.31,3780.78
,,,我乐家居(603326.SH),4100,36613.00,8.93,-5056.65
,,,新澳股份(603889.SH),2900,22649.00,7.81,-371.84
,,,中农立华(603970.SH),2300,28520.00,12.4,-3523.55
,,,维力医疗(603309.SH),2100,32571.00,15.51,1040.63
,,,行动教育(605098.SH),700,36974.00,52.82,5317.34
2026-03-24,257682.17,55547.17,,,,,
,,,新澳股份(603889.SH),2900,22185.00,7.65,-835.84
,,,行动教育(605098.SH),700,36995.00,52.85,5338.34
,,,中农立华(603970.SH),2300,28106.00,12.22,-3937.55
,,,我乐家居(603326.SH),4100,35957.00,8.77,-5712.65
,,,维力医疗(603309.SH),2100,31563.00,15.03,32.63
,,,三峰环境(601827.SH),5300,47329.00,8.93,1766.78
2026-03-23,248823.17,55547.17,,,,,
,,,新澳股份(603889.SH),2900,21112.00,7.28,-1908.84
,,,行动教育(605098.SH),700,35210.00,50.3,3553.34
,,,我乐家居(603326.SH),4100,34276.00,8.36,-7393.65
,,,维力医疗(603309.SH),2100,29820.00,14.2,-1710.37
,,,中农立华(603970.SH),2300,27278.00,11.86,-4765.55
,,,三峰环境(601827.SH),5300,45580.00,8.6,17.78
2026-03-20,259551.17,55547.17,,,,,
,,,维力医疗(603309.SH),2100,31122.00,14.82,-408.37
,,,中农立华(603970.SH),2300,28865.00,12.55,-3178.55
,,,行动教育(605098.SH),700,36239.00,51.77,4582.34
,,,新澳股份(603889.SH),2900,22910.00,7.9,-110.84
,,,三峰环境(601827.SH),5300,47435.00,8.95,1872.78
,,,我乐家居(603326.SH),4100,37433.00,9.13,-4236.65
2026-03-19,263093.17,55547.17,,,,,
,,,三峰环境(601827.SH),5300,47223.00,8.91,1660.78
,,,维力医疗(603309.SH),2100,32046.00,15.26,515.63
,,,中农立华(603970.SH),2300,29601.00,12.87,-2442.55
,,,新澳股份(603889.SH),2900,23258.00,8.02,237.16
,,,我乐家居(603326.SH),4100,38458.00,9.38,-3211.65
,,,行动教育(605098.SH),700,36960.00,52.8,5303.34
2026-03-18,269675.17,55547.17,,,,,
,,,维力医疗(603309.SH),2100,32802.00,15.62,1271.63
,,,三峰环境(601827.SH),5300,47965.00,9.05,2402.78
,,,新澳股份(603889.SH),2900,23983.00,8.27,962.16
,,,行动教育(605098.SH),700,39200.00,56,7543.34
,,,中农立华(603970.SH),2300,30613.00,13.31,-1430.55
,,,我乐家居(603326.SH),4100,39565.00,9.65,-2104.65
2026-03-17,267338.17,55547.17,,,,,
,,,三峰环境(601827.SH),5300,47806.00,9.02,2243.78
,,,行动教育(605098.SH),700,38346.00,54.78,6689.34
,,,中农立华(603970.SH),2300,30866.00,13.42,-1177.55
,,,新澳股份(603889.SH),2900,23925.00,8.25,904.16
,,,我乐家居(603326.SH),4100,38991.00,9.51,-2678.65
,,,维力医疗(603309.SH),2100,31857.00,15.17,326.63
2026-03-16,271287.17,55547.17,,,,,
,,,行动教育(605098.SH),700,39725.00,56.75,8068.34
,,,新澳股份(603889.SH),2900,24447.00,8.43,1426.16
,,,三峰环境(601827.SH),5300,48283.00,9.11,2720.78
,,,维力医疗(603309.SH),2100,32151.00,15.31,620.63
,,,中农立华(603970.SH),2300,31487.00,13.69,-556.55
,,,我乐家居(603326.SH),4100,39647.00,9.67,-2022.65
2026-03-13,272139.17,55547.17,,,,,
,,,行动教育(605098.SH),700,39004.00,55.72,7347.34
,,,中农立华(603970.SH),2300,31694.00,13.78,-349.55
,,,新澳股份(603889.SH),2900,24244.00,8.36,1223.16
,,,我乐家居(603326.SH),4100,39811.00,9.71,-1858.65
,,,维力医疗(603309.SH),2100,32655.00,15.55,1124.63
,,,三峰环境(601827.SH),5300,49184.00,9.28,3621.78
2026-03-12,271877.17,55547.17,,,,,
,,,我乐家居(603326.SH),4100,39729.00,9.69,-1940.65
,,,中农立华(603970.SH),2300,31441.00,13.67,-602.55
,,,维力医疗(603309.SH),2100,32865.00,15.65,1334.63
,,,新澳股份(603889.SH),2900,24563.00,8.47,1542.16
,,,行动教育(605098.SH),700,38654.00,55.22,6997.34
,,,三峰环境(601827.SH),5300,49078.00,9.26,3515.78
2026-03-11,271115.17,55547.17,,,,,
,,,我乐家居(603326.SH),4100,40221.00,9.81,-1448.65
,,,三峰环境(601827.SH),5300,48760.00,9.2,3197.78
,,,维力医疗(603309.SH),2100,33117.00,15.77,1586.63
,,,新澳股份(603889.SH),2900,24244.00,8.36,1223.16
,,,行动教育(605098.SH),700,37877.00,54.11,6220.34
,,,中农立华(603970.SH),2300,31349.00,13.63,-694.55
2026-03-10,270179.17,55547.17,,,,,
,,,我乐家居(603326.SH),4100,40549.00,9.89,-1120.65
,,,维力医疗(603309.SH),2100,33495.00,15.95,1964.63
,,,新澳股份(603889.SH),2900,24360.00,8.4,1339.16
,,,行动教育(605098.SH),700,37345.00,53.35,5688.34
,,,中农立华(603970.SH),2300,31395.00,13.65,-648.55
,,,三峰环境(601827.SH),5300,47488.00,8.96,1925.78
2026-03-09,268277.17,55547.17,,,,,
,,,新澳股份(603889.SH),2900,24418.00,8.42,1397.16
,,,三峰环境(601827.SH),5300,47435.00,8.95,1872.78
,,,维力医疗(603309.SH),2100,31920.00,15.2,389.63
,,,我乐家居(603326.SH),4100,39934.00,9.74,-1735.65
,,,中农立华(603970.SH),2300,31671.00,13.77,-372.55
,,,行动教育(605098.SH),700,37352.00,53.36,5695.34
2026-03-06,268454.17,55547.17,,,,,
,,,新澳股份(603889.SH),2900,25723.00,8.87,2702.16
,,,三峰环境(601827.SH),5300,47435.00,8.95,1872.78
,,,中农立华(603970.SH),2300,32131.00,13.97,87.45
,,,行动教育(605098.SH),700,36043.00,51.49,4386.34
,,,我乐家居(603326.SH),4100,40180.00,9.8,-1489.65
,,,维力医疗(603309.SH),2100,31395.00,14.95,-135.37
2026-03-05,262965.17,55547.17,,,,,
,,,新澳股份(603889.SH),2900,25317.00,8.73,2296.16
,,,三峰环境(601827.SH),5300,46481.00,8.77,918.78
,,,行动教育(605098.SH),700,35882.00,51.26,4225.34
,,,维力医疗(603309.SH),2100,29610.00,14.1,-1920.37
,,,我乐家居(603326.SH),4100,39032.00,9.52,-2637.65
,,,中农立华(603970.SH),2300,31096.00,13.52,-947.55
2026-03-04,258322.17,55547.17,,,,,
,,,中农立华(603970.SH),2300,31625.00,13.75,-418.55
,,,三峰环境(601827.SH),5300,45951.00,8.67,388.78
,,,新澳股份(603889.SH),2900,24998.00,8.62,1977.16
,,,行动教育(605098.SH),700,32620.00,46.6,963.34
,,,维力医疗(603309.SH),2100,28959.00,13.79,-2571.37
,,,我乐家居(603326.SH),4100,38622.00,9.42,-3047.65
2026-03-03,261528.17,55547.17,,,,,
,,,维力医疗(603309.SH),2100,29610.00,14.1,-1920.37
,,,行动教育(605098.SH),700,33278.00,47.54,1621.34
,,,中农立华(603970.SH),2300,31418.00,13.66,-625.55
,,,我乐家居(603326.SH),4100,39196.00,9.56,-2473.65
,,,新澳股份(603889.SH),2900,25839.00,8.91,2818.16
,,,三峰环境(601827.SH),5300,46640.00,8.8,1077.78
2026-03-02,265445.17,55547.17,,,,,
,,,维力医疗(603309.SH),2100,30639.00,14.59,-891.37
,,,三峰环境(601827.SH),5300,47223.00,8.91,1660.78
,,,行动教育(605098.SH),700,33460.00,47.8,1803.34
,,,我乐家居(603326.SH),4100,39770.00,9.7,-1899.65
,,,新澳股份(603889.SH),2900,26767.00,9.23,3746.16
,,,中农立华(603970.SH),2300,32039.00,13.93,-4.55
2026-02-27,267694.05,55869.05,,,,,
,,,三峰环境(601827.SH),5300,47753.00,9.01,2190.78
,,,新澳股份(603889.SH),3300,30360.00,9.2,4163.87
,,,我乐家居(603326.SH),4100,40877.00,9.97,-792.65
,,,中农立华(603970.SH),2700,37908.00,14.04,291.66
,,,长龄液压(605389.SH),300,22251.00,74.17,-691.66
,,,行动教育(605098.SH),700,32676.00,46.68,1019.34
2026-02-26,266989.05,55869.05,,,,,
,,,我乐家居(603326.SH),4100,41123.00,10.03,-546.65
,,,三峰环境(601827.SH),5300,47223.00,8.91,1660.78
,,,长龄液压(605389.SH),300,22086.00,73.62,-856.66
,,,新澳股份(603889.SH),3300,30525.00,9.25,4328.87
,,,中农立华(603970.SH),2700,37368.00,13.84,-248.34
,,,行动教育(605098.SH),700,32795.00,46.85,1138.34
2026-02-25,267280.05,55869.05,,,,,
,,,长龄液压(605389.SH),300,22176.00,73.92,-766.66
,,,三峰环境(601827.SH),5300,46799.00,8.83,1236.78
,,,新澳股份(603889.SH),3300,30657.00,9.29,4460.87
,,,行动教育(605098.SH),700,32921.00,47.03,1264.34
,,,中农立华(603970.SH),2700,37530.00,13.9,-86.34
,,,我乐家居(603326.SH),4100,41328.00,10.08,-341.65
2026-02-24,267316.05,55869.05,,,,,
,,,三峰环境(601827.SH),5300,46481.00,8.77,918.78
,,,长龄液压(605389.SH),300,21864.00,72.88,-1078.66
,,,中农立华(603970.SH),2700,37395.00,13.85,-221.34
,,,行动教育(605098.SH),700,32893.00,46.99,1236.34
,,,我乐家居(603326.SH),4100,42025.00,10.25,355.35
,,,新澳股份(603889.SH),3300,30789.00,9.33,4592.87
2026-02-13,264214.05,55869.05,,,,,
,,,我乐家居(603326.SH),4100,41451.00,10.11,-218.65
,,,中农立华(603970.SH),2700,36099.00,13.37,-1517.34
,,,三峰环境(601827.SH),5300,46057.00,8.69,494.78
,,,新澳股份(603889.SH),3300,29403.00,8.91,3206.87
,,,长龄液压(605389.SH),300,21840.00,72.8,-1102.66
,,,行动教育(605098.SH),700,33495.00,47.85,1838.34
2026-02-12,265956.05,55869.05,,,,,
,,,我乐家居(603326.SH),4100,41082.00,10.02,-587.65
,,,行动教育(605098.SH),700,34349.00,49.07,2692.34
,,,三峰环境(601827.SH),5300,46534.00,8.78,971.78
,,,新澳股份(603889.SH),3300,29667.00,8.99,3470.87
,,,长龄液压(605389.SH),300,21897.00,72.99,-1045.66
,,,中农立华(603970.SH),2700,36558.00,13.54,-1058.34
2026-02-11,268722.05,55869.05,,,,,
,,,长龄液压(605389.SH),300,22188.00,73.96,-754.66
,,,中农立华(603970.SH),2700,37044.00,13.72,-572.34
,,,我乐家居(603326.SH),4100,42107.00,10.27,437.35
,,,新澳股份(603889.SH),3300,30327.00,9.19,4130.87
,,,行动教育(605098.SH),700,34335.00,49.05,2678.34
,,,三峰环境(601827.SH),5300,46852.00,8.84,1289.78
2026-02-10,268709.05,55869.05,,,,,
,,,中农立华(603970.SH),2700,36747.00,13.61,-869.34
,,,长龄液压(605389.SH),300,22260.00,74.2,-682.66
,,,我乐家居(603326.SH),4100,42394.00,10.34,724.35
,,,行动教育(605098.SH),700,35007.00,50.01,3350.34
,,,三峰环境(601827.SH),5300,46534.00,8.78,971.78
,,,新澳股份(603889.SH),3300,29898.00,9.06,3701.87
2026-02-09,269013.05,55869.05,,,,,
,,,三峰环境(601827.SH),5300,46852.00,8.84,1289.78
,,,新澳股份(603889.SH),3300,29700.00,9,3503.87
,,,我乐家居(603326.SH),4100,42353.00,10.33,683.35
,,,中农立华(603970.SH),2700,36855.00,13.65,-761.34
,,,行动教育(605098.SH),700,34524.00,49.32,2867.34
,,,长龄液压(605389.SH),300,22860.00,76.2,-82.66
2026-02-06,267207.05,55869.05,,,,,
,,,长龄液压(605389.SH),300,22980.00,76.6,37.34
,,,中农立华(603970.SH),2700,36801.00,13.63,-815.34
,,,行动教育(605098.SH),700,32480.00,46.4,823.34
,,,三峰环境(601827.SH),5300,47064.00,8.88,1501.78
,,,新澳股份(603889.SH),3300,29865.00,9.05,3668.87
,,,我乐家居(603326.SH),4100,42148.00,10.28,478.35
2026-02-05,266812.05,55869.05,,,,,
,,,中农立华(603970.SH),2700,36477.00,13.51,-1139.34
,,,新澳股份(603889.SH),3300,29700.00,9,3503.87
,,,我乐家居(603326.SH),4100,41820.00,10.2,150.35
,,,长龄液压(605389.SH),300,23241.00,77.47,298.34
,,,行动教育(605098.SH),700,32270.00,46.1,613.34
,,,三峰环境(601827.SH),5300,47435.00,8.95,1872.78
2026-02-04,267434.05,55869.05,,,,,
,,,长龄液压(605389.SH),300,23559.00,78.53,616.34
,,,我乐家居(603326.SH),4100,41615.00,10.15,-54.65
,,,新澳股份(603889.SH),3300,29898.00,9.06,3701.87
,,,中农立华(603970.SH),2700,36828.00,13.64,-788.34
,,,三峰环境(601827.SH),5300,47647.00,8.99,2084.78
,,,行动教育(605098.SH),700,32018.00,45.74,361.34
2026-02-03,266270.05,55869.05,,,,,
,,,长龄液压(605389.SH),300,23970.00,79.9,1027.34
,,,行动教育(605098.SH),700,31780.00,45.4,123.34
,,,中农立华(603970.SH),2700,36585.00,13.55,-1031.34
,,,新澳股份(603889.SH),3300,29667.00,8.99,3470.87
,,,我乐家居(603326.SH),4100,41123.00,10.03,-546.65
,,,三峰环境(601827.SH),5300,47276.00,8.92,1713.78
2026-02-02,264527.05,55869.05,,,,,
,,,长龄液压(605389.SH),300,23796.00,79.32,853.34
,,,中农立华(603970.SH),2700,36423.00,13.49,-1193.34
,,,新澳股份(603889.SH),3300,28545.00,8.65,2348.87
,,,我乐家居(603326.SH),4100,41574.00,10.14,-95.65
,,,行动教育(605098.SH),700,31150.00,44.5,-506.66
,,,三峰环境(601827.SH),5300,47170.00,8.9,1607.78
2026-01-30,271617.95,58579.95,,,,,
,,,中创物流(603967.SH),2300,29394.00,12.78,-3617.77
,,,新澳股份(603889.SH),3800,35188.00,9.26,5022.76
,,,三峰环境(601827.SH),4800,43296.00,9.02,2257.80
,,,长龄液压(605389.SH),400,32736.00,81.84,2145.79
,,,菜百股份(605599.SH),2200,47344.00,21.52,11070.74
,,,地素时尚(603587.SH),1900,25080.00,13.2,-305.27
2026-01-29,267903.95,58579.95,,,,,
,,,中创物流(603967.SH),2300,29003.00,12.61,-4008.77
,,,长龄液压(605389.SH),400,30800.00,77,209.79
,,,三峰环境(601827.SH),4800,43488.00,9.06,2449.80
,,,新澳股份(603889.SH),3800,34808.00,9.16,4642.76
,,,地素时尚(603587.SH),1900,24871.00,13.09,-514.27
,,,菜百股份(605599.SH),2200,46354.00,21.07,10080.74
2026-01-28,270319.95,58579.95,,,,,
,,,中创物流(603967.SH),2300,28957.00,12.59,-4054.77
,,,地素时尚(603587.SH),1900,24719.00,13.01,-666.27
,,,菜百股份(605599.SH),2200,47762.00,21.71,11488.74
,,,三峰环境(601827.SH),4800,43392.00,9.04,2353.80
,,,新澳股份(603889.SH),3800,35378.00,9.31,5212.76
,,,长龄液压(605389.SH),400,31532.00,78.83,941.79
2026-01-27,266381.95,58579.95,,,,,
,,,长龄液压(605389.SH),400,32088.00,80.22,1497.79
,,,中创物流(603967.SH),2300,29141.00,12.67,-3870.77
,,,地素时尚(603587.SH),1900,24681.00,12.99,-704.27
,,,三峰环境(601827.SH),4800,43200.00,9,2161.80
,,,新澳股份(603889.SH),3800,35264.00,9.28,5098.76
,,,菜百股份(605599.SH),2200,43428.00,19.74,7154.74
2026-01-26,270268.95,58579.95,,,,,
,,,新澳股份(603889.SH),3800,35492.00,9.34,5326.76
,,,地素时尚(603587.SH),1900,25080.00,13.2,-305.27
,,,三峰环境(601827.SH),4800,43200.00,9,2161.80
,,,长龄液压(605389.SH),400,32640.00,81.6,2049.79
,,,中创物流(603967.SH),2300,29693.00,12.91,-3318.77
,,,菜百股份(605599.SH),2200,45584.00,20.72,9310.74
2026-01-23,267919.95,58579.95,,,,,
,,,新澳股份(603889.SH),3800,35036.00,9.22,4870.76
,,,菜百股份(605599.SH),2200,42900.00,19.5,6626.74
,,,长龄液压(605389.SH),400,33360.00,83.4,2769.79
,,,中创物流(603967.SH),2300,30015.00,13.05,-2996.77
,,,地素时尚(603587.SH),1900,25213.00,13.27,-172.27
,,,三峰环境(601827.SH),4800,42816.00,8.92,1777.80
2026-01-22,267693.95,58579.95,,,,,
,,,三峰环境(601827.SH),4800,42768.00,8.91,1729.80
,,,中创物流(603967.SH),2300,30337.00,13.19,-2674.77
,,,地素时尚(603587.SH),1900,25327.00,13.33,-58.27
,,,长龄液压(605389.SH),400,33060.00,82.65,2469.79
,,,菜百股份(605599.SH),2200,41712.00,18.96,5438.74
,,,新澳股份(603889.SH),3800,35910.00,9.45,5744.76
2026-01-21,266502.95,58579.95,,,,,
,,,长龄液压(605389.SH),400,32456.00,81.14,1865.79
,,,中创物流(603967.SH),2300,30429.00,13.23,-2582.77
,,,菜百股份(605599.SH),2200,41910.00,19.05,5636.74
,,,新澳股份(603889.SH),3800,35454.00,9.33,5288.76
,,,地素时尚(603587.SH),1900,25194.00,13.26,-191.27
,,,三峰环境(601827.SH),4800,42480.00,8.85,1441.80
2026-01-20,262924.95,58579.95,,,,,
,,,长龄液压(605389.SH),400,31704.00,79.26,1113.79
,,,地素时尚(603587.SH),1900,24890.00,13.1,-495.27
,,,中创物流(603967.SH),2300,30291.00,13.17,-2720.77
,,,菜百股份(605599.SH),2200,40700.00,18.5,4426.74
,,,新澳股份(603889.SH),3800,34808.00,9.16,4642.76
,,,三峰环境(601827.SH),4800,41952.00,8.74,913.80
2026-01-19,260715.95,58579.95,,,,,
,,,三峰环境(601827.SH),4800,41136.00,8.57,97.80
,,,菜百股份(605599.SH),2200,39424.00,17.92,3150.74
,,,长龄液压(605389.SH),400,31664.00,79.16,1073.79
,,,中创物流(603967.SH),2300,30176.00,13.12,-2835.77
,,,地素时尚(603587.SH),1900,24928.00,13.12,-457.27
,,,新澳股份(603889.SH),3800,34808.00,9.16,4642.76
2026-01-16,257947.95,58579.95,,,,,
,,,新澳股份(603889.SH),3800,33858.00,8.91,3692.76
,,,三峰环境(601827.SH),4800,40848.00,8.51,-190.20
,,,中创物流(603967.SH),2300,29509.00,12.83,-3502.77
,,,地素时尚(603587.SH),1900,24681.00,12.99,-704.27
,,,菜百股份(605599.SH),2200,38984.00,17.72,2710.74
,,,长龄液压(605389.SH),400,31488.00,78.72,897.79
2026-01-15,257589.95,58579.95,,,,,
,,,地素时尚(603587.SH),1900,24814.00,13.06,-571.27
,,,中创物流(603967.SH),2300,29716.00,12.92,-3295.77
,,,菜百股份(605599.SH),2200,39204.00,17.82,2930.74
,,,新澳股份(603889.SH),3800,33820.00,8.9,3654.76
,,,三峰环境(601827.SH),4800,40656.00,8.47,-382.20
,,,长龄液压(605389.SH),400,30800.00,77,209.79
2026-01-14,257001.95,58579.95,,,,,
,,,长龄液压(605389.SH),400,31000.00,77.5,409.79
,,,中创物流(603967.SH),2300,29555.00,12.85,-3456.77
,,,菜百股份(605599.SH),2200,38104.00,17.32,1830.74
,,,三峰环境(601827.SH),4800,40464.00,8.43,-574.20
,,,新澳股份(603889.SH),3800,34428.00,9.06,4262.76
,,,地素时尚(603587.SH),1900,24871.00,13.09,-514.27
2026-01-13,257543.95,58579.95,,,,,
,,,中创物流(603967.SH),2300,29785.00,12.95,-3226.77
,,,菜百股份(605599.SH),2200,38104.00,17.32,1830.74
,,,长龄液压(605389.SH),400,31316.00,78.29,725.79
,,,三峰环境(601827.SH),4800,40992.00,8.54,-46.20
,,,新澳股份(603889.SH),3800,33820.00,8.9,3654.76
,,,地素时尚(603587.SH),1900,24947.00,13.13,-438.27
2026-01-12,257235.95,58579.95,,,,,
,,,地素时尚(603587.SH),1900,25137.00,13.23,-248.27
,,,三峰环境(601827.SH),4800,41040.00,8.55,1.80
,,,中创物流(603967.SH),2300,30383.00,13.21,-2628.77
,,,新澳股份(603889.SH),3800,33098.00,8.71,2932.76
,,,菜百股份(605599.SH),2200,37950.00,17.25,1676.74
,,,长龄液压(605389.SH),400,31048.00,77.62,457.79
2026-01-09,256033.95,58579.95,,,,,
,,,中创物流(603967.SH),2300,29923.00,13.01,-3088.77
,,,地素时尚(603587.SH),1900,25137.00,13.23,-248.27
,,,菜百股份(605599.SH),2200,38060.00,17.3,1786.74
,,,新澳股份(603889.SH),3800,31122.00,8.19,956.76
,,,长龄液压(605389.SH),400,32316.00,80.79,1725.79
,,,三峰环境(601827.SH),4800,40896.00,8.52,-142.20
2026-01-08,254837.95,58579.95,,,,,
,,,菜百股份(605599.SH),2200,38016.00,17.28,1742.74
,,,三峰环境(601827.SH),4800,40944.00,8.53,-94.20
,,,新澳股份(603889.SH),3800,30628.00,8.06,462.76
,,,地素时尚(603587.SH),1900,24871.00,13.09,-514.27
,,,长龄液压(605389.SH),400,31600.00,79,1009.79
,,,中创物流(603967.SH),2300,30199.00,13.13,-2812.77
2026-01-07,254540.95,58579.95,,,,,
,,,菜百股份(605599.SH),2200,38742.00,17.61,2468.74
,,,新澳股份(603889.SH),3800,29412.00,7.74,-753.24
,,,中创物流(603967.SH),2300,30291.00,13.17,-2720.77
,,,三峰环境(601827.SH),4800,40896.00,8.52,-142.20
,,,地素时尚(603587.SH),1900,24700.00,13,-685.27
,,,长龄液压(605389.SH),400,31920.00,79.8,1329.79
2026-01-06,255713.95,58579.95,,,,,
,,,中创物流(603967.SH),2300,31211.00,13.57,-1800.77
,,,长龄液压(605389.SH),400,31268.00,78.17,677.79
,,,新澳股份(603889.SH),3800,29602.00,7.79,-563.24
,,,菜百股份(605599.SH),2200,38742.00,17.61,2468.74
,,,地素时尚(603587.SH),1900,25175.00,13.25,-210.27
,,,三峰环境(601827.SH),4800,41136.00,8.57,97.80
2026-01-05,255685.95,58579.95,,,,,
,,,菜百股份(605599.SH),2200,37444.00,17.02,1170.74
,,,三峰环境(601827.SH),4800,41184.00,8.58,145.80
,,,地素时尚(603587.SH),1900,25080.00,13.2,-305.27
,,,中创物流(603967.SH),2300,32476.00,14.12,-535.77
,,,长龄液压(605389.SH),400,31092.00,77.73,501.79
,,,新澳股份(603889.SH),3800,29830.00,7.85,-335.24
2025-12-31,255875.89,51922.89,,,,,
,,,元祖股份(603886.SH),2400,33528.00,13.97,2617.05
,,,澳弘电子(605058.SH),1200,36624.00,30.52,360.76
,,,水星家纺(603365.SH),1500,31560.00,21.04,-2267.65
,,,威奥股份(605001.SH),3700,28231.00,7.63,-2215.89
,,,国邦医药(605507.SH),1800,44640.00,24.8,1340.61
,,,我乐家居(603326.SH),3300,29370.00,8.9,-2151.35
2025-12-30,254665.89,51922.89,,,,,
,,,水星家纺(603365.SH),1500,31485.00,20.99,-2342.65
,,,澳弘电子(605058.SH),1200,36576.00,30.48,312.76
,,,我乐家居(603326.SH),3300,29304.00,8.88,-2217.35
,,,国邦医药(605507.SH),1800,44388.00,24.66,1088.61
,,,威奥股份(605001.SH),3700,28638.00,7.74,-1808.89
,,,元祖股份(603886.SH),2400,32352.00,13.48,1441.05
2025-12-29,252728.89,51922.89,,,,,
,,,澳弘电子(605058.SH),1200,37200.00,31,936.76
,,,水星家纺(603365.SH),1500,30105.00,20.07,-3722.65
,,,威奥股份(605001.SH),3700,28897.00,7.81,-1549.89
,,,元祖股份(603886.SH),2400,32208.00,13.42,1297.05
,,,国邦医药(605507.SH),1800,42894.00,23.83,-405.39
,,,我乐家居(603326.SH),3300,29502.00,8.94,-2019.35
2025-12-26,252467.89,51922.89,,,,,
,,,澳弘电子(605058.SH),1200,36468.00,30.39,204.76
,,,元祖股份(603886.SH),2400,32976.00,13.74,2065.05
,,,我乐家居(603326.SH),3300,29535.00,8.95,-1986.35
,,,水星家纺(603365.SH),1500,30900.00,20.6,-2927.65
,,,威奥股份(605001.SH),3700,27898.00,7.54,-2548.89
,,,国邦医药(605507.SH),1800,42768.00,23.76,-531.39
2025-12-25,253321.89,51922.89,,,,,
,,,我乐家居(603326.SH),3300,30228.00,9.16,-1293.35
,,,国邦医药(605507.SH),1800,42822.00,23.79,-477.39
,,,元祖股份(603886.SH),2400,33336.00,13.89,2425.05
,,,澳弘电子(605058.SH),1200,36540.00,30.45,276.76
,,,威奥股份(605001.SH),3700,28083.00,7.59,-2363.89
,,,水星家纺(603365.SH),1500,30390.00,20.26,-3437.65
2025-12-24,251204.89,51922.89,,,,,
,,,元祖股份(603886.SH),2400,33984.00,14.16,3073.05
,,,水星家纺(603365.SH),1500,29955.00,19.97,-3872.65
,,,我乐家居(603326.SH),3300,29931.00,9.07,-1590.35
,,,威奥股份(605001.SH),3700,27010.00,7.3,-3436.89
,,,澳弘电子(605058.SH),1200,36516.00,30.43,252.76
,,,国邦医药(605507.SH),1800,41886.00,23.27,-1413.39
2025-12-23,248427.89,51922.89,,,,,
,,,国邦医药(605507.SH),1800,40878.00,22.71,-2421.39
,,,我乐家居(603326.SH),3300,29502.00,8.94,-2019.35
,,,澳弘电子(605058.SH),1200,35964.00,29.97,-299.24
,,,水星家纺(603365.SH),1500,30120.00,20.08,-3707.65
,,,威奥股份(605001.SH),3700,26825.00,7.25,-3621.89
,,,元祖股份(603886.SH),2400,33216.00,13.84,2305.05
2025-12-22,250338.89,51922.89,,,,,
,,,国邦医药(605507.SH),1800,41328.00,22.96,-1971.39
,,,我乐家居(603326.SH),3300,29898.00,9.06,-1623.35
,,,水星家纺(603365.SH),1500,30150.00,20.1,-3677.65
,,,元祖股份(603886.SH),2400,33768.00,14.07,2857.05
,,,澳弘电子(605058.SH),1200,36336.00,30.28,72.76
,,,威奥股份(605001.SH),3700,26936.00,7.28,-3510.89
2025-12-19,250570.89,51922.89,,,,,
,,,水星家纺(603365.SH),1500,30825.00,20.55,-3002.65
,,,我乐家居(603326.SH),3300,29997.00,9.09,-1524.35
,,,国邦医药(605507.SH),1800,41904.00,23.28,-1395.39
,,,澳弘电子(605058.SH),1200,34812.00,29.01,-1451.24
,,,威奥股份(605001.SH),3700,26862.00,7.26,-3584.89
,,,元祖股份(603886.SH),2400,34248.00,14.27,3337.05
2025-12-18,246397.89,51922.89,,,,,
,,,元祖股份(603886.SH),2400,32400.00,13.5,1489.05
,,,威奥股份(605001.SH),3700,26196.00,7.08,-4250.89
,,,我乐家居(603326.SH),3300,29139.00,8.83,-2382.35
,,,国邦医药(605507.SH),1800,41922.00,23.29,-1377.39
,,,水星家纺(603365.SH),1500,30510.00,20.34,-3317.65
,,,澳弘电子(605058.SH),1200,34308.00,28.59,-1955.24
2025-12-17,245096.89,51922.89,,,,,
,,,元祖股份(603886.SH),2400,32088.00,13.37,1177.05
,,,威奥股份(605001.SH),3700,25900.00,7,-4546.89
,,,国邦医药(605507.SH),1800,41868.00,23.26,-1431.39
,,,澳弘电子(605058.SH),1200,34452.00,28.71,-1811.24
,,,水星家纺(603365.SH),1500,30255.00,20.17,-3572.65
,,,我乐家居(603326.SH),3300,28611.00,8.67,-2910.35
2025-12-16,244465.89,51922.89,,,,,
,,,我乐家居(603326.SH),3300,28413.00,8.61,-3108.35
,,,元祖股份(603886.SH),2400,31872.00,13.28,961.05
,,,水星家纺(603365.SH),1500,30030.00,20.02,-3797.65
,,,威奥股份(605001.SH),3700,25974.00,7.02,-4472.89
,,,国邦医药(605507.SH),1800,41850.00,23.25,-1449.39
,,,澳弘电子(605058.SH),1200,34404.00,28.67,-1859.24
2025-12-15,246397.89,51922.89,,,,,
,,,澳弘电子(605058.SH),1200,35148.00,29.29,-1115.24
,,,水星家纺(603365.SH),1500,30105.00,20.07,-3722.65
,,,威奥股份(605001.SH),3700,26418.00,7.14,-4028.89
,,,国邦医药(605507.SH),1800,42246.00,23.47,-1053.39
,,,我乐家居(603326.SH),3300,28710.00,8.7,-2811.35
,,,元祖股份(603886.SH),2400,31848.00,13.27,937.05
2025-12-12,245789.89,51922.89,,,,,
,,,我乐家居(603326.SH),3300,28512.00,8.64,-3009.35
,,,国邦医药(605507.SH),1800,41616.00,23.12,-1683.39
,,,元祖股份(603886.SH),2400,31488.00,13.12,577.05
,,,水星家纺(603365.SH),1500,30270.00,20.18,-3557.65
,,,威奥股份(605001.SH),3700,26233.00,7.09,-4213.89
,,,澳弘电子(605058.SH),1200,35748.00,29.79,-515.24
2025-12-11,247336.89,51922.89,,,,,
,,,元祖股份(603886.SH),2400,31320.00,13.05,409.05
,,,我乐家居(603326.SH),3300,28875.00,8.75,-2646.35
,,,水星家纺(603365.SH),1500,30210.00,20.14,-3617.65
,,,国邦医药(605507.SH),1800,41796.00,23.22,-1503.39
,,,威奥股份(605001.SH),3700,26529.00,7.17,-3917.89
,,,澳弘电子(605058.SH),1200,36684.00,30.57,420.76
2025-12-10,255253.89,51922.89,,,,,
,,,我乐家居(603326.SH),3300,29964.00,9.08,-1557.35
,,,水星家纺(603365.SH),1500,30660.00,20.44,-3167.65
,,,元祖股份(603886.SH),2400,32520.00,13.55,1609.05
,,,国邦医药(605507.SH),1800,42228.00,23.46,-1071.39
,,,澳弘电子(605058.SH),1200,40764.00,33.97,4500.76
,,,威奥股份(605001.SH),3700,27195.00,7.35,-3251.89
2025-12-09,256755.89,51922.89,,,,,
,,,澳弘电子(605058.SH),1200,40404.00,33.67,4140.76
,,,威奥股份(605001.SH),3700,27602.00,7.46,-2844.89
,,,我乐家居(603326.SH),3300,29997.00,9.09,-1524.35
,,,国邦医药(605507.SH),1800,42588.00,23.66,-711.39
,,,元祖股份(603886.SH),2400,33312.00,13.88,2401.05
,,,水星家纺(603365.SH),1500,30930.00,20.62,-2897.65
2025-12-08,259982.89,51922.89,,,,,
,,,威奥股份(605001.SH),3700,27898.00,7.54,-2548.89
,,,国邦医药(605507.SH),1800,43308.00,24.06,8.61
,,,水星家纺(603365.SH),1500,31200.00,20.8,-2627.65
,,,我乐家居(603326.SH),3300,30294.00,9.18,-1227.35
,,,元祖股份(603886.SH),2400,33600.00,14,2689.05
,,,澳弘电子(605058.SH),1200,41760.00,34.8,5496.76
2025-12-05,257203.89,51922.89,,,,,
,,,国邦医药(605507.SH),1800,43362.00,24.09,62.61
,,,元祖股份(603886.SH),2400,33576.00,13.99,2665.05
,,,澳弘电子(605058.SH),1200,39000.00,32.5,2736.76
,,,我乐家居(603326.SH),3300,30096.00,9.12,-1425.35
,,,威奥股份(605001.SH),3700,27972.00,7.56,-2474.89
,,,水星家纺(603365.SH),1500,31275.00,20.85,-2552.65
2025-12-04,254369.89,51922.89,,,,,
,,,我乐家居(603326.SH),3300,30030.00,9.1,-1491.35
,,,国邦医药(605507.SH),1800,43974.00,24.43,674.61
,,,威奥股份(605001.SH),3700,27787.00,7.51,-2659.89
,,,澳弘电子(605058.SH),1200,38088.00,31.74,1824.76
,,,元祖股份(603886.SH),2400,30528.00,12.72,-382.95
,,,水星家纺(603365.SH),1500,32040.00,21.36,-1787.65
2025-12-03,256441.89,51922.89,,,,,
,,,元祖股份(603886.SH),2400,31632.00,13.18,721.05
,,,我乐家居(603326.SH),3300,30591.00,9.27,-930.35
,,,水星家纺(603365.SH),1500,31875.00,21.25,-1952.65
,,,国邦医药(605507.SH),1800,44082.00,24.49,782.61
,,,威奥股份(605001.SH),3700,28083.00,7.59,-2363.89
,,,澳弘电子(605058.SH),1200,38256.00,31.88,1992.76
2025-12-02,255758.89,51922.89,,,,,
,,,元祖股份(603886.SH),2400,31824.00,13.26,913.05
,,,澳弘电子(605058.SH),1200,37440.00,31.2,1176.76
,,,国邦医药(605507.SH),1800,43740.00,24.3,440.61
,,,我乐家居(603326.SH),3300,30954.00,9.38,-567.35
,,,水星家纺(603365.SH),1500,31980.00,21.32,-1847.65
,,,威奥股份(605001.SH),3700,27898.00,7.54,-2548.89
2025-12-01,254523.89,51922.89,,,,,
,,,元祖股份(603886.SH),2400,30912.00,12.88,1.05
,,,水星家纺(603365.SH),1500,31650.00,21.1,-2177.65
,,,国邦医药(605507.SH),1800,43902.00,24.39,602.61
,,,我乐家居(603326.SH),3300,30822.00,9.34,-699.35
,,,澳弘电子(605058.SH),1200,37380.00,31.15,1116.76
,,,威奥股份(605001.SH),3700,27935.00,7.55,-2511.89
2025-11-28,254113.32,57813.32,,,,,
,,,健盛集团(603558.SH),2900,33118.00,11.42,-2023.66
,,,水星家纺(603365.SH),1600,34320.00,21.45,-1762.82
,,,蓝天燃气(605368.SH),3400,32470.00,9.55,-381.40
,,,行动教育(605098.SH),800,32336.00,40.42,3132.05
,,,皖天然气(603689.SH),3900,32136.00,8.24,-2692.94
,,,威奥股份(605001.SH),4200,31920.00,7.6,-2641.33
2025-11-27,253716.32,57813.32,,,,,
,,,威奥股份(605001.SH),4200,31710.00,7.55,-2851.33
,,,行动教育(605098.SH),800,32552.00,40.69,3348.05
,,,蓝天燃气(605368.SH),3400,32334.00,9.51,-517.40
,,,水星家纺(603365.SH),1600,34208.00,21.38,-1874.82
,,,健盛集团(603558.SH),2900,33002.00,11.38,-2139.66
,,,皖天然气(603689.SH),3900,32097.00,8.23,-2731.94
2025-11-26,253043.32,57813.32,,,,,
,,,皖天然气(603689.SH),3900,32136.00,8.24,-2692.94
,,,水星家纺(603365.SH),1600,33952.00,21.22,-2130.82
,,,蓝天燃气(605368.SH),3400,32300.00,9.5,-551.40
,,,行动教育(605098.SH),800,32608.00,40.76,3404.05
,,,威奥股份(605001.SH),4200,31290.00,7.45,-3271.33
,,,健盛集团(603558.SH),2900,32944.00,11.36,-2197.66
2025-11-25,253514.32,57813.32,,,,,
,,,行动教育(605098.SH),800,32208.00,40.26,3004.05
,,,皖天然气(603689.SH),3900,32292.00,8.28,-2536.94
,,,蓝天燃气(605368.SH),3400,32334.00,9.51,-517.40
,,,水星家纺(603365.SH),1600,33952.00,21.22,-2130.82
,,,健盛集团(603558.SH),2900,33205.00,11.45,-1936.66
,,,威奥股份(605001.SH),4200,31710.00,7.55,-2851.33
2025-11-24,251191.32,57813.32,,,,,
,,,健盛集团(603558.SH),2900,32857.00,11.33,-2284.66
,,,水星家纺(603365.SH),1600,33424.00,20.89,-2658.82
,,,皖天然气(603689.SH),3900,32019.00,8.21,-2809.94
,,,蓝天燃气(605368.SH),3400,32198.00,9.47,-653.40
,,,行动教育(605098.SH),800,31632.00,39.54,2428.05
,,,威奥股份(605001.SH),4200,31248.00,7.44,-3313.33
2025-11-21,250951.32,57813.32,,,,,
,,,蓝天燃气(605368.SH),3400,32300.00,9.5,-551.40
,,,威奥股份(605001.SH),4200,30828.00,7.34,-3733.33
,,,行动教育(605098.SH),800,31376.00,39.22,2172.05
,,,皖天然气(603689.SH),3900,32253.00,8.27,-2575.94
,,,健盛集团(603558.SH),2900,32973.00,11.37,-2168.66
,,,水星家纺(603365.SH),1600,33408.00,20.88,-2674.82
2025-11-20,256732.32,57813.32,,,,,
,,,蓝天燃气(605368.SH),3400,32708.00,9.62,-143.40
,,,行动教育(605098.SH),800,31728.00,39.66,2524.05
,,,水星家纺(603365.SH),1600,34432.00,21.52,-1650.82
,,,威奥股份(605001.SH),4200,32592.00,7.76,-1969.33
,,,皖天然气(603689.SH),3900,33384.00,8.56,-1444.94
,,,健盛集团(603558.SH),2900,34075.00,11.75,-1066.66
2025-11-19,257400.32,57813.32,,,,,
,,,行动教育(605098.SH),800,32616.00,40.77,3412.05
,,,皖天然气(603689.SH),3900,33306.00,8.54,-1522.94
,,,威奥股份(605001.SH),4200,32676.00,7.78,-1885.33
,,,水星家纺(603365.SH),1600,34240.00,21.4,-1842.82
,,,蓝天燃气(605368.SH),3400,32674.00,9.61,-177.40
,,,健盛集团(603558.SH),2900,34075.00,11.75,-1066.66
2025-11-18,260205.32,57813.32,,,,,
,,,蓝天燃气(605368.SH),3400,33014.00,9.71,162.60
,,,健盛集团(603558.SH),2900,34684.00,11.96,-457.66
,,,皖天然气(603689.SH),3900,33852.00,8.68,-976.94
,,,水星家纺(603365.SH),1600,34416.00,21.51,-1666.82
,,,威奥股份(605001.SH),4200,33306.00,7.93,-1255.33
,,,行动教育(605098.SH),800,33120.00,41.4,3916.05
2025-11-17,261986.32,57813.32,,,,,
,,,健盛集团(603558.SH),2900,35090.00,12.1,-51.66
,,,蓝天燃气(605368.SH),3400,33184.00,9.76,332.60
,,,威奥股份(605001.SH),4200,33642.00,8.01,-919.33
,,,水星家纺(603365.SH),1600,34800.00,21.75,-1282.82
,,,行动教育(605098.SH),800,33176.00,41.47,3972.05
,,,皖天然气(603689.SH),3900,34281.00,8.79,-547.94
2025-11-14,263374.32,57813.32,,,,,
,,,行动教育(605098.SH),800,32856.00,41.07,3652.05
,,,水星家纺(603365.SH),1600,35152.00,21.97,-930.82
,,,皖天然气(603689.SH),3900,35217.00,9.03,388.06
,,,威奥股份(605001.SH),4200,33978.00,8.09,-583.33
,,,健盛集团(603558.SH),2900,34800.00,12,-341.66
,,,蓝天燃气(605368.SH),3400,33558.00,9.87,706.60
2025-11-13,262577.32,57813.32,,,,,
,,,健盛集团(603558.SH),2900,35438.00,12.22,296.34
,,,威奥股份(605001.SH),4200,33726.00,8.03,-835.33
,,,行动教育(605098.SH),800,32896.00,41.12,3692.05
,,,水星家纺(603365.SH),1600,34976.00,21.86,-1106.82
,,,蓝天燃气(605368.SH),3400,33252.00,9.78,400.60
,,,皖天然气(603689.SH),3900,34476.00,8.84,-352.94
2025-11-12,262153.32,57813.32,,,,,
,,,水星家纺(603365.SH),1600,35376.00,22.11,-706.82
,,,蓝天燃气(605368.SH),3400,33218.00,9.77,366.60
,,,威奥股份(605001.SH),4200,33726.00,8.03,-835.33
,,,健盛集团(603558.SH),2900,34800.00,12,-341.66
,,,皖天然气(603689.SH),3900,34476.00,8.84,-352.94
,,,行动教育(605098.SH),800,32744.00,40.93,3540.05
2025-11-11,261681.32,57813.32,,,,,
,,,行动教育(605098.SH),800,32696.00,40.87,3492.05
,,,健盛集团(603558.SH),2900,34046.00,11.74,-1095.66
,,,水星家纺(603365.SH),1600,35184.00,21.99,-898.82
,,,威奥股份(605001.SH),4200,34146.00,8.13,-415.33
,,,蓝天燃气(605368.SH),3400,33320.00,9.8,468.60
,,,皖天然气(603689.SH),3900,34476.00,8.84,-352.94
2025-11-10,262228.32,57813.32,,,,,
,,,威奥股份(605001.SH),4200,33978.00,8.09,-583.33
,,,水星家纺(603365.SH),1600,35888.00,22.43,-194.82
,,,行动教育(605098.SH),800,32640.00,40.8,3436.05
,,,健盛集团(603558.SH),2900,34278.00,11.82,-863.66
,,,蓝天燃气(605368.SH),3400,33116.00,9.74,264.60
,,,皖天然气(603689.SH),3900,34515.00,8.85,-313.94
2025-11-07,260902.32,57813.32,,,,,
,,,威奥股份(605001.SH),4200,34104.00,8.12,-457.33
,,,皖天然气(603689.SH),3900,34710.00,8.9,-118.94
,,,健盛集团(603558.SH),2900,34307.00,11.83,-834.66
,,,蓝天燃气(605368.SH),3400,32776.00,9.64,-75.40
,,,水星家纺(603365.SH),1600,34848.00,21.78,-1234.82
,,,行动教育(605098.SH),800,32344.00,40.43,3140.05
2025-11-06,264557.32,57413.32,,,,,
,,,威奥股份(605001.SH),4200,35028.00,8.34,466.67
,,,皖天然气(603689.SH),3900,35178.00,9.02,349.06
,,,行动教育(605098.SH),800,33208.00,41.51,3604.05
,,,蓝天燃气(605368.SH),3400,32810.00,9.65,-41.40
,,,水星家纺(603365.SH),1600,34960.00,21.85,-1122.82
,,,健盛集团(603558.SH),2900,35960.00,12.4,818.34
2025-11-05,266526.32,57413.32,,,,,
,,,皖天然气(603689.SH),3900,35412.00,9.08,583.06
,,,水星家纺(603365.SH),1600,36160.00,22.6,77.18
,,,行动教育(605098.SH),800,33200.00,41.5,3596.05
,,,蓝天燃气(605368.SH),3400,32674.00,9.61,-177.40
,,,健盛集团(603558.SH),2900,36975.00,12.75,1833.34
,,,威奥股份(605001.SH),4200,34692.00,8.26,130.67
2025-11-04,266075.32,57413.32,,,,,
,,,皖天然气(603689.SH),3900,35451.00,9.09,622.06
,,,行动教育(605098.SH),800,33568.00,41.96,3964.05
,,,水星家纺(603365.SH),1600,36864.00,23.04,781.18
,,,蓝天燃气(605368.SH),3400,32708.00,9.62,-143.40
,,,健盛集团(603558.SH),2900,35757.00,12.33,615.34
,,,威奥股份(605001.SH),4200,34314.00,8.17,-247.33
2025-11-03,264859.32,57413.32,,,,,
,,,威奥股份(605001.SH),4200,34314.00,8.17,-247.33
,,,水星家纺(603365.SH),1600,36720.00,22.95,637.18
,,,皖天然气(603689.SH),3900,35568.00,9.12,739.06
,,,蓝天燃气(605368.SH),3400,32436.00,9.54,-415.40
,,,健盛集团(603558.SH),2900,35032.00,12.08,-109.66
,,,行动教育(605098.SH),800,33376.00,41.72,3772.05
2025-10-31,263414.18,103951.18,,,,,
,,,蓝天燃气(605368.SH),4500,42840.00,9.52,-639.80
,,,元利科技(603217.SH),1200,31188.00,25.99,7397.39
,,,华康股份(605077.SH),1300,22763.00,17.51,-1642.02
,,,宝立食品(603170.SH),2000,30240.00,15.12,1212.73
,,,行动教育(605098.SH),800,32432.00,40.54,2828.05
2025-10-30,262461.18,103951.18,,,,,
,,,宝立食品(603170.SH),2000,29320.00,14.66,292.73
,,,华康股份(605077.SH),1300,22776.00,17.52,-1629.02
,,,蓝天燃气(605368.SH),4500,43830.00,9.74,350.20
,,,元利科技(603217.SH),1200,30072.00,25.06,6281.39
,,,行动教育(605098.SH),800,32512.00,40.64,2908.05
2025-10-29,261950.18,103951.18,,,,,
,,,华康股份(605077.SH),1300,23374.00,17.98,-1031.02
,,,元利科技(603217.SH),1200,29244.00,24.37,5453.39
,,,蓝天燃气(605368.SH),4500,44145.00,9.81,665.20
,,,行动教育(605098.SH),800,32456.00,40.57,2852.05
,,,宝立食品(603170.SH),2000,28780.00,14.39,-247.27
2025-10-28,262475.18,103951.18,,,,,
,,,行动教育(605098.SH),800,32560.00,40.7,2956.05
,,,宝立食品(603170.SH),2000,29020.00,14.51,-7.27
,,,华康股份(605077.SH),1300,23543.00,18.11,-862.02
,,,蓝天燃气(605368.SH),4500,44145.00,9.81,665.20
,,,元利科技(603217.SH),1200,29256.00,24.38,5465.39
2025-10-27,262590.18,103951.18,,,,,
,,,华康股份(605077.SH),1300,23504.00,18.08,-901.02
,,,宝立食品(603170.SH),2000,29000.00,14.5,-27.27
,,,元利科技(603217.SH),1200,28800.00,24,5009.39
,,,行动教育(605098.SH),800,32920.00,41.15,3316.05
,,,蓝天燃气(605368.SH),4500,44415.00,9.87,935.20
2025-10-24,261249.18,103951.18,,,,,
,,,华康股份(605077.SH),1300,23192.00,17.84,-1213.02
,,,行动教育(605098.SH),800,32808.00,41.01,3204.05
,,,蓝天燃气(605368.SH),4500,44550.00,9.9,1070.20
,,,宝立食品(603170.SH),2000,28260.00,14.13,-767.27
,,,元利科技(603217.SH),1200,28488.00,23.74,4697.39
2025-10-23,261673.18,103951.18,,,,,
,,,宝立食品(603170.SH),2000,28440.00,14.22,-587.27
,,,行动教育(605098.SH),800,33040.00,41.3,3436.05
,,,蓝天燃气(605368.SH),4500,44460.00,9.88,980.20
,,,元利科技(603217.SH),1200,28668.00,23.89,4877.39
,,,华康股份(605077.SH),1300,23114.00,17.78,-1291.02
2025-10-22,260369.18,103951.18,,,,,
,,,宝立食品(603170.SH),2000,28200.00,14.1,-827.27
,,,蓝天燃气(605368.SH),4500,44010.00,9.78,530.20
,,,元利科技(603217.SH),1200,28992.00,24.16,5201.39
,,,行动教育(605098.SH),800,31920.00,39.9,2316.05
,,,华康股份(605077.SH),1300,23296.00,17.92,-1109.02
2025-10-21,262221.18,103951.18,,,,,
,,,行动教育(605098.SH),800,32128.00,40.16,2524.05
,,,蓝天燃气(605368.SH),4500,44190.00,9.82,710.20
,,,宝立食品(603170.SH),2000,28340.00,14.17,-687.27
,,,华康股份(605077.SH),1300,23816.00,18.32,-589.02
,,,元利科技(603217.SH),1200,29796.00,24.83,6005.39
2025-10-20,260835.18,103951.18,,,,,
,,,元利科技(603217.SH),1200,29220.00,24.35,5429.39
,,,宝立食品(603170.SH),2000,28200.00,14.1,-827.27
,,,行动教育(605098.SH),800,32480.00,40.6,2876.05
,,,华康股份(605077.SH),1300,22659.00,17.43,-1746.02
,,,蓝天燃气(605368.SH),4500,44325.00,9.85,845.20
2025-10-17,261859.18,103951.18,,,,,
,,,元利科技(603217.SH),1200,30228.00,25.19,6437.39
,,,宝立食品(603170.SH),2000,28920.00,14.46,-107.27
,,,行动教育(605098.SH),800,31880.00,39.85,2276.05
,,,华康股份(605077.SH),1300,23140.00,17.8,-1265.02
,,,蓝天燃气(605368.SH),4500,43740.00,9.72,260.20
2025-10-16,263227.18,103951.18,,,,,
,,,华康股份(605077.SH),1300,23933.00,18.41,-472.02
,,,行动教育(605098.SH),800,32568.00,40.71,2964.05
,,,宝立食品(603170.SH),2000,29020.00,14.51,-7.27
,,,元利科技(603217.SH),1200,29520.00,24.6,5729.39
,,,蓝天燃气(605368.SH),4500,44235.00,9.83,755.20
2025-10-15,262720.18,103951.18,,,,,
,,,宝立食品(603170.SH),2000,29480.00,14.74,452.73
,,,华康股份(605077.SH),1300,24622.00,18.94,216.98
,,,蓝天燃气(605368.SH),4500,44235.00,9.83,755.20
,,,元利科技(603217.SH),1200,29304.00,24.42,5513.39
,,,行动教育(605098.SH),800,31128.00,38.91,1524.05
2025-10-14,261540.18,103951.18,,,,,
,,,华康股份(605077.SH),1300,24557.00,18.89,151.98
,,,宝立食品(603170.SH),2000,28680.00,14.34,-347.27
,,,行动教育(605098.SH),800,30672.00,38.34,1068.05
,,,元利科技(603217.SH),1200,29400.00,24.5,5609.39
,,,蓝天燃气(605368.SH),4500,44280.00,9.84,800.20
2025-10-13,259853.18,103951.18,,,,,
,,,蓝天燃气(605368.SH),4500,43695.00,9.71,215.20
,,,元利科技(603217.SH),1200,28140.00,23.45,4349.39
,,,宝立食品(603170.SH),2000,28720.00,14.36,-307.27
,,,行动教育(605098.SH),800,30296.00,37.87,692.05
,,,华康股份(605077.SH),1300,25051.00,19.27,645.98
2025-10-10,259409.18,103951.18,,,,,
,,,行动教育(605098.SH),800,29856.00,37.32,252.05
,,,华康股份(605077.SH),1300,25077.00,19.29,671.98
,,,蓝天燃气(605368.SH),4500,44325.00,9.85,845.20
,,,元利科技(603217.SH),1200,27120.00,22.6,3329.39
,,,宝立食品(603170.SH),2000,29080.00,14.54,52.73
2025-10-09,257296.18,103951.18,,,,,
,,,行动教育(605098.SH),800,29520.00,36.9,-83.95
,,,蓝天燃气(605368.SH),4500,43290.00,9.62,-189.80
,,,元利科技(603217.SH),1200,27384.00,22.82,3593.39
,,,华康股份(605077.SH),1300,24531.00,18.87,125.98
,,,宝立食品(603170.SH),2000,28620.00,14.31,-407.27
2025-09-30,258378.10,118707.10,,,,,
,,,元利科技(603217.SH),1800,41094.00,22.83,5408.09
,,,健之佳(605266.SH),1300,26741.00,20.57,-1572.99
,,,味知香(605089.SH),1200,31320.00,26.1,-468.97
,,,宝立食品(603170.SH),2800,40516.00,14.47,-122.18
2025-09-29,257770.10,118707.10,,,,,
,,,健之佳(605266.SH),1300,26611.00,20.47,-1702.99
,,,宝立食品(603170.SH),2800,40404.00,14.43,-234.18
,,,味知香(605089.SH),1200,32088.00,26.74,299.03
,,,元利科技(603217.SH),1800,39960.00,22.2,4274.09
2025-09-26,256469.10,118707.10,,,,,
,,,元利科技(603217.SH),1800,38376.00,21.32,2690.09
,,,味知香(605089.SH),1200,33132.00,27.61,1343.03
,,,宝立食品(603170.SH),2800,39760.00,14.2,-878.18
,,,健之佳(605266.SH),1300,26494.00,20.38,-1819.99
2025-09-25,258199.10,118707.10,,,,,
,,,味知香(605089.SH),1200,34704.00,28.92,2915.03
,,,宝立食品(603170.SH),2800,39816.00,14.22,-822.18
,,,健之佳(605266.SH),1300,26650.00,20.5,-1663.99
,,,元利科技(603217.SH),1800,38322.00,21.29,2636.09
2025-09-24,259413.10,118707.10,,,,,
,,,味知香(605089.SH),1200,33732.00,28.11,1943.03
,,,宝立食品(603170.SH),2800,40544.00,14.48,-94.18
,,,健之佳(605266.SH),1300,27118.00,20.86,-1195.99
,,,元利科技(603217.SH),1800,39312.00,21.84,3626.09
2025-09-23,257372.10,118707.10,,,,,
,,,健之佳(605266.SH),1300,26923.00,20.71,-1390.99
,,,元利科技(603217.SH),1800,37890.00,21.05,2204.09
,,,宝立食品(603170.SH),2800,39592.00,14.14,-1046.18
,,,味知香(605089.SH),1200,34260.00,28.55,2471.03
2025-09-22,258903.10,118707.10,,,,,
,,,味知香(605089.SH),1200,35304.00,29.42,3515.03
,,,元利科技(603217.SH),1800,38394.00,21.33,2708.09
,,,宝立食品(603170.SH),2800,39172.00,13.99,-1466.18
,,,健之佳(605266.SH),1300,27326.00,21.02,-987.99
2025-09-19,260759.10,118707.10,,,,,
,,,健之佳(605266.SH),1300,27976.00,21.52,-337.99
,,,味知香(605089.SH),1200,36108.00,30.09,4319.03
,,,元利科技(603217.SH),1800,38628.00,21.46,2942.09
,,,宝立食品(603170.SH),2800,39340.00,14.05,-1298.18
2025-09-18,260665.10,118707.10,,,,,
,,,元利科技(603217.SH),1800,38142.00,21.19,2456.09
,,,宝立食品(603170.SH),2800,39732.00,14.19,-906.18
,,,味知香(605089.SH),1200,36108.00,30.09,4319.03
,,,健之佳(605266.SH),1300,27976.00,21.52,-337.99
2025-09-17,258075.10,118707.10,,,,,
,,,元利科技(603217.SH),1800,37962.00,21.09,2276.09
,,,健之佳(605266.SH),1300,28574.00,21.98,260.01
,,,宝立食品(603170.SH),2800,40012.00,14.29,-626.18
,,,味知香(605089.SH),1200,32820.00,27.35,1031.03
2025-09-16,259483.10,118707.10,,,,,
,,,味知香(605089.SH),1200,33516.00,27.93,1727.03
,,,宝立食品(603170.SH),2800,40320.00,14.4,-318.18
,,,健之佳(605266.SH),1300,28600.00,22,286.01
,,,元利科技(603217.SH),1800,38340.00,21.3,2654.09
2025-09-15,258844.10,118707.10,,,,,
,,,健之佳(605266.SH),1300,28249.00,21.73,-64.99
,,,味知香(605089.SH),1200,34200.00,28.5,2411.03
,,,宝立食品(603170.SH),2800,40572.00,14.49,-66.18
,,,元利科技(603217.SH),1800,37116.00,20.62,1430.09
2025-09-12,255943.10,118707.10,,,,,
,,,元利科技(603217.SH),1800,37134.00,20.63,1448.09
,,,味知香(605089.SH),1200,32592.00,27.16,803.03
,,,健之佳(605266.SH),1300,28366.00,21.82,52.01
,,,宝立食品(603170.SH),2800,39144.00,13.98,-1494.18
2025-09-11,257437.10,118707.10,,,,,
,,,宝立食品(603170.SH),2800,39592.00,14.14,-1046.18
,,,味知香(605089.SH),1200,33192.00,27.66,1403.03
,,,健之佳(605266.SH),1300,28470.00,21.9,156.01
,,,元利科技(603217.SH),1800,37476.00,20.82,1790.09
2025-09-10,256766.10,118707.10,,,,,
,,,宝立食品(603170.SH),2800,39228.00,14.01,-1410.18
,,,元利科技(603217.SH),1800,37530.00,20.85,1844.09
,,,健之佳(605266.SH),1300,28301.00,21.77,-12.99
,,,味知香(605089.SH),1200,33000.00,27.5,1211.03
2025-09-09,258245.10,118315.10,,,,,
,,,宝立食品(603170.SH),2800,39480.00,14.1,-1550.18
,,,健之佳(605266.SH),1300,28444.00,21.88,130.01
,,,元利科技(603217.SH),1800,38970.00,21.65,3284.09
,,,味知香(605089.SH),1200,33036.00,27.53,1247.03
2025-09-08,259293.10,118315.10,,,,,
,,,元利科技(603217.SH),1800,38574.00,21.43,2888.09
,,,健之佳(605266.SH),1300,28548.00,21.96,234.01
,,,味知香(605089.SH),1200,33060.00,27.55,1271.03
,,,宝立食品(603170.SH),2800,40796.00,14.57,-234.18
2025-09-05,257136.10,118315.10,,,,,
,,,味知香(605089.SH),1200,32568.00,27.14,779.03
,,,健之佳(605266.SH),1300,27989.00,21.53,-324.99
,,,宝立食品(603170.SH),2800,40320.00,14.4,-710.18
,,,元利科技(603217.SH),1800,37944.00,21.08,2258.09
2025-09-04,255883.10,118315.10,,,,,
,,,宝立食品(603170.SH),2800,40516.00,14.47,-514.18
,,,健之佳(605266.SH),1300,28028.00,21.56,-285.99
,,,味知香(605089.SH),1200,32700.00,27.25,911.03
,,,元利科技(603217.SH),1800,36324.00,20.18,638.09
2025-09-03,252940.10,118315.10,,,,,
,,,味知香(605089.SH),1200,31524.00,26.27,-264.97
,,,元利科技(603217.SH),1800,35820.00,19.9,134.09
,,,健之佳(605266.SH),1300,27521.00,21.17,-792.99
,,,宝立食品(603170.SH),2800,39760.00,14.2,-1270.18
2025-09-02,254865.10,118315.10,,,,,
,,,味知香(605089.SH),1200,32304.00,26.92,515.03
,,,健之佳(605266.SH),1300,27924.00,21.48,-389.99
,,,元利科技(603217.SH),1800,36450.00,20.25,764.09
,,,宝立食品(603170.SH),2800,39872.00,14.24,-1158.18
2025-09-01,256649.10,118315.10,,,,,
,,,宝立食品(603170.SH),2800,40740.00,14.55,-290.18
,,,味知香(605089.SH),1200,32436.00,27.03,647.03
,,,健之佳(605266.SH),1300,27898.00,21.46,-415.99
,,,元利科技(603217.SH),1800,37260.00,20.7,1574.09
2025-08-29,255627.38,82567.38,,,,,
,,,振德医疗(603301.SH),1600,38880.00,24.3,3486.76
,,,新疆火炬(603080.SH),1700,36057.00,21.21,4619.84
,,,四方科技(603339.SH),2800,43540.00,15.55,7757.87
,,,永吉股份(603058.SH),3000,26880.00,8.96,-2046.40
,,,健之佳(605266.SH),1300,27703.00,21.31,-610.99
2025-08-28,259447.38,82567.38,,,,,
,,,四方科技(603339.SH),2800,47236.00,16.87,11453.87
,,,健之佳(605266.SH),1300,26884.00,20.68,-1429.99
,,,永吉股份(603058.SH),3000,29370.00,9.79,443.60
,,,新疆火炬(603080.SH),1700,35870.00,21.1,4432.84
,,,振德医疗(603301.SH),1600,37520.00,23.45,2126.76
2025-08-27,262453.38,82567.38,,,,,
,,,振德医疗(603301.SH),1600,37120.00,23.2,1726.76
,,,永吉股份(603058.SH),3000,32640.00,10.88,3713.60
,,,健之佳(605266.SH),1300,27209.00,20.93,-1104.99
,,,四方科技(603339.SH),2800,46928.00,16.76,11145.87
,,,新疆火炬(603080.SH),1700,35989.00,21.17,4551.84
2025-08-26,270022.38,82567.38,,,,,
,,,振德医疗(603301.SH),1600,38704.00,24.19,3310.76
,,,永吉股份(603058.SH),3000,32640.00,10.88,3713.60
,,,新疆火炬(603080.SH),1700,37145.00,21.85,5707.84
,,,四方科技(603339.SH),2800,50652.00,18.09,14869.87
,,,健之佳(605266.SH),1300,28314.00,21.78,0.01
2025-08-25,268475.38,82567.38,,,,,
,,,振德医疗(603301.SH),1600,38960.00,24.35,3566.76
,,,四方科技(603339.SH),2800,48580.00,17.35,12797.87
,,,永吉股份(603058.SH),3000,32640.00,10.88,3713.60
,,,健之佳(605266.SH),1300,28158.00,21.66,-155.99
,,,新疆火炬(603080.SH),1700,37570.00,22.1,6132.84
2025-08-22,265102.38,82567.38,,,,,
,,,新疆火炬(603080.SH),1700,37145.00,21.85,5707.84
,,,健之佳(605266.SH),1300,28158.00,21.66,-155.99
,,,四方科技(603339.SH),2800,45696.00,16.32,9913.87
,,,振德医疗(603301.SH),1600,38896.00,24.31,3502.76
,,,永吉股份(603058.SH),3000,32640.00,10.88,3713.60
2025-08-21,267640.38,82567.38,,,,,
,,,振德医疗(603301.SH),1600,39200.00,24.5,3806.76
,,,新疆火炬(603080.SH),1700,37536.00,22.08,6098.84
,,,健之佳(605266.SH),1300,28405.00,21.85,91.01
,,,四方科技(603339.SH),2800,47292.00,16.89,11509.87
,,,永吉股份(603058.SH),3000,32640.00,10.88,3713.60
2025-08-20,265026.38,82567.38,,,,,
,,,新疆火炬(603080.SH),1700,36873.00,21.69,5435.84
,,,永吉股份(603058.SH),3000,32640.00,10.88,3713.60
,,,健之佳(605266.SH),1300,28366.00,21.82,52.01
,,,振德医疗(603301.SH),1600,39360.00,24.6,3966.76
,,,四方科技(603339.SH),2800,45220.00,16.15,9437.87
2025-08-19,264084.38,82567.38,,,,,
,,,新疆火炬(603080.SH),1700,36924.00,21.72,5486.84
,,,振德医疗(603301.SH),1600,38688.00,24.18,3294.76
,,,四方科技(603339.SH),2800,44912.00,16.04,9129.87
,,,健之佳(605266.SH),1300,28353.00,21.81,39.01
,,,永吉股份(603058.SH),3000,32640.00,10.88,3713.60
2025-08-18,258992.38,82567.38,,,,,
,,,永吉股份(603058.SH),3000,32640.00,10.88,3713.60
,,,新疆火炬(603080.SH),1700,37179.00,21.87,5741.84
,,,健之佳(605266.SH),1300,28054.00,21.58,-259.99
,,,振德医疗(603301.SH),1600,37728.00,23.58,2334.76
,,,四方科技(603339.SH),2800,40824.00,14.58,5041.87
2025-08-15,256009.38,82567.38,,,,,
,,,新疆火炬(603080.SH),1700,37825.00,22.25,6387.84
,,,健之佳(605266.SH),1300,27989.00,21.53,-324.99
,,,振德医疗(603301.SH),1600,37888.00,23.68,2494.76
,,,永吉股份(603058.SH),3000,32640.00,10.88,3713.60
,,,四方科技(603339.SH),2800,37100.00,13.25,1317.87
2025-08-14,256054.38,82567.38,,,,,
,,,健之佳(605266.SH),1300,27989.00,21.53,-324.99
,,,新疆火炬(603080.SH),1700,38998.00,22.94,7560.84
,,,永吉股份(603058.SH),3000,32640.00,10.88,3713.60
,,,四方科技(603339.SH),2800,36708.00,13.11,925.87
,,,振德医疗(603301.SH),1600,37152.00,23.22,1758.76
2025-08-13,262539.38,82567.38,,,,,
,,,振德医疗(603301.SH),1600,37648.00,23.53,2254.76
,,,健之佳(605266.SH),1300,28535.00,21.95,221.01
,,,四方科技(603339.SH),2800,38360.00,13.7,2577.87
,,,新疆火炬(603080.SH),1700,42789.00,25.17,11351.84
,,,永吉股份(603058.SH),3000,32640.00,10.88,3713.60
2025-08-12,263733.38,82567.38,,,,,
,,,新疆火炬(603080.SH),1700,45458.00,26.74,14020.84
,,,四方科技(603339.SH),2800,37604.00,13.43,1821.87
,,,健之佳(605266.SH),1300,28808.00,22.16,494.01
,,,永吉股份(603058.SH),3000,31440.00,10.48,2513.60
,,,振德医疗(603301.SH),1600,37856.00,23.66,2462.76
2025-08-11,257365.38,82567.38,,,,,
,,,振德医疗(603301.SH),1600,36544.00,22.84,1150.76
,,,四方科技(603339.SH),2800,37072.00,13.24,1289.87
,,,新疆火炬(603080.SH),1700,41327.00,24.31,9889.84
,,,永吉股份(603058.SH),3000,30930.00,10.31,2003.60
,,,健之佳(605266.SH),1300,28925.00,22.25,611.01
2025-08-08,250941.38,82567.38,,,,,
,,,振德医疗(603301.SH),1600,35552.00,22.22,158.76
,,,健之佳(605266.SH),1300,28522.00,21.94,208.01
,,,四方科技(603339.SH),2800,36820.00,13.15,1037.87
,,,新疆火炬(603080.SH),1700,37570.00,22.1,6132.84
,,,永吉股份(603058.SH),3000,29910.00,9.97,983.60
2025-08-07,246871.38,82567.38,,,,,
,,,四方科技(603339.SH),2800,36596.00,13.07,813.87
,,,新疆火炬(603080.SH),1700,34153.00,20.09,2715.84
,,,健之佳(605266.SH),1300,28379.00,21.83,65.01
,,,永吉股份(603058.SH),3000,29880.00,9.96,953.60
,,,振德医疗(603301.SH),1600,35296.00,22.06,-97.24
2025-08-06,246915.38,82567.38,,,,,
,,,四方科技(603339.SH),2800,36792.00,13.14,1009.87
,,,新疆火炬(603080.SH),1700,34323.00,20.19,2885.84
,,,健之佳(605266.SH),1300,28535.00,21.95,221.01
,,,永吉股份(603058.SH),3000,29370.00,9.79,443.60
,,,振德医疗(603301.SH),1600,35328.00,22.08,-65.24
2025-08-05,246392.38,82567.38,,,,,
,,,四方科技(603339.SH),2800,36876.00,13.17,1093.87
,,,永吉股份(603058.SH),3000,29310.00,9.77,383.60
,,,健之佳(605266.SH),1300,28782.00,22.14,468.01
,,,振德医疗(603301.SH),1600,35792.00,22.37,398.76
,,,新疆火炬(603080.SH),1700,33065.00,19.45,1627.84
2025-08-04,247472.38,82567.38,,,,,
,,,四方科技(603339.SH),2800,37240.00,13.3,1457.87
,,,振德医疗(603301.SH),1600,35872.00,22.42,478.76
,,,健之佳(605266.SH),1300,28678.00,22.06,364.01
,,,永吉股份(603058.SH),3000,29370.00,9.79,443.60
,,,新疆火炬(603080.SH),1700,33745.00,19.85,2307.84
2025-08-01,243540.38,82567.38,,,,,
,,,四方科技(603339.SH),2800,35784.00,12.78,1.87
,,,永吉股份(603058.SH),3000,29130.00,9.71,203.60
,,,健之佳(605266.SH),1300,28561.00,21.97,247.01
,,,振德医疗(603301.SH),1600,35504.00,22.19,110.76
,,,新疆火炬(603080.SH),1700,31994.00,18.82,556.84
2025-07-31,242616.16,53544.16,,,,,
,,,金徽股份(603132.SH),2700,34074.00,12.62,-1647.99
,,,众望布艺(605003.SH),1100,22924.00,20.84,-581.95
,,,易德龙(603380.SH),1400,41118.00,29.37,4185.23
,,,世茂能源(605028.SH),1800,35874.00,19.93,711.29
,,,咸亨国际(605056.SH),1700,24922.00,14.66,-1250.07
,,,威奥股份(605001.SH),4000,30160.00,7.54,1293.74
2025-07-30,246605.16,53544.16,,,,,
,,,易德龙(603380.SH),1400,42252.00,30.18,5319.23
,,,威奥股份(605001.SH),4000,30560.00,7.64,1693.74
,,,金徽股份(603132.SH),2700,35181.00,13.03,-540.99
,,,众望布艺(605003.SH),1100,23144.00,21.04,-361.95
,,,世茂能源(605028.SH),1800,36594.00,20.33,1431.29
,,,咸亨国际(605056.SH),1700,25330.00,14.9,-842.07
2025-07-29,245973.16,53544.16,,,,,
,,,易德龙(603380.SH),1400,41244.00,29.46,4311.23
,,,咸亨国际(605056.SH),1700,25653.00,15.09,-519.07
,,,威奥股份(605001.SH),4000,30960.00,7.74,2093.74
,,,世茂能源(605028.SH),1800,36054.00,20.03,891.29
,,,金徽股份(603132.SH),2700,35451.00,13.13,-270.99
,,,众望布艺(605003.SH),1100,23067.00,20.97,-438.95
2025-07-28,245045.16,53544.16,,,,,
,,,众望布艺(605003.SH),1100,23342.00,21.22,-163.95
,,,金徽股份(603132.SH),2700,35397.00,13.11,-324.99
,,,世茂能源(605028.SH),1800,36432.00,20.24,1269.29
,,,易德龙(603380.SH),1400,39984.00,28.56,3051.23
,,,威奥股份(605001.SH),4000,30880.00,7.72,2013.74
,,,咸亨国际(605056.SH),1700,25466.00,14.98,-706.07
2025-07-25,243429.16,53544.16,,,,,
,,,众望布艺(605003.SH),1100,23166.00,21.06,-339.95
,,,易德龙(603380.SH),1400,39508.00,28.22,2575.23
,,,世茂能源(605028.SH),1800,35190.00,19.55,27.29
,,,咸亨国际(605056.SH),1700,25177.00,14.81,-995.07
,,,金徽股份(603132.SH),2700,35964.00,13.32,242.01
,,,威奥股份(605001.SH),4000,30880.00,7.72,2013.74
2025-07-24,242178.16,53544.16,,,,,
,,,众望布艺(605003.SH),1100,23034.00,20.94,-471.95
,,,世茂能源(605028.SH),1800,34416.00,19.12,-746.71
,,,威奥股份(605001.SH),4000,30720.00,7.68,1853.74
,,,易德龙(603380.SH),1400,39508.00,28.22,2575.23
,,,金徽股份(603132.SH),2700,35694.00,13.22,-27.99
,,,咸亨国际(605056.SH),1700,25262.00,14.86,-910.07
2025-07-23,241229.16,53544.16,,,,,
,,,世茂能源(605028.SH),1800,33624.00,18.68,-1538.71
,,,众望布艺(605003.SH),1100,23001.00,20.91,-504.95
,,,易德龙(603380.SH),1400,40110.00,28.65,3177.23
,,,金徽股份(603132.SH),2700,35316.00,13.08,-405.99
,,,威奥股份(605001.SH),4000,30440.00,7.61,1573.74
,,,咸亨国际(605056.SH),1700,25194.00,14.82,-978.07
2025-07-22,242730.16,53544.16,,,,,
,,,世茂能源(605028.SH),1800,34560.00,19.2,-602.71
,,,众望布艺(605003.SH),1100,23166.00,21.06,-339.95
,,,威奥股份(605001.SH),4000,30840.00,7.71,1973.74
,,,咸亨国际(605056.SH),1700,26027.00,15.31,-145.07
,,,易德龙(603380.SH),1400,39088.00,27.92,2155.23
,,,金徽股份(603132.SH),2700,35505.00,13.15,-216.99
2025-07-21,243152.16,53544.16,,,,,
,,,世茂能源(605028.SH),1800,35262.00,19.59,99.29
,,,易德龙(603380.SH),1400,39760.00,28.4,2827.23
,,,威奥股份(605001.SH),4000,30600.00,7.65,1733.74
,,,众望布艺(605003.SH),1100,22968.00,20.88,-537.95
,,,金徽股份(603132.SH),2700,35127.00,13.01,-594.99
,,,咸亨国际(605056.SH),1700,25891.00,15.23,-281.07
2025-07-18,241292.16,53544.16,,,,,
,,,威奥股份(605001.SH),4000,29480.00,7.37,613.74
,,,众望布艺(605003.SH),1100,22748.00,20.68,-757.95
,,,咸亨国际(605056.SH),1700,25313.00,14.89,-859.07
,,,易德龙(603380.SH),1400,40376.00,28.84,3443.23
,,,世茂能源(605028.SH),1800,35082.00,19.49,-80.71
,,,金徽股份(603132.SH),2700,34749.00,12.87,-972.99
2025-07-17,241141.16,53544.16,,,,,
,,,世茂能源(605028.SH),1800,35244.00,19.58,81.29
,,,众望布艺(605003.SH),1100,22561.00,20.51,-944.95
,,,咸亨国际(605056.SH),1700,25602.00,15.06,-570.07
,,,易德龙(603380.SH),1400,40222.00,28.73,3289.23
,,,金徽股份(603132.SH),2700,34128.00,12.64,-1593.99
,,,威奥股份(605001.SH),4000,29840.00,7.46,973.74
2025-07-16,240576.16,53544.16,,,,,
,,,金徽股份(603132.SH),2700,34074.00,12.62,-1647.99
,,,咸亨国际(605056.SH),1700,25449.00,14.97,-723.07
,,,众望布艺(605003.SH),1100,22869.00,20.79,-636.95
,,,易德龙(603380.SH),1400,40222.00,28.73,3289.23
,,,世茂能源(605028.SH),1800,34578.00,19.21,-584.71
,,,威奥股份(605001.SH),4000,29840.00,7.46,973.74
2025-07-15,243096.16,53544.16,,,,,
,,,易德龙(603380.SH),1400,42700.00,30.5,5767.23
,,,世茂能源(605028.SH),1800,34614.00,19.23,-548.71
,,,咸亨国际(605056.SH),1700,25381.00,14.93,-791.07
,,,威奥股份(605001.SH),4000,29680.00,7.42,813.74
,,,众望布艺(605003.SH),1100,22671.00,20.61,-834.95
,,,金徽股份(603132.SH),2700,34506.00,12.78,-1215.99
2025-07-14,243561.16,53544.16,,,,,
,,,世茂能源(605028.SH),1800,35856.00,19.92,693.29
,,,威奥股份(605001.SH),4000,30320.00,7.58,1453.74
,,,易德龙(603380.SH),1400,40586.00,28.99,3653.23
,,,金徽股份(603132.SH),2700,34722.00,12.86,-999.99
,,,众望布艺(605003.SH),1100,22880.00,20.8,-625.95
,,,咸亨国际(605056.SH),1700,25653.00,15.09,-519.07
2025-07-11,238836.16,53544.16,,,,,
,,,众望布艺(605003.SH),1100,22880.00,20.8,-625.95
,,,易德龙(603380.SH),1400,36890.00,26.35,-42.77
,,,世茂能源(605028.SH),1800,35712.00,19.84,549.29
,,,咸亨国际(605056.SH),1700,25755.00,15.15,-417.07
,,,威奥股份(605001.SH),4000,29360.00,7.34,493.74
,,,金徽股份(603132.SH),2700,34695.00,12.85,-1026.99
2025-07-10,239998.16,53544.16,,,,,
,,,威奥股份(605001.SH),4000,29360.00,7.34,493.74
,,,咸亨国际(605056.SH),1700,25959.00,15.27,-213.07
,,,世茂能源(605028.SH),1800,36738.00,20.41,1575.29
,,,易德龙(603380.SH),1400,37310.00,26.65,377.23
,,,金徽股份(603132.SH),2700,34020.00,12.6,-1701.99
,,,众望布艺(605003.SH),1100,23067.00,20.97,-438.95
2025-07-09,242617.16,53544.16,,,,,
,,,咸亨国际(605056.SH),1700,26299.00,15.47,126.93
,,,威奥股份(605001.SH),4000,29400.00,7.35,533.74
,,,金徽股份(603132.SH),2700,33804.00,12.52,-1917.99
,,,易德龙(603380.SH),1400,37674.00,26.91,741.23
,,,世茂能源(605028.SH),1800,39060.00,21.7,3897.29
,,,众望布艺(605003.SH),1100,22836.00,20.76,-669.95
2025-07-08,243368.16,53544.16,,,,,
,,,金徽股份(603132.SH),2700,34236.00,12.68,-1485.99
,,,咸亨国际(605056.SH),1700,26435.00,15.55,262.93
,,,众望布艺(605003.SH),1100,23397.00,21.27,-108.95
,,,世茂能源(605028.SH),1800,38160.00,21.2,2997.29
,,,威奥股份(605001.SH),4000,29320.00,7.33,453.74
,,,易德龙(603380.SH),1400,38276.00,27.34,1343.23
2025-07-07,241315.16,53544.16,,,,,
,,,金徽股份(603132.SH),2700,34155.00,12.65,-1566.99
,,,易德龙(603380.SH),1400,36876.00,26.34,-56.77
,,,众望布艺(605003.SH),1100,23243.00,21.13,-262.95
,,,咸亨国际(605056.SH),1700,26537.00,15.61,364.93
,,,世茂能源(605028.SH),1800,37800.00,21,2637.29
,,,威奥股份(605001.SH),4000,29160.00,7.29,293.74
2025-07-04,237370.16,53544.16,,,,,
,,,威奥股份(605001.SH),4000,28760.00,7.19,-106.26
,,,咸亨国际(605056.SH),1700,26707.00,15.71,534.93
,,,世茂能源(605028.SH),1800,34362.00,19.09,-800.71
,,,易德龙(603380.SH),1400,37394.00,26.71,461.23
,,,众望布艺(605003.SH),1100,22583.00,20.53,-922.95
,,,金徽股份(603132.SH),2700,34020.00,12.6,-1701.99
2025-07-03,239933.16,53544.16,,,,,
,,,易德龙(603380.SH),1400,37548.00,26.82,615.23
,,,金徽股份(603132.SH),2700,34506.00,12.78,-1215.99
,,,咸亨国际(605056.SH),1700,27370.00,16.1,1197.93
,,,众望布艺(605003.SH),1100,23441.00,21.31,-64.95
,,,世茂能源(605028.SH),1800,34524.00,19.18,-638.71
,,,威奥股份(605001.SH),4000,29000.00,7.25,133.74
2025-07-02,237185.16,53544.16,,,,,
,,,众望布艺(605003.SH),1100,23034.00,20.94,-471.95
,,,咸亨国际(605056.SH),1700,25534.00,15.02,-638.07
,,,易德龙(603380.SH),1400,36974.00,26.41,41.23
,,,金徽股份(603132.SH),2700,34641.00,12.83,-1080.99
,,,世茂能源(605028.SH),1800,34578.00,19.21,-584.71
,,,威奥股份(605001.SH),4000,28880.00,7.22,13.74
2025-07-01,239243.16,53544.16,,,,,
,,,咸亨国际(605056.SH),1700,25993.00,15.29,-179.07
,,,易德龙(603380.SH),1400,37520.00,26.8,587.23
,,,威奥股份(605001.SH),4000,28880.00,7.22,13.74
,,,世茂能源(605028.SH),1800,34542.00,19.19,-620.71
,,,众望布艺(605003.SH),1100,23529.00,21.39,23.05
,,,金徽股份(603132.SH),2700,35235.00,13.05,-486.99
2025-06-30,240740.01,51865.01,,,,,
,,,陕西能源(001286.SZ),3600,31320.00,8.7,357.96
,,,林洋能源(601222.SH),5900,33630.00,5.7,691.40
,,,江苏国泰(002091.SZ),3900,28353.00,7.27,713.87
,,,中盐化工(600328.SH),4700,35955.00,7.65,2743.77
,,,东莞控股(000828.SZ),2900,31001.00,10.69,1091.35
,,,外服控股(600662.SH),5600,28616.00,5.11,102.55
2025-06-27,240993.01,51865.01,,,,,
,,,东莞控股(000828.SZ),2900,31059.00,10.71,1149.35
,,,陕西能源(001286.SZ),3600,31428.00,8.73,465.96
,,,外服控股(600662.SH),5600,28616.00,5.11,102.55
,,,江苏国泰(002091.SZ),3900,28665.00,7.35,1025.87
,,,中盐化工(600328.SH),4700,36143.00,7.69,2931.77
,,,林洋能源(601222.SH),5900,33217.00,5.63,278.40
2025-06-26,240797.01,51865.01,,,,,
,,,外服控股(600662.SH),5600,28504.00,5.09,-9.45
,,,林洋能源(601222.SH),5900,33099.00,5.61,160.40
,,,陕西能源(001286.SZ),3600,31428.00,8.73,465.96
,,,中盐化工(600328.SH),4700,36331.00,7.73,3119.77
,,,东莞控股(000828.SZ),2900,30827.00,10.63,917.35
,,,江苏国泰(002091.SZ),3900,28743.00,7.37,1103.87
2025-06-25,239955.01,50569.01,,,,,
,,,陕西能源(001286.SZ),3600,32940.00,9.15,681.96
,,,江苏国泰(002091.SZ),3900,28743.00,7.37,1103.87
,,,外服控股(600662.SH),5600,28504.00,5.09,-9.45
,,,东莞控股(000828.SZ),2900,30943.00,10.67,1033.35
,,,中盐化工(600328.SH),4700,34921.00,7.43,1709.77
,,,林洋能源(601222.SH),5900,33335.00,5.65,396.40
2025-06-24,238407.01,50569.01,,,,,
,,,中盐化工(600328.SH),4700,34874.00,7.42,1662.77
,,,林洋能源(601222.SH),5900,33217.00,5.63,278.40
,,,江苏国泰(002091.SZ),3900,28743.00,7.37,1103.87
,,,陕西能源(001286.SZ),3600,32904.00,9.14,645.96
,,,外服控股(600662.SH),5600,28056.00,5.01,-457.45
,,,东莞控股(000828.SZ),2900,30044.00,10.36,134.35
2025-06-23,236170.01,50569.01,,,,,
,,,江苏国泰(002091.SZ),3900,27963.00,7.17,323.87
,,,外服控股(600662.SH),5600,27552.00,4.92,-961.45
,,,林洋能源(601222.SH),5900,32922.00,5.58,-16.60
,,,中盐化工(600328.SH),4700,34968.00,7.44,1756.77
,,,陕西能源(001286.SZ),3600,32616.00,9.06,357.96
,,,东莞控股(000828.SZ),2900,29580.00,10.2,-329.65
2025-06-20,236316.01,50569.01,,,,,
,,,陕西能源(001286.SZ),3600,32796.00,9.11,537.96
,,,外服控股(600662.SH),5600,27440.00,4.9,-1073.45
,,,中盐化工(600328.SH),4700,35250.00,7.5,2038.77
,,,江苏国泰(002091.SZ),3900,27729.00,7.11,89.87
,,,东莞控股(000828.SZ),2900,29551.00,10.19,-358.65
,,,林洋能源(601222.SH),5900,32981.00,5.59,42.40
2025-06-19,235286.01,50569.01,,,,,
,,,外服控股(600662.SH),5600,27608.00,4.93,-905.45
,,,江苏国泰(002091.SZ),3900,27612.00,7.08,-27.13
,,,中盐化工(600328.SH),4700,33981.00,7.23,769.77
,,,陕西能源(001286.SZ),3600,32868.00,9.13,609.96
,,,林洋能源(601222.SH),5900,32981.00,5.59,42.40
,,,东莞控股(000828.SZ),2900,29667.00,10.23,-242.65
2025-06-18,237055.01,49399.01,,,,,
,,,陕西能源(001286.SZ),3600,32976.00,9.16,717.96
,,,中盐化工(600328.SH),4700,34216.00,7.28,1004.77
,,,江苏国泰(002091.SZ),3900,29172.00,7.48,362.87
,,,东莞控股(000828.SZ),2900,29957.00,10.33,47.35
,,,林洋能源(601222.SH),5900,33335.00,5.65,396.40
,,,外服控股(600662.SH),5600,28000.00,5,-513.45
2025-06-17,237492.01,49399.01,,,,,
,,,林洋能源(601222.SH),5900,33099.00,5.61,160.40
,,,东莞控股(000828.SZ),2900,30363.00,10.47,453.35
,,,陕西能源(001286.SZ),3600,32472.00,9.02,213.96
,,,外服控股(600662.SH),5600,28224.00,5.04,-289.45
,,,江苏国泰(002091.SZ),3900,29484.00,7.56,674.87
,,,中盐化工(600328.SH),4700,34451.00,7.33,1239.77
2025-06-16,236822.01,49399.01,,,,,
,,,林洋能源(601222.SH),5900,33040.00,5.6,101.40
,,,陕西能源(001286.SZ),3600,32256.00,8.96,-2.04
,,,中盐化工(600328.SH),4700,34592.00,7.36,1380.77
,,,江苏国泰(002091.SZ),3900,29211.00,7.49,401.87
,,,东莞控股(000828.SZ),2900,30044.00,10.36,134.35
,,,外服控股(600662.SH),5600,28280.00,5.05,-233.45
2025-06-13,236806.01,49399.01,,,,,
,,,外服控股(600662.SH),5600,28168.00,5.03,-345.45
,,,陕西能源(001286.SZ),3600,32436.00,9.01,177.96
,,,中盐化工(600328.SH),4700,34216.00,7.28,1004.77
,,,林洋能源(601222.SH),5900,33099.00,5.61,160.40
,,,江苏国泰(002091.SZ),3900,29328.00,7.52,518.87
,,,东莞控股(000828.SZ),2900,30160.00,10.4,250.35
2025-06-12,237428.01,49399.01,,,,,
,,,陕西能源(001286.SZ),3600,32292.00,8.97,33.96
,,,林洋能源(601222.SH),5900,33394.00,5.66,455.40
,,,东莞控股(000828.SZ),2900,30479.00,10.51,569.35
,,,江苏国泰(002091.SZ),3900,29679.00,7.61,869.87
,,,中盐化工(600328.SH),4700,33793.00,7.19,581.77
,,,外服控股(600662.SH),5600,28392.00,5.07,-121.45
2025-06-11,237126.01,49399.01,,,,,
,,,外服控股(600662.SH),5600,28448.00,5.08,-65.45
,,,东莞控股(000828.SZ),2900,30595.00,10.55,685.35
,,,中盐化工(600328.SH),4700,33652.00,7.16,440.77
,,,江苏国泰(002091.SZ),3900,29523.00,7.57,713.87
,,,林洋能源(601222.SH),5900,33217.00,5.63,278.40
,,,陕西能源(001286.SZ),3600,32292.00,8.97,33.96
2025-06-10,235919.01,49399.01,,,,,
,,,外服控股(600662.SH),5600,28280.00,5.05,-233.45
,,,陕西能源(001286.SZ),3600,32292.00,8.97,33.96
,,,东莞控股(000828.SZ),2900,30189.00,10.41,279.35
,,,林洋能源(601222.SH),5900,33099.00,5.61,160.40
,,,江苏国泰(002091.SZ),3900,29055.00,7.45,245.87
,,,中盐化工(600328.SH),4700,33605.00,7.15,393.77
2025-06-09,236559.01,49399.01,,,,,
,,,江苏国泰(002091.SZ),3900,29172.00,7.48,362.87
,,,陕西能源(001286.SZ),3600,32328.00,8.98,69.96
,,,外服控股(600662.SH),5600,28392.00,5.07,-121.45
,,,东莞控股(000828.SZ),2900,30305.00,10.45,395.35
,,,中盐化工(600328.SH),4700,33746.00,7.18,534.77
,,,林洋能源(601222.SH),5900,33217.00,5.63,278.40
2025-06-06,236211.01,49399.01,,,,,
,,,江苏国泰(002091.SZ),3900,29172.00,7.48,362.87
,,,东莞控股(000828.SZ),2900,30131.00,10.39,221.35
,,,陕西能源(001286.SZ),3600,32292.00,8.97,33.96
,,,外服控股(600662.SH),5600,28336.00,5.06,-177.45
,,,林洋能源(601222.SH),5900,33276.00,5.64,337.40
,,,中盐化工(600328.SH),4700,33605.00,7.15,393.77
2025-06-05,236089.01,49399.01,,,,,
,,,东莞控股(000828.SZ),2900,30305.00,10.45,395.35
,,,林洋能源(601222.SH),5900,33394.00,5.66,455.40
,,,陕西能源(001286.SZ),3600,32148.00,8.93,-110.04
,,,江苏国泰(002091.SZ),3900,28743.00,7.37,-66.13
,,,中盐化工(600328.SH),4700,33652.00,7.16,440.77
,,,外服控股(600662.SH),5600,28448.00,5.08,-65.45
2025-06-04,235832.01,49399.01,,,,,
,,,江苏国泰(002091.SZ),3900,28782.00,7.38,-27.13
,,,中盐化工(600328.SH),4700,33464.00,7.12,252.77
,,,陕西能源(001286.SZ),3600,32400.00,9,141.96
,,,林洋能源(601222.SH),5900,33040.00,5.6,101.40
,,,外服控股(600662.SH),5600,28616.00,5.11,102.55
,,,东莞控股(000828.SZ),2900,30131.00,10.39,221.35
2025-06-03,235292.01,49399.01,,,,,
,,,林洋能源(601222.SH),5900,32981.00,5.59,42.40
,,,江苏国泰(002091.SZ),3900,28782.00,7.38,-27.13
,,,陕西能源(001286.SZ),3600,32364.00,8.99,105.96
,,,中盐化工(600328.SH),4700,33276.00,7.08,64.77
,,,外服控股(600662.SH),5600,28504.00,5.09,-9.45
,,,东莞控股(000828.SZ),2900,29986.00,10.34,76.35
2025-05-30,236783.77,51665.77,,,,,
,,,蓝天燃气(605368.SH),3600,35820.00,9.95,-1020.56
,,,陕天然气(002267.SZ),3600,28296.00,7.86,-2699.14
,,,盘江股份(600395.SH),6900,31671.00,4.59,411.25
,,,南玻A(000012.SZ),6200,29078.00,4.69,-501.90
,,,塔牌集团(002233.SZ),4100,31980.00,7.8,1488.01
,,,东鹏控股(003012.SZ),4900,28273.00,5.77,-1050.12
2025-05-29,236999.77,51665.77,,,,,
,,,塔牌集团(002233.SZ),4100,31242.00,7.62,750.01
,,,南玻A(000012.SZ),6200,29078.00,4.69,-501.90
,,,东鹏控股(003012.SZ),4900,28126.00,5.74,-1197.12
,,,蓝天燃气(605368.SH),3600,36036.00,10.01,-804.56
,,,陕天然气(002267.SZ),3600,28836.00,8.01,-2159.14
,,,盘江股份(600395.SH),6900,32016.00,4.64,756.25
2025-05-28,236576.77,51665.77,,,,,
,,,盘江股份(600395.SH),6900,31878.00,4.62,618.25
,,,陕天然气(002267.SZ),3600,28692.00,7.97,-2303.14
,,,东鹏控股(003012.SZ),4900,28028.00,5.72,-1295.12
,,,南玻A(000012.SZ),6200,28768.00,4.64,-811.90
,,,塔牌集团(002233.SZ),4100,31365.00,7.65,873.01
,,,蓝天燃气(605368.SH),3600,36180.00,10.05,-660.56
2025-05-27,236060.77,51665.77,,,,,
,,,陕天然气(002267.SZ),3600,28584.00,7.94,-2411.14
,,,盘江股份(600395.SH),6900,31809.00,4.61,549.25
,,,蓝天燃气(605368.SH),3600,35820.00,9.95,-1020.56
,,,塔牌集团(002233.SZ),4100,31324.00,7.64,832.01
,,,南玻A(000012.SZ),6200,28830.00,4.65,-749.90
,,,东鹏控股(003012.SZ),4900,28028.00,5.72,-1295.12
2025-05-26,236977.77,51665.77,,,,,
,,,陕天然气(002267.SZ),3600,29592.00,8.22,-1403.14
,,,蓝天燃气(605368.SH),3600,35748.00,9.93,-1092.56
,,,东鹏控股(003012.SZ),4900,27832.00,5.68,-1491.12
,,,盘江股份(600395.SH),6900,31740.00,4.6,480.25
,,,塔牌集团(002233.SZ),4100,31570.00,7.7,1078.01
,,,南玻A(000012.SZ),6200,28830.00,4.65,-749.90
2025-05-23,241314.77,51665.77,,,,,
,,,东鹏控股(003012.SZ),4900,27930.00,5.7,-1393.12
,,,塔牌集团(002233.SZ),4100,31857.00,7.77,1365.01
,,,南玻A(000012.SZ),6200,28768.00,4.64,-811.90
,,,陕天然气(002267.SZ),3600,32832.00,9.12,1836.86
,,,盘江股份(600395.SH),6900,32154.00,4.66,894.25
,,,蓝天燃气(605368.SH),3600,36108.00,10.03,-732.56
2025-05-22,242263.77,50440.77,,,,,
,,,南玻A(000012.SZ),6200,29140.00,4.7,-439.90
,,,塔牌集团(002233.SZ),4100,31406.00,7.66,914.01
,,,盘江股份(600395.SH),6900,32361.00,4.69,1101.25
,,,陕天然气(002267.SZ),3600,33048.00,9.18,2052.86
,,,东鹏控股(003012.SZ),4900,29400.00,6,-1148.12
,,,蓝天燃气(605368.SH),3600,36468.00,10.13,-372.56
2025-05-21,244122.77,50440.77,,,,,
,,,南玻A(000012.SZ),6200,29450.00,4.75,-129.90
,,,蓝天燃气(605368.SH),3600,36900.00,10.25,59.44
,,,东鹏控股(003012.SZ),4900,29743.00,6.07,-805.12
,,,塔牌集团(002233.SZ),4100,31652.00,7.72,1160.01
,,,盘江股份(600395.SH),6900,32637.00,4.73,1377.25
,,,陕天然气(002267.SZ),3600,33300.00,9.25,2304.86
2025-05-20,243371.77,50440.77,,,,,
,,,东鹏控股(003012.SZ),4900,29743.00,6.07,-805.12
,,,陕天然气(002267.SZ),3600,33336.00,9.26,2340.86
,,,盘江股份(600395.SH),6900,32085.00,4.65,825.25
,,,蓝天燃气(605368.SH),3600,36972.00,10.27,131.44
,,,塔牌集团(002233.SZ),4100,31283.00,7.63,791.01
,,,南玻A(000012.SZ),6200,29512.00,4.76,-67.90
2025-05-19,242952.77,50440.77,,,,,
,,,蓝天燃气(605368.SH),3600,36972.00,10.27,131.44
,,,陕天然气(002267.SZ),3600,33048.00,9.18,2052.86
,,,盘江股份(600395.SH),6900,32223.00,4.67,963.25
,,,南玻A(000012.SZ),6200,29636.00,4.78,56.10
,,,塔牌集团(002233.SZ),4100,31037.00,7.57,545.01
,,,东鹏控股(003012.SZ),4900,29596.00,6.04,-952.12
2025-05-16,242116.77,50440.77,,,,,
,,,陕天然气(002267.SZ),3600,32976.00,9.16,1980.86
,,,盘江股份(600395.SH),6900,31947.00,4.63,687.25
,,,东鹏控股(003012.SZ),4900,29694.00,6.06,-854.12
,,,塔牌集团(002233.SZ),4100,30791.00,7.51,299.01
,,,南玻A(000012.SZ),6200,29512.00,4.76,-67.90
,,,蓝天燃气(605368.SH),3600,36756.00,10.21,-84.56
2025-05-15,244115.77,50440.77,,,,,
,,,塔牌集团(002233.SZ),4100,31365.00,7.65,873.01
,,,东鹏控股(003012.SZ),4900,29547.00,6.03,-1001.12
,,,盘江股份(600395.SH),6900,32361.00,4.69,1101.25
,,,南玻A(000012.SZ),6200,29698.00,4.79,118.10
,,,蓝天燃气(605368.SH),3600,37224.00,10.34,383.44
,,,陕天然气(002267.SZ),3600,33480.00,9.3,2484.86
2025-05-14,244227.77,50440.77,,,,,
,,,盘江股份(600395.SH),6900,32292.00,4.68,1032.25
,,,蓝天燃气(605368.SH),3600,37260.00,10.35,419.44
,,,东鹏控股(003012.SZ),4900,29547.00,6.03,-1001.12
,,,塔牌集团(002233.SZ),4100,31324.00,7.64,832.01
,,,陕天然气(002267.SZ),3600,33480.00,9.3,2484.86
,,,南玻A(000012.SZ),6200,29884.00,4.82,304.10
2025-05-13,244472.77,50440.77,,,,,
,,,陕天然气(002267.SZ),3600,33408.00,9.28,2412.86
,,,盘江股份(600395.SH),6900,31878.00,4.62,618.25
,,,东鹏控股(003012.SZ),4900,30233.00,6.17,-315.12
,,,南玻A(000012.SZ),6200,29698.00,4.79,118.10
,,,塔牌集团(002233.SZ),4100,31447.00,7.67,955.01
,,,蓝天燃气(605368.SH),3600,37368.00,10.38,527.44
2025-05-12,244508.77,50440.77,,,,,
,,,蓝天燃气(605368.SH),3600,37404.00,10.39,563.44
,,,南玻A(000012.SZ),6200,29760.00,4.8,180.10
,,,塔牌集团(002233.SZ),4100,31488.00,7.68,996.01
,,,盘江股份(600395.SH),6900,31533.00,4.57,273.25
,,,陕天然气(002267.SZ),3600,33552.00,9.32,2556.86
,,,东鹏控股(003012.SZ),4900,30331.00,6.19,-217.12
2025-05-09,243350.77,50440.77,,,,,
,,,陕天然气(002267.SZ),3600,32256.00,8.96,1260.86
,,,蓝天燃气(605368.SH),3600,37548.00,10.43,707.44
,,,塔牌集团(002233.SZ),4100,31201.00,7.61,709.01
,,,盘江股份(600395.SH),6900,31533.00,4.57,273.25
,,,南玻A(000012.SZ),6200,29698.00,4.79,118.10
,,,东鹏控股(003012.SZ),4900,30674.00,6.26,125.88
2025-05-08,241802.77,50440.77,,,,,
,,,东鹏控股(003012.SZ),4900,30919.00,6.31,370.88
,,,盘江股份(600395.SH),6900,31464.00,4.56,204.25
,,,蓝天燃气(605368.SH),3600,37656.00,10.46,815.44
,,,南玻A(000012.SZ),6200,29946.00,4.83,366.10
,,,陕天然气(002267.SZ),3600,30996.00,8.61,0.86
,,,塔牌集团(002233.SZ),4100,30381.00,7.41,-110.99
2025-05-07,241670.77,50440.77,,,,,
,,,东鹏控股(003012.SZ),4900,31066.00,6.34,517.88
,,,盘江股份(600395.SH),6900,31602.00,4.58,342.25
,,,塔牌集团(002233.SZ),4100,30668.00,7.48,176.01
,,,陕天然气(002267.SZ),3600,30744.00,8.54,-251.14
,,,蓝天燃气(605368.SH),3600,37080.00,10.3,239.44
,,,南玻A(000012.SZ),6200,30070.00,4.85,490.10
2025-05-06,241475.77,50440.77,,,,,
,,,蓝天燃气(605368.SH),3600,37188.00,10.33,347.44
,,,东鹏控股(003012.SZ),4900,30527.00,6.23,-21.12
,,,盘江股份(600395.SH),6900,31464.00,4.56,204.25
,,,陕天然气(002267.SZ),3600,31572.00,8.77,576.86
,,,塔牌集团(002233.SZ),4100,30586.00,7.46,94.01
,,,南玻A(000012.SZ),6200,29698.00,4.79,118.10
2025-04-30,240305.27,55458.27,,,,,
,,,行动教育(605098.SH),700,26194.00,37.42,-2572.03
,,,养元饮品(603156.SH),1800,43704.00,24.28,2948.45
,,,铁流股份(603926.SH),2500,25725.00,10.29,-159.41
,,,天普股份(605255.SH),1600,27088.00,16.93,675.37
,,,恒盛能源(605580.SH),2800,30156.00,10.77,-1865.50
,,,长龄液压(605389.SH),1000,31980.00,31.98,1750.61
2025-04-29,238859.27,55458.27,,,,,
,,,恒盛能源(605580.SH),2800,30352.00,10.84,-1669.50
,,,长龄液压(605389.SH),1000,31570.00,31.57,1340.61
,,,天普股份(605255.SH),1600,24624.00,15.39,-1788.63
,,,养元饮品(603156.SH),1800,44946.00,24.97,4190.45
,,,铁流股份(603926.SH),2500,25400.00,10.16,-484.41
,,,行动教育(605098.SH),700,26509.00,37.87,-2257.03
2025-04-28,238170.27,55458.27,,,,,
,,,长龄液压(605389.SH),1000,31120.00,31.12,890.61
,,,养元饮品(603156.SH),1800,45558.00,25.31,4802.45
,,,行动教育(605098.SH),700,26740.00,38.2,-2026.03
,,,天普股份(605255.SH),1600,23952.00,14.97,-2460.63
,,,铁流股份(603926.SH),2500,24850.00,9.94,-1034.41
,,,恒盛能源(605580.SH),2800,30492.00,10.89,-1529.50
2025-04-25,236404.27,55458.27,,,,,
,,,长龄液压(605389.SH),1000,30560.00,30.56,330.61
,,,行动教育(605098.SH),700,27748.00,39.64,-1018.03
,,,恒盛能源(605580.SH),2800,30044.00,10.73,-1977.50
,,,天普股份(605255.SH),1600,24496.00,15.31,-1916.63
,,,铁流股份(603926.SH),2500,25150.00,10.06,-734.41
,,,养元饮品(603156.SH),1800,42948.00,23.86,2192.45
2025-04-24,236091.27,55458.27,,,,,
,,,铁流股份(603926.SH),2500,24725.00,9.89,-1159.41
,,,长龄液压(605389.SH),1000,30570.00,30.57,340.61
,,,行动教育(605098.SH),700,28070.00,40.1,-696.03
,,,恒盛能源(605580.SH),2800,29204.00,10.43,-2817.50
,,,天普股份(605255.SH),1600,24288.00,15.18,-2124.63
,,,养元饮品(603156.SH),1800,43776.00,24.32,3020.45
2025-04-23,236607.27,55458.27,,,,,
,,,恒盛能源(605580.SH),2800,28868.00,10.31,-3153.50
,,,行动教育(605098.SH),700,28154.00,40.22,-612.03
,,,长龄液压(605389.SH),1000,31600.00,31.6,1370.61
,,,铁流股份(603926.SH),2500,24875.00,9.95,-1009.41
,,,天普股份(605255.SH),1600,24560.00,15.35,-1852.63
,,,养元饮品(603156.SH),1800,43092.00,23.94,2336.45
2025-04-22,233974.27,55458.27,,,,,
,,,行动教育(605098.SH),700,28364.00,40.52,-402.03
,,,恒盛能源(605580.SH),2800,28756.00,10.27,-3265.50
,,,长龄液压(605389.SH),1000,30680.00,30.68,450.61
,,,养元饮品(603156.SH),1800,43002.00,23.89,2246.45
,,,铁流股份(603926.SH),2500,24050.00,9.62,-1834.41
,,,天普股份(605255.SH),1600,23664.00,14.79,-2748.63
2025-04-21,233871.27,55458.27,,,,,
,,,恒盛能源(605580.SH),2800,28980.00,10.35,-3041.50
,,,天普股份(605255.SH),1600,23808.00,14.88,-2604.63
,,,养元饮品(603156.SH),1800,42948.00,23.86,2192.45
,,,行动教育(605098.SH),700,28042.00,40.06,-724.03
,,,长龄液压(605389.SH),1000,30710.00,30.71,480.61
,,,铁流股份(603926.SH),2500,23925.00,9.57,-1959.41
2025-04-18,230860.27,55458.27,,,,,
,,,长龄液压(605389.SH),1000,29980.00,29.98,-249.39
,,,养元饮品(603156.SH),1800,42786.00,23.77,2030.45
,,,行动教育(605098.SH),700,27293.00,38.99,-1473.03
,,,铁流股份(603926.SH),2500,23275.00,9.31,-2609.41
,,,恒盛能源(605580.SH),2800,28756.00,10.27,-3265.50
,,,天普股份(605255.SH),1600,23312.00,14.57,-3100.63
2025-04-17,230231.27,55458.27,,,,,
,,,铁流股份(603926.SH),2500,23175.00,9.27,-2709.41
,,,养元饮品(603156.SH),1800,43362.00,24.09,2606.45
,,,恒盛能源(605580.SH),2800,28364.00,10.13,-3657.50
,,,行动教育(605098.SH),700,27426.00,39.18,-1340.03
,,,长龄液压(605389.SH),1000,29390.00,29.39,-839.39
,,,天普股份(605255.SH),1600,23056.00,14.41,-3356.63
2025-04-16,229466.27,55458.27,,,,,
,,,长龄液压(605389.SH),1000,29400.00,29.4,-829.39
,,,养元饮品(603156.SH),1800,43164.00,23.98,2408.45
,,,行动教育(605098.SH),700,27132.00,38.76,-1634.03
,,,天普股份(605255.SH),1600,22992.00,14.37,-3420.63
,,,铁流股份(603926.SH),2500,22900.00,9.16,-2984.41
,,,恒盛能源(605580.SH),2800,28420.00,10.15,-3601.50
2025-04-15,231224.27,55458.27,,,,,
,,,天普股份(605255.SH),1600,23808.00,14.88,-2604.63
,,,行动教育(605098.SH),700,27188.00,38.84,-1578.03
,,,长龄液压(605389.SH),1000,30020.00,30.02,-209.39
,,,铁流股份(603926.SH),2500,23450.00,9.38,-2434.41
,,,恒盛能源(605580.SH),2800,29036.00,10.37,-2985.50
,,,养元饮品(603156.SH),1800,42264.00,23.48,1508.45
2025-04-14,230896.27,55458.27,,,,,
,,,铁流股份(603926.SH),2500,23075.00,9.23,-2809.41
,,,行动教育(605098.SH),700,27405.00,39.15,-1361.03
,,,长龄液压(605389.SH),1000,30150.00,30.15,-79.39
,,,天普股份(605255.SH),1600,23792.00,14.87,-2620.63
,,,恒盛能源(605580.SH),2800,28644.00,10.23,-3377.50
,,,养元饮品(603156.SH),1800,42372.00,23.54,1616.45
2025-04-11,227926.27,55458.27,,,,,
,,,铁流股份(603926.SH),2500,22675.00,9.07,-3209.41
,,,长龄液压(605389.SH),1000,29120.00,29.12,-1109.39
,,,行动教育(605098.SH),700,27111.00,38.73,-1655.03
,,,养元饮品(603156.SH),1800,42390.00,23.55,1634.45
,,,恒盛能源(605580.SH),2800,27972.00,9.99,-4049.50
,,,天普股份(605255.SH),1600,23200.00,14.5,-3212.63
2025-04-10,227098.27,55458.27,,,,,
,,,铁流股份(603926.SH),2500,22325.00,8.93,-3559.41
,,,养元饮品(603156.SH),1800,43236.00,24.02,2480.45
,,,恒盛能源(605580.SH),2800,27776.00,9.92,-4245.50
,,,天普股份(605255.SH),1600,23040.00,14.4,-3372.63
,,,行动教育(605098.SH),700,26943.00,38.49,-1823.03
,,,长龄液压(605389.SH),1000,28320.00,28.32,-1909.39
2025-04-09,223816.27,55458.27,,,,,
,,,铁流股份(603926.SH),2500,21700.00,8.68,-4184.41
,,,养元饮品(603156.SH),1800,43560.00,24.2,2804.45
,,,天普股份(605255.SH),1600,22032.00,13.77,-4380.63
,,,长龄液压(605389.SH),1000,27320.00,27.32,-2909.39
,,,恒盛能源(605580.SH),2800,27188.00,9.71,-4833.50
,,,行动教育(605098.SH),700,26558.00,37.94,-2208.03
2025-04-08,221651.27,55458.27,,,,,
,,,恒盛能源(605580.SH),2800,27244.00,9.73,-4777.50
,,,天普股份(605255.SH),1600,21808.00,13.63,-4604.63
,,,铁流股份(603926.SH),2500,21450.00,8.58,-4434.41
,,,长龄液压(605389.SH),1000,27290.00,27.29,-2939.39
,,,养元饮品(603156.SH),1800,42858.00,23.81,2102.45
,,,行动教育(605098.SH),700,25543.00,36.49,-3223.03
2025-04-07,225612.27,55458.27,,,,,
,,,长龄液压(605389.SH),1000,28410.00,28.41,-1819.39
,,,行动教育(605098.SH),700,24913.00,35.59,-3853.03
,,,恒盛能源(605580.SH),2800,28336.00,10.12,-3685.50
,,,铁流股份(603926.SH),2500,22925.00,9.17,-2959.41
,,,天普股份(605255.SH),1600,24224.00,15.14,-2188.63
,,,养元饮品(603156.SH),1800,41346.00,22.97,590.45
2025-04-03,240789.27,55458.27,,,,,
,,,长龄液压(605389.SH),1000,31570.00,31.57,1340.61
,,,行动教育(605098.SH),700,27566.00,39.38,-1200.03
,,,铁流股份(603926.SH),2500,25475.00,10.19,-409.41
,,,天普股份(605255.SH),1600,26912.00,16.82,499.37
,,,恒盛能源(605580.SH),2800,31472.00,11.24,-549.50
,,,养元饮品(603156.SH),1800,42336.00,23.52,1580.45
2025-04-02,241933.27,55458.27,,,,,
,,,天普股份(605255.SH),1600,26896.00,16.81,483.37
,,,铁流股份(603926.SH),2500,26250.00,10.5,365.59
,,,行动教育(605098.SH),700,27741.00,39.63,-1025.03
,,,长龄液压(605389.SH),1000,31500.00,31.5,1270.61
,,,养元饮品(603156.SH),1800,41832.00,23.24,1076.45
,,,恒盛能源(605580.SH),2800,32256.00,11.52,234.50
2025-04-01,241036.27,55458.27,,,,,
,,,长龄液压(605389.SH),1000,30870.00,30.87,640.61
,,,恒盛能源(605580.SH),2800,32676.00,11.67,654.50
,,,养元饮品(603156.SH),1800,41400.00,23,644.45
,,,铁流股份(603926.SH),2500,25925.00,10.37,40.59
,,,天普股份(605255.SH),1600,27232.00,17.02,819.37
,,,行动教育(605098.SH),700,27475.00,39.25,-1291.03
2025-03-31,239665.69,54547.69,,,,,
,,,百合花(603823.SH),3000,30600.00,10.2,-431.23
,,,大元泵业(603757.SH),1400,32438.00,23.17,1777.62
,,,铁流股份(603926.SH),2500,25775.00,10.31,-109.41
,,,宁波高发(603788.SH),2300,37743.00,16.41,2564.25
,,,松霖科技(603992.SH),1300,29302.00,22.54,753.47
,,,银都股份(603277.SH),1100,29260.00,26.6,-2217.25
2025-03-28,240546.69,54547.69,,,,,
,,,宁波高发(603788.SH),2300,37766.00,16.42,2587.25
,,,大元泵业(603757.SH),1400,32634.00,23.31,1973.62
,,,松霖科技(603992.SH),1300,29549.00,22.73,1000.47
,,,百合花(603823.SH),3000,30780.00,10.26,-251.23
,,,银都股份(603277.SH),1100,29095.00,26.45,-2382.25
,,,铁流股份(603926.SH),2500,26175.00,10.47,290.59
2025-03-27,243022.69,54547.69,,,,,
,,,宁波高发(603788.SH),2300,37950.00,16.5,2771.25
,,,铁流股份(603926.SH),2500,26325.00,10.53,440.59
,,,百合花(603823.SH),3000,31740.00,10.58,708.77
,,,松霖科技(603992.SH),1300,29783.00,22.91,1234.47
,,,银都股份(603277.SH),1100,29315.00,26.65,-2162.25
,,,大元泵业(603757.SH),1400,33362.00,23.83,2701.62
2025-03-26,247521.69,54547.69,,,,,
,,,宁波高发(603788.SH),2300,40089.00,17.43,4910.25
,,,百合花(603823.SH),3000,31620.00,10.54,588.77
,,,银都股份(603277.SH),1100,29062.00,26.42,-2415.25
,,,大元泵业(603757.SH),1400,34342.00,24.53,3681.62
,,,铁流股份(603926.SH),2500,27350.00,10.94,1465.59
,,,松霖科技(603992.SH),1300,30511.00,23.47,1962.47
2025-03-25,246547.69,54547.69,,,,,
,,,大元泵业(603757.SH),1400,33684.00,24.06,3023.62
,,,百合花(603823.SH),3000,31440.00,10.48,408.77
,,,松霖科技(603992.SH),1300,30953.00,23.81,2404.47
,,,铁流股份(603926.SH),2500,26625.00,10.65,740.59
,,,银都股份(603277.SH),1100,29623.00,26.93,-1854.25
,,,宁波高发(603788.SH),2300,39675.00,17.25,4496.25
2025-03-24,247017.69,54547.69,,,,,
,,,宁波高发(603788.SH),2300,40365.00,17.55,5186.25
,,,松霖科技(603992.SH),1300,31460.00,24.2,2911.47
,,,铁流股份(603926.SH),2500,26875.00,10.75,990.59
,,,银都股份(603277.SH),1100,29128.00,26.48,-2349.25
,,,百合花(603823.SH),3000,30510.00,10.17,-521.23
,,,大元泵业(603757.SH),1400,34132.00,24.38,3471.62
2025-03-21,251967.69,54547.69,,,,,
,,,银都股份(603277.SH),1100,29535.00,26.85,-1942.25
,,,百合花(603823.SH),3000,30030.00,10.01,-1001.23
,,,铁流股份(603926.SH),2500,28400.00,11.36,2515.59
,,,宁波高发(603788.SH),2300,41837.00,18.19,6658.25
,,,松霖科技(603992.SH),1300,32058.00,24.66,3509.47
,,,大元泵业(603757.SH),1400,35560.00,25.4,4899.62
2025-03-20,258096.69,54547.69,,,,,
,,,银都股份(603277.SH),1100,29898.00,27.18,-1579.25
,,,百合花(603823.SH),3000,30630.00,10.21,-401.23
,,,大元泵业(603757.SH),1400,35308.00,25.22,4647.62
,,,松霖科技(603992.SH),1300,32162.00,24.74,3613.47
,,,铁流股份(603926.SH),2500,29275.00,11.71,3390.59
,,,宁波高发(603788.SH),2300,46276.00,20.12,11097.25
2025-03-19,260766.69,54547.69,,,,,
,,,百合花(603823.SH),3000,31170.00,10.39,138.77
,,,银都股份(603277.SH),1100,29854.00,27.14,-1623.25
,,,铁流股份(603926.SH),2500,28075.00,11.23,2190.59
,,,宁波高发(603788.SH),2300,47840.00,20.8,12661.25
,,,大元泵业(603757.SH),1400,36624.00,26.16,5963.62
,,,松霖科技(603992.SH),1300,32656.00,25.12,4107.47
2025-03-18,262096.69,54547.69,,,,,
,,,百合花(603823.SH),3000,31770.00,10.59,738.77
,,,宁波高发(603788.SH),2300,47725.00,20.75,12546.25
,,,松霖科技(603992.SH),1300,33098.00,25.46,4549.47
,,,银都股份(603277.SH),1100,31394.00,28.54,-83.25
,,,大元泵业(603757.SH),1400,35812.00,25.58,5151.62
,,,铁流股份(603926.SH),2500,27750.00,11.1,1865.59
2025-03-17,257449.69,54547.69,,,,,
,,,银都股份(603277.SH),1100,29986.00,27.26,-1491.25
,,,宁波高发(603788.SH),2300,49680.00,21.6,14501.25
,,,铁流股份(603926.SH),2500,27200.00,10.88,1315.59
,,,百合花(603823.SH),3000,30570.00,10.19,-461.23
,,,松霖科技(603992.SH),1300,32916.00,25.32,4367.47
,,,大元泵业(603757.SH),1400,32550.00,23.25,1889.62
2025-03-14,251628.69,54547.69,,,,,
,,,宁波高发(603788.SH),2300,45172.00,19.64,9993.25
,,,百合花(603823.SH),3000,30690.00,10.23,-341.23
,,,大元泵业(603757.SH),1400,32718.00,23.37,2057.62
,,,松霖科技(603992.SH),1300,32019.00,24.63,3470.47
,,,银都股份(603277.SH),1100,29832.00,27.12,-1645.25
,,,铁流股份(603926.SH),2500,26650.00,10.66,765.59
2025-03-13,247189.69,54547.69,,,,,
,,,银都股份(603277.SH),1100,30008.00,27.28,-1469.25
,,,铁流股份(603926.SH),2500,26700.00,10.68,815.59
,,,宁波高发(603788.SH),2300,41055.00,17.85,5876.25
,,,大元泵业(603757.SH),1400,32718.00,23.37,2057.62
,,,松霖科技(603992.SH),1300,31681.00,24.37,3132.47
,,,百合花(603823.SH),3000,30480.00,10.16,-551.23
2025-03-12,250341.69,54547.69,,,,,
,,,大元泵业(603757.SH),1400,32844.00,23.46,2183.62
,,,铁流股份(603926.SH),2500,27100.00,10.84,1215.59
,,,百合花(603823.SH),3000,30660.00,10.22,-371.23
,,,宁波高发(603788.SH),2300,42803.00,18.61,7624.25
,,,银都股份(603277.SH),1100,29887.00,27.17,-1590.25
,,,松霖科技(603992.SH),1300,32500.00,25,3951.47
2025-03-11,245290.69,54547.69,,,,,
,,,银都股份(603277.SH),1100,30448.00,27.68,-1029.25
,,,铁流股份(603926.SH),2500,26675.00,10.67,790.59
,,,百合花(603823.SH),3000,30810.00,10.27,-221.23
,,,宁波高发(603788.SH),2300,38916.00,16.92,3737.25
,,,大元泵业(603757.SH),1400,31836.00,22.74,1175.62
,,,松霖科技(603992.SH),1300,32058.00,24.66,3509.47
2025-03-10,245769.69,54547.69,,,,,
,,,宁波高发(603788.SH),2300,37766.00,16.42,2587.25
,,,银都股份(603277.SH),1100,30723.00,27.93,-754.25
,,,大元泵业(603757.SH),1400,32284.00,23.06,1623.62
,,,百合花(603823.SH),3000,30660.00,10.22,-371.23
,,,铁流股份(603926.SH),2500,26925.00,10.77,1040.59
,,,松霖科技(603992.SH),1300,32864.00,25.28,4315.47
2025-03-07,243903.69,54547.69,,,,,
,,,百合花(603823.SH),3000,30390.00,10.13,-641.23
,,,银都股份(603277.SH),1100,31141.00,28.31,-336.25
,,,大元泵业(603757.SH),1400,31962.00,22.83,1301.62
,,,宁波高发(603788.SH),2300,36547.00,15.89,1368.25
,,,松霖科技(603992.SH),1300,32591.00,25.07,4042.47
,,,铁流股份(603926.SH),2500,26725.00,10.69,840.59
2025-03-06,242173.69,54547.69,,,,,
,,,铁流股份(603926.SH),2500,26300.00,10.52,415.59
,,,宁波高发(603788.SH),2300,35834.00,15.58,655.25
,,,百合花(603823.SH),3000,31140.00,10.38,108.77
,,,银都股份(603277.SH),1100,31867.00,28.97,389.75
,,,大元泵业(603757.SH),1400,32130.00,22.95,1469.62
,,,松霖科技(603992.SH),1300,30355.00,23.35,1806.47
2025-03-05,239484.69,54547.69,,,,,
,,,百合花(603823.SH),3000,30990.00,10.33,-41.23
,,,宁波高发(603788.SH),2300,35604.00,15.48,425.25
,,,铁流股份(603926.SH),2500,26400.00,10.56,515.59
,,,大元泵业(603757.SH),1400,30786.00,21.99,125.62
,,,松霖科技(603992.SH),1300,28652.00,22.04,103.47
,,,银都股份(603277.SH),1100,32505.00,29.55,1027.75
2025-03-04,239696.69,54547.69,,,,,
,,,银都股份(603277.SH),1100,32846.00,29.86,1368.75
,,,百合花(603823.SH),3000,31890.00,10.63,858.77
,,,松霖科技(603992.SH),1300,28717.00,22.09,168.47
,,,宁波高发(603788.SH),2300,35236.00,15.32,57.25
,,,铁流股份(603926.SH),2500,25800.00,10.32,-84.41
,,,大元泵业(603757.SH),1400,30660.00,21.9,-0.38
2025-03-03,238846.69,54547.69,,,,,
,,,松霖科技(603992.SH),1300,28990.00,22.3,441.47
,,,百合花(603823.SH),3000,33450.00,11.15,2418.77
,,,大元泵业(603757.SH),1400,30296.00,21.64,-364.38
,,,宁波高发(603788.SH),2300,34500.00,15,-678.75
,,,银都股份(603277.SH),1100,31713.00,28.83,235.75
,,,铁流股份(603926.SH),2500,25350.00,10.14,-534.41
2025-02-28,235473.00,46968.00,,,,,
,,,健盛集团(603558.SH),2900,29609.00,10.21,-1899.32
,,,太平鸟(603877.SH),1800,26100.00,14.5,48.20
,,,无锡振华(605319.SH),1500,45765.00,30.51,14147.43
,,,同力天启(605286.SH),900,35820.00,39.8,7386.74
,,,聚合顺(605166.SH),2200,27632.00,12.56,1479.97
,,,建霖家居(603408.SH),1900,23579.00,12.41,-2206.19
2025-02-27,240184.00,46968.00,,,,,
,,,太平鸟(603877.SH),1800,26082.00,14.49,30.20
,,,无锡振华(605319.SH),1500,47880.00,31.92,16262.43
,,,同力天启(605286.SH),900,36882.00,40.98,8448.74
,,,聚合顺(605166.SH),2200,28600.00,13,2447.97
,,,健盛集团(603558.SH),2900,29870.00,10.3,-1638.32
,,,建霖家居(603408.SH),1900,23902.00,12.58,-1883.19
2025-02-26,238681.00,46968.00,,,,,
,,,健盛集团(603558.SH),2900,29522.00,10.18,-1986.32
,,,无锡振华(605319.SH),1500,47055.00,31.37,15437.43
,,,太平鸟(603877.SH),1800,25596.00,14.22,-455.80
,,,同力天启(605286.SH),900,35640.00,39.6,7206.74
,,,聚合顺(605166.SH),2200,30074.00,13.67,3921.97
,,,建霖家居(603408.SH),1900,23826.00,12.54,-1959.19
2025-02-25,233043.00,46968.00,,,,,
,,,无锡振华(605319.SH),1500,44850.00,29.9,13232.43
,,,建霖家居(603408.SH),1900,23560.00,12.4,-2225.19
,,,太平鸟(603877.SH),1800,25416.00,14.12,-635.80
,,,聚合顺(605166.SH),2200,29150.00,13.25,2997.97
,,,健盛集团(603558.SH),2900,29232.00,10.08,-2276.32
,,,同力天启(605286.SH),900,33867.00,37.63,5433.74
2025-02-24,234811.00,46968.00,,,,,
,,,太平鸟(603877.SH),1800,26136.00,14.52,84.20
,,,同力天启(605286.SH),900,34308.00,38.12,5874.74
,,,聚合顺(605166.SH),2200,27434.00,12.47,1281.97
,,,无锡振华(605319.SH),1500,45855.00,30.57,14237.43
,,,健盛集团(603558.SH),2900,30189.00,10.41,-1319.32
,,,建霖家居(603408.SH),1900,23921.00,12.59,-1864.19
2025-02-21,228312.00,46968.00,,,,,
,,,健盛集团(603558.SH),2900,29986.00,10.34,-1522.32
,,,无锡振华(605319.SH),1500,41685.00,27.79,10067.43
,,,聚合顺(605166.SH),2200,26796.00,12.18,643.97
,,,同力天启(605286.SH),900,33795.00,37.55,5361.74
,,,太平鸟(603877.SH),1800,25218.00,14.01,-833.80
,,,建霖家居(603408.SH),1900,23864.00,12.56,-1921.19
2025-02-20,226686.00,46968.00,,,,,
,,,同力天启(605286.SH),900,32400.00,36,3966.74
,,,无锡振华(605319.SH),1500,40050.00,26.7,8432.43
,,,健盛集团(603558.SH),2900,30334.00,10.46,-1174.32
,,,聚合顺(605166.SH),2200,27104.00,12.32,951.97
,,,太平鸟(603877.SH),1800,25776.00,14.32,-275.80
,,,建霖家居(603408.SH),1900,24054.00,12.66,-1731.19
2025-02-19,221586.00,46968.00,,,,,
,,,太平鸟(603877.SH),1800,25452.00,14.14,-599.80
,,,建霖家居(603408.SH),1900,23674.00,12.46,-2111.19
,,,同力天启(605286.SH),900,29457.00,32.73,1023.74
,,,聚合顺(605166.SH),2200,26202.00,11.91,49.97
,,,健盛集团(603558.SH),2900,30218.00,10.42,-1290.32
,,,无锡振华(605319.SH),1500,39615.00,26.41,7997.43
2025-02-18,218631.00,46968.00,,,,,
,,,健盛集团(603558.SH),2900,29928.00,10.32,-1580.32
,,,同力天启(605286.SH),900,28899.00,32.11,465.74
,,,聚合顺(605166.SH),2200,25344.00,11.52,-808.03
,,,建霖家居(603408.SH),1900,23598.00,12.42,-2187.19
,,,太平鸟(603877.SH),1800,25434.00,14.13,-617.80
,,,无锡振华(605319.SH),1500,38460.00,25.64,6842.43
2025-02-17,221201.00,46968.00,,,,,
,,,聚合顺(605166.SH),2200,25696.00,11.68,-456.03
,,,无锡振华(605319.SH),1500,39090.00,26.06,7472.43
,,,建霖家居(603408.SH),1900,24320.00,12.8,-1465.19
,,,健盛集团(603558.SH),2900,30218.00,10.42,-1290.32
,,,同力天启(605286.SH),900,28953.00,32.17,519.74
,,,太平鸟(603877.SH),1800,25956.00,14.42,-95.80
2025-02-14,221917.00,46968.00,,,,,
,,,聚合顺(605166.SH),2200,25498.00,11.59,-654.03
,,,太平鸟(603877.SH),1800,26154.00,14.53,102.20
,,,同力天启(605286.SH),900,29466.00,32.74,1032.74
,,,建霖家居(603408.SH),1900,24263.00,12.77,-1522.19
,,,健盛集团(603558.SH),2900,30508.00,10.52,-1000.32
,,,无锡振华(605319.SH),1500,39060.00,26.04,7442.43
2025-02-13,221650.00,46968.00,,,,,
,,,同力天启(605286.SH),900,29718.00,33.02,1284.74
,,,无锡振华(605319.SH),1500,38865.00,25.91,7247.43
,,,聚合顺(605166.SH),2200,24882.00,11.31,-1270.03
,,,建霖家居(603408.SH),1900,24339.00,12.81,-1446.19
,,,太平鸟(603877.SH),1800,26370.00,14.65,318.20
,,,健盛集团(603558.SH),2900,30508.00,10.52,-1000.32
2025-02-12,226125.00,46968.00,,,,,
,,,同力天启(605286.SH),900,30186.00,33.54,1752.74
,,,聚合顺(605166.SH),2200,25388.00,11.54,-764.03
,,,健盛集团(603558.SH),2900,31146.00,10.74,-362.32
,,,无锡振华(605319.SH),1500,40455.00,26.97,8837.43
,,,建霖家居(603408.SH),1900,25270.00,13.3,-515.19
,,,太平鸟(603877.SH),1800,26712.00,14.84,660.20
2025-02-11,225059.00,46968.00,,,,,
,,,太平鸟(603877.SH),1800,26820.00,14.9,768.20
,,,健盛集团(603558.SH),2900,31668.00,10.92,159.68
,,,聚合顺(605166.SH),2200,25256.00,11.48,-896.03
,,,无锡振华(605319.SH),1500,39885.00,26.59,8267.43
,,,同力天启(605286.SH),900,29097.00,32.33,663.74
,,,建霖家居(603408.SH),1900,25365.00,13.35,-420.19
2025-02-10,224353.00,46968.00,,,,,
,,,健盛集团(603558.SH),2900,31175.00,10.75,-333.32
,,,聚合顺(605166.SH),2200,25146.00,11.43,-1006.03
,,,同力天启(605286.SH),900,28530.00,31.7,96.74
,,,无锡振华(605319.SH),1500,40605.00,27.07,8987.43
,,,太平鸟(603877.SH),1800,26982.00,14.99,930.20
,,,建霖家居(603408.SH),1900,24947.00,13.13,-838.19
2025-02-07,223607.00,46968.00,,,,,
,,,聚合顺(605166.SH),2200,25520.00,11.6,-632.03
,,,太平鸟(603877.SH),1800,26244.00,14.58,192.20
,,,建霖家居(603408.SH),1900,25270.00,13.3,-515.19
,,,无锡振华(605319.SH),1500,40275.00,26.85,8657.43
,,,健盛集团(603558.SH),2900,31088.00,10.72,-420.32
,,,同力天启(605286.SH),900,28242.00,31.38,-191.26
2025-02-06,225082.00,46968.00,,,,,
,,,无锡振华(605319.SH),1500,41295.00,27.53,9677.43
,,,建霖家居(603408.SH),1900,25574.00,13.46,-211.19
,,,聚合顺(605166.SH),2200,25586.00,11.63,-566.03
,,,同力天启(605286.SH),900,28323.00,31.47,-110.26
,,,健盛集团(603558.SH),2900,31146.00,10.74,-362.32
,,,太平鸟(603877.SH),1800,26190.00,14.55,138.20
2025-02-05,221982.00,46968.00,,,,,
,,,同力天启(605286.SH),900,27981.00,31.09,-452.26
,,,太平鸟(603877.SH),1800,26352.00,14.64,300.20
,,,健盛集团(603558.SH),2900,31001.00,10.69,-507.32
,,,无锡振华(605319.SH),1500,38925.00,25.95,7307.43
,,,聚合顺(605166.SH),2200,25542.00,11.61,-610.03
,,,建霖家居(603408.SH),1900,25213.00,13.27,-572.19
2025-01-27,221984.74,44979.74,,,,,
,,,长龄液压(605389.SH),1000,25060.00,25.06,-679.08
,,,恒盛能源(605580.SH),2300,25254.00,10.98,-2663.08
,,,聚合顺(605166.SH),2200,26026.00,11.83,-126.03
,,,无锡振华(605319.SH),1500,36435.00,24.29,4817.43
,,,福然德(605050.SH),3000,29820.00,9.94,562.85
,,,健盛集团(603558.SH),3100,34410.00,11.1,728.69
2025-01-24,221829.74,44979.74,,,,,
,,,恒盛能源(605580.SH),2300,24932.00,10.84,-2985.08
,,,聚合顺(605166.SH),2200,25564.00,11.62,-588.03
,,,长龄液压(605389.SH),1000,25520.00,25.52,-219.08
,,,健盛集团(603558.SH),3100,34069.00,10.99,387.69
,,,无锡振华(605319.SH),1500,37095.00,24.73,5477.43
,,,福然德(605050.SH),3000,29670.00,9.89,412.85
2025-01-23,223331.74,44979.74,,,,,
,,,健盛集团(603558.SH),3100,34038.00,10.98,356.69
,,,聚合顺(605166.SH),2200,25410.00,11.55,-742.03
,,,无锡振华(605319.SH),1500,37395.00,24.93,5777.43
,,,福然德(605050.SH),3000,29670.00,9.89,412.85
,,,长龄液压(605389.SH),1000,26240.00,26.24,500.92
,,,恒盛能源(605580.SH),2300,25599.00,11.13,-2318.08
2025-01-22,223471.74,44979.74,,,,,
,,,聚合顺(605166.SH),2200,25454.00,11.57,-698.03
,,,无锡振华(605319.SH),1500,37215.00,24.81,5597.43
,,,福然德(605050.SH),3000,29610.00,9.87,352.85
,,,健盛集团(603558.SH),3100,34224.00,11.04,542.69
,,,恒盛能源(605580.SH),2300,26519.00,11.53,-1398.08
,,,长龄液压(605389.SH),1000,25470.00,25.47,-269.08
2025-01-21,221727.74,44979.74,,,,,
,,,聚合顺(605166.SH),2200,25256.00,11.48,-896.03
,,,无锡振华(605319.SH),1500,37995.00,25.33,6377.43
,,,恒盛能源(605580.SH),2300,26335.00,11.45,-1582.08
,,,福然德(605050.SH),3000,29850.00,9.95,592.85
,,,长龄液压(605389.SH),1000,23150.00,23.15,-2589.08
,,,健盛集团(603558.SH),3100,34162.00,11.02,480.69
2025-01-20,223824.74,44979.74,,,,,
,,,福然德(605050.SH),3000,30090.00,10.03,832.85
,,,聚合顺(605166.SH),2200,24728.00,11.24,-1424.03
,,,健盛集团(603558.SH),3100,35061.00,11.31,1379.69
,,,无锡振华(605319.SH),1500,38310.00,25.54,6692.43
,,,长龄液压(605389.SH),1000,23700.00,23.7,-2039.08
,,,恒盛能源(605580.SH),2300,26956.00,11.72,-961.08
2025-01-17,219027.74,44979.74,,,,,
,,,福然德(605050.SH),3000,29850.00,9.95,592.85
,,,长龄液压(605389.SH),1000,22430.00,22.43,-3309.08
,,,聚合顺(605166.SH),2200,24376.00,11.08,-1776.03
,,,健盛集团(603558.SH),3100,35154.00,11.34,1472.69
,,,无锡振华(605319.SH),1500,35880.00,23.92,4262.43
,,,恒盛能源(605580.SH),2300,26358.00,11.46,-1559.08
2025-01-16,218294.74,44979.74,,,,,
,,,聚合顺(605166.SH),2200,24112.00,10.96,-2040.03
,,,福然德(605050.SH),3000,29460.00,9.82,202.85
,,,健盛集团(603558.SH),3100,34782.00,11.22,1100.69
,,,长龄液压(605389.SH),1000,23200.00,23.2,-2539.08
,,,无锡振华(605319.SH),1500,35955.00,23.97,4337.43
,,,恒盛能源(605580.SH),2300,25806.00,11.22,-2111.08
2025-01-15,221445.74,44979.74,,,,,
,,,福然德(605050.SH),3000,28980.00,9.66,-277.15
,,,恒盛能源(605580.SH),2300,26565.00,11.55,-1352.08
,,,无锡振华(605319.SH),1500,35835.00,23.89,4217.43
,,,长龄液压(605389.SH),1000,25100.00,25.1,-639.08
,,,健盛集团(603558.SH),3100,35588.00,11.48,1906.69
,,,聚合顺(605166.SH),2200,24398.00,11.09,-1754.03
2025-01-14,226089.74,44979.74,,,,,
,,,长龄液压(605389.SH),1000,27890.00,27.89,2150.92
,,,福然德(605050.SH),3000,29250.00,9.75,-7.15
,,,无锡振华(605319.SH),1500,36390.00,24.26,4772.43
,,,健盛集团(603558.SH),3100,35464.00,11.44,1782.69
,,,聚合顺(605166.SH),2200,24332.00,11.06,-1820.03
,,,恒盛能源(605580.SH),2300,27784.00,12.08,-133.08
2025-01-13,218505.74,44979.74,,,,,
,,,恒盛能源(605580.SH),2300,26910.00,11.7,-1007.08
,,,无锡振华(605319.SH),1500,33345.00,22.23,1727.43
,,,聚合顺(605166.SH),2200,23166.00,10.53,-2986.03
,,,福然德(605050.SH),3000,27960.00,9.32,-1297.15
,,,长龄液压(605389.SH),1000,27890.00,27.89,2150.92
,,,健盛集团(603558.SH),3100,34255.00,11.05,573.69
2025-01-10,218674.74,44979.74,,,,,
,,,恒盛能源(605580.SH),2300,27784.00,12.08,-133.08
,,,福然德(605050.SH),3000,28110.00,9.37,-1147.15
,,,聚合顺(605166.SH),2200,23034.00,10.47,-3118.03
,,,长龄液压(605389.SH),1000,27890.00,27.89,2150.92
,,,健盛集团(603558.SH),3100,35092.00,11.32,1410.69
,,,无锡振华(605319.SH),1500,31785.00,21.19,167.43
2025-01-09,216063.74,44979.74,,,,,
,,,恒盛能源(605580.SH),2300,27255.00,11.85,-662.08
,,,健盛集团(603558.SH),3100,33790.00,10.9,108.69
,,,无锡振华(605319.SH),1500,31395.00,20.93,-222.57
,,,长龄液压(605389.SH),1000,25900.00,25.9,160.92
,,,福然德(605050.SH),3000,29160.00,9.72,-97.15
,,,聚合顺(605166.SH),2200,23584.00,10.72,-2568.03
2025-01-08,217484.74,44979.74,,,,,
,,,恒盛能源(605580.SH),2300,28313.00,12.31,395.92
,,,无锡振华(605319.SH),1500,31620.00,21.08,2.43
,,,聚合顺(605166.SH),2200,23804.00,10.82,-2348.03
,,,福然德(605050.SH),3000,29070.00,9.69,-187.15
,,,健盛集团(603558.SH),3100,34348.00,11.08,666.69
,,,长龄液压(605389.SH),1000,25350.00,25.35,-389.08
2025-01-07,216106.74,44979.74,,,,,
,,,长龄液压(605389.SH),1000,24900.00,24.9,-839.08
,,,恒盛能源(605580.SH),2300,28152.00,12.24,234.92
,,,福然德(605050.SH),3000,29550.00,9.85,292.85
,,,无锡振华(605319.SH),1500,31305.00,20.87,-312.57
,,,聚合顺(605166.SH),2200,24112.00,10.96,-2040.03
,,,健盛集团(603558.SH),3100,33108.00,10.68,-573.31
2025-01-06,214017.74,44979.74,,,,,
,,,聚合顺(605166.SH),2200,23320.00,10.6,-2832.03
,,,长龄液压(605389.SH),1000,24880.00,24.88,-859.08
,,,无锡振华(605319.SH),1500,30555.00,20.37,-1062.57
,,,福然德(605050.SH),3000,29430.00,9.81,172.85
,,,恒盛能源(605580.SH),2300,28520.00,12.4,602.92
,,,健盛集团(603558.SH),3100,32333.00,10.43,-1348.31
2025-01-03,212249.74,44979.74,,,,,
,,,福然德(605050.SH),3000,28950.00,9.65,-307.15
,,,健盛集团(603558.SH),3100,32519.00,10.49,-1162.31
,,,聚合顺(605166.SH),2200,23562.00,10.71,-2590.03
,,,恒盛能源(605580.SH),2300,27209.00,11.83,-708.08
,,,长龄液压(605389.SH),1000,24340.00,24.34,-1399.08
,,,无锡振华(605319.SH),1500,30690.00,20.46,-927.57
2025-01-02,214628.74,44979.74,,,,,
,,,健盛集团(603558.SH),3100,33542.00,10.82,-139.31
,,,恒盛能源(605580.SH),2300,25668.00,11.16,-2249.08
,,,福然德(605050.SH),3000,29190.00,9.73,-67.15
,,,长龄液压(605389.SH),1000,25240.00,25.24,-499.08
,,,聚合顺(605166.SH),2200,24794.00,11.27,-1358.03
,,,无锡振华(605319.SH),1500,31215.00,20.81,-402.57
2024-12-31,219081.52,53461.52,,,,,
,,,长龄液压(605389.SH),1000,26630.00,26.63,890.92
,,,好太太(603848.SH),2200,36212.00,16.46,-303.82
,,,味知香(605089.SH),900,22446.00,24.94,-556.80
,,,海峡环保(603817.SH),6500,36270.00,5.58,-992.37
,,,佳禾食品(605300.SH),1500,20160.00,13.44,-5699.36
,,,均瑶健康(605388.SH),3800,23902.00,6.29,-3597.12
2024-12-30,220345.52,53461.52,,,,,
,,,佳禾食品(605300.SH),1500,19785.00,13.19,-6074.36
,,,好太太(603848.SH),2200,36322.00,16.51,-193.82
,,,味知香(605089.SH),900,22851.00,25.39,-151.80
,,,均瑶健康(605388.SH),3800,24016.00,6.32,-3483.12
,,,海峡环保(603817.SH),6500,36790.00,5.66,-472.37
,,,长龄液压(605389.SH),1000,27120.00,27.12,1380.92
2024-12-27,223445.52,53461.52,,,,,
,,,长龄液压(605389.SH),1000,27750.00,27.75,2010.92
,,,味知香(605089.SH),900,23445.00,26.05,442.20
,,,佳禾食品(605300.SH),1500,20100.00,13.4,-5759.36
,,,均瑶健康(605388.SH),3800,24966.00,6.57,-2533.12
,,,海峡环保(603817.SH),6500,37115.00,5.71,-147.37
,,,好太太(603848.SH),2200,36608.00,16.64,92.18
2024-12-26,223030.52,53461.52,,,,,
,,,海峡环保(603817.SH),6500,36270.00,5.58,-992.37
,,,好太太(603848.SH),2200,36960.00,16.8,444.18
,,,味知香(605089.SH),900,23616.00,26.24,613.20
,,,佳禾食品(605300.SH),1500,20505.00,13.67,-5354.36
,,,长龄液压(605389.SH),1000,27670.00,27.67,1930.92
,,,均瑶健康(605388.SH),3800,24548.00,6.46,-2951.12
2024-12-25,221453.52,53461.52,,,,,
,,,海峡环保(603817.SH),6500,36270.00,5.58,-992.37
,,,味知香(605089.SH),900,23598.00,26.22,595.20
,,,佳禾食品(605300.SH),1500,20520.00,13.68,-5339.36
,,,均瑶健康(605388.SH),3800,24244.00,6.38,-3255.12
,,,长龄液压(605389.SH),1000,27170.00,27.17,1430.92
,,,好太太(603848.SH),2200,36190.00,16.45,-325.82
2024-12-24,224073.52,53461.52,,,,,
,,,均瑶健康(605388.SH),3800,24776.00,6.52,-2723.12
,,,佳禾食品(605300.SH),1500,20235.00,13.49,-5624.36
,,,海峡环保(603817.SH),6500,36725.00,5.65,-537.37
,,,长龄液压(605389.SH),1000,27890.00,27.89,2150.92
,,,味知香(605089.SH),900,24246.00,26.94,1243.20
,,,好太太(603848.SH),2200,36740.00,16.7,224.18
2024-12-23,221977.52,53461.52,,,,,
,,,海峡环保(603817.SH),6500,36595.00,5.63,-667.37
,,,均瑶健康(605388.SH),3800,24092.00,6.34,-3407.12
,,,味知香(605089.SH),900,24039.00,26.71,1036.20
,,,长龄液压(605389.SH),1000,26620.00,26.62,880.92
,,,佳禾食品(605300.SH),1500,19770.00,13.18,-6089.36
,,,好太太(603848.SH),2200,37400.00,17,884.18
2024-12-20,231325.52,53461.52,,,,,
,,,均瑶健康(605388.SH),3800,26030.00,6.85,-1469.12
,,,佳禾食品(605300.SH),1500,20550.00,13.7,-5309.36
,,,海峡环保(603817.SH),6500,38285.00,5.89,1022.63
,,,味知香(605089.SH),900,25821.00,28.69,2818.20
,,,好太太(603848.SH),2200,38698.00,17.59,2182.18
,,,长龄液压(605389.SH),1000,28480.00,28.48,2740.92
2024-12-19,227332.52,53461.52,,,,,
,,,均瑶健康(605388.SH),3800,25650.00,6.75,-1849.12
,,,好太太(603848.SH),2200,38874.00,17.67,2358.18
,,,长龄液压(605389.SH),1000,25890.00,25.89,150.92
,,,佳禾食品(605300.SH),1500,20025.00,13.35,-5834.36
,,,海峡环保(603817.SH),6500,38025.00,5.85,762.63
,,,味知香(605089.SH),900,25407.00,28.23,2404.20
2024-12-18,227450.52,53461.52,,,,,
,,,长龄液压(605389.SH),1000,25950.00,25.95,210.92
,,,味知香(605089.SH),900,25209.00,28.01,2206.20
,,,好太太(603848.SH),2200,38412.00,17.46,1896.18
,,,佳禾食品(605300.SH),1500,20130.00,13.42,-5729.36
,,,海峡环保(603817.SH),6500,38220.00,5.88,957.63
,,,均瑶健康(605388.SH),3800,26068.00,6.86,-1431.12
2024-12-17,227275.52,53461.52,,,,,
,,,佳禾食品(605300.SH),1500,20415.00,13.61,-5444.36
,,,均瑶健康(605388.SH),3800,26714.00,7.03,-785.12
,,,长龄液压(605389.SH),1000,26000.00,26,260.92
,,,海峡环保(603817.SH),6500,38350.00,5.9,1087.63
,,,好太太(603848.SH),2200,37576.00,17.08,1060.18
,,,味知香(605089.SH),900,24759.00,27.51,1756.20
2024-12-16,236285.52,53461.52,,,,,
,,,均瑶健康(605388.SH),3800,28728.00,7.56,1228.88
,,,海峡环保(603817.SH),6500,40755.00,6.27,3492.63
,,,好太太(603848.SH),2200,37774.00,17.17,1258.18
,,,长龄液压(605389.SH),1000,27330.00,27.33,1590.92
,,,味知香(605089.SH),900,26532.00,29.48,3529.20
,,,佳禾食品(605300.SH),1500,21705.00,14.47,-4154.36
2024-12-13,238930.52,53461.52,,,,,
,,,长龄液压(605389.SH),1000,27160.00,27.16,1420.92
,,,味知香(605089.SH),900,27702.00,30.78,4699.20
,,,海峡环保(603817.SH),6500,40105.00,6.17,2842.63
,,,佳禾食品(605300.SH),1500,22320.00,14.88,-3539.36
,,,好太太(603848.SH),2200,38390.00,17.45,1874.18
,,,均瑶健康(605388.SH),3800,29792.00,7.84,2292.88
2024-12-12,242923.52,53461.52,,,,,
,,,海峡环保(603817.SH),6500,40820.00,6.28,3557.63
,,,好太太(603848.SH),2200,39512.00,17.96,2996.18
,,,味知香(605089.SH),900,27765.00,30.85,4762.20
,,,佳禾食品(605300.SH),1500,23505.00,15.67,-2354.36
,,,均瑶健康(605388.SH),3800,31160.00,8.2,3660.88
,,,长龄液压(605389.SH),1000,26700.00,26.7,960.92
2024-12-11,236668.52,53461.52,,,,,
,,,味知香(605089.SH),900,27891.00,30.99,4888.20
,,,均瑶健康(605388.SH),3800,28310.00,7.45,810.88
,,,海峡环保(603817.SH),6500,40365.00,6.21,3102.63
,,,佳禾食品(605300.SH),1500,22905.00,15.27,-2954.36
,,,好太太(603848.SH),2200,37576.00,17.08,1060.18
,,,长龄液压(605389.SH),1000,26160.00,26.16,420.92
2024-12-10,231870.52,53461.52,,,,,
,,,好太太(603848.SH),2200,36960.00,16.8,444.18
,,,均瑶健康(605388.SH),3800,27170.00,7.15,-329.12
,,,长龄液压(605389.SH),1000,26420.00,26.42,680.92
,,,海峡环保(603817.SH),6500,39910.00,6.14,2647.63
,,,味知香(605089.SH),900,25659.00,28.51,2656.20
,,,佳禾食品(605300.SH),1500,22290.00,14.86,-3569.36
2024-12-09,230454.52,53461.52,,,,,
,,,好太太(603848.SH),2200,36806.00,16.73,290.18
,,,长龄液压(605389.SH),1000,25570.00,25.57,-169.08
,,,海峡环保(603817.SH),6500,40300.00,6.2,3037.63
,,,均瑶健康(605388.SH),3800,26752.00,7.04,-747.12
,,,佳禾食品(605300.SH),1500,22230.00,14.82,-3629.36
,,,味知香(605089.SH),900,25335.00,28.15,2332.20
2024-12-06,230057.52,53461.52,,,,,
,,,长龄液压(605389.SH),1000,25670.00,25.67,-69.08
,,,海峡环保(603817.SH),6500,40885.00,6.29,3622.63
,,,味知香(605089.SH),900,24633.00,27.37,1630.20
,,,佳禾食品(605300.SH),1500,21870.00,14.58,-3989.36
,,,均瑶健康(605388.SH),3800,26600.00,7,-899.12
,,,好太太(603848.SH),2200,36938.00,16.79,422.18
2024-12-05,231053.52,53461.52,,,,,
,,,长龄液压(605389.SH),1000,26170.00,26.17,430.92
,,,佳禾食品(605300.SH),1500,22005.00,14.67,-3854.36
,,,好太太(603848.SH),2200,36872.00,16.76,356.18
,,,均瑶健康(605388.SH),3800,26752.00,7.04,-747.12
,,,海峡环保(603817.SH),6500,39585.00,6.09,2322.63
,,,味知香(605089.SH),900,26208.00,29.12,3205.20
2024-12-04,229849.52,53461.52,,,,,
,,,长龄液压(605389.SH),1000,25670.00,25.67,-69.08
,,,好太太(603848.SH),2200,36190.00,16.45,-325.82
,,,佳禾食品(605300.SH),1500,21750.00,14.5,-4109.36
,,,海峡环保(603817.SH),6500,39650.00,6.1,2387.63
,,,味知香(605089.SH),900,25920.00,28.8,2917.20
,,,均瑶健康(605388.SH),3800,27208.00,7.16,-291.12
2024-12-03,230529.52,53461.52,,,,,
,,,味知香(605089.SH),900,23562.00,26.18,559.20
,,,好太太(603848.SH),2200,36036.00,16.38,-479.82
,,,均瑶健康(605388.SH),3800,29070.00,7.65,1570.88
,,,海峡环保(603817.SH),6500,39780.00,6.12,2517.63
,,,佳禾食品(605300.SH),1500,22620.00,15.08,-3239.36
,,,长龄液压(605389.SH),1000,26000.00,26,260.92
2024-12-02,234437.52,53461.52,,,,,
,,,海峡环保(603817.SH),6500,39065.00,6.01,1802.63
,,,味知香(605089.SH),900,24750.00,27.5,1747.20
,,,佳禾食品(605300.SH),1500,25125.00,16.75,-734.36
,,,长龄液压(605389.SH),1000,26180.00,26.18,440.92
,,,好太太(603848.SH),2200,37356.00,16.98,840.18
,,,均瑶健康(605388.SH),3800,28500.00,7.5,1000.88
2024-11-29,231754.24,43845.24,,,,,
,,,海峡环保(603817.SH),5300,31535.00,5.95,1467.99
,,,晋亿实业(601002.SH),5900,26196.00,4.44,-1302.12
,,,有友食品(603697.SH),3000,34260.00,11.42,7288.09
,,,天洋新材(603330.SH),3800,27588.00,7.26,2716.91
,,,汇嘉时代(603101.SH),4900,38612.00,7.88,9684.60
,,,ST文峰(601010.SH),12700,29718.00,2.34,1586.43
2024-11-28,230415.24,43845.24,,,,,
,,,汇嘉时代(603101.SH),4900,37583.00,7.67,8655.60
,,,有友食品(603697.SH),3000,32820.00,10.94,5848.09
,,,ST文峰(601010.SH),12700,29845.00,2.35,1713.43
,,,海峡环保(603817.SH),5300,31588.00,5.96,1520.99
,,,天洋新材(603330.SH),3800,28538.00,7.51,3666.91
,,,晋亿实业(601002.SH),5900,26196.00,4.44,-1302.12
2024-11-27,227341.24,43845.24,,,,,
,,,海峡环保(603817.SH),5300,31058.00,5.86,990.99
,,,有友食品(603697.SH),3000,32460.00,10.82,5488.09
,,,天洋新材(603330.SH),3800,27322.00,7.19,2450.91
,,,汇嘉时代(603101.SH),4900,37436.00,7.64,8508.60
,,,ST文峰(601010.SH),12700,29083.00,2.29,951.43
,,,晋亿实业(601002.SH),5900,26137.00,4.43,-1361.12
2024-11-26,226790.24,43845.24,,,,,
,,,海峡环保(603817.SH),5300,31323.00,5.91,1255.99
,,,有友食品(603697.SH),3000,31770.00,10.59,4798.09
,,,晋亿实业(601002.SH),5900,26019.00,4.41,-1479.12
,,,ST文峰(601010.SH),12700,28829.00,2.27,697.43
,,,天洋新材(603330.SH),3800,26980.00,7.1,2108.91
,,,汇嘉时代(603101.SH),4900,38024.00,7.76,9096.60
2024-11-25,225070.24,43845.24,,,,,
,,,海峡环保(603817.SH),5300,30846.00,5.82,778.99
,,,汇嘉时代(603101.SH),4900,37240.00,7.6,8312.60
,,,有友食品(603697.SH),3000,30840.00,10.28,3868.09
,,,天洋新材(603330.SH),3800,27664.00,7.28,2792.91
,,,ST文峰(601010.SH),12700,28321.00,2.23,189.43
,,,晋亿实业(601002.SH),5900,26314.00,4.46,-1184.12
2024-11-22,222167.24,43845.24,,,,,
,,,天洋新材(603330.SH),3800,26790.00,7.05,1918.91
,,,ST文峰(601010.SH),12700,28067.00,2.21,-64.57
,,,汇嘉时代(603101.SH),4900,38073.00,7.77,9145.60
,,,海峡环保(603817.SH),5300,30422.00,5.74,354.99
,,,有友食品(603697.SH),3000,29010.00,9.67,2038.09
,,,晋亿实业(601002.SH),5900,25960.00,4.4,-1538.12
2024-11-21,226724.24,43845.24,,,,,
,,,海峡环保(603817.SH),5300,31005.00,5.85,937.99
,,,有友食品(603697.SH),3000,31050.00,10.35,4078.09
,,,天洋新材(603330.SH),3800,27360.00,7.2,2488.91
,,,ST文峰(601010.SH),12700,28448.00,2.24,316.43
,,,晋亿实业(601002.SH),5900,26845.00,4.55,-653.12
,,,汇嘉时代(603101.SH),4900,38171.00,7.79,9243.60
2024-11-20,225635.24,43845.24,,,,,
,,,天洋新材(603330.SH),3800,25726.00,6.77,854.91
,,,晋亿实业(601002.SH),5900,26432.00,4.48,-1066.12
,,,有友食品(603697.SH),3000,31860.00,10.62,4888.09
,,,海峡环保(603817.SH),5300,30899.00,5.83,831.99
,,,ST文峰(601010.SH),12700,28702.00,2.26,570.43
,,,汇嘉时代(603101.SH),4900,38171.00,7.79,9243.60
2024-11-19,223264.24,43845.24,,,,,
,,,天洋新材(603330.SH),3800,25650.00,6.75,778.91
,,,海峡环保(603817.SH),5300,30634.00,5.78,566.99
,,,晋亿实业(601002.SH),5900,26255.00,4.45,-1243.12
,,,ST文峰(601010.SH),12700,28194.00,2.22,62.43
,,,汇嘉时代(603101.SH),4900,36946.00,7.54,8018.60
,,,有友食品(603697.SH),3000,31740.00,10.58,4768.09
2024-11-18,219914.24,43845.24,,,,,
,,,汇嘉时代(603101.SH),4900,36015.00,7.35,7087.60
,,,天洋新材(603330.SH),3800,24510.00,6.45,-361.09
,,,有友食品(603697.SH),3000,31050.00,10.35,4078.09
,,,晋亿实业(601002.SH),5900,26196.00,4.44,-1302.12
,,,ST文峰(601010.SH),12700,28194.00,2.22,62.43
,,,海峡环保(603817.SH),5300,30104.00,5.68,36.99
2024-11-15,220084.24,43845.24,,,,,
,,,有友食品(603697.SH),3000,32100.00,10.7,5128.09
,,,晋亿实业(601002.SH),5900,25724.00,4.36,-1774.12
,,,天洋新材(603330.SH),3800,25536.00,6.72,664.91
,,,海峡环保(603817.SH),5300,29786.00,5.62,-281.01
,,,ST文峰(601010.SH),12700,27813.00,2.19,-318.57
,,,汇嘉时代(603101.SH),4900,35280.00,7.2,6352.60
2024-11-14,220812.24,43845.24,,,,,
,,,ST文峰(601010.SH),12700,27940.00,2.2,-191.57
,,,晋亿实业(601002.SH),5900,26609.00,4.51,-889.12
,,,汇嘉时代(603101.SH),4900,37436.00,7.64,8508.60
,,,有友食品(603697.SH),3000,29190.00,9.73,2218.09
,,,海峡环保(603817.SH),5300,30104.00,5.68,36.99
,,,天洋新材(603330.SH),3800,25688.00,6.76,816.91
2024-11-13,221433.24,43845.24,,,,,
,,,海峡环保(603817.SH),5300,30687.00,5.79,619.99
,,,ST文峰(601010.SH),12700,29083.00,2.29,951.43
,,,有友食品(603697.SH),3000,29010.00,9.67,2038.09
,,,晋亿实业(601002.SH),5900,27612.00,4.68,113.88
,,,天洋新材(603330.SH),3800,25916.00,6.82,1044.91
,,,汇嘉时代(603101.SH),4900,35280.00,7.2,6352.60
2024-11-12,221270.24,43845.24,,,,,
,,,海峡环保(603817.SH),5300,30793.00,5.81,725.99
,,,天洋新材(603330.SH),3800,25878.00,6.81,1006.91
,,,汇嘉时代(603101.SH),4900,34594.00,7.06,5666.60
,,,ST文峰(601010.SH),12700,29083.00,2.29,951.43
,,,有友食品(603697.SH),3000,29760.00,9.92,2788.09
,,,晋亿实业(601002.SH),5900,27317.00,4.63,-181.12
2024-11-11,217807.24,43845.24,,,,,
,,,ST文峰(601010.SH),12700,29464.00,2.32,1332.43
,,,晋亿实业(601002.SH),5900,27140.00,4.6,-358.12
,,,天洋新材(603330.SH),3800,26942.00,7.09,2070.91
,,,海峡环保(603817.SH),5300,31058.00,5.86,990.99
,,,汇嘉时代(603101.SH),4900,31458.00,6.42,2530.60
,,,有友食品(603697.SH),3000,27900.00,9.3,928.09
2024-11-08,214726.24,43845.24,,,,,
,,,天洋新材(603330.SH),3800,26068.00,6.86,1196.91
,,,有友食品(603697.SH),3000,28620.00,9.54,1648.09
,,,ST文峰(601010.SH),12700,29845.00,2.35,1713.43
,,,晋亿实业(601002.SH),5900,26727.00,4.53,-771.12
,,,海峡环保(603817.SH),5300,31005.00,5.85,937.99
,,,汇嘉时代(603101.SH),4900,28616.00,5.84,-311.40
2024-11-07,216802.24,43845.24,,,,,
,,,汇嘉时代(603101.SH),4900,28861.00,5.89,-66.40
,,,海峡环保(603817.SH),5300,30952.00,5.84,884.99
,,,有友食品(603697.SH),3000,29790.00,9.93,2818.09
,,,ST文峰(601010.SH),12700,30353.00,2.39,2221.43
,,,天洋新材(603330.SH),3800,25802.00,6.79,930.91
,,,晋亿实业(601002.SH),5900,27199.00,4.61,-299.12
2024-11-06,211785.24,43845.24,,,,,
,,,晋亿实业(601002.SH),5900,27022.00,4.58,-476.12
,,,有友食品(603697.SH),3000,27420.00,9.14,448.09
,,,汇嘉时代(603101.SH),4900,28665.00,5.85,-262.40
,,,天洋新材(603330.SH),3800,26144.00,6.88,1272.91
,,,ST文峰(601010.SH),12700,28956.00,2.28,824.43
,,,海峡环保(603817.SH),5300,29733.00,5.61,-334.01
2024-11-05,212035.24,43845.24,,,,,
,,,海峡环保(603817.SH),5300,29839.00,5.63,-228.01
,,,晋亿实业(601002.SH),5900,27966.00,4.74,467.88
,,,汇嘉时代(603101.SH),4900,28763.00,5.87,-164.40
,,,天洋新材(603330.SH),3800,25650.00,6.75,778.91
,,,ST文峰(601010.SH),12700,28702.00,2.26,570.43
,,,有友食品(603697.SH),3000,27270.00,9.09,298.09
2024-11-04,208718.24,43845.24,,,,,
,,,天洋新材(603330.SH),3800,23332.00,6.14,-1539.09
,,,汇嘉时代(603101.SH),4900,28371.00,5.79,-556.40
,,,ST文峰(601010.SH),12700,27559.00,2.17,-572.57
,,,有友食品(603697.SH),3000,27900.00,9.3,928.09
,,,海峡环保(603817.SH),5300,29627.00,5.59,-440.01
,,,晋亿实业(601002.SH),5900,28084.00,4.76,585.88
2024-11-01,205211.24,43845.24,,,,,
,,,有友食品(603697.SH),3000,25890.00,8.63,-1081.91
,,,汇嘉时代(603101.SH),4900,28812.00,5.88,-115.40
,,,海峡环保(603817.SH),5300,29415.00,5.55,-652.01
,,,天洋新材(603330.SH),3800,24016.00,6.32,-855.09
,,,ST文峰(601010.SH),12700,27686.00,2.18,-445.57
,,,晋亿实业(601002.SH),5900,25547.00,4.33,-1951.12
2024-10-31,210749.23,86717.23,,,,,
,,,龙高股份(605086.SH),1300,40781.00,31.37,10903.42
,,,重庆银行(601963.SH),3500,29645.00,8.47,-559.33
,,,爱婴室(603214.SH),1400,25606.00,18.29,1919.63
,,,雪峰科技(603227.SH),3200,28000.00,8.75,-513.45
2024-10-30,209319.23,86717.23,,,,,
,,,雪峰科技(603227.SH),3200,27840.00,8.7,-673.45
,,,龙高股份(605086.SH),1300,39910.00,30.7,10032.42
,,,重庆银行(601963.SH),3500,29750.00,8.5,-454.33
,,,爱婴室(603214.SH),1400,25102.00,17.93,1415.63
2024-10-29,208894.23,86717.23,,,,,
,,,龙高股份(605086.SH),1300,37843.00,29.11,7965.42
,,,雪峰科技(603227.SH),3200,27424.00,8.57,-1089.45
,,,爱婴室(603214.SH),1400,26950.00,19.25,3263.63
,,,重庆银行(601963.SH),3500,29960.00,8.56,-244.33
2024-10-28,205696.23,86717.23,,,,,
,,,雪峰科技(603227.SH),3200,27360.00,8.55,-1153.45
,,,重庆银行(601963.SH),3500,29820.00,8.52,-384.33
,,,爱婴室(603214.SH),1400,26348.00,18.82,2661.63
,,,龙高股份(605086.SH),1300,35451.00,27.27,5573.42
2024-10-25,202935.23,86717.23,,,,,
,,,龙高股份(605086.SH),1300,36257.00,27.89,6379.42
,,,重庆银行(601963.SH),3500,29575.00,8.45,-629.33
,,,雪峰科技(603227.SH),3200,26432.00,8.26,-2081.45
,,,爱婴室(603214.SH),1400,23954.00,17.11,267.63
2024-10-24,202565.23,86717.23,,,,,
,,,龙高股份(605086.SH),1300,36218.00,27.86,6340.42
,,,重庆银行(601963.SH),3500,30240.00,8.64,35.67
,,,雪峰科技(603227.SH),3200,26304.00,8.22,-2209.45
,,,爱婴室(603214.SH),1400,23086.00,16.49,-600.37
2024-10-23,202946.23,86717.23,,,,,
,,,雪峰科技(603227.SH),3200,26752.00,8.36,-1761.45
,,,重庆银行(601963.SH),3500,30485.00,8.71,280.67
,,,龙高股份(605086.SH),1300,36634.00,28.18,6756.42
,,,爱婴室(603214.SH),1400,22358.00,15.97,-1328.37
2024-10-22,200268.23,86717.23,,,,,
,,,爱婴室(603214.SH),1400,21868.00,15.62,-1818.37
,,,龙高股份(605086.SH),1300,34606.00,26.62,4728.42
,,,雪峰科技(603227.SH),3200,26592.00,8.31,-1921.45
,,,重庆银行(601963.SH),3500,30485.00,8.71,280.67
2024-10-21,198258.23,86717.23,,,,,
,,,雪峰科技(603227.SH),3200,26464.00,8.27,-2049.45
,,,龙高股份(605086.SH),1300,34957.00,26.89,5079.42
,,,爱婴室(603214.SH),1400,19880.00,14.2,-3806.37
,,,重庆银行(601963.SH),3500,30240.00,8.64,35.67
2024-10-18,199392.23,86717.23,,,,,
,,,龙高股份(605086.SH),1300,35763.00,27.51,5885.42
,,,雪峰科技(603227.SH),3200,26400.00,8.25,-2113.45
,,,重庆银行(601963.SH),3500,30730.00,8.78,525.67
,,,爱婴室(603214.SH),1400,19782.00,14.13,-3904.37
2024-10-17,195491.23,86717.23,,,,,
,,,重庆银行(601963.SH),3500,30660.00,8.76,455.67
,,,雪峰科技(603227.SH),3200,25856.00,8.08,-2657.45
,,,爱婴室(603214.SH),1400,18900.00,13.5,-4786.37
,,,龙高股份(605086.SH),1300,33358.00,25.66,3480.42
2024-10-16,194186.23,86717.23,,,,,
,,,爱婴室(603214.SH),1400,18788.00,13.42,-4898.37
,,,雪峰科技(603227.SH),3200,26432.00,8.26,-2081.45
,,,重庆银行(601963.SH),3500,31920.00,9.12,1715.67
,,,龙高股份(605086.SH),1300,30329.00,23.33,451.42
2024-10-15,190351.23,86717.23,,,,,
,,,重庆银行(601963.SH),3500,29470.00,8.42,-734.33
,,,雪峰科技(603227.SH),3200,25536.00,7.98,-2977.45
,,,龙高股份(605086.SH),1300,29952.00,23.04,74.42
,,,爱婴室(603214.SH),1400,18676.00,13.34,-5010.37
2024-10-14,190852.23,86717.23,,,,,
,,,龙高股份(605086.SH),1300,29003.00,22.31,-874.58
,,,雪峰科技(603227.SH),3200,26496.00,8.28,-2017.45
,,,爱婴室(603214.SH),1400,19516.00,13.94,-4170.37
,,,重庆银行(601963.SH),3500,29120.00,8.32,-1084.33
2024-10-11,187864.23,86717.23,,,,,
,,,爱婴室(603214.SH),1400,20636.00,14.74,-3050.37
,,,重庆银行(601963.SH),3500,27195.00,7.77,-3009.33
,,,雪峰科技(603227.SH),3200,24768.00,7.74,-3745.45
,,,龙高股份(605086.SH),1300,28548.00,21.96,-1329.58
2024-10-10,184858.23,86717.23,,,,,
,,,重庆银行(601963.SH),3500,27405.00,7.83,-2799.33
,,,雪峰科技(603227.SH),3200,25440.00,7.95,-3073.45
,,,爱婴室(603214.SH),1400,19348.00,13.82,-4338.37
,,,龙高股份(605086.SH),1300,25948.00,19.96,-3929.58
2024-10-09,185256.23,86717.23,,,,,
,,,雪峰科技(603227.SH),3200,25280.00,7.9,-3233.45
,,,龙高股份(605086.SH),1300,25155.00,19.35,-4722.58
,,,爱婴室(603214.SH),1400,21364.00,15.26,-2322.37
,,,重庆银行(601963.SH),3500,26740.00,7.64,-3464.33
2024-10-08,195229.23,86717.23,,,,,
,,,雪峰科技(603227.SH),3200,27712.00,8.66,-801.45
,,,重庆银行(601963.SH),3500,29120.00,8.32,-1084.33
,,,龙高股份(605086.SH),1300,27950.00,21.5,-1927.58
,,,爱婴室(603214.SH),1400,23730.00,16.95,43.63
2024-09-30,185545.84,34294.84,,,,,
,,,塔牌集团(002233.SZ),3000,24330.00,8.11,2409.69
,,,吉林敖东(000623.SZ),1500,25995.00,17.33,5698.41
,,,南京高科(600064.SH),4000,28960.00,7.24,5987.27
,,,苏垦农发(601952.SH),2100,22386.00,10.66,2116.47
,,,林洋能源(601222.SH),3500,26600.00,7.6,2499.68
,,,淮河能源(600575.SH),6000,22980.00,3.83,1811.41
2024-09-27,174752.84,34294.84,,,,,
,,,吉林敖东(000623.SZ),1500,23625.00,15.75,3328.41
,,,淮河能源(600575.SH),6000,21360.00,3.56,191.41
,,,塔牌集团(002233.SZ),3000,22800.00,7.6,879.69
,,,林洋能源(601222.SH),3500,24850.00,7.1,749.68
,,,苏垦农发(601952.SH),2100,21063.00,10.03,793.47
,,,南京高科(600064.SH),4000,26760.00,6.69,3787.27
2024-09-26,170986.84,34294.84,,,,,
,,,塔牌集团(002233.SZ),3000,22560.00,7.52,639.69
,,,林洋能源(601222.SH),3500,24080.00,6.88,-20.32
,,,南京高科(600064.SH),4000,26320.00,6.58,3347.27
,,,苏垦农发(601952.SH),2100,20517.00,9.77,247.47
,,,淮河能源(600575.SH),6000,21060.00,3.51,-108.59
,,,吉林敖东(000623.SZ),1500,22155.00,14.77,1858.41
2024-09-25,166364.84,34294.84,,,,,
,,,林洋能源(601222.SH),3500,23975.00,6.85,-125.32
,,,淮河能源(600575.SH),6000,20640.00,3.44,-528.59
,,,南京高科(600064.SH),4000,24800.00,6.2,1827.27
,,,苏垦农发(601952.SH),2100,19740.00,9.4,-529.53
,,,塔牌集团(002233.SZ),3000,21720.00,7.24,-200.31
,,,吉林敖东(000623.SZ),1500,21195.00,14.13,898.41
2024-09-24,164614.84,34294.84,,,,,
,,,淮河能源(600575.SH),6000,20520.00,3.42,-648.59
,,,塔牌集团(002233.SZ),3000,21060.00,7.02,-860.31
,,,吉林敖东(000623.SZ),1500,20520.00,13.68,223.41
,,,南京高科(600064.SH),4000,24120.00,6.03,1147.27
,,,苏垦农发(601952.SH),2100,20055.00,9.55,-214.53
,,,林洋能源(601222.SH),3500,24045.00,6.87,-55.32
2024-09-23,160160.84,34294.84,,,,,
,,,塔牌集团(002233.SZ),3000,20070.00,6.69,-1850.31
,,,林洋能源(601222.SH),3500,24010.00,6.86,-90.32
,,,苏垦农发(601952.SH),2100,19446.00,9.26,-823.53
,,,淮河能源(600575.SH),6000,19920.00,3.32,-1248.59
,,,南京高科(600064.SH),4000,23040.00,5.76,67.27
,,,吉林敖东(000623.SZ),1500,19380.00,12.92,-916.59
2024-09-20,160167.84,34294.84,,,,,
,,,淮河能源(600575.SH),6000,19500.00,3.25,-1668.59
,,,塔牌集团(002233.SZ),3000,19650.00,6.55,-2270.31
,,,林洋能源(601222.SH),3500,24570.00,7.02,469.68
,,,苏垦农发(601952.SH),2100,19908.00,9.48,-361.53
,,,吉林敖东(000623.SZ),1500,19365.00,12.91,-931.59
,,,南京高科(600064.SH),4000,22880.00,5.72,-92.73
2024-09-19,160732.84,34294.84,,,,,
,,,苏垦农发(601952.SH),2100,20223.00,9.63,-46.53
,,,南京高科(600064.SH),4000,22800.00,5.7,-172.73
,,,淮河能源(600575.SH),6000,19500.00,3.25,-1668.59
,,,塔牌集团(002233.SZ),3000,19770.00,6.59,-2150.31
,,,林洋能源(601222.SH),3500,24675.00,7.05,574.68
,,,吉林敖东(000623.SZ),1500,19470.00,12.98,-826.59
2024-09-18,159258.84,34294.84,,,,,
,,,淮河能源(600575.SH),6000,19500.00,3.25,-1668.59
,,,苏垦农发(601952.SH),2100,19509.00,9.29,-760.53
,,,林洋能源(601222.SH),3500,24710.00,7.06,609.68
,,,吉林敖东(000623.SZ),1500,19095.00,12.73,-1201.59
,,,南京高科(600064.SH),4000,22320.00,5.58,-652.73
,,,塔牌集团(002233.SZ),3000,19830.00,6.61,-2090.31
2024-09-13,159905.84,34294.84,,,,,
,,,塔牌集团(002233.SZ),3000,20310.00,6.77,-1610.31
,,,苏垦农发(601952.SH),2100,19971.00,9.51,-298.53
,,,南京高科(600064.SH),4000,22080.00,5.52,-892.73
,,,吉林敖东(000623.SZ),1500,19110.00,12.74,-1186.59
,,,淮河能源(600575.SH),6000,19500.00,3.25,-1668.59
,,,林洋能源(601222.SH),3500,24640.00,7.04,539.68
2024-09-12,159199.84,34294.84,,,,,
,,,林洋能源(601222.SH),3500,24710.00,7.06,609.68
,,,苏垦农发(601952.SH),2100,19845.00,9.45,-424.53
,,,南京高科(600064.SH),4000,22000.00,5.5,-972.73
,,,吉林敖东(000623.SZ),1500,19260.00,12.84,-1036.59
,,,淮河能源(600575.SH),6000,19140.00,3.19,-2028.59
,,,塔牌集团(002233.SZ),3000,19950.00,6.65,-1970.31
2024-09-11,158780.84,34294.84,,,,,
,,,吉林敖东(000623.SZ),1500,19305.00,12.87,-991.59
,,,林洋能源(601222.SH),3500,24465.00,6.99,364.68
,,,淮河能源(600575.SH),6000,19140.00,3.19,-2028.59
,,,苏垦农发(601952.SH),2100,20076.00,9.56,-193.53
,,,塔牌集团(002233.SZ),3000,19620.00,6.54,-2300.31
,,,南京高科(600064.SH),4000,21880.00,5.47,-1092.73
2024-09-10,160191.84,34294.84,,,,,
,,,林洋能源(601222.SH),3500,24430.00,6.98,329.68
,,,吉林敖东(000623.SZ),1500,19290.00,12.86,-1006.59
,,,苏垦农发(601952.SH),2100,20307.00,9.67,37.47
,,,南京高科(600064.SH),4000,22240.00,5.56,-732.73
,,,淮河能源(600575.SH),6000,19800.00,3.3,-1368.59
,,,塔牌集团(002233.SZ),3000,19830.00,6.61,-2090.31
2024-09-09,161135.84,34294.84,,,,,
,,,林洋能源(601222.SH),3500,24325.00,6.95,224.68
,,,南京高科(600064.SH),4000,22560.00,5.64,-412.73
,,,吉林敖东(000623.SZ),1500,19440.00,12.96,-856.59
,,,塔牌集团(002233.SZ),3000,19890.00,6.63,-2030.31
,,,苏垦农发(601952.SH),2100,20706.00,9.86,436.47
,,,淮河能源(600575.SH),6000,19920.00,3.32,-1248.59
2024-09-06,162438.84,34294.84,,,,,
,,,塔牌集团(002233.SZ),3000,20070.00,6.69,-1850.31
,,,吉林敖东(000623.SZ),1500,19545.00,13.03,-751.59
,,,淮河能源(600575.SH),6000,20280.00,3.38,-888.59
,,,苏垦农发(601952.SH),2100,20769.00,9.89,499.47
,,,南京高科(600064.SH),4000,22840.00,5.71,-132.73
,,,林洋能源(601222.SH),3500,24640.00,7.04,539.68
2024-09-05,163508.84,34294.84,,,,,
,,,苏垦农发(601952.SH),2100,20874.00,9.94,604.47
,,,淮河能源(600575.SH),6000,20460.00,3.41,-708.59
,,,林洋能源(601222.SH),3500,24920.00,7.12,819.68
,,,塔牌集团(002233.SZ),3000,20280.00,6.76,-1640.31
,,,南京高科(600064.SH),4000,23000.00,5.75,27.27
,,,吉林敖东(000623.SZ),1500,19680.00,13.12,-616.59
2024-09-04,162908.84,34294.84,,,,,
,,,苏垦农发(601952.SH),2100,20874.00,9.94,604.47
,,,塔牌集团(002233.SZ),3000,19980.00,6.66,-1940.31
,,,吉林敖东(000623.SZ),1500,19425.00,12.95,-871.59
,,,南京高科(600064.SH),4000,22680.00,5.67,-292.73
,,,淮河能源(600575.SH),6000,20700.00,3.45,-468.59
,,,林洋能源(601222.SH),3500,24955.00,7.13,854.68
2024-09-03,164024.84,34294.84,,,,,
,,,淮河能源(600575.SH),6000,20880.00,3.48,-288.59
,,,塔牌集团(002233.SZ),3000,20400.00,6.8,-1520.31
,,,吉林敖东(000623.SZ),1500,19365.00,12.91,-931.59
,,,林洋能源(601222.SH),3500,25165.00,7.19,1064.68
,,,南京高科(600064.SH),4000,22920.00,5.73,-52.73
,,,苏垦农发(601952.SH),2100,21000.00,10,730.47
2024-09-02,162843.84,34294.84,,,,,
,,,吉林敖东(000623.SZ),1500,19245.00,12.83,-1051.59
,,,南京高科(600064.SH),4000,22880.00,5.72,-92.73
,,,苏垦农发(601952.SH),2100,20559.00,9.79,289.47
,,,林洋能源(601222.SH),3500,24465.00,6.99,364.68
,,,塔牌集团(002233.SZ),3000,20520.00,6.84,-1400.31
,,,淮河能源(600575.SH),6000,20880.00,3.48,-288.59
2024-08-30,163430.53,34384.53,,,,,
,,,三峰环境(601827.SH),2500,20425.00,8.17,-873.89
,,,吉林敖东(000623.SZ),1500,19050.00,12.7,-1246.59
,,,中山公用(000685.SZ),3400,24344.00,7.16,-1385.06
,,,秦港股份(601326.SH),7400,24864.00,3.36,-428.05
,,,塔牌集团(002233.SZ),3000,20970.00,6.99,-950.31
,,,中储股份(600787.SH),4300,19393.00,4.51,-1940.97
2024-08-29,163473.53,34384.53,,,,,
,,,秦港股份(601326.SH),7400,24568.00,3.32,-724.05
,,,中储股份(600787.SH),4300,19307.00,4.49,-2026.97
,,,三峰环境(601827.SH),2500,20800.00,8.32,-498.89
,,,塔牌集团(002233.SZ),3000,20820.00,6.94,-1100.31
,,,中山公用(000685.SZ),3400,24514.00,7.21,-1215.06
,,,吉林敖东(000623.SZ),1500,19080.00,12.72,-1216.59
2024-08-28,164050.53,34384.53,,,,,
,,,三峰环境(601827.SH),2500,20975.00,8.39,-323.89
,,,秦港股份(601326.SH),7400,24938.00,3.37,-354.05
,,,吉林敖东(000623.SZ),1500,19035.00,12.69,-1261.59
,,,塔牌集团(002233.SZ),3000,20820.00,6.94,-1100.31
,,,中山公用(000685.SZ),3400,24548.00,7.22,-1181.06
,,,中储股份(600787.SH),4300,19350.00,4.5,-1983.97
2024-08-27,165361.53,34384.53,,,,,
,,,吉林敖东(000623.SZ),1500,19110.00,12.74,-1186.59
,,,三峰环境(601827.SH),2500,21675.00,8.67,376.11
,,,塔牌集团(002233.SZ),3000,20940.00,6.98,-980.31
,,,秦港股份(601326.SH),7400,25234.00,3.41,-58.05
,,,中储股份(600787.SH),4300,19436.00,4.52,-1897.97
,,,中山公用(000685.SZ),3400,24582.00,7.23,-1147.06
2024-08-26,165165.53,34384.53,,,,,
,,,中储股份(600787.SH),4300,19393.00,4.51,-1940.97
,,,塔牌集团(002233.SZ),3000,20850.00,6.95,-1070.31
,,,秦港股份(601326.SH),7400,25234.00,3.41,-58.05
,,,中山公用(000685.SZ),3400,24684.00,7.26,-1045.06
,,,三峰环境(601827.SH),2500,21375.00,8.55,76.11
,,,吉林敖东(000623.SZ),1500,19245.00,12.83,-1051.59
2024-08-23,165106.53,34384.53,,,,,
,,,秦港股份(601326.SH),7400,25382.00,3.43,89.95
,,,中储股份(600787.SH),4300,19092.00,4.44,-2241.97
,,,塔牌集团(002233.SZ),3000,20520.00,6.84,-1400.31
,,,三峰环境(601827.SH),2500,21875.00,8.75,576.11
,,,中山公用(000685.SZ),3400,24548.00,7.22,-1181.06
,,,吉林敖东(000623.SZ),1500,19305.00,12.87,-991.59
2024-08-22,166288.53,34384.53,,,,,
,,,中山公用(000685.SZ),3400,24548.00,7.22,-1181.06
,,,三峰环境(601827.SH),2500,22175.00,8.87,876.11
,,,中储股份(600787.SH),4300,20081.00,4.67,-1252.97
,,,吉林敖东(000623.SZ),1500,19320.00,12.88,-976.59
,,,塔牌集团(002233.SZ),3000,20250.00,6.75,-1670.31
,,,秦港股份(601326.SH),7400,25530.00,3.45,237.95
2024-08-21,166643.53,34384.53,,,,,
,,,中山公用(000685.SZ),3400,24514.00,7.21,-1215.06
,,,三峰环境(601827.SH),2500,22075.00,8.83,776.11
,,,塔牌集团(002233.SZ),3000,20430.00,6.81,-1490.31
,,,吉林敖东(000623.SZ),1500,19500.00,13,-796.59
,,,秦港股份(601326.SH),7400,25530.00,3.45,237.95
,,,中储股份(600787.SH),4300,20210.00,4.7,-1123.97
2024-08-20,168232.53,34384.53,,,,,
,,,秦港股份(601326.SH),7400,25974.00,3.51,681.95
,,,塔牌集团(002233.SZ),3000,20730.00,6.91,-1190.31
,,,吉林敖东(000623.SZ),1500,19665.00,13.11,-631.59
,,,中储股份(600787.SH),4300,20382.00,4.74,-951.97
,,,中山公用(000685.SZ),3400,24922.00,7.33,-807.06
,,,三峰环境(601827.SH),2500,22175.00,8.87,876.11
2024-08-19,170248.53,34384.53,,,,,
,,,塔牌集团(002233.SZ),3000,21300.00,7.1,-620.31
,,,中储股份(600787.SH),4300,20812.00,4.84,-521.97
,,,秦港股份(601326.SH),7400,26196.00,3.54,903.95
,,,吉林敖东(000623.SZ),1500,20055.00,13.37,-241.59
,,,三峰环境(601827.SH),2500,22375.00,8.95,1076.11
,,,中山公用(000685.SZ),3400,25126.00,7.39,-603.06
2024-08-16,169089.53,34384.53,,,,,
,,,塔牌集团(002233.SZ),3000,21300.00,7.1,-620.31
,,,中山公用(000685.SZ),3400,24922.00,7.33,-807.06
,,,中储股份(600787.SH),4300,20554.00,4.78,-779.97
,,,秦港股份(601326.SH),7400,25604.00,3.46,311.95
,,,三峰环境(601827.SH),2500,22300.00,8.92,1001.11
,,,吉林敖东(000623.SZ),1500,20025.00,13.35,-271.59
2024-08-15,170504.53,34384.53,,,,,
,,,秦港股份(601326.SH),7400,25826.00,3.49,533.95
,,,塔牌集团(002233.SZ),3000,21480.00,7.16,-440.31
,,,中储股份(600787.SH),4300,20726.00,4.82,-607.97
,,,吉林敖东(000623.SZ),1500,20160.00,13.44,-136.59
,,,三峰环境(601827.SH),2500,22700.00,9.08,1401.11
,,,中山公用(000685.SZ),3400,25228.00,7.42,-501.06
2024-08-14,169465.53,34384.53,,,,,
,,,秦港股份(601326.SH),7400,25308.00,3.42,15.95
,,,中山公用(000685.SZ),3400,25126.00,7.39,-603.06
,,,中储股份(600787.SH),4300,20597.00,4.79,-736.97
,,,三峰环境(601827.SH),2500,22350.00,8.94,1051.11
,,,塔牌集团(002233.SZ),3000,21690.00,7.23,-230.31
,,,吉林敖东(000623.SZ),1500,20010.00,13.34,-286.59
2024-08-13,170535.53,34384.53,,,,,
,,,吉林敖东(000623.SZ),1500,20265.00,13.51,-31.59
,,,中山公用(000685.SZ),3400,25262.00,7.43,-467.06
,,,中储股份(600787.SH),4300,20898.00,4.86,-435.97
,,,三峰环境(601827.SH),2500,22400.00,8.96,1101.11
,,,秦港股份(601326.SH),7400,25456.00,3.44,163.95
,,,塔牌集团(002233.SZ),3000,21870.00,7.29,-50.31
2024-08-12,169860.53,34384.53,,,,,
,,,塔牌集团(002233.SZ),3000,21720.00,7.24,-200.31
,,,中储股份(600787.SH),4300,20769.00,4.83,-564.97
,,,吉林敖东(000623.SZ),1500,20280.00,13.52,-16.59
,,,秦港股份(601326.SH),7400,25456.00,3.44,163.95
,,,中山公用(000685.SZ),3400,25126.00,7.39,-603.06
,,,三峰环境(601827.SH),2500,22125.00,8.85,826.11
2024-08-09,169948.53,34384.53,,,,,
,,,秦港股份(601326.SH),7400,25530.00,3.45,237.95
,,,三峰环境(601827.SH),2500,21950.00,8.78,651.11
,,,中山公用(000685.SZ),3400,25092.00,7.38,-637.06
,,,塔牌集团(002233.SZ),3000,22020.00,7.34,99.69
,,,中储股份(600787.SH),4300,20812.00,4.84,-521.97
,,,吉林敖东(000623.SZ),1500,20160.00,13.44,-136.59
2024-08-08,170815.53,34384.53,,,,,
,,,秦港股份(601326.SH),7400,25530.00,3.45,237.95
,,,吉林敖东(000623.SZ),1500,20355.00,13.57,58.41
,,,塔牌集团(002233.SZ),3000,22470.00,7.49,549.69
,,,三峰环境(601827.SH),2500,21950.00,8.78,651.11
,,,中储股份(600787.SH),4300,20898.00,4.86,-435.97
,,,中山公用(000685.SZ),3400,25228.00,7.42,-501.06
2024-08-07,169855.53,34384.53,,,,,
,,,中山公用(000685.SZ),3400,24956.00,7.34,-773.06
,,,三峰环境(601827.SH),2500,21725.00,8.69,426.11
,,,秦港股份(601326.SH),7400,25382.00,3.43,89.95
,,,中储股份(600787.SH),4300,20898.00,4.86,-435.97
,,,吉林敖东(000623.SZ),1500,20130.00,13.42,-166.59
,,,塔牌集团(002233.SZ),3000,22380.00,7.46,459.69
2024-08-06,170083.53,34384.53,,,,,
,,,吉林敖东(000623.SZ),1500,20310.00,13.54,13.41
,,,中山公用(000685.SZ),3400,25024.00,7.36,-705.06
,,,三峰环境(601827.SH),2500,21500.00,8.6,201.11
,,,秦港股份(601326.SH),7400,25604.00,3.46,311.95
,,,中储股份(600787.SH),4300,20941.00,4.87,-392.97
,,,塔牌集团(002233.SZ),3000,22320.00,7.44,399.69
2024-08-05,169020.53,34384.53,,,,,
,,,塔牌集团(002233.SZ),3000,21360.00,7.12,-560.31
,,,中储股份(600787.SH),4300,20984.00,4.88,-349.97
,,,吉林敖东(000623.SZ),1500,20160.00,13.44,-136.59
,,,中山公用(000685.SZ),3400,24922.00,7.33,-807.06
,,,三峰环境(601827.SH),2500,22050.00,8.82,751.11
,,,秦港股份(601326.SH),7400,25160.00,3.4,-132.05
2024-08-02,170809.53,34384.53,,,,,
,,,中储股份(600787.SH),4300,21156.00,4.92,-177.97
,,,秦港股份(601326.SH),7400,25530.00,3.45,237.95
,,,中山公用(000685.SZ),3400,25194.00,7.41,-535.06
,,,三峰环境(601827.SH),2500,22800.00,9.12,1501.11
,,,吉林敖东(000623.SZ),1500,20265.00,13.51,-31.59
,,,塔牌集团(002233.SZ),3000,21480.00,7.16,-440.31
2024-08-01,171349.53,34384.53,,,,,
,,,塔牌集团(002233.SZ),3000,21330.00,7.11,-590.31
,,,吉林敖东(000623.SZ),1500,20250.00,13.5,-46.59
,,,三峰环境(601827.SH),2500,22950.00,9.18,1651.11
,,,秦港股份(601326.SH),7400,25752.00,3.48,459.95
,,,中山公用(000685.SZ),3400,25398.00,7.47,-331.06
,,,中储股份(600787.SH),4300,21285.00,4.95,-48.97
2024-07-31,171164.12,39702.12,,,,,
,,,粤高速A(000429.SZ),2100,22764.00,10.84,2001.41
,,,塔牌集团(002233.SZ),3000,21240.00,7.08,-680.31
,,,三峰环境(601827.SH),2500,22625.00,9.05,1326.11
,,,天津港(600717.SH),4700,21996.00,4.68,1880.83
,,,裕同科技(002831.SZ),900,20997.00,23.33,-2267.40
,,,重庆银行(601963.SH),3000,21840.00,7.28,331.82
2024-07-30,170352.12,39702.12,,,,,
,,,裕同科技(002831.SZ),900,20322.00,22.58,-2942.40
,,,三峰环境(601827.SH),2500,22775.00,9.11,1476.11
,,,粤高速A(000429.SZ),2100,22827.00,10.87,2064.41
,,,重庆银行(601963.SH),3000,21720.00,7.24,211.82
,,,天津港(600717.SH),4700,21526.00,4.58,1410.83
,,,塔牌集团(002233.SZ),3000,21480.00,7.16,-440.31
2024-07-29,169592.12,39702.12,,,,,
,,,三峰环境(601827.SH),2500,22775.00,9.11,1476.11
,,,粤高速A(000429.SZ),2100,22239.00,10.59,1476.41
,,,裕同科技(002831.SZ),900,20205.00,22.45,-3059.40
,,,天津港(600717.SH),4700,21291.00,4.53,1175.83
,,,塔牌集团(002233.SZ),3000,21450.00,7.15,-470.31
,,,重庆银行(601963.SH),3000,21930.00,7.31,421.82
2024-07-26,169630.12,39702.12,,,,,
,,,塔牌集团(002233.SZ),3000,21660.00,7.22,-260.31
,,,三峰环境(601827.SH),2500,22700.00,9.08,1401.11
,,,粤高速A(000429.SZ),2100,21756.00,10.36,993.41
,,,裕同科技(002831.SZ),900,20916.00,23.24,-2348.40
,,,天津港(600717.SH),4700,21056.00,4.48,940.83
,,,重庆银行(601963.SH),3000,21840.00,7.28,331.82
2024-07-25,169843.12,39702.12,,,,,
,,,天津港(600717.SH),4700,20962.00,4.46,846.83
,,,塔牌集团(002233.SZ),3000,21690.00,7.23,-230.31
,,,重庆银行(601963.SH),3000,22050.00,7.35,541.82
,,,裕同科技(002831.SZ),900,20682.00,22.98,-2582.40
,,,三峰环境(601827.SH),2500,22875.00,9.15,1576.11
,,,粤高速A(000429.SZ),2100,21882.00,10.42,1119.41
2024-07-24,168674.12,39702.12,,,,,
,,,裕同科技(002831.SZ),900,20745.00,23.05,-2519.40
,,,天津港(600717.SH),4700,20915.00,4.45,799.83
,,,三峰环境(601827.SH),2500,22350.00,8.94,1051.11
,,,重庆银行(601963.SH),3000,22320.00,7.44,811.82
,,,塔牌集团(002233.SZ),3000,21180.00,7.06,-740.31
,,,粤高速A(000429.SZ),2100,21462.00,10.22,699.41
2024-07-23,167316.12,39702.12,,,,,
,,,天津港(600717.SH),4700,20774.00,4.42,658.83
,,,塔牌集团(002233.SZ),3000,21150.00,7.05,-770.31
,,,裕同科技(002831.SZ),900,20880.00,23.2,-2384.40
,,,重庆银行(601963.SH),3000,21900.00,7.3,391.82
,,,粤高速A(000429.SZ),2100,21210.00,10.1,447.41
,,,三峰环境(601827.SH),2500,21700.00,8.68,401.11
2024-07-22,168045.12,39702.12,,,,,
,,,三峰环境(601827.SH),2500,21850.00,8.74,551.11
,,,重庆银行(601963.SH),3000,21630.00,7.21,121.82
,,,裕同科技(002831.SZ),900,21483.00,23.87,-1781.40
,,,粤高速A(000429.SZ),2100,21336.00,10.16,573.41
,,,天津港(600717.SH),4700,20774.00,4.42,658.83
,,,塔牌集团(002233.SZ),3000,21270.00,7.09,-650.31
2024-07-19,169037.12,39702.12,,,,,
,,,塔牌集团(002233.SZ),3000,21450.00,7.15,-470.31
,,,天津港(600717.SH),4700,20868.00,4.44,752.83
,,,重庆银行(601963.SH),3000,22170.00,7.39,661.82
,,,三峰环境(601827.SH),2500,21575.00,8.63,276.11
,,,粤高速A(000429.SZ),2100,21609.00,10.29,846.41
,,,裕同科技(002831.SZ),900,21663.00,24.07,-1601.40
2024-07-18,171331.12,38478.12,,,,,
,,,裕同科技(002831.SZ),900,22113.00,24.57,-1151.40
,,,塔牌集团(002233.SZ),3000,21960.00,7.32,39.69
,,,重庆银行(601963.SH),3000,24150.00,8.05,1417.82
,,,三峰环境(601827.SH),2500,21875.00,8.75,576.11
,,,粤高速A(000429.SZ),2100,21840.00,10.4,1077.41
,,,天津港(600717.SH),4700,20915.00,4.45,799.83
2024-07-17,170660.12,38478.12,,,,,
,,,三峰环境(601827.SH),2500,21750.00,8.7,451.11
,,,塔牌集团(002233.SZ),3000,22260.00,7.42,339.69
,,,重庆银行(601963.SH),3000,23790.00,7.93,1057.82
,,,粤高速A(000429.SZ),2100,21504.00,10.24,741.41
,,,天津港(600717.SH),4700,20774.00,4.42,658.83
,,,裕同科技(002831.SZ),900,22104.00,24.56,-1160.40
2024-07-16,170442.12,38478.12,,,,,
,,,天津港(600717.SH),4700,20821.00,4.43,705.83
,,,粤高速A(000429.SZ),2100,21798.00,10.38,1035.41
,,,重庆银行(601963.SH),3000,23490.00,7.83,757.82
,,,裕同科技(002831.SZ),900,21690.00,24.1,-1574.40
,,,三峰环境(601827.SH),2500,22025.00,8.81,726.11
,,,塔牌集团(002233.SZ),3000,22140.00,7.38,219.69
2024-07-15,171592.12,38478.12,,,,,
,,,重庆银行(601963.SH),3000,23460.00,7.82,727.82
,,,三峰环境(601827.SH),2500,22475.00,8.99,1176.11
,,,粤高速A(000429.SZ),2100,21924.00,10.44,1161.41
,,,裕同科技(002831.SZ),900,21699.00,24.11,-1565.40
,,,天津港(600717.SH),4700,21056.00,4.48,940.83
,,,塔牌集团(002233.SZ),3000,22500.00,7.5,579.69
2024-07-12,171445.42,37329.42,,,,,
,,,粤高速A(000429.SZ),2100,23142.00,11.02,1230.71
,,,重庆银行(601963.SH),3000,23370.00,7.79,637.82
,,,裕同科技(002831.SZ),900,22185.00,24.65,-1079.40
,,,塔牌集团(002233.SZ),3000,22260.00,7.42,339.69
,,,三峰环境(601827.SH),2500,22150.00,8.86,851.11
,,,天津港(600717.SH),4700,21009.00,4.47,893.83
2024-07-11,170467.42,37329.42,,,,,
,,,重庆银行(601963.SH),3000,22800.00,7.6,67.82
,,,塔牌集团(002233.SZ),3000,22050.00,7.35,129.69
,,,裕同科技(002831.SZ),900,22167.00,24.63,-1097.40
,,,三峰环境(601827.SH),2500,22175.00,8.87,876.11
,,,天津港(600717.SH),4700,21056.00,4.48,940.83
,,,粤高速A(000429.SZ),2100,22890.00,10.9,978.71
2024-07-10,170217.42,37329.42,,,,,
,,,天津港(600717.SH),4700,20774.00,4.42,658.83
,,,三峰环境(601827.SH),2500,21925.00,8.77,626.11
,,,重庆银行(601963.SH),3000,22980.00,7.66,247.82
,,,裕同科技(002831.SZ),900,22176.00,24.64,-1088.40
,,,塔牌集团(002233.SZ),3000,21660.00,7.22,-260.31
,,,粤高速A(000429.SZ),2100,23373.00,11.13,1461.71
2024-07-09,171285.42,37329.42,,,,,
,,,天津港(600717.SH),4700,20821.00,4.43,705.83
,,,塔牌集团(002233.SZ),3000,21750.00,7.25,-170.31
,,,重庆银行(601963.SH),3000,23190.00,7.73,457.82
,,,裕同科技(002831.SZ),900,22185.00,24.65,-1079.40
,,,三峰环境(601827.SH),2500,22175.00,8.87,876.11
,,,粤高速A(000429.SZ),2100,23835.00,11.35,1923.71
2024-07-08,170028.42,37329.42,,,,,
,,,三峰环境(601827.SH),2500,22225.00,8.89,926.11
,,,天津港(600717.SH),4700,20492.00,4.36,376.83
,,,重庆银行(601963.SH),3000,22890.00,7.63,157.82
,,,粤高速A(000429.SZ),2100,23310.00,11.1,1398.71
,,,裕同科技(002831.SZ),900,21762.00,24.18,-1502.40
,,,塔牌集团(002233.SZ),3000,22020.00,7.34,99.69
2024-07-05,170804.42,37329.42,,,,,
,,,粤高速A(000429.SZ),2100,23457.00,11.17,1545.71
,,,塔牌集团(002233.SZ),3000,21990.00,7.33,69.69
,,,三峰环境(601827.SH),2500,22125.00,8.85,826.11
,,,天津港(600717.SH),4700,20492.00,4.36,376.83
,,,重庆银行(601963.SH),3000,23100.00,7.7,367.82
,,,裕同科技(002831.SZ),900,22311.00,24.79,-953.40
2024-07-04,170362.42,37329.42,,,,,
,,,粤高速A(000429.SZ),2100,23163.00,11.03,1251.71
,,,裕同科技(002831.SZ),900,21978.00,24.42,-1286.40
,,,三峰环境(601827.SH),2500,21800.00,8.72,501.11
,,,天津港(600717.SH),4700,20492.00,4.36,376.83
,,,塔牌集团(002233.SZ),3000,22080.00,7.36,159.69
,,,重庆银行(601963.SH),3000,23520.00,7.84,787.82
2024-07-03,170898.42,37329.42,,,,,
,,,三峰环境(601827.SH),2500,21850.00,8.74,551.11
,,,塔牌集团(002233.SZ),3000,22200.00,7.4,279.69
,,,天津港(600717.SH),4700,20633.00,4.39,517.83
,,,粤高速A(000429.SZ),2100,22785.00,10.85,873.71
,,,重庆银行(601963.SH),3000,23880.00,7.96,1147.82
,,,裕同科技(002831.SZ),900,22221.00,24.69,-1043.40
2024-07-02,170297.42,37329.42,,,,,
,,,裕同科技(002831.SZ),900,22311.00,24.79,-953.40
,,,粤高速A(000429.SZ),2100,22323.00,10.63,411.71
,,,重庆银行(601963.SH),3000,24090.00,8.03,1357.82
,,,三峰环境(601827.SH),2500,21775.00,8.71,476.11
,,,塔牌集团(002233.SZ),3000,21930.00,7.31,9.69
,,,天津港(600717.SH),4700,20539.00,4.37,423.83
2024-07-01,169786.42,37329.42,,,,,
,,,三峰环境(601827.SH),2500,21775.00,8.71,476.11
,,,粤高速A(000429.SZ),2100,22008.00,10.48,96.71
,,,塔牌集团(002233.SZ),3000,21810.00,7.27,-110.31
,,,天津港(600717.SH),4700,20304.00,4.32,188.83
,,,重庆银行(601963.SH),3000,23700.00,7.9,967.82
,,,裕同科技(002831.SZ),900,22860.00,25.4,-404.40
2024-06-28,168593.04,38252.04,,,,,
,,,金徽股份(603132.SH),1300,17888.00,13.76,89.15
,,,重庆银行(601963.SH),3600,27900.00,7.75,621.39
,,,蓝天燃气(605368.SH),1700,23188.00,13.64,406.71
,,,新华文轩(601811.SH),1200,16812.00,14.01,-797.52
,,,健盛集团(603558.SH),1700,16915.00,9.95,-2185.84
,,,深高速(600548.SH),2600,27638.00,10.63,-324.18
2024-06-27,167287.04,38252.04,,,,,
,,,健盛集团(603558.SH),1700,16864.00,9.92,-2236.84
,,,新华文轩(601811.SH),1200,16896.00,14.08,-713.52
,,,金徽股份(603132.SH),1300,17511.00,13.47,-287.85
,,,重庆银行(601963.SH),3600,27396.00,7.61,117.39
,,,蓝天燃气(605368.SH),1700,23120.00,13.6,338.71
,,,深高速(600548.SH),2600,27248.00,10.48,-714.18
2024-06-26,168001.04,38252.04,,,,,
,,,新华文轩(601811.SH),1200,16968.00,14.14,-641.52
,,,健盛集团(603558.SH),1700,17510.00,10.3,-1590.84
,,,重庆银行(601963.SH),3600,27108.00,7.53,-170.61
,,,深高速(600548.SH),2600,27118.00,10.43,-844.18
,,,蓝天燃气(605368.SH),1700,23001.00,13.53,219.71
,,,金徽股份(603132.SH),1300,18044.00,13.88,245.15
2024-06-25,167774.04,38252.04,,,,,
,,,健盛集团(603558.SH),1700,17425.00,10.25,-1675.84
,,,新华文轩(601811.SH),1200,16728.00,13.94,-881.52
,,,金徽股份(603132.SH),1300,17641.00,13.57,-157.85
,,,重庆银行(601963.SH),3600,27180.00,7.55,-98.61
,,,蓝天燃气(605368.SH),1700,23222.00,13.66,440.71
,,,深高速(600548.SH),2600,27326.00,10.51,-636.18
2024-06-24,166617.04,38252.04,,,,,
,,,健盛集团(603558.SH),1700,17170.00,10.1,-1930.84
,,,新华文轩(601811.SH),1200,17004.00,14.17,-605.52
,,,重庆银行(601963.SH),3600,26892.00,7.47,-386.61
,,,蓝天燃气(605368.SH),1700,22865.00,13.45,83.71
,,,深高速(600548.SH),2600,27222.00,10.47,-740.18
,,,金徽股份(603132.SH),1300,17212.00,13.24,-586.85
2024-06-21,169347.04,38252.04,,,,,
,,,深高速(600548.SH),2600,27638.00,10.63,-324.18
,,,金徽股份(603132.SH),1300,17641.00,13.57,-157.85
,,,健盛集团(603558.SH),1700,17442.00,10.26,-1658.84
,,,新华文轩(601811.SH),1200,17856.00,14.88,246.48
,,,重庆银行(601963.SH),3600,27432.00,7.62,153.39
,,,蓝天燃气(605368.SH),1700,23086.00,13.58,304.71
2024-06-20,168292.04,38252.04,,,,,
,,,健盛集团(603558.SH),1700,17442.00,10.26,-1658.84
,,,重庆银行(601963.SH),3600,27288.00,7.58,9.39
,,,新华文轩(601811.SH),1200,17580.00,14.65,-29.52
,,,深高速(600548.SH),2600,27118.00,10.43,-844.18
,,,金徽股份(603132.SH),1300,18070.00,13.9,271.15
,,,蓝天燃气(605368.SH),1700,22542.00,13.26,-239.29
2024-06-19,169608.04,38252.04,,,,,
,,,健盛集团(603558.SH),1700,17425.00,10.25,-1675.84
,,,深高速(600548.SH),2600,27066.00,10.41,-896.18
,,,新华文轩(601811.SH),1200,17844.00,14.87,234.48
,,,金徽股份(603132.SH),1300,18850.00,14.5,1051.15
,,,蓝天燃气(605368.SH),1700,22559.00,13.27,-222.29
,,,重庆银行(601963.SH),3600,27612.00,7.67,333.39
2024-06-18,169710.04,38252.04,,,,,
,,,蓝天燃气(605368.SH),1700,22423.00,13.19,-358.29
,,,重庆银行(601963.SH),3600,27432.00,7.62,153.39
,,,深高速(600548.SH),2600,27222.00,10.47,-740.18
,,,新华文轩(601811.SH),1200,17904.00,14.92,294.48
,,,金徽股份(603132.SH),1300,18967.00,14.59,1168.15
,,,健盛集团(603558.SH),1700,17510.00,10.3,-1590.84
2024-06-17,167874.04,38252.04,,,,,
,,,新华文轩(601811.SH),1200,18072.00,15.06,462.48
,,,重庆银行(601963.SH),3600,27324.00,7.59,45.39
,,,金徽股份(603132.SH),1300,17693.00,13.61,-105.85
,,,健盛集团(603558.SH),1700,17408.00,10.24,-1692.84
,,,深高速(600548.SH),2600,26702.00,10.27,-1260.18
,,,蓝天燃气(605368.SH),1700,22423.00,13.19,-358.29
2024-06-14,168481.04,38252.04,,,,,
,,,蓝天燃气(605368.SH),1700,22678.00,13.34,-103.29
,,,深高速(600548.SH),2600,27014.00,10.39,-948.18
,,,新华文轩(601811.SH),1200,18336.00,15.28,726.48
,,,健盛集团(603558.SH),1700,17782.00,10.46,-1318.84
,,,重庆银行(601963.SH),3600,27324.00,7.59,45.39
,,,金徽股份(603132.SH),1300,17095.00,13.15,-703.85
2024-06-13,168411.04,38252.04,,,,,
,,,深高速(600548.SH),2600,27222.00,10.47,-740.18
,,,蓝天燃气(605368.SH),1700,22168.00,13.04,-613.29
,,,健盛集团(603558.SH),1700,18071.00,10.63,-1029.84
,,,新华文轩(601811.SH),1200,18036.00,15.03,426.48
,,,金徽股份(603132.SH),1300,16978.00,13.06,-820.85
,,,重庆银行(601963.SH),3600,27684.00,7.69,405.39
2024-06-12,170081.04,38252.04,,,,,
,,,新华文轩(601811.SH),1200,17820.00,14.85,210.48
,,,重庆银行(601963.SH),3600,27756.00,7.71,477.39
,,,深高速(600548.SH),2600,27534.00,10.59,-428.18
,,,蓝天燃气(605368.SH),1700,22763.00,13.39,-18.29
,,,金徽股份(603132.SH),1300,17732.00,13.64,-66.85
,,,健盛集团(603558.SH),1700,18224.00,10.72,-876.84
2024-06-11,168968.04,38252.04,,,,,
,,,新华文轩(601811.SH),1200,16908.00,14.09,-701.52
,,,健盛集团(603558.SH),1700,18632.00,10.96,-468.84
,,,重庆银行(601963.SH),3600,27684.00,7.69,405.39
,,,深高速(600548.SH),2600,27222.00,10.47,-740.18
,,,金徽股份(603132.SH),1300,17524.00,13.48,-274.85
,,,蓝天燃气(605368.SH),1700,22746.00,13.38,-35.29
2024-06-07,170990.04,38252.04,,,,,
,,,重庆银行(601963.SH),3600,27900.00,7.75,621.39
,,,蓝天燃气(605368.SH),1700,22661.00,13.33,-120.29
,,,健盛集团(603558.SH),1700,18496.00,10.88,-604.84
,,,金徽股份(603132.SH),1300,18499.00,14.23,700.15
,,,新华文轩(601811.SH),1200,17232.00,14.36,-377.52
,,,深高速(600548.SH),2600,27950.00,10.75,-12.18
2024-06-06,169117.04,38252.04,,,,,
,,,蓝天燃气(605368.SH),1700,22117.00,13.01,-664.29
,,,金徽股份(603132.SH),1300,18837.00,14.49,1038.15
,,,重庆银行(601963.SH),3600,27684.00,7.69,405.39
,,,深高速(600548.SH),2600,27508.00,10.58,-454.18
,,,健盛集团(603558.SH),1700,17799.00,10.47,-1301.84
,,,新华文轩(601811.SH),1200,16920.00,14.1,-689.52
2024-06-05,168632.04,37772.04,,,,,
,,,重庆银行(601963.SH),3600,28008.00,7.78,729.39
,,,健盛集团(603558.SH),1700,18513.00,10.89,-587.84
,,,新华文轩(601811.SH),1200,17364.00,14.47,-725.52
,,,金徽股份(603132.SH),1300,17121.00,13.17,-677.85
,,,深高速(600548.SH),2600,27482.00,10.57,-480.18
,,,蓝天燃气(605368.SH),1700,22372.00,13.16,-409.29
2024-06-04,171629.04,37772.04,,,,,
,,,蓝天燃气(605368.SH),1700,23001.00,13.53,219.71
,,,深高速(600548.SH),2600,27846.00,10.71,-116.18
,,,重庆银行(601963.SH),3600,28548.00,7.93,1269.39
,,,金徽股份(603132.SH),1300,17459.00,13.43,-339.85
,,,新华文轩(601811.SH),1200,18048.00,15.04,-41.52
,,,健盛集团(603558.SH),1700,18955.00,11.15,-145.84
2024-06-03,169634.04,37772.04,,,,,
,,,深高速(600548.SH),2600,27560.00,10.6,-402.18
,,,新华文轩(601811.SH),1200,17832.00,14.86,-257.52
,,,金徽股份(603132.SH),1300,17381.00,13.37,-417.85
,,,蓝天燃气(605368.SH),1700,22678.00,13.34,-103.29
,,,重庆银行(601963.SH),3600,27864.00,7.74,585.39
,,,健盛集团(603558.SH),1700,18547.00,10.91,-553.84
2024-05-31,172105.36,43838.36,,,,,
,,,富森美(002818.SZ),1800,24264.00,13.48,-545.76
,,,莱克电气(603355.SH),900,24048.00,26.72,-199.66
,,,水星家纺(603365.SH),1000,19300.00,19.3,346.50
,,,豪悦护理(605009.SH),300,13797.00,45.99,81.63
,,,健盛集团(603558.SH),1700,18598.00,10.94,-502.84
,,,重庆银行(601963.SH),3600,28260.00,7.85,981.39
2024-05-30,171338.36,43838.36,,,,,
,,,重庆银行(601963.SH),3600,28080.00,7.8,801.39
,,,富森美(002818.SZ),1800,23922.00,13.29,-887.76
,,,豪悦护理(605009.SH),300,13809.00,46.03,93.63
,,,莱克电气(603355.SH),900,24228.00,26.92,-19.66
,,,水星家纺(603365.SH),1000,19050.00,19.05,96.50
,,,健盛集团(603558.SH),1700,18411.00,10.83,-689.84
2024-05-29,171675.36,43838.36,,,,,
,,,富森美(002818.SZ),1800,24030.00,13.35,-779.76
,,,重庆银行(601963.SH),3600,28512.00,7.92,1233.39
,,,豪悦护理(605009.SH),300,13593.00,45.31,-122.37
,,,水星家纺(603365.SH),1000,18890.00,18.89,-63.50
,,,莱克电气(603355.SH),900,24282.00,26.98,34.34
,,,健盛集团(603558.SH),1700,18530.00,10.9,-570.84
2024-05-28,171564.36,43838.36,,,,,
,,,健盛集团(603558.SH),1700,18615.00,10.95,-485.84
,,,水星家纺(603365.SH),1000,18880.00,18.88,-73.50
,,,重庆银行(601963.SH),3600,28728.00,7.98,1449.39
,,,莱克电气(603355.SH),900,24228.00,26.92,-19.66
,,,豪悦护理(605009.SH),300,13191.00,43.97,-524.37
,,,富森美(002818.SZ),1800,24084.00,13.38,-725.76
2024-05-27,173175.36,43838.36,,,,,
,,,水星家纺(603365.SH),1000,18890.00,18.89,-63.50
,,,重庆银行(601963.SH),3600,29232.00,8.12,1953.39
,,,健盛集团(603558.SH),1700,19091.00,11.23,-9.84
,,,豪悦护理(605009.SH),300,13110.00,43.7,-605.37
,,,莱克电气(603355.SH),900,24678.00,27.42,430.34
,,,富森美(002818.SZ),1800,24336.00,13.52,-473.76
2024-05-24,171904.36,43838.36,,,,,
,,,莱克电气(603355.SH),900,24408.00,27.12,160.34
,,,重庆银行(601963.SH),3600,28944.00,8.04,1665.39
,,,健盛集团(603558.SH),1700,18632.00,10.96,-468.84
,,,水星家纺(603365.SH),1000,18810.00,18.81,-143.50
,,,富森美(002818.SZ),1800,24264.00,13.48,-545.76
,,,豪悦护理(605009.SH),300,13008.00,43.36,-707.37
2024-05-23,172440.36,43838.36,,,,,
,,,健盛集团(603558.SH),1700,18768.00,11.04,-332.84
,,,豪悦护理(605009.SH),300,13065.00,43.55,-650.37
,,,莱克电气(603355.SH),900,24561.00,27.29,313.34
,,,重庆银行(601963.SH),3600,29196.00,8.11,1917.39
,,,富森美(002818.SZ),1800,24462.00,13.59,-347.76
,,,水星家纺(603365.SH),1000,18550.00,18.55,-403.50
2024-05-22,173776.36,43838.36,,,,,
,,,重庆银行(601963.SH),3600,29016.00,8.06,1737.39
,,,莱克电气(603355.SH),900,24696.00,27.44,448.34
,,,健盛集团(603558.SH),1700,19295.00,11.35,194.16
,,,豪悦护理(605009.SH),300,13239.00,44.13,-476.37
,,,富森美(002818.SZ),1800,25092.00,13.94,282.24
,,,水星家纺(603365.SH),1000,18600.00,18.6,-353.50
2024-05-21,175996.36,43838.36,,,,,
,,,水星家纺(603365.SH),1000,18980.00,18.98,26.50
,,,莱克电气(603355.SH),900,25497.00,28.33,1249.34
,,,豪悦护理(605009.SH),300,14025.00,46.75,309.63
,,,重庆银行(601963.SH),3600,28512.00,7.92,1233.39
,,,富森美(002818.SZ),1800,25560.00,14.2,750.24
,,,健盛集团(603558.SH),1700,19584.00,11.52,483.16
2024-05-20,174920.36,43838.36,,,,,
,,,水星家纺(603365.SH),1000,19090.00,19.09,136.50
,,,健盛集团(603558.SH),1700,19856.00,11.68,755.16
,,,重庆银行(601963.SH),3600,28152.00,7.82,873.39
,,,莱克电气(603355.SH),900,24993.00,27.77,745.34
,,,豪悦护理(605009.SH),300,13827.00,46.09,111.63
,,,富森美(002818.SZ),1800,25164.00,13.98,354.24
2024-05-17,174761.36,43838.36,,,,,
,,,豪悦护理(605009.SH),300,13923.00,46.41,207.63
,,,富森美(002818.SZ),1800,25344.00,14.08,534.24
,,,健盛集团(603558.SH),1700,20111.00,11.83,1010.16
,,,莱克电气(603355.SH),900,24705.00,27.45,457.34
,,,重庆银行(601963.SH),3600,28260.00,7.85,981.39
,,,水星家纺(603365.SH),1000,18580.00,18.58,-373.50
2024-05-16,176101.36,43838.36,,,,,
,,,健盛集团(603558.SH),1700,20485.00,12.05,1384.16
,,,豪悦护理(605009.SH),300,14016.00,46.72,300.63
,,,水星家纺(603365.SH),1000,18760.00,18.76,-193.50
,,,重庆银行(601963.SH),3600,28008.00,7.78,729.39
,,,富森美(002818.SZ),1800,25308.00,14.06,498.24
,,,莱克电气(603355.SH),900,25686.00,28.54,1438.34
2024-05-15,176422.36,43838.36,,,,,
,,,重庆银行(601963.SH),3600,27720.00,7.7,441.39
,,,莱克电气(603355.SH),900,25560.00,28.4,1312.34
,,,豪悦护理(605009.SH),300,14283.00,47.61,567.63
,,,水星家纺(603365.SH),1000,18870.00,18.87,-83.50
,,,健盛集团(603558.SH),1700,20825.00,12.25,1724.16
,,,富森美(002818.SZ),1800,25326.00,14.07,516.24
2024-05-14,176245.36,43838.36,,,,,
,,,水星家纺(603365.SH),1000,19010.00,19.01,56.50
,,,重庆银行(601963.SH),3600,27360.00,7.6,81.39
,,,莱克电气(603355.SH),900,26010.00,28.9,1762.34
,,,富森美(002818.SZ),1800,24750.00,13.75,-59.76
,,,健盛集团(603558.SH),1700,21012.00,12.36,1911.16
,,,豪悦护理(605009.SH),300,14265.00,47.55,549.63
2024-05-13,174306.36,42614.36,,,,,
,,,莱克电气(603355.SH),900,26235.00,29.15,1987.34
,,,水星家纺(603365.SH),1000,18600.00,18.6,-353.50
,,,健盛集团(603558.SH),1700,20179.00,11.87,1078.16
,,,富森美(002818.SZ),1800,25938.00,14.41,-95.76
,,,豪悦护理(605009.SH),300,13380.00,44.6,-335.37
,,,重庆银行(601963.SH),3600,27360.00,7.6,81.39
2024-05-10,172583.36,42614.36,,,,,
,,,水星家纺(603365.SH),1000,18250.00,18.25,-703.50
,,,莱克电气(603355.SH),900,25713.00,28.57,1465.34
,,,重庆银行(601963.SH),3600,27108.00,7.53,-170.61
,,,富森美(002818.SZ),1800,26082.00,14.49,48.24
,,,豪悦护理(605009.SH),300,13266.00,44.22,-449.37
,,,健盛集团(603558.SH),1700,19550.00,11.5,449.16
2024-05-09,172486.36,42614.36,,,,,
,,,富森美(002818.SZ),1800,25866.00,14.37,-167.76
,,,莱克电气(603355.SH),900,25200.00,28,952.34
,,,豪悦护理(605009.SH),300,13491.00,44.97,-224.37
,,,水星家纺(603365.SH),1000,18280.00,18.28,-673.50
,,,重庆银行(601963.SH),3600,26856.00,7.46,-422.61
,,,健盛集团(603558.SH),1700,20179.00,11.87,1078.16
2024-05-08,171649.36,42614.36,,,,,
,,,富森美(002818.SZ),1800,26136.00,14.52,102.24
,,,莱克电气(603355.SH),900,25326.00,28.14,1078.34
,,,豪悦护理(605009.SH),300,12882.00,42.94,-833.37
,,,重庆银行(601963.SH),3600,26604.00,7.39,-674.61
,,,健盛集团(603558.SH),1700,19737.00,11.61,636.16
,,,水星家纺(603365.SH),1000,18350.00,18.35,-603.50
2024-05-07,172574.36,42614.36,,,,,
,,,莱克电气(603355.SH),900,25155.00,27.95,907.34
,,,富森美(002818.SZ),1800,26334.00,14.63,300.24
,,,豪悦护理(605009.SH),300,13155.00,43.85,-560.37
,,,重庆银行(601963.SH),3600,26856.00,7.46,-422.61
,,,水星家纺(603365.SH),1000,18740.00,18.74,-213.50
,,,健盛集团(603558.SH),1700,19720.00,11.6,619.16
2024-05-06,173028.36,42614.36,,,,,
,,,富森美(002818.SZ),1800,25956.00,14.42,-77.76
,,,豪悦护理(605009.SH),300,13293.00,44.31,-422.37
,,,莱克电气(603355.SH),900,25632.00,28.48,1384.34
,,,重庆银行(601963.SH),3600,27072.00,7.52,-206.61
,,,水星家纺(603365.SH),1000,18860.00,18.86,-93.50
,,,健盛集团(603558.SH),1700,19601.00,11.53,500.16
2024-04-30,171269.76,34814.76,,,,,
,,,张家港行(002839.SZ),5900,24485.00,4.15,1008.11
,,,南京高科(600064.SH),3500,22050.00,6.3,780.47
,,,青岛银行(002948.SZ),7000,24290.00,3.47,2189.27
,,,伟星股份(002003.SZ),1600,19344.00,12.09,3836.41
,,,福建高速(600033.SH),6300,21294.00,3.38,1782.21
,,,甘肃能化(000552.SZ),7100,24992.00,3.52,3927.65
2024-04-29,169806.76,34814.76,,,,,
,,,青岛银行(002948.SZ),7000,23590.00,3.37,1489.27
,,,南京高科(600064.SH),3500,22365.00,6.39,1095.47
,,,伟星股份(002003.SZ),1600,19200.00,12,3692.41
,,,甘肃能化(000552.SZ),7100,24495.00,3.45,3430.65
,,,福建高速(600033.SH),6300,20916.00,3.32,1404.21
,,,张家港行(002839.SZ),5900,24426.00,4.14,949.11
2024-04-26,169908.76,34814.76,,,,,
,,,福建高速(600033.SH),6300,20916.00,3.32,1404.21
,,,张家港行(002839.SZ),5900,23895.00,4.05,418.11
,,,青岛银行(002948.SZ),7000,23030.00,3.29,929.27
,,,南京高科(600064.SH),3500,22505.00,6.43,1235.47
,,,伟星股份(002003.SZ),1600,19472.00,12.17,3964.41
,,,甘肃能化(000552.SZ),7100,25276.00,3.56,4211.65
2024-04-25,169072.76,34814.76,,,,,
,,,伟星股份(002003.SZ),1600,19104.00,11.94,3596.41
,,,甘肃能化(000552.SZ),7100,23998.00,3.38,2933.65
,,,南京高科(600064.SH),3500,22400.00,6.4,1130.47
,,,张家港行(002839.SZ),5900,24131.00,4.09,654.11
,,,青岛银行(002948.SZ),7000,23520.00,3.36,1419.27
,,,福建高速(600033.SH),6300,21105.00,3.35,1593.21
2024-04-24,168176.76,34814.76,,,,,
,,,青岛银行(002948.SZ),7000,23100.00,3.3,999.27
,,,伟星股份(002003.SZ),1600,19216.00,12.01,3708.41
,,,张家港行(002839.SZ),5900,23895.00,4.05,418.11
,,,福建高速(600033.SH),6300,20790.00,3.3,1278.21
,,,甘肃能化(000552.SZ),7100,23856.00,3.36,2791.65
,,,南京高科(600064.SH),3500,22505.00,6.43,1235.47
2024-04-23,166805.76,34814.76,,,,,
,,,伟星股份(002003.SZ),1600,18752.00,11.72,3244.41
,,,福建高速(600033.SH),6300,20664.00,3.28,1152.21
,,,青岛银行(002948.SZ),7000,23240.00,3.32,1139.27
,,,南京高科(600064.SH),3500,22330.00,6.38,1060.47
,,,张家港行(002839.SZ),5900,24072.00,4.08,595.11
,,,甘肃能化(000552.SZ),7100,22933.00,3.23,1868.65
2024-04-22,168757.76,34814.76,,,,,
,,,福建高速(600033.SH),6300,21042.00,3.34,1530.21
,,,伟星股份(002003.SZ),1600,18912.00,11.82,3404.41
,,,甘肃能化(000552.SZ),7100,23927.00,3.37,2862.65
,,,青岛银行(002948.SZ),7000,23380.00,3.34,1279.27
,,,张家港行(002839.SZ),5900,24072.00,4.08,595.11
,,,南京高科(600064.SH),3500,22610.00,6.46,1340.47
2024-04-19,170950.76,34814.76,,,,,
,,,南京高科(600064.SH),3500,22890.00,6.54,1620.47
,,,伟星股份(002003.SZ),1600,19008.00,11.88,3500.41
,,,张家港行(002839.SZ),5900,24308.00,4.12,831.11
,,,青岛银行(002948.SZ),7000,23660.00,3.38,1559.27
,,,甘肃能化(000552.SZ),7100,24850.00,3.5,3785.65
,,,福建高速(600033.SH),6300,21420.00,3.4,1908.21
2024-04-18,171064.76,34814.76,,,,,
,,,青岛银行(002948.SZ),7000,23730.00,3.39,1629.27
,,,伟星股份(002003.SZ),1600,18864.00,11.79,3356.41
,,,南京高科(600064.SH),3500,23030.00,6.58,1760.47
,,,张家港行(002839.SZ),5900,24190.00,4.1,713.11
,,,福建高速(600033.SH),6300,21231.00,3.37,1719.21
,,,甘肃能化(000552.SZ),7100,25205.00,3.55,4140.65
2024-04-17,169798.76,34814.76,,,,,
,,,青岛银行(002948.SZ),7000,23450.00,3.35,1349.27
,,,南京高科(600064.SH),3500,23030.00,6.58,1760.47
,,,张家港行(002839.SZ),5900,24072.00,4.08,595.11
,,,福建高速(600033.SH),6300,22113.00,3.51,2601.21
,,,甘肃能化(000552.SZ),7100,24495.00,3.45,3430.65
,,,伟星股份(002003.SZ),1600,17824.00,11.14,2316.41
2024-04-16,168141.76,34814.76,,,,,
,,,甘肃能化(000552.SZ),7100,24708.00,3.48,3643.65
,,,福建高速(600033.SH),6300,21420.00,3.4,1908.21
,,,南京高科(600064.SH),3500,22820.00,6.52,1550.47
,,,伟星股份(002003.SZ),1600,17808.00,11.13,2300.41
,,,张家港行(002839.SZ),5900,23541.00,3.99,64.11
,,,青岛银行(002948.SZ),7000,23030.00,3.29,929.27
2024-04-15,168399.76,34814.76,,,,,
,,,福建高速(600033.SH),6300,21987.00,3.49,2475.21
,,,张家港行(002839.SZ),5900,23895.00,4.05,418.11
,,,南京高科(600064.SH),3500,22610.00,6.46,1340.47
,,,青岛银行(002948.SZ),7000,23310.00,3.33,1209.27
,,,伟星股份(002003.SZ),1600,17856.00,11.16,2348.41
,,,甘肃能化(000552.SZ),7100,23927.00,3.37,2862.65
2024-04-12,165615.76,34814.76,,,,,
,,,伟星股份(002003.SZ),1600,17744.00,11.09,2236.41
,,,张家港行(002839.SZ),5900,23659.00,4.01,182.11
,,,甘肃能化(000552.SZ),7100,22436.00,3.16,1371.65
,,,福建高速(600033.SH),6300,21672.00,3.44,2160.21
,,,青岛银行(002948.SZ),7000,23030.00,3.29,929.27
,,,南京高科(600064.SH),3500,22260.00,6.36,990.47
2024-04-11,165434.76,34814.76,,,,,
,,,张家港行(002839.SZ),5900,23718.00,4.02,241.11
,,,甘肃能化(000552.SZ),7100,22365.00,3.15,1300.65
,,,伟星股份(002003.SZ),1600,17456.00,10.91,1948.41
,,,福建高速(600033.SH),6300,21546.00,3.42,2034.21
,,,青岛银行(002948.SZ),7000,23240.00,3.32,1139.27
,,,南京高科(600064.SH),3500,22295.00,6.37,1025.47
2024-04-10,164984.76,34814.76,,,,,
,,,南京高科(600064.SH),3500,22330.00,6.38,1060.47
,,,张家港行(002839.SZ),5900,23777.00,4.03,300.11
,,,福建高速(600033.SH),6300,21357.00,3.39,1845.21
,,,青岛银行(002948.SZ),7000,23240.00,3.32,1139.27
,,,伟星股份(002003.SZ),1600,17456.00,10.91,1948.41
,,,甘肃能化(000552.SZ),7100,22010.00,3.1,945.65
2024-04-09,165025.76,34814.76,,,,,
,,,福建高速(600033.SH),6300,21294.00,3.38,1782.21
,,,伟星股份(002003.SZ),1600,17328.00,10.83,1820.41
,,,青岛银行(002948.SZ),7000,23450.00,3.35,1349.27
,,,南京高科(600064.SH),3500,22435.00,6.41,1165.47
,,,甘肃能化(000552.SZ),7100,21868.00,3.08,803.65
,,,张家港行(002839.SZ),5900,23836.00,4.04,359.11
2024-04-08,164893.76,34814.76,,,,,
,,,张家港行(002839.SZ),5900,23836.00,4.04,359.11
,,,伟星股份(002003.SZ),1600,17568.00,10.98,2060.41
,,,南京高科(600064.SH),3500,22155.00,6.33,885.47
,,,福建高速(600033.SH),6300,21483.00,3.41,1971.21
,,,青岛银行(002948.SZ),7000,23240.00,3.32,1139.27
,,,甘肃能化(000552.SZ),7100,21797.00,3.07,732.65
2024-04-03,164783.76,34814.76,,,,,
,,,福建高速(600033.SH),6300,21294.00,3.38,1782.21
,,,甘肃能化(000552.SZ),7100,21868.00,3.08,803.65
,,,青岛银行(002948.SZ),7000,23240.00,3.32,1139.27
,,,南京高科(600064.SH),3500,22190.00,6.34,920.47
,,,伟星股份(002003.SZ),1600,17600.00,11,2092.41
,,,张家港行(002839.SZ),5900,23777.00,4.03,300.11
2024-04-02,163778.76,34814.76,,,,,
,,,伟星股份(002003.SZ),1600,17264.00,10.79,1756.41
,,,甘肃能化(000552.SZ),7100,21371.00,3.01,306.65
,,,张家港行(002839.SZ),5900,23836.00,4.04,359.11
,,,福建高速(600033.SH),6300,21168.00,3.36,1656.21
,,,南京高科(600064.SH),3500,22085.00,6.31,815.47
,,,青岛银行(002948.SZ),7000,23240.00,3.32,1139.27
2024-04-01,163133.76,34814.76,,,,,
,,,青岛银行(002948.SZ),7000,23240.00,3.32,1139.27
,,,南京高科(600064.SH),3500,22085.00,6.31,815.47
,,,张家港行(002839.SZ),5900,23777.00,4.03,300.11
,,,福建高速(600033.SH),6300,21042.00,3.34,1530.21
,,,甘肃能化(000552.SZ),7100,21087.00,2.97,22.65
,,,伟星股份(002003.SZ),1600,17088.00,10.68,1580.41
2024-03-29,161590.35,26485.35,,,,,
,,,东方铁塔(002545.SZ),2100,14280.00,6.8,661.74
,,,承德露露(000848.SZ),2500,20850.00,8.34,1079.62
,,,浙江交科(002061.SZ),3900,14391.00,3.69,396.88
,,,青岛银行(002948.SZ),7000,22610.00,3.23,509.27
,,,南京高科(600064.SH),3500,21875.00,6.25,605.47
,,,福建高速(600033.SH),6300,21168.00,3.36,1656.21
,,,伟星股份(002003.SZ),1900,19931.00,10.49,1515.73
2024-03-28,159760.35,26485.35,,,,,
,,,东方铁塔(002545.SZ),2100,14217.00,6.77,598.74
,,,承德露露(000848.SZ),2500,20475.00,8.19,704.62
,,,浙江交科(002061.SZ),3900,14157.00,3.63,162.88
,,,青岛银行(002948.SZ),7000,22540.00,3.22,439.27
,,,南京高科(600064.SH),3500,21735.00,6.21,465.47
,,,福建高速(600033.SH),6300,20790.00,3.3,1278.21
,,,伟星股份(002003.SZ),1900,19361.00,10.19,945.73
2024-03-27,159837.35,26485.35,,,,,
,,,东方铁塔(002545.SZ),2100,14133.00,6.73,514.74
,,,伟星股份(002003.SZ),1900,19342.00,10.18,926.73
,,,浙江交科(002061.SZ),3900,13962.00,3.58,-32.12
,,,福建高速(600033.SH),6300,20790.00,3.3,1278.21
,,,承德露露(000848.SZ),2500,20500.00,8.2,729.62
,,,南京高科(600064.SH),3500,21805.00,6.23,535.47
,,,青岛银行(002948.SZ),7000,22820.00,3.26,719.27
2024-03-26,160827.35,26485.35,,,,,
,,,青岛银行(002948.SZ),7000,22750.00,3.25,649.27
,,,浙江交科(002061.SZ),3900,14196.00,3.64,201.88
,,,伟星股份(002003.SZ),1900,19342.00,10.18,926.73
,,,南京高科(600064.SH),3500,22015.00,6.29,745.47
,,,东方铁塔(002545.SZ),2100,14322.00,6.82,703.74
,,,福建高速(600033.SH),6300,21042.00,3.34,1530.21
,,,承德露露(000848.SZ),2500,20675.00,8.27,904.62
2024-03-25,160131.35,26485.35,,,,,
,,,南京高科(600064.SH),3500,21875.00,6.25,605.47
,,,青岛银行(002948.SZ),7000,22540.00,3.22,439.27
,,,伟星股份(002003.SZ),1900,19285.00,10.15,869.73
,,,东方铁塔(002545.SZ),2100,14259.00,6.79,640.74
,,,浙江交科(002061.SZ),3900,14196.00,3.64,201.88
,,,承德露露(000848.SZ),2500,20575.00,8.23,804.62
,,,福建高速(600033.SH),6300,20916.00,3.32,1404.21
2024-03-22,160331.35,26485.35,,,,,
,,,东方铁塔(002545.SZ),2100,14448.00,6.88,829.74
,,,福建高速(600033.SH),6300,20790.00,3.3,1278.21
,,,承德露露(000848.SZ),2500,20700.00,8.28,929.62
,,,浙江交科(002061.SZ),3900,14313.00,3.67,318.88
,,,青岛银行(002948.SZ),7000,22540.00,3.22,439.27
,,,南京高科(600064.SH),3500,21770.00,6.22,500.47
,,,伟星股份(002003.SZ),1900,19285.00,10.15,869.73
2024-03-21,161821.35,26485.35,,,,,
,,,东方铁塔(002545.SZ),2100,14721.00,7.01,1102.74
,,,福建高速(600033.SH),6300,20979.00,3.33,1467.21
,,,南京高科(600064.SH),3500,21875.00,6.25,605.47
,,,伟星股份(002003.SZ),1900,19475.00,10.25,1059.73
,,,浙江交科(002061.SZ),3900,14586.00,3.74,591.88
,,,承德露露(000848.SZ),2500,20950.00,8.38,1179.62
,,,青岛银行(002948.SZ),7000,22750.00,3.25,649.27
2024-03-20,162212.35,26485.35,,,,,
,,,东方铁塔(002545.SZ),2100,14742.00,7.02,1123.74
,,,青岛银行(002948.SZ),7000,22610.00,3.23,509.27
,,,承德露露(000848.SZ),2500,21175.00,8.47,1404.62
,,,伟星股份(002003.SZ),1900,19532.00,10.28,1116.73
,,,浙江交科(002061.SZ),3900,14625.00,3.75,630.88
,,,福建高速(600033.SH),6300,21168.00,3.36,1656.21
,,,南京高科(600064.SH),3500,21875.00,6.25,605.47
2024-03-19,161923.35,26485.35,,,,,
,,,伟星股份(002003.SZ),1900,19988.00,10.52,1572.73
,,,青岛银行(002948.SZ),7000,22470.00,3.21,369.27
,,,东方铁塔(002545.SZ),2100,14700.00,7,1081.74
,,,浙江交科(002061.SZ),3900,14586.00,3.74,591.88
,,,南京高科(600064.SH),3500,21840.00,6.24,570.47
,,,承德露露(000848.SZ),2500,20875.00,8.35,1104.62
,,,福建高速(600033.SH),6300,20979.00,3.33,1467.21
2024-03-18,163669.35,26485.35,,,,,
,,,伟星股份(002003.SZ),1900,20501.00,10.79,2085.73
,,,承德露露(000848.SZ),2500,21225.00,8.49,1454.62
,,,浙江交科(002061.SZ),3900,14664.00,3.76,669.88
,,,东方铁塔(002545.SZ),2100,14826.00,7.06,1207.74
,,,福建高速(600033.SH),6300,21168.00,3.36,1656.21
,,,青岛银行(002948.SZ),7000,22750.00,3.25,649.27
,,,南京高科(600064.SH),3500,22050.00,6.3,780.47
2024-03-15,161869.35,26485.35,,,,,
,,,东方铁塔(002545.SZ),2100,14721.00,7.01,1102.74
,,,福建高速(600033.SH),6300,21231.00,3.37,1719.21
,,,伟星股份(002003.SZ),1900,20463.00,10.77,2047.73
,,,承德露露(000848.SZ),2500,19875.00,7.95,104.62
,,,南京高科(600064.SH),3500,22015.00,6.29,745.47
,,,浙江交科(002061.SZ),3900,14469.00,3.71,474.88
,,,青岛银行(002948.SZ),7000,22610.00,3.23,509.27
2024-03-14,161312.35,26485.35,,,,,
,,,承德露露(000848.SZ),2500,19800.00,7.92,29.62
,,,伟星股份(002003.SZ),1900,20444.00,10.76,2028.73
,,,青岛银行(002948.SZ),7000,22470.00,3.21,369.27
,,,福建高速(600033.SH),6300,21231.00,3.37,1719.21
,,,南京高科(600064.SH),3500,21980.00,6.28,710.47
,,,浙江交科(002061.SZ),3900,14391.00,3.69,396.88
,,,东方铁塔(002545.SZ),2100,14511.00,6.91,892.74
2024-03-13,161426.35,26485.35,,,,,
,,,东方铁塔(002545.SZ),2100,14574.00,6.94,955.74
,,,青岛银行(002948.SZ),7000,22540.00,3.22,439.27
,,,福建高速(600033.SH),6300,21105.00,3.35,1593.21
,,,承德露露(000848.SZ),2500,19925.00,7.97,154.62
,,,伟星股份(002003.SZ),1900,20387.00,10.73,1971.73
,,,南京高科(600064.SH),3500,21980.00,6.28,710.47
,,,浙江交科(002061.SZ),3900,14430.00,3.7,435.88
2024-03-12,161794.35,26485.35,,,,,
,,,浙江交科(002061.SZ),3900,14547.00,3.73,552.88
,,,承德露露(000848.SZ),2500,20050.00,8.02,279.62
,,,福建高速(600033.SH),6300,20790.00,3.3,1278.21
,,,东方铁塔(002545.SZ),2100,14658.00,6.98,1039.74
,,,南京高科(600064.SH),3500,22260.00,6.36,990.47
,,,青岛银行(002948.SZ),7000,22750.00,3.25,649.27
,,,伟星股份(002003.SZ),1900,20254.00,10.66,1838.73
2024-03-11,162060.35,26485.35,,,,,
,,,福建高速(600033.SH),6300,20979.00,3.33,1467.21
,,,南京高科(600064.SH),3500,22085.00,6.31,815.47
,,,浙江交科(002061.SZ),3900,14625.00,3.75,630.88
,,,承德露露(000848.SZ),2500,19950.00,7.98,179.62
,,,青岛银行(002948.SZ),7000,22820.00,3.26,719.27
,,,伟星股份(002003.SZ),1900,20311.00,10.69,1895.73
,,,东方铁塔(002545.SZ),2100,14805.00,7.05,1186.74
2024-03-08,161779.35,26485.35,,,,,
,,,伟星股份(002003.SZ),1900,20520.00,10.8,2104.73
,,,承德露露(000848.SZ),2500,19650.00,7.86,-120.38
,,,青岛银行(002948.SZ),7000,22960.00,3.28,859.27
,,,浙江交科(002061.SZ),3900,14547.00,3.73,552.88
,,,南京高科(600064.SH),3500,21980.00,6.28,710.47
,,,东方铁塔(002545.SZ),2100,14721.00,7.01,1102.74
,,,福建高速(600033.SH),6300,20916.00,3.32,1404.21
2024-03-07,160647.35,26485.35,,,,,
,,,伟星股份(002003.SZ),1900,19950.00,10.5,1534.73
,,,南京高科(600064.SH),3500,21910.00,6.26,640.47
,,,福建高速(600033.SH),6300,20727.00,3.29,1215.21
,,,浙江交科(002061.SZ),3900,14430.00,3.7,435.88
,,,承德露露(000848.SZ),2500,19625.00,7.85,-145.38
,,,东方铁塔(002545.SZ),2100,14700.00,7,1081.74
,,,青岛银行(002948.SZ),7000,22820.00,3.26,719.27
2024-03-06,160296.35,26485.35,,,,,
,,,青岛银行(002948.SZ),7000,22610.00,3.23,509.27
,,,浙江交科(002061.SZ),3900,14352.00,3.68,357.88
,,,南京高科(600064.SH),3500,21945.00,6.27,675.47
,,,伟星股份(002003.SZ),1900,20083.00,10.57,1667.73
,,,福建高速(600033.SH),6300,20538.00,3.26,1026.21
,,,承德露露(000848.SZ),2500,19625.00,7.85,-145.38
,,,东方铁塔(002545.SZ),2100,14658.00,6.98,1039.74
2024-03-05,161053.35,26485.35,,,,,
,,,青岛银行(002948.SZ),7000,22750.00,3.25,649.27
,,,承德露露(000848.SZ),2500,19675.00,7.87,-95.38
,,,福建高速(600033.SH),6300,20286.00,3.22,774.21
,,,伟星股份(002003.SZ),1900,20577.00,10.83,2161.73
,,,浙江交科(002061.SZ),3900,14586.00,3.74,591.88
,,,南京高科(600064.SH),3500,22015.00,6.29,745.47
,,,东方铁塔(002545.SZ),2100,14679.00,6.99,1060.74
2024-03-04,160981.35,26485.35,,,,,
,,,南京高科(600064.SH),3500,21875.00,6.25,605.47
,,,浙江交科(002061.SZ),3900,14586.00,3.74,591.88
,,,福建高速(600033.SH),6300,20349.00,3.23,837.21
,,,青岛银行(002948.SZ),7000,22470.00,3.21,369.27
,,,伟星股份(002003.SZ),1900,20577.00,10.83,2161.73
,,,承德露露(000848.SZ),2500,19750.00,7.9,-20.38
,,,东方铁塔(002545.SZ),2100,14889.00,7.09,1270.74
2024-03-01,160962.35,26485.35,,,,,
,,,福建高速(600033.SH),6300,20286.00,3.22,774.21
,,,浙江交科(002061.SZ),3900,14937.00,3.83,942.88
,,,南京高科(600064.SH),3500,21910.00,6.26,640.47
,,,东方铁塔(002545.SZ),2100,14679.00,6.99,1060.74
,,,伟星股份(002003.SZ),1900,20045.00,10.55,1629.73
,,,承德露露(000848.SZ),2500,19800.00,7.92,29.62
,,,青岛银行(002948.SZ),7000,22820.00,3.26,719.27
2024-02-29,160522.24,32134.24,,,,,
,,,浙江交科(002061.SZ),5200,19448.00,3.74,789.17
,,,福建高速(600033.SH),6300,20412.00,3.24,900.21
,,,南京高科(600064.SH),4100,25748.00,6.28,832.27
,,,伟星股份(002003.SZ),1900,19950.00,10.5,1534.73
,,,东方铁塔(002545.SZ),2900,20010.00,6.9,1203.83
,,,青岛银行(002948.SZ),7000,22820.00,3.26,719.27
2024-02-28,158713.24,32134.24,,,,,
,,,浙江交科(002061.SZ),5200,19136.00,3.68,477.17
,,,东方铁塔(002545.SZ),2900,19633.00,6.77,826.83
,,,福建高速(600033.SH),6300,20286.00,3.22,774.21
,,,南京高科(600064.SH),4100,25420.00,6.2,504.27
,,,伟星股份(002003.SZ),1900,19494.00,10.26,1078.73
,,,青岛银行(002948.SZ),7000,22610.00,3.23,509.27
2024-02-27,160372.24,32134.24,,,,,
,,,东方铁塔(002545.SZ),2900,19778.00,6.82,971.83
,,,福建高速(600033.SH),6300,20475.00,3.25,963.21
,,,青岛银行(002948.SZ),7000,22890.00,3.27,789.27
,,,南京高科(600064.SH),4100,25830.00,6.3,914.27
,,,浙江交科(002061.SZ),5200,19448.00,3.74,789.17
,,,伟星股份(002003.SZ),1900,19817.00,10.43,1401.73
2024-02-26,159545.24,32134.24,,,,,
,,,南京高科(600064.SH),4100,25707.00,6.27,791.27
,,,浙江交科(002061.SZ),5200,19240.00,3.7,581.17
,,,青岛银行(002948.SZ),7000,22750.00,3.25,649.27
,,,东方铁塔(002545.SZ),2900,19662.00,6.78,855.83
,,,伟星股份(002003.SZ),1900,19703.00,10.37,1287.73
,,,福建高速(600033.SH),6300,20349.00,3.23,837.21
2024-02-23,161465.24,32134.24,,,,,
,,,伟星股份(002003.SZ),1900,19988.00,10.52,1572.73
,,,青岛银行(002948.SZ),7000,23170.00,3.31,1069.27
,,,南京高科(600064.SH),4100,26035.00,6.35,1119.27
,,,浙江交科(002061.SZ),5200,19396.00,3.73,737.17
,,,福建高速(600033.SH),6300,20790.00,3.3,1278.21
,,,东方铁塔(002545.SZ),2900,19952.00,6.88,1145.83
2024-02-22,161212.24,32134.24,,,,,
,,,南京高科(600064.SH),4100,26117.00,6.37,1201.27
,,,伟星股份(002003.SZ),1900,20140.00,10.6,1724.73
,,,青岛银行(002948.SZ),7000,23170.00,3.31,1069.27
,,,浙江交科(002061.SZ),5200,19292.00,3.71,633.17
,,,东方铁塔(002545.SZ),2900,20010.00,6.9,1203.83
,,,福建高速(600033.SH),6300,20349.00,3.23,837.21
2024-02-21,161682.24,32134.24,,,,,
,,,南京高科(600064.SH),4100,26117.00,6.37,1201.27
,,,浙江交科(002061.SZ),5200,19292.00,3.71,633.17
,,,福建高速(600033.SH),6300,20286.00,3.22,774.21
,,,青岛银行(002948.SZ),7000,23170.00,3.31,1069.27
,,,东方铁塔(002545.SZ),2900,20068.00,6.92,1261.83
,,,伟星股份(002003.SZ),1900,20615.00,10.85,2199.73
2024-02-20,160714.24,32134.24,,,,,
,,,南京高科(600064.SH),4100,25912.00,6.32,996.27
,,,浙江交科(002061.SZ),5200,19240.00,3.7,581.17
,,,东方铁塔(002545.SZ),2900,19865.00,6.85,1058.83
,,,伟星股份(002003.SZ),1900,20520.00,10.8,2104.73
,,,福建高速(600033.SH),6300,20223.00,3.21,711.21
,,,青岛银行(002948.SZ),7000,22820.00,3.26,719.27
2024-02-19,160389.24,32134.24,,,,,
,,,东方铁塔(002545.SZ),2900,19894.00,6.86,1087.83
,,,浙江交科(002061.SZ),5200,19240.00,3.7,581.17
,,,伟星股份(002003.SZ),1900,20292.00,10.68,1876.73
,,,青岛银行(002948.SZ),7000,22820.00,3.26,719.27
,,,南京高科(600064.SH),4100,25912.00,6.32,996.27
,,,福建高速(600033.SH),6300,20097.00,3.19,585.21
2024-02-08,159438.24,32134.24,,,,,
,,,南京高科(600064.SH),4100,25994.00,6.34,1078.27
,,,东方铁塔(002545.SZ),2900,20300.00,7,1493.83
,,,浙江交科(002061.SZ),5200,19344.00,3.72,685.17
,,,福建高速(600033.SH),6300,19467.00,3.09,-44.79
,,,青岛银行(002948.SZ),7000,22610.00,3.23,509.27
,,,伟星股份(002003.SZ),1900,19589.00,10.31,1173.73
2024-02-07,157927.24,32134.24,,,,,
,,,浙江交科(002061.SZ),5200,18772.00,3.61,113.17
,,,福建高速(600033.SH),6300,19026.00,3.02,-485.79
,,,青岛银行(002948.SZ),7000,22750.00,3.25,649.27
,,,南京高科(600064.SH),4100,25625.00,6.25,709.27
,,,东方铁塔(002545.SZ),2900,19575.00,6.75,768.83
,,,伟星股份(002003.SZ),1900,20045.00,10.55,1629.73
2024-02-06,154214.24,32134.24,,,,,
,,,青岛银行(002948.SZ),7000,22260.00,3.18,159.27
,,,南京高科(600064.SH),4100,24846.00,6.06,-69.73
,,,东方铁塔(002545.SZ),2900,18705.00,6.45,-101.17
,,,福建高速(600033.SH),6300,19215.00,3.05,-296.79
,,,伟星股份(002003.SZ),1900,19114.00,10.06,698.73
,,,浙江交科(002061.SZ),5200,17940.00,3.45,-718.83
2024-02-05,148351.24,32134.24,,,,,
,,,东方铁塔(002545.SZ),2900,17052.00,5.88,-1754.17
,,,浙江交科(002061.SZ),5200,16692.00,3.21,-1966.83
,,,伟星股份(002003.SZ),1900,18468.00,9.72,52.73
,,,青岛银行(002948.SZ),7000,21350.00,3.05,-750.73
,,,南京高科(600064.SH),4100,23944.00,5.84,-971.73
,,,福建高速(600033.SH),6300,18711.00,2.97,-800.79
2024-02-02,151337.24,32134.24,,,,,
,,,南京高科(600064.SH),4100,24313.00,5.93,-602.73
,,,福建高速(600033.SH),6300,19215.00,3.05,-296.79
,,,青岛银行(002948.SZ),7000,21700.00,3.1,-400.73
,,,伟星股份(002003.SZ),1900,18449.00,9.71,33.73
,,,浙江交科(002061.SZ),5200,17836.00,3.43,-822.83
,,,东方铁塔(002545.SZ),2900,17690.00,6.1,-1116.17
2024-02-01,153390.24,32134.24,,,,,
,,,福建高速(600033.SH),6300,19089.00,3.03,-422.79
,,,青岛银行(002948.SZ),7000,21840.00,3.12,-260.73
,,,东方铁塔(002545.SZ),2900,18618.00,6.42,-188.17
,,,伟星股份(002003.SZ),1900,18772.00,9.88,356.73
,,,南京高科(600064.SH),4100,24477.00,5.97,-438.73
,,,浙江交科(002061.SZ),5200,18460.00,3.55,-198.83
2024-01-31,155386.95,34025.95,,,,,
,,,贵研铂业(600459.SH),1400,18200.00,13,-1894.12
,,,郑州银行(002936.SZ),12900,25800.00,2,-1028.25
,,,山西焦化(600740.SH),4100,19311.00,4.71,-1359.45
,,,盘江股份(600395.SH),3000,17940.00,5.98,-1033.55
,,,齐鲁银行(601665.SH),4800,20112.00,4.19,242.84
,,,南京高科(600064.SH),3300,19998.00,6.06,-79.08
2024-01-30,156868.95,34025.95,,,,,
,,,山西焦化(600740.SH),4100,19680.00,4.8,-990.45
,,,郑州银行(002936.SZ),12900,26187.00,2.03,-641.25
,,,盘江股份(600395.SH),3000,18180.00,6.06,-793.55
,,,齐鲁银行(601665.SH),4800,20064.00,4.18,194.84
,,,贵研铂业(600459.SH),1400,18536.00,13.24,-1558.12
,,,南京高科(600064.SH),3300,20196.00,6.12,118.92
2024-01-29,159310.95,34025.95,,,,,
,,,南京高科(600064.SH),3300,20559.00,6.23,481.92
,,,齐鲁银行(601665.SH),4800,20640.00,4.3,770.84
,,,贵研铂业(600459.SH),1400,18956.00,13.54,-1138.12
,,,郑州银行(002936.SZ),12900,26574.00,2.06,-254.25
,,,盘江股份(600395.SH),3000,18630.00,6.21,-343.55
,,,山西焦化(600740.SH),4100,19926.00,4.86,-744.45
2024-01-26,160984.95,34025.95,,,,,
,,,南京高科(600064.SH),3300,20691.00,6.27,613.92
,,,盘江股份(600395.SH),3000,18870.00,6.29,-103.55
,,,齐鲁银行(601665.SH),4800,21552.00,4.49,1682.84
,,,贵研铂业(600459.SH),1400,19012.00,13.58,-1082.12
,,,郑州银行(002936.SZ),12900,26703.00,2.07,-125.25
,,,山西焦化(600740.SH),4100,20131.00,4.91,-539.45
2024-01-25,157746.95,34025.95,,,,,
,,,郑州银行(002936.SZ),12900,26316.00,2.04,-512.25
,,,贵研铂业(600459.SH),1400,19068.00,13.62,-1026.12
,,,南京高科(600064.SH),3300,20328.00,6.16,250.92
,,,山西焦化(600740.SH),4100,19885.00,4.85,-785.45
,,,盘江股份(600395.SH),3000,18540.00,6.18,-433.55
,,,齐鲁银行(601665.SH),4800,19584.00,4.08,-285.16
2024-01-24,154619.95,34025.95,,,,,
,,,南京高科(600064.SH),3300,19833.00,6.01,-244.08
,,,山西焦化(600740.SH),4100,19024.00,4.64,-1646.45
,,,盘江股份(600395.SH),3000,17730.00,5.91,-1243.55
,,,贵研铂业(600459.SH),1400,18830.00,13.45,-1264.12
,,,齐鲁银行(601665.SH),4800,19248.00,4.01,-621.16
,,,郑州银行(002936.SZ),12900,25929.00,2.01,-899.25
2024-01-23,151992.95,34025.95,,,,,
,,,郑州银行(002936.SZ),12900,25413.00,1.97,-1415.25
,,,盘江股份(600395.SH),3000,17280.00,5.76,-1693.55
,,,齐鲁银行(601665.SH),4800,18912.00,3.94,-957.16
,,,山西焦化(600740.SH),4100,18737.00,4.57,-1933.45
,,,南京高科(600064.SH),3300,19173.00,5.81,-904.08
,,,贵研铂业(600459.SH),1400,18452.00,13.18,-1642.12
2024-01-22,150812.95,34025.95,,,,,
,,,南京高科(600064.SH),3300,19074.00,5.78,-1003.08
,,,贵研铂业(600459.SH),1400,18004.00,12.86,-2090.12
,,,郑州银行(002936.SZ),12900,25413.00,1.97,-1415.25
,,,山西焦化(600740.SH),4100,18368.00,4.48,-2302.45
,,,齐鲁银行(601665.SH),4800,19008.00,3.96,-861.16
,,,盘江股份(600395.SH),3000,16920.00,5.64,-2053.55
2024-01-19,154110.95,34025.95,,,,,
,,,齐鲁银行(601665.SH),4800,18672.00,3.89,-1197.16
,,,郑州银行(002936.SZ),12900,25800.00,2,-1028.25
,,,南京高科(600064.SH),3300,19635.00,5.95,-442.08
,,,山西焦化(600740.SH),4100,19352.00,4.72,-1318.45
,,,贵研铂业(600459.SH),1400,18746.00,13.39,-1348.12
,,,盘江股份(600395.SH),3000,17880.00,5.96,-1093.55
2024-01-18,154388.95,34025.95,,,,,
,,,齐鲁银行(601665.SH),4800,18816.00,3.92,-1053.16
,,,南京高科(600064.SH),3300,19668.00,5.96,-409.08
,,,盘江股份(600395.SH),3000,18000.00,6,-973.55
,,,郑州银行(002936.SZ),12900,25800.00,2,-1028.25
,,,山西焦化(600740.SH),4100,19557.00,4.77,-1113.45
,,,贵研铂业(600459.SH),1400,18522.00,13.23,-1572.12
2024-01-17,156068.95,34025.95,,,,,
,,,贵研铂业(600459.SH),1400,18718.00,13.37,-1376.12
,,,南京高科(600064.SH),3300,19767.00,5.99,-310.08
,,,山西焦化(600740.SH),4100,20090.00,4.9,-580.45
,,,郑州银行(002936.SZ),12900,26058.00,2.02,-770.25
,,,盘江股份(600395.SH),3000,18450.00,6.15,-523.55
,,,齐鲁银行(601665.SH),4800,18960.00,3.95,-909.16
2024-01-16,158113.95,34025.95,,,,,
,,,贵研铂业(600459.SH),1400,19208.00,13.72,-886.12
,,,郑州银行(002936.SZ),12900,26316.00,2.04,-512.25
,,,齐鲁银行(601665.SH),4800,19248.00,4.01,-621.16
,,,南京高科(600064.SH),3300,19998.00,6.06,-79.08
,,,山西焦化(600740.SH),4100,20418.00,4.98,-252.45
,,,盘江股份(600395.SH),3000,18900.00,6.3,-73.55
2024-01-15,158456.95,34025.95,,,,,
,,,山西焦化(600740.SH),4100,20582.00,5.02,-88.45
,,,南京高科(600064.SH),3300,19932.00,6.04,-145.08
,,,贵研铂业(600459.SH),1400,19558.00,13.97,-536.12
,,,盘江股份(600395.SH),3000,19020.00,6.34,46.45
,,,齐鲁银行(601665.SH),4800,19152.00,3.99,-717.16
,,,郑州银行(002936.SZ),12900,26187.00,2.03,-641.25
2024-01-12,158177.95,34025.95,,,,,
,,,齐鲁银行(601665.SH),4800,18960.00,3.95,-909.16
,,,郑州银行(002936.SZ),12900,26058.00,2.02,-770.25
,,,盘江股份(600395.SH),3000,18960.00,6.32,-13.55
,,,山西焦化(600740.SH),4100,20582.00,5.02,-88.45
,,,南京高科(600064.SH),3300,19866.00,6.02,-211.08
,,,贵研铂业(600459.SH),1400,19726.00,14.09,-368.12
2024-01-11,157841.95,34025.95,,,,,
,,,南京高科(600064.SH),3300,19833.00,6.01,-244.08
,,,盘江股份(600395.SH),3000,18990.00,6.33,16.45
,,,贵研铂业(600459.SH),1400,19754.00,14.11,-340.12
,,,齐鲁银行(601665.SH),4800,18816.00,3.92,-1053.16
,,,山西焦化(600740.SH),4100,20623.00,5.03,-47.45
,,,郑州银行(002936.SZ),12900,25800.00,2,-1028.25
2024-01-10,157861.95,34025.95,,,,,
,,,贵研铂业(600459.SH),1400,19628.00,14.02,-466.12
,,,山西焦化(600740.SH),4100,20664.00,5.04,-6.45
,,,盘江股份(600395.SH),3000,19290.00,6.43,316.45
,,,郑州银行(002936.SZ),12900,25800.00,2,-1028.25
,,,南京高科(600064.SH),3300,19734.00,5.98,-343.08
,,,齐鲁银行(601665.SH),4800,18720.00,3.9,-1149.16
2024-01-09,158697.95,34025.95,,,,,
,,,郑州银行(002936.SZ),12900,25800.00,2,-1028.25
,,,贵研铂业(600459.SH),1400,19684.00,14.06,-410.12
,,,齐鲁银行(601665.SH),4800,18912.00,3.94,-957.16
,,,南京高科(600064.SH),3300,19866.00,6.02,-211.08
,,,山西焦化(600740.SH),4100,20910.00,5.1,239.55
,,,盘江股份(600395.SH),3000,19500.00,6.5,526.45
2024-01-08,157851.95,34025.95,,,,,
,,,南京高科(600064.SH),3300,19833.00,6.01,-244.08
,,,齐鲁银行(601665.SH),4800,18624.00,3.88,-1245.16
,,,郑州银行(002936.SZ),12900,25671.00,1.99,-1157.25
,,,盘江股份(600395.SH),3000,19380.00,6.46,406.45
,,,贵研铂业(600459.SH),1400,19572.00,13.98,-522.12
,,,山西焦化(600740.SH),4100,20746.00,5.06,75.55
2024-01-05,159955.95,34025.95,,,,,
,,,南京高科(600064.SH),3300,20064.00,6.08,-13.08
,,,郑州银行(002936.SZ),12900,26187.00,2.03,-641.25
,,,贵研铂业(600459.SH),1400,19992.00,14.28,-102.12
,,,山西焦化(600740.SH),4100,21197.00,5.17,526.55
,,,齐鲁银行(601665.SH),4800,18960.00,3.95,-909.16
,,,盘江股份(600395.SH),3000,19530.00,6.51,556.45
2024-01-04,159655.95,34025.95,,,,,
,,,贵研铂业(600459.SH),1400,20062.00,14.33,-32.12
,,,齐鲁银行(601665.SH),4800,18816.00,3.92,-1053.16
,,,山西焦化(600740.SH),4100,21484.00,5.24,813.55
,,,郑州银行(002936.SZ),12900,25800.00,2,-1028.25
,,,盘江股份(600395.SH),3000,19470.00,6.49,496.45
,,,南京高科(600064.SH),3300,19998.00,6.06,-79.08
2024-01-03,159317.95,34025.95,,,,,
,,,贵研铂业(600459.SH),1400,20132.00,14.38,37.88
,,,南京高科(600064.SH),3300,20031.00,6.07,-46.08
,,,齐鲁银行(601665.SH),4800,18672.00,3.89,-1197.16
,,,盘江股份(600395.SH),3000,19290.00,6.43,316.45
,,,郑州银行(002936.SZ),12900,25929.00,2.01,-899.25
,,,山西焦化(600740.SH),4100,21238.00,5.18,567.55
2024-01-02,158490.95,34025.95,,,,,
,,,贵研铂业(600459.SH),1400,20146.00,14.39,51.88
,,,盘江股份(600395.SH),3000,19020.00,6.34,46.45
,,,山西焦化(600740.SH),4100,20910.00,5.1,239.55
,,,齐鲁银行(601665.SH),4800,18528.00,3.86,-1341.16
,,,郑州银行(002936.SZ),12900,25929.00,2.01,-899.25
,,,南京高科(600064.SH),3300,19932.00,6.04,-145.08
2023-12-29,158130.76,33396.76,,,,,
,,,西安银行(600928.SH),5800,19314.00,3.33,-335.10
,,,南京高科(600064.SH),3300,19932.00,6.04,-145.08
,,,齐鲁银行(601665.SH),4800,18768.00,3.91,-1101.16
,,,盘江股份(600395.SH),3600,22212.00,6.17,-556.26
,,,郑州银行(002936.SZ),10700,21507.00,2.01,-907.45
,,,厦门国贸(600755.SH),3300,23001.00,6.97,575.53
2023-12-28,158191.76,33396.76,,,,,
,,,西安银行(600928.SH),5800,19372.00,3.34,-277.10
,,,齐鲁银行(601665.SH),4800,18624.00,3.88,-1245.16
,,,厦门国贸(600755.SH),3300,22968.00,6.96,542.53
,,,南京高科(600064.SH),3300,19932.00,6.04,-145.08
,,,盘江股份(600395.SH),3600,22392.00,6.22,-376.26
,,,郑州银行(002936.SZ),10700,21507.00,2.01,-907.45
2023-12-27,156996.76,33396.76,,,,,
,,,厦门国贸(600755.SH),3300,22605.00,6.85,179.53
,,,西安银行(600928.SH),5800,19140.00,3.3,-509.10
,,,南京高科(600064.SH),3300,19701.00,5.97,-376.08
,,,盘江股份(600395.SH),3600,22536.00,6.26,-232.26
,,,郑州银行(002936.SZ),10700,21186.00,1.98,-1228.45
,,,齐鲁银行(601665.SH),4800,18432.00,3.84,-1437.16
2023-12-26,156382.76,33396.76,,,,,
,,,厦门国贸(600755.SH),3300,22506.00,6.82,80.53
,,,齐鲁银行(601665.SH),4800,18240.00,3.8,-1629.16
,,,郑州银行(002936.SZ),10700,21186.00,1.98,-1228.45
,,,南京高科(600064.SH),3300,19602.00,5.94,-475.08
,,,西安银行(600928.SH),5800,19024.00,3.28,-625.10
,,,盘江股份(600395.SH),3600,22428.00,6.23,-340.26
2023-12-25,157297.76,33396.76,,,,,
,,,西安银行(600928.SH),5800,19082.00,3.29,-567.10
,,,齐鲁银行(601665.SH),4800,18336.00,3.82,-1533.16
,,,郑州银行(002936.SZ),10700,21293.00,1.99,-1121.45
,,,厦门国贸(600755.SH),3300,22737.00,6.89,311.53
,,,南京高科(600064.SH),3300,19701.00,5.97,-376.08
,,,盘江股份(600395.SH),3600,22752.00,6.32,-16.26
2023-12-22,157883.76,33396.76,,,,,
,,,南京高科(600064.SH),3300,19767.00,5.99,-310.08
,,,盘江股份(600395.SH),3600,22716.00,6.31,-52.26
,,,齐鲁银行(601665.SH),4800,18768.00,3.91,-1101.16
,,,厦门国贸(600755.SH),3300,22803.00,6.91,377.53
,,,西安银行(600928.SH),5800,19140.00,3.3,-509.10
,,,郑州银行(002936.SZ),10700,21293.00,1.99,-1121.45
2023-12-21,158227.76,33396.76,,,,,
,,,南京高科(600064.SH),3300,19866.00,6.02,-211.08
,,,盘江股份(600395.SH),3600,22716.00,6.31,-52.26
,,,西安银行(600928.SH),5800,19314.00,3.33,-335.10
,,,齐鲁银行(601665.SH),4800,18864.00,3.93,-1005.16
,,,厦门国贸(600755.SH),3300,22671.00,6.87,245.53
,,,郑州银行(002936.SZ),10700,21400.00,2,-1014.45
2023-12-20,158388.76,33396.76,,,,,
,,,盘江股份(600395.SH),3600,22824.00,6.34,55.74
,,,厦门国贸(600755.SH),3300,22671.00,6.87,245.53
,,,西安银行(600928.SH),5800,19256.00,3.32,-393.10
,,,南京高科(600064.SH),3300,19833.00,6.01,-244.08
,,,郑州银行(002936.SZ),10700,21400.00,2,-1014.45
,,,齐鲁银行(601665.SH),4800,19008.00,3.96,-861.16
2023-12-19,159052.76,33396.76,,,,,
,,,齐鲁银行(601665.SH),4800,18816.00,3.92,-1053.16
,,,南京高科(600064.SH),3300,20064.00,6.08,-13.08
,,,西安银行(600928.SH),5800,19430.00,3.35,-219.10
,,,厦门国贸(600755.SH),3300,22836.00,6.92,410.53
,,,郑州银行(002936.SZ),10700,21614.00,2.02,-800.45
,,,盘江股份(600395.SH),3600,22896.00,6.36,127.74
2023-12-18,159378.76,33396.76,,,,,
,,,盘江股份(600395.SH),3600,22932.00,6.37,163.74
,,,西安银行(600928.SH),5800,19488.00,3.36,-161.10
,,,厦门国贸(600755.SH),3300,22803.00,6.91,377.53
,,,郑州银行(002936.SZ),10700,21828.00,2.04,-586.45
,,,齐鲁银行(601665.SH),4800,18768.00,3.91,-1101.16
,,,南京高科(600064.SH),3300,20163.00,6.11,85.92
2023-12-15,160240.76,33396.76,,,,,
,,,南京高科(600064.SH),3300,20493.00,6.21,415.92
,,,郑州银行(002936.SZ),10700,21935.00,2.05,-479.45
,,,齐鲁银行(601665.SH),4800,18768.00,3.91,-1101.16
,,,西安银行(600928.SH),5800,19604.00,3.38,-45.10
,,,厦门国贸(600755.SH),3300,22968.00,6.96,542.53
,,,盘江股份(600395.SH),3600,23076.00,6.41,307.74
2023-12-14,160608.76,33396.76,,,,,
,,,西安银行(600928.SH),5800,19604.00,3.38,-45.10
,,,南京高科(600064.SH),3300,20493.00,6.21,415.92
,,,齐鲁银行(601665.SH),4800,18816.00,3.92,-1053.16
,,,厦门国贸(600755.SH),3300,23001.00,6.97,575.53
,,,郑州银行(002936.SZ),10700,22042.00,2.06,-372.45
,,,盘江股份(600395.SH),3600,23256.00,6.46,487.74
2023-12-13,160863.76,33396.76,,,,,
,,,盘江股份(600395.SH),3600,23148.00,6.43,379.74
,,,厦门国贸(600755.SH),3300,23067.00,6.99,641.53
,,,郑州银行(002936.SZ),10700,22042.00,2.06,-372.45
,,,西安银行(600928.SH),5800,19604.00,3.38,-45.10
,,,南京高科(600064.SH),3300,20790.00,6.3,712.92
,,,齐鲁银行(601665.SH),4800,18816.00,3.92,-1053.16
2023-12-12,161690.76,33396.76,,,,,
,,,南京高科(600064.SH),3300,20592.00,6.24,514.92
,,,齐鲁银行(601665.SH),4800,19008.00,3.96,-861.16
,,,西安银行(600928.SH),5800,19778.00,3.41,128.90
,,,盘江股份(600395.SH),3600,23436.00,6.51,667.74
,,,厦门国贸(600755.SH),3300,23331.00,7.07,905.53
,,,郑州银行(002936.SZ),10700,22149.00,2.07,-265.45
2023-12-11,161154.76,33396.76,,,,,
,,,郑州银行(002936.SZ),10700,22042.00,2.06,-372.45
,,,南京高科(600064.SH),3300,20031.00,6.07,-46.08
,,,盘江股份(600395.SH),3600,23760.00,6.6,991.74
,,,西安银行(600928.SH),5800,19604.00,3.38,-45.10
,,,厦门国贸(600755.SH),3300,23265.00,7.05,839.53
,,,齐鲁银行(601665.SH),4800,19056.00,3.97,-813.16
2023-12-08,160034.76,33396.76,,,,,
,,,西安银行(600928.SH),5800,19314.00,3.33,-335.10
,,,盘江股份(600395.SH),3600,23904.00,6.64,1135.74
,,,南京高科(600064.SH),3300,20031.00,6.07,-46.08
,,,郑州银行(002936.SZ),10700,21935.00,2.05,-479.45
,,,齐鲁银行(601665.SH),4800,18816.00,3.92,-1053.16
,,,厦门国贸(600755.SH),3300,22638.00,6.86,212.53
2023-12-07,159784.76,33396.76,,,,,
,,,齐鲁银行(601665.SH),4800,18576.00,3.87,-1293.16
,,,厦门国贸(600755.SH),3300,23001.00,6.97,575.53
,,,盘江股份(600395.SH),3600,23184.00,6.44,415.74
,,,西安银行(600928.SH),5800,19430.00,3.35,-219.10
,,,南京高科(600064.SH),3300,20262.00,6.14,184.92
,,,郑州银行(002936.SZ),10700,21935.00,2.05,-479.45
2023-12-06,158988.76,33396.76,,,,,
,,,盘江股份(600395.SH),3600,22968.00,6.38,199.74
,,,郑州银行(002936.SZ),10700,21935.00,2.05,-479.45
,,,齐鲁银行(601665.SH),4800,18384.00,3.83,-1485.16
,,,南京高科(600064.SH),3300,20196.00,6.12,118.92
,,,厦门国贸(600755.SH),3300,22737.00,6.89,311.53
,,,西安银行(600928.SH),5800,19372.00,3.34,-277.10
2023-12-05,158469.76,33396.76,,,,,
,,,盘江股份(600395.SH),3600,23040.00,6.4,271.74
,,,厦门国贸(600755.SH),3300,22341.00,6.77,-84.47
,,,郑州银行(002936.SZ),10700,21935.00,2.05,-479.45
,,,西安银行(600928.SH),5800,19372.00,3.34,-277.10
,,,南京高科(600064.SH),3300,20097.00,6.09,19.92
,,,齐鲁银行(601665.SH),4800,18288.00,3.81,-1581.16
2023-12-04,160100.76,33396.76,,,,,
,,,齐鲁银行(601665.SH),4800,18528.00,3.86,-1341.16
,,,郑州银行(002936.SZ),10700,22042.00,2.06,-372.45
,,,厦门国贸(600755.SH),3300,22539.00,6.83,113.53
,,,盘江股份(600395.SH),3600,23580.00,6.55,811.74
,,,西安银行(600928.SH),5800,19720.00,3.4,70.90
,,,南京高科(600064.SH),3300,20295.00,6.15,217.92
2023-12-01,159600.76,33396.76,,,,,
,,,盘江股份(600395.SH),3600,23220.00,6.45,451.74
,,,南京高科(600064.SH),3300,20163.00,6.11,85.92
,,,厦门国贸(600755.SH),3300,22473.00,6.81,47.53
,,,西安银行(600928.SH),5800,19778.00,3.41,128.90
,,,郑州银行(002936.SZ),10700,22042.00,2.06,-372.45
,,,齐鲁银行(601665.SH),4800,18528.00,3.86,-1341.16
2023-11-30,158863.83,33896.83,,,,,
,,,江苏国泰(002091.SZ),2600,20358.00,7.83,344.06
,,,贵研铂业(600459.SH),1300,18733.00,14.41,-655.50
,,,齐鲁银行(601665.SH),5800,22272.00,3.84,-1736.57
,,,郑州银行(002936.SZ),10700,22042.00,2.06,-372.45
,,,粤高速A(000429.SZ),2400,19272.00,8.03,-814.10
,,,开滦股份(600997.SH),3000,22290.00,7.43,2294.10
2023-11-29,159128.83,33896.83,,,,,
,,,贵研铂业(600459.SH),1300,19097.00,14.69,-291.50
,,,江苏国泰(002091.SZ),2600,20410.00,7.85,396.06
,,,郑州银行(002936.SZ),10700,21935.00,2.05,-479.45
,,,齐鲁银行(601665.SH),5800,22156.00,3.82,-1852.57
,,,开滦股份(600997.SH),3000,22410.00,7.47,2414.10
,,,粤高速A(000429.SZ),2400,19224.00,8.01,-862.10
2023-11-28,159149.83,33896.83,,,,,
,,,开滦股份(600997.SH),3000,22050.00,7.35,2054.10
,,,郑州银行(002936.SZ),10700,22149.00,2.07,-265.45
,,,齐鲁银行(601665.SH),5800,22388.00,3.86,-1620.57
,,,贵研铂业(600459.SH),1300,19006.00,14.62,-382.50
,,,粤高速A(000429.SZ),2400,19224.00,8.01,-862.10
,,,江苏国泰(002091.SZ),2600,20436.00,7.86,422.06
2023-11-27,159288.83,33896.83,,,,,
,,,贵研铂业(600459.SH),1300,18993.00,14.61,-395.50
,,,齐鲁银行(601665.SH),5800,22504.00,3.88,-1504.57
,,,粤高速A(000429.SZ),2400,19248.00,8.02,-838.10
,,,开滦股份(600997.SH),3000,22140.00,7.38,2144.10
,,,江苏国泰(002091.SZ),2600,20358.00,7.83,344.06
,,,郑州银行(002936.SZ),10700,22149.00,2.07,-265.45
2023-11-24,159194.83,33896.83,,,,,
,,,江苏国泰(002091.SZ),2600,20540.00,7.9,526.06
,,,粤高速A(000429.SZ),2400,19464.00,8.11,-622.10
,,,齐鲁银行(601665.SH),5800,22678.00,3.91,-1330.57
,,,贵研铂业(600459.SH),1300,18850.00,14.5,-538.50
,,,开滦股份(600997.SH),3000,21510.00,7.17,1514.10
,,,郑州银行(002936.SZ),10700,22256.00,2.08,-158.45
2023-11-23,158826.83,33896.83,,,,,
,,,江苏国泰(002091.SZ),2600,20384.00,7.84,370.06
,,,郑州银行(002936.SZ),10700,22149.00,2.07,-265.45
,,,贵研铂业(600459.SH),1300,19149.00,14.73,-239.50
,,,齐鲁银行(601665.SH),5800,22562.00,3.89,-1446.57
,,,粤高速A(000429.SZ),2400,19416.00,8.09,-670.10
,,,开滦股份(600997.SH),3000,21270.00,7.09,1274.10
2023-11-22,157789.83,33896.83,,,,,
,,,江苏国泰(002091.SZ),2600,19968.00,7.68,-45.94
,,,齐鲁银行(601665.SH),5800,22504.00,3.88,-1504.57
,,,郑州银行(002936.SZ),10700,22149.00,2.07,-265.45
,,,粤高速A(000429.SZ),2400,19536.00,8.14,-550.10
,,,贵研铂业(600459.SH),1300,19006.00,14.62,-382.50
,,,开滦股份(600997.SH),3000,20730.00,6.91,734.10
2023-11-21,158150.83,33896.83,,,,,
,,,齐鲁银行(601665.SH),5800,22562.00,3.89,-1446.57
,,,郑州银行(002936.SZ),10700,22256.00,2.08,-158.45
,,,粤高速A(000429.SZ),2400,19416.00,8.09,-670.10
,,,贵研铂业(600459.SH),1300,19188.00,14.76,-200.50
,,,江苏国泰(002091.SZ),2600,20072.00,7.72,58.06
,,,开滦股份(600997.SH),3000,20760.00,6.92,764.10
2023-11-20,157733.83,33896.83,,,,,
,,,粤高速A(000429.SZ),2400,19344.00,8.06,-742.10
,,,齐鲁银行(601665.SH),5800,22388.00,3.86,-1620.57
,,,郑州银行(002936.SZ),10700,22256.00,2.08,-158.45
,,,江苏国泰(002091.SZ),2600,20020.00,7.7,6.06
,,,开滦股份(600997.SH),3000,20550.00,6.85,554.10
,,,贵研铂业(600459.SH),1300,19279.00,14.83,-109.50
2023-11-17,157768.83,33896.83,,,,,
,,,粤高速A(000429.SZ),2400,19488.00,8.12,-598.10
,,,郑州银行(002936.SZ),10700,22149.00,2.07,-265.45
,,,开滦股份(600997.SH),3000,20730.00,6.91,734.10
,,,江苏国泰(002091.SZ),2600,19916.00,7.66,-97.94
,,,贵研铂业(600459.SH),1300,19201.00,14.77,-187.50
,,,齐鲁银行(601665.SH),5800,22388.00,3.86,-1620.57
2023-11-16,157732.83,33896.83,,,,,
,,,江苏国泰(002091.SZ),2600,19708.00,7.58,-305.94
,,,齐鲁银行(601665.SH),5800,22620.00,3.9,-1388.57
,,,郑州银行(002936.SZ),10700,22149.00,2.07,-265.45
,,,贵研铂业(600459.SH),1300,19201.00,14.77,-187.50
,,,粤高速A(000429.SZ),2400,19488.00,8.12,-598.10
,,,开滦股份(600997.SH),3000,20670.00,6.89,674.10
2023-11-15,157900.83,33896.83,,,,,
,,,粤高速A(000429.SZ),2400,19368.00,8.07,-718.10
,,,开滦股份(600997.SH),3000,20370.00,6.79,374.10
,,,江苏国泰(002091.SZ),2600,19916.00,7.66,-97.94
,,,贵研铂业(600459.SH),1300,19474.00,14.98,85.50
,,,齐鲁银行(601665.SH),5800,22620.00,3.9,-1388.57
,,,郑州银行(002936.SZ),10700,22256.00,2.08,-158.45
2023-11-14,157215.83,33896.83,,,,,
,,,郑州银行(002936.SZ),10700,22256.00,2.08,-158.45
,,,粤高速A(000429.SZ),2400,19464.00,8.11,-622.10
,,,齐鲁银行(601665.SH),5800,22678.00,3.91,-1330.57
,,,开滦股份(600997.SH),3000,20220.00,6.74,224.10
,,,江苏国泰(002091.SZ),2600,19734.00,7.59,-279.94
,,,贵研铂业(600459.SH),1300,18967.00,14.59,-421.50
2023-11-13,156877.83,33896.83,,,,,
,,,粤高速A(000429.SZ),2400,19464.00,8.11,-622.10
,,,开滦股份(600997.SH),3000,20310.00,6.77,314.10
,,,郑州银行(002936.SZ),10700,22042.00,2.06,-372.45
,,,贵研铂业(600459.SH),1300,18993.00,14.61,-395.50
,,,齐鲁银行(601665.SH),5800,22620.00,3.9,-1388.57
,,,江苏国泰(002091.SZ),2600,19552.00,7.52,-461.94
2023-11-10,156701.83,33896.83,,,,,
,,,开滦股份(600997.SH),3000,20310.00,6.77,314.10
,,,郑州银行(002936.SZ),10700,22149.00,2.07,-265.45
,,,贵研铂业(600459.SH),1300,18876.00,14.52,-512.50
,,,粤高速A(000429.SZ),2400,19512.00,8.13,-574.10
,,,齐鲁银行(601665.SH),5800,22562.00,3.89,-1446.57
,,,江苏国泰(002091.SZ),2600,19396.00,7.46,-617.94
2023-11-09,156606.83,33896.83,,,,,
,,,粤高速A(000429.SZ),2400,19584.00,8.16,-502.10
,,,贵研铂业(600459.SH),1300,18967.00,14.59,-421.50
,,,江苏国泰(002091.SZ),2600,19448.00,7.48,-565.94
,,,开滦股份(600997.SH),3000,19710.00,6.57,-285.90
,,,齐鲁银行(601665.SH),5800,22852.00,3.94,-1156.57
,,,郑州银行(002936.SZ),10700,22149.00,2.07,-265.45
2023-11-08,156202.83,33896.83,,,,,
,,,齐鲁银行(601665.SH),5800,22852.00,3.94,-1156.57
,,,开滦股份(600997.SH),3000,19380.00,6.46,-615.90
,,,江苏国泰(002091.SZ),2600,19500.00,7.5,-513.94
,,,粤高速A(000429.SZ),2400,19416.00,8.09,-670.10
,,,贵研铂业(600459.SH),1300,18902.00,14.54,-486.50
,,,郑州银行(002936.SZ),10700,22256.00,2.08,-158.45
2023-11-07,156941.83,33896.83,,,,,
,,,开滦股份(600997.SH),3000,19530.00,6.51,-465.90
,,,齐鲁银行(601665.SH),5800,22968.00,3.96,-1040.57
,,,郑州银行(002936.SZ),10700,22470.00,2.1,55.55
,,,贵研铂业(600459.SH),1300,19175.00,14.75,-213.50
,,,江苏国泰(002091.SZ),2600,19630.00,7.55,-383.94
,,,粤高速A(000429.SZ),2400,19272.00,8.03,-814.10
2023-11-06,156912.83,33896.83,,,,,
,,,开滦股份(600997.SH),3000,19320.00,6.44,-675.90
,,,贵研铂业(600459.SH),1300,19214.00,14.78,-174.50
,,,齐鲁银行(601665.SH),5800,23316.00,4.02,-692.57
,,,江苏国泰(002091.SZ),2600,19760.00,7.6,-253.94
,,,粤高速A(000429.SZ),2400,18936.00,7.89,-1150.10
,,,郑州银行(002936.SZ),10700,22470.00,2.1,55.55
2023-11-03,157184.83,33896.83,,,,,
,,,郑州银行(002936.SZ),10700,22256.00,2.08,-158.45
,,,粤高速A(000429.SZ),2400,19296.00,8.04,-790.10
,,,贵研铂业(600459.SH),1300,18850.00,14.5,-538.50
,,,开滦股份(600997.SH),3000,19920.00,6.64,-75.90
,,,齐鲁银行(601665.SH),5800,23258.00,4.01,-750.57
,,,江苏国泰(002091.SZ),2600,19708.00,7.58,-305.94
2023-11-02,157557.83,33896.83,,,,,
,,,郑州银行(002936.SZ),10700,22363.00,2.09,-51.45
,,,江苏国泰(002091.SZ),2600,19864.00,7.64,-149.94
,,,齐鲁银行(601665.SH),5800,23374.00,4.03,-634.57
,,,开滦股份(600997.SH),3000,19800.00,6.6,-195.90
,,,粤高速A(000429.SZ),2400,19488.00,8.12,-598.10
,,,贵研铂业(600459.SH),1300,18772.00,14.44,-616.50
2023-11-01,157848.83,33896.83,,,,,
,,,江苏国泰(002091.SZ),2600,20046.00,7.71,32.06
,,,郑州银行(002936.SZ),10700,22363.00,2.09,-51.45
,,,齐鲁银行(601665.SH),5800,23432.00,4.04,-576.57
,,,开滦股份(600997.SH),3000,19680.00,6.56,-315.90
,,,粤高速A(000429.SZ),2400,19464.00,8.11,-622.10
,,,贵研铂业(600459.SH),1300,18967.00,14.59,-421.50
2023-10-31,158333.07,34215.07,,,,,
,,,贵研铂业(600459.SH),1300,18980.00,14.6,-408.50
,,,齐鲁银行(601665.SH),7100,28613.00,4.03,-776.80
,,,粤高速A(000429.SZ),2800,22624.00,8.08,-809.79
,,,华邦健康(002004.SZ),3800,18468.00,4.86,-80.57
,,,浙江交科(002061.SZ),4600,17618.00,3.83,-1100.97
,,,无锡银行(600908.SH),3500,17815.00,5.09,-1584.53
2023-10-30,159586.07,34215.07,,,,,
,,,齐鲁银行(601665.SH),7100,28613.00,4.03,-776.80
,,,无锡银行(600908.SH),3500,18200.00,5.2,-1199.53
,,,华邦健康(002004.SZ),3800,19228.00,5.06,679.43
,,,贵研铂业(600459.SH),1300,19136.00,14.72,-252.50
,,,粤高速A(000429.SZ),2800,22484.00,8.03,-949.79
,,,浙江交科(002061.SZ),4600,17710.00,3.85,-1008.97
2023-10-27,160440.07,34215.07,,,,,
,,,贵研铂业(600459.SH),1300,19084.00,14.68,-304.50
,,,浙江交科(002061.SZ),4600,17848.00,3.88,-870.97
,,,华邦健康(002004.SZ),3800,18430.00,4.85,-118.57
,,,无锡银行(600908.SH),3500,18515.00,5.29,-884.53
,,,齐鲁银行(601665.SH),7100,28968.00,4.08,-421.80
,,,粤高速A(000429.SZ),2800,23380.00,8.35,-53.79
2023-10-26,159911.07,34215.07,,,,,
,,,华邦健康(002004.SZ),3800,18088.00,4.76,-460.57
,,,无锡银行(600908.SH),3500,18620.00,5.32,-779.53
,,,齐鲁银行(601665.SH),7100,29110.00,4.1,-279.80
,,,贵研铂业(600459.SH),1300,18668.00,14.36,-720.50
,,,粤高速A(000429.SZ),2800,23408.00,8.36,-25.79
,,,浙江交科(002061.SZ),4600,17802.00,3.87,-916.97
2023-10-25,159302.07,34215.07,,,,,
,,,无锡银行(600908.SH),3500,18550.00,5.3,-849.53
,,,齐鲁银行(601665.SH),7100,28968.00,4.08,-421.80
,,,浙江交科(002061.SZ),4600,17894.00,3.89,-824.97
,,,粤高速A(000429.SZ),2800,22932.00,8.19,-501.79
,,,华邦健康(002004.SZ),3800,18088.00,4.76,-460.57
,,,贵研铂业(600459.SH),1300,18655.00,14.35,-733.50
2023-10-24,158094.07,34215.07,,,,,
,,,无锡银行(600908.SH),3500,18445.00,5.27,-954.53
,,,华邦健康(002004.SZ),3800,18050.00,4.75,-498.57
,,,浙江交科(002061.SZ),4600,17112.00,3.72,-1606.97
,,,齐鲁银行(601665.SH),7100,28826.00,4.06,-563.80
,,,粤高速A(000429.SZ),2800,22960.00,8.2,-473.79
,,,贵研铂业(600459.SH),1300,18486.00,14.22,-902.50
2023-10-23,156490.07,34215.07,,,,,
,,,浙江交科(002061.SZ),4600,16744.00,3.64,-1974.97
,,,贵研铂业(600459.SH),1300,18161.00,13.97,-1227.50
,,,无锡银行(600908.SH),3500,18445.00,5.27,-954.53
,,,齐鲁银行(601665.SH),7100,28613.00,4.03,-776.80
,,,粤高速A(000429.SZ),2800,22680.00,8.1,-753.79
,,,华邦健康(002004.SZ),3800,17632.00,4.64,-916.57
2023-10-20,158858.07,34215.07,,,,,
,,,无锡银行(600908.SH),3500,18865.00,5.39,-534.53
,,,粤高速A(000429.SZ),2800,22708.00,8.11,-725.79
,,,浙江交科(002061.SZ),4600,17158.00,3.73,-1560.97
,,,齐鲁银行(601665.SH),7100,29181.00,4.11,-208.80
,,,贵研铂业(600459.SH),1300,18681.00,14.37,-707.50
,,,华邦健康(002004.SZ),3800,18050.00,4.75,-498.57
2023-10-19,159610.07,34215.07,,,,,
,,,贵研铂业(600459.SH),1300,18733.00,14.41,-655.50
,,,齐鲁银行(601665.SH),7100,29252.00,4.12,-137.80
,,,粤高速A(000429.SZ),2800,23128.00,8.26,-305.79
,,,浙江交科(002061.SZ),4600,17250.00,3.75,-1468.97
,,,华邦健康(002004.SZ),3800,18202.00,4.79,-346.57
,,,无锡银行(600908.SH),3500,18830.00,5.38,-569.53
2023-10-18,161010.07,34215.07,,,,,
,,,无锡银行(600908.SH),3500,19355.00,5.53,-44.53
,,,粤高速A(000429.SZ),2800,23380.00,8.35,-53.79
,,,华邦健康(002004.SZ),3800,18468.00,4.86,-80.57
,,,齐鲁银行(601665.SH),7100,29465.00,4.15,75.20
,,,浙江交科(002061.SZ),4600,17342.00,3.77,-1376.97
,,,贵研铂业(600459.SH),1300,18785.00,14.45,-603.50
2023-10-17,162726.07,34215.07,,,,,
,,,粤高速A(000429.SZ),2800,23464.00,8.38,30.21
,,,浙江交科(002061.SZ),4600,17710.00,3.85,-1008.97
,,,齐鲁银行(601665.SH),7100,29891.00,4.21,501.20
,,,无锡银行(600908.SH),3500,19565.00,5.59,165.47
,,,华邦健康(002004.SZ),3800,18810.00,4.95,261.43
,,,贵研铂业(600459.SH),1300,19071.00,14.67,-317.50
2023-10-16,162445.07,34215.07,,,,,
,,,华邦健康(002004.SZ),3800,18810.00,4.95,261.43
,,,齐鲁银行(601665.SH),7100,29749.00,4.19,359.20
,,,粤高速A(000429.SZ),2800,23548.00,8.41,114.21
,,,浙江交科(002061.SZ),4600,17710.00,3.85,-1008.97
,,,贵研铂业(600459.SH),1300,19058.00,14.66,-330.50
,,,无锡银行(600908.SH),3500,19355.00,5.53,-44.53
2023-10-13,162720.07,34215.07,,,,,
,,,贵研铂业(600459.SH),1300,19188.00,14.76,-200.50
,,,浙江交科(002061.SZ),4600,17710.00,3.85,-1008.97
,,,无锡银行(600908.SH),3500,19355.00,5.53,-44.53
,,,齐鲁银行(601665.SH),7100,29678.00,4.18,288.20
,,,粤高速A(000429.SZ),2800,23688.00,8.46,254.21
,,,华邦健康(002004.SZ),3800,18886.00,4.97,337.43
2023-10-12,163205.07,34215.07,,,,,
,,,齐鲁银行(601665.SH),7100,29749.00,4.19,359.20
,,,贵研铂业(600459.SH),1300,19396.00,14.92,7.50
,,,粤高速A(000429.SZ),2800,23632.00,8.44,198.21
,,,浙江交科(002061.SZ),4600,17940.00,3.9,-778.97
,,,无锡银行(600908.SH),3500,19425.00,5.55,25.47
,,,华邦健康(002004.SZ),3800,18848.00,4.96,299.43
2023-10-11,162151.07,34215.07,,,,,
,,,粤高速A(000429.SZ),2800,23576.00,8.42,142.21
,,,齐鲁银行(601665.SH),7100,29465.00,4.15,75.20
,,,无锡银行(600908.SH),3500,19180.00,5.48,-219.53
,,,浙江交科(002061.SZ),4600,17756.00,3.86,-962.97
,,,华邦健康(002004.SZ),3800,18810.00,4.95,261.43
,,,贵研铂业(600459.SH),1300,19149.00,14.73,-239.50
2023-10-10,162975.07,34215.07,,,,,
,,,浙江交科(002061.SZ),4600,17894.00,3.89,-824.97
,,,无锡银行(600908.SH),3500,19390.00,5.54,-9.53
,,,贵研铂业(600459.SH),1300,19305.00,14.85,-83.50
,,,华邦健康(002004.SZ),3800,18734.00,4.93,185.43
,,,齐鲁银行(601665.SH),7100,29749.00,4.19,359.20
,,,粤高速A(000429.SZ),2800,23688.00,8.46,254.21
2023-10-09,163941.07,34215.07,,,,,
,,,浙江交科(002061.SZ),4600,18492.00,4.02,-226.97
,,,华邦健康(002004.SZ),3800,18810.00,4.95,261.43
,,,贵研铂业(600459.SH),1300,19448.00,14.96,59.50
,,,无锡银行(600908.SH),3500,19285.00,5.51,-114.53
,,,齐鲁银行(601665.SH),7100,29891.00,4.21,501.20
,,,粤高速A(000429.SZ),2800,23800.00,8.5,366.21
2023-09-28,165220.43,34883.43,,,,,
,,,盘江股份(600395.SH),3400,20978.00,6.17,-661.67
,,,华邦健康(002004.SZ),4400,22044.00,5.01,566.70
,,,齐鲁银行(601665.SH),5000,21050.00,4.21,502.84
,,,山西焦化(600740.SH),4600,24150.00,5.25,1097.09
,,,辉隆股份(002556.SZ),3000,21810.00,7.27,-1433.35
,,,山东路桥(000498.SZ),3100,20305.00,6.55,-1227.42
2023-09-27,164017.43,34883.43,,,,,
,,,辉隆股份(002556.SZ),3000,21600.00,7.2,-1643.35
,,,山东路桥(000498.SZ),3100,20398.00,6.58,-1134.42
,,,山西焦化(600740.SH),4600,23276.00,5.06,223.09
,,,盘江股份(600395.SH),3400,20672.00,6.08,-967.67
,,,齐鲁银行(601665.SH),5000,21100.00,4.22,552.84
,,,华邦健康(002004.SZ),4400,22088.00,5.02,610.70
2023-09-26,164090.43,34883.43,,,,,
,,,华邦健康(002004.SZ),4400,22088.00,5.02,610.70
,,,山西焦化(600740.SH),4600,23230.00,5.05,177.09
,,,辉隆股份(002556.SZ),3000,21450.00,7.15,-1793.35
,,,齐鲁银行(601665.SH),5000,21200.00,4.24,652.84
,,,山东路桥(000498.SZ),3100,20057.00,6.47,-1475.42
,,,盘江股份(600395.SH),3400,21182.00,6.23,-457.67
2023-09-25,164968.43,34883.43,,,,,
,,,华邦健康(002004.SZ),4400,22308.00,5.07,830.70
,,,辉隆股份(002556.SZ),3000,21060.00,7.02,-2183.35
,,,山西焦化(600740.SH),4600,23690.00,5.15,637.09
,,,山东路桥(000498.SZ),3100,20119.00,6.49,-1413.42
,,,齐鲁银行(601665.SH),5000,21250.00,4.25,702.84
,,,盘江股份(600395.SH),3400,21658.00,6.37,18.33
2023-09-22,166254.43,34883.43,,,,,
,,,华邦健康(002004.SZ),4400,22264.00,5.06,786.70
,,,辉隆股份(002556.SZ),3000,21300.00,7.1,-1943.35
,,,山西焦化(600740.SH),4600,23782.00,5.17,729.09
,,,齐鲁银行(601665.SH),5000,21150.00,4.23,602.84
,,,盘江股份(600395.SH),3400,22508.00,6.62,868.33
,,,山东路桥(000498.SZ),3100,20367.00,6.57,-1165.42
2023-09-21,165915.43,34883.43,,,,,
,,,盘江股份(600395.SH),3400,22780.00,6.7,1140.33
,,,山西焦化(600740.SH),4600,23920.00,5.2,867.09
,,,山东路桥(000498.SZ),3100,20088.00,6.48,-1444.42
,,,华邦健康(002004.SZ),4400,22044.00,5.01,566.70
,,,齐鲁银行(601665.SH),5000,21200.00,4.24,652.84
,,,辉隆股份(002556.SZ),3000,21000.00,7,-2243.35
2023-09-20,167648.43,34883.43,,,,,
,,,华邦健康(002004.SZ),4400,22396.00,5.09,918.70
,,,齐鲁银行(601665.SH),5000,21250.00,4.25,702.84
,,,山东路桥(000498.SZ),3100,20553.00,6.63,-979.42
,,,盘江股份(600395.SH),3400,22950.00,6.75,1310.33
,,,辉隆股份(002556.SZ),3000,21420.00,7.14,-1823.35
,,,山西焦化(600740.SH),4600,24196.00,5.26,1143.09
2023-09-19,167679.43,34883.43,,,,,
,,,华邦健康(002004.SZ),4400,22308.00,5.07,830.70
,,,辉隆股份(002556.SZ),3000,21510.00,7.17,-1733.35
,,,盘江股份(600395.SH),3400,22984.00,6.76,1344.33
,,,山西焦化(600740.SH),4600,24472.00,5.32,1419.09
,,,山东路桥(000498.SZ),3100,20522.00,6.62,-1010.42
,,,齐鲁银行(601665.SH),5000,21000.00,4.2,452.84
2023-09-18,167736.43,34883.43,,,,,
,,,齐鲁银行(601665.SH),5000,20850.00,4.17,302.84
,,,辉隆股份(002556.SZ),3000,21750.00,7.25,-1493.35
,,,山西焦化(600740.SH),4600,24610.00,5.35,1557.09
,,,盘江股份(600395.SH),3400,22950.00,6.75,1310.33
,,,山东路桥(000498.SZ),3100,20429.00,6.59,-1103.42
,,,华邦健康(002004.SZ),4400,22264.00,5.06,786.70
2023-09-15,167215.43,34883.43,,,,,
,,,山西焦化(600740.SH),4600,24150.00,5.25,1097.09
,,,盘江股份(600395.SH),3400,22848.00,6.72,1208.33
,,,华邦健康(002004.SZ),4400,22220.00,5.05,742.70
,,,辉隆股份(002556.SZ),3000,21630.00,7.21,-1613.35
,,,山东路桥(000498.SZ),3100,20584.00,6.64,-948.42
,,,齐鲁银行(601665.SH),5000,20900.00,4.18,352.84
2023-09-14,167448.43,34883.43,,,,,
,,,辉隆股份(002556.SZ),3000,21750.00,7.25,-1493.35
,,,盘江股份(600395.SH),3400,22950.00,6.75,1310.33
,,,山东路桥(000498.SZ),3100,20553.00,6.63,-979.42
,,,山西焦化(600740.SH),4600,24242.00,5.27,1189.09
,,,华邦健康(002004.SZ),4400,22220.00,5.05,742.70
,,,齐鲁银行(601665.SH),5000,20850.00,4.17,302.84
2023-09-13,166488.43,34883.43,,,,,
,,,华邦健康(002004.SZ),4400,22132.00,5.03,654.70
,,,辉隆股份(002556.SZ),3000,21780.00,7.26,-1463.35
,,,盘江股份(600395.SH),3400,22678.00,6.67,1038.33
,,,山东路桥(000498.SZ),3100,20491.00,6.61,-1041.42
,,,齐鲁银行(601665.SH),5000,20650.00,4.13,102.84
,,,山西焦化(600740.SH),4600,23874.00,5.19,821.09
2023-09-12,166564.43,34883.43,,,,,
,,,华邦健康(002004.SZ),4400,22352.00,5.08,874.70
,,,盘江股份(600395.SH),3400,22508.00,6.62,868.33
,,,辉隆股份(002556.SZ),3000,21960.00,7.32,-1283.35
,,,山东路桥(000498.SZ),3100,20429.00,6.59,-1103.42
,,,齐鲁银行(601665.SH),5000,20650.00,4.13,102.84
,,,山西焦化(600740.SH),4600,23782.00,5.17,729.09
2023-09-11,166399.43,34883.43,,,,,
,,,齐鲁银行(601665.SH),5000,20750.00,4.15,202.84
,,,华邦健康(002004.SZ),4400,22132.00,5.03,654.70
,,,山西焦化(600740.SH),4600,23828.00,5.18,775.09
,,,山东路桥(000498.SZ),3100,20398.00,6.58,-1134.42
,,,盘江股份(600395.SH),3400,22508.00,6.62,868.33
,,,辉隆股份(002556.SZ),3000,21900.00,7.3,-1343.35
2023-09-08,165384.43,34883.43,,,,,
,,,华邦健康(002004.SZ),4400,21648.00,4.92,170.70
,,,齐鲁银行(601665.SH),5000,20700.00,4.14,152.84
,,,盘江股份(600395.SH),3400,22474.00,6.61,834.33
,,,山东路桥(000498.SZ),3100,20181.00,6.51,-1351.42
,,,山西焦化(600740.SH),4600,23598.00,5.13,545.09
,,,辉隆股份(002556.SZ),3000,21900.00,7.3,-1343.35
2023-09-07,165820.43,34883.43,,,,,
,,,华邦健康(002004.SZ),4400,21252.00,4.83,-225.30
,,,盘江股份(600395.SH),3400,22746.00,6.69,1106.33
,,,山西焦化(600740.SH),4600,23782.00,5.17,729.09
,,,齐鲁银行(601665.SH),5000,20800.00,4.16,252.84
,,,辉隆股份(002556.SZ),3000,21990.00,7.33,-1253.35
,,,山东路桥(000498.SZ),3100,20367.00,6.57,-1165.42
2023-09-06,166826.43,34883.43,,,,,
,,,山东路桥(000498.SZ),3100,20677.00,6.67,-855.42
,,,山西焦化(600740.SH),4600,23966.00,5.21,913.09
,,,辉隆股份(002556.SZ),3000,22140.00,7.38,-1103.35
,,,盘江股份(600395.SH),3400,22882.00,6.73,1242.33
,,,齐鲁银行(601665.SH),5000,20850.00,4.17,302.84
,,,华邦健康(002004.SZ),4400,21428.00,4.87,-49.30
2023-09-05,166902.43,34883.43,,,,,
,,,山西焦化(600740.SH),4600,24058.00,5.23,1005.09
,,,辉隆股份(002556.SZ),3000,22140.00,7.38,-1103.35
,,,盘江股份(600395.SH),3400,22848.00,6.72,1208.33
,,,华邦健康(002004.SZ),4400,21472.00,4.88,-5.30
,,,山东路桥(000498.SZ),3100,20801.00,6.71,-731.42
,,,齐鲁银行(601665.SH),5000,20700.00,4.14,152.84
2023-09-04,167289.43,34883.43,,,,,
,,,齐鲁银行(601665.SH),5000,20650.00,4.13,102.84
,,,山东路桥(000498.SZ),3100,21018.00,6.78,-514.42
,,,盘江股份(600395.SH),3400,22712.00,6.68,1072.33
,,,辉隆股份(002556.SZ),3000,22140.00,7.38,-1103.35
,,,山西焦化(600740.SH),4600,24150.00,5.25,1097.09
,,,华邦健康(002004.SZ),4400,21736.00,4.94,258.70
2023-09-01,164300.43,34883.43,,,,,
,,,盘江股份(600395.SH),3400,21862.00,6.43,222.33
,,,华邦健康(002004.SZ),4400,21384.00,4.86,-93.30
,,,山西焦化(600740.SH),4600,23552.00,5.12,499.09
,,,山东路桥(000498.SZ),3100,20739.00,6.69,-793.42
,,,辉隆股份(002556.SZ),3000,22080.00,7.36,-1163.35
,,,齐鲁银行(601665.SH),5000,19800.00,3.96,-747.16
2023-08-31,163212.90,36333.90,,,,,
,,,齐鲁银行(601665.SH),6300,24696.00,3.92,-1193.42
,,,郑州银行(002936.SZ),8200,17548.00,2.14,288.38
,,,无锡银行(600908.SH),4000,21480.00,5.37,-1051.72
,,,山东路桥(000498.SZ),3100,20615.00,6.65,-917.42
,,,上海能源(600508.SH),1500,20370.00,13.58,-1399.97
,,,辉隆股份(002556.SZ),3000,22170.00,7.39,-1073.35
2023-08-30,163499.90,36333.90,,,,,
,,,上海能源(600508.SH),1500,20505.00,13.67,-1264.97
,,,郑州银行(002936.SZ),8200,17630.00,2.15,370.38
,,,无锡银行(600908.SH),4000,21480.00,5.37,-1051.72
,,,山东路桥(000498.SZ),3100,20739.00,6.69,-793.42
,,,齐鲁银行(601665.SH),6300,24822.00,3.94,-1067.42
,,,辉隆股份(002556.SZ),3000,21990.00,7.33,-1253.35
2023-08-29,165782.90,36333.90,,,,,
,,,齐鲁银行(601665.SH),6300,25452.00,4.04,-437.42
,,,山东路桥(000498.SZ),3100,21173.00,6.83,-359.42
,,,辉隆股份(002556.SZ),3000,21900.00,7.3,-1343.35
,,,郑州银行(002936.SZ),8200,18204.00,2.22,944.38
,,,上海能源(600508.SH),1500,20640.00,13.76,-1129.97
,,,无锡银行(600908.SH),4000,22080.00,5.52,-451.72
2023-08-28,166144.90,36333.90,,,,,
,,,山东路桥(000498.SZ),3100,20367.00,6.57,-1165.42
,,,上海能源(600508.SH),1500,20595.00,13.73,-1174.97
,,,无锡银行(600908.SH),4000,22400.00,5.6,-131.72
,,,郑州银行(002936.SZ),8200,18614.00,2.27,1354.38
,,,齐鲁银行(601665.SH),6300,26145.00,4.15,255.58
,,,辉隆股份(002556.SZ),3000,21690.00,7.23,-1553.35
2023-08-25,163724.90,36333.90,,,,,
,,,郑州银行(002936.SZ),8200,18204.00,2.22,944.38
,,,山东路桥(000498.SZ),3100,19747.00,6.37,-1785.42
,,,上海能源(600508.SH),1500,19995.00,13.33,-1774.97
,,,辉隆股份(002556.SZ),3000,21810.00,7.27,-1433.35
,,,齐鲁银行(601665.SH),6300,25515.00,4.05,-374.42
,,,无锡银行(600908.SH),4000,22120.00,5.53,-411.72
2023-08-24,163947.90,36333.90,,,,,
,,,无锡银行(600908.SH),4000,21720.00,5.43,-811.72
,,,齐鲁银行(601665.SH),6300,25389.00,4.03,-500.42
,,,山东路桥(000498.SZ),3100,19685.00,6.35,-1847.42
,,,上海能源(600508.SH),1500,20910.00,13.94,-859.97
,,,郑州银行(002936.SZ),8200,18040.00,2.2,780.38
,,,辉隆股份(002556.SZ),3000,21870.00,7.29,-1373.35
2023-08-23,165705.90,36333.90,,,,,
,,,辉隆股份(002556.SZ),3000,21960.00,7.32,-1283.35
,,,山东路桥(000498.SZ),3100,20119.00,6.49,-1413.42
,,,齐鲁银行(601665.SH),6300,25704.00,4.08,-185.42
,,,上海能源(600508.SH),1500,21225.00,14.15,-544.97
,,,郑州银行(002936.SZ),8200,18204.00,2.22,944.38
,,,无锡银行(600908.SH),4000,22160.00,5.54,-371.72
2023-08-22,165974.90,36333.90,,,,,
,,,上海能源(600508.SH),1500,20985.00,13.99,-784.97
,,,辉隆股份(002556.SZ),3000,22320.00,7.44,-923.35
,,,无锡银行(600908.SH),4000,21960.00,5.49,-571.72
,,,郑州银行(002936.SZ),8200,18368.00,2.24,1108.38
,,,山东路桥(000498.SZ),3100,20367.00,6.57,-1165.42
,,,齐鲁银行(601665.SH),6300,25641.00,4.07,-248.42
2023-08-21,165545.90,36333.90,,,,,
,,,辉隆股份(002556.SZ),3000,22500.00,7.5,-743.35
,,,上海能源(600508.SH),1500,20775.00,13.85,-994.97
,,,无锡银行(600908.SH),4000,21600.00,5.4,-931.72
,,,郑州银行(002936.SZ),8200,18204.00,2.22,944.38
,,,山东路桥(000498.SZ),3100,20429.00,6.59,-1103.42
,,,齐鲁银行(601665.SH),6300,25704.00,4.08,-185.42
2023-08-18,166664.90,36333.90,,,,,
,,,齐鲁银行(601665.SH),6300,25830.00,4.1,-59.42
,,,无锡银行(600908.SH),4000,21840.00,5.46,-691.72
,,,郑州银行(002936.SZ),8200,18532.00,2.26,1272.38
,,,山东路桥(000498.SZ),3100,20584.00,6.64,-948.42
,,,辉隆股份(002556.SZ),3000,22590.00,7.53,-653.35
,,,上海能源(600508.SH),1500,20955.00,13.97,-814.97
2023-08-17,166657.90,36333.90,,,,,
,,,上海能源(600508.SH),1500,21045.00,14.03,-724.97
,,,山东路桥(000498.SZ),3100,20677.00,6.67,-855.42
,,,齐鲁银行(601665.SH),6300,25704.00,4.08,-185.42
,,,郑州银行(002936.SZ),8200,18368.00,2.24,1108.38
,,,无锡银行(600908.SH),4000,21760.00,5.44,-771.72
,,,辉隆股份(002556.SZ),3000,22770.00,7.59,-473.35
2023-08-16,167194.90,36333.90,,,,,
,,,上海能源(600508.SH),1500,21195.00,14.13,-574.97
,,,山东路桥(000498.SZ),3100,20646.00,6.66,-886.42
,,,无锡银行(600908.SH),4000,21880.00,5.47,-651.72
,,,辉隆股份(002556.SZ),3000,22860.00,7.62,-383.35
,,,郑州银行(002936.SZ),8200,18450.00,2.25,1190.38
,,,齐鲁银行(601665.SH),6300,25830.00,4.1,-59.42
2023-08-15,167560.90,36333.90,,,,,
,,,郑州银行(002936.SZ),8200,18368.00,2.24,1108.38
,,,山东路桥(000498.SZ),3100,20739.00,6.69,-793.42
,,,齐鲁银行(601665.SH),6300,25830.00,4.1,-59.42
,,,辉隆股份(002556.SZ),3000,23070.00,7.69,-173.35
,,,无锡银行(600908.SH),4000,21920.00,5.48,-611.72
,,,上海能源(600508.SH),1500,21300.00,14.2,-469.97
2023-08-14,167270.90,36333.90,,,,,
,,,齐鲁银行(601665.SH),6300,25578.00,4.06,-311.42
,,,无锡银行(600908.SH),4000,21800.00,5.45,-731.72
,,,上海能源(600508.SH),1500,21255.00,14.17,-514.97
,,,辉隆股份(002556.SZ),3000,22980.00,7.66,-263.35
,,,山东路桥(000498.SZ),3100,20956.00,6.76,-576.42
,,,郑州银行(002936.SZ),8200,18368.00,2.24,1108.38
2023-08-11,167958.90,36333.90,,,,,
,,,郑州银行(002936.SZ),8200,18614.00,2.27,1354.38
,,,齐鲁银行(601665.SH),6300,25767.00,4.09,-122.42
,,,上海能源(600508.SH),1500,21300.00,14.2,-469.97
,,,辉隆股份(002556.SZ),3000,23130.00,7.71,-113.35
,,,无锡银行(600908.SH),4000,21920.00,5.48,-611.72
,,,山东路桥(000498.SZ),3100,20894.00,6.74,-638.42
2023-08-10,169858.90,36333.90,,,,,
,,,上海能源(600508.SH),1500,21540.00,14.36,-229.97
,,,郑州银行(002936.SZ),8200,19024.00,2.32,1764.38
,,,无锡银行(600908.SH),4000,22360.00,5.59,-171.72
,,,辉隆股份(002556.SZ),3000,23160.00,7.72,-83.35
,,,齐鲁银行(601665.SH),6300,26082.00,4.14,192.58
,,,山东路桥(000498.SZ),3100,21359.00,6.89,-173.42
2023-08-09,169542.90,36333.90,,,,,
,,,无锡银行(600908.SH),4000,22400.00,5.6,-131.72
,,,郑州银行(002936.SZ),8200,19024.00,2.32,1764.38
,,,山东路桥(000498.SZ),3100,21390.00,6.9,-142.42
,,,辉隆股份(002556.SZ),3000,23040.00,7.68,-203.35
,,,齐鲁银行(601665.SH),6300,26145.00,4.15,255.58
,,,上海能源(600508.SH),1500,21210.00,14.14,-559.97
2023-08-08,169677.90,36333.90,,,,,
,,,上海能源(600508.SH),1500,21270.00,14.18,-499.97
,,,辉隆股份(002556.SZ),3000,23100.00,7.7,-143.35
,,,齐鲁银行(601665.SH),6300,25956.00,4.12,66.58
,,,郑州银行(002936.SZ),8200,19188.00,2.34,1928.38
,,,无锡银行(600908.SH),4000,22440.00,5.61,-91.72
,,,山东路桥(000498.SZ),3100,21390.00,6.9,-142.42
2023-08-07,170031.90,36333.90,,,,,
,,,无锡银行(600908.SH),4000,22480.00,5.62,-51.72
,,,辉隆股份(002556.SZ),3000,23250.00,7.75,6.65
,,,山东路桥(000498.SZ),3100,21421.00,6.91,-111.42
,,,郑州银行(002936.SZ),8200,19270.00,2.35,2010.38
,,,齐鲁银行(601665.SH),6300,26082.00,4.14,192.58
,,,上海能源(600508.SH),1500,21195.00,14.13,-574.97
2023-08-04,171105.90,36333.90,,,,,
,,,无锡银行(600908.SH),4000,22720.00,5.68,188.28
,,,上海能源(600508.SH),1500,21405.00,14.27,-364.97
,,,辉隆股份(002556.SZ),3000,23190.00,7.73,-53.35
,,,郑州银行(002936.SZ),8200,19516.00,2.38,2256.38
,,,山东路桥(000498.SZ),3100,21607.00,6.97,74.58
,,,齐鲁银行(601665.SH),6300,26334.00,4.18,444.58
2023-08-03,170713.90,36333.90,,,,,
,,,无锡银行(600908.SH),4000,22600.00,5.65,68.28
,,,上海能源(600508.SH),1500,21525.00,14.35,-244.97
,,,辉隆股份(002556.SZ),3000,23070.00,7.69,-173.35
,,,郑州银行(002936.SZ),8200,19434.00,2.37,2174.38
,,,齐鲁银行(601665.SH),6300,26082.00,4.14,192.58
,,,山东路桥(000498.SZ),3100,21669.00,6.99,136.58
2023-08-02,169978.90,36333.90,,,,,
,,,山东路桥(000498.SZ),3100,21514.00,6.94,-18.42
,,,齐鲁银行(601665.SH),6300,25893.00,4.11,3.58
,,,郑州银行(002936.SZ),8200,19188.00,2.34,1928.38
,,,无锡银行(600908.SH),4000,22320.00,5.58,-211.72
,,,辉隆股份(002556.SZ),3000,23100.00,7.7,-143.35
,,,上海能源(600508.SH),1500,21630.00,14.42,-139.97
2023-08-01,170857.90,36333.90,,,,,
,,,无锡银行(600908.SH),4000,22480.00,5.62,-51.72
,,,辉隆股份(002556.SZ),3000,23160.00,7.72,-83.35
,,,上海能源(600508.SH),1500,21975.00,14.65,205.03
,,,山东路桥(000498.SZ),3100,21576.00,6.96,43.58
,,,齐鲁银行(601665.SH),6300,26145.00,4.15,255.58
,,,郑州银行(002936.SZ),8200,19188.00,2.34,1928.38
2023-07-31,170767.68,33598.68,,,,,
,,,久立特材(002318.SZ),1200,21276.00,17.73,600.54
,,,南钢股份(600282.SH),6900,25254.00,3.66,1947.50
,,,盘江股份(600395.SH),2900,20677.00,7.13,1115.10
,,,万向钱潮(000559.SZ),3900,21762.00,5.58,1318.07
,,,佛燃能源(002911.SZ),1800,23760.00,13.2,522.66
,,,郑州银行(002936.SZ),10400,24440.00,2.35,2549.75
2023-07-28,170026.68,33598.68,,,,,
,,,郑州银行(002936.SZ),10400,24232.00,2.33,2341.75
,,,万向钱潮(000559.SZ),3900,21723.00,5.57,1279.07
,,,久立特材(002318.SZ),1200,21156.00,17.63,480.54
,,,盘江股份(600395.SH),2900,20648.00,7.12,1086.10
,,,南钢股份(600282.SH),6900,25323.00,3.67,2016.50
,,,佛燃能源(002911.SZ),1800,23346.00,12.97,108.66
2023-07-27,167355.68,33598.68,,,,,
,,,久立特材(002318.SZ),1200,21012.00,17.51,336.54
,,,盘江股份(600395.SH),2900,20445.00,7.05,883.10
,,,万向钱潮(000559.SZ),3900,21450.00,5.5,1006.07
,,,南钢股份(600282.SH),6900,24564.00,3.56,1257.50
,,,佛燃能源(002911.SZ),1800,23094.00,12.83,-143.34
,,,郑州银行(002936.SZ),10400,23192.00,2.23,1301.75
2023-07-26,166528.68,33598.68,,,,,
,,,久立特材(002318.SZ),1200,20892.00,17.41,216.54
,,,万向钱潮(000559.SZ),3900,21177.00,5.43,733.07
,,,盘江股份(600395.SH),2900,20648.00,7.12,1086.10
,,,佛燃能源(002911.SZ),1800,23184.00,12.88,-53.34
,,,南钢股份(600282.SH),6900,24357.00,3.53,1050.50
,,,郑州银行(002936.SZ),10400,22672.00,2.18,781.75
2023-07-25,167070.68,33598.68,,,,,
,,,佛燃能源(002911.SZ),1800,23526.00,13.07,288.66
,,,久立特材(002318.SZ),1200,20976.00,17.48,300.54
,,,郑州银行(002936.SZ),10400,22672.00,2.18,781.75
,,,万向钱潮(000559.SZ),3900,21645.00,5.55,1201.07
,,,盘江股份(600395.SH),2900,20503.00,7.07,941.10
,,,南钢股份(600282.SH),6900,24150.00,3.5,843.50
2023-07-24,165147.68,33598.68,,,,,
,,,盘江股份(600395.SH),2900,20329.00,7.01,767.10
,,,南钢股份(600282.SH),6900,23736.00,3.44,429.50
,,,佛燃能源(002911.SZ),1800,23490.00,13.05,252.66
,,,久立特材(002318.SZ),1200,20652.00,17.21,-23.46
,,,万向钱潮(000559.SZ),3900,21294.00,5.46,850.07
,,,郑州银行(002936.SZ),10400,22048.00,2.12,157.75
2023-07-21,165055.68,33598.68,,,,,
,,,郑州银行(002936.SZ),10400,22152.00,2.13,261.75
,,,久立特材(002318.SZ),1200,20808.00,17.34,132.54
,,,万向钱潮(000559.SZ),3900,21216.00,5.44,772.07
,,,南钢股份(600282.SH),6900,23598.00,3.42,291.50
,,,盘江股份(600395.SH),2900,20445.00,7.05,883.10
,,,佛燃能源(002911.SZ),1800,23238.00,12.91,0.66
2023-07-20,165274.68,33598.68,,,,,
,,,久立特材(002318.SZ),1200,20496.00,17.08,-179.46
,,,万向钱潮(000559.SZ),3900,21489.00,5.51,1045.07
,,,郑州银行(002936.SZ),10400,21944.00,2.11,53.75
,,,盘江股份(600395.SH),2900,20503.00,7.07,941.10
,,,南钢股份(600282.SH),6900,23736.00,3.44,429.50
,,,佛燃能源(002911.SZ),1800,23508.00,13.06,270.66
2023-07-19,166040.68,33598.68,,,,,
,,,久立特材(002318.SZ),1200,20664.00,17.22,-11.46
,,,南钢股份(600282.SH),6900,23598.00,3.42,291.50
,,,郑州银行(002936.SZ),10400,22048.00,2.12,157.75
,,,万向钱潮(000559.SZ),3900,21840.00,5.6,1396.07
,,,盘江股份(600395.SH),2900,20532.00,7.08,970.10
,,,佛燃能源(002911.SZ),1800,23760.00,13.2,522.66
2023-07-18,165954.68,33598.68,,,,,
,,,郑州银行(002936.SZ),10400,21944.00,2.11,53.75
,,,南钢股份(600282.SH),6900,23667.00,3.43,360.50
,,,佛燃能源(002911.SZ),1800,23832.00,13.24,594.66
,,,久立特材(002318.SZ),1200,20424.00,17.02,-251.46
,,,万向钱潮(000559.SZ),3900,21957.00,5.63,1513.07
,,,盘江股份(600395.SH),2900,20532.00,7.08,970.10
2023-07-17,165507.68,33598.68,,,,,
,,,万向钱潮(000559.SZ),3900,21645.00,5.55,1201.07
,,,久立特材(002318.SZ),1200,20580.00,17.15,-95.46
,,,佛燃能源(002911.SZ),1800,23634.00,13.13,396.66
,,,盘江股份(600395.SH),2900,20474.00,7.06,912.10
,,,南钢股份(600282.SH),6900,23736.00,3.44,429.50
,,,郑州银行(002936.SZ),10400,21840.00,2.1,-50.25
2023-07-14,166833.68,33598.68,,,,,
,,,南钢股份(600282.SH),6900,23874.00,3.46,567.50
,,,万向钱潮(000559.SZ),3900,21801.00,5.59,1357.07
,,,佛燃能源(002911.SZ),1800,23994.00,13.33,756.66
,,,郑州银行(002936.SZ),10400,22048.00,2.12,157.75
,,,久立特材(002318.SZ),1200,20580.00,17.15,-95.46
,,,盘江股份(600395.SH),2900,20938.00,7.22,1376.10
2023-07-13,166841.68,33598.68,,,,,
,,,万向钱潮(000559.SZ),3900,21879.00,5.61,1435.07
,,,南钢股份(600282.SH),6900,24012.00,3.48,705.50
,,,盘江股份(600395.SH),2900,20706.00,7.14,1144.10
,,,久立特材(002318.SZ),1200,20604.00,17.17,-71.46
,,,佛燃能源(002911.SZ),1800,23994.00,13.33,756.66
,,,郑州银行(002936.SZ),10400,22048.00,2.12,157.75
2023-07-12,166670.68,33598.68,,,,,
,,,盘江股份(600395.SH),2900,20619.00,7.11,1057.10
,,,南钢股份(600282.SH),6900,23943.00,3.47,636.50
,,,久立特材(002318.SZ),1200,20928.00,17.44,252.54
,,,郑州银行(002936.SZ),10400,21736.00,2.09,-154.25
,,,万向钱潮(000559.SZ),3900,21996.00,5.64,1552.07
,,,佛燃能源(002911.SZ),1800,23850.00,13.25,612.66
2023-07-11,167111.68,33598.68,,,,,
,,,久立特材(002318.SZ),1200,21300.00,17.75,624.54
,,,南钢股份(600282.SH),6900,24081.00,3.49,774.50
,,,盘江股份(600395.SH),2900,20648.00,7.12,1086.10
,,,佛燃能源(002911.SZ),1800,23544.00,13.08,306.66
,,,万向钱潮(000559.SZ),3900,21996.00,5.64,1552.07
,,,郑州银行(002936.SZ),10400,21944.00,2.11,53.75
2023-07-10,166049.68,33598.68,,,,,
,,,郑州银行(002936.SZ),10400,21840.00,2.1,-50.25
,,,久立特材(002318.SZ),1200,21300.00,17.75,624.54
,,,盘江股份(600395.SH),2900,20590.00,7.1,1028.10
,,,万向钱潮(000559.SZ),3900,21528.00,5.52,1084.07
,,,南钢股份(600282.SH),6900,23667.00,3.43,360.50
,,,佛燃能源(002911.SZ),1800,23526.00,13.07,288.66
2023-07-07,165317.68,33598.68,,,,,
,,,久立特材(002318.SZ),1200,20796.00,17.33,120.54
,,,郑州银行(002936.SZ),10400,21944.00,2.11,53.75
,,,万向钱潮(000559.SZ),3900,21645.00,5.55,1201.07
,,,佛燃能源(002911.SZ),1800,23382.00,12.99,144.66
,,,南钢股份(600282.SH),6900,23391.00,3.39,84.50
,,,盘江股份(600395.SH),2900,20561.00,7.09,999.10
2023-07-06,164319.68,33598.68,,,,,
,,,盘江股份(600395.SH),2900,20358.00,7.02,796.10
,,,万向钱潮(000559.SZ),3900,21684.00,5.56,1240.07
,,,南钢股份(600282.SH),6900,23253.00,3.37,-53.50
,,,久立特材(002318.SZ),1200,20808.00,17.34,132.54
,,,佛燃能源(002911.SZ),1800,22986.00,12.77,-251.34
,,,郑州银行(002936.SZ),10400,21632.00,2.08,-258.25
2023-07-05,165281.68,33598.68,,,,,
,,,南钢股份(600282.SH),6900,23391.00,3.39,84.50
,,,佛燃能源(002911.SZ),1800,23040.00,12.8,-197.34
,,,久立特材(002318.SZ),1200,21264.00,17.72,588.54
,,,盘江股份(600395.SH),2900,20503.00,7.07,941.10
,,,郑州银行(002936.SZ),10400,21840.00,2.1,-50.25
,,,万向钱潮(000559.SZ),3900,21645.00,5.55,1201.07
2023-07-04,164689.68,33598.68,,,,,
,,,郑州银行(002936.SZ),10400,21840.00,2.1,-50.25
,,,南钢股份(600282.SH),6900,23460.00,3.4,153.50
,,,万向钱潮(000559.SZ),3900,21762.00,5.58,1318.07
,,,盘江股份(600395.SH),2900,20445.00,7.05,883.10
,,,佛燃能源(002911.SZ),1800,22896.00,12.72,-341.34
,,,久立特材(002318.SZ),1200,20688.00,17.24,12.54
2023-07-03,164528.68,33598.68,,,,,
,,,久立特材(002318.SZ),1200,20460.00,17.05,-215.46
,,,盘江股份(600395.SH),2900,20474.00,7.06,912.10
,,,佛燃能源(002911.SZ),1800,23328.00,12.96,90.66
,,,万向钱潮(000559.SZ),3900,21333.00,5.47,889.07
,,,郑州银行(002936.SZ),10400,21944.00,2.11,53.75
,,,南钢股份(600282.SH),6900,23391.00,3.39,84.50
2023-06-30,163981.97,35432.97,,,,,
,,,万向钱潮(000559.SZ),5700,31065.00,5.45,1185.42
,,,劲嘉股份(002191.SZ),3000,18060.00,6.02,-1063.90
,,,蓝帆医疗(002382.SZ),2700,19386.00,7.18,-829.40
,,,盘江股份(600395.SH),2900,20155.00,6.95,593.10
,,,江苏国泰(002091.SZ),2500,18850.00,7.54,-268.88
,,,山西焦化(600740.SH),4100,21033.00,5.13,485.84
2023-06-29,163521.97,35432.97,,,,,
,,,劲嘉股份(002191.SZ),3000,17730.00,5.91,-1393.90
,,,盘江股份(600395.SH),2900,20039.00,6.91,477.10
,,,蓝帆医疗(002382.SZ),2700,19305.00,7.15,-910.40
,,,山西焦化(600740.SH),4100,20951.00,5.11,403.84
,,,万向钱潮(000559.SZ),5700,31464.00,5.52,1584.42
,,,江苏国泰(002091.SZ),2500,18600.00,7.44,-518.88
2023-06-28,163612.97,35432.97,,,,,
,,,盘江股份(600395.SH),2900,20358.00,7.02,796.10
,,,江苏国泰(002091.SZ),2500,18650.00,7.46,-468.88
,,,劲嘉股份(002191.SZ),3000,17850.00,5.95,-1273.90
,,,山西焦化(600740.SH),4100,21402.00,5.22,854.84
,,,万向钱潮(000559.SZ),5700,30723.00,5.39,843.42
,,,蓝帆医疗(002382.SZ),2700,19197.00,7.11,-1018.40
2023-06-27,162510.97,35432.97,,,,,
,,,劲嘉股份(002191.SZ),3000,17790.00,5.93,-1333.90
,,,江苏国泰(002091.SZ),2500,18675.00,7.47,-443.88
,,,万向钱潮(000559.SZ),5700,30666.00,5.38,786.42
,,,盘江股份(600395.SH),2900,20126.00,6.94,564.10
,,,蓝帆医疗(002382.SZ),2700,19116.00,7.08,-1099.40
,,,山西焦化(600740.SH),4100,20705.00,5.05,157.84
2023-06-26,161416.97,35432.97,,,,,
,,,万向钱潮(000559.SZ),5700,30210.00,5.3,330.42
,,,劲嘉股份(002191.SZ),3000,17520.00,5.84,-1603.90
,,,蓝帆医疗(002382.SZ),2700,18900.00,7,-1315.40
,,,江苏国泰(002091.SZ),2500,18525.00,7.41,-593.88
,,,盘江股份(600395.SH),2900,20329.00,7.01,767.10
,,,山西焦化(600740.SH),4100,20500.00,5,-47.16
2023-06-21,161944.97,35432.97,,,,,
,,,万向钱潮(000559.SZ),5700,30552.00,5.36,672.42
,,,山西焦化(600740.SH),4100,20541.00,5.01,-6.16
,,,劲嘉股份(002191.SZ),3000,17640.00,5.88,-1483.90
,,,蓝帆医疗(002382.SZ),2700,18981.00,7.03,-1234.40
,,,盘江股份(600395.SH),2900,19923.00,6.87,361.10
,,,江苏国泰(002091.SZ),2500,18875.00,7.55,-243.88
2023-06-20,162740.97,35432.97,,,,,
,,,山西焦化(600740.SH),4100,20541.00,5.01,-6.16
,,,蓝帆医疗(002382.SZ),2700,19197.00,7.11,-1018.40
,,,江苏国泰(002091.SZ),2500,18900.00,7.56,-218.88
,,,万向钱潮(000559.SZ),5700,30723.00,5.39,843.42
,,,盘江股份(600395.SH),2900,20097.00,6.93,535.10
,,,劲嘉股份(002191.SZ),3000,17850.00,5.95,-1273.90
2023-06-19,163357.97,35432.97,,,,,
,,,山西焦化(600740.SH),4100,20623.00,5.03,75.84
,,,万向钱潮(000559.SZ),5700,30723.00,5.39,843.42
,,,盘江股份(600395.SH),2900,20271.00,6.99,709.10
,,,劲嘉股份(002191.SZ),3000,17880.00,5.96,-1243.90
,,,江苏国泰(002091.SZ),2500,19150.00,7.66,31.12
,,,蓝帆医疗(002382.SZ),2700,19278.00,7.14,-937.40
2023-06-16,163444.97,35432.97,,,,,
,,,盘江股份(600395.SH),2900,20213.00,6.97,651.10
,,,蓝帆医疗(002382.SZ),2700,19494.00,7.22,-721.40
,,,万向钱潮(000559.SZ),5700,29982.00,5.26,102.42
,,,江苏国泰(002091.SZ),2500,19375.00,7.75,256.12
,,,劲嘉股份(002191.SZ),3000,18120.00,6.04,-1003.90
,,,山西焦化(600740.SH),4100,20828.00,5.08,280.84
2023-06-15,163565.97,35432.97,,,,,
,,,万向钱潮(000559.SZ),5700,30210.00,5.3,330.42
,,,江苏国泰(002091.SZ),2500,19425.00,7.77,306.12
,,,山西焦化(600740.SH),4100,20746.00,5.06,198.84
,,,盘江股份(600395.SH),2900,20300.00,7,738.10
,,,蓝帆医疗(002382.SZ),2700,19332.00,7.16,-883.40
,,,劲嘉股份(002191.SZ),3000,18120.00,6.04,-1003.90
2023-06-14,163000.97,35432.97,,,,,
,,,劲嘉股份(002191.SZ),3000,18060.00,6.02,-1063.90
,,,万向钱潮(000559.SZ),5700,30153.00,5.29,273.42
,,,盘江股份(600395.SH),2900,20358.00,7.02,796.10
,,,山西焦化(600740.SH),4100,20623.00,5.03,75.84
,,,蓝帆医疗(002382.SZ),2700,19224.00,7.12,-991.40
,,,江苏国泰(002091.SZ),2500,19150.00,7.66,31.12
2023-06-13,163567.97,35432.97,,,,,
,,,劲嘉股份(002191.SZ),3000,18210.00,6.07,-913.90
,,,山西焦化(600740.SH),4100,20664.00,5.04,116.84
,,,江苏国泰(002091.SZ),2500,19150.00,7.66,31.12
,,,蓝帆医疗(002382.SZ),2700,19224.00,7.12,-991.40
,,,万向钱潮(000559.SZ),5700,30210.00,5.3,330.42
,,,盘江股份(600395.SH),2900,20677.00,7.13,1115.10
2023-06-12,163329.97,35432.97,,,,,
,,,万向钱潮(000559.SZ),5700,29982.00,5.26,102.42
,,,蓝帆医疗(002382.SZ),2700,19197.00,7.11,-1018.40
,,,山西焦化(600740.SH),4100,20746.00,5.06,198.84
,,,盘江股份(600395.SH),2900,20532.00,7.08,970.10
,,,劲嘉股份(002191.SZ),3000,18240.00,6.08,-883.90
,,,江苏国泰(002091.SZ),2500,19200.00,7.68,81.12
2023-06-09,161928.97,35432.97,,,,,
,,,盘江股份(600395.SH),2900,19575.00,6.75,13.10
,,,万向钱潮(000559.SZ),5700,29298.00,5.14,-581.58
,,,山西焦化(600740.SH),4100,20705.00,5.05,157.84
,,,江苏国泰(002091.SZ),2500,19250.00,7.7,131.12
,,,蓝帆医疗(002382.SZ),2700,19278.00,7.14,-937.40
,,,劲嘉股份(002191.SZ),3000,18390.00,6.13,-733.90
2023-06-08,161332.97,35432.97,,,,,
,,,劲嘉股份(002191.SZ),3000,17940.00,5.98,-1183.90
,,,江苏国泰(002091.SZ),2500,19325.00,7.73,206.12
,,,盘江股份(600395.SH),2900,19720.00,6.8,158.10
,,,蓝帆医疗(002382.SZ),2700,19197.00,7.11,-1018.40
,,,万向钱潮(000559.SZ),5700,29013.00,5.09,-866.58
,,,山西焦化(600740.SH),4100,20705.00,5.05,157.84
2023-06-07,161242.97,35432.97,,,,,
,,,万向钱潮(000559.SZ),5700,29070.00,5.1,-809.58
,,,江苏国泰(002091.SZ),2500,19400.00,7.76,281.12
,,,蓝帆医疗(002382.SZ),2700,19278.00,7.14,-937.40
,,,山西焦化(600740.SH),4100,20459.00,4.99,-88.16
,,,盘江股份(600395.SH),2900,19633.00,6.77,71.10
,,,劲嘉股份(002191.SZ),3000,17970.00,5.99,-1153.90
2023-06-06,160979.97,35432.97,,,,,
,,,蓝帆医疗(002382.SZ),2700,19278.00,7.14,-937.40
,,,江苏国泰(002091.SZ),2500,19400.00,7.76,281.12
,,,万向钱潮(000559.SZ),5700,29127.00,5.11,-752.58
,,,山西焦化(600740.SH),4100,20582.00,5.02,34.84
,,,劲嘉股份(002191.SZ),3000,17730.00,5.91,-1393.90
,,,盘江股份(600395.SH),2900,19430.00,6.7,-131.90
2023-06-05,162182.97,35432.97,,,,,
,,,蓝帆医疗(002382.SZ),2700,19737.00,7.31,-478.40
,,,江苏国泰(002091.SZ),2500,19625.00,7.85,506.12
,,,盘江股份(600395.SH),2900,19430.00,6.7,-131.90
,,,万向钱潮(000559.SZ),5700,29583.00,5.19,-296.58
,,,劲嘉股份(002191.SZ),3000,17670.00,5.89,-1453.90
,,,山西焦化(600740.SH),4100,20705.00,5.05,157.84
2023-06-02,163348.97,35432.97,,,,,
,,,盘江股份(600395.SH),2900,19604.00,6.76,42.10
,,,万向钱潮(000559.SZ),5700,29469.00,5.17,-410.58
,,,劲嘉股份(002191.SZ),3000,18600.00,6.2,-523.90
,,,蓝帆医疗(002382.SZ),2700,19872.00,7.36,-343.40
,,,江苏国泰(002091.SZ),2500,19625.00,7.85,506.12
,,,山西焦化(600740.SH),4100,20746.00,5.06,198.84
2023-06-01,163340.97,35432.97,,,,,
,,,劲嘉股份(002191.SZ),3000,18840.00,6.28,-283.90
,,,山西焦化(600740.SH),4100,20541.00,5.01,-6.16
,,,江苏国泰(002091.SZ),2500,19125.00,7.65,6.12
,,,万向钱潮(000559.SZ),5700,29640.00,5.2,-239.58
,,,盘江股份(600395.SH),2900,19836.00,6.84,274.10
,,,蓝帆医疗(002382.SZ),2700,19926.00,7.38,-289.40
2023-05-31,163834.69,34125.69,,,,,
,,,立霸股份(603519.SH),1300,17537.00,13.49,-626.69
,,,重庆银行(601963.SH),3600,29916.00,8.31,1374.49
,,,太平鸟(603877.SH),700,16548.00,23.64,74.13
,,,重百集团(600729.SH),500,14715.00,29.43,1153.87
,,,宁沪高速(600377.SH),3500,33425.00,9.55,1291.24
,,,大商股份(600694.SH),900,17568.00,19.52,-94.54
2023-05-30,164315.69,34125.69,,,,,
,,,大商股份(600694.SH),900,17433.00,19.37,-229.54
,,,立霸股份(603519.SH),1300,17823.00,13.71,-340.69
,,,重庆银行(601963.SH),3600,29880.00,8.3,1338.49
,,,太平鸟(603877.SH),700,16674.00,23.82,200.13
,,,宁沪高速(600377.SH),3500,33565.00,9.59,1431.24
,,,重百集团(600729.SH),500,14815.00,29.63,1253.87
2023-05-29,164876.69,34125.69,,,,,
,,,大商股份(600694.SH),900,17397.00,19.33,-265.54
,,,立霸股份(603519.SH),1300,17901.00,13.77,-262.69
,,,重百集团(600729.SH),500,15040.00,30.08,1478.87
,,,宁沪高速(600377.SH),3500,33565.00,9.59,1431.24
,,,重庆银行(601963.SH),3600,29880.00,8.3,1338.49
,,,太平鸟(603877.SH),700,16968.00,24.24,494.13
2023-05-26,164728.69,34125.69,,,,,
,,,重百集团(600729.SH),500,15265.00,30.53,1703.87
,,,重庆银行(601963.SH),3600,29880.00,8.3,1338.49
,,,太平鸟(603877.SH),700,16968.00,24.24,494.13
,,,大商股份(600694.SH),900,17298.00,19.22,-364.54
,,,立霸股份(603519.SH),1300,18187.00,13.99,23.31
,,,宁沪高速(600377.SH),3500,33005.00,9.43,871.24
2023-05-25,163345.69,34125.69,,,,,
,,,太平鸟(603877.SH),700,16989.00,24.27,515.13
,,,宁沪高速(600377.SH),3500,32480.00,9.28,346.24
,,,大商股份(600694.SH),900,17244.00,19.16,-418.54
,,,重庆银行(601963.SH),3600,29664.00,8.24,1122.49
,,,立霸股份(603519.SH),1300,18018.00,13.86,-145.69
,,,重百集团(600729.SH),500,14825.00,29.65,1263.87
2023-05-24,163627.69,34125.69,,,,,
,,,重百集团(600729.SH),500,15000.00,30,1438.87
,,,宁沪高速(600377.SH),3500,32620.00,9.32,486.24
,,,大商股份(600694.SH),900,17388.00,19.32,-274.54
,,,重庆银行(601963.SH),3600,29556.00,8.21,1014.49
,,,太平鸟(603877.SH),700,16842.00,24.06,368.13
,,,立霸股份(603519.SH),1300,18096.00,13.92,-67.69
2023-05-23,165550.69,34125.69,,,,,
,,,大商股份(600694.SH),900,17667.00,19.63,4.46
,,,太平鸟(603877.SH),700,17360.00,24.8,886.13
,,,立霸股份(603519.SH),1300,18174.00,13.98,10.31
,,,宁沪高速(600377.SH),3500,32935.00,9.41,801.24
,,,重百集团(600729.SH),500,15445.00,30.89,1883.87
,,,重庆银行(601963.SH),3600,29844.00,8.29,1302.49
2023-05-22,166948.69,34125.69,,,,,
,,,太平鸟(603877.SH),700,17696.00,25.28,1222.13
,,,重百集团(600729.SH),500,15610.00,31.22,2048.87
,,,宁沪高速(600377.SH),3500,33285.00,9.51,1151.24
,,,大商股份(600694.SH),900,17712.00,19.68,49.46
,,,立霸股份(603519.SH),1300,18460.00,14.2,296.31
,,,重庆银行(601963.SH),3600,30060.00,8.35,1518.49
2023-05-19,167252.69,34125.69,,,,,
,,,重庆银行(601963.SH),3600,30096.00,8.36,1554.49
,,,立霸股份(603519.SH),1300,18122.00,13.94,-41.69
,,,太平鸟(603877.SH),700,18025.00,25.75,1551.13
,,,大商股份(600694.SH),900,17874.00,19.86,211.46
,,,宁沪高速(600377.SH),3500,33355.00,9.53,1221.24
,,,重百集团(600729.SH),500,15655.00,31.31,2093.87
2023-05-18,168056.69,34125.69,,,,,
,,,立霸股份(603519.SH),1300,17758.00,13.66,-405.69
,,,宁沪高速(600377.SH),3500,34160.00,9.76,2026.24
,,,重百集团(600729.SH),500,15500.00,31,1938.87
,,,大商股份(600694.SH),900,18126.00,20.14,463.46
,,,太平鸟(603877.SH),700,17787.00,25.41,1313.13
,,,重庆银行(601963.SH),3600,30600.00,8.5,2058.49
2023-05-17,167862.69,34125.69,,,,,
,,,重庆银行(601963.SH),3600,30420.00,8.45,1878.49
,,,宁沪高速(600377.SH),3500,34090.00,9.74,1956.24
,,,立霸股份(603519.SH),1300,17719.00,13.63,-444.69
,,,大商股份(600694.SH),900,17973.00,19.97,310.46
,,,重百集团(600729.SH),500,15580.00,31.16,2018.87
,,,太平鸟(603877.SH),700,17955.00,25.65,1481.13
2023-05-16,168073.69,34125.69,,,,,
,,,太平鸟(603877.SH),700,17962.00,25.66,1488.13
,,,立霸股份(603519.SH),1300,17784.00,13.68,-379.69
,,,大商股份(600694.SH),900,17910.00,19.9,247.46
,,,重庆银行(601963.SH),3600,30492.00,8.47,1950.49
,,,宁沪高速(600377.SH),3500,34370.00,9.82,2236.24
,,,重百集团(600729.SH),500,15430.00,30.86,1868.87
2023-05-15,170031.69,34125.69,,,,,
,,,大商股份(600694.SH),900,18198.00,20.22,535.46
,,,太平鸟(603877.SH),700,18144.00,25.92,1670.13
,,,重百集团(600729.SH),500,15515.00,31.03,1953.87
,,,重庆银行(601963.SH),3600,30888.00,8.58,2346.49
,,,宁沪高速(600377.SH),3500,35000.00,10,2866.24
,,,立霸股份(603519.SH),1300,18161.00,13.97,-2.69
2023-05-12,168813.69,34125.69,,,,,
,,,立霸股份(603519.SH),1300,17537.00,13.49,-626.69
,,,太平鸟(603877.SH),700,19110.00,27.3,2636.13
,,,大商股份(600694.SH),900,18270.00,20.3,607.46
,,,宁沪高速(600377.SH),3500,34580.00,9.88,2446.24
,,,重庆银行(601963.SH),3600,29916.00,8.31,1374.49
,,,重百集团(600729.SH),500,15275.00,30.55,1713.87
2023-05-11,169209.69,34125.69,,,,,
,,,重百集团(600729.SH),500,15190.00,30.38,1628.87
,,,大商股份(600694.SH),900,18549.00,20.61,886.46
,,,宁沪高速(600377.SH),3500,34510.00,9.86,2376.24
,,,太平鸟(603877.SH),700,19173.00,27.39,2699.13
,,,重庆银行(601963.SH),3600,29592.00,8.22,1050.49
,,,立霸股份(603519.SH),1300,18070.00,13.9,-93.69
2023-05-10,167387.69,34125.69,,,,,
,,,太平鸟(603877.SH),700,17962.00,25.66,1488.13
,,,立霸股份(603519.SH),1300,17654.00,13.58,-509.69
,,,宁沪高速(600377.SH),3500,34965.00,9.99,2831.24
,,,重百集团(600729.SH),500,15215.00,30.43,1653.87
,,,大商股份(600694.SH),900,18090.00,20.1,427.46
,,,重庆银行(601963.SH),3600,29376.00,8.16,834.49
2023-05-09,170034.69,34125.69,,,,,
,,,重庆银行(601963.SH),3600,30960.00,8.6,2418.49
,,,宁沪高速(600377.SH),3500,35665.00,10.19,3531.24
,,,立霸股份(603519.SH),1300,17810.00,13.7,-353.69
,,,重百集团(600729.SH),500,15400.00,30.8,1838.87
,,,大商股份(600694.SH),900,18378.00,20.42,715.46
,,,太平鸟(603877.SH),700,17696.00,25.28,1222.13
2023-05-08,171523.69,34125.69,,,,,
,,,大商股份(600694.SH),900,18630.00,20.7,967.46
,,,重百集团(600729.SH),500,15375.00,30.75,1813.87
,,,重庆银行(601963.SH),3600,29988.00,8.33,1446.49
,,,立霸股份(603519.SH),1300,17979.00,13.83,-184.69
,,,太平鸟(603877.SH),700,18011.00,25.73,1537.13
,,,宁沪高速(600377.SH),3500,37415.00,10.69,5281.24
2023-05-05,167664.69,34125.69,,,,,
,,,重百集团(600729.SH),500,15720.00,31.44,2158.87
,,,太平鸟(603877.SH),700,18256.00,26.08,1782.13
,,,重庆银行(601963.SH),3600,29124.00,8.09,582.49
,,,宁沪高速(600377.SH),3500,34020.00,9.72,1886.24
,,,立霸股份(603519.SH),1300,18122.00,13.94,-41.69
,,,大商股份(600694.SH),900,18297.00,20.33,634.46
2023-05-04,165986.69,34125.69,,,,,
,,,立霸股份(603519.SH),1300,18460.00,14.2,296.31
,,,重庆银行(601963.SH),3600,29124.00,8.09,582.49
,,,太平鸟(603877.SH),700,17339.00,24.77,865.13
,,,宁沪高速(600377.SH),3500,32970.00,9.42,836.24
,,,大商股份(600694.SH),900,18468.00,20.52,805.46
,,,重百集团(600729.SH),500,15500.00,31,1938.87
2023-04-28,156045.25,29190.25,,,,,
,,,岱美股份(603730.SH),800,13520.00,16.9,-1627.22
,,,重百集团(600729.SH),700,20699.00,29.57,1713.42
,,,北巴传媒(600386.SH),4100,18614.00,4.54,-83.92
,,,南方传媒(601900.SH),1900,35074.00,18.46,16411.16
,,,新经典(603096.SH),700,16772.00,23.96,711.95
,,,皖新传媒(601801.SH),2800,22176.00,7.92,6627.98
2023-04-27,149212.25,29190.25,,,,,
,,,北巴传媒(600386.SH),4100,18327.00,4.47,-370.92
,,,重百集团(600729.SH),700,19901.00,28.43,915.42
,,,新经典(603096.SH),700,15848.00,22.64,-212.05
,,,南方传媒(601900.SH),1900,31882.00,16.78,13219.16
,,,岱美股份(603730.SH),800,13904.00,17.38,-1243.22
,,,皖新传媒(601801.SH),2800,20160.00,7.2,4611.98
2023-04-26,151614.25,29190.25,,,,,
,,,北巴传媒(600386.SH),4100,18327.00,4.47,-370.92
,,,重百集团(600729.SH),700,19229.00,27.47,243.42
,,,南方传媒(601900.SH),1900,35359.00,18.61,16696.16
,,,新经典(603096.SH),700,16093.00,22.99,32.95
,,,岱美股份(603730.SH),800,13648.00,17.06,-1499.22
,,,皖新传媒(601801.SH),2800,19768.00,7.06,4219.98
2023-04-25,148390.25,29190.25,,,,,
,,,南方传媒(601900.SH),1900,32148.00,16.92,13485.16
,,,新经典(603096.SH),700,16744.00,23.92,683.95
,,,北巴传媒(600386.SH),4100,18081.00,4.41,-616.92
,,,皖新传媒(601801.SH),2800,19460.00,6.95,3911.98
,,,重百集团(600729.SH),700,19439.00,27.77,453.42
,,,岱美股份(603730.SH),800,13328.00,16.66,-1819.22
2023-04-24,146086.25,29190.25,,,,,
,,,皖新传媒(601801.SH),2800,19264.00,6.88,3715.98
,,,岱美股份(603730.SH),800,13608.00,17.01,-1539.22
,,,新经典(603096.SH),700,17073.00,24.39,1012.95
,,,重百集团(600729.SH),700,19320.00,27.6,334.42
,,,北巴传媒(600386.SH),4100,18409.00,4.49,-288.92
,,,南方传媒(601900.SH),1900,29222.00,15.38,10559.16
2023-04-21,141750.25,29190.25,,,,,
,,,新经典(603096.SH),700,16730.00,23.9,669.95
,,,北巴传媒(600386.SH),4100,17876.00,4.36,-821.92
,,,南方传媒(601900.SH),1900,26562.00,13.98,7899.16
,,,岱美股份(603730.SH),800,13200.00,16.5,-1947.22
,,,皖新传媒(601801.SH),2800,18732.00,6.69,3183.98
,,,重百集团(600729.SH),700,19460.00,27.8,474.42
2023-04-20,143596.25,29190.25,,,,,
,,,皖新传媒(601801.SH),2800,19236.00,6.87,3687.98
,,,新经典(603096.SH),700,17997.00,25.71,1936.95
,,,岱美股份(603730.SH),800,13464.00,16.83,-1683.22
,,,北巴传媒(600386.SH),4100,18942.00,4.62,244.08
,,,南方传媒(601900.SH),1900,25251.00,13.29,6588.16
,,,重百集团(600729.SH),700,19516.00,27.88,530.42
2023-04-19,140317.25,29190.25,,,,,
,,,岱美股份(603730.SH),800,13840.00,17.3,-1307.22
,,,重百集团(600729.SH),700,19446.00,27.78,460.42
,,,皖新传媒(601801.SH),2800,18872.00,6.74,3323.98
,,,新经典(603096.SH),700,17157.00,24.51,1096.95
,,,北巴传媒(600386.SH),4100,18860.00,4.6,162.08
,,,南方传媒(601900.SH),1900,22952.00,12.08,4289.16
2023-04-18,138120.25,29190.25,,,,,
,,,新经典(603096.SH),700,17052.00,24.36,991.95
,,,北巴传媒(600386.SH),4100,18860.00,4.6,162.08
,,,重百集团(600729.SH),700,19488.00,27.84,502.42
,,,南方传媒(601900.SH),1900,20862.00,10.98,2199.16
,,,岱美股份(603730.SH),800,14384.00,17.98,-763.22
,,,皖新传媒(601801.SH),2800,18284.00,6.53,2735.98
2023-04-17,135856.25,29190.25,,,,,
,,,南方传媒(601900.SH),1900,19684.00,10.36,1021.16
,,,北巴传媒(600386.SH),4100,18696.00,4.56,-1.92
,,,皖新传媒(601801.SH),2800,18088.00,6.46,2539.98
,,,新经典(603096.SH),700,17143.00,24.49,1082.95
,,,重百集团(600729.SH),700,19103.00,27.29,117.42
,,,岱美股份(603730.SH),800,13952.00,17.44,-1195.22
2023-04-14,136751.25,29190.25,,,,,
,,,新经典(603096.SH),700,17423.00,24.89,1362.95
,,,重百集团(600729.SH),700,18550.00,26.5,-435.58
,,,南方传媒(601900.SH),1900,20216.00,10.64,1553.16
,,,北巴传媒(600386.SH),4100,18860.00,4.6,162.08
,,,皖新传媒(601801.SH),2800,18648.00,6.66,3099.98
,,,岱美股份(603730.SH),800,13864.00,17.33,-1283.22
2023-04-13,138754.25,29190.25,,,,,
,,,岱美股份(603730.SH),800,13856.00,17.32,-1291.22
,,,皖新传媒(601801.SH),2800,19152.00,6.84,3603.98
,,,新经典(603096.SH),700,18893.00,26.99,2832.95
,,,重百集团(600729.SH),700,17710.00,25.3,-1275.58
,,,北巴传媒(600386.SH),4100,18901.00,4.61,203.08
,,,南方传媒(601900.SH),1900,21052.00,11.08,2389.16
2023-04-12,136037.25,29190.25,,,,,
,,,皖新传媒(601801.SH),2800,18844.00,6.73,3295.98
,,,重百集团(600729.SH),700,17220.00,24.6,-1765.58
,,,新经典(603096.SH),700,17864.00,25.52,1803.95
,,,南方传媒(601900.SH),1900,19779.00,10.41,1116.16
,,,岱美股份(603730.SH),800,13952.00,17.44,-1195.22
,,,北巴传媒(600386.SH),4100,19188.00,4.68,490.08
2023-04-11,133075.25,29190.25,,,,,
,,,皖新传媒(601801.SH),2800,18704.00,6.68,3155.98
,,,南方传媒(601900.SH),1900,18810.00,9.9,147.16
,,,北巴传媒(600386.SH),4100,18737.00,4.57,39.08
,,,重百集团(600729.SH),700,16898.00,24.14,-2087.58
,,,新经典(603096.SH),700,16240.00,23.2,179.95
,,,岱美股份(603730.SH),800,14496.00,18.12,-651.22
2023-04-10,128955.25,29190.25,,,,,
,,,重百集团(600729.SH),700,17234.00,24.62,-1751.58
,,,皖新传媒(601801.SH),2800,17332.00,6.19,1783.98
,,,北巴传媒(600386.SH),4100,17999.00,4.39,-698.92
,,,新经典(603096.SH),700,14763.00,21.09,-1297.05
,,,南方传媒(601900.SH),1900,18069.00,9.51,-593.84
,,,岱美股份(603730.SH),800,14368.00,17.96,-779.22
2023-04-07,132061.25,29190.25,,,,,
,,,皖新传媒(601801.SH),2800,17584.00,6.28,2035.98
,,,南方传媒(601900.SH),1900,18259.00,9.61,-403.84
,,,北巴传媒(600386.SH),4100,18450.00,4.5,-247.92
,,,新经典(603096.SH),700,15162.00,21.66,-898.05
,,,岱美股份(603730.SH),800,14600.00,18.25,-547.22
,,,重百集团(600729.SH),700,18816.00,26.88,-169.58
2023-04-06,131410.25,29190.25,,,,,
,,,岱美股份(603730.SH),800,14336.00,17.92,-811.22
,,,皖新传媒(601801.SH),2800,17696.00,6.32,2147.98
,,,北巴传媒(600386.SH),4100,18245.00,4.45,-452.92
,,,南方传媒(601900.SH),1900,18259.00,9.61,-403.84
,,,新经典(603096.SH),700,14854.00,21.22,-1206.05
,,,重百集团(600729.SH),700,18830.00,26.9,-155.58
2023-04-04,133978.25,29190.25,,,,,
,,,重百集团(600729.SH),700,18949.00,27.07,-36.58
,,,岱美股份(603730.SH),800,14392.00,17.99,-755.22
,,,皖新传媒(601801.SH),2800,18116.00,6.47,2567.98
,,,新经典(603096.SH),700,15582.00,22.26,-478.05
,,,南方传媒(601900.SH),1900,18848.00,9.92,185.16
,,,北巴传媒(600386.SH),4100,18901.00,4.61,203.08
2023-04-03,134811.25,29190.25,,,,,
,,,北巴传媒(600386.SH),4100,19065.00,4.65,367.08
,,,岱美股份(603730.SH),800,14696.00,18.37,-451.22
,,,皖新传媒(601801.SH),2800,18060.00,6.45,2511.98
,,,新经典(603096.SH),700,16072.00,22.96,11.95
,,,南方传媒(601900.SH),1900,19038.00,10.02,375.16
,,,重百集团(600729.SH),700,18690.00,26.7,-295.58
2023-03-31,134709.02,29656.02,,,,,
,,,秦安股份(603758.SH),1300,14079.00,10.83,-749.59
,,,武进不锈(603878.SH),1300,15925.00,12.25,-1131.15
,,,欧普照明(603515.SH),1100,21263.00,19.33,83.39
,,,轻纺城(600790.SH),4200,19446.00,4.63,-1012.96
,,,九牧王(601566.SH),1600,16560.00,10.35,-2844.54
,,,皖新传媒(601801.SH),2800,17780.00,6.35,2231.98
2023-03-30,133127.02,29656.02,,,,,
,,,皖新传媒(601801.SH),2800,17192.00,6.14,1643.98
,,,武进不锈(603878.SH),1300,15366.00,11.82,-1690.15
,,,欧普照明(603515.SH),1100,21670.00,19.7,490.39
,,,九牧王(601566.SH),1600,16352.00,10.22,-3052.54
,,,秦安股份(603758.SH),1300,13949.00,10.73,-879.59
,,,轻纺城(600790.SH),4200,18942.00,4.51,-1516.96
2023-03-29,134392.02,29656.02,,,,,
,,,皖新传媒(601801.SH),2800,17808.00,6.36,2259.98
,,,秦安股份(603758.SH),1300,13949.00,10.73,-879.59
,,,轻纺城(600790.SH),4200,19740.00,4.7,-718.96
,,,欧普照明(603515.SH),1100,20999.00,19.09,-180.61
,,,九牧王(601566.SH),1600,16640.00,10.4,-2764.54
,,,武进不锈(603878.SH),1300,15600.00,12,-1456.15
2023-03-28,135111.02,29656.02,,,,,
,,,轻纺城(600790.SH),4200,19824.00,4.72,-634.96
,,,秦安股份(603758.SH),1300,13819.00,10.63,-1009.59
,,,武进不锈(603878.SH),1300,15587.00,11.99,-1469.15
,,,九牧王(601566.SH),1600,17552.00,10.97,-1852.54
,,,欧普照明(603515.SH),1100,20977.00,19.07,-202.61
,,,皖新传媒(601801.SH),2800,17696.00,6.32,2147.98
2023-03-27,134102.02,29656.02,,,,,
,,,秦安股份(603758.SH),1300,13897.00,10.69,-931.59
,,,武进不锈(603878.SH),1300,15743.00,12.11,-1313.15
,,,九牧王(601566.SH),1600,16656.00,10.41,-2748.54
,,,皖新传媒(601801.SH),2800,17528.00,6.26,1979.98
,,,轻纺城(600790.SH),4200,19656.00,4.68,-802.96
,,,欧普照明(603515.SH),1100,20966.00,19.06,-213.61
2023-03-24,134325.02,29656.02,,,,,
,,,九牧王(601566.SH),1600,16592.00,10.37,-2812.54
,,,武进不锈(603878.SH),1300,15899.00,12.23,-1157.15
,,,秦安股份(603758.SH),1300,13910.00,10.7,-918.59
,,,皖新传媒(601801.SH),2800,17276.00,6.17,1727.98
,,,轻纺城(600790.SH),4200,19740.00,4.7,-718.96
,,,欧普照明(603515.SH),1100,21252.00,19.32,72.39
2023-03-23,134238.02,29656.02,,,,,
,,,欧普照明(603515.SH),1100,21208.00,19.28,28.39
,,,武进不锈(603878.SH),1300,15639.00,12.03,-1417.15
,,,皖新传媒(601801.SH),2800,17276.00,6.17,1727.98
,,,轻纺城(600790.SH),4200,19698.00,4.69,-760.96
,,,九牧王(601566.SH),1600,16864.00,10.54,-2540.54
,,,秦安股份(603758.SH),1300,13897.00,10.69,-931.59
2023-03-22,134598.02,29656.02,,,,,
,,,轻纺城(600790.SH),4200,19950.00,4.75,-508.96
,,,欧普照明(603515.SH),1100,20955.00,19.05,-224.61
,,,九牧王(601566.SH),1600,16800.00,10.5,-2604.54
,,,皖新传媒(601801.SH),2800,17220.00,6.15,1671.98
,,,武进不锈(603878.SH),1300,15899.00,12.23,-1157.15
,,,秦安股份(603758.SH),1300,14118.00,10.86,-710.59
2023-03-21,134192.02,29656.02,,,,,
,,,秦安股份(603758.SH),1300,14248.00,10.96,-580.59
,,,欧普照明(603515.SH),1100,20944.00,19.04,-235.61
,,,皖新传媒(601801.SH),2800,16828.00,6.01,1279.98
,,,轻纺城(600790.SH),4200,19698.00,4.69,-760.96
,,,武进不锈(603878.SH),1300,15938.00,12.26,-1118.15
,,,九牧王(601566.SH),1600,16880.00,10.55,-2524.54
2023-03-20,131535.02,29656.02,,,,,
,,,皖新传媒(601801.SH),2800,16464.00,5.88,915.98
,,,轻纺城(600790.SH),4200,19446.00,4.63,-1012.96
,,,九牧王(601566.SH),1600,16736.00,10.46,-2668.54
,,,欧普照明(603515.SH),1100,20009.00,18.19,-1170.61
,,,秦安股份(603758.SH),1300,13585.00,10.45,-1243.59
,,,武进不锈(603878.SH),1300,15639.00,12.03,-1417.15
2023-03-17,132348.02,29656.02,,,,,
,,,九牧王(601566.SH),1600,17904.00,11.19,-1500.54
,,,皖新传媒(601801.SH),2800,16464.00,5.88,915.98
,,,武进不锈(603878.SH),1300,15444.00,11.88,-1612.15
,,,秦安股份(603758.SH),1300,13026.00,10.02,-1802.59
,,,轻纺城(600790.SH),4200,19614.00,4.67,-844.96
,,,欧普照明(603515.SH),1100,20240.00,18.4,-939.61
2023-03-16,132662.02,29656.02,,,,,
,,,秦安股份(603758.SH),1300,13078.00,10.06,-1750.59
,,,欧普照明(603515.SH),1100,19932.00,18.12,-1247.61
,,,武进不锈(603878.SH),1300,15730.00,12.1,-1326.15
,,,轻纺城(600790.SH),4200,19530.00,4.65,-928.96
,,,九牧王(601566.SH),1600,18496.00,11.56,-908.54
,,,皖新传媒(601801.SH),2800,16240.00,5.8,691.98
2023-03-15,132377.02,29656.02,,,,,
,,,九牧王(601566.SH),1600,17472.00,10.92,-1932.54
,,,皖新传媒(601801.SH),2800,16212.00,5.79,663.98
,,,欧普照明(603515.SH),1100,19800.00,18,-1379.61
,,,秦安股份(603758.SH),1300,13143.00,10.11,-1685.59
,,,轻纺城(600790.SH),4200,19740.00,4.7,-718.96
,,,武进不锈(603878.SH),1300,16354.00,12.58,-702.15
2023-03-14,131235.02,29656.02,,,,,
,,,皖新传媒(601801.SH),2800,15904.00,5.68,355.98
,,,九牧王(601566.SH),1600,17216.00,10.76,-2188.54
,,,欧普照明(603515.SH),1100,19591.00,17.81,-1588.61
,,,秦安股份(603758.SH),1300,13208.00,10.16,-1620.59
,,,武进不锈(603878.SH),1300,16172.00,12.44,-884.15
,,,轻纺城(600790.SH),4200,19488.00,4.64,-970.96
2023-03-13,133593.02,29656.02,,,,,
,,,九牧王(601566.SH),1600,17888.00,11.18,-1516.54
,,,欧普照明(603515.SH),1100,19910.00,18.1,-1269.61
,,,轻纺城(600790.SH),4200,19782.00,4.71,-676.96
,,,秦安股份(603758.SH),1300,13390.00,10.3,-1438.59
,,,皖新传媒(601801.SH),2800,16184.00,5.78,635.98
,,,武进不锈(603878.SH),1300,16783.00,12.91,-273.15
2023-03-10,132969.02,29656.02,,,,,
,,,武进不锈(603878.SH),1300,16523.00,12.71,-533.15
,,,皖新传媒(601801.SH),2800,15876.00,5.67,327.98
,,,九牧王(601566.SH),1600,17664.00,11.04,-1740.54
,,,轻纺城(600790.SH),4200,19740.00,4.7,-718.96
,,,欧普照明(603515.SH),1100,19899.00,18.09,-1280.61
,,,秦安股份(603758.SH),1300,13611.00,10.47,-1217.59
2023-03-09,134827.02,29656.02,,,,,
,,,武进不锈(603878.SH),1300,16978.00,13.06,-78.15
,,,皖新传媒(601801.SH),2800,16100.00,5.75,551.98
,,,轻纺城(600790.SH),4200,20076.00,4.78,-382.96
,,,欧普照明(603515.SH),1100,20163.00,18.33,-1016.61
,,,秦安股份(603758.SH),1300,14014.00,10.78,-814.59
,,,九牧王(601566.SH),1600,17840.00,11.15,-1564.54
2023-03-08,136363.02,29656.02,,,,,
,,,皖新传媒(601801.SH),2800,16100.00,5.75,551.98
,,,武进不锈(603878.SH),1300,16978.00,13.06,-78.15
,,,轻纺城(600790.SH),4200,20118.00,4.79,-340.96
,,,秦安股份(603758.SH),1300,14170.00,10.9,-658.59
,,,九牧王(601566.SH),1600,19024.00,11.89,-380.54
,,,欧普照明(603515.SH),1100,20317.00,18.47,-862.61
2023-03-07,136202.02,29656.02,,,,,
,,,九牧王(601566.SH),1600,18944.00,11.84,-460.54
,,,武进不锈(603878.SH),1300,16965.00,13.05,-91.15
,,,轻纺城(600790.SH),4200,20118.00,4.79,-340.96
,,,皖新传媒(601801.SH),2800,16100.00,5.75,551.98
,,,秦安股份(603758.SH),1300,14157.00,10.89,-671.59
,,,欧普照明(603515.SH),1100,20262.00,18.42,-917.61
2023-03-06,137088.02,29656.02,,,,,
,,,武进不锈(603878.SH),1300,17173.00,13.21,116.85
,,,皖新传媒(601801.SH),2800,16548.00,5.91,999.98
,,,九牧王(601566.SH),1600,18224.00,11.39,-1180.54
,,,轻纺城(600790.SH),4200,20286.00,4.83,-172.96
,,,欧普照明(603515.SH),1100,20680.00,18.8,-499.61
,,,秦安股份(603758.SH),1300,14521.00,11.17,-307.59
2023-03-03,139107.02,29656.02,,,,,
,,,皖新传媒(601801.SH),2800,16184.00,5.78,635.98
,,,秦安股份(603758.SH),1300,14534.00,11.18,-294.59
,,,九牧王(601566.SH),1600,20256.00,12.66,851.46
,,,武进不锈(603878.SH),1300,17238.00,13.26,181.85
,,,轻纺城(600790.SH),4200,20328.00,4.84,-130.96
,,,欧普照明(603515.SH),1100,20911.00,19.01,-268.61
2023-03-02,141752.02,29656.02,,,,,
,,,轻纺城(600790.SH),4200,20412.00,4.86,-46.96
,,,武进不锈(603878.SH),1300,17537.00,13.49,480.85
,,,欧普照明(603515.SH),1100,21120.00,19.2,-59.61
,,,秦安股份(603758.SH),1300,14807.00,11.39,-21.59
,,,九牧王(601566.SH),1600,22176.00,13.86,2771.46
,,,皖新传媒(601801.SH),2800,16044.00,5.73,495.98
2023-03-01,140100.02,29656.02,,,,,
,,,轻纺城(600790.SH),4200,20370.00,4.85,-88.96
,,,秦安股份(603758.SH),1300,14989.00,11.53,160.41
,,,欧普照明(603515.SH),1100,21274.00,19.34,94.39
,,,武进不锈(603878.SH),1300,17719.00,13.63,662.85
,,,九牧王(601566.SH),1600,20160.00,12.6,755.46
,,,皖新传媒(601801.SH),2800,15932.00,5.69,383.98
2023-02-28,139071.45,31877.45,,,,,
,,,皖新传媒(601801.SH),2800,15652.00,5.59,103.98
,,,内蒙一机(600967.SH),2100,20391.00,9.71,2984.05
,,,贵阳银行(601997.SH),4200,23646.00,5.63,198.18
,,,武进不锈(603878.SH),1300,17524.00,13.48,467.85
,,,电魂网络(603258.SH),600,14994.00,24.99,1209.50
,,,杭叉集团(603298.SH),700,14987.00,21.41,1487.06
2023-02-27,138489.45,31877.45,,,,,
,,,杭叉集团(603298.SH),700,14966.00,21.38,1466.06
,,,电魂网络(603258.SH),600,14844.00,24.74,1059.50
,,,武进不锈(603878.SH),1300,17407.00,13.39,350.85
,,,皖新传媒(601801.SH),2800,15568.00,5.56,19.98
,,,内蒙一机(600967.SH),2100,20223.00,9.63,2816.05
,,,贵阳银行(601997.SH),4200,23604.00,5.62,156.18
2023-02-24,139478.45,31877.45,,,,,
,,,贵阳银行(601997.SH),4200,23730.00,5.65,282.18
,,,杭叉集团(603298.SH),700,15267.00,21.81,1767.06
,,,电魂网络(603258.SH),600,15132.00,25.22,1347.50
,,,内蒙一机(600967.SH),2100,20349.00,9.69,2942.05
,,,皖新传媒(601801.SH),2800,15820.00,5.65,271.98
,,,武进不锈(603878.SH),1300,17303.00,13.31,246.85
2023-02-23,138929.45,31877.45,,,,,
,,,内蒙一机(600967.SH),2100,19971.00,9.51,2564.05
,,,贵阳银行(601997.SH),4200,23856.00,5.68,408.18
,,,武进不锈(603878.SH),1300,17095.00,13.15,38.85
,,,皖新传媒(601801.SH),2800,15764.00,5.63,215.98
,,,杭叉集团(603298.SH),700,15372.00,21.96,1872.06
,,,电魂网络(603258.SH),600,14994.00,24.99,1209.50
2023-02-22,140219.45,31877.45,,,,,
,,,贵阳银行(601997.SH),4200,23688.00,5.64,240.18
,,,内蒙一机(600967.SH),2100,20181.00,9.61,2774.05
,,,武进不锈(603878.SH),1300,17602.00,13.54,545.85
,,,皖新传媒(601801.SH),2800,15988.00,5.71,439.98
,,,电魂网络(603258.SH),600,15168.00,25.28,1383.50
,,,杭叉集团(603298.SH),700,15715.00,22.45,2215.06
2023-02-21,140070.45,31877.45,,,,,
,,,杭叉集团(603298.SH),700,15848.00,22.64,2348.06
,,,内蒙一机(600967.SH),2100,19950.00,9.5,2543.05
,,,贵阳银行(601997.SH),4200,23772.00,5.66,324.18
,,,皖新传媒(601801.SH),2800,15932.00,5.69,383.98
,,,电魂网络(603258.SH),600,15180.00,25.3,1395.50
,,,武进不锈(603878.SH),1300,17511.00,13.47,454.85
2023-02-20,140567.45,31877.45,,,,,
,,,贵阳银行(601997.SH),4200,23688.00,5.64,240.18
,,,皖新传媒(601801.SH),2800,15960.00,5.7,411.98
,,,电魂网络(603258.SH),600,15666.00,26.11,1881.50
,,,内蒙一机(600967.SH),2100,19719.00,9.39,2312.05
,,,杭叉集团(603298.SH),700,15834.00,22.62,2334.06
,,,武进不锈(603878.SH),1300,17823.00,13.71,766.85
2023-02-17,137822.45,31877.45,,,,,
,,,内蒙一机(600967.SH),2100,19677.00,9.37,2270.05
,,,杭叉集团(603298.SH),700,15078.00,21.54,1578.06
,,,武进不锈(603878.SH),1300,17004.00,13.08,-52.15
,,,皖新传媒(601801.SH),2800,15540.00,5.55,-8.02
,,,电魂网络(603258.SH),600,15252.00,25.42,1467.50
,,,贵阳银行(601997.SH),4200,23394.00,5.57,-53.82
2023-02-16,137870.45,31877.45,,,,,
,,,电魂网络(603258.SH),600,15516.00,25.86,1731.50
,,,贵阳银行(601997.SH),4200,23436.00,5.58,-11.82
,,,武进不锈(603878.SH),1300,16900.00,13,-156.15
,,,皖新传媒(601801.SH),2800,15904.00,5.68,355.98
,,,内蒙一机(600967.SH),2100,19320.00,9.2,1913.05
,,,杭叉集团(603298.SH),700,14917.00,21.31,1417.06
2023-02-15,140100.45,31877.45,,,,,
,,,电魂网络(603258.SH),600,16074.00,26.79,2289.50
,,,杭叉集团(603298.SH),700,15582.00,22.26,2082.06
,,,武进不锈(603878.SH),1300,17368.00,13.36,311.85
,,,贵阳银行(601997.SH),4200,23478.00,5.59,30.18
,,,内蒙一机(600967.SH),2100,19845.00,9.45,2438.05
,,,皖新传媒(601801.SH),2800,15876.00,5.67,327.98
2023-02-14,139136.45,31877.45,,,,,
,,,武进不锈(603878.SH),1300,17511.00,13.47,454.85
,,,贵阳银行(601997.SH),4200,23604.00,5.62,156.18
,,,电魂网络(603258.SH),600,15450.00,25.75,1665.50
,,,皖新传媒(601801.SH),2800,15624.00,5.58,75.98
,,,杭叉集团(603298.SH),700,15540.00,22.2,2040.06
,,,内蒙一机(600967.SH),2100,19530.00,9.3,2123.05
2023-02-13,139561.45,31877.45,,,,,
,,,贵阳银行(601997.SH),4200,23478.00,5.59,30.18
,,,皖新传媒(601801.SH),2800,15512.00,5.54,-36.02
,,,电魂网络(603258.SH),600,15492.00,25.82,1707.50
,,,内蒙一机(600967.SH),2100,19698.00,9.38,2291.05
,,,杭叉集团(603298.SH),700,15694.00,22.42,2194.06
,,,武进不锈(603878.SH),1300,17810.00,13.7,753.85
2023-02-10,137558.45,31877.45,,,,,
,,,皖新传媒(601801.SH),2800,15792.00,5.64,243.98
,,,内蒙一机(600967.SH),2100,19467.00,9.27,2060.05
,,,武进不锈(603878.SH),1300,17576.00,13.52,519.85
,,,电魂网络(603258.SH),600,14976.00,24.96,1191.50
,,,贵阳银行(601997.SH),4200,23604.00,5.62,156.18
,,,杭叉集团(603298.SH),700,14266.00,20.38,766.06
2023-02-09,137046.45,31877.45,,,,,
,,,皖新传媒(601801.SH),2800,15848.00,5.66,299.98
,,,电魂网络(603258.SH),600,14934.00,24.89,1149.50
,,,杭叉集团(603298.SH),700,13860.00,19.8,360.06
,,,贵阳银行(601997.SH),4200,23310.00,5.55,-137.82
,,,武进不锈(603878.SH),1300,18044.00,13.88,987.85
,,,内蒙一机(600967.SH),2100,19173.00,9.13,1766.05
2023-02-08,136034.45,31877.45,,,,,
,,,电魂网络(603258.SH),600,14634.00,24.39,849.50
,,,贵阳银行(601997.SH),4200,23142.00,5.51,-305.82
,,,武进不锈(603878.SH),1300,17927.00,13.79,870.85
,,,杭叉集团(603298.SH),700,13860.00,19.8,360.06
,,,内蒙一机(600967.SH),2100,18942.00,9.02,1535.05
,,,皖新传媒(601801.SH),2800,15652.00,5.59,103.98
2023-02-07,136390.45,31877.45,,,,,
,,,武进不锈(603878.SH),1300,17615.00,13.55,558.85
,,,皖新传媒(601801.SH),2800,16100.00,5.75,551.98
,,,内蒙一机(600967.SH),2100,18942.00,9.02,1535.05
,,,电魂网络(603258.SH),600,14784.00,24.64,999.50
,,,贵阳银行(601997.SH),4200,23226.00,5.53,-221.82
,,,杭叉集团(603298.SH),700,13846.00,19.78,346.06
2023-02-06,135227.45,31877.45,,,,,
,,,杭叉集团(603298.SH),700,13587.00,19.41,87.06
,,,贵阳银行(601997.SH),4200,23142.00,5.51,-305.82
,,,电魂网络(603258.SH),600,14598.00,24.33,813.50
,,,内蒙一机(600967.SH),2100,18921.00,9.01,1514.05
,,,皖新传媒(601801.SH),2800,15708.00,5.61,159.98
,,,武进不锈(603878.SH),1300,17394.00,13.38,337.85
2023-02-03,136119.45,31877.45,,,,,
,,,内蒙一机(600967.SH),2100,18921.00,9.01,1514.05
,,,武进不锈(603878.SH),1300,17576.00,13.52,519.85
,,,电魂网络(603258.SH),600,14874.00,24.79,1089.50
,,,贵阳银行(601997.SH),4200,23268.00,5.54,-179.82
,,,杭叉集团(603298.SH),700,14063.00,20.09,563.06
,,,皖新传媒(601801.SH),2800,15540.00,5.55,-8.02
2023-02-02,135322.45,31877.45,,,,,
,,,皖新传媒(601801.SH),2800,15708.00,5.61,159.98
,,,杭叉集团(603298.SH),700,13580.00,19.4,80.06
,,,武进不锈(603878.SH),1300,17121.00,13.17,64.85
,,,贵阳银行(601997.SH),4200,23394.00,5.57,-53.82
,,,电魂网络(603258.SH),600,14658.00,24.43,873.50
,,,内蒙一机(600967.SH),2100,18984.00,9.04,1577.05
2023-02-01,135277.45,31877.45,,,,,
,,,电魂网络(603258.SH),600,14280.00,23.8,495.50
,,,贵阳银行(601997.SH),4200,23520.00,5.6,72.18
,,,武进不锈(603878.SH),1300,17251.00,13.27,194.85
,,,内蒙一机(600967.SH),2100,19278.00,9.18,1871.05
,,,皖新传媒(601801.SH),2800,15652.00,5.59,103.98
,,,杭叉集团(603298.SH),700,13419.00,19.17,-80.94
2023-01-31,134618.10,27411.10,,,,,
,,,老凤祥(600612.SH),400,19280.00,48.2,3479.47
,,,外高桥(600648.SH),1200,14580.00,12.15,-551.19
,,,奥瑞金(002701.SZ),4100,20582.00,5.02,-376.11
,,,内蒙一机(600967.SH),2100,19215.00,9.15,1808.05
,,,方大特钢(600507.SH),2800,17248.00,6.16,297.09
,,,天津港(600717.SH),3900,16302.00,4.18,79.63
2023-01-30,134371.10,27411.10,,,,,
,,,内蒙一机(600967.SH),2100,18963.00,9.03,1556.05
,,,老凤祥(600612.SH),400,19300.00,48.25,3499.47
,,,奥瑞金(002701.SZ),4100,20582.00,5.02,-376.11
,,,外高桥(600648.SH),1200,14520.00,12.1,-611.19
,,,天津港(600717.SH),3900,16263.00,4.17,40.63
,,,方大特钢(600507.SH),2800,17332.00,6.19,381.09
2023-01-20,133616.10,27411.10,,,,,
,,,天津港(600717.SH),3900,16302.00,4.18,79.63
,,,方大特钢(600507.SH),2800,17276.00,6.17,325.09
,,,内蒙一机(600967.SH),2100,18039.00,8.59,632.05
,,,外高桥(600648.SH),1200,14532.00,12.11,-599.19
,,,老凤祥(600612.SH),400,19720.00,49.3,3919.47
,,,奥瑞金(002701.SZ),4100,20336.00,4.96,-622.11
2023-01-19,132505.10,27411.10,,,,,
,,,方大特钢(600507.SH),2800,17080.00,6.1,129.09
,,,外高桥(600648.SH),1200,14340.00,11.95,-791.19
,,,奥瑞金(002701.SZ),4100,20377.00,4.97,-581.11
,,,天津港(600717.SH),3900,16107.00,4.13,-115.37
,,,内蒙一机(600967.SH),2100,17850.00,8.5,443.05
,,,老凤祥(600612.SH),400,19340.00,48.35,3539.47
2023-01-18,131399.10,27411.10,,,,,
,,,方大特钢(600507.SH),2800,16996.00,6.07,45.09
,,,天津港(600717.SH),3900,16029.00,4.11,-193.37
,,,外高桥(600648.SH),1200,14184.00,11.82,-947.19
,,,奥瑞金(002701.SZ),4100,20295.00,4.95,-663.11
,,,老凤祥(600612.SH),400,18844.00,47.11,3043.47
,,,内蒙一机(600967.SH),2100,17640.00,8.4,233.05
2023-01-17,131245.10,27411.10,,,,,
,,,内蒙一机(600967.SH),2100,17577.00,8.37,170.05
,,,方大特钢(600507.SH),2800,16996.00,6.07,45.09
,,,外高桥(600648.SH),1200,14196.00,11.83,-935.19
,,,天津港(600717.SH),3900,15951.00,4.09,-271.37
,,,奥瑞金(002701.SZ),4100,20254.00,4.94,-704.11
,,,老凤祥(600612.SH),400,18860.00,47.15,3059.47
2023-01-16,131592.10,27411.10,,,,,
,,,内蒙一机(600967.SH),2100,17577.00,8.37,170.05
,,,老凤祥(600612.SH),400,19356.00,48.39,3555.47
,,,外高桥(600648.SH),1200,14280.00,11.9,-851.19
,,,方大特钢(600507.SH),2800,16968.00,6.06,17.09
,,,奥瑞金(002701.SZ),4100,20049.00,4.89,-909.11
,,,天津港(600717.SH),3900,15951.00,4.09,-271.37
2023-01-13,130389.10,27411.10,,,,,
,,,方大特钢(600507.SH),2800,16884.00,6.03,-66.91
,,,奥瑞金(002701.SZ),4100,19926.00,4.86,-1032.11
,,,内蒙一机(600967.SH),2100,17346.00,8.26,-60.95
,,,老凤祥(600612.SH),400,18840.00,47.1,3039.47
,,,外高桥(600648.SH),1200,14148.00,11.79,-983.19
,,,天津港(600717.SH),3900,15834.00,4.06,-388.37
2023-01-12,129408.10,27411.10,,,,,
,,,老凤祥(600612.SH),400,18288.00,45.72,2487.47
,,,外高桥(600648.SH),1200,14040.00,11.7,-1091.19
,,,方大特钢(600507.SH),2800,16828.00,6.01,-122.91
,,,天津港(600717.SH),3900,15756.00,4.04,-466.37
,,,内蒙一机(600967.SH),2100,17241.00,8.21,-165.95
,,,奥瑞金(002701.SZ),4100,19844.00,4.84,-1114.11
2023-01-11,130005.10,27411.10,,,,,
,,,天津港(600717.SH),3900,15795.00,4.05,-427.37
,,,内蒙一机(600967.SH),2100,17346.00,8.26,-60.95
,,,老凤祥(600612.SH),400,18524.00,46.31,2723.47
,,,奥瑞金(002701.SZ),4100,19885.00,4.85,-1073.11
,,,方大特钢(600507.SH),2800,16884.00,6.03,-66.91
,,,外高桥(600648.SH),1200,14160.00,11.8,-971.19
2023-01-10,130742.10,27411.10,,,,,
,,,天津港(600717.SH),3900,15834.00,4.06,-388.37
,,,内蒙一机(600967.SH),2100,17367.00,8.27,-39.95
,,,外高桥(600648.SH),1200,14184.00,11.82,-947.19
,,,奥瑞金(002701.SZ),4100,20090.00,4.9,-868.11
,,,方大特钢(600507.SH),2800,16856.00,6.02,-94.91
,,,老凤祥(600612.SH),400,19000.00,47.5,3199.47
2023-01-09,131166.10,27411.10,,,,,
,,,奥瑞金(002701.SZ),4100,20131.00,4.91,-827.11
,,,老凤祥(600612.SH),400,18744.00,46.86,2943.47
,,,外高桥(600648.SH),1200,14388.00,11.99,-743.19
,,,内蒙一机(600967.SH),2100,17640.00,8.4,233.05
,,,天津港(600717.SH),3900,15912.00,4.08,-310.37
,,,方大特钢(600507.SH),2800,16940.00,6.05,-10.91
2023-01-06,130686.10,27411.10,,,,,
,,,老凤祥(600612.SH),400,17992.00,44.98,2191.47
,,,内蒙一机(600967.SH),2100,17808.00,8.48,401.05
,,,天津港(600717.SH),3900,15990.00,4.1,-232.37
,,,外高桥(600648.SH),1200,14496.00,12.08,-635.19
,,,奥瑞金(002701.SZ),4100,20049.00,4.89,-909.11
,,,方大特钢(600507.SH),2800,16940.00,6.05,-10.91
2023-01-05,130886.10,27411.10,,,,,
,,,方大特钢(600507.SH),2800,16940.00,6.05,-10.91
,,,外高桥(600648.SH),1200,14568.00,12.14,-563.19
,,,奥瑞金(002701.SZ),4100,19967.00,4.87,-991.11
,,,天津港(600717.SH),3900,16185.00,4.15,-37.37
,,,内蒙一机(600967.SH),2100,17703.00,8.43,296.05
,,,老凤祥(600612.SH),400,18112.00,45.28,2311.47
2023-01-04,130685.10,27411.10,,,,,
,,,方大特钢(600507.SH),2800,16940.00,6.05,-10.91
,,,天津港(600717.SH),3900,16068.00,4.12,-154.37
,,,内蒙一机(600967.SH),2100,17703.00,8.43,296.05
,,,老凤祥(600612.SH),400,17768.00,44.42,1967.47
,,,奥瑞金(002701.SZ),4100,20131.00,4.91,-827.11
,,,外高桥(600648.SH),1200,14664.00,12.22,-467.19
2023-01-03,130225.10,27411.10,,,,,
,,,老凤祥(600612.SH),400,17636.00,44.09,1835.47
,,,奥瑞金(002701.SZ),4100,20131.00,4.91,-827.11
,,,方大特钢(600507.SH),2800,16912.00,6.04,-38.91
,,,外高桥(600648.SH),1200,14400.00,12,-731.19
,,,内蒙一机(600967.SH),2100,17745.00,8.45,338.05
,,,天津港(600717.SH),3900,15990.00,4.1,-232.37
2022-12-30,130089.83,28758.83,,,,,
,,,方大特钢(600507.SH),2800,16856.00,6.02,-94.91
,,,天津港(600717.SH),3900,15990.00,4.1,-232.37
,,,京基智农(000048.SZ),900,16065.00,17.85,-668.41
,,,外高桥(600648.SH),1200,14340.00,11.95,-791.19
,,,老凤祥(600612.SH),400,17120.00,42.8,1319.47
,,,森马服饰(002563.SZ),4000,20960.00,5.24,513.07
2022-12-29,129092.83,28758.83,,,,,
,,,天津港(600717.SH),3900,15600.00,4,-622.37
,,,外高桥(600648.SH),1200,14268.00,11.89,-863.19
,,,京基智农(000048.SZ),900,15426.00,17.14,-1307.41
,,,老凤祥(600612.SH),400,17144.00,42.86,1343.47
,,,方大特钢(600507.SH),2800,16856.00,6.02,-94.91
,,,森马服饰(002563.SZ),4000,21040.00,5.26,593.07
2022-12-28,129749.83,28758.83,,,,,
,,,京基智农(000048.SZ),900,15444.00,17.16,-1289.41
,,,天津港(600717.SH),3900,15795.00,4.05,-427.37
,,,森马服饰(002563.SZ),4000,21200.00,5.3,753.07
,,,老凤祥(600612.SH),400,17060.00,42.65,1259.47
,,,方大特钢(600507.SH),2800,16996.00,6.07,45.09
,,,外高桥(600648.SH),1200,14496.00,12.08,-635.19
2022-12-27,129678.83,28758.83,,,,,
,,,方大特钢(600507.SH),2800,16772.00,5.99,-178.91
,,,外高桥(600648.SH),1200,14532.00,12.11,-599.19
,,,老凤祥(600612.SH),400,16944.00,42.36,1143.47
,,,京基智农(000048.SZ),900,15840.00,17.6,-893.41
,,,天津港(600717.SH),3900,15912.00,4.08,-310.37
,,,森马服饰(002563.SZ),4000,20920.00,5.23,473.07
2022-12-26,129047.83,28758.83,,,,,
,,,方大特钢(600507.SH),2800,16688.00,5.96,-262.91
,,,京基智农(000048.SZ),900,15678.00,17.42,-1055.41
,,,外高桥(600648.SH),1200,14544.00,12.12,-587.19
,,,老凤祥(600612.SH),400,16460.00,41.15,659.47
,,,天津港(600717.SH),3900,15639.00,4.01,-583.37
,,,森马服饰(002563.SZ),4000,21280.00,5.32,833.07
2022-12-23,129450.83,28758.83,,,,,
,,,外高桥(600648.SH),1200,14676.00,12.23,-455.19
,,,老凤祥(600612.SH),400,16556.00,41.39,755.47
,,,京基智农(000048.SZ),900,15732.00,17.48,-1001.41
,,,方大特钢(600507.SH),2800,16688.00,5.96,-262.91
,,,天津港(600717.SH),3900,15600.00,4,-622.37
,,,森马服饰(002563.SZ),4000,21440.00,5.36,993.07
2022-12-22,129938.83,28758.83,,,,,
,,,方大特钢(600507.SH),2800,16716.00,5.97,-234.91
,,,京基智农(000048.SZ),900,15624.00,17.36,-1109.41
,,,外高桥(600648.SH),1200,14736.00,12.28,-395.19
,,,森马服饰(002563.SZ),4000,21600.00,5.4,1153.07
,,,老凤祥(600612.SH),400,16904.00,42.26,1103.47
,,,天津港(600717.SH),3900,15600.00,4,-622.37
2022-12-21,130240.83,28758.83,,,,,
,,,森马服饰(002563.SZ),4000,21440.00,5.36,993.07
,,,外高桥(600648.SH),1200,14736.00,12.28,-395.19
,,,天津港(600717.SH),3900,15795.00,4.05,-427.37
,,,老凤祥(600612.SH),400,16804.00,42.01,1003.47
,,,方大特钢(600507.SH),2800,16912.00,6.04,-38.91
,,,京基智农(000048.SZ),900,15795.00,17.55,-938.41
2022-12-20,129820.83,28758.83,,,,,
,,,京基智农(000048.SZ),900,15804.00,17.56,-929.41
,,,方大特钢(600507.SH),2800,16912.00,6.04,-38.91
,,,老凤祥(600612.SH),400,16432.00,41.08,631.47
,,,天津港(600717.SH),3900,15834.00,4.06,-388.37
,,,森马服饰(002563.SZ),4000,21320.00,5.33,873.07
,,,外高桥(600648.SH),1200,14760.00,12.3,-371.19
2022-12-19,131070.83,28758.83,,,,,
,,,天津港(600717.SH),3900,15951.00,4.09,-271.37
,,,方大特钢(600507.SH),2800,16912.00,6.04,-38.91
,,,森马服饰(002563.SZ),4000,21600.00,5.4,1153.07
,,,老凤祥(600612.SH),400,16592.00,41.48,791.47
,,,外高桥(600648.SH),1200,15264.00,12.72,132.81
,,,京基智农(000048.SZ),900,15993.00,17.77,-740.41
2022-12-16,133033.83,28758.83,,,,,
,,,京基智农(000048.SZ),900,16533.00,18.37,-200.41
,,,森马服饰(002563.SZ),4000,22000.00,5.5,1553.07
,,,方大特钢(600507.SH),2800,17276.00,6.17,325.09
,,,外高桥(600648.SH),1200,15396.00,12.83,264.81
,,,老凤祥(600612.SH),400,16768.00,41.92,967.47
,,,天津港(600717.SH),3900,16302.00,4.18,79.63
2022-12-15,132455.83,28758.83,,,,,
,,,老凤祥(600612.SH),400,16924.00,42.31,1123.47
,,,外高桥(600648.SH),1200,15324.00,12.77,192.81
,,,方大特钢(600507.SH),2800,16940.00,6.05,-10.91
,,,京基智农(000048.SZ),900,16443.00,18.27,-290.41
,,,天津港(600717.SH),3900,16146.00,4.14,-76.37
,,,森马服饰(002563.SZ),4000,21920.00,5.48,1473.07
2022-12-14,133457.83,28758.83,,,,,
,,,老凤祥(600612.SH),400,17196.00,42.99,1395.47
,,,外高桥(600648.SH),1200,15300.00,12.75,168.81
,,,方大特钢(600507.SH),2800,17080.00,6.1,129.09
,,,天津港(600717.SH),3900,16341.00,4.19,118.63
,,,京基智农(000048.SZ),900,16542.00,18.38,-191.41
,,,森马服饰(002563.SZ),4000,22240.00,5.56,1793.07
2022-12-13,133376.83,28758.83,,,,,
,,,老凤祥(600612.SH),400,16996.00,42.49,1195.47
,,,外高桥(600648.SH),1200,15336.00,12.78,204.81
,,,森马服饰(002563.SZ),4000,21920.00,5.48,1473.07
,,,方大特钢(600507.SH),2800,17192.00,6.14,241.09
,,,天津港(600717.SH),3900,16614.00,4.26,391.63
,,,京基智农(000048.SZ),900,16560.00,18.4,-173.41
2022-12-12,132071.83,28758.83,,,,,
,,,京基智农(000048.SZ),900,16254.00,18.06,-479.41
,,,外高桥(600648.SH),1200,15204.00,12.67,72.81
,,,方大特钢(600507.SH),2800,17192.00,6.14,241.09
,,,森马服饰(002563.SZ),4000,21560.00,5.39,1113.07
,,,老凤祥(600612.SH),400,16840.00,42.1,1039.47
,,,天津港(600717.SH),3900,16263.00,4.17,40.63
2022-12-09,133217.83,28758.83,,,,,
,,,方大特钢(600507.SH),2800,17696.00,6.32,745.09
,,,老凤祥(600612.SH),400,17136.00,42.84,1335.47
,,,天津港(600717.SH),3900,16575.00,4.25,352.63
,,,外高桥(600648.SH),1200,15384.00,12.82,252.81
,,,京基智农(000048.SZ),900,16668.00,18.52,-65.41
,,,森马服饰(002563.SZ),4000,21000.00,5.25,553.07
2022-12-08,133753.83,28758.83,,,,,
,,,外高桥(600648.SH),1200,15252.00,12.71,120.81
,,,天津港(600717.SH),3900,16848.00,4.32,625.63
,,,方大特钢(600507.SH),2800,17304.00,6.18,353.09
,,,森马服饰(002563.SZ),4000,22040.00,5.51,1593.07
,,,京基智农(000048.SZ),900,16335.00,18.15,-398.41
,,,老凤祥(600612.SH),400,17216.00,43.04,1415.47
2022-12-07,133936.83,28758.83,,,,,
,,,京基智农(000048.SZ),900,16695.00,18.55,-38.41
,,,森马服饰(002563.SZ),4000,22160.00,5.54,1713.07
,,,老凤祥(600612.SH),400,17200.00,43,1399.47
,,,天津港(600717.SH),3900,16731.00,4.29,508.63
,,,方大特钢(600507.SH),2800,17248.00,6.16,297.09
,,,外高桥(600648.SH),1200,15144.00,12.62,12.81
2022-12-06,133311.83,28758.83,,,,,
,,,天津港(600717.SH),3900,16575.00,4.25,352.63
,,,森马服饰(002563.SZ),4000,21480.00,5.37,1033.07
,,,京基智农(000048.SZ),900,16722.00,18.58,-11.41
,,,老凤祥(600612.SH),400,17276.00,43.19,1475.47
,,,方大特钢(600507.SH),2800,17332.00,6.19,381.09
,,,外高桥(600648.SH),1200,15168.00,12.64,36.81
2022-12-05,133344.83,28758.83,,,,,
,,,森马服饰(002563.SZ),4000,21120.00,5.28,673.07
,,,京基智农(000048.SZ),900,16830.00,18.7,96.59
,,,老凤祥(600612.SH),400,17232.00,43.08,1431.47
,,,方大特钢(600507.SH),2800,17304.00,6.18,353.09
,,,外高桥(600648.SH),1200,15408.00,12.84,276.81
,,,天津港(600717.SH),3900,16692.00,4.28,469.63
2022-12-02,131605.83,28758.83,,,,,
,,,天津港(600717.SH),3900,16185.00,4.15,-37.37
,,,森马服饰(002563.SZ),4000,20880.00,5.22,433.07
,,,外高桥(600648.SH),1200,15312.00,12.76,180.81
,,,方大特钢(600507.SH),2800,17024.00,6.08,73.09
,,,老凤祥(600612.SH),400,16760.00,41.9,959.47
,,,京基智农(000048.SZ),900,16686.00,18.54,-47.41
2022-12-01,130929.83,28758.83,,,,,
,,,京基智农(000048.SZ),900,16632.00,18.48,-101.41
,,,方大特钢(600507.SH),2800,17164.00,6.13,213.09
,,,森马服饰(002563.SZ),4000,20480.00,5.12,33.07
,,,老凤祥(600612.SH),400,16596.00,41.49,795.47
,,,天津港(600717.SH),3900,16263.00,4.17,40.63
,,,外高桥(600648.SH),1200,15036.00,12.53,-95.19
2022-11-30,130465.28,16386.28,,,,,
,,,老凤祥(600612.SH),400,16480.00,41.2,679.47
,,,紫金银行(601860.SH),6100,16714.00,2.74,-588.72
,,,天津港(600717.SH),3900,16380.00,4.2,157.63
,,,方大特钢(600507.SH),2800,17108.00,6.11,157.09
,,,重药控股(000950.SZ),2500,13950.00,5.58,1521.29
,,,康恩贝(600572.SH),3700,17575.00,4.75,2370.10
,,,郑州银行(002936.SZ),6400,15872.00,2.48,1245.82
2022-11-29,131098.28,16386.28,,,,,
,,,方大特钢(600507.SH),2800,17024.00,6.08,73.09
,,,郑州银行(002936.SZ),6400,16064.00,2.51,1437.82
,,,紫金银行(601860.SH),6100,16836.00,2.76,-466.72
,,,康恩贝(600572.SH),3700,17908.00,4.84,2703.10
,,,重药控股(000950.SZ),2500,13950.00,5.58,1521.29
,,,老凤祥(600612.SH),400,16472.00,41.18,671.47
,,,天津港(600717.SH),3900,16458.00,4.22,235.63
2022-11-28,129021.28,16386.28,,,,,
,,,重药控股(000950.SZ),2500,13575.00,5.43,1146.29
,,,郑州银行(002936.SZ),6400,15552.00,2.43,925.82
,,,康恩贝(600572.SH),3700,17945.00,4.85,2740.10
,,,天津港(600717.SH),3900,16341.00,4.19,118.63
,,,老凤祥(600612.SH),400,16168.00,40.42,367.47
,,,紫金银行(601860.SH),6100,16226.00,2.66,-1076.72
,,,方大特钢(600507.SH),2800,16828.00,6.01,-122.91
2022-11-25,129329.28,16386.28,,,,,
,,,康恩贝(600572.SH),3700,17649.00,4.77,2444.10
,,,老凤祥(600612.SH),400,16060.00,40.15,259.47
,,,重药控股(000950.SZ),2500,13625.00,5.45,1196.29
,,,天津港(600717.SH),3900,16302.00,4.18,79.63
,,,紫金银行(601860.SH),6100,16531.00,2.71,-771.72
,,,方大特钢(600507.SH),2800,16968.00,6.06,17.09
,,,郑州银行(002936.SZ),6400,15808.00,2.47,1181.82
2022-11-24,127830.28,16386.28,,,,,
,,,重药控股(000950.SZ),2500,13725.00,5.49,1296.29
,,,老凤祥(600612.SH),400,16044.00,40.11,243.47
,,,方大特钢(600507.SH),2800,16800.00,6,-150.91
,,,天津港(600717.SH),3900,16185.00,4.15,-37.37
,,,康恩贝(600572.SH),3700,17168.00,4.64,1963.10
,,,郑州银行(002936.SZ),6400,15296.00,2.39,669.82
,,,紫金银行(601860.SH),6100,16226.00,2.66,-1076.72
2022-11-23,127266.28,16386.28,,,,,
,,,紫金银行(601860.SH),6100,16165.00,2.65,-1137.72
,,,老凤祥(600612.SH),400,15912.00,39.78,111.47
,,,郑州银行(002936.SZ),6400,15360.00,2.4,733.82
,,,重药控股(000950.SZ),2500,13475.00,5.39,1046.29
,,,方大特钢(600507.SH),2800,16800.00,6,-150.91
,,,天津港(600717.SH),3900,16185.00,4.15,-37.37
,,,康恩贝(600572.SH),3700,16983.00,4.59,1778.10
2022-11-22,128193.28,16386.28,,,,,
,,,紫金银行(601860.SH),6100,16104.00,2.64,-1198.72
,,,重药控股(000950.SZ),2500,13825.00,5.53,1396.29
,,,郑州银行(002936.SZ),6400,15296.00,2.39,669.82
,,,天津港(600717.SH),3900,16185.00,4.15,-37.37
,,,老凤祥(600612.SH),400,16096.00,40.24,295.47
,,,康恩贝(600572.SH),3700,17501.00,4.73,2296.10
,,,方大特钢(600507.SH),2800,16800.00,6,-150.91
2022-11-21,128998.28,16386.28,,,,,
,,,紫金银行(601860.SH),6100,15982.00,2.62,-1320.72
,,,方大特钢(600507.SH),2800,16716.00,5.97,-234.91
,,,老凤祥(600612.SH),400,16312.00,40.78,511.47
,,,郑州银行(002936.SZ),6400,15168.00,2.37,541.82
,,,天津港(600717.SH),3900,15756.00,4.04,-466.37
,,,康恩贝(600572.SH),3700,18278.00,4.94,3073.10
,,,重药控股(000950.SZ),2500,14400.00,5.76,1971.29
2022-11-18,128529.28,16386.28,,,,,
,,,紫金银行(601860.SH),6100,16043.00,2.63,-1259.72
,,,天津港(600717.SH),3900,15990.00,4.1,-232.37
,,,老凤祥(600612.SH),400,16480.00,41.2,679.47
,,,郑州银行(002936.SZ),6400,15232.00,2.38,605.82
,,,康恩贝(600572.SH),3700,17501.00,4.73,2296.10
,,,方大特钢(600507.SH),2800,16772.00,5.99,-178.91
,,,重药控股(000950.SZ),2500,14125.00,5.65,1696.29
2022-11-17,128464.28,16386.28,,,,,
,,,郑州银行(002936.SZ),6400,15296.00,2.39,669.82
,,,重药控股(000950.SZ),2500,14125.00,5.65,1696.29
,,,方大特钢(600507.SH),2800,16632.00,5.94,-318.91
,,,紫金银行(601860.SH),6100,16165.00,2.65,-1137.72
,,,老凤祥(600612.SH),400,16620.00,41.55,819.47
,,,天津港(600717.SH),3900,16146.00,4.14,-76.37
,,,康恩贝(600572.SH),3700,17094.00,4.62,1889.10
2022-11-16,128070.28,16386.28,,,,,
,,,方大特钢(600507.SH),2800,16604.00,5.93,-346.91
,,,天津港(600717.SH),3900,16107.00,4.13,-115.37
,,,重药控股(000950.SZ),2500,13850.00,5.54,1421.29
,,,老凤祥(600612.SH),400,16864.00,42.16,1063.47
,,,郑州银行(002936.SZ),6400,15296.00,2.39,669.82
,,,康恩贝(600572.SH),3700,16798.00,4.54,1593.10
,,,紫金银行(601860.SH),6100,16165.00,2.65,-1137.72
2022-11-15,128171.28,16386.28,,,,,
,,,方大特钢(600507.SH),2800,16632.00,5.94,-318.91
,,,紫金银行(601860.SH),6100,16348.00,2.68,-954.72
,,,老凤祥(600612.SH),400,16704.00,41.76,903.47
,,,重药控股(000950.SZ),2500,13700.00,5.48,1271.29
,,,郑州银行(002936.SZ),6400,15424.00,2.41,797.82
,,,康恩贝(600572.SH),3700,16909.00,4.57,1704.10
,,,天津港(600717.SH),3900,16068.00,4.12,-154.37
2022-11-14,127711.28,16386.28,,,,,
,,,老凤祥(600612.SH),400,16532.00,41.33,731.47
,,,重药控股(000950.SZ),2500,13675.00,5.47,1246.29
,,,天津港(600717.SH),3900,16146.00,4.14,-76.37
,,,康恩贝(600572.SH),3700,16983.00,4.59,1778.10
,,,紫金银行(601860.SH),6100,16165.00,2.65,-1137.72
,,,郑州银行(002936.SZ),6400,15360.00,2.4,733.82
,,,方大特钢(600507.SH),2800,16464.00,5.88,-486.91
2022-11-11,126338.28,16386.28,,,,,
,,,方大特钢(600507.SH),2800,16492.00,5.89,-458.91
,,,老凤祥(600612.SH),400,16600.00,41.5,799.47
,,,紫金银行(601860.SH),6100,16104.00,2.64,-1198.72
,,,重药控股(000950.SZ),2500,13225.00,5.29,796.29
,,,郑州银行(002936.SZ),6400,15296.00,2.39,669.82
,,,天津港(600717.SH),3900,16029.00,4.11,-193.37
,,,康恩贝(600572.SH),3700,16206.00,4.38,1001.10
2022-11-10,125760.28,16386.28,,,,,
,,,老凤祥(600612.SH),400,16304.00,40.76,503.47
,,,康恩贝(600572.SH),3700,16650.00,4.5,1445.10
,,,重药控股(000950.SZ),2500,13325.00,5.33,896.29
,,,紫金银行(601860.SH),6100,15799.00,2.59,-1503.72
,,,方大特钢(600507.SH),2800,16408.00,5.86,-542.91
,,,天津港(600717.SH),3900,15912.00,4.08,-310.37
,,,郑州银行(002936.SZ),6400,14976.00,2.34,349.82
2022-11-09,125744.28,16386.28,,,,,
,,,紫金银行(601860.SH),6100,15738.00,2.58,-1564.72
,,,重药控股(000950.SZ),2500,13550.00,5.42,1121.29
,,,天津港(600717.SH),3900,15756.00,4.04,-466.37
,,,郑州银行(002936.SZ),6400,14976.00,2.34,349.82
,,,康恩贝(600572.SH),3700,16502.00,4.46,1297.10
,,,方大特钢(600507.SH),2800,16380.00,5.85,-570.91
,,,老凤祥(600612.SH),400,16456.00,41.14,655.47
2022-11-08,125155.28,16386.28,,,,,
,,,重药控股(000950.SZ),2500,13225.00,5.29,796.29
,,,老凤祥(600612.SH),400,16376.00,40.94,575.47
,,,康恩贝(600572.SH),3700,16354.00,4.42,1149.10
,,,方大特钢(600507.SH),2800,16408.00,5.86,-542.91
,,,郑州银行(002936.SZ),6400,14912.00,2.33,285.82
,,,天津港(600717.SH),3900,15756.00,4.04,-466.37
,,,紫金银行(601860.SH),6100,15738.00,2.58,-1564.72
2022-11-07,125233.28,16386.28,,,,,
,,,老凤祥(600612.SH),400,16320.00,40.8,519.47
,,,重药控股(000950.SZ),2500,13050.00,5.22,621.29
,,,天津港(600717.SH),3900,15795.00,4.05,-427.37
,,,方大特钢(600507.SH),2800,16492.00,5.89,-458.91
,,,紫金银行(601860.SH),6100,15860.00,2.6,-1442.72
,,,康恩贝(600572.SH),3700,16354.00,4.42,1149.10
,,,郑州银行(002936.SZ),6400,14976.00,2.34,349.82
2022-11-04,124488.28,16386.28,,,,,
,,,方大特钢(600507.SH),2800,16100.00,5.75,-850.91
,,,天津港(600717.SH),3900,15678.00,4.02,-544.37
,,,老凤祥(600612.SH),400,16208.00,40.52,407.47
,,,郑州银行(002936.SZ),6400,14912.00,2.33,285.82
,,,康恩贝(600572.SH),3700,16169.00,4.37,964.10
,,,紫金银行(601860.SH),6100,15860.00,2.6,-1442.72
,,,重药控股(000950.SZ),2500,13175.00,5.27,746.29
2022-11-03,123435.28,16386.28,,,,,
,,,紫金银行(601860.SH),6100,15616.00,2.56,-1686.72
,,,方大特钢(600507.SH),2800,15960.00,5.7,-990.91
,,,重药控股(000950.SZ),2500,13050.00,5.22,621.29
,,,老凤祥(600612.SH),400,15940.00,39.85,139.47
,,,郑州银行(002936.SZ),6400,14720.00,2.3,93.82
,,,康恩贝(600572.SH),3700,16280.00,4.4,1075.10
,,,天津港(600717.SH),3900,15483.00,3.97,-739.37
2022-11-02,123899.28,16386.28,,,,,
,,,天津港(600717.SH),3900,15483.00,3.97,-739.37
,,,紫金银行(601860.SH),6100,15738.00,2.58,-1564.72
,,,老凤祥(600612.SH),400,15760.00,39.4,-40.53
,,,康恩贝(600572.SH),3700,16317.00,4.41,1112.10
,,,郑州银行(002936.SZ),6400,14912.00,2.33,285.82
,,,重药控股(000950.SZ),2500,13175.00,5.27,746.29
,,,方大特钢(600507.SH),2800,16128.00,5.76,-822.91
2022-11-01,122934.28,16386.28,,,,,
,,,重药控股(000950.SZ),2500,13175.00,5.27,746.29
,,,方大特钢(600507.SH),2800,16100.00,5.75,-850.91
,,,紫金银行(601860.SH),6100,15738.00,2.58,-1564.72
,,,老凤祥(600612.SH),400,15452.00,38.63,-348.53
,,,康恩贝(600572.SH),3700,15688.00,4.24,483.10
,,,郑州银行(002936.SZ),6400,14912.00,2.33,285.82
,,,天津港(600717.SH),3900,15483.00,3.97,-739.37
2022-10-31,121222.70,23629.70,,,,,
,,,老凤祥(600612.SH),400,15364.00,38.41,-436.53
,,,天津港(600717.SH),3900,15210.00,3.9,-1012.37
,,,重药控股(000950.SZ),3200,16352.00,5.11,443.26
,,,紫金银行(601860.SH),6100,15433.00,2.53,-1869.72
,,,康恩贝(600572.SH),4600,19274.00,4.19,370.61
,,,方大特钢(600507.SH),2800,15960.00,5.7,-990.91
2022-10-28,121898.70,23629.70,,,,,
,,,天津港(600717.SH),3900,15444.00,3.96,-778.37
,,,老凤祥(600612.SH),400,15648.00,39.12,-152.53
,,,康恩贝(600572.SH),4600,19090.00,4.15,186.61
,,,方大特钢(600507.SH),2800,16520.00,5.9,-430.91
,,,紫金银行(601860.SH),6100,15311.00,2.51,-1991.72
,,,重药控股(000950.SZ),3200,16256.00,5.08,347.26
2022-10-27,124369.70,23629.70,,,,,
,,,紫金银行(601860.SH),6100,15738.00,2.58,-1564.72
,,,老凤祥(600612.SH),400,15920.00,39.8,119.47
,,,方大特钢(600507.SH),2800,16912.00,6.04,-38.91
,,,天津港(600717.SH),3900,16068.00,4.12,-154.37
,,,康恩贝(600572.SH),4600,19366.00,4.21,462.61
,,,重药控股(000950.SZ),3200,16736.00,5.23,827.26
2022-10-26,122797.70,23629.70,,,,,
,,,重药控股(000950.SZ),3200,15840.00,4.95,-68.74
,,,康恩贝(600572.SH),4600,18952.00,4.12,48.61
,,,紫金银行(601860.SH),6100,15677.00,2.57,-1625.72
,,,天津港(600717.SH),3900,15951.00,4.09,-271.37
,,,方大特钢(600507.SH),2800,16884.00,6.03,-66.91
,,,老凤祥(600612.SH),400,15864.00,39.66,63.47
2022-10-25,121114.70,23629.70,,,,,
,,,方大特钢(600507.SH),2800,16772.00,5.99,-178.91
,,,天津港(600717.SH),3900,15873.00,4.07,-349.37
,,,康恩贝(600572.SH),4600,18492.00,4.02,-411.39
,,,重药控股(000950.SZ),3200,15232.00,4.76,-676.74
,,,老凤祥(600612.SH),400,15500.00,38.75,-300.53
,,,紫金银行(601860.SH),6100,15616.00,2.56,-1686.72
2022-10-24,121547.70,23629.70,,,,,
,,,老凤祥(600612.SH),400,15300.00,38.25,-500.53
,,,重药控股(000950.SZ),3200,15424.00,4.82,-484.74
,,,康恩贝(600572.SH),4600,18722.00,4.07,-181.39
,,,方大特钢(600507.SH),2800,16800.00,6,-150.91
,,,紫金银行(601860.SH),6100,15799.00,2.59,-1503.72
,,,天津港(600717.SH),3900,15873.00,4.07,-349.37
2022-10-21,123237.70,23629.70,,,,,
,,,方大特钢(600507.SH),2800,16940.00,6.05,-10.91
,,,康恩贝(600572.SH),4600,19228.00,4.18,324.61
,,,天津港(600717.SH),3900,16068.00,4.12,-154.37
,,,老凤祥(600612.SH),400,15428.00,38.57,-372.53
,,,紫金银行(601860.SH),6100,16104.00,2.64,-1198.72
,,,重药控股(000950.SZ),3200,15840.00,4.95,-68.74
2022-10-20,123290.70,23629.70,,,,,
,,,紫金银行(601860.SH),6100,16287.00,2.67,-1015.72
,,,天津港(600717.SH),3900,16068.00,4.12,-154.37
,,,康恩贝(600572.SH),4600,19090.00,4.15,186.61
,,,方大特钢(600507.SH),2800,16856.00,6.02,-94.91
,,,重药控股(000950.SZ),3200,15840.00,4.95,-68.74
,,,老凤祥(600612.SH),400,15520.00,38.8,-280.53
2022-10-19,124001.70,23629.70,,,,,
,,,天津港(600717.SH),3900,16302.00,4.18,79.63
,,,紫金银行(601860.SH),6100,16348.00,2.68,-954.72
,,,方大特钢(600507.SH),2800,17080.00,6.1,129.09
,,,重药控股(000950.SZ),3200,15840.00,4.95,-68.74
,,,老凤祥(600612.SH),400,15620.00,39.05,-180.53
,,,康恩贝(600572.SH),4600,19182.00,4.17,278.61
2022-10-18,125121.70,23629.70,,,,,
,,,天津港(600717.SH),3900,16107.00,4.13,-115.37
,,,方大特钢(600507.SH),2800,17332.00,6.19,381.09
,,,紫金银行(601860.SH),6100,16531.00,2.71,-771.72
,,,重药控股(000950.SZ),3200,16160.00,5.05,251.26
,,,老凤祥(600612.SH),400,15996.00,39.99,195.47
,,,康恩贝(600572.SH),4600,19366.00,4.21,462.61
2022-10-17,124842.70,23629.70,,,,,
,,,天津港(600717.SH),3900,16224.00,4.16,1.63
,,,方大特钢(600507.SH),2800,17304.00,6.18,353.09
,,,重药控股(000950.SZ),3200,15904.00,4.97,-4.74
,,,老凤祥(600612.SH),400,16084.00,40.21,283.47
,,,康恩贝(600572.SH),4600,19044.00,4.14,140.61
,,,紫金银行(601860.SH),6100,16653.00,2.73,-649.72
2022-10-14,123994.70,23629.70,,,,,
,,,天津港(600717.SH),3900,15951.00,4.09,-271.37
,,,重药控股(000950.SZ),3200,15840.00,4.95,-68.74
,,,方大特钢(600507.SH),2800,17304.00,6.18,353.09
,,,紫金银行(601860.SH),6100,16592.00,2.72,-710.72
,,,康恩贝(600572.SH),4600,18814.00,4.09,-89.39
,,,老凤祥(600612.SH),400,15864.00,39.66,63.47
2022-10-13,122874.70,23629.70,,,,,
,,,方大特钢(600507.SH),2800,17136.00,6.12,185.09
,,,紫金银行(601860.SH),6100,16470.00,2.7,-832.72
,,,老凤祥(600612.SH),400,15864.00,39.66,63.47
,,,康恩贝(600572.SH),4600,18446.00,4.01,-457.39
,,,天津港(600717.SH),3900,15873.00,4.07,-349.37
,,,重药控股(000950.SZ),3200,15456.00,4.83,-452.74
2022-10-12,123188.70,23629.70,,,,,
,,,康恩贝(600572.SH),4600,18354.00,3.99,-549.39
,,,重药控股(000950.SZ),3200,15328.00,4.79,-580.74
,,,方大特钢(600507.SH),2800,17164.00,6.13,213.09
,,,紫金银行(601860.SH),6100,16653.00,2.73,-649.72
,,,老凤祥(600612.SH),400,15992.00,39.98,191.47
,,,天津港(600717.SH),3900,16068.00,4.12,-154.37
2022-10-11,122117.70,23629.70,,,,,
,,,重药控股(000950.SZ),3200,15200.00,4.75,-708.74
,,,康恩贝(600572.SH),4600,18170.00,3.95,-733.39
,,,天津港(600717.SH),3900,15951.00,4.09,-271.37
,,,老凤祥(600612.SH),400,15584.00,38.96,-216.53
,,,方大特钢(600507.SH),2800,17052.00,6.09,101.09
,,,紫金银行(601860.SH),6100,16531.00,2.71,-771.72
2022-10-10,121980.70,23629.70,,,,,
,,,康恩贝(600572.SH),4600,18170.00,3.95,-733.39
,,,紫金银行(601860.SH),6100,16531.00,2.71,-771.72
,,,方大特钢(600507.SH),2800,16884.00,6.03,-66.91
,,,老凤祥(600612.SH),400,15728.00,39.32,-72.53
,,,重药控股(000950.SZ),3200,15360.00,4.8,-548.74
,,,天津港(600717.SH),3900,15678.00,4.02,-544.37
2022-09-30,122239.86,27880.86,,,,,
,,,天津港(600717.SH),3900,15600.00,4,-622.37
,,,康恩贝(600572.SH),4600,18216.00,3.96,-687.39
,,,西部建设(002302.SZ),2100,14511.00,6.91,-1801.55
,,,紫金银行(601860.SH),6100,16592.00,2.72,-710.72
,,,重药控股(000950.SZ),3200,15328.00,4.79,-580.74
,,,鲁信创投(600783.SH),1200,14112.00,11.76,-1319.79
2022-09-29,121919.86,27880.86,,,,,
,,,康恩贝(600572.SH),4600,17940.00,3.9,-963.39
,,,紫金银行(601860.SH),6100,16592.00,2.72,-710.72
,,,天津港(600717.SH),3900,15717.00,4.03,-505.37
,,,鲁信创投(600783.SH),1200,14220.00,11.85,-1211.79
,,,重药控股(000950.SZ),3200,14912.00,4.66,-996.74
,,,西部建设(002302.SZ),2100,14658.00,6.98,-1654.55
2022-09-28,122627.86,27880.86,,,,,
,,,康恩贝(600572.SH),4600,17940.00,3.9,-963.39
,,,鲁信创投(600783.SH),1200,14160.00,11.8,-1271.79
,,,天津港(600717.SH),3900,15873.00,4.07,-349.37
,,,紫金银行(601860.SH),6100,16897.00,2.77,-405.72
,,,西部建设(002302.SZ),2100,14805.00,7.05,-1507.55
,,,重药控股(000950.SZ),3200,15072.00,4.71,-836.74
2022-09-27,123363.86,27880.86,,,,,
,,,鲁信创投(600783.SH),1200,14280.00,11.9,-1151.79
,,,紫金银行(601860.SH),6100,16836.00,2.76,-466.72
,,,天津港(600717.SH),3900,16029.00,4.11,-193.37
,,,重药控股(000950.SZ),3200,15232.00,4.76,-676.74
,,,康恩贝(600572.SH),4600,17986.00,3.91,-917.39
,,,西部建设(002302.SZ),2100,15120.00,7.2,-1192.55
2022-09-26,121699.86,27880.86,,,,,
,,,重药控股(000950.SZ),3200,14880.00,4.65,-1028.74
,,,鲁信创投(600783.SH),1200,14028.00,11.69,-1403.79
,,,康恩贝(600572.SH),4600,17710.00,3.85,-1193.39
,,,紫金银行(601860.SH),6100,16592.00,2.72,-710.72
,,,西部建设(002302.SZ),2100,14931.00,7.11,-1381.55
,,,天津港(600717.SH),3900,15678.00,4.02,-544.37
2022-09-23,123811.86,27880.86,,,,,
,,,康恩贝(600572.SH),4600,18032.00,3.92,-871.39
,,,鲁信创投(600783.SH),1200,14208.00,11.84,-1223.79
,,,紫金银行(601860.SH),6100,17202.00,2.82,-100.72
,,,天津港(600717.SH),3900,16224.00,4.16,1.63
,,,重药控股(000950.SZ),3200,15040.00,4.7,-868.74
,,,西部建设(002302.SZ),2100,15225.00,7.25,-1087.55
2022-09-22,124487.86,27880.86,,,,,
,,,康恩贝(600572.SH),4600,18170.00,3.95,-733.39
,,,重药控股(000950.SZ),3200,15264.00,4.77,-644.74
,,,紫金银行(601860.SH),6100,16958.00,2.78,-344.72
,,,西部建设(002302.SZ),2100,15435.00,7.35,-877.55
,,,鲁信创投(600783.SH),1200,14400.00,12,-1031.79
,,,天津港(600717.SH),3900,16380.00,4.2,157.63
2022-09-21,125793.86,27880.86,,,,,
,,,鲁信创投(600783.SH),1200,14508.00,12.09,-923.79
,,,紫金银行(601860.SH),6100,17263.00,2.83,-39.72
,,,天津港(600717.SH),3900,16458.00,4.22,235.63
,,,重药控股(000950.SZ),3200,15488.00,4.84,-420.74
,,,康恩贝(600572.SH),4600,18446.00,4.01,-457.39
,,,西部建设(002302.SZ),2100,15750.00,7.5,-562.55
2022-09-20,124142.86,27880.86,,,,,
,,,鲁信创投(600783.SH),1200,14076.00,11.73,-1355.79
,,,重药控股(000950.SZ),3200,15296.00,4.78,-612.74
,,,紫金银行(601860.SH),6100,16775.00,2.75,-527.72
,,,天津港(600717.SH),3900,15990.00,4.1,-232.37
,,,西部建设(002302.SZ),2100,15771.00,7.51,-541.55
,,,康恩贝(600572.SH),4600,18354.00,3.99,-549.39
2022-09-19,123967.86,27880.86,,,,,
,,,西部建设(002302.SZ),2100,15981.00,7.61,-331.55
,,,天津港(600717.SH),3900,15873.00,4.07,-349.37
,,,紫金银行(601860.SH),6100,16897.00,2.77,-405.72
,,,鲁信创投(600783.SH),1200,13956.00,11.63,-1475.79
,,,康恩贝(600572.SH),4600,18308.00,3.98,-595.39
,,,重药控股(000950.SZ),3200,15072.00,4.71,-836.74
2022-09-16,125403.86,27880.86,,,,,
,,,天津港(600717.SH),3900,15951.00,4.09,-271.37
,,,康恩贝(600572.SH),4600,18492.00,4.02,-411.39
,,,西部建设(002302.SZ),2100,16443.00,7.83,130.45
,,,紫金银行(601860.SH),6100,16897.00,2.77,-405.72
,,,鲁信创投(600783.SH),1200,14220.00,11.85,-1211.79
,,,重药控股(000950.SZ),3200,15520.00,4.85,-388.74
2022-09-15,128286.86,27880.86,,,,,
,,,鲁信创投(600783.SH),1200,14760.00,12.3,-671.79
,,,西部建设(002302.SZ),2100,17115.00,8.15,802.45
,,,紫金银行(601860.SH),6100,17507.00,2.87,204.28
,,,康恩贝(600572.SH),4600,18768.00,4.08,-135.39
,,,天津港(600717.SH),3900,16224.00,4.16,1.63
,,,重药控股(000950.SZ),3200,16032.00,5.01,123.26
2022-09-14,128787.86,27880.86,,,,,
,,,天津港(600717.SH),3900,16302.00,4.18,79.63
,,,西部建设(002302.SZ),2100,17157.00,8.17,844.45
,,,鲁信创投(600783.SH),1200,15000.00,12.5,-431.79
,,,紫金银行(601860.SH),6100,17446.00,2.86,143.28
,,,康恩贝(600572.SH),4600,18906.00,4.11,2.61
,,,重药控股(000950.SZ),3200,16096.00,5.03,187.26
2022-09-13,129428.86,27880.86,,,,,
,,,重药控股(000950.SZ),3200,16224.00,5.07,315.26
,,,天津港(600717.SH),3900,16497.00,4.23,274.63
,,,西部建设(002302.SZ),2100,17157.00,8.17,844.45
,,,鲁信创投(600783.SH),1200,15180.00,12.65,-251.79
,,,康恩贝(600572.SH),4600,19044.00,4.14,140.61
,,,紫金银行(601860.SH),6100,17446.00,2.86,143.28
2022-09-09,129797.86,27880.86,,,,,
,,,紫金银行(601860.SH),6100,17568.00,2.88,265.28
,,,西部建设(002302.SZ),2100,17346.00,8.26,1033.45
,,,天津港(600717.SH),3900,16341.00,4.19,118.63
,,,鲁信创投(600783.SH),1200,15348.00,12.79,-83.79
,,,重药控股(000950.SZ),3200,16224.00,5.07,315.26
,,,康恩贝(600572.SH),4600,19090.00,4.15,186.61
2022-09-08,129194.86,27880.86,,,,,
,,,西部建设(002302.SZ),2100,17304.00,8.24,991.45
,,,鲁信创投(600783.SH),1200,15240.00,12.7,-191.79
,,,天津港(600717.SH),3900,16419.00,4.21,196.63
,,,重药控股(000950.SZ),3200,15968.00,4.99,59.26
,,,紫金银行(601860.SH),6100,17385.00,2.85,82.28
,,,康恩贝(600572.SH),4600,18998.00,4.13,94.61
2022-09-07,129366.86,27880.86,,,,,
,,,鲁信创投(600783.SH),1200,15444.00,12.87,12.21
,,,天津港(600717.SH),3900,16341.00,4.19,118.63
,,,紫金银行(601860.SH),6100,17324.00,2.84,21.28
,,,西部建设(002302.SZ),2100,17283.00,8.23,970.45
,,,重药控股(000950.SZ),3200,16096.00,5.03,187.26
,,,康恩贝(600572.SH),4600,18998.00,4.13,94.61
2022-09-06,130206.86,27880.86,,,,,
,,,西部建设(002302.SZ),2100,17388.00,8.28,1075.45
,,,天津港(600717.SH),3900,16536.00,4.24,313.63
,,,鲁信创投(600783.SH),1200,15660.00,13.05,228.21
,,,重药控股(000950.SZ),3200,16160.00,5.05,251.26
,,,康恩贝(600572.SH),4600,19136.00,4.16,232.61
,,,紫金银行(601860.SH),6100,17446.00,2.86,143.28
2022-09-05,129578.86,27880.86,,,,,
,,,西部建设(002302.SZ),2100,17115.00,8.15,802.45
,,,重药控股(000950.SZ),3200,16128.00,5.04,219.26
,,,鲁信创投(600783.SH),1200,15492.00,12.91,60.21
,,,天津港(600717.SH),3900,16458.00,4.22,235.63
,,,康恩贝(600572.SH),4600,18998.00,4.13,94.61
,,,紫金银行(601860.SH),6100,17507.00,2.87,204.28
2022-09-02,128466.86,27880.86,,,,,
,,,西部建设(002302.SZ),2100,16611.00,7.91,298.45
,,,康恩贝(600572.SH),4600,18998.00,4.13,94.61
,,,紫金银行(601860.SH),6100,17385.00,2.85,82.28
,,,天津港(600717.SH),3900,16068.00,4.12,-154.37
,,,重药控股(000950.SZ),3200,16032.00,5.01,123.26
,,,鲁信创投(600783.SH),1200,15492.00,12.91,60.21
2022-09-01,127937.86,27880.86,,,,,
,,,康恩贝(600572.SH),4600,18906.00,4.11,2.61
,,,鲁信创投(600783.SH),1200,15048.00,12.54,-383.79
,,,重药控股(000950.SZ),3200,16000.00,5,91.26
,,,紫金银行(601860.SH),6100,17385.00,2.85,82.28
,,,天津港(600717.SH),3900,16107.00,4.13,-115.37
,,,西部建设(002302.SZ),2100,16611.00,7.91,298.45
2022-08-31,128014.84,35851.84,,,,,
,,,川仪股份(603100.SH),900,17334.00,19.26,59.35
,,,诺力股份(603611.SH),1000,17080.00,17.08,-1462.56
,,,岱美股份(603730.SH),1200,16380.00,13.65,-2767.95
,,,法兰泰克(603966.SH),1600,16288.00,10.18,-534.61
,,,醋化股份(603968.SH),700,15141.00,21.63,645.08
,,,好太太(603848.SH),700,9940.00,14.2,-2220.26
2022-08-30,132999.84,35851.84,,,,,
,,,岱美股份(603730.SH),1200,16596.00,13.83,-2551.95
,,,诺力股份(603611.SH),1000,18550.00,18.55,7.44
,,,法兰泰克(603966.SH),1600,17552.00,10.97,729.39
,,,川仪股份(603100.SH),900,18585.00,20.65,1310.35
,,,好太太(603848.SH),700,10171.00,14.53,-1989.26
,,,醋化股份(603968.SH),700,15694.00,22.42,1198.08
2022-08-29,133240.84,35851.84,,,,,
,,,川仪股份(603100.SH),900,18657.00,20.73,1382.35
,,,好太太(603848.SH),700,9954.00,14.22,-2206.26
,,,诺力股份(603611.SH),1000,17920.00,17.92,-622.56
,,,岱美股份(603730.SH),1200,16992.00,14.16,-2155.95
,,,醋化股份(603968.SH),700,16058.00,22.94,1562.08
,,,法兰泰克(603966.SH),1600,17808.00,11.13,985.39
2022-08-26,132203.84,35851.84,,,,,
,,,岱美股份(603730.SH),1200,17124.00,14.27,-2023.95
,,,诺力股份(603611.SH),1000,17660.00,17.66,-882.56
,,,川仪股份(603100.SH),900,18387.00,20.43,1112.35
,,,法兰泰克(603966.SH),1600,17680.00,11.05,857.39
,,,醋化股份(603968.SH),700,15519.00,22.17,1023.08
,,,好太太(603848.SH),700,9982.00,14.26,-2178.26
2022-08-25,133326.84,35851.84,,,,,
,,,醋化股份(603968.SH),700,15750.00,22.5,1254.08
,,,诺力股份(603611.SH),1000,18530.00,18.53,-12.56
,,,川仪股份(603100.SH),900,18450.00,20.5,1175.35
,,,好太太(603848.SH),700,10185.00,14.55,-1975.26
,,,岱美股份(603730.SH),1200,16992.00,14.16,-2155.95
,,,法兰泰克(603966.SH),1600,17568.00,10.98,745.39
2022-08-24,133749.84,35851.84,,,,,
,,,川仪股份(603100.SH),900,18630.00,20.7,1355.35
,,,法兰泰克(603966.SH),1600,18080.00,11.3,1257.39
,,,诺力股份(603611.SH),1000,18100.00,18.1,-442.56
,,,醋化股份(603968.SH),700,15610.00,22.3,1114.08
,,,好太太(603848.SH),700,10150.00,14.5,-2010.26
,,,岱美股份(603730.SH),1200,17328.00,14.44,-1819.95
2022-08-23,137545.84,35851.84,,,,,
,,,岱美股份(603730.SH),1200,17700.00,14.75,-1447.95
,,,醋化股份(603968.SH),700,16198.00,23.14,1702.08
,,,川仪股份(603100.SH),900,19440.00,21.6,2165.35
,,,诺力股份(603611.SH),1000,19160.00,19.16,617.44
,,,好太太(603848.SH),700,10444.00,14.92,-1716.26
,,,法兰泰克(603966.SH),1600,18752.00,11.72,1929.39
2022-08-22,137620.84,35851.84,,,,,
,,,诺力股份(603611.SH),1000,18190.00,18.19,-352.56
,,,醋化股份(603968.SH),700,16310.00,23.3,1814.08
,,,川仪股份(603100.SH),900,19908.00,22.12,2633.35
,,,岱美股份(603730.SH),1200,18000.00,15,-1147.95
,,,法兰泰克(603966.SH),1600,18896.00,11.81,2073.39
,,,好太太(603848.SH),700,10465.00,14.95,-1695.26
2022-08-19,136978.84,35851.84,,,,,
,,,法兰泰克(603966.SH),1600,18672.00,11.67,1849.39
,,,岱美股份(603730.SH),1200,17364.00,14.47,-1783.95
,,,川仪股份(603100.SH),900,20034.00,22.26,2759.35
,,,诺力股份(603611.SH),1000,18380.00,18.38,-162.56
,,,好太太(603848.SH),700,10451.00,14.93,-1709.26
,,,醋化股份(603968.SH),700,16226.00,23.18,1730.08
2022-08-18,139461.84,35851.84,,,,,
,,,川仪股份(603100.SH),900,20259.00,22.51,2984.35
,,,法兰泰克(603966.SH),1600,19584.00,12.24,2761.39
,,,好太太(603848.SH),700,10549.00,15.07,-1611.26
,,,诺力股份(603611.SH),1000,18160.00,18.16,-382.56
,,,醋化股份(603968.SH),700,16926.00,24.18,2430.08
,,,岱美股份(603730.SH),1200,18132.00,15.11,-1015.95
2022-08-17,138349.84,35851.84,,,,,
,,,川仪股份(603100.SH),900,20079.00,22.31,2804.35
,,,好太太(603848.SH),700,10927.00,15.61,-1233.26
,,,岱美股份(603730.SH),1200,17664.00,14.72,-1483.95
,,,诺力股份(603611.SH),1000,17520.00,17.52,-1022.56
,,,醋化股份(603968.SH),700,16660.00,23.8,2164.08
,,,法兰泰克(603966.SH),1600,19648.00,12.28,2825.39
2022-08-16,138540.84,35851.84,,,,,
,,,醋化股份(603968.SH),700,17024.00,24.32,2528.08
,,,川仪股份(603100.SH),900,19665.00,21.85,2390.35
,,,岱美股份(603730.SH),1200,17664.00,14.72,-1483.95
,,,诺力股份(603611.SH),1000,17840.00,17.84,-702.56
,,,好太太(603848.SH),700,10640.00,15.2,-1520.26
,,,法兰泰克(603966.SH),1600,19856.00,12.41,3033.39
2022-08-15,137262.84,35851.84,,,,,
,,,诺力股份(603611.SH),1000,17380.00,17.38,-1162.56
,,,岱美股份(603730.SH),1200,17844.00,14.87,-1303.95
,,,法兰泰克(603966.SH),1600,19632.00,12.27,2809.39
,,,好太太(603848.SH),700,10220.00,14.6,-1940.26
,,,醋化股份(603968.SH),700,16940.00,24.2,2444.08
,,,川仪股份(603100.SH),900,19395.00,21.55,2120.35
2022-08-12,137001.84,35851.84,,,,,
,,,醋化股份(603968.SH),700,16548.00,23.64,2052.08
,,,好太太(603848.SH),700,10535.00,15.05,-1625.26
,,,岱美股份(603730.SH),1200,18792.00,15.66,-355.95
,,,法兰泰克(603966.SH),1600,18896.00,11.81,2073.39
,,,川仪股份(603100.SH),900,18819.00,20.91,1544.35
,,,诺力股份(603611.SH),1000,17560.00,17.56,-982.56
2022-08-11,138881.84,35851.84,,,,,
,,,诺力股份(603611.SH),1000,17890.00,17.89,-652.56
,,,川仪股份(603100.SH),900,19476.00,21.64,2201.35
,,,好太太(603848.SH),700,10570.00,15.1,-1590.26
,,,法兰泰克(603966.SH),1600,19328.00,12.08,2505.39
,,,岱美股份(603730.SH),1200,19176.00,15.98,28.05
,,,醋化股份(603968.SH),700,16590.00,23.7,2094.08
2022-08-10,138308.84,35851.84,,,,,
,,,岱美股份(603730.SH),1200,19080.00,15.9,-67.95
,,,法兰泰克(603966.SH),1600,19536.00,12.21,2713.39
,,,诺力股份(603611.SH),1000,17800.00,17.8,-742.56
,,,醋化股份(603968.SH),700,16226.00,23.18,1730.08
,,,好太太(603848.SH),700,10528.00,15.04,-1632.26
,,,川仪股份(603100.SH),900,19287.00,21.43,2012.35
2022-08-09,138588.84,35851.84,,,,,
,,,好太太(603848.SH),700,10731.00,15.33,-1429.26
,,,法兰泰克(603966.SH),1600,18992.00,11.87,2169.39
,,,醋化股份(603968.SH),700,17031.00,24.33,2535.08
,,,诺力股份(603611.SH),1000,17670.00,17.67,-872.56
,,,川仪股份(603100.SH),900,19053.00,21.17,1778.35
,,,岱美股份(603730.SH),1200,19260.00,16.05,112.05
2022-08-08,138495.84,35851.84,,,,,
,,,川仪股份(603100.SH),900,18216.00,20.24,941.35
,,,岱美股份(603730.SH),1200,19188.00,15.99,40.05
,,,醋化股份(603968.SH),700,17255.00,24.65,2759.08
,,,法兰泰克(603966.SH),1600,19360.00,12.1,2537.39
,,,诺力股份(603611.SH),1000,17880.00,17.88,-662.56
,,,好太太(603848.SH),700,10745.00,15.35,-1415.26
2022-08-05,134758.84,35851.84,,,,,
,,,岱美股份(603730.SH),1200,18240.00,15.2,-907.95
,,,法兰泰克(603966.SH),1600,18496.00,11.56,1673.39
,,,醋化股份(603968.SH),700,16919.00,24.17,2423.08
,,,好太太(603848.SH),700,10801.00,15.43,-1359.26
,,,川仪股份(603100.SH),900,16911.00,18.79,-363.65
,,,诺力股份(603611.SH),1000,17540.00,17.54,-1002.56
2022-08-04,134105.84,35851.84,,,,,
,,,醋化股份(603968.SH),700,16716.00,23.88,2220.08
,,,岱美股份(603730.SH),1200,17628.00,14.69,-1519.95
,,,诺力股份(603611.SH),1000,17400.00,17.4,-1142.56
,,,川仪股份(603100.SH),900,16974.00,18.86,-300.65
,,,法兰泰克(603966.SH),1600,18784.00,11.74,1961.39
,,,好太太(603848.SH),700,10752.00,15.36,-1408.26
2022-08-03,133467.84,35851.84,,,,,
,,,法兰泰克(603966.SH),1600,18640.00,11.65,1817.39
,,,川仪股份(603100.SH),900,16740.00,18.6,-534.65
,,,岱美股份(603730.SH),1200,18216.00,15.18,-931.95
,,,好太太(603848.SH),700,10661.00,15.23,-1499.26
,,,诺力股份(603611.SH),1000,17000.00,17,-1542.56
,,,醋化股份(603968.SH),700,16359.00,23.37,1863.08
2022-08-02,137231.84,35851.84,,,,,
,,,醋化股份(603968.SH),700,16499.00,23.57,2003.08
,,,好太太(603848.SH),700,10899.00,15.57,-1261.26
,,,川仪股份(603100.SH),900,17568.00,19.52,293.35
,,,诺力股份(603611.SH),1000,17530.00,17.53,-1012.56
,,,法兰泰克(603966.SH),1600,19264.00,12.04,2441.39
,,,岱美股份(603730.SH),1200,19620.00,16.35,472.05
2022-08-01,139970.84,35851.84,,,,,
,,,好太太(603848.SH),700,11375.00,16.25,-785.26
,,,诺力股份(603611.SH),1000,18500.00,18.5,-42.56
,,,法兰泰克(603966.SH),1600,18960.00,11.85,2137.39
,,,川仪股份(603100.SH),900,18243.00,20.27,968.35
,,,醋化股份(603968.SH),700,17325.00,24.75,2829.08
,,,岱美股份(603730.SH),1200,19716.00,16.43,568.05
2022-07-29,139500.43,31814.43,,,,,
,,,中农立华(603970.SH),500,16150.00,32.3,764.30
,,,卫信康(603676.SH),2000,26300.00,13.15,5993.39
,,,山东出版(601019.SH),2900,17284.00,5.96,-565.30
,,,醋化股份(603968.SH),700,17080.00,24.4,2584.08
,,,法兰泰克(603966.SH),1600,19392.00,12.12,2569.39
,,,好太太(603848.SH),700,11480.00,16.4,-680.26
2022-07-28,138625.43,31814.43,,,,,
,,,中农立华(603970.SH),500,15675.00,31.35,289.30
,,,山东出版(601019.SH),2900,17574.00,6.06,-275.30
,,,卫信康(603676.SH),2000,26440.00,13.22,6133.39
,,,醋化股份(603968.SH),700,17262.00,24.66,2766.08
,,,法兰泰克(603966.SH),1600,18800.00,11.75,1977.39
,,,好太太(603848.SH),700,11060.00,15.8,-1100.26
2022-07-27,139273.43,31814.43,,,,,
,,,法兰泰克(603966.SH),1600,18160.00,11.35,1337.39
,,,山东出版(601019.SH),2900,17545.00,6.05,-304.30
,,,醋化股份(603968.SH),700,17654.00,25.22,3158.08
,,,好太太(603848.SH),700,11095.00,15.85,-1065.26
,,,卫信康(603676.SH),2000,27280.00,13.64,6973.39
,,,中农立华(603970.SH),500,15725.00,31.45,339.30
2022-07-26,136762.43,31814.43,,,,,
,,,法兰泰克(603966.SH),1600,17696.00,11.06,873.39
,,,卫信康(603676.SH),2000,25900.00,12.95,5593.39
,,,好太太(603848.SH),700,11207.00,16.01,-953.26
,,,山东出版(601019.SH),2900,17661.00,6.09,-188.30
,,,醋化股份(603968.SH),700,16884.00,24.12,2388.08
,,,中农立华(603970.SH),500,15600.00,31.2,214.30
2022-07-25,136689.43,31814.43,,,,,
,,,中农立华(603970.SH),500,15720.00,31.44,334.30
,,,醋化股份(603968.SH),700,16737.00,23.91,2241.08
,,,山东出版(601019.SH),2900,17400.00,6,-449.30
,,,好太太(603848.SH),700,11186.00,15.98,-974.26
,,,法兰泰克(603966.SH),1600,17472.00,10.92,649.39
,,,卫信康(603676.SH),2000,26360.00,13.18,6053.39
2022-07-22,136136.43,31814.43,,,,,
,,,好太太(603848.SH),700,11137.00,15.91,-1023.26
,,,卫信康(603676.SH),2000,24960.00,12.48,4653.39
,,,醋化股份(603968.SH),700,16597.00,23.71,2101.08
,,,山东出版(601019.SH),2900,17516.00,6.04,-333.30
,,,中农立华(603970.SH),500,16240.00,32.48,854.30
,,,法兰泰克(603966.SH),1600,17872.00,11.17,1049.39
2022-07-21,136286.43,31814.43,,,,,
,,,法兰泰克(603966.SH),1600,17664.00,11.04,841.39
,,,醋化股份(603968.SH),700,16485.00,23.55,1989.08
,,,卫信康(603676.SH),2000,25880.00,12.94,5573.39
,,,中农立华(603970.SH),500,16050.00,32.1,664.30
,,,好太太(603848.SH),700,10906.00,15.58,-1254.26
,,,山东出版(601019.SH),2900,17487.00,6.03,-362.30
2022-07-20,137705.43,31814.43,,,,,
,,,醋化股份(603968.SH),700,16604.00,23.72,2108.08
,,,卫信康(603676.SH),2000,26400.00,13.2,6093.39
,,,好太太(603848.SH),700,11501.00,16.43,-659.26
,,,法兰泰克(603966.SH),1600,17440.00,10.9,617.39
,,,山东出版(601019.SH),2900,17516.00,6.04,-333.30
,,,中农立华(603970.SH),500,16430.00,32.86,1044.30
2022-07-19,137532.43,31814.43,,,,,
,,,好太太(603848.SH),700,11424.00,16.32,-736.26
,,,法兰泰克(603966.SH),1600,17424.00,10.89,601.39
,,,卫信康(603676.SH),2000,26120.00,13.06,5813.39
,,,山东出版(601019.SH),2900,17400.00,6,-449.30
,,,醋化股份(603968.SH),700,16800.00,24,2304.08
,,,中农立华(603970.SH),500,16550.00,33.1,1164.30
2022-07-18,134615.43,31814.43,,,,,
,,,中农立华(603970.SH),500,16710.00,33.42,1324.30
,,,山东出版(601019.SH),2900,17168.00,5.92,-681.30
,,,卫信康(603676.SH),2000,23740.00,11.87,3433.39
,,,好太太(603848.SH),700,11312.00,16.16,-848.26
,,,醋化股份(603968.SH),700,16303.00,23.29,1807.08
,,,法兰泰克(603966.SH),1600,17568.00,10.98,745.39
2022-07-15,134072.43,31814.43,,,,,
,,,醋化股份(603968.SH),700,15981.00,22.83,1485.08
,,,中农立华(603970.SH),500,16700.00,33.4,1314.30
,,,山东出版(601019.SH),2900,16965.00,5.85,-884.30
,,,好太太(603848.SH),700,10920.00,15.6,-1240.26
,,,卫信康(603676.SH),2000,24780.00,12.39,4473.39
,,,法兰泰克(603966.SH),1600,16912.00,10.57,89.39
2022-07-14,133256.43,31814.43,,,,,
,,,卫信康(603676.SH),2000,23300.00,11.65,2993.39
,,,山东出版(601019.SH),2900,17197.00,5.93,-652.30
,,,醋化股份(603968.SH),700,15834.00,22.62,1338.08
,,,好太太(603848.SH),700,11340.00,16.2,-820.26
,,,中农立华(603970.SH),500,16315.00,32.63,929.30
,,,法兰泰克(603966.SH),1600,17456.00,10.91,633.39
2022-07-13,131668.43,31814.43,,,,,
,,,醋化股份(603968.SH),700,14672.00,20.96,176.08
,,,好太太(603848.SH),700,11900.00,17,-260.26
,,,卫信康(603676.SH),2000,21180.00,10.59,873.39
,,,中农立华(603970.SH),500,17625.00,35.25,2239.30
,,,法兰泰克(603966.SH),1600,17280.00,10.8,457.39
,,,山东出版(601019.SH),2900,17197.00,5.93,-652.30
2022-07-12,129101.43,31814.43,,,,,
,,,好太太(603848.SH),700,11851.00,16.93,-309.26
,,,法兰泰克(603966.SH),1600,17088.00,10.68,265.39
,,,中农立华(603970.SH),500,17350.00,34.7,1964.30
,,,卫信康(603676.SH),2000,19260.00,9.63,-1046.61
,,,醋化股份(603968.SH),700,14686.00,20.98,190.08
,,,山东出版(601019.SH),2900,17052.00,5.88,-797.30
2022-07-11,129479.43,31814.43,,,,,
,,,醋化股份(603968.SH),700,14931.00,21.33,435.08
,,,卫信康(603676.SH),2000,19980.00,9.99,-326.61
,,,好太太(603848.SH),700,11949.00,17.07,-211.26
,,,山东出版(601019.SH),2900,17197.00,5.93,-652.30
,,,法兰泰克(603966.SH),1600,17168.00,10.73,345.39
,,,中农立华(603970.SH),500,16440.00,32.88,1054.30
2022-07-08,128266.43,30799.43,,,,,
,,,好太太(603848.SH),700,11557.00,16.51,-603.26
,,,醋化股份(603968.SH),700,14644.00,20.92,148.08
,,,山东出版(601019.SH),2900,18212.00,6.28,-652.30
,,,卫信康(603676.SH),2000,20320.00,10.16,13.39
,,,中农立华(603970.SH),500,16110.00,32.22,724.30
,,,法兰泰克(603966.SH),1600,16624.00,10.39,-198.61
2022-07-07,127942.43,30799.43,,,,,
,,,醋化股份(603968.SH),700,15050.00,21.5,554.08
,,,好太太(603848.SH),700,11032.00,15.76,-1128.26
,,,卫信康(603676.SH),2000,20140.00,10.07,-166.61
,,,山东出版(601019.SH),2900,18183.00,6.27,-681.30
,,,中农立华(603970.SH),500,15970.00,31.94,584.30
,,,法兰泰克(603966.SH),1600,16768.00,10.48,-54.61
2022-07-06,127732.43,30799.43,,,,,
,,,山东出版(601019.SH),2900,18415.00,6.35,-449.30
,,,卫信康(603676.SH),2000,20540.00,10.27,233.39
,,,法兰泰克(603966.SH),1600,16560.00,10.35,-262.61
,,,中农立华(603970.SH),500,15945.00,31.89,559.30
,,,醋化股份(603968.SH),700,15071.00,21.53,575.08
,,,好太太(603848.SH),700,10402.00,14.86,-1758.26
2022-07-05,129844.43,30799.43,,,,,
,,,山东出版(601019.SH),2900,19198.00,6.62,333.70
,,,中农立华(603970.SH),500,16175.00,32.35,789.30
,,,法兰泰克(603966.SH),1600,17056.00,10.66,233.39
,,,醋化股份(603968.SH),700,15330.00,21.9,834.08
,,,卫信康(603676.SH),2000,20940.00,10.47,633.39
,,,好太太(603848.SH),700,10346.00,14.78,-1814.26
2022-07-04,129868.43,30799.43,,,,,
,,,卫信康(603676.SH),2000,20600.00,10.3,293.39
,,,好太太(603848.SH),700,11494.00,16.42,-666.26
,,,醋化股份(603968.SH),700,15302.00,21.86,806.08
,,,法兰泰克(603966.SH),1600,16320.00,10.2,-502.61
,,,山东出版(601019.SH),2900,19053.00,6.57,188.70
,,,中农立华(603970.SH),500,16300.00,32.6,914.30
2022-07-01,130544.43,30799.43,,,,,
,,,山东出版(601019.SH),2900,19401.00,6.69,536.70
,,,醋化股份(603968.SH),700,14756.00,21.08,260.08
,,,中农立华(603970.SH),500,16550.00,33.1,1164.30
,,,卫信康(603676.SH),2000,20320.00,10.16,13.39
,,,好太太(603848.SH),700,12110.00,17.3,-50.26
,,,法兰泰克(603966.SH),1600,16608.00,10.38,-214.61
2022-06-30,128551.79,21319.79,,,,,
,,,一汽解放(000800.SZ),1700,15878.00,9.34,829.77
,,,辉隆股份(002556.SZ),1600,18720.00,11.7,1319.33
,,,居然智家(000785.SZ),3000,13350.00,4.45,58.48
,,,青岛银行(002948.SZ),4600,16652.00,3.62,-1377.07
,,,山子高科(000981.SZ),11200,17472.00,1.56,1643.42
,,,海德股份(000567.SZ),1700,25160.00,14.8,2123.12
2022-06-29,128114.79,21319.79,,,,,
,,,山子高科(000981.SZ),11200,17248.00,1.54,1419.42
,,,海德股份(000567.SZ),1700,25330.00,14.9,2293.12
,,,一汽解放(000800.SZ),1700,16133.00,9.49,1084.77
,,,居然智家(000785.SZ),3000,13350.00,4.45,58.48
,,,青岛银行(002948.SZ),4600,16606.00,3.61,-1423.07
,,,辉隆股份(002556.SZ),1600,18128.00,11.33,727.33
2022-06-28,130607.79,21319.79,,,,,
,,,海德股份(000567.SZ),1700,26095.00,15.35,3058.12
,,,辉隆股份(002556.SZ),1600,18480.00,11.55,1079.33
,,,一汽解放(000800.SZ),1700,17255.00,10.15,2206.77
,,,青岛银行(002948.SZ),4600,16652.00,3.62,-1377.07
,,,居然智家(000785.SZ),3000,13110.00,4.37,-181.52
,,,山子高科(000981.SZ),11200,17696.00,1.58,1867.42
2022-06-27,128985.79,21319.79,,,,,
,,,一汽解放(000800.SZ),1700,16354.00,9.62,1305.77
,,,青岛银行(002948.SZ),4600,16514.00,3.59,-1515.07
,,,居然智家(000785.SZ),3000,13110.00,4.37,-181.52
,,,海德股份(000567.SZ),1700,25976.00,15.28,2939.12
,,,山子高科(000981.SZ),11200,17472.00,1.56,1643.42
,,,辉隆股份(002556.SZ),1600,18240.00,11.4,839.33
2022-06-24,129817.79,21319.79,,,,,
,,,海德股份(000567.SZ),1700,26350.00,15.5,3313.12
,,,山子高科(000981.SZ),11200,18256.00,1.63,2427.42
,,,辉隆股份(002556.SZ),1600,18208.00,11.38,807.33
,,,居然智家(000785.SZ),3000,13020.00,4.34,-271.52
,,,一汽解放(000800.SZ),1700,16150.00,9.5,1101.77
,,,青岛银行(002948.SZ),4600,16514.00,3.59,-1515.07
2022-06-23,130832.79,21319.79,,,,,
,,,海德股份(000567.SZ),1700,26265.00,15.45,3228.12
,,,一汽解放(000800.SZ),1700,16626.00,9.78,1577.77
,,,青岛银行(002948.SZ),4600,16606.00,3.61,-1423.07
,,,居然智家(000785.SZ),3000,12960.00,4.32,-331.52
,,,山子高科(000981.SZ),11200,18928.00,1.69,3099.42
,,,辉隆股份(002556.SZ),1600,18128.00,11.33,727.33
2022-06-22,129621.79,21319.79,,,,,
,,,山子高科(000981.SZ),11200,19488.00,1.74,3659.42
,,,青岛银行(002948.SZ),4600,16422.00,3.57,-1607.07
,,,辉隆股份(002556.SZ),1600,18272.00,11.42,871.33
,,,海德股份(000567.SZ),1700,25449.00,14.97,2412.12
,,,一汽解放(000800.SZ),1700,15861.00,9.33,812.77
,,,居然智家(000785.SZ),3000,12810.00,4.27,-481.52
2022-06-21,130378.79,21319.79,,,,,
,,,山子高科(000981.SZ),11200,18928.00,1.69,3099.42
,,,居然智家(000785.SZ),3000,13080.00,4.36,-211.52
,,,辉隆股份(002556.SZ),1600,18720.00,11.7,1319.33
,,,青岛银行(002948.SZ),4600,16698.00,3.63,-1331.07
,,,海德股份(000567.SZ),1700,25670.00,15.1,2633.12
,,,一汽解放(000800.SZ),1700,15963.00,9.39,914.77
2022-06-20,132629.79,21319.79,,,,,
,,,居然智家(000785.SZ),3000,13230.00,4.41,-61.52
,,,一汽解放(000800.SZ),1700,16541.00,9.73,1492.77
,,,辉隆股份(002556.SZ),1600,18976.00,11.86,1575.33
,,,海德股份(000567.SZ),1700,26265.00,15.45,3228.12
,,,青岛银行(002948.SZ),4600,16698.00,3.63,-1331.07
,,,山子高科(000981.SZ),11200,19600.00,1.75,3771.42
2022-06-17,132904.79,20214.79,,,,,
,,,山子高科(000981.SZ),11200,18928.00,1.69,3099.42
,,,青岛银行(002948.SZ),4600,16652.00,3.62,-1377.07
,,,辉隆股份(002556.SZ),1600,19216.00,12.01,1815.33
,,,居然智家(000785.SZ),3000,13320.00,4.44,28.48
,,,一汽解放(000800.SZ),1700,18156.00,10.68,2002.77
,,,海德股份(000567.SZ),1700,26418.00,15.54,3381.12
2022-06-16,131839.79,20214.79,,,,,
,,,海德股份(000567.SZ),1700,26554.00,15.62,3517.12
,,,居然智家(000785.SZ),3000,13350.00,4.45,58.48
,,,青岛银行(002948.SZ),4600,16698.00,3.63,-1331.07
,,,一汽解放(000800.SZ),1700,17663.00,10.39,1509.77
,,,辉隆股份(002556.SZ),1600,19104.00,11.94,1703.33
,,,山子高科(000981.SZ),11200,18256.00,1.63,2427.42
2022-06-15,133151.79,20214.79,,,,,
,,,山子高科(000981.SZ),11200,18480.00,1.65,2651.42
,,,居然智家(000785.SZ),3000,13200.00,4.4,-91.52
,,,海德股份(000567.SZ),1700,26027.00,15.31,2990.12
,,,一汽解放(000800.SZ),1700,18598.00,10.94,2444.77
,,,辉隆股份(002556.SZ),1600,19520.00,12.2,2119.33
,,,青岛银行(002948.SZ),4600,17112.00,3.72,-917.07
2022-06-14,134043.79,20214.79,,,,,
,,,一汽解放(000800.SZ),1700,18632.00,10.96,2478.77
,,,山子高科(000981.SZ),11200,18592.00,1.66,2763.42
,,,居然智家(000785.SZ),3000,13350.00,4.45,58.48
,,,辉隆股份(002556.SZ),1600,19520.00,12.2,2119.33
,,,海德股份(000567.SZ),1700,26945.00,15.85,3908.12
,,,青岛银行(002948.SZ),4600,16790.00,3.65,-1239.07
2022-06-13,130604.79,20214.79,,,,,
,,,辉隆股份(002556.SZ),1600,19344.00,12.09,1943.33
,,,青岛银行(002948.SZ),4600,16422.00,3.57,-1607.07
,,,山子高科(000981.SZ),11200,17696.00,1.58,1867.42
,,,海德股份(000567.SZ),1700,26826.00,15.78,3789.12
,,,居然智家(000785.SZ),3000,13170.00,4.39,-121.52
,,,一汽解放(000800.SZ),1700,16932.00,9.96,778.77
2022-06-10,129181.79,20214.79,,,,,
,,,山子高科(000981.SZ),11200,18144.00,1.62,2315.42
,,,一汽解放(000800.SZ),1700,15385.00,9.05,-768.23
,,,海德股份(000567.SZ),1700,25942.00,15.26,2905.12
,,,辉隆股份(002556.SZ),1600,19376.00,12.11,1975.33
,,,青岛银行(002948.SZ),4600,16560.00,3.6,-1469.07
,,,居然智家(000785.SZ),3000,13560.00,4.52,268.48
2022-06-09,128931.79,20214.79,,,,,
,,,青岛银行(002948.SZ),4600,16238.00,3.53,-1791.07
,,,居然智家(000785.SZ),3000,13740.00,4.58,448.48
,,,海德股份(000567.SZ),1700,25636.00,15.08,2599.12
,,,山子高科(000981.SZ),11200,18592.00,1.66,2763.42
,,,辉隆股份(002556.SZ),1600,19296.00,12.06,1895.33
,,,一汽解放(000800.SZ),1700,15215.00,8.95,-938.23
2022-06-08,127726.79,20214.79,,,,,
,,,辉隆股份(002556.SZ),1600,18768.00,11.73,1367.33
,,,青岛银行(002948.SZ),4600,16054.00,3.49,-1975.07
,,,海德股份(000567.SZ),1700,25500.00,15,2463.12
,,,山子高科(000981.SZ),11200,17808.00,1.59,1979.42
,,,一汽解放(000800.SZ),1700,15402.00,9.06,-751.23
,,,居然智家(000785.SZ),3000,13980.00,4.66,688.48
2022-06-07,128086.79,20214.79,,,,,
,,,一汽解放(000800.SZ),1700,15147.00,8.91,-1006.23
,,,海德股份(000567.SZ),1700,25653.00,15.09,2616.12
,,,青岛银行(002948.SZ),4600,16008.00,3.48,-2021.07
,,,山子高科(000981.SZ),11200,17920.00,1.6,2091.42
,,,居然智家(000785.SZ),3000,14040.00,4.68,748.48
,,,辉隆股份(002556.SZ),1600,19104.00,11.94,1703.33
2022-06-06,127040.79,20214.79,,,,,
,,,居然智家(000785.SZ),3000,13950.00,4.65,658.48
,,,青岛银行(002948.SZ),4600,16054.00,3.49,-1975.07
,,,辉隆股份(002556.SZ),1600,19440.00,12.15,2039.33
,,,一汽解放(000800.SZ),1700,15538.00,9.14,-615.23
,,,海德股份(000567.SZ),1700,24820.00,14.6,1783.12
,,,山子高科(000981.SZ),11200,17024.00,1.52,1195.42
2022-06-02,124746.79,20214.79,,,,,
,,,青岛银行(002948.SZ),4600,15962.00,3.47,-2067.07
,,,辉隆股份(002556.SZ),1600,18240.00,11.4,839.33
,,,居然智家(000785.SZ),3000,13800.00,4.6,508.48
,,,一汽解放(000800.SZ),1700,15623.00,9.19,-530.23
,,,山子高科(000981.SZ),11200,16240.00,1.45,411.42
,,,海德股份(000567.SZ),1700,24667.00,14.51,1630.12
2022-06-01,122478.79,20214.79,,,,,
,,,辉隆股份(002556.SZ),1600,18080.00,11.3,679.33
,,,居然智家(000785.SZ),3000,13590.00,4.53,298.48
,,,海德股份(000567.SZ),1700,23528.00,13.84,491.12
,,,山子高科(000981.SZ),11200,15680.00,1.4,-148.58
,,,青岛银行(002948.SZ),4600,15916.00,3.46,-2113.07
,,,一汽解放(000800.SZ),1700,15470.00,9.1,-683.23
2022-05-31,121619.81,27081.81,,,,,
,,,山子高科(000981.SZ),11200,15792.00,1.41,-36.58
,,,青岛银行(002948.SZ),4600,15962.00,3.47,-2067.07
,,,赣粤高速(600269.SH),4300,15480.00,3.6,179.88
,,,一汽解放(000800.SZ),1700,15232.00,8.96,-921.23
,,,振德医疗(603301.SH),400,14136.00,35.34,1373.54
,,,辉隆股份(002556.SZ),1600,17936.00,11.21,535.33
2022-05-30,121087.81,26345.81,,,,,
,,,振德医疗(603301.SH),400,13792.00,34.48,1029.54
,,,赣粤高速(600269.SH),4300,15480.00,3.6,179.88
,,,辉隆股份(002556.SZ),1600,17552.00,10.97,151.33
,,,一汽解放(000800.SZ),1700,15606.00,9.18,-547.23
,,,山子高科(000981.SZ),11200,15568.00,1.39,-260.58
,,,青岛银行(002948.SZ),4600,16744.00,3.64,-2021.07
2022-05-27,120094.81,26345.81,,,,,
,,,青岛银行(002948.SZ),4600,16606.00,3.61,-2159.07
,,,赣粤高速(600269.SH),4300,15437.00,3.59,136.88
,,,辉隆股份(002556.SZ),1600,17392.00,10.87,-8.67
,,,一汽解放(000800.SZ),1700,14858.00,8.74,-1295.23
,,,山子高科(000981.SZ),11200,15568.00,1.39,-260.58
,,,振德医疗(603301.SH),400,13888.00,34.72,1125.54
2022-05-26,120014.81,26025.81,,,,,
,,,振德医疗(603301.SH),400,14144.00,35.36,1381.54
,,,辉隆股份(002556.SZ),1600,17392.00,10.87,-328.67
,,,青岛银行(002948.SZ),4600,16606.00,3.61,-2159.07
,,,赣粤高速(600269.SH),4300,15394.00,3.58,93.88
,,,一汽解放(000800.SZ),1700,14773.00,8.69,-1380.23
,,,山子高科(000981.SZ),11200,15680.00,1.4,-148.58
2022-05-25,119224.81,26025.81,,,,,
,,,山子高科(000981.SZ),11200,15792.00,1.41,-36.58
,,,辉隆股份(002556.SZ),1600,17200.00,10.75,-520.67
,,,振德医疗(603301.SH),400,13920.00,34.8,1157.54
,,,赣粤高速(600269.SH),4300,15007.00,3.49,-293.12
,,,一汽解放(000800.SZ),1700,14858.00,8.74,-1295.23
,,,青岛银行(002948.SZ),4600,16422.00,3.57,-2343.07
2022-05-24,118324.81,26025.81,,,,,
,,,振德医疗(603301.SH),400,13872.00,34.68,1109.54
,,,辉隆股份(002556.SZ),1600,17216.00,10.76,-504.67
,,,赣粤高速(600269.SH),4300,14663.00,3.41,-637.12
,,,青岛银行(002948.SZ),4600,16330.00,3.55,-2435.07
,,,山子高科(000981.SZ),11200,15904.00,1.42,75.42
,,,一汽解放(000800.SZ),1700,14314.00,8.42,-1839.23
2022-05-23,119995.81,26025.81,,,,,
,,,辉隆股份(002556.SZ),1600,17648.00,11.03,-72.67
,,,青岛银行(002948.SZ),4600,16606.00,3.61,-2159.07
,,,振德医疗(603301.SH),400,14296.00,35.74,1533.54
,,,赣粤高速(600269.SH),4300,14964.00,3.48,-336.12
,,,一汽解放(000800.SZ),1700,14552.00,8.56,-1601.23
,,,山子高科(000981.SZ),11200,15904.00,1.42,75.42
2022-05-20,119502.81,26025.81,,,,,
,,,青岛银行(002948.SZ),4600,16606.00,3.61,-2159.07
,,,一汽解放(000800.SZ),1700,14331.00,8.43,-1822.23
,,,山子高科(000981.SZ),11200,16016.00,1.43,187.42
,,,赣粤高速(600269.SH),4300,14964.00,3.48,-336.12
,,,振德医疗(603301.SH),400,14280.00,35.7,1517.54
,,,辉隆股份(002556.SZ),1600,17280.00,10.8,-440.67
2022-05-19,117912.81,26025.81,,,,,
,,,山子高科(000981.SZ),11200,15344.00,1.37,-484.58
,,,一汽解放(000800.SZ),1700,14127.00,8.31,-2026.23
,,,振德医疗(603301.SH),400,13988.00,34.97,1225.54
,,,辉隆股份(002556.SZ),1600,17168.00,10.73,-552.67
,,,赣粤高速(600269.SH),4300,14792.00,3.44,-508.12
,,,青岛银行(002948.SZ),4600,16468.00,3.58,-2297.07
2022-05-18,118391.81,26025.81,,,,,
,,,一汽解放(000800.SZ),1700,14076.00,8.28,-2077.23
,,,振德医疗(603301.SH),400,14076.00,35.19,1313.54
,,,辉隆股份(002556.SZ),1600,17504.00,10.94,-216.67
,,,青岛银行(002948.SZ),4600,16376.00,3.56,-2389.07
,,,山子高科(000981.SZ),11200,15456.00,1.38,-372.58
,,,赣粤高速(600269.SH),4300,14878.00,3.46,-422.12
2022-05-17,118116.81,26025.81,,,,,
,,,辉隆股份(002556.SZ),1600,17440.00,10.9,-280.67
,,,山子高科(000981.SZ),11200,15344.00,1.37,-484.58
,,,青岛银行(002948.SZ),4600,16422.00,3.57,-2343.07
,,,一汽解放(000800.SZ),1700,13838.00,8.14,-2315.23
,,,赣粤高速(600269.SH),4300,14835.00,3.45,-465.12
,,,振德医疗(603301.SH),400,14212.00,35.53,1449.54
2022-05-16,118256.81,26025.81,,,,,
,,,山子高科(000981.SZ),11200,15344.00,1.37,-484.58
,,,振德医疗(603301.SH),400,14428.00,36.07,1665.54
,,,赣粤高速(600269.SH),4300,15050.00,3.5,-250.12
,,,一汽解放(000800.SZ),1700,13549.00,7.97,-2604.23
,,,青岛银行(002948.SZ),4600,16468.00,3.58,-2297.07
,,,辉隆股份(002556.SZ),1600,17392.00,10.87,-328.67
2022-05-13,118089.81,26025.81,,,,,
,,,振德医疗(603301.SH),400,14640.00,36.6,1877.54
,,,辉隆股份(002556.SZ),1600,16640.00,10.4,-1080.67
,,,一汽解放(000800.SZ),1700,13804.00,8.12,-2349.23
,,,青岛银行(002948.SZ),4600,16560.00,3.6,-2205.07
,,,山子高科(000981.SZ),11200,15456.00,1.38,-372.58
,,,赣粤高速(600269.SH),4300,14964.00,3.48,-336.12
2022-05-12,117272.81,26025.81,,,,,
,,,赣粤高速(600269.SH),4300,14706.00,3.42,-594.12
,,,辉隆股份(002556.SZ),1600,16592.00,10.37,-1128.67
,,,青岛银行(002948.SZ),4600,16468.00,3.58,-2297.07
,,,山子高科(000981.SZ),11200,15232.00,1.36,-596.58
,,,一汽解放(000800.SZ),1700,13277.00,7.81,-2876.23
,,,振德医疗(603301.SH),400,14972.00,37.43,2209.54
2022-05-11,116569.81,26025.81,,,,,
,,,振德医疗(603301.SH),400,14040.00,35.1,1277.54
,,,辉隆股份(002556.SZ),1600,16448.00,10.28,-1272.67
,,,山子高科(000981.SZ),11200,15456.00,1.38,-372.58
,,,一汽解放(000800.SZ),1700,13294.00,7.82,-2859.23
,,,赣粤高速(600269.SH),4300,14792.00,3.44,-508.12
,,,青岛银行(002948.SZ),4600,16514.00,3.59,-2251.07
2022-05-10,116311.81,26025.81,,,,,
,,,振德医疗(603301.SH),400,13460.00,33.65,697.54
,,,赣粤高速(600269.SH),4300,14921.00,3.47,-379.12
,,,山子高科(000981.SZ),11200,15680.00,1.4,-148.58
,,,一汽解放(000800.SZ),1700,13073.00,7.69,-3080.23
,,,辉隆股份(002556.SZ),1600,16592.00,10.37,-1128.67
,,,青岛银行(002948.SZ),4600,16560.00,3.6,-2205.07
2022-05-09,116289.81,26025.81,,,,,
,,,青岛银行(002948.SZ),4600,16514.00,3.59,-2251.07
,,,辉隆股份(002556.SZ),1600,16672.00,10.42,-1048.67
,,,赣粤高速(600269.SH),4300,14921.00,3.47,-379.12
,,,一汽解放(000800.SZ),1700,13209.00,7.77,-2944.23
,,,振德医疗(603301.SH),400,13268.00,33.17,505.54
,,,山子高科(000981.SZ),11200,15680.00,1.4,-148.58
2022-05-06,116464.81,26025.81,,,,,
,,,一汽解放(000800.SZ),1700,13379.00,7.87,-2774.23
,,,山子高科(000981.SZ),11200,15792.00,1.41,-36.58
,,,振德医疗(603301.SH),400,13412.00,33.53,649.54
,,,青岛银行(002948.SZ),4600,16376.00,3.56,-2389.07
,,,赣粤高速(600269.SH),4300,14792.00,3.44,-508.12
,,,辉隆股份(002556.SZ),1600,16688.00,10.43,-1032.67
2022-05-05,118130.81,26025.81,,,,,
,,,一汽解放(000800.SZ),1700,13770.00,8.1,-2383.23
,,,山子高科(000981.SZ),11200,16240.00,1.45,411.42
,,,振德医疗(603301.SH),400,13472.00,33.68,709.54
,,,赣粤高速(600269.SH),4300,15179.00,3.53,-121.12
,,,辉隆股份(002556.SZ),1600,16608.00,10.38,-1112.67
,,,青岛银行(002948.SZ),4600,16836.00,3.66,-1929.07
2022-04-29,117281.40,22528.40,,,,,
,,,青岛银行(002948.SZ),4600,16790.00,3.65,-1975.07
,,,一汽解放(000800.SZ),1700,13787.00,8.11,-2366.23
,,,辉隆股份(002556.SZ),1800,18324.00,10.18,-1611.76
,,,重百集团(600729.SH),600,16764.00,27.94,1091.73
,,,大众公用(600635.SH),4400,14124.00,3.21,-1267.71
,,,赣粤高速(600269.SH),4300,14964.00,3.48,-336.12
2022-04-28,114024.40,22528.40,,,,,
,,,重百集团(600729.SH),600,16218.00,27.03,545.73
,,,青岛银行(002948.SZ),4600,16560.00,3.6,-2205.07
,,,赣粤高速(600269.SH),4300,14147.00,3.29,-1153.12
,,,辉隆股份(002556.SZ),1800,17892.00,9.94,-2043.76
,,,大众公用(600635.SH),4400,13640.00,3.1,-1751.71
,,,一汽解放(000800.SZ),1700,13039.00,7.67,-3114.23
2022-04-27,114529.40,22528.40,,,,,
,,,重百集团(600729.SH),600,16500.00,27.5,827.73
,,,赣粤高速(600269.SH),4300,14190.00,3.3,-1110.12
,,,青岛银行(002948.SZ),4600,16560.00,3.6,-2205.07
,,,辉隆股份(002556.SZ),1800,17730.00,9.85,-2205.76
,,,一汽解放(000800.SZ),1700,13073.00,7.69,-3080.23
,,,大众公用(600635.SH),4400,13948.00,3.17,-1443.71
2022-04-26,113674.40,22528.40,,,,,
,,,赣粤高速(600269.SH),4300,14018.00,3.26,-1282.12
,,,一汽解放(000800.SZ),1700,12886.00,7.58,-3267.23
,,,青岛银行(002948.SZ),4600,16606.00,3.61,-2159.07
,,,辉隆股份(002556.SZ),1800,17496.00,9.72,-2439.76
,,,重百集团(600729.SH),600,16500.00,27.5,827.73
,,,大众公用(600635.SH),4400,13640.00,3.1,-1751.71
2022-04-25,115134.40,22528.40,,,,,
,,,重百集团(600729.SH),600,15876.00,26.46,203.73
,,,青岛银行(002948.SZ),4600,17066.00,3.71,-1699.07
,,,大众公用(600635.SH),4400,13948.00,3.17,-1443.71
,,,赣粤高速(600269.SH),4300,14362.00,3.34,-938.12
,,,一汽解放(000800.SZ),1700,13192.00,7.76,-2961.23
,,,辉隆股份(002556.SZ),1800,18162.00,10.09,-1773.76
2022-04-22,119432.40,22528.40,,,,,
,,,赣粤高速(600269.SH),4300,14921.00,3.47,-379.12
,,,重百集团(600729.SH),600,16398.00,27.33,725.73
,,,大众公用(600635.SH),4400,15004.00,3.41,-387.71
,,,青岛银行(002948.SZ),4600,17572.00,3.82,-1193.07
,,,一汽解放(000800.SZ),1700,14127.00,8.31,-2026.23
,,,辉隆股份(002556.SZ),1800,18882.00,10.49,-1053.76
2022-04-21,118632.40,22528.40,,,,,
,,,重百集团(600729.SH),600,15498.00,25.83,-174.27
,,,一汽解放(000800.SZ),1700,14127.00,8.31,-2026.23
,,,辉隆股份(002556.SZ),1800,19206.00,10.67,-729.76
,,,赣粤高速(600269.SH),4300,14835.00,3.45,-465.12
,,,青岛银行(002948.SZ),4600,17434.00,3.79,-1331.07
,,,大众公用(600635.SH),4400,15004.00,3.41,-387.71
2022-04-20,121491.40,22528.40,,,,,
,,,大众公用(600635.SH),4400,15488.00,3.52,96.29
,,,青岛银行(002948.SZ),4600,17940.00,3.9,-825.07
,,,重百集团(600729.SH),600,16074.00,26.79,401.73
,,,一汽解放(000800.SZ),1700,14450.00,8.5,-1703.23
,,,赣粤高速(600269.SH),4300,15265.00,3.55,-35.12
,,,辉隆股份(002556.SZ),1800,19746.00,10.97,-189.76
2022-04-19,122722.40,22528.40,,,,,
,,,大众公用(600635.SH),4400,15708.00,3.57,316.29
,,,赣粤高速(600269.SH),4300,15394.00,3.58,93.88
,,,辉隆股份(002556.SZ),1800,20106.00,11.17,170.24
,,,青岛银行(002948.SZ),4600,18078.00,3.93,-687.07
,,,一汽解放(000800.SZ),1700,14654.00,8.62,-1499.23
,,,重百集团(600729.SH),600,16254.00,27.09,581.73
2022-04-18,121819.40,22528.40,,,,,
,,,大众公用(600635.SH),4400,15356.00,3.49,-35.71
,,,辉隆股份(002556.SZ),1800,19620.00,10.9,-315.76
,,,一汽解放(000800.SZ),1700,14824.00,8.72,-1329.23
,,,赣粤高速(600269.SH),4300,15265.00,3.55,-35.12
,,,重百集团(600729.SH),600,16470.00,27.45,797.73
,,,青岛银行(002948.SZ),4600,17756.00,3.86,-1009.07
2022-04-15,122170.40,22528.40,,,,,
,,,大众公用(600635.SH),4400,15400.00,3.5,8.29
,,,青岛银行(002948.SZ),4600,18538.00,4.03,-227.07
,,,辉隆股份(002556.SZ),1800,19584.00,10.88,-351.76
,,,重百集团(600729.SH),600,16140.00,26.9,467.73
,,,一汽解放(000800.SZ),1700,14586.00,8.58,-1567.23
,,,赣粤高速(600269.SH),4300,15394.00,3.58,93.88
2022-04-14,122239.40,22528.40,,,,,
,,,一汽解放(000800.SZ),1700,14688.00,8.64,-1465.23
,,,重百集团(600729.SH),600,15774.00,26.29,101.73
,,,大众公用(600635.SH),4400,15488.00,3.52,96.29
,,,赣粤高速(600269.SH),4300,15695.00,3.65,394.88
,,,青岛银行(002948.SZ),4600,18446.00,4.01,-319.07
,,,辉隆股份(002556.SZ),1800,19620.00,10.9,-315.76
2022-04-13,121690.40,22528.40,,,,,
,,,大众公用(600635.SH),4400,15444.00,3.51,52.29
,,,辉隆股份(002556.SZ),1800,19782.00,10.99,-153.76
,,,重百集团(600729.SH),600,15474.00,25.79,-198.27
,,,赣粤高速(600269.SH),4300,15566.00,3.62,265.88
,,,青岛银行(002948.SZ),4600,18446.00,4.01,-319.07
,,,一汽解放(000800.SZ),1700,14450.00,8.5,-1703.23
2022-04-12,122678.40,22528.40,,,,,
,,,赣粤高速(600269.SH),4300,15824.00,3.68,523.88
,,,青岛银行(002948.SZ),4600,18630.00,4.05,-135.07
,,,大众公用(600635.SH),4400,15400.00,3.5,8.29
,,,辉隆股份(002556.SZ),1800,20052.00,11.14,116.24
,,,一汽解放(000800.SZ),1700,14314.00,8.42,-1839.23
,,,重百集团(600729.SH),600,15930.00,26.55,257.73
2022-04-11,121100.40,22528.40,,,,,
,,,一汽解放(000800.SZ),1700,14212.00,8.36,-1941.23
,,,赣粤高速(600269.SH),4300,15394.00,3.58,93.88
,,,辉隆股份(002556.SZ),1800,19890.00,11.05,-45.76
,,,大众公用(600635.SH),4400,15136.00,3.44,-255.71
,,,重百集团(600729.SH),600,15540.00,25.9,-132.27
,,,青岛银行(002948.SZ),4600,18400.00,4,-365.07
2022-04-08,122853.40,22528.40,,,,,
,,,辉隆股份(002556.SZ),1800,20106.00,11.17,170.24
,,,青岛银行(002948.SZ),4600,18768.00,4.08,2.93
,,,重百集团(600729.SH),600,15714.00,26.19,41.73
,,,一汽解放(000800.SZ),1700,14552.00,8.56,-1601.23
,,,大众公用(600635.SH),4400,15576.00,3.54,184.29
,,,赣粤高速(600269.SH),4300,15609.00,3.63,308.88
2022-04-07,122465.40,22528.40,,,,,
,,,赣粤高速(600269.SH),4300,15437.00,3.59,136.88
,,,一汽解放(000800.SZ),1700,14620.00,8.6,-1533.23
,,,辉隆股份(002556.SZ),1800,19854.00,11.03,-81.76
,,,大众公用(600635.SH),4400,15488.00,3.52,96.29
,,,青岛银行(002948.SZ),4600,18722.00,4.07,-43.07
,,,重百集团(600729.SH),600,15816.00,26.36,143.73
2022-04-06,124042.40,22528.40,,,,,
,,,辉隆股份(002556.SZ),1800,19602.00,10.89,-333.76
,,,赣粤高速(600269.SH),4300,15738.00,3.66,437.88
,,,大众公用(600635.SH),4400,15840.00,3.6,448.29
,,,青岛银行(002948.SZ),4600,19136.00,4.16,370.93
,,,一汽解放(000800.SZ),1700,14926.00,8.78,-1227.23
,,,重百集团(600729.SH),600,16272.00,27.12,599.73
2022-04-01,123025.40,22528.40,,,,,
,,,赣粤高速(600269.SH),4300,15566.00,3.62,265.88
,,,大众公用(600635.SH),4400,15620.00,3.55,228.29
,,,重百集团(600729.SH),600,15942.00,26.57,269.73
,,,辉隆股份(002556.SZ),1800,19782.00,10.99,-153.76
,,,一汽解放(000800.SZ),1700,14773.00,8.69,-1380.23
,,,青岛银行(002948.SZ),4600,18814.00,4.09,48.93
2022-03-31,122384.59,24513.59,,,,,
,,,江苏金租(600901.SH),3400,16524.00,4.86,-958.13
,,,赣粤高速(600269.SH),5300,19133.00,3.61,274.71
,,,一汽解放(000800.SZ),1700,14688.00,8.64,-1465.23
,,,青岛银行(002948.SZ),4600,18262.00,3.97,-503.07
,,,天津港(600717.SH),3800,16264.00,4.28,457.72
,,,柳钢股份(601003.SH),2600,13000.00,5,-759.65
2022-03-30,120396.59,24513.59,,,,,
,,,柳钢股份(601003.SH),2600,12896.00,4.96,-863.65
,,,天津港(600717.SH),3800,16112.00,4.24,305.72
,,,一汽解放(000800.SZ),1700,14195.00,8.35,-1958.23
,,,青岛银行(002948.SZ),4600,17848.00,3.88,-917.07
,,,江苏金租(600901.SH),3400,16388.00,4.82,-1094.13
,,,赣粤高速(600269.SH),5300,18444.00,3.48,-414.29
2022-03-29,119670.59,24513.59,,,,,
,,,柳钢股份(601003.SH),2600,12792.00,4.92,-967.65
,,,天津港(600717.SH),3800,16036.00,4.22,229.72
,,,江苏金租(600901.SH),3400,16150.00,4.75,-1332.13
,,,赣粤高速(600269.SH),5300,18444.00,3.48,-414.29
,,,一汽解放(000800.SZ),1700,14025.00,8.25,-2128.23
,,,青岛银行(002948.SZ),4600,17710.00,3.85,-1055.07
2022-03-28,120741.59,24513.59,,,,,
,,,天津港(600717.SH),3800,15922.00,4.19,115.72
,,,江苏金租(600901.SH),3400,16354.00,4.81,-1128.13
,,,青岛银行(002948.SZ),4600,17756.00,3.86,-1009.07
,,,一汽解放(000800.SZ),1700,14059.00,8.27,-2094.23
,,,赣粤高速(600269.SH),5300,19345.00,3.65,486.71
,,,柳钢股份(601003.SH),2600,12792.00,4.92,-967.65
2022-03-25,119594.59,24513.59,,,,,
,,,一汽解放(000800.SZ),1700,13940.00,8.2,-2213.23
,,,天津港(600717.SH),3800,15694.00,4.13,-112.28
,,,柳钢股份(601003.SH),2600,12636.00,4.86,-1123.65
,,,青岛银行(002948.SZ),4600,17664.00,3.84,-1101.07
,,,赣粤高速(600269.SH),5300,19133.00,3.61,274.71
,,,江苏金租(600901.SH),3400,16014.00,4.71,-1468.13
2022-03-24,119088.59,24513.59,,,,,
,,,江苏金租(600901.SH),3400,16184.00,4.76,-1298.13
,,,一汽解放(000800.SZ),1700,14008.00,8.24,-2145.23
,,,青岛银行(002948.SZ),4600,17618.00,3.83,-1147.07
,,,赣粤高速(600269.SH),5300,18815.00,3.55,-43.29
,,,柳钢股份(601003.SH),2600,12636.00,4.86,-1123.65
,,,天津港(600717.SH),3800,15314.00,4.03,-492.28
2022-03-23,119867.59,24513.59,,,,,
,,,青岛银行(002948.SZ),4600,17710.00,3.85,-1055.07
,,,赣粤高速(600269.SH),5300,18974.00,3.58,115.71
,,,柳钢股份(601003.SH),2600,12714.00,4.89,-1045.65
,,,天津港(600717.SH),3800,15390.00,4.05,-416.28
,,,一汽解放(000800.SZ),1700,14212.00,8.36,-1941.23
,,,江苏金租(600901.SH),3400,16354.00,4.81,-1128.13
2022-03-22,120007.59,24513.59,,,,,
,,,柳钢股份(601003.SH),2600,12844.00,4.94,-915.65
,,,青岛银行(002948.SZ),4600,17710.00,3.85,-1055.07
,,,江苏金租(600901.SH),3400,16354.00,4.81,-1128.13
,,,赣粤高速(600269.SH),5300,19133.00,3.61,274.71
,,,一汽解放(000800.SZ),1700,14025.00,8.25,-2128.23
,,,天津港(600717.SH),3800,15428.00,4.06,-378.28
2022-03-21,119122.59,24513.59,,,,,
,,,天津港(600717.SH),3800,15238.00,4.01,-568.28
,,,一汽解放(000800.SZ),1700,13957.00,8.21,-2196.23
,,,赣粤高速(600269.SH),5300,18974.00,3.58,115.71
,,,青岛银行(002948.SZ),4600,17526.00,3.81,-1239.07
,,,柳钢股份(601003.SH),2600,12662.00,4.87,-1097.65
,,,江苏金租(600901.SH),3400,16252.00,4.78,-1230.13
2022-03-18,119314.59,24513.59,,,,,
,,,赣粤高速(600269.SH),5300,18603.00,3.51,-255.29
,,,柳钢股份(601003.SH),2600,12740.00,4.9,-1019.65
,,,天津港(600717.SH),3800,15352.00,4.04,-454.28
,,,一汽解放(000800.SZ),1700,14042.00,8.26,-2111.23
,,,江苏金租(600901.SH),3400,16354.00,4.81,-1128.13
,,,青岛银行(002948.SZ),4600,17710.00,3.85,-1055.07
2022-03-17,118285.59,24513.59,,,,,
,,,天津港(600717.SH),3800,15010.00,3.95,-796.28
,,,赣粤高速(600269.SH),5300,18338.00,3.46,-520.29
,,,一汽解放(000800.SZ),1700,13906.00,8.18,-2247.23
,,,青岛银行(002948.SZ),4600,17664.00,3.84,-1101.07
,,,江苏金租(600901.SH),3400,16218.00,4.77,-1264.13
,,,柳钢股份(601003.SH),2600,12636.00,4.86,-1123.65
2022-03-16,117941.59,24513.59,,,,,
,,,江苏金租(600901.SH),3400,16150.00,4.75,-1332.13
,,,一汽解放(000800.SZ),1700,13855.00,8.15,-2298.23
,,,柳钢股份(601003.SH),2600,12480.00,4.8,-1279.65
,,,赣粤高速(600269.SH),5300,18285.00,3.45,-573.29
,,,青岛银行(002948.SZ),4600,17572.00,3.82,-1193.07
,,,天津港(600717.SH),3800,15086.00,3.97,-720.28
2022-03-15,115348.59,24513.59,,,,,
,,,青岛银行(002948.SZ),4600,17250.00,3.75,-1515.07
,,,江苏金租(600901.SH),3400,15742.00,4.63,-1740.13
,,,天津港(600717.SH),3800,14782.00,3.89,-1024.28
,,,赣粤高速(600269.SH),5300,17702.00,3.34,-1156.29
,,,柳钢股份(601003.SH),2600,12116.00,4.66,-1643.65
,,,一汽解放(000800.SZ),1700,13243.00,7.79,-2910.23
2022-03-14,121045.59,24513.59,,,,,
,,,柳钢股份(601003.SH),2600,13182.00,5.07,-577.65
,,,一汽解放(000800.SZ),1700,14212.00,8.36,-1941.23
,,,江苏金租(600901.SH),3400,16694.00,4.91,-788.13
,,,天津港(600717.SH),3800,15770.00,4.15,-36.28
,,,青岛银行(002948.SZ),4600,18124.00,3.94,-641.07
,,,赣粤高速(600269.SH),5300,18550.00,3.5,-308.29
2022-03-11,122700.59,24513.59,,,,,
,,,青岛银行(002948.SZ),4600,18124.00,3.94,-641.07
,,,一汽解放(000800.SZ),1700,14603.00,8.59,-1550.23
,,,天津港(600717.SH),3800,16188.00,4.26,381.72
,,,柳钢股份(601003.SH),2600,13468.00,5.18,-291.65
,,,赣粤高速(600269.SH),5300,18974.00,3.58,115.71
,,,江苏金租(600901.SH),3400,16830.00,4.95,-652.13
2022-03-10,122128.59,24513.59,,,,,
,,,天津港(600717.SH),3800,15960.00,4.2,153.72
,,,一汽解放(000800.SZ),1700,14484.00,8.52,-1669.23
,,,柳钢股份(601003.SH),2600,13442.00,5.17,-317.65
,,,赣粤高速(600269.SH),5300,19027.00,3.59,168.71
,,,青岛银行(002948.SZ),4600,17940.00,3.9,-825.07
,,,江苏金租(600901.SH),3400,16762.00,4.93,-720.13
2022-03-09,120965.59,24513.59,,,,,
,,,柳钢股份(601003.SH),2600,13442.00,5.17,-317.65
,,,江苏金租(600901.SH),3400,16728.00,4.92,-754.13
,,,天津港(600717.SH),3800,15960.00,4.2,153.72
,,,青岛银行(002948.SZ),4600,17848.00,3.88,-917.07
,,,一汽解放(000800.SZ),1700,14348.00,8.44,-1805.23
,,,赣粤高速(600269.SH),5300,18126.00,3.42,-732.29
2022-03-08,123738.59,24513.59,,,,,
,,,柳钢股份(601003.SH),2600,13962.00,5.37,202.35
,,,天津港(600717.SH),3800,16416.00,4.32,609.72
,,,一汽解放(000800.SZ),1700,14790.00,8.7,-1363.23
,,,赣粤高速(600269.SH),5300,18497.00,3.49,-361.29
,,,江苏金租(600901.SH),3400,17068.00,5.02,-414.13
,,,青岛银行(002948.SZ),4600,18492.00,4.02,-273.07
2022-03-07,126618.59,24513.59,,,,,
,,,赣粤高速(600269.SH),5300,18921.00,3.57,62.71
,,,青岛银行(002948.SZ),4600,18952.00,4.12,186.93
,,,天津港(600717.SH),3800,17138.00,4.51,1331.72
,,,柳钢股份(601003.SH),2600,14352.00,5.52,592.35
,,,一汽解放(000800.SZ),1700,15300.00,9,-853.23
,,,江苏金租(600901.SH),3400,17442.00,5.13,-40.13
2022-03-04,127984.59,24513.59,,,,,
,,,一汽解放(000800.SZ),1700,15708.00,9.24,-445.23
,,,柳钢股份(601003.SH),2600,14456.00,5.56,696.35
,,,青岛银行(002948.SZ),4600,19090.00,4.15,324.93
,,,天津港(600717.SH),3800,17404.00,4.58,1597.72
,,,赣粤高速(600269.SH),5300,19133.00,3.61,274.71
,,,江苏金租(600901.SH),3400,17680.00,5.2,197.87
2022-03-03,129164.59,24513.59,,,,,
,,,江苏金租(600901.SH),3400,17646.00,5.19,163.87
,,,天津港(600717.SH),3800,18088.00,4.76,2281.72
,,,一汽解放(000800.SZ),1700,15810.00,9.3,-343.23
,,,柳钢股份(601003.SH),2600,14534.00,5.59,774.35
,,,青岛银行(002948.SZ),4600,19228.00,4.18,462.93
,,,赣粤高速(600269.SH),5300,19345.00,3.65,486.71
2022-03-02,127261.59,24513.59,,,,,
,,,赣粤高速(600269.SH),5300,18921.00,3.57,62.71
,,,柳钢股份(601003.SH),2600,14274.00,5.49,514.35
,,,天津港(600717.SH),3800,17252.00,4.54,1445.72
,,,一汽解放(000800.SZ),1700,15759.00,9.27,-394.23
,,,江苏金租(600901.SH),3400,17544.00,5.16,61.87
,,,青岛银行(002948.SZ),4600,18998.00,4.13,232.93
2022-03-01,126831.59,24513.59,,,,,
,,,赣粤高速(600269.SH),5300,18868.00,3.56,9.71
,,,天津港(600717.SH),3800,17024.00,4.48,1217.72
,,,江苏金租(600901.SH),3400,17374.00,5.11,-108.13
,,,一汽解放(000800.SZ),1700,15878.00,9.34,-275.23
,,,柳钢股份(601003.SH),2600,14222.00,5.47,462.35
,,,青岛银行(002948.SZ),4600,18952.00,4.12,186.93
2022-02-28,126988.63,16680.63,,,,,
,,,柳钢股份(601003.SH),3100,16895.00,5.45,489.26
,,,一汽解放(000800.SZ),1700,15793.00,9.29,-360.23
,,,京基智农(000048.SZ),800,17360.00,21.7,2052.46
,,,中衡设计(603017.SH),1300,12662.00,9.74,-1424.11
,,,华荣股份(603855.SH),600,15246.00,25.41,1401.38
,,,重百集团(600729.SH),500,12860.00,25.72,-1268.19
,,,天津港(600717.SH),4400,19492.00,4.43,1189.99
2022-02-25,127402.63,16680.63,,,,,
,,,京基智农(000048.SZ),800,17016.00,21.27,1708.46
,,,华荣股份(603855.SH),600,15072.00,25.12,1227.38
,,,中衡设计(603017.SH),1300,14066.00,10.82,-20.11
,,,天津港(600717.SH),4400,19096.00,4.34,793.99
,,,一汽解放(000800.SZ),1700,15861.00,9.33,-292.23
,,,柳钢股份(601003.SH),3100,16771.00,5.41,365.26
,,,重百集团(600729.SH),500,12840.00,25.68,-1288.19
2022-02-24,125890.63,16680.63,,,,,
,,,柳钢股份(601003.SH),3100,16709.00,5.39,303.26
,,,一汽解放(000800.SZ),1700,15912.00,9.36,-241.23
,,,天津港(600717.SH),4400,18568.00,4.22,265.99
,,,华荣股份(603855.SH),600,14778.00,24.63,933.38
,,,中衡设计(603017.SH),1300,13247.00,10.19,-839.11
,,,京基智农(000048.SZ),800,17056.00,21.32,1748.46
,,,重百集团(600729.SH),500,12940.00,25.88,-1188.19
2022-02-23,127340.63,16680.63,,,,,
,,,柳钢股份(601003.SH),3100,17236.00,5.56,830.26
,,,重百集团(600729.SH),500,13100.00,26.2,-1028.19
,,,一汽解放(000800.SZ),1700,16388.00,9.64,234.77
,,,华荣股份(603855.SH),600,15120.00,25.2,1275.38
,,,中衡设计(603017.SH),1300,12688.00,9.76,-1398.11
,,,天津港(600717.SH),4400,19096.00,4.34,793.99
,,,京基智农(000048.SZ),800,17032.00,21.29,1724.46
2022-02-22,127257.63,16680.63,,,,,
,,,中衡设计(603017.SH),1300,13039.00,10.03,-1047.11
,,,华荣股份(603855.SH),600,14628.00,24.38,783.38
,,,柳钢股份(601003.SH),3100,17236.00,5.56,830.26
,,,一汽解放(000800.SZ),1700,16286.00,9.58,132.77
,,,天津港(600717.SH),4400,19096.00,4.34,793.99
,,,京基智农(000048.SZ),800,17272.00,21.59,1964.46
,,,重百集团(600729.SH),500,13020.00,26.04,-1108.19
2022-02-21,129852.63,16680.63,,,,,
,,,华荣股份(603855.SH),600,14928.00,24.88,1083.38
,,,柳钢股份(601003.SH),3100,17391.00,5.61,985.26
,,,一汽解放(000800.SZ),1700,16473.00,9.69,319.77
,,,重百集团(600729.SH),500,14125.00,28.25,-3.19
,,,中衡设计(603017.SH),1300,13455.00,10.35,-631.11
,,,京基智农(000048.SZ),800,17440.00,21.8,2132.46
,,,天津港(600717.SH),4400,19360.00,4.4,1057.99
2022-02-18,128887.63,16680.63,,,,,
,,,天津港(600717.SH),4400,19492.00,4.43,1189.99
,,,华荣股份(603855.SH),600,14670.00,24.45,825.38
,,,中衡设计(603017.SH),1300,12805.00,9.85,-1281.11
,,,一汽解放(000800.SZ),1700,16439.00,9.67,285.77
,,,重百集团(600729.SH),500,13755.00,27.51,-373.19
,,,柳钢股份(601003.SH),3100,17422.00,5.62,1016.26
,,,京基智农(000048.SZ),800,17624.00,22.03,2316.46
2022-02-17,127412.63,16680.63,,,,,
,,,中衡设计(603017.SH),1300,12376.00,9.52,-1710.11
,,,华荣股份(603855.SH),600,14400.00,24,555.38
,,,重百集团(600729.SH),500,13765.00,27.53,-363.19
,,,京基智农(000048.SZ),800,17760.00,22.2,2452.46
,,,一汽解放(000800.SZ),1700,16422.00,9.66,268.77
,,,柳钢股份(601003.SH),3100,16957.00,5.47,551.26
,,,天津港(600717.SH),4400,19052.00,4.33,749.99
2022-02-16,128856.63,16680.63,,,,,
,,,柳钢股份(601003.SH),3100,17174.00,5.54,768.26
,,,重百集团(600729.SH),500,14480.00,28.96,351.81
,,,中衡设计(603017.SH),1300,12285.00,9.45,-1801.11
,,,一汽解放(000800.SZ),1700,16575.00,9.75,421.77
,,,天津港(600717.SH),4400,19228.00,4.37,925.99
,,,华荣股份(603855.SH),600,14706.00,24.51,861.38
,,,京基智农(000048.SZ),800,17728.00,22.16,2420.46
2022-02-15,126840.63,16680.63,,,,,
,,,京基智农(000048.SZ),800,17960.00,22.45,2652.46
,,,天津港(600717.SH),4400,19140.00,4.35,837.99
,,,重百集团(600729.SH),500,13805.00,27.61,-323.19
,,,华荣股份(603855.SH),600,14184.00,23.64,339.38
,,,柳钢股份(601003.SH),3100,16678.00,5.38,272.26
,,,中衡设计(603017.SH),1300,11869.00,9.13,-2217.11
,,,一汽解放(000800.SZ),1700,16524.00,9.72,370.77
2022-02-14,126949.63,16680.63,,,,,
,,,天津港(600717.SH),4400,19316.00,4.39,1013.99
,,,中衡设计(603017.SH),1300,11830.00,9.1,-2256.11
,,,华荣股份(603855.SH),600,14088.00,23.48,243.38
,,,柳钢股份(601003.SH),3100,16802.00,5.42,396.26
,,,一汽解放(000800.SZ),1700,16507.00,9.71,353.77
,,,京基智农(000048.SZ),800,17776.00,22.22,2468.46
,,,重百集团(600729.SH),500,13950.00,27.9,-178.19
2022-02-11,128539.63,16680.63,,,,,
,,,天津港(600717.SH),4400,19624.00,4.46,1321.99
,,,柳钢股份(601003.SH),3100,17298.00,5.58,892.26
,,,京基智农(000048.SZ),800,17864.00,22.33,2556.46
,,,重百集团(600729.SH),500,13745.00,27.49,-383.19
,,,中衡设计(603017.SH),1300,11804.00,9.08,-2282.11
,,,华荣股份(603855.SH),600,15000.00,25,1155.38
,,,一汽解放(000800.SZ),1700,16524.00,9.72,370.77
2022-02-10,130386.63,16680.63,,,,,
,,,重百集团(600729.SH),500,13915.00,27.83,-213.19
,,,京基智农(000048.SZ),800,18264.00,22.83,2956.46
,,,柳钢股份(601003.SH),3100,17329.00,5.59,923.26
,,,中衡设计(603017.SH),1300,12051.00,9.27,-2035.11
,,,一汽解放(000800.SZ),1700,16677.00,9.81,523.77
,,,天津港(600717.SH),4400,19756.00,4.49,1453.99
,,,华荣股份(603855.SH),600,15714.00,26.19,1869.38
2022-02-09,128768.63,16680.63,,,,,
,,,中衡设计(603017.SH),1300,11895.00,9.15,-2191.11
,,,华荣股份(603855.SH),600,15912.00,26.52,2067.38
,,,重百集团(600729.SH),500,13985.00,27.97,-143.19
,,,天津港(600717.SH),4400,19668.00,4.47,1365.99
,,,京基智农(000048.SZ),800,16848.00,21.06,1540.46
,,,一汽解放(000800.SZ),1700,16575.00,9.75,421.77
,,,柳钢股份(601003.SH),3100,17205.00,5.55,799.26
2022-02-08,128349.63,16680.63,,,,,
,,,一汽解放(000800.SZ),1700,16371.00,9.63,217.77
,,,重百集团(600729.SH),500,13855.00,27.71,-273.19
,,,华荣股份(603855.SH),600,15360.00,25.6,1515.38
,,,中衡设计(603017.SH),1300,11947.00,9.19,-2139.11
,,,柳钢股份(601003.SH),3100,17360.00,5.6,954.26
,,,京基智农(000048.SZ),800,16800.00,21,1492.46
,,,天津港(600717.SH),4400,19976.00,4.54,1673.99
2022-02-07,126044.63,16680.63,,,,,
,,,华荣股份(603855.SH),600,15672.00,26.12,1827.38
,,,重百集团(600729.SH),500,13865.00,27.73,-263.19
,,,中衡设计(603017.SH),1300,11492.00,8.84,-2594.11
,,,柳钢股份(601003.SH),3100,17019.00,5.49,613.26
,,,一汽解放(000800.SZ),1700,16184.00,9.52,30.77
,,,京基智农(000048.SZ),800,16520.00,20.65,1212.46
,,,天津港(600717.SH),4400,18612.00,4.23,309.99
2022-01-28,124443.46,45720.46,,,,,
,,,凤凰传媒(601928.SH),2700,19980.00,7.4,1282.52
,,,中衡设计(603017.SH),1300,11830.00,9.1,-2256.11
,,,永吉股份(603058.SH),1400,11438.00,8.17,-1542.90
,,,华荣股份(603855.SH),600,15918.00,26.53,2073.38
,,,皖新传媒(601801.SH),4100,19557.00,4.77,-1853.14
2022-01-27,122923.46,45720.46,,,,,
,,,华荣股份(603855.SH),600,15372.00,25.62,1527.38
,,,凤凰传媒(601928.SH),2700,19791.00,7.33,1093.52
,,,永吉股份(603058.SH),1400,10990.00,7.85,-1990.90
,,,皖新传媒(601801.SH),4100,19311.00,4.71,-2099.14
,,,中衡设计(603017.SH),1300,11739.00,9.03,-2347.11
2022-01-26,124483.46,45720.46,,,,,
,,,华荣股份(603855.SH),600,15690.00,26.15,1845.38
,,,永吉股份(603058.SH),1400,11200.00,8,-1780.90
,,,中衡设计(603017.SH),1300,12025.00,9.25,-2061.11
,,,凤凰传媒(601928.SH),2700,20250.00,7.5,1552.52
,,,皖新传媒(601801.SH),4100,19598.00,4.78,-1812.14
2022-01-25,124241.46,45720.46,,,,,
,,,永吉股份(603058.SH),1400,11284.00,8.06,-1696.90
,,,中衡设计(603017.SH),1300,11765.00,9.05,-2321.11
,,,凤凰传媒(601928.SH),2700,20088.00,7.44,1390.52
,,,皖新传媒(601801.SH),4100,19598.00,4.78,-1812.14
,,,华荣股份(603855.SH),600,15786.00,26.31,1941.38
2022-01-24,127650.46,45720.46,,,,,
,,,永吉股份(603058.SH),1400,11886.00,8.49,-1094.90
,,,凤凰传媒(601928.SH),2700,20952.00,7.76,2254.52
,,,皖新传媒(601801.SH),4100,20336.00,4.96,-1074.14
,,,华荣股份(603855.SH),600,16380.00,27.3,2535.38
,,,中衡设计(603017.SH),1300,12376.00,9.52,-1710.11
2022-01-21,128165.46,45720.46,,,,,
,,,凤凰传媒(601928.SH),2700,20952.00,7.76,2254.52
,,,中衡设计(603017.SH),1300,12441.00,9.57,-1645.11
,,,华荣股份(603855.SH),600,16032.00,26.72,2187.38
,,,皖新传媒(601801.SH),4100,20910.00,5.1,-500.14
,,,永吉股份(603058.SH),1400,12110.00,8.65,-870.90
2022-01-20,129022.46,45720.46,,,,,
,,,中衡设计(603017.SH),1300,13247.00,10.19,-839.11
,,,凤凰传媒(601928.SH),2700,20979.00,7.77,2281.52
,,,永吉股份(603058.SH),1400,12110.00,8.65,-870.90
,,,皖新传媒(601801.SH),4100,21156.00,5.16,-254.14
,,,华荣股份(603855.SH),600,15810.00,26.35,1965.38
2022-01-19,131733.46,45720.46,,,,,
,,,永吉股份(603058.SH),1400,12530.00,8.95,-450.90
,,,凤凰传媒(601928.SH),2700,21519.00,7.97,2821.52
,,,中衡设计(603017.SH),1300,14716.00,11.32,629.89
,,,华荣股份(603855.SH),600,15600.00,26,1755.38
,,,皖新传媒(601801.SH),4100,21648.00,5.28,237.86
2022-01-18,131048.46,45720.46,,,,,
,,,凤凰传媒(601928.SH),2700,21249.00,7.87,2551.52
,,,中衡设计(603017.SH),1300,13728.00,10.56,-358.11
,,,皖新传媒(601801.SH),4100,21197.00,5.17,-213.14
,,,华荣股份(603855.SH),600,16134.00,26.89,2289.38
,,,永吉股份(603058.SH),1400,13020.00,9.3,39.10
2022-01-17,131568.46,45720.46,,,,,
,,,中衡设计(603017.SH),1300,13832.00,10.64,-254.11
,,,永吉股份(603058.SH),1400,13034.00,9.31,53.10
,,,华荣股份(603855.SH),600,16020.00,26.7,2175.38
,,,皖新传媒(601801.SH),4100,21443.00,5.23,32.86
,,,凤凰传媒(601928.SH),2700,21519.00,7.97,2821.52
2022-01-14,130772.46,45720.46,,,,,
,,,永吉股份(603058.SH),1400,13706.00,9.79,725.10
,,,华荣股份(603855.SH),600,16074.00,26.79,2229.38
,,,凤凰传媒(601928.SH),2700,21195.00,7.85,2497.52
,,,皖新传媒(601801.SH),4100,20869.00,5.09,-541.14
,,,中衡设计(603017.SH),1300,13208.00,10.16,-878.11
2022-01-13,132023.46,45720.46,,,,,
,,,永吉股份(603058.SH),1400,13720.00,9.8,739.10
,,,中衡设计(603017.SH),1300,13520.00,10.4,-566.11
,,,华荣股份(603855.SH),600,16290.00,27.15,2445.38
,,,皖新传媒(601801.SH),4100,21443.00,5.23,32.86
,,,凤凰传媒(601928.SH),2700,21330.00,7.9,2632.52
2022-01-12,132039.46,45720.46,,,,,
,,,永吉股份(603058.SH),1400,12824.00,9.16,-156.90
,,,中衡设计(603017.SH),1300,13533.00,10.41,-553.11
,,,华荣股份(603855.SH),600,16770.00,27.95,2925.38
,,,凤凰传媒(601928.SH),2700,21708.00,8.04,3010.52
,,,皖新传媒(601801.SH),4100,21484.00,5.24,73.86
2022-01-11,131128.46,45720.46,,,,,
,,,永吉股份(603058.SH),1400,12278.00,8.77,-702.90
,,,中衡设计(603017.SH),1300,13559.00,10.43,-527.11
,,,华荣股份(603855.SH),600,16596.00,27.66,2751.38
,,,凤凰传媒(601928.SH),2700,21573.00,7.99,2875.52
,,,皖新传媒(601801.SH),4100,21402.00,5.22,-8.14
2022-01-10,131118.46,45720.46,,,,,
,,,凤凰传媒(601928.SH),2700,21789.00,8.07,3091.52
,,,中衡设计(603017.SH),1300,13858.00,10.66,-228.11
,,,皖新传媒(601801.SH),4100,21525.00,5.25,114.86
,,,永吉股份(603058.SH),1400,12278.00,8.77,-702.90
,,,华荣股份(603855.SH),600,15948.00,26.58,2103.38
2022-01-07,131102.46,45720.46,,,,,
,,,华荣股份(603855.SH),600,15960.00,26.6,2115.38
,,,永吉股份(603058.SH),1400,12012.00,8.58,-968.90
,,,凤凰传媒(601928.SH),2700,22194.00,8.22,3496.52
,,,中衡设计(603017.SH),1300,13650.00,10.5,-436.11
,,,皖新传媒(601801.SH),4100,21566.00,5.26,155.86
2022-01-06,131238.46,45720.46,,,,,
,,,永吉股份(603058.SH),1400,12600.00,9,-380.90
,,,凤凰传媒(601928.SH),2700,21654.00,8.02,2956.52
,,,中衡设计(603017.SH),1300,14066.00,10.82,-20.11
,,,皖新传媒(601801.SH),4100,21730.00,5.3,319.86
,,,华荣股份(603855.SH),600,15468.00,25.78,1623.38
2022-01-05,131346.46,45720.46,,,,,
,,,中衡设计(603017.SH),1300,13819.00,10.63,-267.11
,,,永吉股份(603058.SH),1400,13412.00,9.58,431.10
,,,华荣股份(603855.SH),600,14958.00,24.93,1113.38
,,,皖新传媒(601801.SH),4100,21648.00,5.28,237.86
,,,凤凰传媒(601928.SH),2700,21789.00,8.07,3091.52
2022-01-04,133827.46,45720.46,,,,,
,,,华荣股份(603855.SH),600,15048.00,25.08,1203.38
,,,凤凰传媒(601928.SH),2700,22194.00,8.22,3496.52
,,,皖新传媒(601801.SH),4100,21812.00,5.32,401.86
,,,永吉股份(603058.SH),1400,14896.00,10.64,1915.10
,,,中衡设计(603017.SH),1300,14157.00,10.89,70.89
2021-12-31,131210.31,29251.31,,,,,
,,,中信银行(601998.SH),5300,24486.00,4.62,421.76
,,,华荣股份(603855.SH),600,15168.00,25.28,1323.38
,,,君禾股份(603617.SH),1100,13497.00,12.27,-1189.30
,,,联明股份(603006.SH),1000,10870.00,10.87,43.40
,,,百傲化学(603360.SH),800,10432.00,13.04,-1428.66
,,,凤凰传媒(601928.SH),3400,27506.00,8.09,3961.02
2021-12-30,131036.31,29251.31,,,,,
,,,联明股份(603006.SH),1000,11100.00,11.1,273.40
,,,君禾股份(603617.SH),1100,13706.00,12.46,-980.30
,,,凤凰传媒(601928.SH),3400,26622.00,7.83,3077.02
,,,中信银行(601998.SH),5300,24433.00,4.61,368.76
,,,华荣股份(603855.SH),600,15372.00,25.62,1527.38
,,,百傲化学(603360.SH),800,10552.00,13.19,-1308.66
2021-12-29,130174.31,29251.31,,,,,
,,,中信银行(601998.SH),5300,24539.00,4.63,474.76
,,,凤凰传媒(601928.SH),3400,25806.00,7.59,2261.02
,,,联明股份(603006.SH),1000,10920.00,10.92,93.40
,,,华荣股份(603855.SH),600,15222.00,25.37,1377.38
,,,君禾股份(603617.SH),1100,13948.00,12.68,-738.30
,,,百傲化学(603360.SH),800,10488.00,13.11,-1372.66
2021-12-28,130279.31,29251.31,,,,,
,,,君禾股份(603617.SH),1100,14080.00,12.8,-606.30
,,,华荣股份(603855.SH),600,15000.00,25,1155.38
,,,百傲化学(603360.SH),800,10432.00,13.04,-1428.66
,,,中信银行(601998.SH),5300,24486.00,4.62,421.76
,,,凤凰传媒(601928.SH),3400,26180.00,7.7,2635.02
,,,联明股份(603006.SH),1000,10850.00,10.85,23.40
2021-12-27,129932.31,29251.31,,,,,
,,,凤凰传媒(601928.SH),3400,26452.00,7.78,2907.02
,,,君禾股份(603617.SH),1100,13640.00,12.4,-1046.30
,,,华荣股份(603855.SH),600,14760.00,24.6,915.38
,,,中信银行(601998.SH),5300,24327.00,4.59,262.76
,,,联明股份(603006.SH),1000,11190.00,11.19,363.40
,,,百傲化学(603360.SH),800,10312.00,12.89,-1548.66
2021-12-24,129255.31,29251.31,,,,,
,,,君禾股份(603617.SH),1100,13607.00,12.37,-1079.30
,,,联明股份(603006.SH),1000,10920.00,10.92,93.40
,,,中信银行(601998.SH),5300,24433.00,4.61,368.76
,,,华荣股份(603855.SH),600,14550.00,24.25,705.38
,,,百傲化学(603360.SH),800,10144.00,12.68,-1716.66
,,,凤凰传媒(601928.SH),3400,26350.00,7.75,2805.02
2021-12-23,130938.31,29251.31,,,,,
,,,中信银行(601998.SH),5300,24486.00,4.62,421.76
,,,联明股份(603006.SH),1000,11650.00,11.65,823.40
,,,百傲化学(603360.SH),800,10392.00,12.99,-1468.66
,,,凤凰传媒(601928.SH),3400,26418.00,7.77,2873.02
,,,华荣股份(603855.SH),600,14760.00,24.6,915.38
,,,君禾股份(603617.SH),1100,13981.00,12.71,-705.30
2021-12-22,130909.31,29251.31,,,,,
,,,凤凰传媒(601928.SH),3400,26316.00,7.74,2771.02
,,,联明股份(603006.SH),1000,11530.00,11.53,703.40
,,,华荣股份(603855.SH),600,14502.00,24.17,657.38
,,,百傲化学(603360.SH),800,10752.00,13.44,-1108.66
,,,中信银行(601998.SH),5300,24115.00,4.55,50.76
,,,君禾股份(603617.SH),1100,14443.00,13.13,-243.30
2021-12-21,130665.31,29251.31,,,,,
,,,百傲化学(603360.SH),800,10968.00,13.71,-892.66
,,,联明股份(603006.SH),1000,11830.00,11.83,1003.40
,,,华荣股份(603855.SH),600,13962.00,23.27,117.38
,,,中信银行(601998.SH),5300,24274.00,4.58,209.76
,,,君禾股份(603617.SH),1100,14234.00,12.94,-452.30
,,,凤凰传媒(601928.SH),3400,26146.00,7.69,2601.02
2021-12-20,130616.31,29251.31,,,,,
,,,联明股份(603006.SH),1000,12180.00,12.18,1353.40
,,,华荣股份(603855.SH),600,13842.00,23.07,-2.62
,,,中信银行(601998.SH),5300,23956.00,4.52,-108.24
,,,百傲化学(603360.SH),800,10960.00,13.7,-900.66
,,,君禾股份(603617.SH),1100,14179.00,12.89,-507.30
,,,凤凰传媒(601928.SH),3400,26248.00,7.72,2703.02
2021-12-17,131117.31,29251.31,,,,,
,,,中信银行(601998.SH),5300,24009.00,4.53,-55.24
,,,凤凰传媒(601928.SH),3400,26112.00,7.68,2567.02
,,,君禾股份(603617.SH),1100,14443.00,13.13,-243.30
,,,百傲化学(603360.SH),800,10728.00,13.41,-1132.66
,,,联明股份(603006.SH),1000,12570.00,12.57,1743.40
,,,华荣股份(603855.SH),600,14004.00,23.34,159.38
2021-12-16,131063.31,29251.31,,,,,
,,,联明股份(603006.SH),1000,11670.00,11.67,843.40
,,,百傲化学(603360.SH),800,10808.00,13.51,-1052.66
,,,华荣股份(603855.SH),600,14040.00,23.4,195.38
,,,中信银行(601998.SH),5300,24009.00,4.53,-55.24
,,,君禾股份(603617.SH),1100,14663.00,13.33,-23.30
,,,凤凰传媒(601928.SH),3400,26622.00,7.83,3077.02
2021-12-15,129700.31,29251.31,,,,,
,,,联明股份(603006.SH),1000,11550.00,11.55,723.40
,,,凤凰传媒(601928.SH),3400,25296.00,7.44,1751.02
,,,华荣股份(603855.SH),600,14118.00,23.53,273.38
,,,君禾股份(603617.SH),1100,14641.00,13.31,-45.30
,,,百傲化学(603360.SH),800,10888.00,13.61,-972.66
,,,中信银行(601998.SH),5300,23956.00,4.52,-108.24
2021-12-14,130093.31,29251.31,,,,,
,,,联明股份(603006.SH),1000,12270.00,12.27,1443.40
,,,君禾股份(603617.SH),1100,14740.00,13.4,53.70
,,,华荣股份(603855.SH),600,14160.00,23.6,315.38
,,,百傲化学(603360.SH),800,10760.00,13.45,-1100.66
,,,凤凰传媒(601928.SH),3400,24956.00,7.34,1411.02
,,,中信银行(601998.SH),5300,23956.00,4.52,-108.24
2021-12-13,129633.31,29251.31,,,,,
,,,君禾股份(603617.SH),1100,14828.00,13.48,141.70
,,,中信银行(601998.SH),5300,24062.00,4.54,-2.24
,,,百傲化学(603360.SH),800,10696.00,13.37,-1164.66
,,,联明股份(603006.SH),1000,12270.00,12.27,1443.40
,,,华荣股份(603855.SH),600,14046.00,23.41,201.38
,,,凤凰传媒(601928.SH),3400,24480.00,7.2,935.02
2021-12-10,129516.31,29251.31,,,,,
,,,中信银行(601998.SH),5300,24168.00,4.56,103.76
,,,华荣股份(603855.SH),600,14220.00,23.7,375.38
,,,君禾股份(603617.SH),1100,15125.00,13.75,438.70
,,,联明股份(603006.SH),1000,11150.00,11.15,323.40
,,,百傲化学(603360.SH),800,11360.00,14.2,-500.66
,,,凤凰传媒(601928.SH),3400,24242.00,7.13,697.02
2021-12-09,128436.31,29251.31,,,,,
,,,君禾股份(603617.SH),1100,14641.00,13.31,-45.30
,,,凤凰传媒(601928.SH),3400,24106.00,7.09,561.02
,,,联明股份(603006.SH),1000,10330.00,10.33,-496.60
,,,华荣股份(603855.SH),600,14610.00,24.35,765.38
,,,中信银行(601998.SH),5300,24274.00,4.58,209.76
,,,百傲化学(603360.SH),800,11224.00,14.03,-636.66
2021-12-08,127629.31,29251.31,,,,,
,,,百傲化学(603360.SH),800,11520.00,14.4,-340.66
,,,君禾股份(603617.SH),1100,14674.00,13.34,-12.30
,,,华荣股份(603855.SH),600,13854.00,23.09,9.38
,,,联明股份(603006.SH),1000,10090.00,10.09,-736.60
,,,凤凰传媒(601928.SH),3400,24072.00,7.08,527.02
,,,中信银行(601998.SH),5300,24168.00,4.56,103.76
2021-12-07,126707.31,29251.31,,,,,
,,,华荣股份(603855.SH),600,13902.00,23.17,57.38
,,,联明股份(603006.SH),1000,9920.00,9.92,-906.60
,,,凤凰传媒(601928.SH),3400,23732.00,6.98,187.02
,,,君禾股份(603617.SH),1100,14531.00,13.21,-155.30
,,,百傲化学(603360.SH),800,11256.00,14.07,-604.66
,,,中信银行(601998.SH),5300,24115.00,4.55,50.76
2021-12-06,127951.31,29251.31,,,,,
,,,中信银行(601998.SH),5300,24009.00,4.53,-55.24
,,,联明股份(603006.SH),1000,10300.00,10.3,-526.60
,,,百傲化学(603360.SH),800,11480.00,14.35,-380.66
,,,君禾股份(603617.SH),1100,14751.00,13.41,64.70
,,,凤凰传媒(601928.SH),3400,23562.00,6.93,17.02
,,,华荣股份(603855.SH),600,14598.00,24.33,753.38
2021-12-03,128551.31,29251.31,,,,,
,,,联明股份(603006.SH),1000,10500.00,10.5,-326.60
,,,百傲化学(603360.SH),800,11672.00,14.59,-188.66
,,,君禾股份(603617.SH),1100,14872.00,13.52,185.70
,,,凤凰传媒(601928.SH),3400,23494.00,6.91,-50.98
,,,华荣股份(603855.SH),600,14700.00,24.5,855.38
,,,中信银行(601998.SH),5300,24062.00,4.54,-2.24
2021-12-02,128942.31,29251.31,,,,,
,,,中信银行(601998.SH),5300,24009.00,4.53,-55.24
,,,百傲化学(603360.SH),800,11632.00,14.54,-228.66
,,,联明股份(603006.SH),1000,10800.00,10.8,-26.60
,,,凤凰传媒(601928.SH),3400,23392.00,6.88,-152.98
,,,华荣股份(603855.SH),600,14700.00,24.5,855.38
,,,君禾股份(603617.SH),1100,15158.00,13.78,471.70
2021-12-01,129663.31,29251.31,,,,,
,,,华荣股份(603855.SH),600,14916.00,24.86,1071.38
,,,百傲化学(603360.SH),800,12264.00,15.33,403.34
,,,中信银行(601998.SH),5300,24009.00,4.53,-55.24
,,,君禾股份(603617.SH),1100,14751.00,13.41,64.70
,,,联明股份(603006.SH),1000,11080.00,11.08,253.40
,,,凤凰传媒(601928.SH),3400,23392.00,6.88,-152.98
2021-11-30,128610.19,25842.19,,,,,
,,,华荣股份(603855.SH),600,14640.00,24.4,795.38
,,,日出东方(603366.SH),2600,12506.00,4.81,673.39
,,,凤凰传媒(601928.SH),2300,15663.00,6.81,-382.02
,,,元祖股份(603886.SH),600,12258.00,20.43,819.75
,,,富维股份(600742.SH),1700,23851.00,14.03,4937.59
,,,中信银行(601998.SH),5300,23850.00,4.5,-214.24
2021-11-29,129262.19,25842.19,,,,,
,,,富维股份(600742.SH),1700,24565.00,14.45,5651.59
,,,元祖股份(603886.SH),600,12096.00,20.16,657.75
,,,日出东方(603366.SH),2600,12402.00,4.77,569.39
,,,中信银行(601998.SH),5300,24062.00,4.54,-2.24
,,,凤凰传媒(601928.SH),2300,15709.00,6.83,-336.02
,,,华荣股份(603855.SH),600,14586.00,24.31,741.38
2021-11-26,129873.19,25842.19,,,,,
,,,中信银行(601998.SH),5300,23850.00,4.5,-214.24
,,,华荣股份(603855.SH),600,14610.00,24.35,765.38
,,,凤凰传媒(601928.SH),2300,15778.00,6.86,-267.02
,,,元祖股份(603886.SH),600,11544.00,19.24,105.75
,,,富维股份(600742.SH),1700,25483.00,14.99,6569.59
,,,日出东方(603366.SH),2600,12766.00,4.91,933.39
2021-11-25,130783.19,25842.19,,,,,
,,,华荣股份(603855.SH),600,14514.00,24.19,669.38
,,,元祖股份(603886.SH),600,11736.00,19.56,297.75
,,,日出东方(603366.SH),2600,13286.00,5.11,1453.39
,,,中信银行(601998.SH),5300,23903.00,4.51,-161.24
,,,凤凰传媒(601928.SH),2300,15985.00,6.95,-60.02
,,,富维股份(600742.SH),1700,25517.00,15.01,6603.59
2021-11-24,130001.19,25842.19,,,,,
,,,元祖股份(603886.SH),600,11922.00,19.87,483.75
,,,中信银行(601998.SH),5300,23850.00,4.5,-214.24
,,,富维股份(600742.SH),1700,24871.00,14.63,5957.59
,,,华荣股份(603855.SH),600,14550.00,24.25,705.38
,,,凤凰传媒(601928.SH),2300,15732.00,6.84,-313.02
,,,日出东方(603366.SH),2600,13234.00,5.09,1401.39
2021-11-23,130757.19,25842.19,,,,,
,,,日出东方(603366.SH),2600,13572.00,5.22,1739.39
,,,富维股份(600742.SH),1700,25415.00,14.95,6501.59
,,,中信银行(601998.SH),5300,23903.00,4.51,-161.24
,,,元祖股份(603886.SH),600,11730.00,19.55,291.75
,,,华荣股份(603855.SH),600,14862.00,24.77,1017.38
,,,凤凰传媒(601928.SH),2300,15433.00,6.71,-612.02
2021-11-22,129876.19,25842.19,,,,,
,,,元祖股份(603886.SH),600,11850.00,19.75,411.75
,,,华荣股份(603855.SH),600,15060.00,25.1,1215.38
,,,中信银行(601998.SH),5300,23797.00,4.49,-267.24
,,,凤凰传媒(601928.SH),2300,15525.00,6.75,-520.02
,,,日出东方(603366.SH),2600,13390.00,5.15,1557.39
,,,富维股份(600742.SH),1700,24412.00,14.36,5498.59
2021-11-19,127674.19,25842.19,,,,,
,,,富维股份(600742.SH),1700,22185.00,13.05,3271.59
,,,元祖股份(603886.SH),600,11520.00,19.2,81.75
,,,华荣股份(603855.SH),600,14898.00,24.83,1053.38
,,,日出东方(603366.SH),2600,13702.00,5.27,1869.39
,,,凤凰传媒(601928.SH),2300,15571.00,6.77,-474.02
,,,中信银行(601998.SH),5300,23956.00,4.52,-108.24
2021-11-18,127414.19,25842.19,,,,,
,,,中信银行(601998.SH),5300,23850.00,4.5,-214.24
,,,富维股份(600742.SH),1700,21930.00,12.9,3016.59
,,,元祖股份(603886.SH),600,11880.00,19.8,441.75
,,,凤凰传媒(601928.SH),2300,15502.00,6.74,-543.02
,,,华荣股份(603855.SH),600,14838.00,24.73,993.38
,,,日出东方(603366.SH),2600,13572.00,5.22,1739.39
2021-11-17,129830.19,25842.19,,,,,
,,,日出东方(603366.SH),2600,13988.00,5.38,2155.39
,,,富维股份(600742.SH),1700,23732.00,13.96,4818.59
,,,中信银行(601998.SH),5300,23903.00,4.51,-161.24
,,,凤凰传媒(601928.SH),2300,15479.00,6.73,-566.02
,,,元祖股份(603886.SH),600,12408.00,20.68,969.75
,,,华荣股份(603855.SH),600,14478.00,24.13,633.38
2021-11-16,128805.19,25842.19,,,,,
,,,华荣股份(603855.SH),600,13920.00,23.2,75.38
,,,中信银行(601998.SH),5300,23956.00,4.52,-108.24
,,,元祖股份(603886.SH),600,12030.00,20.05,591.75
,,,日出东方(603366.SH),2600,13494.00,5.19,1661.39
,,,凤凰传媒(601928.SH),2300,15525.00,6.75,-520.02
,,,富维股份(600742.SH),1700,24038.00,14.14,5124.59
2021-11-15,127499.19,25842.19,,,,,
,,,元祖股份(603886.SH),600,12126.00,20.21,687.75
,,,华荣股份(603855.SH),600,14592.00,24.32,747.38
,,,日出东方(603366.SH),2600,13468.00,5.18,1635.39
,,,富维股份(600742.SH),1700,21845.00,12.85,2931.59
,,,中信银行(601998.SH),5300,24009.00,4.53,-55.24
,,,凤凰传媒(601928.SH),2300,15617.00,6.79,-428.02
2021-11-12,128426.19,25842.19,,,,,
,,,凤凰传媒(601928.SH),2300,15502.00,6.74,-543.02
,,,中信银行(601998.SH),5300,23903.00,4.51,-161.24
,,,华荣股份(603855.SH),600,14712.00,24.52,867.38
,,,元祖股份(603886.SH),600,11886.00,19.81,447.75
,,,富维股份(600742.SH),1700,23035.00,13.55,4121.59
,,,日出东方(603366.SH),2600,13546.00,5.21,1713.39
2021-11-11,128789.19,25842.19,,,,,
,,,华荣股份(603855.SH),600,14646.00,24.41,801.38
,,,日出东方(603366.SH),2600,13624.00,5.24,1791.39
,,,元祖股份(603886.SH),600,12030.00,20.05,591.75
,,,凤凰传媒(601928.SH),2300,15433.00,6.71,-612.02
,,,中信银行(601998.SH),5300,24009.00,4.53,-55.24
,,,富维股份(600742.SH),1700,23205.00,13.65,4291.59
2021-11-10,128097.19,25842.19,,,,,
,,,中信银行(601998.SH),5300,23850.00,4.5,-214.24
,,,凤凰传媒(601928.SH),2300,15433.00,6.71,-612.02
,,,元祖股份(603886.SH),600,12006.00,20.01,567.75
,,,华荣股份(603855.SH),600,14196.00,23.66,351.38
,,,日出东方(603366.SH),2600,14092.00,5.42,2259.39
,,,富维股份(600742.SH),1700,22678.00,13.34,3764.59
2021-11-09,128366.19,25842.19,,,,,
,,,凤凰传媒(601928.SH),2300,15272.00,6.64,-773.02
,,,华荣股份(603855.SH),600,14334.00,23.89,489.38
,,,富维股份(600742.SH),1700,22865.00,13.45,3951.59
,,,元祖股份(603886.SH),600,12240.00,20.4,801.75
,,,日出东方(603366.SH),2600,13910.00,5.35,2077.39
,,,中信银行(601998.SH),5300,23903.00,4.51,-161.24
2021-11-08,127506.19,25842.19,,,,,
,,,富维股份(600742.SH),1700,21522.00,12.66,2608.59
,,,元祖股份(603886.SH),600,12606.00,21.01,1167.75
,,,华荣股份(603855.SH),600,14412.00,24.02,567.38
,,,中信银行(601998.SH),5300,23850.00,4.5,-214.24
,,,凤凰传媒(601928.SH),2300,15364.00,6.68,-681.02
,,,日出东方(603366.SH),2600,13910.00,5.35,2077.39
2021-11-05,127013.19,25842.19,,,,,
,,,中信银行(601998.SH),5300,23850.00,4.5,-214.24
,,,华荣股份(603855.SH),600,13962.00,23.27,117.38
,,,日出东方(603366.SH),2600,13156.00,5.06,1323.39
,,,富维股份(600742.SH),1700,21947.00,12.91,3033.59
,,,元祖股份(603886.SH),600,12984.00,21.64,1545.75
,,,凤凰传媒(601928.SH),2300,15272.00,6.64,-773.02
2021-11-04,126845.19,25842.19,,,,,
,,,日出东方(603366.SH),2600,11960.00,4.6,127.39
,,,富维股份(600742.SH),1700,22542.00,13.26,3628.59
,,,华荣股份(603855.SH),600,14046.00,23.41,201.38
,,,中信银行(601998.SH),5300,23850.00,4.5,-214.24
,,,元祖股份(603886.SH),600,13356.00,22.26,1917.75
,,,凤凰传媒(601928.SH),2300,15249.00,6.63,-796.02
2021-11-03,125532.19,25842.19,,,,,
,,,中信银行(601998.SH),5300,23850.00,4.5,-214.24
,,,华荣股份(603855.SH),600,14298.00,23.83,453.38
,,,凤凰传媒(601928.SH),2300,15364.00,6.68,-681.02
,,,富维股份(600742.SH),1700,21352.00,12.56,2438.59
,,,元祖股份(603886.SH),600,13230.00,22.05,1791.75
,,,日出东方(603366.SH),2600,11596.00,4.46,-236.61
2021-11-02,125414.19,25842.19,,,,,
,,,元祖股份(603886.SH),600,13164.00,21.94,1725.75
,,,华荣股份(603855.SH),600,14100.00,23.5,255.38
,,,中信银行(601998.SH),5300,23850.00,4.5,-214.24
,,,富维股份(600742.SH),1700,21573.00,12.69,2659.59
,,,日出东方(603366.SH),2600,11544.00,4.44,-288.61
,,,凤凰传媒(601928.SH),2300,15341.00,6.67,-704.02
2021-11-01,124079.19,25842.19,,,,,
,,,日出东方(603366.SH),2600,12038.00,4.63,205.39
,,,富维股份(600742.SH),1700,19618.00,11.54,704.59
,,,凤凰传媒(601928.SH),2300,15755.00,6.85,-290.02
,,,元祖股份(603886.SH),600,12600.00,21,1161.75
,,,华荣股份(603855.SH),600,14058.00,23.43,213.38
,,,中信银行(601998.SH),5300,24168.00,4.56,103.76
2021-10-29,123047.05,28866.05,,,,,
,,,勘设股份(603458.SH),1700,17561.00,10.33,-1284.26
,,,重庆水务(601158.SH),2700,15147.00,5.61,-2903.43
,,,新澳股份(603889.SH),2000,11900.00,5.95,-3034.28
,,,元祖股份(603886.SH),1000,19990.00,19.99,926.24
,,,广电电气(601616.SH),5100,16677.00,3.27,-2900.94
,,,永吉股份(603058.SH),1800,12906.00,7.17,-915.48
2021-10-28,119867.05,28866.05,,,,,
,,,新澳股份(603889.SH),2000,12320.00,6.16,-2614.28
,,,重庆水务(601158.SH),2700,14661.00,5.43,-3389.43
,,,永吉股份(603058.SH),1800,12564.00,6.98,-1257.48
,,,勘设股份(603458.SH),1700,17272.00,10.16,-1573.26
,,,元祖股份(603886.SH),1000,18170.00,18.17,-893.76
,,,广电电气(601616.SH),5100,16014.00,3.14,-3563.94
2021-10-27,120279.05,28866.05,,,,,
,,,永吉股份(603058.SH),1800,12888.00,7.16,-933.48
,,,广电电气(601616.SH),5100,16524.00,3.24,-3053.94
,,,新澳股份(603889.SH),2000,12440.00,6.22,-2494.28
,,,重庆水务(601158.SH),2700,14796.00,5.48,-3254.43
,,,勘设股份(603458.SH),1700,17595.00,10.35,-1250.26
,,,元祖股份(603886.SH),1000,17170.00,17.17,-1893.76
2021-10-26,122808.05,28866.05,,,,,
,,,新澳股份(603889.SH),2000,13800.00,6.9,-1134.28
,,,勘设股份(603458.SH),1700,18156.00,10.68,-689.26
,,,广电电气(601616.SH),5100,16422.00,3.22,-3155.94
,,,重庆水务(601158.SH),2700,14850.00,5.5,-3200.43
,,,永吉股份(603058.SH),1800,13194.00,7.33,-627.48
,,,元祖股份(603886.SH),1000,17520.00,17.52,-1543.76
2021-10-25,123014.05,28866.05,,,,,
,,,广电电气(601616.SH),5100,16371.00,3.21,-3206.94
,,,永吉股份(603058.SH),1800,13140.00,7.3,-681.48
,,,元祖股份(603886.SH),1000,17390.00,17.39,-1673.76
,,,重庆水务(601158.SH),2700,14715.00,5.45,-3335.43
,,,勘设股份(603458.SH),1700,17952.00,10.56,-893.26
,,,新澳股份(603889.SH),2000,14580.00,7.29,-354.28
2021-10-22,122493.05,28866.05,,,,,
,,,广电电气(601616.SH),5100,16014.00,3.14,-3563.94
,,,新澳股份(603889.SH),2000,14440.00,7.22,-494.28
,,,勘设股份(603458.SH),1700,17969.00,10.57,-876.26
,,,元祖股份(603886.SH),1000,17340.00,17.34,-1723.76
,,,永吉股份(603058.SH),1800,13176.00,7.32,-645.48
,,,重庆水务(601158.SH),2700,14688.00,5.44,-3362.43
2021-10-21,124053.05,28866.05,,,,,
,,,广电电气(601616.SH),5100,16881.00,3.31,-2696.94
,,,永吉股份(603058.SH),1800,12906.00,7.17,-915.48
,,,勘设股份(603458.SH),1700,18037.00,10.61,-808.26
,,,重庆水务(601158.SH),2700,15093.00,5.59,-2957.43
,,,新澳股份(603889.SH),2000,14260.00,7.13,-674.28
,,,元祖股份(603886.SH),1000,18010.00,18.01,-1053.76
2021-10-20,124745.05,28866.05,,,,,
,,,广电电气(601616.SH),5100,17238.00,3.38,-2339.94
,,,新澳股份(603889.SH),2000,14260.00,7.13,-674.28
,,,重庆水务(601158.SH),2700,15363.00,5.69,-2687.43
,,,永吉股份(603058.SH),1800,13104.00,7.28,-717.48
,,,元祖股份(603886.SH),1000,17860.00,17.86,-1203.76
,,,勘设股份(603458.SH),1700,18054.00,10.62,-791.26
2021-10-19,126522.05,28866.05,,,,,
,,,永吉股份(603058.SH),1800,13212.00,7.34,-609.48
,,,重庆水务(601158.SH),2700,15309.00,5.67,-2741.43
,,,元祖股份(603886.SH),1000,18880.00,18.88,-183.76
,,,勘设股份(603458.SH),1700,18139.00,10.67,-706.26
,,,新澳股份(603889.SH),2000,14980.00,7.49,45.72
,,,广电电气(601616.SH),5100,17136.00,3.36,-2441.94
2021-10-18,125641.05,28866.05,,,,,
,,,广电电气(601616.SH),5100,17136.00,3.36,-2441.94
,,,永吉股份(603058.SH),1800,13086.00,7.27,-735.48
,,,勘设股份(603458.SH),1700,18088.00,10.64,-757.26
,,,元祖股份(603886.SH),1000,18930.00,18.93,-133.76
,,,重庆水务(601158.SH),2700,15255.00,5.65,-2795.43
,,,新澳股份(603889.SH),2000,14280.00,7.14,-654.28
2021-10-15,127336.05,28866.05,,,,,
,,,广电电气(601616.SH),5100,16881.00,3.31,-2696.94
,,,新澳股份(603889.SH),2000,14480.00,7.24,-454.28
,,,永吉股份(603058.SH),1800,12888.00,7.16,-933.48
,,,元祖股份(603886.SH),1000,21030.00,21.03,1966.24
,,,重庆水务(601158.SH),2700,15120.00,5.6,-2930.43
,,,勘设股份(603458.SH),1700,18071.00,10.63,-774.26
2021-10-14,127334.05,28866.05,,,,,
,,,永吉股份(603058.SH),1800,13212.00,7.34,-609.48
,,,新澳股份(603889.SH),2000,14220.00,7.11,-714.28
,,,勘设股份(603458.SH),1700,18258.00,10.74,-587.26
,,,重庆水务(601158.SH),2700,15444.00,5.72,-2606.43
,,,元祖股份(603886.SH),1000,19280.00,19.28,216.24
,,,广电电气(601616.SH),5100,18054.00,3.54,-1523.94
2021-10-13,127267.05,28866.05,,,,,
,,,重庆水务(601158.SH),2700,15309.00,5.67,-2741.43
,,,勘设股份(603458.SH),1700,18292.00,10.76,-553.26
,,,永吉股份(603058.SH),1800,12942.00,7.19,-879.48
,,,新澳股份(603889.SH),2000,14300.00,7.15,-634.28
,,,广电电气(601616.SH),5100,18258.00,3.58,-1319.94
,,,元祖股份(603886.SH),1000,19300.00,19.3,236.24
2021-10-12,129061.05,28416.05,,,,,
,,,广电电气(601616.SH),5100,18666.00,3.66,-911.94
,,,永吉股份(603058.SH),1800,13554.00,7.53,-717.48
,,,勘设股份(603458.SH),1700,18394.00,10.82,-451.26
,,,重庆水务(601158.SH),2700,16281.00,6.03,-1769.43
,,,元祖股份(603886.SH),1000,19270.00,19.27,206.24
,,,新澳股份(603889.SH),2000,14480.00,7.24,-454.28
2021-10-11,129427.05,28416.05,,,,,
,,,永吉股份(603058.SH),1800,13968.00,7.76,-303.48
,,,元祖股份(603886.SH),1000,19420.00,19.42,356.24
,,,广电电气(601616.SH),5100,18309.00,3.59,-1268.94
,,,勘设股份(603458.SH),1700,18785.00,11.05,-60.26
,,,新澳股份(603889.SH),2000,14680.00,7.34,-254.28
,,,重庆水务(601158.SH),2700,15849.00,5.87,-2201.43
2021-10-08,131265.05,28416.05,,,,,
,,,元祖股份(603886.SH),1000,19620.00,19.62,556.24
,,,勘设股份(603458.SH),1700,18955.00,11.15,109.74
,,,永吉股份(603058.SH),1800,14076.00,7.82,-195.48
,,,广电电气(601616.SH),5100,18972.00,3.72,-605.94
,,,新澳股份(603889.SH),2000,14000.00,7,-934.28
,,,重庆水务(601158.SH),2700,17226.00,6.38,-824.43
2021-09-30,130793.86,30298.86,,,,,
,,,新澳股份(603889.SH),2500,16850.00,6.74,-1817.85
,,,五洲交通(600368.SH),6000,24060.00,4.01,425.75
,,,快克智能(603203.SH),400,13024.00,32.56,-2.99
,,,福达股份(603166.SH),1900,15257.00,8.03,-2720.26
,,,得邦照明(603303.SH),900,13914.00,15.46,-2061.88
,,,华达科技(603358.SH),1000,17390.00,17.39,-593.88
2021-09-29,128302.86,30298.86,,,,,
,,,华达科技(603358.SH),1000,17250.00,17.25,-733.88
,,,新澳股份(603889.SH),2500,15875.00,6.35,-2792.85
,,,快克智能(603203.SH),400,12832.00,32.08,-194.99
,,,得邦照明(603303.SH),900,13932.00,15.48,-2043.88
,,,福达股份(603166.SH),1900,14535.00,7.65,-3442.26
,,,五洲交通(600368.SH),6000,23580.00,3.93,-54.25
2021-09-28,131768.86,30298.86,,,,,
,,,华达科技(603358.SH),1000,17320.00,17.32,-663.88
,,,福达股份(603166.SH),1900,15314.00,8.06,-2663.26
,,,快克智能(603203.SH),400,13428.00,33.57,401.01
,,,五洲交通(600368.SH),6000,24480.00,4.08,845.75
,,,新澳股份(603889.SH),2500,16150.00,6.46,-2517.85
,,,得邦照明(603303.SH),900,14778.00,16.42,-1197.88
2021-09-27,132312.86,30298.86,,,,,
,,,新澳股份(603889.SH),2500,16700.00,6.68,-1967.85
,,,福达股份(603166.SH),1900,15466.00,8.14,-2511.26
,,,快克智能(603203.SH),400,13364.00,33.41,337.01
,,,得邦照明(603303.SH),900,14994.00,16.66,-981.88
,,,五洲交通(600368.SH),6000,24300.00,4.05,665.75
,,,华达科技(603358.SH),1000,17190.00,17.19,-793.88
2021-09-24,136283.86,30298.86,,,,,
,,,华达科技(603358.SH),1000,17200.00,17.2,-783.88
,,,快克智能(603203.SH),400,14120.00,35.3,1093.01
,,,得邦照明(603303.SH),900,14922.00,16.58,-1053.88
,,,福达股份(603166.SH),1900,16663.00,8.77,-1314.26
,,,五洲交通(600368.SH),6000,25380.00,4.23,1745.75
,,,新澳股份(603889.SH),2500,17700.00,7.08,-967.85
2021-09-23,139558.86,30298.86,,,,,
,,,华达科技(603358.SH),1000,17050.00,17.05,-933.88
,,,新澳股份(603889.SH),2500,18950.00,7.58,282.15
,,,快克智能(603203.SH),400,13940.00,34.85,913.01
,,,福达股份(603166.SH),1900,17290.00,9.1,-687.26
,,,五洲交通(600368.SH),6000,26280.00,4.38,2645.75
,,,得邦照明(603303.SH),900,15750.00,17.5,-225.88
2021-09-22,137726.86,30298.86,,,,,
,,,快克智能(603203.SH),400,13896.00,34.74,869.01
,,,新澳股份(603889.SH),2500,18375.00,7.35,-292.85
,,,五洲交通(600368.SH),6000,25200.00,4.2,1565.75
,,,华达科技(603358.SH),1000,16470.00,16.47,-1513.88
,,,得邦照明(603303.SH),900,16425.00,18.25,449.12
,,,福达股份(603166.SH),1900,17062.00,8.98,-915.26
2021-09-17,137248.86,30298.86,,,,,
,,,五洲交通(600368.SH),6000,24480.00,4.08,845.75
,,,华达科技(603358.SH),1000,16330.00,16.33,-1653.88
,,,得邦照明(603303.SH),900,16416.00,18.24,440.12
,,,快克智能(603203.SH),400,14132.00,35.33,1105.01
,,,福达股份(603166.SH),1900,16492.00,8.68,-1485.26
,,,新澳股份(603889.SH),2500,19100.00,7.64,432.15
2021-09-16,137902.86,30298.86,,,,,
,,,福达股份(603166.SH),1900,16587.00,8.73,-1390.26
,,,快克智能(603203.SH),400,14512.00,36.28,1485.01
,,,五洲交通(600368.SH),6000,24600.00,4.1,965.75
,,,新澳股份(603889.SH),2500,18800.00,7.52,132.15
,,,华达科技(603358.SH),1000,16680.00,16.68,-1303.88
,,,得邦照明(603303.SH),900,16425.00,18.25,449.12
2021-09-15,140527.86,30298.86,,,,,
,,,快克智能(603203.SH),400,15588.00,38.97,2561.01
,,,华达科技(603358.SH),1000,16340.00,16.34,-1643.88
,,,五洲交通(600368.SH),6000,25320.00,4.22,1685.75
,,,得邦照明(603303.SH),900,16443.00,18.27,467.12
,,,新澳股份(603889.SH),2500,19400.00,7.76,732.15
,,,福达股份(603166.SH),1900,17138.00,9.02,-839.26
2021-09-14,140292.86,30298.86,,,,,
,,,新澳股份(603889.SH),2500,18700.00,7.48,32.15
,,,华达科技(603358.SH),1000,16320.00,16.32,-1663.88
,,,福达股份(603166.SH),1900,16853.00,8.87,-1124.26
,,,得邦照明(603303.SH),900,16317.00,18.13,341.12
,,,五洲交通(600368.SH),6000,25140.00,4.19,1505.75
,,,快克智能(603203.SH),400,16664.00,41.66,3637.01
2021-09-13,141523.86,30298.86,,,,,
,,,福达股份(603166.SH),1900,17214.00,9.06,-763.26
,,,新澳股份(603889.SH),2500,19850.00,7.94,1182.15
,,,五洲交通(600368.SH),6000,25680.00,4.28,2045.75
,,,华达科技(603358.SH),1000,16530.00,16.53,-1453.88
,,,快克智能(603203.SH),400,15148.00,37.87,2121.01
,,,得邦照明(603303.SH),900,16803.00,18.67,827.12
2021-09-10,139858.86,30298.86,,,,,
,,,快克智能(603203.SH),400,15108.00,37.77,2081.01
,,,福达股份(603166.SH),1900,17195.00,9.05,-782.26
,,,新澳股份(603889.SH),2500,19750.00,7.9,1082.15
,,,得邦照明(603303.SH),900,16767.00,18.63,791.12
,,,五洲交通(600368.SH),6000,24420.00,4.07,785.75
,,,华达科技(603358.SH),1000,16320.00,16.32,-1663.88
2021-09-09,141820.86,30298.86,,,,,
,,,新澳股份(603889.SH),2500,20250.00,8.1,1582.15
,,,福达股份(603166.SH),1900,17594.00,9.26,-383.26
,,,华达科技(603358.SH),1000,16400.00,16.4,-1583.88
,,,五洲交通(600368.SH),6000,25020.00,4.17,1385.75
,,,快克智能(603203.SH),400,14996.00,37.49,1969.01
,,,得邦照明(603303.SH),900,17262.00,19.18,1286.12
2021-09-08,141484.86,30298.86,,,,,
,,,新澳股份(603889.SH),2500,20675.00,8.27,2007.15
,,,得邦照明(603303.SH),900,16425.00,18.25,449.12
,,,五洲交通(600368.SH),6000,24720.00,4.12,1085.75
,,,福达股份(603166.SH),1900,17632.00,9.28,-345.26
,,,快克智能(603203.SH),400,15164.00,37.91,2137.01
,,,华达科技(603358.SH),1000,16570.00,16.57,-1413.88
2021-09-07,141990.86,30298.86,,,,,
,,,快克智能(603203.SH),400,15792.00,39.48,2765.01
,,,五洲交通(600368.SH),6000,24120.00,4.02,485.75
,,,华达科技(603358.SH),1000,16800.00,16.8,-1183.88
,,,福达股份(603166.SH),1900,17803.00,9.37,-174.26
,,,得邦照明(603303.SH),900,16902.00,18.78,926.12
,,,新澳股份(603889.SH),2500,20275.00,8.11,1607.15
2021-09-06,140375.86,30298.86,,,,,
,,,新澳股份(603889.SH),2500,19425.00,7.77,757.15
,,,福达股份(603166.SH),1900,17594.00,9.26,-383.26
,,,华达科技(603358.SH),1000,16680.00,16.68,-1303.88
,,,得邦照明(603303.SH),900,17478.00,19.42,1502.12
,,,五洲交通(600368.SH),6000,23880.00,3.98,245.75
,,,快克智能(603203.SH),400,15020.00,37.55,1993.01
2021-09-03,138543.86,30298.86,,,,,
,,,福达股份(603166.SH),1900,18392.00,9.68,414.74
,,,华达科技(603358.SH),1000,16680.00,16.68,-1303.88
,,,得邦照明(603303.SH),900,16299.00,18.11,323.12
,,,五洲交通(600368.SH),6000,23940.00,3.99,305.75
,,,快克智能(603203.SH),400,14884.00,37.21,1857.01
,,,新澳股份(603889.SH),2500,18050.00,7.22,-617.85
2021-09-02,140248.86,30298.86,,,,,
,,,新澳股份(603889.SH),2500,18075.00,7.23,-592.85
,,,得邦照明(603303.SH),900,16353.00,18.17,377.12
,,,快克智能(603203.SH),400,15680.00,39.2,2653.01
,,,五洲交通(600368.SH),6000,24000.00,4,365.75
,,,华达科技(603358.SH),1000,17260.00,17.26,-723.88
,,,福达股份(603166.SH),1900,18582.00,9.78,604.74
2021-09-01,140161.86,30298.86,,,,,
,,,快克智能(603203.SH),400,15248.00,38.12,2221.01
,,,新澳股份(603889.SH),2500,18450.00,7.38,-217.85
,,,五洲交通(600368.SH),6000,24120.00,4.02,485.75
,,,福达股份(603166.SH),1900,18183.00,9.57,205.74
,,,华达科技(603358.SH),1000,17500.00,17.5,-483.88
,,,得邦照明(603303.SH),900,16362.00,18.18,386.12
2021-08-31,139339.54,30102.54,,,,,
,,,快克智能(603203.SH),400,14088.00,35.22,1061.01
,,,永悦科技(603879.SH),1800,13050.00,7.25,113.19
,,,深圳燃气(601139.SH),3400,36686.00,10.79,12183.76
,,,华达科技(603358.SH),700,12145.00,17.35,-597.42
,,,易德龙(603380.SH),600,17574.00,29.29,963.86
,,,大元泵业(603757.SH),700,15694.00,22.42,1906.49
2021-08-30,141851.54,30102.54,,,,,
,,,快克智能(603203.SH),400,13452.00,33.63,425.01
,,,永悦科技(603879.SH),1800,12906.00,7.17,-30.81
,,,深圳燃气(601139.SH),3400,38658.00,11.37,14155.76
,,,易德龙(603380.SH),600,17298.00,28.83,687.86
,,,华达科技(603358.SH),700,11998.00,17.14,-744.42
,,,大元泵业(603757.SH),700,17437.00,24.91,3649.49
2021-08-27,139411.54,30102.54,,,,,
,,,永悦科技(603879.SH),1800,12672.00,7.04,-264.81
,,,深圳燃气(601139.SH),3400,37162.00,10.93,12659.76
,,,大元泵业(603757.SH),700,17640.00,25.2,3852.49
,,,华达科技(603358.SH),700,12033.00,17.19,-709.42
,,,易德龙(603380.SH),600,17574.00,29.29,963.86
,,,快克智能(603203.SH),400,12228.00,30.57,-798.99
2021-08-26,140761.54,30102.54,,,,,
,,,永悦科技(603879.SH),1800,12672.00,7.04,-264.81
,,,易德龙(603380.SH),600,18642.00,31.07,2031.86
,,,深圳燃气(601139.SH),3400,37400.00,11,12897.76
,,,大元泵业(603757.SH),700,17780.00,25.4,3992.49
,,,快克智能(603203.SH),400,11992.00,29.98,-1034.99
,,,华达科技(603358.SH),700,12173.00,17.39,-569.42
2021-08-25,140094.54,30102.54,,,,,
,,,大元泵业(603757.SH),700,17871.00,25.53,4083.49
,,,深圳燃气(601139.SH),3400,36924.00,10.86,12421.76
,,,快克智能(603203.SH),400,12320.00,30.8,-706.99
,,,易德龙(603380.SH),600,18060.00,30.1,1449.86
,,,华达科技(603358.SH),700,11893.00,16.99,-849.42
,,,永悦科技(603879.SH),1800,12924.00,7.18,-12.81
2021-08-24,136768.54,30102.54,,,,,
,,,永悦科技(603879.SH),1800,12780.00,7.1,-156.81
,,,大元泵业(603757.SH),700,17703.00,25.29,3915.49
,,,深圳燃气(601139.SH),3400,34544.00,10.16,10041.76
,,,快克智能(603203.SH),400,12120.00,30.3,-906.99
,,,华达科技(603358.SH),700,11711.00,16.73,-1031.42
,,,易德龙(603380.SH),600,17808.00,29.68,1197.86
2021-08-23,132587.54,30102.54,,,,,
,,,深圳燃气(601139.SH),3400,32946.00,9.69,8443.76
,,,永悦科技(603879.SH),1800,12816.00,7.12,-120.81
,,,易德龙(603380.SH),600,16668.00,27.78,57.86
,,,华达科技(603358.SH),700,11501.00,16.43,-1241.42
,,,快克智能(603203.SH),400,12104.00,30.26,-922.99
,,,大元泵业(603757.SH),700,16450.00,23.5,2662.49
2021-08-20,129406.54,30102.54,,,,,
,,,易德龙(603380.SH),600,16080.00,26.8,-530.14
,,,大元泵业(603757.SH),700,15743.00,22.49,1955.49
,,,永悦科技(603879.SH),1800,12492.00,6.94,-444.81
,,,快克智能(603203.SH),400,11240.00,28.1,-1786.99
,,,深圳燃气(601139.SH),3400,32164.00,9.46,7661.76
,,,华达科技(603358.SH),700,11585.00,16.55,-1157.42
2021-08-19,131249.54,30102.54,,,,,
,,,华达科技(603358.SH),700,11655.00,16.65,-1087.42
,,,大元泵业(603757.SH),700,15876.00,22.68,2088.49
,,,永悦科技(603879.SH),1800,12654.00,7.03,-282.81
,,,易德龙(603380.SH),600,16182.00,26.97,-428.14
,,,快克智能(603203.SH),400,11120.00,27.8,-1906.99
,,,深圳燃气(601139.SH),3400,33660.00,9.9,9157.76
2021-08-18,135271.54,30102.54,,,,,
,,,快克智能(603203.SH),400,11196.00,27.99,-1830.99
,,,易德龙(603380.SH),600,16266.00,27.11,-344.14
,,,永悦科技(603879.SH),1800,12816.00,7.12,-120.81
,,,华达科技(603358.SH),700,11165.00,15.95,-1577.42
,,,深圳燃气(601139.SH),3400,37332.00,10.98,12829.76
,,,大元泵业(603757.SH),700,16394.00,23.42,2606.49
2021-08-17,134757.54,30102.54,,,,,
,,,华达科技(603358.SH),700,11417.00,16.31,-1325.42
,,,大元泵业(603757.SH),700,17402.00,24.86,3614.49
,,,深圳燃气(601139.SH),3400,35020.00,10.3,10517.76
,,,永悦科技(603879.SH),1800,12780.00,7.1,-156.81
,,,易德龙(603380.SH),600,16296.00,27.16,-314.14
,,,快克智能(603203.SH),400,11740.00,29.35,-1286.99
2021-08-16,139585.54,30102.54,,,,,
,,,深圳燃气(601139.SH),3400,38386.00,11.29,13883.76
,,,华达科技(603358.SH),700,11396.00,16.28,-1346.42
,,,易德龙(603380.SH),600,17220.00,28.7,609.86
,,,大元泵业(603757.SH),700,16695.00,23.85,2907.49
,,,永悦科技(603879.SH),1800,12978.00,7.21,41.19
,,,快克智能(603203.SH),400,12808.00,32.02,-218.99
2021-08-13,136976.54,30102.54,,,,,
,,,华达科技(603358.SH),700,11550.00,16.5,-1192.42
,,,易德龙(603380.SH),600,17610.00,29.35,999.86
,,,永悦科技(603879.SH),1800,13338.00,7.41,401.19
,,,大元泵业(603757.SH),700,15862.00,22.66,2074.49
,,,深圳燃气(601139.SH),3400,36142.00,10.63,11639.76
,,,快克智能(603203.SH),400,12372.00,30.93,-654.99
2021-08-12,134216.54,30102.54,,,,,
,,,华达科技(603358.SH),700,11613.00,16.59,-1129.42
,,,深圳燃气(601139.SH),3400,32844.00,9.66,8341.76
,,,易德龙(603380.SH),600,17952.00,29.92,1341.86
,,,大元泵业(603757.SH),700,15673.00,22.39,1885.49
,,,快克智能(603203.SH),400,12316.00,30.79,-710.99
,,,永悦科技(603879.SH),1800,13716.00,7.62,779.19
2021-08-11,136614.54,30102.54,,,,,
,,,华达科技(603358.SH),700,11991.00,17.13,-751.42
,,,深圳燃气(601139.SH),3400,34850.00,10.25,10347.76
,,,易德龙(603380.SH),600,17994.00,29.99,1383.86
,,,快克智能(603203.SH),400,12316.00,30.79,-710.99
,,,大元泵业(603757.SH),700,15267.00,21.81,1479.49
,,,永悦科技(603879.SH),1800,14094.00,7.83,1157.19
2021-08-10,137016.54,30102.54,,,,,
,,,易德龙(603380.SH),600,17388.00,28.98,777.86
,,,大元泵业(603757.SH),700,14980.00,21.4,1192.49
,,,深圳燃气(601139.SH),3400,35224.00,10.36,10721.76
,,,快克智能(603203.SH),400,12652.00,31.63,-374.99
,,,华达科技(603358.SH),700,12054.00,17.22,-688.42
,,,永悦科技(603879.SH),1800,14616.00,8.12,1679.19
2021-08-09,132341.54,30102.54,,,,,
,,,永悦科技(603879.SH),1800,13284.00,7.38,347.19
,,,快克智能(603203.SH),400,12892.00,32.23,-134.99
,,,深圳燃气(601139.SH),3400,32028.00,9.42,7525.76
,,,易德龙(603380.SH),600,16434.00,27.39,-176.14
,,,华达科技(603358.SH),700,12663.00,18.09,-79.42
,,,大元泵业(603757.SH),700,14938.00,21.34,1150.49
2021-08-06,134753.54,30102.54,,,,,
,,,快克智能(603203.SH),400,12672.00,31.68,-354.99
,,,易德龙(603380.SH),600,16458.00,27.43,-152.14
,,,大元泵业(603757.SH),700,14679.00,20.97,891.49
,,,永悦科技(603879.SH),1800,13446.00,7.47,509.19
,,,深圳燃气(601139.SH),3400,35020.00,10.3,10517.76
,,,华达科技(603358.SH),700,12376.00,17.68,-366.42
2021-08-05,131918.54,30102.54,,,,,
,,,华达科技(603358.SH),700,12390.00,17.7,-352.42
,,,深圳燃气(601139.SH),3400,32606.00,9.59,8103.76
,,,易德龙(603380.SH),600,16182.00,26.97,-428.14
,,,永悦科技(603879.SH),1800,13302.00,7.39,365.19
,,,大元泵业(603757.SH),700,14616.00,20.88,828.49
,,,快克智能(603203.SH),400,12720.00,31.8,-306.99
2021-08-04,130196.54,30102.54,,,,,
,,,易德龙(603380.SH),600,16710.00,27.85,99.86
,,,永悦科技(603879.SH),1800,13608.00,7.56,671.19
,,,大元泵业(603757.SH),700,14609.00,20.87,821.49
,,,快克智能(603203.SH),400,13276.00,33.19,249.01
,,,深圳燃气(601139.SH),3400,29648.00,8.72,5145.76
,,,华达科技(603358.SH),700,12243.00,17.49,-499.42
2021-08-03,127556.54,30102.54,,,,,
,,,深圳燃气(601139.SH),3400,26962.00,7.93,2459.76
,,,华达科技(603358.SH),700,12481.00,17.83,-261.42
,,,易德龙(603380.SH),600,16656.00,27.76,45.86
,,,永悦科技(603879.SH),1800,13302.00,7.39,365.19
,,,快克智能(603203.SH),400,13248.00,33.12,221.01
,,,大元泵业(603757.SH),700,14805.00,21.15,1017.49
2021-08-02,125899.54,30102.54,,,,,
,,,大元泵业(603757.SH),700,14525.00,20.75,737.49
,,,易德龙(603380.SH),600,17370.00,28.95,759.86
,,,深圳燃气(601139.SH),3400,24514.00,7.21,11.76
,,,华达科技(603358.SH),700,12544.00,17.92,-198.42
,,,快克智能(603203.SH),400,13380.00,33.45,353.01
,,,永悦科技(603879.SH),1800,13464.00,7.48,527.19
2021-07-30,124506.16,29758.16,,,,,
,,,隆鑫通用(603766.SH),5500,18260.00,3.32,-1806.06
,,,奥康国际(603001.SH),1700,13906.00,8.18,-3473.89
,,,朗迪集团(603726.SH),1100,16071.00,14.61,359.65
,,,歌力思(603808.SH),1100,15950.00,14.5,-147.12
,,,千金药业(600479.SH),2100,17241.00,8.21,-1405.39
,,,永悦科技(603879.SH),1800,13320.00,7.4,383.19
2021-07-29,125028.16,29758.16,,,,,
,,,朗迪集团(603726.SH),1100,16104.00,14.64,392.65
,,,奥康国际(603001.SH),1700,14280.00,8.4,-3099.89
,,,歌力思(603808.SH),1100,16313.00,14.83,215.88
,,,隆鑫通用(603766.SH),5500,18150.00,3.3,-1916.06
,,,永悦科技(603879.SH),1800,13266.00,7.37,329.19
,,,千金药业(600479.SH),2100,17157.00,8.17,-1489.39
2021-07-28,123467.16,29758.16,,,,,
,,,歌力思(603808.SH),1100,16302.00,14.82,204.88
,,,千金药业(600479.SH),2100,17115.00,8.15,-1531.39
,,,朗迪集团(603726.SH),1100,15609.00,14.19,-102.35
,,,奥康国际(603001.SH),1700,14025.00,8.25,-3354.89
,,,隆鑫通用(603766.SH),5500,18040.00,3.28,-2026.06
,,,永悦科技(603879.SH),1800,12618.00,7.01,-318.81
2021-07-27,126327.16,29758.16,,,,,
,,,奥康国际(603001.SH),1700,14807.00,8.71,-2572.89
,,,千金药业(600479.SH),2100,17388.00,8.28,-1258.39
,,,隆鑫通用(603766.SH),5500,18700.00,3.4,-1366.06
,,,永悦科技(603879.SH),1800,12564.00,6.98,-372.81
,,,歌力思(603808.SH),1100,16291.00,14.81,193.88
,,,朗迪集团(603726.SH),1100,16819.00,15.29,1107.65
2021-07-26,128700.16,29758.16,,,,,
,,,永悦科技(603879.SH),1800,12780.00,7.1,-156.81
,,,隆鑫通用(603766.SH),5500,18975.00,3.45,-1091.06
,,,朗迪集团(603726.SH),1100,16665.00,15.15,953.65
,,,奥康国际(603001.SH),1700,16456.00,9.68,-923.89
,,,千金药业(600479.SH),2100,17808.00,8.48,-838.39
,,,歌力思(603808.SH),1100,16258.00,14.78,160.88
2021-07-23,131573.16,29758.16,,,,,
,,,隆鑫通用(603766.SH),5500,19470.00,3.54,-596.06
,,,朗迪集团(603726.SH),1100,16588.00,15.08,876.65
,,,永悦科技(603879.SH),1800,13536.00,7.52,599.19
,,,歌力思(603808.SH),1100,16929.00,15.39,831.88
,,,千金药业(600479.SH),2100,18207.00,8.67,-439.39
,,,奥康国际(603001.SH),1700,17085.00,10.05,-294.89
2021-07-22,132702.16,29758.16,,,,,
,,,千金药业(600479.SH),2100,18354.00,8.74,-292.39
,,,隆鑫通用(603766.SH),5500,19415.00,3.53,-651.06
,,,歌力思(603808.SH),1100,17347.00,15.77,1249.88
,,,奥康国际(603001.SH),1700,16779.00,9.87,-600.89
,,,朗迪集团(603726.SH),1100,16973.00,15.43,1261.65
,,,永悦科技(603879.SH),1800,14076.00,7.82,1139.19
2021-07-21,133449.16,29758.16,,,,,
,,,朗迪集团(603726.SH),1100,16830.00,15.3,1118.65
,,,歌力思(603808.SH),1100,17534.00,15.94,1436.88
,,,隆鑫通用(603766.SH),5500,19745.00,3.59,-321.06
,,,永悦科技(603879.SH),1800,13752.00,7.64,815.19
,,,奥康国际(603001.SH),1700,17119.00,10.07,-260.89
,,,千金药业(600479.SH),2100,18711.00,8.91,64.61
2021-07-20,132552.16,29758.16,,,,,
,,,奥康国际(603001.SH),1700,16949.00,9.97,-430.89
,,,歌力思(603808.SH),1100,17545.00,15.95,1447.88
,,,隆鑫通用(603766.SH),5500,18810.00,3.42,-1256.06
,,,永悦科技(603879.SH),1800,14022.00,7.79,1085.19
,,,朗迪集团(603726.SH),1100,16841.00,15.31,1129.65
,,,千金药业(600479.SH),2100,18627.00,8.87,-19.39
2021-07-19,132826.16,29758.16,,,,,
,,,奥康国际(603001.SH),1700,16796.00,9.88,-583.89
,,,隆鑫通用(603766.SH),5500,18700.00,3.4,-1366.06
,,,永悦科技(603879.SH),1800,13842.00,7.69,905.19
,,,千金药业(600479.SH),2100,18816.00,8.96,169.61
,,,歌力思(603808.SH),1100,18172.00,16.52,2074.88
,,,朗迪集团(603726.SH),1100,16742.00,15.22,1030.65
2021-07-16,132461.16,29758.16,,,,,
,,,永悦科技(603879.SH),1800,14400.00,8,1463.19
,,,隆鑫通用(603766.SH),5500,18920.00,3.44,-1146.06
,,,歌力思(603808.SH),1100,18238.00,16.58,2140.88
,,,朗迪集团(603726.SH),1100,16214.00,14.74,502.65
,,,奥康国际(603001.SH),1700,16745.00,9.85,-634.89
,,,千金药业(600479.SH),2100,18186.00,8.66,-460.39
2021-07-15,133095.16,29758.16,,,,,
,,,隆鑫通用(603766.SH),5500,19140.00,3.48,-926.06
,,,奥康国际(603001.SH),1700,16864.00,9.92,-515.89
,,,朗迪集团(603726.SH),1100,16159.00,14.69,447.65
,,,永悦科技(603879.SH),1800,14544.00,8.08,1607.19
,,,歌力思(603808.SH),1100,18612.00,16.92,2514.88
,,,千金药业(600479.SH),2100,18018.00,8.58,-628.39
2021-07-14,133379.16,29758.16,,,,,
,,,朗迪集团(603726.SH),1100,15807.00,14.37,95.65
,,,千金药业(600479.SH),2100,17955.00,8.55,-691.39
,,,歌力思(603808.SH),1100,18678.00,16.98,2580.88
,,,隆鑫通用(603766.SH),5500,19580.00,3.56,-486.06
,,,奥康国际(603001.SH),1700,17255.00,10.15,-124.89
,,,永悦科技(603879.SH),1800,14346.00,7.97,1409.19
2021-07-13,134320.16,29758.16,,,,,
,,,歌力思(603808.SH),1100,18799.00,17.09,2701.88
,,,千金药业(600479.SH),2100,17850.00,8.5,-796.39
,,,隆鑫通用(603766.SH),5500,19745.00,3.59,-321.06
,,,永悦科技(603879.SH),1800,14760.00,8.2,1823.19
,,,奥康国际(603001.SH),1700,17612.00,10.36,232.11
,,,朗迪集团(603726.SH),1100,15796.00,14.36,84.65
2021-07-12,132547.16,29758.16,,,,,
,,,永悦科技(603879.SH),1800,14112.00,7.84,1175.19
,,,隆鑫通用(603766.SH),5500,19525.00,3.55,-541.06
,,,朗迪集团(603726.SH),1100,16049.00,14.59,337.65
,,,千金药业(600479.SH),2100,17871.00,8.51,-775.39
,,,奥康国际(603001.SH),1700,17170.00,10.1,-209.89
,,,歌力思(603808.SH),1100,18062.00,16.42,1964.88
2021-07-09,132978.16,29758.16,,,,,
,,,永悦科技(603879.SH),1800,14148.00,7.86,1211.19
,,,奥康国际(603001.SH),1700,17765.00,10.45,385.11
,,,朗迪集团(603726.SH),1100,15774.00,14.34,62.65
,,,歌力思(603808.SH),1100,17820.00,16.2,1722.88
,,,千金药业(600479.SH),2100,17913.00,8.53,-733.39
,,,隆鑫通用(603766.SH),5500,19800.00,3.6,-266.06
2021-07-08,130661.16,29758.16,,,,,
,,,永悦科技(603879.SH),1800,13626.00,7.57,689.19
,,,歌力思(603808.SH),1100,16786.00,15.26,688.88
,,,朗迪集团(603726.SH),1100,15653.00,14.23,-58.35
,,,隆鑫通用(603766.SH),5500,19690.00,3.58,-376.06
,,,千金药业(600479.SH),2100,17808.00,8.48,-838.39
,,,奥康国际(603001.SH),1700,17340.00,10.2,-39.89
2021-07-07,131543.16,29758.16,,,,,
,,,歌力思(603808.SH),1100,17105.00,15.55,1007.88
,,,永悦科技(603879.SH),1800,13446.00,7.47,509.19
,,,隆鑫通用(603766.SH),5500,19690.00,3.58,-376.06
,,,奥康国际(603001.SH),1700,17748.00,10.44,368.11
,,,千金药业(600479.SH),2100,18165.00,8.65,-481.39
,,,朗迪集团(603726.SH),1100,15631.00,14.21,-80.35
2021-07-06,129466.16,29758.16,,,,,
,,,朗迪集团(603726.SH),1100,15433.00,14.03,-278.35
,,,千金药业(600479.SH),2100,18291.00,8.71,-355.39
,,,永悦科技(603879.SH),1800,13320.00,7.4,383.19
,,,隆鑫通用(603766.SH),5500,19305.00,3.51,-761.06
,,,歌力思(603808.SH),1100,17226.00,15.66,1128.88
,,,奥康国际(603001.SH),1700,16133.00,9.49,-1246.89
2021-07-05,130466.16,29758.16,,,,,
,,,永悦科技(603879.SH),1800,13392.00,7.44,455.19
,,,千金药业(600479.SH),2100,18816.00,8.96,169.61
,,,奥康国际(603001.SH),1700,16371.00,9.63,-1008.89
,,,歌力思(603808.SH),1100,17237.00,15.67,1139.88
,,,隆鑫通用(603766.SH),5500,19470.00,3.54,-596.06
,,,朗迪集团(603726.SH),1100,15422.00,14.02,-289.35
2021-07-02,129631.16,29758.16,,,,,
,,,朗迪集团(603726.SH),1100,15268.00,13.88,-443.35
,,,永悦科技(603879.SH),1800,12600.00,7,-336.81
,,,奥康国际(603001.SH),1700,16269.00,9.57,-1110.89
,,,歌力思(603808.SH),1100,17237.00,15.67,1139.88
,,,隆鑫通用(603766.SH),5500,19305.00,3.51,-761.06
,,,千金药业(600479.SH),2100,19194.00,9.14,547.61
2021-07-01,131110.16,29758.16,,,,,
,,,千金药业(600479.SH),2100,19845.00,9.45,1198.61
,,,奥康国际(603001.SH),1700,16694.00,9.82,-685.89
,,,歌力思(603808.SH),1100,17655.00,16.05,1557.88
,,,隆鑫通用(603766.SH),5500,19360.00,3.52,-706.06
,,,朗迪集团(603726.SH),1100,15180.00,13.8,-531.35
,,,永悦科技(603879.SH),1800,12618.00,7.01,-318.81
2021-06-30,132187.76,35529.76,,,,,
,,,歌力思(603808.SH),1100,17380.00,15.8,1282.88
,,,安徽建工(600502.SH),4200,16296.00,3.88,128.96
,,,宁沪高速(600377.SH),1700,16592.00,9.76,-958.28
,,,银都股份(603277.SH),600,13950.00,23.25,2564.40
,,,千金药业(600479.SH),1600,14240.00,8.9,107.61
,,,江苏金租(600901.SH),3500,18200.00,5.2,-1655.57
2021-06-29,131623.76,35529.76,,,,,
,,,宁沪高速(600377.SH),1700,16575.00,9.75,-975.28
,,,安徽建工(600502.SH),4200,16338.00,3.89,170.96
,,,千金药业(600479.SH),1600,13552.00,8.47,-580.39
,,,银都股份(603277.SH),600,13728.00,22.88,2342.40
,,,江苏金租(600901.SH),3500,18235.00,5.21,-1620.57
,,,歌力思(603808.SH),1100,17666.00,16.06,1568.88
2021-06-28,132482.76,35229.76,,,,,
,,,千金药业(600479.SH),1600,13744.00,8.59,-388.39
,,,江苏金租(600901.SH),3500,18200.00,5.2,-1655.57
,,,宁沪高速(600377.SH),1700,16490.00,9.7,-1060.28
,,,安徽建工(600502.SH),4200,16590.00,3.95,422.96
,,,歌力思(603808.SH),1100,17457.00,15.87,1359.88
,,,银都股份(603277.SH),600,14772.00,24.62,3086.40
2021-06-25,131664.76,35229.76,,,,,
,,,安徽建工(600502.SH),4200,16422.00,3.91,254.96
,,,银都股份(603277.SH),600,13866.00,23.11,2180.40
,,,宁沪高速(600377.SH),1700,16796.00,9.88,-754.28
,,,江苏金租(600901.SH),3500,18445.00,5.27,-1410.57
,,,千金药业(600479.SH),1600,13680.00,8.55,-452.39
,,,歌力思(603808.SH),1100,17226.00,15.66,1128.88
2021-06-24,131658.76,33629.76,,,,,
,,,千金药业(600479.SH),1600,15728.00,9.83,-4.39
,,,银都股份(603277.SH),600,13800.00,23,2114.40
,,,安徽建工(600502.SH),4200,16296.00,3.88,128.96
,,,宁沪高速(600377.SH),1700,16779.00,9.87,-771.28
,,,歌力思(603808.SH),1100,17226.00,15.66,1128.88
,,,江苏金租(600901.SH),3500,18200.00,5.2,-1655.57
2021-06-23,132084.76,33629.76,,,,,
,,,宁沪高速(600377.SH),1700,17017.00,10.01,-533.28
,,,千金药业(600479.SH),1600,15616.00,9.76,-116.39
,,,安徽建工(600502.SH),4200,16086.00,3.83,-81.04
,,,银都股份(603277.SH),600,14310.00,23.85,2624.40
,,,歌力思(603808.SH),1100,17226.00,15.66,1128.88
,,,江苏金租(600901.SH),3500,18200.00,5.2,-1655.57
2021-06-22,131478.76,33629.76,,,,,
,,,银都股份(603277.SH),600,14070.00,23.45,2384.40
,,,千金药业(600479.SH),1600,15536.00,9.71,-196.39
,,,宁沪高速(600377.SH),1700,16830.00,9.9,-720.28
,,,江苏金租(600901.SH),3500,18165.00,5.19,-1690.57
,,,歌力思(603808.SH),1100,17204.00,15.64,1106.88
,,,安徽建工(600502.SH),4200,16044.00,3.82,-123.04
2021-06-21,130659.76,33629.76,,,,,
,,,千金药业(600479.SH),1600,15392.00,9.62,-340.39
,,,银都股份(603277.SH),600,13746.00,22.91,2060.40
,,,歌力思(603808.SH),1100,17391.00,15.81,1293.88
,,,江苏金租(600901.SH),3500,17990.00,5.14,-1865.57
,,,安徽建工(600502.SH),4200,15834.00,3.77,-333.04
,,,宁沪高速(600377.SH),1700,16677.00,9.81,-873.28
2021-06-18,131247.76,33629.76,,,,,
,,,歌力思(603808.SH),1100,17380.00,15.8,1282.88
,,,江苏金租(600901.SH),3500,18130.00,5.18,-1725.57
,,,银都股份(603277.SH),600,13836.00,23.06,2150.40
,,,宁沪高速(600377.SH),1700,17034.00,10.02,-516.28
,,,千金药业(600479.SH),1600,15152.00,9.47,-580.39
,,,安徽建工(600502.SH),4200,16086.00,3.83,-81.04
2021-06-17,131951.76,33629.76,,,,,
,,,歌力思(603808.SH),1100,17545.00,15.95,1447.88
,,,江苏金租(600901.SH),3500,18200.00,5.2,-1655.57
,,,宁沪高速(600377.SH),1700,17119.00,10.07,-431.28
,,,千金药业(600479.SH),1600,15392.00,9.62,-340.39
,,,安徽建工(600502.SH),4200,16212.00,3.86,44.96
,,,银都股份(603277.SH),600,13854.00,23.09,2168.40
2021-06-16,131308.76,33629.76,,,,,
,,,宁沪高速(600377.SH),1700,17238.00,10.14,-312.28
,,,江苏金租(600901.SH),3500,18305.00,5.23,-1550.57
,,,安徽建工(600502.SH),4200,16422.00,3.91,254.96
,,,歌力思(603808.SH),1100,17050.00,15.5,952.88
,,,千金药业(600479.SH),1600,15200.00,9.5,-532.39
,,,银都股份(603277.SH),600,13464.00,22.44,1778.40
2021-06-15,131813.76,33629.76,,,,,
,,,银都股份(603277.SH),600,13782.00,22.97,2096.40
,,,安徽建工(600502.SH),4200,16380.00,3.9,212.96
,,,宁沪高速(600377.SH),1700,17085.00,10.05,-465.28
,,,江苏金租(600901.SH),3500,18410.00,5.26,-1445.57
,,,歌力思(603808.SH),1100,17391.00,15.81,1293.88
,,,千金药业(600479.SH),1600,15136.00,9.46,-596.39
2021-06-11,133519.76,33629.76,,,,,
,,,歌力思(603808.SH),1100,17545.00,15.95,1447.88
,,,安徽建工(600502.SH),4200,16590.00,3.95,422.96
,,,宁沪高速(600377.SH),1700,17391.00,10.23,-159.28
,,,银都股份(603277.SH),600,14412.00,24.02,2726.40
,,,江苏金租(600901.SH),3500,18480.00,5.28,-1375.57
,,,千金药业(600479.SH),1600,15472.00,9.67,-260.39
2021-06-10,133242.76,33629.76,,,,,
,,,银都股份(603277.SH),600,14334.00,23.89,2648.40
,,,宁沪高速(600377.SH),1700,17034.00,10.02,-516.28
,,,歌力思(603808.SH),1100,17699.00,16.09,1601.88
,,,安徽建工(600502.SH),4200,16632.00,3.96,464.96
,,,江苏金租(600901.SH),3500,18410.00,5.26,-1445.57
,,,千金药业(600479.SH),1600,15504.00,9.69,-228.39
2021-06-09,133077.76,33629.76,,,,,
,,,千金药业(600479.SH),1600,15568.00,9.73,-164.39
,,,安徽建工(600502.SH),4200,16506.00,3.93,338.96
,,,江苏金租(600901.SH),3500,18480.00,5.28,-1375.57
,,,宁沪高速(600377.SH),1700,17068.00,10.04,-482.28
,,,银都股份(603277.SH),600,14226.00,23.71,2540.40
,,,歌力思(603808.SH),1100,17600.00,16,1502.88
2021-06-08,132823.76,33629.76,,,,,
,,,安徽建工(600502.SH),4200,16464.00,3.92,296.96
,,,银都股份(603277.SH),600,14184.00,23.64,2498.40
,,,歌力思(603808.SH),1100,17281.00,15.71,1183.88
,,,江苏金租(600901.SH),3500,18410.00,5.26,-1445.57
,,,宁沪高速(600377.SH),1700,17255.00,10.15,-295.28
,,,千金药业(600479.SH),1600,15600.00,9.75,-132.39
2021-06-07,133048.76,33629.76,,,,,
,,,歌力思(603808.SH),1100,17237.00,15.67,1139.88
,,,安徽建工(600502.SH),4200,16464.00,3.92,296.96
,,,银都股份(603277.SH),600,14586.00,24.31,2900.40
,,,千金药业(600479.SH),1600,15632.00,9.77,-100.39
,,,宁沪高速(600377.SH),1700,16915.00,9.95,-635.28
,,,江苏金租(600901.SH),3500,18585.00,5.31,-1270.57
2021-06-04,133658.76,33629.76,,,,,
,,,安徽建工(600502.SH),4200,16422.00,3.91,254.96
,,,宁沪高速(600377.SH),1700,16915.00,9.95,-635.28
,,,歌力思(603808.SH),1100,17545.00,15.95,1447.88
,,,银都股份(603277.SH),600,14064.00,23.44,2378.40
,,,千金药业(600479.SH),1600,15728.00,9.83,-4.39
,,,江苏金租(600901.SH),3500,19355.00,5.53,-500.57
2021-06-03,133164.76,33629.76,,,,,
,,,千金药业(600479.SH),1600,15664.00,9.79,-68.39
,,,歌力思(603808.SH),1100,17545.00,15.95,1447.88
,,,银都股份(603277.SH),600,13578.00,22.63,1892.40
,,,安徽建工(600502.SH),4200,16632.00,3.96,464.96
,,,江苏金租(600901.SH),3500,19320.00,5.52,-535.57
,,,宁沪高速(600377.SH),1700,16796.00,9.88,-754.28
2021-06-02,133307.76,33629.76,,,,,
,,,江苏金租(600901.SH),3500,19530.00,5.58,-325.57
,,,千金药业(600479.SH),1600,15536.00,9.71,-196.39
,,,宁沪高速(600377.SH),1700,16932.00,9.96,-618.28
,,,安徽建工(600502.SH),4200,16800.00,4,632.96
,,,歌力思(603808.SH),1100,17182.00,15.62,1084.88
,,,银都股份(603277.SH),600,13698.00,22.83,2012.40
2021-06-01,133582.76,33629.76,,,,,
,,,江苏金租(600901.SH),3500,19530.00,5.58,-325.57
,,,银都股份(603277.SH),600,13332.00,22.22,1646.40
,,,宁沪高速(600377.SH),1700,16915.00,9.95,-635.28
,,,千金药业(600479.SH),1600,15728.00,9.83,-4.39
,,,歌力思(603808.SH),1100,17732.00,16.12,1634.88
,,,安徽建工(600502.SH),4200,16716.00,3.98,548.96
2021-05-31,132956.07,29631.07,,,,,
,,,宁沪高速(600377.SH),1700,17085.00,10.05,-465.28
,,,安徽建工(600502.SH),4200,16800.00,4,632.96
,,,凤凰传媒(601928.SH),2800,21168.00,7.56,596.78
,,,华懋科技(603306.SH),600,17904.00,29.84,3710.68
,,,元祖股份(603886.SH),800,14408.00,18.01,285.22
,,,银都股份(603277.SH),700,15960.00,22.8,2326.80
2021-05-28,130192.07,29631.07,,,,,
,,,凤凰传媒(601928.SH),2800,20972.00,7.49,400.78
,,,元祖股份(603886.SH),800,14520.00,18.15,397.22
,,,银都股份(603277.SH),700,14952.00,21.36,1318.80
,,,安徽建工(600502.SH),4200,16758.00,3.99,590.96
,,,宁沪高速(600377.SH),1700,16949.00,9.97,-601.28
,,,华懋科技(603306.SH),600,16410.00,27.35,2216.68
2021-05-27,130918.07,28831.07,,,,,
,,,华懋科技(603306.SH),600,16200.00,27,2006.68
,,,宁沪高速(600377.SH),1700,16966.00,9.98,-584.28
,,,银都股份(603277.SH),700,15099.00,21.57,1465.80
,,,安徽建工(600502.SH),4200,16926.00,4.03,758.96
,,,凤凰传媒(601928.SH),2800,21224.00,7.58,652.78
,,,元祖股份(603886.SH),800,15672.00,19.59,749.22
2021-05-26,129994.07,28831.07,,,,,
,,,元祖股份(603886.SH),800,15768.00,19.71,845.22
,,,银都股份(603277.SH),700,15036.00,21.48,1402.80
,,,华懋科技(603306.SH),600,15270.00,25.45,1076.68
,,,安徽建工(600502.SH),4200,16968.00,4.04,800.96
,,,凤凰传媒(601928.SH),2800,21308.00,7.61,736.78
,,,宁沪高速(600377.SH),1700,16813.00,9.89,-737.28
2021-05-25,130147.07,28831.07,,,,,
,,,宁沪高速(600377.SH),1700,16915.00,9.95,-635.28
,,,元祖股份(603886.SH),800,15536.00,19.42,613.22
,,,华懋科技(603306.SH),600,15294.00,25.49,1100.68
,,,凤凰传媒(601928.SH),2800,21504.00,7.68,932.78
,,,安徽建工(600502.SH),4200,17052.00,4.06,884.96
,,,银都股份(603277.SH),700,15015.00,21.45,1381.80
2021-05-24,129985.07,28831.07,,,,,
,,,宁沪高速(600377.SH),1700,16830.00,9.9,-720.28
,,,元祖股份(603886.SH),800,15576.00,19.47,653.22
,,,安徽建工(600502.SH),4200,17052.00,4.06,884.96
,,,凤凰传媒(601928.SH),2800,21280.00,7.6,708.78
,,,银都股份(603277.SH),700,15092.00,21.56,1458.80
,,,华懋科技(603306.SH),600,15324.00,25.54,1130.68
2021-05-21,129922.07,28831.07,,,,,
,,,银都股份(603277.SH),700,15736.00,22.48,2102.80
,,,凤凰传媒(601928.SH),2800,21672.00,7.74,1100.78
,,,元祖股份(603886.SH),800,15048.00,18.81,125.22
,,,宁沪高速(600377.SH),1700,16949.00,9.97,-601.28
,,,华懋科技(603306.SH),600,15138.00,25.23,944.68
,,,安徽建工(600502.SH),4200,16548.00,3.94,380.96
2021-05-20,130524.07,28831.07,,,,,
,,,宁沪高速(600377.SH),1700,17017.00,10.01,-533.28
,,,银都股份(603277.SH),700,15890.00,22.7,2256.80
,,,元祖股份(603886.SH),800,15072.00,18.84,149.22
,,,安徽建工(600502.SH),4200,16968.00,4.04,800.96
,,,华懋科技(603306.SH),600,15102.00,25.17,908.68
,,,凤凰传媒(601928.SH),2800,21644.00,7.73,1072.78
2021-05-19,131387.07,28831.07,,,,,
,,,银都股份(603277.SH),700,16310.00,23.3,2676.80
,,,凤凰传媒(601928.SH),2800,21700.00,7.75,1128.78
,,,元祖股份(603886.SH),800,15192.00,18.99,269.22
,,,宁沪高速(600377.SH),1700,17068.00,10.04,-482.28
,,,华懋科技(603306.SH),600,15234.00,25.39,1040.68
,,,安徽建工(600502.SH),4200,17052.00,4.06,884.96
2021-05-18,129678.07,28831.07,,,,,
,,,华懋科技(603306.SH),600,13944.00,23.24,-249.32
,,,安徽建工(600502.SH),4200,17052.00,4.06,884.96
,,,宁沪高速(600377.SH),1700,17153.00,10.09,-397.28
,,,元祖股份(603886.SH),800,15192.00,18.99,269.22
,,,银都股份(603277.SH),700,15386.00,21.98,1752.80
,,,凤凰传媒(601928.SH),2800,22120.00,7.9,1548.78
2021-05-17,129489.07,27991.07,,,,,
,,,安徽建工(600502.SH),4200,17556.00,4.18,548.96
,,,元祖股份(603886.SH),800,15448.00,19.31,525.22
,,,宁沪高速(600377.SH),1700,17357.00,10.21,-193.28
,,,银都股份(603277.SH),700,15519.00,22.17,1885.80
,,,凤凰传媒(601928.SH),2800,21560.00,7.7,988.78
,,,华懋科技(603306.SH),600,14058.00,23.43,-135.32
2021-05-14,129965.07,27991.07,,,,,
,,,银都股份(603277.SH),700,15652.00,22.36,2018.80
,,,凤凰传媒(601928.SH),2800,21728.00,7.76,1156.78
,,,安徽建工(600502.SH),4200,17514.00,4.17,506.96
,,,元祖股份(603886.SH),800,15312.00,19.14,389.22
,,,华懋科技(603306.SH),600,14190.00,23.65,-3.32
,,,宁沪高速(600377.SH),1700,17578.00,10.34,27.72
2021-05-13,128651.07,27991.07,,,,,
,,,华懋科技(603306.SH),600,14274.00,23.79,80.68
,,,银都股份(603277.SH),700,14924.00,21.32,1290.80
,,,宁沪高速(600377.SH),1700,17680.00,10.4,129.72
,,,安徽建工(600502.SH),4200,17346.00,4.13,338.96
,,,元祖股份(603886.SH),800,14680.00,18.35,-242.78
,,,凤凰传媒(601928.SH),2800,21756.00,7.77,1184.78
2021-05-12,129397.07,27991.07,,,,,
,,,安徽建工(600502.SH),4200,17472.00,4.16,464.96
,,,宁沪高速(600377.SH),1700,17578.00,10.34,27.72
,,,凤凰传媒(601928.SH),2800,21896.00,7.82,1324.78
,,,元祖股份(603886.SH),800,14832.00,18.54,-90.78
,,,华懋科技(603306.SH),600,14256.00,23.76,62.68
,,,银都股份(603277.SH),700,15372.00,21.96,1738.80
2021-05-11,129676.07,27991.07,,,,,
,,,安徽建工(600502.SH),4200,17220.00,4.1,212.96
,,,宁沪高速(600377.SH),1700,17901.00,10.53,350.72
,,,银都股份(603277.SH),700,15708.00,22.44,2074.80
,,,元祖股份(603886.SH),800,14744.00,18.43,-178.78
,,,华懋科技(603306.SH),600,14160.00,23.6,-33.32
,,,凤凰传媒(601928.SH),2800,21952.00,7.84,1380.78
2021-05-10,127172.07,27991.07,,,,,
,,,凤凰传媒(601928.SH),2800,20720.00,7.4,148.78
,,,元祖股份(603886.SH),800,14576.00,18.22,-346.78
,,,安徽建工(600502.SH),4200,17052.00,4.06,44.96
,,,银都股份(603277.SH),700,15260.00,21.8,1626.80
,,,宁沪高速(600377.SH),1700,17425.00,10.25,-125.28
,,,华懋科技(603306.SH),600,14148.00,23.58,-45.32
2021-05-07,127127.07,27991.07,,,,,
,,,银都股份(603277.SH),700,14336.00,20.48,702.80
,,,元祖股份(603886.SH),800,14640.00,18.3,-282.78
,,,凤凰传媒(601928.SH),2800,21196.00,7.57,624.78
,,,安徽建工(600502.SH),4200,17094.00,4.07,86.96
,,,华懋科技(603306.SH),600,14190.00,23.65,-3.32
,,,宁沪高速(600377.SH),1700,17680.00,10.4,129.72
2021-05-06,126317.07,27991.07,,,,,
,,,安徽建工(600502.SH),4200,17010.00,4.05,2.96
,,,宁沪高速(600377.SH),1700,17663.00,10.39,112.72
,,,元祖股份(603886.SH),800,14640.00,18.3,-282.78
,,,凤凰传媒(601928.SH),2800,20860.00,7.45,288.78
,,,银都股份(603277.SH),700,13993.00,19.99,359.80
,,,华懋科技(603306.SH),600,14160.00,23.6,-33.32
2021-04-30,125927.94,30714.94,,,,,
,,,济川药业(600566.SH),600,11568.00,19.28,-604.04
,,,南京高科(600064.SH),1700,16490.00,9.7,-871.93
,,,华发股份(600325.SH),3000,18870.00,6.29,317.42
,,,隧道股份(600820.SH),3100,16337.00,5.27,272.95
,,,江苏金租(600901.SH),2900,17052.00,5.88,396.77
,,,唐山港(601000.SH),5600,14896.00,2.66,1480.23
2021-04-29,127330.94,30714.94,,,,,
,,,南京高科(600064.SH),1700,16660.00,9.8,-701.93
,,,隧道股份(600820.SH),3100,16957.00,5.47,892.95
,,,华发股份(600325.SH),3000,19590.00,6.53,1037.42
,,,济川药业(600566.SH),600,11604.00,19.34,-568.04
,,,唐山港(601000.SH),5600,14840.00,2.65,1424.23
,,,江苏金租(600901.SH),2900,16965.00,5.85,309.77
2021-04-28,127066.94,30714.94,,,,,
,,,隧道股份(600820.SH),3100,16864.00,5.44,799.95
,,,江苏金租(600901.SH),2900,16878.00,5.82,222.77
,,,济川药业(600566.SH),600,11730.00,19.55,-442.04
,,,华发股份(600325.SH),3000,19440.00,6.48,887.42
,,,唐山港(601000.SH),5600,15120.00,2.7,1704.23
,,,南京高科(600064.SH),1700,16320.00,9.6,-1041.93
2021-04-27,126130.94,30714.94,,,,,
,,,隧道股份(600820.SH),3100,16554.00,5.34,489.95
,,,江苏金租(600901.SH),2900,16704.00,5.76,48.77
,,,华发股份(600325.SH),3000,19200.00,6.4,647.42
,,,南京高科(600064.SH),1700,16252.00,9.56,-1109.93
,,,唐山港(601000.SH),5600,15120.00,2.7,1704.23
,,,济川药业(600566.SH),600,11586.00,19.31,-586.04
2021-04-26,125911.94,30714.94,,,,,
,,,华发股份(600325.SH),3000,19410.00,6.47,857.42
,,,济川药业(600566.SH),600,11436.00,19.06,-736.04
,,,唐山港(601000.SH),5600,14896.00,2.66,1480.23
,,,隧道股份(600820.SH),3100,16740.00,5.4,675.95
,,,江苏金租(600901.SH),2900,16327.00,5.63,-328.23
,,,南京高科(600064.SH),1700,16388.00,9.64,-973.93
2021-04-23,126055.94,30714.94,,,,,
,,,南京高科(600064.SH),1700,16303.00,9.59,-1058.93
,,,济川药业(600566.SH),600,11646.00,19.41,-526.04
,,,隧道股份(600820.SH),3100,16833.00,5.43,768.95
,,,华发股份(600325.SH),3000,19050.00,6.35,497.42
,,,唐山港(601000.SH),5600,15008.00,2.68,1592.23
,,,江苏金租(600901.SH),2900,16501.00,5.69,-154.23
2021-04-22,126524.94,30714.94,,,,,
,,,隧道股份(600820.SH),3100,16802.00,5.42,737.95
,,,华发股份(600325.SH),3000,19350.00,6.45,797.42
,,,济川药业(600566.SH),600,11742.00,19.57,-430.04
,,,唐山港(601000.SH),5600,14896.00,2.66,1480.23
,,,南京高科(600064.SH),1700,16490.00,9.7,-871.93
,,,江苏金租(600901.SH),2900,16530.00,5.7,-125.23
2021-04-21,126434.94,30714.94,,,,,
,,,唐山港(601000.SH),5600,14952.00,2.67,1536.23
,,,济川药业(600566.SH),600,11604.00,19.34,-568.04
,,,隧道股份(600820.SH),3100,16492.00,5.32,427.95
,,,江苏金租(600901.SH),2900,16443.00,5.67,-212.23
,,,南京高科(600064.SH),1700,16609.00,9.77,-752.93
,,,华发股份(600325.SH),3000,19620.00,6.54,1067.42
2021-04-20,125944.94,30714.94,,,,,
,,,南京高科(600064.SH),1700,16779.00,9.87,-582.93
,,,唐山港(601000.SH),5600,14840.00,2.65,1424.23
,,,江苏金租(600901.SH),2900,16385.00,5.65,-270.23
,,,济川药业(600566.SH),600,11562.00,19.27,-610.04
,,,隧道股份(600820.SH),3100,16554.00,5.34,489.95
,,,华发股份(600325.SH),3000,19110.00,6.37,557.42
2021-04-19,126596.94,30714.94,,,,,
,,,隧道股份(600820.SH),3100,16585.00,5.35,520.95
,,,济川药业(600566.SH),600,11610.00,19.35,-562.04
,,,南京高科(600064.SH),1700,16864.00,9.92,-497.93
,,,唐山港(601000.SH),5600,15064.00,2.69,1648.23
,,,华发股份(600325.SH),3000,19200.00,6.4,647.42
,,,江苏金租(600901.SH),2900,16559.00,5.71,-96.23
2021-04-16,126920.94,30714.94,,,,,
,,,唐山港(601000.SH),5600,15008.00,2.68,1592.23
,,,济川药业(600566.SH),600,11844.00,19.74,-328.04
,,,华发股份(600325.SH),3000,19260.00,6.42,707.42
,,,隧道股份(600820.SH),3100,16647.00,5.37,582.95
,,,南京高科(600064.SH),1700,16830.00,9.9,-531.93
,,,江苏金租(600901.SH),2900,16617.00,5.73,-38.23
2021-04-15,125534.94,30714.94,,,,,
,,,济川药业(600566.SH),600,11532.00,19.22,-640.04
,,,江苏金租(600901.SH),2900,16501.00,5.69,-154.23
,,,隧道股份(600820.SH),3100,16523.00,5.33,458.95
,,,华发股份(600325.SH),3000,18810.00,6.27,257.42
,,,唐山港(601000.SH),5600,14896.00,2.66,1480.23
,,,南京高科(600064.SH),1700,16558.00,9.74,-803.93
2021-04-14,125031.94,30714.94,,,,,
,,,济川药业(600566.SH),600,11562.00,19.27,-610.04
,,,江苏金租(600901.SH),2900,16385.00,5.65,-270.23
,,,华发股份(600325.SH),3000,18480.00,6.16,-72.58
,,,南京高科(600064.SH),1700,16558.00,9.74,-803.93
,,,隧道股份(600820.SH),3100,16492.00,5.32,427.95
,,,唐山港(601000.SH),5600,14840.00,2.65,1424.23
2021-04-13,124898.94,30714.94,,,,,
,,,济川药业(600566.SH),600,11562.00,19.27,-610.04
,,,唐山港(601000.SH),5600,14896.00,2.66,1480.23
,,,华发股份(600325.SH),3000,18420.00,6.14,-132.58
,,,南京高科(600064.SH),1700,16626.00,9.78,-735.93
,,,隧道股份(600820.SH),3100,16585.00,5.35,520.95
,,,江苏金租(600901.SH),2900,16095.00,5.55,-560.23
2021-04-12,125748.94,30714.94,,,,,
,,,唐山港(601000.SH),5600,15064.00,2.69,1648.23
,,,济川药业(600566.SH),600,11682.00,19.47,-490.04
,,,隧道股份(600820.SH),3100,16647.00,5.37,582.95
,,,江苏金租(600901.SH),2900,16385.00,5.65,-270.23
,,,南京高科(600064.SH),1700,16626.00,9.78,-735.93
,,,华发股份(600325.SH),3000,18630.00,6.21,77.42
2021-04-09,126162.94,30714.94,,,,,
,,,华发股份(600325.SH),3000,18660.00,6.22,107.42
,,,济川药业(600566.SH),600,11964.00,19.94,-208.04
,,,隧道股份(600820.SH),3100,16616.00,5.36,551.95
,,,唐山港(601000.SH),5600,14896.00,2.66,1480.23
,,,江苏金租(600901.SH),2900,16414.00,5.66,-241.23
,,,南京高科(600064.SH),1700,16898.00,9.94,-463.93
2021-04-08,125959.94,30714.94,,,,,
,,,隧道股份(600820.SH),3100,16616.00,5.36,551.95
,,,江苏金租(600901.SH),2900,16414.00,5.66,-241.23
,,,济川药业(600566.SH),600,11976.00,19.96,-196.04
,,,唐山港(601000.SH),5600,14840.00,2.65,1424.23
,,,南京高科(600064.SH),1700,16949.00,9.97,-412.93
,,,华发股份(600325.SH),3000,18450.00,6.15,-102.58
2021-04-07,126612.94,30714.94,,,,,
,,,南京高科(600064.SH),1700,17085.00,10.05,-276.93
,,,唐山港(601000.SH),5600,15008.00,2.68,1592.23
,,,隧道股份(600820.SH),3100,16802.00,5.42,737.95
,,,江苏金租(600901.SH),2900,16385.00,5.65,-270.23
,,,华发股份(600325.SH),3000,18660.00,6.22,107.42
,,,济川药业(600566.SH),600,11958.00,19.93,-214.04
2021-04-06,125972.94,30714.94,,,,,
,,,江苏金租(600901.SH),2900,16385.00,5.65,-270.23
,,,南京高科(600064.SH),1700,17034.00,10.02,-327.93
,,,唐山港(601000.SH),5600,14672.00,2.62,1256.23
,,,华发股份(600325.SH),3000,18390.00,6.13,-162.58
,,,济川药业(600566.SH),600,12006.00,20.01,-166.04
,,,隧道股份(600820.SH),3100,16771.00,5.41,706.95
2021-04-02,126532.94,30714.94,,,,,
,,,南京高科(600064.SH),1700,17034.00,10.02,-327.93
,,,唐山港(601000.SH),5600,14840.00,2.65,1424.23
,,,华发股份(600325.SH),3000,18480.00,6.16,-72.58
,,,隧道股份(600820.SH),3100,16895.00,5.45,830.95
,,,江苏金租(600901.SH),2900,16443.00,5.67,-212.23
,,,济川药业(600566.SH),600,12126.00,20.21,-46.04
2021-04-01,127305.94,30714.94,,,,,
,,,隧道股份(600820.SH),3100,17019.00,5.49,954.95
,,,华发股份(600325.SH),3000,18450.00,6.15,-102.58
,,,南京高科(600064.SH),1700,17119.00,10.07,-242.93
,,,唐山港(601000.SH),5600,15232.00,2.72,1816.23
,,,济川药业(600566.SH),600,12096.00,20.16,-76.04
,,,江苏金租(600901.SH),2900,16675.00,5.75,19.77
2021-03-31,127488.56,19508.56,,,,,
,,,南京高科(600064.SH),1400,14098.00,10.07,-228.88
,,,天地科技(600582.SH),3800,12768.00,3.36,275.33
,,,新兴铸管(000778.SZ),4300,17286.00,4.02,1726.95
,,,济川药业(600566.SH),600,11982.00,19.97,-190.04
,,,马钢股份(600808.SH),6100,19520.00,3.2,2645.27
,,,隧道股份(600820.SH),3100,16926.00,5.46,861.95
,,,唐山港(601000.SH),5600,15400.00,2.75,1984.23
2021-03-30,125687.56,19508.56,,,,,
,,,马钢股份(600808.SH),6100,19703.00,3.23,2828.27
,,,济川药业(600566.SH),600,12060.00,20.1,-112.04
,,,隧道股份(600820.SH),3100,16616.00,5.36,551.95
,,,新兴铸管(000778.SZ),4300,17028.00,3.96,1468.95
,,,天地科技(600582.SH),3800,12730.00,3.35,237.33
,,,南京高科(600064.SH),1400,14042.00,10.03,-284.88
,,,唐山港(601000.SH),5600,14000.00,2.5,584.23
2021-03-29,125207.56,19508.56,,,,,
,,,济川药业(600566.SH),600,12066.00,20.11,-106.04
,,,新兴铸管(000778.SZ),4300,17071.00,3.97,1511.95
,,,唐山港(601000.SH),5600,14056.00,2.51,640.23
,,,隧道股份(600820.SH),3100,16771.00,5.41,706.95
,,,南京高科(600064.SH),1400,14042.00,10.03,-284.88
,,,马钢股份(600808.SH),6100,18849.00,3.09,1974.27
,,,天地科技(600582.SH),3800,12844.00,3.38,351.33
2021-03-26,124610.56,19508.56,,,,,
,,,隧道股份(600820.SH),3100,16771.00,5.41,706.95
,,,天地科技(600582.SH),3800,12920.00,3.4,427.33
,,,新兴铸管(000778.SZ),4300,16856.00,3.92,1296.95
,,,南京高科(600064.SH),1400,14000.00,10,-326.88
,,,唐山港(601000.SH),5600,14056.00,2.51,640.23
,,,济川药业(600566.SH),600,12138.00,20.23,-34.04
,,,马钢股份(600808.SH),6100,18361.00,3.01,1486.27
2021-03-25,123324.56,19508.56,,,,,
,,,天地科技(600582.SH),3800,12768.00,3.36,275.33
,,,南京高科(600064.SH),1400,13930.00,9.95,-396.88
,,,马钢股份(600808.SH),6100,17629.00,2.89,754.27
,,,新兴铸管(000778.SZ),4300,16813.00,3.91,1253.95
,,,济川药业(600566.SH),600,12054.00,20.09,-118.04
,,,隧道股份(600820.SH),3100,16678.00,5.38,613.95
,,,唐山港(601000.SH),5600,13944.00,2.49,528.23
2021-03-24,123953.56,19508.56,,,,,
,,,新兴铸管(000778.SZ),4300,16813.00,3.91,1253.95
,,,唐山港(601000.SH),5600,14000.00,2.5,584.23
,,,马钢股份(600808.SH),6100,17812.00,2.92,937.27
,,,南京高科(600064.SH),1400,14014.00,10.01,-312.88
,,,天地科技(600582.SH),3800,12882.00,3.39,389.33
,,,济川药业(600566.SH),600,12060.00,20.1,-112.04
,,,隧道股份(600820.SH),3100,16864.00,5.44,799.95
2021-03-23,125474.56,19508.56,,,,,
,,,马钢股份(600808.SH),6100,18361.00,3.01,1486.27
,,,济川药业(600566.SH),600,12174.00,20.29,1.96
,,,唐山港(601000.SH),5600,14112.00,2.52,696.23
,,,南京高科(600064.SH),1400,14182.00,10.13,-144.88
,,,新兴铸管(000778.SZ),4300,17028.00,3.96,1468.95
,,,天地科技(600582.SH),3800,13338.00,3.51,845.33
,,,隧道股份(600820.SH),3100,16771.00,5.41,706.95
2021-03-22,126781.56,19508.56,,,,,
,,,新兴铸管(000778.SZ),4300,17544.00,4.08,1984.95
,,,济川药业(600566.SH),600,12348.00,20.58,175.96
,,,天地科技(600582.SH),3800,13414.00,3.53,921.33
,,,隧道股份(600820.SH),3100,16802.00,5.42,737.95
,,,马钢股份(600808.SH),6100,18605.00,3.05,1730.27
,,,南京高科(600064.SH),1400,14280.00,10.2,-46.88
,,,唐山港(601000.SH),5600,14280.00,2.55,864.23
2021-03-19,125154.56,19508.56,,,,,
,,,南京高科(600064.SH),1400,14154.00,10.11,-172.88
,,,隧道股份(600820.SH),3100,16554.00,5.34,489.95
,,,济川药业(600566.SH),600,12336.00,20.56,163.96
,,,新兴铸管(000778.SZ),4300,17544.00,4.08,1984.95
,,,马钢股份(600808.SH),6100,18422.00,3.02,1547.27
,,,天地科技(600582.SH),3800,12692.00,3.34,199.33
,,,唐山港(601000.SH),5600,13944.00,2.49,528.23
2021-03-18,125274.56,19508.56,,,,,
,,,南京高科(600064.SH),1400,14280.00,10.2,-46.88
,,,济川药业(600566.SH),600,12438.00,20.73,265.96
,,,隧道股份(600820.SH),3100,16585.00,5.35,520.95
,,,新兴铸管(000778.SZ),4300,17458.00,4.06,1898.95
,,,天地科技(600582.SH),3800,12654.00,3.33,161.33
,,,马钢股份(600808.SH),6100,18239.00,2.99,1364.27
,,,唐山港(601000.SH),5600,14112.00,2.52,696.23
2021-03-17,125676.56,19508.56,,,,,
,,,天地科技(600582.SH),3800,12768.00,3.36,275.33
,,,马钢股份(600808.SH),6100,18239.00,2.99,1364.27
,,,唐山港(601000.SH),5600,14112.00,2.52,696.23
,,,隧道股份(600820.SH),3100,16585.00,5.35,520.95
,,,新兴铸管(000778.SZ),4300,17544.00,4.08,1984.95
,,,南京高科(600064.SH),1400,14392.00,10.28,65.12
,,,济川药业(600566.SH),600,12528.00,20.88,355.96
2021-03-16,126832.56,19508.56,,,,,
,,,隧道股份(600820.SH),3100,16678.00,5.38,613.95
,,,马钢股份(600808.SH),6100,18544.00,3.04,1669.27
,,,天地科技(600582.SH),3800,12996.00,3.42,503.33
,,,济川药业(600566.SH),600,12390.00,20.65,217.96
,,,南京高科(600064.SH),1400,14518.00,10.37,191.12
,,,唐山港(601000.SH),5600,14224.00,2.54,808.23
,,,新兴铸管(000778.SZ),4300,17974.00,4.18,2414.95
2021-03-15,126686.56,19508.56,,,,,
,,,隧道股份(600820.SH),3100,16647.00,5.37,582.95
,,,唐山港(601000.SH),5600,14280.00,2.55,864.23
,,,新兴铸管(000778.SZ),4300,18017.00,4.19,2457.95
,,,南京高科(600064.SH),1400,14350.00,10.25,23.12
,,,天地科技(600582.SH),3800,12996.00,3.42,503.33
,,,马钢股份(600808.SH),6100,18666.00,3.06,1791.27
,,,济川药业(600566.SH),600,12222.00,20.37,49.96
2021-03-12,125327.56,19508.56,,,,,
,,,马钢股份(600808.SH),6100,18300.00,3,1425.27
,,,隧道股份(600820.SH),3100,16492.00,5.32,427.95
,,,南京高科(600064.SH),1400,14350.00,10.25,23.12
,,,济川药业(600566.SH),600,12132.00,20.22,-40.04
,,,新兴铸管(000778.SZ),4300,17759.00,4.13,2199.95
,,,天地科技(600582.SH),3800,12730.00,3.35,237.33
,,,唐山港(601000.SH),5600,14056.00,2.51,640.23
2021-03-11,125077.56,19508.56,,,,,
,,,天地科技(600582.SH),3800,12692.00,3.34,199.33
,,,隧道股份(600820.SH),3100,16368.00,5.28,303.95
,,,唐山港(601000.SH),5600,13888.00,2.48,472.23
,,,马钢股份(600808.SH),6100,18300.00,3,1425.27
,,,新兴铸管(000778.SZ),4300,17931.00,4.17,2371.95
,,,南京高科(600064.SH),1400,14210.00,10.15,-116.88
,,,济川药业(600566.SH),600,12180.00,20.3,7.96
2021-03-10,123224.56,19508.56,,,,,
,,,马钢股份(600808.SH),6100,17446.00,2.86,571.27
,,,天地科技(600582.SH),3800,12616.00,3.32,123.33
,,,新兴铸管(000778.SZ),4300,17716.00,4.12,2156.95
,,,唐山港(601000.SH),5600,13664.00,2.44,248.23
,,,济川药业(600566.SH),600,12030.00,20.05,-142.04
,,,隧道股份(600820.SH),3100,16244.00,5.24,179.95
,,,南京高科(600064.SH),1400,14000.00,10,-326.88
2021-03-09,126134.56,19508.56,,,,,
,,,新兴铸管(000778.SZ),4300,18404.00,4.28,2844.95
,,,唐山港(601000.SH),5600,14000.00,2.5,584.23
,,,天地科技(600582.SH),3800,13186.00,3.47,693.33
,,,隧道股份(600820.SH),3100,16616.00,5.36,551.95
,,,马钢股份(600808.SH),6100,18056.00,2.96,1181.27
,,,南京高科(600064.SH),1400,14070.00,10.05,-256.88
,,,济川药业(600566.SH),600,12294.00,20.49,121.96
2021-03-08,123558.56,19508.56,,,,,
,,,唐山港(601000.SH),5600,13944.00,2.49,528.23
,,,新兴铸管(000778.SZ),4300,16727.00,3.89,1167.95
,,,南京高科(600064.SH),1400,14238.00,10.17,-88.88
,,,济川药业(600566.SH),600,12444.00,20.74,271.96
,,,天地科技(600582.SH),3800,12730.00,3.35,237.33
,,,隧道股份(600820.SH),3100,16399.00,5.29,334.95
,,,马钢股份(600808.SH),6100,17568.00,2.88,693.27
2021-03-05,123270.56,19508.56,,,,,
,,,天地科技(600582.SH),3800,12692.00,3.34,199.33
,,,济川药业(600566.SH),600,12540.00,20.9,367.96
,,,新兴铸管(000778.SZ),4300,16555.00,3.85,995.95
,,,马钢股份(600808.SH),6100,17385.00,2.85,510.27
,,,唐山港(601000.SH),5600,13832.00,2.47,416.23
,,,隧道股份(600820.SH),3100,16492.00,5.32,427.95
,,,南京高科(600064.SH),1400,14266.00,10.19,-60.88
2021-03-04,123737.56,19508.56,,,,,
,,,南京高科(600064.SH),1400,14280.00,10.2,-46.88
,,,唐山港(601000.SH),5600,13664.00,2.44,248.23
,,,新兴铸管(000778.SZ),4300,16684.00,3.88,1124.95
,,,马钢股份(600808.SH),6100,17995.00,2.95,1120.27
,,,隧道股份(600820.SH),3100,16430.00,5.3,365.95
,,,济川药业(600566.SH),600,12294.00,20.49,121.96
,,,天地科技(600582.SH),3800,12882.00,3.39,389.33
2021-03-03,123145.56,19508.56,,,,,
,,,天地科技(600582.SH),3800,12502.00,3.29,9.33
,,,南京高科(600064.SH),1400,14350.00,10.25,23.12
,,,济川药业(600566.SH),600,12252.00,20.42,79.96
,,,新兴铸管(000778.SZ),4300,16684.00,3.88,1124.95
,,,隧道股份(600820.SH),3100,16368.00,5.28,303.95
,,,唐山港(601000.SH),5600,13608.00,2.43,192.23
,,,马钢股份(600808.SH),6100,17873.00,2.93,998.27
2021-03-02,120463.56,19508.56,,,,,
,,,济川药业(600566.SH),600,12282.00,20.47,109.96
,,,马钢股份(600808.SH),6100,17019.00,2.79,144.27
,,,隧道股份(600820.SH),3100,16306.00,5.26,241.95
,,,新兴铸管(000778.SZ),4300,16082.00,3.74,522.95
,,,唐山港(601000.SH),5600,13440.00,2.4,24.23
,,,南京高科(600064.SH),1400,13818.00,9.87,-508.88
,,,天地科技(600582.SH),3800,12008.00,3.16,-484.67
2021-03-01,121343.56,19508.56,,,,,
,,,天地科技(600582.SH),3800,12122.00,3.19,-370.67
,,,新兴铸管(000778.SZ),4300,16211.00,3.77,651.95
,,,济川药业(600566.SH),600,12168.00,20.28,-4.04
,,,南京高科(600064.SH),1400,14028.00,10.02,-298.88
,,,隧道股份(600820.SH),3100,16430.00,5.3,365.95
,,,唐山港(601000.SH),5600,13552.00,2.42,136.23
,,,马钢股份(600808.SH),6100,17324.00,2.84,449.27
2021-02-26,120199.52,23686.52,,,,,
,,,隧道股份(600820.SH),3100,16492.00,5.32,427.95
,,,天地科技(600582.SH),5300,16748.00,3.16,-675.99
,,,唐山港(601000.SH),5600,13440.00,2.4,24.23
,,,南京高科(600064.SH),1800,18000.00,10,-420.28
,,,新兴铸管(000778.SZ),4300,15953.00,3.71,393.95
,,,济川药业(600566.SH),800,15880.00,19.85,-349.38
2021-02-25,121094.52,23686.52,,,,,
,,,隧道股份(600820.SH),3100,16430.00,5.3,365.95
,,,唐山港(601000.SH),5600,13552.00,2.42,136.23
,,,新兴铸管(000778.SZ),4300,16340.00,3.8,780.95
,,,济川药业(600566.SH),800,15960.00,19.95,-269.38
,,,南京高科(600064.SH),1800,18378.00,10.21,-42.28
,,,天地科技(600582.SH),5300,16748.00,3.16,-675.99
2021-02-24,120564.52,23686.52,,,,,
,,,隧道股份(600820.SH),3100,16430.00,5.3,365.95
,,,南京高科(600064.SH),1800,17856.00,9.92,-564.28
,,,唐山港(601000.SH),5600,13552.00,2.42,136.23
,,,天地科技(600582.SH),5300,16748.00,3.16,-675.99
,,,新兴铸管(000778.SZ),4300,16340.00,3.8,780.95
,,,济川药业(600566.SH),800,15952.00,19.94,-277.38
2021-02-23,121026.52,23686.52,,,,,
,,,唐山港(601000.SH),5600,13664.00,2.44,248.23
,,,南京高科(600064.SH),1800,18054.00,10.03,-366.28
,,,新兴铸管(000778.SZ),4300,16426.00,3.82,866.95
,,,天地科技(600582.SH),5300,16801.00,3.17,-622.99
,,,隧道股份(600820.SH),3100,16275.00,5.25,210.95
,,,济川药业(600566.SH),800,16120.00,20.15,-109.38
2021-02-22,120954.52,23686.52,,,,,
,,,隧道股份(600820.SH),3100,16275.00,5.25,210.95
,,,新兴铸管(000778.SZ),4300,16383.00,3.81,823.95
,,,济川药业(600566.SH),800,16240.00,20.3,10.62
,,,天地科技(600582.SH),5300,16748.00,3.16,-675.99
,,,唐山港(601000.SH),5600,13496.00,2.41,80.23
,,,南京高科(600064.SH),1800,18126.00,10.07,-294.28
2021-02-19,120158.52,23686.52,,,,,
,,,隧道股份(600820.SH),3100,16213.00,5.23,148.95
,,,南京高科(600064.SH),1800,18036.00,10.02,-384.28
,,,唐山港(601000.SH),5600,13440.00,2.4,24.23
,,,济川药业(600566.SH),800,16072.00,20.09,-157.38
,,,新兴铸管(000778.SZ),4300,15910.00,3.7,350.95
,,,天地科技(600582.SH),5300,16801.00,3.17,-622.99
2021-02-18,118221.52,23686.52,,,,,
,,,新兴铸管(000778.SZ),4300,15609.00,3.63,49.95
,,,唐山港(601000.SH),5600,13160.00,2.35,-255.77
,,,济川药业(600566.SH),800,15944.00,19.93,-285.38
,,,南京高科(600064.SH),1800,17604.00,9.78,-816.28
,,,隧道股份(600820.SH),3100,15841.00,5.11,-223.05
,,,天地科技(600582.SH),5300,16377.00,3.09,-1046.99
2021-02-10,116676.52,23686.52,,,,,
,,,唐山港(601000.SH),5600,12936.00,2.31,-479.77
,,,新兴铸管(000778.SZ),4300,15265.00,3.55,-294.05
,,,南京高科(600064.SH),1800,17298.00,9.61,-1122.28
,,,济川药业(600566.SH),800,15728.00,19.66,-501.38
,,,隧道股份(600820.SH),3100,15810.00,5.1,-254.05
,,,天地科技(600582.SH),5300,15953.00,3.01,-1470.99
2021-02-09,115726.52,23686.52,,,,,
,,,南京高科(600064.SH),1800,17316.00,9.62,-1104.28
,,,济川药业(600566.SH),800,15472.00,19.34,-757.38
,,,隧道股份(600820.SH),3100,15810.00,5.1,-254.05
,,,新兴铸管(000778.SZ),4300,15351.00,3.57,-208.05
,,,唐山港(601000.SH),5600,12880.00,2.3,-535.77
,,,天地科技(600582.SH),5300,15211.00,2.87,-2212.99
2021-02-08,114941.52,23686.52,,,,,
,,,隧道股份(600820.SH),3100,15655.00,5.05,-409.05
,,,唐山港(601000.SH),5600,12824.00,2.29,-591.77
,,,新兴铸管(000778.SZ),4300,15265.00,3.55,-294.05
,,,天地科技(600582.SH),5300,14893.00,2.81,-2530.99
,,,南京高科(600064.SH),1800,17298.00,9.61,-1122.28
,,,济川药业(600566.SH),800,15320.00,19.15,-909.38
2021-02-05,114161.52,23686.52,,,,,
,,,唐山港(601000.SH),5600,12768.00,2.28,-647.77
,,,新兴铸管(000778.SZ),4300,15050.00,3.5,-509.05
,,,隧道股份(600820.SH),3100,15655.00,5.05,-409.05
,,,南京高科(600064.SH),1800,17100.00,9.5,-1320.28
,,,济川药业(600566.SH),800,15168.00,18.96,-1061.38
,,,天地科技(600582.SH),5300,14734.00,2.78,-2689.99
2021-02-04,113827.52,23686.52,,,,,
,,,隧道股份(600820.SH),3100,15593.00,5.03,-471.05
,,,济川药业(600566.SH),800,15296.00,19.12,-933.38
,,,新兴铸管(000778.SZ),4300,15050.00,3.5,-509.05
,,,唐山港(601000.SH),5600,12656.00,2.26,-759.77
,,,天地科技(600582.SH),5300,14734.00,2.78,-2689.99
,,,南京高科(600064.SH),1800,16812.00,9.34,-1608.28
2021-02-03,114872.52,23686.52,,,,,
,,,南京高科(600064.SH),1800,16938.00,9.41,-1482.28
,,,天地科技(600582.SH),5300,15105.00,2.85,-2318.99
,,,唐山港(601000.SH),5600,12712.00,2.27,-703.77
,,,济川药业(600566.SH),800,15528.00,19.41,-701.38
,,,隧道股份(600820.SH),3100,15810.00,5.1,-254.05
,,,新兴铸管(000778.SZ),4300,15093.00,3.51,-466.05
2021-02-02,115898.52,23686.52,,,,,
,,,隧道股份(600820.SH),3100,15965.00,5.15,-99.05
,,,天地科技(600582.SH),5300,15264.00,2.88,-2159.99
,,,新兴铸管(000778.SZ),4300,15179.00,3.53,-380.05
,,,南京高科(600064.SH),1800,17172.00,9.54,-1248.28
,,,唐山港(601000.SH),5600,12880.00,2.3,-535.77
,,,济川药业(600566.SH),800,15752.00,19.69,-477.38
2021-02-01,115612.52,23686.52,,,,,
,,,隧道股份(600820.SH),3100,16120.00,5.2,55.95
,,,南京高科(600064.SH),1800,17190.00,9.55,-1230.28
,,,唐山港(601000.SH),5600,12768.00,2.28,-647.77
,,,新兴铸管(000778.SZ),4300,15480.00,3.6,-79.05
,,,天地科技(600582.SH),5300,15264.00,2.88,-2159.99
,,,济川药业(600566.SH),800,15104.00,18.88,-1125.38
2021-01-29,115559.08,24621.08,,,,,
,,,南京高科(600064.SH),1800,17046.00,9.47,-1374.28
,,,新兴铸管(000778.SZ),4300,15566.00,3.62,6.95
,,,华能蒙电(600863.SH),6600,15180.00,2.3,-1821.02
,,,天地科技(600582.SH),5300,15370.00,2.9,-2053.99
,,,唐山港(601000.SH),5600,12936.00,2.31,-479.77
,,,济川药业(600566.SH),800,14840.00,18.55,-1389.38
2021-01-28,116512.08,24621.08,,,,,
,,,南京高科(600064.SH),1800,17190.00,9.55,-1230.28
,,,唐山港(601000.SH),5600,13048.00,2.33,-367.77
,,,新兴铸管(000778.SZ),4300,15609.00,3.63,49.95
,,,天地科技(600582.SH),5300,16006.00,3.02,-1417.99
,,,济川药业(600566.SH),800,14792.00,18.49,-1437.38
,,,华能蒙电(600863.SH),6600,15246.00,2.31,-1755.02
2021-01-27,117756.08,24621.08,,,,,
,,,济川药业(600566.SH),800,15200.00,19,-1029.38
,,,华能蒙电(600863.SH),6600,15510.00,2.35,-1491.02
,,,新兴铸管(000778.SZ),4300,15695.00,3.65,135.95
,,,天地科技(600582.SH),5300,16112.00,3.04,-1311.99
,,,唐山港(601000.SH),5600,13104.00,2.34,-311.77
,,,南京高科(600064.SH),1800,17514.00,9.73,-906.28
2021-01-26,118073.08,24621.08,,,,,
,,,新兴铸管(000778.SZ),4300,15738.00,3.66,178.95
,,,济川药业(600566.SH),800,15328.00,19.16,-901.38
,,,华能蒙电(600863.SH),6600,15642.00,2.37,-1359.02
,,,南京高科(600064.SH),1800,17478.00,9.71,-942.28
,,,天地科技(600582.SH),5300,16218.00,3.06,-1205.99
,,,唐山港(601000.SH),5600,13048.00,2.33,-367.77
2021-01-25,119286.08,24621.08,,,,,
,,,南京高科(600064.SH),1800,17748.00,9.86,-672.28
,,,济川药业(600566.SH),800,15720.00,19.65,-509.38
,,,天地科技(600582.SH),5300,16165.00,3.05,-1258.99
,,,唐山港(601000.SH),5600,13216.00,2.36,-199.77
,,,华能蒙电(600863.SH),6600,15906.00,2.41,-1095.02
,,,新兴铸管(000778.SZ),4300,15910.00,3.7,350.95
2021-01-22,120376.08,24621.08,,,,,
,,,华能蒙电(600863.SH),6600,15906.00,2.41,-1095.02
,,,天地科技(600582.SH),5300,16324.00,3.08,-1099.99
,,,济川药业(600566.SH),800,15976.00,19.97,-253.38
,,,唐山港(601000.SH),5600,13496.00,2.41,80.23
,,,新兴铸管(000778.SZ),4300,16125.00,3.75,565.95
,,,南京高科(600064.SH),1800,17928.00,9.96,-492.28
2021-01-21,121779.08,24621.08,,,,,
,,,天地科技(600582.SH),5300,16854.00,3.18,-569.99
,,,新兴铸管(000778.SZ),4300,16340.00,3.8,780.95
,,,南京高科(600064.SH),1800,18324.00,10.18,-96.28
,,,华能蒙电(600863.SH),6600,16104.00,2.44,-897.02
,,,济川药业(600566.SH),800,15928.00,19.91,-301.38
,,,唐山港(601000.SH),5600,13608.00,2.43,192.23
2021-01-20,122160.08,24621.08,,,,,
,,,南京高科(600064.SH),1800,18450.00,10.25,29.72
,,,天地科技(600582.SH),5300,16960.00,3.2,-463.99
,,,济川药业(600566.SH),800,15912.00,19.89,-317.38
,,,华能蒙电(600863.SH),6600,16170.00,2.45,-831.02
,,,新兴铸管(000778.SZ),4300,16383.00,3.81,823.95
,,,唐山港(601000.SH),5600,13664.00,2.44,248.23
2021-01-19,122661.08,24621.08,,,,,
,,,济川药业(600566.SH),800,16040.00,20.05,-189.38
,,,华能蒙电(600863.SH),6600,16302.00,2.47,-699.02
,,,南京高科(600064.SH),1800,18486.00,10.27,65.72
,,,天地科技(600582.SH),5300,17066.00,3.22,-357.99
,,,唐山港(601000.SH),5600,13720.00,2.45,304.23
,,,新兴铸管(000778.SZ),4300,16426.00,3.82,866.95
2021-01-18,122280.08,24621.08,,,,,
,,,华能蒙电(600863.SH),6600,16302.00,2.47,-699.02
,,,新兴铸管(000778.SZ),4300,16383.00,3.81,823.95
,,,南京高科(600064.SH),1800,18342.00,10.19,-78.28
,,,济川药业(600566.SH),800,15952.00,19.94,-277.38
,,,天地科技(600582.SH),5300,16960.00,3.2,-463.99
,,,唐山港(601000.SH),5600,13720.00,2.45,304.23
2021-01-15,122425.08,24621.08,,,,,
,,,济川药业(600566.SH),800,16016.00,20.02,-213.38
,,,新兴铸管(000778.SZ),4300,16340.00,3.8,780.95
,,,南京高科(600064.SH),1800,18360.00,10.2,-60.28
,,,华能蒙电(600863.SH),6600,16302.00,2.47,-699.02
,,,唐山港(601000.SH),5600,13720.00,2.45,304.23
,,,天地科技(600582.SH),5300,17066.00,3.22,-357.99
2021-01-14,122438.08,24621.08,,,,,
,,,华能蒙电(600863.SH),6600,16500.00,2.5,-501.02
,,,济川药业(600566.SH),800,15928.00,19.91,-301.38
,,,唐山港(601000.SH),5600,13776.00,2.46,360.23
,,,南京高科(600064.SH),1800,18396.00,10.22,-24.28
,,,天地科技(600582.SH),5300,16748.00,3.16,-675.99
,,,新兴铸管(000778.SZ),4300,16469.00,3.83,909.95
2021-01-13,121866.08,24621.08,,,,,
,,,天地科技(600582.SH),5300,16854.00,3.18,-569.99
,,,华能蒙电(600863.SH),6600,16434.00,2.49,-567.02
,,,新兴铸管(000778.SZ),4300,16555.00,3.85,995.95
,,,南京高科(600064.SH),1800,17946.00,9.97,-474.28
,,,济川药业(600566.SH),800,15792.00,19.74,-437.38
,,,唐山港(601000.SH),5600,13664.00,2.44,248.23
2021-01-12,121391.08,24621.08,,,,,
,,,济川药业(600566.SH),800,16072.00,20.09,-157.38
,,,新兴铸管(000778.SZ),4300,16383.00,3.81,823.95
,,,天地科技(600582.SH),5300,16377.00,3.09,-1046.99
,,,华能蒙电(600863.SH),6600,16368.00,2.48,-633.02
,,,唐山港(601000.SH),5600,13552.00,2.42,136.23
,,,南京高科(600064.SH),1800,18018.00,10.01,-402.28
2021-01-11,120869.08,24621.08,,,,,
,,,济川药业(600566.SH),800,16144.00,20.18,-85.38
,,,新兴铸管(000778.SZ),4300,16039.00,3.73,479.95
,,,华能蒙电(600863.SH),6600,16368.00,2.48,-633.02
,,,唐山港(601000.SH),5600,13552.00,2.42,136.23
,,,南京高科(600064.SH),1800,17874.00,9.93,-546.28
,,,天地科技(600582.SH),5300,16271.00,3.07,-1152.99
2021-01-08,122193.08,24621.08,,,,,
,,,唐山港(601000.SH),5600,13776.00,2.46,360.23
,,,济川药业(600566.SH),800,16336.00,20.42,106.62
,,,南京高科(600064.SH),1800,18108.00,10.06,-312.28
,,,华能蒙电(600863.SH),6600,16764.00,2.54,-237.02
,,,天地科技(600582.SH),5300,16377.00,3.09,-1046.99
,,,新兴铸管(000778.SZ),4300,16211.00,3.77,651.95
2021-01-07,121281.08,24621.08,,,,,
,,,济川药业(600566.SH),800,16144.00,20.18,-85.38
,,,华能蒙电(600863.SH),6600,16698.00,2.53,-303.02
,,,天地科技(600582.SH),5300,16218.00,3.06,-1205.99
,,,新兴铸管(000778.SZ),4300,16082.00,3.74,522.95
,,,南京高科(600064.SH),1800,17910.00,9.95,-510.28
,,,唐山港(601000.SH),5600,13608.00,2.43,192.23
2021-01-06,122403.08,24621.08,,,,,
,,,天地科技(600582.SH),5300,16430.00,3.1,-993.99
,,,济川药业(600566.SH),800,16496.00,20.62,266.62
,,,唐山港(601000.SH),5600,13888.00,2.48,472.23
,,,新兴铸管(000778.SZ),4300,15910.00,3.7,350.95
,,,南京高科(600064.SH),1800,18162.00,10.09,-258.28
,,,华能蒙电(600863.SH),6600,16896.00,2.56,-105.02
2021-01-05,122461.08,24621.08,,,,,
,,,天地科技(600582.SH),5300,16324.00,3.08,-1099.99
,,,新兴铸管(000778.SZ),4300,15824.00,3.68,264.95
,,,华能蒙电(600863.SH),6600,16698.00,2.53,-303.02
,,,唐山港(601000.SH),5600,14056.00,2.51,640.23
,,,南京高科(600064.SH),1800,18306.00,10.17,-114.28
,,,济川药业(600566.SH),800,16632.00,20.79,402.62
2021-01-04,122225.08,24621.08,,,,,
,,,天地科技(600582.SH),5300,16377.00,3.09,-1046.99
,,,南京高科(600064.SH),1800,18378.00,10.21,-42.28
,,,新兴铸管(000778.SZ),4300,15953.00,3.71,393.95
,,,济川药业(600566.SH),800,16224.00,20.28,-5.38
,,,华能蒙电(600863.SH),6600,16896.00,2.56,-105.02
,,,唐山港(601000.SH),5600,13776.00,2.46,360.23
2020-12-31,122720.92,26748.92,,,,,
,,,唐山港(601000.SH),5600,13888.00,2.48,472.23
,,,新兴铸管(000778.SZ),4300,15824.00,3.68,264.95
,,,江苏金租(600901.SH),2800,15428.00,5.51,-793.37
,,,江阴银行(002807.SZ),4900,20972.00,4.28,442.88
,,,爱建集团(600643.SH),1800,13536.00,7.52,-1366.74
,,,天地科技(600582.SH),5300,16324.00,3.08,-1099.99
2020-12-30,121681.92,26748.92,,,,,
,,,天地科技(600582.SH),5300,16430.00,3.1,-993.99
,,,江苏金租(600901.SH),2800,15176.00,5.42,-1045.37
,,,唐山港(601000.SH),5600,13832.00,2.47,416.23
,,,江阴银行(002807.SZ),4900,20286.00,4.14,-243.12
,,,爱建集团(600643.SH),1800,13428.00,7.46,-1474.74
,,,新兴铸管(000778.SZ),4300,15781.00,3.67,221.95
2020-12-29,121554.92,26748.92,,,,,
,,,爱建集团(600643.SH),1800,13428.00,7.46,-1474.74
,,,江苏金租(600901.SH),2800,15232.00,5.44,-989.37
,,,新兴铸管(000778.SZ),4300,15738.00,3.66,178.95
,,,唐山港(601000.SH),5600,13888.00,2.48,472.23
,,,江阴银行(002807.SZ),4900,20090.00,4.1,-439.12
,,,天地科技(600582.SH),5300,16430.00,3.1,-993.99
2020-12-28,120999.92,26748.92,,,,,
,,,唐山港(601000.SH),5600,13720.00,2.45,304.23
,,,新兴铸管(000778.SZ),4300,15781.00,3.67,221.95
,,,爱建集团(600643.SH),1800,13338.00,7.41,-1564.74
,,,天地科技(600582.SH),5300,16377.00,3.09,-1046.99
,,,江阴银行(002807.SZ),4900,19943.00,4.07,-586.12
,,,江苏金租(600901.SH),2800,15092.00,5.39,-1129.37
2020-12-25,121821.92,26748.92,,,,,
,,,爱建集团(600643.SH),1800,13482.00,7.49,-1420.74
,,,天地科技(600582.SH),5300,16589.00,3.13,-834.99
,,,唐山港(601000.SH),5600,13832.00,2.47,416.23
,,,江苏金租(600901.SH),2800,15372.00,5.49,-849.37
,,,新兴铸管(000778.SZ),4300,15953.00,3.71,393.95
,,,江阴银行(002807.SZ),4900,19845.00,4.05,-684.12
2020-12-24,121077.92,26748.92,,,,,
,,,爱建集团(600643.SH),1800,13482.00,7.49,-1420.74
,,,江阴银行(002807.SZ),4900,19845.00,4.05,-684.12
,,,江苏金租(600901.SH),2800,15176.00,5.42,-1045.37
,,,天地科技(600582.SH),5300,16536.00,3.12,-887.99
,,,唐山港(601000.SH),5600,13552.00,2.42,136.23
,,,新兴铸管(000778.SZ),4300,15738.00,3.66,178.95
2020-12-23,122435.92,26748.92,,,,,
,,,新兴铸管(000778.SZ),4300,15953.00,3.71,393.95
,,,江阴银行(002807.SZ),4900,19845.00,4.05,-684.12
,,,爱建集团(600643.SH),1800,13806.00,7.67,-1096.74
,,,天地科技(600582.SH),5300,16907.00,3.19,-516.99
,,,唐山港(601000.SH),5600,13776.00,2.46,360.23
,,,江苏金租(600901.SH),2800,15400.00,5.5,-821.37
2020-12-22,122392.92,26748.92,,,,,
,,,江阴银行(002807.SZ),4900,19894.00,4.06,-635.12
,,,江苏金租(600901.SH),2800,15512.00,5.54,-709.37
,,,新兴铸管(000778.SZ),4300,15824.00,3.68,264.95
,,,唐山港(601000.SH),5600,13720.00,2.45,304.23
,,,天地科技(600582.SH),5300,16960.00,3.2,-463.99
,,,爱建集团(600643.SH),1800,13734.00,7.63,-1168.74
2020-12-21,124904.92,26748.92,,,,,
,,,天地科技(600582.SH),5300,17384.00,3.28,-39.99
,,,唐山港(601000.SH),5600,14056.00,2.51,640.23
,,,江苏金租(600901.SH),2800,15848.00,5.66,-373.37
,,,江阴银行(002807.SZ),4900,20286.00,4.14,-243.12
,,,新兴铸管(000778.SZ),4300,16254.00,3.78,694.95
,,,爱建集团(600643.SH),1800,14328.00,7.96,-574.74
2020-12-18,124243.92,26748.92,,,,,
,,,新兴铸管(000778.SZ),4300,16082.00,3.74,522.95
,,,天地科技(600582.SH),5300,16960.00,3.2,-463.99
,,,唐山港(601000.SH),5600,14112.00,2.52,696.23
,,,爱建集团(600643.SH),1800,14256.00,7.92,-646.74
,,,江阴银行(002807.SZ),4900,20237.00,4.13,-292.12
,,,江苏金租(600901.SH),2800,15848.00,5.66,-373.37
2020-12-17,124784.92,26748.92,,,,,
,,,天地科技(600582.SH),5300,16801.00,3.17,-622.99
,,,爱建集团(600643.SH),1800,14472.00,8.04,-430.74
,,,唐山港(601000.SH),5600,14056.00,2.51,640.23
,,,新兴铸管(000778.SZ),4300,16125.00,3.75,565.95
,,,江阴银行(002807.SZ),4900,20482.00,4.18,-47.12
,,,江苏金租(600901.SH),2800,16100.00,5.75,-121.37
2020-12-16,123161.92,26748.92,,,,,
,,,新兴铸管(000778.SZ),4300,15867.00,3.69,307.95
,,,唐山港(601000.SH),5600,13888.00,2.48,472.23
,,,江阴银行(002807.SZ),4900,20237.00,4.13,-292.12
,,,爱建集团(600643.SH),1800,14202.00,7.89,-700.74
,,,江苏金租(600901.SH),2800,15736.00,5.62,-485.37
,,,天地科技(600582.SH),5300,16483.00,3.11,-940.99
2020-12-15,123444.92,26748.92,,,,,
,,,爱建集团(600643.SH),1800,14328.00,7.96,-574.74
,,,天地科技(600582.SH),5300,16536.00,3.12,-887.99
,,,唐山港(601000.SH),5600,13832.00,2.47,416.23
,,,江阴银行(002807.SZ),4900,20384.00,4.16,-145.12
,,,新兴铸管(000778.SZ),4300,15824.00,3.68,264.95
,,,江苏金租(600901.SH),2800,15792.00,5.64,-429.37
2020-12-14,123777.92,26748.92,,,,,
,,,爱建集团(600643.SH),1800,14346.00,7.97,-556.74
,,,新兴铸管(000778.SZ),4300,15738.00,3.66,178.95
,,,江阴银行(002807.SZ),4900,20629.00,4.21,99.88
,,,天地科技(600582.SH),5300,16748.00,3.16,-675.99
,,,唐山港(601000.SH),5600,13832.00,2.47,416.23
,,,江苏金租(600901.SH),2800,15736.00,5.62,-485.37
2020-12-11,124221.92,26748.92,,,,,
,,,江阴银行(002807.SZ),4900,20776.00,4.24,246.88
,,,天地科技(600582.SH),5300,16960.00,3.2,-463.99
,,,新兴铸管(000778.SZ),4300,15867.00,3.69,307.95
,,,唐山港(601000.SH),5600,13832.00,2.47,416.23
,,,江苏金租(600901.SH),2800,15764.00,5.63,-457.37
,,,爱建集团(600643.SH),1800,14274.00,7.93,-628.74
2020-12-10,125371.92,26748.92,,,,,
,,,新兴铸管(000778.SZ),4300,15996.00,3.72,436.95
,,,江苏金租(600901.SH),2800,16044.00,5.73,-177.37
,,,爱建集团(600643.SH),1800,14508.00,8.06,-394.74
,,,天地科技(600582.SH),5300,16907.00,3.19,-516.99
,,,唐山港(601000.SH),5600,14000.00,2.5,584.23
,,,江阴银行(002807.SZ),4900,21168.00,4.32,638.88
2020-12-09,125266.92,26748.92,,,,,
,,,天地科技(600582.SH),5300,16801.00,3.17,-622.99
,,,新兴铸管(000778.SZ),4300,15781.00,3.67,221.95
,,,江苏金租(600901.SH),2800,16212.00,5.79,-9.37
,,,唐山港(601000.SH),5600,14056.00,2.51,640.23
,,,江阴银行(002807.SZ),4900,21070.00,4.3,540.88
,,,爱建集团(600643.SH),1800,14598.00,8.11,-304.74
2020-12-08,127048.92,26748.92,,,,,
,,,新兴铸管(000778.SZ),4300,16039.00,3.73,479.95
,,,唐山港(601000.SH),5600,14392.00,2.57,976.23
,,,江苏金租(600901.SH),2800,16380.00,5.85,158.63
,,,爱建集团(600643.SH),1800,15084.00,8.38,181.26
,,,江阴银行(002807.SZ),4900,21021.00,4.29,491.88
,,,天地科技(600582.SH),5300,17384.00,3.28,-39.99
2020-12-07,127169.92,26748.92,,,,,
,,,唐山港(601000.SH),5600,14448.00,2.58,1032.23
,,,爱建集团(600643.SH),1800,15120.00,8.4,217.26
,,,天地科技(600582.SH),5300,17331.00,3.27,-92.99
,,,江苏金租(600901.SH),2800,16296.00,5.82,74.63
,,,江阴银行(002807.SZ),4900,20972.00,4.28,442.88
,,,新兴铸管(000778.SZ),4300,16254.00,3.78,694.95
2020-12-04,128733.92,26748.92,,,,,
,,,江苏金租(600901.SH),2800,16520.00,5.9,298.63
,,,江阴银行(002807.SZ),4900,21560.00,4.4,1030.88
,,,新兴铸管(000778.SZ),4300,16469.00,3.83,909.95
,,,爱建集团(600643.SH),1800,15318.00,8.51,415.26
,,,天地科技(600582.SH),5300,17278.00,3.26,-145.99
,,,唐山港(601000.SH),5600,14840.00,2.65,1424.23
2020-12-03,130084.92,26748.92,,,,,
,,,江阴银行(002807.SZ),4900,22246.00,4.54,1716.88
,,,江苏金租(600901.SH),2800,16632.00,5.94,410.63
,,,唐山港(601000.SH),5600,14952.00,2.67,1536.23
,,,天地科技(600582.SH),5300,17331.00,3.27,-92.99
,,,爱建集团(600643.SH),1800,15534.00,8.63,631.26
,,,新兴铸管(000778.SZ),4300,16641.00,3.87,1081.95
2020-12-02,129991.92,26748.92,,,,,
,,,唐山港(601000.SH),5600,15176.00,2.71,1760.23
,,,爱建集团(600643.SH),1800,15318.00,8.51,415.26
,,,江阴银行(002807.SZ),4900,21511.00,4.39,981.88
,,,江苏金租(600901.SH),2800,16660.00,5.95,438.63
,,,天地科技(600582.SH),5300,17808.00,3.36,384.01
,,,新兴铸管(000778.SZ),4300,16770.00,3.9,1210.95
2020-12-01,129633.92,26748.92,,,,,
,,,江阴银行(002807.SZ),4900,21903.00,4.47,1373.88
,,,新兴铸管(000778.SZ),4300,16684.00,3.88,1124.95
,,,唐山港(601000.SH),5600,14952.00,2.67,1536.23
,,,江苏金租(600901.SH),2800,16716.00,5.97,494.63
,,,天地科技(600582.SH),5300,17384.00,3.28,-39.99
,,,爱建集团(600643.SH),1800,15246.00,8.47,343.26
2020-11-30,127255.06,25280.06,,,,,
,,,厦门国贸(600755.SH),2100,15246.00,7.26,1184.94
,,,新钢股份(600782.SH),4300,19866.00,4.62,2023.04
,,,新兴铸管(000778.SZ),4300,16512.00,3.84,952.95
,,,唐山港(601000.SH),5600,14672.00,2.62,1256.23
,,,三钢闽光(002110.SZ),2300,16445.00,7.15,1298.78
,,,南钢股份(600282.SH),5900,19234.00,3.26,1611.55
2020-11-27,128006.06,25280.06,,,,,
,,,三钢闽光(002110.SZ),2300,16514.00,7.18,1367.78
,,,南钢股份(600282.SH),5900,19529.00,3.31,1906.55
,,,新兴铸管(000778.SZ),4300,16770.00,3.9,1210.95
,,,厦门国贸(600755.SH),2100,15057.00,7.17,995.94
,,,新钢股份(600782.SH),4300,20296.00,4.72,2453.04
,,,唐山港(601000.SH),5600,14560.00,2.6,1144.23
2020-11-26,127576.06,25280.06,,,,,
,,,新钢股份(600782.SH),4300,20296.00,4.72,2453.04
,,,三钢闽光(002110.SZ),2300,16422.00,7.14,1275.78
,,,南钢股份(600282.SH),5900,19234.00,3.26,1611.55
,,,厦门国贸(600755.SH),2100,15057.00,7.17,995.94
,,,新兴铸管(000778.SZ),4300,16727.00,3.89,1167.95
,,,唐山港(601000.SH),5600,14560.00,2.6,1144.23
2020-11-25,127448.06,25280.06,,,,,
,,,厦门国贸(600755.SH),2100,14952.00,7.12,890.94
,,,唐山港(601000.SH),5600,14560.00,2.6,1144.23
,,,三钢闽光(002110.SZ),2300,16399.00,7.13,1252.78
,,,新兴铸管(000778.SZ),4300,16770.00,3.9,1210.95
,,,新钢股份(600782.SH),4300,20253.00,4.71,2410.04
,,,南钢股份(600282.SH),5900,19234.00,3.26,1611.55
2020-11-24,128948.06,25280.06,,,,,
,,,新钢股份(600782.SH),4300,20468.00,4.76,2625.04
,,,厦门国贸(600755.SH),2100,15162.00,7.22,1100.94
,,,新兴铸管(000778.SZ),4300,16942.00,3.94,1382.95
,,,唐山港(601000.SH),5600,14784.00,2.64,1368.23
,,,三钢闽光(002110.SZ),2300,16606.00,7.22,1459.78
,,,南钢股份(600282.SH),5900,19706.00,3.34,2083.55
2020-11-23,128814.06,25280.06,,,,,
,,,新钢股份(600782.SH),4300,20167.00,4.69,2324.04
,,,厦门国贸(600755.SH),2100,15309.00,7.29,1247.94
,,,唐山港(601000.SH),5600,14784.00,2.64,1368.23
,,,南钢股份(600282.SH),5900,19706.00,3.34,2083.55
,,,三钢闽光(002110.SZ),2300,16583.00,7.21,1436.78
,,,新兴铸管(000778.SZ),4300,16985.00,3.95,1425.95
2020-11-20,128277.06,25280.06,,,,,
,,,南钢股份(600282.SH),5900,19470.00,3.3,1847.55
,,,厦门国贸(600755.SH),2100,15288.00,7.28,1226.94
,,,新钢股份(600782.SH),4300,20382.00,4.74,2539.04
,,,新兴铸管(000778.SZ),4300,16684.00,3.88,1124.95
,,,三钢闽光(002110.SZ),2300,16445.00,7.15,1298.78
,,,唐山港(601000.SH),5600,14728.00,2.63,1312.23
2020-11-19,127029.06,25280.06,,,,,
,,,新兴铸管(000778.SZ),4300,16555.00,3.85,995.95
,,,三钢闽光(002110.SZ),2300,16284.00,7.08,1137.78
,,,新钢股份(600782.SH),4300,19866.00,4.62,2023.04
,,,厦门国贸(600755.SH),2100,15309.00,7.29,1247.94
,,,唐山港(601000.SH),5600,14560.00,2.6,1144.23
,,,南钢股份(600282.SH),5900,19175.00,3.25,1552.55
2020-11-18,128445.06,25280.06,,,,,
,,,唐山港(601000.SH),5600,14728.00,2.63,1312.23
,,,厦门国贸(600755.SH),2100,15687.00,7.47,1625.94
,,,新兴铸管(000778.SZ),4300,16598.00,3.86,1038.95
,,,三钢闽光(002110.SZ),2300,16445.00,7.15,1298.78
,,,南钢股份(600282.SH),5900,19411.00,3.29,1788.55
,,,新钢股份(600782.SH),4300,20296.00,4.72,2453.04
2020-11-17,128218.06,25280.06,,,,,
,,,新兴铸管(000778.SZ),4300,16684.00,3.88,1124.95
,,,厦门国贸(600755.SH),2100,14994.00,7.14,932.94
,,,三钢闽光(002110.SZ),2300,16445.00,7.15,1298.78
,,,唐山港(601000.SH),5600,14952.00,2.67,1536.23
,,,南钢股份(600282.SH),5900,19352.00,3.28,1729.55
,,,新钢股份(600782.SH),4300,20511.00,4.77,2668.04
2020-11-16,126797.06,25280.06,,,,,
,,,新兴铸管(000778.SZ),4300,16684.00,3.88,1124.95
,,,唐山港(601000.SH),5600,14448.00,2.58,1032.23
,,,新钢股份(600782.SH),4300,19866.00,4.62,2023.04
,,,厦门国贸(600755.SH),2100,14847.00,7.07,785.94
,,,南钢股份(600282.SH),5900,19411.00,3.29,1788.55
,,,三钢闽光(002110.SZ),2300,16261.00,7.07,1114.78
2020-11-13,123817.06,25280.06,,,,,
,,,新兴铸管(000778.SZ),4300,16254.00,3.78,694.95
,,,南钢股份(600282.SH),5900,18762.00,3.18,1139.55
,,,三钢闽光(002110.SZ),2300,15801.00,6.87,654.78
,,,唐山港(601000.SH),5600,14280.00,2.55,864.23
,,,新钢股份(600782.SH),4300,19307.00,4.49,1464.04
,,,厦门国贸(600755.SH),2100,14133.00,6.73,71.94
2020-11-12,125188.06,25280.06,,,,,
,,,三钢闽光(002110.SZ),2300,16077.00,6.99,930.78
,,,厦门国贸(600755.SH),2100,14217.00,6.77,155.94
,,,唐山港(601000.SH),5600,14448.00,2.58,1032.23
,,,新兴铸管(000778.SZ),4300,16426.00,3.82,866.95
,,,新钢股份(600782.SH),4300,19565.00,4.55,1722.04
,,,南钢股份(600282.SH),5900,19175.00,3.25,1552.55
2020-11-11,125164.06,25280.06,,,,,
,,,厦门国贸(600755.SH),2100,14385.00,6.85,323.94
,,,唐山港(601000.SH),5600,14280.00,2.55,864.23
,,,新兴铸管(000778.SZ),4300,16383.00,3.81,823.95
,,,新钢股份(600782.SH),4300,19479.00,4.53,1636.04
,,,三钢闽光(002110.SZ),2300,16123.00,7.01,976.78
,,,南钢股份(600282.SH),5900,19234.00,3.26,1611.55
2020-11-10,123257.06,25280.06,,,,,
,,,唐山港(601000.SH),5600,14224.00,2.54,808.23
,,,新钢股份(600782.SH),4300,18834.00,4.38,991.04
,,,新兴铸管(000778.SZ),4300,16211.00,3.77,651.95
,,,南钢股份(600282.SH),5900,18526.00,3.14,903.55
,,,厦门国贸(600755.SH),2100,14427.00,6.87,365.94
,,,三钢闽光(002110.SZ),2300,15755.00,6.85,608.78
2020-11-09,124122.06,25280.06,,,,,
,,,新钢股份(600782.SH),4300,19049.00,4.43,1206.04
,,,新兴铸管(000778.SZ),4300,16254.00,3.78,694.95
,,,厦门国贸(600755.SH),2100,14679.00,6.99,617.94
,,,南钢股份(600282.SH),5900,18585.00,3.15,962.55
,,,唐山港(601000.SH),5600,14336.00,2.56,920.23
,,,三钢闽光(002110.SZ),2300,15939.00,6.93,792.78
2020-11-06,122341.06,25280.06,,,,,
,,,新钢股份(600782.SH),4300,18662.00,4.34,819.04
,,,唐山港(601000.SH),5600,13888.00,2.48,472.23
,,,厦门国贸(600755.SH),2100,14490.00,6.9,428.94
,,,三钢闽光(002110.SZ),2300,15778.00,6.86,631.78
,,,南钢股份(600282.SH),5900,18290.00,3.1,667.55
,,,新兴铸管(000778.SZ),4300,15953.00,3.71,393.95
2020-11-05,122195.06,25280.06,,,,,
,,,新兴铸管(000778.SZ),4300,15910.00,3.7,350.95
,,,唐山港(601000.SH),5600,13776.00,2.46,360.23
,,,厦门国贸(600755.SH),2100,14469.00,6.89,407.94
,,,三钢闽光(002110.SZ),2300,15663.00,6.81,516.78
,,,南钢股份(600282.SH),5900,18349.00,3.11,726.55
,,,新钢股份(600782.SH),4300,18748.00,4.36,905.04
2020-11-04,119777.06,25280.06,,,,,
,,,三钢闽光(002110.SZ),2300,15249.00,6.63,102.78
,,,新钢股份(600782.SH),4300,17931.00,4.17,88.04
,,,新兴铸管(000778.SZ),4300,15695.00,3.65,135.95
,,,南钢股份(600282.SH),5900,17818.00,3.02,195.55
,,,厦门国贸(600755.SH),2100,14196.00,6.76,134.94
,,,唐山港(601000.SH),5600,13608.00,2.43,192.23
2020-11-03,119760.06,25280.06,,,,,
,,,新兴铸管(000778.SZ),4300,15738.00,3.66,178.95
,,,南钢股份(600282.SH),5900,17877.00,3.03,254.55
,,,唐山港(601000.SH),5600,13664.00,2.44,248.23
,,,新钢股份(600782.SH),4300,17716.00,4.12,-126.96
,,,三钢闽光(002110.SZ),2300,15226.00,6.62,79.78
,,,厦门国贸(600755.SH),2100,14259.00,6.79,197.94
2020-11-02,118415.06,25280.06,,,,,
,,,厦门国贸(600755.SH),2100,13965.00,6.65,-96.06
,,,三钢闽光(002110.SZ),2300,15019.00,6.53,-127.22
,,,南钢股份(600282.SH),5900,17700.00,3,77.55
,,,唐山港(601000.SH),5600,13384.00,2.39,-31.77
,,,新钢股份(600782.SH),4300,17587.00,4.09,-255.96
,,,新兴铸管(000778.SZ),4300,15480.00,3.6,-79.05
2020-10-30,119134.63,24220.63,,,,,
,,,太平鸟(603877.SH),500,19490.00,38.98,6624.33
,,,凤凰传媒(601928.SH),2500,17325.00,6.93,-741.47
,,,国泰集团(603977.SH),1600,11152.00,6.97,-2784.02
,,,中国出版(601949.SH),2700,13689.00,5.07,-2954.21
,,,东方材料(603110.SH),600,12822.00,21.37,1490.39
,,,中煤能源(601898.SH),5200,20436.00,3.93,-255.49
2020-10-29,120889.63,24220.63,,,,,
,,,国泰集团(603977.SH),1600,11536.00,7.21,-2400.02
,,,中煤能源(601898.SH),5200,20592.00,3.96,-99.49
,,,中国出版(601949.SH),2700,13986.00,5.18,-2657.21
,,,东方材料(603110.SH),600,12900.00,21.5,1568.39
,,,凤凰传媒(601928.SH),2500,17550.00,7.02,-516.47
,,,太平鸟(603877.SH),500,20105.00,40.21,7239.33
2020-10-28,121138.63,24220.63,,,,,
,,,凤凰传媒(601928.SH),2500,17825.00,7.13,-241.47
,,,东方材料(603110.SH),600,12876.00,21.46,1544.39
,,,太平鸟(603877.SH),500,20065.00,40.13,7199.33
,,,中煤能源(601898.SH),5200,20696.00,3.98,4.51
,,,国泰集团(603977.SH),1600,11632.00,7.27,-2304.02
,,,中国出版(601949.SH),2700,13824.00,5.12,-2819.21
2020-10-27,121400.63,24220.63,,,,,
,,,凤凰传媒(601928.SH),2500,17950.00,7.18,-116.47
,,,国泰集团(603977.SH),1600,11616.00,7.26,-2320.02
,,,中国出版(601949.SH),2700,13851.00,5.13,-2792.21
,,,太平鸟(603877.SH),500,20105.00,40.21,7239.33
,,,东方材料(603110.SH),600,13014.00,21.69,1682.39
,,,中煤能源(601898.SH),5200,20644.00,3.97,-47.49
2020-10-26,122237.63,24220.63,,,,,
,,,太平鸟(603877.SH),500,20730.00,41.46,7864.33
,,,国泰集团(603977.SH),1600,11520.00,7.2,-2416.02
,,,凤凰传媒(601928.SH),2500,18125.00,7.25,58.53
,,,东方材料(603110.SH),600,12804.00,21.34,1472.39
,,,中国出版(601949.SH),2700,13986.00,5.18,-2657.21
,,,中煤能源(601898.SH),5200,20852.00,4.01,160.51
2020-10-23,122797.63,24220.63,,,,,
,,,中国出版(601949.SH),2700,13959.00,5.17,-2684.21
,,,国泰集团(603977.SH),1600,11408.00,7.13,-2528.02
,,,东方材料(603110.SH),600,12480.00,20.8,1148.39
,,,凤凰传媒(601928.SH),2500,18425.00,7.37,358.53
,,,太平鸟(603877.SH),500,21245.00,42.49,8379.33
,,,中煤能源(601898.SH),5200,21060.00,4.05,368.51
2020-10-22,122052.63,24220.63,,,,,
,,,中国出版(601949.SH),2700,14283.00,5.29,-2360.21
,,,太平鸟(603877.SH),500,20180.00,40.36,7314.33
,,,国泰集团(603977.SH),1600,11520.00,7.2,-2416.02
,,,中煤能源(601898.SH),5200,21164.00,4.07,472.51
,,,东方材料(603110.SH),600,12360.00,20.6,1028.39
,,,凤凰传媒(601928.SH),2500,18325.00,7.33,258.53
2020-10-21,120220.63,24220.63,,,,,
,,,中煤能源(601898.SH),5200,21164.00,4.07,472.51
,,,东方材料(603110.SH),600,12300.00,20.5,968.39
,,,中国出版(601949.SH),2700,14283.00,5.29,-2360.21
,,,太平鸟(603877.SH),500,18345.00,36.69,5479.33
,,,凤凰传媒(601928.SH),2500,18100.00,7.24,33.53
,,,国泰集团(603977.SH),1600,11808.00,7.38,-2128.02
2020-10-20,120605.63,24220.63,,,,,
,,,国泰集团(603977.SH),1600,12256.00,7.66,-1680.02
,,,太平鸟(603877.SH),500,18550.00,37.1,5684.33
,,,凤凰传媒(601928.SH),2500,18000.00,7.2,-66.47
,,,中煤能源(601898.SH),5200,21164.00,4.07,472.51
,,,中国出版(601949.SH),2700,14229.00,5.27,-2414.21
,,,东方材料(603110.SH),600,12186.00,20.31,854.39
2020-10-19,118873.63,24220.63,,,,,
,,,中国出版(601949.SH),2700,14148.00,5.24,-2495.21
,,,凤凰传媒(601928.SH),2500,17900.00,7.16,-166.47
,,,中煤能源(601898.SH),5200,21216.00,4.08,524.51
,,,太平鸟(603877.SH),500,16865.00,33.73,3999.33
,,,国泰集团(603977.SH),1600,12272.00,7.67,-1664.02
,,,东方材料(603110.SH),600,12252.00,20.42,920.39
2020-10-16,119897.63,24220.63,,,,,
,,,东方材料(603110.SH),600,12564.00,20.94,1232.39
,,,中煤能源(601898.SH),5200,21736.00,4.18,1044.51
,,,国泰集团(603977.SH),1600,12400.00,7.75,-1536.02
,,,中国出版(601949.SH),2700,14202.00,5.26,-2441.21
,,,太平鸟(603877.SH),500,16900.00,33.8,4034.33
,,,凤凰传媒(601928.SH),2500,17875.00,7.15,-191.47
2020-10-15,119575.63,24220.63,,,,,
,,,太平鸟(603877.SH),500,16630.00,33.26,3764.33
,,,中国出版(601949.SH),2700,14229.00,5.27,-2414.21
,,,凤凰传媒(601928.SH),2500,17950.00,7.18,-116.47
,,,东方材料(603110.SH),600,12774.00,21.29,1442.39
,,,国泰集团(603977.SH),1600,12400.00,7.75,-1536.02
,,,中煤能源(601898.SH),5200,21372.00,4.11,680.51
2020-10-14,119912.63,24220.63,,,,,
,,,凤凰传媒(601928.SH),2500,18200.00,7.28,133.53
,,,中国出版(601949.SH),2700,14364.00,5.32,-2279.21
,,,国泰集团(603977.SH),1600,12656.00,7.91,-1280.02
,,,中煤能源(601898.SH),5200,21112.00,4.06,420.51
,,,太平鸟(603877.SH),500,16700.00,33.4,3834.33
,,,东方材料(603110.SH),600,12660.00,21.1,1328.39
2020-10-13,119500.63,24220.63,,,,,
,,,中煤能源(601898.SH),5200,21112.00,4.06,420.51
,,,太平鸟(603877.SH),500,16535.00,33.07,3669.33
,,,凤凰传媒(601928.SH),2500,18475.00,7.39,408.53
,,,国泰集团(603977.SH),1600,12848.00,8.03,-1088.02
,,,中国出版(601949.SH),2700,14418.00,5.34,-2225.21
,,,东方材料(603110.SH),600,11892.00,19.82,560.39
2020-10-12,119016.63,24220.63,,,,,
,,,国泰集团(603977.SH),1600,12960.00,8.1,-976.02
,,,东方材料(603110.SH),600,12624.00,21.04,1292.39
,,,中煤能源(601898.SH),5200,21164.00,4.07,472.51
,,,太平鸟(603877.SH),500,15030.00,30.06,2164.33
,,,中国出版(601949.SH),2700,14418.00,5.34,-2225.21
,,,凤凰传媒(601928.SH),2500,18600.00,7.44,533.53
2020-10-09,116761.63,24220.63,,,,,
,,,中国出版(601949.SH),2700,14121.00,5.23,-2522.21
,,,太平鸟(603877.SH),500,14730.00,29.46,1864.33
,,,东方材料(603110.SH),600,11826.00,19.71,494.39
,,,中煤能源(601898.SH),5200,20748.00,3.99,56.51
,,,国泰集团(603977.SH),1600,12816.00,8.01,-1120.02
,,,凤凰传媒(601928.SH),2500,18300.00,7.32,233.53
2020-09-30,114100.04,28823.04,,,,,
,,,华达科技(603358.SH),900,15210.00,16.9,-1875.22
,,,设计总院(603357.SH),1600,16128.00,10.08,-1576.64
,,,国泰集团(603977.SH),1900,14839.00,7.81,-1710.02
,,,神力股份(603819.SH),900,11619.00,12.91,748.22
,,,中国出版(601949.SH),2700,13851.00,5.13,-2792.21
,,,太平鸟(603877.SH),500,13630.00,27.26,764.33
2020-09-29,115154.04,28823.04,,,,,
,,,中国出版(601949.SH),2700,14094.00,5.22,-2549.21
,,,太平鸟(603877.SH),500,13930.00,27.86,1064.33
,,,华达科技(603358.SH),900,15111.00,16.79,-1974.22
,,,神力股份(603819.SH),900,11493.00,12.77,622.22
,,,设计总院(603357.SH),1600,16256.00,10.16,-1448.64
,,,国泰集团(603977.SH),1900,15447.00,8.13,-1102.02
2020-09-28,114378.04,28823.04,,,,,
,,,中国出版(601949.SH),2700,14040.00,5.2,-2603.21
,,,设计总院(603357.SH),1600,16128.00,10.08,-1576.64
,,,神力股份(603819.SH),900,11475.00,12.75,604.22
,,,华达科技(603358.SH),900,15453.00,17.17,-1632.22
,,,国泰集团(603977.SH),1900,14459.00,7.61,-2090.02
,,,太平鸟(603877.SH),500,14000.00,28,1134.33
2020-09-25,115946.04,28823.04,,,,,
,,,中国出版(601949.SH),2700,14094.00,5.22,-2549.21
,,,太平鸟(603877.SH),500,14420.00,28.84,1554.33
,,,华达科技(603358.SH),900,15750.00,17.5,-1335.22
,,,国泰集团(603977.SH),1900,14915.00,7.85,-1634.02
,,,设计总院(603357.SH),1600,16208.00,10.13,-1496.64
,,,神力股份(603819.SH),900,11736.00,13.04,865.22
2020-09-24,116921.04,28823.04,,,,,
,,,国泰集团(603977.SH),1900,15580.00,8.2,-969.02
,,,中国出版(601949.SH),2700,14175.00,5.25,-2468.21
,,,设计总院(603357.SH),1600,16224.00,10.14,-1480.64
,,,华达科技(603358.SH),900,15786.00,17.54,-1299.22
,,,太平鸟(603877.SH),500,14570.00,29.14,1704.33
,,,神力股份(603819.SH),900,11763.00,13.07,892.22
2020-09-23,120220.04,28823.04,,,,,
,,,国泰集团(603977.SH),1900,16663.00,8.77,113.98
,,,中国出版(601949.SH),2700,14607.00,5.41,-2036.21
,,,神力股份(603819.SH),900,12213.00,13.57,1342.22
,,,太平鸟(603877.SH),500,14855.00,29.71,1989.33
,,,设计总院(603357.SH),1600,16544.00,10.34,-1160.64
,,,华达科技(603358.SH),900,16515.00,18.35,-570.22
2020-09-22,121710.04,28823.04,,,,,
,,,太平鸟(603877.SH),500,14880.00,29.76,2014.33
,,,国泰集团(603977.SH),1900,16663.00,8.77,113.98
,,,设计总院(603357.SH),1600,16416.00,10.26,-1288.64
,,,神力股份(603819.SH),900,12186.00,13.54,1315.22
,,,中国出版(601949.SH),2700,14607.00,5.41,-2036.21
,,,华达科技(603358.SH),900,18135.00,20.15,1049.78
2020-09-21,122031.04,28823.04,,,,,
,,,神力股份(603819.SH),900,12555.00,13.95,1684.22
,,,设计总院(603357.SH),1600,16720.00,10.45,-984.64
,,,华达科技(603358.SH),900,17415.00,19.35,329.78
,,,太平鸟(603877.SH),500,14975.00,29.95,2109.33
,,,国泰集团(603977.SH),1900,16720.00,8.8,170.98
,,,中国出版(601949.SH),2700,14823.00,5.49,-1820.21
2020-09-18,120444.04,28823.04,,,,,
,,,太平鸟(603877.SH),500,14275.00,28.55,1409.33
,,,华达科技(603358.SH),900,17541.00,19.49,455.78
,,,国泰集团(603977.SH),1900,15200.00,8,-1349.02
,,,设计总院(603357.SH),1600,16768.00,10.48,-936.64
,,,中国出版(601949.SH),2700,14985.00,5.55,-1658.21
,,,神力股份(603819.SH),900,12852.00,14.28,1981.22
2020-09-17,119991.04,28823.04,,,,,
,,,神力股份(603819.SH),900,12960.00,14.4,2089.22
,,,国泰集团(603977.SH),1900,15257.00,8.03,-1292.02
,,,中国出版(601949.SH),2700,14904.00,5.52,-1739.21
,,,设计总院(603357.SH),1600,16352.00,10.22,-1352.64
,,,太平鸟(603877.SH),500,14145.00,28.29,1279.33
,,,华达科技(603358.SH),900,17550.00,19.5,464.78
2020-09-16,119216.04,28823.04,,,,,
,,,华达科技(603358.SH),900,17685.00,19.65,599.78
,,,太平鸟(603877.SH),500,13905.00,27.81,1039.33
,,,设计总院(603357.SH),1600,16320.00,10.2,-1384.64
,,,国泰集团(603977.SH),1900,15105.00,7.95,-1444.02
,,,神力股份(603819.SH),900,12609.00,14.01,1738.22
,,,中国出版(601949.SH),2700,14769.00,5.47,-1874.21
2020-09-15,119794.04,28823.04,,,,,
,,,中国出版(601949.SH),2700,14877.00,5.51,-1766.21
,,,太平鸟(603877.SH),500,13945.00,27.89,1079.33
,,,华达科技(603358.SH),900,17676.00,19.64,590.78
,,,国泰集团(603977.SH),1900,15295.00,8.05,-1254.02
,,,设计总院(603357.SH),1600,16416.00,10.26,-1288.64
,,,神力股份(603819.SH),900,12762.00,14.18,1891.22
2020-09-14,120201.04,28823.04,,,,,
,,,国泰集团(603977.SH),1900,15542.00,8.18,-1007.02
,,,设计总院(603357.SH),1600,16400.00,10.25,-1304.64
,,,神力股份(603819.SH),900,13140.00,14.6,2269.22
,,,华达科技(603358.SH),900,17766.00,19.74,680.78
,,,太平鸟(603877.SH),500,13545.00,27.09,679.33
,,,中国出版(601949.SH),2700,14985.00,5.55,-1658.21
2020-09-11,120018.04,28823.04,,,,,
,,,神力股份(603819.SH),900,13617.00,15.13,2746.22
,,,太平鸟(603877.SH),500,12340.00,24.68,-525.67
,,,华达科技(603358.SH),900,17730.00,19.7,644.78
,,,设计总院(603357.SH),1600,16384.00,10.24,-1320.64
,,,中国出版(601949.SH),2700,15012.00,5.56,-1631.21
,,,国泰集团(603977.SH),1900,16112.00,8.48,-437.02
2020-09-10,119758.04,28823.04,,,,,
,,,华达科技(603358.SH),900,16677.00,18.53,-408.22
,,,设计总院(603357.SH),1600,16320.00,10.2,-1384.64
,,,神力股份(603819.SH),900,13581.00,15.09,2710.22
,,,中国出版(601949.SH),2700,15174.00,5.62,-1469.21
,,,太平鸟(603877.SH),500,12615.00,25.23,-250.67
,,,国泰集团(603977.SH),1900,16568.00,8.72,18.98
2020-09-09,122511.04,28823.04,,,,,
,,,国泰集团(603977.SH),1900,16549.00,8.71,-0.02
,,,设计总院(603357.SH),1600,16720.00,10.45,-984.64
,,,华达科技(603358.SH),900,16920.00,18.8,-165.22
,,,太平鸟(603877.SH),500,14015.00,28.03,1149.33
,,,神力股份(603819.SH),900,13797.00,15.33,2926.22
,,,中国出版(601949.SH),2700,15687.00,5.81,-956.21
2020-09-08,124716.04,28823.04,,,,,
,,,神力股份(603819.SH),900,13950.00,15.5,3079.22
,,,华达科技(603358.SH),900,17523.00,19.47,437.78
,,,国泰集团(603977.SH),1900,16530.00,8.7,-19.02
,,,设计总院(603357.SH),1600,17136.00,10.71,-568.64
,,,太平鸟(603877.SH),500,14635.00,29.27,1769.33
,,,中国出版(601949.SH),2700,16119.00,5.97,-524.21
2020-09-07,123757.04,28823.04,,,,,
,,,太平鸟(603877.SH),500,14145.00,28.29,1279.33
,,,中国出版(601949.SH),2700,15876.00,5.88,-767.21
,,,神力股份(603819.SH),900,14040.00,15.6,3169.22
,,,华达科技(603358.SH),900,17370.00,19.3,284.78
,,,国泰集团(603977.SH),1900,16511.00,8.69,-38.02
,,,设计总院(603357.SH),1600,16992.00,10.62,-712.64
2020-09-04,124464.04,28823.04,,,,,
,,,中国出版(601949.SH),2700,16389.00,6.07,-254.21
,,,国泰集团(603977.SH),1900,16359.00,8.61,-190.02
,,,太平鸟(603877.SH),500,14480.00,28.96,1614.33
,,,华达科技(603358.SH),900,17028.00,18.92,-57.22
,,,设计总院(603357.SH),1600,17264.00,10.79,-440.64
,,,神力股份(603819.SH),900,14121.00,15.69,3250.22
2020-09-03,124685.04,28823.04,,,,,
,,,太平鸟(603877.SH),500,14080.00,28.16,1214.33
,,,中国出版(601949.SH),2700,16740.00,6.2,96.79
,,,华达科技(603358.SH),900,16785.00,18.65,-300.22
,,,设计总院(603357.SH),1600,17584.00,10.99,-120.64
,,,国泰集团(603977.SH),1900,16606.00,8.74,56.98
,,,神力股份(603819.SH),900,14067.00,15.63,3196.22
2020-09-02,122952.04,28823.04,,,,,
,,,设计总院(603357.SH),1600,17664.00,11.04,-40.64
,,,国泰集团(603977.SH),1900,16568.00,8.72,18.98
,,,中国出版(601949.SH),2700,16551.00,6.13,-92.21
,,,太平鸟(603877.SH),500,12800.00,25.6,-65.67
,,,华达科技(603358.SH),900,16569.00,18.41,-516.22
,,,神力股份(603819.SH),900,13977.00,15.53,3106.22
2020-09-01,124129.04,28823.04,,,,,
,,,设计总院(603357.SH),1600,17696.00,11.06,-8.64
,,,中国出版(601949.SH),2700,16443.00,6.09,-200.21
,,,神力股份(603819.SH),900,15372.00,17.08,4501.22
,,,太平鸟(603877.SH),500,12565.00,25.13,-300.67
,,,国泰集团(603977.SH),1900,16625.00,8.75,75.98
,,,华达科技(603358.SH),900,16605.00,18.45,-480.22
2020-08-31,127501.22,26968.22,,,,,
,,,纽威股份(603699.SH),700,11445.00,16.35,715.03
,,,渤海轮渡(603167.SH),1500,26400.00,17.6,12943.15
,,,四方科技(603339.SH),1100,11352.00,10.32,-1857.36
,,,众源新材(603527.SH),1100,10648.00,9.68,-1723.68
,,,神力股份(603819.SH),1100,20878.00,18.98,7591.49
,,,豪能股份(603809.SH),700,19810.00,28.3,5868.18
2020-08-28,127817.22,26968.22,,,,,
,,,豪能股份(603809.SH),700,18991.00,27.13,5049.18
,,,纽威股份(603699.SH),700,11438.00,16.34,708.03
,,,渤海轮渡(603167.SH),1500,28950.00,19.3,15493.15
,,,四方科技(603339.SH),1100,11440.00,10.4,-1769.36
,,,众源新材(603527.SH),1100,11055.00,10.05,-1316.68
,,,神力股份(603819.SH),1100,18975.00,17.25,5688.49
2020-08-27,125880.22,26968.22,,,,,
,,,众源新材(603527.SH),1100,10780.00,9.8,-1591.68
,,,四方科技(603339.SH),1100,11253.00,10.23,-1956.36
,,,渤海轮渡(603167.SH),1500,27690.00,18.46,14233.15
,,,豪能股份(603809.SH),700,18725.00,26.75,4783.18
,,,神力股份(603819.SH),1100,19250.00,17.5,5963.49
,,,纽威股份(603699.SH),700,11214.00,16.02,484.03
2020-08-26,126907.22,26968.22,,,,,
,,,纽威股份(603699.SH),700,11046.00,15.78,316.03
,,,众源新材(603527.SH),1100,10648.00,9.68,-1723.68
,,,四方科技(603339.SH),1100,11077.00,10.07,-2132.36
,,,豪能股份(603809.SH),700,18732.00,26.76,4790.18
,,,渤海轮渡(603167.SH),1500,28350.00,18.9,14893.15
,,,神力股份(603819.SH),1100,20086.00,18.26,6799.49
2020-08-25,130795.22,26968.22,,,,,
,,,纽威股份(603699.SH),700,11228.00,16.04,498.03
,,,众源新材(603527.SH),1100,10956.00,9.96,-1415.68
,,,豪能股份(603809.SH),700,19530.00,27.9,5588.18
,,,四方科技(603339.SH),1100,11330.00,10.3,-1879.36
,,,渤海轮渡(603167.SH),1500,31500.00,21,18043.15
,,,神力股份(603819.SH),1100,19283.00,17.53,5996.49
2020-08-24,127466.22,26968.22,,,,,
,,,神力股份(603819.SH),1100,18172.00,16.52,4885.49
,,,四方科技(603339.SH),1100,11418.00,10.38,-1791.36
,,,众源新材(603527.SH),1100,10890.00,9.9,-1481.68
,,,豪能股份(603809.SH),700,19817.00,28.31,5875.18
,,,纽威股份(603699.SH),700,11116.00,15.88,386.03
,,,渤海轮渡(603167.SH),1500,29085.00,19.39,15628.15
2020-08-21,124728.22,26968.22,,,,,
,,,四方科技(603339.SH),1100,11330.00,10.3,-1879.36
,,,纽威股份(603699.SH),700,11312.00,16.16,582.03
,,,众源新材(603527.SH),1100,11044.00,10.04,-1327.68
,,,豪能股份(603809.SH),700,19600.00,28,5658.18
,,,渤海轮渡(603167.SH),1500,26445.00,17.63,12988.15
,,,神力股份(603819.SH),1100,18029.00,16.39,4742.49
2020-08-20,121452.22,26968.22,,,,,
,,,豪能股份(603809.SH),700,18900.00,27,4958.18
,,,神力股份(603819.SH),1100,17930.00,16.3,4643.49
,,,渤海轮渡(603167.SH),1500,24045.00,16.03,10588.15
,,,众源新材(603527.SH),1100,11033.00,10.03,-1338.68
,,,四方科技(603339.SH),1100,11495.00,10.45,-1714.36
,,,纽威股份(603699.SH),700,11081.00,15.83,351.03
2020-08-19,123271.22,26968.22,,,,,
,,,众源新材(603527.SH),1100,11286.00,10.26,-1085.68
,,,神力股份(603819.SH),1100,16368.00,14.88,3081.49
,,,四方科技(603339.SH),1100,12188.00,11.08,-1021.36
,,,豪能股份(603809.SH),700,19635.00,28.05,5693.18
,,,渤海轮渡(603167.SH),1500,25500.00,17,12043.15
,,,纽威股份(603699.SH),700,11326.00,16.18,596.03
2020-08-18,120612.22,26968.22,,,,,
,,,四方科技(603339.SH),1100,11979.00,10.89,-1230.36
,,,渤海轮渡(603167.SH),1500,23745.00,15.83,10288.15
,,,神力股份(603819.SH),1100,16544.00,15.04,3257.49
,,,纽威股份(603699.SH),700,11487.00,16.41,757.03
,,,豪能股份(603809.SH),700,18284.00,26.12,4342.18
,,,众源新材(603527.SH),1100,11605.00,10.55,-766.68
2020-08-17,116612.22,26968.22,,,,,
,,,四方科技(603339.SH),1100,12078.00,10.98,-1131.36
,,,众源新材(603527.SH),1100,11495.00,10.45,-876.68
,,,神力股份(603819.SH),1100,15037.00,13.67,1750.49
,,,纽威股份(603699.SH),700,11249.00,16.07,519.03
,,,豪能股份(603809.SH),700,18200.00,26,4258.18
,,,渤海轮渡(603167.SH),1500,21585.00,14.39,8128.15
2020-08-14,114272.22,26968.22,,,,,
,,,神力股份(603819.SH),1100,15026.00,13.66,1739.49
,,,众源新材(603527.SH),1100,11341.00,10.31,-1030.68
,,,渤海轮渡(603167.SH),1500,19620.00,13.08,6163.15
,,,纽威股份(603699.SH),700,10948.00,15.64,218.03
,,,四方科技(603339.SH),1100,11770.00,10.7,-1439.36
,,,豪能股份(603809.SH),700,18599.00,26.57,4657.18
2020-08-13,115282.22,26968.22,,,,,
,,,神力股份(603819.SH),1100,14674.00,13.34,1387.49
,,,渤海轮渡(603167.SH),1500,21795.00,14.53,8338.15
,,,纽威股份(603699.SH),700,10738.00,15.34,8.03
,,,众源新材(603527.SH),1100,11231.00,10.21,-1140.68
,,,豪能股份(603809.SH),700,18172.00,25.96,4230.18
,,,四方科技(603339.SH),1100,11704.00,10.64,-1505.36
2020-08-12,112184.22,26968.22,,,,,
,,,众源新材(603527.SH),1100,11264.00,10.24,-1107.68
,,,神力股份(603819.SH),1100,15059.00,13.69,1772.49
,,,四方科技(603339.SH),1100,11715.00,10.65,-1494.36
,,,豪能股份(603809.SH),700,16520.00,23.6,2578.18
,,,纽威股份(603699.SH),700,10843.00,15.49,113.03
,,,渤海轮渡(603167.SH),1500,19815.00,13.21,6358.15
2020-08-11,114997.22,26968.22,,,,,
,,,四方科技(603339.SH),1100,11891.00,10.81,-1318.36
,,,纽威股份(603699.SH),700,11193.00,15.99,463.03
,,,神力股份(603819.SH),1100,15279.00,13.89,1992.49
,,,豪能股份(603809.SH),700,17990.00,25.7,4048.18
,,,渤海轮渡(603167.SH),1500,20280.00,13.52,6823.15
,,,众源新材(603527.SH),1100,11396.00,10.36,-975.68
2020-08-10,116395.22,26968.22,,,,,
,,,渤海轮渡(603167.SH),1500,18435.00,12.29,4978.15
,,,豪能股份(603809.SH),700,19985.00,28.55,6043.18
,,,神力股份(603819.SH),1100,15554.00,14.14,2267.49
,,,纽威股份(603699.SH),700,11396.00,16.28,666.03
,,,众源新材(603527.SH),1100,11869.00,10.79,-502.68
,,,四方科技(603339.SH),1100,12188.00,11.08,-1021.36
2020-08-07,113376.22,26968.22,,,,,
,,,渤海轮渡(603167.SH),1500,16755.00,11.17,3298.15
,,,神力股份(603819.SH),1100,15092.00,13.72,1805.49
,,,四方科技(603339.SH),1100,12254.00,11.14,-955.36
,,,纽威股份(603699.SH),700,11382.00,16.26,652.03
,,,豪能股份(603809.SH),700,18550.00,26.5,4608.18
,,,众源新材(603527.SH),1100,12375.00,11.25,3.32
2020-08-06,112064.22,26968.22,,,,,
,,,四方科技(603339.SH),1100,12870.00,11.7,-339.36
,,,豪能股份(603809.SH),700,17801.00,25.43,3859.18
,,,渤海轮渡(603167.SH),1500,15225.00,10.15,1768.15
,,,众源新材(603527.SH),1100,12309.00,11.19,-62.68
,,,神力股份(603819.SH),1100,15103.00,13.73,1816.49
,,,纽威股份(603699.SH),700,11788.00,16.84,1058.03
2020-08-05,109948.22,26968.22,,,,,
,,,纽威股份(603699.SH),700,11760.00,16.8,1030.03
,,,渤海轮渡(603167.SH),1500,14820.00,9.88,1363.15
,,,四方科技(603339.SH),1100,12496.00,11.36,-713.36
,,,豪能股份(603809.SH),700,16184.00,23.12,2242.18
,,,神力股份(603819.SH),1100,15136.00,13.76,1849.49
,,,众源新材(603527.SH),1100,12584.00,11.44,212.32
2020-08-04,107080.22,26968.22,,,,,
,,,众源新材(603527.SH),1100,12914.00,11.74,542.32
,,,四方科技(603339.SH),1100,12826.00,11.66,-383.36
,,,纽威股份(603699.SH),700,11725.00,16.75,995.03
,,,神力股份(603819.SH),1100,14058.00,12.78,771.49
,,,豪能股份(603809.SH),700,14714.00,21.02,772.18
,,,渤海轮渡(603167.SH),1500,13875.00,9.25,418.15
2020-08-03,106282.22,26968.22,,,,,
,,,众源新材(603527.SH),1100,12441.00,11.31,69.32
,,,神力股份(603819.SH),1100,13651.00,12.41,364.49
,,,四方科技(603339.SH),1100,13420.00,12.2,210.64
,,,纽威股份(603699.SH),700,11900.00,17,1170.03
,,,豪能股份(603809.SH),700,14462.00,20.66,520.18
,,,渤海轮渡(603167.SH),1500,13440.00,8.96,-16.85
2020-07-31,105262.15,24848.15,,,,,
,,,皇马科技(603181.SH),500,12515.00,25.03,3431.88
,,,纽威股份(603699.SH),700,11893.00,16.99,1163.03
,,,红蜻蜓(603116.SH),1500,11880.00,7.92,-149.00
,,,宁波高发(603788.SH),700,12040.00,17.2,-667.35
,,,中电电机(603988.SH),800,15680.00,19.6,4572.84
,,,杭叉集团(603298.SH),1300,16406.00,12.62,1890.04
2020-07-30,105336.15,24848.15,,,,,
,,,红蜻蜓(603116.SH),1500,11805.00,7.87,-224.00
,,,宁波高发(603788.SH),700,11956.00,17.08,-751.35
,,,杭叉集团(603298.SH),1300,16484.00,12.68,1968.04
,,,皇马科技(603181.SH),500,12485.00,24.97,3401.88
,,,中电电机(603988.SH),800,15872.00,19.84,4764.84
,,,纽威股份(603699.SH),700,11886.00,16.98,1156.03
2020-07-29,105489.15,24848.15,,,,,
,,,中电电机(603988.SH),800,15264.00,19.08,4156.84
,,,皇马科技(603181.SH),500,12540.00,25.08,3456.88
,,,纽威股份(603699.SH),700,11977.00,17.11,1247.03
,,,宁波高发(603788.SH),700,12320.00,17.6,-387.35
,,,红蜻蜓(603116.SH),1500,12030.00,8.02,1.00
,,,杭叉集团(603298.SH),1300,16510.00,12.7,1994.04
2020-07-28,104193.15,24848.15,,,,,
,,,红蜻蜓(603116.SH),1500,11775.00,7.85,-254.00
,,,中电电机(603988.SH),800,15432.00,19.29,4324.84
,,,杭叉集团(603298.SH),1300,16198.00,12.46,1682.04
,,,皇马科技(603181.SH),500,12490.00,24.98,3406.88
,,,纽威股份(603699.SH),700,11480.00,16.4,750.03
,,,宁波高发(603788.SH),700,11970.00,17.1,-737.35
2020-07-27,101961.15,24848.15,,,,,
,,,皇马科技(603181.SH),500,12250.00,24.5,3166.88
,,,红蜻蜓(603116.SH),1500,11565.00,7.71,-464.00
,,,杭叉集团(603298.SH),1300,16341.00,12.57,1825.04
,,,纽威股份(603699.SH),700,11032.00,15.76,302.03
,,,宁波高发(603788.SH),700,11893.00,16.99,-814.35
,,,中电电机(603988.SH),800,14032.00,17.54,2924.84
2020-07-24,100695.15,24848.15,,,,,
,,,皇马科技(603181.SH),500,11825.00,23.65,2741.88
,,,红蜻蜓(603116.SH),1500,11715.00,7.81,-314.00
,,,宁波高发(603788.SH),700,11991.00,17.13,-716.35
,,,纽威股份(603699.SH),700,11025.00,15.75,295.03
,,,杭叉集团(603298.SH),1300,16419.00,12.63,1903.04
,,,中电电机(603988.SH),800,12872.00,16.09,1764.84
2020-07-23,103475.15,24848.15,,,,,
,,,红蜻蜓(603116.SH),1500,12150.00,8.1,121.00
,,,纽威股份(603699.SH),700,11459.00,16.37,729.03
,,,中电电机(603988.SH),800,13392.00,16.74,2284.84
,,,宁波高发(603788.SH),700,12544.00,17.92,-163.35
,,,皇马科技(603181.SH),500,12000.00,24,2916.88
,,,杭叉集团(603298.SH),1300,17082.00,13.14,2566.04
2020-07-22,103161.15,24848.15,,,,,
,,,中电电机(603988.SH),800,12808.00,16.01,1700.84
,,,宁波高发(603788.SH),700,12873.00,18.39,165.65
,,,皇马科技(603181.SH),500,11870.00,23.74,2786.88
,,,杭叉集团(603298.SH),1300,17004.00,13.08,2488.04
,,,纽威股份(603699.SH),700,11263.00,16.09,533.03
,,,红蜻蜓(603116.SH),1500,12495.00,8.33,466.00
2020-07-21,103841.15,24848.15,,,,,
,,,纽威股份(603699.SH),700,11431.00,16.33,701.03
,,,中电电机(603988.SH),800,12744.00,15.93,1636.84
,,,皇马科技(603181.SH),500,12140.00,24.28,3056.88
,,,杭叉集团(603298.SH),1300,17147.00,13.19,2631.04
,,,红蜻蜓(603116.SH),1500,12735.00,8.49,706.00
,,,宁波高发(603788.SH),700,12796.00,18.28,88.65
2020-07-20,102354.15,24848.15,,,,,
,,,杭叉集团(603298.SH),1300,16783.00,12.91,2267.04
,,,红蜻蜓(603116.SH),1500,12600.00,8.4,571.00
,,,宁波高发(603788.SH),700,12789.00,18.27,81.65
,,,纽威股份(603699.SH),700,11200.00,16,470.03
,,,皇马科技(603181.SH),500,11390.00,22.78,2306.88
,,,中电电机(603988.SH),800,12744.00,15.93,1636.84
2020-07-17,99763.15,24848.15,,,,,
,,,纽威股份(603699.SH),700,10745.00,15.35,15.03
,,,中电电机(603988.SH),800,11912.00,14.89,804.84
,,,杭叉集团(603298.SH),1300,15613.00,12.01,1097.04
,,,皇马科技(603181.SH),500,11195.00,22.39,2111.88
,,,红蜻蜓(603116.SH),1500,13095.00,8.73,1066.00
,,,宁波高发(603788.SH),700,12355.00,17.65,-352.35
2020-07-16,100170.15,24848.15,,,,,
,,,纽威股份(603699.SH),700,11060.00,15.8,330.03
,,,红蜻蜓(603116.SH),1500,13395.00,8.93,1366.00
,,,宁波高发(603788.SH),700,12705.00,18.15,-2.35
,,,中电电机(603988.SH),800,12008.00,15.01,900.84
,,,皇马科技(603181.SH),500,11035.00,22.07,1951.88
,,,杭叉集团(603298.SH),1300,15119.00,11.63,603.04
2020-07-15,104785.15,24848.15,,,,,
,,,红蜻蜓(603116.SH),1500,13755.00,9.17,1726.00
,,,皇马科技(603181.SH),500,11880.00,23.76,2796.88
,,,纽威股份(603699.SH),700,11550.00,16.5,820.03
,,,宁波高发(603788.SH),700,13314.00,19.02,606.65
,,,杭叉集团(603298.SH),1300,16094.00,12.38,1578.04
,,,中电电机(603988.SH),800,13344.00,16.68,2236.84
2020-07-14,104819.15,24848.15,,,,,
,,,纽威股份(603699.SH),700,11823.00,16.89,1093.03
,,,红蜻蜓(603116.SH),1500,13200.00,8.8,1171.00
,,,杭叉集团(603298.SH),1300,16042.00,12.34,1526.04
,,,皇马科技(603181.SH),500,11530.00,23.06,2446.88
,,,宁波高发(603788.SH),700,13496.00,19.28,788.65
,,,中电电机(603988.SH),800,13880.00,17.35,2772.84
2020-07-13,104981.15,24848.15,,,,,
,,,杭叉集团(603298.SH),1300,16185.00,12.45,1669.04
,,,红蜻蜓(603116.SH),1500,13245.00,8.83,1216.00
,,,中电电机(603988.SH),800,13080.00,16.35,1972.84
,,,皇马科技(603181.SH),500,11870.00,23.74,2786.88
,,,宁波高发(603788.SH),700,14105.00,20.15,1397.65
,,,纽威股份(603699.SH),700,11648.00,16.64,918.03
2020-07-10,101652.15,24568.15,,,,,
,,,宁波高发(603788.SH),700,13678.00,19.54,970.65
,,,中电电机(603988.SH),800,12200.00,15.25,1092.84
,,,皇马科技(603181.SH),500,11450.00,22.9,2366.88
,,,红蜻蜓(603116.SH),1500,12615.00,8.41,586.00
,,,纽威股份(603699.SH),700,11788.00,16.84,778.03
,,,杭叉集团(603298.SH),1300,15353.00,11.81,837.04
2020-07-09,102837.15,24568.15,,,,,
,,,杭叉集团(603298.SH),1300,15418.00,11.86,902.04
,,,红蜻蜓(603116.SH),1500,12735.00,8.49,706.00
,,,纽威股份(603699.SH),700,12236.00,17.48,1226.03
,,,皇马科技(603181.SH),500,11215.00,22.43,2131.88
,,,中电电机(603988.SH),800,12784.00,15.98,1676.84
,,,宁波高发(603788.SH),700,13881.00,19.83,1173.65
2020-07-08,101204.15,24568.15,,,,,
,,,皇马科技(603181.SH),500,11145.00,22.29,2061.88
,,,中电电机(603988.SH),800,11624.00,14.53,516.84
,,,红蜻蜓(603116.SH),1500,12810.00,8.54,781.00
,,,纽威股份(603699.SH),700,12285.00,17.55,1275.03
,,,杭叉集团(603298.SH),1300,15353.00,11.81,837.04
,,,宁波高发(603788.SH),700,13419.00,19.17,711.65
2020-07-07,100563.15,24568.15,,,,,
,,,皇马科技(603181.SH),500,11115.00,22.23,2031.88
,,,纽威股份(603699.SH),700,11732.00,16.76,722.03
,,,中电电机(603988.SH),800,11688.00,14.61,580.84
,,,宁波高发(603788.SH),700,13419.00,19.17,711.65
,,,杭叉集团(603298.SH),1300,15171.00,11.67,655.04
,,,红蜻蜓(603116.SH),1500,12870.00,8.58,841.00
2020-07-06,99503.15,24568.15,,,,,
,,,红蜻蜓(603116.SH),1500,12300.00,8.2,271.00
,,,纽威股份(603699.SH),700,11858.00,16.94,848.03
,,,中电电机(603988.SH),800,11504.00,14.38,396.84
,,,宁波高发(603788.SH),700,13034.00,18.62,326.65
,,,杭叉集团(603298.SH),1300,15314.00,11.78,798.04
,,,皇马科技(603181.SH),500,10925.00,21.85,1841.88
2020-07-03,97441.15,24568.15,,,,,
,,,杭叉集团(603298.SH),1300,15080.00,11.6,564.04
,,,皇马科技(603181.SH),500,10820.00,21.64,1736.88
,,,中电电机(603988.SH),800,11240.00,14.05,132.84
,,,宁波高发(603788.SH),700,12467.00,17.81,-240.35
,,,纽威股份(603699.SH),700,11221.00,16.03,211.03
,,,红蜻蜓(603116.SH),1500,12045.00,8.03,16.00
2020-07-02,97630.15,24568.15,,,,,
,,,皇马科技(603181.SH),500,10930.00,21.86,1846.88
,,,红蜻蜓(603116.SH),1500,12270.00,8.18,241.00
,,,宁波高发(603788.SH),700,12523.00,17.89,-184.35
,,,杭叉集团(603298.SH),1300,14755.00,11.35,239.04
,,,中电电机(603988.SH),800,11440.00,14.3,332.84
,,,纽威股份(603699.SH),700,11144.00,15.92,134.03
2020-07-01,96540.15,24568.15,,,,,
,,,宁波高发(603788.SH),700,12894.00,18.42,186.65
,,,杭叉集团(603298.SH),1300,14014.00,10.78,-501.96
,,,中电电机(603988.SH),800,10824.00,13.53,-283.16
,,,红蜻蜓(603116.SH),1500,11790.00,7.86,-239.00
,,,纽威股份(603699.SH),700,11305.00,16.15,295.03
,,,皇马科技(603181.SH),500,11145.00,22.29,2061.88
2020-06-30,97214.10,24477.10,,,,,
,,,皇马科技(603181.SH),500,11350.00,22.7,2266.88
,,,国泰集团(603977.SH),1200,9312.00,7.76,-348.27
,,,ST美克(600337.SH),3000,13260.00,4.42,-602.66
,,,豫园股份(600655.SH),2100,18606.00,8.86,1744.90
,,,道明光学(002632.SZ),1200,10164.00,8.47,58.77
,,,祥和实业(603500.SH),700,10045.00,14.35,290.54
2020-06-29,96349.10,24477.10,,,,,
,,,豫园股份(600655.SH),2100,18291.00,8.71,1429.90
,,,祥和实业(603500.SH),700,9842.00,14.06,87.54
,,,皇马科技(603181.SH),500,10895.00,21.79,1811.88
,,,国泰集团(603977.SH),1200,9324.00,7.77,-336.27
,,,道明光学(002632.SZ),1200,10140.00,8.45,34.77
,,,ST美克(600337.SH),3000,13380.00,4.46,-482.66
2020-06-24,97289.10,24477.10,,,,,
,,,道明光学(002632.SZ),1200,10368.00,8.64,262.77
,,,祥和实业(603500.SH),700,10122.00,14.46,367.54
,,,皇马科技(603181.SH),500,10850.00,21.7,1766.88
,,,ST美克(600337.SH),3000,13800.00,4.6,-62.66
,,,国泰集团(603977.SH),1200,9192.00,7.66,-468.27
,,,豫园股份(600655.SH),2100,18480.00,8.8,1618.90
2020-06-23,97212.10,24477.10,,,,,
,,,ST美克(600337.SH),3000,13680.00,4.56,-182.66
,,,国泰集团(603977.SH),1200,9216.00,7.68,-444.27
,,,皇马科技(603181.SH),500,10725.00,21.45,1641.88
,,,道明光学(002632.SZ),1200,10344.00,8.62,238.77
,,,豫园股份(600655.SH),2100,18501.00,8.81,1639.90
,,,祥和实业(603500.SH),700,10269.00,14.67,514.54
2020-06-22,97791.10,24477.10,,,,,
,,,国泰集团(603977.SH),1200,9264.00,7.72,-396.27
,,,皇马科技(603181.SH),500,10435.00,20.87,1351.88
,,,道明光学(002632.SZ),1200,10272.00,8.56,166.77
,,,豫园股份(600655.SH),2100,18501.00,8.81,1639.90
,,,ST美克(600337.SH),3000,14370.00,4.79,507.34
,,,祥和实业(603500.SH),700,10472.00,14.96,717.54
2020-06-19,98575.10,24477.10,,,,,
,,,皇马科技(603181.SH),500,10660.00,21.32,1576.88
,,,豫园股份(600655.SH),2100,19278.00,9.18,2416.90
,,,祥和实业(603500.SH),700,10416.00,14.88,661.54
,,,道明光学(002632.SZ),1200,10308.00,8.59,202.77
,,,国泰集团(603977.SH),1200,9336.00,7.78,-324.27
,,,ST美克(600337.SH),3000,14100.00,4.7,237.34
2020-06-18,97141.10,24477.10,,,,,
,,,道明光学(002632.SZ),1200,10524.00,8.77,418.77
,,,祥和实业(603500.SH),700,10059.00,14.37,304.54
,,,国泰集团(603977.SH),1200,9336.00,7.78,-324.27
,,,豫园股份(600655.SH),2100,17955.00,8.55,1093.90
,,,皇马科技(603181.SH),500,10660.00,21.32,1576.88
,,,ST美克(600337.SH),3000,14130.00,4.71,267.34
2020-06-17,97912.10,24477.10,,,,,
,,,国泰集团(603977.SH),1200,9324.00,7.77,-336.27
,,,ST美克(600337.SH),3000,14190.00,4.73,327.34
,,,祥和实业(603500.SH),700,10094.00,14.42,339.54
,,,道明光学(002632.SZ),1200,10752.00,8.96,646.77
,,,皇马科技(603181.SH),500,10910.00,21.82,1826.88
,,,豫园股份(600655.SH),2100,18165.00,8.65,1303.90
2020-06-16,97684.10,23832.10,,,,,
,,,豫园股份(600655.SH),2100,18417.00,8.77,946.90
,,,ST美克(600337.SH),3000,14280.00,4.76,417.34
,,,祥和实业(603500.SH),700,10101.00,14.43,346.54
,,,皇马科技(603181.SH),500,10810.00,21.62,1726.88
,,,道明光学(002632.SZ),1200,10800.00,9,658.77
,,,国泰集团(603977.SH),1200,9444.00,7.87,-216.27
2020-06-15,96955.10,23832.10,,,,,
,,,ST美克(600337.SH),3000,14340.00,4.78,477.34
,,,豫园股份(600655.SH),2100,18249.00,8.69,778.90
,,,祥和实业(603500.SH),700,9982.00,14.26,227.54
,,,道明光学(002632.SZ),1200,10596.00,8.83,454.77
,,,国泰集团(603977.SH),1200,9456.00,7.88,-204.27
,,,皇马科技(603181.SH),500,10500.00,21,1416.88
2020-06-12,98515.10,23832.10,,,,,
,,,祥和实业(603500.SH),700,10409.00,14.87,654.54
,,,ST美克(600337.SH),3000,15450.00,5.15,1587.34
,,,道明光学(002632.SZ),1200,10428.00,8.69,286.77
,,,国泰集团(603977.SH),1200,9636.00,8.03,-24.27
,,,豫园股份(600655.SH),2100,18270.00,8.7,799.90
,,,皇马科技(603181.SH),500,10490.00,20.98,1406.88
2020-06-11,98222.10,23832.10,,,,,
,,,皇马科技(603181.SH),500,10455.00,20.91,1371.88
,,,ST美克(600337.SH),3000,15300.00,5.1,1437.34
,,,道明光学(002632.SZ),1200,10224.00,8.52,82.77
,,,豫园股份(600655.SH),2100,18228.00,8.68,757.90
,,,国泰集团(603977.SH),1200,9648.00,8.04,-12.27
,,,祥和实业(603500.SH),700,10535.00,15.05,780.54
2020-06-10,98999.10,23832.10,,,,,
,,,祥和实业(603500.SH),700,10682.00,15.26,927.54
,,,国泰集团(603977.SH),1200,9840.00,8.2,179.73
,,,道明光学(002632.SZ),1200,10116.00,8.43,-25.23
,,,豫园股份(600655.SH),2100,18354.00,8.74,883.90
,,,皇马科技(603181.SH),500,10635.00,21.27,1551.88
,,,ST美克(600337.SH),3000,15540.00,5.18,1677.34
2020-06-09,98475.10,23832.10,,,,,
,,,祥和实业(603500.SH),700,10598.00,15.14,843.54
,,,道明光学(002632.SZ),1200,9816.00,8.18,-325.23
,,,皇马科技(603181.SH),500,10375.00,20.75,1291.88
,,,国泰集团(603977.SH),1200,10008.00,8.34,347.73
,,,ST美克(600337.SH),3000,15240.00,5.08,1377.34
,,,豫园股份(600655.SH),2100,18606.00,8.86,1135.90
2020-06-08,97974.10,23832.10,,,,,
,,,ST美克(600337.SH),3000,15300.00,5.1,1437.34
,,,国泰集团(603977.SH),1200,9396.00,7.83,-264.27
,,,皇马科技(603181.SH),500,10305.00,20.61,1221.88
,,,道明光学(002632.SZ),1200,10056.00,8.38,-85.23
,,,豫园股份(600655.SH),2100,18564.00,8.84,1093.90
,,,祥和实业(603500.SH),700,10521.00,15.03,766.54
2020-06-05,98904.10,23832.10,,,,,
,,,皇马科技(603181.SH),500,10035.00,20.07,951.88
,,,豫园股份(600655.SH),2100,19152.00,9.12,1681.90
,,,国泰集团(603977.SH),1200,9456.00,7.88,-204.27
,,,ST美克(600337.SH),3000,14490.00,4.83,627.34
,,,祥和实业(603500.SH),700,10815.00,15.45,1060.54
,,,道明光学(002632.SZ),1200,11124.00,9.27,982.77
2020-06-04,98254.10,23832.10,,,,,
,,,ST美克(600337.SH),3000,14550.00,4.85,687.34
,,,祥和实业(603500.SH),700,10808.00,15.44,1053.54
,,,道明光学(002632.SZ),1200,11256.00,9.38,1114.77
,,,皇马科技(603181.SH),500,10025.00,20.05,941.88
,,,国泰集团(603977.SH),1200,9576.00,7.98,-84.27
,,,豫园股份(600655.SH),2100,18207.00,8.67,736.90
2020-06-03,97228.10,23832.10,,,,,
,,,祥和实业(603500.SH),700,10500.00,15,745.54
,,,豫园股份(600655.SH),2100,17766.00,8.46,295.90
,,,国泰集团(603977.SH),1200,9768.00,8.14,107.73
,,,道明光学(002632.SZ),1200,10692.00,8.91,550.77
,,,皇马科技(603181.SH),500,10180.00,20.36,1096.88
,,,ST美克(600337.SH),3000,14490.00,4.83,627.34
2020-06-02,96768.10,23832.10,,,,,
,,,豫园股份(600655.SH),2100,18039.00,8.59,568.90
,,,祥和实业(603500.SH),700,10892.00,15.56,1137.54
,,,道明光学(002632.SZ),1200,10032.00,8.36,-109.23
,,,皇马科技(603181.SH),500,10045.00,20.09,961.88
,,,ST美克(600337.SH),3000,14400.00,4.8,537.34
,,,国泰集团(603977.SH),1200,9528.00,7.94,-132.27
2020-06-01,96192.10,23832.10,,,,,
,,,豫园股份(600655.SH),2100,17388.00,8.28,-82.10
,,,祥和实业(603500.SH),700,10906.00,15.58,1151.54
,,,道明光学(002632.SZ),1200,9804.00,8.17,-337.23
,,,国泰集团(603977.SH),1200,9672.00,8.06,11.73
,,,皇马科技(603181.SH),500,9890.00,19.78,806.88
,,,ST美克(600337.SH),3000,14700.00,4.9,837.34
2020-05-29,94131.43,21655.43,,,,,
,,,祥和实业(603500.SH),700,10766.00,15.38,1011.54
,,,宁沪高速(600377.SH),1400,14084.00,10.06,-580.26
,,,杭州解百(600814.SH),2200,10934.00,4.97,436.06
,,,中原环保(000544.SZ),2200,14036.00,6.38,-805.71
,,,林洋能源(601222.SH),2600,13104.00,5.04,-187.52
,,,道明光学(002632.SZ),1200,9552.00,7.96,-589.23
2020-05-28,93735.43,21655.43,,,,,
,,,道明光学(002632.SZ),1200,9528.00,7.94,-613.23
,,,祥和实业(603500.SH),700,10766.00,15.38,1011.54
,,,杭州解百(600814.SH),2200,10538.00,4.79,40.06
,,,宁沪高速(600377.SH),1400,14126.00,10.09,-538.26
,,,林洋能源(601222.SH),2600,13130.00,5.05,-161.52
,,,中原环保(000544.SZ),2200,13992.00,6.36,-849.71
2020-05-27,93816.43,21655.43,,,,,
,,,道明光学(002632.SZ),1200,9600.00,8,-541.23
,,,杭州解百(600814.SH),2200,10626.00,4.83,128.06
,,,宁沪高速(600377.SH),1400,13846.00,9.89,-818.26
,,,林洋能源(601222.SH),2600,13182.00,5.07,-109.52
,,,祥和实业(603500.SH),700,10871.00,15.53,1116.54
,,,中原环保(000544.SZ),2200,14036.00,6.38,-805.71
2020-05-26,94471.43,21655.43,,,,,
,,,杭州解百(600814.SH),2200,10472.00,4.76,-25.94
,,,祥和实业(603500.SH),700,11102.00,15.86,1347.54
,,,林洋能源(601222.SH),2600,13260.00,5.1,-31.52
,,,宁沪高速(600377.SH),1400,13972.00,9.98,-692.26
,,,中原环保(000544.SZ),2200,14278.00,6.49,-563.71
,,,道明光学(002632.SZ),1200,9732.00,8.11,-409.23
2020-05-25,93662.43,21655.43,,,,,
,,,祥和实业(603500.SH),700,10773.00,15.39,1018.54
,,,道明光学(002632.SZ),1200,9672.00,8.06,-469.23
,,,中原环保(000544.SZ),2200,14080.00,6.4,-761.71
,,,杭州解百(600814.SH),2200,10340.00,4.7,-157.94
,,,林洋能源(601222.SH),2600,13156.00,5.06,-135.52
,,,宁沪高速(600377.SH),1400,13986.00,9.99,-678.26
2020-05-22,93574.43,21655.43,,,,,
,,,杭州解百(600814.SH),2200,10384.00,4.72,-113.94
,,,宁沪高速(600377.SH),1400,13986.00,9.99,-678.26
,,,道明光学(002632.SZ),1200,9528.00,7.94,-613.23
,,,林洋能源(601222.SH),2600,13182.00,5.07,-109.52
,,,祥和实业(603500.SH),700,10759.00,15.37,1004.54
,,,中原环保(000544.SZ),2200,14080.00,6.4,-761.71
2020-05-21,94375.43,21655.43,,,,,
,,,林洋能源(601222.SH),2600,13312.00,5.12,20.48
,,,宁沪高速(600377.SH),1400,14224.00,10.16,-440.26
,,,中原环保(000544.SZ),2200,14146.00,6.43,-695.71
,,,道明光学(002632.SZ),1200,9552.00,7.96,-589.23
,,,杭州解百(600814.SH),2200,10692.00,4.86,194.06
,,,祥和实业(603500.SH),700,10794.00,15.42,1039.54
2020-05-20,95079.43,21655.43,,,,,
,,,杭州解百(600814.SH),2200,10582.00,4.81,84.06
,,,道明光学(002632.SZ),1200,9564.00,7.97,-577.23
,,,宁沪高速(600377.SH),1400,14420.00,10.3,-244.26
,,,林洋能源(601222.SH),2600,13442.00,5.17,150.48
,,,祥和实业(603500.SH),700,11116.00,15.88,1361.54
,,,中原环保(000544.SZ),2200,14300.00,6.5,-541.71
2020-05-19,96227.43,21655.43,,,,,
,,,林洋能源(601222.SH),2600,13520.00,5.2,228.48
,,,宁沪高速(600377.SH),1400,14630.00,10.45,-34.26
,,,祥和实业(603500.SH),700,11466.00,16.38,1711.54
,,,杭州解百(600814.SH),2200,10604.00,4.82,106.06
,,,中原环保(000544.SZ),2200,14608.00,6.64,-233.71
,,,道明光学(002632.SZ),1200,9744.00,8.12,-397.23
2020-05-18,95854.43,21655.43,,,,,
,,,中原环保(000544.SZ),2200,14740.00,6.7,-101.71
,,,杭州解百(600814.SH),2200,10604.00,4.82,106.06
,,,宁沪高速(600377.SH),1400,14448.00,10.32,-216.26
,,,道明光学(002632.SZ),1200,9804.00,8.17,-337.23
,,,林洋能源(601222.SH),2600,13494.00,5.19,202.48
,,,祥和实业(603500.SH),700,11109.00,15.87,1354.54
2020-05-15,95540.43,21105.43,,,,,
,,,中原环保(000544.SZ),2200,15158.00,6.89,-233.71
,,,林洋能源(601222.SH),2600,13442.00,5.17,150.48
,,,祥和实业(603500.SH),700,11165.00,15.95,1410.54
,,,杭州解百(600814.SH),2200,10582.00,4.81,84.06
,,,宁沪高速(600377.SH),1400,14308.00,10.22,-356.26
,,,道明光学(002632.SZ),1200,9780.00,8.15,-361.23
2020-05-14,95722.43,21105.43,,,,,
,,,中原环保(000544.SZ),2200,15092.00,6.86,-299.71
,,,道明光学(002632.SZ),1200,9780.00,8.15,-361.23
,,,宁沪高速(600377.SH),1400,14462.00,10.33,-202.26
,,,祥和实业(603500.SH),700,11291.00,16.13,1536.54
,,,林洋能源(601222.SH),2600,13520.00,5.2,228.48
,,,杭州解百(600814.SH),2200,10472.00,4.76,-25.94
2020-05-13,96496.43,21105.43,,,,,
,,,宁沪高速(600377.SH),1400,14588.00,10.42,-76.26
,,,祥和实业(603500.SH),700,11445.00,16.35,1690.54
,,,林洋能源(601222.SH),2600,13702.00,5.27,410.48
,,,道明光学(002632.SZ),1200,9828.00,8.19,-313.23
,,,中原环保(000544.SZ),2200,15246.00,6.93,-145.71
,,,杭州解百(600814.SH),2200,10582.00,4.81,84.06
2020-05-12,96450.43,21105.43,,,,,
,,,道明光学(002632.SZ),1200,9840.00,8.2,-301.23
,,,林洋能源(601222.SH),2600,13442.00,5.17,150.48
,,,祥和实业(603500.SH),700,11725.00,16.75,1970.54
,,,中原环保(000544.SZ),2200,15312.00,6.96,-79.71
,,,杭州解百(600814.SH),2200,10494.00,4.77,-3.94
,,,宁沪高速(600377.SH),1400,14532.00,10.38,-132.26
2020-05-11,97134.43,21105.43,,,,,
,,,杭州解百(600814.SH),2200,10626.00,4.83,128.06
,,,宁沪高速(600377.SH),1400,14686.00,10.49,21.74
,,,道明光学(002632.SZ),1200,10080.00,8.4,-61.23
,,,中原环保(000544.SZ),2200,15554.00,7.07,162.29
,,,林洋能源(601222.SH),2600,13442.00,5.17,150.48
,,,祥和实业(603500.SH),700,11641.00,16.63,1886.54
2020-05-08,97225.43,21105.43,,,,,
,,,宁沪高速(600377.SH),1400,14770.00,10.55,105.74
,,,祥和实业(603500.SH),700,11410.00,16.3,1655.54
,,,中原环保(000544.SZ),2200,15422.00,7.01,30.29
,,,林洋能源(601222.SH),2600,13494.00,5.19,202.48
,,,道明光学(002632.SZ),1200,10464.00,8.72,322.77
,,,杭州解百(600814.SH),2200,10560.00,4.8,62.06
2020-05-07,96751.43,21105.43,,,,,
,,,祥和实业(603500.SH),700,11368.00,16.24,1613.54
,,,杭州解百(600814.SH),2200,10318.00,4.69,-179.94
,,,道明光学(002632.SZ),1200,10212.00,8.51,70.77
,,,林洋能源(601222.SH),2600,13390.00,5.15,98.48
,,,宁沪高速(600377.SH),1400,14826.00,10.59,161.74
,,,中原环保(000544.SZ),2200,15532.00,7.06,140.29
2020-05-06,96611.43,21105.43,,,,,
,,,祥和实业(603500.SH),700,10668.00,15.24,913.54
,,,宁沪高速(600377.SH),1400,14476.00,10.34,-188.26
,,,道明光学(002632.SZ),1200,10296.00,8.58,154.77
,,,林洋能源(601222.SH),2600,13468.00,5.18,176.48
,,,杭州解百(600814.SH),2200,10538.00,4.79,40.06
,,,中原环保(000544.SZ),2200,16060.00,7.3,668.29
2020-04-30,95644.05,21816.45,,,,,
,,,葵花药业(002737.SZ),1000,13900.00,13.9,117.50
,,,承德露露(000848.SZ),1870,11369.60,6.08,-304.37
,,,兰花科创(600123.SH),2200,10670.00,4.85,-819.92
,,,华邦健康(002004.SZ),2600,13936.00,5.36,1347.88
,,,王府井(600859.SH),1000,12990.00,12.99,850.78
,,,华谊集团(600623.SH),2100,10962.00,5.22,-300.47
2020-04-29,94924.55,21816.45,,,,,
,,,华谊集团(600623.SH),2100,10836.00,5.16,-426.47
,,,承德露露(000848.SZ),1870,11276.10,6.03,-397.87
,,,葵花药业(002737.SZ),1000,13640.00,13.64,-142.50
,,,兰花科创(600123.SH),2200,10538.00,4.79,-951.92
,,,王府井(600859.SH),1000,12570.00,12.57,430.78
,,,华邦健康(002004.SZ),2600,14248.00,5.48,1659.88
2020-04-28,94494.45,21476.45,,,,,
,,,兰花科创(600123.SH),2200,10560.00,4.8,-929.92
,,,葵花药业(002737.SZ),1000,13710.00,13.71,-72.50
,,,承德露露(000848.SZ),1700,11730.00,6.9,-283.97
,,,王府井(600859.SH),1000,12350.00,12.35,210.78
,,,华邦健康(002004.SZ),2600,13832.00,5.32,1243.88
,,,华谊集团(600623.SH),2100,10836.00,5.16,-426.47
2020-04-27,95821.45,21476.45,,,,,
,,,承德露露(000848.SZ),1700,12155.00,7.15,141.03
,,,葵花药业(002737.SZ),1000,13610.00,13.61,-172.50
,,,兰花科创(600123.SH),2200,11066.00,5.03,-423.92
,,,华谊集团(600623.SH),2100,11172.00,5.32,-90.47
,,,华邦健康(002004.SZ),2600,13702.00,5.27,1113.88
,,,王府井(600859.SH),1000,12640.00,12.64,500.78
2020-04-24,95320.45,21476.45,,,,,
,,,华谊集团(600623.SH),2100,11235.00,5.35,-27.47
,,,华邦健康(002004.SZ),2600,13286.00,5.11,697.88
,,,王府井(600859.SH),1000,12350.00,12.35,210.78
,,,承德露露(000848.SZ),1700,12053.00,7.09,39.03
,,,葵花药业(002737.SZ),1000,13700.00,13.7,-82.50
,,,兰花科创(600123.SH),2200,11220.00,5.1,-269.92
2020-04-23,96627.45,21476.45,,,,,
,,,承德露露(000848.SZ),1700,12563.00,7.39,549.03
,,,兰花科创(600123.SH),2200,11330.00,5.15,-159.92
,,,葵花药业(002737.SZ),1000,14040.00,14.04,257.50
,,,华谊集团(600623.SH),2100,11424.00,5.44,161.53
,,,华邦健康(002004.SZ),2600,13494.00,5.19,905.88
,,,王府井(600859.SH),1000,12300.00,12.3,160.78
2020-04-22,97035.45,21476.45,,,,,
,,,华谊集团(600623.SH),2100,11466.00,5.46,203.53
,,,王府井(600859.SH),1000,12300.00,12.3,160.78
,,,葵花药业(002737.SZ),1000,13890.00,13.89,107.50
,,,兰花科创(600123.SH),2200,11462.00,5.21,-27.92
,,,承德露露(000848.SZ),1700,12869.00,7.57,855.03
,,,华邦健康(002004.SZ),2600,13572.00,5.22,983.88
2020-04-21,96087.45,21476.45,,,,,
,,,承德露露(000848.SZ),1700,11696.00,6.88,-317.97
,,,华邦健康(002004.SZ),2600,14170.00,5.45,1581.88
,,,王府井(600859.SH),1000,12200.00,12.2,60.78
,,,华谊集团(600623.SH),2100,11319.00,5.39,56.53
,,,兰花科创(600123.SH),2200,11396.00,5.18,-93.92
,,,葵花药业(002737.SZ),1000,13830.00,13.83,47.50
2020-04-20,96729.45,21476.45,,,,,
,,,兰花科创(600123.SH),2200,11506.00,5.23,16.08
,,,承德露露(000848.SZ),1700,11900.00,7,-113.97
,,,华邦健康(002004.SZ),2600,14092.00,5.42,1503.88
,,,王府井(600859.SH),1000,12200.00,12.2,60.78
,,,葵花药业(002737.SZ),1000,14110.00,14.11,327.50
,,,华谊集团(600623.SH),2100,11445.00,5.45,182.53
2020-04-17,96325.45,21476.45,,,,,
,,,承德露露(000848.SZ),1700,11883.00,6.99,-130.97
,,,华谊集团(600623.SH),2100,11298.00,5.38,35.53
,,,华邦健康(002004.SZ),2600,14014.00,5.39,1425.88
,,,葵花药业(002737.SZ),1000,14030.00,14.03,247.50
,,,兰花科创(600123.SH),2200,11484.00,5.22,-5.92
,,,王府井(600859.SH),1000,12140.00,12.14,0.78
2020-04-16,96680.45,21476.45,,,,,
,,,葵花药业(002737.SZ),1000,14290.00,14.29,507.50
,,,华邦健康(002004.SZ),2600,14170.00,5.45,1581.88
,,,承德露露(000848.SZ),1700,11781.00,6.93,-232.97
,,,华谊集团(600623.SH),2100,11319.00,5.39,56.53
,,,王府井(600859.SH),1000,12160.00,12.16,20.78
,,,兰花科创(600123.SH),2200,11484.00,5.22,-5.92
2020-04-15,96208.45,21476.45,,,,,
,,,承德露露(000848.SZ),1700,12002.00,7.06,-11.97
,,,华邦健康(002004.SZ),2600,13416.00,5.16,827.88
,,,葵花药业(002737.SZ),1000,14350.00,14.35,567.50
,,,华谊集团(600623.SH),2100,11298.00,5.38,35.53
,,,王府井(600859.SH),1000,12160.00,12.16,20.78
,,,兰花科创(600123.SH),2200,11506.00,5.23,16.08
2020-04-14,96421.45,21476.45,,,,,
,,,兰花科创(600123.SH),2200,11594.00,5.27,104.08
,,,承德露露(000848.SZ),1700,12087.00,7.11,73.03
,,,葵花药业(002737.SZ),1000,14060.00,14.06,277.50
,,,华谊集团(600623.SH),2100,11424.00,5.44,161.53
,,,王府井(600859.SH),1000,12130.00,12.13,-9.22
,,,华邦健康(002004.SZ),2600,13650.00,5.25,1061.88
2020-04-13,95662.45,21476.45,,,,,
,,,王府井(600859.SH),1000,12000.00,12,-139.22
,,,葵花药业(002737.SZ),1000,13910.00,13.91,127.50
,,,华谊集团(600623.SH),2100,11256.00,5.36,-6.47
,,,承德露露(000848.SZ),1700,11730.00,6.9,-283.97
,,,兰花科创(600123.SH),2200,11484.00,5.22,-5.92
,,,华邦健康(002004.SZ),2600,13806.00,5.31,1217.88
2020-04-10,95175.45,21476.45,,,,,
,,,葵花药业(002737.SZ),1000,13760.00,13.76,-22.50
,,,承德露露(000848.SZ),1700,11713.00,6.89,-300.97
,,,兰花科创(600123.SH),2200,11528.00,5.24,38.08
,,,华邦健康(002004.SZ),2600,13286.00,5.11,697.88
,,,华谊集团(600623.SH),2100,11382.00,5.42,119.53
,,,王府井(600859.SH),1000,12030.00,12.03,-109.22
2020-04-09,95782.45,21476.45,,,,,
,,,承德露露(000848.SZ),1700,12019.00,7.07,5.03
,,,兰花科创(600123.SH),2200,11660.00,5.3,170.08
,,,葵花药业(002737.SZ),1000,13930.00,13.93,147.50
,,,王府井(600859.SH),1000,12220.00,12.22,80.78
,,,华邦健康(002004.SZ),2600,12948.00,4.98,359.88
,,,华谊集团(600623.SH),2100,11529.00,5.49,266.53
2020-04-08,95906.45,21476.45,,,,,
,,,华邦健康(002004.SZ),2600,12948.00,4.98,359.88
,,,承德露露(000848.SZ),1700,12189.00,7.17,175.03
,,,华谊集团(600623.SH),2100,11529.00,5.49,266.53
,,,兰花科创(600123.SH),2200,11704.00,5.32,214.08
,,,葵花药业(002737.SZ),1000,13870.00,13.87,87.50
,,,王府井(600859.SH),1000,12190.00,12.19,50.78
2020-04-07,95658.45,21476.45,,,,,
,,,葵花药业(002737.SZ),1000,13980.00,13.98,197.50
,,,承德露露(000848.SZ),1700,12172.00,7.16,158.03
,,,兰花科创(600123.SH),2200,11638.00,5.29,148.08
,,,华邦健康(002004.SZ),2600,12714.00,4.89,125.88
,,,王府井(600859.SH),1000,12170.00,12.17,30.78
,,,华谊集团(600623.SH),2100,11508.00,5.48,245.53
2020-04-03,94166.45,21476.45,,,,,
,,,王府井(600859.SH),1000,11990.00,11.99,-149.22
,,,承德露露(000848.SZ),1700,11730.00,6.9,-283.97
,,,葵花药业(002737.SZ),1000,13730.00,13.73,-52.50
,,,华谊集团(600623.SH),2100,11298.00,5.38,35.53
,,,兰花科创(600123.SH),2200,11462.00,5.21,-27.92
,,,华邦健康(002004.SZ),2600,12480.00,4.8,-108.12
2020-04-02,94746.45,21476.45,,,,,
,,,兰花科创(600123.SH),2200,11616.00,5.28,126.08
,,,葵花药业(002737.SZ),1000,13700.00,13.7,-82.50
,,,华谊集团(600623.SH),2100,11466.00,5.46,203.53
,,,承德露露(000848.SZ),1700,11798.00,6.94,-215.97
,,,华邦健康(002004.SZ),2600,12610.00,4.85,21.88
,,,王府井(600859.SH),1000,12080.00,12.08,-59.22
2020-04-01,94050.45,21476.45,,,,,
,,,王府井(600859.SH),1000,12000.00,12,-139.22
,,,华邦健康(002004.SZ),2600,12480.00,4.8,-108.12
,,,兰花科创(600123.SH),2200,11440.00,5.2,-49.92
,,,葵花药业(002737.SZ),1000,13570.00,13.57,-212.50
,,,华谊集团(600623.SH),2100,11235.00,5.35,-27.47
,,,承德露露(000848.SZ),1700,11849.00,6.97,-164.97
2020-03-31,95263.44,21691.44,,,,,
,,,中国汽研(601965.SH),1500,13395.00,8.93,524.32
,,,梦洁股份(002397.SZ),2400,10656.00,4.44,-1517.29
,,,武进不锈(603878.SH),1200,13548.00,11.29,668.31
,,,三星电气(601567.SH),1600,11808.00,7.38,-1327.21
,,,上海石化(600688.SH),3300,12837.00,3.89,-1055.72
,,,凌霄泵业(002884.SZ),800,11328.00,14.16,-2448.49
2020-03-30,95853.44,21691.44,,,,,
,,,三星电气(601567.SH),1600,11968.00,7.48,-1167.21
,,,凌霄泵业(002884.SZ),800,12712.00,15.89,-1064.49
,,,梦洁股份(002397.SZ),2400,11088.00,4.62,-1085.29
,,,中国汽研(601965.SH),1500,12660.00,8.44,-210.68
,,,上海石化(600688.SH),3300,12870.00,3.9,-1022.72
,,,武进不锈(603878.SH),1200,12864.00,10.72,-15.69
2020-03-27,97512.44,21691.44,,,,,
,,,中国汽研(601965.SH),1500,13170.00,8.78,299.32
,,,凌霄泵业(002884.SZ),800,12712.00,15.89,-1064.49
,,,三星电气(601567.SH),1600,12208.00,7.63,-927.21
,,,武进不锈(603878.SH),1200,12900.00,10.75,20.31
,,,上海石化(600688.SH),3300,13167.00,3.99,-725.72
,,,梦洁股份(002397.SZ),2400,11664.00,4.86,-509.29
2020-03-26,96039.44,21691.44,,,,,
,,,凌霄泵业(002884.SZ),800,12712.00,15.89,-1064.49
,,,上海石化(600688.SH),3300,13233.00,4.01,-659.72
,,,武进不锈(603878.SH),1200,12528.00,10.44,-351.69
,,,中国汽研(601965.SH),1500,12915.00,8.61,44.32
,,,梦洁股份(002397.SZ),2400,10896.00,4.54,-1277.29
,,,三星电气(601567.SH),1600,12064.00,7.54,-1071.21
2020-03-25,96645.44,21691.44,,,,,
,,,三星电气(601567.SH),1600,12304.00,7.69,-831.21
,,,上海石化(600688.SH),3300,13431.00,4.07,-461.72
,,,武进不锈(603878.SH),1200,12588.00,10.49,-291.69
,,,凌霄泵业(002884.SZ),800,12712.00,15.89,-1064.49
,,,中国汽研(601965.SH),1500,12855.00,8.57,-15.68
,,,梦洁股份(002397.SZ),2400,11064.00,4.61,-1109.29
2020-03-24,94960.44,21691.44,,,,,
,,,武进不锈(603878.SH),1200,12492.00,10.41,-387.69
,,,中国汽研(601965.SH),1500,12255.00,8.17,-615.68
,,,上海石化(600688.SH),3300,13002.00,3.94,-890.72
,,,三星电气(601567.SH),1600,12080.00,7.55,-1055.21
,,,梦洁股份(002397.SZ),2400,10728.00,4.47,-1445.29
,,,凌霄泵业(002884.SZ),800,12712.00,15.89,-1064.49
2020-03-23,93686.44,21691.44,,,,,
,,,凌霄泵业(002884.SZ),800,12712.00,15.89,-1064.49
,,,梦洁股份(002397.SZ),2400,10704.00,4.46,-1469.29
,,,武进不锈(603878.SH),1200,12204.00,10.17,-675.69
,,,中国汽研(601965.SH),1500,11745.00,7.83,-1125.68
,,,上海石化(600688.SH),3300,12870.00,3.9,-1022.72
,,,三星电气(601567.SH),1600,11760.00,7.35,-1375.21
2020-03-20,96141.44,21691.44,,,,,
,,,凌霄泵业(002884.SZ),800,12712.00,15.89,-1064.49
,,,中国汽研(601965.SH),1500,12435.00,8.29,-435.68
,,,武进不锈(603878.SH),1200,12444.00,10.37,-435.69
,,,梦洁股份(002397.SZ),2400,10776.00,4.49,-1397.29
,,,上海石化(600688.SH),3300,13827.00,4.19,-65.72
,,,三星电气(601567.SH),1600,12256.00,7.66,-879.21
2020-03-19,95525.44,21691.44,,,,,
,,,中国汽研(601965.SH),1500,12270.00,8.18,-600.68
,,,上海石化(600688.SH),3300,13728.00,4.16,-164.72
,,,梦洁股份(002397.SZ),2400,10560.00,4.4,-1613.29
,,,三星电气(601567.SH),1600,12016.00,7.51,-1119.21
,,,凌霄泵业(002884.SZ),800,13032.00,16.29,-744.49
,,,武进不锈(603878.SH),1200,12228.00,10.19,-651.69
2020-03-18,95747.44,21691.44,,,,,
,,,梦洁股份(002397.SZ),2400,10704.00,4.46,-1469.29
,,,三星电气(601567.SH),1600,11984.00,7.49,-1151.21
,,,中国汽研(601965.SH),1500,12225.00,8.15,-645.68
,,,武进不锈(603878.SH),1200,12132.00,10.11,-747.69
,,,上海石化(600688.SH),3300,14091.00,4.27,198.28
,,,凌霄泵业(002884.SZ),800,12920.00,16.15,-856.49
2020-03-17,97140.44,21691.44,,,,,
,,,梦洁股份(002397.SZ),2400,11064.00,4.61,-1109.29
,,,三星电气(601567.SH),1600,12256.00,7.66,-879.21
,,,中国汽研(601965.SH),1500,12150.00,8.1,-720.68
,,,上海石化(600688.SH),3300,13959.00,4.23,66.28
,,,凌霄泵业(002884.SZ),800,13792.00,17.24,15.51
,,,武进不锈(603878.SH),1200,12228.00,10.19,-651.69
2020-03-16,98706.44,21691.44,,,,,
,,,梦洁股份(002397.SZ),2400,11544.00,4.81,-629.29
,,,中国汽研(601965.SH),1500,12315.00,8.21,-555.68
,,,武进不锈(603878.SH),1200,12132.00,10.11,-747.69
,,,上海石化(600688.SH),3300,14784.00,4.48,891.28
,,,三星电气(601567.SH),1600,12320.00,7.7,-815.21
,,,凌霄泵业(002884.SZ),800,13920.00,17.4,143.51
2020-03-13,99940.44,21691.44,,,,,
,,,三星电气(601567.SH),1600,12928.00,8.08,-207.21
,,,凌霄泵业(002884.SZ),800,14528.00,18.16,751.51
,,,武进不锈(603878.SH),1200,12384.00,10.32,-495.69
,,,上海石化(600688.SH),3300,13695.00,4.15,-197.72
,,,中国汽研(601965.SH),1500,13050.00,8.7,179.32
,,,梦洁股份(002397.SZ),2400,11664.00,4.86,-509.29
2020-03-12,102428.44,21691.44,,,,,
,,,凌霄泵业(002884.SZ),800,14496.00,18.12,719.51
,,,武进不锈(603878.SH),1200,12708.00,10.59,-171.69
,,,中国汽研(601965.SH),1500,13620.00,9.08,749.32
,,,三星电气(601567.SH),1600,12880.00,8.05,-255.21
,,,梦洁股份(002397.SZ),2400,12480.00,5.2,306.71
,,,上海石化(600688.SH),3300,14553.00,4.41,660.28
2020-03-11,105447.44,21691.44,,,,,
,,,上海石化(600688.SH),3300,16170.00,4.9,2277.28
,,,凌霄泵业(002884.SZ),800,14824.00,18.53,1047.51
,,,武进不锈(603878.SH),1200,13068.00,10.89,188.31
,,,三星电气(601567.SH),1600,13408.00,8.38,272.79
,,,梦洁股份(002397.SZ),2400,12216.00,5.09,42.71
,,,中国汽研(601965.SH),1500,14070.00,9.38,1199.32
2020-03-10,108003.44,21691.44,,,,,
,,,上海石化(600688.SH),3300,17292.00,5.24,3399.28
,,,凌霄泵业(002884.SZ),800,15088.00,18.86,1311.51
,,,中国汽研(601965.SH),1500,14160.00,9.44,1289.32
,,,梦洁股份(002397.SZ),2400,12672.00,5.28,498.71
,,,三星电气(601567.SH),1600,13840.00,8.65,704.79
,,,武进不锈(603878.SH),1200,13260.00,11.05,380.31
2020-03-09,107299.44,21691.44,,,,,
,,,三星电气(601567.SH),1600,13808.00,8.63,672.79
,,,上海石化(600688.SH),3300,16335.00,4.95,2442.28
,,,武进不锈(603878.SH),1200,13152.00,10.96,272.31
,,,梦洁股份(002397.SZ),2400,13440.00,5.6,1266.71
,,,中国汽研(601965.SH),1500,14145.00,9.43,1274.32
,,,凌霄泵业(002884.SZ),800,14728.00,18.41,951.51
2020-03-06,107889.44,21691.44,,,,,
,,,梦洁股份(002397.SZ),2400,13680.00,5.7,1506.71
,,,三星电气(601567.SH),1600,14368.00,8.98,1232.79
,,,中国汽研(601965.SH),1500,14640.00,9.76,1769.32
,,,凌霄泵业(002884.SZ),800,15040.00,18.8,1263.51
,,,武进不锈(603878.SH),1200,13620.00,11.35,740.31
,,,上海石化(600688.SH),3300,14850.00,4.5,957.28
2020-03-05,105154.44,21691.44,,,,,
,,,中国汽研(601965.SH),1500,14490.00,9.66,1619.32
,,,武进不锈(603878.SH),1200,13788.00,11.49,908.31
,,,梦洁股份(002397.SZ),2400,12432.00,5.18,258.71
,,,三星电气(601567.SH),1600,14144.00,8.84,1008.79
,,,上海石化(600688.SH),3300,13497.00,4.09,-395.72
,,,凌霄泵业(002884.SZ),800,15112.00,18.89,1335.51
2020-03-04,103758.44,21691.44,,,,,
,,,中国汽研(601965.SH),1500,13455.00,8.97,584.32
,,,武进不锈(603878.SH),1200,13776.00,11.48,896.31
,,,凌霄泵业(002884.SZ),800,15280.00,19.1,1503.51
,,,上海石化(600688.SH),3300,13596.00,4.12,-296.72
,,,三星电气(601567.SH),1600,13696.00,8.56,560.79
,,,梦洁股份(002397.SZ),2400,12264.00,5.11,90.71
2020-03-03,102797.44,21691.44,,,,,
,,,三星电气(601567.SH),1600,13808.00,8.63,672.79
,,,上海石化(600688.SH),3300,13794.00,4.18,-98.72
,,,梦洁股份(002397.SZ),2400,12504.00,5.21,330.71
,,,中国汽研(601965.SH),1500,13140.00,8.76,269.32
,,,武进不锈(603878.SH),1200,13308.00,11.09,428.31
,,,凌霄泵业(002884.SZ),800,14552.00,18.19,775.51
2020-03-02,102499.44,21691.44,,,,,
,,,中国汽研(601965.SH),1500,13080.00,8.72,209.32
,,,凌霄泵业(002884.SZ),800,14280.00,17.85,503.51
,,,三星电气(601567.SH),1600,13776.00,8.61,640.79
,,,梦洁股份(002397.SZ),2400,12672.00,5.28,498.71
,,,武进不锈(603878.SH),1200,13272.00,11.06,392.31
,,,上海石化(600688.SH),3300,13728.00,4.16,-164.72
2020-02-28,99005.74,633.74,,,,,
,,,林洋能源(601222.SH),2900,14964.00,5.16,720.58
,,,盘江股份(600395.SH),1900,10469.00,5.51,-1244.37
,,,岱美股份(603730.SH),400,13068.00,32.67,930.78
,,,永艺股份(603600.SH),900,10548.00,11.72,-549.14
,,,天创时尚(603608.SH),1300,12259.00,9.43,-290.04
,,,武进不锈(603878.SH),800,8448.00,10.56,-142.14
,,,润达医疗(603108.SH),1600,16640.00,10.4,1340.47
,,,志邦家居(603801.SH),600,11976.00,19.96,-1760.41
2020-02-27,104656.74,633.74,,,,,
,,,岱美股份(603730.SH),400,14408.00,36.02,2270.78
,,,林洋能源(601222.SH),2900,15660.00,5.4,1416.58
,,,天创时尚(603608.SH),1300,13624.00,10.48,1074.96
,,,志邦家居(603801.SH),600,12702.00,21.17,-1034.41
,,,盘江股份(600395.SH),1900,10887.00,5.73,-826.37
,,,永艺股份(603600.SH),900,10782.00,11.98,-315.14
,,,润达医疗(603108.SH),1600,17120.00,10.7,1820.47
,,,武进不锈(603878.SH),800,8840.00,11.05,249.86
2020-02-26,104944.74,633.74,,,,,
,,,润达医疗(603108.SH),1600,17280.00,10.8,1980.47
,,,永艺股份(603600.SH),900,10656.00,11.84,-441.14
,,,盘江股份(600395.SH),1900,11096.00,5.84,-617.37
,,,武进不锈(603878.SH),800,8848.00,11.06,257.86
,,,天创时尚(603608.SH),1300,14222.00,10.94,1672.96
,,,岱美股份(603730.SH),400,13804.00,34.51,1666.78
,,,志邦家居(603801.SH),600,12948.00,21.58,-788.41
,,,林洋能源(601222.SH),2900,15457.00,5.33,1213.58
2020-02-25,106661.74,633.74,,,,,
,,,志邦家居(603801.SH),600,12720.00,21.2,-1016.41
,,,林洋能源(601222.SH),2900,15805.00,5.45,1561.58
,,,武进不锈(603878.SH),800,8704.00,10.88,113.86
,,,盘江股份(600395.SH),1900,10811.00,5.69,-902.37
,,,岱美股份(603730.SH),400,14608.00,36.52,2470.78
,,,润达医疗(603108.SH),1600,18224.00,11.39,2924.47
,,,永艺股份(603600.SH),900,11025.00,12.25,-72.14
,,,天创时尚(603608.SH),1300,14131.00,10.87,1581.96
2020-02-24,108563.74,633.74,,,,,
,,,天创时尚(603608.SH),1300,14625.00,11.25,2075.96
,,,永艺股份(603600.SH),900,11358.00,12.62,260.86
,,,志邦家居(603801.SH),600,13026.00,21.71,-710.41
,,,武进不锈(603878.SH),800,8920.00,11.15,329.86
,,,润达医疗(603108.SH),1600,18128.00,11.33,2828.47
,,,岱美股份(603730.SH),400,14680.00,36.7,2542.78
,,,盘江股份(600395.SH),1900,10982.00,5.78,-731.37
,,,林洋能源(601222.SH),2900,16211.00,5.59,1967.58
2020-02-21,108577.74,633.74,,,,,
,,,天创时尚(603608.SH),1300,14170.00,10.9,1620.96
,,,润达医疗(603108.SH),1600,17552.00,10.97,2252.47
,,,武进不锈(603878.SH),800,8944.00,11.18,353.86
,,,盘江股份(600395.SH),1900,11096.00,5.84,-617.37
,,,岱美股份(603730.SH),400,14920.00,37.3,2782.78
,,,林洋能源(601222.SH),2900,16617.00,5.73,2373.58
,,,志邦家居(603801.SH),600,13242.00,22.07,-494.41
,,,永艺股份(603600.SH),900,11403.00,12.67,305.86
2020-02-20,108204.74,633.74,,,,,
,,,志邦家居(603801.SH),600,13272.00,22.12,-464.41
,,,武进不锈(603878.SH),800,8936.00,11.17,345.86
,,,润达医疗(603108.SH),1600,17424.00,10.89,2124.47
,,,天创时尚(603608.SH),1300,14430.00,11.1,1880.96
,,,永艺股份(603600.SH),900,11178.00,12.42,80.86
,,,林洋能源(601222.SH),2900,16269.00,5.61,2025.58
,,,岱美股份(603730.SH),400,15080.00,37.7,2942.78
,,,盘江股份(600395.SH),1900,10982.00,5.78,-731.37
2020-02-19,107405.74,633.74,,,,,
,,,岱美股份(603730.SH),400,15000.00,37.5,2862.78
,,,武进不锈(603878.SH),800,8896.00,11.12,305.86
,,,盘江股份(600395.SH),1900,10811.00,5.69,-902.37
,,,永艺股份(603600.SH),900,10989.00,12.21,-108.14
,,,润达医疗(603108.SH),1600,17248.00,10.78,1948.47
,,,林洋能源(601222.SH),2900,16008.00,5.52,1764.58
,,,天创时尚(603608.SH),1300,14872.00,11.44,2322.96
,,,志邦家居(603801.SH),600,12948.00,21.58,-788.41
2020-02-18,107402.74,633.74,,,,,
,,,盘江股份(600395.SH),1900,10925.00,5.75,-788.37
,,,天创时尚(603608.SH),1300,14274.00,10.98,1724.96
,,,林洋能源(601222.SH),2900,15225.00,5.25,981.58
,,,岱美股份(603730.SH),400,15416.00,38.54,3278.78
,,,润达医疗(603108.SH),1600,17600.00,11,2300.47
,,,武进不锈(603878.SH),800,8984.00,11.23,393.86
,,,志邦家居(603801.SH),600,13140.00,21.9,-596.41
,,,永艺股份(603600.SH),900,11205.00,12.45,107.86
2020-02-17,105885.74,633.74,,,,,
,,,志邦家居(603801.SH),600,13356.00,22.26,-380.41
,,,岱美股份(603730.SH),400,15476.00,38.69,3338.78
,,,林洋能源(601222.SH),2900,15080.00,5.2,836.58
,,,永艺股份(603600.SH),900,10890.00,12.1,-207.14
,,,武进不锈(603878.SH),800,8944.00,11.18,353.86
,,,盘江股份(600395.SH),1900,10868.00,5.72,-845.37
,,,天创时尚(603608.SH),1300,12974.00,9.98,424.96
,,,润达医疗(603108.SH),1600,17664.00,11.04,2364.47
2020-02-14,103002.74,633.74,,,,,
,,,润达医疗(603108.SH),1600,17264.00,10.79,1964.47
,,,天创时尚(603608.SH),1300,12142.00,9.34,-407.04
,,,林洋能源(601222.SH),2900,14587.00,5.03,343.58
,,,永艺股份(603600.SH),900,10575.00,11.75,-522.14
,,,岱美股份(603730.SH),400,15384.00,38.46,3246.78
,,,武进不锈(603878.SH),800,8784.00,10.98,193.86
,,,志邦家居(603801.SH),600,12936.00,21.56,-800.41
,,,盘江股份(600395.SH),1900,10697.00,5.63,-1016.37
2020-02-13,103893.74,633.74,,,,,
,,,岱美股份(603730.SH),400,16112.00,40.28,3974.78
,,,天创时尚(603608.SH),1300,12350.00,9.5,-199.04
,,,林洋能源(601222.SH),2900,14877.00,5.13,633.58
,,,武进不锈(603878.SH),800,8808.00,11.01,217.86
,,,永艺股份(603600.SH),900,10575.00,11.75,-522.14
,,,润达医疗(603108.SH),1600,17344.00,10.84,2044.47
,,,盘江股份(600395.SH),1900,10678.00,5.62,-1035.37
,,,志邦家居(603801.SH),600,12516.00,20.86,-1220.41
2020-02-12,105609.74,633.74,,,,,
,,,天创时尚(603608.SH),1300,12974.00,9.98,424.96
,,,永艺股份(603600.SH),900,10908.00,12.12,-189.14
,,,志邦家居(603801.SH),600,12588.00,20.98,-1148.41
,,,润达医疗(603108.SH),1600,17856.00,11.16,2556.47
,,,武进不锈(603878.SH),800,8744.00,10.93,153.86
,,,岱美股份(603730.SH),400,15600.00,39,3462.78
,,,盘江股份(600395.SH),1900,10849.00,5.71,-864.37
,,,林洋能源(601222.SH),2900,15457.00,5.33,1213.58
2020-02-11,103051.74,633.74,,,,,
,,,林洋能源(601222.SH),2900,14384.00,4.96,140.58
,,,岱美股份(603730.SH),400,14408.00,36.02,2270.78
,,,永艺股份(603600.SH),900,10791.00,11.99,-306.14
,,,润达医疗(603108.SH),1600,17856.00,11.16,2556.47
,,,天创时尚(603608.SH),1300,12831.00,9.87,281.96
,,,武进不锈(603878.SH),800,8800.00,11,209.86
,,,盘江股份(600395.SH),1900,10868.00,5.72,-845.37
,,,志邦家居(603801.SH),600,12480.00,20.8,-1256.41
2020-02-10,103699.74,633.74,,,,,
,,,润达医疗(603108.SH),1600,18384.00,11.49,3084.47
,,,天创时尚(603608.SH),1300,12831.00,9.87,281.96
,,,岱美股份(603730.SH),400,15196.00,37.99,3058.78
,,,盘江股份(600395.SH),1900,10773.00,5.67,-940.37
,,,志邦家居(603801.SH),600,12048.00,20.08,-1688.41
,,,永艺股份(603600.SH),900,10530.00,11.7,-567.14
,,,武进不锈(603878.SH),800,8688.00,10.86,97.86
,,,林洋能源(601222.SH),2900,14616.00,5.04,372.58
2020-02-07,102055.74,633.74,,,,,
,,,武进不锈(603878.SH),800,8464.00,10.58,-126.14
,,,志邦家居(603801.SH),600,11754.00,19.59,-1982.41
,,,林洋能源(601222.SH),2900,14587.00,5.03,343.58
,,,岱美股份(603730.SH),400,14444.00,36.11,2306.78
,,,润达医疗(603108.SH),1600,18640.00,11.65,3340.47
,,,永艺股份(603600.SH),900,10440.00,11.6,-657.14
,,,盘江股份(600395.SH),1900,10678.00,5.62,-1035.37
,,,天创时尚(603608.SH),1300,12415.00,9.55,-134.04
2020-02-06,102699.74,633.74,,,,,
,,,润达医疗(603108.SH),1600,19472.00,12.17,4172.47
,,,林洋能源(601222.SH),2900,14065.00,4.85,-178.42
,,,盘江股份(600395.SH),1900,10792.00,5.68,-921.37
,,,武进不锈(603878.SH),800,8440.00,10.55,-150.14
,,,岱美股份(603730.SH),400,14880.00,37.2,2742.78
,,,永艺股份(603600.SH),900,10521.00,11.69,-576.14
,,,天创时尚(603608.SH),1300,12064.00,9.28,-485.04
,,,志邦家居(603801.SH),600,11832.00,19.72,-1904.41
2020-02-05,101627.74,633.74,,,,,
,,,志邦家居(603801.SH),600,11610.00,19.35,-2126.41
,,,盘江股份(600395.SH),1900,10507.00,5.53,-1206.37
,,,岱美股份(603730.SH),400,14712.00,36.78,2574.78
,,,林洋能源(601222.SH),2900,13949.00,4.81,-294.42
,,,润达医疗(603108.SH),1600,19776.00,12.36,4476.47
,,,天创时尚(603608.SH),1300,11739.00,9.03,-810.04
,,,永艺股份(603600.SH),900,10485.00,11.65,-612.14
,,,武进不锈(603878.SH),800,8216.00,10.27,-374.14
2020-02-04,98985.74,633.74,,,,,
,,,天创时尚(603608.SH),1300,11960.00,9.2,-589.04
,,,岱美股份(603730.SH),400,13380.00,33.45,1242.78
,,,武进不锈(603878.SH),800,8136.00,10.17,-454.14
,,,林洋能源(601222.SH),2900,13572.00,4.68,-671.42
,,,润达医疗(603108.SH),1600,18832.00,11.77,3532.47
,,,志邦家居(603801.SH),600,11526.00,19.21,-2210.41
,,,永艺股份(603600.SH),900,10629.00,11.81,-468.14
,,,盘江股份(600395.SH),1900,10317.00,5.43,-1396.37
2020-02-03,97904.74,633.74,,,,,
,,,武进不锈(603878.SH),800,8568.00,10.71,-22.14
,,,岱美股份(603730.SH),400,12164.00,30.41,26.78
,,,永艺股份(603600.SH),900,10872.00,12.08,-225.14
,,,盘江股份(600395.SH),1900,9994.00,5.26,-1719.37
,,,润达医疗(603108.SH),1600,17920.00,11.2,2620.47
,,,志邦家居(603801.SH),600,12246.00,20.41,-1490.41
,,,林洋能源(601222.SH),2900,13456.00,4.64,-787.42
,,,天创时尚(603608.SH),1300,12051.00,9.27,-498.04
2020-01-23,103143.41,24523.41,,,,,
,,,林洋能源(601222.SH),2900,14964.00,5.16,720.58
,,,志邦家居(603801.SH),600,13608.00,22.68,-128.41
,,,天创时尚(603608.SH),1300,13390.00,10.3,840.96
,,,永艺股份(603600.SH),900,12078.00,13.42,980.86
,,,盘江股份(600395.SH),1900,11096.00,5.84,-617.37
,,,岱美股份(603730.SH),400,13484.00,33.71,1346.78
2020-01-22,106823.41,24523.41,,,,,
,,,天创时尚(603608.SH),1300,14144.00,10.88,1594.96
,,,林洋能源(601222.SH),2900,15515.00,5.35,1271.58
,,,盘江股份(600395.SH),1900,11419.00,6.01,-294.37
,,,岱美股份(603730.SH),400,14240.00,35.6,2102.78
,,,志邦家居(603801.SH),600,14274.00,23.79,537.59
,,,永艺股份(603600.SH),900,12708.00,14.12,1610.86
2020-01-21,105824.41,24523.41,,,,,
,,,林洋能源(601222.SH),2900,15428.00,5.32,1184.58
,,,天创时尚(603608.SH),1300,12857.00,9.89,307.96
,,,永艺股份(603600.SH),900,13032.00,14.48,1934.86
,,,岱美股份(603730.SH),400,13864.00,34.66,1726.78
,,,盘江股份(600395.SH),1900,11438.00,6.02,-275.37
,,,志邦家居(603801.SH),600,14682.00,24.47,945.59
2020-01-20,108265.41,24523.41,,,,,
,,,天创时尚(603608.SH),1300,13962.00,10.74,1412.96
,,,林洋能源(601222.SH),2900,15747.00,5.43,1503.58
,,,岱美股份(603730.SH),400,14140.00,35.35,2002.78
,,,永艺股份(603600.SH),900,13500.00,15,2402.86
,,,盘江股份(600395.SH),1900,11609.00,6.11,-104.37
,,,志邦家居(603801.SH),600,14784.00,24.64,1047.59
2020-01-17,108632.41,24523.41,,,,,
,,,林洋能源(601222.SH),2900,15805.00,5.45,1561.58
,,,永艺股份(603600.SH),900,13086.00,14.54,1988.86
,,,岱美股份(603730.SH),400,13816.00,34.54,1678.78
,,,志邦家居(603801.SH),600,14820.00,24.7,1083.59
,,,盘江股份(600395.SH),1900,11723.00,6.17,9.63
,,,天创时尚(603608.SH),1300,14859.00,11.43,2309.96
2020-01-16,105937.41,24523.41,,,,,
,,,志邦家居(603801.SH),600,14412.00,24.02,675.59
,,,林洋能源(601222.SH),2900,15515.00,5.35,1271.58
,,,盘江股份(600395.SH),1900,11761.00,6.19,47.63
,,,岱美股份(603730.SH),400,13996.00,34.99,1858.78
,,,永艺股份(603600.SH),900,11898.00,13.22,800.86
,,,天创时尚(603608.SH),1300,13832.00,10.64,1282.96
2020-01-15,107371.41,24523.41,,,,,
,,,盘江股份(600395.SH),1900,11932.00,6.28,218.63
,,,林洋能源(601222.SH),2900,15660.00,5.4,1416.58
,,,志邦家居(603801.SH),600,14328.00,23.88,591.59
,,,岱美股份(603730.SH),400,13836.00,34.59,1698.78
,,,永艺股份(603600.SH),900,12402.00,13.78,1304.86
,,,天创时尚(603608.SH),1300,14690.00,11.3,2140.96
2020-01-14,107521.41,24523.41,,,,,
,,,岱美股份(603730.SH),400,13968.00,34.92,1830.78
,,,志邦家居(603801.SH),600,14580.00,24.3,843.59
,,,盘江股份(600395.SH),1900,12046.00,6.34,332.63
,,,天创时尚(603608.SH),1300,13676.00,10.52,1126.96
,,,林洋能源(601222.SH),2900,15660.00,5.4,1416.58
,,,永艺股份(603600.SH),900,13068.00,14.52,1970.86
2020-01-13,106600.41,24523.41,,,,,
,,,志邦家居(603801.SH),600,14700.00,24.5,963.59
,,,林洋能源(601222.SH),2900,15689.00,5.41,1445.58
,,,岱美股份(603730.SH),400,14140.00,35.35,2002.78
,,,天创时尚(603608.SH),1300,12428.00,9.56,-121.04
,,,永艺股份(603600.SH),900,12960.00,14.4,1862.86
,,,盘江股份(600395.SH),1900,12160.00,6.4,446.63
2020-01-10,104173.41,24523.41,,,,,
,,,盘江股份(600395.SH),1900,12160.00,6.4,446.63
,,,岱美股份(603730.SH),400,13956.00,34.89,1818.78
,,,志邦家居(603801.SH),600,14970.00,24.95,1233.59
,,,林洋能源(601222.SH),2900,15486.00,5.34,1242.58
,,,永艺股份(603600.SH),900,11781.00,13.09,683.86
,,,天创时尚(603608.SH),1300,11297.00,8.69,-1252.04
2020-01-09,104741.41,24523.41,,,,,
,,,志邦家居(603801.SH),600,14622.00,24.37,885.59
,,,岱美股份(603730.SH),400,14260.00,35.65,2122.78
,,,永艺股份(603600.SH),900,12141.00,13.49,1043.86
,,,盘江股份(600395.SH),1900,11913.00,6.27,199.63
,,,天创时尚(603608.SH),1300,11622.00,8.94,-927.04
,,,林洋能源(601222.SH),2900,15660.00,5.4,1416.58
2020-01-08,104541.41,24523.41,,,,,
,,,永艺股份(603600.SH),900,12267.00,13.63,1169.86
,,,盘江股份(600395.SH),1900,11818.00,6.22,104.63
,,,志邦家居(603801.SH),600,14316.00,23.86,579.59
,,,天创时尚(603608.SH),1300,11635.00,8.95,-914.04
,,,林洋能源(601222.SH),2900,15370.00,5.3,1126.58
,,,岱美股份(603730.SH),400,14612.00,36.53,2474.78
2020-01-07,104781.41,24523.41,,,,,
,,,永艺股份(603600.SH),900,12168.00,13.52,1070.86
,,,林洋能源(601222.SH),2900,15254.00,5.26,1010.58
,,,岱美股份(603730.SH),400,13576.00,33.94,1438.78
,,,天创时尚(603608.SH),1300,12766.00,9.82,216.96
,,,盘江股份(600395.SH),1900,11932.00,6.28,218.63
,,,志邦家居(603801.SH),600,14562.00,24.27,825.59
2020-01-06,103470.41,24523.41,,,,,
,,,志邦家居(603801.SH),600,14172.00,23.62,435.59
,,,林洋能源(601222.SH),2900,14703.00,5.07,459.58
,,,永艺股份(603600.SH),900,11430.00,12.7,332.86
,,,盘江股份(600395.SH),1900,11723.00,6.17,9.63
,,,天创时尚(603608.SH),1300,13299.00,10.23,749.96
,,,岱美股份(603730.SH),400,13620.00,34.05,1482.78
2020-01-03,101261.41,24523.41,,,,,
,,,林洋能源(601222.SH),2900,14239.00,4.91,-4.42
,,,天创时尚(603608.SH),1300,12597.00,9.69,47.96
,,,盘江股份(600395.SH),1900,11552.00,6.08,-161.37
,,,永艺股份(603600.SH),900,11160.00,12.4,62.86
,,,志邦家居(603801.SH),600,14442.00,24.07,705.59
,,,岱美股份(603730.SH),400,12748.00,31.87,610.78
2020-01-02,101696.41,24523.41,,,,,
,,,志邦家居(603801.SH),600,14310.00,23.85,573.59
,,,永艺股份(603600.SH),900,10944.00,12.16,-153.14
,,,天创时尚(603608.SH),1300,13572.00,10.44,1022.96
,,,盘江股份(600395.SH),1900,11704.00,6.16,-9.37
,,,岱美股份(603730.SH),400,12404.00,31.01,266.78
,,,林洋能源(601222.SH),2900,14239.00,4.91,-4.42
2019-12-31,100000.00,100000.00,,,,,
