date,equity_platform,cash_platform,trade_cashflow,nontrade_cashflow,holdings_value,accounting_gap,replay_cash,replay_equity,equity_local,cash_local,holdings,equity_gap
2020-01-02,101204.87,25243.87,-74756.13,0.0,75961.0,0.0,25243.869999999995,101204.87,100164.42200000002,23017.422000000013,8,-1040.4479999999749
2020-01-03,100878.87,25243.87,0.0,0.0,75635.0,0.0,25243.869999999995,100878.87,100043.42200000002,23017.422000000013,8,-835.4479999999749
2020-01-06,102686.87,25243.87,0.0,0.0,77443.0,0.0,25243.869999999995,102686.87,101060.42200000002,23017.422000000013,8,-1626.4479999999749
2020-01-07,103530.87,25243.87,0.0,0.0,78287.0,0.0,25243.869999999995,103530.87,102769.422,23017.422000000013,8,-761.4479999999894
2020-01-08,103426.87,25243.87,0.0,0.0,78183.0,0.0,25243.869999999995,103426.87,102444.42200000002,23017.422000000013,8,-982.4479999999749
2020-01-09,103583.87,25243.87,0.0,0.0,78340.0,0.0,25243.869999999995,103583.87,102938.42200000002,23017.422000000013,8,-645.4479999999749
2020-01-10,103212.87,25243.87,0.0,0.0,77969.0,0.0,25243.869999999995,103212.87,102907.42200000002,23017.422000000013,8,-305.44799999997485
2020-01-13,104947.87,25243.87,0.0,0.0,79704.0,0.0,25243.869999999995,104947.87,104668.42200000002,23017.422000000013,8,-279.44799999997485
2020-01-14,105604.87,25243.87,0.0,0.0,80361.0,0.0,25243.869999999995,105604.87,104505.42200000002,23017.422000000013,8,-1099.4479999999749
2020-01-15,105504.87,25243.87,0.0,0.0,80261.0,0.0,25243.869999999995,105504.87,103948.42200000002,23017.422000000013,8,-1556.4479999999749
2020-01-16,104145.87,25243.87,0.0,0.0,78902.0,0.0,25243.869999999995,104145.87,102578.42200000002,23017.422000000013,8,-1567.4479999999749
2020-01-17,106049.87,25243.87,0.0,0.0,80806.0,0.0,25243.869999999995,106049.87,103511.42200000002,23017.422000000013,8,-2538.447999999975
2020-01-20,105891.87,25243.87,0.0,0.0,80648.0,0.0,25243.869999999995,105891.87,104183.42200000002,23017.422000000013,8,-1708.4479999999749
2020-01-21,104087.87,25243.87,0.0,0.0,78844.0,0.0,25243.869999999995,104087.87,103252.42200000002,23017.422000000013,8,-835.4479999999749
2020-01-22,104888.87,25243.87,0.0,0.0,79645.0,0.0,25243.869999999995,104888.87,102792.42200000002,23017.422000000013,8,-2096.447999999975
2020-01-23,101903.87,25243.87,0.0,0.0,76660.0,0.0,25243.869999999995,101903.87,99917.422,23017.422000000013,8,-1986.4479999999894
2020-02-03,94586.87,25243.87,0.0,0.0,69343.0,0.0,25243.869999999995,94586.87,92701.42200000002,23017.422000000013,8,-1885.4479999999749
2020-02-04,95145.87,25243.87,0.0,0.0,69902.0,0.0,25243.869999999995,95145.87,93586.42200000002,23017.422000000013,8,-1559.4479999999749
2020-02-05,96106.87,25243.87,0.0,0.0,70863.0,0.0,25243.869999999995,96106.87,94307.42200000002,23017.422000000013,8,-1799.4479999999749
2020-02-06,96960.87,25243.87,0.0,0.0,71717.0,0.0,25243.869999999995,96960.87,95062.42200000002,23017.422000000013,8,-1898.4479999999749
2020-02-07,97052.87,25243.87,0.0,0.0,71809.0,0.0,25243.869999999995,97052.87,96054.42200000002,23017.422000000013,8,-998.4479999999749
2020-02-10,98458.87,25243.87,0.0,0.0,73215.0,0.0,25243.869999999995,98458.87,96117.42200000002,23017.422000000013,8,-2341.447999999975
2020-02-11,98299.87,25243.87,0.0,0.0,73056.0,0.0,25243.869999999995,98299.87,95819.42200000002,23017.422000000013,8,-2480.447999999975
2020-02-12,100321.87,25243.87,0.0,0.0,75078.0,0.0,25243.869999999995,100321.87,97045.42200000002,23017.422000000013,8,-3276.447999999975
2020-02-13,99285.87,25243.87,0.0,0.0,74042.0,0.0,25243.869999999995,99285.87,95602.42200000002,23017.422000000013,8,-3683.447999999975
2020-02-14,98657.87,25243.87,0.0,0.0,73414.0,0.0,25243.869999999995,98657.87,95208.42200000002,23017.422000000013,8,-3449.447999999975
2020-02-17,100462.87,25243.87,0.0,0.0,75219.0,0.0,25243.869999999995,100462.87,97238.42200000002,23017.422000000013,8,-3224.447999999975
2020-02-18,101263.87,25243.87,0.0,0.0,76020.0,0.0,25243.869999999995,101263.87,97231.42200000002,23017.422000000013,8,-4032.447999999975
2020-02-19,101610.87,25243.87,0.0,0.0,76367.0,0.0,25243.869999999995,101610.87,97873.422,23017.422000000013,8,-3737.4479999999894
2020-02-20,102333.87,25243.87,0.0,0.0,77090.0,0.0,25243.869999999995,102333.87,98943.42200000002,23017.422000000013,8,-3390.447999999975
2020-02-21,102500.87,25243.87,0.0,0.0,77257.0,0.0,25243.869999999995,102500.87,99663.42200000002,23017.422000000013,8,-2837.447999999975
2020-02-24,101737.87,25243.87,0.0,0.0,76494.0,0.0,25243.869999999995,101737.87,98465.42200000002,23017.422000000013,8,-3272.447999999975
2020-02-25,100204.87,25243.87,0.0,0.0,74961.0,0.0,25243.869999999995,100204.87,97305.42200000002,23017.422000000013,8,-2899.447999999975
2020-02-26,99412.87,25243.87,0.0,0.0,74169.0,0.0,25243.869999999995,99412.87,96528.42200000002,23017.422000000013,8,-2884.447999999975
2020-02-27,99426.87,25243.87,0.0,0.0,74183.0,0.0,25243.869999999995,99426.87,96819.42200000002,23017.422000000013,8,-2607.447999999975
2020-02-28,95464.87,25243.87,0.0,0.0,70221.0,0.0,25243.869999999995,95464.87,94146.42200000002,23017.422000000013,8,-1318.4479999999749
2020-03-02,98136.87,25243.87,0.0,0.0,72893.0,0.0,25243.869999999995,98136.87,96424.42200000002,23017.422000000013,8,-1712.4479999999749
2020-03-03,101499.87,25243.87,0.0,0.0,76256.0,0.0,25243.869999999995,101499.87,97641.42200000002,23017.422000000013,8,-3858.447999999975
2020-03-04,103909.87,25243.87,0.0,0.0,78666.0,0.0,25243.869999999995,103909.87,98406.42200000002,23017.422000000013,8,-5503.447999999975
2020-03-05,106279.87,25243.87,0.0,0.0,81036.0,0.0,25243.869999999995,106279.87,100459.42200000002,23017.422000000013,8,-5820.447999999975
2020-03-06,105962.87,25243.87,0.0,0.0,80719.0,0.0,25243.869999999995,105962.87,100336.42200000002,23017.422000000013,8,-5626.447999999975
2020-03-09,104343.87,25243.87,0.0,0.0,79100.0,0.0,25243.869999999995,104343.87,98635.42200000002,23017.422000000013,8,-5708.447999999975
2020-03-10,104069.87,25243.87,0.0,0.0,78826.0,0.0,25243.869999999995,104069.87,99018.42200000002,23017.422000000013,8,-5051.447999999975
2020-03-11,105297.87,25243.87,0.0,0.0,80054.0,0.0,25243.869999999995,105297.87,99305.42200000002,23017.422000000013,8,-5992.447999999975
2020-03-12,101726.87,25243.87,0.0,0.0,76483.0,0.0,25243.869999999995,101726.87,97348.42200000002,23017.422000000013,8,-4378.447999999975
2020-03-13,100039.87,25243.87,0.0,0.0,74796.0,0.0,25243.869999999995,100039.87,96408.42200000002,23017.422000000013,8,-3631.447999999975
2020-03-16,96481.87,25243.87,0.0,0.0,71238.0,0.0,25243.869999999995,96481.87,94647.42200000002,23017.422000000013,8,-1834.4479999999749
2020-03-17,97834.87,25243.87,0.0,0.0,72591.0,0.0,25243.869999999995,97834.87,95421.42200000002,23017.422000000013,8,-2413.447999999975
2020-03-18,95982.87,25243.87,0.0,0.0,70739.0,0.0,25243.869999999995,95982.87,94289.42200000002,23017.422000000013,8,-1693.4479999999749
2020-03-19,96686.87,25243.87,0.0,0.0,71443.0,0.0,25243.869999999995,96686.87,94196.42200000002,23017.422000000013,8,-2490.447999999975
2020-03-20,96875.87,25243.87,0.0,0.0,71632.0,0.0,25243.869999999995,96875.87,95201.42200000002,23017.422000000013,8,-1674.4479999999749
2020-03-23,93799.87,25243.87,0.0,0.0,68556.0,0.0,25243.869999999995,93799.87,92797.422,23017.422000000013,8,-1002.4479999999894
2020-03-24,96142.87,25243.87,0.0,0.0,70899.0,0.0,25243.869999999995,96142.87,94744.42200000002,23017.422000000013,8,-1398.4479999999749
2020-03-25,97767.87,25243.87,0.0,0.0,72524.0,0.0,25243.869999999995,97767.87,96255.42200000002,23017.422000000013,8,-1512.4479999999749
2020-03-26,96018.87,25243.87,0.0,0.0,70775.0,0.0,25243.869999999995,96018.87,94933.42200000002,23017.422000000013,8,-1085.4479999999749
2020-03-27,96595.87,25243.87,0.0,0.0,71352.0,0.0,25243.869999999995,96595.87,94875.42200000002,23017.422000000013,8,-1720.4479999999749
2020-03-30,96639.87,25243.87,0.0,0.0,71396.0,0.0,25243.869999999995,96639.87,94082.42200000002,23017.422000000013,8,-2557.447999999975
2020-03-31,96265.87,25243.87,0.0,0.0,71022.0,0.0,25243.869999999995,96265.87,94071.42200000002,23017.422000000013,8,-2194.447999999975
2020-04-01,95187.64,22535.64,-2708.220000000001,-0.00999999999839929,72652.0,0.0,22535.64,95187.64,93055.98625400002,20975.986254000018,8,-2131.6537459999818
2020-04-02,95861.64,22535.64,0.0,0.0,73326.0,0.0,22535.64,95861.64,94251.98625400002,20975.986254000018,8,-1609.6537459999818
2020-04-03,95536.64,22535.64,0.0,0.0,73001.0,0.0,22535.64,95536.64,93881.98625400002,20975.986254000018,8,-1654.6537459999818
2020-04-07,97092.64,22535.64,0.0,0.0,74557.0,0.0,22535.64,97092.64,95298.98625400002,20975.986254000018,8,-1793.6537459999818
2020-04-08,97370.64,22535.64,0.0,0.0,74835.0,0.0,22535.64,97370.64,95529.98625400002,20975.986254000018,8,-1840.6537459999818
2020-04-09,97003.64,22535.64,0.0,0.0,74468.0,0.0,22535.64,97003.64,95099.98625400002,20975.986254000018,8,-1903.6537459999818
2020-04-10,96402.64,22535.64,0.0,0.0,73867.0,0.0,22535.64,96402.64,94335.98625400002,20975.986254000018,8,-2066.6537459999818
2020-04-13,97197.64,22535.64,0.0,0.0,74662.0,0.0,22535.64,97197.64,94635.98625400002,20975.986254000018,8,-2561.6537459999818
2020-04-14,98238.64,22535.64,0.0,0.0,75703.0,0.0,22535.64,98238.64,95273.98625400002,20975.986254000018,8,-2964.6537459999818
2020-04-15,98231.64,22535.64,0.0,0.0,75696.0,0.0,22535.64,98231.64,94823.98625400002,20975.986254000018,8,-3407.6537459999818
2020-04-16,99144.64,22535.64,0.0,0.0,76609.0,0.0,22535.64,99144.64,94682.98625400002,20975.986254000018,8,-4461.653745999982
2020-04-17,99081.64,22535.64,0.0,0.0,76546.0,0.0,22535.64,99081.64,94447.98625400002,20975.986254000018,8,-4633.653745999982
2020-04-20,99825.64,22535.64,0.0,0.0,77290.0,0.0,22535.64,99825.64,94680.98625400002,20975.986254000018,8,-5144.653745999982
2020-04-21,99496.64,22535.64,0.0,0.0,76961.0,0.0,22535.64,99496.64,94019.98625400002,20975.986254000018,8,-5476.653745999982
2020-04-22,101115.64,22535.64,0.0,0.0,78580.0,0.0,22535.64,101115.64,95086.98625400002,20975.986254000018,8,-6028.653745999982
2020-04-23,100368.64,22535.64,0.0,0.0,77833.0,0.0,22535.64,100368.64,94449.98625400002,20975.986254000018,8,-5918.653745999982
2020-04-24,98782.64,22535.64,0.0,0.0,76247.0,0.0,22535.64,98782.64,93453.98625400002,20975.986254000018,8,-5328.653745999982
2020-04-27,99090.64,22535.64,0.0,0.0,76555.0,0.0,22535.64,99090.64,94007.98625400002,20975.986254000018,8,-5082.653745999982
2020-04-28,98305.64,22535.64,0.0,0.0,75770.0,0.0,22535.64,98305.64,92544.98625400002,20975.986254000018,8,-5760.653745999982
2020-04-29,98620.54,22795.64,0.0,260.0,75824.9,0.0,22795.64,98620.54,92934.586254,21257.386254000012,8,-5685.953745999999
2020-04-30,99052.04,22795.64,0.0,0.0,76256.4,0.0,22795.64,99052.04,93379.58625400002,21257.386254000012,8,-5672.45374599997
2020-05-06,100173.14,22795.64,0.0,0.0,77377.5,0.0,22795.64,100173.14,93934.386254,21257.386254000012,8,-6238.753746000002
2020-05-07,100515.04,22795.64,0.0,0.0,77719.4,0.0,22795.64,100515.04,94683.586254,21257.386254000012,8,-5831.453745999999
2020-05-08,100974.54,22795.64,0.0,0.0,78178.9,0.0,22795.64,100974.54,95088.586254,21257.386254000012,8,-5885.953745999999
2020-05-11,100598.44,22795.64,0.0,0.0,77802.8,0.0,22795.64,100598.44,94647.786254,21257.386254000012,8,-5950.653745999996
2020-05-12,100354.04,22795.64,0.0,0.0,77558.4,0.0,22795.64,100354.04,94411.586254,21257.386254000012,8,-5942.453745999999
2020-05-13,101510.04,22795.64,0.0,0.0,78714.4,0.0,22795.64,101510.04,95716.58625400002,21257.386254000012,8,-5793.45374599997
2020-05-14,100960.04,22795.64,0.0,0.0,78164.4,0.0,22795.64,100960.04,95367.586254,21257.386254000012,8,-5592.453745999999
2020-05-15,101140.54,22795.64,0.0,0.0,78344.9,0.0,22795.64,101140.54,95378.586254,21257.386254000012,8,-5761.953745999999
2020-05-18,102813.44,22795.64,0.0,0.0,80017.8,0.0,22795.64,102813.44,97169.78625400002,21257.386254000012,8,-5643.653745999982
2020-05-19,103739.94,22795.64,0.0,0.0,80944.3,0.0,22795.64,103739.94,98132.786254,21257.386254000012,8,-5607.153745999996
2020-05-20,104790.04,22795.64,0.0,0.0,81994.4,0.0,22795.64,104790.04,99166.586254,21257.386254000012,8,-5623.453745999999
2020-05-21,103388.34,22795.64,0.0,0.0,80592.7,0.0,22795.64,103388.34,97679.98625400002,21257.386254000012,8,-5708.353745999979
2020-05-22,104422.64,22795.64,0.0,0.0,81627.0,0.0,22795.64,104422.64,98304.386254,21257.386254000012,8,-6118.253746000002
2020-05-25,104614.14,22795.64,0.0,0.0,81818.5,0.0,22795.64,104614.14,98424.386254,21257.386254000012,8,-6189.753746000002
2020-05-26,106847.14,22795.64,0.0,0.0,84051.5,0.0,22795.64,106847.14,99819.386254,21257.386254000012,8,-7027.753746000002
2020-05-27,107438.64,22795.64,0.0,0.0,84643.0,0.0,22795.64,107438.64,102165.386254,21257.386254000012,8,-5273.253746000002
2020-05-28,106105.54,23695.64,0.0,900.0,82409.9,0.0,23695.64,106105.54,101644.586254,21257.386254000012,8,-4460.953745999999
2020-05-29,107457.94,24341.64,0.0,646.0,83116.3,0.0,24341.64,107457.94,103674.786254,21257.386254000012,8,-3783.1537459999963
2020-06-01,110648.74,24341.64,0.0,0.0,86307.1,0.0,24341.64,110648.74,107291.186254,21257.386254000012,8,-3357.553746000005
2020-06-02,109918.44,24341.64,0.0,0.0,85576.8,0.0,24341.64,109918.44,105964.786254,21257.386254000012,8,-3953.6537459999963
2020-06-03,110758.64,24341.64,0.0,0.0,86417.0,0.0,24341.64,110758.64,106723.386254,21257.386254000012,8,-4035.253746000002
2020-06-04,110812.64,24341.64,0.0,0.0,86471.0,0.0,24341.64,110812.64,106952.386254,21257.386254000012,8,-3860.253746000002
2020-06-05,109446.74,24341.64,0.0,0.0,85105.1,0.0,24341.64,109446.74,105600.186254,21257.386254000012,8,-3846.553746000005
2020-06-08,109487.54,24341.64,0.0,0.0,85145.9,0.0,24341.64,109487.54,106323.586254,21257.386254000012,8,-3163.9537459999992
2020-06-09,111671.34,24341.64,0.0,0.0,87329.7,0.0,24341.64,111671.34,108587.98625400002,21257.386254000012,8,-3083.353745999979
2020-06-10,113433.84,24341.64,0.0,0.0,89092.2,0.0,24341.64,113433.84,110696.98625400002,21257.386254000012,8,-2736.853745999979
2020-06-11,114248.44,24341.64,0.0,0.0,89906.8,0.0,24341.64,114248.44,111965.786254,21257.386254000012,8,-2282.6537459999963
2020-06-12,116222.54,24341.64,0.0,0.0,91880.9,0.0,24341.64,116222.54,114453.586254,21257.386254000012,8,-1768.9537459999992
2020-06-15,119935.14,24341.64,0.0,0.0,95593.5,0.0,24341.64,119935.14,116685.386254,21257.386254000012,8,-3249.753746000002
2020-06-16,122369.64,24341.64,0.0,0.0,98028.0,0.0,24341.64,122369.64,119074.386254,21257.386254000012,8,-3295.253746000002
2020-06-17,122170.44,24341.64,0.0,0.0,97828.8,0.0,24341.64,122170.44,118871.78625400002,21257.386254000012,8,-3298.6537459999818
2020-06-18,121525.64,24341.64,0.0,0.0,97184.0,0.0,24341.64,121525.64,117788.386254,21257.386254000012,8,-3737.253746000002
2020-06-19,120584.54,24803.64,0.0,462.0,95780.9,0.0,24803.64,120584.54,116536.586254,21587.386254000012,8,-4047.9537459999992
2020-06-22,121327.54,25123.64,0.0,320.0,96203.9,0.0,25123.64,121327.54,118099.586254,21927.386254000012,8,-3227.9537459999992
2020-06-23,122878.34,25123.64,0.0,0.0,97754.7,0.0,25123.64,122878.34,119224.98625400002,21927.386254000012,8,-3653.353745999979
2020-06-24,121278.94,25123.64,0.0,0.0,96155.3,0.0,25123.64,121278.94,117415.786254,21927.386254000012,8,-3863.1537459999963
2020-06-29,122571.84,25123.64,0.0,0.0,97448.2,0.0,25123.64,122571.84,117822.98625400002,21927.386254000012,8,-4748.853745999979
2020-06-30,126086.64,25123.64,0.0,0.0,100963.0,0.0,25123.64,126086.64,121354.386254,21927.386254000012,8,-4732.253746000002
2020-07-01,127191.97,30282.97,4893.3499999999985,265.9800000000032,96909.0,0.0,30282.97,127191.97,124671.9562086,28235.9562086,8,-2520.013791400008
2020-07-02,128871.97,30282.97,0.0,0.0,98589.0,0.0,30282.97,128871.97,125798.9562086,28235.9562086,8,-3073.013791400008
2020-07-03,128793.97,30282.97,0.0,0.0,98511.0,0.0,30282.97,128793.97,127475.9562086,28235.9562086,8,-1318.013791400008
2020-07-06,132634.97,30282.97,0.0,0.0,102352.0,0.0,30282.97,132634.97,131085.9562086,28235.9562086,8,-1549.013791400008
2020-07-07,133350.97,30282.97,0.0,0.0,103068.0,0.0,30282.97,133350.97,129940.9562086,28235.9562086,8,-3410.013791400008
2020-07-08,134798.97,30282.97,0.0,0.0,104516.0,0.0,30282.97,134798.97,132303.9562086,28235.9562086,8,-2495.013791400008
2020-07-09,136848.97,30282.97,0.0,0.0,106566.0,0.0,30282.97,136848.97,134488.9562086,28235.9562086,8,-2360.013791400008
2020-07-10,135891.97,30282.97,0.0,0.0,105609.0,0.0,30282.97,135891.97,132676.9562086,28235.9562086,8,-3215.013791400008
2020-07-13,141828.97,30562.97,0.0,280.0,111266.0,0.0,30562.97,141828.97,135189.9562086,28355.9562086,8,-6639.013791400008
2020-07-14,143013.97,30562.97,0.0,0.0,112451.0,0.0,30562.97,143013.97,134166.9562086,28355.9562086,8,-8847.013791400008
2020-07-15,141812.97,30562.97,0.0,0.0,111250.0,0.0,30562.97,141812.97,133056.9562086,28355.9562086,8,-8756.013791400008
2020-07-16,136652.97,30562.97,0.0,0.0,106090.0,0.0,30562.97,136652.97,129698.9562086,28355.9562086,8,-6954.013791400008
2020-07-17,137322.97,30562.97,0.0,0.0,106760.0,0.0,30562.97,137322.97,130868.9562086,28355.9562086,8,-6454.013791400008
2020-07-20,142471.97,30562.97,0.0,0.0,111909.0,0.0,30562.97,142471.97,136435.9562086,28355.9562086,8,-6036.013791400008
2020-07-21,144751.97,30562.97,0.0,0.0,114189.0,0.0,30562.97,144751.97,135597.9562086,28355.9562086,8,-9154.013791400008
2020-07-22,145009.97,30562.97,0.0,0.0,114447.0,0.0,30562.97,145009.97,135902.9562086,28355.9562086,8,-9107.013791400008
2020-07-23,146793.97,30562.97,0.0,0.0,116231.0,0.0,30562.97,146793.97,135890.9562086,28355.9562086,8,-10903.013791400008
2020-07-24,143516.97,30562.97,0.0,0.0,112954.0,0.0,30562.97,143516.97,131017.9562086,28355.9562086,8,-12499.013791400008
2020-07-27,143054.97,30562.97,0.0,0.0,112492.0,0.0,30562.97,143054.97,131116.9562086,28355.9562086,8,-11938.013791400008
2020-07-28,145211.97,30562.97,0.0,0.0,114649.0,0.0,30562.97,145211.97,132320.9562086,28355.9562086,8,-12891.013791400008
2020-07-29,147711.97,30562.97,0.0,0.0,117149.0,0.0,30562.97,147711.97,134461.9562086,28355.9562086,8,-13250.013791400008
2020-07-30,146895.97,30562.97,0.0,0.0,116333.0,0.0,30562.97,146895.97,133818.9562086,28355.9562086,8,-13077.013791400008
2020-07-31,148246.97,30562.97,0.0,0.0,117684.0,0.0,30562.97,148246.97,134593.9562086,28355.9562086,8,-13653.013791400008
2020-08-03,149698.97,30562.97,0.0,0.0,119136.0,0.0,30562.97,149698.97,136867.9562086,28355.9562086,8,-12831.013791400008
2020-08-04,147119.97,30562.97,0.0,0.0,116557.0,0.0,30562.97,147119.97,136003.9562086,28355.9562086,8,-11116.013791400008
2020-08-05,148321.97,30562.97,0.0,0.0,117759.0,0.0,30562.97,148321.97,135299.9562086,28355.9562086,8,-13022.013791400008
2020-08-06,148519.97,30562.97,0.0,0.0,117957.0,0.0,30562.97,148519.97,135795.9562086,28355.9562086,8,-12724.013791400008
2020-08-07,147288.97,30562.97,0.0,0.0,116726.0,0.0,30562.97,147288.97,133979.9562086,28355.9562086,8,-13309.013791400008
2020-08-10,148893.97,30562.97,0.0,0.0,118331.0,0.0,30562.97,148893.97,134742.9562086,28355.9562086,8,-14151.013791400008
2020-08-11,148131.97,30562.97,0.0,0.0,117569.0,0.0,30562.97,148131.97,135101.9562086,28355.9562086,8,-13030.013791400008
2020-08-12,144839.97,30562.97,0.0,0.0,114277.0,0.0,30562.97,144839.97,134990.9562086,28355.9562086,8,-9849.013791400008
2020-08-13,146540.97,30562.97,0.0,0.0,115978.0,0.0,30562.97,146540.97,137222.9562086,28355.9562086,8,-9318.013791400008
2020-08-14,148903.97,30562.97,0.0,0.0,118341.0,0.0,30562.97,148903.97,138162.9562086,28355.9562086,8,-10741.013791400008
2020-08-17,154281.97,30562.97,0.0,0.0,123719.0,0.0,30562.97,154281.97,142629.9562086,28355.9562086,8,-11652.013791400008
2020-08-18,157472.97,30562.97,0.0,0.0,126910.0,0.0,30562.97,157472.97,144791.9562086,28355.9562086,8,-12681.013791400008
2020-08-19,155036.97,30562.97,0.0,0.0,124474.0,0.0,30562.97,155036.97,143556.9562086,28355.9562086,8,-11480.013791400008
2020-08-20,153172.97,30562.97,0.0,0.0,122610.0,0.0,30562.97,153172.97,139591.9562086,28355.9562086,8,-13581.013791400008
2020-08-21,153975.97,30562.97,0.0,0.0,123413.0,0.0,30562.97,153975.97,139904.9562086,28355.9562086,8,-14071.013791400008
2020-08-24,153151.07,30712.07,0.0,149.09999999999854,122439.0,0.0,30712.070000000007,153151.07,139438.9562086,28355.9562086,8,-13712.113791400014
2020-08-25,153250.07,30712.07,0.0,0.0,122538.0,0.0,30712.070000000007,153250.07,138913.9562086,28355.9562086,8,-14336.113791400014
2020-08-26,151350.07,30712.07,0.0,0.0,120638.0,0.0,30712.070000000007,151350.07,136741.9562086,28355.9562086,8,-14608.113791400014
2020-08-27,151323.07,30712.07,0.0,0.0,120611.0,0.0,30712.070000000007,151323.07,136488.9562086,28355.9562086,8,-14834.113791400014
2020-08-28,153184.07,30712.07,0.0,0.0,122472.0,0.0,30712.070000000007,153184.07,137909.9562086,28355.9562086,8,-15274.113791400014
2020-08-31,152373.07,30712.07,0.0,0.0,121661.0,0.0,30712.070000000007,152373.07,138503.9562086,28355.9562086,8,-13869.113791400014
2020-09-01,153721.07,30712.07,0.0,0.0,123009.0,0.0,30712.070000000007,153721.07,138645.9562086,28355.9562086,8,-15075.113791400014
2020-09-02,152564.07,30712.07,0.0,0.0,121852.0,0.0,30712.070000000007,152564.07,138364.9562086,28355.9562086,8,-14199.113791400014
2020-09-03,151395.07,30712.07,0.0,0.0,120683.0,0.0,30712.070000000007,151395.07,138006.9562086,28355.9562086,8,-13388.113791400014
2020-09-04,150089.07,30712.07,0.0,0.0,119377.0,0.0,30712.070000000007,150089.07,136615.9562086,28355.9562086,8,-13473.113791400014
2020-09-07,147748.07,30712.07,0.0,0.0,117036.0,0.0,30712.070000000007,147748.07,135010.9562086,28355.9562086,8,-12737.113791400014
2020-09-08,146376.07,30712.07,0.0,0.0,115664.0,0.0,30712.070000000007,146376.07,136492.9562086,28355.9562086,8,-9883.113791400014
2020-09-09,142901.07,30712.07,0.0,0.0,112189.0,0.0,30712.070000000007,142901.07,133417.9562086,28355.9562086,8,-9483.113791400014
2020-09-10,140177.07,30712.07,0.0,0.0,109465.0,0.0,30712.070000000007,140177.07,131116.9562086,28355.9562086,8,-9060.113791400014
2020-09-11,143381.07,30712.07,0.0,0.0,112669.0,0.0,30712.070000000007,143381.07,132080.9562086,28355.9562086,8,-11300.113791400014
2020-09-14,143737.07,30712.07,0.0,0.0,113025.0,0.0,30712.070000000007,143737.07,133305.9562086,28355.9562086,8,-10431.113791400014
2020-09-15,145113.07,30712.07,0.0,0.0,114401.0,0.0,30712.070000000007,145113.07,134330.9562086,28355.9562086,8,-10782.113791400014
2020-09-16,144319.07,30712.07,0.0,0.0,113607.0,0.0,30712.070000000007,144319.07,133214.9562086,28355.9562086,8,-11104.113791400014
2020-09-17,146957.07,30712.07,0.0,0.0,116245.0,0.0,30712.070000000007,146957.07,132881.9562086,28355.9562086,8,-14075.113791400014
2020-09-18,149171.07,30712.07,0.0,0.0,118459.0,0.0,30712.070000000007,149171.07,135298.9562086,28355.9562086,8,-13872.113791400014
2020-09-21,146243.07,30712.07,0.0,0.0,115531.0,0.0,30712.070000000007,146243.07,135531.9562086,28355.9562086,8,-10711.113791400014
2020-09-22,143615.07,30712.07,0.0,0.0,112903.0,0.0,30712.070000000007,143615.07,135045.9562086,28355.9562086,8,-8569.113791400014
2020-09-23,143186.07,30712.07,0.0,0.0,112474.0,0.0,30712.070000000007,143186.07,134832.9562086,28355.9562086,8,-8353.113791400014
2020-09-24,140762.07,30712.07,0.0,0.0,110050.0,0.0,30712.070000000007,140762.07,131870.9562086,28355.9562086,8,-8891.113791400014
2020-09-25,141300.07,30712.07,0.0,0.0,110588.0,0.0,30712.070000000007,141300.07,131798.9562086,28355.9562086,8,-9501.113791400014
2020-09-28,141249.07,30712.07,0.0,0.0,110537.0,0.0,30712.070000000007,141249.07,131828.9562086,28355.9562086,8,-9420.113791400014
2020-09-29,142030.07,30892.07,0.0,180.0,111138.0,0.0,30892.070000000007,142030.07,131823.1562086,28355.9562086,8,-10206.913791400002
2020-09-30,142888.07,30892.07,0.0,0.0,111996.0,0.0,30892.070000000007,142888.07,131488.9562086,28355.9562086,8,-11399.113791400014
2020-10-09,145972.73,31788.73,896.6800000000039,-0.020000000004074536,114184.0,1.4551915228366852e-11,31788.73000000001,145972.73,133487.30509284,28310.30509284,8,-12485.42490716002
2020-10-12,148454.73,31788.73,0.0,0.0,116666.0,1.4551915228366852e-11,31788.73000000001,148454.73,134867.30509284,28310.30509284,8,-13587.42490716002
2020-10-13,149408.73,31788.73,0.0,0.0,117620.0,1.4551915228366852e-11,31788.73000000001,149408.73,134501.30509284,28310.30509284,8,-14907.42490716002
2020-10-14,149838.73,31788.73,0.0,0.0,118050.0,1.4551915228366852e-11,31788.73000000001,149838.73,135021.30509284,28310.30509284,8,-14817.42490716002
2020-10-15,150386.73,31788.73,0.0,0.0,118598.0,1.4551915228366852e-11,31788.73000000001,150386.73,133722.30509284,28310.30509284,8,-16664.42490716002
2020-10-16,151338.73,31788.73,0.0,0.0,119550.0,1.4551915228366852e-11,31788.73000000001,151338.73,134208.30509284,28310.30509284,8,-17130.42490716002
2020-10-19,150690.73,31788.73,0.0,0.0,118902.0,1.4551915228366852e-11,31788.73000000001,150690.73,133303.30509284,28660.30509284,8,-17387.42490716002
2020-10-20,152002.73,31788.73,0.0,0.0,120214.0,1.4551915228366852e-11,31788.73000000001,152002.73,133991.30509284,28660.30509284,8,-18011.42490716002
2020-10-21,152694.73,31788.73,0.0,0.0,120906.0,1.4551915228366852e-11,31788.73000000001,152694.73,133258.30509284,28660.30509284,8,-19436.42490716002
2020-10-22,153640.73,31788.73,0.0,0.0,121852.0,1.4551915228366852e-11,31788.73000000001,153640.73,132999.30509284,28660.30509284,8,-20641.42490716002
2020-10-23,152912.73,31788.73,0.0,0.0,121124.0,1.4551915228366852e-11,31788.73000000001,152912.73,132675.30509284,28660.30509284,8,-20237.42490716002
2020-10-26,154002.73,31788.73,0.0,0.0,122214.0,1.4551915228366852e-11,31788.73000000001,154002.73,132002.30509284,28660.30509284,8,-22000.42490716002
2020-10-27,152490.73,31788.73,0.0,0.0,120702.0,1.4551915228366852e-11,31788.73000000001,152490.73,131572.30509284,28660.30509284,8,-20918.42490716002
2020-10-28,152022.73,31788.73,0.0,0.0,120234.0,1.4551915228366852e-11,31788.73000000001,152022.73,131509.30509284,28660.30509284,8,-20513.42490716002
2020-10-29,150486.73,31788.73,0.0,0.0,118698.0,1.4551915228366852e-11,31788.73000000001,150486.73,131886.30509284,28660.30509284,8,-18600.42490716002
2020-10-30,148050.73,31788.73,0.0,0.0,116262.0,1.4551915228366852e-11,31788.73000000001,148050.73,131103.30509284,28660.30509284,8,-16947.42490716002
2020-11-02,148336.73,31788.73,0.0,0.0,116548.0,1.4551915228366852e-11,31788.73000000001,148336.73,131538.30509284,28660.30509284,8,-16798.42490716002
2020-11-03,149898.73,31788.73,0.0,0.0,118110.0,1.4551915228366852e-11,31788.73000000001,149898.73,132188.30509284,28660.30509284,8,-17710.42490716002
2020-11-04,149084.73,31788.73,0.0,0.0,117296.0,1.4551915228366852e-11,31788.73000000001,149084.73,131570.30509284,28660.30509284,8,-17514.42490716002
2020-11-05,150068.73,31788.73,0.0,0.0,118280.0,1.4551915228366852e-11,31788.73000000001,150068.73,133376.30509284,28660.30509284,8,-16692.42490716002
2020-11-06,149854.73,31788.73,0.0,0.0,118066.0,1.4551915228366852e-11,31788.73000000001,149854.73,133557.30509284,28660.30509284,8,-16297.42490716002
2020-11-09,150984.73,31788.73,0.0,0.0,119196.0,1.4551915228366852e-11,31788.73000000001,150984.73,136057.30509284,28660.30509284,8,-14927.42490716002
2020-11-10,149972.73,31788.73,0.0,0.0,118184.0,1.4551915228366852e-11,31788.73000000001,149972.73,136111.30509284,28660.30509284,8,-13861.42490716002
2020-11-11,149240.73,31788.73,0.0,0.0,117452.0,1.4551915228366852e-11,31788.73000000001,149240.73,136895.30509284,28660.30509284,8,-12345.42490716002
2020-11-12,149980.73,31788.73,0.0,0.0,118192.0,1.4551915228366852e-11,31788.73000000001,149980.73,137733.30509284,28660.30509284,8,-12247.42490716002
2020-11-13,148712.73,31788.73,0.0,0.0,116924.0,1.4551915228366852e-11,31788.73000000001,148712.73,136658.30509284,28660.30509284,8,-12054.42490716002
2020-11-16,150570.73,31788.73,0.0,0.0,118782.0,1.4551915228366852e-11,31788.73000000001,150570.73,137909.30509284,28660.30509284,8,-12661.42490716002
2020-11-17,150248.73,31788.73,0.0,0.0,118460.0,1.4551915228366852e-11,31788.73000000001,150248.73,138053.30509284,28660.30509284,8,-12195.42490716002
2020-11-18,149758.73,31788.73,0.0,0.0,117970.0,1.4551915228366852e-11,31788.73000000001,149758.73,137449.30509284,28660.30509284,8,-12309.42490716002
2020-11-19,150264.73,31788.73,0.0,0.0,118476.0,1.4551915228366852e-11,31788.73000000001,150264.73,136989.30509284,28660.30509284,8,-13275.42490716002
2020-11-20,151492.73,31788.73,0.0,0.0,119704.0,1.4551915228366852e-11,31788.73000000001,151492.73,137520.30509284,28660.30509284,8,-13972.42490716002
2020-11-23,152476.73,31788.73,0.0,0.0,120688.0,1.4551915228366852e-11,31788.73000000001,152476.73,138116.30509284,28660.30509284,8,-14360.42490716002
2020-11-24,152030.73,31788.73,0.0,0.0,120242.0,1.4551915228366852e-11,31788.73000000001,152030.73,137394.30509284,28660.30509284,8,-14636.42490716002
2020-11-25,150868.73,31788.73,0.0,0.0,119080.0,1.4551915228366852e-11,31788.73000000001,150868.73,136973.30509284,28660.30509284,8,-13895.42490716002
2020-11-26,150336.73,31788.73,0.0,0.0,118548.0,1.4551915228366852e-11,31788.73000000001,150336.73,137534.30509284,28660.30509284,8,-12802.42490716002
2020-11-27,150582.73,31788.73,0.0,0.0,118794.0,1.4551915228366852e-11,31788.73000000001,150582.73,137327.30509284,28660.30509284,8,-13255.42490716002
2020-11-30,149970.73,31788.73,0.0,0.0,118182.0,1.4551915228366852e-11,31788.73000000001,149970.73,136019.30509284,28660.30509284,8,-13951.42490716002
2020-12-01,151062.73,31788.73,0.0,0.0,119274.0,1.4551915228366852e-11,31788.73000000001,151062.73,136635.30509284,28660.30509284,8,-14427.42490716002
2020-12-02,152322.73,31788.73,0.0,0.0,120534.0,1.4551915228366852e-11,31788.73000000001,152322.73,136226.30509284,28660.30509284,8,-16096.42490716002
2020-12-03,150324.73,31788.73,0.0,0.0,118536.0,1.4551915228366852e-11,31788.73000000001,150324.73,135887.30509284,28660.30509284,8,-14437.42490716002
2020-12-04,150162.73,31788.73,0.0,0.0,118374.0,1.4551915228366852e-11,31788.73000000001,150162.73,135396.30509284,28660.30509284,8,-14766.42490716002
2020-12-07,149184.73,31788.73,0.0,0.0,117396.0,1.4551915228366852e-11,31788.73000000001,149184.73,134291.30509284,28660.30509284,8,-14893.42490716002
2020-12-08,148724.73,31788.73,0.0,0.0,116936.0,1.4551915228366852e-11,31788.73000000001,148724.73,133761.30509284,28660.30509284,8,-14963.42490716002
2020-12-09,147732.73,31788.73,0.0,0.0,115944.0,1.4551915228366852e-11,31788.73000000001,147732.73,132955.30509284,28660.30509284,8,-14777.42490716002
2020-12-10,147978.73,31788.73,0.0,0.0,116190.0,1.4551915228366852e-11,31788.73000000001,147978.73,133110.30509284,28660.30509284,8,-14868.42490716002
2020-12-11,148120.73,31788.73,0.0,0.0,116332.0,1.4551915228366852e-11,31788.73000000001,148120.73,132781.30509284,28660.30509284,8,-15339.42490716002
2020-12-14,145990.73,31788.73,0.0,0.0,114202.0,1.4551915228366852e-11,31788.73000000001,145990.73,131887.30509284,28660.30509284,8,-14103.42490716002
2020-12-15,146150.73,31788.73,0.0,0.0,114362.0,1.4551915228366852e-11,31788.73000000001,146150.73,131922.30509284,28660.30509284,8,-14228.42490716002
2020-12-16,145870.73,31788.73,0.0,0.0,114082.0,1.4551915228366852e-11,31788.73000000001,145870.73,132011.30509284,28660.30509284,8,-13859.42490716002
2020-12-17,147628.73,31788.73,0.0,0.0,115840.0,1.4551915228366852e-11,31788.73000000001,147628.73,132939.30509284,28660.30509284,8,-14689.42490716002
2020-12-18,148058.73,31788.73,0.0,0.0,116270.0,1.4551915228366852e-11,31788.73000000001,148058.73,133023.30509284,28660.30509284,8,-15035.42490716002
2020-12-21,149846.73,31788.73,0.0,0.0,118058.0,1.4551915228366852e-11,31788.73000000001,149846.73,132961.30509284,28660.30509284,8,-16885.42490716002
2020-12-22,148102.73,31788.73,0.0,0.0,116314.0,1.4551915228366852e-11,31788.73000000001,148102.73,130857.30509284,28660.30509284,8,-17245.424907160006
2020-12-23,150184.73,31788.73,0.0,0.0,118396.0,1.4551915228366852e-11,31788.73000000001,150184.73,131623.30509284,28660.30509284,8,-18561.42490716002
2020-12-24,149162.73,31788.73,0.0,0.0,117374.0,1.4551915228366852e-11,31788.73000000001,149162.73,129537.30509284,28660.30509284,8,-19625.424907160006
2020-12-25,151538.73,31788.73,0.0,0.0,119750.0,1.4551915228366852e-11,31788.73000000001,151538.73,131708.30509284,28660.30509284,8,-19830.42490716002
2020-12-28,152252.73,31788.73,0.0,0.0,120464.0,1.4551915228366852e-11,31788.73000000001,152252.73,131290.30509284,28660.30509284,8,-20962.42490716002
2020-12-29,150426.73,31788.73,0.0,0.0,118638.0,1.4551915228366852e-11,31788.73000000001,150426.73,129702.30509284,28660.30509284,8,-20724.424907160006
2020-12-30,150360.73,31788.73,0.0,0.0,118572.0,1.4551915228366852e-11,31788.73000000001,150360.73,129724.30509284,28660.30509284,8,-20636.424907160006
2020-12-31,149686.73,31788.73,0.0,0.0,117898.0,1.4551915228366852e-11,31788.73000000001,149686.73,129985.30509284,28660.30509284,8,-19701.424907160006
2021-01-04,148669.63,33163.63,1374.8999999999978,0.0,115506.0,0.0,33163.630000000005,148669.63,129359.22690044,29921.226900439997,8,-19310.403099560004
2021-01-05,148633.63,33163.63,0.0,0.0,115470.0,0.0,33163.630000000005,148633.63,130108.22690044,29921.226900439997,8,-18525.403099560004
2021-01-06,148509.63,33163.63,0.0,0.0,115346.0,0.0,33163.630000000005,148509.63,130211.22690044,29921.226900439997,8,-18298.403099560004
2021-01-07,146568.63,33163.63,0.0,0.0,113405.0,0.0,33163.630000000005,146568.63,128802.22690044,29921.226900439997,8,-17766.403099560004
2021-01-08,147585.63,33163.63,0.0,0.0,114422.0,0.0,33163.630000000005,147585.63,129583.22690044,29921.226900439997,8,-18002.403099560004
2021-01-11,145727.63,33163.63,0.0,0.0,112564.0,0.0,33163.630000000005,145727.63,128438.22690044,29921.226900439997,8,-17289.403099560004
2021-01-12,146236.63,33163.63,0.0,0.0,113073.0,0.0,33163.630000000005,146236.63,128738.22690044,29921.226900439997,8,-17498.403099560004
2021-01-13,146088.63,33163.63,0.0,0.0,112925.0,0.0,33163.630000000005,146088.63,128916.22690044,29921.226900439997,8,-17172.403099560004
2021-01-14,147201.63,33163.63,0.0,0.0,114038.0,0.0,33163.630000000005,147201.63,129386.22690044,29921.226900439997,8,-17815.403099560004
2021-01-15,147325.63,33163.63,0.0,0.0,114162.0,0.0,33163.630000000005,147325.63,128973.22690044,29921.226900439997,8,-18352.403099560004
2021-01-18,147439.63,33163.63,0.0,0.0,114276.0,0.0,33163.630000000005,147439.63,129021.22690044,29921.226900439997,8,-18418.403099560004
2021-01-19,148276.63,33163.63,0.0,0.0,115113.0,0.0,33163.630000000005,148276.63,130424.22690044,29921.226900439997,8,-17852.403099560004
2021-01-20,147385.63,33163.63,0.0,0.0,114222.0,0.0,33163.630000000005,147385.63,129397.22690044,29921.226900439997,8,-17988.403099560004
2021-01-21,147220.63,33163.63,0.0,0.0,114057.0,0.0,33163.630000000005,147220.63,129979.22690044,29921.226900439997,8,-17241.403099560004
2021-01-22,145511.63,33163.63,0.0,0.0,112348.0,0.0,33163.630000000005,145511.63,129692.22690044,29921.226900439997,8,-15819.403099560004
2021-01-25,144252.63,33163.63,0.0,0.0,111089.0,0.0,33163.630000000005,144252.63,128533.22690044,29921.226900439997,8,-15719.403099560004
2021-01-26,142976.63,33163.63,0.0,0.0,109813.0,0.0,33163.630000000005,142976.63,126631.22690044,29921.226900439997,8,-16345.403099560004
2021-01-27,143586.63,33163.63,0.0,0.0,110423.0,0.0,33163.630000000005,143586.63,127314.22690044,29921.226900439997,8,-16272.403099560004
2021-01-28,142517.63,33163.63,0.0,0.0,109354.0,0.0,33163.630000000005,142517.63,126286.22690044,29921.226900439997,8,-16231.403099560004
2021-01-29,142115.63,33163.63,0.0,0.0,108952.0,0.0,33163.630000000005,142115.63,126754.22690044,29921.226900439997,8,-15361.403099560004
2021-02-01,141540.63,33163.63,0.0,0.0,108377.0,0.0,33163.630000000005,141540.63,127538.22690044,29921.226900439997,8,-14002.403099560004
2021-02-02,141177.63,33163.63,0.0,0.0,108014.0,0.0,33163.630000000005,141177.63,128242.22690044,29921.226900439997,8,-12935.403099560004
2021-02-03,140092.63,33163.63,0.0,0.0,106929.0,0.0,33163.630000000005,140092.63,127021.22690044,29921.226900439997,8,-13071.403099560004
2021-02-04,138837.63,33163.63,0.0,0.0,105674.0,0.0,33163.630000000005,138837.63,126207.22690044,29921.226900439997,8,-12630.403099560004
2021-02-05,138979.63,33163.63,0.0,0.0,105816.0,0.0,33163.630000000005,138979.63,125314.22690044,29921.226900439997,8,-13665.403099560004
2021-02-08,139746.63,33163.63,0.0,0.0,106583.0,0.0,33163.630000000005,139746.63,126014.22690044,29921.226900439997,8,-13732.403099560004
2021-02-09,140493.63,33163.63,0.0,0.0,107330.0,0.0,33163.630000000005,140493.63,126851.22690044,29921.226900439997,8,-13642.403099560004
2021-02-10,140827.63,33163.63,0.0,0.0,107664.0,0.0,33163.630000000005,140827.63,127012.22690044,29921.226900439997,8,-13815.403099560004
2021-02-18,142425.63,33163.63,0.0,0.0,109262.0,0.0,33163.630000000005,142425.63,129239.22690044,29921.226900439997,8,-13186.403099560004
2021-02-19,145186.63,33163.63,0.0,0.0,112023.0,0.0,33163.630000000005,145186.63,131599.22690044,29921.226900439997,8,-13587.403099560004
2021-02-22,146611.63,33163.63,0.0,0.0,113448.0,0.0,33163.630000000005,146611.63,133402.22690044,29921.226900439997,8,-13209.403099560004
2021-02-23,146326.63,33163.63,0.0,0.0,113163.0,0.0,33163.630000000005,146326.63,132599.22690044,29921.226900439997,8,-13727.403099560004
2021-02-24,145888.63,33163.63,0.0,0.0,112725.0,0.0,33163.630000000005,145888.63,131641.22690044,29921.226900439997,8,-14247.403099560004
2021-02-25,147524.63,33163.63,0.0,0.0,114361.0,0.0,33163.630000000005,147524.63,132738.22690044,29921.226900439997,8,-14786.403099560004
2021-02-26,145453.63,33163.63,0.0,0.0,112290.0,0.0,33163.630000000005,145453.63,129927.22690044,29921.226900439997,8,-15526.403099560004
2021-03-01,146217.63,33163.63,0.0,0.0,113054.0,0.0,33163.630000000005,146217.63,130485.22690044,29921.226900439997,8,-15732.403099560004
2021-03-02,145916.63,33163.63,0.0,0.0,112753.0,0.0,33163.630000000005,145916.63,130387.22690044,29921.226900439997,8,-15529.403099560004
2021-03-03,147692.63,33163.63,0.0,0.0,114529.0,0.0,33163.630000000005,147692.63,131669.22690044,29921.226900439997,8,-16023.403099560004
2021-03-04,148072.63,33163.63,0.0,0.0,114909.0,0.0,33163.630000000005,148072.63,131584.22690044,29921.226900439997,8,-16488.403099560004
2021-03-05,148161.63,33163.63,0.0,0.0,114998.0,0.0,33163.630000000005,148161.63,131462.22690044,29921.226900439997,8,-16699.403099560004
2021-03-08,147864.63,33163.63,0.0,0.0,114701.0,0.0,33163.630000000005,147864.63,131187.22690044,29921.226900439997,8,-16677.403099560004
2021-03-09,148170.63,33163.63,0.0,0.0,115007.0,0.0,33163.630000000005,148170.63,131612.22690044,29921.226900439997,8,-16558.403099560004
2021-03-10,146122.63,33163.63,0.0,0.0,112959.0,0.0,33163.630000000005,146122.63,130176.22690044,29921.226900439997,8,-15946.403099560004
2021-03-11,148446.63,33163.63,0.0,0.0,115283.0,0.0,33163.630000000005,148446.63,131879.22690044,29921.226900439997,8,-16567.403099560004
2021-03-12,149069.63,33163.63,0.0,0.0,115906.0,0.0,33163.630000000005,149069.63,132343.22690044,29921.226900439997,8,-16726.403099560004
2021-03-15,149680.63,33163.63,0.0,0.0,116517.0,0.0,33163.630000000005,149680.63,132570.22690044,29921.226900439997,8,-17110.403099560004
2021-03-16,150325.63,33163.63,0.0,0.0,117162.0,0.0,33163.630000000005,150325.63,132972.22690044,29921.226900439997,8,-17353.403099560004
2021-03-17,149103.63,33163.63,0.0,0.0,115940.0,0.0,33163.630000000005,149103.63,132324.22690044,29921.226900439997,8,-16779.403099560004
2021-03-18,148715.63,33163.63,0.0,0.0,115552.0,0.0,33163.630000000005,148715.63,132341.22690044,29921.226900439997,8,-16374.403099560004
2021-03-19,148600.63,33163.63,0.0,0.0,115437.0,0.0,33163.630000000005,148600.63,132673.22690044,29921.226900439997,8,-15927.403099560004
2021-03-22,150089.63,33163.63,0.0,0.0,116926.0,0.0,33163.630000000005,150089.63,133976.22690044,29921.226900439997,8,-16113.403099560004
2021-03-23,148753.63,33163.63,0.0,0.0,115590.0,0.0,33163.630000000005,148753.63,132201.22690044,29921.226900439997,8,-16552.403099560004
2021-03-24,148543.63,33163.63,0.0,0.0,115380.0,0.0,33163.630000000005,148543.63,131353.22690044,29921.226900439997,8,-17190.403099560004
2021-03-25,147170.63,33163.63,0.0,0.0,114007.0,0.0,33163.630000000005,147170.63,130265.22690044,29921.226900439997,8,-16905.403099560004
2021-03-26,148107.63,33163.63,0.0,0.0,114944.0,0.0,33163.630000000005,148107.63,131027.22690044,29921.226900439997,8,-17080.403099560004
2021-03-29,148878.63,33163.63,0.0,0.0,115715.0,0.0,33163.630000000005,148878.63,131417.22690044,29921.226900439997,8,-17461.403099560004
2021-03-30,150667.63,33163.63,0.0,0.0,117504.0,0.0,33163.630000000005,150667.63,132363.22690044,29921.226900439997,8,-18304.403099560004
2021-03-31,150790.63,33163.63,0.0,0.0,117627.0,0.0,33163.630000000005,150790.63,132912.22690044,29921.226900439997,8,-17878.403099560004
2021-04-01,150195.26,34572.26,1408.6299999999992,5.4569682106375694e-12,115623.0,0.0,34572.26000000001,150195.26,132603.63934044,30395.639340439997,8,-17591.620659560023
2021-04-02,149453.26,34572.26,0.0,0.0,114881.0,0.0,34572.26000000001,149453.26,132032.63934044,30395.639340439997,8,-17420.620659560023
2021-04-06,148992.26,34572.26,0.0,0.0,114420.0,0.0,34572.26000000001,148992.26,131572.63934044,30395.639340439997,8,-17419.620659560023
2021-04-07,149436.26,34572.26,0.0,0.0,114864.0,0.0,34572.26000000001,149436.26,131953.63934044,30395.639340439997,8,-17482.620659560023
2021-04-08,148737.26,34572.26,0.0,0.0,114165.0,0.0,34572.26000000001,148737.26,131145.63934044,30395.639340439997,8,-17591.620659560023
2021-04-09,148639.26,34572.26,0.0,0.0,114067.0,0.0,34572.26000000001,148639.26,131245.63934044,30395.639340439997,8,-17393.620659560023
2021-04-12,148147.26,34572.26,0.0,0.0,113575.0,0.0,34572.26000000001,148147.26,130839.63934044,30395.639340439997,8,-17307.62065956001
2021-04-13,147130.26,34572.26,0.0,0.0,112558.0,0.0,34572.26000000001,147130.26,130138.63934044,30395.639340439997,8,-16991.62065956001
2021-04-14,147398.26,34572.26,0.0,0.0,112826.0,0.0,34572.26000000001,147398.26,130456.63934044,30395.639340439997,8,-16941.62065956001
2021-04-15,148281.26,34572.26,0.0,0.0,113709.0,0.0,34572.26000000001,148281.26,131307.63934044,30395.639340439997,8,-16973.620659560023
2021-04-16,150120.26,34572.26,0.0,0.0,115548.0,0.0,34572.26000000001,150120.26,132789.63934044,30395.639340439997,8,-17330.620659560023
2021-04-19,149574.26,34572.26,0.0,0.0,115002.0,0.0,34572.26000000001,149574.26,132281.63934044,30395.639340439997,8,-17292.620659560023
2021-04-20,149065.26,34572.26,0.0,0.0,114493.0,0.0,34572.26000000001,149065.26,131652.63934044,30395.639340439997,8,-17412.620659560023
2021-04-21,149185.26,34572.26,0.0,0.0,114613.0,0.0,34572.26000000001,149185.26,132089.63934044,30395.639340439997,8,-17095.620659560023
2021-04-22,149150.26,34572.26,0.0,0.0,114578.0,0.0,34572.26000000001,149150.26,132304.63934044,30395.639340439997,8,-16845.620659560023
2021-04-23,149031.26,34572.26,0.0,0.0,114459.0,0.0,34572.26000000001,149031.26,132348.63934044,30395.639340439997,8,-16682.620659560023
2021-04-26,148977.26,34572.26,0.0,0.0,114405.0,0.0,34572.26000000001,148977.26,132113.63934044,30395.639340439997,8,-16863.620659560023
2021-04-27,148846.26,34572.26,0.0,0.0,114274.0,0.0,34572.26000000001,148846.26,132083.63934044,30395.639340439997,8,-16762.620659560023
2021-04-28,149836.26,34572.26,0.0,0.0,115264.0,0.0,34572.26000000001,149836.26,132693.63934044,30782.639340439997,8,-17142.620659560023
2021-04-29,150376.26,34572.26,0.0,0.0,115804.0,0.0,34572.26000000001,150376.26,132724.63934044,30782.639340439997,8,-17651.620659560023
2021-04-30,148224.26,34572.26,0.0,0.0,113652.0,0.0,34572.26000000001,148224.26,130631.63934044,30782.639340439997,8,-17592.62065956001
2021-05-06,147672.26,34572.26,0.0,0.0,113100.0,0.0,34572.26000000001,147672.26,130005.63934044,30782.639340439997,8,-17666.62065956001
2021-05-07,148363.26,34572.26,0.0,0.0,113791.0,0.0,34572.26000000001,148363.26,130475.63934044,30782.639340439997,8,-17887.62065956001
2021-05-10,147860.26,34572.26,0.0,0.0,113288.0,0.0,34572.26000000001,147860.26,129727.63934044,30782.639340439997,8,-18132.62065956001
2021-05-11,149117.26,35382.26,0.0,810.0,113735.0,0.0,35382.26000000001,149117.26,131373.83934044,30782.639340439997,8,-17743.42065956001
2021-05-12,149522.26,35382.26,0.0,0.0,114140.0,0.0,35382.26000000001,149522.26,131652.23934044,30782.639340439997,8,-17870.020659560018
2021-05-13,149902.26,35382.26,0.0,0.0,114520.0,0.0,35382.26000000001,149902.26,131955.63934044,30782.639340439997,8,-17946.620659560023
2021-05-14,151535.26,35382.26,0.0,0.0,116153.0,0.0,35382.26000000001,151535.26,133452.83934044,30782.639340439997,8,-18082.42065956001
2021-05-17,150780.26,35382.26,0.0,0.0,115398.0,0.0,35382.26000000001,150780.26,132843.83934044,30782.639340439997,8,-17936.42065956001
2021-05-18,150856.26,35382.26,0.0,0.0,115474.0,0.0,35382.26000000001,150856.26,132787.83934044,30782.639340439997,8,-18068.42065956001
2021-05-19,150161.26,35382.26,0.0,0.0,114779.0,0.0,35382.26000000001,150161.26,132178.63934044,30782.639340439997,8,-17982.620659560023
2021-05-20,150374.26,35382.26,0.0,0.0,114992.0,0.0,35382.26000000001,150374.26,132459.63934044,30782.639340439997,8,-17914.620659560023
2021-05-21,150164.26,35382.26,0.0,0.0,114782.0,0.0,35382.26000000001,150164.26,132145.43934043997,30782.639340439997,8,-18018.820659560035
2021-05-24,151387.26,35382.26,0.0,0.0,116005.0,0.0,35382.26000000001,151387.26,133139.43934043997,30782.639340439997,8,-18247.820659560035
2021-05-25,151580.26,35382.26,0.0,0.0,116198.0,0.0,35382.26000000001,151580.26,133360.43934043997,30782.639340439997,8,-18219.820659560035
2021-05-26,151837.26,35652.26,0.0,270.0,116185.0,0.0,35652.26000000001,151837.26,133485.63934044,31052.639340439997,8,-18351.620659560023
2021-05-27,151319.26,35652.26,0.0,0.0,115667.0,0.0,35652.26000000001,151319.26,133146.43934043997,31052.639340439997,8,-18172.820659560035
2021-05-28,151979.26,35652.26,0.0,0.0,116327.0,0.0,35652.26000000001,151979.26,133898.63934044,31052.639340439997,8,-18080.620659560023
2021-05-31,152148.26,35652.26,0.0,0.0,116496.0,0.0,35652.26000000001,152148.26,133418.43934043997,31052.639340439997,8,-18729.820659560035
2021-06-01,151978.26,35652.26,0.0,0.0,116326.0,0.0,35652.26000000001,151978.26,133252.43934043997,31052.639340439997,8,-18725.820659560035
2021-06-02,151770.26,35652.26,0.0,0.0,116118.0,0.0,35652.26000000001,151770.26,133111.43934043997,31052.639340439997,8,-18658.820659560035
2021-06-03,152412.26,35652.26,0.0,0.0,116760.0,0.0,35652.26000000001,152412.26,133645.83934043997,31052.639340439997,8,-18766.42065956004
2021-06-04,151620.26,35652.26,0.0,0.0,115968.0,0.0,35652.26000000001,151620.26,132915.43934043997,31052.639340439997,8,-18704.820659560035
2021-06-07,150788.26,35652.26,0.0,0.0,115136.0,0.0,35652.26000000001,150788.26,132059.23934044,31052.639340439997,8,-18729.020659560018
2021-06-08,151032.26,35652.26,0.0,0.0,115380.0,0.0,35652.26000000001,151032.26,132121.23934044,31052.639340439997,8,-18911.020659560018
2021-06-09,150916.26,35652.26,0.0,0.0,115264.0,0.0,35652.26000000001,150916.26,132030.43934043997,31052.639340439997,8,-18885.820659560035
2021-06-10,150650.26,35652.26,0.0,0.0,114998.0,0.0,35652.26000000001,150650.26,131721.23934044,31052.639340439997,8,-18929.020659560018
2021-06-11,151931.26,35652.26,0.0,0.0,116279.0,0.0,35652.26000000001,151931.26,133265.43934043997,31052.639340439997,8,-18665.820659560035
2021-06-15,151946.26,35652.26,0.0,0.0,116294.0,0.0,35652.26000000001,151946.26,133252.23934044,31052.639340439997,8,-18694.020659560018
2021-06-16,151258.26,35652.26,0.0,0.0,115606.0,0.0,35652.26000000001,151258.26,132510.43934043997,31052.639340439997,8,-18747.820659560035
2021-06-17,150773.26,35652.26,0.0,0.0,115121.0,0.0,35652.26000000001,150773.26,132334.63934044,31052.639340439997,8,-18438.620659560023
2021-06-18,150127.26,35652.26,0.0,0.0,114475.0,0.0,35652.26000000001,150127.26,131411.43934044,31052.639340439997,8,-18715.820659560006
2021-06-21,149801.26,35652.26,0.0,0.0,114149.0,0.0,35652.26000000001,149801.26,130896.03934043998,31052.639340439997,8,-18905.22065956003
2021-06-22,150372.26,35652.26,0.0,0.0,114720.0,0.0,35652.26000000001,150372.26,131436.03934043998,31052.639340439997,8,-18936.22065956003
2021-06-23,150370.26,35652.26,0.0,0.0,114718.0,0.0,35652.26000000001,150370.26,131696.63934044,31052.639340439997,8,-18673.620659560023
2021-06-24,151383.26,35652.26,0.0,0.0,115731.0,0.0,35652.26000000001,151383.26,132366.63934044,31052.639340439997,8,-19016.620659560023
2021-06-25,152041.26,35652.26,0.0,0.0,116389.0,0.0,35652.26000000001,152041.26,133066.83934044,31052.639340439997,8,-18974.42065956001
2021-06-28,150992.26,36502.26,0.0,850.0,114490.0,0.0,36502.26000000001,150992.26,132450.63934044,31052.639340439997,8,-18541.620659560023
2021-06-29,151036.26,36502.26,0.0,0.0,114534.0,0.0,36502.26000000001,151036.26,132621.23934044,31052.639340439997,8,-18415.020659560018
2021-06-30,150798.26,36502.26,0.0,0.0,114296.0,0.0,36502.26000000001,150798.26,132566.63934044,31052.639340439997,8,-18231.620659560023
2021-07-01,149854.03,33591.03,-2911.2100000000046,-0.019999999998617568,116263.0,0.0,33591.03,149854.03,132066.79100743998,30458.79100743999,8,-17787.238992560015
2021-07-02,147980.03,33591.03,0.0,0.0,114389.0,0.0,33591.03,147980.03,131863.79100743998,30458.79100743999,8,-16116.238992560015
2021-07-05,148424.03,33591.03,0.0,0.0,114833.0,0.0,33591.03,148424.03,131804.79100744,30458.79100743999,8,-16619.238992559985
2021-07-06,147727.03,33591.03,0.0,0.0,114136.0,0.0,33591.03,147727.03,132338.79100743998,30458.79100743999,8,-15388.238992560015
2021-07-07,149225.03,33591.03,0.0,0.0,115634.0,0.0,33591.03,149225.03,132649.79100743998,30458.79100743999,8,-16575.238992560015
2021-07-08,148249.03,33591.03,0.0,0.0,114658.0,0.0,33591.03,148249.03,131746.79100744,31272.791007439995,8,-16502.238992559985
2021-07-09,150046.03,33591.03,0.0,0.0,116455.0,0.0,33591.03,150046.03,132627.79100744,31272.791007439995,8,-17418.238992559985
2021-07-12,149918.03,33591.03,0.0,0.0,116327.0,0.0,33591.03,149918.03,132781.79100744,31272.791007439995,8,-17136.238992559985
2021-07-13,151529.03,33591.03,0.0,0.0,117938.0,0.0,33591.03,151529.03,134013.79100744,31272.791007439995,8,-17515.238992559985
2021-07-14,150324.03,33591.03,0.0,0.0,116733.0,0.0,33591.03,150324.03,133115.79100744,31272.791007439995,8,-17208.238992559985
2021-07-15,149766.03,33591.03,0.0,0.0,116175.0,0.0,33591.03,149766.03,133010.79100744,31272.791007439995,8,-16755.238992559985
2021-07-16,149202.03,33591.03,0.0,0.0,115611.0,0.0,33591.03,149202.03,132629.79100744,31272.791007439995,8,-16572.238992559985
2021-07-19,149204.03,33591.03,0.0,0.0,115613.0,0.0,33591.03,149204.03,132762.79100744,31561.791007439995,8,-16441.238992559985
2021-07-20,148982.03,33591.03,0.0,0.0,115391.0,0.0,33591.03,148982.03,132771.79100743998,31561.791007439995,8,-16210.238992560015
2021-07-21,149786.03,33591.03,0.0,0.0,116195.0,0.0,33591.03,149786.03,132780.79100744,31561.791007439995,8,-17005.238992559985
2021-07-22,149351.03,33591.03,0.0,0.0,115760.0,0.0,33591.03,149351.03,132741.79100744,31561.791007439995,8,-16609.238992559985
2021-07-23,148170.03,33591.03,0.0,0.0,114579.0,0.0,33591.03,148170.03,132180.79100744,31561.791007439995,8,-15989.238992559985
2021-07-26,144902.03,33591.03,0.0,0.0,111311.0,0.0,33591.03,144902.03,130472.79100744,31561.791007439995,8,-14429.23899256
2021-07-27,142997.03,33591.03,0.0,0.0,109406.0,0.0,33591.03,142997.03,129429.79100744,31561.791007439995,8,-13567.23899256
2021-07-28,141204.03,33591.03,0.0,0.0,107613.0,0.0,33591.03,141204.03,128864.79100744,31561.791007439995,8,-12339.23899256
2021-07-29,142298.03,33591.03,0.0,0.0,108707.0,0.0,33591.03,142298.03,128734.79100744,31561.791007439995,8,-13563.23899256
2021-07-30,141380.03,33591.03,0.0,0.0,107789.0,0.0,33591.03,141380.03,128591.79100744,31561.791007439995,8,-12788.23899256
2021-08-02,142964.03,33591.03,0.0,0.0,109373.0,0.0,33591.03,142964.03,129614.79100744,31561.791007439995,8,-13349.23899256
2021-08-03,143444.03,33591.03,0.0,0.0,109853.0,0.0,33591.03,143444.03,129952.79100744,31561.791007439995,8,-13491.23899256
2021-08-04,144347.03,33591.03,0.0,0.0,110756.0,0.0,33591.03,144347.03,130019.79100744,31561.791007439995,8,-14327.23899256
2021-08-05,143496.03,33591.03,0.0,0.0,109905.0,0.0,33591.03,143496.03,129722.79100744,31561.791007439995,8,-13773.23899256
2021-08-06,143382.03,33591.03,0.0,0.0,109791.0,0.0,33591.03,143382.03,130355.79100744,31561.791007439995,8,-13026.23899256
2021-08-09,144644.03,33591.03,0.0,0.0,111053.0,0.0,33591.03,144644.03,131336.79100744,31561.791007439995,8,-13307.238992559985
2021-08-10,145965.03,33591.03,0.0,0.0,112374.0,0.0,33591.03,145965.03,131693.79100744,31561.791007439995,8,-14271.238992559985
2021-08-11,145504.03,33591.03,0.0,0.0,111913.0,0.0,33591.03,145504.03,131988.79100744,31561.791007439995,8,-13515.238992559985
2021-08-12,145857.03,33591.03,0.0,0.0,112266.0,0.0,33591.03,145857.03,132095.79100744,31561.791007439995,8,-13761.238992559985
2021-08-13,145432.03,33591.03,0.0,0.0,111841.0,0.0,33591.03,145432.03,131925.79100744,31561.791007439995,8,-13506.238992559985
2021-08-16,145362.03,33591.03,0.0,0.0,111771.0,0.0,33591.03,145362.03,132189.79100744,31561.791007439995,8,-13172.238992559985
2021-08-17,143121.03,33591.03,0.0,0.0,109530.0,0.0,33591.03,143121.03,131013.79100744,31561.791007439995,8,-12107.23899256
2021-08-18,143768.03,33591.03,0.0,0.0,110177.0,0.0,33591.03,143768.03,131913.79100744,31561.791007439995,8,-11854.238992559985
2021-08-19,143172.03,33591.03,0.0,0.0,109581.0,0.0,33591.03,143172.03,131263.79100744,31561.791007439995,8,-11908.238992559985
2021-08-20,143550.03,33591.03,0.0,0.0,109959.0,0.0,33591.03,143550.03,131467.79100744,31561.791007439995,8,-12082.238992559985
2021-08-23,145708.03,33591.03,0.0,0.0,112117.0,0.0,33591.03,145708.03,132970.79100744,31561.791007439995,8,-12737.238992559985
2021-08-24,146102.03,33591.03,0.0,0.0,112511.0,0.0,33591.03,146102.03,133153.79100744,31561.791007439995,8,-12948.238992559985
2021-08-25,146724.03,33591.03,0.0,0.0,113133.0,0.0,33591.03,146724.03,133442.79100744,31561.791007439995,8,-13281.238992559985
2021-08-26,147155.03,33591.03,0.0,0.0,113564.0,0.0,33591.03,147155.03,134045.79100744,31561.791007439995,8,-13109.238992559985
2021-08-27,147490.03,33591.03,0.0,0.0,113899.0,0.0,33591.03,147490.03,134294.79100744,31561.791007439995,8,-13195.238992559985
2021-08-30,146087.03,33591.03,0.0,0.0,112496.0,0.0,33591.03,146087.03,133782.79100744,31561.791007439995,8,-12304.238992559985
2021-08-31,148169.03,33591.03,0.0,0.0,114578.0,0.0,33591.03,148169.03,135130.79100744,31561.791007439995,8,-13038.238992559985
2021-09-01,148515.03,33591.03,0.0,0.0,114924.0,0.0,33591.03,148515.03,136721.79100744,31561.791007439995,8,-11793.238992559985
2021-09-02,148563.03,33591.03,0.0,0.0,114972.0,0.0,33591.03,148563.03,137401.79100744,31561.791007439995,8,-11161.238992559985
2021-09-03,149736.03,33591.03,0.0,0.0,116145.0,0.0,33591.03,149736.03,137316.79100744,31561.791007439995,8,-12419.238992559985
2021-09-06,150792.03,33591.03,0.0,0.0,117201.0,0.0,33591.03,150792.03,138682.79100744,31561.791007439995,8,-12109.238992559985
2021-09-07,152259.03,33591.03,0.0,0.0,118668.0,0.0,33591.03,152259.03,140327.79100744,31561.791007439995,8,-11931.238992559985
2021-09-08,153965.03,33591.03,0.0,0.0,120374.0,0.0,33591.03,153965.03,140682.79100744,31561.791007439995,8,-13282.238992559985
2021-09-09,155014.03,33591.03,0.0,0.0,121423.0,0.0,33591.03,155014.03,142068.79100744,31561.791007439995,8,-12945.238992559985
2021-09-10,152837.03,33591.03,0.0,0.0,119246.0,0.0,33591.03,152837.03,142264.79100744,31561.791007439995,8,-10572.238992559985
2021-09-13,153228.03,33591.03,0.0,0.0,119637.0,0.0,33591.03,153228.03,143678.79100744,31561.791007439995,8,-9549.238992559985
2021-09-14,151035.03,33591.03,0.0,0.0,117444.0,0.0,33591.03,151035.03,141272.79100744,31561.791007439995,8,-9762.238992559985
2021-09-15,151076.03,33591.03,0.0,0.0,117485.0,0.0,33591.03,151076.03,142291.79100744,31561.791007439995,8,-8784.238992559985
2021-09-16,150057.03,33591.03,0.0,0.0,116466.0,0.0,33591.03,150057.03,142467.79100744,31561.791007439995,8,-7589.2389925599855
2021-09-17,149052.03,33591.03,0.0,0.0,115461.0,0.0,33591.03,149052.03,141010.79100744,31561.791007439995,8,-8041.2389925599855
2021-09-22,149536.03,33591.03,0.0,0.0,115945.0,0.0,33591.03,149536.03,143611.79100744,31561.791007439995,8,-5924.2389925599855
2021-09-23,151174.03,33591.03,0.0,0.0,117583.0,0.0,33591.03,151174.03,147606.79100744,31561.791007439995,8,-3567.2389925599855
2021-09-24,149334.03,33591.03,0.0,0.0,115743.0,0.0,33591.03,149334.03,148133.79100744,31561.791007439995,8,-1200.2389925599855
2021-09-27,149058.03,33591.03,0.0,0.0,115467.0,0.0,33591.03,149058.03,143450.79100744,31561.791007439995,8,-5607.2389925599855
2021-09-28,146715.03,33591.03,0.0,0.0,113124.0,0.0,33591.03,146715.03,147797.79100744,31561.791007439995,8,1082.7610074400145
2021-09-29,144928.03,33591.03,0.0,0.0,111337.0,0.0,33591.03,144928.03,147480.79100744,31561.791007439995,8,2552.7610074400145
2021-09-30,146112.03,33591.03,0.0,0.0,112521.0,0.0,33591.03,146112.03,146748.79100744,31561.791007439995,8,636.7610074400145
2021-10-08,147288.39,33964.39,373.3500000000022,0.00999999999839929,113324.0,1.4551915228366852e-11,33964.39,147288.39,147828.42247223997,34487.422472239974,8,540.0324722399528
2021-10-11,144782.39,33964.39,0.0,0.0,110818.0,1.4551915228366852e-11,33964.39,144782.39,146983.42247223997,34487.422472239974,8,2201.0324722399528
2021-10-12,144654.39,33964.39,0.0,0.0,110690.0,1.4551915228366852e-11,33964.39,144654.39,145787.42247223997,34487.422472239974,8,1133.0324722399528
2021-10-13,143172.39,34239.39,0.0,275.0,108933.0,1.4551915228366852e-11,34239.39,143172.39,145245.42247223997,34487.422472239974,8,2073.0324722399528
2021-10-14,143643.39,34239.39,0.0,0.0,109404.0,1.4551915228366852e-11,34239.39,143643.39,146107.42247223997,34487.422472239974,8,2464.0324722399528
2021-10-15,143240.39,34239.39,0.0,0.0,109001.0,1.4551915228366852e-11,34239.39,143240.39,145155.42247223997,34487.422472239974,8,1915.0324722399528
2021-10-18,142858.39,34239.39,0.0,0.0,108619.0,1.4551915228366852e-11,34239.39,142858.39,145576.42247223997,34487.422472239974,8,2718.0324722399528
2021-10-19,143113.39,34239.39,0.0,0.0,108874.0,1.4551915228366852e-11,34239.39,143113.39,145174.42247223997,34487.422472239974,8,2061.0324722399528
2021-10-20,142256.39,34239.39,0.0,0.0,108017.0,1.4551915228366852e-11,34239.39,142256.39,143591.42247223997,34487.422472239974,8,1335.0324722399528
2021-10-21,142386.39,34239.39,0.0,0.0,108147.0,1.4551915228366852e-11,34239.39,142386.39,143441.42247223997,34487.422472239974,8,1055.0324722399528
2021-10-22,140030.39,34239.39,0.0,0.0,105791.0,1.4551915228366852e-11,34239.39,140030.39,141183.42247223997,34487.422472239974,8,1153.0324722399528
2021-10-25,140661.39,34239.39,0.0,0.0,106422.0,1.4551915228366852e-11,34239.39,140661.39,140649.42247223997,34487.422472239974,8,-11.967527760047233
2021-10-26,140517.39,34239.39,0.0,0.0,106278.0,1.4551915228366852e-11,34239.39,140517.39,139553.42247223997,34487.422472239974,8,-963.9675277600472
2021-10-27,139300.39,34239.39,0.0,0.0,105061.0,1.4551915228366852e-11,34239.39,139300.39,138360.42247223997,34487.422472239974,8,-939.9675277600472
2021-10-28,138918.39,34239.39,0.0,0.0,104679.0,1.4551915228366852e-11,34239.39,138918.39,138834.42247223997,34487.422472239974,8,-83.96752776004723
2021-10-29,141789.39,34239.39,0.0,0.0,107550.0,1.4551915228366852e-11,34239.39,141789.39,140027.42247223997,34487.422472239974,8,-1761.9675277600472
2021-11-01,142139.39,34239.39,0.0,0.0,107900.0,1.4551915228366852e-11,34239.39,142139.39,139661.42247223997,34487.422472239974,8,-2477.9675277600472
2021-11-02,141867.39,34239.39,0.0,0.0,107628.0,1.4551915228366852e-11,34239.39,141867.39,138454.42247223997,34487.422472239974,8,-3412.9675277600472
2021-11-03,143272.39,34239.39,0.0,0.0,109033.0,1.4551915228366852e-11,34239.39,143272.39,138956.42247223997,34487.422472239974,8,-4315.967527760047
2021-11-04,145298.39,34239.39,0.0,0.0,111059.0,1.4551915228366852e-11,34239.39,145298.39,139134.42247223997,34487.422472239974,8,-6163.967527760047
2021-11-05,144079.39,34239.39,0.0,0.0,109840.0,1.4551915228366852e-11,34239.39,144079.39,138210.42247223997,34487.422472239974,8,-5868.967527760047
2021-11-08,143723.39,34239.39,0.0,0.0,109484.0,1.4551915228366852e-11,34239.39,143723.39,138195.42247223997,34487.422472239974,8,-5527.967527760047
2021-11-09,144437.39,34239.39,0.0,0.0,110198.0,1.4551915228366852e-11,34239.39,144437.39,138237.42247223997,34487.422472239974,8,-6199.967527760047
2021-11-10,144817.39,34239.39,0.0,0.0,110578.0,1.4551915228366852e-11,34239.39,144817.39,138229.42247223997,34487.422472239974,8,-6587.967527760047
2021-11-11,145999.39,34239.39,0.0,0.0,111760.0,1.4551915228366852e-11,34239.39,145999.39,139076.42247223997,34487.422472239974,8,-6922.967527760047
2021-11-12,146774.39,34239.39,0.0,0.0,112535.0,1.4551915228366852e-11,34239.39,146774.39,138748.42247223997,34487.422472239974,8,-8025.967527760047
2021-11-15,149437.39,34239.39,0.0,0.0,115198.0,1.4551915228366852e-11,34239.39,149437.39,139858.42247223997,34487.422472239974,8,-9578.967527760047
2021-11-16,150966.39,34239.39,0.0,0.0,116727.0,1.4551915228366852e-11,34239.39,150966.39,139518.42247223997,34487.422472239974,8,-11447.967527760047
2021-11-17,152557.39,34239.39,0.0,0.0,118318.0,1.4551915228366852e-11,34239.39,152557.39,140238.42247223997,34487.422472239974,8,-12318.967527760047
2021-11-18,151053.39,34239.39,0.0,0.0,116814.0,1.4551915228366852e-11,34239.39,151053.39,139175.42247223997,34487.422472239974,8,-11877.967527760047
2021-11-19,150259.39,34239.39,0.0,0.0,116020.0,1.4551915228366852e-11,34239.39,150259.39,140361.42247223997,34487.422472239974,8,-9897.967527760047
2021-11-22,150742.39,34239.39,0.0,0.0,116503.0,1.4551915228366852e-11,34239.39,150742.39,140891.42247223997,34487.422472239974,8,-9850.967527760047
2021-11-23,152312.39,34239.39,0.0,0.0,118073.0,1.4551915228366852e-11,34239.39,152312.39,140849.42247223997,34487.422472239974,8,-11462.967527760047
2021-11-24,153310.39,34239.39,0.0,0.0,119071.0,1.4551915228366852e-11,34239.39,153310.39,141498.42247223997,34487.422472239974,8,-11811.967527760047
2021-11-25,153272.39,34239.39,0.0,0.0,119033.0,1.4551915228366852e-11,34239.39,153272.39,141029.42247223997,34487.422472239974,8,-12242.967527760047
2021-11-26,152824.39,34239.39,0.0,0.0,118585.0,1.4551915228366852e-11,34239.39,152824.39,141112.42247223997,34487.422472239974,8,-11711.967527760047
2021-11-29,153673.39,34239.39,0.0,0.0,119434.0,1.4551915228366852e-11,34239.39,153673.39,140719.42247223997,34487.422472239974,8,-12953.967527760047
2021-11-30,154559.39,34239.39,0.0,0.0,120320.0,1.4551915228366852e-11,34239.39,154559.39,141199.42247223997,34487.422472239974,8,-13359.967527760047
2021-12-01,156571.39,34239.39,0.0,0.0,122332.0,1.4551915228366852e-11,34239.39,156571.39,142710.42247223997,34487.422472239974,8,-13860.967527760047
2021-12-02,155575.39,34239.39,0.0,0.0,121336.0,1.4551915228366852e-11,34239.39,155575.39,142245.42247223997,34487.422472239974,8,-13329.967527760047
2021-12-03,156707.39,34239.39,0.0,0.0,122468.0,1.4551915228366852e-11,34239.39,156707.39,143692.42247223997,34487.422472239974,8,-13014.967527760047
2021-12-06,155447.39,34239.39,0.0,0.0,121208.0,1.4551915228366852e-11,34239.39,155447.39,143505.42247223997,34487.422472239974,8,-11941.967527760047
2021-12-07,155118.39,34239.39,0.0,0.0,120879.0,1.4551915228366852e-11,34239.39,155118.39,143687.42247223997,34487.422472239974,8,-11430.967527760047
2021-12-08,158696.39,34239.39,0.0,0.0,124457.0,1.4551915228366852e-11,34239.39,158696.39,145077.42247223997,34487.422472239974,8,-13618.967527760047
2021-12-09,157277.39,34239.39,0.0,0.0,123038.0,1.4551915228366852e-11,34239.39,157277.39,146208.42247223997,34487.422472239974,8,-11068.967527760047
2021-12-10,156663.39,34239.39,0.0,0.0,122424.0,1.4551915228366852e-11,34239.39,156663.39,145246.42247223997,34487.422472239974,8,-11416.967527760047
2021-12-13,157977.39,34239.39,0.0,0.0,123738.0,1.4551915228366852e-11,34239.39,157977.39,145462.42247223997,34487.422472239974,8,-12514.967527760047
2021-12-14,159331.39,34239.39,0.0,0.0,125092.0,1.4551915228366852e-11,34239.39,159331.39,145158.42247223997,34487.422472239974,8,-14172.967527760047
2021-12-15,159669.39,34239.39,0.0,0.0,125430.0,1.4551915228366852e-11,34239.39,159669.39,145243.42247223997,34487.422472239974,8,-14425.967527760047
2021-12-16,160262.39,34239.39,0.0,0.0,126023.0,1.4551915228366852e-11,34239.39,160262.39,146375.42247223997,34487.422472239974,8,-13886.967527760047
2021-12-17,159453.39,34239.39,0.0,0.0,125214.0,1.4551915228366852e-11,34239.39,159453.39,145960.42247223997,34487.422472239974,8,-13492.967527760047
2021-12-20,160205.39,34239.39,0.0,0.0,125966.0,1.4551915228366852e-11,34239.39,160205.39,145900.42247223997,34487.422472239974,8,-14304.967527760047
2021-12-21,161176.39,34239.39,0.0,0.0,126937.0,1.4551915228366852e-11,34239.39,161176.39,147635.42247223997,34487.422472239974,8,-13540.967527760047
2021-12-22,160489.39,34239.39,0.0,0.0,126250.0,1.4551915228366852e-11,34239.39,160489.39,147734.42247223997,34487.422472239974,8,-12754.967527760047
2021-12-23,158991.39,34239.39,0.0,0.0,124752.0,1.4551915228366852e-11,34239.39,158991.39,146422.42247223997,34487.422472239974,8,-12568.967527760047
2021-12-24,158173.39,34239.39,0.0,0.0,123934.0,1.4551915228366852e-11,34239.39,158173.39,145789.42247223997,34487.422472239974,8,-12383.967527760047
2021-12-27,160603.39,34239.39,0.0,0.0,126364.0,1.4551915228366852e-11,34239.39,160603.39,147875.42247223997,34487.422472239974,8,-12727.967527760047
2021-12-28,159307.39,34239.39,0.0,0.0,125068.0,1.4551915228366852e-11,34239.39,159307.39,146422.42247223997,34487.422472239974,8,-12884.967527760047
2021-12-29,158752.39,34239.39,0.0,0.0,124513.0,1.4551915228366852e-11,34239.39,158752.39,146153.42247223997,34487.422472239974,8,-12598.967527760047
2021-12-30,159664.39,34239.39,0.0,0.0,125425.0,1.4551915228366852e-11,34239.39,159664.39,146995.42247223997,34487.422472239974,8,-12668.967527760047
2021-12-31,162918.39,34239.39,0.0,0.0,128679.0,1.4551915228366852e-11,34239.39,162918.39,148968.42247223997,34487.422472239974,8,-13949.967527760047
2022-01-04,165374.68,62283.68,28044.31,-0.020000000000436557,103091.0,0.0,62283.68,165374.68,152468.41519364,31554.415193639983,8,-12906.264806360006
2022-01-05,162812.68,62283.68,0.0,0.0,100529.0,0.0,62283.68,162812.68,150645.41519364,31554.415193639983,8,-12167.264806360006
2022-01-06,163561.68,62283.68,0.0,0.0,101278.0,0.0,62283.68,163561.68,150420.41519364,31554.415193639983,8,-13141.264806360006
2022-01-07,161929.68,62283.68,0.0,0.0,99646.0,0.0,62283.68,161929.68,149461.41519364,31554.415193639983,8,-12468.264806360006
2022-01-10,162273.68,62283.68,0.0,0.0,99990.0,0.0,62283.68,162273.68,149960.41519364,31554.415193639983,8,-12313.264806360006
2022-01-11,162965.68,62283.68,0.0,0.0,100682.0,0.0,62283.68,162965.68,150132.41519364,31554.415193639983,8,-12833.264806360006
2022-01-12,163690.68,62283.68,0.0,0.0,101407.0,0.0,62283.68,163690.68,150940.41519364,31554.415193639983,8,-12750.264806360006
2022-01-13,163821.68,62283.68,0.0,0.0,101538.0,0.0,62283.68,163821.68,151936.41519364,31554.415193639983,8,-11885.264806360006
2022-01-14,161143.68,62283.68,0.0,0.0,98860.0,0.0,62283.68,161143.68,149785.41519364,31554.415193639983,8,-11358.264806360006
2022-01-17,162189.68,62283.68,0.0,0.0,99906.0,0.0,62283.68,162189.68,151187.41519364,31554.415193639983,8,-11002.264806360006
2022-01-18,161647.68,62283.68,0.0,0.0,99364.0,0.0,62283.68,161647.68,149570.41519364,31554.415193639983,8,-12077.264806360006
2022-01-19,163223.68,62283.68,0.0,0.0,100940.0,0.0,62283.68,163223.68,151151.41519364,31554.415193639983,8,-12072.264806360006
2022-01-20,160144.68,62283.68,0.0,0.0,97861.0,0.0,62283.68,160144.68,148219.41519364,31554.415193639983,8,-11925.264806360006
2022-01-21,158611.68,62283.68,0.0,0.0,96328.0,0.0,62283.68,158611.68,146950.41519364,31554.415193639983,8,-11661.264806360006
2022-01-24,157467.68,62283.68,0.0,0.0,95184.0,0.0,62283.68,157467.68,145899.41519364,31554.415193639983,8,-11568.264806360006
2022-01-25,153300.68,62283.68,0.0,0.0,91017.0,0.0,62283.68,153300.68,141647.41519364,31554.415193639983,8,-11653.264806360006
2022-01-26,154483.68,62283.68,0.0,0.0,92200.0,0.0,62283.68,154483.68,141984.41519364,31554.415193639983,8,-12499.264806360006
2022-01-27,152583.68,62283.68,0.0,0.0,90300.0,0.0,62283.68,152583.68,140207.41519364,31554.415193639983,8,-12376.264806360006
2022-01-28,154126.68,62283.68,0.0,0.0,91843.0,0.0,62283.68,154126.68,141230.41519364,31554.415193639983,8,-12896.264806360006
2022-02-07,155725.68,62283.68,0.0,0.0,93442.0,0.0,62283.68,155725.68,142049.41519364,31554.415193639983,8,-13676.264806360006
2022-02-08,157574.68,62283.68,0.0,0.0,95291.0,0.0,62283.68,157574.68,144938.41519364,31554.415193639983,8,-12636.264806360006
2022-02-09,160073.68,62283.68,0.0,0.0,97790.0,0.0,62283.68,160073.68,146484.41519364,31554.415193639983,8,-13589.264806360006
2022-02-10,160562.68,62283.68,0.0,0.0,98279.0,0.0,62283.68,160562.68,147344.41519364,31554.415193639983,8,-13218.264806360006
2022-02-11,158363.68,62283.68,0.0,0.0,96080.0,0.0,62283.68,158363.68,145768.41519364,31554.415193639983,8,-12595.264806360006
2022-02-14,157642.68,62283.68,0.0,0.0,95359.0,0.0,62283.68,157642.68,145307.41519364,31554.415193639983,8,-12335.264806360006
2022-02-15,157702.68,62283.68,0.0,0.0,95419.0,0.0,62283.68,157702.68,144529.41519364,31554.415193639983,8,-13173.264806360006
2022-02-16,159822.68,62283.68,0.0,0.0,97539.0,0.0,62283.68,159822.68,145778.41519364,31554.415193639983,8,-14044.264806360006
2022-02-17,158212.68,62283.68,0.0,0.0,95929.0,0.0,62283.68,158212.68,144711.41519364,31554.415193639983,8,-13501.264806360006
2022-02-18,159471.68,62283.68,0.0,0.0,97188.0,0.0,62283.68,159471.68,146568.41519364,31554.415193639983,8,-12903.264806360006
2022-02-21,161477.68,62283.68,0.0,0.0,99194.0,0.0,62283.68,161477.68,147797.41519364,31554.415193639983,8,-13680.264806360006
2022-02-22,159380.68,62283.68,0.0,0.0,97097.0,0.0,62283.68,159380.68,146235.41519364,31554.415193639983,8,-13145.264806360006
2022-02-23,159568.68,62283.68,0.0,0.0,97285.0,0.0,62283.68,159568.68,145690.41519364,31554.415193639983,8,-13878.264806360006
2022-02-24,157230.68,62283.68,0.0,0.0,94947.0,0.0,62283.68,157230.68,143296.41519364,31554.415193639983,8,-13934.264806360006
2022-02-25,159021.68,62283.68,0.0,0.0,96738.0,0.0,62283.68,159021.68,144266.41519364,31554.415193639983,8,-14755.264806360006
2022-02-28,157880.68,62283.68,0.0,0.0,95597.0,0.0,62283.68,157880.68,142774.41519364,31554.415193639983,8,-15106.264806360006
2022-03-01,159162.68,62283.68,0.0,0.0,96879.0,0.0,62283.68,159162.68,143975.41519364,31554.415193639983,8,-15187.264806360006
2022-03-02,159325.68,62283.68,0.0,0.0,97042.0,0.0,62283.68,159325.68,144830.41519364,31554.415193639983,8,-14495.264806360006
2022-03-03,159538.68,62283.68,0.0,0.0,97255.0,0.0,62283.68,159538.68,146023.41519364,31554.415193639983,8,-13515.264806360006
2022-03-04,158108.68,62283.68,0.0,0.0,95825.0,0.0,62283.68,158108.68,145302.41519364,31554.415193639983,8,-12806.264806360006
2022-03-07,157499.68,62283.68,0.0,0.0,95216.0,0.0,62283.68,157499.68,146354.41519364,31554.415193639983,8,-11145.264806360006
2022-03-08,155076.68,62283.68,0.0,0.0,92793.0,0.0,62283.68,155076.68,143045.41519364,31554.415193639983,8,-12031.264806360006
2022-03-09,154817.68,62283.68,0.0,0.0,92534.0,0.0,62283.68,154817.68,140560.41519364,31554.415193639983,8,-14257.264806360006
2022-03-10,156670.68,62283.68,0.0,0.0,94387.0,0.0,62283.68,156670.68,144011.41519364,31554.415193639983,8,-12659.264806360006
2022-03-11,157019.68,62283.68,0.0,0.0,94736.0,0.0,62283.68,157019.68,144453.41519364,31554.415193639983,8,-12566.264806360006
2022-03-14,154396.68,62283.68,0.0,0.0,92113.0,0.0,62283.68,154396.68,142155.41519364,31554.415193639983,8,-12241.264806360006
2022-03-15,148142.68,62283.68,0.0,0.0,85859.0,0.0,62283.68,148142.68,135279.41519364,31554.415193639983,8,-12863.264806360006
2022-03-16,150204.68,62283.68,0.0,0.0,87921.0,0.0,62283.68,150204.68,138383.41519364,31554.415193639983,8,-11821.264806360006
2022-03-17,151155.68,62283.68,0.0,0.0,88872.0,0.0,62283.68,151155.68,139495.41519364,31554.415193639983,8,-11660.264806360006
2022-03-18,153855.68,62283.68,0.0,0.0,91572.0,0.0,62283.68,153855.68,144028.41519364,31554.415193639983,8,-9827.264806360006
2022-03-21,154806.68,62283.68,0.0,0.0,92523.0,0.0,62283.68,154806.68,144609.41519364,31554.415193639983,8,-10197.264806360006
2022-03-22,155587.68,62283.68,0.0,0.0,93304.0,0.0,62283.68,155587.68,147917.41519364,31554.415193639983,8,-7670.264806360006
2022-03-23,155007.68,62283.68,0.0,0.0,92724.0,0.0,62283.68,155007.68,147515.41519364,31554.415193639983,8,-7492.264806360006
2022-03-24,153861.68,62283.68,0.0,0.0,91578.0,0.0,62283.68,153861.68,145989.41519364,31554.415193639983,8,-7872.264806360006
2022-03-25,154967.68,62283.68,0.0,0.0,92684.0,0.0,62283.68,154967.68,148006.41519364,31554.415193639983,8,-6961.264806360006
2022-03-28,156342.68,62283.68,0.0,0.0,94059.0,0.0,62283.68,156342.68,150579.41519364,31554.415193639983,8,-5763.264806360006
2022-03-29,154956.68,62283.68,0.0,0.0,92673.0,0.0,62283.68,154956.68,148901.41519364,31554.415193639983,8,-6055.264806360006
2022-03-30,156517.68,62283.68,0.0,0.0,94234.0,0.0,62283.68,156517.68,152286.41519364,31554.415193639983,8,-4231.264806360006
2022-03-31,157182.68,62283.68,0.0,0.0,94899.0,0.0,62283.68,157182.68,155081.41519364,31554.415193639983,8,-2101.2648063600063
2022-04-01,157729.4,36816.4,-25467.28,0.0,120913.0,0.0,36816.4,157729.4,155592.25466304,33611.254663039974,8,-2137.145336960006
2022-04-06,158807.4,36816.4,0.0,0.0,121991.0,0.0,36816.4,158807.4,157571.25466304,33611.254663039974,8,-1236.1453369600058
2022-04-07,156841.4,36816.4,0.0,0.0,120025.0,0.0,36816.4,156841.4,154759.25466304,33611.254663039974,8,-2082.145336960006
2022-04-08,157257.4,36816.4,0.0,0.0,120441.0,0.0,36816.4,157257.4,155173.25466304,33611.254663039974,8,-2084.145336960006
2022-04-11,154774.4,36816.4,0.0,0.0,117958.0,0.0,36816.4,154774.4,152503.25466304,33611.254663039974,8,-2271.145336960006
2022-04-12,156598.4,36816.4,0.0,0.0,119782.0,0.0,36816.4,156598.4,154172.25466304,33611.254663039974,8,-2426.145336960006
2022-04-13,153977.4,36816.4,0.0,0.0,117161.0,0.0,36816.4,153977.4,151494.25466304,33611.254663039974,8,-2483.145336960006
2022-04-14,153601.4,36816.4,0.0,0.0,116785.0,0.0,36816.4,153601.4,152424.25466304,33611.254663039974,8,-1177.1453369600058
2022-04-15,153216.4,36816.4,0.0,0.0,116400.0,0.0,36816.4,153216.4,151804.25466304,33611.254663039974,8,-1412.1453369600058
2022-04-18,153612.4,36816.4,0.0,0.0,116796.0,0.0,36816.4,153612.4,151883.25466304,33611.254663039974,8,-1729.1453369600058
2022-04-19,155346.4,36816.4,0.0,0.0,118530.0,0.0,36816.4,155346.4,153236.25466304,33611.254663039974,8,-2110.145336960006
2022-04-20,153429.4,36816.4,0.0,0.0,116613.0,0.0,36816.4,153429.4,152348.25466304,33611.254663039974,8,-1081.1453369600058
2022-04-21,150137.4,36816.4,0.0,0.0,113321.0,0.0,36816.4,150137.4,148383.25466304,33611.254663039974,8,-1754.1453369600058
2022-04-22,151347.4,36816.4,0.0,0.0,114531.0,0.0,36816.4,151347.4,150287.25466304,33611.254663039974,8,-1060.1453369600058
2022-04-25,145962.4,36816.4,0.0,0.0,109146.0,0.0,36816.4,145962.4,145484.25466304,33611.254663039974,8,-478.1453369600058
2022-04-26,143434.4,36816.4,0.0,0.0,106618.0,0.0,36816.4,143434.4,144188.25466304,33611.254663039974,8,753.8546630399942
2022-04-27,144517.4,36816.4,0.0,0.0,107701.0,0.0,36816.4,144517.4,145037.25466304,33611.254663039974,8,519.8546630399942
2022-04-28,145001.4,36816.4,0.0,0.0,108185.0,0.0,36816.4,145001.4,145464.25466304,33611.254663039974,8,462.8546630399942
2022-04-29,148862.4,36816.4,0.0,0.0,112046.0,0.0,36816.4,148862.4,149769.25466304,33611.254663039974,8,906.8546630399942
2022-05-05,150583.4,36816.4,0.0,0.0,113767.0,0.0,36816.4,150583.4,151079.25466304,33611.254663039974,8,495.8546630399942
2022-05-06,150458.4,36816.4,0.0,0.0,113642.0,0.0,36816.4,150458.4,150111.25466304,33611.254663039974,8,-347.1453369600058
2022-05-09,150980.4,36816.4,0.0,0.0,114164.0,0.0,36816.4,150980.4,151299.25466304,33611.254663039974,8,318.8546630399942
2022-05-10,151066.4,36816.4,0.0,0.0,114250.0,0.0,36816.4,151066.4,151736.25466304,33611.254663039974,8,669.8546630399942
2022-05-11,151196.4,36816.4,0.0,0.0,114380.0,0.0,36816.4,151196.4,151990.25466304,33611.254663039974,8,793.8546630399942
2022-05-12,151075.4,36816.4,0.0,0.0,114259.0,0.0,36816.4,151075.4,151259.25466304,33611.254663039974,8,183.8546630399942
2022-05-13,150708.4,38711.4,0.0,1895.0,111997.0,0.0,38711.4,150708.4,151443.85466303997,34322.254663039974,8,735.4546630399709
2022-05-16,151342.4,38711.4,0.0,0.0,112631.0,0.0,38711.4,151342.4,150865.05466303998,34322.254663039974,8,-477.34533696001745
2022-05-17,150520.4,38711.4,0.0,0.0,111809.0,0.0,38711.4,150520.4,150022.45466303997,34322.254663039974,8,-497.94533696002327
2022-05-18,150871.4,38711.4,0.0,0.0,112160.0,0.0,38711.4,150871.4,149818.85466303997,34322.254663039974,8,-1052.545336960029
2022-05-19,150489.4,38711.4,0.0,0.0,111778.0,0.0,38711.4,150489.4,149592.45466303997,34322.254663039974,8,-896.9453369600233
2022-05-20,151470.4,38711.4,0.0,0.0,112759.0,0.0,38711.4,151470.4,150835.65466303995,34322.254663039974,8,-634.7453369600407
2022-05-23,152809.4,38711.4,0.0,0.0,114098.0,0.0,38711.4,152809.4,151611.45466303997,34322.254663039974,8,-1197.9453369600233
2022-05-24,149355.4,38711.4,0.0,0.0,110644.0,0.0,38711.4,149355.4,148224.05466303998,34322.254663039974,8,-1131.3453369600174
2022-05-25,150680.4,38711.4,0.0,0.0,111969.0,0.0,38711.4,150680.4,149560.65466303995,34322.254663039974,8,-1119.7453369600407
2022-05-26,152305.4,38711.4,0.0,0.0,113594.0,0.0,38711.4,152305.4,151244.65466303995,34322.254663039974,8,-1060.7453369600407
2022-05-27,152774.4,39131.4,0.0,420.0,113643.0,0.0,39131.4,152774.4,151162.85466303997,34322.254663039974,8,-1611.545336960029
2022-05-30,153279.4,39131.4,0.0,0.0,114148.0,0.0,39131.4,153279.4,151716.65466303995,34322.254663039974,8,-1562.7453369600407
2022-05-31,154407.4,39771.4,0.0,640.0,114636.0,0.0,39771.4,154407.4,152177.45466303997,34978.254663039974,8,-2229.9453369600233
2022-06-01,155053.4,39771.4,0.0,0.0,115282.0,0.0,39771.4,155053.4,152327.45466303997,34978.254663039974,8,-2725.9453369600233
2022-06-02,154788.4,39771.4,0.0,0.0,115017.0,0.0,39771.4,154788.4,152049.45466303997,34978.254663039974,8,-2738.9453369600233
2022-06-06,156234.4,39771.4,0.0,0.0,116463.0,0.0,39771.4,156234.4,151998.25466304,34978.254663039974,8,-4236.145336960006
2022-06-07,156058.4,39771.4,0.0,0.0,116287.0,0.0,39771.4,156058.4,152212.25466304,34978.254663039974,8,-3846.145336960006
2022-06-08,155598.4,39771.4,0.0,0.0,115827.0,0.0,39771.4,155598.4,152178.85466303997,34978.254663039974,8,-3419.545336960029
2022-06-09,156087.4,39771.4,0.0,0.0,116316.0,0.0,39771.4,156087.4,152080.25466304,34978.254663039974,8,-4007.145336960006
2022-06-10,157059.4,39771.4,0.0,0.0,117288.0,0.0,39771.4,157059.4,153910.85466303997,34978.254663039974,8,-3148.545336960029
2022-06-13,156280.4,39771.4,0.0,0.0,116509.0,0.0,39771.4,156280.4,152600.85466303997,34978.254663039974,8,-3679.545336960029
2022-06-14,157591.4,39771.4,0.0,0.0,117820.0,0.0,39771.4,157591.4,154395.05466303998,34978.254663039974,8,-3196.3453369600174
2022-06-15,158778.4,39771.4,0.0,0.0,119007.0,0.0,39771.4,158778.4,156116.25466304,34978.254663039974,8,-2662.145336960006
2022-06-16,156819.4,39771.4,0.0,0.0,117048.0,0.0,39771.4,156819.4,153651.85466303997,34978.254663039974,8,-3167.545336960029
2022-06-17,156544.4,40277.4,0.0,506.0,116267.0,0.0,40277.4,156544.4,153406.05466303998,35506.254663039974,8,-3138.3453369600174
2022-06-20,156144.4,40277.4,0.0,0.0,115867.0,0.0,40277.4,156144.4,153677.25466304,35506.254663039974,8,-2467.145336960006
2022-06-21,155779.4,40277.4,0.0,0.0,115502.0,0.0,40277.4,155779.4,153372.85466303997,35506.254663039974,8,-2406.545336960029
2022-06-22,154424.4,40277.4,0.0,0.0,114147.0,0.0,40277.4,154424.4,152047.85466303997,35506.254663039974,8,-2376.545336960029
2022-06-23,154902.4,40277.4,0.0,0.0,114625.0,0.0,40277.4,154902.4,153304.25466304,35506.254663039974,8,-1598.1453369600058
2022-06-24,155387.4,40277.4,0.0,0.0,115110.0,0.0,40277.4,155387.4,153039.45466303997,35506.254663039974,8,-2347.9453369600233
2022-06-27,155285.4,40277.4,0.0,0.0,115008.0,0.0,40277.4,155285.4,153168.45466303997,35506.254663039974,8,-2116.9453369600233
2022-06-28,156911.4,40277.4,0.0,0.0,116634.0,0.0,40277.4,156911.4,154986.05466303998,35506.254663039974,8,-1925.3453369600174
2022-06-29,155640.4,40277.4,0.0,0.0,115363.0,0.0,40277.4,155640.4,154357.45466304,35506.254663039974,8,-1282.9453369599942
2022-06-30,156621.4,40277.4,0.0,0.0,116344.0,0.0,40277.4,156621.4,154586.65466303995,35506.254663039974,8,-2034.7453369600407
2022-07-01,158089.18,37295.18,-2982.2000000000025,-0.019999999998617568,120794.0,0.0,37295.18,158089.18,155359.33339583996,33809.33339583996,8,-2729.846604160033
2022-07-04,157276.18,37295.18,0.0,0.0,119981.0,0.0,37295.18,157276.18,154575.33339583996,33809.33339583996,8,-2700.846604160033
2022-07-05,157516.18,37295.18,0.0,0.0,120221.0,0.0,37295.18,157516.18,154624.33339583996,33809.33339583996,8,-2891.846604160033
2022-07-06,155309.18,37295.18,0.0,0.0,118014.0,0.0,37295.18,155309.18,152802.33339583996,33809.33339583996,8,-2506.846604160033
2022-07-07,155335.18,37295.18,0.0,0.0,118040.0,0.0,37295.18,155335.18,152318.33339583996,33809.33339583996,8,-3016.846604160033
2022-07-08,155581.18,37295.18,0.0,0.0,118286.0,0.0,37295.18,155581.18,152113.33339583996,33809.33339583996,8,-3467.846604160033
2022-07-11,155875.18,38275.18,0.0,980.0,117600.0,0.0,38275.18,155875.18,152590.93339583997,33809.33339583996,8,-3284.2466041600273
2022-07-12,155038.18,38275.18,0.0,0.0,116763.0,0.0,38275.18,155038.18,152172.93339583997,33809.33339583996,8,-2865.2466041600273
2022-07-13,158326.18,38275.18,0.0,0.0,120051.0,0.0,38275.18,158326.18,152823.93339583997,33809.33339583996,8,-5502.246604160027
2022-07-14,159971.18,38275.18,0.0,0.0,121696.0,0.0,38275.18,159971.18,152500.93339583997,33809.33339583996,8,-7470.246604160027
2022-07-15,160953.18,38275.18,0.0,0.0,122678.0,0.0,38275.18,160953.18,151657.53339583997,33809.33339583996,8,-9295.646604160022
2022-07-18,161673.18,38275.18,0.0,0.0,123398.0,0.0,38275.18,161673.18,153861.13339583995,33809.33339583996,8,-7812.046604160045
2022-07-19,165184.18,38275.18,0.0,0.0,126909.0,0.0,38275.18,165184.18,154839.73339583995,33809.33339583996,8,-10344.446604160039
2022-07-20,165353.18,38275.18,0.0,0.0,127078.0,0.0,38275.18,165353.18,154453.33339583996,33809.33339583996,8,-10899.846604160033
2022-07-21,163952.18,38275.18,0.0,0.0,125677.0,0.0,38275.18,163952.18,153551.53339583997,34379.33339583996,8,-10400.646604160022
2022-07-22,163886.18,38275.18,0.0,0.0,125611.0,0.0,38275.18,163886.18,153789.33339583996,34379.33339583996,8,-10096.846604160033
2022-07-25,164577.18,38275.18,0.0,0.0,126302.0,0.0,38275.18,164577.18,153024.93339583997,34379.33339583996,8,-11552.246604160027
2022-07-26,165093.18,38275.18,0.0,0.0,126818.0,0.0,38275.18,165093.18,154159.33339583996,34379.33339583996,8,-10933.846604160033
2022-07-27,167705.18,38275.18,0.0,0.0,129430.0,0.0,38275.18,167705.18,154449.73339583995,34379.33339583996,8,-13255.446604160039
2022-07-28,167272.18,38275.18,0.0,0.0,128997.0,0.0,38275.18,167272.18,154574.73339583995,34379.33339583996,8,-12697.446604160039
2022-07-29,167825.18,38275.18,0.0,0.0,129550.0,0.0,38275.18,167825.18,153567.93339583997,34379.33339583996,8,-14257.246604160027
2022-08-01,167085.18,38275.18,0.0,0.0,128810.0,0.0,38275.18,167085.18,153900.73339583995,34379.33339583996,8,-13184.446604160039
2022-08-02,162621.18,38275.18,0.0,0.0,124346.0,0.0,38275.18,162621.18,149904.93339583997,34379.33339583996,8,-12716.246604160027
2022-08-03,160222.18,38275.18,0.0,0.0,121947.0,0.0,38275.18,160222.18,150405.73339583995,34379.33339583996,8,-9816.446604160039
2022-08-04,161681.18,38275.18,0.0,0.0,123406.0,0.0,38275.18,161681.18,152568.73339583995,34379.33339583996,8,-9112.446604160039
2022-08-05,162559.18,38275.18,0.0,0.0,124284.0,0.0,38275.18,162559.18,153109.33339583996,34379.33339583996,8,-9449.846604160033
2022-08-08,165294.18,38275.18,0.0,0.0,127019.0,0.0,38275.18,165294.18,153982.13339583995,34379.33339583996,8,-11312.046604160045
2022-08-09,163831.18,38275.18,0.0,0.0,125556.0,0.0,38275.18,163831.18,153548.53339583997,34379.33339583996,8,-10282.646604160022
2022-08-10,163864.18,38275.18,0.0,0.0,125589.0,0.0,38275.18,163864.18,154434.33339583996,34379.33339583996,8,-9429.846604160033
2022-08-11,164863.18,38275.18,0.0,0.0,126588.0,0.0,38275.18,164863.18,157528.33339583996,34379.33339583996,8,-7334.846604160033
2022-08-12,164256.18,38275.18,0.0,0.0,125981.0,0.0,38275.18,164256.18,156383.93339583997,34379.33339583996,8,-7872.246604160027
2022-08-15,165557.18,38275.18,0.0,0.0,127282.0,0.0,38275.18,165557.18,157255.33339583996,34379.33339583996,8,-8301.846604160033
2022-08-16,166896.18,38275.18,0.0,0.0,128621.0,0.0,38275.18,166896.18,158052.73339583995,34379.33339583996,8,-8843.446604160039
2022-08-17,167553.18,38275.18,0.0,0.0,129278.0,0.0,38275.18,167553.18,158630.13339583998,34379.33339583996,8,-8923.046604160016
2022-08-18,169587.18,38275.18,0.0,0.0,131312.0,0.0,38275.18,169587.18,159321.93339583997,34379.33339583996,8,-10265.246604160027
2022-08-19,167732.18,38275.18,0.0,0.0,129457.0,0.0,38275.18,167732.18,158409.93339583997,34379.33339583996,8,-9322.246604160027
2022-08-22,168709.18,38275.18,0.0,0.0,130434.0,0.0,38275.18,168709.18,159048.93339583997,34379.33339583996,8,-9660.246604160027
2022-08-23,168557.18,38275.18,0.0,0.0,130282.0,0.0,38275.18,168557.18,160035.13339583995,34379.33339583996,8,-8522.046604160045
2022-08-24,166109.18,38275.18,0.0,0.0,127834.0,0.0,38275.18,166109.18,158730.93339583997,34379.33339583996,8,-7378.246604160027
2022-08-25,164649.18,38275.18,0.0,0.0,126374.0,0.0,38275.18,164649.18,160744.53339583997,34379.33339583996,8,-3904.6466041600215
2022-08-26,164632.18,38275.18,0.0,0.0,126357.0,0.0,38275.18,164632.18,160035.13339583998,34379.33339583996,8,-4597.046604160016
2022-08-29,166812.18,38275.18,0.0,0.0,128537.0,0.0,38275.18,166812.18,161562.53339583997,34379.33339583996,8,-5249.6466041600215
2022-08-30,166540.18,38275.18,0.0,0.0,128265.0,0.0,38275.18,166540.18,162304.13339583995,34379.33339583996,8,-4236.046604160045
2022-08-31,163920.18,38275.18,0.0,0.0,125645.0,0.0,38275.18,163920.18,161647.93339583997,34379.33339583996,8,-2272.2466041600273
2022-09-01,163970.18,38275.18,0.0,0.0,125695.0,0.0,38275.18,163970.18,162000.13339583995,34379.33339583996,8,-1970.0466041600448
2022-09-02,166124.18,38275.18,0.0,0.0,127849.0,0.0,38275.18,166124.18,162460.53339583997,34379.33339583996,8,-3663.6466041600215
2022-09-05,167085.18,38275.18,0.0,0.0,128810.0,0.0,38275.18,167085.18,163280.13339583995,34379.33339583996,8,-3805.046604160045
2022-09-06,171219.18,38275.18,0.0,0.0,132944.0,0.0,38275.18,171219.18,164766.53339583997,34379.33339583996,8,-6452.6466041600215
2022-09-07,170275.18,38275.18,0.0,0.0,132000.0,0.0,38275.18,170275.18,163575.33339583996,34379.33339583996,8,-6699.846604160033
2022-09-08,167678.18,38275.18,0.0,0.0,129403.0,0.0,38275.18,167678.18,163142.53339583994,34379.33339583996,8,-4535.646604160051
2022-09-09,167763.18,38275.18,0.0,0.0,129488.0,0.0,38275.18,167763.18,163510.53339583994,34379.33339583996,8,-4252.646604160051
2022-09-13,169170.18,38275.18,0.0,0.0,130895.0,0.0,38275.18,169170.18,163225.93339583997,34379.33339583996,8,-5944.246604160027
2022-09-14,168896.18,38275.18,0.0,0.0,130621.0,0.0,38275.18,168896.18,163955.13339583998,34379.33339583996,8,-4941.046604160016
2022-09-15,165783.18,38275.18,0.0,0.0,127508.0,0.0,38275.18,165783.18,162909.93339583997,34379.33339583996,8,-2873.2466041600273
2022-09-16,164248.18,38275.18,0.0,0.0,125973.0,0.0,38275.18,164248.18,161443.33339583996,34379.33339583996,8,-2804.846604160033
2022-09-19,162789.18,38275.18,0.0,0.0,124514.0,0.0,38275.18,162789.18,160979.33339583996,34379.33339583996,8,-1809.8466041600332
2022-09-20,164830.18,38275.18,0.0,0.0,126555.0,0.0,38275.18,164830.18,161652.33339583996,34379.33339583996,8,-3177.846604160033
2022-09-21,165192.18,38275.18,0.0,0.0,126917.0,0.0,38275.18,165192.18,162583.33339583996,34379.33339583996,8,-2608.846604160033
2022-09-22,164172.18,38275.18,0.0,0.0,125897.0,0.0,38275.18,164172.18,161646.53339583997,34379.33339583996,8,-2525.6466041600215
2022-09-23,162355.18,38275.18,0.0,0.0,124080.0,0.0,38275.18,162355.18,160321.73339583995,34379.33339583996,8,-2033.446604160039
2022-09-26,160177.18,38275.18,0.0,0.0,121902.0,0.0,38275.18,160177.18,158416.33339583996,34379.33339583996,8,-1760.8466041600332
2022-09-27,163891.18,38275.18,0.0,0.0,125616.0,0.0,38275.18,163891.18,161219.13339583995,34379.33339583996,8,-2672.046604160045
2022-09-28,160760.18,38275.18,0.0,0.0,122485.0,0.0,38275.18,160760.18,159530.13339583995,34379.33339583996,8,-1230.0466041600448
2022-09-29,160487.18,38275.18,0.0,0.0,122212.0,0.0,38275.18,160487.18,157775.93339583997,34819.33339583996,8,-2711.2466041600273
2022-09-30,159895.18,38275.18,0.0,0.0,121620.0,0.0,38275.18,159895.18,157535.13339583995,34819.33339583996,8,-2360.046604160045
2022-10-10,158948.04,35544.04,-2731.130000000001,-0.00999999999839929,123404.0,0.0,35544.04,158948.04,156573.97970063996,36722.979700639975,8,-2374.060299360048
2022-10-11,159603.04,35544.04,0.0,0.0,124059.0,0.0,35544.04,159603.04,157462.97970063996,36722.979700639975,8,-2140.060299360048
2022-10-12,161282.04,35544.04,0.0,0.0,125738.0,0.0,35544.04,161282.04,159338.97970064,36722.979700639975,8,-1943.0602993600187
2022-10-13,160954.04,35544.04,0.0,0.0,125410.0,0.0,35544.04,160954.04,158992.97970063996,36722.979700639975,8,-1961.0602993600478
2022-10-14,162843.04,35544.04,0.0,0.0,127299.0,0.0,35544.04,162843.04,161908.97970063996,36722.979700639975,8,-934.0602993600478
2022-10-17,163870.04,35544.04,0.0,0.0,128326.0,0.0,35544.04,163870.04,162477.97970064,36722.979700639975,8,-1392.0602993600187
2022-10-18,163957.04,35544.04,0.0,0.0,128413.0,0.0,35544.04,163957.04,162093.97970063996,36722.979700639975,8,-1863.0602993600478
2022-10-19,164602.04,35544.04,0.0,0.0,129058.0,0.0,35544.04,164602.04,161059.97970064,36722.979700639975,8,-3542.0602993600187
2022-10-20,163754.04,35544.04,0.0,0.0,128210.0,0.0,35544.04,163754.04,160075.97970063996,36722.979700639975,8,-3678.060299360048
2022-10-21,164031.04,35544.04,0.0,0.0,128487.0,0.0,35544.04,164031.04,160936.97970063996,36722.979700639975,8,-3094.060299360048
2022-10-24,162859.04,35544.04,0.0,0.0,127315.0,0.0,35544.04,162859.04,158941.97970063996,36722.979700639975,8,-3917.060299360048
2022-10-25,162674.04,35544.04,0.0,0.0,127130.0,0.0,35544.04,162674.04,159226.97970063996,36722.979700639975,8,-3447.060299360048
2022-10-26,164160.04,35544.04,0.0,0.0,128616.0,0.0,35544.04,164160.04,160890.97970063996,36722.979700639975,8,-3269.060299360048
2022-10-27,164722.04,35544.04,0.0,0.0,129178.0,0.0,35544.04,164722.04,161257.97970063996,36722.979700639975,8,-3464.060299360048
2022-10-28,161233.04,35544.04,0.0,0.0,125689.0,0.0,35544.04,161233.04,156582.97970063996,36722.979700639975,8,-4650.060299360048
2022-10-31,160082.04,35544.04,0.0,0.0,124538.0,0.0,35544.04,160082.04,154590.97970063996,36722.979700639975,8,-5491.060299360048
2022-11-01,161325.04,35544.04,0.0,0.0,125781.0,0.0,35544.04,161325.04,155915.97970063996,36722.979700639975,8,-5409.060299360048
2022-11-02,162629.04,35544.04,0.0,0.0,127085.0,0.0,35544.04,162629.04,157087.97970063996,36722.979700639975,8,-5541.060299360048
2022-11-03,162735.04,35544.04,0.0,0.0,127191.0,0.0,35544.04,162735.04,157241.97970063996,36722.979700639975,8,-5493.060299360048
2022-11-04,163959.04,35544.04,0.0,0.0,128415.0,0.0,35544.04,163959.04,159235.97970063996,36722.979700639975,8,-4723.060299360048
2022-11-07,165256.04,35544.04,0.0,0.0,129712.0,0.0,35544.04,165256.04,160307.97970063996,36722.979700639975,8,-4948.060299360048
2022-11-08,165179.04,35544.04,0.0,0.0,129635.0,0.0,35544.04,165179.04,160203.97970063996,36722.979700639975,8,-4975.060299360048
2022-11-09,165902.04,35544.04,0.0,0.0,130358.0,0.0,35544.04,165902.04,160786.97970063996,36722.979700639975,8,-5115.060299360048
2022-11-10,166142.04,35544.04,0.0,0.0,130598.0,0.0,35544.04,166142.04,160999.97970063996,36722.979700639975,8,-5142.060299360048
2022-11-11,167265.04,35544.04,0.0,0.0,131721.0,0.0,35544.04,167265.04,162665.97970063996,36722.979700639975,8,-4599.060299360048
2022-11-14,168167.04,35544.04,0.0,0.0,132623.0,0.0,35544.04,168167.04,162866.97970063996,36722.979700639975,8,-5300.060299360048
2022-11-15,168529.04,35544.04,0.0,0.0,132985.0,0.0,35544.04,168529.04,163654.97970063996,36722.979700639975,8,-4874.060299360048
2022-11-16,169522.04,35544.04,0.0,0.0,133978.0,0.0,35544.04,169522.04,163997.97970063996,36722.979700639975,8,-5524.060299360048
2022-11-17,169425.04,35544.04,0.0,0.0,133881.0,0.0,35544.04,169425.04,164164.97970063996,36722.979700639975,8,-5260.060299360048
2022-11-18,169203.04,35544.04,0.0,0.0,133659.0,0.0,35544.04,169203.04,163853.97970063996,36722.979700639975,8,-5349.060299360048
2022-11-21,169396.04,35544.04,0.0,0.0,133852.0,0.0,35544.04,169396.04,162874.97970064,36722.979700639975,8,-6521.060299360019
2022-11-22,168406.04,35544.04,0.0,0.0,132862.0,0.0,35544.04,168406.04,162934.97970063996,36722.979700639975,8,-5471.060299360048
2022-11-23,167861.04,35544.04,0.0,0.0,132317.0,0.0,35544.04,167861.04,163005.97970063996,36722.979700639975,8,-4855.060299360048
2022-11-24,168322.04,35544.04,0.0,0.0,132778.0,0.0,35544.04,168322.04,163509.97970063996,36722.979700639975,8,-4812.060299360048
2022-11-25,169309.04,35544.04,0.0,0.0,133765.0,0.0,35544.04,169309.04,164078.97970063996,36722.979700639975,8,-5230.060299360048
2022-11-28,169666.04,35544.04,0.0,0.0,134122.0,0.0,35544.04,169666.04,164185.97970063996,36722.979700639975,8,-5480.060299360048
2022-11-29,171832.04,35544.04,0.0,0.0,136288.0,0.0,35544.04,171832.04,166167.97970063996,36722.979700639975,8,-5664.060299360048
2022-11-30,171467.04,35544.04,0.0,0.0,135923.0,0.0,35544.04,171467.04,166627.97970063996,36722.979700639975,8,-4839.060299360048
2022-12-01,171746.04,35544.04,0.0,0.0,136202.0,0.0,35544.04,171746.04,167052.97970064,36722.979700639975,8,-4693.060299360019
2022-12-02,171546.04,35544.04,0.0,0.0,136002.0,0.0,35544.04,171546.04,166744.97970063996,36722.979700639975,8,-4801.060299360048
2022-12-05,173808.04,35544.04,0.0,0.0,138264.0,0.0,35544.04,173808.04,169449.97970063996,36722.979700639975,8,-4358.060299360048
2022-12-06,172946.04,35544.04,0.0,0.0,137402.0,0.0,35544.04,172946.04,169546.97970063996,36722.979700639975,8,-3399.060299360048
2022-12-07,174486.04,35544.04,0.0,0.0,138942.0,0.0,35544.04,174486.04,170254.97970063996,36722.979700639975,8,-4231.060299360048
2022-12-08,174168.04,35544.04,0.0,0.0,138624.0,0.0,35544.04,174168.04,171103.97970063996,36722.979700639975,8,-3064.060299360048
2022-12-09,173491.04,35544.04,0.0,0.0,137947.0,0.0,35544.04,173491.04,170210.97970063996,36722.979700639975,8,-3280.060299360048
2022-12-12,172972.04,35544.04,0.0,0.0,137428.0,0.0,35544.04,172972.04,167866.97970063996,36722.979700639975,8,-5105.060299360048
2022-12-13,174391.04,35544.04,0.0,0.0,138847.0,0.0,35544.04,174391.04,169297.97970063996,36722.979700639975,8,-5093.060299360048
2022-12-14,172171.04,35544.04,0.0,0.0,136627.0,0.0,35544.04,172171.04,168303.97970063996,36722.979700639975,8,-3867.060299360048
2022-12-15,170758.04,35544.04,0.0,0.0,135214.0,0.0,35544.04,170758.04,167352.97970063996,36722.979700639975,8,-3405.060299360048
2022-12-16,171602.04,35544.04,0.0,0.0,136058.0,0.0,35544.04,171602.04,168403.97970063996,36722.979700639975,8,-3198.060299360048
2022-12-19,169101.04,35544.04,0.0,0.0,133557.0,0.0,35544.04,169101.04,164836.97970063996,36722.979700639975,8,-4264.060299360048
2022-12-20,167917.04,35544.04,0.0,0.0,132373.0,0.0,35544.04,167917.04,163499.97970063996,36722.979700639975,8,-4417.060299360048
2022-12-21,168833.04,35544.04,0.0,0.0,133289.0,0.0,35544.04,168833.04,163748.97970063996,36722.979700639975,8,-5084.060299360048
2022-12-22,167235.04,35544.04,0.0,0.0,131691.0,0.0,35544.04,167235.04,162940.97970063996,36722.979700639975,8,-4294.060299360048
2022-12-23,166744.04,35544.04,0.0,0.0,131200.0,0.0,35544.04,166744.04,162142.97970063996,36722.979700639975,8,-4601.060299360048
2022-12-26,165885.04,35544.04,0.0,0.0,130341.0,0.0,35544.04,165885.04,162642.97970063996,36722.979700639975,8,-3242.060299360048
2022-12-27,166874.04,35544.04,0.0,0.0,131330.0,0.0,35544.04,166874.04,163949.97970063996,36722.979700639975,8,-2924.060299360048
2022-12-28,166978.04,35544.04,0.0,0.0,131434.0,0.0,35544.04,166978.04,163753.97970063996,36722.979700639975,8,-3224.060299360048
2022-12-29,168406.04,35544.04,0.0,0.0,132862.0,0.0,35544.04,168406.04,162840.97970063996,36722.979700639975,8,-5565.060299360048
2022-12-30,168375.04,35544.04,0.0,0.0,132831.0,0.0,35544.04,168375.04,163432.97970063996,36722.979700639975,8,-4942.060299360048
2023-01-03,170112.7,29031.7,-6512.329999999998,-0.010000000002037268,141081.0,0.0,29031.699999999997,170112.7,164331.83897163998,35577.83897163997,8,-5780.861028360028
2023-01-04,171091.7,29031.7,0.0,0.0,142060.0,0.0,29031.699999999997,171091.7,165873.83897163998,35577.83897163997,8,-5217.861028360028
2023-01-05,171079.7,29031.7,0.0,0.0,142048.0,0.0,29031.699999999997,171079.7,165709.83897163998,35577.83897163997,8,-5369.861028360028
2023-01-06,170201.7,29031.7,0.0,0.0,141170.0,0.0,29031.699999999997,170201.7,164702.83897163998,35577.83897163997,8,-5498.861028360028
2023-01-09,170808.7,29031.7,0.0,0.0,141777.0,0.0,29031.699999999997,170808.7,165314.83897163998,35577.83897163997,8,-5493.861028360028
2023-01-10,170277.7,29031.7,0.0,0.0,141246.0,0.0,29031.699999999997,170277.7,164697.83897163998,35577.83897163997,8,-5579.861028360028
2023-01-11,168998.7,29031.7,0.0,0.0,139967.0,0.0,29031.699999999997,168998.7,163538.83897163998,35577.83897163997,8,-5459.861028360028
2023-01-12,168219.7,29031.7,0.0,0.0,139188.0,0.0,29031.699999999997,168219.7,162720.83897163998,35577.83897163997,8,-5498.861028360028
2023-01-13,169593.7,29031.7,0.0,0.0,140562.0,0.0,29031.699999999997,169593.7,164326.83897163998,35577.83897163997,8,-5266.861028360028
2023-01-16,170893.7,29031.7,0.0,0.0,141862.0,0.0,29031.699999999997,170893.7,165460.83897163998,35577.83897163997,8,-5432.861028360028
2023-01-17,170463.7,29031.7,0.0,0.0,141432.0,0.0,29031.699999999997,170463.7,164709.83897163998,35577.83897163997,8,-5753.861028360028
2023-01-18,170751.7,29031.7,0.0,0.0,141720.0,0.0,29031.699999999997,170751.7,165108.83897163998,35577.83897163997,8,-5642.861028360028
2023-01-19,172692.7,29031.7,0.0,0.0,143661.0,0.0,29031.699999999997,172692.7,166889.83897163998,35577.83897163997,8,-5802.861028360028
2023-01-20,174193.7,29031.7,0.0,0.0,145162.0,0.0,29031.699999999997,174193.7,168362.83897163998,35577.83897163997,8,-5830.861028360028
2023-01-30,176570.7,29031.7,0.0,0.0,147539.0,0.0,29031.699999999997,176570.7,169287.83897163998,35577.83897163997,8,-7282.861028360028
2023-01-31,176458.7,29031.7,0.0,0.0,147427.0,0.0,29031.699999999997,176458.7,169078.83897163998,35577.83897163997,8,-7379.861028360028
2023-02-01,177137.7,29031.7,0.0,0.0,148106.0,0.0,29031.699999999997,177137.7,169949.83897163998,35577.83897163997,8,-7187.861028360028
2023-02-02,176748.7,29031.7,0.0,0.0,147717.0,0.0,29031.699999999997,176748.7,170545.83897163998,35577.83897163997,8,-6202.861028360028
2023-02-03,175605.7,29031.7,0.0,0.0,146574.0,0.0,29031.699999999997,175605.7,169775.83897163998,35577.83897163997,8,-5829.861028360028
2023-02-06,175240.7,29031.7,0.0,0.0,146209.0,0.0,29031.699999999997,175240.7,169683.83897163998,35577.83897163997,8,-5556.861028360028
2023-02-07,176683.7,29031.7,0.0,0.0,147652.0,0.0,29031.699999999997,176683.7,170641.83897163998,35577.83897163997,8,-6041.861028360028
2023-02-08,175147.7,29031.7,0.0,0.0,146116.0,0.0,29031.699999999997,175147.7,169267.83897163998,35577.83897163997,8,-5879.861028360028
2023-02-09,176905.7,29031.7,0.0,0.0,147874.0,0.0,29031.699999999997,176905.7,171301.83897163998,35577.83897163997,8,-5603.861028360028
2023-02-10,177850.7,29031.7,0.0,0.0,148819.0,0.0,29031.699999999997,177850.7,172256.83897163998,35577.83897163997,8,-5593.861028360028
2023-02-13,178402.7,29031.7,0.0,0.0,149371.0,0.0,29031.699999999997,178402.7,172288.83897163998,35577.83897163997,8,-6113.861028360028
2023-02-14,179102.7,29031.7,0.0,0.0,150071.0,0.0,29031.699999999997,179102.7,173824.83897163998,35577.83897163997,8,-5277.861028360028
2023-02-15,178848.7,29031.7,0.0,0.0,149817.0,0.0,29031.699999999997,178848.7,173933.83897163998,35577.83897163997,8,-4914.861028360028
2023-02-16,177443.7,29031.7,0.0,0.0,148412.0,0.0,29031.699999999997,177443.7,173789.83897163998,35577.83897163997,8,-3653.8610283600283
2023-02-17,177448.7,29031.7,0.0,0.0,148417.0,0.0,29031.699999999997,177448.7,173227.83897163998,35577.83897163997,8,-4220.861028360028
2023-02-20,178814.7,29031.7,0.0,0.0,149783.0,0.0,29031.699999999997,178814.7,175105.83897163998,35577.83897163997,8,-3708.8610283600283
2023-02-21,180090.7,29031.7,0.0,0.0,151059.0,0.0,29031.699999999997,180090.7,176054.83897163998,35577.83897163997,8,-4035.8610283600283
2023-02-22,180339.7,29031.7,0.0,0.0,151308.0,0.0,29031.699999999997,180339.7,175637.83897163998,35577.83897163997,8,-4701.861028360028
2023-02-23,180175.7,29031.7,0.0,0.0,151144.0,0.0,29031.699999999997,180175.7,175416.83897163998,35577.83897163997,8,-4758.861028360028
2023-02-24,180737.7,29031.7,0.0,0.0,151706.0,0.0,29031.699999999997,180737.7,175361.83897163998,35577.83897163997,8,-5375.861028360028
2023-02-27,179893.7,29031.7,0.0,0.0,150862.0,0.0,29031.699999999997,179893.7,174605.83897163998,35577.83897163997,8,-5287.861028360028
2023-02-28,180630.7,29031.7,0.0,0.0,151599.0,0.0,29031.699999999997,180630.7,175072.83897163998,35577.83897163997,8,-5557.861028360028
2023-03-01,181067.7,29031.7,0.0,0.0,152036.0,0.0,29031.699999999997,181067.7,176159.83897163998,35577.83897163997,8,-4907.861028360028
2023-03-02,181401.7,29031.7,0.0,0.0,152370.0,0.0,29031.699999999997,181401.7,176500.83897163998,35577.83897163997,8,-4900.861028360028
2023-03-03,181942.7,29031.7,0.0,0.0,152911.0,0.0,29031.699999999997,181942.7,177361.83897163998,35577.83897163997,8,-4580.861028360028
2023-03-06,183686.7,29031.7,0.0,0.0,154655.0,0.0,29031.699999999997,183686.7,180341.83897164,35577.83897163997,8,-3344.861028359999
2023-03-07,182114.7,29031.7,0.0,0.0,153083.0,0.0,29031.699999999997,182114.7,178360.83897163998,35577.83897163997,8,-3753.8610283600283
2023-03-08,182403.7,29031.7,0.0,0.0,153372.0,0.0,29031.699999999997,182403.7,177614.83897163998,35577.83897163997,8,-4788.861028360028
2023-03-09,181858.7,29031.7,0.0,0.0,152827.0,0.0,29031.699999999997,181858.7,177501.83897163998,35577.83897163997,8,-4356.861028360028
2023-03-10,179519.7,29031.7,0.0,0.0,150488.0,0.0,29031.699999999997,179519.7,175795.83897163998,35577.83897163997,8,-3723.8610283600283
2023-03-13,180175.7,29031.7,0.0,0.0,151144.0,0.0,29031.699999999997,180175.7,176920.83897163998,35577.83897163997,8,-3254.8610283600283
2023-03-14,178739.7,29031.7,0.0,0.0,149708.0,0.0,29031.699999999997,178739.7,175576.83897163998,35577.83897163997,8,-3162.8610283600283
2023-03-15,180750.7,29031.7,0.0,0.0,151719.0,0.0,29031.699999999997,180750.7,177891.83897163998,35577.83897163997,8,-2858.8610283600283
2023-03-16,179782.7,29031.7,0.0,0.0,150751.0,0.0,29031.699999999997,179782.7,177917.83897163998,35577.83897163997,8,-1864.8610283600283
2023-03-17,180738.7,29031.7,0.0,0.0,151707.0,0.0,29031.699999999997,180738.7,179265.83897163998,35577.83897163997,8,-1472.8610283600283
2023-03-20,179206.7,29031.7,0.0,0.0,150175.0,0.0,29031.699999999997,179206.7,180111.83897163998,35577.83897163997,8,905.1389716399717
2023-03-21,180928.7,29031.7,0.0,0.0,151897.0,0.0,29031.699999999997,180928.7,181539.83897164,35577.83897163997,8,611.1389716400008
2023-03-22,181982.7,29031.7,0.0,0.0,152951.0,0.0,29031.699999999997,181982.7,182644.83897164,35577.83897163997,8,662.1389716400008
2023-03-23,181567.7,29031.7,0.0,0.0,152536.0,0.0,29031.699999999997,181567.7,182555.83897164,35577.83897163997,8,988.1389716400008
2023-03-24,181191.7,29031.7,0.0,0.0,152160.0,0.0,29031.699999999997,181191.7,182974.83897164,35577.83897163997,8,1783.1389716400008
2023-03-27,180812.7,29031.7,0.0,0.0,151781.0,0.0,29031.699999999997,180812.7,183527.83897164,35577.83897163997,8,2715.138971640001
2023-03-28,181227.7,29031.7,0.0,0.0,152196.0,0.0,29031.699999999997,181227.7,184179.83897164,35577.83897163997,8,2952.138971640001
2023-03-29,180823.7,29031.7,0.0,0.0,151792.0,0.0,29031.699999999997,180823.7,183533.83897164,35577.83897163997,8,2710.138971640001
2023-03-30,179572.7,29031.7,0.0,0.0,150541.0,0.0,29031.699999999997,179572.7,181830.83897164,35577.83897163997,8,2258.138971640001
2023-03-31,181306.7,29031.7,0.0,0.0,152275.0,0.0,29031.699999999997,181306.7,183453.83897164,35577.83897163997,8,2147.138971640001
2023-04-03,180931.95,42926.95,13895.24,0.0099999999965803,138005.0,0.0,42926.95,180931.95,183668.04322324,42130.043223239976,8,2736.0932232399937
2023-04-04,181356.95,42926.95,0.0,0.0,138430.0,0.0,42926.95,181356.95,184664.04322324,42130.043223239976,8,3307.0932232399937
2023-04-06,179682.95,42926.95,0.0,0.0,136756.0,0.0,42926.95,179682.95,184065.04322324,42130.043223239976,8,4382.093223239994
2023-04-07,182613.95,42926.95,0.0,0.0,139687.0,0.0,42926.95,182613.95,185797.04322324,42130.043223239976,8,3183.0932232399937
2023-04-10,178826.95,42926.95,0.0,0.0,135900.0,0.0,42926.95,178826.95,185060.04322324,42130.043223239976,8,6233.093223239994
2023-04-11,182617.95,42926.95,0.0,0.0,139691.0,0.0,42926.95,182617.95,187533.04322324,42130.043223239976,8,4915.093223239994
2023-04-12,185359.95,42926.95,0.0,0.0,142433.0,0.0,42926.95,185359.95,189902.04322324,42130.043223239976,8,4542.093223239994
2023-04-13,187632.95,42926.95,0.0,0.0,144706.0,0.0,42926.95,187632.95,191921.04322324,42130.043223239976,8,4288.093223239994
2023-04-14,185868.95,42926.95,0.0,0.0,142942.0,0.0,42926.95,185868.95,190028.04322324,42130.043223239976,8,4159.093223239994
2023-04-17,184737.95,42926.95,0.0,0.0,141811.0,0.0,42926.95,184737.95,191138.04322324,42130.043223239976,8,6400.093223239994
2023-04-18,187499.95,42926.95,0.0,0.0,144573.0,0.0,42926.95,187499.95,193418.04322324,42130.043223239976,8,5918.093223239994
2023-04-19,189833.95,42926.95,0.0,0.0,146907.0,0.0,42926.95,189833.95,196545.04322324,42130.043223239976,8,6711.093223239994
2023-04-20,193499.95,42926.95,0.0,0.0,150573.0,0.0,42926.95,193499.95,199197.04322324,42130.043223239976,8,5697.093223239994
2023-04-21,191249.95,42926.95,0.0,0.0,148323.0,0.0,42926.95,191249.95,199247.04322324,42130.043223239976,8,7997.093223239994
2023-04-24,195495.95,42926.95,0.0,0.0,152569.0,0.0,42926.95,195495.95,202143.04322324,42130.043223239976,8,6647.093223239994
2023-04-25,198162.95,42926.95,0.0,0.0,155236.0,0.0,42926.95,198162.95,205352.04322324,42130.043223239976,8,7189.093223239994
2023-04-26,201527.95,42926.95,0.0,0.0,158601.0,0.0,42926.95,201527.95,210377.04322324,42130.043223239976,8,8849.093223239994
2023-04-27,198927.95,44517.95,0.0,1591.0,154410.0,0.0,44517.95,198927.95,210212.04322324,42130.043223239976,8,11284.093223239994
2023-04-28,208685.95,44517.95,0.0,0.0,164168.0,0.0,44517.95,208685.95,220172.04322324,42130.043223239976,8,11486.093223239994
2023-05-04,219904.95,44517.95,0.0,0.0,175387.0,0.0,44517.95,219904.95,233290.04322324,42130.043223239976,8,13385.093223239994
2023-05-05,222510.95,44517.95,0.0,0.0,177993.0,0.0,44517.95,222510.95,234430.04322324,42130.043223239976,8,11919.093223239994
2023-05-08,224540.95,44517.95,0.0,0.0,180023.0,0.0,44517.95,224540.95,237706.04322324,42130.043223239976,8,13165.093223239994
2023-05-09,217333.95,44517.95,0.0,0.0,172816.0,0.0,44517.95,217333.95,229068.04322324,42130.043223239976,8,11734.093223239994
2023-05-10,216241.95,44517.95,0.0,0.0,171724.0,0.0,44517.95,216241.95,228026.04322324,42130.043223239976,8,11784.093223239994
2023-05-11,218399.95,44517.95,0.0,0.0,173882.0,0.0,44517.95,218399.95,227219.04322324,42130.043223239976,8,8819.093223239994
2023-05-12,218505.95,44517.95,0.0,0.0,173988.0,0.0,44517.95,218505.95,227143.04322324,42130.043223239976,8,8637.093223239994
2023-05-15,219487.95,44517.95,0.0,0.0,174970.0,0.0,44517.95,219487.95,225255.04322324,42550.043223239976,8,5767.093223239994
2023-05-16,212405.95,44517.95,0.0,0.0,167888.0,0.0,44517.95,212405.95,219007.04322324,42550.043223239976,8,6601.093223239994
2023-05-17,208609.95,44517.95,0.0,0.0,164092.0,0.0,44517.95,208609.95,217863.04322324,42550.043223239976,8,9253.093223239994
2023-05-18,211947.95,44517.95,0.0,0.0,167430.0,0.0,44517.95,211947.95,221819.04322324,42550.043223239976,8,9871.093223239994
2023-05-19,209862.95,44517.95,0.0,0.0,165345.0,0.0,44517.95,209862.95,218900.04322324,42550.043223239976,8,9037.093223239994
2023-05-22,209624.95,44517.95,0.0,0.0,165107.0,0.0,44517.95,209624.95,219156.04322324,42550.043223239976,8,9531.093223239994
2023-05-23,204176.95,44517.95,0.0,0.0,159659.0,0.0,44517.95,204176.95,214385.04322324,42550.043223239976,8,10208.093223239994
2023-05-24,206959.95,44517.95,0.0,0.0,162442.0,0.0,44517.95,206959.95,216896.04322324,42550.043223239976,8,9936.093223239994
2023-05-25,202477.95,44517.95,0.0,0.0,157960.0,0.0,44517.95,202477.95,213667.04322324,42550.043223239976,8,11189.093223239994
2023-05-26,207305.95,44517.95,0.0,0.0,162788.0,0.0,44517.95,207305.95,218611.04322324,42550.043223239976,8,11305.093223239994
2023-05-29,208515.95,44517.95,0.0,0.0,163998.0,0.0,44517.95,208515.95,221090.04322324,42550.043223239976,8,12574.093223239994
2023-05-30,212951.95,44517.95,0.0,0.0,168434.0,0.0,44517.95,212951.95,225144.04322324,42550.043223239976,8,12192.093223239994
2023-05-31,216476.95,44517.95,0.0,0.0,171959.0,0.0,44517.95,216476.95,227549.04322324,42550.043223239976,8,11072.093223239994
2023-06-01,223815.95,44517.95,0.0,0.0,179298.0,0.0,44517.95,223815.95,233648.04322324,42550.043223239976,8,9832.093223239994
2023-06-02,220473.95,44817.95,0.0,300.0,175656.0,0.0,44817.95,220473.95,229750.04322324,42550.043223239976,8,9276.093223239994
2023-06-05,224848.85,44817.95,0.0,0.0,180030.9,2.9103830456733704e-11,44817.95,224848.84999999998,233010.04322324,42550.043223239976,8,8161.1932232399995
2023-06-06,220730.45,44817.95,0.0,0.0,175912.5,0.0,44817.95,220730.45,229329.04322324,42550.043223239976,8,8598.593223239994
2023-06-07,226999.75,44817.95,0.0,0.0,182181.8,0.0,44817.95,226999.75,236284.04322324,42550.043223239976,8,9284.293223240005
2023-06-08,220009.35,44817.95,0.0,0.0,175191.4,2.9103830456733704e-11,44817.95,220009.34999999998,231477.04322324,42550.043223239976,8,11467.69322324
2023-06-09,223212.95,44817.95,0.0,0.0,178395.0,0.0,44817.95,223212.95,233209.04322324,42550.043223239976,8,9996.093223239994
2023-06-12,225560.75,44817.95,0.0,0.0,180742.8,0.0,44817.95,225560.75,233268.04322324,42550.043223239976,8,7707.293223240005
2023-06-13,229498.75,45217.95,0.0,400.0,184280.8,0.0,45217.95,229498.75,236246.04322324,42550.043223239976,8,6747.293223240005
2023-06-14,229635.35,45217.95,0.0,0.0,184417.4,2.9103830456733704e-11,45217.95,229635.34999999998,236133.84322324,42550.043223239976,8,6498.493223239988
2023-06-15,225359.05,45217.95,0.0,0.0,180141.1,-2.9103830456733704e-11,45217.95,225359.05,233856.64322324,42550.043223239976,8,8497.593223240023
2023-06-16,225257.05,45217.95,0.0,0.0,180039.1,-2.9103830456733704e-11,45217.95,225257.05,232711.14322324,42550.043223239976,8,7454.093223240023
2023-06-19,223201.25,45217.95,0.0,0.0,177983.3,0.0,45217.95,223201.25,230960.44322324,42550.043223239976,8,7759.1932232399995
2023-06-20,225331.75,45217.95,0.0,0.0,180113.8,0.0,45217.95,225331.75,231929.24322324,42550.043223239976,8,6597.493223239988
2023-06-21,217250.75,45217.95,0.0,0.0,172032.8,0.0,45217.95,217250.75,225710.44322324,42550.043223239976,8,8459.69322324
2023-06-26,210845.15,45217.95,0.0,0.0,165627.2,0.0,45217.95,210845.15000000002,219913.44322324,42550.043223239976,8,9068.293223240005
2023-06-27,213531.25,45217.95,0.0,0.0,168313.3,0.0,45217.95,213531.25,223267.54322324,42550.043223239976,8,9736.293223240005
2023-06-28,213296.65,45625.95,0.0,408.0,167670.7,0.0,45625.95,213296.65000000002,224277.44322324,42550.043223239976,8,10980.793223240005
2023-06-29,214652.75,45625.95,0.0,0.0,169026.8,0.0,45625.95,214652.75,224792.64322324,42550.043223239976,8,10139.893223240011
2023-06-30,216418.95,45625.95,0.0,0.0,170793.0,0.0,45625.95,216418.95,224111.14322323995,42550.043223239976,8,7692.193223239941
2023-07-03,215058.65,46031.65,405.700000000008,-3.637978807091713e-12,169027.0,0.0,46031.65,215058.65,225925.25044112,45501.250441119984,8,10866.600441120012
2023-07-04,215332.65,46031.65,0.0,0.0,169301.0,0.0,46031.65,215332.65,225680.25044112,45501.250441119984,8,10347.600441120012
2023-07-05,215719.65,46031.65,0.0,0.0,169688.0,0.0,46031.65,215719.65,226283.25044112,45501.250441119984,8,10563.600441120012
2023-07-06,214479.65,46031.65,0.0,0.0,168448.0,0.0,46031.65,214479.65,226073.25044112,45501.250441119984,8,11593.600441120012
2023-07-07,215551.65,46031.65,0.0,0.0,169520.0,0.0,46031.65,215551.65,227328.25044112,45501.250441119984,8,11776.600441120012
2023-07-10,216419.65,46031.65,0.0,0.0,170388.0,0.0,46031.65,216419.65,227802.25044112,45501.250441119984,8,11382.600441120012
2023-07-11,217598.65,46031.65,0.0,0.0,171567.0,0.0,46031.65,217598.65,228592.25044112,45501.250441119984,8,10993.600441120012
2023-07-12,216980.65,46031.65,0.0,0.0,170949.0,0.0,46031.65,216980.65,227432.25044112,45501.250441119984,8,10451.600441120012
2023-07-13,217667.65,46031.65,0.0,0.0,171636.0,0.0,46031.65,217667.65,228852.25044112,45501.250441119984,8,11184.600441120012
2023-07-14,217319.65,46031.65,0.0,0.0,171288.0,0.0,46031.65,217319.65,228958.25044112,45501.250441119984,8,11638.600441120012
2023-07-17,215780.65,46031.65,0.0,0.0,169749.0,0.0,46031.65,215780.65,228119.25044112,45501.250441119984,8,12338.600441120012
2023-07-18,216727.65,46031.65,0.0,0.0,170696.0,0.0,46031.65,216727.65,228422.25044112,45501.250441119984,8,11694.600441120012
2023-07-19,217081.65,46031.65,0.0,0.0,171050.0,0.0,46031.65,217081.65,228963.25044112,45501.250441119984,8,11881.600441120012
2023-07-20,216177.65,46031.65,0.0,0.0,170146.0,0.0,46031.65,216177.65,228404.25044112,45501.250441119984,8,12226.600441120012
2023-07-21,216471.65,46031.65,0.0,0.0,170440.0,0.0,46031.65,216471.65,228668.25044112,45501.250441119984,8,12196.600441120012
2023-07-24,216525.65,46031.65,0.0,0.0,170494.0,0.0,46031.65,216525.65,228554.25044112,45501.250441119984,8,12028.600441120012
2023-07-25,219452.65,46031.65,0.0,0.0,173421.0,0.0,46031.65,219452.65,230500.25044112,45501.250441119984,8,11047.600441120012
2023-07-26,219322.65,46031.65,0.0,0.0,173291.0,0.0,46031.65,219322.65,231047.25044112,46576.250441119984,8,11724.600441120012
2023-07-27,221053.65,46031.65,0.0,0.0,175022.0,0.0,46031.65,221053.65,231166.25044112,46576.250441119984,8,10112.600441120012
2023-07-28,224881.65,46031.65,0.0,0.0,178850.0,0.0,46031.65,224881.65,234102.25044112,46576.250441119984,8,9220.600441120012
2023-07-31,225987.65,46031.65,0.0,0.0,179956.0,0.0,46031.65,225987.65,235403.25044112,46576.250441119984,8,9415.600441120012
2023-08-01,226494.65,46031.65,0.0,0.0,180463.0,0.0,46031.65,226494.65,235912.25044112,46576.250441119984,8,9417.600441120012
2023-08-02,226486.65,46031.65,0.0,0.0,180455.0,0.0,46031.65,226486.65,234968.25044112,46576.250441119984,8,8481.600441120012
2023-08-03,226713.65,46031.65,0.0,0.0,180682.0,0.0,46031.65,226713.65,235476.25044112,46576.250441119984,8,8762.600441120012
2023-08-04,226088.65,46031.65,0.0,0.0,180057.0,0.0,46031.65,226088.65,235276.25044112,46576.250441119984,8,9187.600441120012
2023-08-07,224981.65,46031.65,0.0,0.0,178950.0,0.0,46031.65,224981.65,234070.25044112,46576.250441119984,8,9088.600441120012
2023-08-08,224764.65,46031.65,0.0,0.0,178733.0,0.0,46031.65,224764.65,233010.25044112,46576.250441119984,8,8245.600441120012
2023-08-09,223014.65,46031.65,0.0,0.0,176983.0,0.0,46031.65,223014.65,232475.25044112,46576.250441119984,8,9460.600441120012
2023-08-10,223649.65,46031.65,0.0,0.0,177618.0,0.0,46031.65,223649.65,233106.25044112,46576.250441119984,8,9456.600441120012
2023-08-11,219595.65,46031.65,0.0,0.0,173564.0,0.0,46031.65,219595.65,230698.85044112,46576.250441119984,8,11103.200441120018
2023-08-14,219258.65,46031.65,0.0,0.0,173227.0,0.0,46031.65,219258.65,230418.25044112,46576.250441119984,8,11159.600441120012
2023-08-15,218831.65,46031.65,0.0,0.0,172800.0,0.0,46031.65,218831.65,230013.05044112,46576.250441119984,8,11181.40044112
2023-08-16,218651.65,46031.65,0.0,0.0,172620.0,0.0,46031.65,218651.65,230052.05044112,46576.250441119984,8,11400.40044112
2023-08-17,219675.65,46031.65,0.0,0.0,173644.0,0.0,46031.65,219675.65,230020.85044112,46576.250441119984,8,10345.200441120018
2023-08-18,218711.65,46031.65,0.0,0.0,172680.0,0.0,46031.65,218711.65,229609.65044112,46576.250441119984,8,10898.000441120006
2023-08-21,217118.65,46031.65,0.0,0.0,171087.0,0.0,46031.65,217118.65,228308.65044112,46576.250441119984,8,11190.000441120006
2023-08-22,216006.65,46031.65,0.0,0.0,169975.0,0.0,46031.65,216006.65,229107.65044112,46576.250441119984,8,13101.000441120006
2023-08-23,214881.65,46031.65,0.0,0.0,168850.0,0.0,46031.65,214881.65,228460.65044112,46576.250441119984,8,13579.000441120006
2023-08-24,214280.65,46031.65,0.0,0.0,168249.0,0.0,46031.65,214280.65,226245.65044112,46576.250441119984,8,11965.000441120006
2023-08-25,214557.65,46031.65,0.0,0.0,168526.0,0.0,46031.65,214557.65,227188.45044112,46576.250441119984,8,12630.800441119995
2023-08-28,215917.65,46031.65,0.0,0.0,169886.0,0.0,46031.65,215917.65,228959.65044112,46576.250441119984,8,13042.000441120006
2023-08-29,217098.65,46031.65,0.0,0.0,171067.0,0.0,46031.65,217098.65,227490.65044112,46576.250441119984,8,10392.000441120006
2023-08-30,216239.65,46031.65,0.0,0.0,170208.0,0.0,46031.65,216239.65,226590.45044112,46576.250441119984,8,10350.800441119995
2023-08-31,215440.65,46031.65,0.0,0.0,169409.0,0.0,46031.65,215440.65,227204.65044112,46576.250441119984,8,11764.000441120006
2023-09-01,217770.65,46031.65,0.0,0.0,171739.0,0.0,46031.65,217770.65,230123.65044112,46576.250441119984,8,12353.000441120006
2023-09-04,219483.65,46031.65,0.0,0.0,173452.0,0.0,46031.65,219483.65,233778.65044112,46576.250441119984,8,14295.000441120006
2023-09-05,218442.65,46031.65,0.0,0.0,172411.0,0.0,46031.65,218442.65,232676.85044112,46576.250441119984,8,14234.200441120018
2023-09-06,217792.65,46031.65,0.0,0.0,171761.0,0.0,46031.65,217792.65,232308.65044112,46576.250441119984,8,14516.000441120006
2023-09-07,215716.65,46031.65,0.0,0.0,169685.0,0.0,46031.65,215716.65,231113.45044112,46576.250441119984,8,15396.800441119995
2023-09-08,215449.65,46031.65,0.0,0.0,169418.0,0.0,46031.65,215449.65,230295.05044112,46576.250441119984,8,14845.40044112
2023-09-11,216888.65,46031.65,0.0,0.0,170857.0,0.0,46031.65,216888.65,232048.85044112,46576.250441119984,8,15160.200441120018
2023-09-12,217203.65,46031.65,0.0,0.0,171172.0,0.0,46031.65,217203.65,232136.85044112,46576.250441119984,8,14933.200441120018
2023-09-13,218381.65,46031.65,0.0,0.0,172350.0,0.0,46031.65,218381.65,231986.85044112,46576.250441119984,8,13605.200441120018
2023-09-14,219889.65,46031.65,0.0,0.0,173858.0,0.0,46031.65,219889.65,233460.25044112,46576.250441119984,8,13570.600441120012
2023-09-15,219329.65,46031.65,0.0,0.0,173298.0,0.0,46031.65,219329.65,233454.85044112,46576.250441119984,8,14125.200441120018
2023-09-18,219356.65,46031.65,0.0,0.0,173325.0,0.0,46031.65,219356.65,233865.25044112,46576.250441119984,8,14508.600441120012
2023-09-19,220070.65,46031.65,0.0,0.0,174039.0,0.0,46031.65,220070.65,234042.05044112,46576.250441119984,8,13971.40044112
2023-09-20,219788.65,46031.65,0.0,0.0,173757.0,0.0,46031.65,219788.65,233751.25044112,46976.250441119984,8,13962.600441120012
2023-09-21,217771.65,46031.65,0.0,0.0,171740.0,0.0,46031.65,217771.65,232523.25044112,46976.250441119984,8,14751.600441120012
2023-09-22,218325.65,46031.65,0.0,0.0,172294.0,0.0,46031.65,218325.65,232454.85044112,46976.250441119984,8,14129.200441120018
2023-09-25,217941.65,46031.65,0.0,0.0,171910.0,0.0,46031.65,217941.65,231553.85044112,46976.250441119984,8,13612.200441120018
2023-09-26,216422.65,46031.65,0.0,0.0,170391.0,0.0,46031.65,216422.65,230072.65044112,46976.250441119984,8,13650.000441120006
2023-09-27,215952.65,46031.65,0.0,0.0,169921.0,0.0,46031.65,215952.65,228901.65044112,46976.250441119984,8,12949.000441120006
2023-09-28,216562.65,46031.65,0.0,0.0,170531.0,0.0,46031.65,216562.65,229635.85044112,46976.250441119984,8,13073.200441120018
2023-10-09,215999.96,45220.96,-810.6999999999898,0.009999999987485353,170779.0,0.0,45220.96,215999.96,228607.63697095995,47682.63697095995,8,12607.676970959961
2023-10-10,214324.96,45220.96,0.0,0.0,169104.0,0.0,45220.96,214324.96,227312.63697095995,47682.63697095995,8,12987.676970959961
2023-10-11,213488.96,45220.96,0.0,0.0,168268.0,0.0,45220.96,213488.96,226263.63697095995,47682.63697095995,8,12774.676970959961
2023-10-12,214801.96,45220.96,0.0,0.0,169581.0,0.0,45220.96,214801.96,227643.63697095995,47682.63697095995,8,12841.676970959961
2023-10-13,214363.96,45220.96,0.0,0.0,169143.0,0.0,45220.96,214363.96,227092.63697095995,47682.63697095995,8,12728.676970959961
2023-10-16,214161.96,45220.96,0.0,0.0,168941.0,0.0,45220.96,214161.96,227060.63697095995,47682.63697095995,8,12898.676970959961
2023-10-17,214499.96,45220.96,0.0,0.0,169279.0,0.0,45220.96,214499.96,227422.63697095995,47682.63697095995,8,12922.676970959961
2023-10-18,212402.96,45220.96,0.0,0.0,167182.0,0.0,45220.96,212402.96,225237.63697095995,47682.63697095995,8,12834.676970959961
2023-10-19,210499.96,45220.96,0.0,0.0,165279.0,0.0,45220.96,210499.96,223103.63697095995,47682.63697095995,8,12603.676970959961
2023-10-20,209987.96,45220.96,0.0,0.0,164767.0,0.0,45220.96,209987.96,221904.63697095995,47682.63697095995,8,11916.676970959961
2023-10-23,207073.96,45220.96,0.0,0.0,161853.0,0.0,45220.96,207073.96,218912.63697095995,47682.63697095995,8,11838.676970959961
2023-10-24,208479.96,45220.96,0.0,0.0,163259.0,0.0,45220.96,208479.96,220447.63697095995,47682.63697095995,8,11967.676970959961
2023-10-25,210114.96,45220.96,0.0,0.0,164894.0,0.0,45220.96,210114.96,221584.63697095995,47682.63697095995,8,11469.676970959961
2023-10-26,210971.96,45220.96,0.0,0.0,165751.0,0.0,45220.96,210971.96,223140.63697095995,47682.63697095995,8,12168.676970959961
2023-10-27,210888.96,45220.96,0.0,0.0,165668.0,0.0,45220.96,210888.96,224520.63697095995,47682.63697095995,8,13631.676970959961
2023-10-30,209272.96,45220.96,0.0,0.0,164052.0,0.0,45220.96,209272.96,223028.63697095995,47682.63697095995,8,13755.676970959961
2023-10-31,208310.96,45220.96,0.0,0.0,163090.0,0.0,45220.96,208310.96,221782.63697095995,47682.63697095995,8,13471.676970959961
2023-11-01,207945.96,45220.96,0.0,0.0,162725.0,0.0,45220.96,207945.96,221568.63697095995,47682.63697095995,8,13622.676970959961
2023-11-02,207486.96,45220.96,0.0,0.0,162266.0,0.0,45220.96,207486.96,221124.63697095995,47682.63697095995,8,13637.676970959961
2023-11-03,206930.96,45220.96,0.0,0.0,161710.0,0.0,45220.96,206930.96,220460.63697095995,47682.63697095995,8,13529.676970959961
2023-11-06,207588.96,45220.96,0.0,0.0,162368.0,0.0,45220.96,207588.96,220572.63697095995,47682.63697095995,8,12983.676970959961
2023-11-07,207332.96,45220.96,0.0,0.0,162112.0,0.0,45220.96,207332.96,220091.63697095995,47682.63697095995,8,12758.676970959961
2023-11-08,206403.96,45220.96,0.0,0.0,161183.0,0.0,45220.96,206403.96,219457.63697095995,47682.63697095995,8,13053.676970959961
2023-11-09,206767.96,45220.96,0.0,0.0,161547.0,0.0,45220.96,206767.96,219661.63697095995,47682.63697095995,8,12893.676970959961
2023-11-10,205654.96,45220.96,0.0,0.0,160434.0,0.0,45220.96,205654.96,218629.63697095995,47682.63697095995,8,12974.676970959961
2023-11-13,205980.96,45220.96,0.0,0.0,160760.0,0.0,45220.96,205980.96,219216.63697095995,47682.63697095995,8,13235.676970959961
2023-11-14,206321.96,45220.96,0.0,0.0,161101.0,0.0,45220.96,206321.96,219296.63697095995,47682.63697095995,8,12974.676970959961
2023-11-15,206840.96,45220.96,0.0,0.0,161620.0,0.0,45220.96,206840.96,219543.63697095995,47682.63697095995,8,12702.676970959961
2023-11-16,206399.96,45220.96,0.0,0.0,161179.0,0.0,45220.96,206399.96,219145.63697095995,47682.63697095995,8,12745.676970959961
2023-11-17,205805.96,45220.96,0.0,0.0,160585.0,0.0,45220.96,205805.96,218675.63697095995,47682.63697095995,8,12869.676970959961
2023-11-20,206116.96,45220.96,0.0,0.0,160896.0,0.0,45220.96,206116.96,219000.63697095995,47682.63697095995,8,12883.676970959961
2023-11-21,206686.96,45220.96,0.0,0.0,161466.0,0.0,45220.96,206686.96,219451.63697095995,47682.63697095995,8,12764.676970959961
2023-11-22,206003.96,45220.96,0.0,0.0,160783.0,0.0,45220.96,206003.96,218872.63697095995,47682.63697095995,8,12868.676970959961
2023-11-23,206709.96,45220.96,0.0,0.0,161489.0,0.0,45220.96,206709.96,219556.63697095995,47682.63697095995,8,12846.676970959961
2023-11-24,206905.96,45220.96,0.0,0.0,161685.0,0.0,45220.96,206905.96,220014.63697095995,47682.63697095995,8,13108.676970959961
2023-11-27,205657.96,45220.96,0.0,0.0,160437.0,0.0,45220.96,205657.96,218683.63697095995,47682.63697095995,8,13025.676970959961
2023-11-28,205748.96,45220.96,0.0,0.0,160528.0,0.0,45220.96,205748.96,218856.63697095995,47682.63697095995,8,13107.676970959961
2023-11-29,204388.96,45220.96,0.0,0.0,159168.0,0.0,45220.96,204388.96,217537.63697095995,47682.63697095995,8,13148.676970959961
2023-11-30,204213.96,45220.96,0.0,0.0,158993.0,0.0,45220.96,204213.96,217333.63697095995,47682.63697095995,8,13119.676970959961
2023-12-01,204920.96,45220.96,0.0,0.0,159700.0,0.0,45220.96,204920.96,217985.63697095995,47682.63697095995,8,13064.676970959961
2023-12-04,205615.96,45220.96,0.0,0.0,160395.0,0.0,45220.96,205615.96,218349.63697095995,47682.63697095995,8,12733.676970959961
2023-12-05,204030.96,45220.96,0.0,0.0,158810.0,0.0,45220.96,204030.96,216652.63697095995,47682.63697095995,8,12621.676970959961
2023-12-06,204605.96,45220.96,0.0,0.0,159385.0,0.0,45220.96,204605.96,216982.63697095995,47682.63697095995,8,12376.676970959961
2023-12-07,204922.96,45220.96,0.0,0.0,159702.0,0.0,45220.96,204922.96,217756.63697095995,47682.63697095995,8,12833.676970959961
2023-12-08,204516.96,45220.96,0.0,0.0,159296.0,0.0,45220.96,204516.96,217669.63697095995,47682.63697095995,8,13152.676970959961
2023-12-11,206102.96,45220.96,0.0,0.0,160882.0,0.0,45220.96,206102.96,219389.63697095995,47682.63697095995,8,13286.676970959961
2023-12-12,207047.96,45220.96,0.0,0.0,161827.0,0.0,45220.96,207047.96,220205.63697095995,47682.63697095995,8,13157.676970959961
2023-12-13,206971.96,45220.96,0.0,0.0,161751.0,0.0,45220.96,206971.96,220124.63697095995,47682.63697095995,8,13152.676970959961
2023-12-14,207627.96,45220.96,0.0,0.0,162407.0,0.0,45220.96,207627.96,220648.63697095995,47682.63697095995,8,13020.676970959961
2023-12-15,205628.96,45220.96,0.0,0.0,160408.0,0.0,45220.96,205628.96,218366.63697095995,47682.63697095995,8,12737.676970959961
2023-12-18,204796.96,45220.96,0.0,0.0,159576.0,0.0,45220.96,204796.96,217622.63697095995,47682.63697095995,8,12825.676970959961
2023-12-19,204306.96,45220.96,0.0,0.0,159086.0,0.0,45220.96,204306.96,217280.63697095995,47682.63697095995,8,12973.676970959961
2023-12-20,203848.96,45220.96,0.0,0.0,158628.0,0.0,45220.96,203848.96,217197.63697095995,47682.63697095995,8,13348.676970959961
2023-12-21,203419.96,45220.96,0.0,0.0,158199.0,0.0,45220.96,203419.96,216468.63697095995,47682.63697095995,8,13048.676970959961
2023-12-22,203101.96,45220.96,0.0,0.0,157881.0,0.0,45220.96,203101.96,216145.63697095995,47682.63697095995,8,13043.676970959961
2023-12-25,202117.96,45220.96,0.0,0.0,156897.0,0.0,45220.96,202117.96,215099.63697095995,47682.63697095995,8,12981.676970959961
2023-12-26,201260.96,45220.96,0.0,0.0,156040.0,0.0,45220.96,201260.96,214730.63697095995,47682.63697095995,8,13469.676970959961
2023-12-27,202199.96,45220.96,0.0,0.0,156979.0,0.0,45220.96,202199.96,216071.63697095995,47682.63697095995,8,13871.676970959961
2023-12-28,203532.96,45220.96,0.0,0.0,158312.0,0.0,45220.96,203532.96,217092.63697095995,47682.63697095995,8,13559.676970959961
2023-12-29,204669.96,45220.96,0.0,0.0,159449.0,0.0,45220.96,204669.96,217663.63697095995,47682.63697095995,8,12993.676970959961
2024-01-02,204482.21,45019.21,-201.7400000000016,-0.00999999999839929,159463.0,0.0,45019.21,204482.21,217771.9074013599,48601.9074013599,8,13289.69740135991
2024-01-03,205292.21,45019.21,0.0,0.0,160273.0,0.0,45019.21,205292.21,219381.9074013599,48601.9074013599,8,14089.69740135991
2024-01-04,205496.21,45019.21,0.0,0.0,160477.0,0.0,45019.21,205496.21,219994.9074013599,48601.9074013599,8,14498.69740135991
2024-01-05,205674.21,45019.21,0.0,0.0,160655.0,0.0,45019.21,205674.21,219545.9074013599,48601.9074013599,8,13871.69740135991
2024-01-08,202909.21,45019.21,0.0,0.0,157890.0,0.0,45019.21,202909.21,217104.9074013599,48601.9074013599,8,14195.69740135991
2024-01-09,203963.21,45019.21,0.0,0.0,158944.0,0.0,45019.21,203963.21,218317.9074013599,48601.9074013599,8,14354.69740135991
2024-01-10,203354.21,45019.21,0.0,0.0,158335.0,0.0,45019.21,203354.21,217333.9074013599,48601.9074013599,8,13979.69740135991
2024-01-11,203926.21,45019.21,0.0,0.0,158907.0,0.0,45019.21,203926.21,217850.9074013599,48601.9074013599,8,13924.69740135991
2024-01-12,204535.21,45019.21,0.0,0.0,159516.0,0.0,45019.21,204535.21,218509.9074013599,48601.9074013599,8,13974.69740135991
2024-01-15,204651.21,45019.21,0.0,0.0,159632.0,0.0,45019.21,204651.21,218785.9074013599,48601.9074013599,8,14134.69740135991
2024-01-16,204619.21,45019.21,0.0,0.0,159600.0,0.0,45019.21,204619.21,218878.9074013599,48601.9074013599,8,14259.69740135991
2024-01-17,202054.21,45019.21,0.0,0.0,157035.0,0.0,45019.21,202054.21,216313.9074013599,48601.9074013599,8,14259.69740135991
2024-01-18,200309.21,45019.21,0.0,0.0,155290.0,0.0,45019.21,200309.21,214195.9074013599,48601.9074013599,8,13886.69740135991
2024-01-19,199403.21,45019.21,0.0,0.0,154384.0,0.0,45019.21,199403.21,212471.9074013599,48601.9074013599,8,13068.69740135991
2024-01-22,194340.21,45019.21,0.0,0.0,149321.0,0.0,45019.21,194340.21,206306.9074013599,48601.9074013599,8,11966.69740135991
2024-01-23,195741.21,45019.21,0.0,0.0,150722.0,0.0,45019.21,195741.21,207692.9074013599,48601.9074013599,8,11951.69740135991
2024-01-24,198946.21,45019.21,0.0,0.0,153927.0,0.0,45019.21,198946.21,211982.9074013599,48601.9074013599,8,13036.69740135991
2024-01-25,203251.21,45019.21,0.0,0.0,158232.0,0.0,45019.21,203251.21,218852.9074013599,48601.9074013599,8,15601.69740135991
2024-01-26,206107.21,45019.21,0.0,0.0,161088.0,0.0,45019.21,206107.21,223026.9074013599,48601.9074013599,8,16919.69740135991
2024-01-29,203827.21,45019.21,0.0,0.0,158808.0,0.0,45019.21,203827.21,219410.9074013599,48601.9074013599,8,15583.69740135991
2024-01-30,200847.21,45019.21,0.0,0.0,155828.0,0.0,45019.21,200847.21,216437.9074013599,48601.9074013599,8,15590.69740135991
2024-01-31,198215.21,45019.21,0.0,0.0,153196.0,0.0,45019.21,198215.21,213851.9074013599,48601.9074013599,8,15636.69740135991
2024-02-01,196462.21,45019.21,0.0,0.0,151443.0,0.0,45019.21,196462.21,211475.9074013599,48601.9074013599,8,15013.69740135991
2024-02-02,193949.21,45019.21,0.0,0.0,148930.0,0.0,45019.21,193949.21,208291.9074013599,48601.9074013599,8,14342.69740135991
2024-02-05,189371.21,45019.21,0.0,0.0,144352.0,0.0,45019.21,189371.21,203357.9074013599,48601.9074013599,8,13986.69740135991
2024-02-06,197396.21,45019.21,0.0,0.0,152377.0,0.0,45019.21,197396.21,210947.9074013599,48601.9074013599,8,13551.69740135991
2024-02-07,202427.21,45019.21,0.0,0.0,157408.0,0.0,45019.21,202427.21,216445.9074013599,48601.9074013599,8,14018.69740135991
2024-02-08,204189.21,45019.21,0.0,0.0,159170.0,0.0,45019.21,204189.21,218236.9074013599,48601.9074013599,8,14047.69740135991
2024-02-19,203507.21,45019.21,0.0,0.0,158488.0,0.0,45019.21,203507.21,218912.9074013599,48601.9074013599,8,15405.69740135991
2024-02-20,203469.21,45019.21,0.0,0.0,158450.0,0.0,45019.21,203469.21,219095.9074013599,48601.9074013599,8,15626.69740135991
2024-02-21,205724.21,45019.21,0.0,0.0,160705.0,0.0,45019.21,205724.21,221109.9074013599,48601.9074013599,8,15385.69740135991
2024-02-22,206488.21,45019.21,0.0,0.0,161469.0,0.0,45019.21,206488.21,222701.9074013599,48601.9074013599,8,16213.69740135991
2024-02-23,206283.21,45019.21,0.0,0.0,161264.0,0.0,45019.21,206283.21,222718.9074013599,48601.9074013599,8,16435.69740135991
2024-02-26,204245.21,45019.21,0.0,0.0,159226.0,0.0,45019.21,204245.21,220209.9074013599,48601.9074013599,8,15964.69740135991
2024-02-27,205304.21,45019.21,0.0,0.0,160285.0,0.0,45019.21,205304.21,221446.9074013599,48601.9074013599,8,16142.69740135991
2024-02-28,203386.21,45019.21,0.0,0.0,158367.0,0.0,45019.21,203386.21,218783.9074013599,48601.9074013599,8,15397.69740135991
2024-02-29,205868.21,45019.21,0.0,0.0,160849.0,0.0,45019.21,205868.21,221666.9074013599,48601.9074013599,8,15798.69740135991
2024-03-01,206263.21,45019.21,0.0,0.0,161244.0,0.0,45019.21,206263.21,222124.9074013599,48601.9074013599,8,15861.69740135991
2024-03-04,204899.21,45019.21,0.0,0.0,159880.0,0.0,45019.21,204899.21,221400.9074013599,48601.9074013599,8,16501.69740135991
2024-03-05,205259.21,45019.21,0.0,0.0,160240.0,0.0,45019.21,205259.21,221230.9074013599,48601.9074013599,8,15971.69740135991
2024-03-06,205545.21,45019.21,0.0,0.0,160526.0,0.0,45019.21,205545.21,221620.9074013599,48601.9074013599,8,16075.69740135991
2024-03-07,206299.21,45019.21,0.0,0.0,161280.0,0.0,45019.21,206299.21,221504.9074013599,48601.9074013599,8,15205.69740135991
2024-03-08,206088.21,45019.21,0.0,0.0,161069.0,0.0,45019.21,206088.21,222209.9074013599,48601.9074013599,8,16121.69740135991
2024-03-11,206974.21,45019.21,0.0,0.0,161955.0,0.0,45019.21,206974.21,222700.9074013599,48601.9074013599,8,15726.69740135991
2024-03-12,205888.21,45019.21,0.0,0.0,160869.0,0.0,45019.21,205888.21,221340.9074013599,48601.9074013599,8,15452.69740135991
2024-03-13,204995.21,45019.21,0.0,0.0,159976.0,0.0,45019.21,204995.21,220263.9074013599,48601.9074013599,8,15268.69740135991
2024-03-14,204775.21,45019.21,0.0,0.0,159756.0,0.0,45019.21,204775.21,220218.9074013599,48601.9074013599,8,15443.69740135991
2024-03-15,207236.21,45019.21,0.0,0.0,162217.0,0.0,45019.21,207236.21,221842.9074013599,48601.9074013599,8,14606.69740135991
2024-03-18,208001.21,45019.21,0.0,0.0,162982.0,0.0,45019.21,208001.21,223159.9074013599,48601.9074013599,8,15158.69740135991
2024-03-19,207121.21,45019.21,0.0,0.0,162102.0,0.0,45019.21,207121.21,222249.9074013599,48601.9074013599,8,15128.69740135991
2024-03-20,207903.21,45019.21,0.0,0.0,162884.0,0.0,45019.21,207903.21,223661.9074013599,48601.9074013599,8,15758.69740135991
2024-03-21,208821.21,45019.21,0.0,0.0,163802.0,0.0,45019.21,208821.21,223880.9074013599,48601.9074013599,8,15059.69740135991
2024-03-22,206565.21,45019.21,0.0,0.0,161546.0,0.0,45019.21,206565.21,221237.9074013599,48601.9074013599,8,14672.69740135991
2024-03-25,205705.21,45019.21,0.0,0.0,160686.0,0.0,45019.21,205705.21,220902.9074013599,48601.9074013599,8,15197.69740135991
2024-03-26,206644.21,45019.21,0.0,0.0,161625.0,0.0,45019.21,206644.21,223627.9074013599,48601.9074013599,8,16983.69740135991
2024-03-27,204205.21,45019.21,0.0,0.0,159186.0,0.0,45019.21,204205.21,219917.9074013599,48601.9074013599,8,15712.69740135991
2024-03-28,204911.21,45019.21,0.0,0.0,159892.0,0.0,45019.21,204911.21,221335.9074013599,48601.9074013599,8,16424.69740135991
2024-03-29,205867.21,45019.21,0.0,0.0,160848.0,0.0,45019.21,205867.21,223070.9074013599,48601.9074013599,8,17203.69740135991
2024-04-01,208021.01,42507.01,-2512.2000000000035,6.366462912410498e-12,165514.0,0.0,42507.01,208021.01,224617.62555315997,45980.625553159945,8,16596.615553159965
2024-04-02,208628.01,42507.01,0.0,0.0,166121.0,0.0,42507.01,208628.01,225243.62555315997,45980.625553159945,8,16615.615553159965
2024-04-03,209811.01,42507.01,0.0,0.0,167304.0,0.0,42507.01,209811.01,226543.62555315997,45980.625553159945,8,16732.615553159965
2024-04-08,210136.01,42507.01,0.0,0.0,167629.0,0.0,42507.01,210136.01,226453.62555315997,45980.625553159945,8,16317.615553159965
2024-04-09,210753.01,42507.01,0.0,0.0,168246.0,0.0,42507.01,210753.01,227258.62555315997,45980.625553159945,8,16505.615553159965
2024-04-10,210437.01,42507.01,0.0,0.0,167930.0,0.0,42507.01,210437.01,226990.62555315997,45980.625553159945,8,16553.615553159965
2024-04-11,211035.01,42507.01,0.0,0.0,168528.0,0.0,42507.01,211035.01,228060.62555315997,45980.625553159945,8,17025.615553159965
2024-04-12,211059.01,42507.01,0.0,0.0,168552.0,0.0,42507.01,211059.01,226997.62555315997,45980.625553159945,8,15938.615553159965
2024-04-15,214162.01,42507.01,0.0,0.0,171655.0,0.0,42507.01,214162.01,230886.62555315997,45980.625553159945,8,16724.615553159965
2024-04-16,212943.01,42507.01,0.0,0.0,170436.0,0.0,42507.01,212943.01,228849.62555315997,45980.625553159945,8,15906.615553159965
2024-04-17,215633.01,42507.01,0.0,0.0,173126.0,0.0,42507.01,215633.01,232667.62555315997,45980.625553159945,8,17034.615553159965
2024-04-18,216130.01,42507.01,0.0,0.0,173623.0,0.0,42507.01,216130.01,233492.62555315997,45980.625553159945,8,17362.615553159965
2024-04-19,215977.01,42507.01,0.0,0.0,173470.0,0.0,42507.01,215977.01,233512.62555315997,45980.625553159945,8,17535.615553159965
2024-04-22,213036.01,42507.01,0.0,0.0,170529.0,0.0,42507.01,213036.01,230475.62555315997,45980.625553159945,8,17439.615553159965
2024-04-23,209358.01,42507.01,0.0,0.0,166851.0,0.0,42507.01,209358.01,227989.62555315997,45980.625553159945,8,18631.615553159965
2024-04-24,209319.01,42507.01,0.0,0.0,166812.0,0.0,42507.01,209319.01,228681.62555315997,45980.625553159945,8,19362.615553159965
2024-04-25,211649.01,42507.01,0.0,0.0,169142.0,0.0,42507.01,211649.01,230853.62555315997,45980.625553159945,8,19204.615553159965
2024-04-26,211387.01,42507.01,0.0,0.0,168880.0,0.0,42507.01,211387.01,230663.62555315997,45980.625553159945,8,19276.615553159965
2024-04-29,212943.01,42507.01,0.0,0.0,170436.0,0.0,42507.01,212943.01,231651.62555315997,45980.625553159945,8,18708.615553159965
2024-04-30,213933.01,42507.01,0.0,0.0,171426.0,0.0,42507.01,213933.01,233160.62555315997,45980.625553159945,8,19227.615553159965
2024-05-06,214565.01,42507.01,0.0,0.0,172058.0,0.0,42507.01,214565.01,234129.62555315997,45980.625553159945,8,19564.615553159965
2024-05-07,214413.01,42507.01,0.0,0.0,171906.0,0.0,42507.01,214413.01,233780.62555315997,45980.625553159945,8,19367.615553159965
2024-05-08,212886.01,42507.01,0.0,0.0,170379.0,0.0,42507.01,212886.01,232445.62555315997,45980.625553159945,8,19559.615553159965
2024-05-09,214355.01,42507.01,0.0,0.0,171848.0,0.0,42507.01,214355.01,234577.62555315997,45980.625553159945,8,20222.615553159965
2024-05-10,215223.01,43514.01,0.0,1007.0,171709.0,0.0,43514.01,215223.01,234842.62555315997,45980.625553159945,8,19619.615553159965
2024-05-13,217522.01,43514.01,0.0,0.0,174008.0,0.0,43514.01,217522.01,237922.62555315997,45980.625553159945,8,20400.615553159965
2024-05-14,216837.01,43514.01,0.0,0.0,173323.0,0.0,43514.01,216837.01,236789.62555315997,45980.625553159945,8,19952.615553159965
2024-05-15,217142.01,43514.01,0.0,0.0,173628.0,0.0,43514.01,217142.01,235982.62555315997,45980.625553159945,8,18840.615553159965
2024-05-16,218820.01,43514.01,0.0,0.0,175306.0,0.0,43514.01,218820.01,237181.62555315997,46440.625553159945,8,18361.615553159965
2024-05-17,222371.01,43514.01,0.0,0.0,178857.0,0.0,43514.01,222371.01,240273.62555315997,46440.625553159945,8,17902.615553159965
2024-05-20,222547.01,43514.01,0.0,0.0,179033.0,0.0,43514.01,222547.01,240806.62555315997,46440.625553159945,8,18259.615553159965
2024-05-21,224233.01,43514.01,0.0,0.0,180719.0,0.0,43514.01,224233.01,241619.62555315997,46440.625553159945,8,17386.615553159965
2024-05-22,225659.01,43514.01,0.0,0.0,182145.0,0.0,43514.01,225659.01,242737.62555315997,46440.625553159945,8,17078.615553159965
2024-05-23,222729.01,43514.01,0.0,0.0,179215.0,0.0,43514.01,222729.01,239742.62555315997,46440.625553159945,8,17013.615553159965
2024-05-24,222740.01,43514.01,0.0,0.0,179226.0,0.0,43514.01,222740.01,240154.62555315997,46440.625553159945,8,17414.615553159965
2024-05-27,223640.01,43514.01,0.0,0.0,180126.0,0.0,43514.01,223640.01,241891.62555315997,46440.625553159945,8,18251.615553159965
2024-05-28,221836.01,43514.01,0.0,0.0,178322.0,0.0,43514.01,221836.01,240164.62555315997,46440.625553159945,8,18328.615553159965
2024-05-29,221938.01,43514.01,0.0,0.0,178424.0,0.0,43514.01,221938.01,240329.62555315997,46440.625553159945,8,18391.615553159965
2024-05-30,219559.01,43514.01,0.0,0.0,176045.0,0.0,43514.01,219559.01,237767.62555315997,46440.625553159945,8,18208.615553159965
2024-05-31,221691.01,43514.01,0.0,0.0,178177.0,0.0,43514.01,221691.01,239849.62555315997,46440.625553159945,8,18158.615553159965
2024-06-03,218397.01,43514.01,0.0,0.0,174883.0,0.0,43514.01,218397.01,236514.62555315997,46440.625553159945,8,18117.615553159965
2024-06-04,219374.01,43514.01,0.0,0.0,175860.0,0.0,43514.01,219374.01,237994.62555315997,46440.625553159945,8,18620.615553159965
2024-06-05,215427.01,43514.01,0.0,0.0,171913.0,0.0,43514.01,215427.01,234025.62555315997,46440.625553159945,8,18598.615553159965
2024-06-06,214386.01,44614.01,0.0,1100.0,169772.0,0.0,44614.01,214386.01,232353.62555315997,47280.625553159945,8,17967.615553159965
2024-06-07,216979.01,44614.01,0.0,0.0,172365.0,0.0,44614.01,216979.01,234723.62555315997,47280.625553159945,8,17744.615553159965
2024-06-11,214788.01,44614.01,0.0,0.0,170174.0,0.0,44614.01,214788.01,232723.62555315997,47280.625553159945,8,17935.615553159965
2024-06-12,215084.01,44614.01,0.0,0.0,170470.0,0.0,44614.01,215084.01,233019.62555315997,47280.625553159945,8,17935.615553159965
2024-06-13,211757.01,44614.01,0.0,0.0,167143.0,0.0,44614.01,211757.01,229586.62555315997,47280.625553159945,8,17829.615553159965
2024-06-14,213742.01,44614.01,0.0,0.0,169128.0,0.0,44614.01,213742.01,232653.72555315995,47280.625553159945,8,18911.715553159942
2024-06-17,211889.01,44614.01,0.0,0.0,167275.0,0.0,44614.01,211889.01,231072.62555315997,47280.625553159945,8,19183.615553159965
2024-06-18,212993.01,44614.01,0.0,0.0,168379.0,0.0,44614.01,212993.01,232405.02555315997,47280.625553159945,8,19412.01555315996
2024-06-19,212451.01,44614.01,0.0,0.0,167837.0,0.0,44614.01,212451.01,231801.32555315996,47280.625553159945,8,19350.315553159948
2024-06-20,209994.01,45700.01,0.0,1086.0,164294.0,0.0,45700.01,209994.01,229186.82555315996,48304.625553159945,8,19192.815553159948
2024-06-21,210107.01,46350.01,0.0,650.0,163757.0,0.0,46350.01,210107.01,229314.92555316,49044.625553159945,8,19207.915553159983
2024-06-24,206944.01,46350.01,0.0,0.0,160594.0,0.0,46350.01,206944.01,226245.72555315995,49044.625553159945,8,19301.715553159942
2024-06-25,209344.01,46350.01,0.0,0.0,162994.0,0.0,46350.01,209344.01,229068.32555316,49044.625553159945,8,19724.315553159977
2024-06-26,211534.01,46350.01,0.0,0.0,165184.0,0.0,46350.01,211534.01,231679.82555315996,49044.625553159945,8,20145.815553159948
2024-06-27,210751.01,47190.01,0.0,840.0,163561.0,0.0,47190.01,210751.01,230538.92555316,50004.625553159945,8,19787.915553159983
2024-06-28,213206.01,47190.01,0.0,0.0,166016.0,0.0,47190.01,213206.01,233625.92555315996,50004.625553159945,8,20419.915553159954
2024-07-01,214037.88,46340.88,-849.1000000000058,-0.029999999998835847,167697.0,0.0,46340.88,214037.88,235051.08485714,50383.08485713997,8,21013.204857139994
2024-07-02,214696.88,46340.88,0.0,0.0,168356.0,0.0,46340.88,214696.88,236369.08485714,50383.08485713997,8,21672.204857139994
2024-07-03,215375.88,46340.88,0.0,0.0,169035.0,0.0,46340.88,215375.88,237079.08485714,50383.08485713997,8,21703.204857139994
2024-07-04,214227.88,46340.88,0.0,0.0,167887.0,0.0,46340.88,214227.88,236277.08485714,50383.08485713997,8,22049.204857139994
2024-07-05,214490.88,46340.88,0.0,0.0,168150.0,0.0,46340.88,214490.88,236118.08485714,50383.08485713997,8,21627.204857139994
2024-07-08,213239.88,46340.88,0.0,0.0,166899.0,0.0,46340.88,213239.88,234409.08485714,50383.08485713997,8,21169.204857139994
2024-07-09,214958.88,46340.88,0.0,0.0,168618.0,0.0,46340.88,214958.88,237109.08485714,50383.08485713997,8,22150.204857139994
2024-07-10,213732.88,46340.88,0.0,0.0,167392.0,0.0,46340.88,213732.88,235297.08485714,50383.08485713997,8,21564.204857139994
2024-07-11,214435.88,46340.88,0.0,0.0,168095.0,0.0,46340.88,214435.88,235479.08485714,50383.08485713997,8,21043.204857139994
2024-07-12,215688.88,46340.88,0.0,0.0,169348.0,0.0,46340.88,215688.88,236408.08485714,50383.08485713997,8,20719.204857139994
2024-07-15,215614.58,47489.58,0.0,1148.7000000000044,168125.0,0.0,47489.58,215614.58000000002,238560.68485714,50383.08485713997,8,22946.104857140017
2024-07-16,214444.58,47489.58,0.0,0.0,166955.0,0.0,47489.58,214444.58000000002,236847.28485714,50383.08485713997,8,22402.704857140023
2024-07-17,214991.58,48441.58,0.0,952.0,166550.0,0.0,48441.58,214991.58000000002,236566.68485714,50383.08485713997,8,21575.104857140017
2024-07-18,215628.58,48441.58,0.0,0.0,167187.0,0.0,48441.58,215628.58000000002,238234.08485714,50383.08485713997,8,22605.50485714001
2024-07-19,213083.98,49583.98,0.0,1142.4000000000015,163500.0,0.0,49583.98,213083.98,236659.38485714,50383.08485713997,8,23575.404857139976
2024-07-22,211839.98,49583.98,0.0,0.0,162256.0,0.0,49583.98,211839.98,235331.78485713995,50383.08485713997,8,23491.80485713994
2024-07-23,210899.98,49583.98,0.0,0.0,161316.0,0.0,49583.98,210899.98,234740.08485714,50383.08485713997,8,23840.104857139988
2024-07-24,211847.98,49583.98,0.0,0.0,162264.0,0.0,49583.98,211847.98,234875.08485714,50383.08485713997,8,23027.104857139988
2024-07-25,213124.98,49583.98,0.0,0.0,163541.0,0.0,49583.98,213124.98,236724.38485714,50383.08485713997,8,23599.404857139976
2024-07-26,213021.98,49583.98,0.0,0.0,163438.0,0.0,49583.98,213021.98,236853.88485714,50383.08485713997,8,23831.904857139976
2024-07-29,212803.98,49583.98,0.0,0.0,163220.0,0.0,49583.98,212803.98,236760.98485714,50383.08485713997,8,23957.004857139982
2024-07-30,213937.98,49583.98,0.0,0.0,164354.0,0.0,49583.98,213937.98,236982.08485714,50383.08485713997,8,23044.104857139988
2024-07-31,215888.98,49583.98,0.0,0.0,166305.0,0.0,49583.98,215888.98,240024.08485714,50383.08485713997,8,24135.104857139988
2024-08-01,216727.98,49583.98,0.0,0.0,167144.0,0.0,49583.98,216727.98,242093.48485714,50383.08485713997,8,25365.504857139982
2024-08-02,216182.98,49583.98,0.0,0.0,166599.0,0.0,49583.98,216182.98,241309.28485713995,50383.08485713997,8,25126.30485713994
2024-08-05,213957.98,49583.98,0.0,0.0,164374.0,0.0,49583.98,213957.98,239435.98485714,50383.08485713997,8,25478.004857139982
2024-08-06,213110.98,49583.98,0.0,0.0,163527.0,0.0,49583.98,213110.98,238570.68485714,50383.08485713997,8,25459.704857139994
2024-08-07,212751.98,49583.98,0.0,0.0,163168.0,0.0,49583.98,212751.98,237823.08485714,50383.08485713997,8,25071.104857139988
2024-08-08,214387.98,49583.98,0.0,0.0,164804.0,0.0,49583.98,214387.98,238732.38485714,50383.08485713997,8,24344.404857139976
2024-08-09,213398.98,49583.98,0.0,0.0,163815.0,0.0,49583.98,213398.98,237838.38485714,50383.08485713997,8,24439.404857139976
2024-08-12,213087.98,49583.98,0.0,0.0,163504.0,0.0,49583.98,213087.98,237507.78485714,50383.08485713997,8,24419.80485714
2024-08-13,214303.98,49583.98,0.0,0.0,164720.0,0.0,49583.98,214303.98,239020.58485714,50383.08485713997,8,24716.604857139988
2024-08-14,213813.98,49583.98,0.0,0.0,164230.0,0.0,49583.98,213813.98,238406.58485714,50383.08485713997,8,24592.604857139988
2024-08-15,215179.98,49583.98,0.0,0.0,165596.0,0.0,49583.98,215179.98,239449.08485714,50383.08485713997,8,24269.104857139988
2024-08-16,214200.98,49583.98,0.0,0.0,164617.0,0.0,49583.98,214200.98,238716.28485713995,50383.08485713997,8,24515.30485713994
2024-08-19,215041.98,49583.98,0.0,0.0,165458.0,0.0,49583.98,215041.98,240235.28485714,50383.08485713997,8,25193.30485714
2024-08-20,212957.98,49583.98,0.0,0.0,163374.0,0.0,49583.98,212957.98,238665.98485714,50383.08485713997,8,25708.004857139982
2024-08-21,212018.98,49583.98,0.0,0.0,162435.0,0.0,49583.98,212018.98,237431.38485714,50383.08485713997,8,25412.404857139976
2024-08-22,212776.98,49583.98,0.0,0.0,163193.0,0.0,49583.98,212776.98,237410.48485714,50383.08485713997,8,24633.504857139982
2024-08-23,212885.98,49583.98,0.0,0.0,163302.0,0.0,49583.98,212885.98,237400.68485713995,50383.08485713997,8,24514.704857139935
2024-08-26,211400.98,49583.98,0.0,0.0,161817.0,0.0,49583.98,211400.98,235936.18485714,50383.08485713997,8,24535.204857139994
2024-08-27,212177.98,49583.98,0.0,0.0,162594.0,0.0,49583.98,212177.98,235662.28485714,50383.08485713997,8,23484.30485714
2024-08-28,211288.98,49583.98,0.0,0.0,161705.0,0.0,49583.98,211288.98,235341.68485714,50383.08485713997,8,24052.704857139994
2024-08-29,209999.98,49583.98,0.0,0.0,160416.0,0.0,49583.98,209999.98,233527.28485714,50383.08485713997,8,23527.30485714
2024-08-30,209838.98,49583.98,0.0,0.0,160255.0,0.0,49583.98,209838.98,233126.98485714,50383.08485713997,8,23288.004857139982
2024-09-02,209386.98,49583.98,0.0,0.0,159803.0,0.0,49583.98,209386.98,232970.68485713995,50383.08485713997,8,23583.704857139935
2024-09-03,208144.98,49583.98,0.0,0.0,158561.0,0.0,49583.98,208144.98,232094.88485714,50383.08485713997,8,23949.904857139976
2024-09-04,207077.98,49583.98,0.0,0.0,157494.0,0.0,49583.98,207077.98,231370.68485714,50383.08485713997,8,24292.704857139994
2024-09-05,208028.98,49583.98,0.0,0.0,158445.0,0.0,49583.98,208028.98,232634.68485714,50383.08485713997,8,24605.704857139994
2024-09-06,207557.98,49583.98,0.0,0.0,157974.0,0.0,49583.98,207557.98,232290.68485714,50383.08485713997,8,24732.704857139994
2024-09-09,205880.98,49583.98,0.0,0.0,156297.0,0.0,49583.98,205880.98,230067.68485714,50383.08485713997,8,24186.704857139994
2024-09-10,205890.98,49583.98,0.0,0.0,156307.0,0.0,49583.98,205890.98,230621.08485714,50383.08485713997,8,24730.104857139988
2024-09-11,203688.98,49583.98,0.0,0.0,154105.0,0.0,49583.98,203688.98,227686.08485714,50843.08485713997,8,23997.104857139988
2024-09-12,204327.98,49583.98,0.0,0.0,154744.0,0.0,49583.98,204327.98,228979.68485714,50843.08485713997,8,24651.704857139994
2024-09-13,203907.98,49583.98,0.0,0.0,154324.0,0.0,49583.98,203907.98,227853.78485713995,50843.08485713997,8,23945.80485713994
2024-09-18,203255.98,49583.98,0.0,0.0,153672.0,0.0,49583.98,203255.98,226499.78485713995,50843.08485713997,8,23243.80485713994
2024-09-19,203775.98,49583.98,0.0,0.0,154192.0,0.0,49583.98,203775.98,227247.18485714,50843.08485713997,8,23471.204857139994
2024-09-20,202593.98,49583.98,0.0,0.0,153010.0,0.0,49583.98,202593.98,226454.38485714,50843.08485713997,8,23860.404857139976
2024-09-23,203465.98,49583.98,0.0,0.0,153882.0,0.0,49583.98,203465.98,227716.38485714,50843.08485713997,8,24250.404857139976
2024-09-24,209966.98,49583.98,0.0,0.0,160383.0,0.0,49583.98,209966.98,234801.58485714,50843.08485713997,8,24834.604857139988
2024-09-25,214149.98,49583.98,0.0,0.0,164566.0,0.0,49583.98,214149.98,238299.38485714,50843.08485713997,8,24149.404857139976
2024-09-26,220092.98,49583.98,0.0,0.0,170509.0,0.0,49583.98,220092.98,243758.98485714,50843.08485713997,8,23666.004857139982
2024-09-27,221284.98,49583.98,0.0,0.0,171701.0,0.0,49583.98,221284.98,245538.28485713995,50843.08485713997,8,24253.30485713994
2024-09-30,233554.98,49583.98,0.0,0.0,183971.0,0.0,49583.98,233554.98,259739.28485714,50843.08485713997,8,26184.30485714
2024-10-08,243889.17,120790.17,71206.20999999999,-0.01999999998952262,123099.0,1.4551915228366852e-11,120790.17000000001,243889.17,267682.41259594,114342.81259594,6,23793.242595939984
2024-10-09,233114.17,120790.17,0.0,0.0,112324.0,1.4551915228366852e-11,120790.17000000001,233114.17,255135.01259594,114342.81259594,6,22020.84259593999
2024-10-10,233408.17,120790.17,0.0,0.0,112618.0,1.4551915228366852e-11,120790.17000000001,233408.17,257367.71259594,114342.81259594,6,23959.542595939973
2024-10-11,235347.17,120790.17,0.0,0.0,114557.0,1.4551915228366852e-11,120790.17000000001,235347.17,254134.91259594,114342.81259594,6,18787.742595939984
2024-10-14,239076.17,120790.17,0.0,0.0,118286.0,1.4551915228366852e-11,120790.17000000001,239076.17,259850.41259594,114342.81259594,6,20774.242595939984
2024-10-15,238180.17,120790.17,0.0,0.0,117390.0,1.4551915228366852e-11,120790.17000000001,238180.17,257276.41259594,114342.81259594,6,19096.242595939984
2024-10-16,242266.17,120790.17,0.0,0.0,121476.0,1.4551915228366852e-11,120790.17000000001,242266.17,262216.41259594,114342.81259594,6,19950.242595939984
2024-10-17,242924.17,120790.17,0.0,0.0,122134.0,1.4551915228366852e-11,120790.17000000001,242924.17,258171.61259594,114342.81259594,6,15247.442595939996
2024-10-18,246990.17,120790.17,0.0,0.0,126200.0,1.4551915228366852e-11,120790.17000000001,246990.17,260140.21259594,114342.81259594,6,13150.042595939973
2024-10-21,245771.17,120790.17,0.0,0.0,124981.0,1.4551915228366852e-11,120790.17000000001,245771.17,259990.01259594,114342.81259594,6,14218.84259593999
2024-10-22,247896.17,120790.17,0.0,0.0,127106.0,1.4551915228366852e-11,120790.17000000001,247896.17,261113.11259594,114342.81259594,6,13216.942595939996
2024-10-23,250188.17,120790.17,0.0,0.0,129398.0,1.4551915228366852e-11,120790.17000000001,250188.17,261793.11259594,114342.81259594,6,11604.942595939996
2024-10-24,249683.17,120790.17,0.0,0.0,128893.0,1.4551915228366852e-11,120790.17000000001,249683.17,260671.01259594,114342.81259594,6,10987.84259593999
2024-10-25,250086.17,120790.17,0.0,0.0,129296.0,1.4551915228366852e-11,120790.17000000001,250086.17,261211.31259594,114342.81259594,6,11125.142595939978
2024-10-28,252549.17,120790.17,0.0,0.0,131759.0,0.0,120790.17000000001,252549.17,264115.41259594,114342.81259594,6,11566.242595939984
2024-10-29,255056.17,120790.17,0.0,0.0,134266.0,0.0,120790.17000000001,255056.17,262321.61259594,114342.81259594,6,7265.442595939996
2024-10-30,255861.17,120790.17,0.0,0.0,135071.0,0.0,120790.17000000001,255861.17,262797.81259594,114342.81259594,6,6936.642595940008
2024-10-31,257153.17,120790.17,0.0,0.0,136363.0,0.0,120790.17000000001,257153.17,262350.91259594,114342.81259594,6,5197.742595939984
2024-11-01,255615.17,120790.17,0.0,0.0,134825.0,0.0,120790.17000000001,255615.17,263175.91259594,114342.81259594,6,7560.742595939984
2024-11-04,254885.17,120790.17,0.0,0.0,134095.0,0.0,120790.17000000001,254885.17,265777.01259594,114342.81259594,6,10891.842595939961
2024-11-05,256652.17,120790.17,0.0,0.0,135862.0,0.0,120790.17000000001,256652.17,268757.81259594,114342.81259594,6,12105.642595940008
2024-11-06,257934.17,120790.17,0.0,0.0,137144.0,0.0,120790.17000000001,257934.17,269227.71259594,114342.81259594,6,11293.542595939973
2024-11-07,261432.17,120790.17,0.0,0.0,140642.0,0.0,120790.17000000001,261432.17,273620.11259594,114342.81259594,6,12187.942595939996
2024-11-08,258885.17,120790.17,0.0,0.0,138095.0,0.0,120790.17000000001,258885.17,270880.31259594,114342.81259594,6,11995.142595940008
2024-11-11,257128.17,120790.17,0.0,0.0,136338.0,0.0,120790.17000000001,257128.17,268402.51259594,114342.81259594,6,11274.342595939961
2024-11-12,255045.17,120790.17,0.0,0.0,134255.0,0.0,120790.17000000001,255045.17,267916.91259594,114342.81259594,6,12871.742595939984
2024-11-13,257593.17,120790.17,0.0,0.0,136803.0,0.0,120790.17000000001,257593.17,270086.11259594,114342.81259594,6,12492.942595939996
2024-11-14,254887.17,120790.17,0.0,0.0,134097.0,0.0,120790.17000000001,254887.17,268645.81259594,114342.81259594,6,13758.642595940008
2024-11-15,253401.17,120790.17,0.0,0.0,132611.0,0.0,120790.17000000001,253401.17,267595.41259594,114342.81259594,6,14194.242595939984
2024-11-18,253068.17,120790.17,0.0,0.0,132278.0,0.0,120790.17000000001,253068.17,271182.31259594,114342.81259594,6,18114.142595940008
2024-11-19,254894.17,120790.17,0.0,0.0,134104.0,0.0,120790.17000000001,254894.17,271997.71259594,114342.81259594,6,17103.542595939973
2024-11-20,258508.17,120790.17,0.0,0.0,137718.0,0.0,120790.17000000001,258508.17,275611.91259594,114342.81259594,6,17103.742595939984
2024-11-21,258467.17,120790.17,0.0,0.0,137677.0,0.0,120790.17000000001,258467.17,275691.31259594,114342.81259594,6,17224.142595940008
2024-11-22,255394.17,120790.17,0.0,0.0,134604.0,0.0,120790.17000000001,255394.17,270256.11259594,114342.81259594,6,14861.942595939996
2024-11-25,255570.17,120790.17,0.0,0.0,134780.0,0.0,120790.17000000001,255570.17,271265.11259594,114342.81259594,6,15694.942595939996
2024-11-26,254043.17,120790.17,0.0,0.0,133253.0,0.0,120790.17000000001,254043.17,270097.01259594,114342.81259594,6,16053.842595939961
2024-11-27,253639.17,120790.17,0.0,0.0,132849.0,0.0,120790.17000000001,253639.17,271677.61259594,114342.81259594,6,18038.442595939996
2024-11-28,252312.17,120790.17,0.0,0.0,131522.0,0.0,120790.17000000001,252312.17,271353.21259594,114342.81259594,6,19041.042595939973
2024-11-29,254402.17,120790.17,0.0,0.0,133612.0,0.0,120790.17000000001,254402.17,272635.61259594,114342.81259594,6,18233.442595939996
2024-12-02,256792.17,120790.17,0.0,0.0,136002.0,0.0,120790.17000000001,256792.17,275370.01259594,114342.81259594,6,18577.84259593996
2024-12-03,260101.17,120790.17,0.0,0.0,139311.0,0.0,120790.17000000001,260101.17,275841.91259594,114342.81259594,6,15740.742595939984
2024-12-04,258463.17,120790.17,0.0,0.0,137673.0,0.0,120790.17000000001,258463.17,274434.11259594,114342.81259594,6,15970.942595939996
2024-12-05,257353.17,120790.17,0.0,0.0,136563.0,0.0,120790.17000000001,257353.17,274169.21259594,114342.81259594,6,16816.042595939973
2024-12-06,257626.17,120790.17,0.0,0.0,136836.0,0.0,120790.17000000001,257626.17,275062.61259594,114342.81259594,6,17436.442595939996
2024-12-09,256633.17,120790.17,0.0,0.0,135843.0,0.0,120790.17000000001,256633.17,274942.81259594,114342.81259594,6,18309.642595940008
2024-12-10,257922.17,120790.17,0.0,0.0,137132.0,0.0,120790.17000000001,257922.17,276218.41259594,114342.81259594,6,18296.242595939984
2024-12-11,260331.17,120790.17,0.0,0.0,139541.0,0.0,120790.17000000001,260331.17,276891.51259594003,114342.81259594,6,16560.34259594002
2024-12-12,263464.17,120790.17,0.0,0.0,142674.0,0.0,120790.17000000001,263464.17000000004,280436.61259594,114342.81259594,6,16972.442595940025
2024-12-13,262612.17,120790.17,0.0,0.0,141822.0,0.0,120790.17000000001,262612.17000000004,277053.21259594,114342.81259594,6,14441.042595940002
2024-12-16,268628.17,120790.17,0.0,0.0,147838.0,0.0,120790.17000000001,268628.17000000004,276390.01259594,114342.81259594,6,7761.84259593999
2024-12-17,271595.17,120790.17,0.0,0.0,150805.0,0.0,120790.17000000001,271595.17000000004,273561.81259594,114342.81259594,6,1966.6425959400367
2024-12-18,276700.17,120790.17,0.0,0.0,155910.0,0.0,120790.17000000001,276700.17000000004,272662.91259594,114342.81259594,6,-4037.2574040599866
2024-12-19,272857.17,120790.17,0.0,0.0,152067.0,0.0,120790.17000000001,272857.17000000004,270789.41259594,114342.81259594,6,-2067.7574040599866
2024-12-20,272377.17,120790.17,0.0,0.0,151587.0,0.0,120790.17000000001,272377.17000000004,271211.61259594,114342.81259594,6,-1165.557404059975
2024-12-23,270373.17,120790.17,0.0,0.0,149583.0,0.0,120790.17000000001,270373.17000000004,272086.91259594,114342.81259594,6,1713.7425959400134
2024-12-24,268100.97,120926.97,0.0,136.8000000000029,147174.0,-2.9103830456733704e-11,120926.97,268100.97,274192.71259594,114342.81259594,6,6091.742595940013
2024-12-25,266428.97,120926.97,0.0,0.0,145502.0,-2.9103830456733704e-11,120926.97,266428.97,272261.31259594,114342.81259594,6,5832.342595940048
2024-12-26,265909.97,120926.97,0.0,0.0,144983.0,-2.9103830456733704e-11,120926.97,265909.97,272952.51259594003,114342.81259594,6,7042.54259594006
2024-12-27,266775.97,120926.97,0.0,0.0,145849.0,-2.9103830456733704e-11,120926.97,266775.97,273517.61259594,114342.81259594,6,6741.642595940037
2024-12-30,267701.97,120926.97,0.0,0.0,146775.0,-2.9103830456733704e-11,120926.97,267701.97,273487.11259594,114342.81259594,6,5785.142595940037
2024-12-31,264065.97,120926.97,0.0,0.0,143139.0,-2.9103830456733704e-11,120926.97,264065.97,271568.21259594,114342.81259594,6,7502.242595940013
2025-01-02,258887.64,60376.64,-60550.35,0.01999999999679858,198511.0,0.0,60376.64000000001,258887.64,270542.2666608,57868.26666080001,8,11654.626660800015
2025-01-03,255043.64,60376.64,0.0,0.0,194667.0,0.0,60376.64000000001,255043.64,264774.2666608,57868.26666080001,8,9730.626660800015
2025-01-06,255784.64,60376.64,0.0,0.0,195408.0,0.0,60376.64000000001,255784.64,264870.2666608,57868.26666080001,8,9085.626660800015
2025-01-07,257160.64,60376.64,0.0,0.0,196784.0,0.0,60376.64000000001,257160.64,263405.2666608,57868.26666080001,8,6244.626660800015
2025-01-08,258270.64,60376.64,0.0,0.0,197894.0,0.0,60376.64000000001,258270.64,263739.2666608,57868.26666080001,8,5468.626660800015
2025-01-09,255618.64,60376.64,0.0,0.0,195242.0,0.0,60376.64000000001,255618.64,259732.2666608,57868.26666080001,8,4113.626660799986
2025-01-10,256301.64,60376.64,0.0,0.0,195925.0,0.0,60376.64000000001,256301.64,256344.2666608,57868.26666080001,8,42.626660799985984
2025-01-13,256106.64,60376.64,0.0,0.0,195730.0,0.0,60376.64000000001,256106.64,254873.2666608,57868.26666080001,8,-1233.373339200014
2025-01-14,263811.64,60376.64,0.0,0.0,203435.0,0.0,60376.64000000001,263811.64,260018.2666608,57868.26666080001,8,-3793.373339200014
2025-01-15,261107.64,60376.64,0.0,0.0,200731.0,0.0,60376.64000000001,261107.64,260179.2666608,57868.26666080001,8,-928.373339200014
2025-01-16,259041.64,60376.64,0.0,0.0,198665.0,0.0,60376.64000000001,259041.64,261014.2666608,57868.26666080001,8,1972.626660799986
2025-01-17,259925.64,60376.64,0.0,0.0,199549.0,0.0,60376.64000000001,259925.64,262438.2666608,57868.26666080001,8,2512.626660800015
2025-01-20,263861.64,60376.64,0.0,0.0,203485.0,0.0,60376.64000000001,263861.64,262840.2666608,57868.26666080001,8,-1021.3733391999849
2025-01-21,262197.64,60376.64,0.0,0.0,201821.0,0.0,60376.64000000001,262197.64,260502.2666608,58506.26666080001,8,-1695.373339200014
2025-01-22,262716.64,60376.64,0.0,0.0,202340.0,0.0,60376.64000000001,262716.64,259432.2666608,58506.26666080001,8,-3284.373339200014
2025-01-23,262286.64,60376.64,0.0,0.0,201910.0,0.0,60376.64000000001,262286.64,260245.2666608,58506.26666080001,8,-2041.373339200014
2025-01-24,261316.64,60376.64,0.0,0.0,200940.0,0.0,60376.64000000001,261316.64,262704.2666608,58506.26666080001,8,1387.626660800015
2025-01-27,262484.64,60376.64,0.0,0.0,202108.0,0.0,60376.64000000001,262484.64,265390.2666608,58506.26666080001,8,2905.626660800015
2025-02-05,260914.64,60376.64,0.0,0.0,200538.0,0.0,60376.64000000001,260914.64,260140.2666608,58506.26666080001,8,-774.373339200014
2025-02-06,263517.64,60376.64,0.0,0.0,203141.0,0.0,60376.64000000001,263517.64,260806.2666608,58506.26666080001,8,-2711.373339200014
2025-02-07,263552.64,60376.64,0.0,0.0,203176.0,0.0,60376.64000000001,263552.64,261989.2666608,58506.26666080001,8,-1563.373339200014
2025-02-10,264595.64,60376.64,0.0,0.0,204219.0,0.0,60376.64000000001,264595.64,262896.2666608,58506.26666080001,8,-1699.373339199985
2025-02-11,267796.64,60376.64,0.0,0.0,207420.0,0.0,60376.64000000001,267796.64,267643.2666608,58506.26666080001,8,-153.3733391999849
2025-02-12,267349.64,60376.64,0.0,0.0,206973.0,0.0,60376.64000000001,267349.64,265888.2666608,58506.26666080001,8,-1461.373339199985
2025-02-13,263726.64,60376.64,0.0,0.0,203350.0,0.0,60376.64000000001,263726.64,264714.2666608,58506.26666080001,8,987.6266608000151
2025-02-14,264264.64,60376.64,0.0,0.0,203888.0,0.0,60376.64000000001,264264.64,264613.2666608,58506.26666080001,8,348.6266608000151
2025-02-17,265159.64,60376.64,0.0,0.0,204783.0,0.0,60376.64000000001,265159.64,262935.2666608,58506.26666080001,8,-2224.373339199985
2025-02-18,262276.64,60376.64,0.0,0.0,201900.0,0.0,60376.64000000001,262276.64,259653.2666608,58506.26666080001,8,-2623.373339200014
2025-02-19,265408.64,60916.64,0.0,540.0,204492.0,0.0,60916.64000000001,265408.64,261011.2666608,58506.26666080001,8,-4397.373339200014
2025-02-20,269617.64,60916.64,0.0,0.0,208701.0,0.0,60916.64000000001,269617.64,261678.2666608,58506.26666080001,8,-7939.373339200014
2025-02-21,269519.64,60916.64,0.0,0.0,208603.0,0.0,60916.64000000001,269519.64,261188.2666608,58506.26666080001,8,-8331.373339200014
2025-02-24,274496.64,60916.64,0.0,0.0,213580.0,0.0,60916.64000000001,274496.64,262150.2666608,58506.26666080001,8,-12346.373339199985
2025-02-25,273909.64,60916.64,0.0,0.0,212993.0,0.0,60916.64000000001,273909.64,258818.2666608,58506.26666080001,8,-15091.373339200014
2025-02-26,279429.64,60916.64,0.0,0.0,218513.0,0.0,60916.64000000001,279429.64,261048.2666608,58506.26666080001,8,-18381.373339200014
2025-02-27,280165.64,60916.64,0.0,0.0,219249.0,0.0,60916.64000000001,280165.64,261883.2666608,58506.26666080001,8,-18282.373339200014
2025-02-28,275309.64,60916.64,0.0,0.0,214393.0,0.0,60916.64000000001,275309.64,259238.2666608,58506.26666080001,8,-16071.373339200014
2025-03-03,276572.64,60916.64,0.0,0.0,215656.0,0.0,60916.64000000001,276572.64,259110.2666608,58506.26666080001,8,-17462.373339200014
2025-03-04,276258.64,60916.64,0.0,0.0,215342.0,0.0,60916.64000000001,276258.64,259503.2666608,58506.26666080001,8,-16755.373339200014
2025-03-05,281133.64,60916.64,0.0,0.0,220217.0,0.0,60916.64000000001,281133.64,260108.2666608,58506.26666080001,8,-21025.373339200014
2025-03-06,283423.64,60916.64,0.0,0.0,222507.0,0.0,60916.64000000001,283423.64,259724.2666608,58506.26666080001,8,-23699.373339200014
2025-03-07,285465.64,60916.64,0.0,0.0,224549.0,0.0,60916.64000000001,285465.64,258359.2666608,58506.26666080001,8,-27106.373339200014
2025-03-10,283672.64,60916.64,0.0,0.0,222756.0,0.0,60916.64000000001,283672.64,259375.2666608,58506.26666080001,8,-24297.373339200014
2025-03-11,283602.64,60916.64,0.0,0.0,222686.0,0.0,60916.64000000001,283602.64,261162.2666608,58506.26666080001,8,-22440.373339200014
2025-03-12,284346.64,60916.64,0.0,0.0,223430.0,0.0,60916.64000000001,284346.64,263087.2666608,58506.26666080001,8,-21259.373339199985
2025-03-13,281267.64,60916.64,0.0,0.0,220351.0,0.0,60916.64000000001,281267.64,263433.2666608,58506.26666080001,8,-17834.373339199985
2025-03-14,285337.64,60916.64,0.0,0.0,224421.0,0.0,60916.64000000001,285337.64,266182.2666608,58506.26666080001,8,-19155.373339199985
2025-03-17,289044.64,60916.64,0.0,0.0,228128.0,0.0,60916.64000000001,289044.64,267193.2666608,58506.26666080001,8,-21851.373339199985
2025-03-18,289627.64,60916.64,0.0,0.0,228711.0,0.0,60916.64000000001,289627.64,268282.2666608,58506.26666080001,8,-21345.373339199985
2025-03-19,290594.64,60916.64,0.0,0.0,229678.0,0.0,60916.64000000001,290594.64,268046.2666608,58506.26666080001,8,-22548.373339199985
2025-03-20,290138.64,60916.64,0.0,0.0,229222.0,0.0,60916.64000000001,290138.64,269592.2666608,58506.26666080001,8,-20546.373339199985
2025-03-21,284611.64,60916.64,0.0,0.0,223695.0,0.0,60916.64000000001,284611.64,269410.2666608,58506.26666080001,8,-15201.373339199985
2025-03-24,285068.64,60916.64,0.0,0.0,224152.0,0.0,60916.64000000001,285068.64,269913.2666608,58506.26666080001,8,-15155.373339199985
2025-03-25,282372.64,60916.64,0.0,0.0,221456.0,0.0,60916.64000000001,282372.64,269966.2666608,58506.26666080001,8,-12406.373339199985
2025-03-26,283116.64,60916.64,0.0,0.0,222200.0,0.0,60916.64000000001,283116.64,271273.2666608,58506.26666080001,8,-11843.373339199985
2025-03-27,280969.64,60916.64,0.0,0.0,220053.0,0.0,60916.64000000001,280969.64,270387.2666608,58506.26666080001,8,-10582.373339199985
2025-03-28,279769.64,60916.64,0.0,0.0,218853.0,0.0,60916.64000000001,279769.64,273295.2666608,58506.26666080001,8,-6474.373339199985
2025-03-31,276678.64,60916.64,0.0,0.0,215762.0,0.0,60916.64000000001,276678.64,270513.2666608,58506.26666080001,8,-6165.373339199985
2025-04-01,278734.31,59650.31,-1266.3099999999977,-0.020000000004074536,219084.0,0.0,59650.310000000005,278734.31,273108.5741806,59162.574180600015,8,-5625.735819399997
2025-04-02,279492.31,59650.31,0.0,0.0,219842.0,0.0,59650.310000000005,279492.31,274633.5741806,59162.574180600015,8,-4858.735819399997
2025-04-03,277490.31,59650.31,0.0,0.0,217840.0,0.0,59650.310000000005,277490.31,275889.5741806,59162.574180600015,8,-1600.7358193999971
2025-04-07,259874.31,59650.31,0.0,0.0,200224.0,0.0,59650.310000000005,259874.31,261434.5741806,59162.574180600015,8,1560.2641806000029
2025-04-08,256939.31,59650.31,0.0,0.0,197289.0,0.0,59650.310000000005,256939.31,268459.5741806,59162.574180600015,8,11520.264180600003
2025-04-09,259256.31,59650.31,0.0,0.0,199606.0,0.0,59650.310000000005,259256.31,271422.5741806,59162.574180600015,8,12166.264180600003
2025-04-10,263228.31,59650.31,0.0,0.0,203578.0,0.0,59650.310000000005,263228.31,272738.5741806,59162.574180600015,8,9510.264180600003
2025-04-11,263209.31,59650.31,0.0,0.0,203559.0,0.0,59650.310000000005,263209.31,270473.5741806,59162.574180600015,8,7264.264180600003
2025-04-14,265210.31,59650.31,0.0,0.0,205560.0,0.0,59650.310000000005,265210.31,272021.5741806,59162.574180600015,8,6811.264180600003
2025-04-15,267082.31,59650.31,0.0,0.0,207432.0,0.0,59650.310000000005,267082.31,272305.5741806,59162.574180600015,8,5223.264180600003
2025-04-16,266257.31,59650.31,0.0,0.0,206607.0,0.0,59650.310000000005,266257.31,274313.5741806,59162.574180600015,8,8056.264180600003
2025-04-17,266447.31,59650.31,0.0,0.0,206797.0,0.0,59650.310000000005,266447.31,273757.5741806,59162.574180600015,8,7310.264180600003
2025-04-18,265902.31,59650.31,0.0,0.0,206252.0,0.0,59650.310000000005,265902.31,272642.5741806,59162.574180600015,8,6740.264180600003
2025-04-21,269342.31,59650.31,0.0,0.0,209692.0,0.0,59650.310000000005,269342.31,273417.5741806,59162.574180600015,8,4075.264180600003
2025-04-22,269620.31,59650.31,0.0,0.0,209970.0,0.0,59650.310000000005,269620.31,275604.5741806,59162.574180600015,8,5984.264180600003
2025-04-23,270953.31,59650.31,0.0,0.0,211303.0,0.0,59650.310000000005,270953.31,275652.5741806,59162.574180600015,8,4699.264180600003
2025-04-24,270428.31,59650.31,0.0,0.0,210778.0,0.0,59650.310000000005,270428.31,277411.5741806,59162.574180600015,8,6983.264180600003
2025-04-25,270390.31,59650.31,0.0,0.0,210740.0,0.0,59650.310000000005,270390.31,276982.5741806,59162.574180600015,8,6592.264180600003
2025-04-28,271381.31,59650.31,0.0,0.0,211731.0,0.0,59650.310000000005,271381.31,277319.7741806,59402.574180600015,8,5938.4641806000145
2025-04-29,275415.31,59650.31,0.0,0.0,215765.0,0.0,59650.310000000005,275415.31,279108.7741806,59402.574180600015,8,3693.4641806000145
2025-04-30,276888.31,59650.31,0.0,0.0,217238.0,0.0,59650.310000000005,276888.31,277642.9741806,59402.574180600015,8,754.6641806000262
2025-05-06,280178.31,59650.31,0.0,0.0,220528.0,0.0,59650.310000000005,280178.31,280742.37418060005,59402.574180600015,8,564.0641806000494
2025-05-07,281591.31,59650.31,0.0,0.0,221941.0,0.0,59650.310000000005,281591.31,281587.3741806,59402.574180600015,8,-3.935819400008768
2025-05-08,280348.31,59650.31,0.0,0.0,220698.0,0.0,59650.310000000005,280348.31,279991.37418060005,59402.574180600015,8,-356.93581939995056
2025-05-09,280579.31,60090.31,0.0,440.0,220489.0,0.0,60090.310000000005,280579.31,284602.7741806,59402.574180600015,8,4023.4641806000145
2025-05-12,282346.31,60090.31,0.0,0.0,222256.0,0.0,60090.310000000005,282346.31,285430.5741806,59402.574180600015,8,3084.264180600003
2025-05-13,284989.31,60090.31,0.0,0.0,224899.0,0.0,60090.310000000005,284989.31,285287.5741806,59402.574180600015,8,298.2641806000029
2025-05-14,283980.31,60090.31,0.0,0.0,223890.0,0.0,60090.310000000005,283980.31,284808.5741806,59402.574180600015,8,828.2641806000029
2025-05-15,282288.31,60090.31,0.0,0.0,222198.0,0.0,60090.310000000005,282288.31,284316.37418060005,59402.574180600015,8,2028.0641806000494
2025-05-16,284439.31,60090.31,0.0,0.0,224349.0,0.0,60090.310000000005,284439.31,282271.5741806,59402.574180600015,8,-2167.735819399997
2025-05-19,285564.31,60090.31,0.0,0.0,225474.0,0.0,60090.310000000005,285564.31,284444.7741806,59402.574180600015,8,-1119.5358193999855
2025-05-20,288292.31,60090.31,0.0,0.0,228202.0,0.0,60090.310000000005,288292.31,286387.1741806,59402.574180600015,8,-1905.1358194000204
2025-05-21,288670.31,60465.31,0.0,375.0,228205.0,0.0,60465.310000000005,288670.31,288371.5741806,59402.574180600015,8,-298.7358193999971
2025-05-22,285822.31,60465.31,0.0,0.0,225357.0,0.0,60465.310000000005,285822.31,286350.1741806,59402.574180600015,8,527.8641805999796
2025-05-23,283849.31,60465.31,0.0,0.0,223384.0,0.0,60465.310000000005,283849.31,285873.9741806,59402.574180600015,8,2024.6641806000262
2025-05-26,283338.31,60465.31,0.0,0.0,222873.0,0.0,60465.310000000005,283338.31,280157.7741806,59402.574180600015,8,-3180.5358193999855
2025-05-27,284862.31,60465.31,0.0,0.0,224397.0,0.0,60465.310000000005,284862.31,279768.5741806,59402.574180600015,8,-5093.735819399997
2025-05-28,291171.31,61310.31,0.0,845.0,229861.0,0.0,61310.310000000005,291171.31,283139.37418060005,59402.574180600015,8,-8031.935819399951
2025-05-29,291270.31,61310.31,0.0,0.0,229960.0,0.0,61310.310000000005,291270.31,282937.5741806,59402.574180600015,8,-8332.735819399997
2025-05-30,286801.31,61310.31,0.0,0.0,225491.0,0.0,61310.310000000005,286801.31,283130.1741806,59402.574180600015,8,-3671.1358194000204
2025-06-03,293958.31,61310.31,0.0,0.0,232648.0,0.0,61310.310000000005,293958.31,285603.37418060005,59402.574180600015,8,-8354.93581939995
2025-06-04,300523.31,61310.31,0.0,0.0,239213.0,0.0,61310.310000000005,300523.31,291286.7741806,59402.574180600015,8,-9236.535819399985
2025-06-05,300373.31,61310.31,0.0,0.0,239063.0,0.0,61310.310000000005,300373.31,287848.9741806,59402.574180600015,8,-12524.335819399974
2025-06-06,298404.31,63758.31,0.0,2448.0,234646.0,0.0,63758.310000000005,298404.31,286839.1741806,59894.574180600015,8,-11565.13581940002
2025-06-09,299721.31,63758.31,0.0,0.0,235963.0,0.0,63758.310000000005,299721.31,286959.7741806,59894.574180600015,8,-12761.535819399985
2025-06-10,295855.31,63758.31,0.0,0.0,232097.0,0.0,63758.310000000005,295855.31,285109.7741806,59894.574180600015,8,-10745.535819399985
2025-06-11,297263.31,63938.31,0.0,180.0,233325.0,0.0,63938.310000000005,297263.31,286490.5741806,59894.574180600015,8,-10772.735819399997
2025-06-12,299451.31,63938.31,0.0,0.0,235513.0,0.0,63938.310000000005,299451.31,289860.37418060005,59894.574180600015,8,-9590.93581939995
2025-06-13,299574.31,63938.31,0.0,0.0,235636.0,0.0,63938.310000000005,299574.31,289952.7741806,59894.574180600015,8,-9621.535819399985
2025-06-16,296261.31,65594.31,0.0,1656.0,230667.0,0.0,65594.31,296261.31,288801.17418060004,60902.574180600015,8,-7460.135819399962
2025-06-17,292625.31,65594.31,0.0,0.0,227031.0,0.0,65594.31,292625.31,288856.37418060005,60902.574180600015,8,-3768.9358193999506
2025-06-18,294419.31,65594.31,0.0,0.0,228825.0,0.0,65594.31,294419.31,289679.7741806,60902.574180600015,8,-4739.5358193999855
2025-06-19,295140.31,65594.31,0.0,0.0,229546.0,0.0,65594.31,295140.31,284766.9741806,60902.574180600015,8,-10373.335819399974
2025-06-20,295682.51,65913.51,0.0,319.1999999999971,229769.0,0.0,65913.51000000001,295682.51,287859.1741806,62617.574180600015,8,-7823.335819400032
2025-06-23,296340.51,65913.51,0.0,0.0,230427.0,0.0,65913.51000000001,296340.51,286638.1741806,62617.574180600015,8,-9702.335819400032
2025-06-24,297671.51,65913.51,0.0,0.0,231758.0,0.0,65913.51000000001,297671.51,286177.1741806,62617.574180600015,8,-11494.335819400032
2025-06-25,296791.51,65913.51,0.0,0.0,230878.0,0.0,65913.51000000001,296791.51,287137.7741806,62617.574180600015,8,-9653.735819399997
2025-06-26,299430.51,65913.51,0.0,0.0,233517.0,0.0,65913.51000000001,299430.51,287613.1741806,62617.574180600015,8,-11817.335819400032
2025-06-27,302331.51,65913.51,0.0,0.0,236418.0,0.0,65913.51000000001,302331.51,287674.37418060005,62617.574180600015,8,-14657.135819399962
2025-06-30,307275.51,65913.51,0.0,0.0,241362.0,0.0,65913.51000000001,307275.51,292459.7741806,62617.574180600015,8,-14815.735819399997
2025-07-01,308849.97,68950.97,3037.459999999999,7.275957614183426e-12,239899.0,-2.9103830456733704e-11,68950.97,308849.97,293486.2411456,64740.64114559996,8,-15363.72885439999
2025-07-02,304675.97,68950.97,0.0,0.0,235725.0,-2.9103830456733704e-11,68950.97,304675.97,293573.44114559994,64740.64114559996,8,-11102.528854400036
2025-07-03,306730.97,68950.97,0.0,0.0,237780.0,-2.9103830456733704e-11,68950.97,306730.97,295315.64114559995,64740.64114559996,8,-11415.328854400024
2025-07-04,303665.97,68950.97,0.0,0.0,234715.0,-2.9103830456733704e-11,68950.97,303665.97,294563.2411456,64740.64114559996,8,-9102.72885439999
2025-07-07,309203.97,68950.97,0.0,0.0,240253.0,-2.9103830456733704e-11,68950.97,309203.97,297118.44114559994,64740.64114559996,8,-12085.528854400036
2025-07-08,311300.97,68950.97,0.0,0.0,242350.0,-2.9103830456733704e-11,68950.97,311300.97,299968.0411456,64740.64114559996,8,-11332.928854400001
2025-07-09,310359.97,68950.97,0.0,0.0,241409.0,-2.9103830456733704e-11,68950.97,310359.97,301794.44114559994,64740.64114559996,8,-8565.528854400036
2025-07-10,308236.97,68950.97,0.0,0.0,239286.0,-2.9103830456733704e-11,68950.97,308236.97,302702.2411456,64740.64114559996,8,-5534.728854399989
2025-07-11,309046.97,68950.97,0.0,0.0,240096.0,-2.9103830456733704e-11,68950.97,309046.97,301047.64114559995,64740.64114559996,8,-7999.328854400024
2025-07-14,314301.97,68950.97,0.0,0.0,245351.0,-2.9103830456733704e-11,68950.97,314301.97,308162.64114559995,64740.64114559996,8,-6139.328854400024
2025-07-15,313364.97,68950.97,0.0,0.0,244414.0,-2.9103830456733704e-11,68950.97,313364.97,308531.64114559995,64740.64114559996,8,-4833.328854400024
2025-07-16,310629.97,68950.97,0.0,0.0,241679.0,-2.9103830456733704e-11,68950.97,310629.97,306444.44114559994,64740.64114559996,8,-4185.528854400036
2025-07-17,310995.97,68950.97,0.0,0.0,242045.0,-2.9103830456733704e-11,68950.97,310995.97,307261.2411456,64740.64114559996,8,-3734.7288543999894
2025-07-18,311368.97,68950.97,0.0,0.0,242418.0,-2.9103830456733704e-11,68950.97,311368.97,308254.0411456,64740.64114559996,8,-3114.928854400001
2025-07-21,312779.97,68950.97,0.0,0.0,243829.0,-2.9103830456733704e-11,68950.97,312779.97,312801.8411456,64740.64114559996,8,21.871145600045566
2025-07-22,313120.97,68950.97,0.0,0.0,244170.0,-2.9103830456733704e-11,68950.97,313120.97,312645.2411456,64740.64114559996,8,-475.72885439998936
2025-07-23,313128.97,68950.97,0.0,0.0,244178.0,-2.9103830456733704e-11,68950.97,313128.97,312121.64114559995,64740.64114559996,8,-1007.3288544000243
2025-07-24,315720.97,68950.97,0.0,0.0,246770.0,-2.9103830456733704e-11,68950.97,315720.97,314054.64114559995,64740.64114559996,8,-1666.3288544000243
2025-07-25,316654.97,68950.97,0.0,0.0,247704.0,-2.9103830456733704e-11,68950.97,316654.97,314998.64114559995,64740.64114559996,8,-1656.3288544000243
2025-07-28,318882.97,68950.97,0.0,0.0,249932.0,-2.9103830456733704e-11,68950.97,318882.97,313867.44114559994,64740.64114559996,8,-5015.528854400036
2025-07-29,319902.97,68950.97,0.0,0.0,250952.0,-2.9103830456733704e-11,68950.97,319902.97,315292.0411456,64740.64114559996,8,-4610.928854400001
2025-07-30,320198.97,68950.97,0.0,0.0,251248.0,-2.9103830456733704e-11,68950.97,320198.97,317185.44114559994,64740.64114559996,8,-3013.528854400036
2025-07-31,317816.97,68950.97,0.0,0.0,248866.0,-2.9103830456733704e-11,68950.97,317816.97,315589.8411456,64740.64114559996,8,-2227.1288543999544
2025-08-01,319266.97,68950.97,0.0,0.0,250316.0,-2.9103830456733704e-11,68950.97,319266.97,315678.64114559995,64740.64114559996,8,-3588.3288544000243
2025-08-04,323839.97,68950.97,0.0,0.0,254889.0,-2.9103830456733704e-11,68950.97,323839.97,317651.2411456,64740.64114559996,8,-6188.728854399989
2025-08-05,331902.97,68950.97,0.0,0.0,262952.0,0.0,68950.97,331902.97,322086.44114559994,64740.64114559996,8,-9816.528854400036
2025-08-06,334019.97,68950.97,0.0,0.0,265069.0,0.0,68950.97,334019.97,322988.6411456,64740.64114559996,8,-11031.328854399966
2025-08-07,337490.97,68950.97,0.0,0.0,268540.0,0.0,68950.97,337490.97,323427.8411456,64740.64114559996,8,-14063.128854399954
2025-08-08,341206.97,68950.97,0.0,0.0,272256.0,0.0,68950.97,341206.97,328088.8411456,64740.64114559996,8,-13118.128854399954
2025-08-11,345252.97,68950.97,0.0,0.0,276302.0,0.0,68950.97,345252.97,331073.64114559995,64740.64114559996,8,-14179.328854400024
2025-08-12,342024.97,68950.97,0.0,0.0,273074.0,0.0,68950.97,342024.97,331207.4411456,64740.64114559996,8,-10817.528854399978
2025-08-13,347768.97,68950.97,0.0,0.0,278818.0,0.0,68950.97,347768.97,333371.64114559995,64740.64114559996,8,-14397.328854400024
2025-08-14,340990.97,68950.97,0.0,0.0,272040.0,0.0,68950.97,340990.97,327772.0411456,64740.64114559996,8,-13218.928854400001
2025-08-15,347227.97,68950.97,0.0,0.0,278277.0,0.0,68950.97,347227.97,335412.2411456,64740.64114559996,8,-11815.72885439999
2025-08-18,347791.97,68950.97,0.0,0.0,278841.0,0.0,68950.97,347791.97,334607.64114559995,64740.64114559996,8,-13184.328854400024
2025-08-19,350941.97,68950.97,0.0,0.0,281991.0,0.0,68950.97,350941.97,338202.44114559994,64740.64114559996,8,-12739.528854400036
2025-08-20,356285.97,68950.97,0.0,0.0,287335.0,0.0,68950.97,356285.97,339739.2411456,64740.64114559996,8,-16546.72885439999
2025-08-21,359235.97,68950.97,0.0,0.0,290285.0,0.0,68950.97,359235.97,338276.8411456,64740.64114559996,8,-20959.128854399954
2025-08-22,367910.97,68950.97,0.0,0.0,298960.0,0.0,68950.97,367910.97,340312.2411456,64740.64114559996,8,-27598.72885439999
2025-08-25,368902.97,68950.97,0.0,0.0,299952.0,0.0,68950.97,368902.97,341607.64114559995,64740.64114559996,8,-27295.328854400024
2025-08-26,366484.97,68950.97,0.0,0.0,297534.0,0.0,68950.97,366484.97,344492.2411456,64740.64114559996,8,-21992.72885439999
2025-08-27,352782.97,68950.97,0.0,0.0,283832.0,0.0,68950.97,352782.97,334834.2411455999,64740.64114559996,8,-17948.728854400048
2025-08-28,357730.97,68950.97,0.0,0.0,288780.0,0.0,68950.97,357730.97,339887.64114559995,64740.64114559996,8,-17843.328854400024
2025-08-29,364839.97,68950.97,0.0,0.0,295889.0,0.0,68950.97,364839.97,345296.0411456,64740.64114559996,8,-19543.9288544
2025-09-01,366067.97,68950.97,0.0,0.0,297117.0,0.0,68950.97,366067.97,348035.8411456,64740.64114559996,8,-18032.128854399954
2025-09-02,365246.97,69076.97,0.0,126.0,296170.0,0.0,69076.97,365246.97,350296.64114559995,64740.64114559996,8,-14950.328854400024
2025-09-03,363881.97,69076.97,0.0,0.0,294805.0,0.0,69076.97,363881.97,347750.44114559994,64740.64114559996,8,-16131.528854400036
2025-09-04,358666.97,69076.97,0.0,0.0,289590.0,0.0,69076.97,358666.97,345882.64114559995,64740.64114559996,8,-12784.328854400024
2025-09-05,368189.97,69076.97,0.0,0.0,299113.0,0.0,69076.97,368189.97,351857.0411456,64740.64114559996,8,-16332.928854400001
2025-09-08,372458.97,69076.97,0.0,0.0,303382.0,0.0,69076.97,372458.97,355962.0411456,64740.64114559996,8,-16496.9288544
2025-09-09,373053.97,69076.97,0.0,0.0,303977.0,0.0,69076.97,373053.97,358913.64114559995,64740.64114559996,8,-14140.328854400024
2025-09-10,378253.97,69076.97,0.0,0.0,309177.0,0.0,69076.97,378253.97,356827.8411456,64740.64114559996,8,-21426.128854399954
2025-09-11,385482.97,69076.97,0.0,0.0,316406.0,0.0,69076.97,385482.97,370825.2411456,64740.64114559996,8,-14657.72885439999
2025-09-12,391342.97,69076.97,0.0,0.0,322266.0,0.0,69076.97,391342.97,382174.2411456,64740.64114559996,8,-9168.72885439999
2025-09-15,401389.97,69076.97,0.0,0.0,332313.0,0.0,69076.97,401389.97,389372.0411456,64740.64114559996,8,-12017.928854400001
2025-09-16,403171.97,69736.97,0.0,660.0,333435.0,0.0,69736.97,403171.97,393220.4411456,64740.64114559996,8,-9951.528854399978
2025-09-17,408963.97,69736.97,0.0,0.0,339227.0,0.0,69736.97,408963.97,390872.8411456,64740.64114559996,8,-18091.128854399954
2025-09-18,409639.97,69736.97,0.0,0.0,339903.0,0.0,69736.97,409639.97,391666.8411456,64740.64114559996,8,-17973.128854399954
2025-09-19,403100.97,69736.97,0.0,0.0,333364.0,0.0,69736.97,403100.97,387656.0411456,64740.64114559996,8,-15444.928854400001
2025-09-22,405182.97,69736.97,0.0,0.0,335446.0,0.0,69736.97,405182.97,389116.8411456,64740.64114559996,8,-16066.128854399954
2025-09-23,405877.97,69736.97,0.0,0.0,336141.0,0.0,69736.97,405877.97,388701.4411456,64740.64114559996,8,-17176.528854399978
2025-09-24,410589.97,69736.97,0.0,0.0,340853.0,0.0,69736.97,410589.97,390513.4411456,64740.64114559996,8,-20076.528854399978
2025-09-25,412512.97,69736.97,0.0,0.0,342776.0,0.0,69736.97,412512.97,392923.2411456,64740.64114559996,8,-19589.72885439999
2025-09-26,414617.97,70116.97,0.0,380.0,344501.0,0.0,70116.97,414617.97,392916.4411456,64740.64114559996,8,-21701.528854399978
2025-09-29,416622.97,70116.97,0.0,0.0,346506.0,0.0,70116.97,416622.97,397614.6411456,64740.64114559996,8,-19008.328854399966
2025-09-30,414588.97,70116.97,0.0,0.0,344472.0,0.0,70116.97,414588.97,396067.6411456,64740.64114559996,8,-18521.328854399966
2025-10-09,418279.85,152750.85,82633.87,0.010000000009313226,265529.0,0.0,152750.85,418279.85,400236.78287984,83616.78287983997,8,-18043.067120159976
2025-10-10,420568.85,152750.85,0.0,0.0,267818.0,0.0,152750.85,420568.85,405484.78287984,83616.78287983997,8,-15084.067120159976
2025-10-13,420019.85,152750.85,0.0,0.0,267269.0,0.0,152750.85,420019.85,404313.78287984,83616.78287983997,8,-15706.067120159976
2025-10-14,419327.85,152750.85,0.0,0.0,266577.0,0.0,152750.85,419327.85,406243.78287984,83616.78287983997,8,-13084.067120159976
2025-10-15,421812.85,152750.85,0.0,0.0,269062.0,0.0,152750.85,421812.85,410068.78287984,83616.78287983997,8,-11744.067120159976
2025-10-16,421256.85,152750.85,0.0,0.0,268506.0,0.0,152750.85,421256.85,409390.78287984,83616.78287983997,8,-11866.067120159976
2025-10-17,417508.85,152750.85,0.0,0.0,264758.0,0.0,152750.85,417508.85,409295.78287984,83616.78287983997,8,-8213.067120159976
2025-10-20,418367.85,152750.85,0.0,0.0,265617.0,0.0,152750.85,418367.85,416716.78287984,83616.78287983997,8,-1651.0671201599762
2025-10-21,420159.85,152750.85,0.0,0.0,267409.0,0.0,152750.85,420159.85,421872.78287984,83616.78287983997,8,1712.9328798400238
2025-10-22,418496.85,152750.85,0.0,0.0,265746.0,0.0,152750.85,418496.85,422184.78287984,83616.78287983997,8,3687.932879840024
2025-10-23,421159.85,152750.85,0.0,0.0,268409.0,0.0,152750.85,421159.85,427129.78287984,83616.78287983997,8,5969.932879840024
2025-10-24,421154.85,152750.85,0.0,0.0,268404.0,0.0,152750.85,421154.85,419436.78287984,83616.78287983997,8,-1718.0671201599762
2025-10-27,421415.85,152750.85,0.0,0.0,268665.0,0.0,152750.85,421415.85,420456.78287984,83616.78287983997,8,-959.0671201599762
2025-10-28,421720.85,152750.85,0.0,0.0,268970.0,0.0,152750.85,421720.85,415292.78287984,83616.78287983997,8,-6428.067120159976
2025-10-29,422000.85,152750.85,0.0,0.0,269250.0,0.0,152750.85,422000.85,415128.78287984,83616.78287983997,8,-6872.067120159976
2025-10-30,421320.85,152750.85,0.0,0.0,268570.0,0.0,152750.85,421320.85,412393.78287984,83616.78287983997,8,-8927.067120159976
2025-10-31,422183.85,152750.85,0.0,0.0,269433.0,0.0,152750.85,422183.85,409071.78287984,83616.78287983997,8,-13112.067120159976
2025-11-03,427659.85,152750.85,0.0,0.0,274909.0,0.0,152750.85,427659.85,415758.78287984,83616.78287983997,8,-11901.067120159976
2025-11-04,426660.85,152750.85,0.0,0.0,273910.0,0.0,152750.85,426660.85,416705.78287984,83616.78287983997,8,-9955.067120159976
2025-11-05,426496.85,152750.85,0.0,0.0,273746.0,0.0,152750.85,426496.85,417717.78287984,83616.78287983997,8,-8779.067120159976
2025-11-06,427355.85,152750.85,0.0,0.0,274605.0,0.0,152750.85,427355.85,416197.78287984,83616.78287983997,8,-11158.067120159976
2025-11-07,423914.85,153300.85,0.0,550.0,270614.0,0.0,153300.85,423914.85,414640.78287984,83616.78287983997,8,-9274.067120159976
2025-11-10,427392.85,153300.85,0.0,0.0,274092.0,0.0,153300.85,427392.85,416219.78287984,83616.78287983997,8,-11173.067120159976
2025-11-11,429051.85,153300.85,0.0,0.0,275751.0,0.0,153300.85,429051.85,421441.78287984,83616.78287983997,8,-7610.067120159976
2025-11-12,430924.85,153300.85,0.0,0.0,277624.0,0.0,153300.85,430924.85,427790.78287984,83616.78287983997,8,-3134.067120159976
2025-11-13,434692.85,153300.85,0.0,0.0,281392.0,0.0,153300.85,434692.85,429260.78287984,83616.78287983997,8,-5432.067120159976
2025-11-14,434936.85,153300.85,0.0,0.0,281636.0,0.0,153300.85,434936.85,429495.78287984,83616.78287983997,8,-5441.067120159976
2025-11-17,433537.85,153300.85,0.0,0.0,280237.0,0.0,153300.85,433537.85,426427.78287984,83616.78287983997,8,-7110.067120159976
2025-11-18,431600.85,153300.85,0.0,0.0,278300.0,0.0,153300.85,431600.85,417963.78287984,83616.78287983997,8,-13637.067120159976
2025-11-19,429586.85,153300.85,0.0,0.0,276286.0,0.0,153300.85,429586.85,414722.78287984,83616.78287983997,8,-14864.067120159976
2025-11-20,427501.85,153300.85,0.0,0.0,274201.0,0.0,153300.85,427501.85,411083.78287984,83616.78287983997,8,-16418.067120159976
2025-11-21,418441.85,153300.85,0.0,0.0,265141.0,0.0,153300.85,418441.85,400600.78287984,83616.78287983997,8,-17841.067120159976
2025-11-24,419940.85,153300.85,0.0,0.0,266640.0,0.0,153300.85,419940.85,400384.78287984,83616.78287983997,8,-19556.067120159976
2025-11-25,423226.85,153300.85,0.0,0.0,269926.0,0.0,153300.85,423226.85,401979.78287984,83616.78287983997,8,-21247.067120159976
2025-11-26,423215.85,153300.85,0.0,0.0,269915.0,0.0,153300.85,423215.85,401587.78287984,83616.78287983997,8,-21628.067120159976
2025-11-27,424426.85,153300.85,0.0,0.0,271126.0,0.0,153300.85,424426.85,402496.78287984,83616.78287983997,8,-21930.067120159976
2025-11-28,427799.85,153300.85,0.0,0.0,274499.0,0.0,153300.85,427799.85,404504.78287984,83616.78287983997,8,-23295.067120159976
2025-12-01,428676.85,153300.85,0.0,0.0,275376.0,0.0,153300.85,428676.85,408414.78287984,83616.78287983997,8,-20262.067120159976
2025-12-02,426443.85,153300.85,0.0,0.0,273143.0,0.0,153300.85,426443.85,409773.78287984,83616.78287983997,8,-16670.067120159976
2025-12-03,425750.85,153300.85,0.0,0.0,272450.0,0.0,153300.85,425750.85,411975.78287984,83616.78287983997,8,-13775.067120159976
2025-12-04,423998.85,153300.85,0.0,0.0,270698.0,0.0,153300.85,423998.85,408167.78287984,83616.78287983997,8,-15831.067120159976
2025-12-05,427306.85,153300.85,0.0,0.0,274006.0,0.0,153300.85,427306.85,408068.78287984,83616.78287983997,8,-19238.067120159976
2025-12-08,426312.85,153300.85,0.0,0.0,273012.0,0.0,153300.85,426312.85,405719.78287984,83616.78287983997,8,-20593.067120159976
2025-12-09,423446.85,153300.85,0.0,0.0,270146.0,0.0,153300.85,423446.85,401744.78287984,83616.78287983997,8,-21702.067120159976
2025-12-10,421870.85,153300.85,0.0,0.0,268570.0,0.0,153300.85,421870.85,403395.78287984,83616.78287983997,8,-18475.067120159976
2025-12-11,413196.85,153300.85,0.0,0.0,259896.0,-2.9103830456733704e-11,153300.85,413196.85,399802.78287984,83616.78287983997,8,-13394.067120159976
2025-12-12,412882.85,153300.85,0.0,0.0,259582.0,-2.9103830456733704e-11,153300.85,412882.85,400111.78287984,83616.78287983997,8,-12771.067120159976
2025-12-15,409663.85,153300.85,0.0,0.0,256363.0,-2.9103830456733704e-11,153300.85,409663.85,399574.78287984,83616.78287983997,8,-10089.067120159976
2025-12-16,408544.85,153300.85,0.0,0.0,255244.0,-2.9103830456733704e-11,153300.85,408544.85,400078.78287984,83616.78287983997,8,-8466.067120159976
2025-12-17,412349.85,153300.85,0.0,0.0,259049.0,-2.9103830456733704e-11,153300.85,412349.85,403375.78287984,83616.78287983997,8,-8974.067120159976
2025-12-18,412282.85,153300.85,0.0,0.0,258982.0,-2.9103830456733704e-11,153300.85,412282.85,403926.78287984,83616.78287983997,8,-8356.067120159976
2025-12-19,416154.85,153300.85,0.0,0.0,262854.0,0.0,153300.85,416154.85,407422.78287984,83616.78287983997,8,-8732.067120159976
2025-12-22,417332.85,153300.85,0.0,0.0,264032.0,0.0,153300.85,417332.85,406826.78287984,83616.78287983997,8,-10506.067120159976
2025-12-23,413871.85,153300.85,0.0,0.0,260571.0,-2.9103830456733704e-11,153300.85,413871.85,404622.78287984,83616.78287983997,8,-9249.067120159976
2025-12-24,413994.85,153300.85,0.0,0.0,260694.0,-2.9103830456733704e-11,153300.85,413994.85,405338.78287984,83616.78287983997,8,-8656.067120159976
2025-12-25,415832.85,153300.85,0.0,0.0,262532.0,0.0,153300.85,415832.85,407198.78287984,83616.78287983997,8,-8634.067120159976
2025-12-26,415924.85,153300.85,0.0,0.0,262624.0,0.0,153300.85,415924.85,405845.78287984,83616.78287983997,8,-10079.067120159976
2025-12-29,415236.85,153300.85,0.0,0.0,261936.0,-2.9103830456733704e-11,153300.85,415236.85,404011.78287984,83616.78287983997,8,-11225.067120159976
2025-12-30,412745.85,153300.85,0.0,0.0,259445.0,-2.9103830456733704e-11,153300.85,412745.85,403743.78287984,83616.78287983997,8,-9002.067120159976
2025-12-31,413914.85,153300.85,0.0,0.0,260614.0,-2.9103830456733704e-11,153300.85,413914.85,405875.78287984,83616.78287983997,8,-8039.067120159976
2026-01-05,414006.37,90625.37,-62675.479999999996,-1.4551915228366852e-11,323381.0,0.0,90625.37,414006.37,403871.03909484,84541.03909484002,8,-10135.330905159994
2026-01-06,415190.37,90625.37,0.0,0.0,324565.0,0.0,90625.37,415190.37,404972.03909484,84541.03909484002,8,-10218.330905159994
2026-01-07,413650.37,90625.37,0.0,0.0,323025.0,0.0,90625.37,413650.37,402406.03909484,84541.03909484002,8,-11244.330905159994
2026-01-08,414297.37,90625.37,0.0,0.0,323672.0,0.0,90625.37,414297.37,403291.03909484,84541.03909484002,8,-11006.330905159994
2026-01-09,417249.37,90625.37,0.0,0.0,326624.0,0.0,90625.37,417249.37,403012.03909484,84541.03909484002,8,-14237.330905159994
2026-01-12,419753.37,90625.37,0.0,0.0,329128.0,0.0,90625.37,419753.37,404270.03909484,84541.03909484002,8,-15483.330905159994
2026-01-13,419385.37,90625.37,0.0,0.0,328760.0,0.0,90625.37,419385.37,401443.03909484,84541.03909484002,8,-17942.330905159994
2026-01-14,417557.37,90625.37,0.0,0.0,326932.0,0.0,90625.37,417557.37,398673.03909484,84541.03909484002,8,-18884.330905159994
2026-01-15,420468.37,90625.37,0.0,0.0,329843.0,0.0,90625.37,420468.37,402151.03909484,84541.03909484002,8,-18317.330905159994
2026-01-16,422013.37,90625.37,0.0,0.0,331388.0,0.0,90625.37,422013.37,402657.03909484,84541.03909484002,8,-19356.330905159994
2026-01-19,424964.37,90625.37,0.0,0.0,334339.0,0.0,90625.37,424964.37,406799.03909484,84541.03909484002,8,-18165.330905159994
2026-01-20,429499.37,90625.37,0.0,0.0,338874.0,0.0,90625.37,429499.37,412315.03909484,84541.03909484002,8,-17184.330905159994
2026-01-21,434512.37,90625.37,0.0,0.0,343887.0,0.0,90625.37,434512.37,415066.03909484,84541.03909484002,8,-19446.330905159994
2026-01-22,437988.37,90625.37,0.0,0.0,347363.0,0.0,90625.37,437988.37,417679.03909484,84541.03909484002,8,-20309.330905159994
2026-01-23,439798.37,90625.37,0.0,0.0,349173.0,0.0,90625.37,439798.37,418755.03909484,84541.03909484002,8,-21043.330905159994
2026-01-26,447959.37,90625.37,0.0,0.0,357334.0,0.0,90625.37,447959.37,424923.03909484,84541.03909484002,8,-23036.330905159994
2026-01-27,447299.37,90625.37,0.0,0.0,356674.0,0.0,90625.37,447299.37,421366.03909484,84541.03909484002,8,-25933.330905159994
2026-01-28,457599.37,90625.37,0.0,0.0,366974.0,0.0,90625.37,457599.37,435353.03909484,84541.03909484002,8,-22246.330905159994
2026-01-29,452132.37,90625.37,0.0,0.0,361507.0,0.0,90625.37,452132.37,432683.03909484,84541.03909484002,8,-19449.330905159994
2026-01-30,453160.37,90625.37,0.0,0.0,362535.0,0.0,90625.37,453160.37,435144.03909484,84541.03909484002,8,-18016.330905159994
2026-02-02,441630.37,90625.37,0.0,0.0,351005.0,0.0,90625.37,441630.37,425779.03909484,84541.03909484002,8,-15851.330905159994
2026-02-03,449582.37,90625.37,0.0,0.0,358957.0,0.0,90625.37,449582.37,435057.03909484,84541.03909484002,8,-14525.330905159994
2026-02-04,453969.37,90625.37,0.0,0.0,363344.0,0.0,90625.37,453969.37,443496.03909484,84541.03909484002,8,-10473.330905159994
2026-02-05,458493.37,90625.37,0.0,0.0,367868.0,0.0,90625.37,458493.37,451477.03909484,84541.03909484002,8,-7016.330905159994
2026-02-06,461548.37,90625.37,0.0,0.0,370923.0,0.0,90625.37,461548.37,460179.03909484,84541.03909484002,8,-1369.3309051599936
2026-02-09,459390.37,90625.37,0.0,0.0,368765.0,0.0,90625.37,459390.37,461009.03909484,84541.03909484002,8,1618.6690948400064
2026-02-10,450260.37,90625.37,0.0,0.0,359635.0,0.0,90625.37,450260.37,449799.03909484,84541.03909484002,8,-461.33090515999356
2026-02-11,452782.37,90625.37,0.0,0.0,362157.0,0.0,90625.37,452782.37,453775.03909484,84541.03909484002,8,992.6690948400064
2026-02-12,449723.37,90625.37,0.0,0.0,359098.0,0.0,90625.37,449723.37,449243.03909484,84541.03909484002,8,-480.33090515999356
2026-02-13,447238.37,90625.37,0.0,0.0,356613.0,0.0,90625.37,447238.37,445903.03909484,84541.03909484002,8,-1335.3309051599936
2026-02-24,454405.37,90625.37,0.0,0.0,363780.0,0.0,90625.37,454405.37,452484.03909484,84541.03909484002,8,-1921.3309051599936
2026-02-25,454160.37,90625.37,0.0,0.0,363535.0,0.0,90625.37,454160.37,452108.03909484,84541.03909484002,8,-2052.3309051599936
2026-02-26,452665.37,90625.37,0.0,0.0,362040.0,0.0,90625.37,452665.37,451651.03909484,84541.03909484002,8,-1014.3309051599936
2026-02-27,456687.37,90625.37,0.0,0.0,366062.0,0.0,90625.37,456687.37,455086.03909484,84541.03909484002,8,-1601.3309051599936
2026-03-02,461618.37,90625.37,0.0,0.0,370993.0,0.0,90625.37,461618.37,458550.03909484,84541.03909484002,8,-3068.3309051599936
2026-03-03,448809.37,90625.37,0.0,0.0,358184.0,0.0,90625.37,448809.37,448806.03909484,84541.03909484002,8,-3.330905159993563
2026-03-04,444940.37,90625.37,0.0,0.0,354315.0,0.0,90625.37,444940.37,441119.03909484,84541.03909484002,8,-3821.3309051599936
2026-03-05,445096.37,90625.37,0.0,0.0,354471.0,0.0,90625.37,445096.37,441055.03909484,84541.03909484002,8,-4041.3309051599936
2026-03-06,450768.37,90625.37,0.0,0.0,360143.0,0.0,90625.37,450768.37,446373.03909484,84541.03909484002,8,-4395.330905159994
2026-03-09,449377.37,90625.37,0.0,0.0,358752.0,0.0,90625.37,449377.37,444135.03909484,84541.03909484002,8,-5242.330905159994
2026-03-10,451466.37,90625.37,0.0,0.0,360841.0,0.0,90625.37,451466.37,449203.03909484,84541.03909484002,8,-2263.3309051599936
2026-03-11,455202.37,90625.37,0.0,0.0,364577.0,0.0,90625.37,455202.37,451661.03909484,84541.03909484002,8,-3541.3309051599936
2026-03-12,453037.37,90625.37,0.0,0.0,362412.0,0.0,90625.37,453037.37,449554.03909484,84541.03909484002,8,-3483.3309051599936
2026-03-13,450486.37,90625.37,0.0,0.0,359861.0,0.0,90625.37,450486.37,447738.03909484,84541.03909484002,8,-2748.3309051599936
2026-03-16,446943.37,90625.37,0.0,0.0,356318.0,0.0,90625.37,446943.37,442386.03909484,84541.03909484002,8,-4557.330905159994
2026-03-17,442217.37,90625.37,0.0,0.0,351592.0,0.0,90625.37,442217.37,437231.03909484,84541.03909484002,8,-4986.330905159994
2026-03-18,445739.37,90625.37,0.0,0.0,355114.0,0.0,90625.37,445739.37,439561.03909484,84541.03909484002,8,-6178.330905159994
2026-03-19,443310.37,90625.37,0.0,0.0,352685.0,0.0,90625.37,443310.37,431960.03909484,84541.03909484002,8,-11350.330905159994
2026-03-20,438073.37,90625.37,0.0,0.0,347448.0,0.0,90625.37,438073.37,425432.03909484,84541.03909484002,8,-12641.330905159994
2026-03-23,417494.37,90625.37,0.0,0.0,326869.0,0.0,90625.37,417494.37,405065.03909484,84541.03909484002,8,-12429.330905159994
2026-03-24,426519.37,90625.37,0.0,0.0,335894.0,0.0,90625.37,426519.37,414411.03909484,84541.03909484002,8,-12108.330905159994
2026-03-25,435744.37,90625.37,0.0,0.0,345119.0,0.0,90625.37,435744.37,422730.03909484,84541.03909484002,8,-13014.330905159994
2026-03-26,433491.37,90625.37,0.0,0.0,342866.0,0.0,90625.37,433491.37,420921.03909484,84541.03909484002,8,-12570.330905159994
2026-03-27,439353.37,90625.37,0.0,0.0,348728.0,0.0,90625.37,439353.37,421410.03909484,84541.03909484002,8,-17943.330905159994
2026-03-30,440256.37,90625.37,0.0,0.0,349631.0,0.0,90625.37,440256.37,425697.03909484,84541.03909484002,8,-14559.330905159994
2026-03-31,433207.37,90625.37,0.0,0.0,342582.0,0.0,90625.37,433207.37,421659.03909484,84541.03909484002,8,-11548.330905159994
2026-04-01,432743.66,90339.66,-285.72000000003027,0.010000000038417056,342404.0,0.0,90339.66,432743.66000000003,422953.88092444,89858.88092443997,8,-9789.779075559985
2026-04-02,431212.66,90339.66,0.0,0.0,340873.0,0.0,90339.66,431212.66000000003,421831.88092444,89858.88092443997,8,-9380.779075559985
2026-04-03,424895.66,90339.66,0.0,0.0,334556.0,0.0,90339.66,424895.66000000003,416284.88092444,89858.88092443997,8,-8610.779075559985
2026-04-07,425627.66,90339.66,0.0,0.0,335288.0,0.0,90339.66,425627.66000000003,416527.88092444,89858.88092443997,8,-9099.779075559985
2026-04-08,431374.66,90339.66,0.0,0.0,341035.0,0.0,90339.66,431374.66000000003,421522.88092444,89858.88092443997,8,-9851.779075559985
2026-04-09,426904.66,90339.66,0.0,0.0,336565.0,0.0,90339.66,426904.66000000003,417014.88092444,89858.88092443997,8,-9889.779075559985
2026-04-10,428160.66,90339.66,0.0,0.0,337821.0,0.0,90339.66,428160.66000000003,418333.88092444,89858.88092443997,8,-9826.779075559985
2026-04-13,429696.66,90339.66,0.0,0.0,339357.0,0.0,90339.66,429696.66000000003,416318.88092444,89858.88092443997,8,-13377.779075559985
2026-04-14,432744.66,90339.66,0.0,0.0,342405.0,0.0,90339.66,432744.66000000003,419724.88092444,89858.88092443997,8,-13019.779075559985
2026-04-15,436307.66,90339.66,0.0,0.0,345968.0,0.0,90339.66,436307.66000000003,424550.88092444,89858.88092443997,8,-11756.779075559985
2026-04-16,433965.66,90339.66,0.0,0.0,343626.0,0.0,90339.66,433965.66000000003,421540.88092444,89858.88092443997,8,-12424.779075559985
2026-04-17,432845.66,90339.66,0.0,0.0,342506.0,0.0,90339.66,432845.66000000003,420528.88092444,89858.88092443997,8,-12316.779075559985
2026-04-20,433131.66,90339.66,0.0,0.0,342792.0,0.0,90339.66,433131.66000000003,419505.88092444,89858.88092443997,8,-13625.779075559985
2026-04-21,433945.66,90339.66,0.0,0.0,343606.0,0.0,90339.66,433945.66000000003,421458.88092444,89858.88092443997,8,-12486.779075559985
2026-04-22,433125.66,90339.66,0.0,0.0,342786.0,0.0,90339.66,433125.66000000003,423177.88092444,89858.88092443997,8,-9947.779075559985
2026-04-23,432224.66,90339.66,0.0,0.0,341885.0,0.0,90339.66,432224.66000000003,422607.88092444,89858.88092443997,8,-9616.779075559985
2026-04-24,429389.66,90339.66,0.0,0.0,339050.0,0.0,90339.66,429389.66000000003,419972.88092444,89858.88092443997,8,-9416.779075559985
2026-04-27,428795.66,90339.66,0.0,0.0,338456.0,0.0,90339.66,428795.66000000003,419069.88092444,89858.88092443997,8,-9725.779075559985
2026-04-28,432109.66,90339.66,0.0,0.0,341770.0,0.0,90339.66,432109.66000000003,419479.88092444,89858.88092443997,8,-12629.779075559985
2026-04-29,438553.66,90339.66,0.0,0.0,348214.0,0.0,90339.66,438553.66000000003,427306.88092444,89858.88092443997,8,-11246.779075559985
2026-04-30,436918.66,90339.66,0.0,0.0,346579.0,0.0,90339.66,436918.66000000003,425110.88092444,89858.88092443997,8,-11807.779075559985
2026-05-06,435802.66,90339.66,0.0,0.0,345463.0,0.0,90339.66,435802.66000000003,423464.88092444,89858.88092443997,8,-12337.779075559985
2026-05-07,437354.66,90339.66,0.0,0.0,347015.0,0.0,90339.66,437354.66000000003,425163.88092444,89858.88092443997,8,-12190.779075559985
2026-05-08,440751.66,90339.66,0.0,0.0,350412.0,0.0,90339.66,440751.66000000003,425164.88092444,89858.88092443997,8,-15586.779075559985
2026-05-11,438568.66,90339.66,0.0,0.0,348229.0,0.0,90339.66,438568.66000000003,426355.88092444,90803.88092443996,8,-12212.779075559985
2026-05-12,436294.66,90339.66,0.0,0.0,345955.0,0.0,90339.66,436294.66000000003,423522.88092444,90803.88092443996,8,-12771.779075559985
2026-05-13,434848.66,90339.66,0.0,0.0,344509.0,0.0,90339.66,434848.66000000003,423190.88092444,90803.88092443996,8,-11657.779075559985
2026-05-14,433033.66,90339.66,0.0,0.0,342694.0,0.0,90339.66,433033.66000000003,418839.88092444,90803.88092443996,8,-14193.779075559985
2026-05-15,429883.66,90339.66,0.0,0.0,339544.0,0.0,90339.66,429883.66000000003,417002.88092444,90803.88092443996,8,-12880.779075559985
2026-05-18,427808.66,90339.66,0.0,0.0,337469.0,0.0,90339.66,427808.66000000003,414256.88092444,90803.88092443996,8,-13551.779075559985
2026-05-19,431292.66,90339.66,0.0,0.0,340953.0,0.0,90339.66,431292.66000000003,417407.88092444,90803.88092443996,8,-13884.779075559985
2026-05-20,431137.66,92259.66,0.0,1920.0,338878.0,0.0,92259.66,431137.66000000003,416614.88092444,90803.88092443996,8,-14522.779075559985
2026-05-21,426728.66,92259.66,0.0,0.0,334469.0,0.0,92259.66,426728.66000000003,412648.88092444,90803.88092443996,8,-14079.779075559985
2026-05-22,425768.66,92259.66,0.0,0.0,333509.0,0.0,92259.66,425768.66000000003,411590.88092444,90803.88092443996,8,-14177.779075559985
2026-05-25,424013.66,93009.66,0.0,750.0,331004.0,0.0,93009.66,424013.66000000003,409819.88092444,90803.88092443996,8,-14193.779075559985
2026-05-26,425330.66,93009.66,0.0,0.0,332321.0,0.0,93009.66,425330.66000000003,410963.88092444,90803.88092443996,8,-14366.779075559985
2026-05-27,426137.66,93009.66,0.0,0.0,333128.0,0.0,93009.66,426137.66000000003,406728.88092444,90803.88092443996,8,-19408.779075559985
2026-05-28,424645.66,93009.66,0.0,0.0,331636.0,0.0,93009.66,424645.66000000003,405198.88092444,91923.88092443996,8,-19446.779075559985
2026-05-29,430973.66,95709.66,0.0,2700.0,335264.0,0.0,95709.66,430973.66000000003,410338.88092444,91923.88092443996,8,-20634.779075559985
2026-06-01,433500.66,95709.66,0.0,0.0,337791.0,0.0,95709.66,433500.66000000003,415154.88092444,91923.88092443996,8,-18345.779075559985
2026-06-02,435474.66,95709.66,0.0,0.0,339765.0,0.0,95709.66,435474.66000000003,415437.88092444,91923.88092443996,8,-20036.779075559985
2026-06-03,431072.66,95709.66,0.0,0.0,335363.0,0.0,95709.66,431072.66000000003,409127.88092444,91923.88092443996,8,-21944.779075559985
2026-06-04,423779.66,95709.66,0.0,0.0,328070.0,0.0,95709.66,423779.66000000003,403679.88092444,91923.88092443996,8,-20099.779075559985
2026-06-05,424566.66,95709.66,0.0,0.0,328857.0,0.0,95709.66,424566.66000000003,405911.88092444,91923.88092443996,8,-18654.779075559985
2026-06-08,419556.66,95709.66,0.0,0.0,323847.0,0.0,95709.66,419556.66000000003,400263.88092444,91923.88092443996,8,-19292.779075559985
2026-06-09,420227.66,95709.66,0.0,0.0,324518.0,0.0,95709.66,420227.66000000003,401514.88092444,91923.88092443996,8,-18712.779075559985
2026-06-10,420282.66,95709.66,0.0,0.0,324573.0,0.0,95709.66,420282.66000000003,404798.88092444,91923.88092443996,8,-15483.779075559985
2026-06-11,417109.66,95709.66,0.0,0.0,321400.0,0.0,95709.66,417109.66000000003,403106.88092444,91923.88092443996,8,-14002.779075559985
2026-06-12,422482.66,95709.66,0.0,0.0,326773.0,0.0,95709.66,422482.66000000003,407799.88092444,91923.88092443996,8,-14682.779075559985
2026-06-15,421800.66,95709.66,0.0,0.0,326091.0,0.0,95709.66,421800.66000000003,407775.88092444,91923.88092443996,8,-14024.779075559985
2026-06-16,417713.66,95709.66,0.0,0.0,322004.0,0.0,95709.66,417713.66000000003,403210.88092444,93639.88092443996,8,-14502.779075559985
2026-06-17,413261.66,95709.66,0.0,0.0,317552.0,0.0,95709.66,413261.66000000003,399350.88092444,93639.88092443996,8,-13910.779075559985
2026-06-18,410269.66,95709.66,0.0,0.0,314560.0,0.0,95709.66,410269.66000000003,396834.88092444,93639.88092443996,8,-13434.779075559985
2026-06-22,409748.66,95709.66,0.0,0.0,314039.0,0.0,95709.66,409748.66000000003,396111.88092444,93639.88092443996,8,-13636.779075559985
2026-06-23,410360.66,95709.66,0.0,0.0,314651.0,0.0,95709.66,410360.66000000003,398510.88092444,93639.88092443996,8,-11849.779075559985
2026-06-24,406972.66,95709.66,0.0,0.0,311263.0,0.0,95709.66,406972.66000000003,393191.88092444,93639.88092443996,8,-13780.779075559985
2026-06-25,403488.66,95709.66,0.0,0.0,307779.0,0.0,95709.66,403488.66000000003,390341.88092444,93639.88092443996,8,-13146.779075559985
2026-06-26,398594.66,95709.66,0.0,0.0,302885.0,0.0,95709.66,398594.66000000003,386487.88092444,93639.88092443996,8,-12106.779075559985
2026-06-29,402875.66,95709.66,0.0,0.0,307166.0,0.0,95709.66,402875.66000000003,389885.88092444,93639.88092443996,8,-12989.779075559985
2026-06-30,398136.36,97280.36,0.0,1570.699999999997,300856.0,0.0,97280.36000000002,398136.36,383879.88092444,93639.88092443996,8,-14256.479075559997
2026-07-01,400010.26,111010.26,13729.899999999994,0.0,289000.0,0.0,111010.26000000001,400010.26,391444.2916070399,80864.29160703992,8,-8565.968392960087
2026-07-02,401214.26,111010.26,0.0,0.0,290204.0,0.0,111010.26000000001,401214.26,394991.2916070399,80864.29160703992,8,-6222.968392960087
2026-07-03,402124.26,111010.26,0.0,0.0,291114.0,0.0,111010.26000000001,402124.26,394399.2916070399,80864.29160703992,8,-7724.968392960087
2026-07-06,405667.26,111010.26,0.0,0.0,294657.0,0.0,111010.26000000001,405667.26,399580.2916070399,80864.29160703992,8,-6086.968392960087
2026-07-07,400803.26,111010.26,0.0,0.0,289793.0,0.0,111010.26000000001,400803.26,395002.2916070399,81696.29160703992,8,-5800.968392960087
2026-07-08,401127.26,111010.26,0.0,0.0,290117.0,0.0,111010.26000000001,401127.26,395700.2916070399,81696.29160703992,8,-5426.968392960087
2026-07-09,402648.26,111010.26,0.0,0.0,291638.0,0.0,111010.26000000001,402648.26,392277.2916070399,81696.29160703992,8,-10370.968392960087
2026-07-10,406888.26,111010.26,0.0,0.0,295878.0,0.0,111010.26000000001,406888.26,392661.2916070399,81696.29160703992,8,-14226.968392960087
2026-07-13,406291.26,111010.26,0.0,0.0,295281.0,0.0,111010.26000000001,406291.26,394505.2916070399,81696.29160703992,8,-11785.968392960087
2026-07-14,412142.26,111010.26,0.0,0.0,301132.0,0.0,111010.26000000001,412142.26,398032.2916070399,81696.29160703992,8,-14109.968392960087
2026-07-15,415234.26,111010.26,0.0,0.0,304224.0,0.0,111010.26000000001,415234.26,403442.2916070399,81696.29160703992,8,-11791.968392960087
2026-07-16,414343.26,111010.26,0.0,0.0,303333.0,0.0,111010.26000000001,414343.26,403217.2916070399,81696.29160703992,8,-11125.968392960087
2026-07-17,407550.26,111010.26,0.0,0.0,296540.0,0.0,111010.26000000001,407550.26,400212.2916070399,81696.29160703992,8,-7337.968392960087
2026-07-20,409085.26,111010.26,0.0,0.0,298075.0,0.0,111010.26000000001,409085.26,405257.2916070399,81696.29160703992,8,-3827.968392960087
2026-07-21,409965.26,111010.26,0.0,0.0,298955.0,0.0,111010.26000000001,409965.26,407612.2916070399,81696.29160703992,8,-2352.968392960087
2026-07-22,407902.26,111010.26,0.0,0.0,296892.0,0.0,111010.26000000001,407902.26,402011.2916070399,81696.29160703992,8,-5890.968392960087
2026-07-23,411061.26,111010.26,0.0,0.0,300051.0,0.0,111010.26000000001,411061.26,404180.2916070399,81696.29160703992,8,-6880.968392960087
2026-07-24,407936.26,111010.26,0.0,0.0,296926.0,0.0,111010.26000000001,407936.26,401742.2916070399,81696.29160703992,8,-6193.968392960087
2026-07-27,409826.26,111010.26,0.0,0.0,298816.0,0.0,111010.26000000001,409826.26,403708.2916070399,81696.29160703992,8,-6117.968392960087
2026-07-28,411512.26,111010.26,0.0,0.0,300502.0,0.0,111010.26000000001,411512.26,407106.2916070399,81696.29160703992,8,-4405.968392960087
2026-07-29,414735.26,111010.26,0.0,0.0,303725.0,0.0,111010.26000000001,414735.26,410562.2916070399,81696.29160703992,8,-4172.968392960087
2026-07-30,414948.26,111010.26,0.0,0.0,303938.0,0.0,111010.26000000001,414948.26,413596.2916070399,81696.29160703992,8,-1351.968392960087
2026-07-31,417931.26,111010.26,0.0,0.0,306921.0,0.0,111010.26000000001,417931.26,415142.2916070399,81696.29160703992,8,-2788.968392960087
2026-08-03,418564.26,111010.26,0.0,0.0,307554.0,0.0,111010.26000000001,418564.26,414986.2916070399,81696.29160703992,8,-3577.968392960087
2026-08-04,416745.26,111010.26,0.0,0.0,305735.0,0.0,111010.26000000001,416745.26,410094.2916070399,81696.29160703992,8,-6650.968392960087
2026-08-05,416235.26,111010.26,0.0,0.0,305225.0,0.0,111010.26000000001,416235.26,408097.2916070399,81696.29160703992,8,-8137.968392960087
2026-08-06,413387.26,111010.26,0.0,0.0,302377.0,0.0,111010.26000000001,413387.26,404981.2916070399,81696.29160703992,8,-8405.968392960087
2026-08-07,411836.26,111010.26,0.0,0.0,300826.0,0.0,111010.26000000001,411836.26,403201.2916070399,81696.29160703992,8,-8634.968392960087
2026-08-10,422199.26,111010.26,0.0,0.0,311189.0,0.0,111010.26000000001,422199.26,407957.2916070399,81696.29160703992,8,-14241.968392960087
2026-08-11,420658.26,111010.26,0.0,0.0,309648.0,0.0,111010.26000000001,420658.26,406358.2916070399,81696.29160703992,8,-14299.968392960087
2026-08-12,426145.26,111010.26,0.0,0.0,315135.0,0.0,111010.26000000001,426145.26,410319.2916070399,81696.29160703992,8,-15825.968392960087
2026-08-13,432033.26,111010.26,0.0,0.0,321023.0,0.0,111010.26000000001,432033.26,414366.2916070399,81696.29160703992,8,-17666.968392960087
2026-08-14,431387.26,111010.26,0.0,0.0,320377.0,0.0,111010.26000000001,431387.26,415353.2916070399,81696.29160703992,8,-16033.968392960087
2026-08-17,438780.26,111010.26,0.0,0.0,327770.0,0.0,111010.26000000001,438780.26,417918.2916070399,81696.29160703992,8,-20861.968392960087
2026-08-18,438180.26,111010.26,0.0,0.0,327170.0,0.0,111010.26000000001,438180.26,418643.2916070399,81696.29160703992,8,-19536.968392960087
2026-08-19,434834.26,111010.26,0.0,0.0,323824.0,0.0,111010.26000000001,434834.26,418657.2916070399,81696.29160703992,8,-16176.968392960087
2026-08-20,437780.26,111010.26,0.0,0.0,326770.0,0.0,111010.26000000001,437780.26,421016.2916070399,81696.29160703992,8,-16763.968392960087
2026-08-21,435315.26,113690.26,0.0,2680.0,321625.0,0.0,113690.26000000001,435315.26,417306.2916070399,83976.29160703992,8,-18008.968392960087
2026-08-24,436383.26,113690.26,0.0,0.0,322693.0,0.0,113690.26000000001,436383.26,423909.2916070399,83976.29160703992,8,-12473.968392960087
2026-08-25,440831.26,113690.26,0.0,0.0,327141.0,0.0,113690.26000000001,440831.26,424214.2916070399,83976.29160703992,8,-16616.968392960087
2026-08-26,439441.26,113690.26,0.0,0.0,325751.0,0.0,113690.26000000001,439441.26,422672.2916070399,83976.29160703992,8,-16768.968392960087
2026-08-27,436101.26,113690.26,0.0,0.0,322411.0,0.0,113690.26000000001,436101.26,420416.2916070399,83976.29160703992,8,-15684.968392960087
2026-08-28,436403.26,113690.26,0.0,0.0,322713.0,0.0,113690.26000000001,436403.26,418869.2916070399,83976.29160703992,8,-17533.968392960087
2026-08-31,441560.26,113690.26,0.0,0.0,327870.0,0.0,113690.26000000001,441560.26,422968.2916070399,83976.29160703992,8,-18591.968392960087
2026-09-01,442017.26,113690.26,0.0,0.0,328327.0,0.0,113690.26000000001,442017.26,424678.2916070399,83976.29160703992,8,-17338.968392960087
2026-09-02,435158.26,113690.26,0.0,0.0,321468.0,0.0,113690.26000000001,435158.26,419000.2916070399,83976.29160703992,8,-16157.968392960087
2026-09-03,435679.26,113690.26,0.0,0.0,321989.0,0.0,113690.26000000001,435679.26,419898.2916070399,83976.29160703992,8,-15780.968392960087
2026-09-04,439203.26,113690.26,0.0,0.0,325513.0,0.0,113690.26000000001,439203.26,424062.2916070399,85152.29160703992,8,-15140.968392960087
2026-09-07,443676.26,114290.26,0.0,600.0,329386.0,0.0,114290.26000000001,443676.26,425472.2916070399,85152.29160703992,8,-18203.968392960087
2026-09-08,443970.26,114290.26,0.0,0.0,329680.0,0.0,114290.26000000001,443970.26,427137.2916070399,85152.29160703992,8,-16832.968392960087
2026-09-09,441801.26,114950.26,0.0,660.0,326851.0,0.0,114950.26000000001,441801.26,424930.2916070399,85152.29160703992,8,-16870.968392960087
2026-09-10,436469.26,114950.26,0.0,0.0,321519.0,0.0,114950.26000000001,436469.26,422387.2916070399,85152.29160703992,8,-14081.968392960087
2026-09-11,431788.26,114950.26,0.0,0.0,316838.0,0.0,114950.26000000001,431788.26,417013.2916070399,85152.29160703992,8,-14774.968392960087
