date,symbol,quantity,market_value,close
2020-01-02,600377.SH,1000.0,11340.0,11.34
2020-01-02,600395.SH,1200.0,7392.0,6.16
2020-01-02,601222.SH,2400.0,11784.0,4.91
2020-01-02,603167.SH,700.0,7525.0,10.75
2020-01-02,603600.SH,600.0,7296.0,12.16
2020-01-02,603608.SH,900.0,9396.0,10.44
2020-01-02,603730.SH,300.0,9303.0,31.01
2020-01-02,603801.SH,500.0,11925.0,23.85
2020-01-03,600377.SH,1000.0,11280.0,11.28
2020-01-03,600395.SH,1200.0,7296.0,6.08
2020-01-03,601222.SH,2400.0,11784.0,4.91
2020-01-03,603167.SH,700.0,7518.0,10.74
2020-01-03,603600.SH,600.0,7440.0,12.4
2020-01-03,603608.SH,900.0,8721.0,9.69
2020-01-03,603730.SH,300.0,9561.0,31.87
2020-01-03,603801.SH,500.0,12035.0,24.07
2020-01-06,600377.SH,1000.0,11480.0,11.48
2020-01-06,600395.SH,1200.0,7404.0,6.17
2020-01-06,601222.SH,2400.0,12168.0,5.07
2020-01-06,603167.SH,700.0,7539.0,10.77
2020-01-06,603600.SH,600.0,7620.0,12.7
2020-01-06,603608.SH,900.0,9207.0,10.23
2020-01-06,603730.SH,300.0,10215.0,34.05
2020-01-06,603801.SH,500.0,11810.0,23.62
2020-01-07,600377.SH,1000.0,11300.0,11.3
2020-01-07,600395.SH,1200.0,7536.0,6.28
2020-01-07,601222.SH,2400.0,12624.0,5.26
2020-01-07,603167.SH,700.0,7560.0,10.8
2020-01-07,603600.SH,600.0,8112.0,13.52
2020-01-07,603608.SH,900.0,8838.0,9.82
2020-01-07,603730.SH,300.0,10182.0,33.94
2020-01-07,603801.SH,500.0,12135.0,24.27
2020-01-08,600377.SH,1000.0,11310.0,11.31
2020-01-08,600395.SH,1200.0,7464.0,6.22
2020-01-08,601222.SH,2400.0,12720.0,5.3
2020-01-08,603167.SH,700.0,7567.0,10.81
2020-01-08,603600.SH,600.0,8178.0,13.63
2020-01-08,603608.SH,900.0,8055.0,8.95
2020-01-08,603730.SH,300.0,10959.0,36.53
2020-01-08,603801.SH,500.0,11930.0,23.86
2020-01-09,600377.SH,1000.0,11290.0,11.29
2020-01-09,600395.SH,1200.0,7524.0,6.27
2020-01-09,601222.SH,2400.0,12960.0,5.4
2020-01-09,603167.SH,700.0,7546.0,10.78
2020-01-09,603600.SH,600.0,8094.0,13.49
2020-01-09,603608.SH,900.0,8046.0,8.94
2020-01-09,603730.SH,300.0,10695.0,35.65
2020-01-09,603801.SH,500.0,12185.0,24.37
2020-01-10,600377.SH,1000.0,11380.0,11.38
2020-01-10,600395.SH,1200.0,7680.0,6.4
2020-01-10,601222.SH,2400.0,12816.0,5.34
2020-01-10,603167.SH,700.0,7476.0,10.68
2020-01-10,603600.SH,600.0,7854.0,13.09
2020-01-10,603608.SH,900.0,7821.0,8.69
2020-01-10,603730.SH,300.0,10467.0,34.89
2020-01-10,603801.SH,500.0,12475.0,24.95
2020-01-13,600377.SH,1000.0,11500.0,11.5
2020-01-13,600395.SH,1200.0,7680.0,6.4
2020-01-13,601222.SH,2400.0,12984.0,5.41
2020-01-13,603167.SH,700.0,7441.0,10.63
2020-01-13,603600.SH,600.0,8640.0,14.4
2020-01-13,603608.SH,900.0,8604.0,9.56
2020-01-13,603730.SH,300.0,10605.0,35.35
2020-01-13,603801.SH,500.0,12250.0,24.5
2020-01-14,600377.SH,1000.0,11560.0,11.56
2020-01-14,600395.SH,1200.0,7608.0,6.34
2020-01-14,601222.SH,2400.0,12960.0,5.4
2020-01-14,603167.SH,700.0,7427.0,10.61
2020-01-14,603600.SH,600.0,8712.0,14.52
2020-01-14,603608.SH,900.0,9468.0,10.52
2020-01-14,603730.SH,300.0,10476.0,34.92
2020-01-14,603801.SH,500.0,12150.0,24.3
2020-01-15,600377.SH,1000.0,11590.0,11.59
2020-01-15,600395.SH,1200.0,7536.0,6.28
2020-01-15,601222.SH,2400.0,12960.0,5.4
2020-01-15,603167.SH,700.0,7420.0,10.6
2020-01-15,603600.SH,600.0,8268.0,13.78
2020-01-15,603608.SH,900.0,10170.0,11.3
2020-01-15,603730.SH,300.0,10377.0,34.59
2020-01-15,603801.SH,500.0,11940.0,23.88
2020-01-16,600377.SH,1000.0,11360.0,11.36
2020-01-16,600395.SH,1200.0,7428.0,6.19
2020-01-16,601222.SH,2400.0,12840.0,5.35
2020-01-16,603167.SH,700.0,7259.0,10.37
2020-01-16,603600.SH,600.0,7932.0,13.22
2020-01-16,603608.SH,900.0,9576.0,10.64
2020-01-16,603730.SH,300.0,10497.0,34.99
2020-01-16,603801.SH,500.0,12010.0,24.02
2020-01-17,600377.SH,1000.0,11270.0,11.27
2020-01-17,600395.SH,1200.0,7404.0,6.17
2020-01-17,601222.SH,2400.0,13080.0,5.45
2020-01-17,603167.SH,700.0,7329.0,10.47
2020-01-17,603600.SH,600.0,8724.0,14.54
2020-01-17,603608.SH,900.0,10287.0,11.43
2020-01-17,603730.SH,300.0,10362.0,34.54
2020-01-17,603801.SH,500.0,12350.0,24.7
2020-01-20,600377.SH,1000.0,11350.0,11.35
2020-01-20,600395.SH,1200.0,7332.0,6.11
2020-01-20,601222.SH,2400.0,13032.0,5.43
2020-01-20,603167.SH,700.0,7343.0,10.49
2020-01-20,603600.SH,600.0,9000.0,15.0
2020-01-20,603608.SH,900.0,9666.0,10.74
2020-01-20,603730.SH,300.0,10605.0,35.35
2020-01-20,603801.SH,500.0,12320.0,24.64
2020-01-21,600377.SH,1000.0,11350.0,11.35
2020-01-21,600395.SH,1200.0,7224.0,6.02
2020-01-21,601222.SH,2400.0,12768.0,5.32
2020-01-21,603167.SH,700.0,7280.0,10.4
2020-01-21,603600.SH,600.0,8688.0,14.48
2020-01-21,603608.SH,900.0,8901.0,9.89
2020-01-21,603730.SH,300.0,10398.0,34.66
2020-01-21,603801.SH,500.0,12235.0,24.47
2020-01-22,600377.SH,1000.0,11460.0,11.46
2020-01-22,600395.SH,1200.0,7212.0,6.01
2020-01-22,601222.SH,2400.0,12840.0,5.35
2020-01-22,603167.SH,700.0,7294.0,10.42
2020-01-22,603600.SH,600.0,8472.0,14.12
2020-01-22,603608.SH,900.0,9792.0,10.88
2020-01-22,603730.SH,300.0,10680.0,35.6
2020-01-22,603801.SH,500.0,11895.0,23.79
2020-01-23,600377.SH,1000.0,11430.0,11.43
2020-01-23,600395.SH,1200.0,7008.0,5.84
2020-01-23,601222.SH,2400.0,12384.0,5.16
2020-01-23,603167.SH,700.0,7063.0,10.09
2020-01-23,603600.SH,600.0,8052.0,13.42
2020-01-23,603608.SH,900.0,9270.0,10.3
2020-01-23,603730.SH,300.0,10113.0,33.71
2020-01-23,603801.SH,500.0,11340.0,22.68
2020-02-03,600377.SH,1000.0,10620.0,10.62
2020-02-03,600395.SH,1200.0,6312.0,5.26
2020-02-03,601222.SH,2400.0,11136.0,4.64
2020-02-03,603167.SH,700.0,6356.0,9.08
2020-02-03,603600.SH,600.0,7248.0,12.08
2020-02-03,603608.SH,900.0,8343.0,9.27
2020-02-03,603730.SH,300.0,9123.0,30.41
2020-02-03,603801.SH,500.0,10205.0,20.41
2020-02-04,600377.SH,1000.0,11240.0,11.24
2020-02-04,600395.SH,1200.0,6516.0,5.43
2020-02-04,601222.SH,2400.0,11232.0,4.68
2020-02-04,603167.SH,700.0,5908.0,8.44
2020-02-04,603600.SH,600.0,7086.0,11.81
2020-02-04,603608.SH,900.0,8280.0,9.2
2020-02-04,603730.SH,300.0,10035.0,33.45
2020-02-04,603801.SH,500.0,9605.0,19.21
2020-02-05,600377.SH,1000.0,10970.0,10.97
2020-02-05,600395.SH,1200.0,6636.0,5.53
2020-02-05,601222.SH,2400.0,11544.0,4.81
2020-02-05,603167.SH,700.0,5887.0,8.41
2020-02-05,603600.SH,600.0,6990.0,11.65
2020-02-05,603608.SH,900.0,8127.0,9.03
2020-02-05,603730.SH,300.0,11034.0,36.78
2020-02-05,603801.SH,500.0,9675.0,19.35
2020-02-06,600377.SH,1000.0,10960.0,10.96
2020-02-06,600395.SH,1200.0,6816.0,5.68
2020-02-06,601222.SH,2400.0,11640.0,4.85
2020-02-06,603167.SH,700.0,5915.0,8.45
2020-02-06,603600.SH,600.0,7014.0,11.69
2020-02-06,603608.SH,900.0,8352.0,9.28
2020-02-06,603730.SH,300.0,11160.0,37.2
2020-02-06,603801.SH,500.0,9860.0,19.72
2020-02-07,600377.SH,1000.0,10790.0,10.79
2020-02-07,600395.SH,1200.0,6744.0,5.62
2020-02-07,601222.SH,2400.0,12072.0,5.03
2020-02-07,603167.SH,700.0,6020.0,8.6
2020-02-07,603600.SH,600.0,6960.0,11.6
2020-02-07,603608.SH,900.0,8595.0,9.55
2020-02-07,603730.SH,300.0,10833.0,36.11
2020-02-07,603801.SH,500.0,9795.0,19.59
2020-02-10,600377.SH,1000.0,10850.0,10.85
2020-02-10,600395.SH,1200.0,6804.0,5.67
2020-02-10,601222.SH,2400.0,12096.0,5.04
2020-02-10,603167.SH,700.0,6125.0,8.75
2020-02-10,603600.SH,600.0,7020.0,11.7
2020-02-10,603608.SH,900.0,8883.0,9.87
2020-02-10,603730.SH,300.0,11397.0,37.99
2020-02-10,603801.SH,500.0,10040.0,20.08
2020-02-11,600377.SH,1000.0,10880.0,10.88
2020-02-11,600395.SH,1200.0,6864.0,5.72
2020-02-11,601222.SH,2400.0,11904.0,4.96
2020-02-11,603167.SH,700.0,6125.0,8.75
2020-02-11,603600.SH,600.0,7194.0,11.99
2020-02-11,603608.SH,900.0,8883.0,9.87
2020-02-11,603730.SH,300.0,10806.0,36.02
2020-02-11,603801.SH,500.0,10400.0,20.8
2020-02-12,600377.SH,1000.0,10830.0,10.83
2020-02-12,600395.SH,1200.0,6852.0,5.71
2020-02-12,601222.SH,2400.0,12792.0,5.33
2020-02-12,603167.SH,700.0,6160.0,8.8
2020-02-12,603600.SH,600.0,7272.0,12.12
2020-02-12,603608.SH,900.0,8982.0,9.98
2020-02-12,603730.SH,300.0,11700.0,39.0
2020-02-12,603801.SH,500.0,10490.0,20.98
2020-02-13,600377.SH,1000.0,10810.0,10.81
2020-02-13,600395.SH,1200.0,6744.0,5.62
2020-02-13,601222.SH,2400.0,12312.0,5.13
2020-02-13,603167.SH,700.0,6062.0,8.66
2020-02-13,603600.SH,600.0,7050.0,11.75
2020-02-13,603608.SH,900.0,8550.0,9.5
2020-02-13,603730.SH,300.0,12084.0,40.28
2020-02-13,603801.SH,500.0,10430.0,20.86
2020-02-14,600377.SH,1000.0,10750.0,10.75
2020-02-14,600395.SH,1200.0,6756.0,5.63
2020-02-14,601222.SH,2400.0,12072.0,5.03
2020-02-14,603167.SH,700.0,6062.0,8.66
2020-02-14,603600.SH,600.0,7050.0,11.75
2020-02-14,603608.SH,900.0,8406.0,9.34
2020-02-14,603730.SH,300.0,11538.0,38.46
2020-02-14,603801.SH,500.0,10780.0,21.56
2020-02-17,600377.SH,1000.0,10680.0,10.68
2020-02-17,600395.SH,1200.0,6864.0,5.72
2020-02-17,601222.SH,2400.0,12480.0,5.2
2020-02-17,603167.SH,700.0,6216.0,8.88
2020-02-17,603600.SH,600.0,7260.0,12.1
2020-02-17,603608.SH,900.0,8982.0,9.98
2020-02-17,603730.SH,300.0,11607.0,38.69
2020-02-17,603801.SH,500.0,11130.0,22.26
2020-02-18,600377.SH,1000.0,10440.0,10.44
2020-02-18,600395.SH,1200.0,6900.0,5.75
2020-02-18,601222.SH,2400.0,12600.0,5.25
2020-02-18,603167.SH,700.0,6216.0,8.88
2020-02-18,603600.SH,600.0,7470.0,12.45
2020-02-18,603608.SH,900.0,9882.0,10.98
2020-02-18,603730.SH,300.0,11562.0,38.54
2020-02-18,603801.SH,500.0,10950.0,21.9
2020-02-19,600377.SH,1000.0,10350.0,10.35
2020-02-19,600395.SH,1200.0,6828.0,5.69
2020-02-19,601222.SH,2400.0,13248.0,5.52
2020-02-19,603167.SH,700.0,6279.0,8.97
2020-02-19,603600.SH,600.0,7326.0,12.21
2020-02-19,603608.SH,900.0,10296.0,11.44
2020-02-19,603730.SH,300.0,11250.0,37.5
2020-02-19,603801.SH,500.0,10790.0,21.58
2020-02-20,600377.SH,1000.0,10480.0,10.48
2020-02-20,600395.SH,1200.0,6936.0,5.78
2020-02-20,601222.SH,2400.0,13464.0,5.61
2020-02-20,603167.SH,700.0,6398.0,9.14
2020-02-20,603600.SH,600.0,7452.0,12.42
2020-02-20,603608.SH,900.0,9990.0,11.1
2020-02-20,603730.SH,300.0,11310.0,37.7
2020-02-20,603801.SH,500.0,11060.0,22.12
2020-02-21,600377.SH,1000.0,10490.0,10.49
2020-02-21,600395.SH,1200.0,7008.0,5.84
2020-02-21,601222.SH,2400.0,13752.0,5.73
2020-02-21,603167.SH,700.0,6370.0,9.1
2020-02-21,603600.SH,600.0,7602.0,12.67
2020-02-21,603608.SH,900.0,9810.0,10.9
2020-02-21,603730.SH,300.0,11190.0,37.3
2020-02-21,603801.SH,500.0,11035.0,22.07
2020-02-24,600377.SH,1000.0,10350.0,10.35
2020-02-24,600395.SH,1200.0,6936.0,5.78
2020-02-24,601222.SH,2400.0,13416.0,5.59
2020-02-24,603167.SH,700.0,6230.0,8.9
2020-02-24,603600.SH,600.0,7572.0,12.62
2020-02-24,603608.SH,900.0,10125.0,11.25
2020-02-24,603730.SH,300.0,11010.0,36.7
2020-02-24,603801.SH,500.0,10855.0,21.71
2020-02-25,600377.SH,1000.0,10260.0,10.26
2020-02-25,600395.SH,1200.0,6828.0,5.69
2020-02-25,601222.SH,2400.0,13080.0,5.45
2020-02-25,603167.SH,700.0,6104.0,8.72
2020-02-25,603600.SH,600.0,7350.0,12.25
2020-02-25,603608.SH,900.0,9783.0,10.87
2020-02-25,603730.SH,300.0,10956.0,36.52
2020-02-25,603801.SH,500.0,10600.0,21.2
2020-02-26,600377.SH,1000.0,10200.0,10.2
2020-02-26,600395.SH,1200.0,7008.0,5.84
2020-02-26,601222.SH,2400.0,12792.0,5.33
2020-02-26,603167.SH,700.0,6076.0,8.68
2020-02-26,603600.SH,600.0,7104.0,11.84
2020-02-26,603608.SH,900.0,9846.0,10.94
2020-02-26,603730.SH,300.0,10353.0,34.51
2020-02-26,603801.SH,500.0,10790.0,21.58
2020-02-27,600377.SH,1000.0,10260.0,10.26
2020-02-27,600395.SH,1200.0,6876.0,5.73
2020-02-27,601222.SH,2400.0,12960.0,5.4
2020-02-27,603167.SH,700.0,6076.0,8.68
2020-02-27,603600.SH,600.0,7188.0,11.98
2020-02-27,603608.SH,900.0,9432.0,10.48
2020-02-27,603730.SH,300.0,10806.0,36.02
2020-02-27,603801.SH,500.0,10585.0,21.17
2020-02-28,600377.SH,1000.0,10080.0,10.08
2020-02-28,600395.SH,1200.0,6612.0,5.51
2020-02-28,601222.SH,2400.0,12384.0,5.16
2020-02-28,603167.SH,700.0,5845.0,8.35
2020-02-28,603600.SH,600.0,7032.0,11.72
2020-02-28,603608.SH,900.0,8487.0,9.43
2020-02-28,603730.SH,300.0,9801.0,32.67
2020-02-28,603801.SH,500.0,9980.0,19.96
2020-03-02,600377.SH,1000.0,10200.0,10.2
2020-03-02,600395.SH,1200.0,6972.0,5.81
2020-03-02,601222.SH,2400.0,12912.0,5.38
2020-03-02,603167.SH,700.0,5992.0,8.56
2020-03-02,603600.SH,600.0,7284.0,12.14
2020-03-02,603608.SH,900.0,8631.0,9.59
2020-03-02,603730.SH,300.0,10257.0,34.19
2020-03-02,603801.SH,500.0,10645.0,21.29
2020-03-03,600377.SH,1000.0,10420.0,10.42
2020-03-03,600395.SH,1200.0,6996.0,5.83
2020-03-03,601222.SH,2400.0,13296.0,5.54
2020-03-03,603167.SH,700.0,6090.0,8.7
2020-03-03,603600.SH,600.0,7446.0,12.41
2020-03-03,603608.SH,900.0,9495.0,10.55
2020-03-03,603730.SH,300.0,10803.0,36.01
2020-03-03,603801.SH,500.0,11710.0,23.42
2020-03-04,600377.SH,1000.0,10530.0,10.53
2020-03-04,600395.SH,1200.0,7308.0,6.09
2020-03-04,601222.SH,2400.0,13464.0,5.61
2020-03-04,603167.SH,700.0,6104.0,8.72
2020-03-04,603600.SH,600.0,7434.0,12.39
2020-03-04,603608.SH,900.0,10449.0,11.61
2020-03-04,603730.SH,300.0,10497.0,34.99
2020-03-04,603801.SH,500.0,12880.0,25.76
2020-03-05,600377.SH,1000.0,10470.0,10.47
2020-03-05,600395.SH,1200.0,7392.0,6.16
2020-03-05,601222.SH,2400.0,14424.0,6.01
2020-03-05,603167.SH,700.0,6223.0,8.89
2020-03-05,603600.SH,600.0,7728.0,12.88
2020-03-05,603608.SH,900.0,11493.0,12.77
2020-03-05,603730.SH,300.0,10386.0,34.62
2020-03-05,603801.SH,500.0,12920.0,25.84
2020-03-06,600377.SH,1000.0,10400.0,10.4
2020-03-06,600395.SH,1200.0,7392.0,6.16
2020-03-06,601222.SH,2400.0,14376.0,5.99
2020-03-06,603167.SH,700.0,6188.0,8.84
2020-03-06,603600.SH,600.0,7716.0,12.86
2020-03-06,603608.SH,900.0,11637.0,12.93
2020-03-06,603730.SH,300.0,10395.0,34.65
2020-03-06,603801.SH,500.0,12615.0,25.23
2020-03-09,600377.SH,1000.0,10400.0,10.4
2020-03-09,600395.SH,1200.0,6996.0,5.83
2020-03-09,601222.SH,2400.0,13968.0,5.82
2020-03-09,603167.SH,700.0,6188.0,8.84
2020-03-09,603600.SH,600.0,7500.0,12.5
2020-03-09,603608.SH,900.0,11601.0,12.89
2020-03-09,603730.SH,300.0,9807.0,32.69
2020-03-09,603801.SH,500.0,12640.0,25.28
2020-03-10,600377.SH,1000.0,10360.0,10.36
2020-03-10,600395.SH,1200.0,7068.0,5.89
2020-03-10,601222.SH,2400.0,14112.0,5.88
2020-03-10,603167.SH,700.0,6230.0,8.9
2020-03-10,603600.SH,600.0,7422.0,12.37
2020-03-10,603608.SH,900.0,10872.0,12.08
2020-03-10,603730.SH,300.0,10077.0,33.59
2020-03-10,603801.SH,500.0,12685.0,25.37
2020-03-11,600377.SH,1000.0,10350.0,10.35
2020-03-11,600395.SH,1200.0,6996.0,5.83
2020-03-11,601222.SH,2400.0,14688.0,6.12
2020-03-11,603167.SH,700.0,6328.0,9.04
2020-03-11,603600.SH,600.0,7278.0,12.13
2020-03-11,603608.SH,900.0,11961.0,13.29
2020-03-11,603730.SH,300.0,10053.0,33.51
2020-03-11,603801.SH,500.0,12400.0,24.8
2020-03-12,600377.SH,1000.0,10350.0,10.35
2020-03-12,600395.SH,1200.0,6840.0,5.7
2020-03-12,601222.SH,2400.0,13992.0,5.83
2020-03-12,603167.SH,700.0,6160.0,8.8
2020-03-12,603600.SH,600.0,6876.0,11.46
2020-03-12,603608.SH,900.0,10764.0,11.96
2020-03-12,603730.SH,300.0,9801.0,32.67
2020-03-12,603801.SH,500.0,11700.0,23.4
2020-03-13,600377.SH,1000.0,10140.0,10.14
2020-03-13,600395.SH,1200.0,6840.0,5.7
2020-03-13,601222.SH,2400.0,14136.0,5.89
2020-03-13,603167.SH,700.0,6034.0,8.62
2020-03-13,603600.SH,600.0,6540.0,10.9
2020-03-13,603608.SH,900.0,9936.0,11.04
2020-03-13,603730.SH,300.0,9510.0,31.7
2020-03-13,603801.SH,500.0,11660.0,23.32
2020-03-16,600377.SH,1000.0,10050.0,10.05
2020-03-16,600395.SH,1200.0,6660.0,5.55
2020-03-16,601222.SH,2400.0,13296.0,5.54
2020-03-16,603167.SH,700.0,5915.0,8.45
2020-03-16,603600.SH,600.0,6846.0,11.41
2020-03-16,603608.SH,900.0,8946.0,9.94
2020-03-16,603730.SH,300.0,9030.0,30.1
2020-03-16,603801.SH,500.0,10495.0,20.99
2020-03-17,600377.SH,1000.0,9900.0,9.9
2020-03-17,600395.SH,1200.0,6636.0,5.53
2020-03-17,601222.SH,2400.0,13704.0,5.71
2020-03-17,603167.SH,700.0,5845.0,8.35
2020-03-17,603600.SH,600.0,7458.0,12.43
2020-03-17,603608.SH,900.0,9837.0,10.93
2020-03-17,603730.SH,300.0,8781.0,29.27
2020-03-17,603801.SH,500.0,10430.0,20.86
2020-03-18,600377.SH,1000.0,9650.0,9.65
2020-03-18,600395.SH,1200.0,6528.0,5.44
2020-03-18,601222.SH,2400.0,13392.0,5.58
2020-03-18,603167.SH,700.0,5740.0,8.2
2020-03-18,603600.SH,600.0,7386.0,12.31
2020-03-18,603608.SH,900.0,9423.0,10.47
2020-03-18,603730.SH,300.0,8370.0,27.9
2020-03-18,603801.SH,500.0,10250.0,20.5
2020-03-19,600377.SH,1000.0,9450.0,9.45
2020-03-19,600395.SH,1200.0,6480.0,5.4
2020-03-19,601222.SH,2400.0,13368.0,5.57
2020-03-19,603167.SH,700.0,5621.0,8.03
2020-03-19,603600.SH,600.0,7734.0,12.89
2020-03-19,603608.SH,900.0,10017.0,11.13
2020-03-19,603730.SH,300.0,8403.0,28.01
2020-03-19,603801.SH,500.0,10370.0,20.74
2020-03-20,600377.SH,1000.0,9350.0,9.35
2020-03-20,600395.SH,1200.0,6528.0,5.44
2020-03-20,601222.SH,2400.0,13536.0,5.64
2020-03-20,603167.SH,700.0,5635.0,8.05
2020-03-20,603600.SH,600.0,8208.0,13.68
2020-03-20,603608.SH,900.0,9837.0,10.93
2020-03-20,603730.SH,300.0,8253.0,27.51
2020-03-20,603801.SH,500.0,10285.0,20.57
2020-03-23,600377.SH,1000.0,9300.0,9.3
2020-03-23,600395.SH,1200.0,6312.0,5.26
2020-03-23,601222.SH,2400.0,12744.0,5.31
2020-03-23,603167.SH,700.0,5348.0,7.64
2020-03-23,603600.SH,600.0,8046.0,13.41
2020-03-23,603608.SH,900.0,9495.0,10.55
2020-03-23,603730.SH,300.0,7761.0,25.87
2020-03-23,603801.SH,500.0,9550.0,19.1
2020-03-24,600377.SH,1000.0,9800.0,9.8
2020-03-24,600395.SH,1200.0,6420.0,5.35
2020-03-24,601222.SH,2400.0,13032.0,5.43
2020-03-24,603167.SH,700.0,5439.0,7.77
2020-03-24,603600.SH,600.0,8160.0,13.6
2020-03-24,603608.SH,900.0,10449.0,11.61
2020-03-24,603730.SH,300.0,7794.0,25.98
2020-03-24,603801.SH,500.0,9805.0,19.61
2020-03-25,600377.SH,1000.0,10050.0,10.05
2020-03-25,600395.SH,1200.0,6504.0,5.42
2020-03-25,601222.SH,2400.0,13200.0,5.5
2020-03-25,603167.SH,700.0,5593.0,7.99
2020-03-25,603600.SH,600.0,8508.0,14.18
2020-03-25,603608.SH,900.0,10242.0,11.38
2020-03-25,603730.SH,300.0,8172.0,27.24
2020-03-25,603801.SH,500.0,10255.0,20.51
2020-03-26,600377.SH,1000.0,9830.0,9.83
2020-03-26,600395.SH,1200.0,6384.0,5.32
2020-03-26,601222.SH,2400.0,12672.0,5.28
2020-03-26,603167.SH,700.0,5565.0,7.95
2020-03-26,603600.SH,600.0,8400.0,14.0
2020-03-26,603608.SH,900.0,9756.0,10.84
2020-03-26,603730.SH,300.0,8088.0,26.96
2020-03-26,603801.SH,500.0,10080.0,20.16
2020-03-27,600377.SH,1000.0,9910.0,9.91
2020-03-27,600395.SH,1200.0,6384.0,5.32
2020-03-27,601222.SH,2400.0,12480.0,5.2
2020-03-27,603167.SH,700.0,5551.0,7.93
2020-03-27,603600.SH,600.0,7980.0,13.3
2020-03-27,603608.SH,900.0,10728.0,11.92
2020-03-27,603730.SH,300.0,7899.0,26.33
2020-03-27,603801.SH,500.0,10420.0,20.84
2020-03-30,600377.SH,1000.0,9770.0,9.77
2020-03-30,600395.SH,1200.0,6408.0,5.34
2020-03-30,601222.SH,2400.0,12384.0,5.16
2020-03-30,603167.SH,700.0,5460.0,7.8
2020-03-30,603600.SH,600.0,8160.0,13.6
2020-03-30,603608.SH,900.0,11205.0,12.45
2020-03-30,603730.SH,300.0,7764.0,25.88
2020-03-30,603801.SH,500.0,10245.0,20.49
2020-03-31,600377.SH,1000.0,9820.0,9.82
2020-03-31,600395.SH,1200.0,6396.0,5.33
2020-03-31,601222.SH,2400.0,12408.0,5.17
2020-03-31,603167.SH,700.0,5467.0,7.81
2020-03-31,603600.SH,600.0,8412.0,14.02
2020-03-31,603608.SH,900.0,10530.0,11.7
2020-03-31,603730.SH,300.0,7794.0,25.98
2020-03-31,603801.SH,500.0,10195.0,20.39
2020-04-01,000090.SZ,1700.0,7973.0,4.69
2020-04-01,000726.SZ,1000.0,8580.0,8.58
2020-04-01,000848.SZ,1300.0,9061.0,6.97
2020-04-01,002004.SZ,2100.0,10080.0,4.8
2020-04-01,002737.SZ,900.0,12213.0,13.57
2020-04-01,600123.SH,1600.0,8320.0,5.2
2020-04-01,600623.SH,1500.0,8025.0,5.35
2020-04-01,600859.SH,700.0,8400.0,12.0
2020-04-02,000090.SZ,1700.0,8075.0,4.75
2020-04-02,000726.SZ,1000.0,8620.0,8.62
2020-04-02,000848.SZ,1300.0,9022.0,6.94
2020-04-02,002004.SZ,2100.0,10185.0,4.85
2020-04-02,002737.SZ,900.0,12330.0,13.7
2020-04-02,600123.SH,1600.0,8448.0,5.28
2020-04-02,600623.SH,1500.0,8190.0,5.46
2020-04-02,600859.SH,700.0,8456.0,12.08
2020-04-03,000090.SZ,1700.0,8245.0,4.85
2020-04-03,000726.SZ,1000.0,8550.0,8.55
2020-04-03,000848.SZ,1300.0,8970.0,6.9
2020-04-03,002004.SZ,2100.0,10080.0,4.8
2020-04-03,002737.SZ,900.0,12357.0,13.73
2020-04-03,600123.SH,1600.0,8336.0,5.21
2020-04-03,600623.SH,1500.0,8070.0,5.38
2020-04-03,600859.SH,700.0,8393.0,11.99
2020-04-07,000090.SZ,1700.0,8245.0,4.85
2020-04-07,000726.SZ,1000.0,8950.0,8.95
2020-04-07,000848.SZ,1300.0,9308.0,7.16
2020-04-07,002004.SZ,2100.0,10269.0,4.89
2020-04-07,002737.SZ,900.0,12582.0,13.98
2020-04-07,600123.SH,1600.0,8464.0,5.29
2020-04-07,600623.SH,1500.0,8220.0,5.48
2020-04-07,600859.SH,700.0,8519.0,12.17
2020-04-08,000090.SZ,1700.0,8313.0,4.89
2020-04-08,000726.SZ,1000.0,8980.0,8.98
2020-04-08,000848.SZ,1300.0,9321.0,7.17
2020-04-08,002004.SZ,2100.0,10458.0,4.98
2020-04-08,002737.SZ,900.0,12483.0,13.87
2020-04-08,600123.SH,1600.0,8512.0,5.32
2020-04-08,600623.SH,1500.0,8235.0,5.49
2020-04-08,600859.SH,700.0,8533.0,12.19
2020-04-09,000090.SZ,1700.0,8313.0,4.89
2020-04-09,000726.SZ,1000.0,8700.0,8.7
2020-04-09,000848.SZ,1300.0,9191.0,7.07
2020-04-09,002004.SZ,2100.0,10458.0,4.98
2020-04-09,002737.SZ,900.0,12537.0,13.93
2020-04-09,600123.SH,1600.0,8480.0,5.3
2020-04-09,600623.SH,1500.0,8235.0,5.49
2020-04-09,600859.SH,700.0,8554.0,12.22
2020-04-10,000090.SZ,1700.0,8330.0,4.9
2020-04-10,000726.SZ,1000.0,8530.0,8.53
2020-04-10,000848.SZ,1300.0,8957.0,6.89
2020-04-10,002004.SZ,2100.0,10731.0,5.11
2020-04-10,002737.SZ,900.0,12384.0,13.76
2020-04-10,600123.SH,1600.0,8384.0,5.24
2020-04-10,600623.SH,1500.0,8130.0,5.42
2020-04-10,600859.SH,700.0,8421.0,12.03
2020-04-13,000090.SZ,1700.0,8670.0,5.1
2020-04-13,000726.SZ,1000.0,8560.0,8.56
2020-04-13,000848.SZ,1300.0,8970.0,6.9
2020-04-13,002004.SZ,2100.0,11151.0,5.31
2020-04-13,002737.SZ,900.0,12519.0,13.91
2020-04-13,600123.SH,1600.0,8352.0,5.22
2020-04-13,600623.SH,1500.0,8040.0,5.36
2020-04-13,600859.SH,700.0,8400.0,12.0
2020-04-14,000090.SZ,1700.0,9078.0,5.34
2020-04-14,000726.SZ,1000.0,8620.0,8.62
2020-04-14,000848.SZ,1300.0,9243.0,7.11
2020-04-14,002004.SZ,2100.0,11025.0,5.25
2020-04-14,002737.SZ,900.0,12654.0,14.06
2020-04-14,600123.SH,1600.0,8432.0,5.27
2020-04-14,600623.SH,1500.0,8160.0,5.44
2020-04-14,600859.SH,700.0,8491.0,12.13
2020-04-15,000090.SZ,1700.0,9197.0,5.41
2020-04-15,000726.SZ,1000.0,8620.0,8.62
2020-04-15,000848.SZ,1300.0,9178.0,7.06
2020-04-15,002004.SZ,2100.0,10836.0,5.16
2020-04-15,002737.SZ,900.0,12915.0,14.35
2020-04-15,600123.SH,1600.0,8368.0,5.23
2020-04-15,600623.SH,1500.0,8070.0,5.38
2020-04-15,600859.SH,700.0,8512.0,12.16
2020-04-16,000090.SZ,1700.0,9775.0,5.75
2020-04-16,000726.SZ,1000.0,8570.0,8.57
2020-04-16,000848.SZ,1300.0,9009.0,6.93
2020-04-16,002004.SZ,2100.0,11445.0,5.45
2020-04-16,002737.SZ,900.0,12861.0,14.29
2020-04-16,600123.SH,1600.0,8352.0,5.22
2020-04-16,600623.SH,1500.0,8085.0,5.39
2020-04-16,600859.SH,700.0,8512.0,12.16
2020-04-17,000090.SZ,1700.0,10013.0,5.89
2020-04-17,000726.SZ,1000.0,8580.0,8.58
2020-04-17,000848.SZ,1300.0,9087.0,6.99
2020-04-17,002004.SZ,2100.0,11319.0,5.39
2020-04-17,002737.SZ,900.0,12627.0,14.03
2020-04-17,600123.SH,1600.0,8352.0,5.22
2020-04-17,600623.SH,1500.0,8070.0,5.38
2020-04-17,600859.SH,700.0,8498.0,12.14
2020-04-20,000090.SZ,1700.0,10506.0,6.18
2020-04-20,000726.SZ,1000.0,8520.0,8.52
2020-04-20,000848.SZ,1300.0,9100.0,7.0
2020-04-20,002004.SZ,2100.0,11382.0,5.42
2020-04-20,002737.SZ,900.0,12699.0,14.11
2020-04-20,600123.SH,1600.0,8368.0,5.23
2020-04-20,600623.SH,1500.0,8175.0,5.45
2020-04-20,600859.SH,700.0,8540.0,12.2
2020-04-21,000090.SZ,1700.0,10812.0,6.36
2020-04-21,000726.SZ,1000.0,8400.0,8.4
2020-04-21,000848.SZ,1300.0,8944.0,6.88
2020-04-21,002004.SZ,2100.0,11445.0,5.45
2020-04-21,002737.SZ,900.0,12447.0,13.83
2020-04-21,600123.SH,1600.0,8288.0,5.18
2020-04-21,600623.SH,1500.0,8085.0,5.39
2020-04-21,600859.SH,700.0,8540.0,12.2
2020-04-22,000090.SZ,1700.0,11730.0,6.9
2020-04-22,000726.SZ,1000.0,8410.0,8.41
2020-04-22,000848.SZ,1300.0,9841.0,7.57
2020-04-22,002004.SZ,2100.0,10962.0,5.22
2020-04-22,002737.SZ,900.0,12501.0,13.89
2020-04-22,600123.SH,1600.0,8336.0,5.21
2020-04-22,600623.SH,1500.0,8190.0,5.46
2020-04-22,600859.SH,700.0,8610.0,12.3
2020-04-23,000090.SZ,1700.0,11271.0,6.63
2020-04-23,000726.SZ,1000.0,8410.0,8.41
2020-04-23,000848.SZ,1300.0,9607.0,7.39
2020-04-23,002004.SZ,2100.0,10899.0,5.19
2020-04-23,002737.SZ,900.0,12636.0,14.04
2020-04-23,600123.SH,1600.0,8240.0,5.15
2020-04-23,600623.SH,1500.0,8160.0,5.44
2020-04-23,600859.SH,700.0,8610.0,12.3
2020-04-24,000090.SZ,1700.0,10829.0,6.37
2020-04-24,000726.SZ,1000.0,8310.0,8.31
2020-04-24,000848.SZ,1300.0,9217.0,7.09
2020-04-24,002004.SZ,2100.0,10731.0,5.11
2020-04-24,002737.SZ,900.0,12330.0,13.7
2020-04-24,600123.SH,1600.0,8160.0,5.1
2020-04-24,600623.SH,1500.0,8025.0,5.35
2020-04-24,600859.SH,700.0,8645.0,12.35
2020-04-27,000090.SZ,1700.0,10778.0,6.34
2020-04-27,000726.SZ,1000.0,8290.0,8.29
2020-04-27,000848.SZ,1300.0,9295.0,7.15
2020-04-27,002004.SZ,2100.0,11067.0,5.27
2020-04-27,002737.SZ,900.0,12249.0,13.61
2020-04-27,600123.SH,1600.0,8048.0,5.03
2020-04-27,600623.SH,1500.0,7980.0,5.32
2020-04-27,600859.SH,700.0,8848.0,12.64
2020-04-28,000090.SZ,1700.0,10914.0,6.42
2020-04-28,000726.SZ,1000.0,8310.0,8.31
2020-04-28,000848.SZ,1300.0,8970.0,6.9
2020-04-28,002004.SZ,2100.0,11172.0,5.32
2020-04-28,002737.SZ,900.0,12339.0,13.71
2020-04-28,600123.SH,1600.0,7680.0,4.8
2020-04-28,600623.SH,1500.0,7740.0,5.16
2020-04-28,600859.SH,700.0,8645.0,12.35
2020-04-29,000090.SZ,1700.0,10795.0,6.35
2020-04-29,000726.SZ,1000.0,8420.0,8.42
2020-04-29,000848.SZ,1430.0,8622.9,6.03
2020-04-29,002004.SZ,2100.0,11508.0,5.48
2020-04-29,002737.SZ,900.0,12276.0,13.64
2020-04-29,600123.SH,1600.0,7664.0,4.79
2020-04-29,600623.SH,1500.0,7740.0,5.16
2020-04-29,600859.SH,700.0,8799.0,12.57
2020-04-30,000090.SZ,1700.0,10863.0,6.39
2020-04-30,000726.SZ,1000.0,8250.0,8.25
2020-04-30,000848.SZ,1430.0,8694.4,6.08
2020-04-30,002004.SZ,2100.0,11256.0,5.36
2020-04-30,002737.SZ,900.0,12510.0,13.9
2020-04-30,600123.SH,1600.0,7760.0,4.85
2020-04-30,600623.SH,1500.0,7830.0,5.22
2020-04-30,600859.SH,700.0,9093.0,12.99
2020-05-06,000090.SZ,1700.0,11441.0,6.73
2020-05-06,000726.SZ,1000.0,8210.0,8.21
2020-05-06,000848.SZ,1430.0,8937.5,6.25
2020-05-06,002004.SZ,2100.0,11277.0,5.37
2020-05-06,002737.SZ,900.0,12681.0,14.09
2020-05-06,600123.SH,1600.0,7776.0,4.86
2020-05-06,600623.SH,1500.0,7815.0,5.21
2020-05-06,600859.SH,700.0,9240.0,13.2
2020-05-07,000090.SZ,1700.0,11271.0,6.63
2020-05-07,000726.SZ,1000.0,8260.0,8.26
2020-05-07,000848.SZ,1430.0,8980.4,6.28
2020-05-07,002004.SZ,2100.0,11298.0,5.38
2020-05-07,002737.SZ,900.0,12636.0,14.04
2020-05-07,600123.SH,1600.0,7744.0,4.84
2020-05-07,600623.SH,1500.0,7800.0,5.2
2020-05-07,600859.SH,700.0,9730.0,13.9
2020-05-08,000090.SZ,1700.0,11186.0,6.58
2020-05-08,000726.SZ,1000.0,8270.0,8.27
2020-05-08,000848.SZ,1430.0,9051.9,6.33
2020-05-08,002004.SZ,2100.0,11277.0,5.37
2020-05-08,002737.SZ,900.0,12699.0,14.11
2020-05-08,600123.SH,1600.0,7776.0,4.86
2020-05-08,600623.SH,1500.0,7860.0,5.24
2020-05-08,600859.SH,700.0,10059.0,14.37
2020-05-11,000090.SZ,1700.0,11254.0,6.62
2020-05-11,000726.SZ,1000.0,8220.0,8.22
2020-05-11,000848.SZ,1430.0,8951.8,6.26
2020-05-11,002004.SZ,2100.0,11046.0,5.26
2020-05-11,002737.SZ,900.0,12654.0,14.06
2020-05-11,600123.SH,1600.0,7760.0,4.85
2020-05-11,600623.SH,1500.0,7830.0,5.22
2020-05-11,600859.SH,700.0,10087.0,14.41
2020-05-12,000090.SZ,1700.0,11118.0,6.54
2020-05-12,000726.SZ,1000.0,8150.0,8.15
2020-05-12,000848.SZ,1430.0,8980.4,6.28
2020-05-12,002004.SZ,2100.0,11025.0,5.25
2020-05-12,002737.SZ,900.0,12681.0,14.09
2020-05-12,600123.SH,1600.0,7696.0,4.81
2020-05-12,600623.SH,1500.0,7695.0,5.13
2020-05-12,600859.SH,700.0,10213.0,14.59
2020-05-13,000090.SZ,1700.0,11050.0,6.5
2020-05-13,000726.SZ,1000.0,8210.0,8.21
2020-05-13,000848.SZ,1430.0,9266.4,6.48
2020-05-13,002004.SZ,2100.0,10983.0,5.23
2020-05-13,002737.SZ,900.0,12852.0,14.28
2020-05-13,600123.SH,1600.0,7712.0,4.82
2020-05-13,600623.SH,1500.0,7665.0,5.11
2020-05-13,600859.SH,700.0,10976.0,15.68
2020-05-14,000090.SZ,1700.0,10999.0,6.47
2020-05-14,000726.SZ,1000.0,8100.0,8.1
2020-05-14,000848.SZ,1430.0,9266.4,6.48
2020-05-14,002004.SZ,2100.0,10836.0,5.16
2020-05-14,002737.SZ,900.0,12690.0,14.1
2020-05-14,600123.SH,1600.0,7680.0,4.8
2020-05-14,600623.SH,1500.0,7575.0,5.05
2020-05-14,600859.SH,700.0,11018.0,15.74
2020-05-15,000090.SZ,1700.0,11237.0,6.61
2020-05-15,000726.SZ,1000.0,7880.0,7.88
2020-05-15,000848.SZ,1430.0,9051.9,6.33
2020-05-15,002004.SZ,2100.0,10773.0,5.13
2020-05-15,002737.SZ,900.0,12699.0,14.11
2020-05-15,600123.SH,1600.0,7648.0,4.78
2020-05-15,600623.SH,1500.0,7590.0,5.06
2020-05-15,600859.SH,700.0,11466.0,16.38
2020-05-18,000090.SZ,1700.0,11203.0,6.59
2020-05-18,000726.SZ,1000.0,7670.0,7.67
2020-05-18,000848.SZ,1430.0,9952.8,6.96
2020-05-18,002004.SZ,2100.0,10815.0,5.15
2020-05-18,002737.SZ,900.0,12717.0,14.13
2020-05-18,600123.SH,1600.0,7728.0,4.83
2020-05-18,600623.SH,1500.0,7605.0,5.07
2020-05-18,600859.SH,700.0,12327.0,17.61
2020-05-19,000090.SZ,1700.0,11288.0,6.64
2020-05-19,000726.SZ,1000.0,7670.0,7.67
2020-05-19,000848.SZ,1430.0,10453.3,7.31
2020-05-19,002004.SZ,2100.0,10836.0,5.16
2020-05-19,002737.SZ,900.0,12789.0,14.21
2020-05-19,600123.SH,1600.0,7744.0,4.84
2020-05-19,600623.SH,1500.0,7725.0,5.15
2020-05-19,600859.SH,700.0,12439.0,17.77
2020-05-20,000090.SZ,1700.0,10965.0,6.45
2020-05-20,000726.SZ,1000.0,7690.0,7.69
2020-05-20,000848.SZ,1430.0,10553.4,7.38
2020-05-20,002004.SZ,2100.0,10710.0,5.1
2020-05-20,002737.SZ,900.0,13122.0,14.58
2020-05-20,600123.SH,1600.0,7664.0,4.79
2020-05-20,600623.SH,1500.0,7605.0,5.07
2020-05-20,600859.SH,700.0,13685.0,19.55
2020-05-21,000090.SZ,1700.0,10931.0,6.43
2020-05-21,000726.SZ,1000.0,7660.0,7.66
2020-05-21,000848.SZ,1430.0,10424.7,7.29
2020-05-21,002004.SZ,2100.0,10668.0,5.08
2020-05-21,002737.SZ,900.0,13041.0,14.49
2020-05-21,600123.SH,1600.0,7648.0,4.78
2020-05-21,600623.SH,1500.0,7830.0,5.22
2020-05-21,600859.SH,700.0,12390.0,17.7
2020-05-22,000090.SZ,1700.0,11152.0,6.56
2020-05-22,000726.SZ,1000.0,7580.0,7.58
2020-05-22,000848.SZ,1430.0,10439.0,7.3
2020-05-22,002004.SZ,2100.0,10416.0,4.96
2020-05-22,002737.SZ,900.0,13167.0,14.63
2020-05-22,600123.SH,1600.0,7504.0,4.69
2020-05-22,600623.SH,1500.0,7740.0,5.16
2020-05-22,600859.SH,700.0,13629.0,19.47
2020-05-25,000090.SZ,1700.0,11067.0,6.51
2020-05-25,000726.SZ,1000.0,7580.0,7.58
2020-05-25,000848.SZ,1430.0,10510.5,7.35
2020-05-25,002004.SZ,2100.0,10416.0,4.96
2020-05-25,002737.SZ,900.0,13518.0,15.02
2020-05-25,600123.SH,1600.0,7552.0,4.72
2020-05-25,600623.SH,1500.0,7875.0,5.25
2020-05-25,600859.SH,700.0,13300.0,19.0
2020-05-26,000090.SZ,1700.0,12053.0,7.09
2020-05-26,000726.SZ,1000.0,7640.0,7.64
2020-05-26,000848.SZ,1430.0,10510.5,7.35
2020-05-26,002004.SZ,2100.0,10563.0,5.03
2020-05-26,002737.SZ,900.0,13545.0,15.05
2020-05-26,600123.SH,1600.0,7664.0,4.79
2020-05-26,600623.SH,1500.0,7845.0,5.23
2020-05-26,600859.SH,700.0,14231.0,20.33
2020-05-27,000090.SZ,1700.0,11067.0,6.51
2020-05-27,000726.SZ,1000.0,7560.0,7.56
2020-05-27,000848.SZ,1430.0,10868.0,7.6
2020-05-27,002004.SZ,2100.0,10584.0,5.04
2020-05-27,002737.SZ,900.0,13500.0,15.0
2020-05-27,600123.SH,1600.0,7728.0,4.83
2020-05-27,600623.SH,1500.0,7740.0,5.16
2020-05-27,600859.SH,700.0,15596.0,22.28
2020-05-28,000090.SZ,1700.0,10795.0,6.35
2020-05-28,000726.SZ,1000.0,7560.0,7.56
2020-05-28,000848.SZ,1430.0,10481.9,7.33
2020-05-28,002004.SZ,2100.0,10752.0,5.12
2020-05-28,002737.SZ,900.0,12132.0,13.48
2020-05-28,600123.SH,1600.0,7744.0,4.84
2020-05-28,600623.SH,1500.0,7650.0,5.1
2020-05-28,600859.SH,700.0,15295.0,21.85
2020-05-29,000090.SZ,1700.0,10013.0,5.89
2020-05-29,000726.SZ,1000.0,7590.0,7.59
2020-05-29,000848.SZ,1430.0,10453.3,7.31
2020-05-29,002004.SZ,2100.0,10689.0,5.09
2020-05-29,002737.SZ,900.0,12060.0,13.4
2020-05-29,600123.SH,1600.0,7728.0,4.83
2020-05-29,600623.SH,1500.0,7755.0,5.17
2020-05-29,600859.SH,700.0,16828.0,24.04
2020-06-01,000090.SZ,1700.0,10812.0,6.36
2020-06-01,000726.SZ,1000.0,7680.0,7.68
2020-06-01,000848.SZ,1430.0,10539.1,7.37
2020-06-01,002004.SZ,2100.0,10857.0,5.17
2020-06-01,002737.SZ,900.0,12213.0,13.57
2020-06-01,600123.SH,1600.0,7808.0,4.88
2020-06-01,600623.SH,1500.0,7890.0,5.26
2020-06-01,600859.SH,700.0,18508.0,26.44
2020-06-02,000090.SZ,1700.0,11067.0,6.51
2020-06-02,000726.SZ,1000.0,7730.0,7.73
2020-06-02,000848.SZ,1430.0,10381.8,7.26
2020-06-02,002004.SZ,2100.0,10857.0,5.17
2020-06-02,002737.SZ,900.0,12222.0,13.58
2020-06-02,600123.SH,1600.0,7840.0,4.9
2020-06-02,600623.SH,1500.0,7965.0,5.31
2020-06-02,600859.SH,700.0,17514.0,25.02
2020-06-03,000090.SZ,1700.0,10948.0,6.44
2020-06-03,000726.SZ,1000.0,7680.0,7.68
2020-06-03,000848.SZ,1430.0,10296.0,7.2
2020-06-03,002004.SZ,2100.0,10836.0,5.16
2020-06-03,002737.SZ,900.0,12537.0,13.93
2020-06-03,600123.SH,1600.0,7840.0,4.9
2020-06-03,600623.SH,1500.0,7905.0,5.27
2020-06-03,600859.SH,700.0,18375.0,26.25
2020-06-04,000090.SZ,1700.0,10557.0,6.21
2020-06-04,000726.SZ,1000.0,7720.0,7.72
2020-06-04,000848.SZ,1430.0,10582.0,7.4
2020-06-04,002004.SZ,2100.0,11214.0,5.34
2020-06-04,002737.SZ,900.0,12600.0,14.0
2020-06-04,600123.SH,1600.0,7792.0,4.87
2020-06-04,600623.SH,1500.0,7890.0,5.26
2020-06-04,600859.SH,700.0,18116.0,25.88
2020-06-05,000090.SZ,1700.0,10472.0,6.16
2020-06-05,000726.SZ,1000.0,7700.0,7.7
2020-06-05,000848.SZ,1430.0,10253.1,7.17
2020-06-05,002004.SZ,2100.0,11109.0,5.29
2020-06-05,002737.SZ,900.0,12483.0,13.87
2020-06-05,600123.SH,1600.0,7792.0,4.87
2020-06-05,600623.SH,1500.0,8055.0,5.37
2020-06-05,600859.SH,700.0,17241.0,24.63
2020-06-08,000090.SZ,1700.0,10523.0,6.19
2020-06-08,000726.SZ,1000.0,7660.0,7.66
2020-06-08,000848.SZ,1430.0,10052.9,7.03
2020-06-08,002004.SZ,2100.0,11277.0,5.37
2020-06-08,002737.SZ,900.0,12375.0,13.75
2020-06-08,600123.SH,1600.0,7840.0,4.9
2020-06-08,600623.SH,1500.0,7995.0,5.33
2020-06-08,600859.SH,700.0,17423.0,24.89
2020-06-09,000090.SZ,1700.0,10438.0,6.14
2020-06-09,000726.SZ,1000.0,7730.0,7.73
2020-06-09,000848.SZ,1430.0,10138.7,7.09
2020-06-09,002004.SZ,2100.0,11487.0,5.47
2020-06-09,002737.SZ,900.0,12564.0,13.96
2020-06-09,600123.SH,1600.0,7856.0,4.91
2020-06-09,600623.SH,1500.0,7950.0,5.3
2020-06-09,600859.SH,700.0,19166.0,27.38
2020-06-10,000090.SZ,1700.0,10455.0,6.15
2020-06-10,000726.SZ,1000.0,7700.0,7.7
2020-06-10,000848.SZ,1430.0,10067.2,7.04
2020-06-10,002004.SZ,2100.0,11613.0,5.53
2020-06-10,002737.SZ,900.0,12537.0,13.93
2020-06-10,600123.SH,1600.0,7776.0,4.86
2020-06-10,600623.SH,1500.0,7860.0,5.24
2020-06-10,600859.SH,700.0,21084.0,30.12
2020-06-11,000090.SZ,1700.0,10404.0,6.12
2020-06-11,000726.SZ,1000.0,7670.0,7.67
2020-06-11,000848.SZ,1430.0,9809.8,6.86
2020-06-11,002004.SZ,2100.0,11025.0,5.25
2020-06-11,002737.SZ,900.0,12294.0,13.66
2020-06-11,600123.SH,1600.0,7728.0,4.83
2020-06-11,600623.SH,1500.0,7785.0,5.19
2020-06-11,600859.SH,700.0,23191.0,33.13
2020-06-12,000090.SZ,1700.0,10387.0,6.11
2020-06-12,000726.SZ,1000.0,7660.0,7.66
2020-06-12,000848.SZ,1430.0,9766.9,6.83
2020-06-12,002004.SZ,2100.0,10962.0,5.22
2020-06-12,002737.SZ,900.0,12177.0,13.53
2020-06-12,600123.SH,1600.0,7680.0,4.8
2020-06-12,600623.SH,1500.0,7740.0,5.16
2020-06-12,600859.SH,700.0,25508.0,36.44
2020-06-15,000090.SZ,1700.0,11033.0,6.49
2020-06-15,000726.SZ,1000.0,7680.0,7.68
2020-06-15,000848.SZ,1430.0,9938.5,6.95
2020-06-15,002004.SZ,2100.0,10983.0,5.23
2020-06-15,002737.SZ,900.0,12564.0,13.96
2020-06-15,600123.SH,1600.0,7584.0,4.74
2020-06-15,600623.SH,1500.0,7755.0,5.17
2020-06-15,600859.SH,700.0,28056.0,40.08
2020-06-16,000090.SZ,1700.0,11186.0,6.58
2020-06-16,000726.SZ,1000.0,7740.0,7.74
2020-06-16,000848.SZ,1430.0,10010.0,7.0
2020-06-16,002004.SZ,2100.0,11088.0,5.28
2020-06-16,002737.SZ,900.0,12771.0,14.19
2020-06-16,600123.SH,1600.0,7728.0,4.83
2020-06-16,600623.SH,1500.0,7860.0,5.24
2020-06-16,600859.SH,700.0,29645.0,42.35
2020-06-17,000090.SZ,1700.0,10914.0,6.42
2020-06-17,000726.SZ,1000.0,7720.0,7.72
2020-06-17,000848.SZ,1430.0,9952.8,6.96
2020-06-17,002004.SZ,2100.0,11424.0,5.44
2020-06-17,002737.SZ,900.0,12960.0,14.4
2020-06-17,600123.SH,1600.0,7808.0,4.88
2020-06-17,600623.SH,1500.0,7860.0,5.24
2020-06-17,600859.SH,700.0,29190.0,41.7
2020-06-18,000090.SZ,1700.0,11764.0,6.92
2020-06-18,000726.SZ,1000.0,7840.0,7.84
2020-06-18,000848.SZ,1430.0,9867.0,6.9
2020-06-18,002004.SZ,2100.0,11340.0,5.4
2020-06-18,002737.SZ,900.0,12681.0,14.09
2020-06-18,600123.SH,1600.0,8112.0,5.07
2020-06-18,600623.SH,1500.0,7860.0,5.24
2020-06-18,600859.SH,700.0,27720.0,39.6
2020-06-19,000090.SZ,1700.0,11781.0,6.93
2020-06-19,000726.SZ,1000.0,7830.0,7.83
2020-06-19,000848.SZ,1430.0,9909.9,6.93
2020-06-19,002004.SZ,2100.0,11067.0,5.27
2020-06-19,002737.SZ,900.0,12699.0,14.11
2020-06-19,600123.SH,1600.0,8016.0,5.01
2020-06-19,600623.SH,1500.0,7920.0,5.28
2020-06-19,600859.SH,700.0,26558.0,37.94
2020-06-22,000090.SZ,1700.0,11458.0,6.74
2020-06-22,000726.SZ,1000.0,7830.0,7.83
2020-06-22,000848.SZ,1430.0,9909.9,6.93
2020-06-22,002004.SZ,2100.0,10962.0,5.22
2020-06-22,002737.SZ,900.0,12492.0,13.88
2020-06-22,600123.SH,1600.0,7632.0,4.77
2020-06-22,600623.SH,1500.0,7920.0,5.28
2020-06-22,600859.SH,700.0,28000.0,40.0
2020-06-23,000090.SZ,1700.0,11407.0,6.71
2020-06-23,000726.SZ,1000.0,7760.0,7.76
2020-06-23,000848.SZ,1430.0,10138.7,7.09
2020-06-23,002004.SZ,2100.0,11172.0,5.32
2020-06-23,002737.SZ,900.0,12564.0,13.96
2020-06-23,600123.SH,1600.0,7568.0,4.73
2020-06-23,600623.SH,1500.0,7815.0,5.21
2020-06-23,600859.SH,700.0,29330.0,41.9
2020-06-24,000090.SZ,1700.0,11305.0,6.65
2020-06-24,000726.SZ,1000.0,7690.0,7.69
2020-06-24,000848.SZ,1430.0,9881.3,6.91
2020-06-24,002004.SZ,2100.0,11046.0,5.26
2020-06-24,002737.SZ,900.0,12771.0,14.19
2020-06-24,600123.SH,1600.0,7552.0,4.72
2020-06-24,600623.SH,1500.0,7770.0,5.18
2020-06-24,600859.SH,700.0,28140.0,40.2
2020-06-29,000090.SZ,1700.0,11713.0,6.89
2020-06-29,000726.SZ,1000.0,7560.0,7.56
2020-06-29,000848.SZ,1430.0,9924.2,6.94
2020-06-29,002004.SZ,2100.0,11235.0,5.35
2020-06-29,002737.SZ,900.0,12861.0,14.29
2020-06-29,600123.SH,1600.0,7488.0,4.68
2020-06-29,600623.SH,1500.0,7680.0,5.12
2020-06-29,600859.SH,700.0,28987.0,41.41
2020-06-30,000090.SZ,1700.0,11747.0,6.91
2020-06-30,000726.SZ,1000.0,7580.0,7.58
2020-06-30,000848.SZ,1430.0,10010.0,7.0
2020-06-30,002004.SZ,2100.0,11298.0,5.38
2020-06-30,002737.SZ,900.0,13167.0,14.63
2020-06-30,600123.SH,1600.0,7536.0,4.71
2020-06-30,600623.SH,1500.0,7740.0,5.16
2020-06-30,600859.SH,700.0,31885.0,45.55
2020-07-01,603116.SH,1500.0,11790.0,7.86
2020-07-01,603239.SH,900.0,12888.0,14.32
2020-07-01,603298.SH,1600.0,17248.0,10.78
2020-07-01,603699.SH,700.0,11305.0,16.15
2020-07-01,603788.SH,700.0,12894.0,18.42
2020-07-01,603855.SH,400.0,6868.0,17.17
2020-07-01,603985.SH,900.0,14445.0,16.05
2020-07-01,603988.SH,700.0,9471.0,13.53
2020-07-02,603116.SH,1500.0,12270.0,8.18
2020-07-02,603239.SH,900.0,12924.0,14.36
2020-07-02,603298.SH,1600.0,18160.0,11.35
2020-07-02,603699.SH,700.0,11144.0,15.92
2020-07-02,603788.SH,700.0,12523.0,17.89
2020-07-02,603855.SH,400.0,7248.0,18.12
2020-07-02,603985.SH,900.0,14310.0,15.9
2020-07-02,603988.SH,700.0,10010.0,14.3
2020-07-03,603116.SH,1500.0,12045.0,8.03
2020-07-03,603239.SH,900.0,12789.0,14.21
2020-07-03,603298.SH,1600.0,18560.0,11.6
2020-07-03,603699.SH,700.0,11221.0,16.03
2020-07-03,603788.SH,700.0,12467.0,17.81
2020-07-03,603855.SH,400.0,7284.0,18.21
2020-07-03,603985.SH,900.0,14310.0,15.9
2020-07-03,603988.SH,700.0,9835.0,14.05
2020-07-06,603116.SH,1500.0,12300.0,8.2
2020-07-06,603239.SH,900.0,13185.0,14.65
2020-07-06,603298.SH,1600.0,18848.0,11.78
2020-07-06,603699.SH,700.0,11858.0,16.94
2020-07-06,603788.SH,700.0,13034.0,18.62
2020-07-06,603855.SH,400.0,7320.0,18.3
2020-07-06,603985.SH,900.0,15741.0,17.49
2020-07-06,603988.SH,700.0,10066.0,14.38
2020-07-07,603116.SH,1500.0,12870.0,8.58
2020-07-07,603239.SH,900.0,13140.0,14.6
2020-07-07,603298.SH,1600.0,18672.0,11.67
2020-07-07,603699.SH,700.0,11732.0,16.76
2020-07-07,603788.SH,700.0,13419.0,19.17
2020-07-07,603855.SH,400.0,7348.0,18.37
2020-07-07,603985.SH,900.0,15660.0,17.4
2020-07-07,603988.SH,700.0,10227.0,14.61
2020-07-08,603116.SH,1500.0,12810.0,8.54
2020-07-08,603239.SH,900.0,13635.0,15.15
2020-07-08,603298.SH,1600.0,18896.0,11.81
2020-07-08,603699.SH,700.0,12285.0,17.55
2020-07-08,603788.SH,700.0,13419.0,19.17
2020-07-08,603855.SH,400.0,7532.0,18.83
2020-07-08,603985.SH,900.0,15768.0,17.52
2020-07-08,603988.SH,700.0,10171.0,14.53
2020-07-09,603116.SH,1500.0,12735.0,8.49
2020-07-09,603239.SH,900.0,13698.0,15.22
2020-07-09,603298.SH,1600.0,18976.0,11.86
2020-07-09,603699.SH,700.0,12236.0,17.48
2020-07-09,603788.SH,700.0,13881.0,19.83
2020-07-09,603855.SH,400.0,7564.0,18.91
2020-07-09,603985.SH,900.0,16290.0,18.1
2020-07-09,603988.SH,700.0,11186.0,15.98
2020-07-10,603116.SH,1500.0,12615.0,8.41
2020-07-10,603239.SH,900.0,14220.0,15.8
2020-07-10,603298.SH,1600.0,18896.0,11.81
2020-07-10,603699.SH,700.0,11788.0,16.84
2020-07-10,603788.SH,700.0,13678.0,19.54
2020-07-10,603855.SH,400.0,7456.0,18.64
2020-07-10,603985.SH,900.0,16281.0,18.09
2020-07-10,603988.SH,700.0,10675.0,15.25
2020-07-13,603116.SH,1500.0,13245.0,8.83
2020-07-13,603239.SH,900.0,15345.0,17.05
2020-07-13,603298.SH,1600.0,19920.0,12.45
2020-07-13,603699.SH,700.0,11648.0,16.64
2020-07-13,603788.SH,700.0,14105.0,20.15
2020-07-13,603855.SH,400.0,7648.0,19.12
2020-07-13,603985.SH,900.0,17910.0,19.9
2020-07-13,603988.SH,700.0,11445.0,16.35
2020-07-14,603116.SH,1500.0,13200.0,8.8
2020-07-14,603239.SH,900.0,15723.0,17.47
2020-07-14,603298.SH,1600.0,19744.0,12.34
2020-07-14,603699.SH,700.0,11823.0,16.89
2020-07-14,603788.SH,700.0,13496.0,19.28
2020-07-14,603855.SH,400.0,8104.0,20.26
2020-07-14,603985.SH,900.0,18216.0,20.24
2020-07-14,603988.SH,700.0,12145.0,17.35
2020-07-15,603116.SH,1500.0,13755.0,9.17
2020-07-15,603239.SH,900.0,14391.0,15.99
2020-07-15,603298.SH,1600.0,19808.0,12.38
2020-07-15,603699.SH,700.0,11550.0,16.5
2020-07-15,603788.SH,700.0,13314.0,19.02
2020-07-15,603855.SH,400.0,8036.0,20.09
2020-07-15,603985.SH,900.0,18720.0,20.8
2020-07-15,603988.SH,700.0,11676.0,16.68
2020-07-16,603116.SH,1500.0,13395.0,8.93
2020-07-16,603239.SH,900.0,14940.0,16.6
2020-07-16,603298.SH,1600.0,18608.0,11.63
2020-07-16,603699.SH,700.0,11060.0,15.8
2020-07-16,603788.SH,700.0,12705.0,18.15
2020-07-16,603855.SH,400.0,7676.0,19.19
2020-07-16,603985.SH,900.0,17199.0,19.11
2020-07-16,603988.SH,700.0,10507.0,15.01
2020-07-17,603116.SH,1500.0,13095.0,8.73
2020-07-17,603239.SH,900.0,14868.0,16.52
2020-07-17,603298.SH,1600.0,19216.0,12.01
2020-07-17,603699.SH,700.0,10745.0,15.35
2020-07-17,603788.SH,700.0,12355.0,17.65
2020-07-17,603855.SH,400.0,8076.0,20.19
2020-07-17,603985.SH,900.0,17982.0,19.98
2020-07-17,603988.SH,700.0,10423.0,14.89
2020-07-20,603116.SH,1500.0,12600.0,8.4
2020-07-20,603239.SH,900.0,15813.0,17.57
2020-07-20,603298.SH,1600.0,20656.0,12.91
2020-07-20,603699.SH,700.0,11200.0,16.0
2020-07-20,603788.SH,700.0,12789.0,18.27
2020-07-20,603855.SH,400.0,8476.0,21.19
2020-07-20,603985.SH,900.0,19224.0,21.36
2020-07-20,603988.SH,700.0,11151.0,15.93
2020-07-21,603116.SH,1500.0,12735.0,8.49
2020-07-21,603239.SH,900.0,15534.0,17.26
2020-07-21,603298.SH,1600.0,21104.0,13.19
2020-07-21,603699.SH,700.0,11431.0,16.33
2020-07-21,603788.SH,700.0,12796.0,18.28
2020-07-21,603855.SH,400.0,8540.0,21.35
2020-07-21,603985.SH,900.0,20898.0,23.22
2020-07-21,603988.SH,700.0,11151.0,15.93
2020-07-22,603116.SH,1500.0,12495.0,8.33
2020-07-22,603239.SH,900.0,16560.0,18.4
2020-07-22,603298.SH,1600.0,20928.0,13.08
2020-07-22,603699.SH,700.0,11263.0,16.09
2020-07-22,603788.SH,700.0,12873.0,18.39
2020-07-22,603855.SH,400.0,8448.0,21.12
2020-07-22,603985.SH,900.0,20673.0,22.97
2020-07-22,603988.SH,700.0,11207.0,16.01
2020-07-23,603116.SH,1500.0,12150.0,8.1
2020-07-23,603239.SH,900.0,16677.0,18.53
2020-07-23,603298.SH,1600.0,21024.0,13.14
2020-07-23,603699.SH,700.0,11459.0,16.37
2020-07-23,603788.SH,700.0,12544.0,17.92
2020-07-23,603855.SH,400.0,7916.0,19.79
2020-07-23,603985.SH,900.0,22743.0,25.27
2020-07-23,603988.SH,700.0,11718.0,16.74
2020-07-24,603116.SH,1500.0,11715.0,7.81
2020-07-24,603239.SH,900.0,15462.0,17.18
2020-07-24,603298.SH,1600.0,20208.0,12.63
2020-07-24,603699.SH,700.0,11025.0,15.75
2020-07-24,603788.SH,700.0,11991.0,17.13
2020-07-24,603855.SH,400.0,7620.0,19.05
2020-07-24,603985.SH,900.0,23670.0,26.3
2020-07-24,603988.SH,700.0,11263.0,16.09
2020-07-27,603116.SH,1500.0,11565.0,7.71
2020-07-27,603239.SH,900.0,15282.0,16.98
2020-07-27,603298.SH,1600.0,20112.0,12.57
2020-07-27,603699.SH,700.0,11032.0,15.76
2020-07-27,603788.SH,700.0,11893.0,16.99
2020-07-27,603855.SH,400.0,7560.0,18.9
2020-07-27,603985.SH,900.0,22770.0,25.3
2020-07-27,603988.SH,700.0,12278.0,17.54
2020-07-28,603116.SH,1500.0,11775.0,7.85
2020-07-28,603239.SH,900.0,14985.0,16.65
2020-07-28,603298.SH,1600.0,19936.0,12.46
2020-07-28,603699.SH,700.0,11480.0,16.4
2020-07-28,603788.SH,700.0,11970.0,17.1
2020-07-28,603855.SH,400.0,7420.0,18.55
2020-07-28,603985.SH,900.0,23580.0,26.2
2020-07-28,603988.SH,700.0,13503.0,19.29
2020-07-29,603116.SH,1500.0,12030.0,8.02
2020-07-29,603239.SH,900.0,15498.0,17.22
2020-07-29,603298.SH,1600.0,20320.0,12.7
2020-07-29,603699.SH,700.0,11977.0,17.11
2020-07-29,603788.SH,700.0,12320.0,17.6
2020-07-29,603855.SH,400.0,7708.0,19.27
2020-07-29,603985.SH,900.0,23940.0,26.6
2020-07-29,603988.SH,700.0,13356.0,19.08
2020-07-30,603116.SH,1500.0,11805.0,7.87
2020-07-30,603239.SH,900.0,15282.0,16.98
2020-07-30,603298.SH,1600.0,20288.0,12.68
2020-07-30,603699.SH,700.0,11886.0,16.98
2020-07-30,603788.SH,700.0,11956.0,17.08
2020-07-30,603855.SH,400.0,7396.0,18.49
2020-07-30,603985.SH,900.0,23832.0,26.48
2020-07-30,603988.SH,700.0,13888.0,19.84
2020-07-31,603116.SH,1500.0,11880.0,7.92
2020-07-31,603239.SH,900.0,15345.0,17.05
2020-07-31,603298.SH,1600.0,20192.0,12.62
2020-07-31,603699.SH,700.0,11893.0,16.99
2020-07-31,603788.SH,700.0,12040.0,17.2
2020-07-31,603855.SH,400.0,7288.0,18.22
2020-07-31,603985.SH,900.0,25326.0,28.14
2020-07-31,603988.SH,700.0,13720.0,19.6
2020-08-03,603116.SH,1500.0,12090.0,8.06
2020-08-03,603239.SH,900.0,15651.0,17.39
2020-08-03,603298.SH,1600.0,20528.0,12.83
2020-08-03,603699.SH,700.0,11900.0,17.0
2020-08-03,603788.SH,700.0,12425.0,17.75
2020-08-03,603855.SH,400.0,7880.0,19.7
2020-08-03,603985.SH,900.0,24795.0,27.55
2020-08-03,603988.SH,700.0,13867.0,19.81
2020-08-04,603116.SH,1500.0,11865.0,7.91
2020-08-04,603239.SH,900.0,16119.0,17.91
2020-08-04,603298.SH,1600.0,20288.0,12.68
2020-08-04,603699.SH,700.0,11725.0,16.75
2020-08-04,603788.SH,700.0,12376.0,17.68
2020-08-04,603855.SH,400.0,7552.0,18.88
2020-08-04,603985.SH,900.0,23409.0,26.01
2020-08-04,603988.SH,700.0,13223.0,18.89
2020-08-05,603116.SH,1500.0,11805.0,7.87
2020-08-05,603239.SH,900.0,15867.0,17.63
2020-08-05,603298.SH,1600.0,20704.0,12.94
2020-08-05,603699.SH,700.0,11760.0,16.8
2020-08-05,603788.SH,700.0,12558.0,17.94
2020-08-05,603855.SH,400.0,7368.0,18.42
2020-08-05,603985.SH,900.0,24390.0,27.1
2020-08-05,603988.SH,700.0,13307.0,19.01
2020-08-06,603116.SH,1500.0,11700.0,7.8
2020-08-06,603239.SH,900.0,15147.0,16.83
2020-08-06,603298.SH,1600.0,22224.0,13.89
2020-08-06,603699.SH,700.0,11788.0,16.84
2020-08-06,603788.SH,700.0,12439.0,17.77
2020-08-06,603855.SH,400.0,7308.0,18.27
2020-08-06,603985.SH,900.0,24282.0,26.98
2020-08-06,603988.SH,700.0,13069.0,18.67
2020-08-07,603116.SH,1500.0,11610.0,7.74
2020-08-07,603239.SH,900.0,15210.0,16.9
2020-08-07,603298.SH,1600.0,22160.0,13.85
2020-08-07,603699.SH,700.0,11382.0,16.26
2020-08-07,603788.SH,700.0,12250.0,17.5
2020-08-07,603855.SH,400.0,7364.0,18.41
2020-08-07,603985.SH,900.0,23940.0,26.6
2020-08-07,603988.SH,700.0,12810.0,18.3
2020-08-10,603116.SH,1500.0,11775.0,7.85
2020-08-10,603239.SH,900.0,14994.0,16.66
2020-08-10,603298.SH,1600.0,22080.0,13.8
2020-08-10,603699.SH,700.0,11396.0,16.28
2020-08-10,603788.SH,700.0,12299.0,17.57
2020-08-10,603855.SH,400.0,7680.0,19.2
2020-08-10,603985.SH,900.0,24849.0,27.61
2020-08-10,603988.SH,700.0,13258.0,18.94
2020-08-11,603116.SH,1500.0,11625.0,7.75
2020-08-11,603239.SH,900.0,14508.0,16.12
2020-08-11,603298.SH,1600.0,23216.0,14.51
2020-08-11,603699.SH,700.0,11193.0,15.99
2020-08-11,603788.SH,700.0,12495.0,17.85
2020-08-11,603855.SH,400.0,7676.0,19.19
2020-08-11,603985.SH,900.0,24165.0,26.85
2020-08-11,603988.SH,700.0,12691.0,18.13
2020-08-12,603116.SH,1500.0,11400.0,7.6
2020-08-12,603239.SH,900.0,14553.0,16.17
2020-08-12,603298.SH,1600.0,21648.0,13.53
2020-08-12,603699.SH,700.0,10843.0,15.49
2020-08-12,603788.SH,700.0,12880.0,18.4
2020-08-12,603855.SH,400.0,7180.0,17.95
2020-08-12,603985.SH,900.0,23418.0,26.02
2020-08-12,603988.SH,700.0,12355.0,17.65
2020-08-13,603116.SH,1500.0,11490.0,7.66
2020-08-13,603239.SH,900.0,14778.0,16.42
2020-08-13,603298.SH,1600.0,22448.0,14.03
2020-08-13,603699.SH,700.0,10738.0,15.34
2020-08-13,603788.SH,700.0,12845.0,18.35
2020-08-13,603855.SH,400.0,7120.0,17.8
2020-08-13,603985.SH,900.0,24309.0,27.01
2020-08-13,603988.SH,700.0,12250.0,17.5
2020-08-14,603116.SH,1500.0,11490.0,7.66
2020-08-14,603239.SH,900.0,14886.0,16.54
2020-08-14,603298.SH,1600.0,23712.0,14.82
2020-08-14,603699.SH,700.0,10948.0,15.64
2020-08-14,603788.SH,700.0,12943.0,18.49
2020-08-14,603855.SH,400.0,7016.0,17.54
2020-08-14,603985.SH,900.0,24795.0,27.55
2020-08-14,603988.SH,700.0,12551.0,17.93
2020-08-17,603116.SH,1500.0,11670.0,7.78
2020-08-17,603239.SH,900.0,15570.0,17.3
2020-08-17,603298.SH,1600.0,26080.0,16.3
2020-08-17,603699.SH,700.0,11249.0,16.07
2020-08-17,603788.SH,700.0,12999.0,18.57
2020-08-17,603855.SH,400.0,7660.0,19.15
2020-08-17,603985.SH,900.0,25380.0,28.2
2020-08-17,603988.SH,700.0,13111.0,18.73
2020-08-18,603116.SH,1500.0,11700.0,7.8
2020-08-18,603239.SH,900.0,16830.0,18.7
2020-08-18,603298.SH,1600.0,26480.0,16.55
2020-08-18,603699.SH,700.0,11487.0,16.41
2020-08-18,603788.SH,700.0,13356.0,19.08
2020-08-18,603855.SH,400.0,7616.0,19.04
2020-08-18,603985.SH,900.0,26442.0,29.38
2020-08-18,603988.SH,700.0,12999.0,18.57
2020-08-19,603116.SH,1500.0,11475.0,7.65
2020-08-19,603239.SH,900.0,16425.0,18.25
2020-08-19,603298.SH,1600.0,25888.0,16.18
2020-08-19,603699.SH,700.0,11326.0,16.18
2020-08-19,603788.SH,700.0,13209.0,18.87
2020-08-19,603855.SH,400.0,7552.0,18.88
2020-08-19,603985.SH,900.0,25740.0,28.6
2020-08-19,603988.SH,700.0,12859.0,18.37
2020-08-20,603116.SH,1500.0,11325.0,7.55
2020-08-20,603239.SH,900.0,15552.0,17.28
2020-08-20,603298.SH,1600.0,25616.0,16.01
2020-08-20,603699.SH,700.0,11081.0,15.83
2020-08-20,603788.SH,700.0,13090.0,18.7
2020-08-20,603855.SH,400.0,7460.0,18.65
2020-08-20,603985.SH,900.0,25767.0,28.63
2020-08-20,603988.SH,700.0,12719.0,18.17
2020-08-21,603116.SH,1500.0,11475.0,7.65
2020-08-21,603239.SH,900.0,16020.0,17.8
2020-08-21,603298.SH,1600.0,26224.0,16.39
2020-08-21,603699.SH,700.0,11312.0,16.16
2020-08-21,603788.SH,700.0,13097.0,18.71
2020-08-21,603855.SH,400.0,7540.0,18.85
2020-08-21,603985.SH,900.0,25236.0,28.04
2020-08-21,603988.SH,700.0,12509.0,17.87
2020-08-24,603116.SH,1500.0,11460.0,7.64
2020-08-24,603239.SH,900.0,16029.0,17.81
2020-08-24,603298.SH,1600.0,25152.0,15.72
2020-08-24,603699.SH,700.0,11116.0,15.88
2020-08-24,603788.SH,700.0,13412.0,19.16
2020-08-24,603855.SH,400.0,7592.0,18.98
2020-08-24,603985.SH,900.0,25848.0,28.72
2020-08-24,603988.SH,700.0,11830.0,16.9
2020-08-25,603116.SH,1500.0,11430.0,7.62
2020-08-25,603239.SH,900.0,16254.0,18.06
2020-08-25,603298.SH,1600.0,25648.0,16.03
2020-08-25,603699.SH,700.0,11228.0,16.04
2020-08-25,603788.SH,700.0,13209.0,18.87
2020-08-25,603855.SH,400.0,7560.0,18.9
2020-08-25,603985.SH,900.0,25281.0,28.09
2020-08-25,603988.SH,700.0,11928.0,17.04
2020-08-26,603116.SH,1500.0,11130.0,7.42
2020-08-26,603239.SH,900.0,16713.0,18.57
2020-08-26,603298.SH,1600.0,24624.0,15.39
2020-08-26,603699.SH,700.0,11046.0,15.78
2020-08-26,603788.SH,700.0,13230.0,18.9
2020-08-26,603855.SH,400.0,7552.0,18.88
2020-08-26,603985.SH,900.0,24912.0,27.68
2020-08-26,603988.SH,700.0,11431.0,16.33
2020-08-27,603116.SH,1500.0,11175.0,7.45
2020-08-27,603239.SH,900.0,16587.0,18.43
2020-08-27,603298.SH,1600.0,24880.0,15.55
2020-08-27,603699.SH,700.0,11214.0,16.02
2020-08-27,603788.SH,700.0,13195.0,18.85
2020-08-27,603855.SH,400.0,7472.0,18.68
2020-08-27,603985.SH,900.0,24552.0,27.28
2020-08-27,603988.SH,700.0,11536.0,16.48
2020-08-28,603116.SH,1500.0,11250.0,7.5
2020-08-28,603239.SH,900.0,16812.0,18.68
2020-08-28,603298.SH,1600.0,25168.0,15.73
2020-08-28,603699.SH,700.0,11438.0,16.34
2020-08-28,603788.SH,700.0,12971.0,18.53
2020-08-28,603855.SH,400.0,7756.0,19.39
2020-08-28,603985.SH,900.0,25317.0,28.13
2020-08-28,603988.SH,700.0,11760.0,16.8
2020-08-31,603116.SH,1500.0,11310.0,7.54
2020-08-31,603239.SH,900.0,16065.0,17.85
2020-08-31,603298.SH,1600.0,25392.0,15.87
2020-08-31,603699.SH,700.0,11445.0,16.35
2020-08-31,603788.SH,700.0,13153.0,18.79
2020-08-31,603855.SH,400.0,7600.0,19.0
2020-08-31,603985.SH,900.0,25020.0,27.8
2020-08-31,603988.SH,700.0,11676.0,16.68
2020-09-01,603116.SH,1500.0,11325.0,7.55
2020-09-01,603239.SH,900.0,15984.0,17.76
2020-09-01,603298.SH,1600.0,26800.0,16.75
2020-09-01,603699.SH,700.0,11445.0,16.35
2020-09-01,603788.SH,700.0,13258.0,18.94
2020-09-01,603855.SH,400.0,7628.0,19.07
2020-09-01,603985.SH,900.0,24795.0,27.55
2020-09-01,603988.SH,700.0,11774.0,16.82
2020-09-02,603116.SH,1500.0,11340.0,7.56
2020-09-02,603239.SH,900.0,15948.0,17.72
2020-09-02,603298.SH,1600.0,26560.0,16.6
2020-09-02,603699.SH,700.0,11333.0,16.19
2020-09-02,603788.SH,700.0,13727.0,19.61
2020-09-02,603855.SH,400.0,7580.0,18.95
2020-09-02,603985.SH,900.0,23751.0,26.39
2020-09-02,603988.SH,700.0,11613.0,16.59
2020-09-03,603116.SH,1500.0,11265.0,7.51
2020-09-03,603239.SH,900.0,15579.0,17.31
2020-09-03,603298.SH,1600.0,26592.0,16.62
2020-09-03,603699.SH,700.0,11298.0,16.14
2020-09-03,603788.SH,700.0,13734.0,19.62
2020-09-03,603855.SH,400.0,7440.0,18.6
2020-09-03,603985.SH,900.0,23400.0,26.0
2020-09-03,603988.SH,700.0,11375.0,16.25
2020-09-04,603116.SH,1500.0,11130.0,7.42
2020-09-04,603239.SH,900.0,15705.0,17.45
2020-09-04,603298.SH,1600.0,25488.0,15.93
2020-09-04,603699.SH,700.0,11200.0,16.0
2020-09-04,603788.SH,700.0,13825.0,19.75
2020-09-04,603855.SH,400.0,7268.0,18.17
2020-09-04,603985.SH,900.0,23337.0,25.93
2020-09-04,603988.SH,700.0,11424.0,16.32
2020-09-07,603116.SH,1500.0,10965.0,7.31
2020-09-07,603239.SH,900.0,15012.0,16.68
2020-09-07,603298.SH,1600.0,24832.0,15.52
2020-09-07,603699.SH,700.0,10780.0,15.4
2020-09-07,603788.SH,700.0,13384.0,19.12
2020-09-07,603855.SH,400.0,7288.0,18.22
2020-09-07,603985.SH,900.0,23400.0,26.0
2020-09-07,603988.SH,700.0,11375.0,16.25
2020-09-08,603116.SH,1500.0,10995.0,7.33
2020-09-08,603239.SH,900.0,14760.0,16.4
2020-09-08,603298.SH,1600.0,24288.0,15.18
2020-09-08,603699.SH,700.0,10745.0,15.35
2020-09-08,603788.SH,700.0,13174.0,18.82
2020-09-08,603855.SH,400.0,7280.0,18.2
2020-09-08,603985.SH,900.0,23796.0,26.44
2020-09-08,603988.SH,700.0,10626.0,15.18
2020-09-09,603116.SH,1500.0,10830.0,7.22
2020-09-09,603239.SH,900.0,14085.0,15.65
2020-09-09,603298.SH,1600.0,23680.0,14.8
2020-09-09,603699.SH,700.0,10563.0,15.09
2020-09-09,603788.SH,700.0,12285.0,17.55
2020-09-09,603855.SH,400.0,6988.0,17.47
2020-09-09,603985.SH,900.0,23895.0,26.55
2020-09-09,603988.SH,700.0,9863.0,14.09
2020-09-10,603116.SH,1500.0,10470.0,6.98
2020-09-10,603239.SH,900.0,13815.0,15.35
2020-09-10,603298.SH,1600.0,23024.0,14.39
2020-09-10,603699.SH,700.0,10136.0,14.48
2020-09-10,603788.SH,700.0,12019.0,17.17
2020-09-10,603855.SH,400.0,6996.0,17.49
2020-09-10,603985.SH,900.0,23310.0,25.9
2020-09-10,603988.SH,700.0,9695.0,13.85
2020-09-11,603116.SH,1500.0,10695.0,7.13
2020-09-11,603239.SH,900.0,13698.0,15.22
2020-09-11,603298.SH,1600.0,23760.0,14.85
2020-09-11,603699.SH,700.0,10346.0,14.78
2020-09-11,603788.SH,700.0,12124.0,17.32
2020-09-11,603855.SH,400.0,7140.0,17.85
2020-09-11,603985.SH,900.0,24840.0,27.6
2020-09-11,603988.SH,700.0,10066.0,14.38
2020-09-14,603116.SH,1500.0,10680.0,7.12
2020-09-14,603239.SH,900.0,13410.0,14.9
2020-09-14,603298.SH,1600.0,23552.0,14.72
2020-09-14,603699.SH,700.0,10304.0,14.72
2020-09-14,603788.SH,700.0,11795.0,16.85
2020-09-14,603855.SH,400.0,7040.0,17.6
2020-09-14,603985.SH,900.0,26199.0,29.11
2020-09-14,603988.SH,700.0,10045.0,14.35
2020-09-15,603116.SH,1500.0,11025.0,7.35
2020-09-15,603239.SH,900.0,13617.0,15.13
2020-09-15,603298.SH,1600.0,23936.0,14.96
2020-09-15,603699.SH,700.0,10710.0,15.3
2020-09-15,603788.SH,700.0,11914.0,17.02
2020-09-15,603855.SH,400.0,7028.0,17.57
2020-09-15,603985.SH,900.0,26280.0,29.2
2020-09-15,603988.SH,700.0,9891.0,14.13
2020-09-16,603116.SH,1500.0,10740.0,7.16
2020-09-16,603239.SH,900.0,13518.0,15.02
2020-09-16,603298.SH,1600.0,23792.0,14.87
2020-09-16,603699.SH,700.0,10444.0,14.92
2020-09-16,603788.SH,700.0,11900.0,17.0
2020-09-16,603855.SH,400.0,7024.0,17.56
2020-09-16,603985.SH,900.0,26298.0,29.22
2020-09-16,603988.SH,700.0,9891.0,14.13
2020-09-17,603116.SH,1500.0,10785.0,7.19
2020-09-17,603239.SH,900.0,13275.0,14.75
2020-09-17,603298.SH,1600.0,23952.0,14.97
2020-09-17,603699.SH,700.0,10360.0,14.8
2020-09-17,603788.SH,700.0,12383.0,17.69
2020-09-17,603855.SH,400.0,7164.0,17.91
2020-09-17,603985.SH,900.0,28449.0,31.61
2020-09-17,603988.SH,700.0,9877.0,14.11
2020-09-18,603116.SH,1500.0,10890.0,7.26
2020-09-18,603239.SH,900.0,13419.0,14.91
2020-09-18,603298.SH,1600.0,24752.0,15.47
2020-09-18,603699.SH,700.0,10367.0,14.81
2020-09-18,603788.SH,700.0,12565.0,17.95
2020-09-18,603855.SH,400.0,7216.0,18.04
2020-09-18,603985.SH,900.0,29205.0,32.45
2020-09-18,603988.SH,700.0,10045.0,14.35
2020-09-21,603116.SH,1500.0,10980.0,7.32
2020-09-21,603239.SH,900.0,13329.0,14.81
2020-09-21,603298.SH,1600.0,24880.0,15.55
2020-09-21,603699.SH,700.0,10234.0,14.62
2020-09-21,603788.SH,700.0,12607.0,18.01
2020-09-21,603855.SH,400.0,7216.0,18.04
2020-09-21,603985.SH,900.0,26289.0,29.21
2020-09-21,603988.SH,700.0,9996.0,14.28
2020-09-22,603116.SH,1500.0,10710.0,7.14
2020-09-22,603239.SH,900.0,13275.0,14.75
2020-09-22,603298.SH,1600.0,24480.0,15.3
2020-09-22,603699.SH,700.0,10465.0,14.95
2020-09-22,603788.SH,700.0,12236.0,17.48
2020-09-22,603855.SH,400.0,7260.0,18.15
2020-09-22,603985.SH,900.0,24642.0,27.38
2020-09-22,603988.SH,700.0,9835.0,14.05
2020-09-23,603116.SH,1500.0,10710.0,7.14
2020-09-23,603239.SH,900.0,13239.0,14.71
2020-09-23,603298.SH,1600.0,24448.0,15.28
2020-09-23,603699.SH,700.0,10269.0,14.67
2020-09-23,603788.SH,700.0,12194.0,17.42
2020-09-23,603855.SH,400.0,7340.0,18.35
2020-09-23,603985.SH,900.0,24264.0,26.96
2020-09-23,603988.SH,700.0,10010.0,14.3
2020-09-24,603116.SH,1500.0,10485.0,6.99
2020-09-24,603239.SH,900.0,13266.0,14.74
2020-09-24,603298.SH,1600.0,23808.0,14.88
2020-09-24,603699.SH,700.0,10045.0,14.35
2020-09-24,603788.SH,700.0,11865.0,16.95
2020-09-24,603855.SH,400.0,7432.0,18.58
2020-09-24,603985.SH,900.0,23454.0,26.06
2020-09-24,603988.SH,700.0,9695.0,13.85
2020-09-25,603116.SH,1500.0,10365.0,6.91
2020-09-25,603239.SH,900.0,13545.0,15.05
2020-09-25,603298.SH,1600.0,24816.0,15.51
2020-09-25,603699.SH,700.0,10066.0,14.38
2020-09-25,603788.SH,700.0,11900.0,17.0
2020-09-25,603855.SH,400.0,7164.0,17.91
2020-09-25,603985.SH,900.0,23184.0,25.76
2020-09-25,603988.SH,700.0,9548.0,13.64
2020-09-28,603116.SH,1500.0,10350.0,6.9
2020-09-28,603239.SH,900.0,13554.0,15.06
2020-09-28,603298.SH,1600.0,24816.0,15.51
2020-09-28,603699.SH,700.0,10346.0,14.78
2020-09-28,603788.SH,700.0,11683.0,16.69
2020-09-28,603855.SH,400.0,7236.0,18.09
2020-09-28,603985.SH,900.0,23130.0,25.7
2020-09-28,603988.SH,700.0,9422.0,13.46
2020-09-29,603116.SH,1500.0,10275.0,6.85
2020-09-29,603239.SH,900.0,13428.0,14.92
2020-09-29,603298.SH,1600.0,24896.0,15.56
2020-09-29,603699.SH,700.0,10430.0,14.9
2020-09-29,603788.SH,700.0,11914.0,17.02
2020-09-29,603855.SH,400.0,7252.0,18.13
2020-09-29,603985.SH,900.0,23346.0,25.94
2020-09-29,603988.SH,700.0,9597.0,13.71
2020-09-30,603116.SH,1500.0,10200.0,6.8
2020-09-30,603239.SH,900.0,13455.0,14.95
2020-09-30,603298.SH,1600.0,24992.0,15.62
2020-09-30,603699.SH,700.0,10738.0,15.34
2020-09-30,603788.SH,700.0,11662.0,16.66
2020-09-30,603855.SH,400.0,7104.0,17.76
2020-09-30,603985.SH,900.0,24066.0,26.74
2020-09-30,603988.SH,700.0,9779.0,13.97
2020-10-09,600863.SH,7600.0,19760.0,2.6
2020-10-09,601828.SH,2000.0,19500.0,9.75
2020-10-09,601898.SH,5400.0,21546.0,3.99
2020-10-09,601928.SH,2400.0,17568.0,7.32
2020-10-09,603110.SH,400.0,7884.0,19.71
2020-10-09,603298.SH,800.0,13160.0,16.45
2020-10-09,603808.SH,600.0,8874.0,14.79
2020-10-09,603877.SH,200.0,5892.0,29.46
2020-10-12,600863.SH,7600.0,20216.0,2.66
2020-10-12,601828.SH,2000.0,19660.0,9.83
2020-10-12,601898.SH,5400.0,21978.0,4.07
2020-10-12,601928.SH,2400.0,17856.0,7.44
2020-10-12,603110.SH,400.0,8416.0,21.04
2020-10-12,603298.SH,800.0,13072.0,16.34
2020-10-12,603808.SH,600.0,9456.0,15.76
2020-10-12,603877.SH,200.0,6012.0,30.06
2020-10-13,600863.SH,7600.0,19988.0,2.63
2020-10-13,601828.SH,2000.0,19560.0,9.78
2020-10-13,601898.SH,5400.0,21924.0,4.06
2020-10-13,601928.SH,2400.0,17736.0,7.39
2020-10-13,603110.SH,400.0,7928.0,19.82
2020-10-13,603298.SH,800.0,14144.0,17.68
2020-10-13,603808.SH,600.0,9726.0,16.21
2020-10-13,603877.SH,200.0,6614.0,33.07
2020-10-14,600863.SH,7600.0,20140.0,2.65
2020-10-14,601828.SH,2000.0,19340.0,9.67
2020-10-14,601898.SH,5400.0,21924.0,4.06
2020-10-14,601928.SH,2400.0,17472.0,7.28
2020-10-14,603110.SH,400.0,8440.0,21.1
2020-10-14,603298.SH,800.0,14184.0,17.73
2020-10-14,603808.SH,600.0,9870.0,16.45
2020-10-14,603877.SH,200.0,6680.0,33.4
2020-10-15,600863.SH,7600.0,19988.0,2.63
2020-10-15,601828.SH,2000.0,19240.0,9.62
2020-10-15,601898.SH,5400.0,22194.0,4.11
2020-10-15,601928.SH,2400.0,17232.0,7.18
2020-10-15,603110.SH,400.0,8516.0,21.29
2020-10-15,603298.SH,800.0,14240.0,17.8
2020-10-15,603808.SH,600.0,10536.0,17.56
2020-10-15,603877.SH,200.0,6652.0,33.26
2020-10-16,600863.SH,7600.0,20444.0,2.69
2020-10-16,601828.SH,2000.0,19340.0,9.67
2020-10-16,601898.SH,5400.0,22572.0,4.18
2020-10-16,601928.SH,2400.0,17160.0,7.15
2020-10-16,603110.SH,400.0,8376.0,20.94
2020-10-16,603298.SH,800.0,14104.0,17.63
2020-10-16,603808.SH,600.0,10794.0,17.99
2020-10-16,603877.SH,200.0,6760.0,33.8
2020-10-19,600863.SH,7600.0,20368.0,2.68
2020-10-19,601828.SH,2000.0,19540.0,9.77
2020-10-19,601898.SH,5400.0,22032.0,4.08
2020-10-19,601928.SH,2400.0,17184.0,7.16
2020-10-19,603110.SH,400.0,8168.0,20.42
2020-10-19,603298.SH,800.0,14256.0,17.82
2020-10-19,603808.SH,600.0,10608.0,17.68
2020-10-19,603877.SH,200.0,6746.0,33.73
2020-10-20,600863.SH,7600.0,20368.0,2.68
2020-10-20,601828.SH,2000.0,19480.0,9.74
2020-10-20,601898.SH,5400.0,21978.0,4.07
2020-10-20,601928.SH,2400.0,17280.0,7.2
2020-10-20,603110.SH,400.0,8124.0,20.31
2020-10-20,603298.SH,800.0,14944.0,18.68
2020-10-20,603808.SH,600.0,10620.0,17.7
2020-10-20,603877.SH,200.0,7420.0,37.1
2020-10-21,600863.SH,7600.0,20064.0,2.64
2020-10-21,601828.SH,2000.0,19560.0,9.78
2020-10-21,601898.SH,5400.0,21978.0,4.07
2020-10-21,601928.SH,2400.0,17376.0,7.24
2020-10-21,603110.SH,400.0,8200.0,20.5
2020-10-21,603298.SH,800.0,15800.0,19.75
2020-10-21,603808.SH,600.0,10590.0,17.65
2020-10-21,603877.SH,200.0,7338.0,36.69
2020-10-22,600863.SH,7600.0,19912.0,2.62
2020-10-22,601828.SH,2000.0,19380.0,9.69
2020-10-22,601898.SH,5400.0,21978.0,4.07
2020-10-22,601928.SH,2400.0,17592.0,7.33
2020-10-22,603110.SH,400.0,8240.0,20.6
2020-10-22,603298.SH,800.0,16088.0,20.11
2020-10-22,603808.SH,600.0,10590.0,17.65
2020-10-22,603877.SH,200.0,8072.0,40.36
2020-10-23,600863.SH,7600.0,20064.0,2.64
2020-10-23,601828.SH,2000.0,19320.0,9.66
2020-10-23,601898.SH,5400.0,21870.0,4.05
2020-10-23,601928.SH,2400.0,17688.0,7.37
2020-10-23,603110.SH,400.0,8320.0,20.8
2020-10-23,603298.SH,800.0,15104.0,18.88
2020-10-23,603808.SH,600.0,10260.0,17.1
2020-10-23,603877.SH,200.0,8498.0,42.49
2020-10-26,600863.SH,7600.0,20064.0,2.64
2020-10-26,601828.SH,2000.0,19080.0,9.54
2020-10-26,601898.SH,5400.0,21654.0,4.01
2020-10-26,601928.SH,2400.0,17400.0,7.25
2020-10-26,603110.SH,400.0,8536.0,21.34
2020-10-26,603298.SH,800.0,16352.0,20.44
2020-10-26,603808.SH,600.0,10836.0,18.06
2020-10-26,603877.SH,200.0,8292.0,41.46
2020-10-27,600863.SH,7600.0,19836.0,2.61
2020-10-27,601828.SH,2000.0,19000.0,9.5
2020-10-27,601898.SH,5400.0,21438.0,3.97
2020-10-27,601928.SH,2400.0,17232.0,7.18
2020-10-27,603110.SH,400.0,8676.0,21.69
2020-10-27,603298.SH,800.0,15720.0,19.65
2020-10-27,603808.SH,600.0,10758.0,17.93
2020-10-27,603877.SH,200.0,8042.0,40.21
2020-10-28,600863.SH,7600.0,19760.0,2.6
2020-10-28,601828.SH,2000.0,18740.0,9.37
2020-10-28,601898.SH,5400.0,21492.0,3.98
2020-10-28,601928.SH,2400.0,17112.0,7.13
2020-10-28,603110.SH,400.0,8584.0,21.46
2020-10-28,603298.SH,800.0,15720.0,19.65
2020-10-28,603808.SH,600.0,10800.0,18.0
2020-10-28,603877.SH,200.0,8026.0,40.13
2020-10-29,600863.SH,7600.0,19684.0,2.59
2020-10-29,601828.SH,2000.0,18860.0,9.43
2020-10-29,601898.SH,5400.0,21384.0,3.96
2020-10-29,601928.SH,2400.0,16848.0,7.02
2020-10-29,603110.SH,400.0,8600.0,21.5
2020-10-29,603298.SH,800.0,15560.0,19.45
2020-10-29,603808.SH,600.0,9720.0,16.2
2020-10-29,603877.SH,200.0,8042.0,40.21
2020-10-30,600863.SH,7600.0,19532.0,2.57
2020-10-30,601828.SH,2000.0,18600.0,9.3
2020-10-30,601898.SH,5400.0,21222.0,3.93
2020-10-30,601928.SH,2400.0,16632.0,6.93
2020-10-30,603110.SH,400.0,8548.0,21.37
2020-10-30,603298.SH,800.0,15184.0,18.98
2020-10-30,603808.SH,600.0,8748.0,14.58
2020-10-30,603877.SH,200.0,7796.0,38.98
2020-11-02,600863.SH,7600.0,19456.0,2.56
2020-11-02,601828.SH,2000.0,18580.0,9.29
2020-11-02,601898.SH,5400.0,21276.0,3.94
2020-11-02,601928.SH,2400.0,16632.0,6.93
2020-11-02,603110.SH,400.0,8180.0,20.45
2020-11-02,603298.SH,800.0,15848.0,19.81
2020-11-02,603808.SH,600.0,8070.0,13.45
2020-11-02,603877.SH,200.0,8506.0,42.53
2020-11-03,600863.SH,7600.0,19760.0,2.6
2020-11-03,601828.SH,2000.0,18800.0,9.4
2020-11-03,601898.SH,5400.0,21978.0,4.07
2020-11-03,601928.SH,2400.0,16776.0,6.99
2020-11-03,603110.SH,400.0,8168.0,20.42
2020-11-03,603298.SH,800.0,16048.0,20.06
2020-11-03,603808.SH,600.0,8100.0,13.5
2020-11-03,603877.SH,200.0,8480.0,42.4
2020-11-04,600863.SH,7600.0,19532.0,2.57
2020-11-04,601828.SH,2000.0,18620.0,9.31
2020-11-04,601898.SH,5400.0,21708.0,4.02
2020-11-04,601928.SH,2400.0,16296.0,6.79
2020-11-04,603110.SH,400.0,8060.0,20.15
2020-11-04,603298.SH,800.0,16800.0,21.0
2020-11-04,603808.SH,600.0,7818.0,13.03
2020-11-04,603877.SH,200.0,8462.0,42.31
2020-11-05,600863.SH,7600.0,19760.0,2.6
2020-11-05,601828.SH,2000.0,18760.0,9.38
2020-11-05,601898.SH,5400.0,21870.0,4.05
2020-11-05,601928.SH,2400.0,16464.0,6.86
2020-11-05,603110.SH,400.0,8112.0,20.28
2020-11-05,603298.SH,800.0,16816.0,21.02
2020-11-05,603808.SH,600.0,8040.0,13.4
2020-11-05,603877.SH,200.0,8458.0,42.29
2020-11-06,600863.SH,7600.0,19760.0,2.6
2020-11-06,601828.SH,2000.0,18920.0,9.46
2020-11-06,601898.SH,5400.0,22194.0,4.11
2020-11-06,601928.SH,2400.0,16464.0,6.86
2020-11-06,603110.SH,400.0,7968.0,19.92
2020-11-06,603298.SH,800.0,16544.0,20.68
2020-11-06,603808.SH,600.0,8004.0,13.34
2020-11-06,603877.SH,200.0,8212.0,41.06
2020-11-09,600863.SH,7600.0,19988.0,2.63
2020-11-09,601828.SH,2000.0,19100.0,9.55
2020-11-09,601898.SH,5400.0,22464.0,4.16
2020-11-09,601928.SH,2400.0,16608.0,6.92
2020-11-09,603110.SH,400.0,8200.0,20.5
2020-11-09,603298.SH,800.0,16056.0,20.07
2020-11-09,603808.SH,600.0,8634.0,14.39
2020-11-09,603877.SH,200.0,8146.0,40.73
2020-11-10,600863.SH,7600.0,19760.0,2.6
2020-11-10,601828.SH,2000.0,19040.0,9.52
2020-11-10,601898.SH,5400.0,22356.0,4.14
2020-11-10,601928.SH,2400.0,16464.0,6.86
2020-11-10,603110.SH,400.0,8068.0,20.17
2020-11-10,603298.SH,800.0,16000.0,20.0
2020-11-10,603808.SH,600.0,8502.0,14.17
2020-11-10,603877.SH,200.0,7994.0,39.97
2020-11-11,600863.SH,7600.0,19912.0,2.62
2020-11-11,601828.SH,2000.0,18880.0,9.44
2020-11-11,601898.SH,5400.0,22680.0,4.2
2020-11-11,601928.SH,2400.0,16512.0,6.88
2020-11-11,603110.SH,400.0,8048.0,20.12
2020-11-11,603298.SH,800.0,15552.0,19.44
2020-11-11,603808.SH,600.0,8238.0,13.73
2020-11-11,603877.SH,200.0,7630.0,38.15
2020-11-12,600863.SH,7600.0,20064.0,2.64
2020-11-12,601828.SH,2000.0,18780.0,9.39
2020-11-12,601898.SH,5400.0,22626.0,4.19
2020-11-12,601928.SH,2400.0,16608.0,6.92
2020-11-12,603110.SH,400.0,8188.0,20.47
2020-11-12,603298.SH,800.0,16000.0,20.0
2020-11-12,603808.SH,600.0,8328.0,13.88
2020-11-12,603877.SH,200.0,7598.0,37.99
2020-11-13,600863.SH,7600.0,19760.0,2.6
2020-11-13,601828.SH,2000.0,18680.0,9.34
2020-11-13,601898.SH,5400.0,22356.0,4.14
2020-11-13,601928.SH,2400.0,16392.0,6.83
2020-11-13,603110.SH,400.0,8248.0,20.62
2020-11-13,603298.SH,800.0,15520.0,19.4
2020-11-13,603808.SH,600.0,8334.0,13.89
2020-11-13,603877.SH,200.0,7634.0,38.17
2020-11-16,600863.SH,7600.0,20140.0,2.65
2020-11-16,601828.SH,2000.0,18800.0,9.4
2020-11-16,601898.SH,5400.0,23166.0,4.29
2020-11-16,601928.SH,2400.0,16464.0,6.86
2020-11-16,603110.SH,400.0,8396.0,20.99
2020-11-16,603298.SH,800.0,15816.0,19.77
2020-11-16,603808.SH,600.0,8394.0,13.99
2020-11-16,603877.SH,200.0,7606.0,38.03
2020-11-17,600863.SH,7600.0,20140.0,2.65
2020-11-17,601828.SH,2000.0,18780.0,9.39
2020-11-17,601898.SH,5400.0,22896.0,4.24
2020-11-17,601928.SH,2400.0,16680.0,6.95
2020-11-17,603110.SH,400.0,8444.0,21.11
2020-11-17,603298.SH,800.0,15688.0,19.61
2020-11-17,603808.SH,600.0,8400.0,14.0
2020-11-17,603877.SH,200.0,7432.0,37.16
2020-11-18,600863.SH,7600.0,20064.0,2.64
2020-11-18,601828.SH,2000.0,18840.0,9.42
2020-11-18,601898.SH,5400.0,23058.0,4.27
2020-11-18,601928.SH,2400.0,16608.0,6.92
2020-11-18,603110.SH,400.0,8368.0,20.92
2020-11-18,603298.SH,800.0,15264.0,19.08
2020-11-18,603808.SH,600.0,8352.0,13.92
2020-11-18,603877.SH,200.0,7416.0,37.08
2020-11-19,600863.SH,7600.0,19988.0,2.63
2020-11-19,601828.SH,2000.0,18960.0,9.48
2020-11-19,601898.SH,5400.0,22842.0,4.23
2020-11-19,601928.SH,2400.0,16632.0,6.93
2020-11-19,603110.SH,400.0,8132.0,20.33
2020-11-19,603298.SH,800.0,16072.0,20.09
2020-11-19,603808.SH,600.0,8250.0,13.75
2020-11-19,603877.SH,200.0,7600.0,38.0
2020-11-20,600863.SH,7600.0,20140.0,2.65
2020-11-20,601828.SH,2000.0,18880.0,9.44
2020-11-20,601898.SH,5400.0,23112.0,4.28
2020-11-20,601928.SH,2400.0,16656.0,6.94
2020-11-20,603110.SH,400.0,8288.0,20.72
2020-11-20,603298.SH,800.0,16712.0,20.89
2020-11-20,603808.SH,600.0,8292.0,13.82
2020-11-20,603877.SH,200.0,7624.0,38.12
2020-11-23,600863.SH,7600.0,20216.0,2.66
2020-11-23,601828.SH,2000.0,18840.0,9.42
2020-11-23,601898.SH,5400.0,24246.0,4.49
2020-11-23,601928.SH,2400.0,16608.0,6.92
2020-11-23,603110.SH,400.0,8032.0,20.08
2020-11-23,603298.SH,800.0,16992.0,21.24
2020-11-23,603808.SH,600.0,8298.0,13.83
2020-11-23,603877.SH,200.0,7456.0,37.28
2020-11-24,600863.SH,7600.0,19988.0,2.63
2020-11-24,601828.SH,2000.0,18800.0,9.4
2020-11-24,601898.SH,5400.0,24138.0,4.47
2020-11-24,601928.SH,2400.0,16584.0,6.91
2020-11-24,603110.SH,400.0,8032.0,20.08
2020-11-24,603298.SH,800.0,17096.0,21.37
2020-11-24,603808.SH,600.0,8280.0,13.8
2020-11-24,603877.SH,200.0,7324.0,36.62
2020-11-25,600863.SH,7600.0,19988.0,2.63
2020-11-25,601828.SH,2000.0,18860.0,9.43
2020-11-25,601898.SH,5400.0,23922.0,4.43
2020-11-25,601928.SH,2400.0,16536.0,6.89
2020-11-25,603110.SH,400.0,7952.0,19.88
2020-11-25,603298.SH,800.0,16440.0,20.55
2020-11-25,603808.SH,600.0,8202.0,13.67
2020-11-25,603877.SH,200.0,7180.0,35.9
2020-11-26,600863.SH,7600.0,20368.0,2.68
2020-11-26,601828.SH,2000.0,18580.0,9.29
2020-11-26,601898.SH,5400.0,23652.0,4.38
2020-11-26,601928.SH,2400.0,16560.0,6.9
2020-11-26,603110.SH,400.0,7860.0,19.65
2020-11-26,603298.SH,800.0,16024.0,20.03
2020-11-26,603808.SH,600.0,8316.0,13.86
2020-11-26,603877.SH,200.0,7188.0,35.94
2020-11-27,600863.SH,7600.0,20064.0,2.64
2020-11-27,601828.SH,2000.0,18560.0,9.28
2020-11-27,601898.SH,5400.0,23976.0,4.44
2020-11-27,601928.SH,2400.0,16680.0,6.95
2020-11-27,603110.SH,400.0,7800.0,19.5
2020-11-27,603298.SH,800.0,16224.0,20.28
2020-11-27,603808.SH,600.0,8262.0,13.77
2020-11-27,603877.SH,200.0,7228.0,36.14
2020-11-30,600863.SH,7600.0,19760.0,2.6
2020-11-30,601828.SH,2000.0,18520.0,9.26
2020-11-30,601898.SH,5400.0,24030.0,4.45
2020-11-30,601928.SH,2400.0,16608.0,6.92
2020-11-30,603110.SH,400.0,8040.0,20.1
2020-11-30,603298.SH,800.0,16000.0,20.0
2020-11-30,603808.SH,600.0,8214.0,13.69
2020-11-30,603877.SH,200.0,7010.0,35.05
2020-12-01,600863.SH,7600.0,19760.0,2.6
2020-12-01,601828.SH,2000.0,18620.0,9.31
2020-12-01,601898.SH,5400.0,24084.0,4.46
2020-12-01,601928.SH,2400.0,16656.0,6.94
2020-12-01,603110.SH,400.0,7932.0,19.83
2020-12-01,603298.SH,800.0,16736.0,20.92
2020-12-01,603808.SH,600.0,8244.0,13.74
2020-12-01,603877.SH,200.0,7242.0,36.21
2020-12-02,600863.SH,7600.0,19912.0,2.62
2020-12-02,601828.SH,2000.0,18560.0,9.28
2020-12-02,601898.SH,5400.0,24732.0,4.58
2020-12-02,601928.SH,2400.0,16800.0,7.0
2020-12-02,603110.SH,400.0,7864.0,19.66
2020-12-02,603298.SH,800.0,17184.0,21.48
2020-12-02,603808.SH,600.0,8190.0,13.65
2020-12-02,603877.SH,200.0,7292.0,36.46
2020-12-03,600863.SH,7600.0,19836.0,2.61
2020-12-03,601828.SH,2000.0,18560.0,9.28
2020-12-03,601898.SH,5400.0,23760.0,4.4
2020-12-03,601928.SH,2400.0,16704.0,6.96
2020-12-03,603110.SH,400.0,7796.0,19.49
2020-12-03,603298.SH,800.0,16624.0,20.78
2020-12-03,603808.SH,600.0,8196.0,13.66
2020-12-03,603877.SH,200.0,7060.0,35.3
2020-12-04,600863.SH,7600.0,19760.0,2.6
2020-12-04,601828.SH,2000.0,18500.0,9.25
2020-12-04,601898.SH,5400.0,23760.0,4.4
2020-12-04,601928.SH,2400.0,16704.0,6.96
2020-12-04,603110.SH,400.0,7840.0,19.6
2020-12-04,603298.SH,800.0,16568.0,20.71
2020-12-04,603808.SH,600.0,8196.0,13.66
2020-12-04,603877.SH,200.0,7046.0,35.23
2020-12-07,600863.SH,7600.0,19684.0,2.59
2020-12-07,601828.SH,2000.0,18440.0,9.22
2020-12-07,601898.SH,5400.0,23274.0,4.31
2020-12-07,601928.SH,2400.0,16464.0,6.86
2020-12-07,603110.SH,400.0,7800.0,19.5
2020-12-07,603298.SH,800.0,16696.0,20.87
2020-12-07,603808.SH,600.0,7974.0,13.29
2020-12-07,603877.SH,200.0,7064.0,35.32
2020-12-08,600863.SH,7600.0,19532.0,2.57
2020-12-08,601828.SH,2000.0,18220.0,9.11
2020-12-08,601898.SH,5400.0,23058.0,4.27
2020-12-08,601928.SH,2400.0,16440.0,6.85
2020-12-08,603110.SH,400.0,7892.0,19.73
2020-12-08,603298.SH,800.0,16816.0,21.02
2020-12-08,603808.SH,600.0,8178.0,13.63
2020-12-08,603877.SH,200.0,6800.0,34.0
2020-12-09,600863.SH,7600.0,19456.0,2.56
2020-12-09,601828.SH,2000.0,17880.0,8.94
2020-12-09,601898.SH,5400.0,23328.0,4.32
2020-12-09,601928.SH,2400.0,16272.0,6.78
2020-12-09,603110.SH,400.0,7924.0,19.81
2020-12-09,603298.SH,800.0,16448.0,20.56
2020-12-09,603808.SH,600.0,8052.0,13.42
2020-12-09,603877.SH,200.0,6584.0,32.92
2020-12-10,600863.SH,7600.0,19456.0,2.56
2020-12-10,601828.SH,2000.0,17900.0,8.95
2020-12-10,601898.SH,5400.0,23706.0,4.39
2020-12-10,601928.SH,2400.0,16464.0,6.86
2020-12-10,603110.SH,400.0,7748.0,19.37
2020-12-10,603298.SH,800.0,16272.0,20.34
2020-12-10,603808.SH,600.0,8058.0,13.43
2020-12-10,603877.SH,200.0,6586.0,32.93
2020-12-11,600863.SH,7600.0,19380.0,2.55
2020-12-11,601828.SH,2000.0,17800.0,8.9
2020-12-11,601898.SH,5400.0,23868.0,4.42
2020-12-11,601928.SH,2400.0,16560.0,6.9
2020-12-11,603110.SH,400.0,8160.0,20.4
2020-12-11,603298.SH,800.0,16096.0,20.12
2020-12-11,603808.SH,600.0,7836.0,13.06
2020-12-11,603877.SH,200.0,6632.0,33.16
2020-12-14,600863.SH,7600.0,19228.0,2.53
2020-12-14,601828.SH,2000.0,17500.0,8.75
2020-12-14,601898.SH,5400.0,22464.0,4.16
2020-12-14,601928.SH,2400.0,16488.0,6.87
2020-12-14,603110.SH,400.0,7960.0,19.9
2020-12-14,603298.SH,800.0,15968.0,19.96
2020-12-14,603808.SH,600.0,7854.0,13.09
2020-12-14,603877.SH,200.0,6740.0,33.7
2020-12-15,600863.SH,7600.0,19076.0,2.51
2020-12-15,601828.SH,2000.0,17460.0,8.73
2020-12-15,601898.SH,5400.0,22194.0,4.11
2020-12-15,601928.SH,2400.0,16608.0,6.92
2020-12-15,603110.SH,400.0,7824.0,19.56
2020-12-15,603298.SH,800.0,16552.0,20.69
2020-12-15,603808.SH,600.0,7890.0,13.15
2020-12-15,603877.SH,200.0,6758.0,33.79
2020-12-16,600863.SH,7600.0,19152.0,2.52
2020-12-16,601828.SH,2000.0,17200.0,8.6
2020-12-16,601898.SH,5400.0,22194.0,4.11
2020-12-16,601928.SH,2400.0,16416.0,6.84
2020-12-16,603110.SH,400.0,7892.0,19.73
2020-12-16,603298.SH,800.0,16624.0,20.78
2020-12-16,603808.SH,600.0,7734.0,12.89
2020-12-16,603877.SH,200.0,6870.0,34.35
2020-12-17,600863.SH,7600.0,19456.0,2.56
2020-12-17,601828.SH,2000.0,17160.0,8.58
2020-12-17,601898.SH,5400.0,23328.0,4.32
2020-12-17,601928.SH,2400.0,16440.0,6.85
2020-12-17,603110.SH,400.0,7892.0,19.73
2020-12-17,603298.SH,800.0,17120.0,21.4
2020-12-17,603808.SH,600.0,7632.0,12.72
2020-12-17,603877.SH,200.0,6812.0,34.06
2020-12-18,600863.SH,7600.0,19608.0,2.58
2020-12-18,601828.SH,2000.0,16900.0,8.45
2020-12-18,601898.SH,5400.0,24624.0,4.56
2020-12-18,601928.SH,2400.0,16200.0,6.75
2020-12-18,603110.SH,400.0,7892.0,19.73
2020-12-18,603298.SH,800.0,16960.0,21.2
2020-12-18,603808.SH,600.0,7470.0,12.45
2020-12-18,603877.SH,200.0,6616.0,33.08
2020-12-21,600863.SH,7600.0,19608.0,2.58
2020-12-21,601828.SH,2000.0,17020.0,8.51
2020-12-21,601898.SH,5400.0,24570.0,4.55
2020-12-21,601928.SH,2400.0,16224.0,6.76
2020-12-21,603110.SH,400.0,8680.0,21.7
2020-12-21,603298.SH,800.0,17880.0,22.35
2020-12-21,603808.SH,600.0,7470.0,12.45
2020-12-21,603877.SH,200.0,6606.0,33.03
2020-12-22,600863.SH,7600.0,19152.0,2.52
2020-12-22,601828.SH,2000.0,17040.0,8.52
2020-12-22,601898.SH,5400.0,23220.0,4.3
2020-12-22,601928.SH,2400.0,15888.0,6.62
2020-12-22,603110.SH,400.0,9548.0,23.87
2020-12-22,603298.SH,800.0,17480.0,21.85
2020-12-22,603808.SH,600.0,7524.0,12.54
2020-12-22,603877.SH,200.0,6462.0,32.31
2020-12-23,600863.SH,7600.0,19532.0,2.57
2020-12-23,601828.SH,2000.0,17160.0,8.58
2020-12-23,601898.SH,5400.0,23760.0,4.4
2020-12-23,601928.SH,2400.0,15840.0,6.6
2020-12-23,603110.SH,400.0,10504.0,26.26
2020-12-23,603298.SH,800.0,17696.0,22.12
2020-12-23,603808.SH,600.0,7524.0,12.54
2020-12-23,603877.SH,200.0,6380.0,31.9
2020-12-24,600863.SH,7600.0,19304.0,2.54
2020-12-24,601828.SH,2000.0,16880.0,8.44
2020-12-24,601898.SH,5400.0,23976.0,4.44
2020-12-24,601928.SH,2400.0,15336.0,6.39
2020-12-24,603110.SH,400.0,10752.0,26.88
2020-12-24,603298.SH,800.0,17536.0,21.92
2020-12-24,603808.SH,600.0,7410.0,12.35
2020-12-24,603877.SH,200.0,6180.0,30.9
2020-12-25,600863.SH,7600.0,19912.0,2.62
2020-12-25,601828.SH,2000.0,17260.0,8.63
2020-12-25,601898.SH,5400.0,24462.0,4.53
2020-12-25,601928.SH,2400.0,15312.0,6.38
2020-12-25,603110.SH,400.0,11828.0,29.57
2020-12-25,603298.SH,800.0,17344.0,21.68
2020-12-25,603808.SH,600.0,7452.0,12.42
2020-12-25,603877.SH,200.0,6180.0,30.9
2020-12-28,600863.SH,7600.0,20216.0,2.66
2020-12-28,601828.SH,2000.0,17200.0,8.6
2020-12-28,601898.SH,5400.0,24570.0,4.55
2020-12-28,601928.SH,2400.0,15144.0,6.31
2020-12-28,603110.SH,400.0,11680.0,29.2
2020-12-28,603298.SH,800.0,18040.0,22.55
2020-12-28,603808.SH,600.0,7536.0,12.56
2020-12-28,603877.SH,200.0,6078.0,30.39
2020-12-29,600863.SH,7600.0,19760.0,2.6
2020-12-29,601828.SH,2000.0,17300.0,8.65
2020-12-29,601898.SH,5400.0,23598.0,4.37
2020-12-29,601928.SH,2400.0,15216.0,6.34
2020-12-29,603110.SH,400.0,11480.0,28.7
2020-12-29,603298.SH,800.0,17672.0,22.09
2020-12-29,603808.SH,600.0,7548.0,12.58
2020-12-29,603877.SH,200.0,6064.0,30.32
2020-12-30,600863.SH,7600.0,19684.0,2.59
2020-12-30,601828.SH,2000.0,17080.0,8.54
2020-12-30,601898.SH,5400.0,24246.0,4.49
2020-12-30,601928.SH,2400.0,15192.0,6.33
2020-12-30,603110.SH,400.0,11460.0,28.65
2020-12-30,603298.SH,800.0,17272.0,21.59
2020-12-30,603808.SH,600.0,7680.0,12.8
2020-12-30,603877.SH,200.0,5958.0,29.79
2020-12-31,600863.SH,7600.0,19532.0,2.57
2020-12-31,601828.SH,2000.0,16980.0,8.49
2020-12-31,601898.SH,5400.0,24030.0,4.45
2020-12-31,601928.SH,2400.0,15192.0,6.33
2020-12-31,603110.SH,400.0,11436.0,28.59
2020-12-31,603298.SH,800.0,16808.0,21.01
2020-12-31,603808.SH,600.0,7920.0,13.2
2020-12-31,603877.SH,200.0,6000.0,30.0
2021-01-04,000778.SZ,3600.0,13356.0,3.71
2021-01-04,002302.SZ,1500.0,13215.0,8.81
2021-01-04,600064.SH,1700.0,17357.0,10.21
2021-01-04,600325.SH,2800.0,16996.0,6.07
2021-01-04,600566.SH,600.0,12168.0,20.28
2021-01-04,600575.SH,6400.0,14656.0,2.29
2021-01-04,600755.SH,1900.0,12654.0,6.66
2021-01-04,600863.SH,5900.0,15104.0,2.56
2021-01-05,000778.SZ,3600.0,13248.0,3.68
2021-01-05,002302.SZ,1500.0,13455.0,8.97
2021-01-05,600064.SH,1700.0,17289.0,10.17
2021-01-05,600325.SH,2800.0,17080.0,6.1
2021-01-05,600566.SH,600.0,12474.0,20.79
2021-01-05,600575.SH,6400.0,14400.0,2.25
2021-01-05,600755.SH,1900.0,12597.0,6.63
2021-01-05,600863.SH,5900.0,14927.0,2.53
2021-01-06,000778.SZ,3600.0,13320.0,3.7
2021-01-06,002302.SZ,1500.0,13605.0,9.07
2021-01-06,600064.SH,1700.0,17153.0,10.09
2021-01-06,600325.SH,2800.0,16968.0,6.06
2021-01-06,600566.SH,600.0,12372.0,20.62
2021-01-06,600575.SH,6400.0,14208.0,2.22
2021-01-06,600755.SH,1900.0,12616.0,6.64
2021-01-06,600863.SH,5900.0,15104.0,2.56
2021-01-07,000778.SZ,3600.0,13464.0,3.74
2021-01-07,002302.SZ,1500.0,13050.0,8.7
2021-01-07,600064.SH,1700.0,16915.0,9.95
2021-01-07,600325.SH,2800.0,16632.0,5.94
2021-01-07,600566.SH,600.0,12108.0,20.18
2021-01-07,600575.SH,6400.0,14016.0,2.19
2021-01-07,600755.SH,1900.0,12293.0,6.47
2021-01-07,600863.SH,5900.0,14927.0,2.53
2021-01-08,000778.SZ,3600.0,13572.0,3.77
2021-01-08,002302.SZ,1500.0,13230.0,8.82
2021-01-08,600064.SH,1700.0,17102.0,10.06
2021-01-08,600325.SH,2800.0,16800.0,6.0
2021-01-08,600566.SH,600.0,12252.0,20.42
2021-01-08,600575.SH,6400.0,14016.0,2.19
2021-01-08,600755.SH,1900.0,12464.0,6.56
2021-01-08,600863.SH,5900.0,14986.0,2.54
2021-01-11,000778.SZ,3600.0,13428.0,3.73
2021-01-11,002302.SZ,1500.0,12840.0,8.56
2021-01-11,600064.SH,1700.0,16881.0,9.93
2021-01-11,600325.SH,2800.0,16800.0,6.0
2021-01-11,600566.SH,600.0,12108.0,20.18
2021-01-11,600575.SH,6400.0,13696.0,2.14
2021-01-11,600755.SH,1900.0,12179.0,6.41
2021-01-11,600863.SH,5900.0,14632.0,2.48
2021-01-12,000778.SZ,3600.0,13716.0,3.81
2021-01-12,002302.SZ,1500.0,12960.0,8.64
2021-01-12,600064.SH,1700.0,17017.0,10.01
2021-01-12,600325.SH,2800.0,16800.0,6.0
2021-01-12,600566.SH,600.0,12054.0,20.09
2021-01-12,600575.SH,6400.0,13696.0,2.14
2021-01-12,600755.SH,1900.0,12198.0,6.42
2021-01-12,600863.SH,5900.0,14632.0,2.48
2021-01-13,000778.SZ,3600.0,13860.0,3.85
2021-01-13,002302.SZ,1500.0,12990.0,8.66
2021-01-13,600064.SH,1700.0,16949.0,9.97
2021-01-13,600325.SH,2800.0,16996.0,6.07
2021-01-13,600566.SH,600.0,11844.0,19.74
2021-01-13,600575.SH,6400.0,13568.0,2.12
2021-01-13,600755.SH,1900.0,12027.0,6.33
2021-01-13,600863.SH,5900.0,14691.0,2.49
2021-01-14,000778.SZ,3600.0,13788.0,3.83
2021-01-14,002302.SZ,1500.0,13245.0,8.83
2021-01-14,600064.SH,1700.0,17374.0,10.22
2021-01-14,600325.SH,2800.0,17136.0,6.12
2021-01-14,600566.SH,600.0,11946.0,19.91
2021-01-14,600575.SH,6400.0,13696.0,2.14
2021-01-14,600755.SH,1900.0,12103.0,6.37
2021-01-14,600863.SH,5900.0,14750.0,2.5
2021-01-15,000778.SZ,3600.0,13680.0,3.8
2021-01-15,002302.SZ,1500.0,13200.0,8.8
2021-01-15,600064.SH,1700.0,17340.0,10.2
2021-01-15,600325.SH,2800.0,17164.0,6.13
2021-01-15,600566.SH,600.0,12012.0,20.02
2021-01-15,600575.SH,6400.0,13824.0,2.16
2021-01-15,600755.SH,1900.0,12369.0,6.51
2021-01-15,600863.SH,5900.0,14573.0,2.47
2021-01-18,000778.SZ,3600.0,13716.0,3.81
2021-01-18,002302.SZ,1500.0,13260.0,8.84
2021-01-18,600064.SH,1700.0,17323.0,10.19
2021-01-18,600325.SH,2800.0,17304.0,6.18
2021-01-18,600566.SH,600.0,11964.0,19.94
2021-01-18,600575.SH,6400.0,13824.0,2.16
2021-01-18,600755.SH,1900.0,12312.0,6.48
2021-01-18,600863.SH,5900.0,14573.0,2.47
2021-01-19,000778.SZ,3600.0,13752.0,3.82
2021-01-19,002302.SZ,1500.0,13365.0,8.91
2021-01-19,600064.SH,1700.0,17459.0,10.27
2021-01-19,600325.SH,2800.0,17696.0,6.32
2021-01-19,600566.SH,600.0,12030.0,20.05
2021-01-19,600575.SH,6400.0,13888.0,2.17
2021-01-19,600755.SH,1900.0,12350.0,6.5
2021-01-19,600863.SH,5900.0,14573.0,2.47
2021-01-20,000778.SZ,3600.0,13716.0,3.81
2021-01-20,002302.SZ,1500.0,13170.0,8.78
2021-01-20,600064.SH,1700.0,17425.0,10.25
2021-01-20,600325.SH,2800.0,17360.0,6.2
2021-01-20,600566.SH,600.0,11934.0,19.89
2021-01-20,600575.SH,6400.0,13888.0,2.17
2021-01-20,600755.SH,1900.0,12274.0,6.46
2021-01-20,600863.SH,5900.0,14455.0,2.45
2021-01-21,000778.SZ,3600.0,13680.0,3.8
2021-01-21,002302.SZ,1500.0,13140.0,8.76
2021-01-21,600064.SH,1700.0,17306.0,10.18
2021-01-21,600325.SH,2800.0,17332.0,6.19
2021-01-21,600566.SH,600.0,11946.0,19.91
2021-01-21,600575.SH,6400.0,13888.0,2.17
2021-01-21,600755.SH,1900.0,12369.0,6.51
2021-01-21,600863.SH,5900.0,14396.0,2.44
2021-01-22,000778.SZ,3600.0,13500.0,3.75
2021-01-22,002302.SZ,1500.0,12900.0,8.6
2021-01-22,600064.SH,1700.0,16932.0,9.96
2021-01-22,600325.SH,2800.0,17080.0,6.1
2021-01-22,600566.SH,600.0,11982.0,19.97
2021-01-22,600575.SH,6400.0,13632.0,2.13
2021-01-22,600755.SH,1900.0,12103.0,6.37
2021-01-22,600863.SH,5900.0,14219.0,2.41
2021-01-25,000778.SZ,3600.0,13320.0,3.7
2021-01-25,002302.SZ,1500.0,12780.0,8.52
2021-01-25,600064.SH,1700.0,16762.0,9.86
2021-01-25,600325.SH,2800.0,16744.0,5.98
2021-01-25,600566.SH,600.0,11790.0,19.65
2021-01-25,600575.SH,6400.0,13504.0,2.11
2021-01-25,600755.SH,1900.0,11970.0,6.3
2021-01-25,600863.SH,5900.0,14219.0,2.41
2021-01-26,000778.SZ,3600.0,13176.0,3.66
2021-01-26,002302.SZ,1500.0,12825.0,8.55
2021-01-26,600064.SH,1700.0,16507.0,9.71
2021-01-26,600325.SH,2800.0,16632.0,5.94
2021-01-26,600566.SH,600.0,11496.0,19.16
2021-01-26,600575.SH,6400.0,13376.0,2.09
2021-01-26,600755.SH,1900.0,11818.0,6.22
2021-01-26,600863.SH,5900.0,13983.0,2.37
2021-01-27,000778.SZ,3600.0,13140.0,3.65
2021-01-27,002302.SZ,1500.0,12735.0,8.49
2021-01-27,600064.SH,1700.0,16541.0,9.73
2021-01-27,600325.SH,2800.0,17472.0,6.24
2021-01-27,600566.SH,600.0,11400.0,19.0
2021-01-27,600575.SH,6400.0,13376.0,2.09
2021-01-27,600755.SH,1900.0,11894.0,6.26
2021-01-27,600863.SH,5900.0,13865.0,2.35
2021-01-28,000778.SZ,3600.0,13068.0,3.63
2021-01-28,002302.SZ,1500.0,12510.0,8.34
2021-01-28,600064.SH,1700.0,16235.0,9.55
2021-01-28,600325.SH,2800.0,17444.0,6.23
2021-01-28,600566.SH,600.0,11094.0,18.49
2021-01-28,600575.SH,6400.0,13632.0,2.13
2021-01-28,600755.SH,1900.0,11742.0,6.18
2021-01-28,600863.SH,5900.0,13629.0,2.31
2021-01-29,000778.SZ,3600.0,13032.0,3.62
2021-01-29,002302.SZ,1500.0,12390.0,8.26
2021-01-29,600064.SH,1700.0,16099.0,9.47
2021-01-29,600325.SH,2800.0,17836.0,6.37
2021-01-29,600566.SH,600.0,11130.0,18.55
2021-01-29,600575.SH,6400.0,13248.0,2.07
2021-01-29,600755.SH,1900.0,11647.0,6.13
2021-01-29,600863.SH,5900.0,13570.0,2.3
2021-02-01,000778.SZ,3600.0,12960.0,3.6
2021-02-01,002302.SZ,1500.0,12435.0,8.29
2021-02-01,600064.SH,1700.0,16235.0,9.55
2021-02-01,600325.SH,2800.0,17472.0,6.24
2021-02-01,600566.SH,600.0,11328.0,18.88
2021-02-01,600575.SH,6400.0,12928.0,2.02
2021-02-01,600755.SH,1900.0,11685.0,6.15
2021-02-01,600863.SH,5900.0,13334.0,2.26
2021-02-02,000778.SZ,3600.0,12708.0,3.53
2021-02-02,002302.SZ,1500.0,12495.0,8.33
2021-02-02,600064.SH,1700.0,16218.0,9.54
2021-02-02,600325.SH,2800.0,16968.0,6.06
2021-02-02,600566.SH,600.0,11814.0,19.69
2021-02-02,600575.SH,6400.0,12992.0,2.03
2021-02-02,600755.SH,1900.0,11780.0,6.2
2021-02-02,600863.SH,5900.0,13039.0,2.21
2021-02-03,000778.SZ,3600.0,12636.0,3.51
2021-02-03,002302.SZ,1500.0,12300.0,8.2
2021-02-03,600064.SH,1700.0,15997.0,9.41
2021-02-03,600325.SH,2800.0,17164.0,6.13
2021-02-03,600566.SH,600.0,11646.0,19.41
2021-02-03,600575.SH,6400.0,12736.0,1.99
2021-02-03,600755.SH,1900.0,11647.0,6.13
2021-02-03,600863.SH,5900.0,12803.0,2.17
2021-02-04,000778.SZ,3600.0,12600.0,3.5
2021-02-04,002302.SZ,1500.0,11820.0,7.88
2021-02-04,600064.SH,1700.0,15878.0,9.34
2021-02-04,600325.SH,2800.0,16800.0,6.0
2021-02-04,600566.SH,600.0,11472.0,19.12
2021-02-04,600575.SH,6400.0,12416.0,1.94
2021-02-04,600755.SH,1900.0,11590.0,6.1
2021-02-04,600863.SH,5900.0,13098.0,2.22
2021-02-05,000778.SZ,3600.0,12600.0,3.5
2021-02-05,002302.SZ,1500.0,11700.0,7.8
2021-02-05,600064.SH,1700.0,16150.0,9.5
2021-02-05,600325.SH,2800.0,16828.0,6.01
2021-02-05,600566.SH,600.0,11376.0,18.96
2021-02-05,600575.SH,6400.0,12480.0,1.95
2021-02-05,600755.SH,1900.0,11761.0,6.19
2021-02-05,600863.SH,5900.0,12921.0,2.19
2021-02-08,000778.SZ,3600.0,12780.0,3.55
2021-02-08,002302.SZ,1500.0,11790.0,7.86
2021-02-08,600064.SH,1700.0,16337.0,9.61
2021-02-08,600325.SH,2800.0,16884.0,6.03
2021-02-08,600566.SH,600.0,11490.0,19.15
2021-02-08,600575.SH,6400.0,12544.0,1.96
2021-02-08,600755.SH,1900.0,11837.0,6.23
2021-02-08,600863.SH,5900.0,12921.0,2.19
2021-02-09,000778.SZ,3600.0,12852.0,3.57
2021-02-09,002302.SZ,1500.0,12075.0,8.05
2021-02-09,600064.SH,1700.0,16354.0,9.62
2021-02-09,600325.SH,2800.0,16828.0,6.01
2021-02-09,600566.SH,600.0,11604.0,19.34
2021-02-09,600575.SH,6400.0,12608.0,1.97
2021-02-09,600755.SH,1900.0,11970.0,6.3
2021-02-09,600863.SH,5900.0,13039.0,2.21
2021-02-10,000778.SZ,3600.0,12780.0,3.55
2021-02-10,002302.SZ,1500.0,12135.0,8.09
2021-02-10,600064.SH,1700.0,16337.0,9.61
2021-02-10,600325.SH,2800.0,16800.0,6.0
2021-02-10,600566.SH,600.0,11796.0,19.66
2021-02-10,600575.SH,6400.0,12672.0,1.98
2021-02-10,600755.SH,1900.0,12046.0,6.34
2021-02-10,600863.SH,5900.0,13098.0,2.22
2021-02-18,000778.SZ,3600.0,13068.0,3.63
2021-02-18,002302.SZ,1500.0,12405.0,8.27
2021-02-18,600064.SH,1700.0,16626.0,9.78
2021-02-18,600325.SH,2800.0,17024.0,6.08
2021-02-18,600566.SH,600.0,11958.0,19.93
2021-02-18,600575.SH,6400.0,12864.0,2.01
2021-02-18,600755.SH,1900.0,12160.0,6.4
2021-02-18,600863.SH,5900.0,13157.0,2.23
2021-02-19,000778.SZ,3600.0,13320.0,3.7
2021-02-19,002302.SZ,1500.0,12975.0,8.65
2021-02-19,600064.SH,1700.0,17034.0,10.02
2021-02-19,600325.SH,2800.0,17500.0,6.25
2021-02-19,600566.SH,600.0,12054.0,20.09
2021-02-19,600575.SH,6400.0,13184.0,2.06
2021-02-19,600755.SH,1900.0,12445.0,6.55
2021-02-19,600863.SH,5900.0,13511.0,2.29
2021-02-22,000778.SZ,3600.0,13716.0,3.81
2021-02-22,002302.SZ,1500.0,13110.0,8.74
2021-02-22,600064.SH,1700.0,17119.0,10.07
2021-02-22,600325.SH,2800.0,17556.0,6.27
2021-02-22,600566.SH,600.0,12180.0,20.3
2021-02-22,600575.SH,6400.0,13440.0,2.1
2021-02-22,600755.SH,1900.0,12521.0,6.59
2021-02-22,600863.SH,5900.0,13806.0,2.34
2021-02-23,000778.SZ,3600.0,13752.0,3.82
2021-02-23,002302.SZ,1500.0,13110.0,8.74
2021-02-23,600064.SH,1700.0,17051.0,10.03
2021-02-23,600325.SH,2800.0,17472.0,6.24
2021-02-23,600566.SH,600.0,12090.0,20.15
2021-02-23,600575.SH,6400.0,13376.0,2.09
2021-02-23,600755.SH,1900.0,12388.0,6.52
2021-02-23,600863.SH,5900.0,13924.0,2.36
2021-02-24,000778.SZ,3600.0,13680.0,3.8
2021-02-24,002302.SZ,1500.0,13200.0,8.8
2021-02-24,600064.SH,1700.0,16864.0,9.92
2021-02-24,600325.SH,2800.0,17388.0,6.21
2021-02-24,600566.SH,600.0,11964.0,19.94
2021-02-24,600575.SH,6400.0,13376.0,2.09
2021-02-24,600755.SH,1900.0,12388.0,6.52
2021-02-24,600863.SH,5900.0,13865.0,2.35
2021-02-25,000778.SZ,3600.0,13680.0,3.8
2021-02-25,002302.SZ,1500.0,13200.0,8.8
2021-02-25,600064.SH,1700.0,17357.0,10.21
2021-02-25,600325.SH,2800.0,18368.0,6.56
2021-02-25,600566.SH,600.0,11970.0,19.95
2021-02-25,600575.SH,6400.0,13440.0,2.1
2021-02-25,600755.SH,1900.0,12540.0,6.6
2021-02-25,600863.SH,5900.0,13806.0,2.34
2021-02-26,000778.SZ,3600.0,13356.0,3.71
2021-02-26,002302.SZ,1500.0,13110.0,8.74
2021-02-26,600064.SH,1700.0,17000.0,10.0
2021-02-26,600325.SH,2800.0,17640.0,6.3
2021-02-26,600566.SH,600.0,11910.0,19.85
2021-02-26,600575.SH,6400.0,13312.0,2.08
2021-02-26,600755.SH,1900.0,12274.0,6.46
2021-02-26,600863.SH,5900.0,13688.0,2.32
2021-03-01,000778.SZ,3600.0,13572.0,3.77
2021-03-01,002302.SZ,1500.0,13200.0,8.8
2021-03-01,600064.SH,1700.0,17034.0,10.02
2021-03-01,600325.SH,2800.0,17640.0,6.3
2021-03-01,600566.SH,600.0,12168.0,20.28
2021-03-01,600575.SH,6400.0,13440.0,2.1
2021-03-01,600755.SH,1900.0,12312.0,6.48
2021-03-01,600863.SH,5900.0,13688.0,2.32
2021-03-02,000778.SZ,3600.0,13464.0,3.74
2021-03-02,002302.SZ,1500.0,13215.0,8.81
2021-03-02,600064.SH,1700.0,16779.0,9.87
2021-03-02,600325.SH,2800.0,17444.0,6.23
2021-03-02,600566.SH,600.0,12282.0,20.47
2021-03-02,600575.SH,6400.0,13312.0,2.08
2021-03-02,600755.SH,1900.0,12274.0,6.46
2021-03-02,600863.SH,5900.0,13983.0,2.37
2021-03-03,000778.SZ,3600.0,13968.0,3.88
2021-03-03,002302.SZ,1500.0,13335.0,8.89
2021-03-03,600064.SH,1700.0,17425.0,10.25
2021-03-03,600325.SH,2800.0,17584.0,6.28
2021-03-03,600566.SH,600.0,12252.0,20.42
2021-03-03,600575.SH,6400.0,13440.0,2.1
2021-03-03,600755.SH,1900.0,12483.0,6.57
2021-03-03,600863.SH,5900.0,14042.0,2.38
2021-03-04,000778.SZ,3600.0,13968.0,3.88
2021-03-04,002302.SZ,1500.0,13695.0,9.13
2021-03-04,600064.SH,1700.0,17340.0,10.2
2021-03-04,600325.SH,2800.0,17472.0,6.24
2021-03-04,600566.SH,600.0,12294.0,20.49
2021-03-04,600575.SH,6400.0,13632.0,2.13
2021-03-04,600755.SH,1900.0,12407.0,6.53
2021-03-04,600863.SH,5900.0,14101.0,2.39
2021-03-05,000778.SZ,3600.0,13860.0,3.85
2021-03-05,002302.SZ,1500.0,13395.0,8.93
2021-03-05,600064.SH,1700.0,17323.0,10.19
2021-03-05,600325.SH,2800.0,17472.0,6.24
2021-03-05,600566.SH,600.0,12540.0,20.9
2021-03-05,600575.SH,6400.0,13632.0,2.13
2021-03-05,600755.SH,1900.0,12616.0,6.64
2021-03-05,600863.SH,5900.0,14160.0,2.4
2021-03-08,000778.SZ,3600.0,14004.0,3.89
2021-03-08,002302.SZ,1500.0,13155.0,8.77
2021-03-08,600064.SH,1700.0,17289.0,10.17
2021-03-08,600325.SH,2800.0,17304.0,6.18
2021-03-08,600566.SH,600.0,12444.0,20.74
2021-03-08,600575.SH,6400.0,13632.0,2.13
2021-03-08,600755.SH,1900.0,12654.0,6.66
2021-03-08,600863.SH,5900.0,14219.0,2.41
2021-03-09,000778.SZ,3600.0,15408.0,4.28
2021-03-09,002302.SZ,1500.0,12675.0,8.45
2021-03-09,600064.SH,1700.0,17085.0,10.05
2021-03-09,600325.SH,2800.0,17080.0,6.1
2021-03-09,600566.SH,600.0,12294.0,20.49
2021-03-09,600575.SH,6400.0,13632.0,2.13
2021-03-09,600755.SH,1900.0,12673.0,6.67
2021-03-09,600863.SH,5900.0,14160.0,2.4
2021-03-10,000778.SZ,3600.0,14832.0,4.12
2021-03-10,002302.SZ,1500.0,12405.0,8.27
2021-03-10,600064.SH,1700.0,17000.0,10.0
2021-03-10,600325.SH,2800.0,17052.0,6.09
2021-03-10,600566.SH,600.0,12030.0,20.05
2021-03-10,600575.SH,6400.0,13248.0,2.07
2021-03-10,600755.SH,1900.0,12350.0,6.5
2021-03-10,600863.SH,5900.0,14042.0,2.38
2021-03-11,000778.SZ,3600.0,15012.0,4.17
2021-03-11,002302.SZ,1500.0,13350.0,8.9
2021-03-11,600064.SH,1700.0,17255.0,10.15
2021-03-11,600325.SH,2800.0,17164.0,6.13
2021-03-11,600566.SH,600.0,12180.0,20.3
2021-03-11,600575.SH,6400.0,13504.0,2.11
2021-03-11,600755.SH,1900.0,12540.0,6.6
2021-03-11,600863.SH,5900.0,14278.0,2.42
2021-03-12,000778.SZ,3600.0,14868.0,4.13
2021-03-12,002302.SZ,1500.0,13200.0,8.8
2021-03-12,600064.SH,1700.0,17425.0,10.25
2021-03-12,600325.SH,2800.0,17276.0,6.17
2021-03-12,600566.SH,600.0,12132.0,20.22
2021-03-12,600575.SH,6400.0,13696.0,2.14
2021-03-12,600755.SH,1900.0,12559.0,6.61
2021-03-12,600863.SH,5900.0,14750.0,2.5
2021-03-15,000778.SZ,3600.0,15084.0,4.19
2021-03-15,002302.SZ,1500.0,13230.0,8.82
2021-03-15,600064.SH,1700.0,17425.0,10.25
2021-03-15,600325.SH,2800.0,17388.0,6.21
2021-03-15,600566.SH,600.0,12222.0,20.37
2021-03-15,600575.SH,6400.0,13888.0,2.17
2021-03-15,600755.SH,1900.0,12825.0,6.75
2021-03-15,600863.SH,5900.0,14455.0,2.45
2021-03-16,000778.SZ,3600.0,15048.0,4.18
2021-03-16,002302.SZ,1500.0,13200.0,8.8
2021-03-16,600064.SH,1700.0,17629.0,10.37
2021-03-16,600325.SH,2800.0,17668.0,6.31
2021-03-16,600566.SH,600.0,12390.0,20.65
2021-03-16,600575.SH,6400.0,13888.0,2.17
2021-03-16,600755.SH,1900.0,12825.0,6.75
2021-03-16,600863.SH,5900.0,14514.0,2.46
2021-03-17,000778.SZ,3600.0,14688.0,4.08
2021-03-17,002302.SZ,1500.0,12990.0,8.66
2021-03-17,600064.SH,1700.0,17476.0,10.28
2021-03-17,600325.SH,2800.0,17556.0,6.27
2021-03-17,600566.SH,600.0,12528.0,20.88
2021-03-17,600575.SH,6400.0,13696.0,2.14
2021-03-17,600755.SH,1900.0,12787.0,6.73
2021-03-17,600863.SH,5900.0,14219.0,2.41
2021-03-18,000778.SZ,3600.0,14616.0,4.06
2021-03-18,002302.SZ,1500.0,12855.0,8.57
2021-03-18,600064.SH,1700.0,17340.0,10.2
2021-03-18,600325.SH,2800.0,17500.0,6.25
2021-03-18,600566.SH,600.0,12438.0,20.73
2021-03-18,600575.SH,6400.0,13696.0,2.14
2021-03-18,600755.SH,1900.0,12711.0,6.69
2021-03-18,600863.SH,5900.0,14396.0,2.44
2021-03-19,000778.SZ,3600.0,14688.0,4.08
2021-03-19,002302.SZ,1500.0,12780.0,8.52
2021-03-19,600064.SH,1700.0,17187.0,10.11
2021-03-19,600325.SH,2800.0,17360.0,6.2
2021-03-19,600566.SH,600.0,12336.0,20.56
2021-03-19,600575.SH,6400.0,13760.0,2.15
2021-03-19,600755.SH,1900.0,12635.0,6.65
2021-03-19,600863.SH,5900.0,14691.0,2.49
2021-03-22,000778.SZ,3600.0,14688.0,4.08
2021-03-22,002302.SZ,1500.0,12825.0,8.55
2021-03-22,600064.SH,1700.0,17340.0,10.2
2021-03-22,600325.SH,2800.0,17360.0,6.2
2021-03-22,600566.SH,600.0,12348.0,20.58
2021-03-22,600575.SH,6400.0,14080.0,2.2
2021-03-22,600755.SH,1900.0,12768.0,6.72
2021-03-22,600863.SH,5900.0,15517.0,2.63
2021-03-23,000778.SZ,3600.0,14256.0,3.96
2021-03-23,002302.SZ,1500.0,12930.0,8.62
2021-03-23,600064.SH,1700.0,17221.0,10.13
2021-03-23,600325.SH,2800.0,17388.0,6.21
2021-03-23,600566.SH,600.0,12174.0,20.29
2021-03-23,600575.SH,6400.0,14080.0,2.2
2021-03-23,600755.SH,1900.0,12673.0,6.67
2021-03-23,600863.SH,5900.0,14868.0,2.52
2021-03-24,000778.SZ,3600.0,14076.0,3.91
2021-03-24,002302.SZ,1500.0,12645.0,8.43
2021-03-24,600064.SH,1700.0,17017.0,10.01
2021-03-24,600325.SH,2800.0,17248.0,6.16
2021-03-24,600566.SH,600.0,12060.0,20.1
2021-03-24,600575.SH,6400.0,14144.0,2.21
2021-03-24,600755.SH,1900.0,12673.0,6.67
2021-03-24,600863.SH,5900.0,15517.0,2.63
2021-03-25,000778.SZ,3600.0,14076.0,3.91
2021-03-25,002302.SZ,1500.0,12615.0,8.41
2021-03-25,600064.SH,1700.0,16915.0,9.95
2021-03-25,600325.SH,2800.0,17192.0,6.14
2021-03-25,600566.SH,600.0,12054.0,20.09
2021-03-25,600575.SH,6400.0,13888.0,2.17
2021-03-25,600755.SH,1900.0,12635.0,6.65
2021-03-25,600863.SH,5900.0,14632.0,2.48
2021-03-26,000778.SZ,3600.0,14112.0,3.92
2021-03-26,002302.SZ,1500.0,12960.0,8.64
2021-03-26,600064.SH,1700.0,17000.0,10.0
2021-03-26,600325.SH,2800.0,17220.0,6.15
2021-03-26,600566.SH,600.0,12138.0,20.23
2021-03-26,600575.SH,6400.0,13952.0,2.18
2021-03-26,600755.SH,1900.0,12635.0,6.65
2021-03-26,600863.SH,5900.0,14927.0,2.53
2021-03-29,000778.SZ,3600.0,14292.0,3.97
2021-03-29,002302.SZ,1500.0,13320.0,8.88
2021-03-29,600064.SH,1700.0,17051.0,10.03
2021-03-29,600325.SH,2800.0,17220.0,6.15
2021-03-29,600566.SH,600.0,12066.0,20.11
2021-03-29,600575.SH,6400.0,14080.0,2.2
2021-03-29,600755.SH,1900.0,12464.0,6.56
2021-03-29,600863.SH,5900.0,15222.0,2.58
2021-03-30,000778.SZ,3600.0,14256.0,3.96
2021-03-30,002302.SZ,1500.0,13980.0,9.32
2021-03-30,600064.SH,1700.0,17051.0,10.03
2021-03-30,600325.SH,2800.0,17276.0,6.17
2021-03-30,600566.SH,600.0,12060.0,20.1
2021-03-30,600575.SH,6400.0,14272.0,2.23
2021-03-30,600755.SH,1900.0,12502.0,6.58
2021-03-30,600863.SH,5900.0,16107.0,2.73
2021-03-31,000778.SZ,3600.0,14472.0,4.02
2021-03-31,002302.SZ,1500.0,13680.0,9.12
2021-03-31,600064.SH,1700.0,17119.0,10.07
2021-03-31,600325.SH,2800.0,17220.0,6.15
2021-03-31,600566.SH,600.0,11982.0,19.97
2021-03-31,600575.SH,6400.0,14528.0,2.27
2021-03-31,600755.SH,1900.0,12578.0,6.62
2021-03-31,600863.SH,5900.0,16048.0,2.72
2021-04-01,000156.SZ,1300.0,10764.0,8.28
2021-04-01,600064.SH,1700.0,17119.0,10.07
2021-04-01,600325.SH,2800.0,17220.0,6.15
2021-04-01,600566.SH,600.0,12096.0,20.16
2021-04-01,600575.SH,6400.0,14400.0,2.25
2021-04-01,600755.SH,1900.0,12578.0,6.62
2021-04-01,600820.SH,2900.0,15921.0,5.49
2021-04-01,600901.SH,2700.0,15525.0,5.75
2021-04-02,000156.SZ,1300.0,10751.0,8.27
2021-04-02,600064.SH,1700.0,17034.0,10.02
2021-04-02,600325.SH,2800.0,17248.0,6.16
2021-04-02,600566.SH,600.0,12126.0,20.21
2021-04-02,600575.SH,6400.0,14144.0,2.21
2021-04-02,600755.SH,1900.0,12464.0,6.56
2021-04-02,600820.SH,2900.0,15805.0,5.45
2021-04-02,600901.SH,2700.0,15309.0,5.67
2021-04-06,000156.SZ,1300.0,10543.0,8.11
2021-04-06,600064.SH,1700.0,17034.0,10.02
2021-04-06,600325.SH,2800.0,17164.0,6.13
2021-04-06,600566.SH,600.0,12006.0,20.01
2021-04-06,600575.SH,6400.0,14208.0,2.22
2021-04-06,600755.SH,1900.0,12521.0,6.59
2021-04-06,600820.SH,2900.0,15689.0,5.41
2021-04-06,600901.SH,2700.0,15255.0,5.65
2021-04-07,000156.SZ,1300.0,10556.0,8.12
2021-04-07,600064.SH,1700.0,17085.0,10.05
2021-04-07,600325.SH,2800.0,17416.0,6.22
2021-04-07,600566.SH,600.0,11958.0,19.93
2021-04-07,600575.SH,6400.0,14336.0,2.24
2021-04-07,600755.SH,1900.0,12540.0,6.6
2021-04-07,600820.SH,2900.0,15718.0,5.42
2021-04-07,600901.SH,2700.0,15255.0,5.65
2021-04-08,000156.SZ,1300.0,10439.0,8.03
2021-04-08,600064.SH,1700.0,16949.0,9.97
2021-04-08,600325.SH,2800.0,17220.0,6.15
2021-04-08,600566.SH,600.0,11976.0,19.96
2021-04-08,600575.SH,6400.0,14272.0,2.23
2021-04-08,600755.SH,1900.0,12483.0,6.57
2021-04-08,600820.SH,2900.0,15544.0,5.36
2021-04-08,600901.SH,2700.0,15282.0,5.66
2021-04-09,000156.SZ,1300.0,10452.0,8.04
2021-04-09,600064.SH,1700.0,16898.0,9.94
2021-04-09,600325.SH,2800.0,17416.0,6.22
2021-04-09,600566.SH,600.0,11964.0,19.94
2021-04-09,600575.SH,6400.0,13952.0,2.18
2021-04-09,600755.SH,1900.0,12559.0,6.61
2021-04-09,600820.SH,2900.0,15544.0,5.36
2021-04-09,600901.SH,2700.0,15282.0,5.66
2021-04-12,000156.SZ,1300.0,10400.0,8.0
2021-04-12,600064.SH,1700.0,16626.0,9.78
2021-04-12,600325.SH,2800.0,17388.0,6.21
2021-04-12,600566.SH,600.0,11682.0,19.47
2021-04-12,600575.SH,6400.0,14016.0,2.19
2021-04-12,600755.SH,1900.0,12635.0,6.65
2021-04-12,600820.SH,2900.0,15573.0,5.37
2021-04-12,600901.SH,2700.0,15255.0,5.65
2021-04-13,000156.SZ,1300.0,10530.0,8.1
2021-04-13,600064.SH,1700.0,16626.0,9.78
2021-04-13,600325.SH,2800.0,17192.0,6.14
2021-04-13,600566.SH,600.0,11562.0,19.27
2021-04-13,600575.SH,6400.0,13760.0,2.15
2021-04-13,600755.SH,1900.0,12388.0,6.52
2021-04-13,600820.SH,2900.0,15515.0,5.35
2021-04-13,600901.SH,2700.0,14985.0,5.55
2021-04-14,000156.SZ,1300.0,10582.0,8.14
2021-04-14,600064.SH,1700.0,16558.0,9.74
2021-04-14,600325.SH,2800.0,17248.0,6.16
2021-04-14,600566.SH,600.0,11562.0,19.27
2021-04-14,600575.SH,6400.0,13824.0,2.16
2021-04-14,600755.SH,1900.0,12369.0,6.51
2021-04-14,600820.SH,2900.0,15428.0,5.32
2021-04-14,600901.SH,2700.0,15255.0,5.65
2021-04-15,000156.SZ,1300.0,10556.0,8.12
2021-04-15,600064.SH,1700.0,16558.0,9.74
2021-04-15,600325.SH,2800.0,17556.0,6.27
2021-04-15,600566.SH,600.0,11532.0,19.22
2021-04-15,600575.SH,6400.0,13824.0,2.16
2021-04-15,600755.SH,1900.0,12863.0,6.77
2021-04-15,600820.SH,2900.0,15457.0,5.33
2021-04-15,600901.SH,2700.0,15363.0,5.69
2021-04-16,000156.SZ,1300.0,10816.0,8.32
2021-04-16,600064.SH,1700.0,16830.0,9.9
2021-04-16,600325.SH,2800.0,17976.0,6.42
2021-04-16,600566.SH,600.0,11844.0,19.74
2021-04-16,600575.SH,6400.0,14080.0,2.2
2021-04-16,600755.SH,1900.0,12958.0,6.82
2021-04-16,600820.SH,2900.0,15573.0,5.37
2021-04-16,600901.SH,2700.0,15471.0,5.73
2021-04-19,000156.SZ,1300.0,10790.0,8.3
2021-04-19,600064.SH,1700.0,16864.0,9.92
2021-04-19,600325.SH,2800.0,17920.0,6.4
2021-04-19,600566.SH,600.0,11610.0,19.35
2021-04-19,600575.SH,6400.0,14080.0,2.2
2021-04-19,600755.SH,1900.0,12806.0,6.74
2021-04-19,600820.SH,2900.0,15515.0,5.35
2021-04-19,600901.SH,2700.0,15417.0,5.71
2021-04-20,000156.SZ,1300.0,10829.0,8.33
2021-04-20,600064.SH,1700.0,16779.0,9.87
2021-04-20,600325.SH,2800.0,17836.0,6.37
2021-04-20,600566.SH,600.0,11562.0,19.27
2021-04-20,600575.SH,6400.0,14016.0,2.19
2021-04-20,600755.SH,1900.0,12730.0,6.7
2021-04-20,600820.SH,2900.0,15486.0,5.34
2021-04-20,600901.SH,2700.0,15255.0,5.65
2021-04-21,000156.SZ,1300.0,10816.0,8.32
2021-04-21,600064.SH,1700.0,16609.0,9.77
2021-04-21,600325.SH,2800.0,18312.0,6.54
2021-04-21,600566.SH,600.0,11604.0,19.34
2021-04-21,600575.SH,6400.0,13824.0,2.16
2021-04-21,600755.SH,1900.0,12711.0,6.69
2021-04-21,600820.SH,2900.0,15428.0,5.32
2021-04-21,600901.SH,2700.0,15309.0,5.67
2021-04-22,000156.SZ,1300.0,10738.0,8.26
2021-04-22,600064.SH,1700.0,16490.0,9.7
2021-04-22,600325.SH,2800.0,18060.0,6.45
2021-04-22,600566.SH,600.0,11742.0,19.57
2021-04-22,600575.SH,6400.0,13824.0,2.16
2021-04-22,600755.SH,1900.0,12616.0,6.64
2021-04-22,600820.SH,2900.0,15718.0,5.42
2021-04-22,600901.SH,2700.0,15390.0,5.7
2021-04-23,000156.SZ,1300.0,10686.0,8.22
2021-04-23,600064.SH,1700.0,16303.0,9.59
2021-04-23,600325.SH,2800.0,17780.0,6.35
2021-04-23,600566.SH,600.0,11646.0,19.41
2021-04-23,600575.SH,6400.0,13824.0,2.16
2021-04-23,600755.SH,1900.0,13110.0,6.9
2021-04-23,600820.SH,2900.0,15747.0,5.43
2021-04-23,600901.SH,2700.0,15363.0,5.69
2021-04-26,000156.SZ,1300.0,10556.0,8.12
2021-04-26,600064.SH,1700.0,16388.0,9.64
2021-04-26,600325.SH,2800.0,18116.0,6.47
2021-04-26,600566.SH,600.0,11436.0,19.06
2021-04-26,600575.SH,6400.0,13824.0,2.16
2021-04-26,600755.SH,1900.0,13224.0,6.96
2021-04-26,600820.SH,2900.0,15660.0,5.4
2021-04-26,600901.SH,2700.0,15201.0,5.63
2021-04-27,000156.SZ,1300.0,10608.0,8.16
2021-04-27,600064.SH,1700.0,16252.0,9.56
2021-04-27,600325.SH,2800.0,17920.0,6.4
2021-04-27,600566.SH,600.0,11586.0,19.31
2021-04-27,600575.SH,6400.0,13760.0,2.15
2021-04-27,600755.SH,1900.0,13110.0,6.9
2021-04-27,600820.SH,2900.0,15486.0,5.34
2021-04-27,600901.SH,2700.0,15552.0,5.76
2021-04-28,000156.SZ,1300.0,10634.0,8.18
2021-04-28,600064.SH,1700.0,16320.0,9.6
2021-04-28,600325.SH,2800.0,18144.0,6.48
2021-04-28,600566.SH,600.0,11730.0,19.55
2021-04-28,600575.SH,6400.0,13760.0,2.15
2021-04-28,600755.SH,1900.0,13186.0,6.94
2021-04-28,600820.SH,2900.0,15776.0,5.44
2021-04-28,600901.SH,2700.0,15714.0,5.82
2021-04-29,000156.SZ,1300.0,10569.0,8.13
2021-04-29,600064.SH,1700.0,16660.0,9.8
2021-04-29,600325.SH,2800.0,18284.0,6.53
2021-04-29,600566.SH,600.0,11604.0,19.34
2021-04-29,600575.SH,6400.0,13824.0,2.16
2021-04-29,600755.SH,1900.0,13205.0,6.95
2021-04-29,600820.SH,2900.0,15863.0,5.47
2021-04-29,600901.SH,2700.0,15795.0,5.85
2021-04-30,000156.SZ,1300.0,10010.0,7.7
2021-04-30,600064.SH,1700.0,16490.0,9.7
2021-04-30,600325.SH,2800.0,17612.0,6.29
2021-04-30,600566.SH,600.0,11568.0,19.28
2021-04-30,600575.SH,6400.0,13760.0,2.15
2021-04-30,600755.SH,1900.0,13053.0,6.87
2021-04-30,600820.SH,2900.0,15283.0,5.27
2021-04-30,600901.SH,2700.0,15876.0,5.88
2021-05-06,000156.SZ,1300.0,9841.0,7.57
2021-05-06,600064.SH,1700.0,16575.0,9.75
2021-05-06,600325.SH,2800.0,17640.0,6.3
2021-05-06,600566.SH,600.0,11400.0,19.0
2021-05-06,600575.SH,6400.0,13888.0,2.17
2021-05-06,600755.SH,1900.0,13072.0,6.88
2021-05-06,600820.SH,2900.0,15051.0,5.19
2021-05-06,600901.SH,2700.0,15633.0,5.79
2021-05-07,000156.SZ,1300.0,9854.0,7.58
2021-05-07,600064.SH,1700.0,16762.0,9.86
2021-05-07,600325.SH,2800.0,17668.0,6.31
2021-05-07,600566.SH,600.0,11310.0,18.85
2021-05-07,600575.SH,6400.0,14080.0,2.2
2021-05-07,600755.SH,1900.0,13300.0,7.0
2021-05-07,600820.SH,2900.0,15022.0,5.18
2021-05-07,600901.SH,2700.0,15795.0,5.85
2021-05-10,000156.SZ,1300.0,9815.0,7.55
2021-05-10,600064.SH,1700.0,16524.0,9.72
2021-05-10,600325.SH,2800.0,17668.0,6.31
2021-05-10,600566.SH,600.0,10932.0,18.22
2021-05-10,600575.SH,6400.0,14528.0,2.27
2021-05-10,600755.SH,1900.0,13224.0,6.96
2021-05-10,600820.SH,2900.0,14964.0,5.16
2021-05-10,600901.SH,2700.0,15633.0,5.79
2021-05-11,000156.SZ,1300.0,9906.0,7.62
2021-05-11,600064.SH,1700.0,16694.0,9.82
2021-05-11,600325.SH,2800.0,18032.0,6.44
2021-05-11,600566.SH,600.0,10974.0,18.29
2021-05-11,600575.SH,6400.0,14464.0,2.26
2021-05-11,600755.SH,1900.0,13623.0,7.17
2021-05-11,600820.SH,2900.0,15138.0,5.22
2021-05-11,600901.SH,2700.0,14904.0,5.52
2021-05-12,000156.SZ,1300.0,10049.0,7.73
2021-05-12,600064.SH,1700.0,16643.0,9.79
2021-05-12,600325.SH,2800.0,18004.0,6.43
2021-05-12,600566.SH,600.0,10920.0,18.2
2021-05-12,600575.SH,6400.0,14656.0,2.29
2021-05-12,600755.SH,1900.0,13718.0,7.22
2021-05-12,600820.SH,2900.0,15138.0,5.22
2021-05-12,600901.SH,2700.0,15012.0,5.56
2021-05-13,000156.SZ,1300.0,10010.0,7.7
2021-05-13,600064.SH,1700.0,16694.0,9.82
2021-05-13,600325.SH,2800.0,18368.0,6.56
2021-05-13,600566.SH,600.0,11358.0,18.93
2021-05-13,600575.SH,6400.0,14592.0,2.28
2021-05-13,600755.SH,1900.0,13433.0,7.07
2021-05-13,600820.SH,2900.0,15080.0,5.2
2021-05-13,600901.SH,2700.0,14985.0,5.55
2021-05-14,000156.SZ,1300.0,9997.0,7.69
2021-05-14,600064.SH,1700.0,16864.0,9.92
2021-05-14,600325.SH,2800.0,19124.0,6.83
2021-05-14,600566.SH,600.0,11436.0,19.06
2021-05-14,600575.SH,6400.0,14720.0,2.3
2021-05-14,600755.SH,1900.0,13642.0,7.18
2021-05-14,600820.SH,2900.0,15196.0,5.24
2021-05-14,600901.SH,2700.0,15174.0,5.62
2021-05-17,000156.SZ,1300.0,9906.0,7.62
2021-05-17,600064.SH,1700.0,16796.0,9.88
2021-05-17,600325.SH,2800.0,18956.0,6.77
2021-05-17,600566.SH,600.0,11340.0,18.9
2021-05-17,600575.SH,6400.0,14656.0,2.29
2021-05-17,600755.SH,1900.0,13509.0,7.11
2021-05-17,600820.SH,2900.0,15196.0,5.24
2021-05-17,600901.SH,2700.0,15039.0,5.57
2021-05-18,000156.SZ,1300.0,9932.0,7.64
2021-05-18,600064.SH,1700.0,16881.0,9.93
2021-05-18,600325.SH,2800.0,18956.0,6.77
2021-05-18,600566.SH,600.0,11424.0,19.04
2021-05-18,600575.SH,6400.0,14720.0,2.3
2021-05-18,600755.SH,1900.0,13490.0,7.1
2021-05-18,600820.SH,2900.0,15167.0,5.23
2021-05-18,600901.SH,2700.0,14904.0,5.52
2021-05-19,000156.SZ,1300.0,10127.0,7.79
2021-05-19,600064.SH,1700.0,16728.0,9.84
2021-05-19,600325.SH,2800.0,18844.0,6.73
2021-05-19,600566.SH,600.0,11274.0,18.79
2021-05-19,600575.SH,6400.0,14720.0,2.3
2021-05-19,600755.SH,1900.0,13262.0,6.98
2021-05-19,600820.SH,2900.0,15109.0,5.21
2021-05-19,600901.SH,2700.0,14715.0,5.45
2021-05-20,000156.SZ,1300.0,9971.0,7.67
2021-05-20,600064.SH,1700.0,16779.0,9.87
2021-05-20,600325.SH,2800.0,18984.0,6.78
2021-05-20,600566.SH,600.0,11910.0,19.85
2021-05-20,600575.SH,6400.0,14464.0,2.26
2021-05-20,600755.SH,1900.0,13224.0,6.96
2021-05-20,600820.SH,2900.0,15080.0,5.2
2021-05-20,600901.SH,2700.0,14580.0,5.4
2021-05-21,000156.SZ,1300.0,9984.0,7.68
2021-05-21,600064.SH,1700.0,16813.0,9.89
2021-05-21,600325.SH,2800.0,18984.0,6.78
2021-05-21,600566.SH,600.0,11586.0,19.31
2021-05-21,600575.SH,6400.0,14528.0,2.27
2021-05-21,600755.SH,1900.0,13281.0,6.99
2021-05-21,600820.SH,2900.0,15080.0,5.2
2021-05-21,600901.SH,2700.0,14526.0,5.38
2021-05-24,000156.SZ,1300.0,9945.0,7.65
2021-05-24,600064.SH,1700.0,16813.0,9.89
2021-05-24,600325.SH,2800.0,19712.0,7.04
2021-05-24,600566.SH,600.0,11442.0,19.07
2021-05-24,600575.SH,6400.0,14656.0,2.29
2021-05-24,600755.SH,1900.0,13262.0,6.98
2021-05-24,600820.SH,2900.0,15109.0,5.21
2021-05-24,600901.SH,2700.0,15066.0,5.58
2021-05-25,000156.SZ,1300.0,9997.0,7.69
2021-05-25,600064.SH,1700.0,17000.0,10.0
2021-05-25,600325.SH,2800.0,19320.0,6.9
2021-05-25,600566.SH,600.0,11544.0,19.24
2021-05-25,600575.SH,6400.0,14592.0,2.28
2021-05-25,600755.SH,1900.0,13319.0,7.01
2021-05-25,600820.SH,2900.0,15225.0,5.25
2021-05-25,600901.SH,2700.0,15201.0,5.63
2021-05-26,000156.SZ,1300.0,10023.0,7.71
2021-05-26,600064.SH,1700.0,17187.0,10.11
2021-05-26,600325.SH,2800.0,19236.0,6.87
2021-05-26,600566.SH,600.0,11340.0,18.9
2021-05-26,600575.SH,6400.0,14592.0,2.28
2021-05-26,600755.SH,1900.0,13433.0,7.07
2021-05-26,600820.SH,2900.0,15254.0,5.26
2021-05-26,600901.SH,2700.0,15120.0,5.6
2021-05-27,000156.SZ,1300.0,10036.0,7.72
2021-05-27,600064.SH,1700.0,17085.0,10.05
2021-05-27,600325.SH,2800.0,19376.0,6.92
2021-05-27,600566.SH,600.0,11106.0,18.51
2021-05-27,600575.SH,6400.0,14464.0,2.26
2021-05-27,600755.SH,1900.0,13338.0,7.02
2021-05-27,600820.SH,2900.0,15196.0,5.24
2021-05-27,600901.SH,2700.0,15066.0,5.58
2021-05-28,000156.SZ,1300.0,9945.0,7.65
2021-05-28,600064.SH,1700.0,16983.0,9.99
2021-05-28,600325.SH,2800.0,19964.0,7.13
2021-05-28,600566.SH,600.0,11016.0,18.36
2021-05-28,600575.SH,6400.0,14336.0,2.24
2021-05-28,600755.SH,1900.0,13661.0,7.19
2021-05-28,600820.SH,2900.0,15167.0,5.23
2021-05-28,600901.SH,2700.0,15255.0,5.65
2021-05-31,000156.SZ,1300.0,9854.0,7.58
2021-05-31,600064.SH,1700.0,17425.0,10.25
2021-05-31,600325.SH,2800.0,19152.0,6.84
2021-05-31,600566.SH,600.0,10920.0,18.2
2021-05-31,600575.SH,6400.0,14336.0,2.24
2021-05-31,600755.SH,1900.0,14364.0,7.56
2021-05-31,600820.SH,2900.0,15109.0,5.21
2021-05-31,600901.SH,2700.0,15336.0,5.68
2021-06-01,000156.SZ,1300.0,9984.0,7.68
2021-06-01,600064.SH,1700.0,17306.0,10.18
2021-06-01,600325.SH,2800.0,19096.0,6.82
2021-06-01,600566.SH,600.0,11124.0,18.54
2021-06-01,600575.SH,6400.0,14400.0,2.25
2021-06-01,600755.SH,1900.0,14212.0,7.48
2021-06-01,600820.SH,2900.0,15138.0,5.22
2021-06-01,600901.SH,2700.0,15066.0,5.58
2021-06-02,000156.SZ,1300.0,9906.0,7.62
2021-06-02,600064.SH,1700.0,17238.0,10.14
2021-06-02,600325.SH,2800.0,18956.0,6.77
2021-06-02,600566.SH,600.0,10962.0,18.27
2021-06-02,600575.SH,6400.0,14336.0,2.24
2021-06-02,600755.SH,1900.0,14516.0,7.64
2021-06-02,600820.SH,2900.0,15138.0,5.22
2021-06-02,600901.SH,2700.0,15066.0,5.58
2021-06-03,000156.SZ,1300.0,10010.0,7.7
2021-06-03,600064.SH,1700.0,17306.0,10.18
2021-06-03,600325.SH,2800.0,18956.0,6.77
2021-06-03,600566.SH,600.0,10956.0,18.26
2021-06-03,600575.SH,6400.0,14464.0,2.26
2021-06-03,600755.SH,1900.0,14649.0,7.71
2021-06-03,600820.SH,2900.0,15515.0,5.35
2021-06-03,600901.SH,2700.0,14904.0,5.52
2021-06-04,000156.SZ,1300.0,10010.0,7.7
2021-06-04,600064.SH,1700.0,17204.0,10.12
2021-06-04,600325.SH,2800.0,18648.0,6.66
2021-06-04,600566.SH,600.0,10974.0,18.29
2021-06-04,600575.SH,6400.0,14336.0,2.24
2021-06-04,600755.SH,1900.0,14611.0,7.69
2021-06-04,600820.SH,2900.0,15254.0,5.26
2021-06-04,600901.SH,2700.0,14931.0,5.53
2021-06-07,000156.SZ,1300.0,9984.0,7.68
2021-06-07,600064.SH,1700.0,16983.0,9.99
2021-06-07,600325.SH,2800.0,18620.0,6.65
2021-06-07,600566.SH,600.0,10962.0,18.27
2021-06-07,600575.SH,6400.0,14336.0,2.24
2021-06-07,600755.SH,1900.0,14573.0,7.67
2021-06-07,600820.SH,2900.0,15341.0,5.29
2021-06-07,600901.SH,2700.0,14337.0,5.31
2021-06-08,000156.SZ,1300.0,10036.0,7.72
2021-06-08,600064.SH,1700.0,17119.0,10.07
2021-06-08,600325.SH,2800.0,18396.0,6.57
2021-06-08,600566.SH,600.0,11016.0,18.36
2021-06-08,600575.SH,6400.0,14336.0,2.24
2021-06-08,600755.SH,1900.0,14934.0,7.86
2021-06-08,600820.SH,2900.0,15341.0,5.29
2021-06-08,600901.SH,2700.0,14202.0,5.26
2021-06-09,000156.SZ,1300.0,10010.0,7.7
2021-06-09,600064.SH,1700.0,17000.0,10.0
2021-06-09,600325.SH,2800.0,18424.0,6.58
2021-06-09,600566.SH,600.0,10914.0,18.19
2021-06-09,600575.SH,6400.0,14528.0,2.27
2021-06-09,600755.SH,1900.0,14820.0,7.8
2021-06-09,600820.SH,2900.0,15312.0,5.28
2021-06-09,600901.SH,2700.0,14256.0,5.28
2021-06-10,000156.SZ,1300.0,10166.0,7.82
2021-06-10,600064.SH,1700.0,17051.0,10.03
2021-06-10,600325.SH,2800.0,18256.0,6.52
2021-06-10,600566.SH,600.0,10872.0,18.12
2021-06-10,600575.SH,6400.0,14528.0,2.27
2021-06-10,600755.SH,1900.0,14611.0,7.69
2021-06-10,600820.SH,2900.0,15312.0,5.28
2021-06-10,600901.SH,2700.0,14202.0,5.26
2021-06-11,000156.SZ,1300.0,10348.0,7.96
2021-06-11,600064.SH,1700.0,16898.0,9.94
2021-06-11,600325.SH,2800.0,18788.0,6.71
2021-06-11,600566.SH,600.0,10806.0,18.01
2021-06-11,600575.SH,6400.0,14272.0,2.23
2021-06-11,600755.SH,1900.0,15599.0,8.21
2021-06-11,600820.SH,2900.0,15312.0,5.28
2021-06-11,600901.SH,2700.0,14256.0,5.28
2021-06-15,000156.SZ,1300.0,10569.0,8.13
2021-06-15,600064.SH,1700.0,16813.0,9.89
2021-06-15,600325.SH,2800.0,18872.0,6.74
2021-06-15,600566.SH,600.0,10668.0,17.78
2021-06-15,600575.SH,6400.0,14080.0,2.2
2021-06-15,600755.SH,1900.0,15865.0,8.35
2021-06-15,600820.SH,2900.0,15225.0,5.25
2021-06-15,600901.SH,2700.0,14202.0,5.26
2021-06-16,000156.SZ,1300.0,10348.0,7.96
2021-06-16,600064.SH,1700.0,16796.0,9.88
2021-06-16,600325.SH,2800.0,18984.0,6.78
2021-06-16,600566.SH,600.0,10734.0,17.89
2021-06-16,600575.SH,6400.0,14016.0,2.19
2021-06-16,600755.SH,1900.0,15295.0,8.05
2021-06-16,600820.SH,2900.0,15312.0,5.28
2021-06-16,600901.SH,2700.0,14121.0,5.23
2021-06-17,000156.SZ,1300.0,10166.0,7.82
2021-06-17,600064.SH,1700.0,16830.0,9.9
2021-06-17,600325.SH,2800.0,19264.0,6.88
2021-06-17,600566.SH,600.0,10692.0,17.82
2021-06-17,600575.SH,6400.0,13952.0,2.18
2021-06-17,600755.SH,1900.0,15010.0,7.9
2021-06-17,600820.SH,2900.0,15167.0,5.23
2021-06-17,600901.SH,2700.0,14040.0,5.2
2021-06-18,000156.SZ,1300.0,10179.0,7.83
2021-06-18,600064.SH,1700.0,16796.0,9.88
2021-06-18,600325.SH,2800.0,18592.0,6.64
2021-06-18,600566.SH,600.0,10608.0,17.68
2021-06-18,600575.SH,6400.0,14080.0,2.2
2021-06-18,600755.SH,1900.0,15067.0,7.93
2021-06-18,600820.SH,2900.0,15167.0,5.23
2021-06-18,600901.SH,2700.0,13986.0,5.18
2021-06-21,000156.SZ,1300.0,10114.0,7.78
2021-06-21,600064.SH,1700.0,17000.0,10.0
2021-06-21,600325.SH,2800.0,18536.0,6.62
2021-06-21,600566.SH,600.0,10518.0,17.53
2021-06-21,600575.SH,6400.0,13888.0,2.17
2021-06-21,600755.SH,1900.0,15048.0,7.92
2021-06-21,600820.SH,2900.0,15167.0,5.23
2021-06-21,600901.SH,2700.0,13878.0,5.14
2021-06-22,000156.SZ,1300.0,10179.0,7.83
2021-06-22,600064.SH,1700.0,17051.0,10.03
2021-06-22,600325.SH,2800.0,18340.0,6.55
2021-06-22,600566.SH,600.0,10608.0,17.68
2021-06-22,600575.SH,6400.0,14016.0,2.19
2021-06-22,600755.SH,1900.0,15143.0,7.97
2021-06-22,600820.SH,2900.0,15370.0,5.3
2021-06-22,600901.SH,2700.0,14013.0,5.19
2021-06-23,000156.SZ,1300.0,10127.0,7.79
2021-06-23,600064.SH,1700.0,17000.0,10.0
2021-06-23,600325.SH,2800.0,18368.0,6.56
2021-06-23,600566.SH,600.0,10554.0,17.59
2021-06-23,600575.SH,6400.0,14144.0,2.21
2021-06-23,600755.SH,1900.0,15086.0,7.94
2021-06-23,600820.SH,2900.0,15399.0,5.31
2021-06-23,600901.SH,2700.0,14040.0,5.2
2021-06-24,000156.SZ,1300.0,9984.0,7.68
2021-06-24,600064.SH,1700.0,17085.0,10.05
2021-06-24,600325.SH,2800.0,18200.0,6.5
2021-06-24,600566.SH,600.0,10446.0,17.41
2021-06-24,600575.SH,6400.0,14272.0,2.23
2021-06-24,600755.SH,1900.0,16131.0,8.49
2021-06-24,600820.SH,2900.0,15573.0,5.37
2021-06-24,600901.SH,2700.0,14040.0,5.2
2021-06-25,000156.SZ,1300.0,10036.0,7.72
2021-06-25,600064.SH,1700.0,17204.0,10.12
2021-06-25,600325.SH,2800.0,18928.0,6.76
2021-06-25,600566.SH,600.0,10482.0,17.47
2021-06-25,600575.SH,6400.0,14272.0,2.23
2021-06-25,600755.SH,1900.0,15694.0,8.26
2021-06-25,600820.SH,2900.0,15544.0,5.36
2021-06-25,600901.SH,2700.0,14229.0,5.27
2021-06-28,000156.SZ,1300.0,9997.0,7.69
2021-06-28,600064.SH,1700.0,16099.0,9.47
2021-06-28,600325.SH,2800.0,18452.0,6.59
2021-06-28,600566.SH,600.0,10662.0,17.77
2021-06-28,600575.SH,6400.0,14080.0,2.2
2021-06-28,600755.SH,1900.0,15732.0,8.28
2021-06-28,600820.SH,2900.0,15428.0,5.32
2021-06-28,600901.SH,2700.0,14040.0,5.2
2021-06-29,000156.SZ,1300.0,10114.0,7.78
2021-06-29,600064.SH,1700.0,15912.0,9.36
2021-06-29,600325.SH,2800.0,18928.0,6.76
2021-06-29,600566.SH,600.0,10608.0,17.68
2021-06-29,600575.SH,6400.0,13888.0,2.17
2021-06-29,600755.SH,1900.0,15618.0,8.22
2021-06-29,600820.SH,2900.0,15399.0,5.31
2021-06-29,600901.SH,2700.0,14067.0,5.21
2021-06-30,000156.SZ,1300.0,10023.0,7.71
2021-06-30,600064.SH,1700.0,15793.0,9.29
2021-06-30,600325.SH,2800.0,18872.0,6.74
2021-06-30,600566.SH,600.0,10740.0,17.9
2021-06-30,600575.SH,6400.0,13888.0,2.17
2021-06-30,600755.SH,1900.0,15599.0,8.21
2021-06-30,600820.SH,2900.0,15341.0,5.29
2021-06-30,600901.SH,2700.0,14040.0,5.2
2021-07-01,600064.SH,2400.0,22344.0,9.31
2021-07-01,600479.SH,1800.0,17010.0,9.45
2021-07-01,603001.SH,1300.0,12766.0,9.82
2021-07-01,603328.SH,1800.0,13122.0,7.29
2021-07-01,603726.SH,700.0,9660.0,13.8
2021-07-01,603766.SH,5000.0,17600.0,3.52
2021-07-01,603808.SH,1000.0,16050.0,16.05
2021-07-01,603879.SH,1100.0,7711.0,7.01
2021-07-02,600064.SH,2400.0,22008.0,9.17
2021-07-02,600479.SH,1800.0,16452.0,9.14
2021-07-02,603001.SH,1300.0,12441.0,9.57
2021-07-02,603328.SH,1800.0,12852.0,7.14
2021-07-02,603726.SH,700.0,9716.0,13.88
2021-07-02,603766.SH,5000.0,17550.0,3.51
2021-07-02,603808.SH,1000.0,15670.0,15.67
2021-07-02,603879.SH,1100.0,7700.0,7.0
2021-07-05,600064.SH,2400.0,21768.0,9.07
2021-07-05,600479.SH,1800.0,16128.0,8.96
2021-07-05,603001.SH,1300.0,12519.0,9.63
2021-07-05,603328.SH,1800.0,13050.0,7.25
2021-07-05,603726.SH,700.0,9814.0,14.02
2021-07-05,603766.SH,5000.0,17700.0,3.54
2021-07-05,603808.SH,1000.0,15670.0,15.67
2021-07-05,603879.SH,1100.0,8184.0,7.44
2021-07-06,600064.SH,2400.0,21936.0,9.14
2021-07-06,600479.SH,1800.0,15678.0,8.71
2021-07-06,603001.SH,1300.0,12337.0,9.49
2021-07-06,603328.SH,1800.0,13014.0,7.23
2021-07-06,603726.SH,700.0,9821.0,14.03
2021-07-06,603766.SH,5000.0,17550.0,3.51
2021-07-06,603808.SH,1000.0,15660.0,15.66
2021-07-06,603879.SH,1100.0,8140.0,7.4
2021-07-07,600064.SH,2400.0,21864.0,9.11
2021-07-07,600479.SH,1800.0,15570.0,8.65
2021-07-07,603001.SH,1300.0,13572.0,10.44
2021-07-07,603328.SH,1800.0,13014.0,7.23
2021-07-07,603726.SH,700.0,9947.0,14.21
2021-07-07,603766.SH,5000.0,17900.0,3.58
2021-07-07,603808.SH,1000.0,15550.0,15.55
2021-07-07,603879.SH,1100.0,8217.0,7.47
2021-07-08,600064.SH,2400.0,21672.0,9.03
2021-07-08,600479.SH,1800.0,15264.0,8.48
2021-07-08,603001.SH,1300.0,13260.0,10.2
2021-07-08,603328.SH,1800.0,13014.0,7.23
2021-07-08,603726.SH,700.0,9961.0,14.23
2021-07-08,603766.SH,5000.0,17900.0,3.58
2021-07-08,603808.SH,1000.0,15260.0,15.26
2021-07-08,603879.SH,1100.0,8327.0,7.57
2021-07-09,600064.SH,2400.0,21672.0,9.03
2021-07-09,600479.SH,1800.0,15354.0,8.53
2021-07-09,603001.SH,1300.0,13585.0,10.45
2021-07-09,603328.SH,1800.0,12960.0,7.2
2021-07-09,603726.SH,700.0,10038.0,14.34
2021-07-09,603766.SH,5000.0,18000.0,3.6
2021-07-09,603808.SH,1000.0,16200.0,16.2
2021-07-09,603879.SH,1100.0,8646.0,7.86
2021-07-12,600064.SH,2400.0,21696.0,9.04
2021-07-12,600479.SH,1800.0,15318.0,8.51
2021-07-12,603001.SH,1300.0,13130.0,10.1
2021-07-12,603328.SH,1800.0,13176.0,7.32
2021-07-12,603726.SH,700.0,10213.0,14.59
2021-07-12,603766.SH,5000.0,17750.0,3.55
2021-07-12,603808.SH,1000.0,16420.0,16.42
2021-07-12,603879.SH,1100.0,8624.0,7.84
2021-07-13,600064.SH,2400.0,21648.0,9.02
2021-07-13,600479.SH,1800.0,15300.0,8.5
2021-07-13,603001.SH,1300.0,13468.0,10.36
2021-07-13,603328.SH,1800.0,13410.0,7.45
2021-07-13,603726.SH,700.0,10052.0,14.36
2021-07-13,603766.SH,5000.0,17950.0,3.59
2021-07-13,603808.SH,1000.0,17090.0,17.09
2021-07-13,603879.SH,1100.0,9020.0,8.2
2021-07-14,600064.SH,2400.0,21312.0,8.88
2021-07-14,600479.SH,1800.0,15390.0,8.55
2021-07-14,603001.SH,1300.0,13195.0,10.15
2021-07-14,603328.SH,1800.0,13230.0,7.35
2021-07-14,603726.SH,700.0,10059.0,14.37
2021-07-14,603766.SH,5000.0,17800.0,3.56
2021-07-14,603808.SH,1000.0,16980.0,16.98
2021-07-14,603879.SH,1100.0,8767.0,7.97
2021-07-15,600064.SH,2400.0,21312.0,8.88
2021-07-15,600479.SH,1800.0,15444.0,8.58
2021-07-15,603001.SH,1300.0,12896.0,9.92
2021-07-15,603328.SH,1800.0,13032.0,7.24
2021-07-15,603726.SH,700.0,10283.0,14.69
2021-07-15,603766.SH,5000.0,17400.0,3.48
2021-07-15,603808.SH,1000.0,16920.0,16.92
2021-07-15,603879.SH,1100.0,8888.0,8.08
2021-07-16,600064.SH,2400.0,21216.0,8.84
2021-07-16,600479.SH,1800.0,15588.0,8.66
2021-07-16,603001.SH,1300.0,12805.0,9.85
2021-07-16,603328.SH,1800.0,13104.0,7.28
2021-07-16,603726.SH,700.0,10318.0,14.74
2021-07-16,603766.SH,5000.0,17200.0,3.44
2021-07-16,603808.SH,1000.0,16580.0,16.58
2021-07-16,603879.SH,1100.0,8800.0,8.0
2021-07-19,600064.SH,2400.0,21048.0,8.77
2021-07-19,600479.SH,1800.0,16128.0,8.96
2021-07-19,603001.SH,1300.0,12844.0,9.88
2021-07-19,603328.SH,1800.0,12960.0,7.2
2021-07-19,603726.SH,700.0,10654.0,15.22
2021-07-19,603766.SH,5000.0,17000.0,3.4
2021-07-19,603808.SH,1000.0,16520.0,16.52
2021-07-19,603879.SH,1100.0,8459.0,7.69
2021-07-20,600064.SH,2400.0,21096.0,8.79
2021-07-20,600479.SH,1800.0,15966.0,8.87
2021-07-20,603001.SH,1300.0,12961.0,9.97
2021-07-20,603328.SH,1800.0,13032.0,7.24
2021-07-20,603726.SH,700.0,10717.0,15.31
2021-07-20,603766.SH,5000.0,17100.0,3.42
2021-07-20,603808.SH,1000.0,15950.0,15.95
2021-07-20,603879.SH,1100.0,8569.0,7.79
2021-07-21,600064.SH,2400.0,21048.0,8.77
2021-07-21,600479.SH,1800.0,16038.0,8.91
2021-07-21,603001.SH,1300.0,13091.0,10.07
2021-07-21,603328.SH,1800.0,13014.0,7.23
2021-07-21,603726.SH,700.0,10710.0,15.3
2021-07-21,603766.SH,5000.0,17950.0,3.59
2021-07-21,603808.SH,1000.0,15940.0,15.94
2021-07-21,603879.SH,1100.0,8404.0,7.64
2021-07-22,600064.SH,2400.0,21144.0,8.81
2021-07-22,600479.SH,1800.0,15732.0,8.74
2021-07-22,603001.SH,1300.0,12831.0,9.87
2021-07-22,603328.SH,1800.0,13230.0,7.35
2021-07-22,603726.SH,700.0,10801.0,15.43
2021-07-22,603766.SH,5000.0,17650.0,3.53
2021-07-22,603808.SH,1000.0,15770.0,15.77
2021-07-22,603879.SH,1100.0,8602.0,7.82
2021-07-23,600064.SH,2400.0,20832.0,8.68
2021-07-23,600479.SH,1800.0,15606.0,8.67
2021-07-23,603001.SH,1300.0,13065.0,10.05
2021-07-23,603328.SH,1800.0,13158.0,7.31
2021-07-23,603726.SH,700.0,10556.0,15.08
2021-07-23,603766.SH,5000.0,17700.0,3.54
2021-07-23,603808.SH,1000.0,15390.0,15.39
2021-07-23,603879.SH,1100.0,8272.0,7.52
2021-07-26,600064.SH,2400.0,20184.0,8.41
2021-07-26,600479.SH,1800.0,15264.0,8.48
2021-07-26,603001.SH,1300.0,12584.0,9.68
2021-07-26,603328.SH,1800.0,12834.0,7.13
2021-07-26,603726.SH,700.0,10605.0,15.15
2021-07-26,603766.SH,5000.0,17250.0,3.45
2021-07-26,603808.SH,1000.0,14780.0,14.78
2021-07-26,603879.SH,1100.0,7810.0,7.1
2021-07-27,600064.SH,2400.0,19776.0,8.24
2021-07-27,600479.SH,1800.0,14904.0,8.28
2021-07-27,603001.SH,1300.0,11323.0,8.71
2021-07-27,603328.SH,1800.0,13212.0,7.34
2021-07-27,603726.SH,700.0,10703.0,15.29
2021-07-27,603766.SH,5000.0,17000.0,3.4
2021-07-27,603808.SH,1000.0,14810.0,14.81
2021-07-27,603879.SH,1100.0,7678.0,6.98
2021-07-28,600064.SH,2400.0,19800.0,8.25
2021-07-28,600479.SH,1800.0,14670.0,8.15
2021-07-28,603001.SH,1300.0,10725.0,8.25
2021-07-28,603328.SH,1800.0,13554.0,7.53
2021-07-28,603726.SH,700.0,9933.0,14.19
2021-07-28,603766.SH,5000.0,16400.0,3.28
2021-07-28,603808.SH,1000.0,14820.0,14.82
2021-07-28,603879.SH,1100.0,7711.0,7.01
2021-07-29,600064.SH,2400.0,19536.0,8.14
2021-07-29,600479.SH,1800.0,14706.0,8.17
2021-07-29,603001.SH,1300.0,10920.0,8.4
2021-07-29,603328.SH,1800.0,13860.0,7.7
2021-07-29,603726.SH,700.0,10248.0,14.64
2021-07-29,603766.SH,5000.0,16500.0,3.3
2021-07-29,603808.SH,1000.0,14830.0,14.83
2021-07-29,603879.SH,1100.0,8107.0,7.37
2021-07-30,600064.SH,2400.0,19320.0,8.05
2021-07-30,600479.SH,1800.0,14778.0,8.21
2021-07-30,603001.SH,1300.0,10634.0,8.18
2021-07-30,603328.SH,1800.0,13590.0,7.55
2021-07-30,603726.SH,700.0,10227.0,14.61
2021-07-30,603766.SH,5000.0,16600.0,3.32
2021-07-30,603808.SH,1000.0,14500.0,14.5
2021-07-30,603879.SH,1100.0,8140.0,7.4
2021-08-02,600064.SH,2400.0,19440.0,8.1
2021-08-02,600479.SH,1800.0,14958.0,8.31
2021-08-02,603001.SH,1300.0,10816.0,8.32
2021-08-02,603328.SH,1800.0,13716.0,7.62
2021-08-02,603726.SH,700.0,10605.0,15.15
2021-08-02,603766.SH,5000.0,16900.0,3.38
2021-08-02,603808.SH,1000.0,14710.0,14.71
2021-08-02,603879.SH,1100.0,8228.0,7.48
2021-08-03,600064.SH,2400.0,19608.0,8.17
2021-08-03,600479.SH,1800.0,14958.0,8.31
2021-08-03,603001.SH,1300.0,11570.0,8.9
2021-08-03,603328.SH,1800.0,13410.0,7.45
2021-08-03,603726.SH,700.0,10598.0,15.14
2021-08-03,603766.SH,5000.0,16850.0,3.37
2021-08-03,603808.SH,1000.0,14730.0,14.73
2021-08-03,603879.SH,1100.0,8129.0,7.39
2021-08-04,600064.SH,2400.0,19656.0,8.19
2021-08-04,600479.SH,1800.0,14940.0,8.3
2021-08-04,603001.SH,1300.0,11427.0,8.79
2021-08-04,603328.SH,1800.0,13464.0,7.48
2021-08-04,603726.SH,700.0,10703.0,15.29
2021-08-04,603766.SH,5000.0,16950.0,3.39
2021-08-04,603808.SH,1000.0,15300.0,15.3
2021-08-04,603879.SH,1100.0,8316.0,7.56
2021-08-05,600064.SH,2400.0,19824.0,8.26
2021-08-05,600479.SH,1800.0,14796.0,8.22
2021-08-05,603001.SH,1300.0,11037.0,8.49
2021-08-05,603328.SH,1800.0,13428.0,7.46
2021-08-05,603726.SH,700.0,10521.0,15.03
2021-08-05,603766.SH,5000.0,16950.0,3.39
2021-08-05,603808.SH,1000.0,15220.0,15.22
2021-08-05,603879.SH,1100.0,8129.0,7.39
2021-08-06,600064.SH,2400.0,19632.0,8.18
2021-08-06,600479.SH,1800.0,14652.0,8.14
2021-08-06,603001.SH,1300.0,10998.0,8.46
2021-08-06,603328.SH,1800.0,14004.0,7.78
2021-08-06,603726.SH,700.0,10528.0,15.04
2021-08-06,603766.SH,5000.0,16750.0,3.35
2021-08-06,603808.SH,1000.0,15010.0,15.01
2021-08-06,603879.SH,1100.0,8217.0,7.47
2021-08-09,600064.SH,2400.0,19992.0,8.33
2021-08-09,600479.SH,1800.0,14742.0,8.19
2021-08-09,603001.SH,1300.0,11453.0,8.81
2021-08-09,603328.SH,1800.0,13950.0,7.75
2021-08-09,603726.SH,700.0,10528.0,15.04
2021-08-09,603766.SH,5000.0,16950.0,3.39
2021-08-09,603808.SH,1000.0,15320.0,15.32
2021-08-09,603879.SH,1100.0,8118.0,7.38
2021-08-10,600064.SH,2400.0,20040.0,8.35
2021-08-10,600479.SH,1800.0,14778.0,8.21
2021-08-10,603001.SH,1300.0,11375.0,8.75
2021-08-10,603328.SH,1800.0,13968.0,7.76
2021-08-10,603726.SH,700.0,10521.0,15.03
2021-08-10,603766.SH,5000.0,17150.0,3.43
2021-08-10,603808.SH,1000.0,15610.0,15.61
2021-08-10,603879.SH,1100.0,8932.0,8.12
2021-08-11,600064.SH,2400.0,20112.0,8.38
2021-08-11,600479.SH,1800.0,14652.0,8.14
2021-08-11,603001.SH,1300.0,11375.0,8.75
2021-08-11,603328.SH,1800.0,14112.0,7.84
2021-08-11,603726.SH,700.0,10549.0,15.07
2021-08-11,603766.SH,5000.0,17200.0,3.44
2021-08-11,603808.SH,1000.0,15300.0,15.3
2021-08-11,603879.SH,1100.0,8613.0,7.83
2021-08-12,600064.SH,2400.0,20424.0,8.51
2021-08-12,600479.SH,1800.0,14688.0,8.16
2021-08-12,603001.SH,1300.0,11505.0,8.85
2021-08-12,603328.SH,1800.0,14094.0,7.83
2021-08-12,603726.SH,700.0,10493.0,14.99
2021-08-12,603766.SH,5000.0,17500.0,3.5
2021-08-12,603808.SH,1000.0,15180.0,15.18
2021-08-12,603879.SH,1100.0,8382.0,7.62
2021-08-13,600064.SH,2400.0,20328.0,8.47
2021-08-13,600479.SH,1800.0,14688.0,8.16
2021-08-13,603001.SH,1300.0,11349.0,8.73
2021-08-13,603328.SH,1800.0,13860.0,7.7
2021-08-13,603726.SH,700.0,10465.0,14.95
2021-08-13,603766.SH,5000.0,17800.0,3.56
2021-08-13,603808.SH,1000.0,15200.0,15.2
2021-08-13,603879.SH,1100.0,8151.0,7.41
2021-08-16,600064.SH,2400.0,20424.0,8.51
2021-08-16,600479.SH,1800.0,14778.0,8.21
2021-08-16,603001.SH,1300.0,11427.0,8.79
2021-08-16,603328.SH,1800.0,13698.0,7.61
2021-08-16,603726.SH,700.0,10353.0,14.79
2021-08-16,603766.SH,5000.0,18050.0,3.61
2021-08-16,603808.SH,1000.0,15110.0,15.11
2021-08-16,603879.SH,1100.0,7931.0,7.21
2021-08-17,600064.SH,2400.0,20424.0,8.51
2021-08-17,600479.SH,1800.0,14580.0,8.1
2021-08-17,603001.SH,1300.0,10998.0,8.46
2021-08-17,603328.SH,1800.0,13392.0,7.44
2021-08-17,603726.SH,700.0,9996.0,14.28
2021-08-17,603766.SH,5000.0,17650.0,3.53
2021-08-17,603808.SH,1000.0,14680.0,14.68
2021-08-17,603879.SH,1100.0,7810.0,7.1
2021-08-18,600064.SH,2400.0,20880.0,8.7
2021-08-18,600479.SH,1800.0,14616.0,8.12
2021-08-18,603001.SH,1300.0,11128.0,8.56
2021-08-18,603328.SH,1800.0,13446.0,7.47
2021-08-18,603726.SH,700.0,9975.0,14.25
2021-08-18,603766.SH,5000.0,17700.0,3.54
2021-08-18,603808.SH,1000.0,14600.0,14.6
2021-08-18,603879.SH,1100.0,7832.0,7.12
2021-08-19,600064.SH,2400.0,20520.0,8.55
2021-08-19,600479.SH,1800.0,14742.0,8.19
2021-08-19,603001.SH,1300.0,11011.0,8.47
2021-08-19,603328.SH,1800.0,13626.0,7.57
2021-08-19,603726.SH,700.0,9919.0,14.17
2021-08-19,603766.SH,5000.0,17650.0,3.53
2021-08-19,603808.SH,1000.0,14380.0,14.38
2021-08-19,603879.SH,1100.0,7733.0,7.03
2021-08-20,600064.SH,2400.0,21264.0,8.86
2021-08-20,600479.SH,1800.0,14598.0,8.11
2021-08-20,603001.SH,1300.0,11154.0,8.58
2021-08-20,603328.SH,1800.0,13626.0,7.57
2021-08-20,603726.SH,700.0,9793.0,13.99
2021-08-20,603766.SH,5000.0,17500.0,3.5
2021-08-20,603808.SH,1000.0,14390.0,14.39
2021-08-20,603879.SH,1100.0,7634.0,6.94
2021-08-23,600064.SH,2400.0,21192.0,8.83
2021-08-23,600479.SH,1800.0,14652.0,8.14
2021-08-23,603001.SH,1300.0,11297.0,8.69
2021-08-23,603328.SH,1800.0,13626.0,7.57
2021-08-23,603726.SH,700.0,10178.0,14.54
2021-08-23,603766.SH,5000.0,18050.0,3.61
2021-08-23,603808.SH,1000.0,15290.0,15.29
2021-08-23,603879.SH,1100.0,7832.0,7.12
2021-08-24,600064.SH,2400.0,21144.0,8.81
2021-08-24,600479.SH,1800.0,14778.0,8.21
2021-08-24,603001.SH,1300.0,11557.0,8.89
2021-08-24,603328.SH,1800.0,13428.0,7.46
2021-08-24,603726.SH,700.0,10234.0,14.62
2021-08-24,603766.SH,5000.0,18050.0,3.61
2021-08-24,603808.SH,1000.0,15510.0,15.51
2021-08-24,603879.SH,1100.0,7810.0,7.1
2021-08-25,600064.SH,2400.0,21120.0,8.8
2021-08-25,600479.SH,1800.0,15048.0,8.36
2021-08-25,603001.SH,1300.0,11648.0,8.96
2021-08-25,603328.SH,1800.0,13608.0,7.56
2021-08-25,603726.SH,700.0,10451.0,14.93
2021-08-25,603766.SH,5000.0,18000.0,3.6
2021-08-25,603808.SH,1000.0,15360.0,15.36
2021-08-25,603879.SH,1100.0,7898.0,7.18
2021-08-26,600064.SH,2400.0,21216.0,8.84
2021-08-26,600479.SH,1800.0,14922.0,8.29
2021-08-26,603001.SH,1300.0,12064.0,9.28
2021-08-26,603328.SH,1800.0,13986.0,7.77
2021-08-26,603726.SH,700.0,10612.0,15.16
2021-08-26,603766.SH,5000.0,17600.0,3.52
2021-08-26,603808.SH,1000.0,15420.0,15.42
2021-08-26,603879.SH,1100.0,7744.0,7.04
2021-08-27,600064.SH,2400.0,21144.0,8.81
2021-08-27,600479.SH,1800.0,14958.0,8.31
2021-08-27,603001.SH,1300.0,11674.0,8.98
2021-08-27,603328.SH,1800.0,14058.0,7.81
2021-08-27,603726.SH,700.0,10591.0,15.13
2021-08-27,603766.SH,5000.0,18050.0,3.61
2021-08-27,603808.SH,1000.0,15680.0,15.68
2021-08-27,603879.SH,1100.0,7744.0,7.04
2021-08-30,600064.SH,2400.0,20280.0,8.45
2021-08-30,600479.SH,1800.0,14850.0,8.25
2021-08-30,603001.SH,1300.0,11635.0,8.95
2021-08-30,603328.SH,1800.0,13914.0,7.73
2021-08-30,603726.SH,700.0,10360.0,14.8
2021-08-30,603766.SH,5000.0,17950.0,3.59
2021-08-30,603808.SH,1000.0,15620.0,15.62
2021-08-30,603879.SH,1100.0,7887.0,7.17
2021-08-31,600064.SH,2400.0,21624.0,9.01
2021-08-31,600479.SH,1800.0,14994.0,8.33
2021-08-31,603001.SH,1300.0,11648.0,8.96
2021-08-31,603328.SH,1800.0,13878.0,7.71
2021-08-31,603726.SH,700.0,10129.0,14.47
2021-08-31,603766.SH,5000.0,18700.0,3.74
2021-08-31,603808.SH,1000.0,15630.0,15.63
2021-08-31,603879.SH,1100.0,7975.0,7.25
2021-09-01,600064.SH,2400.0,21816.0,9.09
2021-09-01,600479.SH,1800.0,15066.0,8.37
2021-09-01,603001.SH,1300.0,11804.0,9.08
2021-09-01,603328.SH,1800.0,13932.0,7.74
2021-09-01,603726.SH,700.0,10031.0,14.33
2021-09-01,603766.SH,5000.0,18800.0,3.76
2021-09-01,603808.SH,1000.0,15830.0,15.83
2021-09-01,603879.SH,1100.0,7645.0,6.95
2021-09-02,600064.SH,2400.0,21888.0,9.12
2021-09-02,600479.SH,1800.0,15084.0,8.38
2021-09-02,603001.SH,1300.0,11856.0,9.12
2021-09-02,603328.SH,1800.0,13788.0,7.66
2021-09-02,603726.SH,700.0,10262.0,14.66
2021-09-02,603766.SH,5000.0,18950.0,3.79
2021-09-02,603808.SH,1000.0,15510.0,15.51
2021-09-02,603879.SH,1100.0,7634.0,6.94
2021-09-03,600064.SH,2400.0,22560.0,9.4
2021-09-03,600479.SH,1800.0,15264.0,8.48
2021-09-03,603001.SH,1300.0,11713.0,9.01
2021-09-03,603328.SH,1800.0,13842.0,7.69
2021-09-03,603726.SH,700.0,10290.0,14.7
2021-09-03,603766.SH,5000.0,19600.0,3.92
2021-09-03,603808.SH,1000.0,15330.0,15.33
2021-09-03,603879.SH,1100.0,7546.0,6.86
2021-09-06,600064.SH,2400.0,22488.0,9.37
2021-09-06,600479.SH,1800.0,15444.0,8.58
2021-09-06,603001.SH,1300.0,11713.0,9.01
2021-09-06,603328.SH,1800.0,14040.0,7.8
2021-09-06,603726.SH,700.0,10535.0,15.05
2021-09-06,603766.SH,5000.0,19600.0,3.92
2021-09-06,603808.SH,1000.0,15780.0,15.78
2021-09-06,603879.SH,1100.0,7601.0,6.91
2021-09-07,600064.SH,2400.0,22464.0,9.36
2021-09-07,600479.SH,1800.0,15516.0,8.62
2021-09-07,603001.SH,1300.0,11739.0,9.03
2021-09-07,603328.SH,1800.0,14094.0,7.83
2021-09-07,603726.SH,700.0,10514.0,15.02
2021-09-07,603766.SH,5000.0,20900.0,4.18
2021-09-07,603808.SH,1000.0,15840.0,15.84
2021-09-07,603879.SH,1100.0,7601.0,6.91
2021-09-08,600064.SH,2400.0,22512.0,9.38
2021-09-08,600479.SH,1800.0,15660.0,8.7
2021-09-08,603001.SH,1300.0,11947.0,9.19
2021-09-08,603328.SH,1800.0,14184.0,7.88
2021-09-08,603726.SH,700.0,10514.0,15.02
2021-09-08,603766.SH,5000.0,22100.0,4.42
2021-09-08,603808.SH,1000.0,15790.0,15.79
2021-09-08,603879.SH,1100.0,7667.0,6.97
2021-09-09,600064.SH,2400.0,22608.0,9.42
2021-09-09,600479.SH,1800.0,15840.0,8.8
2021-09-09,603001.SH,1300.0,11830.0,9.1
2021-09-09,603328.SH,1800.0,14598.0,8.11
2021-09-09,603726.SH,700.0,10458.0,14.94
2021-09-09,603766.SH,5000.0,22700.0,4.54
2021-09-09,603808.SH,1000.0,15810.0,15.81
2021-09-09,603879.SH,1100.0,7579.0,6.89
2021-09-10,600064.SH,2400.0,22584.0,9.41
2021-09-10,600479.SH,1800.0,15732.0,8.74
2021-09-10,603001.SH,1300.0,11726.0,9.02
2021-09-10,603328.SH,1800.0,14094.0,7.83
2021-09-10,603726.SH,700.0,10437.0,14.91
2021-09-10,603766.SH,5000.0,21750.0,4.35
2021-09-10,603808.SH,1000.0,15410.0,15.41
2021-09-10,603879.SH,1100.0,7513.0,6.83
2021-09-13,600064.SH,2400.0,22560.0,9.4
2021-09-13,600479.SH,1800.0,15768.0,8.76
2021-09-13,603001.SH,1300.0,11882.0,9.14
2021-09-13,603328.SH,1800.0,14130.0,7.85
2021-09-13,603726.SH,700.0,10325.0,14.75
2021-09-13,603766.SH,5000.0,21650.0,4.33
2021-09-13,603808.SH,1000.0,15490.0,15.49
2021-09-13,603879.SH,1100.0,7832.0,7.12
2021-09-14,600064.SH,2400.0,21984.0,9.16
2021-09-14,600479.SH,1800.0,15588.0,8.66
2021-09-14,603001.SH,1300.0,11557.0,8.89
2021-09-14,603328.SH,1800.0,13734.0,7.63
2021-09-14,603726.SH,700.0,10416.0,14.88
2021-09-14,603766.SH,5000.0,21350.0,4.27
2021-09-14,603808.SH,1000.0,15060.0,15.06
2021-09-14,603879.SH,1100.0,7755.0,7.05
2021-09-15,600064.SH,2400.0,22080.0,9.2
2021-09-15,600479.SH,1800.0,15588.0,8.66
2021-09-15,603001.SH,1300.0,11570.0,8.9
2021-09-15,603328.SH,1800.0,13860.0,7.7
2021-09-15,603726.SH,700.0,10213.0,14.59
2021-09-15,603766.SH,5000.0,21550.0,4.31
2021-09-15,603808.SH,1000.0,14880.0,14.88
2021-09-15,603879.SH,1100.0,7744.0,7.04
2021-09-16,600064.SH,2400.0,21648.0,9.02
2021-09-16,600479.SH,1800.0,15606.0,8.67
2021-09-16,603001.SH,1300.0,11323.0,8.71
2021-09-16,603328.SH,1800.0,13734.0,7.63
2021-09-16,603726.SH,700.0,10465.0,14.95
2021-09-16,603766.SH,5000.0,21400.0,4.28
2021-09-16,603808.SH,1000.0,14700.0,14.7
2021-09-16,603879.SH,1100.0,7590.0,6.9
2021-09-17,600064.SH,2400.0,21576.0,8.99
2021-09-17,600479.SH,1800.0,15480.0,8.6
2021-09-17,603001.SH,1300.0,11180.0,8.6
2021-09-17,603328.SH,1800.0,13896.0,7.72
2021-09-17,603726.SH,700.0,9975.0,14.25
2021-09-17,603766.SH,5000.0,21100.0,4.22
2021-09-17,603808.SH,1000.0,14510.0,14.51
2021-09-17,603879.SH,1100.0,7744.0,7.04
2021-09-22,600064.SH,2400.0,21696.0,9.04
2021-09-22,600479.SH,1800.0,15534.0,8.63
2021-09-22,603001.SH,1300.0,11180.0,8.6
2021-09-22,603328.SH,1800.0,13806.0,7.67
2021-09-22,603726.SH,700.0,9919.0,14.17
2021-09-22,603766.SH,5000.0,21700.0,4.34
2021-09-22,603808.SH,1000.0,14410.0,14.41
2021-09-22,603879.SH,1100.0,7700.0,7.0
2021-09-23,600064.SH,2400.0,22200.0,9.25
2021-09-23,600479.SH,1800.0,15804.0,8.78
2021-09-23,603001.SH,1300.0,11258.0,8.66
2021-09-23,603328.SH,1800.0,14004.0,7.78
2021-09-23,603726.SH,700.0,9996.0,14.28
2021-09-23,603766.SH,5000.0,22200.0,4.44
2021-09-23,603808.SH,1000.0,14410.0,14.41
2021-09-23,603879.SH,1100.0,7711.0,7.01
2021-09-24,600064.SH,2400.0,21912.0,9.13
2021-09-24,600479.SH,1800.0,15624.0,8.68
2021-09-24,603001.SH,1300.0,11219.0,8.63
2021-09-24,603328.SH,1800.0,13770.0,7.65
2021-09-24,603726.SH,700.0,9849.0,14.07
2021-09-24,603766.SH,5000.0,21800.0,4.36
2021-09-24,603808.SH,1000.0,13990.0,13.99
2021-09-24,603879.SH,1100.0,7579.0,6.89
2021-09-27,600064.SH,2400.0,21720.0,9.05
2021-09-27,600479.SH,1800.0,15174.0,8.43
2021-09-27,603001.SH,1300.0,10790.0,8.3
2021-09-27,603328.SH,1800.0,13158.0,7.31
2021-09-27,603726.SH,700.0,9541.0,13.63
2021-09-27,603766.SH,5000.0,24000.0,4.8
2021-09-27,603808.SH,1000.0,14000.0,14.0
2021-09-27,603879.SH,1100.0,7084.0,6.44
2021-09-28,600064.SH,2400.0,21768.0,9.07
2021-09-28,600479.SH,1800.0,15354.0,8.53
2021-09-28,603001.SH,1300.0,10634.0,8.18
2021-09-28,603328.SH,1800.0,13302.0,7.39
2021-09-28,603726.SH,700.0,9576.0,13.68
2021-09-28,603766.SH,5000.0,21600.0,4.32
2021-09-28,603808.SH,1000.0,13960.0,13.96
2021-09-28,603879.SH,1100.0,6930.0,6.3
2021-09-29,600064.SH,2400.0,21504.0,8.96
2021-09-29,600479.SH,1800.0,15066.0,8.37
2021-09-29,603001.SH,1300.0,10400.0,8.0
2021-09-29,603328.SH,1800.0,13176.0,7.32
2021-09-29,603726.SH,700.0,9401.0,13.43
2021-09-29,603766.SH,5000.0,21300.0,4.26
2021-09-29,603808.SH,1000.0,13780.0,13.78
2021-09-29,603879.SH,1100.0,6710.0,6.1
2021-09-30,600064.SH,2400.0,21504.0,8.96
2021-09-30,600479.SH,1800.0,15246.0,8.47
2021-09-30,603001.SH,1300.0,10504.0,8.08
2021-09-30,603328.SH,1800.0,13302.0,7.39
2021-09-30,603726.SH,700.0,9506.0,13.58
2021-09-30,603766.SH,5000.0,21850.0,4.37
2021-09-30,603808.SH,1000.0,13800.0,13.8
2021-09-30,603879.SH,1100.0,6809.0,6.19
2021-10-08,601019.SH,3500.0,22190.0,6.34
2021-10-08,601158.SH,2200.0,14036.0,6.38
2021-10-08,601616.SH,4300.0,15996.0,3.72
2021-10-08,603058.SH,1100.0,8602.0,7.82
2021-10-08,603165.SH,800.0,10736.0,13.42
2021-10-08,603339.SH,800.0,8496.0,10.62
2021-10-08,603458.SH,1400.0,15610.0,11.15
2021-10-08,603886.SH,900.0,17658.0,19.62
2021-10-11,601019.SH,3500.0,22015.0,6.29
2021-10-11,601158.SH,2200.0,12914.0,5.87
2021-10-11,601616.SH,4300.0,15437.0,3.59
2021-10-11,603058.SH,1100.0,8536.0,7.76
2021-10-11,603165.SH,800.0,10576.0,13.22
2021-10-11,603339.SH,800.0,8392.0,10.49
2021-10-11,603458.SH,1400.0,15470.0,11.05
2021-10-11,603886.SH,900.0,17478.0,19.42
2021-10-12,601019.SH,3500.0,22120.0,6.32
2021-10-12,601158.SH,2200.0,13266.0,6.03
2021-10-12,601616.SH,4300.0,15738.0,3.66
2021-10-12,603058.SH,1100.0,8283.0,7.53
2021-10-12,603165.SH,800.0,10576.0,13.22
2021-10-12,603339.SH,800.0,8216.0,10.27
2021-10-12,603458.SH,1400.0,15148.0,10.82
2021-10-12,603886.SH,900.0,17343.0,19.27
2021-10-13,601019.SH,3500.0,21770.0,6.22
2021-10-13,601158.SH,2200.0,12474.0,5.67
2021-10-13,601616.SH,4300.0,15394.0,3.58
2021-10-13,603058.SH,1100.0,7909.0,7.19
2021-10-13,603165.SH,800.0,10656.0,13.32
2021-10-13,603339.SH,800.0,8296.0,10.37
2021-10-13,603458.SH,1400.0,15064.0,10.76
2021-10-13,603886.SH,900.0,17370.0,19.3
2021-10-14,601019.SH,3500.0,22120.0,6.32
2021-10-14,601158.SH,2200.0,12584.0,5.72
2021-10-14,601616.SH,4300.0,15222.0,3.54
2021-10-14,603058.SH,1100.0,8074.0,7.34
2021-10-14,603165.SH,800.0,10640.0,13.3
2021-10-14,603339.SH,800.0,8376.0,10.47
2021-10-14,603458.SH,1400.0,15036.0,10.74
2021-10-14,603886.SH,900.0,17352.0,19.28
2021-10-15,601019.SH,3500.0,21875.0,6.25
2021-10-15,601158.SH,2200.0,12320.0,5.6
2021-10-15,601616.SH,4300.0,14233.0,3.31
2021-10-15,603058.SH,1100.0,7876.0,7.16
2021-10-15,603165.SH,800.0,10440.0,13.05
2021-10-15,603339.SH,800.0,8448.0,10.56
2021-10-15,603458.SH,1400.0,14882.0,10.63
2021-10-15,603886.SH,900.0,18927.0,21.03
2021-10-18,601019.SH,3500.0,22435.0,6.41
2021-10-18,601158.SH,2200.0,12430.0,5.65
2021-10-18,601616.SH,4300.0,14448.0,3.36
2021-10-18,603058.SH,1100.0,7997.0,7.27
2021-10-18,603165.SH,800.0,10672.0,13.34
2021-10-18,603339.SH,800.0,8704.0,10.88
2021-10-18,603458.SH,1400.0,14896.0,10.64
2021-10-18,603886.SH,900.0,17037.0,18.93
2021-10-19,601019.SH,3500.0,22260.0,6.36
2021-10-19,601158.SH,2200.0,12474.0,5.67
2021-10-19,601616.SH,4300.0,14448.0,3.36
2021-10-19,603058.SH,1100.0,8074.0,7.34
2021-10-19,603165.SH,800.0,10904.0,13.63
2021-10-19,603339.SH,800.0,8784.0,10.98
2021-10-19,603458.SH,1400.0,14938.0,10.67
2021-10-19,603886.SH,900.0,16992.0,18.88
2021-10-20,601019.SH,3500.0,22295.0,6.37
2021-10-20,601158.SH,2200.0,12518.0,5.69
2021-10-20,601616.SH,4300.0,14534.0,3.38
2021-10-20,603058.SH,1100.0,8008.0,7.28
2021-10-20,603165.SH,800.0,10776.0,13.47
2021-10-20,603339.SH,800.0,8944.0,11.18
2021-10-20,603458.SH,1400.0,14868.0,10.62
2021-10-20,603886.SH,900.0,16074.0,17.86
2021-10-21,601019.SH,3500.0,22610.0,6.46
2021-10-21,601158.SH,2200.0,12298.0,5.59
2021-10-21,601616.SH,4300.0,14233.0,3.31
2021-10-21,603058.SH,1100.0,7887.0,7.17
2021-10-21,603165.SH,800.0,11128.0,13.91
2021-10-21,603339.SH,800.0,8928.0,11.16
2021-10-21,603458.SH,1400.0,14854.0,10.61
2021-10-21,603886.SH,900.0,16209.0,18.01
2021-10-22,601019.SH,3500.0,21945.0,6.27
2021-10-22,601158.SH,2200.0,11968.0,5.44
2021-10-22,601616.SH,4300.0,13502.0,3.14
2021-10-22,603058.SH,1100.0,8052.0,7.32
2021-10-22,603165.SH,800.0,11200.0,14.0
2021-10-22,603339.SH,800.0,8720.0,10.9
2021-10-22,603458.SH,1400.0,14798.0,10.57
2021-10-22,603886.SH,900.0,15606.0,17.34
2021-10-25,601019.SH,3500.0,21980.0,6.28
2021-10-25,601158.SH,2200.0,11990.0,5.45
2021-10-25,601616.SH,4300.0,13803.0,3.21
2021-10-25,603058.SH,1100.0,8030.0,7.3
2021-10-25,603165.SH,800.0,11432.0,14.29
2021-10-25,603339.SH,800.0,8752.0,10.94
2021-10-25,603458.SH,1400.0,14784.0,10.56
2021-10-25,603886.SH,900.0,15651.0,17.39
2021-10-26,601019.SH,3500.0,21525.0,6.15
2021-10-26,601158.SH,2200.0,12100.0,5.5
2021-10-26,601616.SH,4300.0,13846.0,3.22
2021-10-26,603058.SH,1100.0,8063.0,7.33
2021-10-26,603165.SH,800.0,11360.0,14.2
2021-10-26,603339.SH,800.0,8664.0,10.83
2021-10-26,603458.SH,1400.0,14952.0,10.68
2021-10-26,603886.SH,900.0,15768.0,17.52
2021-10-27,601019.SH,3500.0,21630.0,6.18
2021-10-27,601158.SH,2200.0,12056.0,5.48
2021-10-27,601616.SH,4300.0,13932.0,3.24
2021-10-27,603058.SH,1100.0,7876.0,7.16
2021-10-27,603165.SH,800.0,11104.0,13.88
2021-10-27,603339.SH,800.0,8520.0,10.65
2021-10-27,603458.SH,1400.0,14490.0,10.35
2021-10-27,603886.SH,900.0,15453.0,17.17
2021-10-28,601019.SH,3500.0,21840.0,6.24
2021-10-28,601158.SH,2200.0,11946.0,5.43
2021-10-28,601616.SH,4300.0,13502.0,3.14
2021-10-28,603058.SH,1100.0,7678.0,6.98
2021-10-28,603165.SH,800.0,10912.0,13.64
2021-10-28,603339.SH,800.0,8224.0,10.28
2021-10-28,603458.SH,1400.0,14224.0,10.16
2021-10-28,603886.SH,900.0,16353.0,18.17
2021-10-29,601019.SH,3500.0,21455.0,6.13
2021-10-29,601158.SH,2200.0,12342.0,5.61
2021-10-29,601616.SH,4300.0,14061.0,3.27
2021-10-29,603058.SH,1100.0,7887.0,7.17
2021-10-29,603165.SH,800.0,11096.0,13.87
2021-10-29,603339.SH,800.0,8256.0,10.32
2021-10-29,603458.SH,1400.0,14462.0,10.33
2021-10-29,603886.SH,900.0,17991.0,19.99
2021-11-01,601019.SH,3500.0,19915.0,5.69
2021-11-01,601158.SH,2200.0,13244.0,6.02
2021-11-01,601616.SH,4300.0,14104.0,3.28
2021-11-01,603058.SH,1100.0,7931.0,7.21
2021-11-01,603165.SH,800.0,10472.0,13.09
2021-11-01,603339.SH,800.0,8480.0,10.6
2021-11-01,603458.SH,1400.0,14854.0,10.61
2021-11-01,603886.SH,900.0,18900.0,21.0
2021-11-02,601019.SH,3500.0,19250.0,5.5
2021-11-02,601158.SH,2200.0,13442.0,6.11
2021-11-02,601616.SH,4300.0,13760.0,3.2
2021-11-02,603058.SH,1100.0,7898.0,7.18
2021-11-02,603165.SH,800.0,10528.0,13.16
2021-11-02,603339.SH,800.0,8304.0,10.38
2021-11-02,603458.SH,1400.0,14700.0,10.5
2021-11-02,603886.SH,900.0,19746.0,21.94
2021-11-03,601019.SH,3500.0,19355.0,5.53
2021-11-03,601158.SH,2200.0,13508.0,6.14
2021-11-03,601616.SH,4300.0,13846.0,3.22
2021-11-03,603058.SH,1100.0,8129.0,7.39
2021-11-03,603165.SH,800.0,11192.0,13.99
2021-11-03,603339.SH,800.0,8472.0,10.59
2021-11-03,603458.SH,1400.0,14686.0,10.49
2021-11-03,603886.SH,900.0,19845.0,22.05
2021-11-04,601019.SH,3500.0,19355.0,5.53
2021-11-04,601158.SH,2200.0,13728.0,6.24
2021-11-04,601616.SH,4300.0,14620.0,3.4
2021-11-04,603058.SH,1100.0,8228.0,7.48
2021-11-04,603165.SH,800.0,11552.0,14.44
2021-11-04,603339.SH,800.0,8744.0,10.93
2021-11-04,603458.SH,1400.0,14798.0,10.57
2021-11-04,603886.SH,900.0,20034.0,22.26
2021-11-05,601019.SH,3500.0,19250.0,5.5
2021-11-05,601158.SH,2200.0,13376.0,6.08
2021-11-05,601616.SH,4300.0,14319.0,3.33
2021-11-05,603058.SH,1100.0,8283.0,7.53
2021-11-05,603165.SH,800.0,11728.0,14.66
2021-11-05,603339.SH,800.0,8736.0,10.92
2021-11-05,603458.SH,1400.0,14672.0,10.48
2021-11-05,603886.SH,900.0,19476.0,21.64
2021-11-08,601019.SH,3500.0,19460.0,5.56
2021-11-08,601158.SH,2200.0,13398.0,6.09
2021-11-08,601616.SH,4300.0,14276.0,3.32
2021-11-08,603058.SH,1100.0,8239.0,7.49
2021-11-08,603165.SH,800.0,11440.0,14.3
2021-11-08,603339.SH,800.0,8992.0,11.24
2021-11-08,603458.SH,1400.0,14770.0,10.55
2021-11-08,603886.SH,900.0,18909.0,21.01
2021-11-09,601019.SH,3500.0,19390.0,5.54
2021-11-09,601158.SH,2200.0,13596.0,6.18
2021-11-09,601616.SH,4300.0,14276.0,3.32
2021-11-09,603058.SH,1100.0,8492.0,7.72
2021-11-09,603165.SH,800.0,12040.0,15.05
2021-11-09,603339.SH,800.0,9008.0,11.26
2021-11-09,603458.SH,1400.0,15036.0,10.74
2021-11-09,603886.SH,900.0,18360.0,20.4
2021-11-10,601019.SH,3500.0,19425.0,5.55
2021-11-10,601158.SH,2200.0,13728.0,6.24
2021-11-10,601616.SH,4300.0,14276.0,3.32
2021-11-10,603058.SH,1100.0,8822.0,8.02
2021-11-10,603165.SH,800.0,12200.0,15.25
2021-11-10,603339.SH,800.0,9040.0,11.3
2021-11-10,603458.SH,1400.0,15078.0,10.77
2021-11-10,603886.SH,900.0,18009.0,20.01
2021-11-11,601019.SH,3500.0,19670.0,5.62
2021-11-11,601158.SH,2200.0,13706.0,6.23
2021-11-11,601616.SH,4300.0,14319.0,3.33
2021-11-11,603058.SH,1100.0,8778.0,7.98
2021-11-11,603165.SH,800.0,12944.0,16.18
2021-11-11,603339.SH,800.0,9136.0,11.42
2021-11-11,603458.SH,1400.0,15162.0,10.83
2021-11-11,603886.SH,900.0,18045.0,20.05
2021-11-12,601019.SH,3500.0,19565.0,5.59
2021-11-12,601158.SH,2200.0,14080.0,6.4
2021-11-12,601616.SH,4300.0,14577.0,3.39
2021-11-12,603058.SH,1100.0,8976.0,8.16
2021-11-12,603165.SH,800.0,13072.0,16.34
2021-11-12,603339.SH,800.0,9232.0,11.54
2021-11-12,603458.SH,1400.0,15204.0,10.86
2021-11-12,603886.SH,900.0,17829.0,19.81
2021-11-15,601019.SH,3500.0,19810.0,5.66
2021-11-15,601158.SH,2200.0,14102.0,6.41
2021-11-15,601616.SH,4300.0,14878.0,3.46
2021-11-15,603058.SH,1100.0,9009.0,8.19
2021-11-15,603165.SH,800.0,13160.0,16.45
2021-11-15,603339.SH,800.0,9320.0,11.65
2021-11-15,603458.SH,1400.0,16730.0,11.95
2021-11-15,603886.SH,900.0,18189.0,20.21
2021-11-16,601019.SH,3500.0,19845.0,5.67
2021-11-16,601158.SH,2200.0,14014.0,6.37
2021-11-16,601616.SH,4300.0,14706.0,3.42
2021-11-16,603058.SH,1100.0,8811.0,8.01
2021-11-16,603165.SH,800.0,13656.0,17.07
2021-11-16,603339.SH,800.0,9240.0,11.55
2021-11-16,603458.SH,1400.0,18410.0,13.15
2021-11-16,603886.SH,900.0,18045.0,20.05
2021-11-17,601019.SH,3500.0,19845.0,5.67
2021-11-17,601158.SH,2200.0,14058.0,6.39
2021-11-17,601616.SH,4300.0,15566.0,3.62
2021-11-17,603058.SH,1100.0,8877.0,8.07
2021-11-17,603165.SH,800.0,13776.0,17.22
2021-11-17,603339.SH,800.0,9552.0,11.94
2021-11-17,603458.SH,1400.0,18032.0,12.88
2021-11-17,603886.SH,900.0,18612.0,20.68
2021-11-18,601019.SH,3500.0,19775.0,5.65
2021-11-18,601158.SH,2200.0,13684.0,6.22
2021-11-18,601616.SH,4300.0,15351.0,3.57
2021-11-18,603058.SH,1100.0,8734.0,7.94
2021-11-18,603165.SH,800.0,13288.0,16.61
2021-11-18,603339.SH,800.0,9472.0,11.84
2021-11-18,603458.SH,1400.0,18690.0,13.35
2021-11-18,603886.SH,900.0,17820.0,19.8
2021-11-19,601019.SH,3500.0,19985.0,5.71
2021-11-19,601158.SH,2200.0,13706.0,6.23
2021-11-19,601616.SH,4300.0,15695.0,3.65
2021-11-19,603058.SH,1100.0,8734.0,7.94
2021-11-19,603165.SH,800.0,13272.0,16.59
2021-11-19,603339.SH,800.0,9624.0,12.03
2021-11-19,603458.SH,1400.0,17724.0,12.66
2021-11-19,603886.SH,900.0,17280.0,19.2
2021-11-22,601019.SH,3500.0,19775.0,5.65
2021-11-22,601158.SH,2200.0,13816.0,6.28
2021-11-22,601616.SH,4300.0,15480.0,3.6
2021-11-22,603058.SH,1100.0,8701.0,7.91
2021-11-22,603165.SH,800.0,13680.0,17.1
2021-11-22,603339.SH,800.0,9496.0,11.87
2021-11-22,603458.SH,1400.0,17780.0,12.7
2021-11-22,603886.SH,900.0,17775.0,19.75
2021-11-23,601019.SH,3500.0,19565.0,5.59
2021-11-23,601158.SH,2200.0,13662.0,6.21
2021-11-23,601616.SH,4300.0,15566.0,3.62
2021-11-23,603058.SH,1100.0,9097.0,8.27
2021-11-23,603165.SH,800.0,15048.0,18.81
2021-11-23,603339.SH,800.0,9480.0,11.85
2021-11-23,603458.SH,1400.0,18060.0,12.9
2021-11-23,603886.SH,900.0,17595.0,19.55
2021-11-24,601019.SH,3500.0,20020.0,5.72
2021-11-24,601158.SH,2200.0,13618.0,6.19
2021-11-24,601616.SH,4300.0,15523.0,3.61
2021-11-24,603058.SH,1100.0,8943.0,8.13
2021-11-24,603165.SH,800.0,15992.0,19.99
2021-11-24,603339.SH,800.0,9424.0,11.78
2021-11-24,603458.SH,1400.0,17668.0,12.62
2021-11-24,603886.SH,900.0,17883.0,19.87
2021-11-25,601019.SH,3500.0,20020.0,5.72
2021-11-25,601158.SH,2200.0,13552.0,6.16
2021-11-25,601616.SH,4300.0,15652.0,3.64
2021-11-25,603058.SH,1100.0,8943.0,8.13
2021-11-25,603165.SH,800.0,15904.0,19.88
2021-11-25,603339.SH,800.0,9536.0,11.92
2021-11-25,603458.SH,1400.0,17822.0,12.73
2021-11-25,603886.SH,900.0,17604.0,19.56
2021-11-26,601019.SH,3500.0,19810.0,5.66
2021-11-26,601158.SH,2200.0,13728.0,6.24
2021-11-26,601616.SH,4300.0,15437.0,3.59
2021-11-26,603058.SH,1100.0,8954.0,8.14
2021-11-26,603165.SH,800.0,16088.0,20.11
2021-11-26,603339.SH,800.0,9360.0,11.7
2021-11-26,603458.SH,1400.0,17892.0,12.78
2021-11-26,603886.SH,900.0,17316.0,19.24
2021-11-29,601019.SH,3500.0,19705.0,5.63
2021-11-29,601158.SH,2200.0,13816.0,6.28
2021-11-29,601616.SH,4300.0,15523.0,3.61
2021-11-29,603058.SH,1100.0,8998.0,8.18
2021-11-29,603165.SH,800.0,15856.0,19.82
2021-11-29,603339.SH,800.0,9640.0,12.05
2021-11-29,603458.SH,1400.0,17752.0,12.68
2021-11-29,603886.SH,900.0,18144.0,20.16
2021-11-30,601019.SH,3500.0,19880.0,5.68
2021-11-30,601158.SH,2200.0,14036.0,6.38
2021-11-30,601616.SH,4300.0,15652.0,3.64
2021-11-30,603058.SH,1100.0,9119.0,8.29
2021-11-30,603165.SH,800.0,15840.0,19.8
2021-11-30,603339.SH,800.0,9752.0,12.19
2021-11-30,603458.SH,1400.0,17654.0,12.61
2021-11-30,603886.SH,900.0,18387.0,20.43
2021-12-01,601019.SH,3500.0,20160.0,5.76
2021-12-01,601158.SH,2200.0,14168.0,6.44
2021-12-01,601616.SH,4300.0,15695.0,3.65
2021-12-01,603058.SH,1100.0,9427.0,8.57
2021-12-01,603165.SH,800.0,16112.0,20.14
2021-12-01,603339.SH,800.0,9848.0,12.31
2021-12-01,603458.SH,1400.0,17878.0,12.77
2021-12-01,603886.SH,900.0,19044.0,21.16
2021-12-02,601019.SH,3500.0,20090.0,5.74
2021-12-02,601158.SH,2200.0,13970.0,6.35
2021-12-02,601616.SH,4300.0,15437.0,3.59
2021-12-02,603058.SH,1100.0,9493.0,8.63
2021-12-02,603165.SH,800.0,16048.0,20.06
2021-12-02,603339.SH,800.0,9712.0,12.14
2021-12-02,603458.SH,1400.0,17290.0,12.35
2021-12-02,603886.SH,900.0,19296.0,21.44
2021-12-03,601019.SH,3500.0,20300.0,5.8
2021-12-03,601158.SH,2200.0,13970.0,6.35
2021-12-03,601616.SH,4300.0,15480.0,3.6
2021-12-03,603058.SH,1100.0,9240.0,8.4
2021-12-03,603165.SH,800.0,16184.0,20.23
2021-12-03,603339.SH,800.0,9752.0,12.19
2021-12-03,603458.SH,1400.0,17472.0,12.48
2021-12-03,603886.SH,900.0,20070.0,22.3
2021-12-06,601019.SH,3500.0,20090.0,5.74
2021-12-06,601158.SH,2200.0,13838.0,6.29
2021-12-06,601616.SH,4300.0,15093.0,3.51
2021-12-06,603058.SH,1100.0,8745.0,7.95
2021-12-06,603165.SH,800.0,16192.0,20.24
2021-12-06,603339.SH,800.0,9360.0,11.7
2021-12-06,603458.SH,1400.0,17010.0,12.15
2021-12-06,603886.SH,900.0,20880.0,23.2
2021-12-07,601019.SH,3500.0,20195.0,5.77
2021-12-07,601158.SH,2200.0,13750.0,6.25
2021-12-07,601616.SH,4300.0,14835.0,3.45
2021-12-07,603058.SH,1100.0,8481.0,7.71
2021-12-07,603165.SH,800.0,16456.0,20.57
2021-12-07,603339.SH,800.0,9200.0,11.5
2021-12-07,603458.SH,1400.0,17010.0,12.15
2021-12-07,603886.SH,900.0,20952.0,23.28
2021-12-08,601019.SH,3500.0,20475.0,5.85
2021-12-08,601158.SH,2200.0,13904.0,6.32
2021-12-08,601616.SH,4300.0,15093.0,3.51
2021-12-08,603058.SH,1100.0,8470.0,7.7
2021-12-08,603165.SH,800.0,16880.0,21.1
2021-12-08,603339.SH,800.0,10120.0,12.65
2021-12-08,603458.SH,1400.0,17150.0,12.25
2021-12-08,603886.SH,900.0,22365.0,24.85
2021-12-09,601019.SH,3500.0,20440.0,5.84
2021-12-09,601158.SH,2200.0,13904.0,6.32
2021-12-09,601616.SH,4300.0,14921.0,3.47
2021-12-09,603058.SH,1100.0,8514.0,7.74
2021-12-09,603165.SH,800.0,15464.0,19.33
2021-12-09,603339.SH,800.0,9888.0,12.36
2021-12-09,603458.SH,1400.0,16912.0,12.08
2021-12-09,603886.SH,900.0,22995.0,25.55
2021-12-10,601019.SH,3500.0,20335.0,5.81
2021-12-10,601158.SH,2200.0,13904.0,6.32
2021-12-10,601616.SH,4300.0,14749.0,3.43
2021-12-10,603058.SH,1100.0,8404.0,7.64
2021-12-10,603165.SH,800.0,15984.0,19.98
2021-12-10,603339.SH,800.0,10136.0,12.67
2021-12-10,603458.SH,1400.0,17024.0,12.16
2021-12-10,603886.SH,900.0,21888.0,24.32
2021-12-13,601019.SH,3500.0,20545.0,5.87
2021-12-13,601158.SH,2200.0,13992.0,6.36
2021-12-13,601616.SH,4300.0,14921.0,3.47
2021-12-13,603058.SH,1100.0,8404.0,7.64
2021-12-13,603165.SH,800.0,16336.0,20.42
2021-12-13,603339.SH,800.0,10200.0,12.75
2021-12-13,603458.SH,1400.0,17164.0,12.26
2021-12-13,603886.SH,900.0,22176.0,24.64
2021-12-14,601019.SH,3500.0,20860.0,5.96
2021-12-14,601158.SH,2200.0,14146.0,6.43
2021-12-14,601616.SH,4300.0,15351.0,3.57
2021-12-14,603058.SH,1100.0,8547.0,7.77
2021-12-14,603165.SH,800.0,16040.0,20.05
2021-12-14,603339.SH,800.0,11224.0,14.03
2021-12-14,603458.SH,1400.0,17360.0,12.4
2021-12-14,603886.SH,900.0,21564.0,23.96
2021-12-15,601019.SH,3500.0,20860.0,5.96
2021-12-15,601158.SH,2200.0,14674.0,6.67
2021-12-15,601616.SH,4300.0,16039.0,3.73
2021-12-15,603058.SH,1100.0,8734.0,7.94
2021-12-15,603165.SH,800.0,15992.0,19.99
2021-12-15,603339.SH,800.0,10976.0,13.72
2021-12-15,603458.SH,1400.0,17374.0,12.41
2021-12-15,603886.SH,900.0,20781.0,23.09
2021-12-16,601019.SH,3500.0,21420.0,6.12
2021-12-16,601158.SH,2200.0,14564.0,6.62
2021-12-16,601616.SH,4300.0,16125.0,3.75
2021-12-16,603058.SH,1100.0,8712.0,7.92
2021-12-16,603165.SH,800.0,15992.0,19.99
2021-12-16,603339.SH,800.0,10848.0,13.56
2021-12-16,603458.SH,1400.0,17752.0,12.68
2021-12-16,603886.SH,900.0,20610.0,22.9
2021-12-17,601019.SH,3500.0,21070.0,6.02
2021-12-17,601158.SH,2200.0,14542.0,6.61
2021-12-17,601616.SH,4300.0,16512.0,3.84
2021-12-17,603058.SH,1100.0,8635.0,7.85
2021-12-17,603165.SH,800.0,15720.0,19.65
2021-12-17,603339.SH,800.0,10600.0,13.25
2021-12-17,603458.SH,1400.0,17696.0,12.64
2021-12-17,603886.SH,900.0,20439.0,22.71
2021-12-20,601019.SH,3500.0,21000.0,6.0
2021-12-20,601158.SH,2200.0,14432.0,6.56
2021-12-20,601616.SH,4300.0,16512.0,3.84
2021-12-20,603058.SH,1100.0,8712.0,7.92
2021-12-20,603165.SH,800.0,15544.0,19.43
2021-12-20,603339.SH,800.0,10912.0,13.64
2021-12-20,603458.SH,1400.0,18550.0,13.25
2021-12-20,603886.SH,900.0,20304.0,22.56
2021-12-21,601019.SH,3500.0,21420.0,6.12
2021-12-21,601158.SH,2200.0,14652.0,6.66
2021-12-21,601616.SH,4300.0,16727.0,3.89
2021-12-21,603058.SH,1100.0,8866.0,8.06
2021-12-21,603165.SH,800.0,15328.0,19.16
2021-12-21,603339.SH,800.0,11016.0,13.77
2021-12-21,603458.SH,1400.0,18480.0,13.2
2021-12-21,603886.SH,900.0,20448.0,22.72
2021-12-22,601019.SH,3500.0,21420.0,6.12
2021-12-22,601158.SH,2200.0,14476.0,6.58
2021-12-22,601616.SH,4300.0,16684.0,3.88
2021-12-22,603058.SH,1100.0,9020.0,8.2
2021-12-22,603165.SH,800.0,15288.0,19.11
2021-12-22,603339.SH,800.0,10688.0,13.36
2021-12-22,603458.SH,1400.0,17920.0,12.8
2021-12-22,603886.SH,900.0,20754.0,23.06
2021-12-23,601019.SH,3500.0,21210.0,6.06
2021-12-23,601158.SH,2200.0,14542.0,6.61
2021-12-23,601616.SH,4300.0,16684.0,3.88
2021-12-23,603058.SH,1100.0,8943.0,8.13
2021-12-23,603165.SH,800.0,14968.0,18.71
2021-12-23,603339.SH,800.0,10536.0,13.17
2021-12-23,603458.SH,1400.0,17808.0,12.72
2021-12-23,603886.SH,900.0,20061.0,22.29
2021-12-24,601019.SH,3500.0,21105.0,6.03
2021-12-24,601158.SH,2200.0,14256.0,6.48
2021-12-24,601616.SH,4300.0,16340.0,3.8
2021-12-24,603058.SH,1100.0,8921.0,8.11
2021-12-24,603165.SH,800.0,15072.0,18.84
2021-12-24,603339.SH,800.0,10744.0,13.43
2021-12-24,603458.SH,1400.0,17066.0,12.19
2021-12-24,603886.SH,900.0,20430.0,22.7
2021-12-27,601019.SH,3500.0,20965.0,5.99
2021-12-27,601158.SH,2200.0,14432.0,6.56
2021-12-27,601616.SH,4300.0,16297.0,3.79
2021-12-27,603058.SH,1100.0,9185.0,8.35
2021-12-27,603165.SH,800.0,14752.0,18.44
2021-12-27,603339.SH,800.0,10880.0,13.6
2021-12-27,603458.SH,1400.0,17416.0,12.44
2021-12-27,603886.SH,900.0,22437.0,24.93
2021-12-28,601019.SH,3500.0,21105.0,6.03
2021-12-28,601158.SH,2200.0,13882.0,6.31
2021-12-28,601616.SH,4300.0,16039.0,3.73
2021-12-28,603058.SH,1100.0,9339.0,8.49
2021-12-28,603165.SH,800.0,15368.0,19.21
2021-12-28,603339.SH,800.0,11336.0,14.17
2021-12-28,603458.SH,1400.0,17290.0,12.35
2021-12-28,603886.SH,900.0,20709.0,23.01
2021-12-29,601019.SH,3500.0,20860.0,5.96
2021-12-29,601158.SH,2200.0,14102.0,6.41
2021-12-29,601616.SH,4300.0,15996.0,3.72
2021-12-29,603058.SH,1100.0,9350.0,8.5
2021-12-29,603165.SH,800.0,15448.0,19.31
2021-12-29,603339.SH,800.0,11344.0,14.18
2021-12-29,603458.SH,1400.0,17262.0,12.33
2021-12-29,603886.SH,900.0,20151.0,22.39
2021-12-30,601019.SH,3500.0,21175.0,6.05
2021-12-30,601158.SH,2200.0,13970.0,6.35
2021-12-30,601616.SH,4300.0,16039.0,3.73
2021-12-30,603058.SH,1100.0,10285.0,9.35
2021-12-30,603165.SH,800.0,15104.0,18.88
2021-12-30,603339.SH,800.0,11184.0,13.98
2021-12-30,603458.SH,1400.0,17346.0,12.39
2021-12-30,603886.SH,900.0,20322.0,22.58
2021-12-31,601019.SH,3500.0,21525.0,6.15
2021-12-31,601158.SH,2200.0,14102.0,6.41
2021-12-31,601616.SH,4300.0,16254.0,3.78
2021-12-31,603058.SH,1100.0,10637.0,9.67
2021-12-31,603165.SH,800.0,15416.0,19.27
2021-12-31,603339.SH,800.0,11000.0,13.75
2021-12-31,603458.SH,1400.0,18550.0,13.25
2021-12-31,603886.SH,900.0,21195.0,23.55
2022-01-04,601158.SH,2200.0,14828.0,6.74
2022-01-04,601616.SH,4300.0,16426.0,3.82
2022-01-04,601801.SH,4600.0,24472.0,5.32
2022-01-04,603017.SH,1100.0,11979.0,10.89
2022-01-04,603058.SH,1100.0,11704.0,10.64
2022-01-04,603458.SH,1000.0,13650.0,13.65
2022-01-04,603855.SH,400.0,10032.0,25.08
2022-01-05,601158.SH,2200.0,14542.0,6.61
2022-01-05,601616.SH,4300.0,15996.0,3.72
2022-01-05,601801.SH,4600.0,24288.0,5.28
2022-01-05,603017.SH,1100.0,11693.0,10.63
2022-01-05,603058.SH,1100.0,10538.0,9.58
2022-01-05,603458.SH,1000.0,13500.0,13.5
2022-01-05,603855.SH,400.0,9972.0,24.93
2022-01-06,601158.SH,2200.0,14300.0,6.5
2022-01-06,601616.SH,4300.0,16254.0,3.78
2022-01-06,601801.SH,4600.0,24380.0,5.3
2022-01-06,603017.SH,1100.0,11902.0,10.82
2022-01-06,603058.SH,1100.0,9900.0,9.0
2022-01-06,603458.SH,1000.0,14230.0,14.23
2022-01-06,603855.SH,400.0,10312.0,25.78
2022-01-07,601158.SH,2200.0,14168.0,6.44
2022-01-07,601616.SH,4300.0,15824.0,3.68
2022-01-07,601801.SH,4600.0,24196.0,5.26
2022-01-07,603017.SH,1100.0,11550.0,10.5
2022-01-07,603058.SH,1100.0,9438.0,8.58
2022-01-07,603458.SH,1000.0,13830.0,13.83
2022-01-07,603855.SH,400.0,10640.0,26.6
2022-01-10,601158.SH,2200.0,14190.0,6.45
2022-01-10,601616.SH,4300.0,15695.0,3.65
2022-01-10,601801.SH,4600.0,24150.0,5.25
2022-01-10,603017.SH,1100.0,11726.0,10.66
2022-01-10,603058.SH,1100.0,9647.0,8.77
2022-01-10,603458.SH,1000.0,13950.0,13.95
2022-01-10,603855.SH,400.0,10632.0,26.58
2022-01-11,601158.SH,2200.0,14498.0,6.59
2022-01-11,601616.SH,4300.0,16168.0,3.76
2022-01-11,601801.SH,4600.0,24012.0,5.22
2022-01-11,603017.SH,1100.0,11473.0,10.43
2022-01-11,603058.SH,1100.0,9647.0,8.77
2022-01-11,603458.SH,1000.0,13820.0,13.82
2022-01-11,603855.SH,400.0,11064.0,27.66
2022-01-12,601158.SH,2200.0,14476.0,6.58
2022-01-12,601616.SH,4300.0,16340.0,3.8
2022-01-12,601801.SH,4600.0,24104.0,5.24
2022-01-12,603017.SH,1100.0,11451.0,10.41
2022-01-12,603058.SH,1100.0,10076.0,9.16
2022-01-12,603458.SH,1000.0,13780.0,13.78
2022-01-12,603855.SH,400.0,11180.0,27.95
2022-01-13,601158.SH,2200.0,14366.0,6.53
2022-01-13,601616.SH,4300.0,16254.0,3.78
2022-01-13,601801.SH,4600.0,24058.0,5.23
2022-01-13,603017.SH,1100.0,11440.0,10.4
2022-01-13,603058.SH,1100.0,10780.0,9.8
2022-01-13,603458.SH,1000.0,13780.0,13.78
2022-01-13,603855.SH,400.0,10860.0,27.15
2022-01-14,601158.SH,2200.0,13816.0,6.28
2022-01-14,601616.SH,4300.0,15609.0,3.63
2022-01-14,601801.SH,4600.0,23414.0,5.09
2022-01-14,603017.SH,1100.0,11176.0,10.16
2022-01-14,603058.SH,1100.0,10769.0,9.79
2022-01-14,603458.SH,1000.0,13360.0,13.36
2022-01-14,603855.SH,400.0,10716.0,26.79
2022-01-17,601158.SH,2200.0,13860.0,6.3
2022-01-17,601616.SH,4300.0,15953.0,3.71
2022-01-17,601801.SH,4600.0,24058.0,5.23
2022-01-17,603017.SH,1100.0,11704.0,10.64
2022-01-17,603058.SH,1100.0,10241.0,9.31
2022-01-17,603458.SH,1000.0,13410.0,13.41
2022-01-17,603855.SH,400.0,10680.0,26.7
2022-01-18,601158.SH,2200.0,13772.0,6.26
2022-01-18,601616.SH,4300.0,15738.0,3.66
2022-01-18,601801.SH,4600.0,23782.0,5.17
2022-01-18,603017.SH,1100.0,11616.0,10.56
2022-01-18,603058.SH,1100.0,10230.0,9.3
2022-01-18,603458.SH,1000.0,13470.0,13.47
2022-01-18,603855.SH,400.0,10756.0,26.89
2022-01-19,601158.SH,2200.0,13750.0,6.25
2022-01-19,601616.SH,4300.0,15695.0,3.65
2022-01-19,601801.SH,4600.0,24288.0,5.28
2022-01-19,603017.SH,1100.0,12452.0,11.32
2022-01-19,603058.SH,1100.0,9845.0,8.95
2022-01-19,603458.SH,1000.0,14510.0,14.51
2022-01-19,603855.SH,400.0,10400.0,26.0
2022-01-20,601158.SH,2200.0,13662.0,6.21
2022-01-20,601616.SH,4300.0,15179.0,3.53
2022-01-20,601801.SH,4600.0,23736.0,5.16
2022-01-20,603017.SH,1100.0,11209.0,10.19
2022-01-20,603058.SH,1100.0,9515.0,8.65
2022-01-20,603458.SH,1000.0,14020.0,14.02
2022-01-20,603855.SH,400.0,10540.0,26.35
2022-01-21,601158.SH,2200.0,13508.0,6.14
2022-01-21,601616.SH,4300.0,15050.0,3.5
2022-01-21,601801.SH,4600.0,23460.0,5.1
2022-01-21,603017.SH,1100.0,10527.0,9.57
2022-01-21,603058.SH,1100.0,9515.0,8.65
2022-01-21,603458.SH,1000.0,13580.0,13.58
2022-01-21,603855.SH,400.0,10688.0,26.72
2022-01-24,601158.SH,2200.0,13288.0,6.04
2022-01-24,601616.SH,4300.0,14749.0,3.43
2022-01-24,601801.SH,4600.0,22816.0,4.96
2022-01-24,603017.SH,1100.0,10472.0,9.52
2022-01-24,603058.SH,1100.0,9339.0,8.49
2022-01-24,603458.SH,1000.0,13600.0,13.6
2022-01-24,603855.SH,400.0,10920.0,27.3
2022-01-25,601158.SH,2200.0,12980.0,5.9
2022-01-25,601616.SH,4300.0,14104.0,3.28
2022-01-25,601801.SH,4600.0,21988.0,4.78
2022-01-25,603017.SH,1100.0,9955.0,9.05
2022-01-25,603058.SH,1100.0,8866.0,8.06
2022-01-25,603458.SH,1000.0,12600.0,12.6
2022-01-25,603855.SH,400.0,10524.0,26.31
2022-01-26,601158.SH,2200.0,12892.0,5.86
2022-01-26,601616.SH,4300.0,14405.0,3.35
2022-01-26,601801.SH,4600.0,21988.0,4.78
2022-01-26,603017.SH,1100.0,10175.0,9.25
2022-01-26,603058.SH,1100.0,8800.0,8.0
2022-01-26,603458.SH,1000.0,13480.0,13.48
2022-01-26,603855.SH,400.0,10460.0,26.15
2022-01-27,601158.SH,2200.0,12870.0,5.85
2022-01-27,601616.SH,4300.0,14018.0,3.26
2022-01-27,601801.SH,4600.0,21666.0,4.71
2022-01-27,603017.SH,1100.0,9933.0,9.03
2022-01-27,603058.SH,1100.0,8635.0,7.85
2022-01-27,603458.SH,1000.0,12930.0,12.93
2022-01-27,603855.SH,400.0,10248.0,25.62
2022-01-28,601158.SH,2200.0,12958.0,5.89
2022-01-28,601616.SH,4300.0,14534.0,3.38
2022-01-28,601801.SH,4600.0,21942.0,4.77
2022-01-28,603017.SH,1100.0,10010.0,9.1
2022-01-28,603058.SH,1100.0,8987.0,8.17
2022-01-28,603458.SH,1000.0,12800.0,12.8
2022-01-28,603855.SH,400.0,10612.0,26.53
2022-02-07,601158.SH,2200.0,13178.0,5.99
2022-02-07,601616.SH,4300.0,14663.0,3.41
2022-02-07,601801.SH,4600.0,22494.0,4.89
2022-02-07,603017.SH,1100.0,9724.0,8.84
2022-02-07,603058.SH,1100.0,8855.0,8.05
2022-02-07,603458.SH,1000.0,14080.0,14.08
2022-02-07,603855.SH,400.0,10448.0,26.12
2022-02-08,601158.SH,2200.0,13530.0,6.15
2022-02-08,601616.SH,4300.0,14964.0,3.48
2022-02-08,601801.SH,4600.0,22908.0,4.98
2022-02-08,603017.SH,1100.0,10109.0,9.19
2022-02-08,603058.SH,1100.0,9020.0,8.2
2022-02-08,603458.SH,1000.0,14520.0,14.52
2022-02-08,603855.SH,400.0,10240.0,25.6
2022-02-09,601158.SH,2200.0,13640.0,6.2
2022-02-09,601616.SH,4300.0,15050.0,3.5
2022-02-09,601801.SH,4600.0,23644.0,5.14
2022-02-09,603017.SH,1100.0,10065.0,9.15
2022-02-09,603058.SH,1100.0,9383.0,8.53
2022-02-09,603458.SH,1000.0,15400.0,15.4
2022-02-09,603855.SH,400.0,10608.0,26.52
2022-02-10,601158.SH,2200.0,13838.0,6.29
2022-02-10,601616.SH,4300.0,14921.0,3.47
2022-02-10,601801.SH,4600.0,23736.0,5.16
2022-02-10,603017.SH,1100.0,10197.0,9.27
2022-02-10,603058.SH,1100.0,9361.0,8.51
2022-02-10,603458.SH,1000.0,15750.0,15.75
2022-02-10,603855.SH,400.0,10476.0,26.19
2022-02-11,601158.SH,2200.0,13706.0,6.23
2022-02-11,601616.SH,4300.0,14620.0,3.4
2022-02-11,601801.SH,4600.0,23322.0,5.07
2022-02-11,603017.SH,1100.0,9988.0,9.08
2022-02-11,603058.SH,1100.0,9064.0,8.24
2022-02-11,603458.SH,1000.0,15380.0,15.38
2022-02-11,603855.SH,400.0,10000.0,25.0
2022-02-14,601158.SH,2200.0,13508.0,6.14
2022-02-14,601616.SH,4300.0,14620.0,3.4
2022-02-14,601801.SH,4600.0,23368.0,5.08
2022-02-14,603017.SH,1100.0,10010.0,9.1
2022-02-14,603058.SH,1100.0,9031.0,8.21
2022-02-14,603458.SH,1000.0,15430.0,15.43
2022-02-14,603855.SH,400.0,9392.0,23.48
2022-02-15,601158.SH,2200.0,13398.0,6.09
2022-02-15,601616.SH,4300.0,14534.0,3.38
2022-02-15,601801.SH,4600.0,23322.0,5.07
2022-02-15,603017.SH,1100.0,10043.0,9.13
2022-02-15,603058.SH,1100.0,9086.0,8.26
2022-02-15,603458.SH,1000.0,15580.0,15.58
2022-02-15,603855.SH,400.0,9456.0,23.64
2022-02-16,601158.SH,2200.0,13596.0,6.18
2022-02-16,601616.SH,4300.0,14835.0,3.45
2022-02-16,601801.SH,4600.0,23782.0,5.17
2022-02-16,603017.SH,1100.0,10395.0,9.45
2022-02-16,603058.SH,1100.0,9207.0,8.37
2022-02-16,603458.SH,1000.0,15920.0,15.92
2022-02-16,603855.SH,400.0,9804.0,24.51
2022-02-17,601158.SH,2200.0,13574.0,6.17
2022-02-17,601616.SH,4300.0,14577.0,3.39
2022-02-17,601801.SH,4600.0,23322.0,5.07
2022-02-17,603017.SH,1100.0,10472.0,9.52
2022-02-17,603058.SH,1100.0,9174.0,8.34
2022-02-17,603458.SH,1000.0,15210.0,15.21
2022-02-17,603855.SH,400.0,9600.0,24.0
2022-02-18,601158.SH,2200.0,13684.0,6.22
2022-02-18,601616.SH,4300.0,14749.0,3.43
2022-02-18,601801.SH,4600.0,23736.0,5.16
2022-02-18,603017.SH,1100.0,10835.0,9.85
2022-02-18,603058.SH,1100.0,9064.0,8.24
2022-02-18,603458.SH,1000.0,15340.0,15.34
2022-02-18,603855.SH,400.0,9780.0,24.45
2022-02-21,601158.SH,2200.0,13640.0,6.2
2022-02-21,601616.SH,4300.0,15007.0,3.49
2022-02-21,601801.SH,4600.0,24058.0,5.23
2022-02-21,603017.SH,1100.0,11385.0,10.35
2022-02-21,603058.SH,1100.0,9152.0,8.32
2022-02-21,603458.SH,1000.0,16000.0,16.0
2022-02-21,603855.SH,400.0,9952.0,24.88
2022-02-22,601158.SH,2200.0,13508.0,6.14
2022-02-22,601616.SH,4300.0,14792.0,3.44
2022-02-22,601801.SH,4600.0,23736.0,5.16
2022-02-22,603017.SH,1100.0,11033.0,10.03
2022-02-22,603058.SH,1100.0,8756.0,7.96
2022-02-22,603458.SH,1000.0,15520.0,15.52
2022-02-22,603855.SH,400.0,9752.0,24.38
2022-02-23,601158.SH,2200.0,13442.0,6.11
2022-02-23,601616.SH,4300.0,14921.0,3.47
2022-02-23,601801.SH,4600.0,23782.0,5.17
2022-02-23,603017.SH,1100.0,10736.0,9.76
2022-02-23,603058.SH,1100.0,8844.0,8.04
2022-02-23,603458.SH,1000.0,15480.0,15.48
2022-02-23,603855.SH,400.0,10080.0,25.2
2022-02-24,601158.SH,2200.0,13090.0,5.95
2022-02-24,601616.SH,4300.0,14663.0,3.41
2022-02-24,601801.SH,4600.0,22908.0,4.98
2022-02-24,603017.SH,1100.0,11209.0,10.19
2022-02-24,603058.SH,1100.0,8525.0,7.75
2022-02-24,603458.SH,1000.0,14700.0,14.7
2022-02-24,603855.SH,400.0,9852.0,24.63
2022-02-25,601158.SH,2200.0,13222.0,6.01
2022-02-25,601616.SH,4300.0,14921.0,3.47
2022-02-25,601801.SH,4600.0,22954.0,4.99
2022-02-25,603017.SH,1100.0,11902.0,10.82
2022-02-25,603058.SH,1100.0,8701.0,7.91
2022-02-25,603458.SH,1000.0,14990.0,14.99
2022-02-25,603855.SH,400.0,10048.0,25.12
2022-02-28,601158.SH,2200.0,13442.0,6.11
2022-02-28,601616.SH,4300.0,14749.0,3.43
2022-02-28,601801.SH,4600.0,22724.0,4.94
2022-02-28,603017.SH,1100.0,10714.0,9.74
2022-02-28,603058.SH,1100.0,8954.0,8.14
2022-02-28,603458.SH,1000.0,14850.0,14.85
2022-02-28,603855.SH,400.0,10164.0,25.41
2022-03-01,601158.SH,2200.0,13442.0,6.11
2022-03-01,601616.SH,4300.0,15222.0,3.54
2022-03-01,601801.SH,4600.0,22954.0,4.99
2022-03-01,603017.SH,1100.0,11187.0,10.17
2022-03-01,603058.SH,1100.0,8932.0,8.12
2022-03-01,603458.SH,1000.0,15010.0,15.01
2022-03-01,603855.SH,400.0,10132.0,25.33
2022-03-02,601158.SH,2200.0,13530.0,6.15
2022-03-02,601616.SH,4300.0,15351.0,3.57
2022-03-02,601801.SH,4600.0,23046.0,5.01
2022-03-02,603017.SH,1100.0,11132.0,10.12
2022-03-02,603058.SH,1100.0,8943.0,8.13
2022-03-02,603458.SH,1000.0,14900.0,14.9
2022-03-02,603855.SH,400.0,10140.0,25.35
2022-03-03,601158.SH,2200.0,13750.0,6.25
2022-03-03,601616.SH,4300.0,15437.0,3.59
2022-03-03,601801.SH,4600.0,23368.0,5.08
2022-03-03,603017.SH,1100.0,10835.0,9.85
2022-03-03,603058.SH,1100.0,8965.0,8.15
2022-03-03,603458.SH,1000.0,14700.0,14.7
2022-03-03,603855.SH,400.0,10200.0,25.5
2022-03-04,601158.SH,2200.0,13684.0,6.22
2022-03-04,601616.SH,4300.0,15136.0,3.52
2022-03-04,601801.SH,4600.0,23046.0,5.01
2022-03-04,603017.SH,1100.0,10791.0,9.81
2022-03-04,603058.SH,1100.0,8910.0,8.1
2022-03-04,603458.SH,1000.0,14150.0,14.15
2022-03-04,603855.SH,400.0,10108.0,25.27
2022-03-07,601158.SH,2200.0,13618.0,6.19
2022-03-07,601616.SH,4300.0,14964.0,3.48
2022-03-07,601801.SH,4600.0,23414.0,5.09
2022-03-07,603017.SH,1100.0,10615.0,9.65
2022-03-07,603058.SH,1100.0,8833.0,8.03
2022-03-07,603458.SH,1000.0,14060.0,14.06
2022-03-07,603855.SH,400.0,9712.0,24.28
2022-03-08,601158.SH,2200.0,13178.0,5.99
2022-03-08,601616.SH,4300.0,14620.0,3.4
2022-03-08,601801.SH,4600.0,23092.0,5.02
2022-03-08,603017.SH,1100.0,10131.0,9.21
2022-03-08,603058.SH,1100.0,8536.0,7.76
2022-03-08,603458.SH,1000.0,13700.0,13.7
2022-03-08,603855.SH,400.0,9536.0,23.84
2022-03-09,601158.SH,2200.0,13024.0,5.92
2022-03-09,601616.SH,4300.0,14491.0,3.37
2022-03-09,601801.SH,4600.0,23506.0,5.11
2022-03-09,603017.SH,1100.0,10142.0,9.22
2022-03-09,603058.SH,1100.0,8393.0,7.63
2022-03-09,603458.SH,1000.0,13630.0,13.63
2022-03-09,603855.SH,400.0,9348.0,23.37
2022-03-10,601158.SH,2200.0,13178.0,5.99
2022-03-10,601616.SH,4300.0,14792.0,3.44
2022-03-10,601801.SH,4600.0,24104.0,5.24
2022-03-10,603017.SH,1100.0,10439.0,9.49
2022-03-10,603058.SH,1100.0,8558.0,7.78
2022-03-10,603458.SH,1000.0,13900.0,13.9
2022-03-10,603855.SH,400.0,9416.0,23.54
2022-03-11,601158.SH,2200.0,13882.0,6.31
2022-03-11,601616.SH,4300.0,14835.0,3.45
2022-03-11,601801.SH,4600.0,24426.0,5.31
2022-03-11,603017.SH,1100.0,10164.0,9.24
2022-03-11,603058.SH,1100.0,8569.0,7.79
2022-03-11,603458.SH,1000.0,13580.0,13.58
2022-03-11,603855.SH,400.0,9280.0,23.2
2022-03-14,601158.SH,2200.0,13640.0,6.2
2022-03-14,601616.SH,4300.0,14577.0,3.39
2022-03-14,601801.SH,4600.0,23736.0,5.16
2022-03-14,603017.SH,1100.0,9911.0,9.01
2022-03-14,603058.SH,1100.0,8239.0,7.49
2022-03-14,603458.SH,1000.0,13090.0,13.09
2022-03-14,603855.SH,400.0,8920.0,22.3
2022-03-15,601158.SH,2200.0,12650.0,5.75
2022-03-15,601616.SH,4300.0,13760.0,3.2
2022-03-15,601801.SH,4600.0,21712.0,4.72
2022-03-15,603017.SH,1100.0,9460.0,8.6
2022-03-15,603058.SH,1100.0,7733.0,7.03
2022-03-15,603458.SH,1000.0,12400.0,12.4
2022-03-15,603855.SH,400.0,8144.0,20.36
2022-03-16,601158.SH,2200.0,12848.0,5.84
2022-03-16,601616.SH,4300.0,14104.0,3.28
2022-03-16,601801.SH,4600.0,21988.0,4.78
2022-03-16,603017.SH,1100.0,9746.0,8.86
2022-03-16,603058.SH,1100.0,8063.0,7.33
2022-03-16,603458.SH,1000.0,12820.0,12.82
2022-03-16,603855.SH,400.0,8352.0,20.88
2022-03-17,601158.SH,2200.0,13134.0,5.97
2022-03-17,601616.SH,4300.0,14147.0,3.29
2022-03-17,601801.SH,4600.0,22402.0,4.87
2022-03-17,603017.SH,1100.0,9867.0,8.97
2022-03-17,603058.SH,1100.0,8074.0,7.34
2022-03-17,603458.SH,1000.0,12900.0,12.9
2022-03-17,603855.SH,400.0,8348.0,20.87
2022-03-18,601158.SH,2200.0,13134.0,5.97
2022-03-18,601616.SH,4300.0,14362.0,3.34
2022-03-18,601801.SH,4600.0,23184.0,5.04
2022-03-18,603017.SH,1100.0,10857.0,9.87
2022-03-18,603058.SH,1100.0,8173.0,7.43
2022-03-18,603458.SH,1000.0,13370.0,13.37
2022-03-18,603855.SH,400.0,8492.0,21.23
2022-03-21,601158.SH,2200.0,13486.0,6.13
2022-03-21,601616.SH,4300.0,14405.0,3.35
2022-03-21,601801.SH,4600.0,22770.0,4.95
2022-03-21,603017.SH,1100.0,11220.0,10.2
2022-03-21,603058.SH,1100.0,8316.0,7.56
2022-03-21,603458.SH,1000.0,13830.0,13.83
2022-03-21,603855.SH,400.0,8496.0,21.24
2022-03-22,601158.SH,2200.0,13288.0,6.04
2022-03-22,601616.SH,4300.0,14448.0,3.36
2022-03-22,601801.SH,4600.0,23828.0,5.18
2022-03-22,603017.SH,1100.0,11418.0,10.38
2022-03-22,603058.SH,1100.0,8272.0,7.52
2022-03-22,603458.SH,1000.0,13710.0,13.71
2022-03-22,603855.SH,400.0,8340.0,20.85
2022-03-23,601158.SH,2200.0,13156.0,5.98
2022-03-23,601616.SH,4300.0,14448.0,3.36
2022-03-23,601801.SH,4600.0,23644.0,5.14
2022-03-23,603017.SH,1100.0,11110.0,10.1
2022-03-23,603058.SH,1100.0,8272.0,7.52
2022-03-23,603458.SH,1000.0,13750.0,13.75
2022-03-23,603855.SH,400.0,8344.0,20.86
2022-03-24,601158.SH,2200.0,13090.0,5.95
2022-03-24,601616.SH,4300.0,14233.0,3.31
2022-03-24,601801.SH,4600.0,23552.0,5.12
2022-03-24,603017.SH,1100.0,10791.0,9.81
2022-03-24,603058.SH,1100.0,8316.0,7.56
2022-03-24,603458.SH,1000.0,13500.0,13.5
2022-03-24,603855.SH,400.0,8096.0,20.24
2022-03-25,601158.SH,2200.0,13046.0,5.93
2022-03-25,601616.SH,4300.0,14276.0,3.32
2022-03-25,601801.SH,4600.0,23690.0,5.15
2022-03-25,603017.SH,1100.0,11000.0,10.0
2022-03-25,603058.SH,1100.0,9152.0,8.32
2022-03-25,603458.SH,1000.0,13500.0,13.5
2022-03-25,603855.SH,400.0,8020.0,20.05
2022-03-28,601158.SH,2200.0,13068.0,5.94
2022-03-28,601616.SH,4300.0,14319.0,3.33
2022-03-28,601801.SH,4600.0,24012.0,5.22
2022-03-28,603017.SH,1100.0,11099.0,10.09
2022-03-28,603058.SH,1100.0,10065.0,9.15
2022-03-28,603458.SH,1000.0,13500.0,13.5
2022-03-28,603855.SH,400.0,7996.0,19.99
2022-03-29,601158.SH,2200.0,13310.0,6.05
2022-03-29,601616.SH,4300.0,14104.0,3.28
2022-03-29,601801.SH,4600.0,23690.0,5.15
2022-03-29,603017.SH,1100.0,10890.0,9.9
2022-03-29,603058.SH,1100.0,9735.0,8.85
2022-03-29,603458.SH,1000.0,12740.0,12.74
2022-03-29,603855.SH,400.0,8204.0,20.51
2022-03-30,601158.SH,2200.0,13750.0,6.25
2022-03-30,601616.SH,4300.0,14362.0,3.34
2022-03-30,601801.SH,4600.0,23920.0,5.2
2022-03-30,603017.SH,1100.0,11297.0,10.27
2022-03-30,603058.SH,1100.0,9977.0,9.07
2022-03-30,603458.SH,1000.0,12620.0,12.62
2022-03-30,603855.SH,400.0,8308.0,20.77
2022-03-31,601158.SH,2200.0,13948.0,6.34
2022-03-31,601616.SH,4300.0,14620.0,3.4
2022-03-31,601801.SH,4600.0,24104.0,5.24
2022-03-31,603017.SH,1100.0,11363.0,10.33
2022-03-31,603058.SH,1100.0,10010.0,9.1
2022-03-31,603458.SH,1000.0,12710.0,12.71
2022-03-31,603855.SH,400.0,8144.0,20.36
2022-04-01,002042.SZ,3200.0,13600.0,4.25
2022-04-01,002088.SZ,700.0,11585.0,16.55
2022-04-01,002556.SZ,2100.0,23079.0,10.99
2022-04-01,002948.SZ,4000.0,16360.0,4.09
2022-04-01,600269.SH,3700.0,13394.0,3.62
2022-04-01,600635.SH,4000.0,14200.0,3.55
2022-04-01,600643.SH,2300.0,15410.0,6.7
2022-04-01,600729.SH,500.0,13285.0,26.57
2022-04-06,002042.SZ,3200.0,13696.0,4.28
2022-04-06,002088.SZ,700.0,11690.0,16.7
2022-04-06,002556.SZ,2100.0,22869.0,10.89
2022-04-06,002948.SZ,4000.0,16640.0,4.16
2022-04-06,600269.SH,3700.0,13542.0,3.66
2022-04-06,600635.SH,4000.0,14400.0,3.6
2022-04-06,600643.SH,2300.0,15594.0,6.78
2022-04-06,600729.SH,500.0,13560.0,27.12
2022-04-07,002042.SZ,3200.0,13312.0,4.16
2022-04-07,002088.SZ,700.0,11662.0,16.66
2022-04-07,002556.SZ,2100.0,23163.0,11.03
2022-04-07,002948.SZ,4000.0,16280.0,4.07
2022-04-07,600269.SH,3700.0,13283.0,3.59
2022-04-07,600635.SH,4000.0,14080.0,3.52
2022-04-07,600643.SH,2300.0,15065.0,6.55
2022-04-07,600729.SH,500.0,13180.0,26.36
2022-04-08,002042.SZ,3200.0,13440.0,4.2
2022-04-08,002088.SZ,700.0,11473.0,16.39
2022-04-08,002556.SZ,2100.0,23457.0,11.17
2022-04-08,002948.SZ,4000.0,16320.0,4.08
2022-04-08,600269.SH,3700.0,13431.0,3.63
2022-04-08,600635.SH,4000.0,14160.0,3.54
2022-04-08,600643.SH,2300.0,15065.0,6.55
2022-04-08,600729.SH,500.0,13095.0,26.19
2022-04-11,002042.SZ,3200.0,13088.0,4.09
2022-04-11,002088.SZ,700.0,10920.0,15.6
2022-04-11,002556.SZ,2100.0,23205.0,11.05
2022-04-11,002948.SZ,4000.0,16000.0,4.0
2022-04-11,600269.SH,3700.0,13246.0,3.58
2022-04-11,600635.SH,4000.0,13760.0,3.44
2022-04-11,600643.SH,2300.0,14789.0,6.43
2022-04-11,600729.SH,500.0,12950.0,25.9
2022-04-12,002042.SZ,3200.0,13376.0,4.18
2022-04-12,002088.SZ,700.0,10787.0,15.41
2022-04-12,002556.SZ,2100.0,23394.0,11.14
2022-04-12,002948.SZ,4000.0,16200.0,4.05
2022-04-12,600269.SH,3700.0,13616.0,3.68
2022-04-12,600635.SH,4000.0,14000.0,3.5
2022-04-12,600643.SH,2300.0,15134.0,6.58
2022-04-12,600729.SH,500.0,13275.0,26.55
2022-04-13,002042.SZ,3200.0,13024.0,4.07
2022-04-13,002088.SZ,700.0,9877.0,14.11
2022-04-13,002556.SZ,2100.0,23079.0,10.99
2022-04-13,002948.SZ,4000.0,16040.0,4.01
2022-04-13,600269.SH,3700.0,13394.0,3.62
2022-04-13,600635.SH,4000.0,14040.0,3.51
2022-04-13,600643.SH,2300.0,14812.0,6.44
2022-04-13,600729.SH,500.0,12895.0,25.79
2022-04-14,002042.SZ,3200.0,12320.0,3.85
2022-04-14,002088.SZ,700.0,9786.0,13.98
2022-04-14,002556.SZ,2100.0,22890.0,10.9
2022-04-14,002948.SZ,4000.0,16040.0,4.01
2022-04-14,600269.SH,3700.0,13505.0,3.65
2022-04-14,600635.SH,4000.0,14080.0,3.52
2022-04-14,600643.SH,2300.0,15019.0,6.53
2022-04-14,600729.SH,500.0,13145.0,26.29
2022-04-15,002042.SZ,3200.0,12512.0,3.91
2022-04-15,002088.SZ,700.0,9527.0,13.61
2022-04-15,002556.SZ,2100.0,22848.0,10.88
2022-04-15,002948.SZ,4000.0,16120.0,4.03
2022-04-15,600269.SH,3700.0,13246.0,3.58
2022-04-15,600635.SH,4000.0,14000.0,3.5
2022-04-15,600643.SH,2300.0,14697.0,6.39
2022-04-15,600729.SH,500.0,13450.0,26.9
2022-04-18,002042.SZ,3200.0,12608.0,3.94
2022-04-18,002088.SZ,700.0,10479.0,14.97
2022-04-18,002556.SZ,2100.0,22890.0,10.9
2022-04-18,002948.SZ,4000.0,15440.0,3.86
2022-04-18,600269.SH,3700.0,13135.0,3.55
2022-04-18,600635.SH,4000.0,13960.0,3.49
2022-04-18,600643.SH,2300.0,14559.0,6.33
2022-04-18,600729.SH,500.0,13725.0,27.45
2022-04-19,002042.SZ,3200.0,12768.0,3.99
2022-04-19,002088.SZ,700.0,10794.0,15.42
2022-04-19,002556.SZ,2100.0,23457.0,11.17
2022-04-19,002948.SZ,4000.0,15720.0,3.93
2022-04-19,600269.SH,3700.0,13246.0,3.58
2022-04-19,600635.SH,4000.0,14280.0,3.57
2022-04-19,600643.SH,2300.0,14720.0,6.4
2022-04-19,600729.SH,500.0,13545.0,27.09
2022-04-20,002042.SZ,3200.0,12576.0,3.93
2022-04-20,002088.SZ,700.0,10346.0,14.78
2022-04-20,002556.SZ,2100.0,23037.0,10.97
2022-04-20,002948.SZ,4000.0,15600.0,3.9
2022-04-20,600269.SH,3700.0,13135.0,3.55
2022-04-20,600635.SH,4000.0,14080.0,3.52
2022-04-20,600643.SH,2300.0,14444.0,6.28
2022-04-20,600729.SH,500.0,13395.0,26.79
2022-04-21,002042.SZ,3200.0,12384.0,3.87
2022-04-21,002088.SZ,700.0,9905.0,14.15
2022-04-21,002556.SZ,2100.0,22407.0,10.67
2022-04-21,002948.SZ,4000.0,15160.0,3.79
2022-04-21,600269.SH,3700.0,12765.0,3.45
2022-04-21,600635.SH,4000.0,13640.0,3.41
2022-04-21,600643.SH,2300.0,14145.0,6.15
2022-04-21,600729.SH,500.0,12915.0,25.83
2022-04-22,002042.SZ,3200.0,13120.0,4.1
2022-04-22,002088.SZ,700.0,9744.0,13.92
2022-04-22,002556.SZ,2100.0,22029.0,10.49
2022-04-22,002948.SZ,4000.0,15280.0,3.82
2022-04-22,600269.SH,3700.0,12839.0,3.47
2022-04-22,600635.SH,4000.0,13640.0,3.41
2022-04-22,600643.SH,2300.0,14214.0,6.18
2022-04-22,600729.SH,500.0,13665.0,27.33
2022-04-25,002042.SZ,3200.0,11840.0,3.7
2022-04-25,002088.SZ,700.0,9485.0,13.55
2022-04-25,002556.SZ,2100.0,21189.0,10.09
2022-04-25,002948.SZ,4000.0,14840.0,3.71
2022-04-25,600269.SH,3700.0,12358.0,3.34
2022-04-25,600635.SH,4000.0,12680.0,3.17
2022-04-25,600643.SH,2300.0,13524.0,5.88
2022-04-25,600729.SH,500.0,13230.0,26.46
2022-04-26,002042.SZ,3200.0,11136.0,3.48
2022-04-26,002088.SZ,700.0,9170.0,13.1
2022-04-26,002556.SZ,2100.0,20412.0,9.72
2022-04-26,002948.SZ,4000.0,14440.0,3.61
2022-04-26,600269.SH,3700.0,12062.0,3.26
2022-04-26,600635.SH,4000.0,12400.0,3.1
2022-04-26,600643.SH,2300.0,13248.0,5.76
2022-04-26,600729.SH,500.0,13750.0,27.5
2022-04-27,002042.SZ,3200.0,11328.0,3.54
2022-04-27,002088.SZ,700.0,9170.0,13.1
2022-04-27,002556.SZ,2100.0,20685.0,9.85
2022-04-27,002948.SZ,4000.0,14400.0,3.6
2022-04-27,600269.SH,3700.0,12210.0,3.3
2022-04-27,600635.SH,4000.0,12680.0,3.17
2022-04-27,600643.SH,2300.0,13478.0,5.86
2022-04-27,600729.SH,500.0,13750.0,27.5
2022-04-28,002042.SZ,3200.0,11488.0,3.59
2022-04-28,002088.SZ,700.0,10087.0,14.41
2022-04-28,002556.SZ,2100.0,20874.0,9.94
2022-04-28,002948.SZ,4000.0,14400.0,3.6
2022-04-28,600269.SH,3700.0,12173.0,3.29
2022-04-28,600635.SH,4000.0,12400.0,3.1
2022-04-28,600643.SH,2300.0,13248.0,5.76
2022-04-28,600729.SH,500.0,13515.0,27.03
2022-04-29,002042.SZ,3200.0,11648.0,3.64
2022-04-29,002088.SZ,700.0,11095.0,15.85
2022-04-29,002556.SZ,2100.0,21378.0,10.18
2022-04-29,002948.SZ,4000.0,14600.0,3.65
2022-04-29,600269.SH,3700.0,12876.0,3.48
2022-04-29,600635.SH,4000.0,12840.0,3.21
2022-04-29,600643.SH,2300.0,13639.0,5.93
2022-04-29,600729.SH,500.0,13970.0,27.94
2022-05-05,002042.SZ,3200.0,11840.0,3.7
2022-05-05,002088.SZ,700.0,12208.0,17.44
2022-05-05,002556.SZ,2100.0,21798.0,10.38
2022-05-05,002948.SZ,4000.0,14640.0,3.66
2022-05-05,600269.SH,3700.0,13061.0,3.53
2022-05-05,600635.SH,4000.0,12400.0,3.1
2022-05-05,600643.SH,2300.0,13570.0,5.9
2022-05-05,600729.SH,500.0,14250.0,28.5
2022-05-06,002042.SZ,3200.0,11520.0,3.6
2022-05-06,002088.SZ,700.0,13426.0,19.18
2022-05-06,002556.SZ,2100.0,21903.0,10.43
2022-05-06,002948.SZ,4000.0,14240.0,3.56
2022-05-06,600269.SH,3700.0,12728.0,3.44
2022-05-06,600635.SH,4000.0,12160.0,3.04
2022-05-06,600643.SH,2300.0,13340.0,5.8
2022-05-06,600729.SH,500.0,14325.0,28.65
2022-05-09,002042.SZ,3200.0,11584.0,3.62
2022-05-09,002088.SZ,700.0,13643.0,19.49
2022-05-09,002556.SZ,2100.0,21882.0,10.42
2022-05-09,002948.SZ,4000.0,14360.0,3.59
2022-05-09,600269.SH,3700.0,12839.0,3.47
2022-05-09,600635.SH,4000.0,12240.0,3.06
2022-05-09,600643.SH,2300.0,13501.0,5.87
2022-05-09,600729.SH,500.0,14115.0,28.23
2022-05-10,002042.SZ,3200.0,11552.0,3.61
2022-05-10,002088.SZ,700.0,13657.0,19.51
2022-05-10,002556.SZ,2100.0,21777.0,10.37
2022-05-10,002948.SZ,4000.0,14400.0,3.6
2022-05-10,600269.SH,3700.0,12839.0,3.47
2022-05-10,600635.SH,4000.0,12280.0,3.07
2022-05-10,600643.SH,2300.0,13570.0,5.9
2022-05-10,600729.SH,500.0,14175.0,28.35
2022-05-11,002042.SZ,3200.0,11488.0,3.59
2022-05-11,002088.SZ,700.0,13412.0,19.16
2022-05-11,002556.SZ,2100.0,21588.0,10.28
2022-05-11,002948.SZ,4000.0,14360.0,3.59
2022-05-11,600269.SH,3700.0,12728.0,3.44
2022-05-11,600635.SH,4000.0,12280.0,3.07
2022-05-11,600643.SH,2300.0,13984.0,6.08
2022-05-11,600729.SH,500.0,14540.0,29.08
2022-05-12,002042.SZ,3200.0,11680.0,3.65
2022-05-12,002088.SZ,700.0,13132.0,18.76
2022-05-12,002556.SZ,2100.0,21777.0,10.37
2022-05-12,002948.SZ,4000.0,14320.0,3.58
2022-05-12,600269.SH,3700.0,12654.0,3.42
2022-05-12,600635.SH,4000.0,12480.0,3.12
2022-05-12,600643.SH,2300.0,13846.0,6.02
2022-05-12,600729.SH,500.0,14370.0,28.74
2022-05-13,002042.SZ,3200.0,11712.0,3.66
2022-05-13,002088.SZ,700.0,13321.0,19.03
2022-05-13,002556.SZ,2100.0,21840.0,10.4
2022-05-13,002948.SZ,4000.0,14400.0,3.6
2022-05-13,600269.SH,3700.0,12876.0,3.48
2022-05-13,600635.SH,4000.0,12480.0,3.12
2022-05-13,600643.SH,2300.0,13938.0,6.06
2022-05-13,600729.SH,500.0,11430.0,22.86
2022-05-16,002042.SZ,3200.0,11648.0,3.64
2022-05-16,002088.SZ,700.0,13552.0,19.36
2022-05-16,002556.SZ,2100.0,22827.0,10.87
2022-05-16,002948.SZ,4000.0,14320.0,3.58
2022-05-16,600269.SH,3700.0,12950.0,3.5
2022-05-16,600635.SH,4000.0,12440.0,3.11
2022-05-16,600643.SH,2300.0,13754.0,5.98
2022-05-16,600729.SH,500.0,11140.0,22.28
2022-05-17,002042.SZ,3200.0,11456.0,3.58
2022-05-17,002088.SZ,700.0,13454.0,19.22
2022-05-17,002556.SZ,2100.0,22890.0,10.9
2022-05-17,002948.SZ,4000.0,14280.0,3.57
2022-05-17,600269.SH,3700.0,12765.0,3.45
2022-05-17,600635.SH,4000.0,12400.0,3.1
2022-05-17,600643.SH,2300.0,13754.0,5.98
2022-05-17,600729.SH,500.0,10810.0,21.62
2022-05-18,002042.SZ,3200.0,11616.0,3.63
2022-05-18,002088.SZ,700.0,13496.0,19.28
2022-05-18,002556.SZ,2100.0,22974.0,10.94
2022-05-18,002948.SZ,4000.0,14240.0,3.56
2022-05-18,600269.SH,3700.0,12802.0,3.46
2022-05-18,600635.SH,4000.0,12400.0,3.1
2022-05-18,600643.SH,2300.0,13777.0,5.99
2022-05-18,600729.SH,500.0,10855.0,21.71
2022-05-19,002042.SZ,3200.0,11616.0,3.63
2022-05-19,002088.SZ,700.0,13545.0,19.35
2022-05-19,002556.SZ,2100.0,22533.0,10.73
2022-05-19,002948.SZ,4000.0,14320.0,3.58
2022-05-19,600269.SH,3700.0,12728.0,3.44
2022-05-19,600635.SH,4000.0,12480.0,3.12
2022-05-19,600643.SH,2300.0,13846.0,6.02
2022-05-19,600729.SH,500.0,10710.0,21.42
2022-05-20,002042.SZ,3200.0,11744.0,3.67
2022-05-20,002088.SZ,700.0,13657.0,19.51
2022-05-20,002556.SZ,2100.0,22680.0,10.8
2022-05-20,002948.SZ,4000.0,14440.0,3.61
2022-05-20,600269.SH,3700.0,12876.0,3.48
2022-05-20,600635.SH,4000.0,12560.0,3.14
2022-05-20,600643.SH,2300.0,14007.0,6.09
2022-05-20,600729.SH,500.0,10795.0,21.59
2022-05-23,002042.SZ,3200.0,11904.0,3.72
2022-05-23,002088.SZ,700.0,14070.0,20.1
2022-05-23,002556.SZ,2100.0,23163.0,11.03
2022-05-23,002948.SZ,4000.0,14440.0,3.61
2022-05-23,600269.SH,3700.0,12876.0,3.48
2022-05-23,600635.SH,4000.0,12680.0,3.17
2022-05-23,600643.SH,2300.0,14030.0,6.1
2022-05-23,600729.SH,500.0,10935.0,21.87
2022-05-24,002042.SZ,3200.0,11360.0,3.55
2022-05-24,002088.SZ,700.0,13650.0,19.5
2022-05-24,002556.SZ,2100.0,22596.0,10.76
2022-05-24,002948.SZ,4000.0,14200.0,3.55
2022-05-24,600269.SH,3700.0,12617.0,3.41
2022-05-24,600635.SH,4000.0,12280.0,3.07
2022-05-24,600643.SH,2300.0,13501.0,5.87
2022-05-24,600729.SH,500.0,10440.0,20.88
2022-05-25,002042.SZ,3200.0,11648.0,3.64
2022-05-25,002088.SZ,700.0,13657.0,19.51
2022-05-25,002556.SZ,2100.0,22575.0,10.75
2022-05-25,002948.SZ,4000.0,14280.0,3.57
2022-05-25,600269.SH,3700.0,12913.0,3.49
2022-05-25,600635.SH,4000.0,12520.0,3.13
2022-05-25,600643.SH,2300.0,13731.0,5.97
2022-05-25,600729.SH,500.0,10645.0,21.29
2022-05-26,002042.SZ,3200.0,11872.0,3.71
2022-05-26,002088.SZ,700.0,13895.0,19.85
2022-05-26,002556.SZ,2100.0,22827.0,10.87
2022-05-26,002948.SZ,4000.0,14440.0,3.61
2022-05-26,600269.SH,3700.0,13246.0,3.58
2022-05-26,600635.SH,4000.0,12560.0,3.14
2022-05-26,600643.SH,2300.0,13984.0,6.08
2022-05-26,600729.SH,500.0,10770.0,21.54
2022-05-27,002042.SZ,3200.0,11840.0,3.7
2022-05-27,002088.SZ,700.0,13930.0,19.9
2022-05-27,002556.SZ,2100.0,22827.0,10.87
2022-05-27,002948.SZ,4000.0,14440.0,3.61
2022-05-27,600269.SH,3700.0,13283.0,3.59
2022-05-27,600635.SH,4000.0,12680.0,3.17
2022-05-27,600643.SH,2300.0,13938.0,6.06
2022-05-27,600729.SH,500.0,10705.0,21.41
2022-05-30,002042.SZ,3200.0,11776.0,3.68
2022-05-30,002088.SZ,700.0,14056.0,20.08
2022-05-30,002556.SZ,2100.0,23037.0,10.97
2022-05-30,002948.SZ,4000.0,14560.0,3.64
2022-05-30,600269.SH,3700.0,13320.0,3.6
2022-05-30,600635.SH,4000.0,12760.0,3.19
2022-05-30,600643.SH,2300.0,13869.0,6.03
2022-05-30,600729.SH,500.0,10770.0,21.54
2022-05-31,002042.SZ,3200.0,11840.0,3.7
2022-05-31,002088.SZ,700.0,14007.0,20.01
2022-05-31,002556.SZ,2100.0,23541.0,11.21
2022-05-31,002948.SZ,4000.0,13880.0,3.47
2022-05-31,600269.SH,3700.0,13320.0,3.6
2022-05-31,600635.SH,4000.0,13160.0,3.29
2022-05-31,600643.SH,2300.0,14053.0,6.11
2022-05-31,600729.SH,500.0,10835.0,21.67
2022-06-01,002042.SZ,3200.0,12256.0,3.83
2022-06-01,002088.SZ,700.0,14021.0,20.03
2022-06-01,002556.SZ,2100.0,23730.0,11.3
2022-06-01,002948.SZ,4000.0,13840.0,3.46
2022-06-01,600269.SH,3700.0,13431.0,3.63
2022-06-01,600635.SH,4000.0,13160.0,3.29
2022-06-01,600643.SH,2300.0,13984.0,6.08
2022-06-01,600729.SH,500.0,10860.0,21.72
2022-06-02,002042.SZ,3200.0,12096.0,3.78
2022-06-02,002088.SZ,700.0,14084.0,20.12
2022-06-02,002556.SZ,2100.0,23940.0,11.4
2022-06-02,002948.SZ,4000.0,13880.0,3.47
2022-06-02,600269.SH,3700.0,13283.0,3.59
2022-06-02,600635.SH,4000.0,13040.0,3.26
2022-06-02,600643.SH,2300.0,13984.0,6.08
2022-06-02,600729.SH,500.0,10710.0,21.42
2022-06-06,002042.SZ,3200.0,12096.0,3.78
2022-06-06,002088.SZ,700.0,14154.0,20.22
2022-06-06,002556.SZ,2100.0,25515.0,12.15
2022-06-06,002948.SZ,4000.0,13960.0,3.49
2022-06-06,600269.SH,3700.0,13135.0,3.55
2022-06-06,600635.SH,4000.0,13000.0,3.25
2022-06-06,600643.SH,2300.0,14053.0,6.11
2022-06-06,600729.SH,500.0,10550.0,21.1
2022-06-07,002042.SZ,3200.0,12288.0,3.84
2022-06-07,002088.SZ,700.0,14287.0,20.41
2022-06-07,002556.SZ,2100.0,25074.0,11.94
2022-06-07,002948.SZ,4000.0,13920.0,3.48
2022-06-07,600269.SH,3700.0,13172.0,3.56
2022-06-07,600635.SH,4000.0,12960.0,3.24
2022-06-07,600643.SH,2300.0,13961.0,6.07
2022-06-07,600729.SH,500.0,10625.0,21.25
2022-06-08,002042.SZ,3200.0,12192.0,3.81
2022-06-08,002088.SZ,700.0,14294.0,20.42
2022-06-08,002556.SZ,2100.0,24633.0,11.73
2022-06-08,002948.SZ,4000.0,13960.0,3.49
2022-06-08,600269.SH,3700.0,13098.0,3.54
2022-06-08,600635.SH,4000.0,13040.0,3.26
2022-06-08,600643.SH,2300.0,14030.0,6.1
2022-06-08,600729.SH,500.0,10580.0,21.16
2022-06-09,002042.SZ,3200.0,12128.0,3.79
2022-06-09,002088.SZ,700.0,14189.0,20.27
2022-06-09,002556.SZ,2100.0,25326.0,12.06
2022-06-09,002948.SZ,4000.0,14120.0,3.53
2022-06-09,600269.SH,3700.0,13061.0,3.53
2022-06-09,600635.SH,4000.0,12960.0,3.24
2022-06-09,600643.SH,2300.0,14007.0,6.09
2022-06-09,600729.SH,500.0,10525.0,21.05
2022-06-10,002042.SZ,3200.0,12160.0,3.8
2022-06-10,002088.SZ,700.0,14189.0,20.27
2022-06-10,002556.SZ,2100.0,25431.0,12.11
2022-06-10,002948.SZ,4000.0,14400.0,3.6
2022-06-10,600269.SH,3700.0,13098.0,3.54
2022-06-10,600635.SH,4000.0,13120.0,3.28
2022-06-10,600643.SH,2300.0,14260.0,6.2
2022-06-10,600729.SH,500.0,10630.0,21.26
2022-06-13,002042.SZ,3200.0,12160.0,3.8
2022-06-13,002088.SZ,700.0,14329.0,20.47
2022-06-13,002556.SZ,2100.0,25389.0,12.09
2022-06-13,002948.SZ,4000.0,14280.0,3.57
2022-06-13,600269.SH,3700.0,12913.0,3.49
2022-06-13,600635.SH,4000.0,12880.0,3.22
2022-06-13,600643.SH,2300.0,14053.0,6.11
2022-06-13,600729.SH,500.0,10505.0,21.01
2022-06-14,002042.SZ,3200.0,12224.0,3.82
2022-06-14,002088.SZ,700.0,14357.0,20.51
2022-06-14,002556.SZ,2100.0,25620.0,12.2
2022-06-14,002948.SZ,4000.0,14600.0,3.65
2022-06-14,600269.SH,3700.0,13024.0,3.52
2022-06-14,600635.SH,4000.0,13080.0,3.27
2022-06-14,600643.SH,2300.0,14375.0,6.25
2022-06-14,600729.SH,500.0,10540.0,21.08
2022-06-15,002042.SZ,3200.0,12320.0,3.85
2022-06-15,002088.SZ,700.0,14413.0,20.59
2022-06-15,002556.SZ,2100.0,25620.0,12.2
2022-06-15,002948.SZ,4000.0,14880.0,3.72
2022-06-15,600269.SH,3700.0,13098.0,3.54
2022-06-15,600635.SH,4000.0,13360.0,3.34
2022-06-15,600643.SH,2300.0,14766.0,6.42
2022-06-15,600729.SH,500.0,10550.0,21.1
2022-06-16,002042.SZ,3200.0,12192.0,3.81
2022-06-16,002088.SZ,700.0,14217.0,20.31
2022-06-16,002556.SZ,2100.0,25074.0,11.94
2022-06-16,002948.SZ,4000.0,14520.0,3.63
2022-06-16,600269.SH,3700.0,12987.0,3.51
2022-06-16,600635.SH,4000.0,13080.0,3.27
2022-06-16,600643.SH,2300.0,14398.0,6.26
2022-06-16,600729.SH,500.0,10580.0,21.16
2022-06-17,002042.SZ,3200.0,12192.0,3.81
2022-06-17,002088.SZ,700.0,14280.0,20.4
2022-06-17,002556.SZ,2100.0,25221.0,12.01
2022-06-17,002948.SZ,4000.0,14480.0,3.62
2022-06-17,600269.SH,3700.0,12913.0,3.49
2022-06-17,600635.SH,4000.0,12960.0,3.24
2022-06-17,600643.SH,2300.0,13731.0,5.97
2022-06-17,600729.SH,500.0,10490.0,20.98
2022-06-20,002042.SZ,3200.0,12128.0,3.79
2022-06-20,002088.SZ,700.0,14189.0,20.27
2022-06-20,002556.SZ,2100.0,24906.0,11.86
2022-06-20,002948.SZ,4000.0,14520.0,3.63
2022-06-20,600269.SH,3700.0,12802.0,3.46
2022-06-20,600635.SH,4000.0,13040.0,3.26
2022-06-20,600643.SH,2300.0,13777.0,5.99
2022-06-20,600729.SH,500.0,10505.0,21.01
2022-06-21,002042.SZ,3200.0,12096.0,3.78
2022-06-21,002088.SZ,700.0,14336.0,20.48
2022-06-21,002556.SZ,2100.0,24570.0,11.7
2022-06-21,002948.SZ,4000.0,14520.0,3.63
2022-06-21,600269.SH,3700.0,12802.0,3.46
2022-06-21,600635.SH,4000.0,13080.0,3.27
2022-06-21,600643.SH,2300.0,13708.0,5.96
2022-06-21,600729.SH,500.0,10390.0,20.78
2022-06-22,002042.SZ,3200.0,11904.0,3.72
2022-06-22,002088.SZ,700.0,14483.0,20.69
2022-06-22,002556.SZ,2100.0,23982.0,11.42
2022-06-22,002948.SZ,4000.0,14280.0,3.57
2022-06-22,600269.SH,3700.0,12728.0,3.44
2022-06-22,600635.SH,4000.0,13120.0,3.28
2022-06-22,600643.SH,2300.0,13455.0,5.85
2022-06-22,600729.SH,500.0,10195.0,20.39
2022-06-23,002042.SZ,3200.0,12000.0,3.75
2022-06-23,002088.SZ,700.0,14483.0,20.69
2022-06-23,002556.SZ,2100.0,23793.0,11.33
2022-06-23,002948.SZ,4000.0,14440.0,3.61
2022-06-23,600269.SH,3700.0,12839.0,3.47
2022-06-23,600635.SH,4000.0,13120.0,3.28
2022-06-23,600643.SH,2300.0,13685.0,5.95
2022-06-23,600729.SH,500.0,10265.0,20.53
2022-06-24,002042.SZ,3200.0,12192.0,3.81
2022-06-24,002088.SZ,700.0,14483.0,20.69
2022-06-24,002556.SZ,2100.0,23898.0,11.38
2022-06-24,002948.SZ,4000.0,14360.0,3.59
2022-06-24,600269.SH,3700.0,12802.0,3.46
2022-06-24,600635.SH,4000.0,13400.0,3.35
2022-06-24,600643.SH,2300.0,13685.0,5.95
2022-06-24,600729.SH,500.0,10290.0,20.58
2022-06-27,002042.SZ,3200.0,12160.0,3.8
2022-06-27,002088.SZ,700.0,14483.0,20.69
2022-06-27,002556.SZ,2100.0,23940.0,11.4
2022-06-27,002948.SZ,4000.0,14360.0,3.59
2022-06-27,600269.SH,3700.0,12802.0,3.46
2022-06-27,600635.SH,4000.0,13280.0,3.32
2022-06-27,600643.SH,2300.0,13593.0,5.91
2022-06-27,600729.SH,500.0,10390.0,20.78
2022-06-28,002042.SZ,3200.0,12256.0,3.83
2022-06-28,002088.SZ,700.0,15043.0,21.49
2022-06-28,002556.SZ,2100.0,24255.0,11.55
2022-06-28,002948.SZ,4000.0,14480.0,3.62
2022-06-28,600269.SH,3700.0,12913.0,3.49
2022-06-28,600635.SH,4000.0,13360.0,3.34
2022-06-28,600643.SH,2300.0,13777.0,5.99
2022-06-28,600729.SH,500.0,10550.0,21.1
2022-06-29,002042.SZ,3200.0,12064.0,3.77
2022-06-29,002088.SZ,700.0,14707.0,21.01
2022-06-29,002556.SZ,2100.0,23793.0,11.33
2022-06-29,002948.SZ,4000.0,14440.0,3.61
2022-06-29,600269.SH,3700.0,12765.0,3.45
2022-06-29,600635.SH,4000.0,13200.0,3.3
2022-06-29,600643.SH,2300.0,13639.0,5.93
2022-06-29,600729.SH,500.0,10755.0,21.51
2022-06-30,002042.SZ,3200.0,12096.0,3.78
2022-06-30,002088.SZ,700.0,14735.0,21.05
2022-06-30,002556.SZ,2100.0,24570.0,11.7
2022-06-30,002948.SZ,4000.0,14480.0,3.62
2022-06-30,600269.SH,3700.0,12839.0,3.47
2022-06-30,600635.SH,4000.0,13200.0,3.3
2022-06-30,600643.SH,2300.0,13639.0,5.93
2022-06-30,600729.SH,500.0,10785.0,21.57
2022-07-01,600987.SH,3300.0,17424.0,5.28
2022-07-01,601019.SH,2800.0,18732.0,6.69
2022-07-01,603611.SH,800.0,14232.0,17.79
2022-07-01,603676.SH,2100.0,21336.0,10.16
2022-07-01,603848.SH,500.0,8650.0,17.3
2022-07-01,603966.SH,1400.0,14532.0,10.38
2022-07-01,603968.SH,600.0,12648.0,21.08
2022-07-01,603970.SH,400.0,13240.0,33.1
2022-07-04,600987.SH,3300.0,17325.0,5.25
2022-07-04,601019.SH,2800.0,18396.0,6.57
2022-07-04,603611.SH,800.0,13984.0,17.48
2022-07-04,603676.SH,2100.0,21630.0,10.3
2022-07-04,603848.SH,500.0,8210.0,16.42
2022-07-04,603966.SH,1400.0,14280.0,10.2
2022-07-04,603968.SH,600.0,13116.0,21.86
2022-07-04,603970.SH,400.0,13040.0,32.6
2022-07-05,600987.SH,3300.0,17688.0,5.36
2022-07-05,601019.SH,2800.0,18536.0,6.62
2022-07-05,603611.SH,800.0,13616.0,17.02
2022-07-05,603676.SH,2100.0,21987.0,10.47
2022-07-05,603848.SH,500.0,7390.0,14.78
2022-07-05,603966.SH,1400.0,14924.0,10.66
2022-07-05,603968.SH,600.0,13140.0,21.9
2022-07-05,603970.SH,400.0,12940.0,32.35
2022-07-06,600987.SH,3300.0,17721.0,5.37
2022-07-06,601019.SH,2800.0,17780.0,6.35
2022-07-06,603611.SH,800.0,13352.0,16.69
2022-07-06,603676.SH,2100.0,21567.0,10.27
2022-07-06,603848.SH,500.0,7430.0,14.86
2022-07-06,603966.SH,1400.0,14490.0,10.35
2022-07-06,603968.SH,600.0,12918.0,21.53
2022-07-06,603970.SH,400.0,12756.0,31.89
2022-07-07,600987.SH,3300.0,17589.0,5.33
2022-07-07,601019.SH,2800.0,17556.0,6.27
2022-07-07,603611.SH,800.0,13520.0,16.9
2022-07-07,603676.SH,2100.0,21147.0,10.07
2022-07-07,603848.SH,500.0,7880.0,15.76
2022-07-07,603966.SH,1400.0,14672.0,10.48
2022-07-07,603968.SH,600.0,12900.0,21.5
2022-07-07,603970.SH,400.0,12776.0,31.94
2022-07-08,600987.SH,3300.0,17589.0,5.33
2022-07-08,601019.SH,2800.0,17584.0,6.28
2022-07-08,603611.SH,800.0,13536.0,16.92
2022-07-08,603676.SH,2100.0,21336.0,10.16
2022-07-08,603848.SH,500.0,8255.0,16.51
2022-07-08,603966.SH,1400.0,14546.0,10.39
2022-07-08,603968.SH,600.0,12552.0,20.92
2022-07-08,603970.SH,400.0,12888.0,32.22
2022-07-11,600987.SH,3300.0,17358.0,5.26
2022-07-11,601019.SH,2800.0,16604.0,5.93
2022-07-11,603611.SH,800.0,13152.0,16.44
2022-07-11,603676.SH,2100.0,20979.0,9.99
2022-07-11,603848.SH,500.0,8535.0,17.07
2022-07-11,603966.SH,1400.0,15022.0,10.73
2022-07-11,603968.SH,600.0,12798.0,21.33
2022-07-11,603970.SH,400.0,13152.0,32.88
2022-07-12,600987.SH,3300.0,17127.0,5.19
2022-07-12,601019.SH,2800.0,16464.0,5.88
2022-07-12,603611.SH,800.0,13064.0,16.33
2022-07-12,603676.SH,2100.0,20223.0,9.63
2022-07-12,603848.SH,500.0,8465.0,16.93
2022-07-12,603966.SH,1400.0,14952.0,10.68
2022-07-12,603968.SH,600.0,12588.0,20.98
2022-07-12,603970.SH,400.0,13880.0,34.7
2022-07-13,600987.SH,3300.0,17424.0,5.28
2022-07-13,601019.SH,2800.0,16604.0,5.93
2022-07-13,603611.SH,800.0,13488.0,16.86
2022-07-13,603676.SH,2100.0,22239.0,10.59
2022-07-13,603848.SH,500.0,8500.0,17.0
2022-07-13,603966.SH,1400.0,15120.0,10.8
2022-07-13,603968.SH,600.0,12576.0,20.96
2022-07-13,603970.SH,400.0,14100.0,35.25
2022-07-14,600987.SH,3300.0,17061.0,5.17
2022-07-14,601019.SH,2800.0,16604.0,5.93
2022-07-14,603611.SH,800.0,13568.0,16.96
2022-07-14,603676.SH,2100.0,24465.0,11.65
2022-07-14,603848.SH,500.0,8100.0,16.2
2022-07-14,603966.SH,1400.0,15274.0,10.91
2022-07-14,603968.SH,600.0,13572.0,22.62
2022-07-14,603970.SH,400.0,13052.0,32.63
2022-07-15,600987.SH,3300.0,16863.0,5.11
2022-07-15,601019.SH,2800.0,16380.0,5.85
2022-07-15,603611.SH,800.0,13760.0,17.2
2022-07-15,603676.SH,2100.0,26019.0,12.39
2022-07-15,603848.SH,500.0,7800.0,15.6
2022-07-15,603966.SH,1400.0,14798.0,10.57
2022-07-15,603968.SH,600.0,13698.0,22.83
2022-07-15,603970.SH,400.0,13360.0,33.4
2022-07-18,600987.SH,3300.0,17325.0,5.25
2022-07-18,601019.SH,2800.0,16576.0,5.92
2022-07-18,603611.SH,800.0,13776.0,17.22
2022-07-18,603676.SH,2100.0,24927.0,11.87
2022-07-18,603848.SH,500.0,8080.0,16.16
2022-07-18,603966.SH,1400.0,15372.0,10.98
2022-07-18,603968.SH,600.0,13974.0,23.29
2022-07-18,603970.SH,400.0,13368.0,33.42
2022-07-19,600987.SH,3300.0,17325.0,5.25
2022-07-19,601019.SH,2800.0,16800.0,6.0
2022-07-19,603611.SH,800.0,14312.0,17.89
2022-07-19,603676.SH,2100.0,27426.0,13.06
2022-07-19,603848.SH,500.0,8160.0,16.32
2022-07-19,603966.SH,1400.0,15246.0,10.89
2022-07-19,603968.SH,600.0,14400.0,24.0
2022-07-19,603970.SH,400.0,13240.0,33.1
2022-07-20,600987.SH,3300.0,17259.0,5.23
2022-07-20,601019.SH,2800.0,16912.0,6.04
2022-07-20,603611.SH,800.0,14336.0,17.92
2022-07-20,603676.SH,2100.0,27720.0,13.2
2022-07-20,603848.SH,500.0,8215.0,16.43
2022-07-20,603966.SH,1400.0,15260.0,10.9
2022-07-20,603968.SH,600.0,14232.0,23.72
2022-07-20,603970.SH,400.0,13144.0,32.86
2022-07-21,600987.SH,3300.0,17259.0,5.23
2022-07-21,601019.SH,2800.0,16884.0,6.03
2022-07-21,603611.SH,800.0,14144.0,17.68
2022-07-21,603676.SH,2100.0,27174.0,12.94
2022-07-21,603848.SH,500.0,7790.0,15.58
2022-07-21,603966.SH,1400.0,15456.0,11.04
2022-07-21,603968.SH,600.0,14130.0,23.55
2022-07-21,603970.SH,400.0,12840.0,32.1
2022-07-22,600987.SH,3300.0,17424.0,5.28
2022-07-22,601019.SH,2800.0,16912.0,6.04
2022-07-22,603611.SH,800.0,14256.0,17.82
2022-07-22,603676.SH,2100.0,26208.0,12.48
2022-07-22,603848.SH,500.0,7955.0,15.91
2022-07-22,603966.SH,1400.0,15638.0,11.17
2022-07-22,603968.SH,600.0,14226.0,23.71
2022-07-22,603970.SH,400.0,12992.0,32.48
2022-07-25,600987.SH,3300.0,17160.0,5.2
2022-07-25,601019.SH,2800.0,16800.0,6.0
2022-07-25,603611.SH,800.0,14464.0,18.08
2022-07-25,603676.SH,2100.0,27678.0,13.18
2022-07-25,603848.SH,500.0,7990.0,15.98
2022-07-25,603966.SH,1400.0,15288.0,10.92
2022-07-25,603968.SH,600.0,14346.0,23.91
2022-07-25,603970.SH,400.0,12576.0,31.44
2022-07-26,600987.SH,3300.0,17226.0,5.22
2022-07-26,601019.SH,2800.0,17052.0,6.09
2022-07-26,603611.SH,800.0,14904.0,18.63
2022-07-26,603676.SH,2100.0,27195.0,12.95
2022-07-26,603848.SH,500.0,8005.0,16.01
2022-07-26,603966.SH,1400.0,15484.0,11.06
2022-07-26,603968.SH,600.0,14472.0,24.12
2022-07-26,603970.SH,400.0,12480.0,31.2
2022-07-27,600987.SH,3300.0,17127.0,5.19
2022-07-27,601019.SH,2800.0,16940.0,6.05
2022-07-27,603611.SH,800.0,15192.0,18.99
2022-07-27,603676.SH,2100.0,28644.0,13.64
2022-07-27,603848.SH,500.0,7925.0,15.85
2022-07-27,603966.SH,1400.0,15890.0,11.35
2022-07-27,603968.SH,600.0,15132.0,25.22
2022-07-27,603970.SH,400.0,12580.0,31.45
2022-07-28,600987.SH,3300.0,17325.0,5.25
2022-07-28,601019.SH,2800.0,16968.0,6.06
2022-07-28,603611.SH,800.0,15256.0,19.07
2022-07-28,603676.SH,2100.0,27762.0,13.22
2022-07-28,603848.SH,500.0,7900.0,15.8
2022-07-28,603966.SH,1400.0,16450.0,11.75
2022-07-28,603968.SH,600.0,14796.0,24.66
2022-07-28,603970.SH,400.0,12540.0,31.35
2022-07-29,600987.SH,3300.0,17391.0,5.27
2022-07-29,601019.SH,2800.0,16688.0,5.96
2022-07-29,603611.SH,800.0,15128.0,18.91
2022-07-29,603676.SH,2100.0,27615.0,13.15
2022-07-29,603848.SH,500.0,8200.0,16.4
2022-07-29,603966.SH,1400.0,16968.0,12.12
2022-07-29,603968.SH,600.0,14640.0,24.4
2022-07-29,603970.SH,400.0,12920.0,32.3
2022-08-01,600987.SH,3300.0,17127.0,5.19
2022-08-01,601019.SH,2800.0,16660.0,5.95
2022-08-01,603611.SH,800.0,14800.0,18.5
2022-08-01,603676.SH,2100.0,27762.0,13.22
2022-08-01,603848.SH,500.0,8125.0,16.25
2022-08-01,603966.SH,1400.0,16590.0,11.85
2022-08-01,603968.SH,600.0,14850.0,24.75
2022-08-01,603970.SH,400.0,12896.0,32.24
2022-08-02,600987.SH,3300.0,16434.0,4.98
2022-08-02,601019.SH,2800.0,16212.0,5.79
2022-08-02,603611.SH,800.0,14024.0,17.53
2022-08-02,603676.SH,2100.0,26565.0,12.65
2022-08-02,603848.SH,500.0,7785.0,15.57
2022-08-02,603966.SH,1400.0,16856.0,12.04
2022-08-02,603968.SH,600.0,14142.0,23.57
2022-08-02,603970.SH,400.0,12328.0,30.82
2022-08-03,600987.SH,3300.0,16434.0,4.98
2022-08-03,601019.SH,2800.0,15988.0,5.71
2022-08-03,603611.SH,800.0,13600.0,17.0
2022-08-03,603676.SH,2100.0,25578.0,12.18
2022-08-03,603848.SH,500.0,7615.0,15.23
2022-08-03,603966.SH,1400.0,16310.0,11.65
2022-08-03,603968.SH,600.0,14022.0,23.37
2022-08-03,603970.SH,400.0,12400.0,31.0
2022-08-04,600987.SH,3300.0,16566.0,5.02
2022-08-04,601019.SH,2800.0,16100.0,5.75
2022-08-04,603611.SH,800.0,13920.0,17.4
2022-08-04,603676.SH,2100.0,25872.0,12.32
2022-08-04,603848.SH,500.0,7680.0,15.36
2022-08-04,603966.SH,1400.0,16436.0,11.74
2022-08-04,603968.SH,600.0,14328.0,23.88
2022-08-04,603970.SH,400.0,12504.0,31.26
2022-08-05,600987.SH,3300.0,16863.0,5.11
2022-08-05,601019.SH,2800.0,16408.0,5.86
2022-08-05,603611.SH,800.0,14032.0,17.54
2022-08-05,603676.SH,2100.0,25788.0,12.28
2022-08-05,603848.SH,500.0,7715.0,15.43
2022-08-05,603966.SH,1400.0,16184.0,11.56
2022-08-05,603968.SH,600.0,14502.0,24.17
2022-08-05,603970.SH,400.0,12792.0,31.98
2022-08-08,600987.SH,3300.0,17226.0,5.22
2022-08-08,601019.SH,2800.0,16492.0,5.89
2022-08-08,603611.SH,800.0,14304.0,17.88
2022-08-08,603676.SH,2100.0,26712.0,12.72
2022-08-08,603848.SH,500.0,7675.0,15.35
2022-08-08,603966.SH,1400.0,16940.0,12.1
2022-08-08,603968.SH,600.0,14790.0,24.65
2022-08-08,603970.SH,400.0,12880.0,32.2
2022-08-09,600987.SH,3300.0,17127.0,5.19
2022-08-09,601019.SH,2800.0,16324.0,5.83
2022-08-09,603611.SH,800.0,14136.0,17.67
2022-08-09,603676.SH,2100.0,26460.0,12.6
2022-08-09,603848.SH,500.0,7665.0,15.33
2022-08-09,603966.SH,1400.0,16618.0,11.87
2022-08-09,603968.SH,600.0,14598.0,24.33
2022-08-09,603970.SH,400.0,12628.0,31.57
2022-08-10,600987.SH,3300.0,17490.0,5.3
2022-08-10,601019.SH,2800.0,16324.0,5.83
2022-08-10,603611.SH,800.0,14240.0,17.8
2022-08-10,603676.SH,2100.0,26733.0,12.73
2022-08-10,603848.SH,500.0,7520.0,15.04
2022-08-10,603966.SH,1400.0,17094.0,12.21
2022-08-10,603968.SH,600.0,13908.0,23.18
2022-08-10,603970.SH,400.0,12280.0,30.7
2022-08-11,600987.SH,3300.0,17490.0,5.3
2022-08-11,601019.SH,2800.0,16520.0,5.9
2022-08-11,603611.SH,800.0,14312.0,17.89
2022-08-11,603676.SH,2100.0,27300.0,13.0
2022-08-11,603848.SH,500.0,7550.0,15.1
2022-08-11,603966.SH,1400.0,16912.0,12.08
2022-08-11,603968.SH,600.0,14220.0,23.7
2022-08-11,603970.SH,400.0,12284.0,30.71
2022-08-12,600987.SH,3300.0,17622.0,5.34
2022-08-12,601019.SH,2800.0,16548.0,5.91
2022-08-12,603611.SH,800.0,14048.0,17.56
2022-08-12,603676.SH,2100.0,27300.0,13.0
2022-08-12,603848.SH,500.0,7525.0,15.05
2022-08-12,603966.SH,1400.0,16534.0,11.81
2022-08-12,603968.SH,600.0,14184.0,23.64
2022-08-12,603970.SH,400.0,12220.0,30.55
2022-08-15,600987.SH,3300.0,17655.0,5.35
2022-08-15,601019.SH,2800.0,16660.0,5.95
2022-08-15,603611.SH,800.0,13904.0,17.38
2022-08-15,603676.SH,2100.0,27993.0,13.33
2022-08-15,603848.SH,500.0,7300.0,14.6
2022-08-15,603966.SH,1400.0,17178.0,12.27
2022-08-15,603968.SH,600.0,14520.0,24.2
2022-08-15,603970.SH,400.0,12072.0,30.18
2022-08-16,600987.SH,3300.0,18282.0,5.54
2022-08-16,601019.SH,2800.0,16576.0,5.92
2022-08-16,603611.SH,800.0,14272.0,17.84
2022-08-16,603676.SH,2100.0,27573.0,13.13
2022-08-16,603848.SH,500.0,7600.0,15.2
2022-08-16,603966.SH,1400.0,17374.0,12.41
2022-08-16,603968.SH,600.0,14592.0,24.32
2022-08-16,603970.SH,400.0,12352.0,30.88
2022-08-17,600987.SH,3300.0,19437.0,5.89
2022-08-17,601019.SH,2800.0,16604.0,5.93
2022-08-17,603611.SH,800.0,14016.0,17.52
2022-08-17,603676.SH,2100.0,27804.0,13.24
2022-08-17,603848.SH,500.0,7805.0,15.61
2022-08-17,603966.SH,1400.0,17192.0,12.28
2022-08-17,603968.SH,600.0,14280.0,23.8
2022-08-17,603970.SH,400.0,12140.0,30.35
2022-08-18,600987.SH,3300.0,20922.0,6.34
2022-08-18,601019.SH,2800.0,16604.0,5.93
2022-08-18,603611.SH,800.0,14528.0,18.16
2022-08-18,603676.SH,2100.0,27615.0,13.15
2022-08-18,603848.SH,500.0,7535.0,15.07
2022-08-18,603966.SH,1400.0,17136.0,12.24
2022-08-18,603968.SH,600.0,14508.0,24.18
2022-08-18,603970.SH,400.0,12464.0,31.16
2022-08-19,600987.SH,3300.0,21087.0,6.39
2022-08-19,601019.SH,2800.0,16856.0,6.02
2022-08-19,603611.SH,800.0,14704.0,18.38
2022-08-19,603676.SH,2100.0,26859.0,12.79
2022-08-19,603848.SH,500.0,7465.0,14.93
2022-08-19,603966.SH,1400.0,16338.0,11.67
2022-08-19,603968.SH,600.0,13908.0,23.18
2022-08-19,603970.SH,400.0,12240.0,30.6
2022-08-22,600987.SH,3300.0,20757.0,6.29
2022-08-22,601019.SH,2800.0,17024.0,6.08
2022-08-22,603611.SH,800.0,14552.0,18.19
2022-08-22,603676.SH,2100.0,27720.0,13.2
2022-08-22,603848.SH,500.0,7475.0,14.95
2022-08-22,603966.SH,1400.0,16534.0,11.81
2022-08-22,603968.SH,600.0,13980.0,23.3
2022-08-22,603970.SH,400.0,12392.0,30.98
2022-08-23,600987.SH,3300.0,21450.0,6.5
2022-08-23,601019.SH,2800.0,17108.0,6.11
2022-08-23,603611.SH,800.0,15328.0,19.16
2022-08-23,603676.SH,2100.0,25788.0,12.28
2022-08-23,603848.SH,500.0,7460.0,14.92
2022-08-23,603966.SH,1400.0,16408.0,11.72
2022-08-23,603968.SH,600.0,13884.0,23.14
2022-08-23,603970.SH,400.0,12856.0,32.14
2022-08-24,600987.SH,3300.0,21582.0,6.54
2022-08-24,601019.SH,2800.0,17248.0,6.16
2022-08-24,603611.SH,800.0,14480.0,18.1
2022-08-24,603676.SH,2100.0,25830.0,12.3
2022-08-24,603848.SH,500.0,7250.0,14.5
2022-08-24,603966.SH,1400.0,15820.0,11.3
2022-08-24,603968.SH,600.0,13380.0,22.3
2022-08-24,603970.SH,400.0,12244.0,30.61
2022-08-25,600987.SH,3300.0,21351.0,6.47
2022-08-25,601019.SH,2800.0,17640.0,6.3
2022-08-25,603611.SH,800.0,14824.0,18.53
2022-08-25,603676.SH,2100.0,24528.0,11.68
2022-08-25,603848.SH,500.0,7275.0,14.55
2022-08-25,603966.SH,1400.0,15372.0,10.98
2022-08-25,603968.SH,600.0,13500.0,22.5
2022-08-25,603970.SH,400.0,11884.0,29.71
2022-08-26,600987.SH,3300.0,20922.0,6.34
2022-08-26,601019.SH,2800.0,18284.0,6.53
2022-08-26,603611.SH,800.0,14128.0,17.66
2022-08-26,603676.SH,2100.0,25221.0,12.01
2022-08-26,603848.SH,500.0,7130.0,14.26
2022-08-26,603966.SH,1400.0,15470.0,11.05
2022-08-26,603968.SH,600.0,13302.0,22.17
2022-08-26,603970.SH,400.0,11900.0,29.75
2022-08-29,600987.SH,3300.0,20658.0,6.26
2022-08-29,601019.SH,2800.0,18704.0,6.68
2022-08-29,603611.SH,800.0,14336.0,17.92
2022-08-29,603676.SH,2100.0,26187.0,12.47
2022-08-29,603848.SH,500.0,7110.0,14.22
2022-08-29,603966.SH,1400.0,15582.0,11.13
2022-08-29,603968.SH,600.0,13764.0,22.94
2022-08-29,603970.SH,400.0,12196.0,30.49
2022-08-30,600987.SH,3300.0,20889.0,6.33
2022-08-30,601019.SH,2800.0,19040.0,6.8
2022-08-30,603611.SH,800.0,14840.0,18.55
2022-08-30,603676.SH,2100.0,25221.0,12.01
2022-08-30,603848.SH,500.0,7265.0,14.53
2022-08-30,603966.SH,1400.0,15358.0,10.97
2022-08-30,603968.SH,600.0,13452.0,22.42
2022-08-30,603970.SH,400.0,12200.0,30.5
2022-08-31,600987.SH,3300.0,20790.0,6.3
2022-08-31,601019.SH,2800.0,18704.0,6.68
2022-08-31,603611.SH,800.0,13664.0,17.08
2022-08-31,603676.SH,2100.0,25977.0,12.37
2022-08-31,603848.SH,500.0,7100.0,14.2
2022-08-31,603966.SH,1400.0,14252.0,10.18
2022-08-31,603968.SH,600.0,12978.0,21.63
2022-08-31,603970.SH,400.0,12180.0,30.45
2022-09-01,600987.SH,3300.0,20724.0,6.28
2022-09-01,601019.SH,2800.0,18676.0,6.67
2022-09-01,603611.SH,800.0,14416.0,18.02
2022-09-01,603676.SH,2100.0,25662.0,12.22
2022-09-01,603848.SH,500.0,7015.0,14.03
2022-09-01,603966.SH,1400.0,14140.0,10.1
2022-09-01,603968.SH,600.0,12942.0,21.57
2022-09-01,603970.SH,400.0,12120.0,30.3
2022-09-02,600987.SH,3300.0,21417.0,6.49
2022-09-02,601019.SH,2800.0,19012.0,6.79
2022-09-02,603611.SH,800.0,14112.0,17.64
2022-09-02,603676.SH,2100.0,26124.0,12.44
2022-09-02,603848.SH,500.0,7270.0,14.54
2022-09-02,603966.SH,1400.0,14952.0,10.68
2022-09-02,603968.SH,600.0,13002.0,21.67
2022-09-02,603970.SH,400.0,11960.0,29.9
2022-09-05,600987.SH,3300.0,21714.0,6.58
2022-09-05,601019.SH,2800.0,18900.0,6.75
2022-09-05,603611.SH,800.0,13792.0,17.24
2022-09-05,603676.SH,2100.0,25578.0,12.18
2022-09-05,603848.SH,500.0,7530.0,15.06
2022-09-05,603966.SH,1400.0,16450.0,11.75
2022-09-05,603968.SH,600.0,12930.0,21.55
2022-09-05,603970.SH,400.0,11916.0,29.79
2022-09-06,600987.SH,3300.0,22110.0,6.7
2022-09-06,601019.SH,2800.0,18928.0,6.76
2022-09-06,603611.SH,800.0,14384.0,17.98
2022-09-06,603676.SH,2100.0,28140.0,13.4
2022-09-06,603848.SH,500.0,7610.0,15.22
2022-09-06,603966.SH,1400.0,16520.0,11.8
2022-09-06,603968.SH,600.0,13452.0,22.42
2022-09-06,603970.SH,400.0,11800.0,29.5
2022-09-07,600987.SH,3300.0,21747.0,6.59
2022-09-07,601019.SH,2800.0,18564.0,6.63
2022-09-07,603611.SH,800.0,14640.0,18.3
2022-09-07,603676.SH,2100.0,27678.0,13.18
2022-09-07,603848.SH,500.0,7685.0,15.37
2022-09-07,603966.SH,1400.0,16576.0,11.84
2022-09-07,603968.SH,600.0,13458.0,22.43
2022-09-07,603970.SH,400.0,11652.0,29.13
2022-09-08,600987.SH,3300.0,21285.0,6.45
2022-09-08,601019.SH,2800.0,18536.0,6.62
2022-09-08,603611.SH,800.0,14736.0,18.42
2022-09-08,603676.SH,2100.0,26670.0,12.7
2022-09-08,603848.SH,500.0,7500.0,15.0
2022-09-08,603966.SH,1400.0,16184.0,11.56
2022-09-08,603968.SH,600.0,13176.0,21.96
2022-09-08,603970.SH,400.0,11316.0,28.29
2022-09-09,600987.SH,3300.0,21219.0,6.43
2022-09-09,601019.SH,2800.0,18508.0,6.61
2022-09-09,603611.SH,800.0,14504.0,18.13
2022-09-09,603676.SH,2100.0,26817.0,12.77
2022-09-09,603848.SH,500.0,7350.0,14.7
2022-09-09,603966.SH,1400.0,16030.0,11.45
2022-09-09,603968.SH,600.0,13284.0,22.14
2022-09-09,603970.SH,400.0,11776.0,29.44
2022-09-13,600987.SH,3300.0,21351.0,6.47
2022-09-13,601019.SH,2800.0,18340.0,6.55
2022-09-13,603611.SH,800.0,14624.0,18.28
2022-09-13,603676.SH,2100.0,26565.0,12.65
2022-09-13,603848.SH,500.0,7415.0,14.83
2022-09-13,603966.SH,1400.0,17234.0,12.31
2022-09-13,603968.SH,600.0,13338.0,22.23
2022-09-13,603970.SH,400.0,12028.0,30.07
2022-09-14,600987.SH,3300.0,22473.0,6.81
2022-09-14,601019.SH,2800.0,18144.0,6.48
2022-09-14,603611.SH,800.0,14416.0,18.02
2022-09-14,603676.SH,2100.0,25704.0,12.24
2022-09-14,603848.SH,500.0,7320.0,14.64
2022-09-14,603966.SH,1400.0,17262.0,12.33
2022-09-14,603968.SH,600.0,13302.0,22.17
2022-09-14,603970.SH,400.0,12000.0,30.0
2022-09-15,600987.SH,3300.0,21978.0,6.66
2022-09-15,601019.SH,2800.0,18060.0,6.45
2022-09-15,603611.SH,800.0,14176.0,17.72
2022-09-15,603676.SH,2100.0,25515.0,12.15
2022-09-15,603848.SH,500.0,7085.0,14.17
2022-09-15,603966.SH,1400.0,16268.0,11.62
2022-09-15,603968.SH,600.0,12786.0,21.31
2022-09-15,603970.SH,400.0,11640.0,29.1
2022-09-16,600987.SH,3300.0,23199.0,7.03
2022-09-16,601019.SH,2800.0,17892.0,6.39
2022-09-16,603611.SH,800.0,13672.0,17.09
2022-09-16,603676.SH,2100.0,24360.0,11.6
2022-09-16,603848.SH,500.0,6810.0,13.62
2022-09-16,603966.SH,1400.0,15890.0,11.35
2022-09-16,603968.SH,600.0,12510.0,20.85
2022-09-16,603970.SH,400.0,11640.0,29.1
2022-09-19,600987.SH,3300.0,22110.0,6.7
2022-09-19,601019.SH,2800.0,17892.0,6.39
2022-09-19,603611.SH,800.0,13104.0,16.38
2022-09-19,603676.SH,2100.0,23436.0,11.16
2022-09-19,603848.SH,500.0,6820.0,13.64
2022-09-19,603966.SH,1400.0,17164.0,12.26
2022-09-19,603968.SH,600.0,12348.0,20.58
2022-09-19,603970.SH,400.0,11640.0,29.1
2022-09-20,600987.SH,3300.0,22605.0,6.85
2022-09-20,601019.SH,2800.0,17920.0,6.4
2022-09-20,603611.SH,800.0,13528.0,16.91
2022-09-20,603676.SH,2100.0,23562.0,11.22
2022-09-20,603848.SH,500.0,7060.0,14.12
2022-09-20,603966.SH,1400.0,17458.0,12.47
2022-09-20,603968.SH,600.0,12582.0,20.97
2022-09-20,603970.SH,400.0,11840.0,29.6
2022-09-21,600987.SH,3300.0,23067.0,6.99
2022-09-21,601019.SH,2800.0,18256.0,6.52
2022-09-21,603611.SH,800.0,13400.0,16.75
2022-09-21,603676.SH,2100.0,23037.0,10.97
2022-09-21,603848.SH,500.0,7225.0,14.45
2022-09-21,603966.SH,1400.0,17598.0,12.57
2022-09-21,603968.SH,600.0,12618.0,21.03
2022-09-21,603970.SH,400.0,11716.0,29.29
2022-09-22,600987.SH,3300.0,23430.0,7.1
2022-09-22,601019.SH,2800.0,17920.0,6.4
2022-09-22,603611.SH,800.0,13360.0,16.7
2022-09-22,603676.SH,2100.0,22449.0,10.69
2022-09-22,603848.SH,500.0,7180.0,14.36
2022-09-22,603966.SH,1400.0,17598.0,12.57
2022-09-22,603968.SH,600.0,12600.0,21.0
2022-09-22,603970.SH,400.0,11360.0,28.4
2022-09-23,600987.SH,3300.0,22968.0,6.96
2022-09-23,601019.SH,2800.0,17780.0,6.35
2022-09-23,603611.SH,800.0,13016.0,16.27
2022-09-23,603676.SH,2100.0,22323.0,10.63
2022-09-23,603848.SH,500.0,7315.0,14.63
2022-09-23,603966.SH,1400.0,17136.0,12.24
2022-09-23,603968.SH,600.0,12174.0,20.29
2022-09-23,603970.SH,400.0,11368.0,28.42
2022-09-26,600987.SH,3300.0,22836.0,6.92
2022-09-26,601019.SH,2800.0,17304.0,6.18
2022-09-26,603611.SH,800.0,12512.0,15.64
2022-09-26,603676.SH,2100.0,22134.0,10.54
2022-09-26,603848.SH,500.0,7330.0,14.66
2022-09-26,603966.SH,1400.0,16758.0,11.97
2022-09-26,603968.SH,600.0,11892.0,19.82
2022-09-26,603970.SH,400.0,11136.0,27.84
2022-09-27,600987.SH,3300.0,23892.0,7.24
2022-09-27,601019.SH,2800.0,17808.0,6.36
2022-09-27,603611.SH,800.0,12832.0,16.04
2022-09-27,603676.SH,2100.0,23604.0,11.24
2022-09-27,603848.SH,500.0,7060.0,14.12
2022-09-27,603966.SH,1400.0,16772.0,11.98
2022-09-27,603968.SH,600.0,12180.0,20.3
2022-09-27,603970.SH,400.0,11468.0,28.67
2022-09-28,600987.SH,3300.0,24057.0,7.29
2022-09-28,601019.SH,2800.0,17416.0,6.22
2022-09-28,603611.SH,800.0,12232.0,15.29
2022-09-28,603676.SH,2100.0,23247.0,11.07
2022-09-28,603848.SH,500.0,6845.0,13.69
2022-09-28,603966.SH,1400.0,15554.0,11.11
2022-09-28,603968.SH,600.0,11766.0,19.61
2022-09-28,603970.SH,400.0,11368.0,28.42
2022-09-29,600987.SH,3300.0,22869.0,6.93
2022-09-29,601019.SH,2800.0,17276.0,6.17
2022-09-29,603611.SH,800.0,12288.0,15.36
2022-09-29,603676.SH,2100.0,24108.0,11.48
2022-09-29,603848.SH,500.0,6425.0,12.85
2022-09-29,603966.SH,1400.0,15890.0,11.35
2022-09-29,603968.SH,600.0,11904.0,19.84
2022-09-29,603970.SH,400.0,11452.0,28.63
2022-09-30,600987.SH,3300.0,23001.0,6.97
2022-09-30,601019.SH,2800.0,17108.0,6.11
2022-09-30,603611.SH,800.0,12136.0,15.17
2022-09-30,603676.SH,2100.0,24318.0,11.58
2022-09-30,603848.SH,500.0,6455.0,12.91
2022-09-30,603966.SH,1400.0,15442.0,11.03
2022-09-30,603968.SH,600.0,11760.0,19.6
2022-09-30,603970.SH,400.0,11400.0,28.5
2022-10-10,600282.SH,4800.0,13344.0,2.78
2022-10-10,600507.SH,2900.0,17487.0,6.03
2022-10-10,600572.SH,4900.0,19355.0,3.95
2022-10-10,600612.SH,500.0,19660.0,39.32
2022-10-10,600649.SH,3700.0,13690.0,3.7
2022-10-10,600717.SH,3400.0,13668.0,4.02
2022-10-10,600967.SH,1500.0,11580.0,7.72
2022-10-10,601515.SH,3400.0,14620.0,4.3
2022-10-11,600282.SH,4800.0,13632.0,2.84
2022-10-11,600507.SH,2900.0,17661.0,6.09
2022-10-11,600572.SH,4900.0,19355.0,3.95
2022-10-11,600612.SH,500.0,19480.0,38.96
2022-10-11,600649.SH,3700.0,13690.0,3.7
2022-10-11,600717.SH,3400.0,13906.0,4.09
2022-10-11,600967.SH,1500.0,11715.0,7.81
2022-10-11,601515.SH,3400.0,14620.0,4.3
2022-10-12,600282.SH,4800.0,13776.0,2.87
2022-10-12,600507.SH,2900.0,17777.0,6.13
2022-10-12,600572.SH,4900.0,19551.0,3.99
2022-10-12,600612.SH,500.0,19990.0,39.98
2022-10-12,600649.SH,3700.0,13986.0,3.78
2022-10-12,600717.SH,3400.0,14008.0,4.12
2022-10-12,600967.SH,1500.0,12030.0,8.02
2022-10-12,601515.SH,3400.0,14620.0,4.3
2022-10-13,600282.SH,4800.0,13776.0,2.87
2022-10-13,600507.SH,2900.0,17748.0,6.12
2022-10-13,600572.SH,4900.0,19649.0,4.01
2022-10-13,600612.SH,500.0,19830.0,39.66
2022-10-13,600649.SH,3700.0,13949.0,3.77
2022-10-13,600717.SH,3400.0,13838.0,4.07
2022-10-13,600967.SH,1500.0,12000.0,8.0
2022-10-13,601515.SH,3400.0,14620.0,4.3
2022-10-14,600282.SH,4800.0,14784.0,3.08
2022-10-14,600507.SH,2900.0,17922.0,6.18
2022-10-14,600572.SH,4900.0,20041.0,4.09
2022-10-14,600612.SH,500.0,19830.0,39.66
2022-10-14,600649.SH,3700.0,13986.0,3.78
2022-10-14,600717.SH,3400.0,13906.0,4.09
2022-10-14,600967.SH,1500.0,12210.0,8.14
2022-10-14,601515.SH,3400.0,14620.0,4.3
2022-10-17,600282.SH,4800.0,14784.0,3.08
2022-10-17,600507.SH,2900.0,17922.0,6.18
2022-10-17,600572.SH,4900.0,20286.0,4.14
2022-10-17,600612.SH,500.0,20105.0,40.21
2022-10-17,600649.SH,3700.0,14060.0,3.8
2022-10-17,600717.SH,3400.0,14144.0,4.16
2022-10-17,600967.SH,1500.0,12405.0,8.27
2022-10-17,601515.SH,3400.0,14620.0,4.3
2022-10-18,600282.SH,4800.0,14784.0,3.08
2022-10-18,600507.SH,2900.0,17951.0,6.19
2022-10-18,600572.SH,4900.0,20629.0,4.21
2022-10-18,600612.SH,500.0,19995.0,39.99
2022-10-18,600649.SH,3700.0,13912.0,3.76
2022-10-18,600717.SH,3400.0,14042.0,4.13
2022-10-18,600967.SH,1500.0,12480.0,8.32
2022-10-18,601515.SH,3400.0,14620.0,4.3
2022-10-19,600282.SH,4800.0,14784.0,3.08
2022-10-19,600507.SH,2900.0,17690.0,6.1
2022-10-19,600572.SH,4900.0,20433.0,4.17
2022-10-19,600612.SH,500.0,19525.0,39.05
2022-10-19,600649.SH,3700.0,13912.0,3.76
2022-10-19,600717.SH,3400.0,14212.0,4.18
2022-10-19,600967.SH,1500.0,12420.0,8.28
2022-10-19,601515.SH,3400.0,16082.0,4.73
2022-10-20,600282.SH,4800.0,14736.0,3.07
2022-10-20,600507.SH,2900.0,17458.0,6.02
2022-10-20,600572.SH,4900.0,20335.0,4.15
2022-10-20,600612.SH,500.0,19400.0,38.8
2022-10-20,600649.SH,3700.0,13838.0,3.74
2022-10-20,600717.SH,3400.0,14008.0,4.12
2022-10-20,600967.SH,1500.0,12285.0,8.19
2022-10-20,601515.SH,3400.0,16150.0,4.75
2022-10-21,600282.SH,4800.0,15600.0,3.25
2022-10-21,600507.SH,2900.0,17545.0,6.05
2022-10-21,600572.SH,4900.0,20482.0,4.18
2022-10-21,600612.SH,500.0,19285.0,38.57
2022-10-21,600649.SH,3700.0,13764.0,3.72
2022-10-21,600717.SH,3400.0,14008.0,4.12
2022-10-21,600967.SH,1500.0,12435.0,8.29
2022-10-21,601515.SH,3400.0,15368.0,4.52
2022-10-24,600282.SH,4800.0,15408.0,3.21
2022-10-24,600507.SH,2900.0,17400.0,6.0
2022-10-24,600572.SH,4900.0,19943.0,4.07
2022-10-24,600612.SH,500.0,19125.0,38.25
2022-10-24,600649.SH,3700.0,13579.0,3.67
2022-10-24,600717.SH,3400.0,13838.0,4.07
2022-10-24,600967.SH,1500.0,12450.0,8.3
2022-10-24,601515.SH,3400.0,15572.0,4.58
2022-10-25,600282.SH,4800.0,15552.0,3.24
2022-10-25,600507.SH,2900.0,17371.0,5.99
2022-10-25,600572.SH,4900.0,19698.0,4.02
2022-10-25,600612.SH,500.0,19375.0,38.75
2022-10-25,600649.SH,3700.0,13468.0,3.64
2022-10-25,600717.SH,3400.0,13838.0,4.07
2022-10-25,600967.SH,1500.0,12630.0,8.42
2022-10-25,601515.SH,3400.0,15198.0,4.47
2022-10-26,600282.SH,4800.0,15504.0,3.23
2022-10-26,600507.SH,2900.0,17487.0,6.03
2022-10-26,600572.SH,4900.0,20188.0,4.12
2022-10-26,600612.SH,500.0,19830.0,39.66
2022-10-26,600649.SH,3700.0,13579.0,3.67
2022-10-26,600717.SH,3400.0,13906.0,4.09
2022-10-26,600967.SH,1500.0,12720.0,8.48
2022-10-26,601515.SH,3400.0,15402.0,4.53
2022-10-27,600282.SH,4800.0,14976.0,3.12
2022-10-27,600507.SH,2900.0,17516.0,6.04
2022-10-27,600572.SH,4900.0,20629.0,4.21
2022-10-27,600612.SH,500.0,19900.0,39.8
2022-10-27,600649.SH,3700.0,13653.0,3.69
2022-10-27,600717.SH,3400.0,14008.0,4.12
2022-10-27,600967.SH,1500.0,12720.0,8.48
2022-10-27,601515.SH,3400.0,15776.0,4.64
2022-10-28,600282.SH,4800.0,14544.0,3.03
2022-10-28,600507.SH,2900.0,17110.0,5.9
2022-10-28,600572.SH,4900.0,20335.0,4.15
2022-10-28,600612.SH,500.0,19560.0,39.12
2022-10-28,600649.SH,3700.0,13209.0,3.57
2022-10-28,600717.SH,3400.0,13464.0,3.96
2022-10-28,600967.SH,1500.0,12405.0,8.27
2022-10-28,601515.SH,3400.0,15062.0,4.43
2022-10-31,600282.SH,4800.0,14640.0,3.05
2022-10-31,600507.SH,2900.0,16530.0,5.7
2022-10-31,600572.SH,4900.0,20531.0,4.19
2022-10-31,600612.SH,500.0,19205.0,38.41
2022-10-31,600649.SH,3700.0,13172.0,3.56
2022-10-31,600717.SH,3400.0,13260.0,3.9
2022-10-31,600967.SH,1500.0,12750.0,8.5
2022-10-31,601515.SH,3400.0,14450.0,4.25
2022-11-01,600282.SH,4800.0,14640.0,3.05
2022-11-01,600507.SH,2900.0,16675.0,5.75
2022-11-01,600572.SH,4900.0,20776.0,4.24
2022-11-01,600612.SH,500.0,19315.0,38.63
2022-11-01,600649.SH,3700.0,13357.0,3.61
2022-11-01,600717.SH,3400.0,13498.0,3.97
2022-11-01,600967.SH,1500.0,12900.0,8.6
2022-11-01,601515.SH,3400.0,14620.0,4.3
2022-11-02,600282.SH,4800.0,14496.0,3.02
2022-11-02,600507.SH,2900.0,16704.0,5.76
2022-11-02,600572.SH,4900.0,21609.0,4.41
2022-11-02,600612.SH,500.0,19700.0,39.4
2022-11-02,600649.SH,3700.0,13505.0,3.65
2022-11-02,600717.SH,3400.0,13498.0,3.97
2022-11-02,600967.SH,1500.0,12885.0,8.59
2022-11-02,601515.SH,3400.0,14688.0,4.32
2022-11-03,600282.SH,4800.0,14640.0,3.05
2022-11-03,600507.SH,2900.0,16530.0,5.7
2022-11-03,600572.SH,4900.0,21560.0,4.4
2022-11-03,600612.SH,500.0,19925.0,39.85
2022-11-03,600649.SH,3700.0,13394.0,3.62
2022-11-03,600717.SH,3400.0,13498.0,3.97
2022-11-03,600967.SH,1500.0,12990.0,8.66
2022-11-03,601515.SH,3400.0,14654.0,4.31
2022-11-04,600282.SH,4800.0,14976.0,3.12
2022-11-04,600507.SH,2900.0,16675.0,5.75
2022-11-04,600572.SH,4900.0,21413.0,4.37
2022-11-04,600612.SH,500.0,20260.0,40.52
2022-11-04,600649.SH,3700.0,13579.0,3.67
2022-11-04,600717.SH,3400.0,13668.0,4.02
2022-11-04,600967.SH,1500.0,13020.0,8.68
2022-11-04,601515.SH,3400.0,14824.0,4.36
2022-11-07,600282.SH,4800.0,15216.0,3.17
2022-11-07,600507.SH,2900.0,17081.0,5.89
2022-11-07,600572.SH,4900.0,21658.0,4.42
2022-11-07,600612.SH,500.0,20400.0,40.8
2022-11-07,600649.SH,3700.0,13690.0,3.7
2022-11-07,600717.SH,3400.0,13770.0,4.05
2022-11-07,600967.SH,1500.0,13005.0,8.67
2022-11-07,601515.SH,3400.0,14892.0,4.38
2022-11-08,600282.SH,4800.0,15216.0,3.17
2022-11-08,600507.SH,2900.0,16994.0,5.86
2022-11-08,600572.SH,4900.0,21658.0,4.42
2022-11-08,600612.SH,500.0,20470.0,40.94
2022-11-08,600649.SH,3700.0,13653.0,3.69
2022-11-08,600717.SH,3400.0,13736.0,4.04
2022-11-08,600967.SH,1500.0,13050.0,8.7
2022-11-08,601515.SH,3400.0,14858.0,4.37
2022-11-09,600282.SH,4800.0,15408.0,3.21
2022-11-09,600507.SH,2900.0,16965.0,5.85
2022-11-09,600572.SH,4900.0,21854.0,4.46
2022-11-09,600612.SH,500.0,20570.0,41.14
2022-11-09,600649.SH,3700.0,13690.0,3.7
2022-11-09,600717.SH,3400.0,13736.0,4.04
2022-11-09,600967.SH,1500.0,13005.0,8.67
2022-11-09,601515.SH,3400.0,15130.0,4.45
2022-11-10,600282.SH,4800.0,15552.0,3.24
2022-11-10,600507.SH,2900.0,16994.0,5.86
2022-11-10,600572.SH,4900.0,22050.0,4.5
2022-11-10,600612.SH,500.0,20380.0,40.76
2022-11-10,600649.SH,3700.0,13690.0,3.7
2022-11-10,600717.SH,3400.0,13872.0,4.08
2022-11-10,600967.SH,1500.0,12930.0,8.62
2022-11-10,601515.SH,3400.0,15130.0,4.45
2022-11-11,600282.SH,4800.0,15696.0,3.27
2022-11-11,600507.SH,2900.0,17081.0,5.89
2022-11-11,600572.SH,4900.0,21462.0,4.38
2022-11-11,600612.SH,500.0,20750.0,41.5
2022-11-11,600649.SH,3700.0,14356.0,3.88
2022-11-11,600717.SH,3400.0,13974.0,4.11
2022-11-11,600967.SH,1500.0,13170.0,8.78
2022-11-11,601515.SH,3400.0,15232.0,4.48
2022-11-14,600282.SH,4800.0,15696.0,3.27
2022-11-14,600507.SH,2900.0,17052.0,5.88
2022-11-14,600572.SH,4900.0,22491.0,4.59
2022-11-14,600612.SH,500.0,20665.0,41.33
2022-11-14,600649.SH,3700.0,14541.0,3.93
2022-11-14,600717.SH,3400.0,14076.0,4.14
2022-11-14,600967.SH,1500.0,12870.0,8.58
2022-11-14,601515.SH,3400.0,15232.0,4.48
2022-11-15,600282.SH,4800.0,15552.0,3.24
2022-11-15,600507.SH,2900.0,17226.0,5.94
2022-11-15,600572.SH,4900.0,22393.0,4.57
2022-11-15,600612.SH,500.0,20880.0,41.76
2022-11-15,600649.SH,3700.0,14504.0,3.92
2022-11-15,600717.SH,3400.0,14008.0,4.12
2022-11-15,600967.SH,1500.0,13020.0,8.68
2022-11-15,601515.SH,3400.0,15402.0,4.53
2022-11-16,600282.SH,4800.0,15696.0,3.27
2022-11-16,600507.SH,2900.0,17197.0,5.93
2022-11-16,600572.SH,4900.0,22246.0,4.54
2022-11-16,600612.SH,500.0,21080.0,42.16
2022-11-16,600649.SH,3700.0,14245.0,3.85
2022-11-16,600717.SH,3400.0,14042.0,4.13
2022-11-16,600967.SH,1500.0,13050.0,8.7
2022-11-16,601515.SH,3400.0,16422.0,4.83
2022-11-17,600282.SH,4800.0,15696.0,3.27
2022-11-17,600507.SH,2900.0,17226.0,5.94
2022-11-17,600572.SH,4900.0,22638.0,4.62
2022-11-17,600612.SH,500.0,20775.0,41.55
2022-11-17,600649.SH,3700.0,14319.0,3.87
2022-11-17,600717.SH,3400.0,14076.0,4.14
2022-11-17,600967.SH,1500.0,13035.0,8.69
2022-11-17,601515.SH,3400.0,16116.0,4.74
2022-11-18,600282.SH,4800.0,15744.0,3.28
2022-11-18,600507.SH,2900.0,17371.0,5.99
2022-11-18,600572.SH,4900.0,23177.0,4.73
2022-11-18,600612.SH,500.0,20600.0,41.2
2022-11-18,600649.SH,3700.0,14171.0,3.83
2022-11-18,600717.SH,3400.0,13940.0,4.1
2022-11-18,600967.SH,1500.0,13050.0,8.7
2022-11-18,601515.SH,3400.0,15606.0,4.59
2022-11-21,600282.SH,4800.0,15648.0,3.26
2022-11-21,600507.SH,2900.0,17313.0,5.97
2022-11-21,600572.SH,4900.0,24206.0,4.94
2022-11-21,600612.SH,500.0,20390.0,40.78
2022-11-21,600649.SH,3700.0,13986.0,3.78
2022-11-21,600717.SH,3400.0,13736.0,4.04
2022-11-21,600967.SH,1500.0,13035.0,8.69
2022-11-21,601515.SH,3400.0,15538.0,4.57
2022-11-22,600282.SH,4800.0,15648.0,3.26
2022-11-22,600507.SH,2900.0,17400.0,6.0
2022-11-22,600572.SH,4900.0,23177.0,4.73
2022-11-22,600612.SH,500.0,20120.0,40.24
2022-11-22,600649.SH,3700.0,14023.0,3.79
2022-11-22,600717.SH,3400.0,14110.0,4.15
2022-11-22,600967.SH,1500.0,13050.0,8.7
2022-11-22,601515.SH,3400.0,15334.0,4.51
2022-11-23,600282.SH,4800.0,15696.0,3.27
2022-11-23,600507.SH,2900.0,17400.0,6.0
2022-11-23,600572.SH,4900.0,22491.0,4.59
2022-11-23,600612.SH,500.0,19890.0,39.78
2022-11-23,600649.SH,3700.0,14060.0,3.8
2022-11-23,600717.SH,3400.0,14110.0,4.15
2022-11-23,600967.SH,1500.0,13200.0,8.8
2022-11-23,601515.SH,3400.0,15470.0,4.55
2022-11-24,600282.SH,4800.0,15792.0,3.29
2022-11-24,600507.SH,2900.0,17400.0,6.0
2022-11-24,600572.SH,4900.0,22736.0,4.64
2022-11-24,600612.SH,500.0,20055.0,40.11
2022-11-24,600649.SH,3700.0,14282.0,3.86
2022-11-24,600717.SH,3400.0,14110.0,4.15
2022-11-24,600967.SH,1500.0,13035.0,8.69
2022-11-24,601515.SH,3400.0,15368.0,4.52
2022-11-25,600282.SH,4800.0,15840.0,3.3
2022-11-25,600507.SH,2900.0,17574.0,6.06
2022-11-25,600572.SH,4900.0,23373.0,4.77
2022-11-25,600612.SH,500.0,20075.0,40.15
2022-11-25,600649.SH,3700.0,14578.0,3.94
2022-11-25,600717.SH,3400.0,14212.0,4.18
2022-11-25,600967.SH,1500.0,12915.0,8.61
2022-11-25,601515.SH,3400.0,15198.0,4.47
2022-11-28,600282.SH,4800.0,15840.0,3.3
2022-11-28,600507.SH,2900.0,17429.0,6.01
2022-11-28,600572.SH,4900.0,23765.0,4.85
2022-11-28,600612.SH,500.0,20210.0,40.42
2022-11-28,600649.SH,3700.0,14689.0,3.97
2022-11-28,600717.SH,3400.0,14246.0,4.19
2022-11-28,600967.SH,1500.0,12915.0,8.61
2022-11-28,601515.SH,3400.0,15028.0,4.42
2022-11-29,600282.SH,4800.0,15936.0,3.32
2022-11-29,600507.SH,2900.0,17632.0,6.08
2022-11-29,600572.SH,4900.0,23716.0,4.84
2022-11-29,600612.SH,500.0,20590.0,41.18
2022-11-29,600649.SH,3700.0,15614.0,4.22
2022-11-29,600717.SH,3400.0,14348.0,4.22
2022-11-29,600967.SH,1500.0,13050.0,8.7
2022-11-29,601515.SH,3400.0,15402.0,4.53
2022-11-30,600282.SH,4800.0,16032.0,3.34
2022-11-30,600507.SH,2900.0,17719.0,6.11
2022-11-30,600572.SH,4900.0,23275.0,4.75
2022-11-30,600612.SH,500.0,20600.0,41.2
2022-11-30,600649.SH,3700.0,15614.0,4.22
2022-11-30,600717.SH,3400.0,14280.0,4.2
2022-11-30,600967.SH,1500.0,13035.0,8.69
2022-11-30,601515.SH,3400.0,15368.0,4.52
2022-12-01,600282.SH,4800.0,15840.0,3.3
2022-12-01,600507.SH,2900.0,17777.0,6.13
2022-12-01,600572.SH,4900.0,23716.0,4.84
2022-12-01,600612.SH,500.0,20745.0,41.49
2022-12-01,600649.SH,3700.0,15392.0,4.16
2022-12-01,600717.SH,3400.0,14178.0,4.17
2022-12-01,600967.SH,1500.0,13050.0,8.7
2022-12-01,601515.SH,3400.0,15504.0,4.56
2022-12-02,600282.SH,4800.0,15696.0,3.27
2022-12-02,600507.SH,2900.0,17632.0,6.08
2022-12-02,600572.SH,4900.0,23471.0,4.79
2022-12-02,600612.SH,500.0,20950.0,41.9
2022-12-02,600649.SH,3700.0,15540.0,4.2
2022-12-02,600717.SH,3400.0,14110.0,4.15
2022-12-02,600967.SH,1500.0,13065.0,8.71
2022-12-02,601515.SH,3400.0,15538.0,4.57
2022-12-05,600282.SH,4800.0,15936.0,3.32
2022-12-05,600507.SH,2900.0,17922.0,6.18
2022-12-05,600572.SH,4900.0,23520.0,4.8
2022-12-05,600612.SH,500.0,21540.0,43.08
2022-12-05,600649.SH,3700.0,15762.0,4.26
2022-12-05,600717.SH,3400.0,14552.0,4.28
2022-12-05,600967.SH,1500.0,13290.0,8.86
2022-12-05,601515.SH,3400.0,15742.0,4.63
2022-12-06,600282.SH,4800.0,15936.0,3.32
2022-12-06,600507.SH,2900.0,17951.0,6.19
2022-12-06,600572.SH,4900.0,23079.0,4.71
2022-12-06,600612.SH,500.0,21595.0,43.19
2022-12-06,600649.SH,3700.0,15540.0,4.2
2022-12-06,600717.SH,3400.0,14450.0,4.25
2022-12-06,600967.SH,1500.0,13245.0,8.83
2022-12-06,601515.SH,3400.0,15606.0,4.59
2022-12-07,600282.SH,4800.0,15936.0,3.32
2022-12-07,600507.SH,2900.0,17864.0,6.16
2022-12-07,600572.SH,4900.0,24451.0,4.99
2022-12-07,600612.SH,500.0,21500.0,43.0
2022-12-07,600649.SH,3700.0,15651.0,4.23
2022-12-07,600717.SH,3400.0,14586.0,4.29
2022-12-07,600967.SH,1500.0,13110.0,8.74
2022-12-07,601515.SH,3400.0,15844.0,4.66
2022-12-08,600282.SH,4800.0,16176.0,3.37
2022-12-08,600507.SH,2900.0,17922.0,6.18
2022-12-08,600572.SH,4900.0,23716.0,4.84
2022-12-08,600612.SH,500.0,21520.0,43.04
2022-12-08,600649.SH,3700.0,16021.0,4.33
2022-12-08,600717.SH,3400.0,14688.0,4.32
2022-12-08,600967.SH,1500.0,12975.0,8.65
2022-12-08,601515.SH,3400.0,15606.0,4.59
2022-12-09,600282.SH,4800.0,16032.0,3.34
2022-12-09,600507.SH,2900.0,18328.0,6.32
2022-12-09,600572.SH,4900.0,23520.0,4.8
2022-12-09,600612.SH,500.0,21420.0,42.84
2022-12-09,600649.SH,3700.0,15947.0,4.31
2022-12-09,600717.SH,3400.0,14450.0,4.25
2022-12-09,600967.SH,1500.0,12780.0,8.52
2022-12-09,601515.SH,3400.0,15470.0,4.55
2022-12-12,600282.SH,4800.0,15264.0,3.18
2022-12-12,600507.SH,2900.0,17806.0,6.14
2022-12-12,600572.SH,4900.0,24941.0,5.09
2022-12-12,600612.SH,500.0,21050.0,42.1
2022-12-12,600649.SH,3700.0,15577.0,4.21
2022-12-12,600717.SH,3400.0,14178.0,4.17
2022-12-12,600967.SH,1500.0,12870.0,8.58
2022-12-12,601515.SH,3400.0,15742.0,4.63
2022-12-13,600282.SH,4800.0,16080.0,3.35
2022-12-13,600507.SH,2900.0,17806.0,6.14
2022-12-13,600572.SH,4900.0,24941.0,5.09
2022-12-13,600612.SH,500.0,21245.0,42.49
2022-12-13,600649.SH,3700.0,15799.0,4.27
2022-12-13,600717.SH,3400.0,14484.0,4.26
2022-12-13,600967.SH,1500.0,12750.0,8.5
2022-12-13,601515.SH,3400.0,15742.0,4.63
2022-12-14,600282.SH,4800.0,15600.0,3.25
2022-12-14,600507.SH,2900.0,17690.0,6.1
2022-12-14,600572.SH,4900.0,23716.0,4.84
2022-12-14,600612.SH,500.0,21495.0,42.99
2022-12-14,600649.SH,3700.0,15577.0,4.21
2022-12-14,600717.SH,3400.0,14246.0,4.19
2022-12-14,600967.SH,1500.0,12765.0,8.51
2022-12-14,601515.SH,3400.0,15538.0,4.57
2022-12-15,600282.SH,4800.0,15456.0,3.22
2022-12-15,600507.SH,2900.0,17545.0,6.05
2022-12-15,600572.SH,4900.0,23373.0,4.77
2022-12-15,600612.SH,500.0,21155.0,42.31
2022-12-15,600649.SH,3700.0,15540.0,4.2
2022-12-15,600717.SH,3400.0,14076.0,4.14
2022-12-15,600967.SH,1500.0,12735.0,8.49
2022-12-15,601515.SH,3400.0,15334.0,4.51
2022-12-16,600282.SH,4800.0,15840.0,3.3
2022-12-16,600507.SH,2900.0,17893.0,6.17
2022-12-16,600572.SH,4900.0,23716.0,4.84
2022-12-16,600612.SH,500.0,20960.0,41.92
2022-12-16,600649.SH,3700.0,15503.0,4.19
2022-12-16,600717.SH,3400.0,14212.0,4.18
2022-12-16,600967.SH,1500.0,12600.0,8.4
2022-12-16,601515.SH,3400.0,15334.0,4.51
2022-12-19,600282.SH,4800.0,15312.0,3.19
2022-12-19,600507.SH,2900.0,17516.0,6.04
2022-12-19,600572.SH,4900.0,23373.0,4.77
2022-12-19,600612.SH,500.0,20740.0,41.48
2022-12-19,600649.SH,3700.0,15281.0,4.13
2022-12-19,600717.SH,3400.0,13906.0,4.09
2022-12-19,600967.SH,1500.0,12435.0,8.29
2022-12-19,601515.SH,3400.0,14994.0,4.41
2022-12-20,600282.SH,4800.0,15168.0,3.16
2022-12-20,600507.SH,2900.0,17516.0,6.04
2022-12-20,600572.SH,4900.0,22883.0,4.67
2022-12-20,600612.SH,500.0,20540.0,41.08
2022-12-20,600649.SH,3700.0,15059.0,4.07
2022-12-20,600717.SH,3400.0,13804.0,4.06
2022-12-20,600967.SH,1500.0,12375.0,8.25
2022-12-20,601515.SH,3400.0,15028.0,4.42
2022-12-21,600282.SH,4800.0,15216.0,3.17
2022-12-21,600507.SH,2900.0,17516.0,6.04
2022-12-21,600572.SH,4900.0,23520.0,4.8
2022-12-21,600612.SH,500.0,21005.0,42.01
2022-12-21,600649.SH,3700.0,15059.0,4.07
2022-12-21,600717.SH,3400.0,13770.0,4.05
2022-12-21,600967.SH,1500.0,12345.0,8.23
2022-12-21,601515.SH,3400.0,14858.0,4.37
2022-12-22,600282.SH,4800.0,15072.0,3.14
2022-12-22,600507.SH,2900.0,17313.0,5.97
2022-12-22,600572.SH,4900.0,22687.0,4.63
2022-12-22,600612.SH,500.0,21130.0,42.26
2022-12-22,600649.SH,3700.0,14874.0,4.02
2022-12-22,600717.SH,3400.0,13600.0,4.0
2022-12-22,600967.SH,1500.0,12225.0,8.15
2022-12-22,601515.SH,3400.0,14790.0,4.35
2022-12-23,600282.SH,4800.0,15120.0,3.15
2022-12-23,600507.SH,2900.0,17284.0,5.96
2022-12-23,600572.SH,4900.0,22736.0,4.64
2022-12-23,600612.SH,500.0,20695.0,41.39
2022-12-23,600649.SH,3700.0,14874.0,4.02
2022-12-23,600717.SH,3400.0,13600.0,4.0
2022-12-23,600967.SH,1500.0,12135.0,8.09
2022-12-23,601515.SH,3400.0,14756.0,4.34
2022-12-26,600282.SH,4800.0,14928.0,3.11
2022-12-26,600507.SH,2900.0,17284.0,5.96
2022-12-26,600572.SH,4900.0,22099.0,4.51
2022-12-26,600612.SH,500.0,20575.0,41.15
2022-12-26,600649.SH,3700.0,14652.0,3.96
2022-12-26,600717.SH,3400.0,13634.0,4.01
2022-12-26,600967.SH,1500.0,12345.0,8.23
2022-12-26,601515.SH,3400.0,14824.0,4.36
2022-12-27,600282.SH,4800.0,15216.0,3.17
2022-12-27,600507.SH,2900.0,17371.0,5.99
2022-12-27,600572.SH,4900.0,21560.0,4.4
2022-12-27,600612.SH,500.0,21180.0,42.36
2022-12-27,600649.SH,3700.0,14800.0,4.0
2022-12-27,600717.SH,3400.0,13872.0,4.08
2022-12-27,600967.SH,1500.0,12405.0,8.27
2022-12-27,601515.SH,3400.0,14926.0,4.39
2022-12-28,600282.SH,4800.0,15216.0,3.17
2022-12-28,600507.SH,2900.0,17603.0,6.07
2022-12-28,600572.SH,4900.0,21707.0,4.43
2022-12-28,600612.SH,500.0,21325.0,42.65
2022-12-28,600649.SH,3700.0,14874.0,4.02
2022-12-28,600717.SH,3400.0,13770.0,4.05
2022-12-28,600967.SH,1500.0,12285.0,8.19
2022-12-28,601515.SH,3400.0,14654.0,4.31
2022-12-29,600282.SH,4800.0,15072.0,3.14
2022-12-29,600507.SH,2900.0,17458.0,6.02
2022-12-29,600572.SH,4900.0,23863.0,4.87
2022-12-29,600612.SH,500.0,21430.0,42.86
2022-12-29,600649.SH,3700.0,14504.0,3.92
2022-12-29,600717.SH,3400.0,13600.0,4.0
2022-12-29,600967.SH,1500.0,12315.0,8.21
2022-12-29,601515.SH,3400.0,14620.0,4.3
2022-12-30,600282.SH,4800.0,15120.0,3.15
2022-12-30,600507.SH,2900.0,17458.0,6.02
2022-12-30,600572.SH,4900.0,23177.0,4.73
2022-12-30,600612.SH,500.0,21400.0,42.8
2022-12-30,600649.SH,3700.0,14726.0,3.98
2022-12-30,600717.SH,3400.0,13940.0,4.1
2022-12-30,600967.SH,1500.0,12390.0,8.26
2022-12-30,601515.SH,3400.0,14620.0,4.3
2023-01-03,002701.SZ,4700.0,23077.0,4.91
2023-01-03,600507.SH,2500.0,15100.0,6.04
2023-01-03,600612.SH,400.0,17636.0,44.09
2023-01-03,600649.SH,3700.0,14689.0,3.97
2023-01-03,600717.SH,3400.0,13940.0,4.1
2023-01-03,600967.SH,2100.0,17745.0,8.45
2023-01-03,601515.SH,3400.0,14790.0,4.35
2023-01-03,601801.SH,4600.0,24104.0,5.24
2023-01-04,002701.SZ,4700.0,23077.0,4.91
2023-01-04,600507.SH,2500.0,15125.0,6.05
2023-01-04,600612.SH,400.0,17768.0,44.42
2023-01-04,600649.SH,3700.0,14911.0,4.03
2023-01-04,600717.SH,3400.0,14008.0,4.12
2023-01-04,600967.SH,2100.0,17703.0,8.43
2023-01-04,601515.SH,3400.0,14858.0,4.37
2023-01-04,601801.SH,4600.0,24610.0,5.35
2023-01-05,002701.SZ,4700.0,22889.0,4.87
2023-01-05,600507.SH,2500.0,15125.0,6.05
2023-01-05,600612.SH,400.0,18112.0,45.28
2023-01-05,600649.SH,3700.0,14837.0,4.01
2023-01-05,600717.SH,3400.0,14110.0,4.15
2023-01-05,600967.SH,2100.0,17703.0,8.43
2023-01-05,601515.SH,3400.0,14892.0,4.38
2023-01-05,601801.SH,4600.0,24380.0,5.3
2023-01-06,002701.SZ,4700.0,22983.0,4.89
2023-01-06,600507.SH,2500.0,15125.0,6.05
2023-01-06,600612.SH,400.0,17992.0,44.98
2023-01-06,600649.SH,3700.0,14578.0,3.94
2023-01-06,600717.SH,3400.0,13940.0,4.1
2023-01-06,600967.SH,2100.0,17808.0,8.48
2023-01-06,601515.SH,3400.0,14824.0,4.36
2023-01-06,601801.SH,4600.0,23920.0,5.2
2023-01-09,002701.SZ,4700.0,23077.0,4.91
2023-01-09,600507.SH,2500.0,15125.0,6.05
2023-01-09,600612.SH,400.0,18744.0,46.86
2023-01-09,600649.SH,3700.0,14541.0,3.93
2023-01-09,600717.SH,3400.0,13872.0,4.08
2023-01-09,600967.SH,2100.0,17640.0,8.4
2023-01-09,601515.SH,3400.0,14858.0,4.37
2023-01-09,601801.SH,4600.0,23920.0,5.2
2023-01-10,002701.SZ,4700.0,23030.0,4.9
2023-01-10,600507.SH,2500.0,15050.0,6.02
2023-01-10,600612.SH,400.0,19000.0,47.5
2023-01-10,600649.SH,3700.0,14319.0,3.87
2023-01-10,600717.SH,3400.0,13804.0,4.06
2023-01-10,600967.SH,2100.0,17367.0,8.27
2023-01-10,601515.SH,3400.0,14756.0,4.34
2023-01-10,601801.SH,4600.0,23920.0,5.2
2023-01-11,002701.SZ,4700.0,22795.0,4.85
2023-01-11,600507.SH,2500.0,15075.0,6.03
2023-01-11,600612.SH,400.0,18524.0,46.31
2023-01-11,600649.SH,3700.0,14171.0,3.83
2023-01-11,600717.SH,3400.0,13770.0,4.05
2023-01-11,600967.SH,2100.0,17346.0,8.26
2023-01-11,601515.SH,3400.0,14688.0,4.32
2023-01-11,601801.SH,4600.0,23598.0,5.13
2023-01-12,002701.SZ,4700.0,22748.0,4.84
2023-01-12,600507.SH,2500.0,15025.0,6.01
2023-01-12,600612.SH,400.0,18288.0,45.72
2023-01-12,600649.SH,3700.0,14060.0,3.8
2023-01-12,600717.SH,3400.0,13736.0,4.04
2023-01-12,600967.SH,2100.0,17241.0,8.21
2023-01-12,601515.SH,3400.0,14722.0,4.33
2023-01-12,601801.SH,4600.0,23368.0,5.08
2023-01-13,002701.SZ,4700.0,22842.0,4.86
2023-01-13,600507.SH,2500.0,15075.0,6.03
2023-01-13,600612.SH,400.0,18840.0,47.1
2023-01-13,600649.SH,3700.0,14245.0,3.85
2023-01-13,600717.SH,3400.0,13804.0,4.06
2023-01-13,600967.SH,2100.0,17346.0,8.26
2023-01-13,601515.SH,3400.0,14858.0,4.37
2023-01-13,601801.SH,4600.0,23552.0,5.12
2023-01-16,002701.SZ,4700.0,22983.0,4.89
2023-01-16,600507.SH,2500.0,15150.0,6.06
2023-01-16,600612.SH,400.0,19356.0,48.39
2023-01-16,600649.SH,3700.0,14356.0,3.88
2023-01-16,600717.SH,3400.0,13906.0,4.09
2023-01-16,600967.SH,2100.0,17577.0,8.37
2023-01-16,601515.SH,3400.0,15028.0,4.42
2023-01-16,601801.SH,4600.0,23506.0,5.11
2023-01-17,002701.SZ,4700.0,23218.0,4.94
2023-01-17,600507.SH,2500.0,15175.0,6.07
2023-01-17,600612.SH,400.0,18860.0,47.15
2023-01-17,600649.SH,3700.0,14356.0,3.88
2023-01-17,600717.SH,3400.0,13906.0,4.09
2023-01-17,600967.SH,2100.0,17577.0,8.37
2023-01-17,601515.SH,3400.0,14926.0,4.39
2023-01-17,601801.SH,4600.0,23414.0,5.09
2023-01-18,002701.SZ,4700.0,23265.0,4.95
2023-01-18,600507.SH,2500.0,15175.0,6.07
2023-01-18,600612.SH,400.0,18844.0,47.11
2023-01-18,600649.SH,3700.0,14356.0,3.88
2023-01-18,600717.SH,3400.0,13974.0,4.11
2023-01-18,600967.SH,2100.0,17640.0,8.4
2023-01-18,601515.SH,3400.0,14960.0,4.4
2023-01-18,601801.SH,4600.0,23506.0,5.11
2023-01-19,002701.SZ,4700.0,23359.0,4.97
2023-01-19,600507.SH,2500.0,15250.0,6.1
2023-01-19,600612.SH,400.0,19340.0,48.35
2023-01-19,600649.SH,3700.0,14504.0,3.92
2023-01-19,600717.SH,3400.0,14042.0,4.13
2023-01-19,600967.SH,2100.0,17850.0,8.5
2023-01-19,601515.SH,3400.0,15028.0,4.42
2023-01-19,601801.SH,4600.0,24288.0,5.28
2023-01-20,002701.SZ,4700.0,23312.0,4.96
2023-01-20,600507.SH,2500.0,15425.0,6.17
2023-01-20,600612.SH,400.0,19720.0,49.3
2023-01-20,600649.SH,3700.0,14726.0,3.98
2023-01-20,600717.SH,3400.0,14212.0,4.18
2023-01-20,600967.SH,2100.0,18039.0,8.59
2023-01-20,601515.SH,3400.0,15164.0,4.46
2023-01-20,601801.SH,4600.0,24564.0,5.34
2023-01-30,002701.SZ,4700.0,23594.0,5.02
2023-01-30,600507.SH,2500.0,15475.0,6.19
2023-01-30,600612.SH,400.0,19300.0,48.25
2023-01-30,600649.SH,3700.0,14763.0,3.99
2023-01-30,600717.SH,3400.0,14178.0,4.17
2023-01-30,600967.SH,2100.0,18963.0,9.03
2023-01-30,601515.SH,3400.0,15368.0,4.52
2023-01-30,601801.SH,4600.0,25898.0,5.63
2023-01-31,002701.SZ,4700.0,23594.0,5.02
2023-01-31,600507.SH,2500.0,15400.0,6.16
2023-01-31,600612.SH,400.0,19280.0,48.2
2023-01-31,600649.SH,3700.0,14874.0,4.02
2023-01-31,600717.SH,3400.0,14212.0,4.18
2023-01-31,600967.SH,2100.0,19215.0,9.15
2023-01-31,601515.SH,3400.0,15368.0,4.52
2023-01-31,601801.SH,4600.0,25484.0,5.54
2023-02-01,002701.SZ,4700.0,23688.0,5.04
2023-02-01,600507.SH,2500.0,15475.0,6.19
2023-02-01,600612.SH,400.0,19256.0,48.14
2023-02-01,600649.SH,3700.0,14911.0,4.03
2023-02-01,600717.SH,3400.0,14314.0,4.21
2023-02-01,600967.SH,2100.0,19278.0,9.18
2023-02-01,601515.SH,3400.0,15470.0,4.55
2023-02-01,601801.SH,4600.0,25714.0,5.59
2023-02-02,002701.SZ,4700.0,23688.0,5.04
2023-02-02,600507.SH,2500.0,15450.0,6.18
2023-02-02,600612.SH,400.0,19224.0,48.06
2023-02-02,600649.SH,3700.0,14985.0,4.05
2023-02-02,600717.SH,3400.0,14212.0,4.18
2023-02-02,600967.SH,2100.0,18984.0,9.04
2023-02-02,601515.SH,3400.0,15368.0,4.52
2023-02-02,601801.SH,4600.0,25806.0,5.61
2023-02-03,002701.SZ,4700.0,23594.0,5.02
2023-02-03,600507.SH,2500.0,15300.0,6.12
2023-02-03,600612.SH,400.0,18840.0,47.1
2023-02-03,600649.SH,3700.0,14911.0,4.03
2023-02-03,600717.SH,3400.0,14178.0,4.17
2023-02-03,600967.SH,2100.0,18921.0,9.01
2023-02-03,601515.SH,3400.0,15300.0,4.5
2023-02-03,601801.SH,4600.0,25530.0,5.55
2023-02-06,002701.SZ,4700.0,23453.0,4.99
2023-02-06,600507.SH,2500.0,15225.0,6.09
2023-02-06,600612.SH,400.0,18560.0,46.4
2023-02-06,600649.SH,3700.0,14800.0,4.0
2023-02-06,600717.SH,3400.0,14212.0,4.18
2023-02-06,600967.SH,2100.0,18921.0,9.01
2023-02-06,601515.SH,3400.0,15232.0,4.48
2023-02-06,601801.SH,4600.0,25806.0,5.61
2023-02-07,002701.SZ,4700.0,23735.0,5.05
2023-02-07,600507.SH,2500.0,15325.0,6.13
2023-02-07,600612.SH,400.0,18712.0,46.78
2023-02-07,600649.SH,3700.0,14874.0,4.02
2023-02-07,600717.SH,3400.0,14246.0,4.19
2023-02-07,600967.SH,2100.0,18942.0,9.02
2023-02-07,601515.SH,3400.0,15368.0,4.52
2023-02-07,601801.SH,4600.0,26450.0,5.75
2023-02-08,002701.SZ,4700.0,23500.0,5.0
2023-02-08,600507.SH,2500.0,15200.0,6.08
2023-02-08,600612.SH,400.0,18692.0,46.73
2023-02-08,600649.SH,3700.0,14726.0,3.98
2023-02-08,600717.SH,3400.0,14144.0,4.16
2023-02-08,600967.SH,2100.0,18942.0,9.02
2023-02-08,601515.SH,3400.0,15198.0,4.47
2023-02-08,601801.SH,4600.0,25714.0,5.59
2023-02-09,002701.SZ,4700.0,23688.0,5.04
2023-02-09,600507.SH,2500.0,15275.0,6.11
2023-02-09,600612.SH,400.0,19072.0,47.68
2023-02-09,600649.SH,3700.0,14948.0,4.04
2023-02-09,600717.SH,3400.0,14280.0,4.2
2023-02-09,600967.SH,2100.0,19173.0,9.13
2023-02-09,601515.SH,3400.0,15402.0,4.53
2023-02-09,601801.SH,4600.0,26036.0,5.66
2023-02-10,002701.SZ,4700.0,24017.0,5.11
2023-02-10,600507.SH,2500.0,15250.0,6.1
2023-02-10,600612.SH,400.0,18964.0,47.41
2023-02-10,600649.SH,3700.0,14985.0,4.05
2023-02-10,600717.SH,3400.0,14246.0,4.19
2023-02-10,600967.SH,2100.0,19467.0,9.27
2023-02-10,601515.SH,3400.0,15946.0,4.69
2023-02-10,601801.SH,4600.0,25944.0,5.64
2023-02-13,002701.SZ,4700.0,24064.0,5.12
2023-02-13,600507.SH,2500.0,15325.0,6.13
2023-02-13,600612.SH,400.0,19552.0,48.88
2023-02-13,600649.SH,3700.0,15022.0,4.06
2023-02-13,600717.SH,3400.0,14382.0,4.23
2023-02-13,600967.SH,2100.0,19698.0,9.38
2023-02-13,601515.SH,3400.0,15844.0,4.66
2023-02-13,601801.SH,4600.0,25484.0,5.54
2023-02-14,002701.SZ,4700.0,24017.0,5.11
2023-02-14,600507.SH,2500.0,15450.0,6.18
2023-02-14,600612.SH,400.0,19880.0,49.7
2023-02-14,600649.SH,3700.0,15096.0,4.08
2023-02-14,600717.SH,3400.0,14348.0,4.22
2023-02-14,600967.SH,2100.0,19530.0,9.3
2023-02-14,601515.SH,3400.0,16082.0,4.73
2023-02-14,601801.SH,4600.0,25668.0,5.58
2023-02-15,002701.SZ,4700.0,23970.0,5.1
2023-02-15,600507.SH,2500.0,15350.0,6.14
2023-02-15,600612.SH,400.0,19396.0,48.49
2023-02-15,600649.SH,3700.0,14948.0,4.04
2023-02-15,600717.SH,3400.0,14246.0,4.19
2023-02-15,600967.SH,2100.0,19845.0,9.45
2023-02-15,601515.SH,3400.0,15980.0,4.7
2023-02-15,601801.SH,4600.0,26082.0,5.67
2023-02-16,002701.SZ,4700.0,23688.0,5.04
2023-02-16,600507.SH,2500.0,15250.0,6.1
2023-02-16,600612.SH,400.0,19516.0,48.79
2023-02-16,600649.SH,3700.0,14726.0,3.98
2023-02-16,600717.SH,3400.0,14144.0,4.16
2023-02-16,600967.SH,2100.0,19320.0,9.2
2023-02-16,601515.SH,3400.0,15640.0,4.6
2023-02-16,601801.SH,4600.0,26128.0,5.68
2023-02-17,002701.SZ,4700.0,23782.0,5.06
2023-02-17,600507.SH,2500.0,15250.0,6.1
2023-02-17,600612.SH,400.0,19600.0,49.0
2023-02-17,600649.SH,3700.0,14726.0,3.98
2023-02-17,600717.SH,3400.0,14178.0,4.17
2023-02-17,600967.SH,2100.0,19677.0,9.37
2023-02-17,601515.SH,3400.0,15674.0,4.61
2023-02-17,601801.SH,4600.0,25530.0,5.55
2023-02-20,002701.SZ,4700.0,23876.0,5.08
2023-02-20,600507.SH,2500.0,15550.0,6.22
2023-02-20,600612.SH,400.0,19420.0,48.55
2023-02-20,600649.SH,3700.0,14874.0,4.02
2023-02-20,600717.SH,3400.0,14314.0,4.21
2023-02-20,600967.SH,2100.0,19719.0,9.39
2023-02-20,601515.SH,3400.0,15810.0,4.65
2023-02-20,601801.SH,4600.0,26220.0,5.7
2023-02-21,002701.SZ,4700.0,24017.0,5.11
2023-02-21,600507.SH,2500.0,16075.0,6.43
2023-02-21,600612.SH,400.0,19592.0,48.98
2023-02-21,600649.SH,3700.0,15059.0,4.07
2023-02-21,600717.SH,3400.0,14416.0,4.24
2023-02-21,600967.SH,2100.0,19950.0,9.5
2023-02-21,601515.SH,3400.0,15776.0,4.64
2023-02-21,601801.SH,4600.0,26174.0,5.69
2023-02-22,002701.SZ,4700.0,24393.0,5.19
2023-02-22,600507.SH,2500.0,16000.0,6.4
2023-02-22,600612.SH,400.0,19356.0,48.39
2023-02-22,600649.SH,3700.0,15022.0,4.06
2023-02-22,600717.SH,3400.0,14348.0,4.22
2023-02-22,600967.SH,2100.0,20181.0,9.61
2023-02-22,601515.SH,3400.0,15742.0,4.63
2023-02-22,601801.SH,4600.0,26266.0,5.71
2023-02-23,002701.SZ,4700.0,24581.0,5.23
2023-02-23,600507.SH,2500.0,16050.0,6.42
2023-02-23,600612.SH,400.0,19560.0,48.9
2023-02-23,600649.SH,3700.0,15096.0,4.08
2023-02-23,600717.SH,3400.0,14382.0,4.23
2023-02-23,600967.SH,2100.0,19971.0,9.51
2023-02-23,601515.SH,3400.0,15606.0,4.59
2023-02-23,601801.SH,4600.0,25898.0,5.63
2023-02-24,002701.SZ,4700.0,24910.0,5.3
2023-02-24,600507.SH,2500.0,16050.0,6.42
2023-02-24,600612.SH,400.0,19496.0,48.74
2023-02-24,600649.SH,3700.0,15059.0,4.07
2023-02-24,600717.SH,3400.0,14348.0,4.22
2023-02-24,600967.SH,2100.0,20349.0,9.69
2023-02-24,601515.SH,3400.0,15504.0,4.56
2023-02-24,601801.SH,4600.0,25990.0,5.65
2023-02-27,002701.SZ,4700.0,24816.0,5.28
2023-02-27,600507.SH,2500.0,15975.0,6.39
2023-02-27,600612.SH,400.0,19500.0,48.75
2023-02-27,600649.SH,3700.0,15022.0,4.06
2023-02-27,600717.SH,3400.0,14280.0,4.2
2023-02-27,600967.SH,2100.0,20223.0,9.63
2023-02-27,601515.SH,3400.0,15470.0,4.55
2023-02-27,601801.SH,4600.0,25576.0,5.56
2023-02-28,002701.SZ,4700.0,24769.0,5.27
2023-02-28,600507.SH,2500.0,15975.0,6.39
2023-02-28,600612.SH,400.0,19484.0,48.71
2023-02-28,600649.SH,3700.0,15244.0,4.12
2023-02-28,600717.SH,3400.0,14450.0,4.25
2023-02-28,600967.SH,2100.0,20391.0,9.71
2023-02-28,601515.SH,3400.0,15572.0,4.58
2023-02-28,601801.SH,4600.0,25714.0,5.59
2023-03-01,002701.SZ,4700.0,24675.0,5.25
2023-03-01,600507.SH,2500.0,16025.0,6.41
2023-03-01,600612.SH,400.0,19416.0,48.54
2023-03-01,600649.SH,3700.0,15244.0,4.12
2023-03-01,600717.SH,3400.0,14484.0,4.26
2023-03-01,600967.SH,2100.0,20412.0,9.72
2023-03-01,601515.SH,3400.0,15606.0,4.59
2023-03-01,601801.SH,4600.0,26174.0,5.69
2023-03-02,002701.SZ,4700.0,24722.0,5.26
2023-03-02,600507.SH,2500.0,16150.0,6.46
2023-03-02,600612.SH,400.0,19224.0,48.06
2023-03-02,600649.SH,3700.0,15244.0,4.12
2023-03-02,600717.SH,3400.0,14586.0,4.29
2023-03-02,600967.SH,2100.0,20412.0,9.72
2023-03-02,601515.SH,3400.0,15674.0,4.61
2023-03-02,601801.SH,4600.0,26358.0,5.73
2023-03-03,002701.SZ,4700.0,24581.0,5.23
2023-03-03,600507.SH,2500.0,16175.0,6.47
2023-03-03,600612.SH,400.0,19624.0,49.06
2023-03-03,600649.SH,3700.0,15318.0,4.14
2023-03-03,600717.SH,3400.0,14688.0,4.32
2023-03-03,600967.SH,2100.0,20433.0,9.73
2023-03-03,601515.SH,3400.0,15504.0,4.56
2023-03-03,601801.SH,4600.0,26588.0,5.78
2023-03-06,002701.SZ,4700.0,25051.0,5.33
2023-03-06,600507.SH,2500.0,16025.0,6.41
2023-03-06,600612.SH,400.0,20372.0,50.93
2023-03-06,600649.SH,3700.0,15207.0,4.11
2023-03-06,600717.SH,3400.0,14688.0,4.32
2023-03-06,600967.SH,2100.0,20622.0,9.82
2023-03-06,601515.SH,3400.0,15504.0,4.56
2023-03-06,601801.SH,4600.0,27186.0,5.91
2023-03-07,002701.SZ,4700.0,24910.0,5.3
2023-03-07,600507.SH,2500.0,15950.0,6.38
2023-03-07,600612.SH,400.0,20760.0,51.9
2023-03-07,600649.SH,3700.0,15022.0,4.06
2023-03-07,600717.SH,3400.0,14484.0,4.26
2023-03-07,600967.SH,2100.0,20139.0,9.59
2023-03-07,601515.SH,3400.0,15368.0,4.52
2023-03-07,601801.SH,4600.0,26450.0,5.75
2023-03-08,002701.SZ,4700.0,24722.0,5.26
2023-03-08,600507.SH,2500.0,15975.0,6.39
2023-03-08,600612.SH,400.0,20596.0,51.49
2023-03-08,600649.SH,3700.0,15022.0,4.06
2023-03-08,600717.SH,3400.0,14654.0,4.31
2023-03-08,600967.SH,2100.0,20517.0,9.77
2023-03-08,601515.SH,3400.0,15436.0,4.54
2023-03-08,601801.SH,4600.0,26450.0,5.75
2023-03-09,002701.SZ,4700.0,24581.0,5.23
2023-03-09,600507.SH,2500.0,15975.0,6.39
2023-03-09,600612.SH,400.0,20520.0,51.3
2023-03-09,600649.SH,3700.0,14985.0,4.05
2023-03-09,600717.SH,3400.0,14620.0,4.3
2023-03-09,600967.SH,2100.0,20328.0,9.68
2023-03-09,601515.SH,3400.0,15368.0,4.52
2023-03-09,601801.SH,4600.0,26450.0,5.75
2023-03-10,002701.SZ,4700.0,24017.0,5.11
2023-03-10,600507.SH,2500.0,15725.0,6.29
2023-03-10,600612.SH,400.0,20224.0,50.56
2023-03-10,600649.SH,3700.0,14800.0,4.0
2023-03-10,600717.SH,3400.0,14484.0,4.26
2023-03-10,600967.SH,2100.0,19992.0,9.52
2023-03-10,601515.SH,3400.0,15164.0,4.46
2023-03-10,601801.SH,4600.0,26082.0,5.67
2023-03-13,002701.SZ,4700.0,23453.0,4.99
2023-03-13,600507.SH,2500.0,15750.0,6.3
2023-03-13,600612.SH,400.0,20648.0,51.62
2023-03-13,600649.SH,3700.0,14763.0,3.99
2023-03-13,600717.SH,3400.0,14552.0,4.28
2023-03-13,600967.SH,2100.0,20328.0,9.68
2023-03-13,601515.SH,3400.0,15062.0,4.43
2023-03-13,601801.SH,4600.0,26588.0,5.78
2023-03-14,002701.SZ,4700.0,23453.0,4.99
2023-03-14,600507.SH,2500.0,15625.0,6.25
2023-03-14,600612.SH,400.0,20400.0,51.0
2023-03-14,600649.SH,3700.0,14726.0,3.98
2023-03-14,600717.SH,3400.0,14416.0,4.24
2023-03-14,600967.SH,2100.0,20034.0,9.54
2023-03-14,601515.SH,3400.0,14926.0,4.39
2023-03-14,601801.SH,4600.0,26128.0,5.68
2023-03-15,002701.SZ,4700.0,23923.0,5.09
2023-03-15,600507.SH,2500.0,16000.0,6.4
2023-03-15,600612.SH,400.0,20268.0,50.67
2023-03-15,600649.SH,3700.0,14911.0,4.03
2023-03-15,600717.SH,3400.0,14790.0,4.35
2023-03-15,600967.SH,2100.0,20097.0,9.57
2023-03-15,601515.SH,3400.0,15096.0,4.44
2023-03-15,601801.SH,4600.0,26634.0,5.79
2023-03-16,002701.SZ,4700.0,23782.0,5.06
2023-03-16,600507.SH,2500.0,15650.0,6.26
2023-03-16,600612.SH,400.0,20580.0,51.45
2023-03-16,600649.SH,3700.0,14763.0,3.99
2023-03-16,600717.SH,3400.0,14654.0,4.31
2023-03-16,600967.SH,2100.0,19614.0,9.34
2023-03-16,601515.SH,3400.0,15028.0,4.42
2023-03-16,601801.SH,4600.0,26680.0,5.8
2023-03-17,002701.SZ,4700.0,23547.0,5.01
2023-03-17,600507.SH,2500.0,15825.0,6.33
2023-03-17,600612.SH,400.0,20664.0,51.66
2023-03-17,600649.SH,3700.0,14837.0,4.01
2023-03-17,600717.SH,3400.0,14790.0,4.35
2023-03-17,600967.SH,2100.0,19866.0,9.46
2023-03-17,601515.SH,3400.0,15130.0,4.45
2023-03-17,601801.SH,4600.0,27048.0,5.88
2023-03-20,002701.SZ,4700.0,23406.0,4.98
2023-03-20,600507.SH,2500.0,14400.0,5.76
2023-03-20,600612.SH,400.0,21272.0,53.18
2023-03-20,600649.SH,3700.0,14763.0,3.99
2023-03-20,600717.SH,3400.0,14654.0,4.31
2023-03-20,600967.SH,2100.0,19740.0,9.4
2023-03-20,601515.SH,3400.0,14892.0,4.38
2023-03-20,601801.SH,4600.0,27048.0,5.88
2023-03-21,002701.SZ,4700.0,23547.0,5.01
2023-03-21,600507.SH,2500.0,14350.0,5.74
2023-03-21,600612.SH,400.0,21276.0,53.19
2023-03-21,600649.SH,3700.0,14874.0,4.02
2023-03-21,600717.SH,3400.0,14654.0,4.31
2023-03-21,600967.SH,2100.0,20454.0,9.74
2023-03-21,601515.SH,3400.0,15096.0,4.44
2023-03-21,601801.SH,4600.0,27646.0,6.01
2023-03-22,002701.SZ,4700.0,23923.0,5.09
2023-03-22,600507.SH,2500.0,14225.0,5.69
2023-03-22,600612.SH,400.0,21456.0,53.64
2023-03-22,600649.SH,3700.0,14911.0,4.03
2023-03-22,600717.SH,3400.0,14654.0,4.31
2023-03-22,600967.SH,2100.0,20328.0,9.68
2023-03-22,601515.SH,3400.0,15164.0,4.46
2023-03-22,601801.SH,4600.0,28290.0,6.15
2023-03-23,002701.SZ,4700.0,23735.0,5.05
2023-03-23,600507.SH,2500.0,14025.0,5.61
2023-03-23,600612.SH,400.0,21316.0,53.29
2023-03-23,600649.SH,3700.0,14837.0,4.01
2023-03-23,600717.SH,3400.0,14620.0,4.3
2023-03-23,600967.SH,2100.0,20559.0,9.79
2023-03-23,601515.SH,3400.0,15062.0,4.43
2023-03-23,601801.SH,4600.0,28382.0,6.17
2023-03-24,002701.SZ,4700.0,23829.0,5.07
2023-03-24,600507.SH,2500.0,14050.0,5.62
2023-03-24,600612.SH,400.0,21284.0,53.21
2023-03-24,600649.SH,3700.0,14911.0,4.03
2023-03-24,600717.SH,3400.0,14348.0,4.22
2023-03-24,600967.SH,2100.0,20328.0,9.68
2023-03-24,601515.SH,3400.0,15028.0,4.42
2023-03-24,601801.SH,4600.0,28382.0,6.17
2023-03-27,002701.SZ,4700.0,24017.0,5.11
2023-03-27,600507.SH,2500.0,13925.0,5.57
2023-03-27,600612.SH,400.0,21252.0,53.13
2023-03-27,600649.SH,3700.0,14726.0,3.98
2023-03-27,600717.SH,3400.0,13872.0,4.08
2023-03-27,600967.SH,2100.0,20097.0,9.57
2023-03-27,601515.SH,3400.0,15096.0,4.44
2023-03-27,601801.SH,4600.0,28796.0,6.26
2023-03-28,002701.SZ,4700.0,24299.0,5.17
2023-03-28,600507.SH,2500.0,13950.0,5.58
2023-03-28,600612.SH,400.0,21436.0,53.59
2023-03-28,600649.SH,3700.0,14652.0,3.96
2023-03-28,600717.SH,3400.0,13838.0,4.07
2023-03-28,600967.SH,2100.0,19887.0,9.47
2023-03-28,601515.SH,3400.0,15062.0,4.43
2023-03-28,601801.SH,4600.0,29072.0,6.32
2023-03-29,002701.SZ,4700.0,24252.0,5.16
2023-03-29,600507.SH,2500.0,14000.0,5.6
2023-03-29,600612.SH,400.0,21360.0,53.4
2023-03-29,600649.SH,3700.0,14467.0,3.91
2023-03-29,600717.SH,3400.0,13736.0,4.04
2023-03-29,600967.SH,2100.0,19761.0,9.41
2023-03-29,601515.SH,3400.0,14960.0,4.4
2023-03-29,601801.SH,4600.0,29256.0,6.36
2023-03-30,002701.SZ,4700.0,24393.0,5.19
2023-03-30,600507.SH,2500.0,13925.0,5.57
2023-03-30,600612.SH,400.0,21200.0,53.0
2023-03-30,600649.SH,3700.0,14356.0,3.88
2023-03-30,600717.SH,3400.0,13770.0,4.05
2023-03-30,600967.SH,2100.0,19761.0,9.41
2023-03-30,601515.SH,3400.0,14892.0,4.38
2023-03-30,601801.SH,4600.0,28244.0,6.14
2023-03-31,002701.SZ,4700.0,24299.0,5.17
2023-03-31,600507.SH,2500.0,14000.0,5.6
2023-03-31,600612.SH,400.0,21588.0,53.97
2023-03-31,600649.SH,3700.0,14393.0,3.89
2023-03-31,600717.SH,3400.0,13804.0,4.06
2023-03-31,600967.SH,2100.0,20055.0,9.55
2023-03-31,601515.SH,3400.0,14926.0,4.39
2023-03-31,601801.SH,4600.0,29210.0,6.35
2023-04-03,600386.SH,4000.0,18600.0,4.65
2023-04-03,600403.SH,3700.0,19055.0,5.15
2023-04-03,600612.SH,500.0,26665.0,53.33
2023-04-03,600729.SH,600.0,16020.0,26.7
2023-04-03,601801.SH,2500.0,16125.0,6.45
2023-04-03,601900.SH,1900.0,19038.0,10.02
2023-04-03,603096.SH,500.0,11480.0,22.96
2023-04-03,603730.SH,600.0,11022.0,18.37
2023-04-04,600386.SH,4000.0,18440.0,4.61
2023-04-04,600403.SH,3700.0,19351.0,5.23
2023-04-04,600612.SH,500.0,27450.0,54.9
2023-04-04,600729.SH,600.0,16242.0,27.07
2023-04-04,601801.SH,2500.0,16175.0,6.47
2023-04-04,601900.SH,1900.0,18848.0,9.92
2023-04-04,603096.SH,500.0,11130.0,22.26
2023-04-04,603730.SH,600.0,10794.0,17.99
2023-04-06,600386.SH,4000.0,17800.0,4.45
2023-04-06,600403.SH,3700.0,19425.0,5.25
2023-04-06,600612.SH,500.0,27970.0,55.94
2023-04-06,600729.SH,600.0,16140.0,26.9
2023-04-06,601801.SH,2500.0,15800.0,6.32
2023-04-06,601900.SH,1900.0,18259.0,9.61
2023-04-06,603096.SH,500.0,10610.0,21.22
2023-04-06,603730.SH,600.0,10752.0,17.92
2023-04-07,600386.SH,4000.0,18000.0,4.5
2023-04-07,600403.SH,3700.0,19055.0,5.15
2023-04-07,600612.SH,500.0,30765.0,61.53
2023-04-07,600729.SH,600.0,16128.0,26.88
2023-04-07,601801.SH,2500.0,15700.0,6.28
2023-04-07,601900.SH,1900.0,18259.0,9.61
2023-04-07,603096.SH,500.0,10830.0,21.66
2023-04-07,603730.SH,600.0,10950.0,18.25
2023-04-10,600386.SH,4000.0,17560.0,4.39
2023-04-10,600403.SH,3700.0,18833.0,5.09
2023-04-10,600612.SH,500.0,29870.0,59.74
2023-04-10,600729.SH,600.0,14772.0,24.62
2023-04-10,601801.SH,2500.0,15475.0,6.19
2023-04-10,601900.SH,1900.0,18069.0,9.51
2023-04-10,603096.SH,500.0,10545.0,21.09
2023-04-10,603730.SH,600.0,10776.0,17.96
2023-04-11,600386.SH,4000.0,18280.0,4.57
2023-04-11,600403.SH,3700.0,18685.0,5.05
2023-04-11,600612.SH,500.0,30260.0,60.52
2023-04-11,600729.SH,600.0,14484.0,24.14
2023-04-11,601801.SH,2500.0,16700.0,6.68
2023-04-11,601900.SH,1900.0,18810.0,9.9
2023-04-11,603096.SH,500.0,11600.0,23.2
2023-04-11,603730.SH,600.0,10872.0,18.12
2023-04-12,600386.SH,4000.0,18720.0,4.68
2023-04-12,600403.SH,3700.0,18870.0,5.1
2023-04-12,600612.SH,500.0,30255.0,60.51
2023-04-12,600729.SH,600.0,14760.0,24.6
2023-04-12,601801.SH,2500.0,16825.0,6.73
2023-04-12,601900.SH,1900.0,19779.0,10.41
2023-04-12,603096.SH,500.0,12760.0,25.52
2023-04-12,603730.SH,600.0,10464.0,17.44
2023-04-13,600386.SH,4000.0,18440.0,4.61
2023-04-13,600403.SH,3700.0,18907.0,5.11
2023-04-13,600612.SH,500.0,30140.0,60.28
2023-04-13,600729.SH,600.0,15180.0,25.3
2023-04-13,601801.SH,2500.0,17100.0,6.84
2023-04-13,601900.SH,1900.0,21052.0,11.08
2023-04-13,603096.SH,500.0,13495.0,26.99
2023-04-13,603730.SH,600.0,10392.0,17.32
2023-04-14,600386.SH,4000.0,18400.0,4.6
2023-04-14,600403.SH,3700.0,18833.0,5.09
2023-04-14,600612.SH,500.0,30100.0,60.2
2023-04-14,600729.SH,600.0,15900.0,26.5
2023-04-14,601801.SH,2500.0,16650.0,6.66
2023-04-14,601900.SH,1900.0,20216.0,10.64
2023-04-14,603096.SH,500.0,12445.0,24.89
2023-04-14,603730.SH,600.0,10398.0,17.33
2023-04-17,600386.SH,4000.0,18240.0,4.56
2023-04-17,600403.SH,3700.0,18944.0,5.12
2023-04-17,600612.SH,500.0,29710.0,59.42
2023-04-17,600729.SH,600.0,16374.0,27.29
2023-04-17,601801.SH,2500.0,16150.0,6.46
2023-04-17,601900.SH,1900.0,19684.0,10.36
2023-04-17,603096.SH,500.0,12245.0,24.49
2023-04-17,603730.SH,600.0,10464.0,17.44
2023-04-18,600386.SH,4000.0,18400.0,4.6
2023-04-18,600403.SH,3700.0,19129.0,5.17
2023-04-18,600612.SH,500.0,30185.0,60.37
2023-04-18,600729.SH,600.0,16704.0,27.84
2023-04-18,601801.SH,2500.0,16325.0,6.53
2023-04-18,601900.SH,1900.0,20862.0,10.98
2023-04-18,603096.SH,500.0,12180.0,24.36
2023-04-18,603730.SH,600.0,10788.0,17.98
2023-04-19,600386.SH,4000.0,18400.0,4.6
2023-04-19,600403.SH,3700.0,19277.0,5.21
2023-04-19,600612.SH,500.0,30125.0,60.25
2023-04-19,600729.SH,600.0,16668.0,27.78
2023-04-19,601801.SH,2500.0,16850.0,6.74
2023-04-19,601900.SH,1900.0,22952.0,12.08
2023-04-19,603096.SH,500.0,12255.0,24.51
2023-04-19,603730.SH,600.0,10380.0,17.3
2023-04-20,600386.SH,4000.0,18480.0,4.62
2023-04-20,600403.SH,3700.0,19166.0,5.18
2023-04-20,600612.SH,500.0,30820.0,61.64
2023-04-20,600729.SH,600.0,16728.0,27.88
2023-04-20,601801.SH,2500.0,17175.0,6.87
2023-04-20,601900.SH,1900.0,25251.0,13.29
2023-04-20,603096.SH,500.0,12855.0,25.71
2023-04-20,603730.SH,600.0,10098.0,16.83
2023-04-21,600386.SH,4000.0,17440.0,4.36
2023-04-21,600403.SH,3700.0,19166.0,5.18
2023-04-21,600612.SH,500.0,29900.0,59.8
2023-04-21,600729.SH,600.0,16680.0,27.8
2023-04-21,601801.SH,2500.0,16725.0,6.69
2023-04-21,601900.SH,1900.0,26562.0,13.98
2023-04-21,603096.SH,500.0,11950.0,23.9
2023-04-21,603730.SH,600.0,9900.0,16.5
2023-04-24,600386.SH,4000.0,17960.0,4.49
2023-04-24,600403.SH,3700.0,19351.0,5.23
2023-04-24,600612.SH,500.0,29875.0,59.75
2023-04-24,600729.SH,600.0,16560.0,27.6
2023-04-24,601801.SH,2500.0,17200.0,6.88
2023-04-24,601900.SH,1900.0,29222.0,15.38
2023-04-24,603096.SH,500.0,12195.0,24.39
2023-04-24,603730.SH,600.0,10206.0,17.01
2023-04-25,600386.SH,4000.0,17640.0,4.41
2023-04-25,600403.SH,3700.0,19240.0,5.2
2023-04-25,600612.SH,500.0,30215.0,60.43
2023-04-25,600729.SH,600.0,16662.0,27.77
2023-04-25,601801.SH,2500.0,17375.0,6.95
2023-04-25,601900.SH,1900.0,32148.0,16.92
2023-04-25,603096.SH,500.0,11960.0,23.92
2023-04-25,603730.SH,600.0,9996.0,16.66
2023-04-26,600386.SH,4000.0,17880.0,4.47
2023-04-26,600403.SH,3700.0,19499.0,5.27
2023-04-26,600612.SH,500.0,30000.0,60.0
2023-04-26,600729.SH,600.0,16482.0,27.47
2023-04-26,601801.SH,2500.0,17650.0,7.06
2023-04-26,601900.SH,1900.0,35359.0,18.61
2023-04-26,603096.SH,500.0,11495.0,22.99
2023-04-26,603730.SH,600.0,10236.0,17.06
2023-04-27,600386.SH,4000.0,17880.0,4.47
2023-04-27,600403.SH,3700.0,17242.0,4.66
2023-04-27,600612.SH,500.0,30600.0,61.2
2023-04-27,600729.SH,600.0,17058.0,28.43
2023-04-27,601801.SH,2500.0,18000.0,7.2
2023-04-27,601900.SH,1900.0,31882.0,16.78
2023-04-27,603096.SH,500.0,11320.0,22.64
2023-04-27,603730.SH,600.0,10428.0,17.38
2023-04-28,600386.SH,4000.0,18160.0,4.54
2023-04-28,600403.SH,3700.0,17612.0,4.76
2023-04-28,600612.SH,500.0,33660.0,67.32
2023-04-28,600729.SH,600.0,17742.0,29.57
2023-04-28,601801.SH,2500.0,19800.0,7.92
2023-04-28,601900.SH,1900.0,35074.0,18.46
2023-04-28,603096.SH,500.0,11980.0,23.96
2023-04-28,603730.SH,600.0,10140.0,16.9
2023-05-04,600386.SH,4000.0,18800.0,4.7
2023-05-04,600403.SH,3700.0,17834.0,4.82
2023-05-04,600612.SH,500.0,36925.0,73.85
2023-05-04,600729.SH,600.0,18600.0,31.0
2023-05-04,601801.SH,2500.0,21775.0,8.71
2023-05-04,601900.SH,1900.0,38589.0,20.31
2023-05-04,603096.SH,500.0,12730.0,25.46
2023-05-04,603730.SH,600.0,10134.0,16.89
2023-05-05,600386.SH,4000.0,18160.0,4.54
2023-05-05,600403.SH,3700.0,17760.0,4.8
2023-05-05,600612.SH,500.0,34150.0,68.3
2023-05-05,600729.SH,600.0,18864.0,31.44
2023-05-05,601801.SH,2500.0,23950.0,9.58
2023-05-05,601900.SH,1900.0,42294.0,22.26
2023-05-05,603096.SH,500.0,12975.0,25.95
2023-05-05,603730.SH,600.0,9840.0,16.4
2023-05-08,600386.SH,4000.0,18480.0,4.62
2023-05-08,600403.SH,3700.0,18056.0,4.88
2023-05-08,600612.SH,500.0,34335.0,68.67
2023-05-08,600729.SH,600.0,18450.0,30.75
2023-05-08,601801.SH,2500.0,25500.0,10.2
2023-05-08,601900.SH,1900.0,42940.0,22.6
2023-05-08,603096.SH,500.0,12500.0,25.0
2023-05-08,603730.SH,600.0,9762.0,16.27
2023-05-09,600386.SH,4000.0,17920.0,4.48
2023-05-09,600403.SH,3700.0,18278.0,4.94
2023-05-09,600612.SH,500.0,32650.0,65.3
2023-05-09,600729.SH,600.0,18480.0,30.8
2023-05-09,601801.SH,2500.0,24575.0,9.83
2023-05-09,601900.SH,1900.0,39254.0,20.66
2023-05-09,603096.SH,500.0,12155.0,24.31
2023-05-09,603730.SH,600.0,9504.0,15.84
2023-05-10,600386.SH,4000.0,17840.0,4.46
2023-05-10,600403.SH,3700.0,18093.0,4.89
2023-05-10,600612.SH,500.0,33420.0,66.84
2023-05-10,600729.SH,600.0,18258.0,30.43
2023-05-10,601801.SH,2500.0,23100.0,9.24
2023-05-10,601900.SH,1900.0,38760.0,20.4
2023-05-10,603096.SH,500.0,12215.0,24.43
2023-05-10,603730.SH,600.0,10038.0,16.73
2023-05-11,600386.SH,4000.0,19640.0,4.91
2023-05-11,600403.SH,3700.0,17723.0,4.79
2023-05-11,600612.SH,500.0,33290.0,66.58
2023-05-11,600729.SH,600.0,18228.0,30.38
2023-05-11,601801.SH,2500.0,24475.0,9.79
2023-05-11,601900.SH,1900.0,37430.0,19.7
2023-05-11,603096.SH,500.0,12950.0,25.9
2023-05-11,603730.SH,600.0,10146.0,16.91
2023-05-12,600386.SH,4000.0,18800.0,4.7
2023-05-12,600403.SH,3700.0,17760.0,4.8
2023-05-12,600612.SH,500.0,33270.0,66.54
2023-05-12,600729.SH,600.0,18330.0,30.55
2023-05-12,601801.SH,2500.0,24850.0,9.94
2023-05-12,601900.SH,1900.0,38456.0,20.24
2023-05-12,603096.SH,500.0,12340.0,24.68
2023-05-12,603730.SH,600.0,10182.0,16.97
2023-05-15,600386.SH,4000.0,20680.0,5.17
2023-05-15,600403.SH,3700.0,18130.0,4.9
2023-05-15,600612.SH,500.0,33025.0,66.05
2023-05-15,600729.SH,600.0,18618.0,31.03
2023-05-15,601801.SH,2500.0,25075.0,10.03
2023-05-15,601900.SH,1900.0,36385.0,19.15
2023-05-15,603096.SH,500.0,12815.0,25.63
2023-05-15,603730.SH,600.0,10242.0,17.07
2023-05-16,600386.SH,4000.0,21400.0,5.35
2023-05-16,600403.SH,3700.0,17982.0,4.86
2023-05-16,600612.SH,500.0,32400.0,64.8
2023-05-16,600729.SH,600.0,18516.0,30.86
2023-05-16,601801.SH,2500.0,22575.0,9.03
2023-05-16,601900.SH,1900.0,33250.0,17.5
2023-05-16,603096.SH,500.0,11535.0,23.07
2023-05-16,603730.SH,600.0,10230.0,17.05
2023-05-17,600386.SH,4000.0,19280.0,4.82
2023-05-17,600403.SH,3700.0,17760.0,4.8
2023-05-17,600612.SH,500.0,32360.0,64.72
2023-05-17,600729.SH,600.0,18696.0,31.16
2023-05-17,601801.SH,2500.0,20325.0,8.13
2023-05-17,601900.SH,1900.0,34276.0,18.04
2023-05-17,603096.SH,500.0,11135.0,22.27
2023-05-17,603730.SH,600.0,10260.0,17.1
2023-05-18,600386.SH,4000.0,18200.0,4.55
2023-05-18,600403.SH,3700.0,17686.0,4.78
2023-05-18,600612.SH,500.0,32410.0,64.82
2023-05-18,600729.SH,600.0,18600.0,31.0
2023-05-18,601801.SH,2500.0,21350.0,8.54
2023-05-18,601900.SH,1900.0,37696.0,19.84
2023-05-18,603096.SH,500.0,11240.0,22.48
2023-05-18,603730.SH,600.0,10248.0,17.08
2023-05-19,600386.SH,4000.0,18080.0,4.52
2023-05-19,600403.SH,3700.0,17464.0,4.72
2023-05-19,600612.SH,500.0,32245.0,64.49
2023-05-19,600729.SH,600.0,18786.0,31.31
2023-05-19,601801.SH,2500.0,21625.0,8.65
2023-05-19,601900.SH,1900.0,35910.0,18.9
2023-05-19,603096.SH,500.0,10855.0,21.71
2023-05-19,603730.SH,600.0,10380.0,17.3
2023-05-22,600386.SH,4000.0,17520.0,4.38
2023-05-22,600403.SH,3700.0,17205.0,4.65
2023-05-22,600612.SH,500.0,32910.0,65.82
2023-05-22,600729.SH,600.0,18732.0,31.22
2023-05-22,601801.SH,2500.0,21700.0,8.68
2023-05-22,601900.SH,1900.0,35986.0,18.94
2023-05-22,603096.SH,500.0,10500.0,21.0
2023-05-22,603730.SH,600.0,10554.0,17.59
2023-05-23,600386.SH,4000.0,16880.0,4.22
2023-05-23,600403.SH,3700.0,16798.0,4.54
2023-05-23,600612.SH,500.0,32255.0,64.51
2023-05-23,600729.SH,600.0,18534.0,30.89
2023-05-23,601801.SH,2500.0,20575.0,8.23
2023-05-23,601900.SH,1900.0,33782.0,17.78
2023-05-23,603096.SH,500.0,10095.0,20.19
2023-05-23,603730.SH,600.0,10740.0,17.9
2023-05-24,600386.SH,4000.0,16680.0,4.17
2023-05-24,600403.SH,3700.0,16391.0,4.43
2023-05-24,600612.SH,500.0,32550.0,65.1
2023-05-24,600729.SH,600.0,18000.0,30.0
2023-05-24,601801.SH,2500.0,21700.0,8.68
2023-05-24,601900.SH,1900.0,36233.0,19.07
2023-05-24,603096.SH,500.0,10130.0,20.26
2023-05-24,603730.SH,600.0,10758.0,17.93
2023-05-25,600386.SH,4000.0,16400.0,4.1
2023-05-25,600403.SH,3700.0,15947.0,4.31
2023-05-25,600612.SH,500.0,31990.0,63.98
2023-05-25,600729.SH,600.0,17790.0,29.65
2023-05-25,601801.SH,2500.0,20825.0,8.33
2023-05-25,601900.SH,1900.0,34333.0,18.07
2023-05-25,603096.SH,500.0,9875.0,19.75
2023-05-25,603730.SH,600.0,10800.0,18.0
2023-05-26,600386.SH,4000.0,16400.0,4.1
2023-05-26,600403.SH,3700.0,15503.0,4.19
2023-05-26,600612.SH,500.0,31740.0,63.48
2023-05-26,600729.SH,600.0,18318.0,30.53
2023-05-26,601801.SH,2500.0,21950.0,8.78
2023-05-26,601900.SH,1900.0,37772.0,19.88
2023-05-26,603096.SH,500.0,10005.0,20.01
2023-05-26,603730.SH,600.0,11100.0,18.5
2023-05-29,600386.SH,4000.0,16320.0,4.08
2023-05-29,600403.SH,3700.0,15577.0,4.21
2023-05-29,600612.SH,500.0,31800.0,63.6
2023-05-29,600729.SH,600.0,18048.0,30.08
2023-05-29,601801.SH,2500.0,22150.0,8.86
2023-05-29,601900.SH,1900.0,39007.0,20.53
2023-05-29,603096.SH,500.0,10050.0,20.1
2023-05-29,603730.SH,600.0,11046.0,18.41
2023-05-30,600386.SH,4000.0,16480.0,4.12
2023-05-30,600403.SH,3700.0,15651.0,4.23
2023-05-30,600612.SH,500.0,31525.0,63.05
2023-05-30,600729.SH,600.0,17778.0,29.63
2023-05-30,601801.SH,2500.0,22650.0,9.06
2023-05-30,601900.SH,1900.0,42902.0,22.58
2023-05-30,603096.SH,500.0,10300.0,20.6
2023-05-30,603730.SH,600.0,11148.0,18.58
2023-05-31,600386.SH,4000.0,16480.0,4.12
2023-05-31,600403.SH,3700.0,15318.0,4.14
2023-05-31,600612.SH,500.0,31520.0,63.04
2023-05-31,600729.SH,600.0,17658.0,29.43
2023-05-31,601801.SH,2500.0,22175.0,8.87
2023-05-31,601900.SH,1900.0,47196.0,24.84
2023-05-31,603096.SH,500.0,10560.0,21.12
2023-05-31,603730.SH,600.0,11052.0,18.42
2023-06-01,600386.SH,4000.0,16880.0,4.22
2023-06-01,600403.SH,3700.0,15318.0,4.14
2023-06-01,600612.SH,500.0,31525.0,63.05
2023-06-01,600729.SH,600.0,17580.0,29.3
2023-06-01,601801.SH,2500.0,24075.0,9.63
2023-06-01,601900.SH,1900.0,51908.0,27.32
2023-06-01,603096.SH,500.0,11110.0,22.22
2023-06-01,603730.SH,600.0,10902.0,18.17
2023-06-02,600386.SH,4000.0,17000.0,4.25
2023-06-02,600403.SH,3700.0,15392.0,4.16
2023-06-02,600612.SH,500.0,31380.0,62.76
2023-06-02,600729.SH,600.0,17544.0,29.24
2023-06-02,601801.SH,2500.0,24100.0,9.64
2023-06-02,601900.SH,1900.0,48393.0,25.47
2023-06-02,603096.SH,500.0,11155.0,22.31
2023-06-02,603730.SH,810.0,10692.0,13.2
2023-06-05,600386.SH,4000.0,18040.0,4.51
2023-06-05,600403.SH,3700.0,15503.0,4.19
2023-06-05,600612.SH,500.0,31075.0,62.15
2023-06-05,600729.SH,600.0,18036.0,30.06
2023-06-05,601801.SH,2500.0,25750.0,10.3
2023-06-05,601900.SH,1900.0,49210.0,25.9
2023-06-05,603096.SH,500.0,11490.0,22.98
2023-06-05,603730.SH,810.0,10926.9,13.49
2023-06-06,600386.SH,4000.0,17480.0,4.37
2023-06-06,600403.SH,3700.0,15540.0,4.2
2023-06-06,600612.SH,500.0,31310.0,62.62
2023-06-06,600729.SH,600.0,18426.0,30.71
2023-06-06,601801.SH,2500.0,25925.0,10.37
2023-06-06,601900.SH,1900.0,45410.0,23.9
2023-06-06,603096.SH,500.0,11170.0,22.34
2023-06-06,603730.SH,810.0,10651.5,13.15
2023-06-07,600386.SH,4000.0,17840.0,4.46
2023-06-07,600403.SH,3700.0,15355.0,4.15
2023-06-07,600612.SH,500.0,31155.0,62.31
2023-06-07,600729.SH,600.0,18234.0,30.39
2023-06-07,601801.SH,2500.0,27600.0,11.04
2023-06-07,601900.SH,1900.0,49951.0,26.29
2023-06-07,603096.SH,500.0,11695.0,23.39
2023-06-07,603730.SH,810.0,10351.8,12.78
2023-06-08,600386.SH,4000.0,17640.0,4.41
2023-06-08,600403.SH,3700.0,15540.0,4.2
2023-06-08,600612.SH,500.0,30735.0,61.47
2023-06-08,600729.SH,600.0,18174.0,30.29
2023-06-08,601801.SH,2500.0,25350.0,10.14
2023-06-08,601900.SH,1900.0,46189.0,24.31
2023-06-08,603096.SH,500.0,11325.0,22.65
2023-06-08,603730.SH,810.0,10238.4,12.64
2023-06-09,600386.SH,4000.0,18000.0,4.5
2023-06-09,600403.SH,3700.0,15429.0,4.17
2023-06-09,600612.SH,500.0,31805.0,63.61
2023-06-09,600729.SH,600.0,18120.0,30.2
2023-06-09,601801.SH,2500.0,25475.0,10.19
2023-06-09,601900.SH,1900.0,47728.0,25.12
2023-06-09,603096.SH,500.0,11470.0,22.94
2023-06-09,603730.SH,810.0,10368.0,12.8
2023-06-12,600386.SH,4000.0,18320.0,4.58
2023-06-12,600403.SH,3700.0,15466.0,4.18
2023-06-12,600612.SH,500.0,32160.0,64.32
2023-06-12,600729.SH,600.0,18216.0,30.36
2023-06-12,601801.SH,2500.0,25250.0,10.1
2023-06-12,601900.SH,1900.0,48431.0,25.49
2023-06-12,603096.SH,500.0,11495.0,22.99
2023-06-12,603730.SH,810.0,11404.8,14.08
2023-06-13,600386.SH,4000.0,18240.0,4.56
2023-06-13,600403.SH,3700.0,15281.0,4.13
2023-06-13,600612.SH,500.0,31970.0,63.94
2023-06-13,600729.SH,600.0,18336.0,30.56
2023-06-13,601801.SH,2500.0,26800.0,10.72
2023-06-13,601900.SH,1900.0,49951.0,26.29
2023-06-13,603096.SH,500.0,11245.0,22.49
2023-06-13,603730.SH,810.0,12457.8,15.38
2023-06-14,600386.SH,4000.0,18280.0,4.57
2023-06-14,600403.SH,3700.0,15133.0,4.09
2023-06-14,600612.SH,500.0,32145.0,64.29
2023-06-14,600729.SH,600.0,19134.0,31.89
2023-06-14,601801.SH,2500.0,27500.0,11.0
2023-06-14,601900.SH,1900.0,48887.0,25.73
2023-06-14,603096.SH,500.0,11075.0,22.15
2023-06-14,603730.SH,810.0,12263.4,15.14
2023-06-15,600386.SH,4000.0,17880.0,4.47
2023-06-15,600403.SH,3700.0,15170.0,4.1
2023-06-15,600612.SH,500.0,31950.0,63.9
2023-06-15,600729.SH,600.0,18594.0,30.99
2023-06-15,601801.SH,2500.0,26725.0,10.69
2023-06-15,601900.SH,1900.0,46569.0,24.51
2023-06-15,603096.SH,500.0,11095.0,22.19
2023-06-15,603730.SH,810.0,12158.1,15.01
2023-06-16,600386.SH,4000.0,17800.0,4.45
2023-06-16,600403.SH,3700.0,15281.0,4.13
2023-06-16,600612.SH,500.0,31750.0,63.5
2023-06-16,600729.SH,600.0,18006.0,30.01
2023-06-16,601801.SH,2500.0,26550.0,10.62
2023-06-16,601900.SH,1900.0,47025.0,24.75
2023-06-16,603096.SH,500.0,11145.0,22.29
2023-06-16,603730.SH,810.0,12482.1,15.41
2023-06-19,600386.SH,4000.0,17520.0,4.38
2023-06-19,600403.SH,3700.0,15133.0,4.09
2023-06-19,600612.SH,500.0,31690.0,63.38
2023-06-19,600729.SH,600.0,17832.0,29.72
2023-06-19,601801.SH,2500.0,25750.0,10.3
2023-06-19,601900.SH,1900.0,46683.0,24.57
2023-06-19,603096.SH,500.0,11120.0,22.24
2023-06-19,603730.SH,810.0,12255.3,15.13
2023-06-20,600386.SH,4000.0,17360.0,4.34
2023-06-20,600403.SH,3700.0,14874.0,4.02
2023-06-20,600612.SH,500.0,32175.0,64.35
2023-06-20,600729.SH,600.0,17592.0,29.32
2023-06-20,601801.SH,2500.0,26100.0,10.44
2023-06-20,601900.SH,1900.0,48089.0,25.31
2023-06-20,603096.SH,500.0,10980.0,21.96
2023-06-20,603730.SH,810.0,12943.8,15.98
2023-06-21,600386.SH,4000.0,16720.0,4.18
2023-06-21,600403.SH,3700.0,14652.0,3.96
2023-06-21,600612.SH,500.0,31760.0,63.52
2023-06-21,600729.SH,600.0,17442.0,29.07
2023-06-21,601801.SH,2500.0,25025.0,10.01
2023-06-21,601900.SH,1900.0,43282.0,22.78
2023-06-21,603096.SH,500.0,10370.0,20.74
2023-06-21,603730.SH,810.0,12781.8,15.78
2023-06-26,600386.SH,4000.0,15920.0,3.98
2023-06-26,600403.SH,3700.0,14504.0,3.92
2023-06-26,600612.SH,500.0,32075.0,64.15
2023-06-26,600729.SH,600.0,17394.0,28.99
2023-06-26,601801.SH,2500.0,22700.0,9.08
2023-06-26,601900.SH,1900.0,39729.0,20.91
2023-06-26,603096.SH,500.0,10005.0,20.01
2023-06-26,603730.SH,810.0,13300.2,16.42
2023-06-27,600386.SH,4000.0,16160.0,4.04
2023-06-27,600403.SH,3700.0,14800.0,4.0
2023-06-27,600612.SH,500.0,33575.0,67.15
2023-06-27,600729.SH,600.0,17454.0,29.09
2023-06-27,601801.SH,2500.0,22625.0,9.05
2023-06-27,601900.SH,1900.0,40413.0,21.27
2023-06-27,603096.SH,500.0,10140.0,20.28
2023-06-27,603730.SH,810.0,13146.3,16.23
2023-06-28,600386.SH,4000.0,16000.0,4.0
2023-06-28,600403.SH,3700.0,15466.0,4.18
2023-06-28,600612.SH,500.0,34375.0,68.75
2023-06-28,600729.SH,600.0,17010.0,28.35
2023-06-28,601801.SH,2500.0,23275.0,9.31
2023-06-28,601900.SH,1900.0,38760.0,20.4
2023-06-28,603096.SH,500.0,9930.0,19.86
2023-06-28,603730.SH,810.0,12854.7,15.87
2023-06-29,600386.SH,4000.0,16120.0,4.03
2023-06-29,600403.SH,3700.0,15133.0,4.09
2023-06-29,600612.SH,500.0,34940.0,69.88
2023-06-29,600729.SH,600.0,17154.0,28.59
2023-06-29,601801.SH,2500.0,23575.0,9.43
2023-06-29,601900.SH,1900.0,39254.0,20.66
2023-06-29,603096.SH,500.0,10150.0,20.3
2023-06-29,603730.SH,810.0,12700.8,15.68
2023-06-30,600386.SH,4000.0,16360.0,4.09
2023-06-30,600403.SH,3700.0,15207.0,4.11
2023-06-30,600612.SH,500.0,34940.0,69.88
2023-06-30,600729.SH,600.0,18864.0,31.44
2023-06-30,601801.SH,2500.0,23475.0,9.39
2023-06-30,601900.SH,1900.0,38969.0,20.51
2023-06-30,603096.SH,500.0,10180.0,20.36
2023-06-30,603730.SH,810.0,12798.0,15.8
2023-07-03,000559.SZ,3600.0,19692.0,5.47
2023-07-03,000930.SZ,2300.0,17158.0,7.46
2023-07-03,002216.SZ,1300.0,20631.0,15.87
2023-07-03,002318.SZ,1200.0,20460.0,17.05
2023-07-03,002911.SZ,1800.0,23328.0,12.96
2023-07-03,002936.SZ,10200.0,21522.0,2.11
2023-07-03,600282.SH,7300.0,24747.0,3.39
2023-07-03,600782.SH,5700.0,21489.0,3.77
2023-07-04,000559.SZ,3600.0,20088.0,5.58
2023-07-04,000930.SZ,2300.0,17204.0,7.48
2023-07-04,002216.SZ,1300.0,20696.0,15.92
2023-07-04,002318.SZ,1200.0,20688.0,17.24
2023-07-04,002911.SZ,1800.0,22896.0,12.72
2023-07-04,002936.SZ,10200.0,21420.0,2.1
2023-07-04,600282.SH,7300.0,24820.0,3.4
2023-07-04,600782.SH,5700.0,21489.0,3.77
2023-07-05,000559.SZ,3600.0,19980.0,5.55
2023-07-05,000930.SZ,2300.0,17089.0,7.43
2023-07-05,002216.SZ,1300.0,20488.0,15.76
2023-07-05,002318.SZ,1200.0,21264.0,17.72
2023-07-05,002911.SZ,1800.0,23040.0,12.8
2023-07-05,002936.SZ,10200.0,21420.0,2.1
2023-07-05,600282.SH,7300.0,24747.0,3.39
2023-07-05,600782.SH,5700.0,21660.0,3.8
2023-07-06,000559.SZ,3600.0,20016.0,5.56
2023-07-06,000930.SZ,2300.0,17135.0,7.45
2023-07-06,002216.SZ,1300.0,20254.0,15.58
2023-07-06,002318.SZ,1200.0,20808.0,17.34
2023-07-06,002911.SZ,1800.0,22986.0,12.77
2023-07-06,002936.SZ,10200.0,21216.0,2.08
2023-07-06,600282.SH,7300.0,24601.0,3.37
2023-07-06,600782.SH,5700.0,21432.0,3.76
2023-07-07,000559.SZ,3600.0,19980.0,5.55
2023-07-07,000930.SZ,2300.0,17181.0,7.47
2023-07-07,002216.SZ,1300.0,20423.0,15.71
2023-07-07,002318.SZ,1200.0,20796.0,17.33
2023-07-07,002911.SZ,1800.0,23382.0,12.99
2023-07-07,002936.SZ,10200.0,21522.0,2.11
2023-07-07,600282.SH,7300.0,24747.0,3.39
2023-07-07,600782.SH,5700.0,21489.0,3.77
2023-07-10,000559.SZ,3600.0,19872.0,5.52
2023-07-10,000930.SZ,2300.0,17158.0,7.46
2023-07-10,002216.SZ,1300.0,20527.0,15.79
2023-07-10,002318.SZ,1200.0,21300.0,17.75
2023-07-10,002911.SZ,1800.0,23526.0,13.07
2023-07-10,002936.SZ,10200.0,21420.0,2.1
2023-07-10,600282.SH,7300.0,25039.0,3.43
2023-07-10,600782.SH,5700.0,21546.0,3.78
2023-07-11,000559.SZ,3600.0,20304.0,5.64
2023-07-11,000930.SZ,2300.0,17181.0,7.47
2023-07-11,002216.SZ,1300.0,20579.0,15.83
2023-07-11,002318.SZ,1200.0,21300.0,17.75
2023-07-11,002911.SZ,1800.0,23544.0,13.08
2023-07-11,002936.SZ,10200.0,21522.0,2.11
2023-07-11,600282.SH,7300.0,25477.0,3.49
2023-07-11,600782.SH,5700.0,21660.0,3.8
2023-07-12,000559.SZ,3600.0,20304.0,5.64
2023-07-12,000930.SZ,2300.0,17158.0,7.46
2023-07-12,002216.SZ,1300.0,20514.0,15.78
2023-07-12,002318.SZ,1200.0,20928.0,17.44
2023-07-12,002911.SZ,1800.0,23850.0,13.25
2023-07-12,002936.SZ,10200.0,21318.0,2.09
2023-07-12,600282.SH,7300.0,25331.0,3.47
2023-07-12,600782.SH,5700.0,21546.0,3.78
2023-07-13,000559.SZ,3600.0,20196.0,5.61
2023-07-13,000930.SZ,2300.0,17204.0,7.48
2023-07-13,002216.SZ,1300.0,20722.0,15.94
2023-07-13,002318.SZ,1200.0,20604.0,17.17
2023-07-13,002911.SZ,1800.0,23994.0,13.33
2023-07-13,002936.SZ,10200.0,21624.0,2.12
2023-07-13,600282.SH,7300.0,25404.0,3.48
2023-07-13,600782.SH,5700.0,21888.0,3.84
2023-07-14,000559.SZ,3600.0,20124.0,5.59
2023-07-14,000930.SZ,2300.0,17181.0,7.47
2023-07-14,002216.SZ,1300.0,20696.0,15.92
2023-07-14,002318.SZ,1200.0,20580.0,17.15
2023-07-14,002911.SZ,1800.0,23994.0,13.33
2023-07-14,002936.SZ,10200.0,21624.0,2.12
2023-07-14,600282.SH,7300.0,25258.0,3.46
2023-07-14,600782.SH,5700.0,21831.0,3.83
2023-07-17,000559.SZ,3600.0,19980.0,5.55
2023-07-17,000930.SZ,2300.0,16514.0,7.18
2023-07-17,002216.SZ,1300.0,20735.0,15.95
2023-07-17,002318.SZ,1200.0,20580.0,17.15
2023-07-17,002911.SZ,1800.0,23634.0,13.13
2023-07-17,002936.SZ,10200.0,21420.0,2.1
2023-07-17,600282.SH,7300.0,25112.0,3.44
2023-07-17,600782.SH,5700.0,21774.0,3.82
2023-07-18,000559.SZ,3600.0,20268.0,5.63
2023-07-18,000930.SZ,2300.0,17066.0,7.42
2023-07-18,002216.SZ,1300.0,20657.0,15.89
2023-07-18,002318.SZ,1200.0,20424.0,17.02
2023-07-18,002911.SZ,1800.0,23832.0,13.24
2023-07-18,002936.SZ,10200.0,21522.0,2.11
2023-07-18,600282.SH,7300.0,25039.0,3.43
2023-07-18,600782.SH,5700.0,21888.0,3.84
2023-07-19,000559.SZ,3600.0,20160.0,5.6
2023-07-19,000930.SZ,2300.0,17204.0,7.48
2023-07-19,002216.SZ,1300.0,20670.0,15.9
2023-07-19,002318.SZ,1200.0,20664.0,17.22
2023-07-19,002911.SZ,1800.0,23760.0,13.2
2023-07-19,002936.SZ,10200.0,21624.0,2.12
2023-07-19,600282.SH,7300.0,24966.0,3.42
2023-07-19,600782.SH,5700.0,22002.0,3.86
2023-07-20,000559.SZ,3600.0,19836.0,5.51
2023-07-20,000930.SZ,2300.0,16974.0,7.38
2023-07-20,002216.SZ,1300.0,20696.0,15.92
2023-07-20,002318.SZ,1200.0,20496.0,17.08
2023-07-20,002911.SZ,1800.0,23508.0,13.06
2023-07-20,002936.SZ,10200.0,21522.0,2.11
2023-07-20,600282.SH,7300.0,25112.0,3.44
2023-07-20,600782.SH,5700.0,22002.0,3.86
2023-07-21,000559.SZ,3600.0,19584.0,5.44
2023-07-21,000930.SZ,2300.0,17181.0,7.47
2023-07-21,002216.SZ,1300.0,20878.0,16.06
2023-07-21,002318.SZ,1200.0,20808.0,17.34
2023-07-21,002911.SZ,1800.0,23238.0,12.91
2023-07-21,002936.SZ,10200.0,21726.0,2.13
2023-07-21,600282.SH,7300.0,24966.0,3.42
2023-07-21,600782.SH,5700.0,22059.0,3.87
2023-07-24,000559.SZ,3600.0,19656.0,5.46
2023-07-24,000930.SZ,2300.0,17135.0,7.45
2023-07-24,002216.SZ,1300.0,20709.0,15.93
2023-07-24,002318.SZ,1200.0,20652.0,17.21
2023-07-24,002911.SZ,1800.0,23490.0,13.05
2023-07-24,002936.SZ,10200.0,21624.0,2.12
2023-07-24,600282.SH,7300.0,25112.0,3.44
2023-07-24,600782.SH,5700.0,22116.0,3.88
2023-07-25,000559.SZ,3600.0,19980.0,5.55
2023-07-25,000930.SZ,2300.0,17296.0,7.52
2023-07-25,002216.SZ,1300.0,20943.0,16.11
2023-07-25,002318.SZ,1200.0,20976.0,17.48
2023-07-25,002911.SZ,1800.0,23526.0,13.07
2023-07-25,002936.SZ,10200.0,22236.0,2.18
2023-07-25,600282.SH,7300.0,25550.0,3.5
2023-07-25,600782.SH,5700.0,22914.0,4.02
2023-07-26,000559.SZ,3600.0,19548.0,5.43
2023-07-26,000930.SZ,2300.0,17250.0,7.5
2023-07-26,002216.SZ,1300.0,21099.0,16.23
2023-07-26,002318.SZ,1200.0,20892.0,17.41
2023-07-26,002911.SZ,1800.0,23184.0,12.88
2023-07-26,002936.SZ,10200.0,22236.0,2.18
2023-07-26,600282.SH,7300.0,25769.0,3.53
2023-07-26,600782.SH,5700.0,23313.0,4.09
2023-07-27,000559.SZ,3600.0,19800.0,5.5
2023-07-27,000930.SZ,2300.0,17181.0,7.47
2023-07-27,002216.SZ,1300.0,20748.0,15.96
2023-07-27,002318.SZ,1200.0,21012.0,17.51
2023-07-27,002911.SZ,1800.0,23094.0,12.83
2023-07-27,002936.SZ,10200.0,22746.0,2.23
2023-07-27,600282.SH,7300.0,25988.0,3.56
2023-07-27,600782.SH,5700.0,24453.0,4.29
2023-07-28,000559.SZ,3600.0,20052.0,5.57
2023-07-28,000930.SZ,2300.0,17296.0,7.52
2023-07-28,002216.SZ,1300.0,21021.0,16.17
2023-07-28,002318.SZ,1200.0,21156.0,17.63
2023-07-28,002911.SZ,1800.0,23346.0,12.97
2023-07-28,002936.SZ,10200.0,23766.0,2.33
2023-07-28,600282.SH,7300.0,26791.0,3.67
2023-07-28,600782.SH,5700.0,25422.0,4.46
2023-07-31,000559.SZ,3600.0,20088.0,5.58
2023-07-31,000930.SZ,2300.0,17526.0,7.62
2023-07-31,002216.SZ,1300.0,21424.0,16.48
2023-07-31,002318.SZ,1200.0,21276.0,17.73
2023-07-31,002911.SZ,1800.0,23760.0,13.2
2023-07-31,002936.SZ,10200.0,23970.0,2.35
2023-07-31,600282.SH,7300.0,26718.0,3.66
2023-07-31,600782.SH,5700.0,25194.0,4.42
2023-08-01,000559.SZ,3600.0,20160.0,5.6
2023-08-01,000930.SZ,2300.0,17549.0,7.63
2023-08-01,002216.SZ,1300.0,21229.0,16.33
2023-08-01,002318.SZ,1200.0,21192.0,17.66
2023-08-01,002911.SZ,1800.0,23976.0,13.32
2023-08-01,002936.SZ,10200.0,23868.0,2.34
2023-08-01,600282.SH,7300.0,27010.0,3.7
2023-08-01,600782.SH,5700.0,25479.0,4.47
2023-08-02,000559.SZ,3600.0,20268.0,5.63
2023-08-02,000930.SZ,2300.0,17480.0,7.6
2023-08-02,002216.SZ,1300.0,21281.0,16.37
2023-08-02,002318.SZ,1200.0,21276.0,17.73
2023-08-02,002911.SZ,1800.0,24012.0,13.34
2023-08-02,002936.SZ,10200.0,23868.0,2.34
2023-08-02,600282.SH,7300.0,26791.0,3.67
2023-08-02,600782.SH,5700.0,25479.0,4.47
2023-08-03,000559.SZ,3600.0,20124.0,5.59
2023-08-03,000930.SZ,2300.0,17526.0,7.62
2023-08-03,002216.SZ,1300.0,21671.0,16.67
2023-08-03,002318.SZ,1200.0,21012.0,17.51
2023-08-03,002911.SZ,1800.0,23832.0,13.24
2023-08-03,002936.SZ,10200.0,24174.0,2.37
2023-08-03,600282.SH,7300.0,26864.0,3.68
2023-08-03,600782.SH,5700.0,25479.0,4.47
2023-08-04,000559.SZ,3600.0,19944.0,5.54
2023-08-04,000930.SZ,2300.0,17572.0,7.64
2023-08-04,002216.SZ,1300.0,21554.0,16.58
2023-08-04,002318.SZ,1200.0,20940.0,17.45
2023-08-04,002911.SZ,1800.0,23688.0,13.16
2023-08-04,002936.SZ,10200.0,24276.0,2.38
2023-08-04,600282.SH,7300.0,26718.0,3.66
2023-08-04,600782.SH,5700.0,25365.0,4.45
2023-08-07,000559.SZ,3600.0,19836.0,5.51
2023-08-07,000930.SZ,2300.0,17664.0,7.68
2023-08-07,002216.SZ,1300.0,21515.0,16.55
2023-08-07,002318.SZ,1200.0,20820.0,17.35
2023-08-07,002911.SZ,1800.0,23778.0,13.21
2023-08-07,002936.SZ,10200.0,23970.0,2.35
2023-08-07,600282.SH,7300.0,26572.0,3.64
2023-08-07,600782.SH,5700.0,24795.0,4.35
2023-08-08,000559.SZ,3600.0,19764.0,5.49
2023-08-08,000930.SZ,2300.0,17549.0,7.63
2023-08-08,002216.SZ,1300.0,21658.0,16.66
2023-08-08,002318.SZ,1200.0,20868.0,17.39
2023-08-08,002911.SZ,1800.0,23976.0,13.32
2023-08-08,002936.SZ,10200.0,23868.0,2.34
2023-08-08,600282.SH,7300.0,26426.0,3.62
2023-08-08,600782.SH,5700.0,24624.0,4.32
2023-08-09,000559.SZ,3600.0,19656.0,5.46
2023-08-09,000930.SZ,2300.0,17388.0,7.56
2023-08-09,002216.SZ,1300.0,21489.0,16.53
2023-08-09,002318.SZ,1200.0,20772.0,17.31
2023-08-09,002911.SZ,1800.0,23094.0,12.83
2023-08-09,002936.SZ,10200.0,23664.0,2.32
2023-08-09,600282.SH,7300.0,26353.0,3.61
2023-08-09,600782.SH,5700.0,24567.0,4.31
2023-08-10,000559.SZ,3600.0,19548.0,5.43
2023-08-10,000930.SZ,2300.0,17411.0,7.57
2023-08-10,002216.SZ,1300.0,21268.0,16.36
2023-08-10,002318.SZ,1200.0,20964.0,17.47
2023-08-10,002911.SZ,1800.0,24030.0,13.35
2023-08-10,002936.SZ,10200.0,23664.0,2.32
2023-08-10,600282.SH,7300.0,26280.0,3.6
2023-08-10,600782.SH,5700.0,24453.0,4.29
2023-08-11,000559.SZ,3600.0,19044.0,5.29
2023-08-11,000930.SZ,2300.0,16997.0,7.39
2023-08-11,002216.SZ,1300.0,20943.0,16.11
2023-08-11,002318.SZ,1200.0,20544.0,17.12
2023-08-11,002911.SZ,1800.0,22824.0,12.68
2023-08-11,002936.SZ,10200.0,23154.0,2.27
2023-08-11,600282.SH,7300.0,26061.0,3.57
2023-08-11,600782.SH,5700.0,23997.0,4.21
2023-08-14,000559.SZ,3600.0,19080.0,5.3
2023-08-14,000930.SZ,2300.0,16767.0,7.29
2023-08-14,002216.SZ,1300.0,20982.0,16.14
2023-08-14,002318.SZ,1200.0,20688.0,17.24
2023-08-14,002911.SZ,1800.0,22446.0,12.47
2023-08-14,002936.SZ,10200.0,22848.0,2.24
2023-08-14,600282.SH,7300.0,26134.0,3.58
2023-08-14,600782.SH,5700.0,24282.0,4.26
2023-08-15,000559.SZ,3600.0,19080.0,5.3
2023-08-15,000930.SZ,2300.0,16675.0,7.25
2023-08-15,002216.SZ,1300.0,20930.0,16.1
2023-08-15,002318.SZ,1200.0,20676.0,17.23
2023-08-15,002911.SZ,1800.0,22086.0,12.27
2023-08-15,002936.SZ,10200.0,22848.0,2.24
2023-08-15,600282.SH,7300.0,26280.0,3.6
2023-08-15,600782.SH,5700.0,24225.0,4.25
2023-08-16,000559.SZ,3600.0,18756.0,5.21
2023-08-16,000930.SZ,2300.0,16606.0,7.22
2023-08-16,002216.SZ,1300.0,20865.0,16.05
2023-08-16,002318.SZ,1200.0,20424.0,17.02
2023-08-16,002911.SZ,1800.0,22140.0,12.3
2023-08-16,002936.SZ,10200.0,22950.0,2.25
2023-08-16,600282.SH,7300.0,26426.0,3.62
2023-08-16,600782.SH,5700.0,24453.0,4.29
2023-08-17,000559.SZ,3600.0,19188.0,5.33
2023-08-17,000930.SZ,2300.0,16652.0,7.24
2023-08-17,002216.SZ,1300.0,20982.0,16.14
2023-08-17,002318.SZ,1200.0,20880.0,17.4
2023-08-17,002911.SZ,1800.0,22158.0,12.31
2023-08-17,002936.SZ,10200.0,22848.0,2.24
2023-08-17,600282.SH,7300.0,26426.0,3.62
2023-08-17,600782.SH,5700.0,24510.0,4.3
2023-08-18,000559.SZ,3600.0,18936.0,5.26
2023-08-18,000930.SZ,2300.0,16399.0,7.13
2023-08-18,002216.SZ,1300.0,20618.0,15.86
2023-08-18,002318.SZ,1200.0,20760.0,17.3
2023-08-18,002911.SZ,1800.0,21906.0,12.17
2023-08-18,002936.SZ,10200.0,23052.0,2.26
2023-08-18,600282.SH,7300.0,26499.0,3.63
2023-08-18,600782.SH,5700.0,24510.0,4.3
2023-08-21,000559.SZ,3600.0,18792.0,5.22
2023-08-21,000930.SZ,2300.0,16261.0,7.07
2023-08-21,002216.SZ,1300.0,20306.0,15.62
2023-08-21,002318.SZ,1200.0,20496.0,17.08
2023-08-21,002911.SZ,1800.0,21978.0,12.21
2023-08-21,002936.SZ,10200.0,22644.0,2.22
2023-08-21,600282.SH,7300.0,26499.0,3.63
2023-08-21,600782.SH,5700.0,24111.0,4.23
2023-08-22,000559.SZ,3600.0,18864.0,5.24
2023-08-22,000930.SZ,2300.0,16238.0,7.06
2023-08-22,002216.SZ,1300.0,18954.0,14.58
2023-08-22,002318.SZ,1200.0,20508.0,17.09
2023-08-22,002911.SZ,1800.0,21798.0,12.11
2023-08-22,002936.SZ,10200.0,22848.0,2.24
2023-08-22,600282.SH,7300.0,26426.0,3.62
2023-08-22,600782.SH,5700.0,24339.0,4.27
2023-08-23,000559.SZ,3600.0,18792.0,5.22
2023-08-23,000930.SZ,2300.0,16146.0,7.02
2023-08-23,002216.SZ,1300.0,18850.0,14.5
2023-08-23,002318.SZ,1200.0,20208.0,16.84
2023-08-23,002911.SZ,1800.0,21600.0,12.0
2023-08-23,002936.SZ,10200.0,22644.0,2.22
2023-08-23,600282.SH,7300.0,26499.0,3.63
2023-08-23,600782.SH,5700.0,24111.0,4.23
2023-08-24,000559.SZ,3600.0,18396.0,5.11
2023-08-24,000930.SZ,2300.0,16215.0,7.05
2023-08-24,002216.SZ,1300.0,19383.0,14.91
2023-08-24,002318.SZ,1200.0,20112.0,16.76
2023-08-24,002911.SZ,1800.0,21654.0,12.03
2023-08-24,002936.SZ,10200.0,22440.0,2.2
2023-08-24,600282.SH,7300.0,26280.0,3.6
2023-08-24,600782.SH,5700.0,23769.0,4.17
2023-08-25,000559.SZ,3600.0,18108.0,5.03
2023-08-25,000930.SZ,2300.0,16238.0,7.06
2023-08-25,002216.SZ,1300.0,19110.0,14.7
2023-08-25,002318.SZ,1200.0,19932.0,16.61
2023-08-25,002911.SZ,1800.0,21852.0,12.14
2023-08-25,002936.SZ,10200.0,22644.0,2.22
2023-08-25,600282.SH,7300.0,26645.0,3.65
2023-08-25,600782.SH,5700.0,23997.0,4.21
2023-08-28,000559.SZ,3600.0,18576.0,5.16
2023-08-28,000930.SZ,2300.0,16192.0,7.04
2023-08-28,002216.SZ,1300.0,19240.0,14.8
2023-08-28,002318.SZ,1200.0,20040.0,16.7
2023-08-28,002911.SZ,1800.0,21960.0,12.2
2023-08-28,002936.SZ,10200.0,23154.0,2.27
2023-08-28,600282.SH,7300.0,26499.0,3.63
2023-08-28,600782.SH,5700.0,24225.0,4.25
2023-08-29,000559.SZ,3600.0,19080.0,5.3
2023-08-29,000930.SZ,2300.0,16284.0,7.08
2023-08-29,002216.SZ,1300.0,19305.0,14.85
2023-08-29,002318.SZ,1200.0,21108.0,17.59
2023-08-29,002911.SZ,1800.0,22248.0,12.36
2023-08-29,002936.SZ,10200.0,22644.0,2.22
2023-08-29,600282.SH,7300.0,26572.0,3.64
2023-08-29,600782.SH,5700.0,23826.0,4.18
2023-08-30,000559.SZ,3600.0,19224.0,5.34
2023-08-30,000930.SZ,2300.0,16146.0,7.02
2023-08-30,002216.SZ,1300.0,19292.0,14.84
2023-08-30,002318.SZ,1200.0,21384.0,17.82
2023-08-30,002911.SZ,1800.0,22176.0,12.32
2023-08-30,002936.SZ,10200.0,21930.0,2.15
2023-08-30,600282.SH,7300.0,26572.0,3.64
2023-08-30,600782.SH,5700.0,23484.0,4.12
2023-08-31,000559.SZ,3600.0,19008.0,5.28
2023-08-31,000930.SZ,2300.0,15847.0,6.89
2023-08-31,002216.SZ,1300.0,19123.0,14.71
2023-08-31,002318.SZ,1200.0,21300.0,17.75
2023-08-31,002911.SZ,1800.0,22158.0,12.31
2023-08-31,002936.SZ,10200.0,21828.0,2.14
2023-08-31,600282.SH,7300.0,26718.0,3.66
2023-08-31,600782.SH,5700.0,23427.0,4.11
2023-09-01,000559.SZ,3600.0,19080.0,5.3
2023-09-01,000930.SZ,2300.0,15985.0,6.95
2023-09-01,002216.SZ,1300.0,19422.0,14.94
2023-09-01,002318.SZ,1200.0,21696.0,18.08
2023-09-01,002911.SZ,1800.0,22302.0,12.39
2023-09-01,002936.SZ,10200.0,21930.0,2.15
2023-09-01,600282.SH,7300.0,27156.0,3.72
2023-09-01,600782.SH,5700.0,24168.0,4.24
2023-09-04,000559.SZ,3600.0,19188.0,5.33
2023-09-04,000930.SZ,2300.0,16261.0,7.07
2023-09-04,002216.SZ,1300.0,19630.0,15.1
2023-09-04,002318.SZ,1200.0,21456.0,17.88
2023-09-04,002911.SZ,1800.0,22482.0,12.49
2023-09-04,002936.SZ,10200.0,22338.0,2.19
2023-09-04,600282.SH,7300.0,27302.0,3.74
2023-09-04,600782.SH,5700.0,24795.0,4.35
2023-09-05,000559.SZ,3600.0,19008.0,5.28
2023-09-05,000930.SZ,2300.0,16215.0,7.05
2023-09-05,002216.SZ,1300.0,19617.0,15.09
2023-09-05,002318.SZ,1200.0,21276.0,17.73
2023-09-05,002911.SZ,1800.0,22500.0,12.5
2023-09-05,002936.SZ,10200.0,21828.0,2.14
2023-09-05,600282.SH,7300.0,27229.0,3.73
2023-09-05,600782.SH,5700.0,24738.0,4.34
2023-09-06,000559.SZ,3600.0,19044.0,5.29
2023-09-06,000930.SZ,2300.0,16261.0,7.07
2023-09-06,002216.SZ,1300.0,19617.0,15.09
2023-09-06,002318.SZ,1200.0,21168.0,17.64
2023-09-06,002911.SZ,1800.0,22392.0,12.44
2023-09-06,002936.SZ,10200.0,21930.0,2.15
2023-09-06,600282.SH,7300.0,27010.0,3.7
2023-09-06,600782.SH,5700.0,24339.0,4.27
2023-09-07,000559.SZ,3600.0,18648.0,5.18
2023-09-07,000930.SZ,2300.0,16146.0,7.02
2023-09-07,002216.SZ,1300.0,19331.0,14.87
2023-09-07,002318.SZ,1200.0,20748.0,17.29
2023-09-07,002911.SZ,1800.0,22104.0,12.28
2023-09-07,002936.SZ,10200.0,21726.0,2.13
2023-09-07,600282.SH,7300.0,27156.0,3.72
2023-09-07,600782.SH,5700.0,23826.0,4.18
2023-09-08,000559.SZ,3600.0,18756.0,5.21
2023-09-08,000930.SZ,2300.0,16330.0,7.1
2023-09-08,002216.SZ,1300.0,19305.0,14.85
2023-09-08,002318.SZ,1200.0,20832.0,17.36
2023-09-08,002911.SZ,1800.0,22194.0,12.33
2023-09-08,002936.SZ,10200.0,21726.0,2.13
2023-09-08,600282.SH,7300.0,26791.0,3.67
2023-09-08,600782.SH,5700.0,23484.0,4.12
2023-09-11,000559.SZ,3600.0,19260.0,5.35
2023-09-11,000930.SZ,2300.0,16353.0,7.11
2023-09-11,002216.SZ,1300.0,19513.0,15.01
2023-09-11,002318.SZ,1200.0,20988.0,17.49
2023-09-11,002911.SZ,1800.0,22266.0,12.37
2023-09-11,002936.SZ,10200.0,21828.0,2.14
2023-09-11,600282.SH,7300.0,26937.0,3.69
2023-09-11,600782.SH,5700.0,23712.0,4.16
2023-09-12,000559.SZ,3600.0,19440.0,5.4
2023-09-12,000930.SZ,2300.0,16330.0,7.1
2023-09-12,002216.SZ,1300.0,19578.0,15.06
2023-09-12,002318.SZ,1200.0,21192.0,17.66
2023-09-12,002911.SZ,1800.0,22212.0,12.34
2023-09-12,002936.SZ,10200.0,21828.0,2.14
2023-09-12,600282.SH,7300.0,26937.0,3.69
2023-09-12,600782.SH,5700.0,23655.0,4.15
2023-09-13,000559.SZ,3600.0,19152.0,5.32
2023-09-13,000930.SZ,2300.0,16146.0,7.02
2023-09-13,002216.SZ,1300.0,19474.0,14.98
2023-09-13,002318.SZ,1200.0,22692.0,18.91
2023-09-13,002911.SZ,1800.0,22410.0,12.45
2023-09-13,002936.SZ,10200.0,21624.0,2.12
2023-09-13,600282.SH,7300.0,27083.0,3.71
2023-09-13,600782.SH,5700.0,23769.0,4.17
2023-09-14,000559.SZ,3600.0,18972.0,5.27
2023-09-14,000930.SZ,2300.0,16215.0,7.05
2023-09-14,002216.SZ,1300.0,19396.0,14.92
2023-09-14,002318.SZ,1200.0,23592.0,19.66
2023-09-14,002911.SZ,1800.0,22572.0,12.54
2023-09-14,002936.SZ,10200.0,21828.0,2.14
2023-09-14,600282.SH,7300.0,27229.0,3.73
2023-09-14,600782.SH,5700.0,24054.0,4.22
2023-09-15,000559.SZ,3600.0,18864.0,5.24
2023-09-15,000930.SZ,2300.0,16284.0,7.08
2023-09-15,002216.SZ,1300.0,19435.0,14.95
2023-09-15,002318.SZ,1200.0,22860.0,19.05
2023-09-15,002911.SZ,1800.0,22500.0,12.5
2023-09-15,002936.SZ,10200.0,21828.0,2.14
2023-09-15,600282.SH,7300.0,27302.0,3.74
2023-09-15,600782.SH,5700.0,24225.0,4.25
2023-09-18,000559.SZ,3600.0,19404.0,5.39
2023-09-18,000930.SZ,2300.0,16307.0,7.09
2023-09-18,002216.SZ,1300.0,19526.0,15.02
2023-09-18,002318.SZ,1200.0,22620.0,18.85
2023-09-18,002911.SZ,1800.0,22284.0,12.38
2023-09-18,002936.SZ,10200.0,21828.0,2.14
2023-09-18,600282.SH,7300.0,27302.0,3.74
2023-09-18,600782.SH,5700.0,24054.0,4.22
2023-09-19,000559.SZ,3600.0,19332.0,5.37
2023-09-19,000930.SZ,2300.0,16261.0,7.07
2023-09-19,002216.SZ,1300.0,19396.0,14.92
2023-09-19,002318.SZ,1200.0,22752.0,18.96
2023-09-19,002911.SZ,1800.0,22410.0,12.45
2023-09-19,002936.SZ,10200.0,21930.0,2.15
2023-09-19,600282.SH,7300.0,27448.0,3.76
2023-09-19,600782.SH,5700.0,24510.0,4.3
2023-09-20,000559.SZ,3600.0,19296.0,5.36
2023-09-20,000930.SZ,2300.0,16215.0,7.05
2023-09-20,002216.SZ,1300.0,19383.0,14.91
2023-09-20,002318.SZ,1200.0,22704.0,18.92
2023-09-20,002911.SZ,1800.0,22356.0,12.42
2023-09-20,002936.SZ,10200.0,22032.0,2.16
2023-09-20,600282.SH,7300.0,27375.0,3.75
2023-09-20,600782.SH,5700.0,24396.0,4.28
2023-09-21,000559.SZ,3600.0,18864.0,5.24
2023-09-21,000930.SZ,2300.0,16054.0,6.98
2023-09-21,002216.SZ,1300.0,19032.0,14.64
2023-09-21,002318.SZ,1200.0,22896.0,19.08
2023-09-21,002911.SZ,1800.0,21726.0,12.07
2023-09-21,002936.SZ,10200.0,21828.0,2.14
2023-09-21,600282.SH,7300.0,27229.0,3.73
2023-09-21,600782.SH,5700.0,24111.0,4.23
2023-09-22,000559.SZ,3600.0,19080.0,5.3
2023-09-22,000930.SZ,2300.0,16169.0,7.03
2023-09-22,002216.SZ,1300.0,19292.0,14.84
2023-09-22,002318.SZ,1200.0,22800.0,19.0
2023-09-22,002911.SZ,1800.0,21654.0,12.03
2023-09-22,002936.SZ,10200.0,22032.0,2.16
2023-09-22,600282.SH,7300.0,27156.0,3.72
2023-09-22,600782.SH,5700.0,24111.0,4.23
2023-09-25,000559.SZ,3600.0,19008.0,5.28
2023-09-25,000930.SZ,2300.0,16054.0,6.98
2023-09-25,002216.SZ,1300.0,19253.0,14.81
2023-09-25,002318.SZ,1200.0,22764.0,18.97
2023-09-25,002911.SZ,1800.0,21528.0,11.96
2023-09-25,002936.SZ,10200.0,22134.0,2.17
2023-09-25,600282.SH,7300.0,27229.0,3.73
2023-09-25,600782.SH,5700.0,23940.0,4.2
2023-09-26,000559.SZ,3600.0,18576.0,5.16
2023-09-26,000930.SZ,2300.0,15870.0,6.9
2023-09-26,002216.SZ,1300.0,19136.0,14.72
2023-09-26,002318.SZ,1200.0,22500.0,18.75
2023-09-26,002911.SZ,1800.0,21600.0,12.0
2023-09-26,002936.SZ,10200.0,21930.0,2.15
2023-09-26,600282.SH,7300.0,27010.0,3.7
2023-09-26,600782.SH,5700.0,23769.0,4.17
2023-09-27,000559.SZ,3600.0,18360.0,5.1
2023-09-27,000930.SZ,2300.0,15824.0,6.88
2023-09-27,002216.SZ,1300.0,19279.0,14.83
2023-09-27,002318.SZ,1200.0,22764.0,18.97
2023-09-27,002911.SZ,1800.0,21600.0,12.0
2023-09-27,002936.SZ,10200.0,21828.0,2.14
2023-09-27,600282.SH,7300.0,27010.0,3.7
2023-09-27,600782.SH,5700.0,23256.0,4.08
2023-09-28,000559.SZ,3600.0,18720.0,5.2
2023-09-28,000930.SZ,2300.0,15778.0,6.86
2023-09-28,002216.SZ,1300.0,19149.0,14.73
2023-09-28,002318.SZ,1200.0,23160.0,19.3
2023-09-28,002911.SZ,1800.0,21618.0,12.01
2023-09-28,002936.SZ,10200.0,21726.0,2.13
2023-09-28,600282.SH,7300.0,27010.0,3.7
2023-09-28,600782.SH,5700.0,23370.0,4.1
2023-10-09,000429.SZ,3300.0,28050.0,8.5
2023-10-09,002004.SZ,3400.0,16830.0,4.95
2023-10-09,002061.SZ,4200.0,16884.0,4.02
2023-10-09,002936.SZ,6900.0,14559.0,2.11
2023-10-09,002948.SZ,7500.0,26325.0,3.51
2023-10-09,600459.SH,1200.0,17952.0,14.96
2023-10-09,600908.SH,3300.0,18183.0,5.51
2023-10-09,601665.SH,7600.0,31996.0,4.21
2023-10-10,000429.SZ,3300.0,27918.0,8.46
2023-10-10,002004.SZ,3400.0,16762.0,4.93
2023-10-10,002061.SZ,4200.0,16338.0,3.89
2023-10-10,002936.SZ,6900.0,14490.0,2.1
2023-10-10,002948.SZ,7500.0,25650.0,3.42
2023-10-10,600459.SH,1200.0,17820.0,14.85
2023-10-10,600908.SH,3300.0,18282.0,5.54
2023-10-10,601665.SH,7600.0,31844.0,4.19
2023-10-11,000429.SZ,3300.0,27786.0,8.42
2023-10-11,002004.SZ,3400.0,16830.0,4.95
2023-10-11,002061.SZ,4200.0,16212.0,3.86
2023-10-11,002936.SZ,6900.0,14490.0,2.1
2023-10-11,002948.SZ,7500.0,25650.0,3.42
2023-10-11,600459.SH,1200.0,17676.0,14.73
2023-10-11,600908.SH,3300.0,18084.0,5.48
2023-10-11,601665.SH,7600.0,31540.0,4.15
2023-10-12,000429.SZ,3300.0,27852.0,8.44
2023-10-12,002004.SZ,3400.0,16864.0,4.96
2023-10-12,002061.SZ,4200.0,16380.0,3.9
2023-10-12,002936.SZ,6900.0,14697.0,2.13
2023-10-12,002948.SZ,7500.0,25725.0,3.43
2023-10-12,600459.SH,1200.0,17904.0,14.92
2023-10-12,600908.SH,3300.0,18315.0,5.55
2023-10-12,601665.SH,7600.0,31844.0,4.19
2023-10-13,000429.SZ,3300.0,27918.0,8.46
2023-10-13,002004.SZ,3400.0,16898.0,4.97
2023-10-13,002061.SZ,4200.0,16170.0,3.85
2023-10-13,002936.SZ,6900.0,14628.0,2.12
2023-10-13,002948.SZ,7500.0,25800.0,3.44
2023-10-13,600459.SH,1200.0,17712.0,14.76
2023-10-13,600908.SH,3300.0,18249.0,5.53
2023-10-13,601665.SH,7600.0,31768.0,4.18
2023-10-16,000429.SZ,3300.0,27753.0,8.41
2023-10-16,002004.SZ,3400.0,16830.0,4.95
2023-10-16,002061.SZ,4200.0,16170.0,3.85
2023-10-16,002936.SZ,6900.0,14628.0,2.12
2023-10-16,002948.SZ,7500.0,25875.0,3.45
2023-10-16,600459.SH,1200.0,17592.0,14.66
2023-10-16,600908.SH,3300.0,18249.0,5.53
2023-10-16,601665.SH,7600.0,31844.0,4.19
2023-10-17,000429.SZ,3300.0,27654.0,8.38
2023-10-17,002004.SZ,3400.0,16830.0,4.95
2023-10-17,002061.SZ,4200.0,16170.0,3.85
2023-10-17,002936.SZ,6900.0,14628.0,2.12
2023-10-17,002948.SZ,7500.0,25950.0,3.46
2023-10-17,600459.SH,1200.0,17604.0,14.67
2023-10-17,600908.SH,3300.0,18447.0,5.59
2023-10-17,601665.SH,7600.0,31996.0,4.21
2023-10-18,000429.SZ,3300.0,27555.0,8.35
2023-10-18,002004.SZ,3400.0,16524.0,4.86
2023-10-18,002061.SZ,4200.0,15834.0,3.77
2023-10-18,002936.SZ,6900.0,14490.0,2.1
2023-10-18,002948.SZ,7500.0,25650.0,3.42
2023-10-18,600459.SH,1200.0,17340.0,14.45
2023-10-18,600908.SH,3300.0,18249.0,5.53
2023-10-18,601665.SH,7600.0,31540.0,4.15
2023-10-19,000429.SZ,3300.0,27258.0,8.26
2023-10-19,002004.SZ,3400.0,16286.0,4.79
2023-10-19,002061.SZ,4200.0,15750.0,3.75
2023-10-19,002936.SZ,6900.0,14352.0,2.08
2023-10-19,002948.SZ,7500.0,25275.0,3.37
2023-10-19,600459.SH,1200.0,17292.0,14.41
2023-10-19,600908.SH,3300.0,17754.0,5.38
2023-10-19,601665.SH,7600.0,31312.0,4.12
2023-10-20,000429.SZ,3300.0,26763.0,8.11
2023-10-20,002004.SZ,3400.0,16150.0,4.75
2023-10-20,002061.SZ,4200.0,15666.0,3.73
2023-10-20,002936.SZ,6900.0,14421.0,2.09
2023-10-20,002948.SZ,7500.0,25500.0,3.4
2023-10-20,600459.SH,1200.0,17244.0,14.37
2023-10-20,600908.SH,3300.0,17787.0,5.39
2023-10-20,601665.SH,7600.0,31236.0,4.11
2023-10-23,000429.SZ,3300.0,26730.0,8.1
2023-10-23,002004.SZ,3400.0,15776.0,4.64
2023-10-23,002061.SZ,4200.0,15288.0,3.64
2023-10-23,002936.SZ,6900.0,14076.0,2.04
2023-10-23,002948.SZ,7500.0,25200.0,3.36
2023-10-23,600459.SH,1200.0,16764.0,13.97
2023-10-23,600908.SH,3300.0,17391.0,5.27
2023-10-23,601665.SH,7600.0,30628.0,4.03
2023-10-24,000429.SZ,3300.0,27060.0,8.2
2023-10-24,002004.SZ,3400.0,16150.0,4.75
2023-10-24,002061.SZ,4200.0,15624.0,3.72
2023-10-24,002936.SZ,6900.0,14214.0,2.06
2023-10-24,002948.SZ,7500.0,24900.0,3.32
2023-10-24,600459.SH,1200.0,17064.0,14.22
2023-10-24,600908.SH,3300.0,17391.0,5.27
2023-10-24,601665.SH,7600.0,30856.0,4.06
2023-10-25,000429.SZ,3300.0,27027.0,8.19
2023-10-25,002004.SZ,3400.0,16184.0,4.76
2023-10-25,002061.SZ,4200.0,16338.0,3.89
2023-10-25,002936.SZ,6900.0,14352.0,2.08
2023-10-25,002948.SZ,7500.0,25275.0,3.37
2023-10-25,600459.SH,1200.0,17220.0,14.35
2023-10-25,600908.SH,3300.0,17490.0,5.3
2023-10-25,601665.SH,7600.0,31008.0,4.08
2023-10-26,000429.SZ,3300.0,27588.0,8.36
2023-10-26,002004.SZ,3400.0,16184.0,4.76
2023-10-26,002061.SZ,4200.0,16254.0,3.87
2023-10-26,002936.SZ,6900.0,14352.0,2.08
2023-10-26,002948.SZ,7500.0,25425.0,3.39
2023-10-26,600459.SH,1200.0,17232.0,14.36
2023-10-26,600908.SH,3300.0,17556.0,5.32
2023-10-26,601665.SH,7600.0,31160.0,4.1
2023-10-27,000429.SZ,3300.0,27555.0,8.35
2023-10-27,002004.SZ,3400.0,16490.0,4.85
2023-10-27,002061.SZ,4200.0,16296.0,3.88
2023-10-27,002936.SZ,6900.0,14421.0,2.09
2023-10-27,002948.SZ,7500.0,24825.0,3.31
2023-10-27,600459.SH,1200.0,17616.0,14.68
2023-10-27,600908.SH,3300.0,17457.0,5.29
2023-10-27,601665.SH,7600.0,31008.0,4.08
2023-10-30,000429.SZ,3300.0,26499.0,8.03
2023-10-30,002004.SZ,3400.0,17204.0,5.06
2023-10-30,002061.SZ,4200.0,16170.0,3.85
2023-10-30,002936.SZ,6900.0,14352.0,2.08
2023-10-30,002948.SZ,7500.0,24375.0,3.25
2023-10-30,600459.SH,1200.0,17664.0,14.72
2023-10-30,600908.SH,3300.0,17160.0,5.2
2023-10-30,601665.SH,7600.0,30628.0,4.03
2023-10-31,000429.SZ,3300.0,26664.0,8.08
2023-10-31,002004.SZ,3400.0,16524.0,4.86
2023-10-31,002061.SZ,4200.0,16086.0,3.83
2023-10-31,002936.SZ,6900.0,14421.0,2.09
2023-10-31,002948.SZ,7500.0,24450.0,3.26
2023-10-31,600459.SH,1200.0,17520.0,14.6
2023-10-31,600908.SH,3300.0,16797.0,5.09
2023-10-31,601665.SH,7600.0,30628.0,4.03
2023-11-01,000429.SZ,3300.0,26763.0,8.11
2023-11-01,002004.SZ,3400.0,16422.0,4.83
2023-11-01,002061.SZ,4200.0,15792.0,3.76
2023-11-01,002936.SZ,6900.0,14421.0,2.09
2023-11-01,002948.SZ,7500.0,24450.0,3.26
2023-11-01,600459.SH,1200.0,17508.0,14.59
2023-11-01,600908.SH,3300.0,16665.0,5.05
2023-11-01,601665.SH,7600.0,30704.0,4.04
2023-11-02,000429.SZ,3300.0,26796.0,8.12
2023-11-02,002004.SZ,3400.0,16354.0,4.81
2023-11-02,002061.SZ,4200.0,15624.0,3.72
2023-11-02,002936.SZ,6900.0,14421.0,2.09
2023-11-02,002948.SZ,7500.0,24450.0,3.26
2023-11-02,600459.SH,1200.0,17328.0,14.44
2023-11-02,600908.SH,3300.0,16665.0,5.05
2023-11-02,601665.SH,7600.0,30628.0,4.03
2023-11-03,000429.SZ,3300.0,26532.0,8.04
2023-11-03,002004.SZ,3400.0,16286.0,4.79
2023-11-03,002061.SZ,4200.0,15624.0,3.72
2023-11-03,002936.SZ,6900.0,14352.0,2.08
2023-11-03,002948.SZ,7500.0,24375.0,3.25
2023-11-03,600459.SH,1200.0,17400.0,14.5
2023-11-03,600908.SH,3300.0,16665.0,5.05
2023-11-03,601665.SH,7600.0,30476.0,4.01
2023-11-06,000429.SZ,3300.0,26037.0,7.89
2023-11-06,002004.SZ,3400.0,16388.0,4.82
2023-11-06,002061.SZ,4200.0,15918.0,3.79
2023-11-06,002936.SZ,6900.0,14490.0,2.1
2023-11-06,002948.SZ,7500.0,24450.0,3.26
2023-11-06,600459.SH,1200.0,17736.0,14.78
2023-11-06,600908.SH,3300.0,16797.0,5.09
2023-11-06,601665.SH,7600.0,30552.0,4.02
2023-11-07,000429.SZ,3300.0,26499.0,8.03
2023-11-07,002004.SZ,3400.0,16354.0,4.81
2023-11-07,002061.SZ,4200.0,15876.0,3.78
2023-11-07,002936.SZ,6900.0,14490.0,2.1
2023-11-07,002948.SZ,7500.0,24300.0,3.24
2023-11-07,600459.SH,1200.0,17700.0,14.75
2023-11-07,600908.SH,3300.0,16797.0,5.09
2023-11-07,601665.SH,7600.0,30096.0,3.96
2023-11-08,000429.SZ,3300.0,26697.0,8.09
2023-11-08,002004.SZ,3400.0,16252.0,4.78
2023-11-08,002061.SZ,4200.0,15750.0,3.75
2023-11-08,002936.SZ,6900.0,14352.0,2.08
2023-11-08,002948.SZ,7500.0,24075.0,3.21
2023-11-08,600459.SH,1200.0,17448.0,14.54
2023-11-08,600908.SH,3300.0,16665.0,5.05
2023-11-08,601665.SH,7600.0,29944.0,3.94
2023-11-09,000429.SZ,3300.0,26928.0,8.16
2023-11-09,002004.SZ,3400.0,16286.0,4.79
2023-11-09,002061.SZ,4200.0,15750.0,3.75
2023-11-09,002936.SZ,6900.0,14283.0,2.07
2023-11-09,002948.SZ,7500.0,24150.0,3.22
2023-11-09,600459.SH,1200.0,17508.0,14.59
2023-11-09,600908.SH,3300.0,16698.0,5.06
2023-11-09,601665.SH,7600.0,29944.0,3.94
2023-11-10,000429.SZ,3300.0,26829.0,8.13
2023-11-10,002004.SZ,3400.0,16252.0,4.78
2023-11-10,002061.SZ,4200.0,15666.0,3.73
2023-11-10,002936.SZ,6900.0,14283.0,2.07
2023-11-10,002948.SZ,7500.0,23850.0,3.18
2023-11-10,600459.SH,1200.0,17424.0,14.52
2023-11-10,600908.SH,3300.0,16566.0,5.02
2023-11-10,601665.SH,7600.0,29564.0,3.89
2023-11-13,000429.SZ,3300.0,26763.0,8.11
2023-11-13,002004.SZ,3400.0,16286.0,4.79
2023-11-13,002061.SZ,4200.0,15876.0,3.78
2023-11-13,002936.SZ,6900.0,14214.0,2.06
2023-11-13,002948.SZ,7500.0,23850.0,3.18
2023-11-13,600459.SH,1200.0,17532.0,14.61
2023-11-13,600908.SH,3300.0,16599.0,5.03
2023-11-13,601665.SH,7600.0,29640.0,3.9
2023-11-14,000429.SZ,3300.0,26763.0,8.11
2023-11-14,002004.SZ,3400.0,16320.0,4.8
2023-11-14,002061.SZ,4200.0,15918.0,3.79
2023-11-14,002936.SZ,6900.0,14352.0,2.08
2023-11-14,002948.SZ,7500.0,23925.0,3.19
2023-11-14,600459.SH,1200.0,17508.0,14.59
2023-11-14,600908.SH,3300.0,16599.0,5.03
2023-11-14,601665.SH,7600.0,29716.0,3.91
2023-11-15,000429.SZ,3300.0,26631.0,8.07
2023-11-15,002004.SZ,3400.0,16354.0,4.81
2023-11-15,002061.SZ,4200.0,16002.0,3.81
2023-11-15,002936.SZ,6900.0,14352.0,2.08
2023-11-15,002948.SZ,7500.0,24000.0,3.2
2023-11-15,600459.SH,1200.0,17976.0,14.98
2023-11-15,600908.SH,3300.0,16665.0,5.05
2023-11-15,601665.SH,7600.0,29640.0,3.9
2023-11-16,000429.SZ,3300.0,26796.0,8.12
2023-11-16,002004.SZ,3400.0,16252.0,4.78
2023-11-16,002061.SZ,4200.0,15960.0,3.8
2023-11-16,002936.SZ,6900.0,14283.0,2.07
2023-11-16,002948.SZ,7500.0,23925.0,3.19
2023-11-16,600459.SH,1200.0,17724.0,14.77
2023-11-16,600908.SH,3300.0,16599.0,5.03
2023-11-16,601665.SH,7600.0,29640.0,3.9
2023-11-17,000429.SZ,3300.0,26796.0,8.12
2023-11-17,002004.SZ,3400.0,16286.0,4.79
2023-11-17,002061.SZ,4200.0,15918.0,3.79
2023-11-17,002936.SZ,6900.0,14283.0,2.07
2023-11-17,002948.SZ,7500.0,23775.0,3.17
2023-11-17,600459.SH,1200.0,17724.0,14.77
2023-11-17,600908.SH,3300.0,16467.0,4.99
2023-11-17,601665.SH,7600.0,29336.0,3.86
2023-11-20,000429.SZ,3300.0,26598.0,8.06
2023-11-20,002004.SZ,3400.0,16354.0,4.81
2023-11-20,002061.SZ,4200.0,15960.0,3.8
2023-11-20,002936.SZ,6900.0,14352.0,2.08
2023-11-20,002948.SZ,7500.0,24000.0,3.2
2023-11-20,600459.SH,1200.0,17796.0,14.83
2023-11-20,600908.SH,3300.0,16500.0,5.0
2023-11-20,601665.SH,7600.0,29336.0,3.86
2023-11-21,000429.SZ,3300.0,26697.0,8.09
2023-11-21,002004.SZ,3400.0,16456.0,4.84
2023-11-21,002061.SZ,4200.0,16044.0,3.82
2023-11-21,002936.SZ,6900.0,14352.0,2.08
2023-11-21,002948.SZ,7500.0,24075.0,3.21
2023-11-21,600459.SH,1200.0,17712.0,14.76
2023-11-21,600908.SH,3300.0,16566.0,5.02
2023-11-21,601665.SH,7600.0,29564.0,3.89
2023-11-22,000429.SZ,3300.0,26862.0,8.14
2023-11-22,002004.SZ,3400.0,16422.0,4.83
2023-11-22,002061.SZ,4200.0,15834.0,3.77
2023-11-22,002936.SZ,6900.0,14283.0,2.07
2023-11-22,002948.SZ,7500.0,23850.0,3.18
2023-11-22,600459.SH,1200.0,17544.0,14.62
2023-11-22,600908.SH,3300.0,16500.0,5.0
2023-11-22,601665.SH,7600.0,29488.0,3.88
2023-11-23,000429.SZ,3300.0,26697.0,8.09
2023-11-23,002004.SZ,3400.0,16626.0,4.89
2023-11-23,002061.SZ,4200.0,16044.0,3.82
2023-11-23,002936.SZ,6900.0,14283.0,2.07
2023-11-23,002948.SZ,7500.0,24000.0,3.2
2023-11-23,600459.SH,1200.0,17676.0,14.73
2023-11-23,600908.SH,3300.0,16599.0,5.03
2023-11-23,601665.SH,7600.0,29564.0,3.89
2023-11-24,000429.SZ,3300.0,26763.0,8.11
2023-11-24,002004.SZ,3400.0,16796.0,4.94
2023-11-24,002061.SZ,4200.0,15876.0,3.78
2023-11-24,002936.SZ,6900.0,14352.0,2.08
2023-11-24,002948.SZ,7500.0,24150.0,3.22
2023-11-24,600459.SH,1200.0,17400.0,14.5
2023-11-24,600908.SH,3300.0,16632.0,5.04
2023-11-24,601665.SH,7600.0,29716.0,3.91
2023-11-27,000429.SZ,3300.0,26466.0,8.02
2023-11-27,002004.SZ,3400.0,16592.0,4.88
2023-11-27,002061.SZ,4200.0,15750.0,3.75
2023-11-27,002936.SZ,6900.0,14283.0,2.07
2023-11-27,002948.SZ,7500.0,23925.0,3.19
2023-11-27,600459.SH,1200.0,17532.0,14.61
2023-11-27,600908.SH,3300.0,16401.0,4.97
2023-11-27,601665.SH,7600.0,29488.0,3.88
2023-11-28,000429.SZ,3300.0,26433.0,8.01
2023-11-28,002004.SZ,3400.0,16898.0,4.97
2023-11-28,002061.SZ,4200.0,15792.0,3.76
2023-11-28,002936.SZ,6900.0,14283.0,2.07
2023-11-28,002948.SZ,7500.0,23775.0,3.17
2023-11-28,600459.SH,1200.0,17544.0,14.62
2023-11-28,600908.SH,3300.0,16467.0,4.99
2023-11-28,601665.SH,7600.0,29336.0,3.86
2023-11-29,000429.SZ,3300.0,26433.0,8.01
2023-11-29,002004.SZ,3400.0,16796.0,4.94
2023-11-29,002061.SZ,4200.0,15540.0,3.7
2023-11-29,002936.SZ,6900.0,14145.0,2.05
2023-11-29,002948.SZ,7500.0,23325.0,3.11
2023-11-29,600459.SH,1200.0,17628.0,14.69
2023-11-29,600908.SH,3300.0,16269.0,4.93
2023-11-29,601665.SH,7600.0,29032.0,3.82
2023-11-30,000429.SZ,3300.0,26499.0,8.03
2023-11-30,002004.SZ,3400.0,16694.0,4.91
2023-11-30,002061.SZ,4200.0,15582.0,3.71
2023-11-30,002936.SZ,6900.0,14214.0,2.06
2023-11-30,002948.SZ,7500.0,23325.0,3.11
2023-11-30,600459.SH,1200.0,17292.0,14.41
2023-11-30,600908.SH,3300.0,16203.0,4.91
2023-11-30,601665.SH,7600.0,29184.0,3.84
2023-12-01,000429.SZ,3300.0,26730.0,8.1
2023-12-01,002004.SZ,3400.0,16694.0,4.91
2023-12-01,002061.SZ,4200.0,15750.0,3.75
2023-12-01,002936.SZ,6900.0,14214.0,2.06
2023-12-01,002948.SZ,7500.0,23400.0,3.12
2023-12-01,600459.SH,1200.0,17340.0,14.45
2023-12-01,600908.SH,3300.0,16236.0,4.92
2023-12-01,601665.SH,7600.0,29336.0,3.86
2023-12-04,000429.SZ,3300.0,27192.0,8.24
2023-12-04,002004.SZ,3400.0,16660.0,4.9
2023-12-04,002061.SZ,4200.0,15834.0,3.77
2023-12-04,002936.SZ,6900.0,14214.0,2.06
2023-12-04,002948.SZ,7500.0,23475.0,3.13
2023-12-04,600459.SH,1200.0,17448.0,14.54
2023-12-04,600908.SH,3300.0,16236.0,4.92
2023-12-04,601665.SH,7600.0,29336.0,3.86
2023-12-05,000429.SZ,3300.0,27423.0,8.31
2023-12-05,002004.SZ,3400.0,16388.0,4.82
2023-12-05,002061.SZ,4200.0,15540.0,3.7
2023-12-05,002936.SZ,6900.0,14145.0,2.05
2023-12-05,002948.SZ,7500.0,23250.0,3.1
2023-12-05,600459.SH,1200.0,17136.0,14.28
2023-12-05,600908.SH,3300.0,15972.0,4.84
2023-12-05,601665.SH,7600.0,28956.0,3.81
2023-12-06,000429.SZ,3300.0,27588.0,8.36
2023-12-06,002004.SZ,3400.0,16388.0,4.82
2023-12-06,002061.SZ,4200.0,15666.0,3.73
2023-12-06,002936.SZ,6900.0,14145.0,2.05
2023-12-06,002948.SZ,7500.0,23175.0,3.09
2023-12-06,600459.SH,1200.0,17244.0,14.37
2023-12-06,600908.SH,3300.0,16071.0,4.87
2023-12-06,601665.SH,7600.0,29108.0,3.83
2023-12-07,000429.SZ,3300.0,27489.0,8.33
2023-12-07,002004.SZ,3400.0,16320.0,4.8
2023-12-07,002061.SZ,4200.0,15540.0,3.7
2023-12-07,002936.SZ,6900.0,14145.0,2.05
2023-12-07,002948.SZ,7500.0,23400.0,3.12
2023-12-07,600459.SH,1200.0,17292.0,14.41
2023-12-07,600908.SH,3300.0,16104.0,4.88
2023-12-07,601665.SH,7600.0,29412.0,3.87
2023-12-08,000429.SZ,3300.0,27588.0,8.36
2023-12-08,002004.SZ,3400.0,16218.0,4.77
2023-12-08,002061.SZ,4200.0,15246.0,3.63
2023-12-08,002936.SZ,6900.0,14145.0,2.05
2023-12-08,002948.SZ,7500.0,23175.0,3.09
2023-12-08,600459.SH,1200.0,17028.0,14.19
2023-12-08,600908.SH,3300.0,16104.0,4.88
2023-12-08,601665.SH,7600.0,29792.0,3.92
2023-12-11,000429.SZ,3300.0,28248.0,8.56
2023-12-11,002004.SZ,3400.0,16320.0,4.8
2023-12-11,002061.SZ,4200.0,15414.0,3.67
2023-12-11,002936.SZ,6900.0,14214.0,2.06
2023-12-11,002948.SZ,7500.0,23175.0,3.09
2023-12-11,600459.SH,1200.0,17136.0,14.28
2023-12-11,600908.SH,3300.0,16203.0,4.91
2023-12-11,601665.SH,7600.0,30172.0,3.97
2023-12-12,000429.SZ,3300.0,28578.0,8.66
2023-12-12,002004.SZ,3400.0,16354.0,4.81
2023-12-12,002061.SZ,4200.0,15624.0,3.72
2023-12-12,002936.SZ,6900.0,14283.0,2.07
2023-12-12,002948.SZ,7500.0,23475.0,3.13
2023-12-12,600459.SH,1200.0,17148.0,14.29
2023-12-12,600908.SH,3300.0,16269.0,4.93
2023-12-12,601665.SH,7600.0,30096.0,3.96
2023-12-13,000429.SZ,3300.0,29205.0,8.85
2023-12-13,002004.SZ,3400.0,16354.0,4.81
2023-12-13,002061.SZ,4200.0,15540.0,3.7
2023-12-13,002936.SZ,6900.0,14214.0,2.06
2023-12-13,002948.SZ,7500.0,23400.0,3.12
2023-12-13,600459.SH,1200.0,17076.0,14.23
2023-12-13,600908.SH,3300.0,16170.0,4.9
2023-12-13,601665.SH,7600.0,29792.0,3.92
2023-12-14,000429.SZ,3300.0,29964.0,9.08
2023-12-14,002004.SZ,3400.0,16218.0,4.77
2023-12-14,002061.SZ,4200.0,15624.0,3.72
2023-12-14,002936.SZ,6900.0,14214.0,2.06
2023-12-14,002948.SZ,7500.0,23325.0,3.11
2023-12-14,600459.SH,1200.0,17100.0,14.25
2023-12-14,600908.SH,3300.0,16170.0,4.9
2023-12-14,601665.SH,7600.0,29792.0,3.92
2023-12-15,000429.SZ,3300.0,28446.0,8.62
2023-12-15,002004.SZ,3400.0,16116.0,4.74
2023-12-15,002061.SZ,4200.0,15540.0,3.7
2023-12-15,002936.SZ,6900.0,14145.0,2.05
2023-12-15,002948.SZ,7500.0,23175.0,3.09
2023-12-15,600459.SH,1200.0,17100.0,14.25
2023-12-15,600908.SH,3300.0,16170.0,4.9
2023-12-15,601665.SH,7600.0,29716.0,3.91
2023-12-18,000429.SZ,3300.0,28413.0,8.61
2023-12-18,002004.SZ,3400.0,15980.0,4.7
2023-12-18,002061.SZ,4200.0,15414.0,3.67
2023-12-18,002936.SZ,6900.0,14076.0,2.04
2023-12-18,002948.SZ,7500.0,23100.0,3.08
2023-12-18,600459.SH,1200.0,16872.0,14.06
2023-12-18,600908.SH,3300.0,16005.0,4.85
2023-12-18,601665.SH,7600.0,29716.0,3.91
2023-12-19,000429.SZ,3300.0,28281.0,8.57
2023-12-19,002004.SZ,3400.0,16014.0,4.71
2023-12-19,002061.SZ,4200.0,15288.0,3.64
2023-12-19,002936.SZ,6900.0,13938.0,2.02
2023-12-19,002948.SZ,7500.0,22950.0,3.06
2023-12-19,600459.SH,1200.0,16884.0,14.07
2023-12-19,600908.SH,3300.0,15939.0,4.83
2023-12-19,601665.SH,7600.0,29792.0,3.92
2023-12-20,000429.SZ,3300.0,28215.0,8.55
2023-12-20,002004.SZ,3400.0,15912.0,4.68
2023-12-20,002061.SZ,4200.0,15120.0,3.6
2023-12-20,002936.SZ,6900.0,13800.0,2.0
2023-12-20,002948.SZ,7500.0,22875.0,3.05
2023-12-20,600459.SH,1200.0,16704.0,13.92
2023-12-20,600908.SH,3300.0,15906.0,4.82
2023-12-20,601665.SH,7600.0,30096.0,3.96
2023-12-21,000429.SZ,3300.0,27918.0,8.46
2023-12-21,002004.SZ,3400.0,15810.0,4.65
2023-12-21,002061.SZ,4200.0,15246.0,3.63
2023-12-21,002936.SZ,6900.0,13800.0,2.0
2023-12-21,002948.SZ,7500.0,22800.0,3.04
2023-12-21,600459.SH,1200.0,16884.0,14.07
2023-12-21,600908.SH,3300.0,15873.0,4.81
2023-12-21,601665.SH,7600.0,29868.0,3.93
2023-12-22,000429.SZ,3300.0,27984.0,8.48
2023-12-22,002004.SZ,3400.0,15572.0,4.58
2023-12-22,002061.SZ,4200.0,15204.0,3.62
2023-12-22,002936.SZ,6900.0,13731.0,1.99
2023-12-22,002948.SZ,7500.0,22800.0,3.04
2023-12-22,600459.SH,1200.0,16968.0,14.14
2023-12-22,600908.SH,3300.0,15906.0,4.82
2023-12-22,601665.SH,7600.0,29716.0,3.91
2023-12-25,000429.SZ,3300.0,28050.0,8.5
2023-12-25,002004.SZ,3400.0,15674.0,4.61
2023-12-25,002061.SZ,4200.0,15078.0,3.59
2023-12-25,002936.SZ,6900.0,13731.0,1.99
2023-12-25,002948.SZ,7500.0,22650.0,3.02
2023-12-25,600459.SH,1200.0,16908.0,14.09
2023-12-25,600908.SH,3300.0,15774.0,4.78
2023-12-25,601665.SH,7600.0,29032.0,3.82
2023-12-26,000429.SZ,3300.0,28050.0,8.5
2023-12-26,002004.SZ,3400.0,15572.0,4.58
2023-12-26,002061.SZ,4200.0,14952.0,3.56
2023-12-26,002936.SZ,6900.0,13662.0,1.98
2023-12-26,002948.SZ,7500.0,22425.0,2.99
2023-12-26,600459.SH,1200.0,16824.0,14.02
2023-12-26,600908.SH,3300.0,15675.0,4.75
2023-12-26,601665.SH,7600.0,28880.0,3.8
2023-12-27,000429.SZ,3300.0,28380.0,8.6
2023-12-27,002004.SZ,3400.0,15640.0,4.6
2023-12-27,002061.SZ,4200.0,14868.0,3.54
2023-12-27,002936.SZ,6900.0,13662.0,1.98
2023-12-27,002948.SZ,7500.0,22575.0,3.01
2023-12-27,600459.SH,1200.0,16896.0,14.08
2023-12-27,600908.SH,3300.0,15774.0,4.78
2023-12-27,601665.SH,7600.0,29184.0,3.84
2023-12-28,000429.SZ,3300.0,27753.0,8.41
2023-12-28,002004.SZ,3400.0,15844.0,4.66
2023-12-28,002061.SZ,4200.0,15330.0,3.65
2023-12-28,002936.SZ,6900.0,13869.0,2.01
2023-12-28,002948.SZ,7500.0,22875.0,3.05
2023-12-28,600459.SH,1200.0,17148.0,14.29
2023-12-28,600908.SH,3300.0,16005.0,4.85
2023-12-28,601665.SH,7600.0,29488.0,3.88
2023-12-29,000429.SZ,3300.0,27918.0,8.46
2023-12-29,002004.SZ,3400.0,15844.0,4.66
2023-12-29,002061.SZ,4200.0,15330.0,3.65
2023-12-29,002936.SZ,6900.0,13869.0,2.01
2023-12-29,002948.SZ,7500.0,22875.0,3.05
2023-12-29,600459.SH,1200.0,17232.0,14.36
2023-12-29,600908.SH,3300.0,16665.0,5.05
2023-12-29,601665.SH,7600.0,29716.0,3.91
2024-01-02,002597.SZ,700.0,15057.0,21.51
2024-01-02,002839.SZ,5500.0,21395.0,3.89
2024-01-02,002936.SZ,14900.0,29949.0,2.01
2024-01-02,600459.SH,1200.0,17268.0,14.39
2024-01-02,600502.SH,4100.0,19188.0,4.68
2024-01-02,600740.SH,3800.0,19380.0,5.1
2024-01-02,600888.SH,2600.0,19084.0,7.34
2024-01-02,601665.SH,4700.0,18142.0,3.86
2024-01-03,002597.SZ,700.0,15190.0,21.7
2024-01-03,002839.SZ,5500.0,21505.0,3.91
2024-01-03,002936.SZ,14900.0,29949.0,2.01
2024-01-03,600459.SH,1200.0,17256.0,14.38
2024-01-03,600502.SH,4100.0,19270.0,4.7
2024-01-03,600740.SH,3800.0,19684.0,5.18
2024-01-03,600888.SH,2600.0,19136.0,7.36
2024-01-03,601665.SH,4700.0,18283.0,3.89
2024-01-04,002597.SZ,700.0,15162.0,21.66
2024-01-04,002839.SZ,5500.0,21450.0,3.9
2024-01-04,002936.SZ,14900.0,29800.0,2.0
2024-01-04,600459.SH,1200.0,17196.0,14.33
2024-01-04,600502.SH,4100.0,19475.0,4.75
2024-01-04,600740.SH,3800.0,19912.0,5.24
2024-01-04,600888.SH,2600.0,19058.0,7.33
2024-01-04,601665.SH,4700.0,18424.0,3.92
2024-01-05,002597.SZ,700.0,14973.0,21.39
2024-01-05,002839.SZ,5500.0,21670.0,3.94
2024-01-05,002936.SZ,14900.0,30247.0,2.03
2024-01-05,600459.SH,1200.0,17136.0,14.28
2024-01-05,600502.SH,4100.0,19516.0,4.76
2024-01-05,600740.SH,3800.0,19646.0,5.17
2024-01-05,600888.SH,2600.0,18902.0,7.27
2024-01-05,601665.SH,4700.0,18565.0,3.95
2024-01-08,002597.SZ,700.0,14609.0,20.87
2024-01-08,002839.SZ,5500.0,21340.0,3.88
2024-01-08,002936.SZ,14900.0,29651.0,1.99
2024-01-08,600459.SH,1200.0,16776.0,13.98
2024-01-08,600502.SH,4100.0,19434.0,4.74
2024-01-08,600740.SH,3800.0,19228.0,5.06
2024-01-08,600888.SH,2600.0,18616.0,7.16
2024-01-08,601665.SH,4700.0,18236.0,3.88
2024-01-09,002597.SZ,700.0,14392.0,20.56
2024-01-09,002839.SZ,5500.0,21560.0,3.92
2024-01-09,002936.SZ,14900.0,29800.0,2.0
2024-01-09,600459.SH,1200.0,16872.0,14.06
2024-01-09,600502.SH,4100.0,19598.0,4.78
2024-01-09,600740.SH,3800.0,19380.0,5.1
2024-01-09,600888.SH,2600.0,18824.0,7.24
2024-01-09,601665.SH,4700.0,18518.0,3.94
2024-01-10,002597.SZ,700.0,14462.0,20.66
2024-01-10,002839.SZ,5500.0,21505.0,3.91
2024-01-10,002936.SZ,14900.0,29800.0,2.0
2024-01-10,600459.SH,1200.0,16824.0,14.02
2024-01-10,600502.SH,4100.0,19516.0,4.76
2024-01-10,600740.SH,3800.0,19152.0,5.04
2024-01-10,600888.SH,2600.0,18746.0,7.21
2024-01-10,601665.SH,4700.0,18330.0,3.9
2024-01-11,002597.SZ,700.0,14574.0,20.82
2024-01-11,002839.SZ,5500.0,21615.0,3.93
2024-01-11,002936.SZ,14900.0,29800.0,2.0
2024-01-11,600459.SH,1200.0,16932.0,14.11
2024-01-11,600502.SH,4100.0,19598.0,4.78
2024-01-11,600740.SH,3800.0,19114.0,5.03
2024-01-11,600888.SH,2600.0,18850.0,7.25
2024-01-11,601665.SH,4700.0,18424.0,3.92
2024-01-12,002597.SZ,700.0,14574.0,20.82
2024-01-12,002839.SZ,5500.0,21780.0,3.96
2024-01-12,002936.SZ,14900.0,30098.0,2.02
2024-01-12,600459.SH,1200.0,16908.0,14.09
2024-01-12,600502.SH,4100.0,19639.0,4.79
2024-01-12,600740.SH,3800.0,19076.0,5.02
2024-01-12,600888.SH,2600.0,18876.0,7.26
2024-01-12,601665.SH,4700.0,18565.0,3.95
2024-01-15,002597.SZ,700.0,14357.0,20.51
2024-01-15,002839.SZ,5500.0,21890.0,3.98
2024-01-15,002936.SZ,14900.0,30247.0,2.03
2024-01-15,600459.SH,1200.0,16764.0,13.97
2024-01-15,600502.SH,4100.0,19721.0,4.81
2024-01-15,600740.SH,3800.0,19076.0,5.02
2024-01-15,600888.SH,2600.0,18824.0,7.24
2024-01-15,601665.SH,4700.0,18753.0,3.99
2024-01-16,002597.SZ,700.0,14217.0,20.31
2024-01-16,002839.SZ,5500.0,22110.0,4.02
2024-01-16,002936.SZ,14900.0,30396.0,2.04
2024-01-16,600459.SH,1200.0,16464.0,13.72
2024-01-16,600502.SH,4100.0,19844.0,4.84
2024-01-16,600740.SH,3800.0,18924.0,4.98
2024-01-16,600888.SH,2600.0,18798.0,7.23
2024-01-16,601665.SH,4700.0,18847.0,4.01
2024-01-17,002597.SZ,700.0,13853.0,19.79
2024-01-17,002839.SZ,5500.0,21890.0,3.98
2024-01-17,002936.SZ,14900.0,30098.0,2.02
2024-01-17,600459.SH,1200.0,16044.0,13.37
2024-01-17,600502.SH,4100.0,19557.0,4.77
2024-01-17,600740.SH,3800.0,18620.0,4.9
2024-01-17,600888.SH,2600.0,18408.0,7.08
2024-01-17,601665.SH,4700.0,18565.0,3.95
2024-01-18,002597.SZ,700.0,13755.0,19.65
2024-01-18,002839.SZ,5500.0,21835.0,3.97
2024-01-18,002936.SZ,14900.0,29800.0,2.0
2024-01-18,600459.SH,1200.0,15876.0,13.23
2024-01-18,600502.SH,4100.0,19352.0,4.72
2024-01-18,600740.SH,3800.0,18126.0,4.77
2024-01-18,600888.SH,2600.0,18122.0,6.97
2024-01-18,601665.SH,4700.0,18424.0,3.92
2024-01-19,002597.SZ,700.0,13447.0,19.21
2024-01-19,002839.SZ,5500.0,21670.0,3.94
2024-01-19,002936.SZ,14900.0,29800.0,2.0
2024-01-19,600459.SH,1200.0,16068.0,13.39
2024-01-19,600502.SH,4100.0,19188.0,4.68
2024-01-19,600740.SH,3800.0,17936.0,4.72
2024-01-19,600888.SH,2600.0,17992.0,6.92
2024-01-19,601665.SH,4700.0,18283.0,3.89
2024-01-22,002597.SZ,700.0,12544.0,17.92
2024-01-22,002839.SZ,5500.0,21010.0,3.82
2024-01-22,002936.SZ,14900.0,29353.0,1.97
2024-01-22,600459.SH,1200.0,15432.0,12.86
2024-01-22,600502.SH,4100.0,18368.0,4.48
2024-01-22,600740.SH,3800.0,17024.0,4.48
2024-01-22,600888.SH,2600.0,16978.0,6.53
2024-01-22,601665.SH,4700.0,18612.0,3.96
2024-01-23,002597.SZ,700.0,12775.0,18.25
2024-01-23,002839.SZ,5500.0,21065.0,3.83
2024-01-23,002936.SZ,14900.0,29353.0,1.97
2024-01-23,600459.SH,1200.0,15816.0,13.18
2024-01-23,600502.SH,4100.0,18409.0,4.49
2024-01-23,600740.SH,3800.0,17366.0,4.57
2024-01-23,600888.SH,2600.0,17420.0,6.7
2024-01-23,601665.SH,4700.0,18518.0,3.94
2024-01-24,002597.SZ,700.0,12880.0,18.4
2024-01-24,002839.SZ,5500.0,21615.0,3.93
2024-01-24,002936.SZ,14900.0,29949.0,2.01
2024-01-24,600459.SH,1200.0,16140.0,13.45
2024-01-24,600502.SH,4100.0,19106.0,4.66
2024-01-24,600740.SH,3800.0,17632.0,4.64
2024-01-24,600888.SH,2600.0,17758.0,6.83
2024-01-24,601665.SH,4700.0,18847.0,4.01
2024-01-25,002597.SZ,700.0,13216.0,18.88
2024-01-25,002839.SZ,5500.0,21890.0,3.98
2024-01-25,002936.SZ,14900.0,30396.0,2.04
2024-01-25,600459.SH,1200.0,16344.0,13.62
2024-01-25,600502.SH,4100.0,20008.0,4.88
2024-01-25,600740.SH,3800.0,18430.0,4.85
2024-01-25,600888.SH,2600.0,18772.0,7.22
2024-01-25,601665.SH,4700.0,19176.0,4.08
2024-01-26,002597.SZ,700.0,12768.0,18.24
2024-01-26,002839.SZ,5500.0,22275.0,4.05
2024-01-26,002936.SZ,14900.0,30843.0,2.07
2024-01-26,600459.SH,1200.0,16296.0,13.58
2024-01-26,600502.SH,4100.0,20295.0,4.95
2024-01-26,600740.SH,3800.0,18658.0,4.91
2024-01-26,600888.SH,2600.0,18850.0,7.25
2024-01-26,601665.SH,4700.0,21103.0,4.49
2024-01-29,002597.SZ,700.0,12502.0,17.86
2024-01-29,002839.SZ,5500.0,22110.0,4.02
2024-01-29,002936.SZ,14900.0,30694.0,2.06
2024-01-29,600459.SH,1200.0,16248.0,13.54
2024-01-29,600502.SH,4100.0,20090.0,4.9
2024-01-29,600740.SH,3800.0,18468.0,4.86
2024-01-29,600888.SH,2600.0,18486.0,7.11
2024-01-29,601665.SH,4700.0,20210.0,4.3
2024-01-30,002597.SZ,700.0,12117.0,17.31
2024-01-30,002839.SZ,5500.0,21780.0,3.96
2024-01-30,002936.SZ,14900.0,30247.0,2.03
2024-01-30,600459.SH,1200.0,15888.0,13.24
2024-01-30,600502.SH,4100.0,19762.0,4.82
2024-01-30,600740.SH,3800.0,18240.0,4.8
2024-01-30,600888.SH,2600.0,18148.0,6.98
2024-01-30,601665.SH,4700.0,19646.0,4.18
2024-01-31,002597.SZ,700.0,11725.0,16.75
2024-01-31,002839.SZ,5500.0,21560.0,3.92
2024-01-31,002936.SZ,14900.0,29800.0,2.0
2024-01-31,600459.SH,1200.0,15600.0,13.0
2024-01-31,600502.SH,4100.0,19188.0,4.68
2024-01-31,600740.SH,3800.0,17898.0,4.71
2024-01-31,600888.SH,2600.0,17732.0,6.82
2024-01-31,601665.SH,4700.0,19693.0,4.19
2024-02-01,002597.SZ,700.0,11732.0,16.76
2024-02-01,002839.SZ,5500.0,21505.0,3.91
2024-02-01,002936.SZ,14900.0,29651.0,1.99
2024-02-01,600459.SH,1200.0,15288.0,12.74
2024-02-01,600502.SH,4100.0,18696.0,4.56
2024-02-01,600740.SH,3800.0,17594.0,4.63
2024-02-01,600888.SH,2600.0,17472.0,6.72
2024-02-01,601665.SH,4700.0,19505.0,4.15
2024-02-02,002597.SZ,700.0,11508.0,16.44
2024-02-02,002839.SZ,5500.0,21120.0,3.84
2024-02-02,002936.SZ,14900.0,29502.0,1.98
2024-02-02,600459.SH,1200.0,15072.0,12.56
2024-02-02,600502.SH,4100.0,18450.0,4.5
2024-02-02,600740.SH,3800.0,17176.0,4.52
2024-02-02,600888.SH,2600.0,16926.0,6.51
2024-02-02,601665.SH,4700.0,19176.0,4.08
2024-02-05,002597.SZ,700.0,11242.0,16.06
2024-02-05,002839.SZ,5500.0,20845.0,3.79
2024-02-05,002936.SZ,14900.0,28906.0,1.94
2024-02-05,600459.SH,1200.0,14232.0,11.86
2024-02-05,600502.SH,4100.0,17179.0,4.19
2024-02-05,600740.SH,3800.0,16454.0,4.33
2024-02-05,600888.SH,2600.0,16224.0,6.24
2024-02-05,601665.SH,4700.0,19270.0,4.1
2024-02-06,002597.SZ,700.0,12320.0,17.6
2024-02-06,002839.SZ,5500.0,21945.0,3.99
2024-02-06,002936.SZ,14900.0,30247.0,2.03
2024-02-06,600459.SH,1200.0,15384.0,12.82
2024-02-06,600502.SH,4100.0,17917.0,4.37
2024-02-06,600740.SH,3800.0,17404.0,4.58
2024-02-06,600888.SH,2600.0,17420.0,6.7
2024-02-06,601665.SH,4700.0,19740.0,4.2
2024-02-07,002597.SZ,700.0,12789.0,18.27
2024-02-07,002839.SZ,5500.0,22330.0,4.06
2024-02-07,002936.SZ,14900.0,31141.0,2.09
2024-02-07,600459.SH,1200.0,16344.0,13.62
2024-02-07,600502.SH,4100.0,18409.0,4.49
2024-02-07,600740.SH,3800.0,18240.0,4.8
2024-02-07,600888.SH,2600.0,17992.0,6.92
2024-02-07,601665.SH,4700.0,20163.0,4.29
2024-02-08,002597.SZ,700.0,13258.0,18.94
2024-02-08,002839.SZ,5500.0,22220.0,4.04
2024-02-08,002936.SZ,14900.0,31290.0,2.1
2024-02-08,600459.SH,1200.0,16452.0,13.71
2024-02-08,600502.SH,4100.0,18983.0,4.63
2024-02-08,600740.SH,3800.0,18506.0,4.87
2024-02-08,600888.SH,2600.0,18486.0,7.11
2024-02-08,601665.SH,4700.0,19975.0,4.25
2024-02-19,002597.SZ,700.0,12873.0,18.39
2024-02-19,002839.SZ,5500.0,22275.0,4.05
2024-02-19,002936.SZ,14900.0,30843.0,2.07
2024-02-19,600459.SH,1200.0,16260.0,13.55
2024-02-19,600502.SH,4100.0,19106.0,4.66
2024-02-19,600740.SH,3800.0,18582.0,4.89
2024-02-19,600888.SH,2600.0,18668.0,7.18
2024-02-19,601665.SH,4700.0,19881.0,4.23
2024-02-20,002597.SZ,700.0,12838.0,18.34
2024-02-20,002839.SZ,5500.0,22385.0,4.07
2024-02-20,002936.SZ,14900.0,30843.0,2.07
2024-02-20,600459.SH,1200.0,16224.0,13.52
2024-02-20,600502.SH,4100.0,18983.0,4.63
2024-02-20,600740.SH,3800.0,18544.0,4.88
2024-02-20,600888.SH,2600.0,18564.0,7.14
2024-02-20,601665.SH,4700.0,20069.0,4.27
2024-02-21,002597.SZ,700.0,12845.0,18.35
2024-02-21,002839.SZ,5500.0,22770.0,4.14
2024-02-21,002936.SZ,14900.0,31141.0,2.09
2024-02-21,600459.SH,1200.0,16212.0,13.51
2024-02-21,600502.SH,4100.0,19270.0,4.7
2024-02-21,600740.SH,3800.0,18696.0,4.92
2024-02-21,600888.SH,2600.0,18668.0,7.18
2024-02-21,601665.SH,4700.0,21103.0,4.49
2024-02-22,002597.SZ,700.0,12838.0,18.34
2024-02-22,002839.SZ,5500.0,22825.0,4.15
2024-02-22,002936.SZ,14900.0,31141.0,2.09
2024-02-22,600459.SH,1200.0,16284.0,13.57
2024-02-22,600502.SH,4100.0,19270.0,4.7
2024-02-22,600740.SH,3800.0,19190.0,5.05
2024-02-22,600888.SH,2600.0,19006.0,7.31
2024-02-22,601665.SH,4700.0,20915.0,4.45
2024-02-23,002597.SZ,700.0,12852.0,18.36
2024-02-23,002839.SZ,5500.0,22825.0,4.15
2024-02-23,002936.SZ,14900.0,31290.0,2.1
2024-02-23,600459.SH,1200.0,16296.0,13.58
2024-02-23,600502.SH,4100.0,19311.0,4.71
2024-02-23,600740.SH,3800.0,18962.0,4.99
2024-02-23,600888.SH,2600.0,18954.0,7.29
2024-02-23,601665.SH,4700.0,20774.0,4.42
2024-02-26,002597.SZ,700.0,12880.0,18.4
2024-02-26,002839.SZ,5500.0,22385.0,4.07
2024-02-26,002936.SZ,14900.0,30843.0,2.07
2024-02-26,600459.SH,1200.0,16260.0,13.55
2024-02-26,600502.SH,4100.0,19065.0,4.65
2024-02-26,600740.SH,3800.0,18696.0,4.92
2024-02-26,600888.SH,2600.0,18746.0,7.21
2024-02-26,601665.SH,4700.0,20351.0,4.33
2024-02-27,002597.SZ,700.0,13006.0,18.58
2024-02-27,002839.SZ,5500.0,22440.0,4.08
2024-02-27,002936.SZ,14900.0,30992.0,2.08
2024-02-27,600459.SH,1200.0,16416.0,13.68
2024-02-27,600502.SH,4100.0,19352.0,4.72
2024-02-27,600740.SH,3800.0,18810.0,4.95
2024-02-27,600888.SH,2600.0,18824.0,7.24
2024-02-27,601665.SH,4700.0,20445.0,4.35
2024-02-28,002597.SZ,700.0,12684.0,18.12
2024-02-28,002839.SZ,5500.0,22110.0,4.02
2024-02-28,002936.SZ,14900.0,30992.0,2.08
2024-02-28,600459.SH,1200.0,16308.0,13.59
2024-02-28,600502.SH,4100.0,19024.0,4.64
2024-02-28,600740.SH,3800.0,18506.0,4.87
2024-02-28,600888.SH,2600.0,18486.0,7.11
2024-02-28,601665.SH,4700.0,20257.0,4.31
2024-02-29,002597.SZ,700.0,12950.0,18.5
2024-02-29,002839.SZ,5500.0,22385.0,4.07
2024-02-29,002936.SZ,14900.0,31141.0,2.09
2024-02-29,600459.SH,1200.0,16884.0,14.07
2024-02-29,600502.SH,4100.0,19393.0,4.73
2024-02-29,600740.SH,3800.0,18848.0,4.96
2024-02-29,600888.SH,2600.0,18850.0,7.25
2024-02-29,601665.SH,4700.0,20398.0,4.34
2024-03-01,002597.SZ,700.0,13041.0,18.63
2024-03-01,002839.SZ,5500.0,22330.0,4.06
2024-03-01,002936.SZ,14900.0,31141.0,2.09
2024-03-01,600459.SH,1200.0,17136.0,14.28
2024-03-01,600502.SH,4100.0,19393.0,4.73
2024-03-01,600740.SH,3800.0,18924.0,4.98
2024-03-01,600888.SH,2600.0,18928.0,7.28
2024-03-01,601665.SH,4700.0,20351.0,4.33
2024-03-04,002597.SZ,700.0,12831.0,18.33
2024-03-04,002839.SZ,5500.0,22110.0,4.02
2024-03-04,002936.SZ,14900.0,30843.0,2.07
2024-03-04,600459.SH,1200.0,16812.0,14.01
2024-03-04,600502.SH,4100.0,19188.0,4.68
2024-03-04,600740.SH,3800.0,18886.0,4.97
2024-03-04,600888.SH,2600.0,19188.0,7.38
2024-03-04,601665.SH,4700.0,20022.0,4.26
2024-03-05,002597.SZ,700.0,12670.0,18.1
2024-03-05,002839.SZ,5500.0,22220.0,4.04
2024-03-05,002936.SZ,14900.0,30843.0,2.07
2024-03-05,600459.SH,1200.0,16860.0,14.05
2024-03-05,600502.SH,4100.0,18983.0,4.63
2024-03-05,600740.SH,3800.0,18848.0,4.96
2024-03-05,600888.SH,2600.0,19136.0,7.36
2024-03-05,601665.SH,4700.0,20680.0,4.4
2024-03-06,002597.SZ,700.0,12635.0,18.05
2024-03-06,002839.SZ,5500.0,22110.0,4.02
2024-03-06,002936.SZ,14900.0,30694.0,2.06
2024-03-06,600459.SH,1200.0,16788.0,13.99
2024-03-06,600502.SH,4100.0,18942.0,4.62
2024-03-06,600740.SH,3800.0,19152.0,5.04
2024-03-06,600888.SH,2600.0,19760.0,7.6
2024-03-06,601665.SH,4700.0,20445.0,4.35
2024-03-07,002597.SZ,700.0,12586.0,17.98
2024-03-07,002839.SZ,5500.0,22220.0,4.04
2024-03-07,002936.SZ,14900.0,30843.0,2.07
2024-03-07,600459.SH,1200.0,17124.0,14.27
2024-03-07,600502.SH,4100.0,18983.0,4.63
2024-03-07,600740.SH,3800.0,19304.0,5.08
2024-03-07,600888.SH,2600.0,19916.0,7.66
2024-03-07,601665.SH,4700.0,20304.0,4.32
2024-03-08,002597.SZ,700.0,12481.0,17.83
2024-03-08,002839.SZ,5500.0,22165.0,4.03
2024-03-08,002936.SZ,14900.0,30694.0,2.06
2024-03-08,600459.SH,1200.0,17172.0,14.31
2024-03-08,600502.SH,4100.0,19065.0,4.65
2024-03-08,600740.SH,3800.0,19152.0,5.04
2024-03-08,600888.SH,2600.0,19942.0,7.67
2024-03-08,601665.SH,4700.0,20398.0,4.34
2024-03-11,002597.SZ,700.0,12824.0,18.32
2024-03-11,002839.SZ,5500.0,22220.0,4.04
2024-03-11,002936.SZ,14900.0,30843.0,2.07
2024-03-11,600459.SH,1200.0,17328.0,14.44
2024-03-11,600502.SH,4100.0,19270.0,4.7
2024-03-11,600740.SH,3800.0,19000.0,5.0
2024-03-11,600888.SH,2600.0,20072.0,7.72
2024-03-11,601665.SH,4700.0,20398.0,4.34
2024-03-12,002597.SZ,700.0,12887.0,18.41
2024-03-12,002839.SZ,5500.0,22220.0,4.04
2024-03-12,002936.SZ,14900.0,30694.0,2.06
2024-03-12,600459.SH,1200.0,17052.0,14.21
2024-03-12,600502.SH,4100.0,19434.0,4.74
2024-03-12,600740.SH,3800.0,18810.0,4.95
2024-03-12,600888.SH,2600.0,19656.0,7.56
2024-03-12,601665.SH,4700.0,20116.0,4.28
2024-03-13,002597.SZ,700.0,12768.0,18.24
2024-03-13,002839.SZ,5500.0,22055.0,4.01
2024-03-13,002936.SZ,14900.0,30396.0,2.04
2024-03-13,600459.SH,1200.0,17112.0,14.26
2024-03-13,600502.SH,4100.0,19147.0,4.67
2024-03-13,600740.SH,3800.0,18810.0,4.95
2024-03-13,600888.SH,2600.0,19760.0,7.6
2024-03-13,601665.SH,4700.0,19928.0,4.24
2024-03-14,002597.SZ,700.0,12642.0,18.06
2024-03-14,002839.SZ,5500.0,21945.0,3.99
2024-03-14,002936.SZ,14900.0,30247.0,2.03
2024-03-14,600459.SH,1200.0,17172.0,14.31
2024-03-14,600502.SH,4100.0,19188.0,4.68
2024-03-14,600740.SH,3800.0,18848.0,4.96
2024-03-14,600888.SH,2600.0,19786.0,7.61
2024-03-14,601665.SH,4700.0,19928.0,4.24
2024-03-15,002597.SZ,700.0,12817.0,18.31
2024-03-15,002839.SZ,5500.0,22055.0,4.01
2024-03-15,002936.SZ,14900.0,30545.0,2.05
2024-03-15,600459.SH,1200.0,18216.0,15.18
2024-03-15,600502.SH,4100.0,19229.0,4.69
2024-03-15,600740.SH,3800.0,18886.0,4.97
2024-03-15,600888.SH,2600.0,20306.0,7.81
2024-03-15,601665.SH,4700.0,20163.0,4.29
2024-03-18,002597.SZ,700.0,13020.0,18.6
2024-03-18,002839.SZ,5500.0,22165.0,4.03
2024-03-18,002936.SZ,14900.0,30545.0,2.05
2024-03-18,600459.SH,1200.0,18144.0,15.12
2024-03-18,600502.SH,4100.0,19434.0,4.74
2024-03-18,600740.SH,3800.0,18924.0,4.98
2024-03-18,600888.SH,2600.0,20540.0,7.9
2024-03-18,601665.SH,4700.0,20210.0,4.3
2024-03-19,002597.SZ,700.0,13153.0,18.79
2024-03-19,002839.SZ,5500.0,22000.0,4.0
2024-03-19,002936.SZ,14900.0,30247.0,2.03
2024-03-19,600459.SH,1200.0,18108.0,15.09
2024-03-19,600502.SH,4100.0,19311.0,4.71
2024-03-19,600740.SH,3800.0,18924.0,4.98
2024-03-19,600888.SH,2600.0,20384.0,7.84
2024-03-19,601665.SH,4700.0,19975.0,4.25
2024-03-20,002597.SZ,700.0,13692.0,19.56
2024-03-20,002839.SZ,5500.0,22110.0,4.02
2024-03-20,002936.SZ,14900.0,30396.0,2.04
2024-03-20,600459.SH,1200.0,17976.0,14.98
2024-03-20,600502.SH,4100.0,19393.0,4.73
2024-03-20,600740.SH,3800.0,18848.0,4.96
2024-03-20,600888.SH,2600.0,20306.0,7.81
2024-03-20,601665.SH,4700.0,20163.0,4.29
2024-03-21,002597.SZ,700.0,13720.0,19.6
2024-03-21,002839.SZ,5500.0,22110.0,4.02
2024-03-21,002936.SZ,14900.0,30396.0,2.04
2024-03-21,600459.SH,1200.0,18252.0,15.21
2024-03-21,600502.SH,4100.0,19762.0,4.82
2024-03-21,600740.SH,3800.0,18734.0,4.93
2024-03-21,600888.SH,2600.0,20618.0,7.93
2024-03-21,601665.SH,4700.0,20210.0,4.3
2024-03-22,002597.SZ,700.0,13566.0,19.38
2024-03-22,002839.SZ,5500.0,21835.0,3.97
2024-03-22,002936.SZ,14900.0,30098.0,2.02
2024-03-22,600459.SH,1200.0,17916.0,14.93
2024-03-22,600502.SH,4100.0,19434.0,4.74
2024-03-22,600740.SH,3800.0,18468.0,4.86
2024-03-22,600888.SH,2600.0,20254.0,7.79
2024-03-22,601665.SH,4700.0,19975.0,4.25
2024-03-25,002597.SZ,700.0,13020.0,18.6
2024-03-25,002839.SZ,5500.0,21835.0,3.97
2024-03-25,002936.SZ,14900.0,29949.0,2.01
2024-03-25,600459.SH,1200.0,17628.0,14.69
2024-03-25,600502.SH,4100.0,19639.0,4.79
2024-03-25,600740.SH,3800.0,18240.0,4.8
2024-03-25,600888.SH,2600.0,20306.0,7.81
2024-03-25,601665.SH,4700.0,20069.0,4.27
2024-03-26,002597.SZ,700.0,13223.0,18.89
2024-03-26,002839.SZ,5500.0,22055.0,4.01
2024-03-26,002936.SZ,14900.0,29949.0,2.01
2024-03-26,600459.SH,1200.0,17412.0,14.51
2024-03-26,600502.SH,4100.0,20295.0,4.95
2024-03-26,600740.SH,3800.0,18050.0,4.75
2024-03-26,600888.SH,2600.0,20384.0,7.84
2024-03-26,601665.SH,4700.0,20257.0,4.31
2024-03-27,002597.SZ,700.0,12838.0,18.34
2024-03-27,002839.SZ,5500.0,21945.0,3.99
2024-03-27,002936.SZ,14900.0,29800.0,2.0
2024-03-27,600459.SH,1200.0,17196.0,14.33
2024-03-27,600502.SH,4100.0,19434.0,4.74
2024-03-27,600740.SH,3800.0,17784.0,4.68
2024-03-27,600888.SH,2600.0,19838.0,7.63
2024-03-27,601665.SH,4700.0,20351.0,4.33
2024-03-28,002597.SZ,700.0,12796.0,18.28
2024-03-28,002839.SZ,5500.0,21835.0,3.97
2024-03-28,002936.SZ,14900.0,29651.0,1.99
2024-03-28,600459.SH,1200.0,17400.0,14.5
2024-03-28,600502.SH,4100.0,19803.0,4.83
2024-03-28,600740.SH,3800.0,17860.0,4.7
2024-03-28,600888.SH,2600.0,20384.0,7.84
2024-03-28,601665.SH,4700.0,20163.0,4.29
2024-03-29,002597.SZ,700.0,13062.0,18.66
2024-03-29,002839.SZ,5500.0,21835.0,3.97
2024-03-29,002936.SZ,14900.0,29055.0,1.95
2024-03-29,600459.SH,1200.0,17844.0,14.87
2024-03-29,600502.SH,4100.0,19885.0,4.85
2024-03-29,600740.SH,3800.0,18126.0,4.77
2024-03-29,600888.SH,2600.0,20878.0,8.03
2024-03-29,601665.SH,4700.0,20163.0,4.29
2024-04-01,000552.SZ,6500.0,19305.0,2.97
2024-04-01,002807.SZ,5300.0,20458.0,3.86
2024-04-01,002839.SZ,5500.0,22165.0,4.03
2024-04-01,002948.SZ,5600.0,18592.0,3.32
2024-04-01,600033.SH,7000.0,23380.0,3.34
2024-04-01,600064.SH,4200.0,26502.0,6.31
2024-04-01,600740.SH,3800.0,18240.0,4.8
2024-04-01,601665.SH,3800.0,16872.0,4.44
2024-04-02,000552.SZ,6500.0,19565.0,3.01
2024-04-02,002807.SZ,5300.0,20458.0,3.86
2024-04-02,002839.SZ,5500.0,22220.0,4.04
2024-04-02,002948.SZ,5600.0,18592.0,3.32
2024-04-02,600033.SH,7000.0,23520.0,3.36
2024-04-02,600064.SH,4200.0,26502.0,6.31
2024-04-02,600740.SH,3800.0,18430.0,4.85
2024-04-02,601665.SH,3800.0,16834.0,4.43
2024-04-03,000552.SZ,6500.0,20020.0,3.08
2024-04-03,002807.SZ,5300.0,20405.0,3.85
2024-04-03,002839.SZ,5500.0,22165.0,4.03
2024-04-03,002948.SZ,5600.0,18592.0,3.32
2024-04-03,600033.SH,7000.0,23660.0,3.38
2024-04-03,600064.SH,4200.0,26628.0,6.34
2024-04-03,600740.SH,3800.0,18924.0,4.98
2024-04-03,601665.SH,3800.0,16910.0,4.45
2024-04-08,000552.SZ,6500.0,19955.0,3.07
2024-04-08,002807.SZ,5300.0,20458.0,3.86
2024-04-08,002839.SZ,5500.0,22220.0,4.04
2024-04-08,002948.SZ,5600.0,18592.0,3.32
2024-04-08,600033.SH,7000.0,23870.0,3.41
2024-04-08,600064.SH,4200.0,26586.0,6.33
2024-04-08,600740.SH,3800.0,19000.0,5.0
2024-04-08,601665.SH,3800.0,16948.0,4.46
2024-04-09,000552.SZ,6500.0,20020.0,3.08
2024-04-09,002807.SZ,5300.0,20564.0,3.88
2024-04-09,002839.SZ,5500.0,22220.0,4.04
2024-04-09,002948.SZ,5600.0,18760.0,3.35
2024-04-09,600033.SH,7000.0,23660.0,3.38
2024-04-09,600064.SH,4200.0,26922.0,6.41
2024-04-09,600740.SH,3800.0,19190.0,5.05
2024-04-09,601665.SH,3800.0,16910.0,4.45
2024-04-10,000552.SZ,6500.0,20150.0,3.1
2024-04-10,002807.SZ,5300.0,20511.0,3.87
2024-04-10,002839.SZ,5500.0,22165.0,4.03
2024-04-10,002948.SZ,5600.0,18592.0,3.32
2024-04-10,600033.SH,7000.0,23730.0,3.39
2024-04-10,600064.SH,4200.0,26796.0,6.38
2024-04-10,600740.SH,3800.0,19152.0,5.04
2024-04-10,601665.SH,3800.0,16834.0,4.43
2024-04-11,000552.SZ,6500.0,20475.0,3.15
2024-04-11,002807.SZ,5300.0,20405.0,3.85
2024-04-11,002839.SZ,5500.0,22110.0,4.02
2024-04-11,002948.SZ,5600.0,18592.0,3.32
2024-04-11,600033.SH,7000.0,23940.0,3.42
2024-04-11,600064.SH,4200.0,26754.0,6.37
2024-04-11,600740.SH,3800.0,19342.0,5.09
2024-04-11,601665.SH,3800.0,16910.0,4.45
2024-04-12,000552.SZ,6500.0,20540.0,3.16
2024-04-12,002807.SZ,5300.0,20299.0,3.83
2024-04-12,002839.SZ,5500.0,22055.0,4.01
2024-04-12,002948.SZ,5600.0,18424.0,3.29
2024-04-12,600033.SH,7000.0,24080.0,3.44
2024-04-12,600064.SH,4200.0,26712.0,6.36
2024-04-12,600740.SH,3800.0,19646.0,5.17
2024-04-12,601665.SH,3800.0,16796.0,4.42
2024-04-15,000552.SZ,6500.0,21905.0,3.37
2024-04-15,002807.SZ,5300.0,20405.0,3.85
2024-04-15,002839.SZ,5500.0,22275.0,4.05
2024-04-15,002948.SZ,5600.0,18648.0,3.33
2024-04-15,600033.SH,7000.0,24430.0,3.49
2024-04-15,600064.SH,4200.0,27132.0,6.46
2024-04-15,600740.SH,3800.0,19570.0,5.15
2024-04-15,601665.SH,3800.0,17290.0,4.55
2024-04-16,000552.SZ,6500.0,22620.0,3.48
2024-04-16,002807.SZ,5300.0,20087.0,3.79
2024-04-16,002839.SZ,5500.0,21945.0,3.99
2024-04-16,002948.SZ,5600.0,18424.0,3.29
2024-04-16,600033.SH,7000.0,23800.0,3.4
2024-04-16,600064.SH,4200.0,27384.0,6.52
2024-04-16,600740.SH,3800.0,19114.0,5.03
2024-04-16,601665.SH,3800.0,17062.0,4.49
2024-04-17,000552.SZ,6500.0,22425.0,3.45
2024-04-17,002807.SZ,5300.0,20511.0,3.87
2024-04-17,002839.SZ,5500.0,22440.0,4.08
2024-04-17,002948.SZ,5600.0,18760.0,3.35
2024-04-17,600033.SH,7000.0,24570.0,3.51
2024-04-17,600064.SH,4200.0,27636.0,6.58
2024-04-17,600740.SH,3800.0,19342.0,5.09
2024-04-17,601665.SH,3800.0,17442.0,4.59
2024-04-18,000552.SZ,6500.0,23075.0,3.55
2024-04-18,002807.SZ,5300.0,20776.0,3.92
2024-04-18,002839.SZ,5500.0,22550.0,4.1
2024-04-18,002948.SZ,5600.0,18984.0,3.39
2024-04-18,600033.SH,7000.0,23590.0,3.37
2024-04-18,600064.SH,4200.0,27636.0,6.58
2024-04-18,600740.SH,3800.0,19342.0,5.09
2024-04-18,601665.SH,3800.0,17670.0,4.65
2024-04-19,000552.SZ,6500.0,22750.0,3.5
2024-04-19,002807.SZ,5300.0,20776.0,3.92
2024-04-19,002839.SZ,5500.0,22660.0,4.12
2024-04-19,002948.SZ,5600.0,18928.0,3.38
2024-04-19,600033.SH,7000.0,23800.0,3.4
2024-04-19,600064.SH,4200.0,27468.0,6.54
2024-04-19,600740.SH,3800.0,19494.0,5.13
2024-04-19,601665.SH,3800.0,17594.0,4.63
2024-04-22,000552.SZ,6500.0,21905.0,3.37
2024-04-22,002807.SZ,5300.0,20564.0,3.88
2024-04-22,002839.SZ,5500.0,22440.0,4.08
2024-04-22,002948.SZ,5600.0,18704.0,3.34
2024-04-22,600033.SH,7000.0,23380.0,3.34
2024-04-22,600064.SH,4200.0,27132.0,6.46
2024-04-22,600740.SH,3800.0,19038.0,5.01
2024-04-22,601665.SH,3800.0,17366.0,4.57
2024-04-23,000552.SZ,6500.0,20995.0,3.23
2024-04-23,002807.SZ,5300.0,20564.0,3.88
2024-04-23,002839.SZ,5500.0,22440.0,4.08
2024-04-23,002948.SZ,5600.0,18592.0,3.32
2024-04-23,600033.SH,7000.0,22960.0,3.28
2024-04-23,600064.SH,4200.0,26796.0,6.38
2024-04-23,600740.SH,3800.0,17138.0,4.51
2024-04-23,601665.SH,3800.0,17366.0,4.57
2024-04-24,000552.SZ,6500.0,21840.0,3.36
2024-04-24,002807.SZ,5300.0,20405.0,3.85
2024-04-24,002839.SZ,5500.0,22275.0,4.05
2024-04-24,002948.SZ,5600.0,18480.0,3.3
2024-04-24,600033.SH,7000.0,23100.0,3.3
2024-04-24,600064.SH,4200.0,27006.0,6.43
2024-04-24,600740.SH,3800.0,16606.0,4.37
2024-04-24,601665.SH,3800.0,17100.0,4.5
2024-04-25,000552.SZ,6500.0,21970.0,3.38
2024-04-25,002807.SZ,5300.0,20723.0,3.91
2024-04-25,002839.SZ,5500.0,22495.0,4.09
2024-04-25,002948.SZ,5600.0,18816.0,3.36
2024-04-25,600033.SH,7000.0,23450.0,3.35
2024-04-25,600064.SH,4200.0,26880.0,6.4
2024-04-25,600740.SH,3800.0,17214.0,4.53
2024-04-25,601665.SH,3800.0,17594.0,4.63
2024-04-26,000552.SZ,6500.0,23140.0,3.56
2024-04-26,002807.SZ,5300.0,20405.0,3.85
2024-04-26,002839.SZ,5500.0,22275.0,4.05
2024-04-26,002948.SZ,5600.0,18424.0,3.29
2024-04-26,600033.SH,7000.0,23240.0,3.32
2024-04-26,600064.SH,4200.0,27006.0,6.43
2024-04-26,600740.SH,3800.0,17138.0,4.51
2024-04-26,601665.SH,3800.0,17252.0,4.54
2024-04-29,000552.SZ,6500.0,22425.0,3.45
2024-04-29,002807.SZ,5300.0,20723.0,3.91
2024-04-29,002839.SZ,5500.0,22770.0,4.14
2024-04-29,002948.SZ,5600.0,18872.0,3.37
2024-04-29,600033.SH,7000.0,23240.0,3.32
2024-04-29,600064.SH,4200.0,26838.0,6.39
2024-04-29,600740.SH,3800.0,17404.0,4.58
2024-04-29,601665.SH,3800.0,18164.0,4.78
2024-04-30,000552.SZ,6500.0,22880.0,3.52
2024-04-30,002807.SZ,5300.0,20829.0,3.93
2024-04-30,002839.SZ,5500.0,22825.0,4.15
2024-04-30,002948.SZ,5600.0,19432.0,3.47
2024-04-30,600033.SH,7000.0,23660.0,3.38
2024-04-30,600064.SH,4200.0,26460.0,6.3
2024-04-30,600740.SH,3800.0,17214.0,4.53
2024-04-30,601665.SH,3800.0,18126.0,4.77
2024-05-06,000552.SZ,6500.0,22555.0,3.47
2024-05-06,002807.SZ,5300.0,20882.0,3.94
2024-05-06,002839.SZ,5500.0,23045.0,4.19
2024-05-06,002948.SZ,5600.0,19432.0,3.47
2024-05-06,600033.SH,7000.0,23940.0,3.42
2024-05-06,600064.SH,4200.0,26712.0,6.36
2024-05-06,600740.SH,3800.0,17556.0,4.62
2024-05-06,601665.SH,3800.0,17936.0,4.72
2024-05-07,000552.SZ,6500.0,22750.0,3.5
2024-05-07,002807.SZ,5300.0,20829.0,3.93
2024-05-07,002839.SZ,5500.0,22935.0,4.17
2024-05-07,002948.SZ,5600.0,19264.0,3.44
2024-05-07,600033.SH,7000.0,23730.0,3.39
2024-05-07,600064.SH,4200.0,26754.0,6.37
2024-05-07,600740.SH,3800.0,17442.0,4.59
2024-05-07,601665.SH,3800.0,18202.0,4.79
2024-05-08,000552.SZ,6500.0,22685.0,3.49
2024-05-08,002807.SZ,5300.0,20617.0,3.89
2024-05-08,002839.SZ,5500.0,22715.0,4.13
2024-05-08,002948.SZ,5600.0,19040.0,3.4
2024-05-08,600033.SH,7000.0,23660.0,3.38
2024-05-08,600064.SH,4200.0,26208.0,6.24
2024-05-08,600740.SH,3800.0,17404.0,4.58
2024-05-08,601665.SH,3800.0,18050.0,4.75
2024-05-09,000552.SZ,6500.0,22880.0,3.52
2024-05-09,002807.SZ,5300.0,20776.0,3.92
2024-05-09,002839.SZ,5500.0,22880.0,4.16
2024-05-09,002948.SZ,5600.0,19376.0,3.46
2024-05-09,600033.SH,7000.0,23870.0,3.41
2024-05-09,600064.SH,4200.0,26460.0,6.3
2024-05-09,600740.SH,3800.0,17442.0,4.59
2024-05-09,601665.SH,3800.0,18164.0,4.78
2024-05-10,000552.SZ,6500.0,22620.0,3.48
2024-05-10,002807.SZ,5300.0,19981.0,3.77
2024-05-10,002839.SZ,5500.0,23100.0,4.2
2024-05-10,002948.SZ,5600.0,19432.0,3.47
2024-05-10,600033.SH,7000.0,24010.0,3.43
2024-05-10,600064.SH,4200.0,26922.0,6.41
2024-05-10,600740.SH,3800.0,17328.0,4.56
2024-05-10,601665.SH,3800.0,18316.0,4.82
2024-05-13,000552.SZ,6500.0,23400.0,3.6
2024-05-13,002807.SZ,5300.0,20352.0,3.84
2024-05-13,002839.SZ,5500.0,23320.0,4.24
2024-05-13,002948.SZ,5600.0,19656.0,3.51
2024-05-13,600033.SH,7000.0,24080.0,3.44
2024-05-13,600064.SH,4200.0,26796.0,6.38
2024-05-13,600740.SH,3800.0,17100.0,4.5
2024-05-13,601665.SH,3800.0,19304.0,5.08
2024-05-14,000552.SZ,6500.0,22945.0,3.53
2024-05-14,002807.SZ,5300.0,20246.0,3.82
2024-05-14,002839.SZ,5500.0,23430.0,4.26
2024-05-14,002948.SZ,5600.0,19768.0,3.53
2024-05-14,600033.SH,7000.0,24080.0,3.44
2024-05-14,600064.SH,4200.0,26754.0,6.37
2024-05-14,600740.SH,3800.0,17024.0,4.48
2024-05-14,601665.SH,3800.0,19076.0,5.02
2024-05-15,000552.SZ,6500.0,22880.0,3.52
2024-05-15,002807.SZ,5300.0,20405.0,3.85
2024-05-15,002839.SZ,5500.0,23485.0,4.27
2024-05-15,002948.SZ,5600.0,19880.0,3.55
2024-05-15,600033.SH,7000.0,23800.0,3.4
2024-05-15,600064.SH,4200.0,26964.0,6.42
2024-05-15,600740.SH,3800.0,17100.0,4.5
2024-05-15,601665.SH,3800.0,19114.0,5.03
2024-05-16,000552.SZ,6500.0,22620.0,3.48
2024-05-16,002807.SZ,5300.0,20776.0,3.92
2024-05-16,002839.SZ,5500.0,23870.0,4.34
2024-05-16,002948.SZ,5600.0,20328.0,3.63
2024-05-16,600033.SH,7000.0,23730.0,3.39
2024-05-16,600064.SH,4200.0,27426.0,6.53
2024-05-16,600740.SH,3800.0,17100.0,4.5
2024-05-16,601665.SH,3800.0,19456.0,5.12
2024-05-17,000552.SZ,6500.0,23075.0,3.55
2024-05-17,002807.SZ,5300.0,21147.0,3.99
2024-05-17,002839.SZ,5500.0,24475.0,4.45
2024-05-17,002948.SZ,5600.0,20664.0,3.69
2024-05-17,600033.SH,7000.0,23730.0,3.39
2024-05-17,600064.SH,4200.0,28602.0,6.81
2024-05-17,600740.SH,3800.0,17328.0,4.56
2024-05-17,601665.SH,3800.0,19836.0,5.22
2024-05-20,000552.SZ,6500.0,23725.0,3.65
2024-05-20,002807.SZ,5300.0,20988.0,3.96
2024-05-20,002839.SZ,5500.0,24200.0,4.4
2024-05-20,002948.SZ,5600.0,20608.0,3.68
2024-05-20,600033.SH,7000.0,24010.0,3.43
2024-05-20,600064.SH,4200.0,28224.0,6.72
2024-05-20,600740.SH,3800.0,17670.0,4.65
2024-05-20,601665.SH,3800.0,19608.0,5.16
2024-05-21,000552.SZ,6500.0,24050.0,3.7
2024-05-21,002807.SZ,5300.0,21465.0,4.05
2024-05-21,002839.SZ,5500.0,24530.0,4.46
2024-05-21,002948.SZ,5600.0,20944.0,3.74
2024-05-21,600033.SH,7000.0,23800.0,3.4
2024-05-21,600064.SH,4200.0,28728.0,6.84
2024-05-21,600740.SH,3800.0,17480.0,4.6
2024-05-21,601665.SH,3800.0,19722.0,5.19
2024-05-22,000552.SZ,6500.0,23985.0,3.69
2024-05-22,002807.SZ,5300.0,21836.0,4.12
2024-05-22,002839.SZ,5500.0,24970.0,4.54
2024-05-22,002948.SZ,5600.0,21392.0,3.82
2024-05-22,600033.SH,7000.0,23800.0,3.4
2024-05-22,600064.SH,4200.0,28770.0,6.85
2024-05-22,600740.SH,3800.0,17670.0,4.65
2024-05-22,601665.SH,3800.0,19722.0,5.19
2024-05-23,000552.SZ,6500.0,23075.0,3.55
2024-05-23,002807.SZ,5300.0,21836.0,4.12
2024-05-23,002839.SZ,5500.0,24750.0,4.5
2024-05-23,002948.SZ,5600.0,21224.0,3.79
2024-05-23,600033.SH,7000.0,23520.0,3.36
2024-05-23,600064.SH,4200.0,28140.0,6.7
2024-05-23,600740.SH,3800.0,17138.0,4.51
2024-05-23,601665.SH,3800.0,19532.0,5.14
2024-05-24,000552.SZ,6500.0,23140.0,3.56
2024-05-24,002807.SZ,5300.0,21889.0,4.13
2024-05-24,002839.SZ,5500.0,24805.0,4.51
2024-05-24,002948.SZ,5600.0,21336.0,3.81
2024-05-24,600033.SH,7000.0,23590.0,3.37
2024-05-24,600064.SH,4200.0,27720.0,6.6
2024-05-24,600740.SH,3800.0,17176.0,4.52
2024-05-24,601665.SH,3800.0,19570.0,5.15
2024-05-27,000552.SZ,6500.0,23205.0,3.57
2024-05-27,002807.SZ,5300.0,21942.0,4.14
2024-05-27,002839.SZ,5500.0,24915.0,4.53
2024-05-27,002948.SZ,5600.0,21336.0,3.81
2024-05-27,600033.SH,7000.0,23870.0,3.41
2024-05-27,600064.SH,4200.0,27846.0,6.63
2024-05-27,600740.SH,3800.0,17252.0,4.54
2024-05-27,601665.SH,3800.0,19760.0,5.2
2024-05-28,000552.SZ,6500.0,23530.0,3.62
2024-05-28,002807.SZ,5300.0,21677.0,4.09
2024-05-28,002839.SZ,5500.0,24475.0,4.45
2024-05-28,002948.SZ,5600.0,20944.0,3.74
2024-05-28,600033.SH,7000.0,23730.0,3.39
2024-05-28,600064.SH,4200.0,27258.0,6.49
2024-05-28,600740.SH,3800.0,17138.0,4.51
2024-05-28,601665.SH,3800.0,19570.0,5.15
2024-05-29,000552.SZ,6500.0,24570.0,3.78
2024-05-29,002807.SZ,5300.0,21677.0,4.09
2024-05-29,002839.SZ,5500.0,24255.0,4.41
2024-05-29,002948.SZ,5600.0,20608.0,3.68
2024-05-29,600033.SH,7000.0,23660.0,3.38
2024-05-29,600064.SH,4200.0,27174.0,6.47
2024-05-29,600740.SH,3800.0,17214.0,4.53
2024-05-29,601665.SH,3800.0,19266.0,5.07
2024-05-30,000552.SZ,6500.0,23530.0,3.62
2024-05-30,002807.SZ,5300.0,21730.0,4.1
2024-05-30,002839.SZ,5500.0,24145.0,4.39
2024-05-30,002948.SZ,5600.0,20272.0,3.62
2024-05-30,600033.SH,7000.0,23590.0,3.37
2024-05-30,600064.SH,4200.0,26754.0,6.37
2024-05-30,600740.SH,3800.0,16986.0,4.47
2024-05-30,601665.SH,3800.0,19038.0,5.01
2024-05-31,000552.SZ,6500.0,25220.0,3.88
2024-05-31,002807.SZ,5300.0,21942.0,4.14
2024-05-31,002839.SZ,5500.0,24145.0,4.39
2024-05-31,002948.SZ,5600.0,20328.0,3.63
2024-05-31,600033.SH,7000.0,23730.0,3.39
2024-05-31,600064.SH,4200.0,26712.0,6.36
2024-05-31,600740.SH,3800.0,17100.0,4.5
2024-05-31,601665.SH,3800.0,19000.0,5.0
2024-06-03,000552.SZ,6500.0,24700.0,3.8
2024-06-03,002807.SZ,5300.0,21253.0,4.01
2024-06-03,002839.SZ,5500.0,23540.0,4.28
2024-06-03,002948.SZ,5600.0,19880.0,3.55
2024-06-03,600033.SH,7000.0,23730.0,3.39
2024-06-03,600064.SH,4200.0,26250.0,6.25
2024-06-03,600740.SH,3800.0,16644.0,4.38
2024-06-03,601665.SH,3800.0,18886.0,4.97
2024-06-04,000552.SZ,6500.0,24245.0,3.73
2024-06-04,002807.SZ,5300.0,21200.0,4.0
2024-06-04,002839.SZ,5500.0,23705.0,4.31
2024-06-04,002948.SZ,5600.0,20216.0,3.61
2024-06-04,600033.SH,7000.0,24150.0,3.45
2024-06-04,600064.SH,4200.0,26586.0,6.33
2024-06-04,600740.SH,3800.0,16606.0,4.37
2024-06-04,601665.SH,3800.0,19152.0,5.04
2024-06-05,000552.SZ,6500.0,23855.0,3.67
2024-06-05,002807.SZ,5300.0,20564.0,3.88
2024-06-05,002839.SZ,5500.0,23210.0,4.22
2024-06-05,002948.SZ,5600.0,19600.0,3.5
2024-06-05,600033.SH,7000.0,23870.0,3.41
2024-06-05,600064.SH,4200.0,26082.0,6.21
2024-06-05,600740.SH,3800.0,16188.0,4.26
2024-06-05,601665.SH,3800.0,18544.0,4.88
2024-06-06,000552.SZ,6500.0,23920.0,3.68
2024-06-06,002807.SZ,5300.0,20564.0,3.88
2024-06-06,002839.SZ,5500.0,22110.0,4.02
2024-06-06,002948.SZ,5600.0,19488.0,3.48
2024-06-06,600033.SH,7000.0,23520.0,3.36
2024-06-06,600064.SH,4200.0,25704.0,6.12
2024-06-06,600740.SH,3800.0,15998.0,4.21
2024-06-06,601665.SH,3800.0,18468.0,4.86
2024-06-07,000552.SZ,6500.0,23595.0,3.63
2024-06-07,002807.SZ,5300.0,20776.0,3.92
2024-06-07,002839.SZ,5500.0,22440.0,4.08
2024-06-07,002948.SZ,5600.0,19656.0,3.51
2024-06-07,600033.SH,7000.0,24430.0,3.49
2024-06-07,600064.SH,4200.0,26166.0,6.23
2024-06-07,600740.SH,3800.0,16492.0,4.34
2024-06-07,601665.SH,3800.0,18810.0,4.95
2024-06-11,000552.SZ,6500.0,23920.0,3.68
2024-06-11,002807.SZ,5300.0,20405.0,3.85
2024-06-11,002839.SZ,5500.0,22165.0,4.03
2024-06-11,002948.SZ,5600.0,19264.0,3.44
2024-06-11,600033.SH,7000.0,24010.0,3.43
2024-06-11,600064.SH,4200.0,25830.0,6.15
2024-06-11,600740.SH,3800.0,16150.0,4.25
2024-06-11,601665.SH,3800.0,18430.0,4.85
2024-06-12,000552.SZ,6500.0,24570.0,3.78
2024-06-12,002807.SZ,5300.0,20299.0,3.83
2024-06-12,002839.SZ,5500.0,22055.0,4.01
2024-06-12,002948.SZ,5600.0,19208.0,3.43
2024-06-12,600033.SH,7000.0,23940.0,3.42
2024-06-12,600064.SH,4200.0,25704.0,6.12
2024-06-12,600740.SH,3800.0,16416.0,4.32
2024-06-12,601665.SH,3800.0,18278.0,4.81
2024-06-13,000552.SZ,6500.0,23270.0,3.58
2024-06-13,002807.SZ,5300.0,20034.0,3.78
2024-06-13,002839.SZ,5500.0,21725.0,3.95
2024-06-13,002948.SZ,5600.0,18984.0,3.39
2024-06-13,600033.SH,7000.0,23660.0,3.38
2024-06-13,600064.SH,4200.0,25536.0,6.08
2024-06-13,600740.SH,3800.0,16150.0,4.25
2024-06-13,601665.SH,3800.0,17784.0,4.68
2024-06-14,000552.SZ,6500.0,23725.0,3.65
2024-06-14,002807.SZ,5300.0,20246.0,3.82
2024-06-14,002839.SZ,5500.0,21945.0,3.99
2024-06-14,002948.SZ,5600.0,19208.0,3.43
2024-06-14,600033.SH,7000.0,23940.0,3.42
2024-06-14,600064.SH,4200.0,25788.0,6.14
2024-06-14,600740.SH,3800.0,16150.0,4.25
2024-06-14,601665.SH,3800.0,18126.0,4.77
2024-06-17,000552.SZ,6500.0,23140.0,3.56
2024-06-17,002807.SZ,5300.0,19981.0,3.77
2024-06-17,002839.SZ,5500.0,21890.0,3.98
2024-06-17,002948.SZ,5600.0,19096.0,3.41
2024-06-17,600033.SH,7000.0,23800.0,3.4
2024-06-17,600064.SH,4200.0,25662.0,6.11
2024-06-17,600740.SH,3800.0,15884.0,4.18
2024-06-17,601665.SH,3800.0,17822.0,4.69
2024-06-18,000552.SZ,6500.0,22750.0,3.5
2024-06-18,002807.SZ,5300.0,20087.0,3.79
2024-06-18,002839.SZ,5500.0,22110.0,4.02
2024-06-18,002948.SZ,5600.0,19264.0,3.44
2024-06-18,600033.SH,7000.0,24290.0,3.47
2024-06-18,600064.SH,4200.0,25830.0,6.15
2024-06-18,600740.SH,3800.0,15922.0,4.19
2024-06-18,601665.SH,3800.0,18126.0,4.77
2024-06-19,000552.SZ,6500.0,22165.0,3.41
2024-06-19,002807.SZ,5300.0,20087.0,3.79
2024-06-19,002839.SZ,5500.0,22055.0,4.01
2024-06-19,002948.SZ,5600.0,19432.0,3.47
2024-06-19,600033.SH,7000.0,24080.0,3.44
2024-06-19,600064.SH,4200.0,25704.0,6.12
2024-06-19,600740.SH,3800.0,15808.0,4.16
2024-06-19,601665.SH,3800.0,18506.0,4.87
2024-06-20,000552.SZ,6500.0,22165.0,3.41
2024-06-20,002807.SZ,5300.0,19769.0,3.73
2024-06-20,002839.SZ,5500.0,21670.0,3.94
2024-06-20,002948.SZ,5600.0,18088.0,3.23
2024-06-20,600033.SH,7000.0,23870.0,3.41
2024-06-20,600064.SH,4200.0,25368.0,6.04
2024-06-20,600740.SH,3800.0,15504.0,4.08
2024-06-20,601665.SH,3800.0,17860.0,4.7
2024-06-21,000552.SZ,6500.0,21255.0,3.27
2024-06-21,002807.SZ,5300.0,19663.0,3.71
2024-06-21,002839.SZ,5500.0,21615.0,3.93
2024-06-21,002948.SZ,5600.0,18312.0,3.27
2024-06-21,600033.SH,7000.0,23940.0,3.42
2024-06-21,600064.SH,4200.0,25494.0,6.07
2024-06-21,600740.SH,3800.0,15428.0,4.06
2024-06-21,601665.SH,3800.0,18050.0,4.75
2024-06-24,000552.SZ,6500.0,20800.0,3.2
2024-06-24,002807.SZ,5300.0,19292.0,3.64
2024-06-24,002839.SZ,5500.0,21230.0,3.86
2024-06-24,002948.SZ,5600.0,17920.0,3.2
2024-06-24,600033.SH,7000.0,23800.0,3.4
2024-06-24,600064.SH,4200.0,24948.0,5.94
2024-06-24,600740.SH,3800.0,14782.0,3.89
2024-06-24,601665.SH,3800.0,17822.0,4.69
2024-06-25,000552.SZ,6500.0,21645.0,3.33
2024-06-25,002807.SZ,5300.0,19504.0,3.68
2024-06-25,002839.SZ,5500.0,21505.0,3.91
2024-06-25,002948.SZ,5600.0,18088.0,3.23
2024-06-25,600033.SH,7000.0,24080.0,3.44
2024-06-25,600064.SH,4200.0,25074.0,5.97
2024-06-25,600740.SH,3800.0,14934.0,3.93
2024-06-25,601665.SH,3800.0,18164.0,4.78
2024-06-26,000552.SZ,6500.0,22685.0,3.49
2024-06-26,002807.SZ,5300.0,19610.0,3.7
2024-06-26,002839.SZ,5500.0,21835.0,3.97
2024-06-26,002948.SZ,5600.0,18312.0,3.27
2024-06-26,600033.SH,7000.0,24010.0,3.43
2024-06-26,600064.SH,4200.0,25368.0,6.04
2024-06-26,600740.SH,3800.0,15200.0,4.0
2024-06-26,601665.SH,3800.0,18164.0,4.78
2024-06-27,000552.SZ,6500.0,22230.0,3.42
2024-06-27,002807.SZ,5300.0,19663.0,3.71
2024-06-27,002839.SZ,5500.0,21780.0,3.96
2024-06-27,002948.SZ,5600.0,18256.0,3.26
2024-06-27,600033.SH,7000.0,23170.0,3.31
2024-06-27,600064.SH,4200.0,25326.0,6.03
2024-06-27,600740.SH,3800.0,14896.0,3.92
2024-06-27,601665.SH,3800.0,18240.0,4.8
2024-06-28,000552.SZ,6500.0,22555.0,3.47
2024-06-28,002807.SZ,5300.0,19981.0,3.77
2024-06-28,002839.SZ,5500.0,22110.0,4.02
2024-06-28,002948.SZ,5600.0,18872.0,3.37
2024-06-28,600033.SH,7000.0,23450.0,3.35
2024-06-28,600064.SH,4200.0,25494.0,6.07
2024-06-28,600740.SH,3800.0,14896.0,3.92
2024-06-28,601665.SH,3800.0,18658.0,4.91
2024-07-01,000429.SZ,2100.0,22008.0,10.48
2024-07-01,002233.SZ,2800.0,20356.0,7.27
2024-07-01,002831.SZ,1000.0,25400.0,25.4
2024-07-01,002936.SZ,11200.0,19488.0,1.74
2024-07-01,600064.SH,3400.0,21012.0,6.18
2024-07-01,600717.SH,4000.0,17280.0,4.32
2024-07-01,601827.SH,2300.0,20033.0,8.71
2024-07-01,601963.SH,2800.0,22120.0,7.9
2024-07-02,000429.SZ,2100.0,22323.0,10.63
2024-07-02,002233.SZ,2800.0,20468.0,7.31
2024-07-02,002831.SZ,1000.0,24790.0,24.79
2024-07-02,002936.SZ,11200.0,19936.0,1.78
2024-07-02,600064.SH,3400.0,20842.0,6.13
2024-07-02,600717.SH,4000.0,17480.0,4.37
2024-07-02,601827.SH,2300.0,20033.0,8.71
2024-07-02,601963.SH,2800.0,22484.0,8.03
2024-07-03,000429.SZ,2100.0,22785.0,10.85
2024-07-03,002233.SZ,2800.0,20720.0,7.4
2024-07-03,002831.SZ,1000.0,24690.0,24.69
2024-07-03,002936.SZ,11200.0,20048.0,1.79
2024-07-03,600064.SH,3400.0,20842.0,6.13
2024-07-03,600717.SH,4000.0,17560.0,4.39
2024-07-03,601827.SH,2300.0,20102.0,8.74
2024-07-03,601963.SH,2800.0,22288.0,7.96
2024-07-04,000429.SZ,2100.0,23163.0,11.03
2024-07-04,002233.SZ,2800.0,20608.0,7.36
2024-07-04,002831.SZ,1000.0,24420.0,24.42
2024-07-04,002936.SZ,11200.0,19712.0,1.76
2024-07-04,600064.SH,3400.0,20536.0,6.04
2024-07-04,600717.SH,4000.0,17440.0,4.36
2024-07-04,601827.SH,2300.0,20056.0,8.72
2024-07-04,601963.SH,2800.0,21952.0,7.84
2024-07-05,000429.SZ,2100.0,23457.0,11.17
2024-07-05,002233.SZ,2800.0,20524.0,7.33
2024-07-05,002831.SZ,1000.0,24790.0,24.79
2024-07-05,002936.SZ,11200.0,19488.0,1.74
2024-07-05,600064.SH,3400.0,20536.0,6.04
2024-07-05,600717.SH,4000.0,17440.0,4.36
2024-07-05,601827.SH,2300.0,20355.0,8.85
2024-07-05,601963.SH,2800.0,21560.0,7.7
2024-07-08,000429.SZ,2100.0,23310.0,11.1
2024-07-08,002233.SZ,2800.0,20552.0,7.34
2024-07-08,002831.SZ,1000.0,24180.0,24.18
2024-07-08,002936.SZ,11200.0,19376.0,1.73
2024-07-08,600064.SH,3400.0,20230.0,5.95
2024-07-08,600717.SH,4000.0,17440.0,4.36
2024-07-08,601827.SH,2300.0,20447.0,8.89
2024-07-08,601963.SH,2800.0,21364.0,7.63
2024-07-09,000429.SZ,2100.0,23835.0,11.35
2024-07-09,002233.SZ,2800.0,20300.0,7.25
2024-07-09,002831.SZ,1000.0,24650.0,24.65
2024-07-09,002936.SZ,11200.0,19600.0,1.75
2024-07-09,600064.SH,3400.0,20468.0,6.02
2024-07-09,600717.SH,4000.0,17720.0,4.43
2024-07-09,601827.SH,2300.0,20401.0,8.87
2024-07-09,601963.SH,2800.0,21644.0,7.73
2024-07-10,000429.SZ,2100.0,23373.0,11.13
2024-07-10,002233.SZ,2800.0,20216.0,7.22
2024-07-10,002831.SZ,1000.0,24640.0,24.64
2024-07-10,002936.SZ,11200.0,19600.0,1.75
2024-07-10,600064.SH,3400.0,20264.0,5.96
2024-07-10,600717.SH,4000.0,17680.0,4.42
2024-07-10,601827.SH,2300.0,20171.0,8.77
2024-07-10,601963.SH,2800.0,21448.0,7.66
2024-07-11,000429.SZ,2100.0,22890.0,10.9
2024-07-11,002233.SZ,2800.0,20580.0,7.35
2024-07-11,002831.SZ,1000.0,24630.0,24.63
2024-07-11,002936.SZ,11200.0,19824.0,1.77
2024-07-11,600064.SH,3400.0,20570.0,6.05
2024-07-11,600717.SH,4000.0,17920.0,4.48
2024-07-11,601827.SH,2300.0,20401.0,8.87
2024-07-11,601963.SH,2800.0,21280.0,7.6
2024-07-12,000429.SZ,2100.0,23142.0,11.02
2024-07-12,002233.SZ,2800.0,20776.0,7.42
2024-07-12,002831.SZ,1000.0,24650.0,24.65
2024-07-12,002936.SZ,11200.0,19936.0,1.78
2024-07-12,600064.SH,3400.0,20774.0,6.11
2024-07-12,600717.SH,4000.0,17880.0,4.47
2024-07-12,601827.SH,2300.0,20378.0,8.86
2024-07-12,601963.SH,2800.0,21812.0,7.79
2024-07-15,000429.SZ,2100.0,21924.0,10.44
2024-07-15,002233.SZ,2800.0,21000.0,7.5
2024-07-15,002831.SZ,1000.0,24110.0,24.11
2024-07-15,002936.SZ,11200.0,19824.0,1.77
2024-07-15,600064.SH,3400.0,20774.0,6.11
2024-07-15,600717.SH,4000.0,17920.0,4.48
2024-07-15,601827.SH,2300.0,20677.0,8.99
2024-07-15,601963.SH,2800.0,21896.0,7.82
2024-07-16,000429.SZ,2100.0,21798.0,10.38
2024-07-16,002233.SZ,2800.0,20664.0,7.38
2024-07-16,002831.SZ,1000.0,24100.0,24.1
2024-07-16,002936.SZ,11200.0,19712.0,1.76
2024-07-16,600064.SH,3400.0,20774.0,6.11
2024-07-16,600717.SH,4000.0,17720.0,4.43
2024-07-16,601827.SH,2300.0,20263.0,8.81
2024-07-16,601963.SH,2800.0,21924.0,7.83
2024-07-17,000429.SZ,2100.0,21504.0,10.24
2024-07-17,002233.SZ,2800.0,20776.0,7.42
2024-07-17,002831.SZ,1000.0,24560.0,24.56
2024-07-17,002936.SZ,11200.0,19824.0,1.77
2024-07-17,600064.SH,3400.0,19992.0,5.88
2024-07-17,600717.SH,4000.0,17680.0,4.42
2024-07-17,601827.SH,2300.0,20010.0,8.7
2024-07-17,601963.SH,2800.0,22204.0,7.93
2024-07-18,000429.SZ,2100.0,21840.0,10.4
2024-07-18,002233.SZ,2800.0,20496.0,7.32
2024-07-18,002831.SZ,1000.0,24570.0,24.57
2024-07-18,002936.SZ,11200.0,19824.0,1.77
2024-07-18,600064.SH,3400.0,19992.0,5.88
2024-07-18,600717.SH,4000.0,17800.0,4.45
2024-07-18,601827.SH,2300.0,20125.0,8.75
2024-07-18,601963.SH,2800.0,22540.0,8.05
2024-07-19,000429.SZ,2100.0,21609.0,10.29
2024-07-19,002233.SZ,2800.0,20020.0,7.15
2024-07-19,002831.SZ,1000.0,24070.0,24.07
2024-07-19,002936.SZ,11200.0,19712.0,1.76
2024-07-19,600064.SH,3400.0,19788.0,5.82
2024-07-19,600717.SH,4000.0,17760.0,4.44
2024-07-19,601827.SH,2300.0,19849.0,8.63
2024-07-19,601963.SH,2800.0,20692.0,7.39
2024-07-22,000429.SZ,2100.0,21336.0,10.16
2024-07-22,002233.SZ,2800.0,19852.0,7.09
2024-07-22,002831.SZ,1000.0,23870.0,23.87
2024-07-22,002936.SZ,11200.0,19712.0,1.76
2024-07-22,600064.SH,3400.0,19516.0,5.74
2024-07-22,600717.SH,4000.0,17680.0,4.42
2024-07-22,601827.SH,2300.0,20102.0,8.74
2024-07-22,601963.SH,2800.0,20188.0,7.21
2024-07-23,000429.SZ,2100.0,21210.0,10.1
2024-07-23,002233.SZ,2800.0,19740.0,7.05
2024-07-23,002831.SZ,1000.0,23200.0,23.2
2024-07-23,002936.SZ,11200.0,19600.0,1.75
2024-07-23,600064.SH,3400.0,19482.0,5.73
2024-07-23,600717.SH,4000.0,17680.0,4.42
2024-07-23,601827.SH,2300.0,19964.0,8.68
2024-07-23,601963.SH,2800.0,20440.0,7.3
2024-07-24,000429.SZ,2100.0,21462.0,10.22
2024-07-24,002233.SZ,2800.0,19768.0,7.06
2024-07-24,002831.SZ,1000.0,23050.0,23.05
2024-07-24,002936.SZ,11200.0,19376.0,1.73
2024-07-24,600064.SH,3400.0,19414.0,5.71
2024-07-24,600717.SH,4000.0,17800.0,4.45
2024-07-24,601827.SH,2300.0,20562.0,8.94
2024-07-24,601963.SH,2800.0,20832.0,7.44
2024-07-25,000429.SZ,2100.0,21882.0,10.42
2024-07-25,002233.SZ,2800.0,20244.0,7.23
2024-07-25,002831.SZ,1000.0,22980.0,22.98
2024-07-25,002936.SZ,11200.0,19488.0,1.74
2024-07-25,600064.SH,3400.0,19482.0,5.73
2024-07-25,600717.SH,4000.0,17840.0,4.46
2024-07-25,601827.SH,2300.0,21045.0,9.15
2024-07-25,601963.SH,2800.0,20580.0,7.35
2024-07-26,000429.SZ,2100.0,21756.0,10.36
2024-07-26,002233.SZ,2800.0,20216.0,7.22
2024-07-26,002831.SZ,1000.0,23240.0,23.24
2024-07-26,002936.SZ,11200.0,19488.0,1.74
2024-07-26,600064.SH,3400.0,19550.0,5.75
2024-07-26,600717.SH,4000.0,17920.0,4.48
2024-07-26,601827.SH,2300.0,20884.0,9.08
2024-07-26,601963.SH,2800.0,20384.0,7.28
2024-07-29,000429.SZ,2100.0,22239.0,10.59
2024-07-29,002233.SZ,2800.0,20020.0,7.15
2024-07-29,002831.SZ,1000.0,22450.0,22.45
2024-07-29,002936.SZ,11200.0,19488.0,1.74
2024-07-29,600064.SH,3400.0,19482.0,5.73
2024-07-29,600717.SH,4000.0,18120.0,4.53
2024-07-29,601827.SH,2300.0,20953.0,9.11
2024-07-29,601963.SH,2800.0,20468.0,7.31
2024-07-30,000429.SZ,2100.0,22827.0,10.87
2024-07-30,002233.SZ,2800.0,20048.0,7.16
2024-07-30,002831.SZ,1000.0,22580.0,22.58
2024-07-30,002936.SZ,11200.0,19600.0,1.75
2024-07-30,600064.SH,3400.0,19754.0,5.81
2024-07-30,600717.SH,4000.0,18320.0,4.58
2024-07-30,601827.SH,2300.0,20953.0,9.11
2024-07-30,601963.SH,2800.0,20272.0,7.24
2024-07-31,000429.SZ,2100.0,22764.0,10.84
2024-07-31,002233.SZ,2800.0,19824.0,7.08
2024-07-31,002831.SZ,1000.0,23330.0,23.33
2024-07-31,002936.SZ,11200.0,20272.0,1.81
2024-07-31,600064.SH,3400.0,20196.0,5.94
2024-07-31,600717.SH,4000.0,18720.0,4.68
2024-07-31,601827.SH,2300.0,20815.0,9.05
2024-07-31,601963.SH,2800.0,20384.0,7.28
2024-08-01,000429.SZ,2100.0,23478.0,11.18
2024-08-01,002233.SZ,2800.0,19908.0,7.11
2024-08-01,002831.SZ,1000.0,22890.0,22.89
2024-08-01,002936.SZ,11200.0,19936.0,1.78
2024-08-01,600064.SH,3400.0,20026.0,5.89
2024-08-01,600717.SH,4000.0,19520.0,4.88
2024-08-01,601827.SH,2300.0,21114.0,9.18
2024-08-01,601963.SH,2800.0,20272.0,7.24
2024-08-02,000429.SZ,2100.0,23667.0,11.27
2024-08-02,002233.SZ,2800.0,20048.0,7.16
2024-08-02,002831.SZ,1000.0,22720.0,22.72
2024-08-02,002936.SZ,11200.0,19824.0,1.77
2024-08-02,600064.SH,3400.0,20060.0,5.9
2024-08-02,600717.SH,4000.0,19200.0,4.8
2024-08-02,601827.SH,2300.0,20976.0,9.12
2024-08-02,601963.SH,2800.0,20104.0,7.18
2024-08-05,000429.SZ,2100.0,23310.0,11.1
2024-08-05,002233.SZ,2800.0,19936.0,7.12
2024-08-05,002831.SZ,1000.0,22820.0,22.82
2024-08-05,002936.SZ,11200.0,19712.0,1.76
2024-08-05,600064.SH,3400.0,20026.0,5.89
2024-08-05,600717.SH,4000.0,18600.0,4.65
2024-08-05,601827.SH,2300.0,20286.0,8.82
2024-08-05,601963.SH,2800.0,19684.0,7.03
2024-08-06,000429.SZ,2100.0,22113.0,10.53
2024-08-06,002233.SZ,2800.0,20832.0,7.44
2024-08-06,002831.SZ,1000.0,22830.0,22.83
2024-08-06,002936.SZ,11200.0,19712.0,1.76
2024-08-06,600064.SH,3400.0,20196.0,5.94
2024-08-06,600717.SH,4000.0,18520.0,4.63
2024-08-06,601827.SH,2300.0,19780.0,8.6
2024-08-06,601963.SH,2800.0,19544.0,6.98
2024-08-07,000429.SZ,2100.0,21777.0,10.37
2024-08-07,002233.SZ,2800.0,20888.0,7.46
2024-08-07,002831.SZ,1000.0,23110.0,23.11
2024-08-07,002936.SZ,11200.0,19600.0,1.75
2024-08-07,600064.SH,3400.0,20094.0,5.91
2024-08-07,600717.SH,4000.0,18280.0,4.57
2024-08-07,601827.SH,2300.0,19987.0,8.69
2024-08-07,601963.SH,2800.0,19432.0,6.94
2024-08-08,000429.SZ,2100.0,22176.0,10.56
2024-08-08,002233.SZ,2800.0,20972.0,7.49
2024-08-08,002831.SZ,1000.0,23620.0,23.62
2024-08-08,002936.SZ,11200.0,19712.0,1.76
2024-08-08,600064.SH,3400.0,20366.0,5.99
2024-08-08,600717.SH,4000.0,18360.0,4.59
2024-08-08,601827.SH,2300.0,20194.0,8.78
2024-08-08,601963.SH,2800.0,19404.0,6.93
2024-08-09,000429.SZ,2100.0,21861.0,10.41
2024-08-09,002233.SZ,2800.0,20552.0,7.34
2024-08-09,002831.SZ,1000.0,23170.0,23.17
2024-08-09,002936.SZ,11200.0,19824.0,1.77
2024-08-09,600064.SH,3400.0,20570.0,6.05
2024-08-09,600717.SH,4000.0,18240.0,4.56
2024-08-09,601827.SH,2300.0,20194.0,8.78
2024-08-09,601963.SH,2800.0,19404.0,6.93
2024-08-12,000429.SZ,2100.0,22113.0,10.53
2024-08-12,002233.SZ,2800.0,20272.0,7.24
2024-08-12,002831.SZ,1000.0,23300.0,23.3
2024-08-12,002936.SZ,11200.0,19600.0,1.75
2024-08-12,600064.SH,3400.0,20604.0,6.06
2024-08-12,600717.SH,4000.0,18080.0,4.52
2024-08-12,601827.SH,2300.0,20355.0,8.85
2024-08-12,601963.SH,2800.0,19180.0,6.85
2024-08-13,000429.SZ,2100.0,22512.0,10.72
2024-08-13,002233.SZ,2800.0,20412.0,7.29
2024-08-13,002831.SZ,1000.0,23180.0,23.18
2024-08-13,002936.SZ,11200.0,19712.0,1.76
2024-08-13,600064.SH,3400.0,20604.0,6.06
2024-08-13,600717.SH,4000.0,18400.0,4.6
2024-08-13,601827.SH,2300.0,20608.0,8.96
2024-08-13,601963.SH,2800.0,19292.0,6.89
2024-08-14,000429.SZ,2100.0,22932.0,10.92
2024-08-14,002233.SZ,2800.0,20244.0,7.23
2024-08-14,002831.SZ,1000.0,22790.0,22.79
2024-08-14,002936.SZ,11200.0,19600.0,1.75
2024-08-14,600064.SH,3400.0,20570.0,6.05
2024-08-14,600717.SH,4000.0,18240.0,4.56
2024-08-14,601827.SH,2300.0,20562.0,8.94
2024-08-14,601963.SH,2800.0,19292.0,6.89
2024-08-15,000429.SZ,2100.0,23352.0,11.12
2024-08-15,002233.SZ,2800.0,20048.0,7.16
2024-08-15,002831.SZ,1000.0,22830.0,22.83
2024-08-15,002936.SZ,11200.0,19824.0,1.77
2024-08-15,600064.SH,3400.0,20706.0,6.09
2024-08-15,600717.SH,4000.0,18520.0,4.63
2024-08-15,601827.SH,2300.0,20884.0,9.08
2024-08-15,601963.SH,2800.0,19432.0,6.94
2024-08-16,000429.SZ,2100.0,23247.0,11.07
2024-08-16,002233.SZ,2800.0,19880.0,7.1
2024-08-16,002831.SZ,1000.0,22750.0,22.75
2024-08-16,002936.SZ,11200.0,19824.0,1.77
2024-08-16,600064.SH,3400.0,20536.0,6.04
2024-08-16,600717.SH,4000.0,18320.0,4.58
2024-08-16,601827.SH,2300.0,20516.0,8.92
2024-08-16,601963.SH,2800.0,19544.0,6.98
2024-08-19,000429.SZ,2100.0,23415.0,11.15
2024-08-19,002233.SZ,2800.0,19880.0,7.1
2024-08-19,002831.SZ,1000.0,22630.0,22.63
2024-08-19,002936.SZ,11200.0,20048.0,1.79
2024-08-19,600064.SH,3400.0,20468.0,6.02
2024-08-19,600717.SH,4000.0,18440.0,4.61
2024-08-19,601827.SH,2300.0,20585.0,8.95
2024-08-19,601963.SH,2800.0,19992.0,7.14
2024-08-20,000429.SZ,2100.0,23373.0,11.13
2024-08-20,002233.SZ,2800.0,19348.0,6.91
2024-08-20,002831.SZ,1000.0,22220.0,22.22
2024-08-20,002936.SZ,11200.0,19824.0,1.77
2024-08-20,600064.SH,3400.0,20196.0,5.94
2024-08-20,600717.SH,4000.0,18160.0,4.54
2024-08-20,601827.SH,2300.0,20401.0,8.87
2024-08-20,601963.SH,2800.0,19852.0,7.09
2024-08-21,000429.SZ,2100.0,23604.0,11.24
2024-08-21,002233.SZ,2800.0,19068.0,6.81
2024-08-21,002831.SZ,1000.0,22280.0,22.28
2024-08-21,002936.SZ,11200.0,19712.0,1.76
2024-08-21,600064.SH,3400.0,19890.0,5.85
2024-08-21,600717.SH,4000.0,18000.0,4.5
2024-08-21,601827.SH,2300.0,20309.0,8.83
2024-08-21,601963.SH,2800.0,19572.0,6.99
2024-08-22,000429.SZ,2100.0,24024.0,11.44
2024-08-22,002233.SZ,2800.0,18900.0,6.75
2024-08-22,002831.SZ,1000.0,22320.0,22.32
2024-08-22,002936.SZ,11200.0,19712.0,1.76
2024-08-22,600064.SH,3400.0,19788.0,5.82
2024-08-22,600717.SH,4000.0,18280.0,4.57
2024-08-22,601827.SH,2300.0,20401.0,8.87
2024-08-22,601963.SH,2800.0,19768.0,7.06
2024-08-23,000429.SZ,2100.0,24087.0,11.47
2024-08-23,002233.SZ,2800.0,19152.0,6.84
2024-08-23,002831.SZ,1000.0,22530.0,22.53
2024-08-23,002936.SZ,11200.0,19600.0,1.75
2024-08-23,600064.SH,3400.0,19720.0,5.8
2024-08-23,600717.SH,4000.0,18320.0,4.58
2024-08-23,601827.SH,2300.0,20125.0,8.75
2024-08-23,601963.SH,2800.0,19768.0,7.06
2024-08-26,000429.SZ,2100.0,23646.0,11.26
2024-08-26,002233.SZ,2800.0,19460.0,6.95
2024-08-26,002831.SZ,1000.0,22070.0,22.07
2024-08-26,002936.SZ,11200.0,19712.0,1.76
2024-08-26,600064.SH,3400.0,19652.0,5.78
2024-08-26,600717.SH,4000.0,17760.0,4.44
2024-08-26,601827.SH,2300.0,19665.0,8.55
2024-08-26,601963.SH,2800.0,19852.0,7.09
2024-08-27,000429.SZ,2100.0,23835.0,11.35
2024-08-27,002233.SZ,2800.0,19544.0,6.98
2024-08-27,002831.SZ,1000.0,22280.0,22.28
2024-08-27,002936.SZ,11200.0,19600.0,1.75
2024-08-27,600064.SH,3400.0,19482.0,5.73
2024-08-27,600717.SH,4000.0,17920.0,4.48
2024-08-27,601827.SH,2300.0,19941.0,8.67
2024-08-27,601963.SH,2800.0,19992.0,7.14
2024-08-28,000429.SZ,2100.0,23898.0,11.38
2024-08-28,002233.SZ,2800.0,19432.0,6.94
2024-08-28,002831.SZ,1000.0,22390.0,22.39
2024-08-28,002936.SZ,11200.0,19712.0,1.76
2024-08-28,600064.SH,3400.0,19312.0,5.68
2024-08-28,600717.SH,4000.0,17840.0,4.46
2024-08-28,601827.SH,2300.0,19297.0,8.39
2024-08-28,601963.SH,2800.0,19824.0,7.08
2024-08-29,000429.SZ,2100.0,23646.0,11.26
2024-08-29,002233.SZ,2800.0,19432.0,6.94
2024-08-29,002831.SZ,1000.0,22990.0,22.99
2024-08-29,002936.SZ,11200.0,19376.0,1.73
2024-08-29,600064.SH,3400.0,19108.0,5.62
2024-08-29,600717.SH,4000.0,17520.0,4.38
2024-08-29,601827.SH,2300.0,19136.0,8.32
2024-08-29,601963.SH,2800.0,19208.0,6.86
2024-08-30,000429.SZ,2100.0,23184.0,11.04
2024-08-30,002233.SZ,2800.0,19572.0,6.99
2024-08-30,002831.SZ,1000.0,23100.0,23.1
2024-08-30,002936.SZ,11200.0,19488.0,1.74
2024-08-30,600064.SH,3400.0,19652.0,5.78
2024-08-30,600717.SH,4000.0,17400.0,4.35
2024-08-30,601827.SH,2300.0,18791.0,8.17
2024-08-30,601963.SH,2800.0,19068.0,6.81
2024-09-02,000429.SZ,2100.0,23772.0,11.32
2024-09-02,002233.SZ,2800.0,19152.0,6.84
2024-09-02,002831.SZ,1000.0,22950.0,22.95
2024-09-02,002936.SZ,11200.0,19264.0,1.72
2024-09-02,600064.SH,3400.0,19448.0,5.72
2024-09-02,600717.SH,4000.0,17360.0,4.34
2024-09-02,601827.SH,2300.0,18929.0,8.23
2024-09-02,601963.SH,2800.0,18928.0,6.76
2024-09-03,000429.SZ,2100.0,23730.0,11.3
2024-09-03,002233.SZ,2800.0,19040.0,6.8
2024-09-03,002831.SZ,1000.0,22950.0,22.95
2024-09-03,002936.SZ,11200.0,18928.0,1.69
2024-09-03,600064.SH,3400.0,19482.0,5.73
2024-09-03,600717.SH,4000.0,17080.0,4.27
2024-09-03,601827.SH,2300.0,18423.0,8.01
2024-09-03,601963.SH,2800.0,18928.0,6.76
2024-09-04,000429.SZ,2100.0,24066.0,11.46
2024-09-04,002233.SZ,2800.0,18648.0,6.66
2024-09-04,002831.SZ,1000.0,22670.0,22.67
2024-09-04,002936.SZ,11200.0,18704.0,1.67
2024-09-04,600064.SH,3400.0,19278.0,5.67
2024-09-04,600717.SH,4000.0,17040.0,4.26
2024-09-04,601827.SH,2300.0,18216.0,7.92
2024-09-04,601963.SH,2800.0,18872.0,6.74
2024-09-05,000429.SZ,2100.0,24255.0,11.55
2024-09-05,002233.SZ,2800.0,18928.0,6.76
2024-09-05,002831.SZ,1000.0,22630.0,22.63
2024-09-05,002936.SZ,11200.0,18816.0,1.68
2024-09-05,600064.SH,3400.0,19550.0,5.75
2024-09-05,600717.SH,4000.0,17000.0,4.25
2024-09-05,601827.SH,2300.0,18170.0,7.9
2024-09-05,601963.SH,2800.0,19096.0,6.82
2024-09-06,000429.SZ,2100.0,24528.0,11.68
2024-09-06,002233.SZ,2800.0,18732.0,6.69
2024-09-06,002831.SZ,1000.0,22210.0,22.21
2024-09-06,002936.SZ,11200.0,18816.0,1.68
2024-09-06,600064.SH,3400.0,19414.0,5.71
2024-09-06,600717.SH,4000.0,17120.0,4.28
2024-09-06,601827.SH,2300.0,18170.0,7.9
2024-09-06,601963.SH,2800.0,18984.0,6.78
2024-09-09,000429.SZ,2100.0,24528.0,11.68
2024-09-09,002233.SZ,2800.0,18564.0,6.63
2024-09-09,002831.SZ,1000.0,21910.0,21.91
2024-09-09,002936.SZ,11200.0,18480.0,1.65
2024-09-09,600064.SH,3400.0,19176.0,5.64
2024-09-09,600717.SH,4000.0,16880.0,4.22
2024-09-09,601827.SH,2300.0,18055.0,7.85
2024-09-09,601963.SH,2800.0,18704.0,6.68
2024-09-10,000429.SZ,2100.0,24780.0,11.8
2024-09-10,002233.SZ,2800.0,18508.0,6.61
2024-09-10,002831.SZ,1000.0,22100.0,22.1
2024-09-10,002936.SZ,11200.0,18480.0,1.65
2024-09-10,600064.SH,3400.0,18904.0,5.56
2024-09-10,600717.SH,4000.0,16720.0,4.18
2024-09-10,601827.SH,2300.0,18055.0,7.85
2024-09-10,601963.SH,2800.0,18760.0,6.7
2024-09-11,000429.SZ,2100.0,23961.0,11.41
2024-09-11,002233.SZ,2800.0,18312.0,6.54
2024-09-11,002831.SZ,1000.0,22220.0,22.22
2024-09-11,002936.SZ,11200.0,18144.0,1.62
2024-09-11,600064.SH,3400.0,18598.0,5.47
2024-09-11,600717.SH,4000.0,16440.0,4.11
2024-09-11,601827.SH,2300.0,17894.0,7.78
2024-09-11,601963.SH,2800.0,18536.0,6.62
2024-09-12,000429.SZ,2100.0,24150.0,11.5
2024-09-12,002233.SZ,2800.0,18620.0,6.65
2024-09-12,002831.SZ,1000.0,21850.0,21.85
2024-09-12,002936.SZ,11200.0,18256.0,1.63
2024-09-12,600064.SH,3400.0,18700.0,5.5
2024-09-12,600717.SH,4000.0,16600.0,4.15
2024-09-12,601827.SH,2300.0,18032.0,7.84
2024-09-12,601963.SH,2800.0,18536.0,6.62
2024-09-13,000429.SZ,2100.0,23772.0,11.32
2024-09-13,002233.SZ,2800.0,18956.0,6.77
2024-09-13,002831.SZ,1000.0,21480.0,21.48
2024-09-13,002936.SZ,11200.0,18256.0,1.63
2024-09-13,600064.SH,3400.0,18768.0,5.52
2024-09-13,600717.SH,4000.0,16680.0,4.17
2024-09-13,601827.SH,2300.0,17848.0,7.76
2024-09-13,601963.SH,2800.0,18564.0,6.63
2024-09-18,000429.SZ,2100.0,23352.0,11.12
2024-09-18,002233.SZ,2800.0,18508.0,6.61
2024-09-18,002831.SZ,1000.0,21590.0,21.59
2024-09-18,002936.SZ,11200.0,18032.0,1.61
2024-09-18,600064.SH,3400.0,18972.0,5.58
2024-09-18,600717.SH,4000.0,16760.0,4.19
2024-09-18,601827.SH,2300.0,17894.0,7.78
2024-09-18,601963.SH,2800.0,18564.0,6.63
2024-09-19,000429.SZ,2100.0,22953.0,10.93
2024-09-19,002233.SZ,2800.0,18452.0,6.59
2024-09-19,002831.SZ,1000.0,21340.0,21.34
2024-09-19,002936.SZ,11200.0,18368.0,1.64
2024-09-19,600064.SH,3400.0,19380.0,5.7
2024-09-19,600717.SH,4000.0,16800.0,4.2
2024-09-19,601827.SH,2300.0,18055.0,7.85
2024-09-19,601963.SH,2800.0,18844.0,6.73
2024-09-20,000429.SZ,2100.0,22911.0,10.91
2024-09-20,002233.SZ,2800.0,18340.0,6.55
2024-09-20,002831.SZ,1000.0,20580.0,20.58
2024-09-20,002936.SZ,11200.0,18256.0,1.63
2024-09-20,600064.SH,3400.0,19448.0,5.72
2024-09-20,600717.SH,4000.0,16760.0,4.19
2024-09-20,601827.SH,2300.0,17871.0,7.77
2024-09-20,601963.SH,2800.0,18844.0,6.73
2024-09-23,000429.SZ,2100.0,22596.0,10.76
2024-09-23,002233.SZ,2800.0,18732.0,6.69
2024-09-23,002831.SZ,1000.0,20470.0,20.47
2024-09-23,002936.SZ,11200.0,18368.0,1.64
2024-09-23,600064.SH,3400.0,19584.0,5.76
2024-09-23,600717.SH,4000.0,16880.0,4.22
2024-09-23,601827.SH,2300.0,17848.0,7.76
2024-09-23,601963.SH,2800.0,19404.0,6.93
2024-09-24,000429.SZ,2100.0,23142.0,11.02
2024-09-24,002233.SZ,2800.0,19656.0,7.02
2024-09-24,002831.SZ,1000.0,22080.0,22.08
2024-09-24,002936.SZ,11200.0,18928.0,1.69
2024-09-24,600064.SH,3400.0,20502.0,6.03
2024-09-24,600717.SH,4000.0,17520.0,4.38
2024-09-24,601827.SH,2300.0,18423.0,8.01
2024-09-24,601963.SH,2800.0,20132.0,7.19
2024-09-25,000429.SZ,2100.0,23142.0,11.02
2024-09-25,002233.SZ,2800.0,20272.0,7.24
2024-09-25,002831.SZ,1000.0,22190.0,22.19
2024-09-25,002936.SZ,11200.0,20832.0,1.86
2024-09-25,600064.SH,3400.0,21080.0,6.2
2024-09-25,600717.SH,4000.0,17840.0,4.46
2024-09-25,601827.SH,2300.0,18630.0,8.1
2024-09-25,601963.SH,2800.0,20580.0,7.35
2024-09-26,000429.SZ,2100.0,23121.0,11.01
2024-09-26,002233.SZ,2800.0,21056.0,7.52
2024-09-26,002831.SZ,1000.0,23420.0,23.42
2024-09-26,002936.SZ,11200.0,21728.0,1.94
2024-09-26,600064.SH,3400.0,22372.0,6.58
2024-09-26,600717.SH,4000.0,18440.0,4.61
2024-09-26,601827.SH,2300.0,18952.0,8.24
2024-09-26,601963.SH,2800.0,21420.0,7.65
2024-09-27,000429.SZ,2100.0,22596.0,10.76
2024-09-27,002233.SZ,2800.0,21280.0,7.6
2024-09-27,002831.SZ,1000.0,23940.0,23.94
2024-09-27,002936.SZ,11200.0,21840.0,1.95
2024-09-27,600064.SH,3400.0,22746.0,6.69
2024-09-27,600717.SH,4000.0,18600.0,4.65
2024-09-27,601827.SH,2300.0,19251.0,8.37
2024-09-27,601963.SH,2800.0,21448.0,7.66
2024-09-30,000429.SZ,2100.0,23898.0,11.38
2024-09-30,002233.SZ,2800.0,22708.0,8.11
2024-09-30,002831.SZ,1000.0,25720.0,25.72
2024-09-30,002936.SZ,11200.0,24080.0,2.15
2024-09-30,600064.SH,3400.0,24616.0,7.24
2024-09-30,600717.SH,4000.0,19960.0,4.99
2024-09-30,601827.SH,2300.0,20309.0,8.83
2024-09-30,601963.SH,2800.0,22680.0,8.1
2024-10-08,601200.SH,2400.0,21024.0,8.76
2024-10-08,601963.SH,3700.0,30784.0,8.32
2024-10-08,603214.SH,1100.0,18645.0,16.95
2024-10-08,603227.SH,3100.0,26846.0,8.66
2024-10-08,605086.SH,1200.0,25800.0,21.5
2024-10-09,601200.SH,2400.0,19560.0,8.15
2024-10-09,601963.SH,3700.0,28268.0,7.64
2024-10-09,603214.SH,1100.0,16786.0,15.26
2024-10-09,603227.SH,3100.0,24490.0,7.9
2024-10-09,605086.SH,1200.0,23220.0,19.35
2024-10-10,601200.SH,2400.0,19848.0,8.27
2024-10-10,601963.SH,3700.0,28971.0,7.83
2024-10-10,603214.SH,1100.0,15202.0,13.82
2024-10-10,603227.SH,3100.0,24645.0,7.95
2024-10-10,605086.SH,1200.0,23952.0,19.96
2024-10-11,601200.SH,2400.0,19248.0,8.02
2024-10-11,601963.SH,3700.0,28749.0,7.77
2024-10-11,603214.SH,1100.0,16214.0,14.74
2024-10-11,603227.SH,3100.0,23994.0,7.74
2024-10-11,605086.SH,1200.0,26352.0,21.96
2024-10-14,601200.SH,2400.0,19728.0,8.22
2024-10-14,601963.SH,3700.0,30784.0,8.32
2024-10-14,603214.SH,1100.0,15334.0,13.94
2024-10-14,603227.SH,3100.0,25668.0,8.28
2024-10-14,605086.SH,1200.0,26772.0,22.31
2024-10-15,601200.SH,2400.0,19176.0,7.99
2024-10-15,601963.SH,3700.0,31154.0,8.42
2024-10-15,603214.SH,1100.0,14674.0,13.34
2024-10-15,603227.SH,3100.0,24738.0,7.98
2024-10-15,605086.SH,1200.0,27648.0,23.04
2024-10-16,601200.SH,2400.0,19368.0,8.07
2024-10-16,601963.SH,3700.0,33744.0,9.12
2024-10-16,603214.SH,1100.0,14762.0,13.42
2024-10-16,603227.SH,3100.0,25606.0,8.26
2024-10-16,605086.SH,1200.0,27996.0,23.33
2024-10-17,601200.SH,2400.0,19032.0,7.93
2024-10-17,601963.SH,3700.0,32412.0,8.76
2024-10-17,603214.SH,1100.0,14850.0,13.5
2024-10-17,603227.SH,3100.0,25048.0,8.08
2024-10-17,605086.SH,1200.0,30792.0,25.66
2024-10-18,601200.SH,2400.0,19584.0,8.16
2024-10-18,601963.SH,3700.0,32486.0,8.78
2024-10-18,603214.SH,1100.0,15543.0,14.13
2024-10-18,603227.SH,3100.0,25575.0,8.25
2024-10-18,605086.SH,1200.0,33012.0,27.51
2024-10-21,601200.SH,2400.0,19488.0,8.12
2024-10-21,601963.SH,3700.0,31968.0,8.64
2024-10-21,603214.SH,1100.0,15620.0,14.2
2024-10-21,603227.SH,3100.0,25637.0,8.27
2024-10-21,605086.SH,1200.0,32268.0,26.89
2024-10-22,601200.SH,2400.0,19992.0,8.33
2024-10-22,601963.SH,3700.0,32227.0,8.71
2024-10-22,603214.SH,1100.0,17182.0,15.62
2024-10-22,603227.SH,3100.0,25761.0,8.31
2024-10-22,605086.SH,1200.0,31944.0,26.62
2024-10-23,601200.SH,2400.0,19872.0,8.28
2024-10-23,601963.SH,3700.0,32227.0,8.71
2024-10-23,603214.SH,1100.0,17567.0,15.97
2024-10-23,603227.SH,3100.0,25916.0,8.36
2024-10-23,605086.SH,1200.0,33816.0,28.18
2024-10-24,601200.SH,2400.0,19872.0,8.28
2024-10-24,601963.SH,3700.0,31968.0,8.64
2024-10-24,603214.SH,1100.0,18139.0,16.49
2024-10-24,603227.SH,3100.0,25482.0,8.22
2024-10-24,605086.SH,1200.0,33432.0,27.86
2024-10-25,601200.SH,2400.0,20136.0,8.39
2024-10-25,601963.SH,3700.0,31265.0,8.45
2024-10-25,603214.SH,1100.0,18821.0,17.11
2024-10-25,603227.SH,3100.0,25606.0,8.26
2024-10-25,605086.SH,1200.0,33468.0,27.89
2024-10-28,601200.SH,2400.0,20304.0,8.46
2024-10-28,601963.SH,3700.0,31524.0,8.52
2024-10-28,603214.SH,1100.0,20702.0,18.82
2024-10-28,603227.SH,3100.0,26505.0,8.55
2024-10-28,605086.SH,1200.0,32724.0,27.27
2024-10-29,601200.SH,2400.0,19920.0,8.3
2024-10-29,601963.SH,3700.0,31672.0,8.56
2024-10-29,603214.SH,1100.0,21175.0,19.25
2024-10-29,603227.SH,3100.0,26567.0,8.57
2024-10-29,605086.SH,1200.0,34932.0,29.11
2024-10-30,601200.SH,2400.0,20088.0,8.37
2024-10-30,601963.SH,3700.0,31450.0,8.5
2024-10-30,603214.SH,1100.0,19723.0,17.93
2024-10-30,603227.SH,3100.0,26970.0,8.7
2024-10-30,605086.SH,1200.0,36840.0,30.7
2024-10-31,601200.SH,2400.0,20136.0,8.39
2024-10-31,601963.SH,3700.0,31339.0,8.47
2024-10-31,603214.SH,1100.0,20119.0,18.29
2024-10-31,603227.SH,3100.0,27125.0,8.75
2024-10-31,605086.SH,1200.0,37644.0,31.37
2024-11-01,601200.SH,2400.0,19920.0,8.3
2024-11-01,601963.SH,3700.0,32449.0,8.77
2024-11-01,603214.SH,1100.0,20141.0,18.31
2024-11-01,603227.SH,3100.0,26939.0,8.69
2024-11-01,605086.SH,1200.0,35376.0,29.48
2024-11-04,601200.SH,2400.0,19944.0,8.31
2024-11-04,601963.SH,3700.0,33078.0,8.94
2024-11-04,603214.SH,1100.0,18898.0,17.18
2024-11-04,603227.SH,3100.0,26691.0,8.61
2024-11-04,605086.SH,1200.0,35484.0,29.57
2024-11-05,601200.SH,2400.0,20304.0,8.46
2024-11-05,601963.SH,3700.0,34040.0,9.2
2024-11-05,603214.SH,1100.0,19008.0,17.28
2024-11-05,603227.SH,3100.0,27218.0,8.78
2024-11-05,605086.SH,1200.0,35292.0,29.41
2024-11-06,601200.SH,2400.0,20232.0,8.43
2024-11-06,601963.SH,3700.0,33781.0,9.13
2024-11-06,603214.SH,1100.0,20317.0,18.47
2024-11-06,603227.SH,3100.0,28086.0,9.06
2024-11-06,605086.SH,1200.0,34728.0,28.94
2024-11-07,601200.SH,2400.0,20856.0,8.69
2024-11-07,601963.SH,3700.0,35557.0,9.61
2024-11-07,603214.SH,1100.0,21032.0,19.12
2024-11-07,603227.SH,3100.0,28241.0,9.11
2024-11-07,605086.SH,1200.0,34956.0,29.13
2024-11-08,601200.SH,2400.0,20544.0,8.56
2024-11-08,601963.SH,3700.0,34965.0,9.45
2024-11-08,603214.SH,1100.0,20064.0,18.24
2024-11-08,603227.SH,3100.0,27962.0,9.02
2024-11-08,605086.SH,1200.0,34560.0,28.8
2024-11-11,601200.SH,2400.0,20664.0,8.61
2024-11-11,601963.SH,3700.0,33633.0,9.09
2024-11-11,603214.SH,1100.0,19404.0,17.64
2024-11-11,603227.SH,3100.0,27621.0,8.91
2024-11-11,605086.SH,1200.0,35016.0,29.18
2024-11-12,601200.SH,2400.0,20424.0,8.51
2024-11-12,601963.SH,3700.0,33189.0,8.97
2024-11-12,603214.SH,1100.0,19085.0,17.35
2024-11-12,603227.SH,3100.0,27249.0,8.79
2024-11-12,605086.SH,1200.0,34308.0,28.59
2024-11-13,601200.SH,2400.0,20784.0,8.66
2024-11-13,601963.SH,3700.0,33707.0,9.11
2024-11-13,603214.SH,1100.0,18821.0,17.11
2024-11-13,603227.SH,3100.0,28799.0,9.29
2024-11-13,605086.SH,1200.0,34692.0,28.91
2024-11-14,601200.SH,2400.0,20088.0,8.37
2024-11-14,601963.SH,3700.0,34780.0,9.4
2024-11-14,603214.SH,1100.0,18095.0,16.45
2024-11-14,603227.SH,3100.0,28086.0,9.06
2024-11-14,605086.SH,1200.0,33048.0,27.54
2024-11-15,601200.SH,2400.0,20160.0,8.4
2024-11-15,601963.SH,3700.0,34484.0,9.32
2024-11-15,603214.SH,1100.0,17446.0,15.86
2024-11-15,603227.SH,3100.0,28241.0,9.11
2024-11-15,605086.SH,1200.0,32280.0,26.9
2024-11-18,601200.SH,2400.0,20328.0,8.47
2024-11-18,601963.SH,3700.0,34965.0,9.45
2024-11-18,603214.SH,1100.0,16929.0,15.39
2024-11-18,603227.SH,3100.0,29264.0,9.44
2024-11-18,605086.SH,1200.0,30792.0,25.66
2024-11-19,601200.SH,2400.0,20496.0,8.54
2024-11-19,601963.SH,3700.0,34521.0,9.33
2024-11-19,603214.SH,1100.0,17160.0,15.6
2024-11-19,603227.SH,3100.0,29419.0,9.49
2024-11-19,605086.SH,1200.0,32508.0,27.09
2024-11-20,601200.SH,2400.0,20736.0,8.64
2024-11-20,601963.SH,3700.0,34299.0,9.27
2024-11-20,603214.SH,1100.0,18018.0,16.38
2024-11-20,603227.SH,3100.0,30225.0,9.75
2024-11-20,605086.SH,1200.0,34440.0,28.7
2024-11-21,601200.SH,2400.0,20808.0,8.67
2024-11-21,601963.SH,3700.0,34595.0,9.35
2024-11-21,603214.SH,1100.0,17941.0,16.31
2024-11-21,603227.SH,3100.0,30349.0,9.79
2024-11-21,605086.SH,1200.0,33984.0,28.32
2024-11-22,601200.SH,2400.0,20256.0,8.44
2024-11-22,601963.SH,3700.0,33337.0,9.01
2024-11-22,603214.SH,1100.0,17523.0,15.93
2024-11-22,603227.SH,3100.0,30008.0,9.68
2024-11-22,605086.SH,1200.0,33480.0,27.9
2024-11-25,601200.SH,2400.0,20232.0,8.43
2024-11-25,601963.SH,3700.0,33707.0,9.11
2024-11-25,603214.SH,1100.0,17710.0,16.1
2024-11-25,603227.SH,3100.0,30287.0,9.77
2024-11-25,605086.SH,1200.0,32844.0,27.37
2024-11-26,601200.SH,2400.0,20016.0,8.34
2024-11-26,601963.SH,3700.0,33448.0,9.04
2024-11-26,603214.SH,1100.0,18766.0,17.06
2024-11-26,603227.SH,3100.0,28923.0,9.33
2024-11-26,605086.SH,1200.0,32100.0,26.75
2024-11-27,601200.SH,2400.0,20040.0,8.35
2024-11-27,601963.SH,3700.0,33522.0,9.06
2024-11-27,603214.SH,1100.0,17732.0,16.12
2024-11-27,603227.SH,3100.0,29047.0,9.37
2024-11-27,605086.SH,1200.0,32508.0,27.09
2024-11-28,601200.SH,2400.0,20304.0,8.46
2024-11-28,601963.SH,3700.0,32856.0,8.88
2024-11-28,603214.SH,1100.0,18117.0,16.47
2024-11-28,603227.SH,3100.0,27869.0,8.99
2024-11-28,605086.SH,1200.0,32376.0,26.98
2024-11-29,601200.SH,2400.0,20208.0,8.42
2024-11-29,601963.SH,3700.0,32782.0,8.86
2024-11-29,603214.SH,1100.0,19932.0,18.12
2024-11-29,603227.SH,3100.0,27714.0,8.94
2024-11-29,605086.SH,1200.0,32976.0,27.48
2024-12-02,601200.SH,2400.0,20424.0,8.51
2024-12-02,601963.SH,3700.0,32708.0,8.84
2024-12-02,603214.SH,1100.0,20020.0,18.2
2024-12-02,603227.SH,3100.0,28830.0,9.3
2024-12-02,605086.SH,1200.0,34020.0,28.35
2024-12-03,601200.SH,2400.0,20448.0,8.52
2024-12-03,601963.SH,3700.0,33929.0,9.17
2024-12-03,603214.SH,1100.0,20240.0,18.4
2024-12-03,603227.SH,3100.0,29822.0,9.62
2024-12-03,605086.SH,1200.0,34872.0,29.06
2024-12-04,601200.SH,2400.0,20280.0,8.45
2024-12-04,601963.SH,3700.0,34817.0,9.41
2024-12-04,603214.SH,1100.0,20042.0,18.22
2024-12-04,603227.SH,3100.0,29078.0,9.38
2024-12-04,605086.SH,1200.0,33456.0,27.88
2024-12-05,601200.SH,2400.0,20232.0,8.43
2024-12-05,601963.SH,3700.0,34706.0,9.38
2024-12-05,603214.SH,1100.0,19833.0,18.03
2024-12-05,603227.SH,3100.0,28768.0,9.28
2024-12-05,605086.SH,1200.0,33024.0,27.52
2024-12-06,601200.SH,2400.0,20568.0,8.57
2024-12-06,601963.SH,3700.0,34632.0,9.36
2024-12-06,603214.SH,1100.0,20636.0,18.76
2024-12-06,603227.SH,3100.0,28768.0,9.28
2024-12-06,605086.SH,1200.0,32232.0,26.86
2024-12-09,601200.SH,2400.0,20328.0,8.47
2024-12-09,601963.SH,3700.0,34780.0,9.4
2024-12-09,603214.SH,1100.0,19668.0,17.88
2024-12-09,603227.SH,3100.0,28427.0,9.17
2024-12-09,605086.SH,1200.0,32640.0,27.2
2024-12-10,601200.SH,2400.0,20280.0,8.45
2024-12-10,601963.SH,3700.0,34484.0,9.32
2024-12-10,603214.SH,1100.0,20504.0,18.64
2024-12-10,603227.SH,3100.0,28768.0,9.28
2024-12-10,605086.SH,1200.0,33096.0,27.58
2024-12-11,601200.SH,2400.0,20616.0,8.59
2024-12-11,601963.SH,3700.0,34743.0,9.39
2024-12-11,603214.SH,1100.0,21329.0,19.39
2024-12-11,603227.SH,3100.0,28737.0,9.27
2024-12-11,605086.SH,1200.0,34116.0,28.43
2024-12-12,601200.SH,2400.0,20784.0,8.66
2024-12-12,601963.SH,3700.0,35372.0,9.56
2024-12-12,603214.SH,1100.0,22330.0,20.3
2024-12-12,603227.SH,3100.0,29388.0,9.48
2024-12-12,605086.SH,1200.0,34800.0,29.0
2024-12-13,601200.SH,2400.0,20304.0,8.46
2024-12-13,601963.SH,3700.0,34336.0,9.28
2024-12-13,603214.SH,1100.0,23331.0,21.21
2024-12-13,603227.SH,3100.0,30287.0,9.77
2024-12-13,605086.SH,1200.0,33564.0,27.97
2024-12-16,601200.SH,2400.0,20352.0,8.48
2024-12-16,601963.SH,3700.0,35298.0,9.54
2024-12-16,603214.SH,1100.0,25597.0,23.27
2024-12-16,603227.SH,3100.0,29667.0,9.57
2024-12-16,605086.SH,1200.0,36924.0,30.77
2024-12-17,601200.SH,2400.0,20016.0,8.34
2024-12-17,601963.SH,3700.0,35520.0,9.6
2024-12-17,603214.SH,1100.0,25850.0,23.5
2024-12-17,603227.SH,3100.0,28799.0,9.29
2024-12-17,605086.SH,1200.0,40620.0,33.85
2024-12-18,601200.SH,2400.0,19992.0,8.33
2024-12-18,601963.SH,3700.0,35409.0,9.57
2024-12-18,603214.SH,1100.0,27456.0,24.96
2024-12-18,603227.SH,3100.0,28365.0,9.15
2024-12-18,605086.SH,1200.0,44688.0,37.24
2024-12-19,601200.SH,2400.0,19800.0,8.25
2024-12-19,601963.SH,3700.0,34854.0,9.42
2024-12-19,603214.SH,1100.0,25080.0,22.8
2024-12-19,603227.SH,3100.0,27993.0,9.03
2024-12-19,605086.SH,1200.0,44340.0,36.95
2024-12-20,601200.SH,2400.0,19752.0,8.23
2024-12-20,601963.SH,3700.0,34632.0,9.36
2024-12-20,603214.SH,1100.0,25905.0,23.55
2024-12-20,603227.SH,3100.0,27342.0,8.82
2024-12-20,605086.SH,1200.0,43956.0,36.63
2024-12-23,601200.SH,2400.0,19536.0,8.14
2024-12-23,601963.SH,3700.0,34669.0,9.37
2024-12-23,603214.SH,1100.0,27269.0,24.79
2024-12-23,603227.SH,3100.0,27993.0,9.03
2024-12-23,605086.SH,1200.0,40116.0,33.43
2024-12-24,601200.SH,2400.0,19752.0,8.23
2024-12-24,601963.SH,3700.0,34891.0,9.43
2024-12-24,603214.SH,1100.0,24541.0,22.31
2024-12-24,603227.SH,3100.0,27838.0,8.98
2024-12-24,605086.SH,1200.0,40152.0,33.46
2024-12-25,601200.SH,2400.0,19800.0,8.25
2024-12-25,601963.SH,3700.0,35335.0,9.55
2024-12-25,603214.SH,1100.0,25190.0,22.9
2024-12-25,603227.SH,3100.0,26753.0,8.63
2024-12-25,605086.SH,1200.0,38424.0,32.02
2024-12-26,601200.SH,2400.0,19848.0,8.27
2024-12-26,601963.SH,3700.0,34743.0,9.39
2024-12-26,603214.SH,1100.0,24728.0,22.48
2024-12-26,603227.SH,3100.0,26784.0,8.64
2024-12-26,605086.SH,1200.0,38880.0,32.4
2024-12-27,601200.SH,2400.0,20040.0,8.35
2024-12-27,601963.SH,3700.0,34632.0,9.36
2024-12-27,603214.SH,1100.0,25465.0,23.15
2024-12-27,603227.SH,3100.0,27156.0,8.76
2024-12-27,605086.SH,1200.0,38556.0,32.13
2024-12-30,601200.SH,2400.0,19992.0,8.33
2024-12-30,601963.SH,3700.0,34817.0,9.41
2024-12-30,603214.SH,1100.0,25278.0,22.98
2024-12-30,603227.SH,3100.0,27652.0,8.92
2024-12-30,605086.SH,1200.0,39036.0,32.53
2024-12-31,601200.SH,2400.0,19608.0,8.17
2024-12-31,601963.SH,3700.0,34336.0,9.28
2024-12-31,603214.SH,1100.0,24816.0,22.56
2024-12-31,603227.SH,3100.0,26939.0,8.69
2024-12-31,605086.SH,1200.0,37440.0,31.2
2025-01-02,603558.SH,3000.0,32460.0,10.82
2025-01-02,605050.SH,2700.0,26271.0,9.73
2025-01-02,605166.SH,1700.0,19159.0,11.27
2025-01-02,605319.SH,1300.0,27053.0,20.81
2025-01-02,605377.SH,2000.0,26800.0,13.4
2025-01-02,605389.SH,600.0,15144.0,25.24
2025-01-02,605580.SH,1900.0,21204.0,11.16
2025-01-02,605599.SH,2600.0,30420.0,11.7
2025-01-03,603558.SH,3000.0,31470.0,10.49
2025-01-03,605050.SH,2700.0,26055.0,9.65
2025-01-03,605166.SH,1700.0,18207.0,10.71
2025-01-03,605319.SH,1300.0,26598.0,20.46
2025-01-03,605377.SH,2000.0,25980.0,12.99
2025-01-03,605389.SH,600.0,14604.0,24.34
2025-01-03,605580.SH,1900.0,22477.0,11.83
2025-01-03,605599.SH,2600.0,29276.0,11.26
2025-01-06,603558.SH,3000.0,31290.0,10.43
2025-01-06,605050.SH,2700.0,26487.0,9.81
2025-01-06,605166.SH,1700.0,18020.0,10.6
2025-01-06,605319.SH,1300.0,26481.0,20.37
2025-01-06,605377.SH,2000.0,25600.0,12.8
2025-01-06,605389.SH,600.0,14928.0,24.88
2025-01-06,605580.SH,1900.0,23560.0,12.4
2025-01-06,605599.SH,2600.0,29042.0,11.17
2025-01-07,603558.SH,3000.0,32040.0,10.68
2025-01-07,605050.SH,2700.0,26595.0,9.85
2025-01-07,605166.SH,1700.0,18632.0,10.96
2025-01-07,605319.SH,1300.0,27131.0,20.87
2025-01-07,605377.SH,2000.0,25460.0,12.73
2025-01-07,605389.SH,600.0,14940.0,24.9
2025-01-07,605580.SH,1900.0,23256.0,12.24
2025-01-07,605599.SH,2600.0,28730.0,11.05
2025-01-08,603558.SH,3000.0,33240.0,11.08
2025-01-08,605050.SH,2700.0,26163.0,9.69
2025-01-08,605166.SH,1700.0,18394.0,10.82
2025-01-08,605319.SH,1300.0,27404.0,21.08
2025-01-08,605377.SH,2000.0,25520.0,12.76
2025-01-08,605389.SH,600.0,15210.0,25.35
2025-01-08,605580.SH,1900.0,23389.0,12.31
2025-01-08,605599.SH,2600.0,28574.0,10.99
2025-01-09,603558.SH,3000.0,32700.0,10.9
2025-01-09,605050.SH,2700.0,26244.0,9.72
2025-01-09,605166.SH,1700.0,18224.0,10.72
2025-01-09,605319.SH,1300.0,27209.0,20.93
2025-01-09,605377.SH,2000.0,25120.0,12.56
2025-01-09,605389.SH,600.0,15540.0,25.9
2025-01-09,605580.SH,1900.0,22515.0,11.85
2025-01-09,605599.SH,2600.0,27690.0,10.65
2025-01-10,603558.SH,3000.0,33960.0,11.32
2025-01-10,605050.SH,2700.0,25299.0,9.37
2025-01-10,605166.SH,1700.0,17799.0,10.47
2025-01-10,605319.SH,1300.0,27547.0,21.19
2025-01-10,605377.SH,2000.0,24880.0,12.44
2025-01-10,605389.SH,600.0,16734.0,27.89
2025-01-10,605580.SH,1900.0,22952.0,12.08
2025-01-10,605599.SH,2600.0,26754.0,10.29
2025-01-13,603558.SH,3000.0,33150.0,11.05
2025-01-13,605050.SH,2700.0,25164.0,9.32
2025-01-13,605166.SH,1700.0,17901.0,10.53
2025-01-13,605319.SH,1300.0,28899.0,22.23
2025-01-13,605377.SH,2000.0,24820.0,12.41
2025-01-13,605389.SH,600.0,16734.0,27.89
2025-01-13,605580.SH,1900.0,22230.0,11.7
2025-01-13,605599.SH,2600.0,26832.0,10.32
2025-01-14,603558.SH,3000.0,34320.0,11.44
2025-01-14,605050.SH,2700.0,26325.0,9.75
2025-01-14,605166.SH,1700.0,18802.0,11.06
2025-01-14,605319.SH,1300.0,31538.0,24.26
2025-01-14,605377.SH,2000.0,25360.0,12.68
2025-01-14,605389.SH,600.0,16734.0,27.89
2025-01-14,605580.SH,1900.0,22952.0,12.08
2025-01-14,605599.SH,2600.0,27404.0,10.54
2025-01-15,603558.SH,3000.0,34440.0,11.48
2025-01-15,605050.SH,2700.0,26082.0,9.66
2025-01-15,605166.SH,1700.0,18853.0,11.09
2025-01-15,605319.SH,1300.0,31057.0,23.89
2025-01-15,605377.SH,2000.0,25500.0,12.75
2025-01-15,605389.SH,600.0,15060.0,25.1
2025-01-15,605580.SH,1900.0,21945.0,11.55
2025-01-15,605599.SH,2600.0,27794.0,10.69
2025-01-16,603558.SH,3000.0,33660.0,11.22
2025-01-16,605050.SH,2700.0,26514.0,9.82
2025-01-16,605166.SH,1700.0,18632.0,10.96
2025-01-16,605319.SH,1300.0,31161.0,23.97
2025-01-16,605377.SH,2000.0,25380.0,12.69
2025-01-16,605389.SH,600.0,13920.0,23.2
2025-01-16,605580.SH,1900.0,21318.0,11.22
2025-01-16,605599.SH,2600.0,28080.0,10.8
2025-01-17,603558.SH,3000.0,34020.0,11.34
2025-01-17,605050.SH,2700.0,26865.0,9.95
2025-01-17,605166.SH,1700.0,18836.0,11.08
2025-01-17,605319.SH,1300.0,31096.0,23.92
2025-01-17,605377.SH,2000.0,25420.0,12.71
2025-01-17,605389.SH,600.0,13458.0,22.43
2025-01-17,605580.SH,1900.0,21774.0,11.46
2025-01-17,605599.SH,2600.0,28080.0,10.8
2025-01-20,603558.SH,3000.0,33930.0,11.31
2025-01-20,605050.SH,2700.0,27081.0,10.03
2025-01-20,605166.SH,1700.0,19108.0,11.24
2025-01-20,605319.SH,1300.0,33202.0,25.54
2025-01-20,605377.SH,2000.0,25440.0,12.72
2025-01-20,605389.SH,600.0,14220.0,23.7
2025-01-20,605580.SH,1900.0,22268.0,11.72
2025-01-20,605599.SH,2600.0,28236.0,10.86
2025-01-21,603558.SH,3000.0,33060.0,11.02
2025-01-21,605050.SH,2700.0,26865.0,9.95
2025-01-21,605166.SH,1700.0,19516.0,11.48
2025-01-21,605319.SH,1300.0,32929.0,25.33
2025-01-21,605377.SH,2000.0,25700.0,12.85
2025-01-21,605389.SH,600.0,13890.0,23.15
2025-01-21,605580.SH,1900.0,21755.0,11.45
2025-01-21,605599.SH,2600.0,28106.0,10.81
2025-01-22,603558.SH,3000.0,33120.0,11.04
2025-01-22,605050.SH,2700.0,26649.0,9.87
2025-01-22,605166.SH,1700.0,19669.0,11.57
2025-01-22,605319.SH,1300.0,32253.0,24.81
2025-01-22,605377.SH,2000.0,25120.0,12.56
2025-01-22,605389.SH,600.0,15282.0,25.47
2025-01-22,605580.SH,1900.0,21907.0,11.53
2025-01-22,605599.SH,2600.0,28340.0,10.9
2025-01-23,603558.SH,3000.0,32940.0,10.98
2025-01-23,605050.SH,2700.0,26703.0,9.89
2025-01-23,605166.SH,1700.0,19635.0,11.55
2025-01-23,605319.SH,1300.0,32409.0,24.93
2025-01-23,605377.SH,2000.0,24940.0,12.47
2025-01-23,605389.SH,600.0,15744.0,26.24
2025-01-23,605580.SH,1900.0,21147.0,11.13
2025-01-23,605599.SH,2600.0,28392.0,10.92
2025-01-24,603558.SH,3000.0,32970.0,10.99
2025-01-24,605050.SH,2700.0,26703.0,9.89
2025-01-24,605166.SH,1700.0,19754.0,11.62
2025-01-24,605319.SH,1300.0,32149.0,24.73
2025-01-24,605377.SH,2000.0,24700.0,12.35
2025-01-24,605389.SH,600.0,15312.0,25.52
2025-01-24,605580.SH,1900.0,20596.0,10.84
2025-01-24,605599.SH,2600.0,28756.0,11.06
2025-01-27,603558.SH,3000.0,33300.0,11.1
2025-01-27,605050.SH,2700.0,26838.0,9.94
2025-01-27,605166.SH,1700.0,20111.0,11.83
2025-01-27,605319.SH,1300.0,31577.0,24.29
2025-01-27,605377.SH,2000.0,25160.0,12.58
2025-01-27,605389.SH,600.0,15036.0,25.06
2025-01-27,605580.SH,1900.0,20862.0,10.98
2025-01-27,605599.SH,2600.0,29224.0,11.24
2025-02-05,603558.SH,3000.0,32070.0,10.69
2025-02-05,605050.SH,2700.0,26460.0,9.8
2025-02-05,605166.SH,1700.0,19737.0,11.61
2025-02-05,605319.SH,1300.0,33735.0,25.95
2025-02-05,605377.SH,2000.0,24600.0,12.3
2025-02-05,605389.SH,600.0,15096.0,25.16
2025-02-05,605580.SH,1900.0,20786.0,10.94
2025-02-05,605599.SH,2600.0,28054.0,10.79
2025-02-06,603558.SH,3000.0,32220.0,10.74
2025-02-06,605050.SH,2700.0,26919.0,9.97
2025-02-06,605166.SH,1700.0,19771.0,11.63
2025-02-06,605319.SH,1300.0,35789.0,27.53
2025-02-06,605377.SH,2000.0,24480.0,12.24
2025-02-06,605389.SH,600.0,15186.0,25.31
2025-02-06,605580.SH,1900.0,20748.0,10.92
2025-02-06,605599.SH,2600.0,28028.0,10.78
2025-02-07,603558.SH,3000.0,32160.0,10.72
2025-02-07,605050.SH,2700.0,27540.0,10.2
2025-02-07,605166.SH,1700.0,19720.0,11.6
2025-02-07,605319.SH,1300.0,34905.0,26.85
2025-02-07,605377.SH,2000.0,24560.0,12.28
2025-02-07,605389.SH,600.0,15288.0,25.48
2025-02-07,605580.SH,1900.0,20767.0,10.93
2025-02-07,605599.SH,2600.0,28236.0,10.86
2025-02-10,603558.SH,3000.0,32250.0,10.75
2025-02-10,605050.SH,2700.0,27675.0,10.25
2025-02-10,605166.SH,1700.0,19431.0,11.43
2025-02-10,605319.SH,1300.0,35191.0,27.07
2025-02-10,605377.SH,2000.0,25160.0,12.58
2025-02-10,605389.SH,600.0,15276.0,25.46
2025-02-10,605580.SH,1900.0,21052.0,11.08
2025-02-10,605599.SH,2600.0,28184.0,10.84
2025-02-11,603558.SH,3000.0,32760.0,10.92
2025-02-11,605050.SH,2700.0,27567.0,10.21
2025-02-11,605166.SH,1700.0,19516.0,11.48
2025-02-11,605319.SH,1300.0,34567.0,26.59
2025-02-11,605377.SH,2000.0,25480.0,12.74
2025-02-11,605389.SH,600.0,15828.0,26.38
2025-02-11,605580.SH,1900.0,20710.0,10.9
2025-02-11,605599.SH,2600.0,30992.0,11.92
2025-02-12,603558.SH,3000.0,32220.0,10.74
2025-02-12,605050.SH,2700.0,27567.0,10.21
2025-02-12,605166.SH,1700.0,19618.0,11.54
2025-02-12,605319.SH,1300.0,35061.0,26.97
2025-02-12,605377.SH,2000.0,25360.0,12.68
2025-02-12,605389.SH,600.0,16014.0,26.69
2025-02-12,605580.SH,1900.0,21337.0,11.23
2025-02-12,605599.SH,2600.0,29796.0,11.46
2025-02-13,603558.SH,3000.0,31560.0,10.52
2025-02-13,605050.SH,2700.0,27513.0,10.19
2025-02-13,605166.SH,1700.0,19227.0,11.31
2025-02-13,605319.SH,1300.0,33683.0,25.91
2025-02-13,605377.SH,2000.0,25280.0,12.64
2025-02-13,605389.SH,600.0,15834.0,26.39
2025-02-13,605580.SH,1900.0,20691.0,10.89
2025-02-13,605599.SH,2600.0,29562.0,11.37
2025-02-14,603558.SH,3000.0,31560.0,10.52
2025-02-14,605050.SH,2700.0,27567.0,10.21
2025-02-14,605166.SH,1700.0,19703.0,11.59
2025-02-14,605319.SH,1300.0,33852.0,26.04
2025-02-14,605377.SH,2000.0,25220.0,12.61
2025-02-14,605389.SH,600.0,15630.0,26.05
2025-02-14,605580.SH,1900.0,20482.0,10.78
2025-02-14,605599.SH,2600.0,29874.0,11.49
2025-02-17,603558.SH,3000.0,31260.0,10.42
2025-02-17,605050.SH,2700.0,27783.0,10.29
2025-02-17,605166.SH,1700.0,19856.0,11.68
2025-02-17,605319.SH,1300.0,33878.0,26.06
2025-02-17,605377.SH,2000.0,25800.0,12.9
2025-02-17,605389.SH,600.0,16062.0,26.77
2025-02-17,605580.SH,1900.0,20140.0,10.6
2025-02-17,605599.SH,2600.0,30004.0,11.54
2025-02-18,603558.SH,3000.0,30960.0,10.32
2025-02-18,605050.SH,2700.0,27891.0,10.33
2025-02-18,605166.SH,1700.0,19584.0,11.52
2025-02-18,605319.SH,1300.0,33332.0,25.64
2025-02-18,605377.SH,2000.0,25280.0,12.64
2025-02-18,605389.SH,600.0,16128.0,26.88
2025-02-18,605580.SH,1900.0,19969.0,10.51
2025-02-18,605599.SH,2600.0,28756.0,11.06
2025-02-19,603558.SH,3000.0,31260.0,10.42
2025-02-19,605050.SH,2700.0,27270.0,10.1
2025-02-19,605166.SH,1700.0,20247.0,11.91
2025-02-19,605319.SH,1300.0,34333.0,26.41
2025-02-19,605377.SH,2000.0,25620.0,12.81
2025-02-19,605389.SH,600.0,16542.0,27.57
2025-02-19,605580.SH,1900.0,20178.0,10.62
2025-02-19,605599.SH,2600.0,29042.0,11.17
2025-02-20,603558.SH,3000.0,31380.0,10.46
2025-02-20,605050.SH,2700.0,28593.0,10.59
2025-02-20,605166.SH,1700.0,20944.0,12.32
2025-02-20,605319.SH,1300.0,34710.0,26.7
2025-02-20,605377.SH,2000.0,25340.0,12.67
2025-02-20,605389.SH,600.0,17640.0,29.4
2025-02-20,605580.SH,1900.0,20558.0,10.82
2025-02-20,605599.SH,2600.0,29536.0,11.36
2025-02-21,603558.SH,3000.0,31020.0,10.34
2025-02-21,605050.SH,2700.0,28971.0,10.73
2025-02-21,605166.SH,1700.0,20706.0,12.18
2025-02-21,605319.SH,1300.0,36127.0,27.79
2025-02-21,605377.SH,2000.0,24340.0,12.17
2025-02-21,605389.SH,600.0,17976.0,29.96
2025-02-21,605580.SH,1900.0,20083.0,10.57
2025-02-21,605599.SH,2600.0,29380.0,11.3
2025-02-24,603558.SH,3000.0,31230.0,10.41
2025-02-24,605050.SH,2700.0,29214.0,10.82
2025-02-24,605166.SH,1700.0,21199.0,12.47
2025-02-24,605319.SH,1300.0,39741.0,30.57
2025-02-24,605377.SH,2000.0,24300.0,12.15
2025-02-24,605389.SH,600.0,18300.0,30.5
2025-02-24,605580.SH,1900.0,20216.0,10.64
2025-02-24,605599.SH,2600.0,29380.0,11.3
2025-02-25,603558.SH,3000.0,30240.0,10.08
2025-02-25,605050.SH,2700.0,29511.0,10.93
2025-02-25,605166.SH,1700.0,22525.0,13.25
2025-02-25,605319.SH,1300.0,38870.0,29.9
2025-02-25,605377.SH,2000.0,24140.0,12.07
2025-02-25,605389.SH,600.0,17916.0,29.86
2025-02-25,605580.SH,1900.0,20463.0,10.77
2025-02-25,605599.SH,2600.0,29328.0,11.28
2025-02-26,603558.SH,3000.0,30540.0,10.18
2025-02-26,605050.SH,2700.0,31347.0,11.61
2025-02-26,605166.SH,1700.0,23239.0,13.67
2025-02-26,605319.SH,1300.0,40781.0,31.37
2025-02-26,605377.SH,2000.0,24320.0,12.16
2025-02-26,605389.SH,600.0,18114.0,30.19
2025-02-26,605580.SH,1900.0,20558.0,10.82
2025-02-26,605599.SH,2600.0,29614.0,11.39
2025-02-27,603558.SH,3000.0,30900.0,10.3
2025-02-27,605050.SH,2700.0,31887.0,11.81
2025-02-27,605166.SH,1700.0,22100.0,13.0
2025-02-27,605319.SH,1300.0,41496.0,31.92
2025-02-27,605377.SH,2000.0,24840.0,12.42
2025-02-27,605389.SH,600.0,17658.0,29.43
2025-02-27,605580.SH,1900.0,20520.0,10.8
2025-02-27,605599.SH,2600.0,29848.0,11.48
2025-02-28,603558.SH,3000.0,30630.0,10.21
2025-02-28,605050.SH,2700.0,30753.0,11.39
2025-02-28,605166.SH,1700.0,21352.0,12.56
2025-02-28,605319.SH,1300.0,39663.0,30.51
2025-02-28,605377.SH,2000.0,24400.0,12.2
2025-02-28,605389.SH,600.0,17436.0,29.06
2025-02-28,605580.SH,1900.0,20311.0,10.69
2025-02-28,605599.SH,2600.0,29848.0,11.48
2025-03-03,603558.SH,3000.0,30270.0,10.09
2025-03-03,605050.SH,2700.0,31212.0,11.56
2025-03-03,605166.SH,1700.0,20995.0,12.35
2025-03-03,605319.SH,1300.0,41769.0,32.13
2025-03-03,605377.SH,2000.0,24600.0,12.3
2025-03-03,605389.SH,600.0,17388.0,28.98
2025-03-03,605580.SH,1900.0,19912.0,10.48
2025-03-03,605599.SH,2600.0,29510.0,11.35
2025-03-04,603558.SH,3000.0,30390.0,10.13
2025-03-04,605050.SH,2700.0,30753.0,11.39
2025-03-04,605166.SH,1700.0,20961.0,12.33
2025-03-04,605319.SH,1300.0,41197.0,31.69
2025-03-04,605377.SH,2000.0,24620.0,12.31
2025-03-04,605389.SH,600.0,17904.0,29.84
2025-03-04,605580.SH,1900.0,20501.0,10.79
2025-03-04,605599.SH,2600.0,29016.0,11.16
2025-03-05,603558.SH,3000.0,30270.0,10.09
2025-03-05,605050.SH,2700.0,30051.0,11.13
2025-03-05,605166.SH,1700.0,21828.0,12.84
2025-03-05,605319.SH,1300.0,45318.0,34.86
2025-03-05,605377.SH,2000.0,24340.0,12.17
2025-03-05,605389.SH,600.0,18552.0,30.92
2025-03-05,605580.SH,1900.0,20140.0,10.6
2025-03-05,605599.SH,2600.0,29718.0,11.43
2025-03-06,603558.SH,3000.0,29790.0,9.93
2025-03-06,605050.SH,2700.0,30456.0,11.28
2025-03-06,605166.SH,1700.0,21828.0,12.84
2025-03-06,605319.SH,1300.0,48035.0,36.95
2025-03-06,605377.SH,2000.0,24340.0,12.17
2025-03-06,605389.SH,600.0,18210.0,30.35
2025-03-06,605580.SH,1900.0,20520.0,10.8
2025-03-06,605599.SH,2600.0,29328.0,11.28
2025-03-07,603558.SH,3000.0,29520.0,9.84
2025-03-07,605050.SH,2700.0,30321.0,11.23
2025-03-07,605166.SH,1700.0,22440.0,13.2
2025-03-07,605319.SH,1300.0,50180.0,38.6
2025-03-07,605377.SH,2000.0,24480.0,12.24
2025-03-07,605389.SH,600.0,18234.0,30.39
2025-03-07,605580.SH,1900.0,20748.0,10.92
2025-03-07,605599.SH,2600.0,28626.0,11.01
2025-03-10,603558.SH,3000.0,29280.0,9.76
2025-03-10,605050.SH,2700.0,29835.0,11.05
2025-03-10,605166.SH,1700.0,22321.0,13.13
2025-03-10,605319.SH,1300.0,47359.0,36.43
2025-03-10,605377.SH,2000.0,24960.0,12.48
2025-03-10,605389.SH,600.0,19086.0,31.81
2025-03-10,605580.SH,1900.0,21185.0,11.15
2025-03-10,605599.SH,2600.0,28730.0,11.05
2025-03-11,603558.SH,3000.0,29520.0,9.84
2025-03-11,605050.SH,2700.0,29916.0,11.08
2025-03-11,605166.SH,1700.0,21862.0,12.86
2025-03-11,605319.SH,1300.0,46449.0,35.73
2025-03-11,605377.SH,2000.0,25300.0,12.65
2025-03-11,605389.SH,600.0,19410.0,32.35
2025-03-11,605580.SH,1900.0,20615.0,10.85
2025-03-11,605599.SH,2600.0,29614.0,11.39
2025-03-12,603558.SH,3000.0,29550.0,9.85
2025-03-12,605050.SH,2700.0,30294.0,11.22
2025-03-12,605166.SH,1700.0,21709.0,12.77
2025-03-12,605319.SH,1300.0,45890.0,35.3
2025-03-12,605377.SH,2000.0,25440.0,12.72
2025-03-12,605389.SH,600.0,19050.0,31.75
2025-03-12,605580.SH,1900.0,21337.0,11.23
2025-03-12,605599.SH,2600.0,30160.0,11.6
2025-03-13,603558.SH,3000.0,29520.0,9.84
2025-03-13,605050.SH,2700.0,30186.0,11.18
2025-03-13,605166.SH,1700.0,21573.0,12.69
2025-03-13,605319.SH,1300.0,42250.0,32.5
2025-03-13,605377.SH,2000.0,25280.0,12.64
2025-03-13,605389.SH,600.0,18990.0,31.65
2025-03-13,605580.SH,1900.0,21508.0,11.32
2025-03-13,605599.SH,2600.0,31044.0,11.94
2025-03-14,603558.SH,3000.0,30240.0,10.08
2025-03-14,605050.SH,2700.0,30321.0,11.23
2025-03-14,605166.SH,1700.0,22032.0,12.96
2025-03-14,605319.SH,1300.0,44070.0,33.9
2025-03-14,605377.SH,2000.0,25660.0,12.83
2025-03-14,605389.SH,600.0,18810.0,31.35
2025-03-14,605580.SH,1900.0,21698.0,11.42
2025-03-14,605599.SH,2600.0,31590.0,12.15
2025-03-17,603558.SH,3000.0,30240.0,10.08
2025-03-17,605050.SH,2700.0,30861.0,11.43
2025-03-17,605166.SH,1700.0,22287.0,13.11
2025-03-17,605319.SH,1300.0,46683.0,35.91
2025-03-17,605377.SH,2000.0,25500.0,12.75
2025-03-17,605389.SH,600.0,18840.0,31.4
2025-03-17,605580.SH,1900.0,22439.0,11.81
2025-03-17,605599.SH,2600.0,31278.0,12.03
2025-03-18,603558.SH,3000.0,31260.0,10.42
2025-03-18,605050.SH,2700.0,29916.0,11.08
2025-03-18,605166.SH,1700.0,22576.0,13.28
2025-03-18,605319.SH,1300.0,46514.0,35.78
2025-03-18,605377.SH,2000.0,25460.0,12.73
2025-03-18,605389.SH,600.0,18960.0,31.6
2025-03-18,605580.SH,1900.0,22591.0,11.89
2025-03-18,605599.SH,2600.0,31434.0,12.09
2025-03-19,603558.SH,3000.0,31020.0,10.34
2025-03-19,605050.SH,2700.0,29646.0,10.98
2025-03-19,605166.SH,1700.0,22355.0,13.15
2025-03-19,605319.SH,1300.0,47502.0,36.54
2025-03-19,605377.SH,2000.0,25420.0,12.71
2025-03-19,605389.SH,600.0,19140.0,31.9
2025-03-19,605580.SH,1900.0,22667.0,11.93
2025-03-19,605599.SH,2600.0,31928.0,12.28
2025-03-20,603558.SH,3000.0,31080.0,10.36
2025-03-20,605050.SH,2700.0,29916.0,11.08
2025-03-20,605166.SH,1700.0,22406.0,13.18
2025-03-20,605319.SH,1300.0,47671.0,36.67
2025-03-20,605377.SH,2000.0,25900.0,12.95
2025-03-20,605389.SH,600.0,18960.0,31.6
2025-03-20,605580.SH,1900.0,22401.0,11.79
2025-03-20,605599.SH,2600.0,30888.0,11.88
2025-03-21,603558.SH,3000.0,30960.0,10.32
2025-03-21,605050.SH,2700.0,29673.0,10.99
2025-03-21,605166.SH,1700.0,21964.0,12.92
2025-03-21,605319.SH,1300.0,44070.0,33.9
2025-03-21,605377.SH,2000.0,25980.0,12.99
2025-03-21,605389.SH,600.0,18462.0,30.77
2025-03-21,605580.SH,1900.0,22192.0,11.68
2025-03-21,605599.SH,2600.0,30394.0,11.69
2025-03-24,603558.SH,3000.0,31170.0,10.39
2025-03-24,605050.SH,2700.0,29106.0,10.78
2025-03-24,605166.SH,1700.0,22219.0,13.07
2025-03-24,605319.SH,1300.0,43771.0,33.67
2025-03-24,605377.SH,2000.0,25560.0,12.78
2025-03-24,605389.SH,600.0,18342.0,30.57
2025-03-24,605580.SH,1900.0,23408.0,12.32
2025-03-24,605599.SH,2600.0,30576.0,11.76
2025-03-25,603558.SH,3000.0,30630.0,10.21
2025-03-25,605050.SH,2700.0,28998.0,10.74
2025-03-25,605166.SH,1700.0,22253.0,13.09
2025-03-25,605319.SH,1300.0,41834.0,32.18
2025-03-25,605377.SH,2000.0,25660.0,12.83
2025-03-25,605389.SH,600.0,18858.0,31.43
2025-03-25,605580.SH,1900.0,22933.0,12.07
2025-03-25,605599.SH,2600.0,30290.0,11.65
2025-03-26,603558.SH,3000.0,31050.0,10.35
2025-03-26,605050.SH,2700.0,29025.0,10.75
2025-03-26,605166.SH,1700.0,22457.0,13.21
2025-03-26,605319.SH,1300.0,41977.0,32.29
2025-03-26,605377.SH,2000.0,25600.0,12.8
2025-03-26,605389.SH,600.0,18600.0,31.0
2025-03-26,605580.SH,1900.0,22629.0,11.91
2025-03-26,605599.SH,2600.0,30862.0,11.87
2025-03-27,603558.SH,3000.0,30510.0,10.17
2025-03-27,605050.SH,2700.0,28539.0,10.57
2025-03-27,605166.SH,1700.0,22525.0,13.25
2025-03-27,605319.SH,1300.0,41977.0,32.29
2025-03-27,605377.SH,2000.0,25540.0,12.77
2025-03-27,605389.SH,600.0,18168.0,30.28
2025-03-27,605580.SH,1900.0,22192.0,11.68
2025-03-27,605599.SH,2600.0,30602.0,11.77
2025-03-28,603558.SH,3000.0,30060.0,10.02
2025-03-28,605050.SH,2700.0,28107.0,10.41
2025-03-28,605166.SH,1700.0,21896.0,12.88
2025-03-28,605319.SH,1300.0,42549.0,32.73
2025-03-28,605377.SH,2000.0,25460.0,12.73
2025-03-28,605389.SH,600.0,18282.0,30.47
2025-03-28,605580.SH,1900.0,21793.0,11.47
2025-03-28,605599.SH,2600.0,30706.0,11.81
2025-03-31,603558.SH,3000.0,29400.0,9.8
2025-03-31,605050.SH,2700.0,27864.0,10.32
2025-03-31,605166.SH,1700.0,22236.0,13.08
2025-03-31,605319.SH,1300.0,40859.0,31.43
2025-03-31,605377.SH,2000.0,24880.0,12.44
2025-03-31,605389.SH,600.0,18126.0,30.21
2025-03-31,605580.SH,1900.0,21717.0,11.43
2025-03-31,605599.SH,2600.0,30680.0,11.8
2025-04-01,603132.SH,2000.0,24040.0,12.02
2025-04-01,603156.SH,1800.0,41400.0,23.0
2025-04-01,605098.SH,500.0,19625.0,39.25
2025-04-01,605166.SH,2400.0,31440.0,13.1
2025-04-01,605255.SH,1200.0,20424.0,17.02
2025-04-01,605389.SH,900.0,27783.0,30.87
2025-04-01,605580.SH,2300.0,26841.0,11.67
2025-04-01,605599.SH,2300.0,27531.0,11.97
2025-04-02,603132.SH,2000.0,23860.0,11.93
2025-04-02,603156.SH,1800.0,41832.0,23.24
2025-04-02,605098.SH,500.0,19815.0,39.63
2025-04-02,605166.SH,2400.0,31464.0,13.11
2025-04-02,605255.SH,1200.0,20172.0,16.81
2025-04-02,605389.SH,900.0,28350.0,31.5
2025-04-02,605580.SH,2300.0,26496.0,11.52
2025-04-02,605599.SH,2300.0,27853.0,12.11
2025-04-03,603132.SH,2000.0,23440.0,11.72
2025-04-03,603156.SH,1800.0,42336.0,23.52
2025-04-03,605098.SH,500.0,19690.0,39.38
2025-04-03,605166.SH,2400.0,30072.0,12.53
2025-04-03,605255.SH,1200.0,20184.0,16.82
2025-04-03,605389.SH,900.0,28413.0,31.57
2025-04-03,605580.SH,2300.0,25852.0,11.24
2025-04-03,605599.SH,2300.0,27853.0,12.11
2025-04-07,603132.SH,2000.0,21100.0,10.55
2025-04-07,603156.SH,1800.0,41346.0,22.97
2025-04-07,605098.SH,500.0,17795.0,35.59
2025-04-07,605166.SH,2400.0,27072.0,11.28
2025-04-07,605255.SH,1200.0,18168.0,15.14
2025-04-07,605389.SH,900.0,25569.0,28.41
2025-04-07,605580.SH,2300.0,23276.0,10.12
2025-04-07,605599.SH,2300.0,25898.0,11.26
2025-04-08,603132.SH,2000.0,21020.0,10.51
2025-04-08,603156.SH,1800.0,42858.0,23.81
2025-04-08,605098.SH,500.0,18245.0,36.49
2025-04-08,605166.SH,2400.0,24960.0,10.4
2025-04-08,605255.SH,1200.0,16356.0,13.63
2025-04-08,605389.SH,900.0,24561.0,27.29
2025-04-08,605580.SH,2300.0,22379.0,9.73
2025-04-08,605599.SH,2300.0,26910.0,11.7
2025-04-09,603132.SH,2000.0,21200.0,10.6
2025-04-09,603156.SH,1800.0,43560.0,24.2
2025-04-09,605098.SH,500.0,18970.0,37.94
2025-04-09,605166.SH,2400.0,24624.0,10.26
2025-04-09,605255.SH,1200.0,16524.0,13.77
2025-04-09,605389.SH,900.0,24588.0,27.32
2025-04-09,605580.SH,2300.0,22333.0,9.71
2025-04-09,605599.SH,2300.0,27807.0,12.09
2025-04-10,603132.SH,2000.0,21600.0,10.8
2025-04-10,603156.SH,1800.0,43236.0,24.02
2025-04-10,605098.SH,500.0,19245.0,38.49
2025-04-10,605166.SH,2400.0,25416.0,10.59
2025-04-10,605255.SH,1200.0,17280.0,14.4
2025-04-10,605389.SH,900.0,25488.0,28.32
2025-04-10,605580.SH,2300.0,22816.0,9.92
2025-04-10,605599.SH,2300.0,28497.0,12.39
2025-04-11,603132.SH,2000.0,21900.0,10.95
2025-04-11,603156.SH,1800.0,42390.0,23.55
2025-04-11,605098.SH,500.0,19365.0,38.73
2025-04-11,605166.SH,2400.0,24960.0,10.4
2025-04-11,605255.SH,1200.0,17400.0,14.5
2025-04-11,605389.SH,900.0,26208.0,29.12
2025-04-11,605580.SH,2300.0,22977.0,9.99
2025-04-11,605599.SH,2300.0,28359.0,12.33
2025-04-14,603132.SH,2000.0,22060.0,11.03
2025-04-14,603156.SH,1800.0,42372.0,23.54
2025-04-14,605098.SH,500.0,19575.0,39.15
2025-04-14,605166.SH,2400.0,25008.0,10.42
2025-04-14,605255.SH,1200.0,17844.0,14.87
2025-04-14,605389.SH,900.0,27135.0,30.15
2025-04-14,605580.SH,2300.0,23529.0,10.23
2025-04-14,605599.SH,2300.0,28037.0,12.19
2025-04-15,603132.SH,2000.0,22000.0,11.0
2025-04-15,603156.SH,1800.0,42264.0,23.48
2025-04-15,605098.SH,500.0,19420.0,38.84
2025-04-15,605166.SH,2400.0,25560.0,10.65
2025-04-15,605255.SH,1200.0,17856.0,14.88
2025-04-15,605389.SH,900.0,27018.0,30.02
2025-04-15,605580.SH,2300.0,23851.0,10.37
2025-04-15,605599.SH,2300.0,29463.0,12.81
2025-04-16,603132.SH,2000.0,21720.0,10.86
2025-04-16,603156.SH,1800.0,43164.0,23.98
2025-04-16,605098.SH,500.0,19380.0,38.76
2025-04-16,605166.SH,2400.0,24888.0,10.37
2025-04-16,605255.SH,1200.0,17244.0,14.37
2025-04-16,605389.SH,900.0,26460.0,29.4
2025-04-16,605580.SH,2300.0,23345.0,10.15
2025-04-16,605599.SH,2300.0,30406.0,13.22
2025-04-17,603132.SH,2000.0,22000.0,11.0
2025-04-17,603156.SH,1800.0,43362.0,24.09
2025-04-17,605098.SH,500.0,19590.0,39.18
2025-04-17,605166.SH,2400.0,25248.0,10.52
2025-04-17,605255.SH,1200.0,17292.0,14.41
2025-04-17,605389.SH,900.0,26451.0,29.39
2025-04-17,605580.SH,2300.0,23299.0,10.13
2025-04-17,605599.SH,2300.0,29555.0,12.85
2025-04-18,603132.SH,2000.0,22100.0,11.05
2025-04-18,603156.SH,1800.0,42786.0,23.77
2025-04-18,605098.SH,500.0,19495.0,38.99
2025-04-18,605166.SH,2400.0,25080.0,10.45
2025-04-18,605255.SH,1200.0,17484.0,14.57
2025-04-18,605389.SH,900.0,26982.0,29.98
2025-04-18,605580.SH,2300.0,23621.0,10.27
2025-04-18,605599.SH,2300.0,28704.0,12.48
2025-04-21,603132.SH,2000.0,22560.0,11.28
2025-04-21,603156.SH,1800.0,42948.0,23.86
2025-04-21,605098.SH,500.0,20030.0,40.06
2025-04-21,605166.SH,2400.0,25368.0,10.57
2025-04-21,605255.SH,1200.0,17856.0,14.88
2025-04-21,605389.SH,900.0,27639.0,30.71
2025-04-21,605580.SH,2300.0,23805.0,10.35
2025-04-21,605599.SH,2300.0,29486.0,12.82
2025-04-22,603132.SH,2000.0,22580.0,11.29
2025-04-22,603156.SH,1800.0,43002.0,23.89
2025-04-22,605098.SH,500.0,20260.0,40.52
2025-04-22,605166.SH,2400.0,25224.0,10.51
2025-04-22,605255.SH,1200.0,17748.0,14.79
2025-04-22,605389.SH,900.0,27612.0,30.68
2025-04-22,605580.SH,2300.0,23621.0,10.27
2025-04-22,605599.SH,2300.0,29923.0,13.01
2025-04-23,603132.SH,2000.0,22460.0,11.23
2025-04-23,603156.SH,1800.0,43092.0,23.94
2025-04-23,605098.SH,500.0,20110.0,40.22
2025-04-23,605166.SH,2400.0,26640.0,11.1
2025-04-23,605255.SH,1200.0,18420.0,15.35
2025-04-23,605389.SH,900.0,28440.0,31.6
2025-04-23,605580.SH,2300.0,23713.0,10.31
2025-04-23,605599.SH,2300.0,28428.0,12.36
2025-04-24,603132.SH,2000.0,22380.0,11.19
2025-04-24,603156.SH,1800.0,43776.0,24.32
2025-04-24,605098.SH,500.0,20050.0,40.1
2025-04-24,605166.SH,2400.0,26472.0,11.03
2025-04-24,605255.SH,1200.0,18216.0,15.18
2025-04-24,605389.SH,900.0,27513.0,30.57
2025-04-24,605580.SH,2300.0,23989.0,10.43
2025-04-24,605599.SH,2300.0,28382.0,12.34
2025-04-25,603132.SH,2000.0,22380.0,11.19
2025-04-25,603156.SH,1800.0,42948.0,23.86
2025-04-25,605098.SH,500.0,19820.0,39.64
2025-04-25,605166.SH,2400.0,27000.0,11.25
2025-04-25,605255.SH,1200.0,18372.0,15.31
2025-04-25,605389.SH,900.0,27504.0,30.56
2025-04-25,605580.SH,2300.0,24679.0,10.73
2025-04-25,605599.SH,2300.0,28037.0,12.19
2025-04-28,603132.SH,2000.0,22060.0,11.03
2025-04-28,603156.SH,1800.0,45558.0,25.31
2025-04-28,605098.SH,500.0,19100.0,38.2
2025-04-28,605166.SH,2400.0,25704.0,10.71
2025-04-28,605255.SH,1200.0,17964.0,14.97
2025-04-28,605389.SH,900.0,28008.0,31.12
2025-04-28,605580.SH,2300.0,25047.0,10.89
2025-04-28,605599.SH,2300.0,28290.0,12.3
2025-04-29,603132.SH,2000.0,22360.0,11.18
2025-04-29,603156.SH,1800.0,44946.0,24.97
2025-04-29,605098.SH,500.0,18935.0,37.87
2025-04-29,605166.SH,2400.0,26592.0,11.08
2025-04-29,605255.SH,1200.0,18468.0,15.39
2025-04-29,605389.SH,900.0,28413.0,31.57
2025-04-29,605580.SH,2300.0,24932.0,10.84
2025-04-29,605599.SH,2300.0,31119.0,13.53
2025-04-30,603132.SH,2000.0,22420.0,11.21
2025-04-30,603156.SH,1800.0,43704.0,24.28
2025-04-30,605098.SH,500.0,18710.0,37.42
2025-04-30,605166.SH,2400.0,26496.0,11.04
2025-04-30,605255.SH,1200.0,20316.0,16.93
2025-04-30,605389.SH,900.0,28782.0,31.98
2025-04-30,605580.SH,2300.0,24771.0,10.77
2025-04-30,605599.SH,2300.0,32039.0,13.93
2025-05-06,603132.SH,2000.0,22920.0,11.46
2025-05-06,603156.SH,1800.0,42930.0,23.85
2025-05-06,605098.SH,500.0,19195.0,38.39
2025-05-06,605166.SH,2400.0,27168.0,11.32
2025-05-06,605255.SH,1200.0,20460.0,17.05
2025-05-06,605389.SH,900.0,28791.0,31.99
2025-05-06,605580.SH,2300.0,25760.0,11.2
2025-05-06,605599.SH,2300.0,33304.0,14.48
2025-05-07,603132.SH,2000.0,22980.0,11.49
2025-05-07,603156.SH,1800.0,44514.0,24.73
2025-05-07,605098.SH,500.0,19000.0,38.0
2025-05-07,605166.SH,2400.0,27120.0,11.3
2025-05-07,605255.SH,1200.0,20664.0,17.22
2025-05-07,605389.SH,900.0,28737.0,31.93
2025-05-07,605580.SH,2300.0,25691.0,11.17
2025-05-07,605599.SH,2300.0,33235.0,14.45
2025-05-08,603132.SH,2000.0,22980.0,11.49
2025-05-08,603156.SH,1800.0,43398.0,24.11
2025-05-08,605098.SH,500.0,18800.0,37.6
2025-05-08,605166.SH,2400.0,27264.0,11.36
2025-05-08,605255.SH,1200.0,20940.0,17.45
2025-05-08,605389.SH,900.0,29862.0,33.18
2025-05-08,605580.SH,2300.0,25668.0,11.16
2025-05-08,605599.SH,2300.0,31786.0,13.82
2025-05-09,603132.SH,2000.0,22620.0,11.31
2025-05-09,603156.SH,1800.0,44406.0,24.67
2025-05-09,605098.SH,500.0,18540.0,37.08
2025-05-09,605166.SH,2400.0,26568.0,11.07
2025-05-09,605255.SH,1200.0,20616.0,17.18
2025-05-09,605389.SH,900.0,29664.0,32.96
2025-05-09,605580.SH,2300.0,25852.0,11.24
2025-05-09,605599.SH,2300.0,32223.0,14.01
2025-05-12,603132.SH,2000.0,22860.0,11.43
2025-05-12,603156.SH,1800.0,43866.0,24.37
2025-05-12,605098.SH,500.0,18415.0,36.83
2025-05-12,605166.SH,2400.0,26928.0,11.22
2025-05-12,605255.SH,1200.0,20556.0,17.13
2025-05-12,605389.SH,900.0,31878.0,35.42
2025-05-12,605580.SH,2300.0,25921.0,11.27
2025-05-12,605599.SH,2300.0,31832.0,13.84
2025-05-13,603132.SH,2000.0,22740.0,11.37
2025-05-13,603156.SH,1800.0,43740.0,24.3
2025-05-13,605098.SH,500.0,18280.0,36.56
2025-05-13,605166.SH,2400.0,29616.0,12.34
2025-05-13,605255.SH,1200.0,20664.0,17.22
2025-05-13,605389.SH,900.0,32175.0,35.75
2025-05-13,605580.SH,2300.0,25760.0,11.2
2025-05-13,605599.SH,2300.0,31924.0,13.88
2025-05-14,603132.SH,2000.0,22760.0,11.38
2025-05-14,603156.SH,1800.0,43110.0,23.95
2025-05-14,605098.SH,500.0,18275.0,36.55
2025-05-14,605166.SH,2400.0,30744.0,12.81
2025-05-14,605255.SH,1200.0,20244.0,16.87
2025-05-14,605389.SH,900.0,31050.0,34.5
2025-05-14,605580.SH,2300.0,26059.0,11.33
2025-05-14,605599.SH,2300.0,31648.0,13.76
2025-05-15,603132.SH,2000.0,22600.0,11.3
2025-05-15,603156.SH,1800.0,43092.0,23.94
2025-05-15,605098.SH,500.0,18170.0,36.34
2025-05-15,605166.SH,2400.0,29808.0,12.42
2025-05-15,605255.SH,1200.0,20220.0,16.85
2025-05-15,605389.SH,900.0,30555.0,33.95
2025-05-15,605580.SH,2300.0,25921.0,11.27
2025-05-15,605599.SH,2300.0,31832.0,13.84
2025-05-16,603132.SH,2000.0,22620.0,11.31
2025-05-16,603156.SH,1800.0,42876.0,23.82
2025-05-16,605098.SH,500.0,18485.0,36.97
2025-05-16,605166.SH,2400.0,31200.0,13.0
2025-05-16,605255.SH,1200.0,20568.0,17.14
2025-05-16,605389.SH,900.0,30663.0,34.07
2025-05-16,605580.SH,2300.0,26013.0,11.31
2025-05-16,605599.SH,2300.0,31924.0,13.88
2025-05-19,603132.SH,2000.0,22700.0,11.35
2025-05-19,603156.SH,1800.0,43776.0,24.32
2025-05-19,605098.SH,500.0,18505.0,37.01
2025-05-19,605166.SH,2400.0,31656.0,13.19
2025-05-19,605255.SH,1200.0,20532.0,17.11
2025-05-19,605389.SH,900.0,30276.0,33.64
2025-05-19,605580.SH,2300.0,25990.0,11.3
2025-05-19,605599.SH,2300.0,32039.0,13.93
2025-05-20,603132.SH,2000.0,22900.0,11.45
2025-05-20,603156.SH,1800.0,43794.0,24.33
2025-05-20,605098.SH,500.0,18815.0,37.63
2025-05-20,605166.SH,2400.0,31200.0,13.0
2025-05-20,605255.SH,1200.0,20676.0,17.23
2025-05-20,605389.SH,900.0,30258.0,33.62
2025-05-20,605580.SH,2300.0,26519.0,11.53
2025-05-20,605599.SH,2300.0,34040.0,14.8
2025-05-21,603132.SH,2000.0,22820.0,11.41
2025-05-21,603156.SH,1800.0,44442.0,24.69
2025-05-21,605098.SH,500.0,18375.0,36.75
2025-05-21,605166.SH,2400.0,29640.0,12.35
2025-05-21,605255.SH,1200.0,20736.0,17.28
2025-05-21,605389.SH,900.0,30690.0,34.1
2025-05-21,605580.SH,2300.0,26542.0,11.54
2025-05-21,605599.SH,2300.0,34960.0,15.2
2025-05-22,603132.SH,2000.0,22740.0,11.37
2025-05-22,603156.SH,1800.0,44136.0,24.52
2025-05-22,605098.SH,500.0,17755.0,35.51
2025-05-22,605166.SH,2400.0,28560.0,11.9
2025-05-22,605255.SH,1200.0,20844.0,17.37
2025-05-22,605389.SH,900.0,30717.0,34.13
2025-05-22,605580.SH,2300.0,26082.0,11.34
2025-05-22,605599.SH,2300.0,34523.0,15.01
2025-05-23,603132.SH,2000.0,22760.0,11.38
2025-05-23,603156.SH,1800.0,43632.0,24.24
2025-05-23,605098.SH,500.0,17830.0,35.66
2025-05-23,605166.SH,2400.0,28368.0,11.82
2025-05-23,605255.SH,1200.0,20496.0,17.08
2025-05-23,605389.SH,900.0,30222.0,33.58
2025-05-23,605580.SH,2300.0,25829.0,11.23
2025-05-23,605599.SH,2300.0,34247.0,14.89
2025-05-26,603132.SH,2000.0,22880.0,11.44
2025-05-26,603156.SH,1800.0,43722.0,24.29
2025-05-26,605098.SH,500.0,17815.0,35.63
2025-05-26,605166.SH,2400.0,28704.0,11.96
2025-05-26,605255.SH,1200.0,20532.0,17.11
2025-05-26,605389.SH,900.0,29466.0,32.74
2025-05-26,605580.SH,2300.0,25852.0,11.24
2025-05-26,605599.SH,2300.0,33902.0,14.74
2025-05-27,603132.SH,2000.0,22760.0,11.38
2025-05-27,603156.SH,1800.0,43812.0,24.34
2025-05-27,605098.SH,500.0,17780.0,35.56
2025-05-27,605166.SH,2400.0,28128.0,11.72
2025-05-27,605255.SH,1200.0,21060.0,17.55
2025-05-27,605389.SH,900.0,29700.0,33.0
2025-05-27,605580.SH,2300.0,26151.0,11.37
2025-05-27,605599.SH,2300.0,35006.0,15.22
2025-05-28,603132.SH,2000.0,23020.0,11.51
2025-05-28,603156.SH,1800.0,44892.0,24.94
2025-05-28,605098.SH,500.0,17775.0,35.55
2025-05-28,605166.SH,2400.0,28344.0,11.81
2025-05-28,605255.SH,1200.0,22020.0,18.35
2025-05-28,605389.SH,900.0,29916.0,33.24
2025-05-28,605580.SH,2300.0,25392.0,11.04
2025-05-28,605599.SH,2300.0,38502.0,16.74
2025-05-29,603132.SH,2000.0,23100.0,11.55
2025-05-29,603156.SH,1800.0,44568.0,24.76
2025-05-29,605098.SH,500.0,17945.0,35.89
2025-05-29,605166.SH,2400.0,28584.0,11.91
2025-05-29,605255.SH,1200.0,23688.0,19.74
2025-05-29,605389.SH,900.0,29124.0,32.36
2025-05-29,605580.SH,2300.0,25691.0,11.17
2025-05-29,605599.SH,2300.0,37260.0,16.2
2025-05-30,603132.SH,2000.0,23080.0,11.54
2025-05-30,603156.SH,1800.0,44010.0,24.45
2025-05-30,605098.SH,500.0,17790.0,35.58
2025-05-30,605166.SH,2400.0,27408.0,11.42
2025-05-30,605255.SH,1200.0,23724.0,19.77
2025-05-30,605389.SH,900.0,28989.0,32.21
2025-05-30,605580.SH,2300.0,24932.0,10.84
2025-05-30,605599.SH,2300.0,35558.0,15.46
2025-06-03,603132.SH,2000.0,23080.0,11.54
2025-06-03,603156.SH,1800.0,44406.0,24.67
2025-06-03,605098.SH,500.0,17795.0,35.59
2025-06-03,605166.SH,2400.0,27792.0,11.58
2025-06-03,605255.SH,1200.0,24504.0,20.42
2025-06-03,605389.SH,900.0,30924.0,34.36
2025-06-03,605580.SH,2300.0,25024.0,10.88
2025-06-03,605599.SH,2300.0,39123.0,17.01
2025-06-04,603132.SH,2000.0,23480.0,11.74
2025-06-04,603156.SH,1800.0,45000.0,25.0
2025-06-04,605098.SH,500.0,17850.0,35.7
2025-06-04,605166.SH,2400.0,28032.0,11.68
2025-06-04,605255.SH,1200.0,25416.0,21.18
2025-06-04,605389.SH,900.0,30987.0,34.43
2025-06-04,605580.SH,2300.0,25415.0,11.05
2025-06-04,605599.SH,2300.0,43033.0,18.71
2025-06-05,603132.SH,2000.0,23440.0,11.72
2025-06-05,603156.SH,1800.0,44856.0,24.92
2025-06-05,605098.SH,500.0,17790.0,35.58
2025-06-05,605166.SH,2400.0,28224.0,11.76
2025-06-05,605255.SH,1200.0,26160.0,21.8
2025-06-05,605389.SH,900.0,31617.0,35.13
2025-06-05,605580.SH,2300.0,25645.0,11.15
2025-06-05,605599.SH,2300.0,41331.0,17.97
2025-06-06,603132.SH,2000.0,24160.0,12.08
2025-06-06,603156.SH,1800.0,40680.0,22.6
2025-06-06,605098.SH,500.0,17830.0,35.66
2025-06-06,605166.SH,2400.0,28608.0,11.92
2025-06-06,605255.SH,1200.0,26232.0,21.86
2025-06-06,605389.SH,900.0,31977.0,35.53
2025-06-06,605580.SH,2300.0,25622.0,11.14
2025-06-06,605599.SH,2300.0,39537.0,17.19
2025-06-09,603132.SH,2000.0,23940.0,11.97
2025-06-09,603156.SH,1800.0,40932.0,22.74
2025-06-09,605098.SH,500.0,17995.0,35.99
2025-06-09,605166.SH,2400.0,30072.0,12.53
2025-06-09,605255.SH,1200.0,25620.0,21.35
2025-06-09,605389.SH,900.0,30888.0,34.32
2025-06-09,605580.SH,2300.0,26427.0,11.49
2025-06-09,605599.SH,2300.0,40089.0,17.43
2025-06-10,603132.SH,2000.0,23820.0,11.91
2025-06-10,603156.SH,1800.0,40464.0,22.48
2025-06-10,605098.SH,500.0,18060.0,36.12
2025-06-10,605166.SH,2400.0,28392.0,11.83
2025-06-10,605255.SH,1200.0,25464.0,21.22
2025-06-10,605389.SH,900.0,30600.0,34.0
2025-06-10,605580.SH,2300.0,26496.0,11.52
2025-06-10,605599.SH,2300.0,38801.0,16.87
2025-06-11,603132.SH,2000.0,24360.0,12.18
2025-06-11,603156.SH,1800.0,40158.0,22.31
2025-06-11,605098.SH,500.0,18220.0,36.44
2025-06-11,605166.SH,2400.0,28656.0,11.94
2025-06-11,605255.SH,1200.0,25284.0,21.07
2025-06-11,605389.SH,900.0,31212.0,34.68
2025-06-11,605580.SH,2300.0,26565.0,11.55
2025-06-11,605599.SH,2300.0,38870.0,16.9
2025-06-12,603132.SH,2000.0,24820.0,12.41
2025-06-12,603156.SH,1800.0,40284.0,22.38
2025-06-12,605098.SH,500.0,18195.0,36.39
2025-06-12,605166.SH,2400.0,28344.0,11.81
2025-06-12,605255.SH,1200.0,25620.0,21.35
2025-06-12,605389.SH,900.0,30906.0,34.34
2025-06-12,605580.SH,2300.0,26266.0,11.42
2025-06-12,605599.SH,2300.0,41078.0,17.86
2025-06-13,603132.SH,2000.0,24700.0,12.35
2025-06-13,603156.SH,1800.0,39726.0,22.07
2025-06-13,605098.SH,500.0,17845.0,35.69
2025-06-13,605166.SH,2400.0,27744.0,11.56
2025-06-13,605255.SH,1200.0,24708.0,20.59
2025-06-13,605389.SH,900.0,31545.0,35.05
2025-06-13,605580.SH,2300.0,26151.0,11.37
2025-06-13,605599.SH,2300.0,43217.0,18.79
2025-06-16,603132.SH,2000.0,24400.0,12.2
2025-06-16,603156.SH,1800.0,39438.0,21.91
2025-06-16,605098.SH,500.0,17860.0,35.72
2025-06-16,605166.SH,2400.0,27744.0,11.56
2025-06-16,605255.SH,1200.0,24756.0,20.63
2025-06-16,605389.SH,900.0,30942.0,34.38
2025-06-16,605580.SH,2300.0,25967.0,11.29
2025-06-16,605599.SH,2300.0,39560.0,17.2
2025-06-17,603132.SH,2000.0,24380.0,12.19
2025-06-17,603156.SH,1800.0,39060.0,21.7
2025-06-17,605098.SH,500.0,17695.0,35.39
2025-06-17,605166.SH,2400.0,27384.0,11.41
2025-06-17,605255.SH,1200.0,24072.0,20.06
2025-06-17,605389.SH,900.0,31788.0,35.32
2025-06-17,605580.SH,2300.0,25668.0,11.16
2025-06-17,605599.SH,2300.0,36984.0,16.08
2025-06-18,603132.SH,2000.0,24360.0,12.18
2025-06-18,603156.SH,1800.0,38790.0,21.55
2025-06-18,605098.SH,500.0,17645.0,35.29
2025-06-18,605166.SH,2400.0,27048.0,11.27
2025-06-18,605255.SH,1200.0,24204.0,20.17
2025-06-18,605389.SH,900.0,32562.0,36.18
2025-06-18,605580.SH,2300.0,25691.0,11.17
2025-06-18,605599.SH,2300.0,38525.0,16.75
2025-06-19,603132.SH,2000.0,23940.0,11.97
2025-06-19,603156.SH,1800.0,38538.0,21.41
2025-06-19,605098.SH,500.0,17410.0,34.82
2025-06-19,605166.SH,2400.0,26784.0,11.16
2025-06-19,605255.SH,1200.0,23400.0,19.5
2025-06-19,605389.SH,900.0,33993.0,37.77
2025-06-19,605580.SH,2300.0,28267.0,12.29
2025-06-19,605599.SH,2300.0,37214.0,16.18
2025-06-20,603132.SH,2000.0,23820.0,11.91
2025-06-20,603156.SH,1800.0,38700.0,21.5
2025-06-20,605098.SH,500.0,17330.0,34.66
2025-06-20,605166.SH,2400.0,26232.0,10.93
2025-06-20,605255.SH,1200.0,22872.0,19.06
2025-06-20,605389.SH,900.0,35334.0,39.26
2025-06-20,605580.SH,2300.0,27554.0,11.98
2025-06-20,605599.SH,2300.0,37927.0,16.49
2025-06-23,603132.SH,2000.0,23920.0,11.96
2025-06-23,603156.SH,1800.0,38052.0,21.14
2025-06-23,605098.SH,500.0,17420.0,34.84
2025-06-23,605166.SH,2400.0,26616.0,11.09
2025-06-23,605255.SH,1200.0,22800.0,19.0
2025-06-23,605389.SH,900.0,32481.0,36.09
2025-06-23,605580.SH,2300.0,29532.0,12.84
2025-06-23,605599.SH,2300.0,39606.0,17.22
2025-06-24,603132.SH,2000.0,24120.0,12.06
2025-06-24,603156.SH,1800.0,38214.0,21.23
2025-06-24,605098.SH,500.0,17635.0,35.27
2025-06-24,605166.SH,2400.0,27096.0,11.29
2025-06-24,605255.SH,1200.0,22956.0,19.13
2025-06-24,605389.SH,900.0,34416.0,38.24
2025-06-24,605580.SH,2300.0,29532.0,12.84
2025-06-24,605599.SH,2300.0,37789.0,16.43
2025-06-25,603132.SH,2000.0,24040.0,12.02
2025-06-25,603156.SH,1800.0,38538.0,21.41
2025-06-25,605098.SH,500.0,17745.0,35.49
2025-06-25,605166.SH,2400.0,27264.0,11.36
2025-06-25,605255.SH,1200.0,22776.0,18.98
2025-06-25,605389.SH,900.0,34551.0,38.39
2025-06-25,605580.SH,2300.0,29440.0,12.8
2025-06-25,605599.SH,2300.0,36524.0,15.88
2025-06-26,603132.SH,2000.0,23980.0,11.99
2025-06-26,603156.SH,1800.0,38304.0,21.28
2025-06-26,605098.SH,500.0,17615.0,35.23
2025-06-26,605166.SH,2400.0,27024.0,11.26
2025-06-26,605255.SH,1200.0,23124.0,19.27
2025-06-26,605389.SH,900.0,35505.0,39.45
2025-06-26,605580.SH,2300.0,30843.0,13.41
2025-06-26,605599.SH,2300.0,37122.0,16.14
2025-06-27,603132.SH,2000.0,26380.0,13.19
2025-06-27,603156.SH,1800.0,38340.0,21.3
2025-06-27,605098.SH,500.0,17625.0,35.25
2025-06-27,605166.SH,2400.0,27120.0,11.3
2025-06-27,605255.SH,1200.0,23196.0,19.33
2025-06-27,605389.SH,900.0,36045.0,40.05
2025-06-27,605580.SH,2300.0,31349.0,13.63
2025-06-27,605599.SH,2300.0,36363.0,15.81
2025-06-30,603132.SH,2000.0,26540.0,13.27
2025-06-30,603156.SH,1800.0,38088.0,21.16
2025-06-30,605098.SH,500.0,17890.0,35.78
2025-06-30,605166.SH,2400.0,26856.0,11.19
2025-06-30,605255.SH,1200.0,23472.0,19.56
2025-06-30,605389.SH,900.0,39654.0,44.06
2025-06-30,605580.SH,2300.0,31257.0,13.59
2025-06-30,605599.SH,2300.0,37605.0,16.35
2025-07-01,603132.SH,3300.0,43065.0,13.05
2025-07-01,603380.SH,1700.0,45560.0,26.8
2025-07-01,605001.SH,3800.0,27436.0,7.22
2025-07-01,605003.SH,800.0,17112.0,21.39
2025-07-01,605028.SH,2000.0,38380.0,19.19
2025-07-01,605056.SH,1500.0,22935.0,15.29
2025-07-01,605389.SH,300.0,14154.0,47.18
2025-07-01,605580.SH,2300.0,31257.0,13.59
2025-07-02,603132.SH,3300.0,42339.0,12.83
2025-07-02,603380.SH,1700.0,44897.0,26.41
2025-07-02,605001.SH,3800.0,27436.0,7.22
2025-07-02,605003.SH,800.0,16752.0,20.94
2025-07-02,605028.SH,2000.0,38420.0,19.21
2025-07-02,605056.SH,1500.0,22530.0,15.02
2025-07-02,605389.SH,300.0,12738.0,42.46
2025-07-02,605580.SH,2300.0,30613.0,13.31
2025-07-03,603132.SH,3300.0,42174.0,12.78
2025-07-03,603380.SH,1700.0,45594.0,26.82
2025-07-03,605001.SH,3800.0,27550.0,7.25
2025-07-03,605003.SH,800.0,17048.0,21.31
2025-07-03,605028.SH,2000.0,38360.0,19.18
2025-07-03,605056.SH,1500.0,24150.0,16.1
2025-07-03,605389.SH,300.0,11463.0,38.21
2025-07-03,605580.SH,2300.0,31441.0,13.67
2025-07-04,603132.SH,3300.0,41580.0,12.6
2025-07-04,603380.SH,1700.0,45407.0,26.71
2025-07-04,605001.SH,3800.0,27322.0,7.19
2025-07-04,605003.SH,800.0,16424.0,20.53
2025-07-04,605028.SH,2000.0,38180.0,19.09
2025-07-04,605056.SH,1500.0,23565.0,15.71
2025-07-04,605389.SH,300.0,11463.0,38.21
2025-07-04,605580.SH,2300.0,30774.0,13.38
2025-07-07,603132.SH,3300.0,41745.0,12.65
2025-07-07,603380.SH,1700.0,44778.0,26.34
2025-07-07,605001.SH,3800.0,27702.0,7.29
2025-07-07,605003.SH,800.0,16904.0,21.13
2025-07-07,605028.SH,2000.0,42000.0,21.0
2025-07-07,605056.SH,1500.0,23415.0,15.61
2025-07-07,605389.SH,300.0,11463.0,38.21
2025-07-07,605580.SH,2300.0,32246.0,14.02
2025-07-08,603132.SH,3300.0,41844.0,12.68
2025-07-08,603380.SH,1700.0,46478.0,27.34
2025-07-08,605001.SH,3800.0,27854.0,7.33
2025-07-08,605003.SH,800.0,17016.0,21.27
2025-07-08,605028.SH,2000.0,42400.0,21.2
2025-07-08,605056.SH,1500.0,23325.0,15.55
2025-07-08,605389.SH,300.0,11463.0,38.21
2025-07-08,605580.SH,2300.0,31970.0,13.9
2025-07-09,603132.SH,3300.0,41316.0,12.52
2025-07-09,603380.SH,1700.0,45747.0,26.91
2025-07-09,605001.SH,3800.0,27930.0,7.35
2025-07-09,605003.SH,800.0,16608.0,20.76
2025-07-09,605028.SH,2000.0,43400.0,21.7
2025-07-09,605056.SH,1500.0,23205.0,15.47
2025-07-09,605389.SH,300.0,11463.0,38.21
2025-07-09,605580.SH,2300.0,31740.0,13.8
2025-07-10,603132.SH,3300.0,41580.0,12.6
2025-07-10,603380.SH,1700.0,45305.0,26.65
2025-07-10,605001.SH,3800.0,27892.0,7.34
2025-07-10,605003.SH,800.0,16776.0,20.97
2025-07-10,605028.SH,2000.0,40820.0,20.41
2025-07-10,605056.SH,1500.0,22905.0,15.27
2025-07-10,605389.SH,300.0,11463.0,38.21
2025-07-10,605580.SH,2300.0,32545.0,14.15
2025-07-11,603132.SH,3300.0,42405.0,12.85
2025-07-11,603380.SH,1700.0,44795.0,26.35
2025-07-11,605001.SH,3800.0,27892.0,7.34
2025-07-11,605003.SH,800.0,16640.0,20.8
2025-07-11,605028.SH,2000.0,39680.0,19.84
2025-07-11,605056.SH,1500.0,22725.0,15.15
2025-07-11,605389.SH,300.0,12609.0,42.03
2025-07-11,605580.SH,2300.0,33350.0,14.5
2025-07-14,603132.SH,3300.0,42438.0,12.86
2025-07-14,603380.SH,1700.0,49283.0,28.99
2025-07-14,605001.SH,3800.0,28804.0,7.58
2025-07-14,605003.SH,800.0,16640.0,20.8
2025-07-14,605028.SH,2000.0,39840.0,19.92
2025-07-14,605056.SH,1500.0,22635.0,15.09
2025-07-14,605389.SH,300.0,12177.0,40.59
2025-07-14,605580.SH,2300.0,33534.0,14.58
2025-07-15,603132.SH,3300.0,42174.0,12.78
2025-07-15,603380.SH,1700.0,51850.0,30.5
2025-07-15,605001.SH,3800.0,28196.0,7.42
2025-07-15,605003.SH,800.0,16488.0,20.61
2025-07-15,605028.SH,2000.0,38460.0,19.23
2025-07-15,605056.SH,1500.0,22395.0,14.93
2025-07-15,605389.SH,300.0,11685.0,38.95
2025-07-15,605580.SH,2300.0,33166.0,14.42
2025-07-16,603132.SH,3300.0,41646.0,12.62
2025-07-16,603380.SH,1700.0,48841.0,28.73
2025-07-16,605001.SH,3800.0,28348.0,7.46
2025-07-16,605003.SH,800.0,16632.0,20.79
2025-07-16,605028.SH,2000.0,38420.0,19.21
2025-07-16,605056.SH,1500.0,22455.0,14.97
2025-07-16,605389.SH,300.0,11757.0,39.19
2025-07-16,605580.SH,2300.0,33580.0,14.6
2025-07-17,603132.SH,3300.0,41712.0,12.64
2025-07-17,603380.SH,1700.0,48841.0,28.73
2025-07-17,605001.SH,3800.0,28348.0,7.46
2025-07-17,605003.SH,800.0,16408.0,20.51
2025-07-17,605028.SH,2000.0,39160.0,19.58
2025-07-17,605056.SH,1500.0,22590.0,15.06
2025-07-17,605389.SH,300.0,11682.0,38.94
2025-07-17,605580.SH,2300.0,33304.0,14.48
2025-07-18,603132.SH,3300.0,42471.0,12.87
2025-07-18,603380.SH,1700.0,49028.0,28.84
2025-07-18,605001.SH,3800.0,28006.0,7.37
2025-07-18,605003.SH,800.0,16544.0,20.68
2025-07-18,605028.SH,2000.0,38980.0,19.49
2025-07-18,605056.SH,1500.0,22335.0,14.89
2025-07-18,605389.SH,300.0,11589.0,38.63
2025-07-18,605580.SH,2300.0,33465.0,14.55
2025-07-21,603132.SH,3300.0,42933.0,13.01
2025-07-21,603380.SH,1700.0,48280.0,28.4
2025-07-21,605001.SH,3800.0,29070.0,7.65
2025-07-21,605003.SH,800.0,16704.0,20.88
2025-07-21,605028.SH,2000.0,39180.0,19.59
2025-07-21,605056.SH,1500.0,22845.0,15.23
2025-07-21,605389.SH,300.0,11766.0,39.22
2025-07-21,605580.SH,2300.0,33051.0,14.37
2025-07-22,603132.SH,3300.0,43395.0,13.15
2025-07-22,603380.SH,1700.0,47464.0,27.92
2025-07-22,605001.SH,3800.0,29298.0,7.71
2025-07-22,605003.SH,800.0,16848.0,21.06
2025-07-22,605028.SH,2000.0,38400.0,19.2
2025-07-22,605056.SH,1500.0,22965.0,15.31
2025-07-22,605389.SH,300.0,12588.0,41.96
2025-07-22,605580.SH,2300.0,33212.0,14.44
2025-07-23,603132.SH,3300.0,43164.0,13.08
2025-07-23,603380.SH,1700.0,48705.0,28.65
2025-07-23,605001.SH,3800.0,28918.0,7.61
2025-07-23,605003.SH,800.0,16728.0,20.91
2025-07-23,605028.SH,2000.0,37360.0,18.68
2025-07-23,605056.SH,1500.0,22230.0,14.82
2025-07-23,605389.SH,300.0,12090.0,40.3
2025-07-23,605580.SH,2300.0,34983.0,15.21
2025-07-24,603132.SH,3300.0,43626.0,13.22
2025-07-24,603380.SH,1700.0,47974.0,28.22
2025-07-24,605001.SH,3800.0,29184.0,7.68
2025-07-24,605003.SH,800.0,16752.0,20.94
2025-07-24,605028.SH,2000.0,38240.0,19.12
2025-07-24,605056.SH,1500.0,22290.0,14.86
2025-07-24,605389.SH,300.0,13077.0,43.59
2025-07-24,605580.SH,2300.0,35627.0,15.49
2025-07-25,603132.SH,3300.0,43956.0,13.32
2025-07-25,603380.SH,1700.0,47974.0,28.22
2025-07-25,605001.SH,3800.0,29336.0,7.72
2025-07-25,605003.SH,800.0,16848.0,21.06
2025-07-25,605028.SH,2000.0,39100.0,19.55
2025-07-25,605056.SH,1500.0,22215.0,14.81
2025-07-25,605389.SH,300.0,13200.0,44.0
2025-07-25,605580.SH,2300.0,35075.0,15.25
2025-07-28,603132.SH,3300.0,43263.0,13.11
2025-07-28,603380.SH,1700.0,48552.0,28.56
2025-07-28,605001.SH,3800.0,29336.0,7.72
2025-07-28,605003.SH,800.0,16976.0,21.22
2025-07-28,605028.SH,2000.0,40480.0,20.24
2025-07-28,605056.SH,1500.0,22470.0,14.98
2025-07-28,605389.SH,300.0,13665.0,45.55
2025-07-28,605580.SH,2300.0,35190.0,15.3
2025-07-29,603132.SH,3300.0,43329.0,13.13
2025-07-29,603380.SH,1700.0,50082.0,29.46
2025-07-29,605001.SH,3800.0,29412.0,7.74
2025-07-29,605003.SH,800.0,16776.0,20.97
2025-07-29,605028.SH,2000.0,40060.0,20.03
2025-07-29,605056.SH,1500.0,22635.0,15.09
2025-07-29,605389.SH,300.0,13491.0,44.97
2025-07-29,605580.SH,2300.0,35167.0,15.29
2025-07-30,603132.SH,3300.0,42999.0,13.03
2025-07-30,603380.SH,1700.0,51306.0,30.18
2025-07-30,605001.SH,3800.0,29032.0,7.64
2025-07-30,605003.SH,800.0,16832.0,21.04
2025-07-30,605028.SH,2000.0,40660.0,20.33
2025-07-30,605056.SH,1500.0,22350.0,14.9
2025-07-30,605389.SH,300.0,13362.0,44.54
2025-07-30,605580.SH,2300.0,34707.0,15.09
2025-07-31,603132.SH,3300.0,41646.0,12.62
2025-07-31,603380.SH,1700.0,49929.0,29.37
2025-07-31,605001.SH,3800.0,28652.0,7.54
2025-07-31,605003.SH,800.0,16672.0,20.84
2025-07-31,605028.SH,2000.0,39860.0,19.93
2025-07-31,605056.SH,1500.0,21990.0,14.66
2025-07-31,605389.SH,300.0,14697.0,48.99
2025-07-31,605580.SH,2300.0,35420.0,15.4
2025-08-01,603132.SH,3300.0,42042.0,12.74
2025-08-01,603380.SH,1700.0,49810.0,29.3
2025-08-01,605001.SH,3800.0,29032.0,7.64
2025-08-01,605003.SH,800.0,17280.0,21.6
2025-08-01,605028.SH,2000.0,40060.0,20.03
2025-08-01,605056.SH,1500.0,22125.0,14.75
2025-08-01,605389.SH,300.0,14340.0,47.8
2025-08-01,605580.SH,2300.0,35627.0,15.49
2025-08-04,603132.SH,3300.0,43230.0,13.1
2025-08-04,603380.SH,1700.0,51170.0,30.1
2025-08-04,605001.SH,3800.0,29222.0,7.69
2025-08-04,605003.SH,800.0,17352.0,21.69
2025-08-04,605028.SH,2000.0,40520.0,20.26
2025-08-04,605056.SH,1500.0,22545.0,15.03
2025-08-04,605389.SH,300.0,14280.0,47.6
2025-08-04,605580.SH,2300.0,36570.0,15.9
2025-08-05,603132.SH,3300.0,43362.0,13.14
2025-08-05,603380.SH,1700.0,56287.0,33.11
2025-08-05,605001.SH,3800.0,30058.0,7.91
2025-08-05,605003.SH,800.0,17904.0,22.38
2025-08-05,605028.SH,2000.0,40920.0,20.46
2025-08-05,605056.SH,1500.0,22650.0,15.1
2025-08-05,605389.SH,300.0,14097.0,46.99
2025-08-05,605580.SH,2300.0,37674.0,16.38
2025-08-06,603132.SH,3300.0,43659.0,13.23
2025-08-06,603380.SH,1700.0,56746.0,33.38
2025-08-06,605001.SH,3800.0,30514.0,8.03
2025-08-06,605003.SH,800.0,17944.0,22.43
2025-08-06,605028.SH,2000.0,40480.0,20.24
2025-08-06,605056.SH,1500.0,22845.0,15.23
2025-08-06,605389.SH,300.0,13758.0,45.86
2025-08-06,605580.SH,2300.0,39123.0,17.01
2025-08-07,603132.SH,3300.0,43923.0,13.31
2025-08-07,603380.SH,1700.0,57970.0,34.1
2025-08-07,605001.SH,3800.0,29982.0,7.89
2025-08-07,605003.SH,800.0,18928.0,23.66
2025-08-07,605028.SH,2000.0,41940.0,20.97
2025-08-07,605056.SH,1500.0,22575.0,15.05
2025-08-07,605389.SH,300.0,13593.0,45.31
2025-08-07,605580.SH,2300.0,39629.0,17.23
2025-08-08,603132.SH,3300.0,44484.0,13.48
2025-08-08,603380.SH,1700.0,59500.0,35.0
2025-08-08,605001.SH,3800.0,30704.0,8.08
2025-08-08,605003.SH,800.0,18520.0,23.15
2025-08-08,605028.SH,2000.0,42000.0,21.0
2025-08-08,605056.SH,1500.0,22515.0,15.01
2025-08-08,605389.SH,300.0,13593.0,45.31
2025-08-08,605580.SH,2300.0,40940.0,17.8
2025-08-11,603132.SH,3300.0,44451.0,13.47
2025-08-11,603380.SH,1700.0,62900.0,37.0
2025-08-11,605001.SH,3800.0,30666.0,8.07
2025-08-11,605003.SH,800.0,18296.0,22.87
2025-08-11,605028.SH,2000.0,41940.0,20.97
2025-08-11,605056.SH,1500.0,22815.0,15.21
2025-08-11,605389.SH,300.0,13719.0,45.73
2025-08-11,605580.SH,2300.0,41515.0,18.05
2025-08-12,603132.SH,3300.0,44352.0,13.44
2025-08-12,603380.SH,1700.0,62288.0,36.64
2025-08-12,605001.SH,3800.0,30476.0,8.02
2025-08-12,605003.SH,800.0,18320.0,22.9
2025-08-12,605028.SH,2000.0,41560.0,20.78
2025-08-12,605056.SH,1500.0,22605.0,15.07
2025-08-12,605389.SH,300.0,13476.0,44.92
2025-08-12,605580.SH,2300.0,39997.0,17.39
2025-08-13,603132.SH,3300.0,45078.0,13.66
2025-08-13,603380.SH,1700.0,65858.0,38.74
2025-08-13,605001.SH,3800.0,30590.0,8.05
2025-08-13,605003.SH,800.0,18440.0,23.05
2025-08-13,605028.SH,2000.0,41720.0,20.86
2025-08-13,605056.SH,1500.0,22665.0,15.11
2025-08-13,605389.SH,300.0,13527.0,45.09
2025-08-13,605580.SH,2300.0,40940.0,17.8
2025-08-14,603132.SH,3300.0,44451.0,13.47
2025-08-14,603380.SH,1700.0,61965.0,36.45
2025-08-14,605001.SH,3800.0,29526.0,7.77
2025-08-14,605003.SH,800.0,17632.0,22.04
2025-08-14,605028.SH,2000.0,40780.0,20.39
2025-08-14,605056.SH,1500.0,22065.0,14.71
2025-08-14,605389.SH,300.0,13071.0,43.57
2025-08-14,605580.SH,2300.0,42550.0,18.5
2025-08-15,603132.SH,3300.0,45144.0,13.68
2025-08-15,603380.SH,1700.0,68170.0,40.1
2025-08-15,605001.SH,3800.0,29716.0,7.82
2025-08-15,605003.SH,800.0,17624.0,22.03
2025-08-15,605028.SH,2000.0,40480.0,20.24
2025-08-15,605056.SH,1500.0,22260.0,14.84
2025-08-15,605389.SH,300.0,13161.0,43.87
2025-08-15,605580.SH,2300.0,41722.0,18.14
2025-08-18,603132.SH,3300.0,46068.0,13.96
2025-08-18,603380.SH,1700.0,68799.0,40.47
2025-08-18,605001.SH,3800.0,29488.0,7.76
2025-08-18,605003.SH,800.0,17984.0,22.48
2025-08-18,605028.SH,2000.0,40360.0,20.18
2025-08-18,605056.SH,1500.0,22485.0,14.99
2025-08-18,605389.SH,300.0,13269.0,44.23
2025-08-18,605580.SH,2300.0,40388.0,17.56
2025-08-19,603132.SH,3300.0,44946.0,13.62
2025-08-19,603380.SH,1700.0,69360.0,40.8
2025-08-19,605001.SH,3800.0,29830.0,7.85
2025-08-19,605003.SH,800.0,17904.0,22.38
2025-08-19,605028.SH,2000.0,44400.0,22.2
2025-08-19,605056.SH,1500.0,22620.0,15.08
2025-08-19,605389.SH,300.0,13095.0,43.65
2025-08-19,605580.SH,2300.0,39836.0,17.32
2025-08-20,603132.SH,3300.0,45441.0,13.77
2025-08-20,603380.SH,1700.0,67932.0,39.96
2025-08-20,605001.SH,3800.0,30020.0,7.9
2025-08-20,605003.SH,800.0,19240.0,24.05
2025-08-20,605028.SH,2000.0,48840.0,24.42
2025-08-20,605056.SH,1500.0,22725.0,15.15
2025-08-20,605389.SH,300.0,13278.0,44.26
2025-08-20,605580.SH,2300.0,39859.0,17.33
2025-08-21,603132.SH,3300.0,45177.0,13.69
2025-08-21,603380.SH,1700.0,66300.0,39.0
2025-08-21,605001.SH,3800.0,29830.0,7.85
2025-08-21,605003.SH,800.0,19480.0,24.35
2025-08-21,605028.SH,2000.0,53720.0,26.86
2025-08-21,605056.SH,1500.0,22575.0,15.05
2025-08-21,605389.SH,300.0,13137.0,43.79
2025-08-21,605580.SH,2300.0,40066.0,17.42
2025-08-22,603132.SH,3300.0,44880.0,13.6
2025-08-22,603380.SH,1700.0,67881.0,39.93
2025-08-22,605001.SH,3800.0,29678.0,7.81
2025-08-22,605003.SH,800.0,19792.0,24.74
2025-08-22,605028.SH,2000.0,59100.0,29.55
2025-08-22,605056.SH,1500.0,22545.0,15.03
2025-08-22,605389.SH,300.0,13983.0,46.61
2025-08-22,605580.SH,2300.0,41101.0,17.87
2025-08-25,603132.SH,3300.0,45441.0,13.77
2025-08-25,603380.SH,1700.0,69020.0,40.6
2025-08-25,605001.SH,3800.0,29488.0,7.76
2025-08-25,605003.SH,800.0,21768.0,27.21
2025-08-25,605028.SH,2000.0,53900.0,26.95
2025-08-25,605056.SH,1500.0,22830.0,15.22
2025-08-25,605389.SH,300.0,13851.0,46.17
2025-08-25,605580.SH,2300.0,43654.0,18.98
2025-08-26,603132.SH,3300.0,45969.0,13.93
2025-08-26,603380.SH,1700.0,68816.0,40.48
2025-08-26,605001.SH,3800.0,30476.0,8.02
2025-08-26,605003.SH,800.0,21600.0,27.0
2025-08-26,605028.SH,2000.0,49000.0,24.5
2025-08-26,605056.SH,1500.0,22890.0,15.26
2025-08-26,605389.SH,300.0,13473.0,44.91
2025-08-26,605580.SH,2300.0,45310.0,19.7
2025-08-27,603132.SH,3300.0,44319.0,13.43
2025-08-27,603380.SH,1700.0,65807.0,38.71
2025-08-27,605001.SH,3800.0,29184.0,7.68
2025-08-27,605003.SH,800.0,19440.0,24.3
2025-08-27,605028.SH,2000.0,46340.0,23.17
2025-08-27,605056.SH,1500.0,22650.0,15.1
2025-08-27,605389.SH,300.0,13128.0,43.76
2025-08-27,605580.SH,2300.0,42964.0,18.68
2025-08-28,603132.SH,3300.0,45144.0,13.68
2025-08-28,603380.SH,1700.0,70431.0,41.43
2025-08-28,605001.SH,3800.0,28728.0,7.56
2025-08-28,605003.SH,800.0,19280.0,24.1
2025-08-28,605028.SH,2000.0,45420.0,22.71
2025-08-28,605056.SH,1500.0,21945.0,14.63
2025-08-28,605389.SH,300.0,13281.0,44.27
2025-08-28,605580.SH,2300.0,44551.0,19.37
2025-08-29,603132.SH,3300.0,44748.0,13.56
2025-08-29,603380.SH,1700.0,73848.0,43.44
2025-08-29,605001.SH,3800.0,28500.0,7.5
2025-08-29,605003.SH,800.0,19008.0,23.76
2025-08-29,605028.SH,2000.0,46180.0,23.09
2025-08-29,605056.SH,1500.0,21540.0,14.36
2025-08-29,605389.SH,300.0,13581.0,45.27
2025-08-29,605580.SH,2300.0,48484.0,21.08
2025-09-01,603132.SH,3300.0,45705.0,13.85
2025-09-01,603380.SH,1700.0,74426.0,43.78
2025-09-01,605001.SH,3800.0,28690.0,7.55
2025-09-01,605003.SH,800.0,19104.0,23.88
2025-09-01,605028.SH,2000.0,45600.0,22.8
2025-09-01,605056.SH,1500.0,21435.0,14.29
2025-09-01,605389.SH,300.0,13926.0,46.42
2025-09-01,605580.SH,2300.0,48231.0,20.97
2025-09-02,603132.SH,3300.0,45573.0,13.81
2025-09-02,603380.SH,1700.0,77520.0,45.6
2025-09-02,605001.SH,3800.0,28538.0,7.51
2025-09-02,605003.SH,800.0,18760.0,23.45
2025-09-02,605028.SH,2000.0,44600.0,22.3
2025-09-02,605056.SH,1500.0,20970.0,13.98
2025-09-02,605389.SH,300.0,13266.0,44.22
2025-09-02,605580.SH,2300.0,46943.0,20.41
2025-09-03,603132.SH,3300.0,45210.0,13.7
2025-09-03,603380.SH,1700.0,75820.0,44.6
2025-09-03,605001.SH,3800.0,27892.0,7.34
2025-09-03,605003.SH,800.0,18240.0,22.8
2025-09-03,605028.SH,2000.0,44080.0,22.04
2025-09-03,605056.SH,1500.0,20595.0,13.73
2025-09-03,605389.SH,300.0,13518.0,45.06
2025-09-03,605580.SH,2300.0,49450.0,21.5
2025-09-04,603132.SH,3300.0,44484.0,13.48
2025-09-04,603380.SH,1700.0,71502.0,42.06
2025-09-04,605001.SH,3800.0,28234.0,7.43
2025-09-04,605003.SH,800.0,18200.0,22.75
2025-09-04,605028.SH,2000.0,43740.0,21.87
2025-09-04,605056.SH,1500.0,20475.0,13.65
2025-09-04,605389.SH,300.0,12723.0,42.41
2025-09-04,605580.SH,2300.0,50232.0,21.84
2025-09-05,603132.SH,3300.0,45012.0,13.64
2025-09-05,603380.SH,1700.0,75650.0,44.5
2025-09-05,605001.SH,3800.0,28462.0,7.49
2025-09-05,605003.SH,800.0,18520.0,23.15
2025-09-05,605028.SH,2000.0,45020.0,22.51
2025-09-05,605056.SH,1500.0,20865.0,13.91
2025-09-05,605389.SH,300.0,13512.0,45.04
2025-09-05,605580.SH,2300.0,52072.0,22.64
2025-09-08,603132.SH,3300.0,46200.0,14.0
2025-09-08,603380.SH,1700.0,71961.0,42.33
2025-09-08,605001.SH,3800.0,28690.0,7.55
2025-09-08,605003.SH,800.0,19472.0,24.34
2025-09-08,605028.SH,2000.0,47260.0,23.63
2025-09-08,605056.SH,1500.0,20925.0,13.95
2025-09-08,605389.SH,300.0,13605.0,45.35
2025-09-08,605580.SH,2300.0,55269.0,24.03
2025-09-09,603132.SH,3300.0,46662.0,14.14
2025-09-09,603380.SH,1700.0,69530.0,40.9
2025-09-09,605001.SH,3800.0,28538.0,7.51
2025-09-09,605003.SH,800.0,18920.0,23.65
2025-09-09,605028.SH,2000.0,46460.0,23.23
2025-09-09,605056.SH,1500.0,20700.0,13.8
2025-09-09,605389.SH,300.0,13620.0,45.4
2025-09-09,605580.SH,2300.0,59547.0,25.89
2025-09-10,603132.SH,3300.0,46827.0,14.19
2025-09-10,603380.SH,1700.0,69530.0,40.9
2025-09-10,605001.SH,3800.0,28576.0,7.52
2025-09-10,605003.SH,800.0,18688.0,23.36
2025-09-10,605028.SH,2000.0,51100.0,25.55
2025-09-10,605056.SH,1500.0,20925.0,13.95
2025-09-10,605389.SH,300.0,13179.0,43.93
2025-09-10,605580.SH,2300.0,60352.0,26.24
2025-09-11,603132.SH,3300.0,46662.0,14.14
2025-09-11,603380.SH,1700.0,76483.0,44.99
2025-09-11,605001.SH,3800.0,28728.0,7.56
2025-09-11,605003.SH,800.0,18648.0,23.31
2025-09-11,605028.SH,2000.0,50220.0,25.11
2025-09-11,605056.SH,1500.0,21075.0,14.05
2025-09-11,605389.SH,300.0,13479.0,44.93
2025-09-11,605580.SH,2300.0,61111.0,26.57
2025-09-12,603132.SH,3300.0,48741.0,14.77
2025-09-12,603380.SH,1700.0,82042.0,48.26
2025-09-12,605001.SH,3800.0,28462.0,7.49
2025-09-12,605003.SH,800.0,19088.0,23.86
2025-09-12,605028.SH,2000.0,49680.0,24.84
2025-09-12,605056.SH,1500.0,21285.0,14.19
2025-09-12,605389.SH,300.0,13398.0,44.66
2025-09-12,605580.SH,2300.0,59570.0,25.9
2025-09-15,603132.SH,3300.0,48741.0,14.77
2025-09-15,603380.SH,1700.0,84490.0,49.7
2025-09-15,605001.SH,3800.0,28196.0,7.42
2025-09-15,605003.SH,800.0,18728.0,23.41
2025-09-15,605028.SH,2000.0,54640.0,27.32
2025-09-15,605056.SH,1500.0,20835.0,13.89
2025-09-15,605389.SH,300.0,14238.0,47.46
2025-09-15,605580.SH,2300.0,62445.0,27.15
2025-09-16,603132.SH,3300.0,46728.0,14.16
2025-09-16,603380.SH,1700.0,86564.0,50.92
2025-09-16,605001.SH,3800.0,28614.0,7.53
2025-09-16,605003.SH,800.0,18832.0,23.54
2025-09-16,605028.SH,2000.0,55180.0,27.59
2025-09-16,605056.SH,1500.0,21045.0,14.03
2025-09-16,605389.SH,300.0,14556.0,48.52
2025-09-16,605580.SH,2300.0,61916.0,26.92
2025-09-17,603132.SH,3300.0,46002.0,13.94
2025-09-17,603380.SH,1700.0,85170.0,50.1
2025-09-17,605001.SH,3800.0,29222.0,7.69
2025-09-17,605003.SH,800.0,19056.0,23.82
2025-09-17,605028.SH,2000.0,56820.0,28.41
2025-09-17,605056.SH,1500.0,21120.0,14.08
2025-09-17,605389.SH,300.0,16011.0,53.37
2025-09-17,605580.SH,2300.0,65826.0,28.62
2025-09-18,603132.SH,3300.0,44418.0,13.46
2025-09-18,603380.SH,1700.0,88264.0,51.92
2025-09-18,605001.SH,3800.0,29260.0,7.7
2025-09-18,605003.SH,800.0,20040.0,25.05
2025-09-18,605028.SH,2000.0,53200.0,26.6
2025-09-18,605056.SH,1500.0,20685.0,13.79
2025-09-18,605389.SH,300.0,17106.0,57.02
2025-09-18,605580.SH,2300.0,66930.0,29.1
2025-09-19,603132.SH,3300.0,45342.0,13.74
2025-09-19,603380.SH,1700.0,84116.0,49.48
2025-09-19,605001.SH,3800.0,28310.0,7.45
2025-09-19,605003.SH,800.0,19472.0,24.34
2025-09-19,605028.SH,2000.0,52580.0,26.29
2025-09-19,605056.SH,1500.0,20715.0,13.81
2025-09-19,605389.SH,300.0,16635.0,55.45
2025-09-19,605580.SH,2300.0,66194.0,28.78
2025-09-22,603132.SH,3300.0,45837.0,13.89
2025-09-22,603380.SH,1700.0,85017.0,50.01
2025-09-22,605001.SH,3800.0,28082.0,7.39
2025-09-22,605003.SH,800.0,18976.0,23.72
2025-09-22,605028.SH,2000.0,53940.0,26.97
2025-09-22,605056.SH,1500.0,22080.0,14.72
2025-09-22,605389.SH,300.0,16194.0,53.98
2025-09-22,605580.SH,2300.0,65320.0,28.4
2025-09-23,603132.SH,3300.0,45474.0,13.78
2025-09-23,603380.SH,1700.0,84575.0,49.75
2025-09-23,605001.SH,3800.0,28310.0,7.45
2025-09-23,605003.SH,800.0,18464.0,23.08
2025-09-23,605028.SH,2000.0,55620.0,27.81
2025-09-23,605056.SH,1500.0,23295.0,15.53
2025-09-23,605389.SH,300.0,16509.0,55.03
2025-09-23,605580.SH,2300.0,63894.0,27.78
2025-09-24,603132.SH,3300.0,45969.0,13.93
2025-09-24,603380.SH,1700.0,85000.0,50.0
2025-09-24,605001.SH,3800.0,28766.0,7.57
2025-09-24,605003.SH,800.0,18584.0,23.23
2025-09-24,605028.SH,2000.0,56300.0,28.15
2025-09-24,605056.SH,1500.0,23625.0,15.75
2025-09-24,605389.SH,300.0,16806.0,56.02
2025-09-24,605580.SH,2300.0,65803.0,28.61
2025-09-25,603132.SH,3300.0,45243.0,13.71
2025-09-25,603380.SH,1700.0,87125.0,51.25
2025-09-25,605001.SH,3800.0,28196.0,7.42
2025-09-25,605003.SH,800.0,18584.0,23.23
2025-09-25,605028.SH,2000.0,57400.0,28.7
2025-09-25,605056.SH,1500.0,23895.0,15.93
2025-09-25,605389.SH,300.0,16944.0,56.48
2025-09-25,605580.SH,2300.0,65389.0,28.43
2025-09-26,603132.SH,3300.0,45540.0,13.8
2025-09-26,603380.SH,1700.0,86122.0,50.66
2025-09-26,605001.SH,3800.0,28272.0,7.44
2025-09-26,605003.SH,800.0,18472.0,23.09
2025-09-26,605028.SH,2000.0,63140.0,31.57
2025-09-26,605056.SH,1500.0,23625.0,15.75
2025-09-26,605389.SH,300.0,16770.0,55.9
2025-09-26,605580.SH,2300.0,62560.0,27.2
2025-09-29,603132.SH,3300.0,46662.0,14.14
2025-09-29,603380.SH,1700.0,86054.0,50.62
2025-09-29,605001.SH,3800.0,28728.0,7.56
2025-09-29,605003.SH,800.0,18592.0,23.24
2025-09-29,605028.SH,2000.0,62200.0,31.1
2025-09-29,605056.SH,1500.0,24750.0,16.5
2025-09-29,605389.SH,300.0,17190.0,57.3
2025-09-29,605580.SH,2300.0,62330.0,27.1
2025-09-30,603132.SH,3300.0,47685.0,14.45
2025-09-30,603380.SH,1700.0,81345.0,47.85
2025-09-30,605001.SH,3800.0,28690.0,7.55
2025-09-30,605003.SH,800.0,18216.0,22.77
2025-09-30,605028.SH,2000.0,61580.0,30.79
2025-09-30,605056.SH,1500.0,24330.0,16.22
2025-09-30,605389.SH,300.0,18387.0,61.29
2025-09-30,605580.SH,2300.0,64239.0,27.93
2025-10-09,603132.SH,2100.0,31416.0,14.96
2025-10-09,603170.SH,2600.0,37206.0,14.31
2025-10-09,605001.SH,4500.0,33795.0,7.51
2025-10-09,605056.SH,2400.0,40728.0,16.97
2025-10-09,605098.SH,1100.0,40590.0,36.9
2025-10-09,605368.SH,6400.0,61568.0,9.62
2025-10-09,605389.SH,300.0,20226.0,67.42
2025-10-10,603132.SH,2100.0,30471.0,14.51
2025-10-10,603170.SH,2600.0,37804.0,14.54
2025-10-10,605001.SH,4500.0,34290.0,7.62
2025-10-10,605056.SH,2400.0,40776.0,16.99
2025-10-10,605098.SH,1100.0,41052.0,37.32
2025-10-10,605368.SH,6400.0,63040.0,9.85
2025-10-10,605389.SH,300.0,20385.0,67.95
2025-10-13,603132.SH,2100.0,30324.0,14.44
2025-10-13,603170.SH,2600.0,37336.0,14.36
2025-10-13,605001.SH,4500.0,34200.0,7.6
2025-10-13,605056.SH,2400.0,41112.0,17.13
2025-10-13,605098.SH,1100.0,41657.0,37.87
2025-10-13,605368.SH,6400.0,62144.0,9.71
2025-10-13,605389.SH,300.0,20496.0,68.32
2025-10-14,603132.SH,2100.0,29715.0,14.15
2025-10-14,603170.SH,2600.0,37284.0,14.34
2025-10-14,605001.SH,4500.0,34785.0,7.73
2025-10-14,605056.SH,2400.0,39768.0,16.57
2025-10-14,605098.SH,1100.0,42174.0,38.34
2025-10-14,605368.SH,6400.0,62976.0,9.84
2025-10-14,605389.SH,300.0,19875.0,66.25
2025-10-15,603132.SH,2100.0,29925.0,14.25
2025-10-15,603170.SH,2600.0,38324.0,14.74
2025-10-15,605001.SH,4500.0,35415.0,7.87
2025-10-15,605056.SH,2400.0,39936.0,16.64
2025-10-15,605098.SH,1100.0,42801.0,38.91
2025-10-15,605368.SH,6400.0,62912.0,9.83
2025-10-15,605389.SH,300.0,19749.0,65.83
2025-10-16,603132.SH,2100.0,29568.0,14.08
2025-10-16,603170.SH,2600.0,37726.0,14.51
2025-10-16,605001.SH,4500.0,35100.0,7.8
2025-10-16,605056.SH,2400.0,39072.0,16.28
2025-10-16,605098.SH,1100.0,44781.0,40.71
2025-10-16,605368.SH,6400.0,62912.0,9.83
2025-10-16,605389.SH,300.0,19347.0,64.49
2025-10-17,603132.SH,2100.0,29358.0,13.98
2025-10-17,603170.SH,2600.0,37596.0,14.46
2025-10-17,605001.SH,4500.0,34155.0,7.59
2025-10-17,605056.SH,2400.0,38808.0,16.17
2025-10-17,605098.SH,1100.0,43835.0,39.85
2025-10-17,605368.SH,6400.0,62208.0,9.72
2025-10-17,605389.SH,300.0,18798.0,62.66
2025-10-20,603132.SH,2100.0,28938.0,13.78
2025-10-20,603170.SH,2600.0,36660.0,14.1
2025-10-20,605001.SH,4500.0,34425.0,7.65
2025-10-20,605056.SH,2400.0,38280.0,15.95
2025-10-20,605098.SH,1100.0,44660.0,40.6
2025-10-20,605368.SH,6400.0,63040.0,9.85
2025-10-20,605389.SH,300.0,19614.0,65.38
2025-10-21,603132.SH,2100.0,29547.0,14.07
2025-10-21,603170.SH,2600.0,36842.0,14.17
2025-10-21,605001.SH,4500.0,35100.0,7.8
2025-10-21,605056.SH,2400.0,38712.0,16.13
2025-10-21,605098.SH,1100.0,44176.0,40.16
2025-10-21,605368.SH,6400.0,62848.0,9.82
2025-10-21,605389.SH,300.0,20184.0,67.28
2025-10-22,603132.SH,2100.0,29379.0,13.99
2025-10-22,603170.SH,2600.0,36660.0,14.1
2025-10-22,605001.SH,4500.0,35190.0,7.82
2025-10-22,605056.SH,2400.0,38376.0,15.99
2025-10-22,605098.SH,1100.0,43890.0,39.9
2025-10-22,605368.SH,6400.0,62592.0,9.78
2025-10-22,605389.SH,300.0,19659.0,65.53
2025-10-23,603132.SH,2100.0,29778.0,14.18
2025-10-23,603170.SH,2600.0,36972.0,14.22
2025-10-23,605001.SH,4500.0,35235.0,7.83
2025-10-23,605056.SH,2400.0,38304.0,15.96
2025-10-23,605098.SH,1100.0,45430.0,41.3
2025-10-23,605368.SH,6400.0,63232.0,9.88
2025-10-23,605389.SH,300.0,19458.0,64.86
2025-10-24,603132.SH,2100.0,29568.0,14.08
2025-10-24,603170.SH,2600.0,36738.0,14.13
2025-10-24,605001.SH,4500.0,35505.0,7.89
2025-10-24,605056.SH,2400.0,38544.0,16.06
2025-10-24,605098.SH,1100.0,45111.0,41.01
2025-10-24,605368.SH,6400.0,63360.0,9.9
2025-10-24,605389.SH,300.0,19578.0,65.26
2025-10-27,603132.SH,2100.0,28308.0,13.48
2025-10-27,603170.SH,2600.0,37700.0,14.5
2025-10-27,605001.SH,4500.0,35460.0,7.88
2025-10-27,605056.SH,2400.0,39264.0,16.36
2025-10-27,605098.SH,1100.0,45265.0,41.15
2025-10-27,605368.SH,6400.0,63168.0,9.87
2025-10-27,605389.SH,300.0,19500.0,65.0
2025-10-28,603132.SH,2100.0,29148.0,13.88
2025-10-28,603170.SH,2600.0,37726.0,14.51
2025-10-28,605001.SH,4500.0,35595.0,7.91
2025-10-28,605056.SH,2400.0,39048.0,16.27
2025-10-28,605098.SH,1100.0,44770.0,40.7
2025-10-28,605368.SH,6400.0,62784.0,9.81
2025-10-28,605389.SH,300.0,19899.0,66.33
2025-10-29,603132.SH,2100.0,29652.0,14.12
2025-10-29,603170.SH,2600.0,37414.0,14.39
2025-10-29,605001.SH,4500.0,35685.0,7.93
2025-10-29,605056.SH,2400.0,39192.0,16.33
2025-10-29,605098.SH,1100.0,44627.0,40.57
2025-10-29,605368.SH,6400.0,62784.0,9.81
2025-10-29,605389.SH,300.0,19896.0,66.32
2025-10-30,603132.SH,2100.0,29253.0,13.93
2025-10-30,603170.SH,2600.0,38116.0,14.66
2025-10-30,605001.SH,4500.0,36315.0,8.07
2025-10-30,605056.SH,2400.0,38256.0,15.94
2025-10-30,605098.SH,1100.0,44704.0,40.64
2025-10-30,605368.SH,6400.0,62336.0,9.74
2025-10-30,605389.SH,300.0,19590.0,65.3
2025-10-31,603132.SH,2100.0,28917.0,13.77
2025-10-31,603170.SH,2600.0,39312.0,15.12
2025-10-31,605001.SH,4500.0,36360.0,8.08
2025-10-31,605056.SH,2400.0,39072.0,16.28
2025-10-31,605098.SH,1100.0,44594.0,40.54
2025-10-31,605368.SH,6400.0,60928.0,9.52
2025-10-31,605389.SH,300.0,20250.0,67.5
2025-11-03,603132.SH,2100.0,28896.0,13.76
2025-11-03,603170.SH,2600.0,42042.0,16.17
2025-11-03,605001.SH,4500.0,36765.0,8.17
2025-11-03,605056.SH,2400.0,39720.0,16.55
2025-11-03,605098.SH,1100.0,45892.0,41.72
2025-11-03,605368.SH,6400.0,61056.0,9.54
2025-11-03,605389.SH,300.0,20538.0,68.46
2025-11-04,603132.SH,2100.0,28518.0,13.58
2025-11-04,603170.SH,2600.0,40534.0,15.59
2025-11-04,605001.SH,4500.0,36765.0,8.17
2025-11-04,605056.SH,2400.0,40824.0,17.01
2025-11-04,605098.SH,1100.0,46156.0,41.96
2025-11-04,605368.SH,6400.0,61568.0,9.62
2025-11-04,605389.SH,300.0,19545.0,65.15
2025-11-05,603132.SH,2100.0,28287.0,13.47
2025-11-05,603170.SH,2600.0,40430.0,15.55
2025-11-05,605001.SH,4500.0,37170.0,8.26
2025-11-05,605056.SH,2400.0,41760.0,17.4
2025-11-05,605098.SH,1100.0,45650.0,41.5
2025-11-05,605368.SH,6400.0,61504.0,9.61
2025-11-05,605389.SH,300.0,18945.0,63.15
2025-11-06,603132.SH,2100.0,29085.0,13.85
2025-11-06,603170.SH,2600.0,40170.0,15.45
2025-11-06,605001.SH,4500.0,37530.0,8.34
2025-11-06,605056.SH,2400.0,41160.0,17.15
2025-11-06,605098.SH,1100.0,45661.0,41.51
2025-11-06,605368.SH,6400.0,61760.0,9.65
2025-11-06,605389.SH,300.0,19239.0,64.13
2025-11-07,603132.SH,2100.0,28329.0,13.49
2025-11-07,603170.SH,2600.0,39624.0,15.24
2025-11-07,605001.SH,4500.0,36540.0,8.12
2025-11-07,605056.SH,2400.0,40800.0,17.0
2025-11-07,605098.SH,1100.0,44473.0,40.43
2025-11-07,605368.SH,6400.0,61696.0,9.64
2025-11-07,605389.SH,300.0,19152.0,63.84
2025-11-10,603132.SH,2100.0,29064.0,13.84
2025-11-10,603170.SH,2600.0,42016.0,16.16
2025-11-10,605001.SH,4500.0,36405.0,8.09
2025-11-10,605056.SH,2400.0,40728.0,16.97
2025-11-10,605098.SH,1100.0,44880.0,40.8
2025-11-10,605368.SH,6400.0,62336.0,9.74
2025-11-10,605389.SH,300.0,18663.0,62.21
2025-11-11,603132.SH,2100.0,28980.0,13.8
2025-11-11,603170.SH,2600.0,42380.0,16.3
2025-11-11,605001.SH,4500.0,36585.0,8.13
2025-11-11,605056.SH,2400.0,41472.0,17.28
2025-11-11,605098.SH,1100.0,44957.0,40.87
2025-11-11,605368.SH,6400.0,62720.0,9.8
2025-11-11,605389.SH,300.0,18657.0,62.19
2025-11-12,603132.SH,2100.0,28770.0,13.7
2025-11-12,603170.SH,2600.0,42198.0,16.23
2025-11-12,605001.SH,4500.0,36135.0,8.03
2025-11-12,605056.SH,2400.0,44304.0,18.46
2025-11-12,605098.SH,1100.0,45023.0,40.93
2025-11-12,605368.SH,6400.0,62528.0,9.77
2025-11-12,605389.SH,300.0,18666.0,62.22
2025-11-13,603132.SH,2100.0,31647.0,15.07
2025-11-13,603170.SH,2600.0,42354.0,16.29
2025-11-13,605001.SH,4500.0,36135.0,8.03
2025-11-13,605056.SH,2400.0,45072.0,18.78
2025-11-13,605098.SH,1100.0,45232.0,41.12
2025-11-13,605368.SH,6400.0,62592.0,9.78
2025-11-13,605389.SH,300.0,18360.0,61.2
2025-11-14,603132.SH,2100.0,30702.0,14.62
2025-11-14,603170.SH,2600.0,41522.0,15.97
2025-11-14,605001.SH,4500.0,36405.0,8.09
2025-11-14,605056.SH,2400.0,45648.0,19.02
2025-11-14,605098.SH,1100.0,45177.0,41.07
2025-11-14,605368.SH,6400.0,63168.0,9.87
2025-11-14,605389.SH,300.0,19014.0,63.38
2025-11-17,603132.SH,2100.0,31857.0,15.17
2025-11-17,603170.SH,2600.0,40534.0,15.59
2025-11-17,605001.SH,4500.0,36045.0,8.01
2025-11-17,605056.SH,2400.0,45240.0,18.85
2025-11-17,605098.SH,1100.0,45617.0,41.47
2025-11-17,605368.SH,6400.0,62464.0,9.76
2025-11-17,605389.SH,300.0,18480.0,61.6
2025-11-18,603132.SH,2100.0,30807.0,14.67
2025-11-18,603170.SH,2600.0,39468.0,15.18
2025-11-18,605001.SH,4500.0,35685.0,7.93
2025-11-18,605056.SH,2400.0,44328.0,18.47
2025-11-18,605098.SH,1100.0,45540.0,41.4
2025-11-18,605368.SH,6400.0,62144.0,9.71
2025-11-18,605389.SH,300.0,20328.0,67.76
2025-11-19,603132.SH,2100.0,30219.0,14.39
2025-11-19,603170.SH,2600.0,39780.0,15.3
2025-11-19,605001.SH,4500.0,35010.0,7.78
2025-11-19,605056.SH,2400.0,44496.0,18.54
2025-11-19,605098.SH,1100.0,44847.0,40.77
2025-11-19,605368.SH,6400.0,61504.0,9.61
2025-11-19,605389.SH,300.0,20430.0,68.1
2025-11-20,603132.SH,2100.0,30828.0,14.68
2025-11-20,603170.SH,2600.0,38870.0,14.95
2025-11-20,605001.SH,4500.0,34920.0,7.76
2025-11-20,605056.SH,2400.0,43344.0,18.06
2025-11-20,605098.SH,1100.0,43626.0,39.66
2025-11-20,605368.SH,6400.0,61568.0,9.62
2025-11-20,605389.SH,300.0,21045.0,70.15
2025-11-21,603132.SH,2100.0,27804.0,13.24
2025-11-21,603170.SH,2600.0,38220.0,14.7
2025-11-21,605001.SH,4500.0,33030.0,7.34
2025-11-21,605056.SH,2400.0,42600.0,17.75
2025-11-21,605098.SH,1100.0,43142.0,39.22
2025-11-21,605368.SH,6400.0,60800.0,9.5
2025-11-21,605389.SH,300.0,19545.0,65.15
2025-11-24,603132.SH,2100.0,26985.0,12.85
2025-11-24,603170.SH,2600.0,39442.0,15.17
2025-11-24,605001.SH,4500.0,33480.0,7.44
2025-11-24,605056.SH,2400.0,43152.0,17.98
2025-11-24,605098.SH,1100.0,43494.0,39.54
2025-11-24,605368.SH,6400.0,60608.0,9.47
2025-11-24,605389.SH,300.0,19479.0,64.93
2025-11-25,603132.SH,2100.0,28056.0,13.36
2025-11-25,603170.SH,2600.0,38818.0,14.93
2025-11-25,605001.SH,4500.0,33975.0,7.55
2025-11-25,605056.SH,2400.0,43824.0,18.26
2025-11-25,605098.SH,1100.0,44286.0,40.26
2025-11-25,605368.SH,6400.0,60864.0,9.51
2025-11-25,605389.SH,300.0,20103.0,67.01
2025-11-26,603132.SH,2100.0,27846.0,13.26
2025-11-26,603170.SH,2600.0,38480.0,14.8
2025-11-26,605001.SH,4500.0,33525.0,7.45
2025-11-26,605056.SH,2400.0,44208.0,18.42
2025-11-26,605098.SH,1100.0,44836.0,40.76
2025-11-26,605368.SH,6400.0,60800.0,9.5
2025-11-26,605389.SH,300.0,20220.0,67.4
2025-11-27,603132.SH,2100.0,27804.0,13.24
2025-11-27,603170.SH,2600.0,38246.0,14.71
2025-11-27,605001.SH,4500.0,33975.0,7.55
2025-11-27,605056.SH,2400.0,45072.0,18.78
2025-11-27,605098.SH,1100.0,44759.0,40.69
2025-11-27,605368.SH,6400.0,60864.0,9.51
2025-11-27,605389.SH,300.0,20406.0,68.02
2025-11-28,603132.SH,2100.0,28371.0,13.51
2025-11-28,603170.SH,2600.0,39026.0,15.01
2025-11-28,605001.SH,4500.0,34200.0,7.6
2025-11-28,605056.SH,2400.0,45600.0,19.0
2025-11-28,605098.SH,1100.0,44462.0,40.42
2025-11-28,605368.SH,6400.0,61120.0,9.55
2025-11-28,605389.SH,300.0,21720.0,72.4
2025-12-01,603132.SH,2100.0,29064.0,13.84
2025-12-01,603170.SH,2600.0,39234.0,15.09
2025-12-01,605001.SH,4500.0,33975.0,7.55
2025-12-01,605056.SH,2400.0,46368.0,19.32
2025-12-01,605098.SH,1100.0,45188.0,41.08
2025-12-01,605368.SH,6400.0,61120.0,9.55
2025-12-01,605389.SH,300.0,20427.0,68.09
2025-12-02,603132.SH,2100.0,28686.0,13.66
2025-12-02,603170.SH,2600.0,39052.0,15.02
2025-12-02,605001.SH,4500.0,33930.0,7.54
2025-12-02,605056.SH,2400.0,45576.0,18.99
2025-12-02,605098.SH,1100.0,45529.0,41.39
2025-12-02,605368.SH,6400.0,60864.0,9.51
2025-12-02,605389.SH,300.0,19506.0,65.02
2025-12-03,603132.SH,2100.0,28539.0,13.59
2025-12-03,603170.SH,2600.0,39104.0,15.04
2025-12-03,605001.SH,4500.0,34155.0,7.59
2025-12-03,605056.SH,2400.0,44712.0,18.63
2025-12-03,605098.SH,1100.0,45760.0,41.6
2025-12-03,605368.SH,6400.0,60608.0,9.47
2025-12-03,605389.SH,300.0,19572.0,65.24
2025-12-04,603132.SH,2100.0,28308.0,13.48
2025-12-04,603170.SH,2600.0,38376.0,14.76
2025-12-04,605001.SH,4500.0,33795.0,7.51
2025-12-04,605056.SH,2400.0,45816.0,19.09
2025-12-04,605098.SH,1100.0,44704.0,40.64
2025-12-04,605368.SH,6400.0,59968.0,9.37
2025-12-04,605389.SH,300.0,19731.0,65.77
2025-12-05,603132.SH,2100.0,29295.0,13.95
2025-12-05,603170.SH,2600.0,38012.0,14.62
2025-12-05,605001.SH,4500.0,34020.0,7.56
2025-12-05,605056.SH,2400.0,47592.0,19.83
2025-12-05,605098.SH,1100.0,44836.0,40.76
2025-12-05,605368.SH,6400.0,60160.0,9.4
2025-12-05,605389.SH,300.0,20091.0,66.97
2025-12-08,603132.SH,2100.0,29064.0,13.84
2025-12-08,603170.SH,2600.0,36972.0,14.22
2025-12-08,605001.SH,4500.0,33930.0,7.54
2025-12-08,605056.SH,2400.0,47280.0,19.7
2025-12-08,605098.SH,1100.0,45496.0,41.36
2025-12-08,605368.SH,6400.0,60032.0,9.38
2025-12-08,605389.SH,300.0,20238.0,67.46
2025-12-09,603132.SH,2100.0,28812.0,13.72
2025-12-09,603170.SH,2600.0,37076.0,14.26
2025-12-09,605001.SH,4500.0,33570.0,7.46
2025-12-09,605056.SH,2400.0,46392.0,19.33
2025-12-09,605098.SH,1100.0,44814.0,40.74
2025-12-09,605368.SH,6400.0,59328.0,9.27
2025-12-09,605389.SH,300.0,20154.0,67.18
2025-12-10,603132.SH,2100.0,29106.0,13.86
2025-12-10,603170.SH,2600.0,37076.0,14.26
2025-12-10,605001.SH,4500.0,33075.0,7.35
2025-12-10,605056.SH,2400.0,46848.0,19.52
2025-12-10,605098.SH,1100.0,44968.0,40.88
2025-12-10,605368.SH,6400.0,57280.0,8.95
2025-12-10,605389.SH,300.0,20217.0,67.39
2025-12-11,603132.SH,2100.0,29043.0,13.83
2025-12-11,603170.SH,2600.0,36400.0,14.0
2025-12-11,605001.SH,4500.0,32265.0,7.17
2025-12-11,605056.SH,2400.0,45120.0,18.8
2025-12-11,605098.SH,1100.0,44671.0,40.61
2025-12-11,605368.SH,6400.0,52480.0,8.2
2025-12-11,605389.SH,300.0,19917.0,66.39
2025-12-12,603132.SH,2100.0,29442.0,14.02
2025-12-12,603170.SH,2600.0,36790.0,14.15
2025-12-12,605001.SH,4500.0,31905.0,7.09
2025-12-12,605056.SH,2400.0,45336.0,18.89
2025-12-12,605098.SH,1100.0,45199.0,41.09
2025-12-12,605368.SH,6400.0,51008.0,7.97
2025-12-12,605389.SH,300.0,19902.0,66.34
2025-12-15,603132.SH,2100.0,29610.0,14.1
2025-12-15,603170.SH,2600.0,37362.0,14.37
2025-12-15,605001.SH,4500.0,32130.0,7.14
2025-12-15,605056.SH,2400.0,43560.0,18.15
2025-12-15,605098.SH,1100.0,44011.0,40.01
2025-12-15,605368.SH,6400.0,49920.0,7.8
2025-12-15,605389.SH,300.0,19770.0,65.9
2025-12-16,603132.SH,2100.0,29190.0,13.9
2025-12-16,603170.SH,2600.0,37648.0,14.48
2025-12-16,605001.SH,4500.0,31590.0,7.02
2025-12-16,605056.SH,2400.0,42240.0,17.6
2025-12-16,605098.SH,1100.0,44583.0,40.53
2025-12-16,605368.SH,6400.0,50112.0,7.83
2025-12-16,605389.SH,300.0,19881.0,66.27
2025-12-17,603132.SH,2100.0,30072.0,14.32
2025-12-17,603170.SH,2600.0,38480.0,14.8
2025-12-17,605001.SH,4500.0,31500.0,7.0
2025-12-17,605056.SH,2400.0,42984.0,17.91
2025-12-17,605098.SH,1100.0,46112.0,41.92
2025-12-17,605368.SH,6400.0,49408.0,7.72
2025-12-17,605389.SH,300.0,20493.0,68.31
2025-12-18,603132.SH,2100.0,30219.0,14.39
2025-12-18,603170.SH,2600.0,37492.0,14.42
2025-12-18,605001.SH,4500.0,31860.0,7.08
2025-12-18,605056.SH,2400.0,43584.0,18.16
2025-12-18,605098.SH,1100.0,46376.0,42.16
2025-12-18,605368.SH,6400.0,49024.0,7.66
2025-12-18,605389.SH,300.0,20427.0,68.09
2025-12-19,603132.SH,2100.0,30114.0,14.34
2025-12-19,603170.SH,2600.0,38454.0,14.79
2025-12-19,605001.SH,4500.0,32670.0,7.26
2025-12-19,605056.SH,2400.0,44304.0,18.46
2025-12-19,605098.SH,1100.0,47201.0,42.91
2025-12-19,605368.SH,6400.0,49408.0,7.72
2025-12-19,605389.SH,300.0,20703.0,69.01
2025-12-22,603132.SH,2100.0,30450.0,14.5
2025-12-22,603170.SH,2600.0,38584.0,14.84
2025-12-22,605001.SH,4500.0,32760.0,7.28
2025-12-22,605056.SH,2400.0,44208.0,18.42
2025-12-22,605098.SH,1100.0,46959.0,42.69
2025-12-22,605368.SH,6400.0,49408.0,7.72
2025-12-22,605389.SH,300.0,21663.0,72.21
2025-12-23,603132.SH,2100.0,30555.0,14.55
2025-12-23,603170.SH,2600.0,37934.0,14.59
2025-12-23,605001.SH,4500.0,32625.0,7.25
2025-12-23,605056.SH,2400.0,43176.0,17.99
2025-12-23,605098.SH,1100.0,45936.0,41.76
2025-12-23,605368.SH,6400.0,48832.0,7.63
2025-12-23,605389.SH,300.0,21513.0,71.71
2025-12-24,603132.SH,2100.0,30282.0,14.42
2025-12-24,603170.SH,2600.0,37700.0,14.5
2025-12-24,605001.SH,4500.0,32850.0,7.3
2025-12-24,605056.SH,2400.0,42792.0,17.83
2025-12-24,605098.SH,1100.0,45958.0,41.78
2025-12-24,605368.SH,6400.0,49152.0,7.68
2025-12-24,605389.SH,300.0,21960.0,73.2
2025-12-25,603132.SH,2100.0,30618.0,14.58
2025-12-25,603170.SH,2600.0,37622.0,14.47
2025-12-25,605001.SH,4500.0,34155.0,7.59
2025-12-25,605056.SH,2400.0,42000.0,17.5
2025-12-25,605098.SH,1100.0,46145.0,41.95
2025-12-25,605368.SH,6400.0,49792.0,7.78
2025-12-25,605389.SH,300.0,22200.0,74.0
2025-12-26,603132.SH,2100.0,31710.0,15.1
2025-12-26,603170.SH,2600.0,37050.0,14.25
2025-12-26,605001.SH,4500.0,33930.0,7.54
2025-12-26,605056.SH,2400.0,41112.0,17.13
2025-12-26,605098.SH,1100.0,46200.0,42.0
2025-12-26,605368.SH,6400.0,49792.0,7.78
2025-12-26,605389.SH,300.0,22830.0,76.1
2025-12-29,603132.SH,2100.0,31122.0,14.82
2025-12-29,603170.SH,2600.0,37700.0,14.5
2025-12-29,605001.SH,4500.0,35145.0,7.81
2025-12-29,605056.SH,2400.0,39960.0,16.65
2025-12-29,605098.SH,1100.0,45672.0,41.52
2025-12-29,605368.SH,6400.0,49792.0,7.78
2025-12-29,605389.SH,300.0,22545.0,75.15
2025-12-30,603132.SH,2100.0,30555.0,14.55
2025-12-30,603170.SH,2600.0,36920.0,14.2
2025-12-30,605001.SH,4500.0,34830.0,7.74
2025-12-30,605056.SH,2400.0,39744.0,16.56
2025-12-30,605098.SH,1100.0,45804.0,41.64
2025-12-30,605368.SH,6400.0,49344.0,7.71
2025-12-30,605389.SH,300.0,22248.0,74.16
2025-12-31,603132.SH,2100.0,30807.0,14.67
2025-12-31,603170.SH,2600.0,37128.0,14.28
2025-12-31,605001.SH,4500.0,34335.0,7.63
2025-12-31,605056.SH,2400.0,39600.0,16.5
2025-12-31,605098.SH,1100.0,45936.0,41.76
2025-12-31,605368.SH,6400.0,49408.0,7.72
2025-12-31,605389.SH,300.0,23400.0,78.0
2026-01-05,601339.SH,6300.0,36855.0,5.85
2026-01-05,601827.SH,7200.0,61776.0,8.58
2026-01-05,603132.SH,2100.0,30786.0,14.66
2026-01-05,603587.SH,1800.0,23760.0,13.2
2026-01-05,603889.SH,4200.0,32970.0,7.85
2026-01-05,603967.SH,2800.0,39536.0,14.12
2026-01-05,605389.SH,600.0,46638.0,77.73
2026-01-05,605599.SH,3000.0,51060.0,17.02
2026-01-06,601339.SH,6300.0,37170.0,5.9
2026-01-06,601827.SH,7200.0,61704.0,8.57
2026-01-06,603132.SH,2100.0,31395.0,14.95
2026-01-06,603587.SH,1800.0,23850.0,13.25
2026-01-06,603889.SH,4200.0,32718.0,7.79
2026-01-06,603967.SH,2800.0,37996.0,13.57
2026-01-06,605389.SH,600.0,46902.0,78.17
2026-01-06,605599.SH,3000.0,52830.0,17.61
2026-01-07,601339.SH,6300.0,36477.0,5.79
2026-01-07,601827.SH,7200.0,61344.0,8.52
2026-01-07,603132.SH,2100.0,31710.0,15.1
2026-01-07,603587.SH,1800.0,23400.0,13.0
2026-01-07,603889.SH,4200.0,32508.0,7.74
2026-01-07,603967.SH,2800.0,36876.0,13.17
2026-01-07,605389.SH,600.0,47880.0,79.8
2026-01-07,605599.SH,3000.0,52830.0,17.61
2026-01-08,601339.SH,6300.0,37044.0,5.88
2026-01-08,601827.SH,7200.0,61416.0,8.53
2026-01-08,603132.SH,2100.0,31794.0,15.14
2026-01-08,603587.SH,1800.0,23562.0,13.09
2026-01-08,603889.SH,4200.0,33852.0,8.06
2026-01-08,603967.SH,2800.0,36764.0,13.13
2026-01-08,605389.SH,600.0,47400.0,79.0
2026-01-08,605599.SH,3000.0,51840.0,17.28
2026-01-09,601339.SH,6300.0,37611.0,5.97
2026-01-09,601827.SH,7200.0,61344.0,8.52
2026-01-09,603132.SH,2100.0,32655.0,15.55
2026-01-09,603587.SH,1800.0,23814.0,13.23
2026-01-09,603889.SH,4200.0,34398.0,8.19
2026-01-09,603967.SH,2800.0,36428.0,13.01
2026-01-09,605389.SH,600.0,48474.0,80.79
2026-01-09,605599.SH,3000.0,51900.0,17.3
2026-01-12,601339.SH,6300.0,39501.0,6.27
2026-01-12,601827.SH,7200.0,61560.0,8.55
2026-01-12,603132.SH,2100.0,32361.0,15.41
2026-01-12,603587.SH,1800.0,23814.0,13.23
2026-01-12,603889.SH,4200.0,36582.0,8.71
2026-01-12,603967.SH,2800.0,36988.0,13.21
2026-01-12,605389.SH,600.0,46572.0,77.62
2026-01-12,605599.SH,3000.0,51750.0,17.25
2026-01-13,601339.SH,6300.0,38115.0,6.05
2026-01-13,601827.SH,7200.0,61488.0,8.54
2026-01-13,603132.SH,2100.0,32949.0,15.69
2026-01-13,603587.SH,1800.0,23634.0,13.13
2026-01-13,603889.SH,4200.0,37380.0,8.9
2026-01-13,603967.SH,2800.0,36260.0,12.95
2026-01-13,605389.SH,600.0,46974.0,78.29
2026-01-13,605599.SH,3000.0,51960.0,17.32
2026-01-14,601339.SH,6300.0,37296.0,5.92
2026-01-14,601827.SH,7200.0,60696.0,8.43
2026-01-14,603132.SH,2100.0,32886.0,15.66
2026-01-14,603587.SH,1800.0,23562.0,13.09
2026-01-14,603889.SH,4200.0,38052.0,9.06
2026-01-14,603967.SH,2800.0,35980.0,12.85
2026-01-14,605389.SH,600.0,46500.0,77.5
2026-01-14,605599.SH,3000.0,51960.0,17.32
2026-01-15,601339.SH,6300.0,37989.0,6.03
2026-01-15,601827.SH,7200.0,60984.0,8.47
2026-01-15,603132.SH,2100.0,34146.0,16.26
2026-01-15,603587.SH,1800.0,23508.0,13.06
2026-01-15,603889.SH,4200.0,37380.0,8.9
2026-01-15,603967.SH,2800.0,36176.0,12.92
2026-01-15,605389.SH,600.0,46200.0,77.0
2026-01-15,605599.SH,3000.0,53460.0,17.82
2026-01-16,601339.SH,6300.0,38871.0,6.17
2026-01-16,601827.SH,7200.0,61272.0,8.51
2026-01-16,603132.SH,2100.0,34125.0,16.25
2026-01-16,603587.SH,1800.0,23382.0,12.99
2026-01-16,603889.SH,4200.0,37422.0,8.91
2026-01-16,603967.SH,2800.0,35924.0,12.83
2026-01-16,605389.SH,600.0,47232.0,78.72
2026-01-16,605599.SH,3000.0,53160.0,17.72
2026-01-19,601339.SH,6300.0,38871.0,6.17
2026-01-19,601827.SH,7200.0,61704.0,8.57
2026-01-19,603132.SH,2100.0,33684.0,16.04
2026-01-19,603587.SH,1800.0,23616.0,13.12
2026-01-19,603889.SH,4200.0,38472.0,9.16
2026-01-19,603967.SH,2800.0,36736.0,13.12
2026-01-19,605389.SH,600.0,47496.0,79.16
2026-01-19,605599.SH,3000.0,53760.0,17.92
2026-01-20,601339.SH,6300.0,40509.0,6.43
2026-01-20,601827.SH,7200.0,62928.0,8.74
2026-01-20,603132.SH,2100.0,33453.0,15.93
2026-01-20,603587.SH,1800.0,23580.0,13.1
2026-01-20,603889.SH,4200.0,38472.0,9.16
2026-01-20,603967.SH,2800.0,36876.0,13.17
2026-01-20,605389.SH,600.0,47556.0,79.26
2026-01-20,605599.SH,3000.0,55500.0,18.5
2026-01-21,601339.SH,6300.0,40320.0,6.4
2026-01-21,601827.SH,7200.0,63720.0,8.85
2026-01-21,603132.SH,2100.0,33915.0,16.15
2026-01-21,603587.SH,1800.0,23868.0,13.26
2026-01-21,603889.SH,4200.0,39186.0,9.33
2026-01-21,603967.SH,2800.0,37044.0,13.23
2026-01-21,605389.SH,600.0,48684.0,81.14
2026-01-21,605599.SH,3000.0,57150.0,19.05
2026-01-22,601339.SH,6300.0,42336.0,6.72
2026-01-22,601827.SH,7200.0,64152.0,8.91
2026-01-22,603132.SH,2100.0,33789.0,16.09
2026-01-22,603587.SH,1800.0,23994.0,13.33
2026-01-22,603889.SH,4200.0,39690.0,9.45
2026-01-22,603967.SH,2800.0,36932.0,13.19
2026-01-22,605389.SH,600.0,49590.0,82.65
2026-01-22,605599.SH,3000.0,56880.0,18.96
2026-01-23,601339.SH,6300.0,42273.0,6.71
2026-01-23,601827.SH,7200.0,64224.0,8.92
2026-01-23,603132.SH,2100.0,34986.0,16.66
2026-01-23,603587.SH,1800.0,23886.0,13.27
2026-01-23,603889.SH,4200.0,38724.0,9.22
2026-01-23,603967.SH,2800.0,36540.0,13.05
2026-01-23,605389.SH,600.0,50040.0,83.4
2026-01-23,605599.SH,3000.0,58500.0,19.5
2026-01-26,601339.SH,6300.0,43785.0,6.95
2026-01-26,601827.SH,7200.0,64800.0,9.0
2026-01-26,603132.SH,2100.0,38493.0,18.33
2026-01-26,603587.SH,1800.0,23760.0,13.2
2026-01-26,603889.SH,4200.0,39228.0,9.34
2026-01-26,603967.SH,2800.0,36148.0,12.91
2026-01-26,605389.SH,600.0,48960.0,81.6
2026-01-26,605599.SH,3000.0,62160.0,20.72
2026-01-27,601339.SH,6300.0,44352.0,7.04
2026-01-27,601827.SH,7200.0,64800.0,9.0
2026-01-27,603132.SH,2100.0,42336.0,20.16
2026-01-27,603587.SH,1800.0,23382.0,12.99
2026-01-27,603889.SH,4200.0,38976.0,9.28
2026-01-27,603967.SH,2800.0,35476.0,12.67
2026-01-27,605389.SH,600.0,48132.0,80.22
2026-01-27,605599.SH,3000.0,59220.0,19.74
2026-01-28,601339.SH,6300.0,45108.0,7.16
2026-01-28,601827.SH,7200.0,65088.0,9.04
2026-01-28,603132.SH,2100.0,46578.0,22.18
2026-01-28,603587.SH,1800.0,23418.0,13.01
2026-01-28,603889.SH,4200.0,39102.0,9.31
2026-01-28,603967.SH,2800.0,35252.0,12.59
2026-01-28,605389.SH,600.0,47298.0,78.83
2026-01-28,605599.SH,3000.0,65130.0,21.71
2026-01-29,601339.SH,6300.0,44163.0,7.01
2026-01-29,601827.SH,7200.0,65232.0,9.06
2026-01-29,603132.SH,2100.0,45360.0,21.6
2026-01-29,603587.SH,1800.0,23562.0,13.09
2026-01-29,603889.SH,4200.0,38472.0,9.16
2026-01-29,603967.SH,2800.0,35308.0,12.61
2026-01-29,605389.SH,600.0,46200.0,77.0
2026-01-29,605599.SH,3000.0,63210.0,21.07
2026-01-30,601339.SH,6300.0,44667.0,7.09
2026-01-30,601827.SH,7200.0,64944.0,9.02
2026-01-30,603132.SH,2100.0,40824.0,19.44
2026-01-30,603587.SH,1800.0,23760.0,13.2
2026-01-30,603889.SH,4200.0,38892.0,9.26
2026-01-30,603967.SH,2800.0,35784.0,12.78
2026-01-30,605389.SH,600.0,49104.0,81.84
2026-01-30,605599.SH,3000.0,64560.0,21.52
2026-02-02,601339.SH,6300.0,42147.0,6.69
2026-02-02,601827.SH,7200.0,64080.0,8.9
2026-02-02,603132.SH,2100.0,36750.0,17.5
2026-02-02,603587.SH,1800.0,23436.0,13.02
2026-02-02,603889.SH,4200.0,36330.0,8.65
2026-02-02,603967.SH,2800.0,35420.0,12.65
2026-02-02,605389.SH,600.0,47592.0,79.32
2026-02-02,605599.SH,3000.0,65250.0,21.75
2026-02-03,601339.SH,6300.0,42336.0,6.72
2026-02-03,601827.SH,7200.0,64224.0,8.92
2026-02-03,603132.SH,2100.0,35847.0,17.07
2026-02-03,603587.SH,1800.0,23418.0,13.01
2026-02-03,603889.SH,4200.0,37758.0,8.99
2026-02-03,603967.SH,2800.0,35644.0,12.73
2026-02-03,605389.SH,600.0,47940.0,79.9
2026-02-03,605599.SH,3000.0,71790.0,23.93
2026-02-04,601339.SH,6300.0,43029.0,6.83
2026-02-04,601827.SH,7200.0,64728.0,8.99
2026-02-04,603132.SH,2100.0,35385.0,16.85
2026-02-04,603587.SH,1800.0,23418.0,13.01
2026-02-04,603889.SH,4200.0,38052.0,9.06
2026-02-04,603967.SH,2800.0,35924.0,12.83
2026-02-04,605389.SH,600.0,47118.0,78.53
2026-02-04,605599.SH,3000.0,75690.0,25.23
2026-02-05,601339.SH,6300.0,45612.0,7.24
2026-02-05,601827.SH,7200.0,64440.0,8.95
2026-02-05,603132.SH,2100.0,33768.0,16.08
2026-02-05,603587.SH,1800.0,23778.0,13.21
2026-02-05,603889.SH,4200.0,37800.0,9.0
2026-02-05,603967.SH,2800.0,36008.0,12.86
2026-02-05,605389.SH,600.0,46482.0,77.47
2026-02-05,605599.SH,3000.0,79980.0,26.66
2026-02-06,601339.SH,6300.0,45045.0,7.15
2026-02-06,601827.SH,7200.0,63936.0,8.88
2026-02-06,603132.SH,2100.0,34020.0,16.2
2026-02-06,603587.SH,1800.0,23652.0,13.14
2026-02-06,603889.SH,4200.0,38010.0,9.05
2026-02-06,603967.SH,2800.0,36120.0,12.9
2026-02-06,605389.SH,600.0,45960.0,76.6
2026-02-06,605599.SH,3000.0,84180.0,28.06
2026-02-09,601339.SH,6300.0,45045.0,7.15
2026-02-09,601827.SH,7200.0,63648.0,8.84
2026-02-09,603132.SH,2100.0,34566.0,16.46
2026-02-09,603587.SH,1800.0,23814.0,13.23
2026-02-09,603889.SH,4200.0,37800.0,9.0
2026-02-09,603967.SH,2800.0,36512.0,13.04
2026-02-09,605389.SH,600.0,45720.0,76.2
2026-02-09,605599.SH,3000.0,81660.0,27.22
2026-02-10,601339.SH,6300.0,44856.0,7.12
2026-02-10,601827.SH,7200.0,63216.0,8.78
2026-02-10,603132.SH,2100.0,35217.0,16.77
2026-02-10,603587.SH,1800.0,23958.0,13.31
2026-02-10,603889.SH,4200.0,38052.0,9.06
2026-02-10,603967.SH,2800.0,36316.0,12.97
2026-02-10,605389.SH,600.0,44520.0,74.2
2026-02-10,605599.SH,3000.0,73500.0,24.5
2026-02-11,601339.SH,6300.0,44352.0,7.04
2026-02-11,601827.SH,7200.0,63648.0,8.84
2026-02-11,603132.SH,2100.0,35553.0,16.93
2026-02-11,603587.SH,1800.0,23922.0,13.29
2026-02-11,603889.SH,4200.0,38598.0,9.19
2026-02-11,603967.SH,2800.0,36708.0,13.11
2026-02-11,605389.SH,600.0,44376.0,73.96
2026-02-11,605599.SH,3000.0,75000.0,25.0
2026-02-12,601339.SH,6300.0,43470.0,6.9
2026-02-12,601827.SH,7200.0,63216.0,8.78
2026-02-12,603132.SH,2100.0,36414.0,17.34
2026-02-12,603587.SH,1800.0,23400.0,13.0
2026-02-12,603889.SH,4200.0,37758.0,8.99
2026-02-12,603967.SH,2800.0,35896.0,12.82
2026-02-12,605389.SH,600.0,43794.0,72.99
2026-02-12,605599.SH,3000.0,75150.0,25.05
2026-02-13,601339.SH,6300.0,43218.0,6.86
2026-02-13,601827.SH,7200.0,62568.0,8.69
2026-02-13,603132.SH,2100.0,34965.0,16.65
2026-02-13,603587.SH,1800.0,22932.0,12.74
2026-02-13,603889.SH,4200.0,37422.0,8.91
2026-02-13,603967.SH,2800.0,35868.0,12.81
2026-02-13,605389.SH,600.0,43680.0,72.8
2026-02-13,605599.SH,3000.0,75960.0,25.32
2026-02-24,601339.SH,6300.0,45108.0,7.16
2026-02-24,601827.SH,7200.0,63144.0,8.77
2026-02-24,603132.SH,2100.0,36708.0,17.48
2026-02-24,603587.SH,1800.0,23310.0,12.95
2026-02-24,603889.SH,4200.0,39186.0,9.33
2026-02-24,603967.SH,2800.0,36456.0,13.02
2026-02-24,605389.SH,600.0,43728.0,72.88
2026-02-24,605599.SH,3000.0,76140.0,25.38
2026-02-25,601339.SH,6300.0,44541.0,7.07
2026-02-25,601827.SH,7200.0,63576.0,8.83
2026-02-25,603132.SH,2100.0,37884.0,18.04
2026-02-25,603587.SH,1800.0,23310.0,12.95
2026-02-25,603889.SH,4200.0,39018.0,9.29
2026-02-25,603967.SH,2800.0,36484.0,13.03
2026-02-25,605389.SH,600.0,44352.0,73.92
2026-02-25,605599.SH,3000.0,74370.0,24.79
2026-02-26,601339.SH,6300.0,44793.0,7.11
2026-02-26,601827.SH,7200.0,64152.0,8.91
2026-02-26,603132.SH,2100.0,36939.0,17.59
2026-02-26,603587.SH,1800.0,23382.0,12.99
2026-02-26,603889.SH,4200.0,38850.0,9.25
2026-02-26,603967.SH,2800.0,36792.0,13.14
2026-02-26,605389.SH,600.0,44172.0,73.62
2026-02-26,605599.SH,3000.0,72960.0,24.32
2026-02-27,601339.SH,6300.0,44982.0,7.14
2026-02-27,601827.SH,7200.0,64872.0,9.01
2026-02-27,603132.SH,2100.0,38304.0,18.24
2026-02-27,603587.SH,1800.0,23346.0,12.97
2026-02-27,603889.SH,4200.0,38640.0,9.2
2026-02-27,603967.SH,2800.0,37016.0,13.22
2026-02-27,605389.SH,600.0,44502.0,74.17
2026-02-27,605599.SH,3000.0,74400.0,24.8
2026-03-02,601339.SH,6300.0,45045.0,7.15
2026-03-02,601827.SH,7200.0,64152.0,8.91
2026-03-02,603132.SH,2100.0,39060.0,18.6
2026-03-02,603587.SH,1800.0,23022.0,12.79
2026-03-02,603889.SH,4200.0,38766.0,9.23
2026-03-02,603967.SH,2800.0,36652.0,13.09
2026-03-02,605389.SH,600.0,45066.0,75.11
2026-03-02,605599.SH,3000.0,79230.0,26.41
2026-03-03,601339.SH,6300.0,46368.0,7.36
2026-03-03,601827.SH,7200.0,63360.0,8.8
2026-03-03,603132.SH,2100.0,36288.0,17.28
2026-03-03,603587.SH,1800.0,22608.0,12.56
2026-03-03,603889.SH,4200.0,37422.0,8.91
2026-03-03,603967.SH,2800.0,37688.0,13.46
2026-03-03,605389.SH,600.0,41970.0,69.95
2026-03-03,605599.SH,3000.0,72480.0,24.16
2026-03-04,601339.SH,6300.0,44667.0,7.09
2026-03-04,601827.SH,7200.0,62424.0,8.67
2026-03-04,603132.SH,2100.0,38724.0,18.44
2026-03-04,603587.SH,1800.0,22266.0,12.37
2026-03-04,603889.SH,4200.0,36204.0,8.62
2026-03-04,603967.SH,2800.0,36372.0,12.99
2026-03-04,605389.SH,600.0,42258.0,70.43
2026-03-04,605599.SH,3000.0,71400.0,23.8
2026-03-05,601339.SH,6300.0,44100.0,7.0
2026-03-05,601827.SH,7200.0,63144.0,8.77
2026-03-05,603132.SH,2100.0,37695.0,17.95
2026-03-05,603587.SH,1800.0,22320.0,12.4
2026-03-05,603889.SH,4200.0,36666.0,8.73
2026-03-05,603967.SH,2800.0,36456.0,13.02
2026-03-05,605389.SH,600.0,42900.0,71.5
2026-03-05,605599.SH,3000.0,71190.0,23.73
2026-03-06,601339.SH,6300.0,44226.0,7.02
2026-03-06,601827.SH,7200.0,64440.0,8.95
2026-03-06,603132.SH,2100.0,38283.0,18.23
2026-03-06,603587.SH,1800.0,22788.0,12.66
2026-03-06,603889.SH,4200.0,37254.0,8.87
2026-03-06,603967.SH,2800.0,37100.0,13.25
2026-03-06,605389.SH,600.0,43632.0,72.72
2026-03-06,605599.SH,3000.0,72420.0,24.14
2026-03-09,601339.SH,6300.0,46053.0,7.31
2026-03-09,601827.SH,7200.0,64440.0,8.95
2026-03-09,603132.SH,2100.0,38325.0,18.25
2026-03-09,603587.SH,1800.0,22608.0,12.56
2026-03-09,603889.SH,4200.0,35364.0,8.42
2026-03-09,603967.SH,2800.0,35952.0,12.84
2026-03-09,605389.SH,600.0,42630.0,71.05
2026-03-09,605599.SH,3000.0,73380.0,24.46
2026-03-10,601339.SH,6300.0,45738.0,7.26
2026-03-10,601827.SH,7200.0,64512.0,8.96
2026-03-10,603132.SH,2100.0,38997.0,18.57
2026-03-10,603587.SH,1800.0,22950.0,12.75
2026-03-10,603889.SH,4200.0,35280.0,8.4
2026-03-10,603967.SH,2800.0,36484.0,13.03
2026-03-10,605389.SH,600.0,42630.0,71.05
2026-03-10,605599.SH,3000.0,74250.0,24.75
2026-03-11,601339.SH,6300.0,48069.0,7.63
2026-03-11,601827.SH,7200.0,66240.0,9.2
2026-03-11,603132.SH,2100.0,38472.0,18.32
2026-03-11,603587.SH,1800.0,23058.0,12.81
2026-03-11,603889.SH,4200.0,35112.0,8.36
2026-03-11,603967.SH,2800.0,37016.0,13.22
2026-03-11,605389.SH,600.0,42690.0,71.15
2026-03-11,605599.SH,3000.0,73920.0,24.64
2026-03-12,601339.SH,6300.0,48384.0,7.68
2026-03-12,601827.SH,7200.0,66672.0,9.26
2026-03-12,603132.SH,2100.0,38304.0,18.24
2026-03-12,603587.SH,1800.0,23004.0,12.78
2026-03-12,603889.SH,4200.0,35574.0,8.47
2026-03-12,603967.SH,2800.0,36540.0,13.05
2026-03-12,605389.SH,600.0,40134.0,66.89
2026-03-12,605599.SH,3000.0,73800.0,24.6
2026-03-13,601339.SH,6300.0,47502.0,7.54
2026-03-13,601827.SH,7200.0,66816.0,9.28
2026-03-13,603132.SH,2100.0,37023.0,17.63
2026-03-13,603587.SH,1800.0,22968.0,12.76
2026-03-13,603889.SH,4200.0,35112.0,8.36
2026-03-13,603967.SH,2800.0,36428.0,13.01
2026-03-13,605389.SH,600.0,41892.0,69.82
2026-03-13,605599.SH,3000.0,72120.0,24.04
2026-03-16,601339.SH,6300.0,46053.0,7.31
2026-03-16,601827.SH,7200.0,65592.0,9.11
2026-03-16,603132.SH,2100.0,36435.0,17.35
2026-03-16,603587.SH,1800.0,23040.0,12.8
2026-03-16,603889.SH,4200.0,35406.0,8.43
2026-03-16,603967.SH,2800.0,36932.0,13.19
2026-03-16,605389.SH,600.0,40890.0,68.15
2026-03-16,605599.SH,3000.0,71970.0,23.99
2026-03-17,601339.SH,6300.0,45234.0,7.18
2026-03-17,601827.SH,7200.0,64944.0,9.02
2026-03-17,603132.SH,2100.0,36582.0,17.42
2026-03-17,603587.SH,1800.0,22914.0,12.73
2026-03-17,603889.SH,4200.0,34650.0,8.25
2026-03-17,603967.SH,2800.0,36400.0,13.0
2026-03-17,605389.SH,600.0,39768.0,66.28
2026-03-17,605599.SH,3000.0,71100.0,23.7
2026-03-18,601339.SH,6300.0,46683.0,7.41
2026-03-18,601827.SH,7200.0,65160.0,9.05
2026-03-18,603132.SH,2100.0,35889.0,17.09
2026-03-18,603587.SH,1800.0,23004.0,12.78
2026-03-18,603889.SH,4200.0,34734.0,8.27
2026-03-18,603967.SH,2800.0,36736.0,13.12
2026-03-18,605389.SH,600.0,42018.0,70.03
2026-03-18,605599.SH,3000.0,70890.0,23.63
2026-03-19,601339.SH,6300.0,44856.0,7.12
2026-03-19,601827.SH,7200.0,64152.0,8.91
2026-03-19,603132.SH,2100.0,34125.0,16.25
2026-03-19,603587.SH,1800.0,22680.0,12.6
2026-03-19,603889.SH,4200.0,33684.0,8.02
2026-03-19,603967.SH,2800.0,36260.0,12.95
2026-03-19,605389.SH,600.0,46218.0,77.03
2026-03-19,605599.SH,3000.0,70710.0,23.57
2026-03-20,601339.SH,6300.0,44478.0,7.06
2026-03-20,601827.SH,7200.0,64440.0,8.95
2026-03-20,603132.SH,2100.0,32928.0,15.68
2026-03-20,603587.SH,1800.0,22320.0,12.4
2026-03-20,603889.SH,4200.0,33180.0,7.9
2026-03-20,603967.SH,2800.0,35616.0,12.72
2026-03-20,605389.SH,600.0,46686.0,77.81
2026-03-20,605599.SH,3000.0,67800.0,22.6
2026-03-23,601339.SH,6300.0,41832.0,6.64
2026-03-23,601827.SH,7200.0,61920.0,8.6
2026-03-23,603132.SH,2100.0,30345.0,14.45
2026-03-23,603587.SH,1800.0,20916.0,11.62
2026-03-23,603889.SH,4200.0,30576.0,7.28
2026-03-23,603967.SH,2800.0,33544.0,11.98
2026-03-23,605389.SH,600.0,44136.0,73.56
2026-03-23,605599.SH,3000.0,63600.0,21.2
2026-03-24,601339.SH,6300.0,43155.0,6.85
2026-03-24,601827.SH,7200.0,64296.0,8.93
2026-03-24,603132.SH,2100.0,31605.0,15.05
2026-03-24,603587.SH,1800.0,21348.0,11.86
2026-03-24,603889.SH,4200.0,32130.0,7.65
2026-03-24,603967.SH,2800.0,35084.0,12.53
2026-03-24,605389.SH,600.0,43776.0,72.96
2026-03-24,605599.SH,3000.0,64500.0,21.5
2026-03-25,601339.SH,6300.0,43848.0,6.96
2026-03-25,601827.SH,7200.0,67032.0,9.31
2026-03-25,603132.SH,2100.0,31941.0,15.21
2026-03-25,603587.SH,1800.0,21726.0,12.07
2026-03-25,603889.SH,4200.0,32802.0,7.81
2026-03-25,603967.SH,2800.0,35840.0,12.8
2026-03-25,605389.SH,600.0,44580.0,74.3
2026-03-25,605599.SH,3000.0,67350.0,22.45
2026-03-26,601339.SH,6300.0,43029.0,6.83
2026-03-26,601827.SH,7200.0,66312.0,9.21
2026-03-26,603132.SH,2100.0,31941.0,15.21
2026-03-26,603587.SH,1800.0,21708.0,12.06
2026-03-26,603889.SH,4200.0,32214.0,7.67
2026-03-26,603967.SH,2800.0,35924.0,12.83
2026-03-26,605389.SH,600.0,44388.0,73.98
2026-03-26,605599.SH,3000.0,67350.0,22.45
2026-03-27,601339.SH,6300.0,43785.0,6.95
2026-03-27,601827.SH,7200.0,66600.0,9.25
2026-03-27,603132.SH,2100.0,35133.0,16.73
2026-03-27,603587.SH,1800.0,21744.0,12.08
2026-03-27,603889.SH,4200.0,32340.0,7.7
2026-03-27,603967.SH,2800.0,37016.0,13.22
2026-03-27,605389.SH,600.0,44010.0,73.35
2026-03-27,605599.SH,3000.0,68100.0,22.7
2026-03-30,601339.SH,6300.0,45423.0,7.21
2026-03-30,601827.SH,7200.0,64800.0,9.0
2026-03-30,603132.SH,2100.0,35658.0,16.98
2026-03-30,603587.SH,1800.0,22086.0,12.27
2026-03-30,603889.SH,4200.0,32298.0,7.69
2026-03-30,603967.SH,2800.0,38108.0,13.61
2026-03-30,605389.SH,600.0,42558.0,70.93
2026-03-30,605599.SH,3000.0,68700.0,22.9
2026-03-31,601339.SH,6300.0,45108.0,7.16
2026-03-31,601827.SH,7200.0,59688.0,8.29
2026-03-31,603132.SH,2100.0,35490.0,16.9
2026-03-31,603587.SH,1800.0,21942.0,12.19
2026-03-31,603889.SH,4200.0,32214.0,7.67
2026-03-31,603967.SH,2800.0,37464.0,13.38
2026-03-31,605389.SH,600.0,43026.0,71.71
2026-03-31,605599.SH,3000.0,67650.0,22.55
2026-04-01,000848.SZ,5400.0,42930.0,7.95
2026-04-01,002003.SZ,4800.0,47328.0,9.86
2026-04-01,002867.SZ,3500.0,41860.0,11.96
2026-04-01,600368.SH,11300.0,44296.0,3.92
2026-04-01,600612.SH,1000.0,41780.0,41.78
2026-04-01,600827.SH,5400.0,46170.0,8.55
2026-04-01,601686.SH,6200.0,36580.0,5.9
2026-04-01,603213.SH,3000.0,41460.0,13.82
2026-04-02,000848.SZ,5400.0,43146.0,7.99
2026-04-02,002003.SZ,4800.0,47472.0,9.89
2026-04-02,002867.SZ,3500.0,41895.0,11.97
2026-04-02,600368.SH,11300.0,43844.0,3.88
2026-04-02,600612.SH,1000.0,41650.0,41.65
2026-04-02,600827.SH,5400.0,46008.0,8.52
2026-04-02,601686.SH,6200.0,36208.0,5.84
2026-04-02,603213.SH,3000.0,40650.0,13.55
2026-04-03,000848.SZ,5400.0,42768.0,7.92
2026-04-03,002003.SZ,4800.0,46128.0,9.61
2026-04-03,002867.SZ,3500.0,41020.0,11.72
2026-04-03,600368.SH,11300.0,42940.0,3.8
2026-04-03,600612.SH,1000.0,41140.0,41.14
2026-04-03,600827.SH,5400.0,45198.0,8.37
2026-04-03,601686.SH,6200.0,35402.0,5.71
2026-04-03,603213.SH,3000.0,39960.0,13.32
2026-04-07,000848.SZ,5400.0,42984.0,7.96
2026-04-07,002003.SZ,4800.0,45744.0,9.53
2026-04-07,002867.SZ,3500.0,40670.0,11.62
2026-04-07,600368.SH,11300.0,43166.0,3.82
2026-04-07,600612.SH,1000.0,41510.0,41.51
2026-04-07,600827.SH,5400.0,45306.0,8.39
2026-04-07,601686.SH,6200.0,35588.0,5.74
2026-04-07,603213.SH,3000.0,40320.0,13.44
2026-04-08,000848.SZ,5400.0,43416.0,8.04
2026-04-08,002003.SZ,4800.0,46848.0,9.76
2026-04-08,002867.SZ,3500.0,41615.0,11.89
2026-04-08,600368.SH,11300.0,44070.0,3.9
2026-04-08,600612.SH,1000.0,42010.0,42.01
2026-04-08,600827.SH,5400.0,46062.0,8.53
2026-04-08,601686.SH,6200.0,36394.0,5.87
2026-04-08,603213.SH,3000.0,40620.0,13.54
2026-04-09,000848.SZ,5400.0,42876.0,7.94
2026-04-09,002003.SZ,4800.0,46272.0,9.64
2026-04-09,002867.SZ,3500.0,41020.0,11.72
2026-04-09,600368.SH,11300.0,43279.0,3.83
2026-04-09,600612.SH,1000.0,41390.0,41.39
2026-04-09,600827.SH,5400.0,45630.0,8.45
2026-04-09,601686.SH,6200.0,35898.0,5.79
2026-04-09,603213.SH,3000.0,40200.0,13.4
2026-04-10,000848.SZ,5400.0,43038.0,7.97
2026-04-10,002003.SZ,4800.0,46608.0,9.71
2026-04-10,002867.SZ,3500.0,41125.0,11.75
2026-04-10,600368.SH,11300.0,43618.0,3.86
2026-04-10,600612.SH,1000.0,41420.0,41.42
2026-04-10,600827.SH,5400.0,45576.0,8.44
2026-04-10,601686.SH,6200.0,36146.0,5.83
2026-04-10,603213.SH,3000.0,40290.0,13.43
2026-04-13,000848.SZ,5400.0,44766.0,8.29
2026-04-13,002003.SZ,4800.0,46128.0,9.61
2026-04-13,002867.SZ,3500.0,41195.0,11.77
2026-04-13,600368.SH,11300.0,43392.0,3.84
2026-04-13,600612.SH,1000.0,41550.0,41.55
2026-04-13,600827.SH,5400.0,45954.0,8.51
2026-04-13,601686.SH,6200.0,36022.0,5.81
2026-04-13,603213.SH,3000.0,40350.0,13.45
2026-04-14,000848.SZ,5400.0,44064.0,8.16
2026-04-14,002003.SZ,4800.0,46848.0,9.76
2026-04-14,002867.SZ,3500.0,43295.0,12.37
2026-04-14,600368.SH,11300.0,43618.0,3.86
2026-04-14,600612.SH,1000.0,41810.0,41.81
2026-04-14,600827.SH,5400.0,46278.0,8.57
2026-04-14,601686.SH,6200.0,36022.0,5.81
2026-04-14,603213.SH,3000.0,40470.0,13.49
2026-04-15,000848.SZ,5400.0,44172.0,8.18
2026-04-15,002003.SZ,4800.0,47424.0,9.88
2026-04-15,002867.SZ,3500.0,45675.0,13.05
2026-04-15,600368.SH,11300.0,43731.0,3.87
2026-04-15,600612.SH,1000.0,41920.0,41.92
2026-04-15,600827.SH,5400.0,45954.0,8.51
2026-04-15,601686.SH,6200.0,36022.0,5.81
2026-04-15,603213.SH,3000.0,41070.0,13.69
2026-04-16,000848.SZ,5400.0,44172.0,8.18
2026-04-16,002003.SZ,4800.0,47760.0,9.95
2026-04-16,002867.SZ,3500.0,43575.0,12.45
2026-04-16,600368.SH,11300.0,43731.0,3.87
2026-04-16,600612.SH,1000.0,41920.0,41.92
2026-04-16,600827.SH,5400.0,45306.0,8.39
2026-04-16,601686.SH,6200.0,36332.0,5.86
2026-04-16,603213.SH,3000.0,40830.0,13.61
2026-04-17,000848.SZ,5400.0,44064.0,8.16
2026-04-17,002003.SZ,4800.0,48432.0,10.09
2026-04-17,002867.SZ,3500.0,43120.0,12.32
2026-04-17,600368.SH,11300.0,44070.0,3.9
2026-04-17,600612.SH,1000.0,41570.0,41.57
2026-04-17,600827.SH,5400.0,44442.0,8.23
2026-04-17,601686.SH,6200.0,36518.0,5.89
2026-04-17,603213.SH,3000.0,40290.0,13.43
2026-04-20,000848.SZ,5400.0,44604.0,8.26
2026-04-20,002003.SZ,4800.0,48384.0,10.08
2026-04-20,002867.SZ,3500.0,43225.0,12.35
2026-04-20,600368.SH,11300.0,43731.0,3.87
2026-04-20,600612.SH,1000.0,41270.0,41.27
2026-04-20,600827.SH,5400.0,44496.0,8.24
2026-04-20,601686.SH,6200.0,36642.0,5.91
2026-04-20,603213.SH,3000.0,40440.0,13.48
2026-04-21,000848.SZ,5400.0,45198.0,8.37
2026-04-21,002003.SZ,4800.0,48048.0,10.01
2026-04-21,002867.SZ,3500.0,43820.0,12.52
2026-04-21,600368.SH,11300.0,43844.0,3.88
2026-04-21,600612.SH,1000.0,41200.0,41.2
2026-04-21,600827.SH,5400.0,44658.0,8.27
2026-04-21,601686.SH,6200.0,36518.0,5.89
2026-04-21,603213.SH,3000.0,40320.0,13.44
2026-04-22,000848.SZ,5400.0,44982.0,8.33
2026-04-22,002003.SZ,4800.0,48144.0,10.03
2026-04-22,002867.SZ,3500.0,44310.0,12.66
2026-04-22,600368.SH,11300.0,43618.0,3.86
2026-04-22,600612.SH,1000.0,41500.0,41.5
2026-04-22,600827.SH,5400.0,43578.0,8.07
2026-04-22,601686.SH,6200.0,36394.0,5.87
2026-04-22,603213.SH,3000.0,40260.0,13.42
2026-04-23,000848.SZ,5400.0,45306.0,8.39
2026-04-23,002003.SZ,4800.0,48768.0,10.16
2026-04-23,002867.SZ,3500.0,43995.0,12.57
2026-04-23,600368.SH,11300.0,43166.0,3.82
2026-04-23,600612.SH,1000.0,41340.0,41.34
2026-04-23,600827.SH,5400.0,43740.0,8.1
2026-04-23,601686.SH,6200.0,35340.0,5.7
2026-04-23,603213.SH,3000.0,40230.0,13.41
2026-04-24,000848.SZ,5400.0,45144.0,8.36
2026-04-24,002003.SZ,4800.0,48912.0,10.19
2026-04-24,002867.SZ,3500.0,43050.0,12.3
2026-04-24,600368.SH,11300.0,42940.0,3.8
2026-04-24,600612.SH,1000.0,40310.0,40.31
2026-04-24,600827.SH,5400.0,43740.0,8.1
2026-04-24,601686.SH,6200.0,34844.0,5.62
2026-04-24,603213.SH,3000.0,40110.0,13.37
2026-04-27,000848.SZ,5400.0,45414.0,8.41
2026-04-27,002003.SZ,4800.0,48576.0,10.12
2026-04-27,002867.SZ,3500.0,42700.0,12.2
2026-04-27,600368.SH,11300.0,43618.0,3.86
2026-04-27,600612.SH,1000.0,39300.0,39.3
2026-04-27,600827.SH,5400.0,43848.0,8.12
2026-04-27,601686.SH,6200.0,34410.0,5.55
2026-04-27,603213.SH,3000.0,40590.0,13.53
2026-04-28,000848.SZ,5400.0,47898.0,8.87
2026-04-28,002003.SZ,4800.0,48720.0,10.15
2026-04-28,002867.SZ,3500.0,42560.0,12.16
2026-04-28,600368.SH,11300.0,43844.0,3.88
2026-04-28,600612.SH,1000.0,39320.0,39.32
2026-04-28,600827.SH,5400.0,44334.0,8.21
2026-04-28,601686.SH,6200.0,34534.0,5.57
2026-04-28,603213.SH,3000.0,40560.0,13.52
2026-04-29,000848.SZ,5400.0,48168.0,8.92
2026-04-29,002003.SZ,4800.0,48720.0,10.15
2026-04-29,002867.SZ,3500.0,46830.0,13.38
2026-04-29,600368.SH,11300.0,44070.0,3.9
2026-04-29,600612.SH,1000.0,39750.0,39.75
2026-04-29,600827.SH,5400.0,44496.0,8.24
2026-04-29,601686.SH,6200.0,34720.0,5.6
2026-04-29,603213.SH,3000.0,41460.0,13.82
2026-04-30,000848.SZ,5400.0,48060.0,8.9
2026-04-30,002003.SZ,4800.0,48000.0,10.0
2026-04-30,002867.SZ,3500.0,46410.0,13.26
2026-04-30,600368.SH,11300.0,43957.0,3.89
2026-04-30,600612.SH,1000.0,39410.0,39.41
2026-04-30,600827.SH,5400.0,44658.0,8.27
2026-04-30,601686.SH,6200.0,34534.0,5.57
2026-04-30,603213.SH,3000.0,41550.0,13.85
2026-05-06,000848.SZ,5400.0,48492.0,8.98
2026-05-06,002003.SZ,4800.0,46656.0,9.72
2026-05-06,002867.SZ,3500.0,45605.0,13.03
2026-05-06,600368.SH,11300.0,44070.0,3.9
2026-05-06,600612.SH,1000.0,39300.0,39.3
2026-05-06,600827.SH,5400.0,45792.0,8.48
2026-05-06,601686.SH,6200.0,34658.0,5.59
2026-05-06,603213.SH,3000.0,40890.0,13.63
2026-05-07,000848.SZ,5400.0,48762.0,9.03
2026-05-07,002003.SZ,4800.0,47136.0,9.82
2026-05-07,002867.SZ,3500.0,46620.0,13.32
2026-05-07,600368.SH,11300.0,43957.0,3.89
2026-05-07,600612.SH,1000.0,39390.0,39.39
2026-05-07,600827.SH,5400.0,45360.0,8.4
2026-05-07,601686.SH,6200.0,34720.0,5.6
2026-05-07,603213.SH,3000.0,41070.0,13.69
2026-05-08,000848.SZ,5400.0,49194.0,9.11
2026-05-08,002003.SZ,4800.0,47280.0,9.85
2026-05-08,002867.SZ,3500.0,46305.0,13.23
2026-05-08,600368.SH,11300.0,46443.0,4.11
2026-05-08,600612.SH,1000.0,39250.0,39.25
2026-05-08,600827.SH,5400.0,45792.0,8.48
2026-05-08,601686.SH,6200.0,34658.0,5.59
2026-05-08,603213.SH,3000.0,41490.0,13.83
2026-05-11,000848.SZ,5400.0,48870.0,9.05
2026-05-11,002003.SZ,4800.0,46608.0,9.71
2026-05-11,002867.SZ,3500.0,46305.0,13.23
2026-05-11,600368.SH,11300.0,45426.0,4.02
2026-05-11,600612.SH,1000.0,38930.0,38.93
2026-05-11,600827.SH,5400.0,45576.0,8.44
2026-05-11,601686.SH,6200.0,34844.0,5.62
2026-05-11,603213.SH,3000.0,41670.0,13.89
2026-05-12,000848.SZ,5400.0,48978.0,9.07
2026-05-12,002003.SZ,4800.0,47712.0,9.94
2026-05-12,002867.SZ,3500.0,45605.0,13.03
2026-05-12,600368.SH,11300.0,44748.0,3.96
2026-05-12,600612.SH,1000.0,38520.0,38.52
2026-05-12,600827.SH,5400.0,44766.0,8.29
2026-05-12,601686.SH,6200.0,34286.0,5.53
2026-05-12,603213.SH,3000.0,41340.0,13.78
2026-05-13,000848.SZ,5400.0,48492.0,8.98
2026-05-13,002003.SZ,4800.0,46992.0,9.79
2026-05-13,002867.SZ,3500.0,45325.0,12.95
2026-05-13,600368.SH,11300.0,44974.0,3.98
2026-05-13,600612.SH,1000.0,38530.0,38.53
2026-05-13,600827.SH,5400.0,44658.0,8.27
2026-05-13,601686.SH,6200.0,34348.0,5.54
2026-05-13,603213.SH,3000.0,41190.0,13.73
2026-05-14,000848.SZ,5400.0,48384.0,8.96
2026-05-14,002003.SZ,4800.0,46320.0,9.65
2026-05-14,002867.SZ,3500.0,44765.0,12.79
2026-05-14,600368.SH,11300.0,44183.0,3.91
2026-05-14,600612.SH,1000.0,37990.0,37.99
2026-05-14,600827.SH,5400.0,46710.0,8.65
2026-05-14,601686.SH,6200.0,33542.0,5.41
2026-05-14,603213.SH,3000.0,40800.0,13.6
2026-05-15,000848.SZ,5400.0,48222.0,8.93
2026-05-15,002003.SZ,4800.0,46944.0,9.78
2026-05-15,002867.SZ,3500.0,44205.0,12.63
2026-05-15,600368.SH,11300.0,43731.0,3.87
2026-05-15,600612.SH,1000.0,37390.0,37.39
2026-05-15,600827.SH,5400.0,45144.0,8.36
2026-05-15,601686.SH,6200.0,33108.0,5.34
2026-05-15,603213.SH,3000.0,40800.0,13.6
2026-05-18,000848.SZ,5400.0,47898.0,8.87
2026-05-18,002003.SZ,4800.0,46944.0,9.78
2026-05-18,002867.SZ,3500.0,43505.0,12.43
2026-05-18,600368.SH,11300.0,44070.0,3.9
2026-05-18,600612.SH,1000.0,36900.0,36.9
2026-05-18,600827.SH,5400.0,44604.0,8.26
2026-05-18,601686.SH,6200.0,33108.0,5.34
2026-05-18,603213.SH,3000.0,40440.0,13.48
2026-05-19,000848.SZ,5400.0,48060.0,8.9
2026-05-19,002003.SZ,4800.0,47376.0,9.87
2026-05-19,002867.SZ,3500.0,44205.0,12.63
2026-05-19,600368.SH,11300.0,44748.0,3.96
2026-05-19,600612.SH,1000.0,37590.0,37.59
2026-05-19,600827.SH,5400.0,45090.0,8.35
2026-05-19,601686.SH,6200.0,33294.0,5.37
2026-05-19,603213.SH,3000.0,40590.0,13.53
2026-05-20,000848.SZ,5400.0,47790.0,8.85
2026-05-20,002003.SZ,4800.0,45792.0,9.54
2026-05-20,002867.SZ,3500.0,45045.0,12.87
2026-05-20,600368.SH,11300.0,44183.0,3.91
2026-05-20,600612.SH,1000.0,37180.0,37.18
2026-05-20,600827.SH,5400.0,44550.0,8.25
2026-05-20,601686.SH,6200.0,33418.0,5.39
2026-05-20,603213.SH,3000.0,40920.0,13.64
2026-05-21,000848.SZ,5400.0,46926.0,8.69
2026-05-21,002003.SZ,4800.0,44736.0,9.32
2026-05-21,002867.SZ,3500.0,43855.0,12.53
2026-05-21,600368.SH,11300.0,44296.0,3.92
2026-05-21,600612.SH,1000.0,36990.0,36.99
2026-05-21,600827.SH,5400.0,43794.0,8.11
2026-05-21,601686.SH,6200.0,32922.0,5.31
2026-05-21,603213.SH,3000.0,40950.0,13.65
2026-05-22,000848.SZ,5400.0,47034.0,8.71
2026-05-22,002003.SZ,4800.0,44592.0,9.29
2026-05-22,002867.SZ,3500.0,43330.0,12.38
2026-05-22,600368.SH,11300.0,44183.0,3.91
2026-05-22,600612.SH,1000.0,36750.0,36.75
2026-05-22,600827.SH,5400.0,43362.0,8.03
2026-05-22,601686.SH,6200.0,32798.0,5.29
2026-05-22,603213.SH,3000.0,41460.0,13.82
2026-05-25,000848.SZ,5400.0,46278.0,8.57
2026-05-25,002003.SZ,4800.0,42960.0,8.95
2026-05-25,002867.SZ,3500.0,43330.0,12.38
2026-05-25,600368.SH,11300.0,44748.0,3.96
2026-05-25,600612.SH,1000.0,36390.0,36.39
2026-05-25,600827.SH,5400.0,42714.0,7.91
2026-05-25,601686.SH,6200.0,32674.0,5.27
2026-05-25,603213.SH,3000.0,41910.0,13.97
2026-05-26,000848.SZ,5400.0,47412.0,8.78
2026-05-26,002003.SZ,4800.0,42336.0,8.82
2026-05-26,002867.SZ,3500.0,43505.0,12.43
2026-05-26,600368.SH,11300.0,44296.0,3.92
2026-05-26,600612.SH,1000.0,36520.0,36.52
2026-05-26,600827.SH,5400.0,42768.0,7.92
2026-05-26,601686.SH,6200.0,32674.0,5.27
2026-05-26,603213.SH,3000.0,42810.0,14.27
2026-05-27,000848.SZ,5400.0,46926.0,8.69
2026-05-27,002003.SZ,4800.0,42816.0,8.92
2026-05-27,002867.SZ,3500.0,43155.0,12.33
2026-05-27,600368.SH,11300.0,44409.0,3.93
2026-05-27,600612.SH,1000.0,36370.0,36.37
2026-05-27,600827.SH,5400.0,43146.0,7.99
2026-05-27,601686.SH,6200.0,32116.0,5.18
2026-05-27,603213.SH,3000.0,44190.0,14.73
2026-05-28,000848.SZ,5400.0,46386.0,8.59
2026-05-28,002003.SZ,4800.0,43824.0,9.13
2026-05-28,002867.SZ,3500.0,43400.0,12.4
2026-05-28,600368.SH,11300.0,43844.0,3.88
2026-05-28,600612.SH,1000.0,35420.0,35.42
2026-05-28,600827.SH,5400.0,43416.0,8.04
2026-05-28,601686.SH,6200.0,32116.0,5.18
2026-05-28,603213.SH,3000.0,43230.0,14.41
2026-05-29,000848.SZ,5400.0,44496.0,8.24
2026-05-29,002003.SZ,4800.0,44112.0,9.19
2026-05-29,002867.SZ,3500.0,44100.0,12.6
2026-05-29,600368.SH,11300.0,44296.0,3.92
2026-05-29,600612.SH,1000.0,35950.0,35.95
2026-05-29,600827.SH,5400.0,45846.0,8.49
2026-05-29,601686.SH,6200.0,32364.0,5.22
2026-05-29,603213.SH,3000.0,44100.0,14.7
2026-06-01,000848.SZ,5400.0,44550.0,8.25
2026-06-01,002003.SZ,4800.0,44640.0,9.3
2026-06-01,002867.SZ,3500.0,43890.0,12.54
2026-06-01,600368.SH,11300.0,45087.0,3.99
2026-06-01,600612.SH,1000.0,36800.0,36.8
2026-06-01,600827.SH,5400.0,46116.0,8.54
2026-06-01,601686.SH,6200.0,33418.0,5.39
2026-06-01,603213.SH,3000.0,43290.0,14.43
2026-06-02,000848.SZ,5400.0,44118.0,8.17
2026-06-02,002003.SZ,4800.0,45072.0,9.39
2026-06-02,002867.SZ,3500.0,43050.0,12.3
2026-06-02,600368.SH,11300.0,45087.0,3.99
2026-06-02,600612.SH,1000.0,36650.0,36.65
2026-06-02,600827.SH,5400.0,45252.0,8.38
2026-06-02,601686.SH,6200.0,36766.0,5.93
2026-06-02,603213.SH,3000.0,43770.0,14.59
2026-06-03,000848.SZ,5400.0,43470.0,8.05
2026-06-03,002003.SZ,4800.0,45792.0,9.54
2026-06-03,002867.SZ,3500.0,42630.0,12.18
2026-06-03,600368.SH,11300.0,45765.0,4.05
2026-06-03,600612.SH,1000.0,36000.0,36.0
2026-06-03,600827.SH,5400.0,44334.0,8.21
2026-06-03,601686.SH,6200.0,34472.0,5.56
2026-06-03,603213.SH,3000.0,42900.0,14.3
2026-06-04,000848.SZ,5400.0,42714.0,7.91
2026-06-04,002003.SZ,4800.0,44256.0,9.22
2026-06-04,002867.SZ,3500.0,42525.0,12.15
2026-06-04,600368.SH,11300.0,44861.0,3.97
2026-06-04,600612.SH,1000.0,35450.0,35.45
2026-06-04,600827.SH,5400.0,43578.0,8.07
2026-06-04,601686.SH,6200.0,33046.0,5.33
2026-06-04,603213.SH,3000.0,41640.0,13.88
2026-06-05,000848.SZ,5400.0,42822.0,7.93
2026-06-05,002003.SZ,4800.0,43632.0,9.09
2026-06-05,002867.SZ,3500.0,42945.0,12.27
2026-06-05,600368.SH,11300.0,44522.0,3.94
2026-06-05,600612.SH,1000.0,35660.0,35.66
2026-06-05,600827.SH,5400.0,44064.0,8.16
2026-06-05,601686.SH,6200.0,32612.0,5.26
2026-06-05,603213.SH,3000.0,42600.0,14.2
2026-06-08,000848.SZ,5400.0,41904.0,7.76
2026-06-08,002003.SZ,4800.0,43776.0,9.12
2026-06-08,002867.SZ,3500.0,41860.0,11.96
2026-06-08,600368.SH,11300.0,43505.0,3.85
2026-06-08,600612.SH,1000.0,34870.0,34.87
2026-06-08,600827.SH,5400.0,43956.0,8.14
2026-06-08,601686.SH,6200.0,31496.0,5.08
2026-06-08,603213.SH,3000.0,42480.0,14.16
2026-06-09,000848.SZ,5400.0,41688.0,7.72
2026-06-09,002003.SZ,4800.0,43488.0,9.06
2026-06-09,002867.SZ,3500.0,42210.0,12.06
2026-06-09,600368.SH,11300.0,43618.0,3.86
2026-06-09,600612.SH,1000.0,34660.0,34.66
2026-06-09,600827.SH,5400.0,43308.0,8.02
2026-06-09,601686.SH,6200.0,31806.0,5.13
2026-06-09,603213.SH,3000.0,43740.0,14.58
2026-06-10,000848.SZ,5400.0,41958.0,7.77
2026-06-10,002003.SZ,4800.0,42960.0,8.95
2026-06-10,002867.SZ,3500.0,42315.0,12.09
2026-06-10,600368.SH,11300.0,43166.0,3.82
2026-06-10,600612.SH,1000.0,35280.0,35.28
2026-06-10,600827.SH,5400.0,43470.0,8.05
2026-06-10,601686.SH,6200.0,30814.0,4.97
2026-06-10,603213.SH,3000.0,44610.0,14.87
2026-06-11,000848.SZ,5400.0,41472.0,7.68
2026-06-11,002003.SZ,4800.0,42864.0,8.93
2026-06-11,002867.SZ,3500.0,41930.0,11.98
2026-06-11,600368.SH,11300.0,42262.0,3.74
2026-06-11,600612.SH,1000.0,34600.0,34.6
2026-06-11,600827.SH,5400.0,42606.0,7.89
2026-06-11,601686.SH,6200.0,30876.0,4.98
2026-06-11,603213.SH,3000.0,44790.0,14.93
2026-06-12,000848.SZ,5400.0,42606.0,7.89
2026-06-12,002003.SZ,4800.0,43440.0,9.05
2026-06-12,002867.SZ,3500.0,42875.0,12.25
2026-06-12,600368.SH,11300.0,42714.0,3.78
2026-06-12,600612.SH,1000.0,35380.0,35.38
2026-06-12,600827.SH,5400.0,43578.0,8.07
2026-06-12,601686.SH,6200.0,31930.0,5.15
2026-06-12,603213.SH,3000.0,44250.0,14.75
2026-06-15,000848.SZ,5400.0,42228.0,7.82
2026-06-15,002003.SZ,4800.0,42816.0,8.92
2026-06-15,002867.SZ,3500.0,43015.0,12.29
2026-06-15,600368.SH,11300.0,42488.0,3.76
2026-06-15,600612.SH,1000.0,35740.0,35.74
2026-06-15,600827.SH,5400.0,44010.0,8.15
2026-06-15,601686.SH,6200.0,32054.0,5.17
2026-06-15,603213.SH,3000.0,43740.0,14.58
2026-06-16,000848.SZ,5400.0,41634.0,7.71
2026-06-16,002003.SZ,4800.0,41952.0,8.74
2026-06-16,002867.SZ,3500.0,42630.0,12.18
2026-06-16,600368.SH,11300.0,42262.0,3.74
2026-06-16,600612.SH,1000.0,35300.0,35.3
2026-06-16,600827.SH,5400.0,43740.0,8.1
2026-06-16,601686.SH,6200.0,31496.0,5.08
2026-06-16,603213.SH,3000.0,42990.0,14.33
2026-06-17,000848.SZ,5400.0,41364.0,7.66
2026-06-17,002003.SZ,4800.0,41424.0,8.63
2026-06-17,002867.SZ,3500.0,41895.0,11.97
2026-06-17,600368.SH,11300.0,41245.0,3.65
2026-06-17,600612.SH,1000.0,34870.0,34.87
2026-06-17,600827.SH,5400.0,43092.0,7.98
2026-06-17,601686.SH,6200.0,31062.0,5.01
2026-06-17,603213.SH,3000.0,42600.0,14.2
2026-06-18,000848.SZ,5400.0,41472.0,7.68
2026-06-18,002003.SZ,4800.0,41520.0,8.65
2026-06-18,002867.SZ,3500.0,41405.0,11.83
2026-06-18,600368.SH,11300.0,39663.0,3.51
2026-06-18,600612.SH,1000.0,34430.0,34.43
2026-06-18,600827.SH,5400.0,42336.0,7.84
2026-06-18,601686.SH,6200.0,31434.0,5.07
2026-06-18,603213.SH,3000.0,42300.0,14.1
2026-06-22,000848.SZ,5400.0,41148.0,7.62
2026-06-22,002003.SZ,4800.0,41760.0,8.7
2026-06-22,002867.SZ,3500.0,41090.0,11.74
2026-06-22,600368.SH,11300.0,39663.0,3.51
2026-06-22,600612.SH,1000.0,34210.0,34.21
2026-06-22,600827.SH,5400.0,42822.0,7.93
2026-06-22,601686.SH,6200.0,31496.0,5.08
2026-06-22,603213.SH,3000.0,41850.0,13.95
2026-06-23,000848.SZ,5400.0,41472.0,7.68
2026-06-23,002003.SZ,4800.0,41664.0,8.68
2026-06-23,002867.SZ,3500.0,40985.0,11.71
2026-06-23,600368.SH,11300.0,40228.0,3.56
2026-06-23,600612.SH,1000.0,33800.0,33.8
2026-06-23,600827.SH,5400.0,43254.0,8.01
2026-06-23,601686.SH,6200.0,31248.0,5.04
2026-06-23,603213.SH,3000.0,42000.0,14.0
2026-06-24,000848.SZ,5400.0,41094.0,7.61
2026-06-24,002003.SZ,4800.0,40704.0,8.48
2026-06-24,002867.SZ,3500.0,40845.0,11.67
2026-06-24,600368.SH,11300.0,40228.0,3.56
2026-06-24,600612.SH,1000.0,33280.0,33.28
2026-06-24,600827.SH,5400.0,42444.0,7.86
2026-06-24,601686.SH,6200.0,30938.0,4.99
2026-06-24,603213.SH,3000.0,41730.0,13.91
2026-06-25,000848.SZ,5400.0,40554.0,7.51
2026-06-25,002003.SZ,4800.0,40464.0,8.43
2026-06-25,002867.SZ,3500.0,40600.0,11.6
2026-06-25,600368.SH,11300.0,39663.0,3.51
2026-06-25,600612.SH,1000.0,32900.0,32.9
2026-06-25,600827.SH,5400.0,41904.0,7.76
2026-06-25,601686.SH,6200.0,30504.0,4.92
2026-06-25,603213.SH,3000.0,41190.0,13.73
2026-06-26,000848.SZ,5400.0,39474.0,7.31
2026-06-26,002003.SZ,4800.0,39984.0,8.33
2026-06-26,002867.SZ,3500.0,40180.0,11.48
2026-06-26,600368.SH,11300.0,39211.0,3.47
2026-06-26,600612.SH,1000.0,32240.0,32.24
2026-06-26,600827.SH,5400.0,40986.0,7.59
2026-06-26,601686.SH,6200.0,30070.0,4.85
2026-06-26,603213.SH,3000.0,40740.0,13.58
2026-06-29,000848.SZ,5400.0,40230.0,7.45
2026-06-29,002003.SZ,4800.0,40416.0,8.42
2026-06-29,002867.SZ,3500.0,40250.0,11.5
2026-06-29,600368.SH,11300.0,39550.0,3.5
2026-06-29,600612.SH,1000.0,32630.0,32.63
2026-06-29,600827.SH,5400.0,41526.0,7.69
2026-06-29,601686.SH,6200.0,30504.0,4.92
2026-06-29,603213.SH,3000.0,42060.0,14.02
2026-06-30,000848.SZ,5400.0,39960.0,7.4
2026-06-30,002003.SZ,4800.0,40416.0,8.42
2026-06-30,002867.SZ,3500.0,39025.0,11.15
2026-06-30,600368.SH,11300.0,37855.0,3.35
2026-06-30,600612.SH,1000.0,32150.0,32.15
2026-06-30,600827.SH,5400.0,40014.0,7.41
2026-06-30,601686.SH,6200.0,29946.0,4.83
2026-06-30,603213.SH,3000.0,41490.0,13.83
2026-07-01,600368.SH,13000.0,44460.0,3.42
2026-07-01,601886.SH,4700.0,37600.0,8.0
2026-07-01,601928.SH,6700.0,59295.0,8.85
2026-07-01,603368.SH,3000.0,45030.0,15.01
2026-07-01,603700.SH,3900.0,45084.0,11.56
2026-07-01,605098.SH,500.0,26940.0,53.88
2026-07-01,605377.SH,3300.0,30591.0,9.27
2026-07-02,600368.SH,13000.0,44850.0,3.45
2026-07-02,601886.SH,4700.0,37365.0,7.95
2026-07-02,601928.SH,6700.0,60501.0,9.03
2026-07-02,603368.SH,3000.0,45990.0,15.33
2026-07-02,603700.SH,3900.0,44538.0,11.42
2026-07-02,605098.SH,500.0,27095.0,54.19
2026-07-02,605377.SH,3300.0,29865.0,9.05
2026-07-03,600368.SH,13000.0,45110.0,3.47
2026-07-03,601886.SH,4700.0,37882.0,8.06
2026-07-03,601928.SH,6700.0,59697.0,8.91
2026-07-03,603368.SH,3000.0,46740.0,15.58
2026-07-03,603700.SH,3900.0,44889.0,11.51
2026-07-03,605098.SH,500.0,27690.0,55.38
2026-07-03,605377.SH,3300.0,29106.0,8.82
2026-07-06,600368.SH,13000.0,46280.0,3.56
2026-07-06,601886.SH,4700.0,37976.0,8.08
2026-07-06,601928.SH,6700.0,61037.0,9.11
2026-07-06,603368.SH,3000.0,46860.0,15.62
2026-07-06,603700.SH,3900.0,43719.0,11.21
2026-07-06,605098.SH,500.0,26775.0,53.55
2026-07-06,605377.SH,3300.0,32010.0,9.7
2026-07-07,600368.SH,13000.0,45630.0,3.51
2026-07-07,601886.SH,4700.0,36895.0,7.85
2026-07-07,601928.SH,6700.0,60635.0,9.05
2026-07-07,603368.SH,3000.0,45750.0,15.25
2026-07-07,603700.SH,3900.0,42822.0,10.98
2026-07-07,605098.SH,500.0,26150.0,52.3
2026-07-07,605377.SH,3300.0,31911.0,9.67
2026-07-08,600368.SH,13000.0,46020.0,3.54
2026-07-08,601886.SH,4700.0,37224.0,7.92
2026-07-08,601928.SH,6700.0,61372.0,9.16
2026-07-08,603368.SH,3000.0,45840.0,15.28
2026-07-08,603700.SH,3900.0,42042.0,10.78
2026-07-08,605098.SH,500.0,26335.0,52.67
2026-07-08,605377.SH,3300.0,31284.0,9.48
2026-07-09,600368.SH,13000.0,46150.0,3.55
2026-07-09,601886.SH,4700.0,36989.0,7.87
2026-07-09,601928.SH,6700.0,60903.0,9.09
2026-07-09,603368.SH,3000.0,45420.0,15.14
2026-07-09,603700.SH,3900.0,44577.0,11.43
2026-07-09,605098.SH,500.0,26480.0,52.96
2026-07-09,605377.SH,3300.0,31119.0,9.43
2026-07-10,600368.SH,13000.0,46930.0,3.61
2026-07-10,601886.SH,4700.0,36895.0,7.85
2026-07-10,601928.SH,6700.0,61171.0,9.13
2026-07-10,603368.SH,3000.0,45840.0,15.28
2026-07-10,603700.SH,3900.0,44928.0,11.52
2026-07-10,605098.SH,500.0,26685.0,53.37
2026-07-10,605377.SH,3300.0,33429.0,10.13
2026-07-13,600368.SH,13000.0,47970.0,3.69
2026-07-13,601886.SH,4700.0,35955.0,7.65
2026-07-13,601928.SH,6700.0,61908.0,9.24
2026-07-13,603368.SH,3000.0,45900.0,15.3
2026-07-13,603700.SH,3900.0,44031.0,11.29
2026-07-13,605098.SH,500.0,26880.0,53.76
2026-07-13,605377.SH,3300.0,32637.0,9.89
2026-07-14,600368.SH,13000.0,49920.0,3.84
2026-07-14,601886.SH,4700.0,36801.0,7.83
2026-07-14,601928.SH,6700.0,62377.0,9.31
2026-07-14,603368.SH,3000.0,47040.0,15.68
2026-07-14,603700.SH,3900.0,45396.0,11.64
2026-07-14,605098.SH,500.0,27060.0,54.12
2026-07-14,605377.SH,3300.0,32538.0,9.86
2026-07-15,600368.SH,13000.0,49790.0,3.83
2026-07-15,601886.SH,4700.0,38681.0,8.23
2026-07-15,601928.SH,6700.0,62645.0,9.35
2026-07-15,603368.SH,3000.0,47760.0,15.92
2026-07-15,603700.SH,3900.0,45513.0,11.67
2026-07-15,605098.SH,500.0,27330.0,54.66
2026-07-15,605377.SH,3300.0,32505.0,9.85
2026-07-16,600368.SH,13000.0,50180.0,3.86
2026-07-16,601886.SH,4700.0,38681.0,8.23
2026-07-16,601928.SH,6700.0,62712.0,9.36
2026-07-16,603368.SH,3000.0,48030.0,16.01
2026-07-16,603700.SH,3900.0,45474.0,11.66
2026-07-16,605098.SH,500.0,26675.0,53.35
2026-07-16,605377.SH,3300.0,31581.0,9.57
2026-07-17,600368.SH,13000.0,49660.0,3.82
2026-07-17,601886.SH,4700.0,36754.0,7.82
2026-07-17,601928.SH,6700.0,63114.0,9.42
2026-07-17,603368.SH,3000.0,46890.0,15.63
2026-07-17,603700.SH,3900.0,42627.0,10.93
2026-07-17,605098.SH,500.0,26475.0,52.95
2026-07-17,605377.SH,3300.0,31020.0,9.4
2026-07-20,600368.SH,13000.0,49140.0,3.78
2026-07-20,601886.SH,4700.0,37412.0,7.96
2026-07-20,601928.SH,6700.0,64588.0,9.64
2026-07-20,603368.SH,3000.0,47130.0,15.71
2026-07-20,603700.SH,3900.0,42861.0,10.99
2026-07-20,605098.SH,500.0,26485.0,52.97
2026-07-20,605377.SH,3300.0,30459.0,9.23
2026-07-21,600368.SH,13000.0,48360.0,3.72
2026-07-21,601886.SH,4700.0,39903.0,8.49
2026-07-21,601928.SH,6700.0,63851.0,9.53
2026-07-21,603368.SH,3000.0,46050.0,15.35
2026-07-21,603700.SH,3900.0,43680.0,11.2
2026-07-21,605098.SH,500.0,26685.0,53.37
2026-07-21,605377.SH,3300.0,30426.0,9.22
2026-07-22,600368.SH,13000.0,48360.0,3.72
2026-07-22,601886.SH,4700.0,38493.0,8.19
2026-07-22,601928.SH,6700.0,64320.0,9.6
2026-07-22,603368.SH,3000.0,45990.0,15.33
2026-07-22,603700.SH,3900.0,42120.0,10.8
2026-07-22,605098.SH,500.0,26985.0,53.97
2026-07-22,605377.SH,3300.0,30624.0,9.28
2026-07-23,600368.SH,13000.0,49400.0,3.8
2026-07-23,601886.SH,4700.0,39057.0,8.31
2026-07-23,601928.SH,6700.0,64119.0,9.57
2026-07-23,603368.SH,3000.0,46140.0,15.38
2026-07-23,603700.SH,3900.0,42471.0,10.89
2026-07-23,605098.SH,500.0,27745.0,55.49
2026-07-23,605377.SH,3300.0,31119.0,9.43
2026-07-24,600368.SH,13000.0,48750.0,3.75
2026-07-24,601886.SH,4700.0,39527.0,8.41
2026-07-24,601928.SH,6700.0,64253.0,9.59
2026-07-24,603368.SH,3000.0,45210.0,15.07
2026-07-24,603700.SH,3900.0,41964.0,10.76
2026-07-24,605098.SH,500.0,27390.0,54.78
2026-07-24,605377.SH,3300.0,29832.0,9.04
2026-07-27,600368.SH,13000.0,49010.0,3.77
2026-07-27,601886.SH,4700.0,39433.0,8.39
2026-07-27,601928.SH,6700.0,63315.0,9.45
2026-07-27,603368.SH,3000.0,45900.0,15.3
2026-07-27,603700.SH,3900.0,42120.0,10.8
2026-07-27,605098.SH,500.0,28480.0,56.96
2026-07-27,605377.SH,3300.0,30558.0,9.26
2026-07-28,600368.SH,13000.0,49400.0,3.8
2026-07-28,601886.SH,4700.0,39997.0,8.51
2026-07-28,601928.SH,6700.0,64253.0,9.59
2026-07-28,603368.SH,3000.0,45930.0,15.31
2026-07-28,603700.SH,3900.0,42861.0,10.99
2026-07-28,605098.SH,500.0,28130.0,56.26
2026-07-28,605377.SH,3300.0,29931.0,9.07
2026-07-29,600368.SH,13000.0,50050.0,3.85
2026-07-29,601886.SH,4700.0,40655.0,8.65
2026-07-29,601928.SH,6700.0,65325.0,9.75
2026-07-29,603368.SH,3000.0,46530.0,15.51
2026-07-29,603700.SH,3900.0,43446.0,11.14
2026-07-29,605098.SH,500.0,28250.0,56.5
2026-07-29,605377.SH,3300.0,29469.0,8.93
2026-07-30,600368.SH,13000.0,50310.0,3.87
2026-07-30,601886.SH,4700.0,40561.0,8.63
2026-07-30,601928.SH,6700.0,65794.0,9.82
2026-07-30,603368.SH,3000.0,46920.0,15.64
2026-07-30,603700.SH,3900.0,43719.0,11.21
2026-07-30,605098.SH,500.0,28155.0,56.31
2026-07-30,605377.SH,3300.0,28479.0,8.63
2026-07-31,600368.SH,13000.0,50440.0,3.88
2026-07-31,601886.SH,4700.0,40608.0,8.64
2026-07-31,601928.SH,6700.0,67134.0,10.02
2026-07-31,603368.SH,3000.0,47310.0,15.77
2026-07-31,603700.SH,3900.0,43134.0,11.06
2026-07-31,605098.SH,500.0,29255.0,58.51
2026-07-31,605377.SH,3300.0,29040.0,8.8
2026-08-03,600368.SH,13000.0,51480.0,3.96
2026-08-03,601886.SH,4700.0,40702.0,8.66
2026-08-03,601928.SH,6700.0,66397.0,9.91
2026-08-03,603368.SH,3000.0,47490.0,15.83
2026-08-03,603700.SH,3900.0,43368.0,11.12
2026-08-03,605098.SH,500.0,28615.0,57.23
2026-08-03,605377.SH,3300.0,29502.0,8.94
2026-08-04,600368.SH,13000.0,50700.0,3.9
2026-08-04,601886.SH,4700.0,39386.0,8.38
2026-08-04,601928.SH,6700.0,65392.0,9.76
2026-08-04,603368.SH,3000.0,46770.0,15.59
2026-08-04,603700.SH,3900.0,43407.0,11.13
2026-08-04,605098.SH,500.0,30050.0,60.1
2026-08-04,605377.SH,3300.0,30030.0,9.1
2026-08-05,600368.SH,13000.0,50960.0,3.92
2026-08-05,601886.SH,4700.0,39386.0,8.38
2026-08-05,601928.SH,6700.0,64119.0,9.57
2026-08-05,603368.SH,3000.0,46350.0,15.45
2026-08-05,603700.SH,3900.0,45045.0,11.55
2026-08-05,605098.SH,500.0,29500.0,59.0
2026-08-05,605377.SH,3300.0,29865.0,9.05
2026-08-06,600368.SH,13000.0,51090.0,3.93
2026-08-06,601886.SH,4700.0,39480.0,8.4
2026-08-06,601928.SH,6700.0,62913.0,9.39
2026-08-06,603368.SH,3000.0,46530.0,15.51
2026-08-06,603700.SH,3900.0,43953.0,11.27
2026-08-06,605098.SH,500.0,28315.0,56.63
2026-08-06,605377.SH,3300.0,30096.0,9.12
2026-08-07,600368.SH,13000.0,51090.0,3.93
2026-08-07,601886.SH,4700.0,38869.0,8.27
2026-08-07,601928.SH,6700.0,61640.0,9.2
2026-08-07,603368.SH,3000.0,46890.0,15.63
2026-08-07,603700.SH,3900.0,43953.0,11.27
2026-08-07,605098.SH,500.0,28585.0,57.17
2026-08-07,605377.SH,3300.0,29799.0,9.03
2026-08-10,600368.SH,13000.0,52910.0,4.07
2026-08-10,601886.SH,4700.0,42770.0,9.1
2026-08-10,601928.SH,6700.0,61908.0,9.24
2026-08-10,603368.SH,3000.0,47460.0,15.82
2026-08-10,603700.SH,3900.0,45981.0,11.79
2026-08-10,605098.SH,500.0,29140.0,58.28
2026-08-10,605377.SH,3300.0,31020.0,9.4
2026-08-11,600368.SH,13000.0,51870.0,3.99
2026-08-11,601886.SH,4700.0,44791.0,9.53
2026-08-11,601928.SH,6700.0,61104.0,9.12
2026-08-11,603368.SH,3000.0,47760.0,15.92
2026-08-11,603700.SH,3900.0,45240.0,11.6
2026-08-11,605098.SH,500.0,29150.0,58.3
2026-08-11,605377.SH,3300.0,29733.0,9.01
2026-08-12,600368.SH,13000.0,52260.0,4.02
2026-08-12,601886.SH,4700.0,49256.0,10.48
2026-08-12,601928.SH,6700.0,61372.0,9.16
2026-08-12,603368.SH,3000.0,47850.0,15.95
2026-08-12,603700.SH,3900.0,45864.0,11.76
2026-08-12,605098.SH,500.0,28470.0,56.94
2026-08-12,605377.SH,3300.0,30063.0,9.11
2026-08-13,600368.SH,13000.0,51350.0,3.95
2026-08-13,601886.SH,4700.0,54191.0,11.53
2026-08-13,601928.SH,6700.0,61372.0,9.16
2026-08-13,603368.SH,3000.0,50730.0,16.91
2026-08-13,603700.SH,3900.0,45045.0,11.55
2026-08-13,605098.SH,500.0,28140.0,56.28
2026-08-13,605377.SH,3300.0,30195.0,9.15
2026-08-14,600368.SH,13000.0,51090.0,3.93
2026-08-14,601886.SH,4700.0,55225.0,11.75
2026-08-14,601928.SH,6700.0,61640.0,9.2
2026-08-14,603368.SH,3000.0,50430.0,16.81
2026-08-14,603700.SH,3900.0,45123.0,11.57
2026-08-14,605098.SH,500.0,27070.0,54.14
2026-08-14,605377.SH,3300.0,29799.0,9.03
2026-08-17,600368.SH,13000.0,51610.0,3.97
2026-08-17,601886.SH,4700.0,59925.0,12.75
2026-08-17,601928.SH,6700.0,61908.0,9.24
2026-08-17,603368.SH,3000.0,49380.0,16.46
2026-08-17,603700.SH,3900.0,46800.0,12.0
2026-08-17,605098.SH,500.0,27820.0,55.64
2026-08-17,605377.SH,3300.0,30327.0,9.19
2026-08-18,600368.SH,13000.0,51740.0,3.98
2026-08-18,601886.SH,4700.0,59831.0,12.73
2026-08-18,601928.SH,6700.0,61573.0,9.19
2026-08-18,603368.SH,3000.0,50280.0,16.76
2026-08-18,603700.SH,3900.0,46137.0,11.83
2026-08-18,605098.SH,500.0,28305.0,56.61
2026-08-18,605377.SH,3300.0,29304.0,8.88
2026-08-19,600368.SH,13000.0,51220.0,3.94
2026-08-19,601886.SH,4700.0,59784.0,12.72
2026-08-19,601928.SH,6700.0,62444.0,9.32
2026-08-19,603368.SH,3000.0,48810.0,16.27
2026-08-19,603700.SH,3900.0,44733.0,11.47
2026-08-19,605098.SH,500.0,27760.0,55.52
2026-08-19,605377.SH,3300.0,29073.0,8.81
2026-08-20,600368.SH,13000.0,51480.0,3.96
2026-08-20,601886.SH,4700.0,60442.0,12.86
2026-08-20,601928.SH,6700.0,62846.0,9.38
2026-08-20,603368.SH,3000.0,49620.0,16.54
2026-08-20,603700.SH,3900.0,45318.0,11.62
2026-08-20,605098.SH,500.0,27760.0,55.52
2026-08-20,605377.SH,3300.0,29304.0,8.88
2026-08-21,600368.SH,13000.0,52260.0,4.02
2026-08-21,601886.SH,4700.0,61523.0,13.09
2026-08-21,601928.SH,6700.0,58893.0,8.79
2026-08-21,603368.SH,3000.0,47640.0,15.88
2026-08-21,603700.SH,3900.0,44538.0,11.42
2026-08-21,605098.SH,500.0,27500.0,55.0
2026-08-21,605377.SH,3300.0,29271.0,8.87
2026-08-24,600368.SH,13000.0,52780.0,4.06
2026-08-24,601886.SH,4700.0,62181.0,13.23
2026-08-24,601928.SH,6700.0,59027.0,8.81
2026-08-24,603368.SH,3000.0,47220.0,15.74
2026-08-24,603700.SH,3900.0,44226.0,11.34
2026-08-24,605098.SH,500.0,27790.0,55.58
2026-08-24,605377.SH,3300.0,29469.0,8.93
2026-08-25,600368.SH,13000.0,53820.0,4.14
2026-08-25,601886.SH,4700.0,62839.0,13.37
2026-08-25,601928.SH,6700.0,59027.0,8.81
2026-08-25,603368.SH,3000.0,47610.0,15.87
2026-08-25,603700.SH,3900.0,46215.0,11.85
2026-08-25,605098.SH,500.0,28425.0,56.85
2026-08-25,605377.SH,3300.0,29205.0,8.85
2026-08-26,600368.SH,13000.0,55640.0,4.28
2026-08-26,601886.SH,4700.0,61006.0,12.98
2026-08-26,601928.SH,6700.0,57687.0,8.61
2026-08-26,603368.SH,3000.0,47700.0,15.9
2026-08-26,603700.SH,3900.0,47229.0,12.11
2026-08-26,605098.SH,500.0,28010.0,56.02
2026-08-26,605377.SH,3300.0,28479.0,8.63
2026-08-27,600368.SH,13000.0,55250.0,4.25
2026-08-27,601886.SH,4700.0,62604.0,13.32
2026-08-27,601928.SH,6700.0,56615.0,8.45
2026-08-27,603368.SH,3000.0,47940.0,15.98
2026-08-27,603700.SH,3900.0,45084.0,11.56
2026-08-27,605098.SH,500.0,27990.0,55.98
2026-08-27,605377.SH,3300.0,26928.0,8.16
2026-08-28,600368.SH,13000.0,57330.0,4.41
2026-08-28,601886.SH,4700.0,60677.0,12.91
2026-08-28,601928.SH,6700.0,56749.0,8.47
2026-08-28,603368.SH,3000.0,47760.0,15.92
2026-08-28,603700.SH,3900.0,44928.0,11.52
2026-08-28,605098.SH,500.0,28275.0,56.55
2026-08-28,605377.SH,3300.0,26994.0,8.18
2026-08-31,600368.SH,13000.0,56420.0,4.34
2026-08-31,601886.SH,4700.0,64437.0,13.71
2026-08-31,601928.SH,6700.0,57821.0,8.63
2026-08-31,603368.SH,3000.0,47310.0,15.77
2026-08-31,603700.SH,3900.0,46410.0,11.9
2026-08-31,605098.SH,500.0,27950.0,55.9
2026-08-31,605377.SH,3300.0,27522.0,8.34
2026-09-01,600368.SH,13000.0,57330.0,4.41
2026-09-01,601886.SH,4700.0,63497.0,13.51
2026-09-01,601928.SH,6700.0,57553.0,8.59
2026-09-01,603368.SH,3000.0,47640.0,15.88
2026-09-01,603700.SH,3900.0,46215.0,11.85
2026-09-01,605098.SH,500.0,28735.0,57.47
2026-09-01,605377.SH,3300.0,27357.0,8.29
2026-09-02,600368.SH,13000.0,56680.0,4.36
2026-09-02,601886.SH,4700.0,61241.0,13.03
2026-09-02,601928.SH,6700.0,56146.0,8.38
2026-09-02,603368.SH,3000.0,46860.0,15.62
2026-09-02,603700.SH,3900.0,45708.0,11.72
2026-09-02,605098.SH,500.0,27905.0,55.81
2026-09-02,605377.SH,3300.0,26928.0,8.16
2026-09-03,600368.SH,13000.0,55900.0,4.3
2026-09-03,601886.SH,4700.0,63027.0,13.41
2026-09-03,601928.SH,6700.0,56146.0,8.38
2026-09-03,603368.SH,3000.0,46890.0,15.63
2026-09-03,603700.SH,3900.0,45006.0,11.54
2026-09-03,605098.SH,500.0,28125.0,56.25
2026-09-03,605377.SH,3300.0,26895.0,8.15
2026-09-04,600368.SH,13000.0,56420.0,4.34
2026-09-04,601886.SH,4700.0,63262.0,13.46
2026-09-04,601928.SH,6700.0,57955.0,8.65
2026-09-04,603368.SH,3000.0,47040.0,15.68
2026-09-04,603700.SH,3900.0,45318.0,11.62
2026-09-04,605098.SH,500.0,28590.0,57.18
2026-09-04,605377.SH,3300.0,26928.0,8.16
2026-09-07,600368.SH,13000.0,56680.0,4.36
2026-09-07,601886.SH,4700.0,64625.0,13.75
2026-09-07,601928.SH,6700.0,58826.0,8.78
2026-09-07,603368.SH,3000.0,47340.0,15.78
2026-09-07,603700.SH,3900.0,47736.0,12.24
2026-09-07,605098.SH,500.0,27185.0,54.37
2026-09-07,605377.SH,3300.0,26994.0,8.18
2026-09-08,600368.SH,13000.0,56810.0,4.37
2026-09-08,601886.SH,4700.0,63027.0,13.41
2026-09-08,601928.SH,6700.0,59496.0,8.88
2026-09-08,603368.SH,3000.0,47640.0,15.88
2026-09-08,603700.SH,3900.0,47931.0,12.29
2026-09-08,605098.SH,500.0,27650.0,55.3
2026-09-08,605377.SH,3300.0,27126.0,8.22
2026-09-09,600368.SH,13000.0,57330.0,4.41
2026-09-09,601886.SH,4700.0,62980.0,13.4
2026-09-09,601928.SH,6700.0,57553.0,8.59
2026-09-09,603368.SH,3000.0,47610.0,15.87
2026-09-09,603700.SH,3900.0,47112.0,12.08
2026-09-09,605098.SH,500.0,27635.0,55.27
2026-09-09,605377.SH,3300.0,26631.0,8.07
2026-09-10,600368.SH,13000.0,56810.0,4.37
2026-09-10,601886.SH,4700.0,60912.0,12.96
2026-09-10,601928.SH,6700.0,57017.0,8.51
2026-09-10,603368.SH,3000.0,46830.0,15.61
2026-09-10,603700.SH,3900.0,46332.0,11.88
2026-09-10,605098.SH,500.0,27350.0,54.7
2026-09-10,605377.SH,3300.0,26268.0,7.96
2026-09-11,600368.SH,13000.0,55900.0,4.3
2026-09-11,601886.SH,4700.0,59549.0,12.67
2026-09-11,601928.SH,6700.0,56682.0,8.46
2026-09-11,603368.SH,3000.0,45690.0,15.23
2026-09-11,603700.SH,3900.0,45474.0,11.66
2026-09-11,605098.SH,500.0,27275.0,54.55
2026-09-11,605377.SH,3300.0,26268.0,7.96
2026-09-14,600368.SH,13000.0,56290.0,4.33
2026-09-14,601886.SH,4700.0,63262.0,13.46
2026-09-14,601928.SH,6700.0,57151.0,8.53
2026-09-14,603368.SH,3000.0,46080.0,15.36
2026-09-14,603700.SH,3900.0,45201.0,11.59
2026-09-14,605098.SH,500.0,27750.0,55.5
2026-09-14,605377.SH,3300.0,26598.0,8.06
2026-09-15,600368.SH,13000.0,55250.0,4.25
2026-09-15,601886.SH,4700.0,61523.0,13.09
2026-09-15,601928.SH,6700.0,56615.0,8.45
2026-09-15,603368.SH,3000.0,45720.0,15.24
2026-09-15,603700.SH,3900.0,42900.0,11.0
2026-09-15,605098.SH,500.0,27420.0,54.84
2026-09-15,605377.SH,3300.0,26103.0,7.91
2026-09-16,600368.SH,13000.0,53820.0,4.14
2026-09-16,601886.SH,4700.0,61711.0,13.13
2026-09-16,601928.SH,6700.0,55610.0,8.3
2026-09-16,603368.SH,3000.0,45780.0,15.26
2026-09-16,603700.SH,3900.0,42978.0,11.02
2026-09-16,605098.SH,500.0,27345.0,54.69
2026-09-16,605377.SH,3300.0,26400.0,8.0
2026-09-17,600368.SH,13000.0,53690.0,4.13
2026-09-17,601886.SH,4700.0,63121.0,13.43
2026-09-17,601928.SH,6700.0,55342.0,8.26
2026-09-17,603368.SH,3000.0,45840.0,15.28
2026-09-17,603700.SH,3900.0,43875.0,11.25
2026-09-17,605098.SH,500.0,27645.0,55.29
2026-09-17,605377.SH,3300.0,26730.0,8.1
2026-09-18,600368.SH,13000.0,53300.0,4.1
2026-09-18,601886.SH,4700.0,64202.0,13.66
2026-09-18,601928.SH,6700.0,55275.0,8.25
2026-09-18,603368.SH,3000.0,46110.0,15.37
2026-09-18,603700.SH,3900.0,43641.0,11.19
2026-09-18,605098.SH,500.0,26855.0,53.71
2026-09-18,605377.SH,3300.0,26730.0,8.1
